order_id,order_ts,order_dt_local,customer_id,store_id,channel,payment_method,coupon_code,shipping_fee,currency
100,2024-01-27T11:05:35,2024-01-27,887,71,Retail,Afterpay,COUPON0-0-,10.3,AUD
206,2024-01-27T12:53:11,2024-01-27,896,148,Retail,PayPal,COUPONA0Z-,15.04,AUD
245,2024-01-27T15:56:12,2024-01-27,854,120,Retail,Credit Card,COUPON-Z90,17.82,AUD
271,2024-01-27T20:25:56,2024-01-27,874,139,Online,Afterpay,COUPON-0-9,13.99,AUD
454,2024-01-27T07:57:07,2024-01-27,800,87,Retail,Afterpay,COUPON090A,2.21,AUD
467,2024-01-27T23:24:39,2024-01-27,801,113,Online,Credit Card,COUPON-90Z,8.52,AUD
689,2024-01-27T21:25:45,2024-01-27,818,52,Retail,Afterpay,COUPON-0ZZ,0.65,AUD
755,2024-01-27T01:44:06,2024-01-27,801,76,Online,PayPal,COUPON--0-,0.21,AUD
839,2024-01-27T19:47:31,2024-01-27,889,51,Online,PayPal,COUPON-0--,10.89,AUD
858,2024-01-27T16:38:24,2024-01-27,835,75,Retail,PayPal,COUPON9A-9,8.07,AUD
864,2024-01-27T01:28:10,2024-01-27,885,67,Retail,PayPal,COUPONZ-0-,12.61,AUD
896,2024-01-27T14:13:13,2024-01-27,867,79,Retail,Afterpay,COUPON-ZA9,7.35,AUD
942,2024-01-27T13:50:29,2024-01-27,885,98,Online,Credit Card,COUPONZ9-0,13.66,AUD
943,2024-01-27T10:22:46,2024-01-27,864,107,Online,PayPal,COUPONA0-9,11.29,AUD
1015,2024-01-27T11:14:08,2024-01-27,811,112,Online,PayPal,COUPON--ZA,19.97,AUD
1129,2024-01-27T13:27:19,2024-01-27,830,136,Retail,Credit Card,COUPON-0A-,4.26,AUD
1328,2024-01-27T06:06:24,2024-01-27,814,98,Online,Afterpay,COUPON-9AZ,13.63,AUD
1415,2024-01-27T03:55:45,2024-01-27,896,127,Retail,Credit Card,COUPON00--,11.41,AUD
1467,2024-01-27T20:15:42,2024-01-27,844,133,Online,PayPal,COUPON90-0,9.39,AUD
1526,2024-01-27T18:37:52,2024-01-27,870,130,Online,Credit Card,COUPON0090,9.74,AUD
1706,2024-01-27T09:52:31,2024-01-27,897,138,Retail,Credit Card,COUPON9A9A,6.06,AUD
1742,2024-01-27T04:09:13,2024-01-27,824,82,Retail,Afterpay,COUPON0-0A,1.14,AUD
1837,2024-01-27T21:56:41,2024-01-27,806,98,Online,Credit Card,COUPONA00-,7.34,AUD
1838,2024-01-27T17:22:25,2024-01-27,826,128,Retail,PayPal,COUPON9-Z-,12.31,AUD
2031,2024-01-27T05:53:33,2024-01-27,875,87,Online,Credit Card,COUPON-AZ9,4.46,AUD
2173,2024-01-27T03:58:32,2024-01-27,866,138,Retail,Afterpay,COUPON--AZ,4.84,AUD
2323,2024-01-27T02:14:27,2024-01-27,858,82,Online,Afterpay,COUPONZA--,9.18,AUD
2408,2024-01-27T03:47:05,2024-01-27,858,91,Online,Credit Card,COUPON--Z-,0.63,AUD
2494,2024-01-27T09:22:23,2024-01-27,804,78,Retail,Credit Card,COUPON09-9,16.79,AUD
2722,2024-01-27T11:55:09,2024-01-27,818,71,Online,PayPal,COUPONZ-9Z,15.15,AUD
2952,2024-01-27T13:09:26,2024-01-27,826,60,Retail,PayPal,COUPON-09-,4.94,AUD
3046,2024-01-27T22:55:53,2024-01-27,811,84,Online,Afterpay,COUPONA9A-,3.51,AUD
3060,2024-01-27T16:08:21,2024-01-27,812,98,Retail,PayPal,COUPONA99A,4.73,AUD
3094,2024-01-27T03:50:19,2024-01-27,831,106,Retail,Afterpay,COUPON-Z9-,4.4,AUD
3108,2024-01-27T17:21:08,2024-01-27,881,82,Retail,Credit Card,COUPONA909,11.74,AUD
3189,2024-01-27T02:58:20,2024-01-27,856,67,Retail,Credit Card,COUPON0Z99,14.74,AUD
3531,2024-01-27T02:54:41,2024-01-27,860,101,Online,Afterpay,COUPONA9-A,13.18,AUD
3623,2024-01-27T01:51:45,2024-01-27,800,130,Online,Credit Card,COUPONZ-9Z,8.81,AUD
3744,2024-01-27T04:08:58,2024-01-27,855,138,Online,PayPal,COUPONZA9A,19.99,AUD
3756,2024-01-27T04:17:30,2024-01-27,806,141,Retail,Credit Card,COUPONZ9A-,18.19,AUD
3897,2024-01-27T03:48:04,2024-01-27,814,81,Online,Afterpay,COUPON-0A-,12.51,AUD
3955,2024-01-27T12:12:19,2024-01-27,897,120,Online,PayPal,COUPON9-A9,2.26,AUD
4079,2024-01-27T23:21:33,2024-01-27,851,77,Retail,Afterpay,COUPON0-0-,15.63,AUD
4080,2024-01-27T05:36:29,2024-01-27,823,142,Retail,PayPal,COUPON0--Z,0.2,AUD
4166,2024-01-27T19:21:55,2024-01-27,886,80,Retail,Credit Card,COUPONA-A-,8.03,AUD
4604,2024-01-27T18:36:02,2024-01-27,817,54,Retail,PayPal,COUPONAZ--,7.03,AUD
4625,2024-01-27T13:21:47,2024-01-27,890,128,Retail,PayPal,COUPON90-0,4.84,AUD
4701,2024-01-27T19:05:24,2024-01-27,873,82,Retail,PayPal,COUPONZZ-9,13.32,AUD
4821,2024-01-27T22:49:36,2024-01-27,864,98,Online,Afterpay,COUPON-0ZZ,13.48,AUD
4947,2024-01-27T05:31:54,2024-01-27,871,139,Retail,Afterpay,COUPON--ZA,9.45,AUD
5331,2024-01-27T11:16:54,2024-01-27,819,71,Online,Afterpay,COUPONAZ-9,11.47,AUD
5410,2024-01-27T07:29:22,2024-01-27,876,147,Online,Credit Card,COUPONZ9A0,0.76,AUD
5506,2024-01-27T16:58:45,2024-01-27,846,101,Online,Afterpay,COUPON--AZ,18.45,AUD
5746,2024-01-27T13:37:52,2024-01-27,840,146,Online,Afterpay,COUPONZ--0,17.63,AUD
5756,2024-01-27T04:47:02,2024-01-27,821,135,Online,Credit Card,COUPON--ZZ,3.37,AUD
5887,2024-01-27T02:19:10,2024-01-27,817,139,Online,PayPal,COUPON09--,0.95,AUD
5891,2024-01-27T23:01:34,2024-01-27,878,91,Online,PayPal,COUPONZ9ZA,13.66,AUD
5901,2024-01-27T19:52:19,2024-01-27,827,56,Retail,Afterpay,COUPON---Z,4.97,AUD
5929,2024-01-27T05:22:48,2024-01-27,809,95,Retail,Afterpay,COUPON-090,16.69,AUD
6105,2024-01-27T22:47:31,2024-01-27,892,100,Retail,PayPal,COUPON--9-,10.36,AUD
6142,2024-01-27T20:18:40,2024-01-27,894,103,Online,PayPal,COUPONAA90,12.75,AUD
6479,2024-01-27T13:42:48,2024-01-27,842,104,Retail,PayPal,COUPON-9Z-,4.86,AUD
6587,2024-01-27T19:16:03,2024-01-27,860,57,Retail,Credit Card,COUPONA-Z-,8.92,AUD
6590,2024-01-27T08:30:53,2024-01-27,801,61,Online,Credit Card,COUPONAZZA,3.38,AUD
6725,2024-01-27T00:50:47,2024-01-27,858,86,Online,PayPal,COUPON---9,6.85,AUD
6784,2024-01-27T07:23:33,2024-01-27,831,60,Retail,Afterpay,COUPON----,13.98,AUD
6938,2024-01-27T20:40:56,2024-01-27,838,76,Retail,PayPal,COUPON9-Z9,8.55,AUD
7070,2024-01-27T02:48:11,2024-01-27,822,138,Online,Credit Card,COUPON-A--,2.72,AUD
7104,2024-01-27T18:41:39,2024-01-27,852,76,Retail,PayPal,COUPON0Z0Z,0.2,AUD
7112,2024-01-27T06:00:29,2024-01-27,872,82,Online,Afterpay,COUPON9A0Z,2.28,AUD
7134,2024-01-27T10:46:06,2024-01-27,809,92,Online,PayPal,COUPONZ9AA,9.55,AUD
7222,2024-01-27T19:55:44,2024-01-27,871,66,Retail,Afterpay,COUPON-990,9.43,AUD
7230,2024-01-27T01:10:32,2024-01-27,875,50,Online,Credit Card,COUPONA9-Z,14.17,AUD
7299,2024-01-27T15:29:22,2024-01-27,857,123,Retail,Credit Card,COUPONAA--,19.06,AUD
7356,2024-01-27T15:46:13,2024-01-27,895,98,Retail,Credit Card,COUPON9AAZ,11.06,AUD
7370,2024-01-27T08:52:19,2024-01-27,853,108,Online,Credit Card,COUPON9-A0,3.38,AUD
7736,2024-01-27T14:39:16,2024-01-27,875,57,Online,Credit Card,COUPONA0-0,18.72,AUD
7795,2024-01-27T17:39:54,2024-01-27,816,61,Retail,PayPal,COUPON9A9-,17.47,AUD
7950,2024-01-27T21:02:56,2024-01-27,888,100,Retail,Credit Card,COUPON09Z-,1.68,AUD
8017,2024-01-27T10:52:13,2024-01-27,849,110,Online,PayPal,COUPON9--A,11.03,AUD
8084,2024-01-27T02:31:23,2024-01-27,829,60,Online,PayPal,COUPON-00-,17.99,AUD
8086,2024-01-27T03:01:28,2024-01-27,841,60,Online,Credit Card,COUPON90A0,4.43,AUD
8425,2024-01-27T23:51:14,2024-01-27,881,147,Retail,Credit Card,COUPONZ--0,14.68,AUD
8459,2024-01-27T11:19:11,2024-01-27,896,131,Retail,Afterpay,COUPON9-0A,18.34,AUD
8519,2024-01-27T17:14:17,2024-01-27,899,87,Retail,Credit Card,COUPON-9Z0,0.1,AUD
8626,2024-01-27T19:23:27,2024-01-27,835,85,Retail,Credit Card,COUPON9099,12.91,AUD
8779,2024-01-27T07:54:49,2024-01-27,851,75,Online,PayPal,COUPONZ9-A,18.13,AUD
8787,2024-01-27T07:14:24,2024-01-27,834,74,Retail,PayPal,COUPONA--Z,0.03,AUD
8801,2024-01-27T06:59:45,2024-01-27,889,149,Online,Credit Card,COUPON-9--,8.72,AUD
9027,2024-01-27T01:57:46,2024-01-27,874,50,Retail,Credit Card,COUPON9---,13.34,AUD
9189,2024-01-27T13:16:51,2024-01-27,812,127,Retail,Credit Card,COUPON0A0-,8.03,AUD
9197,2024-01-27T06:05:56,2024-01-27,834,73,Retail,Afterpay,COUPONAZ0-,6.38,AUD
9324,2024-01-27T07:13:37,2024-01-27,870,148,Online,Afterpay,COUPON-9-9,0.77,AUD
9560,2024-01-27T19:50:32,2024-01-27,876,94,Retail,PayPal,COUPON9-90,16.98,AUD
9618,2024-01-27T04:26:19,2024-01-27,869,81,Online,PayPal,COUPONA-99,4.04,AUD
9702,2024-01-27T15:27:43,2024-01-27,896,96,Online,Credit Card,COUPON9-09,0.92,AUD
9955,2024-01-27T08:40:17,2024-01-27,815,137,Retail,Afterpay,COUPONA000,18.13,AUD
9997,2024-01-27T13:09:59,2024-01-27,891,98,Retail,Credit Card,COUPON-0Z-,3.89,AUD
10059,2024-01-27T22:12:00,2024-01-27,373,8,Online,PayPal,COUPON0-09,8.64,AUD
10271,2024-01-27T09:50:15,2024-01-27,792,6,Retail,Afterpay,COUPON9---,1.39,AUD
10380,2024-01-27T19:51:57,2024-01-27,664,4,Retail,Credit Card,COUPON0ZA9,8.54,AUD
10416,2024-01-27T18:41:57,2024-01-27,108,49,Online,PayPal,COUPON9-A-,16.59,AUD
10567,2024-01-27T08:50:47,2024-01-27,26,14,Online,PayPal,COUPONZAAZ,10.73,AUD
10689,2024-01-27T06:38:26,2024-01-27,446,21,Retail,PayPal,COUPONZ999,16.95,AUD
10705,2024-01-27T04:23:15,2024-01-27,481,24,Online,PayPal,COUPON90--,16.51,AUD
10846,2024-01-27T06:20:23,2024-01-27,493,36,Retail,Afterpay,COUPON--9Z,6.26,AUD
10934,2024-01-27T11:36:51,2024-01-27,610,21,Retail,Afterpay,COUPON9A-Z,9.05,AUD
11044,2024-01-27T00:00:05,2024-01-27,200,40,Online,Afterpay,COUPON9Z--,12.44,AUD
11171,2024-01-27T02:50:11,2024-01-27,227,29,Retail,PayPal,COUPONA0--,3.49,AUD
11179,2024-01-27T16:52:13,2024-01-27,158,15,Online,PayPal,COUPON0009,12.17,AUD
11282,2024-01-27T18:49:31,2024-01-27,249,31,Online,PayPal,COUPON-9Z-,6.78,AUD
11284,2024-01-27T05:21:04,2024-01-27,63,46,Retail,Afterpay,COUPON0A0-,2.82,AUD
11310,2024-01-27T11:58:26,2024-01-27,707,20,Retail,Credit Card,COUPON9A09,10.1,AUD
11407,2024-01-27T05:01:49,2024-01-27,346,33,Online,Afterpay,COUPONZ---,1.14,AUD
11545,2024-01-27T19:51:10,2024-01-27,671,18,Online,PayPal,COUPON-A00,9.8,AUD
11608,2024-01-27T13:10:42,2024-01-27,224,2,Online,PayPal,COUPON99--,3.49,AUD
11630,2024-01-27T18:03:19,2024-01-27,434,6,Retail,Credit Card,COUPONA---,15.57,AUD
11685,2024-01-27T03:42:57,2024-01-27,459,29,Online,PayPal,COUPON-0--,1.07,AUD
11808,2024-01-27T00:10:28,2024-01-27,604,37,Online,PayPal,COUPON-0--,14.4,AUD
12025,2024-01-27T07:57:55,2024-01-27,732,32,Retail,PayPal,COUPONZZZ0,1.41,AUD
12035,2024-01-27T00:42:09,2024-01-27,162,10,Retail,PayPal,COUPON0Z0A,15.83,AUD
12325,2024-01-27T04:42:49,2024-01-27,106,28,Retail,Afterpay,COUPONZ--9,9.09,AUD
12393,2024-01-27T19:04:03,2024-01-27,589,24,Retail,Afterpay,COUPONAAZZ,2.39,AUD
12405,2024-01-27T07:44:18,2024-01-27,196,45,Retail,Credit Card,COUPON9-9Z,17.65,AUD
12548,2024-01-27T10:14:46,2024-01-27,762,24,Retail,PayPal,COUPONZ0A0,16.99,AUD
12551,2024-01-27T21:14:43,2024-01-27,773,28,Online,Credit Card,COUPON0-Z-,1.52,AUD
12566,2024-01-27T06:33:08,2024-01-27,515,26,Online,PayPal,COUPON-ZZ-,15.58,AUD
12648,2024-01-27T15:10:29,2024-01-27,667,5,Retail,Credit Card,COUPON99-0,12.25,AUD
12721,2024-01-27T06:05:07,2024-01-27,101,46,Online,Afterpay,COUPONZ-A-,12.37,AUD
12738,2024-01-27T03:31:52,2024-01-27,227,3,Online,Credit Card,COUPON-0-9,9.98,AUD
12796,2024-01-27T22:33:36,2024-01-27,343,26,Retail,Afterpay,COUPON-A--,12.44,AUD
12862,2024-01-27T17:06:00,2024-01-27,678,28,Retail,Afterpay,COUPON--AZ,14.88,AUD
13041,2024-01-27T21:53:33,2024-01-27,102,4,Retail,Afterpay,COUPON-0-0,10.92,AUD
13063,2024-01-27T04:43:28,2024-01-27,527,39,Retail,Afterpay,COUPONZ09A,5.86,AUD
13163,2024-01-27T08:58:15,2024-01-27,787,15,Retail,PayPal,COUPON9ZAA,7.56,AUD
13237,2024-01-27T04:24:50,2024-01-27,69,41,Retail,Afterpay,COUPON0-9Z,7.5,AUD
13355,2024-01-27T01:11:55,2024-01-27,309,49,Retail,Afterpay,COUPONZAZZ,5.12,AUD
13458,2024-01-27T11:10:16,2024-01-27,109,27,Retail,Credit Card,COUPONZ0-9,15.62,AUD
13509,2024-01-27T09:27:39,2024-01-27,479,3,Retail,Credit Card,COUPONZ0-Z,1.97,AUD
13748,2024-01-27T01:38:52,2024-01-27,691,31,Online,Credit Card,COUPONAZ--,12.66,AUD
13778,2024-01-27T06:46:24,2024-01-27,486,44,Retail,Credit Card,COUPON-Z0-,16.0,AUD
13809,2024-01-27T01:27:54,2024-01-27,383,26,Online,Credit Card,COUPON9Z-0,10.42,AUD
13844,2024-01-27T01:00:20,2024-01-27,622,28,Online,Afterpay,COUPON-AZ0,3.15,AUD
13894,2024-01-27T10:01:44,2024-01-27,459,11,Online,PayPal,COUPON-90A,13.04,AUD
13997,2024-01-27T19:51:05,2024-01-27,664,30,Retail,PayPal,COUPON0-9A,15.22,AUD
14011,2024-01-27T00:21:35,2024-01-27,680,35,Retail,PayPal,COUPON00--,0.14,AUD
14060,2024-01-27T12:07:28,2024-01-27,5,12,Online,Credit Card,COUPON--0-,13.79,AUD
14079,2024-01-27T16:23:21,2024-01-27,91,37,Retail,Afterpay,COUPON9-99,0.15,AUD
14242,2024-01-27T14:40:05,2024-01-27,24,10,Retail,Credit Card,COUPONZ-ZA,6.11,AUD
14326,2024-01-27T11:56:19,2024-01-27,702,16,Online,Afterpay,COUPON-99-,4.66,AUD
14379,2024-01-27T07:41:10,2024-01-27,710,23,Online,PayPal,COUPONA0--,4.23,AUD
14407,2024-01-27T06:57:00,2024-01-27,132,31,Retail,PayPal,COUPON----,3.21,AUD
14580,2024-01-27T14:36:20,2024-01-27,165,40,Online,PayPal,COUPONAZ09,18.02,AUD
14588,2024-01-27T16:23:33,2024-01-27,359,21,Retail,PayPal,COUPONA-ZZ,7.58,AUD
14647,2024-01-27T10:01:44,2024-01-27,799,38,Retail,PayPal,COUPON-Z09,9.15,AUD
14706,2024-01-27T04:33:41,2024-01-27,544,2,Online,PayPal,COUPON00AZ,6.09,AUD
15011,2024-01-27T11:06:49,2024-01-27,286,41,Retail,Afterpay,COUPONZ-0-,9.73,AUD
15190,2024-01-27T10:16:11,2024-01-27,172,16,Retail,Credit Card,COUPON-909,19.56,AUD
15199,2024-01-27T17:46:46,2024-01-27,595,45,Retail,Credit Card,COUPON-9-0,5.22,AUD
15209,2024-01-27T20:46:00,2024-01-27,89,39,Online,Afterpay,COUPON--09,11.87,AUD
15221,2024-01-27T01:55:02,2024-01-27,616,30,Online,PayPal,COUPON--A-,3.89,AUD
15286,2024-01-27T00:58:45,2024-01-27,369,10,Online,PayPal,COUPON9ZZ-,8.37,AUD
15430,2024-01-27T08:59:26,2024-01-27,415,31,Retail,Credit Card,COUPONAZ9Z,7.4,AUD
15450,2024-01-27T03:21:04,2024-01-27,718,8,Online,Afterpay,COUPONZ9-9,16.96,AUD
15569,2024-01-27T14:32:49,2024-01-27,702,36,Online,PayPal,COUPONZA--,0.61,AUD
15602,2024-01-27T20:35:01,2024-01-27,76,22,Online,Afterpay,COUPONA--9,18.59,AUD
15919,2024-01-27T21:34:24,2024-01-27,130,34,Online,Credit Card,COUPON9AA0,17.68,AUD
16136,2024-01-27T15:39:49,2024-01-27,645,18,Online,PayPal,COUPONA0-A,2.28,AUD
16252,2024-01-27T14:55:19,2024-01-27,207,22,Online,Credit Card,COUPON-AAZ,14.74,AUD
16286,2024-01-27T19:53:51,2024-01-27,669,19,Online,Credit Card,COUPON-A9A,16.55,AUD
16331,2024-01-27T23:31:01,2024-01-27,439,38,Online,Credit Card,COUPON--AZ,10.77,AUD
16496,2024-01-27T00:06:40,2024-01-27,472,39,Retail,Afterpay,COUPON9-A9,5.79,AUD
16711,2024-01-27T08:01:18,2024-01-27,788,1,Retail,Credit Card,COUPON----,2.56,AUD
16797,2024-01-27T01:35:59,2024-01-27,663,34,Online,Credit Card,COUPONA-9-,13.25,AUD
16992,2024-01-27T21:40:04,2024-01-27,713,5,Online,Credit Card,COUPON--0-,4.56,AUD
17048,2024-01-27T18:23:26,2024-01-27,762,20,Retail,Credit Card,COUPON09Z-,17.11,AUD
17084,2024-01-27T05:28:45,2024-01-27,82,16,Online,Credit Card,COUPON99A-,3.96,AUD
17205,2024-01-27T06:21:58,2024-01-27,695,12,Retail,Afterpay,COUPON-Z9-,7.95,AUD
17224,2024-01-27T19:45:27,2024-01-27,656,35,Online,Afterpay,COUPON09ZA,5.05,AUD
17289,2024-01-27T17:51:32,2024-01-27,539,43,Online,PayPal,COUPONZZ09,0.37,AUD
17316,2024-01-27T22:49:35,2024-01-27,284,11,Retail,Afterpay,COUPONZA-A,13.23,AUD
17484,2024-01-27T00:41:10,2024-01-27,255,3,Retail,Credit Card,COUPON9Z--,1.25,AUD
17617,2024-01-27T19:33:46,2024-01-27,379,12,Online,Afterpay,COUPON9-A-,1.76,AUD
17740,2024-01-27T11:36:49,2024-01-27,574,36,Online,PayPal,COUPONZAZ9,7.18,AUD
17817,2024-01-27T00:51:46,2024-01-27,61,45,Online,Credit Card,COUPONAZ--,9.72,AUD
17862,2024-01-27T18:28:20,2024-01-27,767,28,Retail,Credit Card,COUPONAZAZ,6.95,AUD
17906,2024-01-27T01:44:58,2024-01-27,695,22,Online,Credit Card,COUPON909-,0.35,AUD
18052,2024-01-27T15:02:51,2024-01-27,399,44,Retail,PayPal,COUPON00AZ,16.53,AUD
18131,2024-01-27T01:44:06,2024-01-27,672,41,Retail,Afterpay,COUPONZ9-0,14.25,AUD
18428,2024-01-27T11:58:03,2024-01-27,324,31,Retail,Afterpay,COUPON--Z-,8.59,AUD
18537,2024-01-27T08:42:14,2024-01-27,385,13,Retail,Afterpay,COUPON9---,17.08,AUD
18548,2024-01-27T00:32:27,2024-01-27,720,48,Online,Afterpay,COUPON-A9A,4.02,AUD
18556,2024-01-27T09:42:11,2024-01-27,736,2,Online,Credit Card,COUPON-9-A,7.93,AUD
18600,2024-01-27T16:49:17,2024-01-27,586,31,Online,PayPal,COUPON--A-,12.76,AUD
18631,2024-01-27T09:13:47,2024-01-27,582,24,Online,Credit Card,COUPON0-99,16.37,AUD
18661,2024-01-27T06:23:07,2024-01-27,119,31,Retail,Afterpay,COUPON-9ZZ,11.08,AUD
18680,2024-01-27T18:19:45,2024-01-27,371,19,Online,Afterpay,COUPON--ZA,12.21,AUD
18726,2024-01-27T23:16:50,2024-01-27,83,45,Online,PayPal,COUPONZ-9Z,14.99,AUD
18928,2024-01-27T14:00:58,2024-01-27,653,44,Online,PayPal,COUPONZZ90,18.36,AUD
18935,2024-01-27T05:57:49,2024-01-27,456,42,Retail,Credit Card,COUPONZA-0,11.59,AUD
19013,2024-01-27T19:53:36,2024-01-27,281,26,Online,Credit Card,COUPON0A0A,8.89,AUD
19210,2024-01-27T02:45:57,2024-01-27,171,36,Online,Credit Card,COUPONAZA-,8.44,AUD
19228,2024-01-27T23:22:30,2024-01-27,325,18,Retail,PayPal,COUPON-AZ-,1.8,AUD
19259,2024-01-27T18:08:27,2024-01-27,388,4,Online,Afterpay,COUPON-Z-0,19.04,AUD
19293,2024-01-27T21:15:38,2024-01-27,200,13,Retail,PayPal,COUPONA090,5.86,AUD
19350,2024-01-27T21:33:40,2024-01-27,474,39,Retail,Credit Card,COUPONA---,1.5,AUD
19429,2024-01-27T15:55:05,2024-01-27,767,13,Retail,Credit Card,COUPONZ0-9,15.99,AUD
19448,2024-01-27T07:14:23,2024-01-27,477,7,Online,Afterpay,COUPON-Z-Z,19.28,AUD
19534,2024-01-27T01:45:01,2024-01-27,798,27,Online,PayPal,COUPON0AZ-,0.79,AUD
19701,2024-01-27T18:51:16,2024-01-27,386,34,Online,Credit Card,COUPONZ9--,0.2,AUD
19702,2024-01-27T02:53:30,2024-01-27,262,49,Retail,Credit Card,COUPON--ZZ,16.33,AUD
19717,2024-01-27T22:24:57,2024-01-27,46,2,Retail,Afterpay,COUPONA---,12.02,AUD
19858,2024-01-27T15:47:43,2024-01-27,454,40,Retail,PayPal,COUPON0---,1.27,AUD
20023,2024-01-27T11:45:53,2024-01-27,277,8,Online,Afterpay,COUPONA--0,6.92,AUD
20065,2024-01-27T13:25:00,2024-01-27,567,6,Online,PayPal,COUPON---9,9.08,AUD
20123,2024-01-27T07:04:26,2024-01-27,500,17,Retail,Afterpay,COUPON0Z--,17.3,AUD
20148,2024-01-27T10:48:22,2024-01-27,149,15,Online,PayPal,COUPONZ-0-,13.25,AUD
20227,2024-01-27T03:03:56,2024-01-27,254,22,Retail,Afterpay,COUPONA9ZZ,13.15,AUD
20441,2024-01-27T09:46:23,2024-01-27,735,15,Retail,Credit Card,COUPONA-A-,2.78,AUD
20479,2024-01-27T14:37:27,2024-01-27,595,38,Retail,Credit Card,COUPON--Z-,8.72,AUD
20493,2024-01-27T18:51:45,2024-01-27,436,34,Retail,Afterpay,COUPON9Z--,3.7,AUD
20504,2024-01-27T10:08:27,2024-01-27,412,39,Online,Credit Card,COUPONAZ09,7.56,AUD
20544,2024-01-27T16:08:41,2024-01-27,328,39,Online,Credit Card,COUPONA99-,0.0,AUD
20546,2024-01-27T01:52:30,2024-01-27,426,18,Online,PayPal,COUPONA--0,17.34,AUD
20649,2024-01-27T21:09:15,2024-01-27,441,36,Retail,Afterpay,COUPON0Z--,1.15,AUD
20661,2024-01-27T13:32:02,2024-01-27,276,18,Online,PayPal,COUPON---A,10.97,AUD
20682,2024-01-27T01:06:49,2024-01-27,66,22,Retail,PayPal,COUPON-AA0,9.61,AUD
20756,2024-01-27T01:44:52,2024-01-27,528,23,Online,Afterpay,COUPONAZ09,6.02,AUD
20914,2024-01-27T13:08:57,2024-01-27,103,17,Retail,Afterpay,COUPON0Z-9,19.93,AUD
20992,2024-01-27T23:51:58,2024-01-27,92,33,Retail,Credit Card,COUPONA9-9,4.61,AUD
21049,2024-01-27T17:30:19,2024-01-27,76,19,Retail,Credit Card,COUPONA909,19.51,AUD
21098,2024-01-27T11:32:48,2024-01-27,793,11,Online,Credit Card,COUPON0ZZZ,16.47,AUD
21112,2024-01-27T02:54:27,2024-01-27,667,49,Online,Afterpay,COUPON--00,15.68,AUD
21230,2024-01-27T11:00:50,2024-01-27,239,30,Online,Afterpay,COUPON-9A9,3.85,AUD
21279,2024-01-27T21:07:10,2024-01-27,672,26,Retail,PayPal,COUPON--AZ,7.51,AUD
21321,2024-01-27T21:47:23,2024-01-27,111,29,Retail,Afterpay,COUPONZAZZ,5.71,AUD
21482,2024-01-27T13:23:47,2024-01-27,484,34,Retail,PayPal,COUPON09AZ,17.68,AUD
21494,2024-01-27T03:03:20,2024-01-27,608,28,Retail,Credit Card,COUPONA-9A,14.26,AUD
21617,2024-01-27T03:14:29,2024-01-27,145,36,Online,Afterpay,COUPON900-,8.64,AUD
21844,2024-01-27T10:03:23,2024-01-27,706,30,Retail,PayPal,COUPON--A-,6.96,AUD
21988,2024-01-27T07:23:09,2024-01-27,506,11,Retail,Afterpay,COUPON09AZ,1.5,AUD
21995,2024-01-27T00:38:21,2024-01-27,154,38,Online,Credit Card,COUPON-0-A,2.55,AUD
22123,2024-01-27T12:47:56,2024-01-27,543,24,Retail,Afterpay,COUPON-Z--,11.77,AUD
22223,2024-01-27T19:31:41,2024-01-27,592,7,Retail,PayPal,COUPON-A-9,9.72,AUD
22342,2024-01-27T19:24:25,2024-01-27,501,6,Retail,Credit Card,COUPONZ9Z-,14.16,AUD
22505,2024-01-27T08:06:12,2024-01-27,390,3,Retail,PayPal,COUPON9990,13.26,AUD
22604,2024-01-27T13:42:35,2024-01-27,497,11,Retail,PayPal,COUPON0-9Z,10.19,AUD
22735,2024-01-27T20:59:56,2024-01-27,415,8,Retail,PayPal,COUPON9-ZZ,3.19,AUD
22825,2024-01-27T18:11:40,2024-01-27,342,46,Retail,Credit Card,COUPONZ0ZZ,19.17,AUD
22945,2024-01-27T10:14:09,2024-01-27,564,3,Retail,Credit Card,COUPON-Z-A,8.22,AUD
23009,2024-01-27T09:49:39,2024-01-27,592,42,Retail,PayPal,COUPON-A9-,13.95,AUD
23065,2024-01-27T05:07:37,2024-01-27,724,38,Online,Credit Card,COUPON---Z,4.85,AUD
23102,2024-01-27T14:37:33,2024-01-27,179,3,Online,Credit Card,COUPONZAAZ,18.61,AUD
23182,2024-01-27T18:10:51,2024-01-27,299,45,Online,Credit Card,COUPON--AA,4.73,AUD
23287,2024-01-27T22:18:32,2024-01-27,48,33,Online,PayPal,COUPON-A-Z,2.91,AUD
23353,2024-01-27T19:09:08,2024-01-27,452,13,Online,Credit Card,COUPON-Z--,1.0,AUD
23439,2024-01-27T06:36:13,2024-01-27,653,21,Retail,Afterpay,COUPON--99,11.21,AUD
23608,2024-01-27T19:12:40,2024-01-27,713,21,Retail,PayPal,COUPONZAZA,11.12,AUD
23686,2024-01-27T13:06:46,2024-01-27,145,19,Retail,Afterpay,COUPONZZZ-,14.42,AUD
23828,2024-01-27T15:41:40,2024-01-27,181,49,Retail,Credit Card,COUPONA9-A,9.65,AUD
23909,2024-01-27T17:14:29,2024-01-27,432,40,Retail,Credit Card,COUPON-00A,14.48,AUD
23954,2024-01-27T16:23:39,2024-01-27,5,35,Online,Afterpay,COUPONA99A,14.65,AUD
24026,2024-01-27T13:26:36,2024-01-27,632,48,Online,Credit Card,COUPONAAZ-,16.29,AUD
24275,2024-01-27T02:33:10,2024-01-27,258,37,Online,Credit Card,COUPON-Z00,7.48,AUD
24580,2024-01-27T05:21:29,2024-01-27,620,46,Retail,Afterpay,COUPON9Z-0,9.59,AUD
24696,2024-01-27T18:55:04,2024-01-27,267,17,Online,Credit Card,COUPON-A-A,8.5,AUD
24708,2024-01-27T19:07:56,2024-01-27,538,36,Online,Credit Card,COUPON-99-,9.56,AUD
24828,2024-01-27T15:38:50,2024-01-27,618,29,Retail,PayPal,COUPON-Z--,0.72,AUD
24923,2024-01-27T16:12:49,2024-01-27,142,7,Retail,Credit Card,COUPONAA--,13.37,AUD
24952,2024-01-27T06:42:02,2024-01-27,103,20,Online,Credit Card,COUPON--09,1.35,AUD
25105,2024-01-27T01:35:51,2024-01-27,250,49,Retail,Credit Card,COUPON999Z,15.44,AUD
25188,2024-01-27T00:55:46,2024-01-27,667,3,Retail,Afterpay,COUPONA9A0,11.31,AUD
25225,2024-01-27T11:50:31,2024-01-27,470,19,Retail,Credit Card,COUPON--A-,1.75,AUD
25258,2024-01-27T03:44:57,2024-01-27,718,44,Retail,Afterpay,COUPONA09A,16.21,AUD
25457,2024-01-27T07:51:11,2024-01-27,471,42,Online,PayPal,COUPONZ0--,11.62,AUD
25502,2024-01-27T08:25:24,2024-01-27,425,34,Online,Credit Card,COUPON-9Z-,3.56,AUD
25535,2024-01-27T04:27:22,2024-01-27,518,3,Retail,Credit Card,COUPONA-0-,13.25,AUD
25631,2024-01-27T12:23:04,2024-01-27,68,29,Retail,Afterpay,COUPONZ99Z,14.41,AUD
25846,2024-01-27T00:05:17,2024-01-27,695,36,Retail,Credit Card,COUPON00A-,13.52,AUD
25918,2024-01-27T15:33:36,2024-01-27,799,33,Online,Credit Card,COUPON0ZA9,8.88,AUD
26046,2024-01-27T20:38:34,2024-01-27,432,23,Online,PayPal,COUPON--A-,12.52,AUD
26177,2024-01-27T03:06:16,2024-01-27,392,33,Retail,Credit Card,COUPONA-AZ,1.48,AUD
26296,2024-01-27T13:50:38,2024-01-27,112,37,Online,Afterpay,COUPON0-0-,17.17,AUD
26416,2024-01-27T08:57:29,2024-01-27,555,38,Online,PayPal,COUPON-A--,6.61,AUD
26537,2024-01-27T10:14:56,2024-01-27,496,9,Online,PayPal,COUPONA--Z,15.81,AUD
26609,2024-01-27T06:07:55,2024-01-27,630,2,Online,Afterpay,COUPON0A-9,4.85,AUD
26929,2024-01-27T07:01:42,2024-01-27,148,9,Online,PayPal,COUPONAAA9,1.14,AUD
27025,2024-01-27T13:06:48,2024-01-27,637,28,Online,PayPal,COUPONA-A0,15.68,AUD
27058,2024-01-27T03:22:56,2024-01-27,164,13,Online,PayPal,COUPONZ0ZZ,0.18,AUD
27123,2024-01-27T02:01:05,2024-01-27,564,40,Retail,PayPal,COUPONZAZ9,19.25,AUD
27139,2024-01-27T01:27:29,2024-01-27,104,6,Retail,PayPal,COUPON09-0,10.72,AUD
27194,2024-01-27T06:19:29,2024-01-27,317,44,Retail,PayPal,COUPON-9--,12.53,AUD
27196,2024-01-27T12:31:31,2024-01-27,278,11,Online,Credit Card,COUPON--A9,11.41,AUD
27230,2024-01-27T17:26:36,2024-01-27,664,4,Retail,Afterpay,COUPON9-00,12.4,AUD
27265,2024-01-27T00:44:45,2024-01-27,79,7,Retail,Credit Card,COUPON9-9-,11.17,AUD
27361,2024-01-27T16:37:46,2024-01-27,570,33,Retail,Credit Card,COUPON0Z-9,19.95,AUD
27370,2024-01-27T17:22:09,2024-01-27,67,47,Retail,Credit Card,COUPON0-9Z,10.93,AUD
27373,2024-01-27T13:39:22,2024-01-27,373,19,Retail,Afterpay,COUPONZ-0-,11.05,AUD
27388,2024-01-27T07:55:09,2024-01-27,470,14,Online,PayPal,COUPON90-0,16.87,AUD
27430,2024-01-27T01:25:48,2024-01-27,148,25,Online,Credit Card,COUPONZAZ0,13.94,AUD
27747,2024-01-27T14:12:50,2024-01-27,440,1,Online,Credit Card,COUPONA000,0.48,AUD
27836,2024-01-27T06:35:37,2024-01-27,540,16,Online,PayPal,COUPON0Z--,11.67,AUD
27985,2024-01-27T07:13:51,2024-01-27,89,10,Online,PayPal,COUPON9A0-,9.35,AUD
28179,2024-01-27T16:23:16,2024-01-27,795,48,Retail,Afterpay,COUPON-A0-,16.62,AUD
28272,2024-01-27T01:50:08,2024-01-27,63,32,Retail,Afterpay,COUPON9AZ-,5.77,AUD
28360,2024-01-27T20:25:06,2024-01-27,532,8,Online,PayPal,COUPONA-ZA,19.06,AUD
28397,2024-01-27T09:06:07,2024-01-27,105,25,Online,Afterpay,COUPONZ--A,7.76,AUD
28511,2024-01-27T13:56:43,2024-01-27,569,9,Online,Afterpay,COUPONAZ-9,18.32,AUD
28522,2024-01-27T05:16:28,2024-01-27,140,38,Retail,Credit Card,COUPONZ9AZ,15.67,AUD
28736,2024-01-27T08:00:56,2024-01-27,628,39,Online,Credit Card,COUPONZ---,16.12,AUD
28741,2024-01-27T00:41:43,2024-01-27,510,9,Online,PayPal,COUPONAZ-0,14.52,AUD
28771,2024-01-27T15:21:42,2024-01-27,475,7,Retail,PayPal,COUPONZZ-Z,10.63,AUD
28782,2024-01-27T03:33:17,2024-01-27,149,8,Retail,PayPal,COUPON--A-,13.17,AUD
28889,2024-01-27T06:09:05,2024-01-27,185,42,Retail,PayPal,COUPON-Z9-,4.07,AUD
28901,2024-01-27T12:34:00,2024-01-27,121,28,Online,PayPal,COUPON0--0,5.91,AUD
29020,2024-01-27T13:05:00,2024-01-27,339,48,Retail,Afterpay,COUPONA-09,18.1,AUD
29035,2024-01-27T15:48:46,2024-01-27,28,44,Retail,Credit Card,COUPON-AZ9,12.41,AUD
29076,2024-01-27T12:36:35,2024-01-27,700,39,Retail,PayPal,COUPONA--0,4.02,AUD
29116,2024-01-27T13:18:02,2024-01-27,694,47,Online,Afterpay,COUPON-Z0A,15.58,AUD
29134,2024-01-27T15:56:01,2024-01-27,326,19,Retail,Afterpay,COUPONAA-A,15.82,AUD
29183,2024-01-27T12:02:46,2024-01-27,240,13,Online,Afterpay,COUPONZA-Z,11.91,AUD
29221,2024-01-27T16:49:02,2024-01-27,672,21,Retail,Afterpay,COUPON-AAZ,0.13,AUD
29490,2024-01-27T02:38:05,2024-01-27,165,13,Retail,Credit Card,COUPONZA--,14.39,AUD
29507,2024-01-27T14:33:06,2024-01-27,200,38,Retail,Afterpay,COUPON---A,10.82,AUD
29560,2024-01-27T19:12:35,2024-01-27,696,5,Retail,PayPal,COUPON9AAA,12.25,AUD
29585,2024-01-27T02:36:08,2024-01-27,212,21,Online,Afterpay,COUPON-9-0,12.0,AUD
29636,2024-01-27T18:51:43,2024-01-27,268,45,Online,Afterpay,COUPON9-Z-,15.8,AUD
29815,2024-01-27T13:48:54,2024-01-27,29,33,Online,PayPal,COUPON-Z--,1.88,AUD
29841,2024-01-27T00:46:49,2024-01-27,727,22,Online,Credit Card,COUPON0--0,1.68,AUD
29842,2024-01-27T22:05:15,2024-01-27,772,33,Online,Credit Card,COUPON-90-,6.56,AUD
29911,2024-01-27T05:11:23,2024-01-27,591,47,Online,PayPal,COUPON90-A,7.46,AUD
29927,2024-01-27T04:20:18,2024-01-27,262,40,Online,Credit Card,COUPON99A-,18.86,AUD
30157,2024-01-27T09:29:03,2024-01-27,640,12,Online,Afterpay,COUPON9ZAA,1.26,AUD
30191,2024-01-27T01:58:36,2024-01-27,782,10,Online,Credit Card,COUPONZ09Z,2.28,AUD
30418,2024-01-27T23:34:02,2024-01-27,688,34,Retail,PayPal,COUPON--A-,9.12,AUD
30446,2024-01-27T10:23:00,2024-01-27,660,30,Online,PayPal,COUPON0AZ9,8.33,AUD
30533,2024-01-27T22:41:33,2024-01-27,46,3,Online,Afterpay,COUPON-AA9,6.84,AUD
30624,2024-01-27T02:53:12,2024-01-27,695,37,Online,Afterpay,COUPON00ZA,4.69,AUD
30687,2024-01-27T09:42:45,2024-01-27,97,29,Retail,Afterpay,COUPON0Z0Z,16.22,AUD
30717,2024-01-27T06:43:21,2024-01-27,239,12,Retail,Afterpay,COUPONZ-AZ,6.62,AUD
30823,2024-01-27T15:09:13,2024-01-27,616,46,Retail,Credit Card,COUPONAA9Z,4.27,AUD
31207,2024-01-27T08:50:42,2024-01-27,417,11,Online,Afterpay,COUPON9Z--,6.29,AUD
31368,2024-01-27T05:38:13,2024-01-27,635,30,Retail,Afterpay,COUPON9ZA9,6.35,AUD
31406,2024-01-27T14:13:29,2024-01-27,446,25,Online,Afterpay,COUPON--Z-,2.2,AUD
31432,2024-01-27T00:55:11,2024-01-27,111,35,Online,Credit Card,COUPON-0A-,9.2,AUD
31456,2024-01-27T05:57:20,2024-01-27,585,32,Retail,PayPal,COUPON0ZAA,0.54,AUD
31652,2024-01-27T02:12:21,2024-01-27,678,19,Online,PayPal,COUPON0ZA-,15.63,AUD
31800,2024-01-27T09:32:01,2024-01-27,777,14,Online,Credit Card,COUPON-00Z,6.45,AUD
31805,2024-01-27T22:21:14,2024-01-27,427,49,Retail,PayPal,COUPONAAAA,6.78,AUD
31852,2024-01-27T22:16:03,2024-01-27,797,32,Online,Credit Card,COUPON9A-Z,2.89,AUD
31907,2024-01-27T20:14:12,2024-01-27,112,14,Retail,PayPal,COUPONZZ90,15.51,AUD
31915,2024-01-27T01:55:47,2024-01-27,16,41,Online,PayPal,COUPON9-A-,11.34,AUD
31976,2024-01-27T18:49:15,2024-01-27,538,28,Online,Credit Card,COUPON9Z-9,4.75,AUD
32077,2024-01-27T04:52:11,2024-01-27,135,18,Online,Credit Card,COUPONA09-,12.59,AUD
32100,2024-01-27T16:48:49,2024-01-27,528,11,Retail,Credit Card,COUPON0-A-,14.42,AUD
32124,2024-01-27T20:24:22,2024-01-27,276,41,Online,Afterpay,COUPONA90Z,12.55,AUD
32397,2024-01-27T18:32:05,2024-01-27,537,23,Retail,Credit Card,COUPON-9Z9,11.74,AUD
32448,2024-01-27T18:44:24,2024-01-27,125,16,Online,Afterpay,COUPON--00,11.6,AUD
32459,2024-01-27T11:45:09,2024-01-27,70,5,Retail,PayPal,COUPON0-0A,14.79,AUD
32620,2024-01-27T23:07:40,2024-01-27,274,42,Online,Credit Card,COUPONZZ-0,6.29,AUD
32970,2024-01-27T05:10:18,2024-01-27,543,8,Online,Credit Card,COUPON9-ZZ,13.94,AUD
33080,2024-01-27T18:11:28,2024-01-27,150,47,Online,Credit Card,COUPON0-A0,15.12,AUD
33173,2024-01-27T14:11:01,2024-01-27,192,41,Retail,PayPal,COUPON099-,7.37,AUD
33235,2024-01-27T08:06:18,2024-01-27,680,49,Retail,Afterpay,COUPONZAZA,7.56,AUD
33236,2024-01-27T08:37:23,2024-01-27,625,17,Online,Afterpay,COUPON-9A9,1.21,AUD
33268,2024-01-27T23:57:25,2024-01-27,144,16,Retail,PayPal,COUPON900Z,5.9,AUD
33330,2024-01-27T00:57:51,2024-01-27,414,3,Online,PayPal,COUPON-9--,10.63,AUD
33426,2024-01-27T09:40:16,2024-01-27,502,20,Retail,Afterpay,COUPONA-AA,7.15,AUD
33444,2024-01-27T22:17:09,2024-01-27,573,20,Online,Afterpay,COUPON09-Z,17.65,AUD
33494,2024-01-27T13:19:31,2024-01-27,670,48,Retail,Afterpay,COUPON-0--,18.93,AUD
33707,2024-01-27T20:30:20,2024-01-27,222,27,Retail,PayPal,COUPON00--,9.1,AUD
34272,2024-01-27T06:33:52,2024-01-27,678,37,Retail,Afterpay,COUPONA-ZA,12.78,AUD
34283,2024-01-27T12:20:48,2024-01-27,611,17,Online,Credit Card,COUPONAZ-9,9.53,AUD
34326,2024-01-27T18:56:09,2024-01-27,166,3,Online,PayPal,COUPONA--9,3.66,AUD
34387,2024-01-27T16:01:10,2024-01-27,484,3,Online,Afterpay,COUPON-Z-Z,11.3,AUD
34416,2024-01-27T06:20:45,2024-01-27,513,18,Retail,Credit Card,COUPON---9,12.54,AUD
34458,2024-01-27T22:40:38,2024-01-27,470,43,Online,Credit Card,COUPON---0,18.78,AUD
34726,2024-01-27T16:02:51,2024-01-27,180,32,Retail,PayPal,COUPON-Z-A,19.38,AUD
34832,2024-01-27T18:09:38,2024-01-27,242,6,Online,Credit Card,COUPON00A-,13.56,AUD
34869,2024-01-27T20:36:12,2024-01-27,403,29,Retail,Afterpay,COUPON-Z0Z,17.15,AUD
34914,2024-01-27T06:26:38,2024-01-27,148,14,Online,PayPal,COUPON0AAA,19.99,AUD
35201,2024-01-27T00:38:40,2024-01-27,67,8,Retail,PayPal,COUPON-ZZ-,14.13,AUD
35310,2024-01-27T08:26:37,2024-01-27,142,29,Retail,Credit Card,COUPONA--9,10.86,AUD
35351,2024-01-27T12:25:35,2024-01-27,228,43,Retail,Credit Card,COUPON0A99,18.55,AUD
35367,2024-01-27T06:28:26,2024-01-27,326,31,Retail,Credit Card,COUPON0--0,11.92,AUD
35613,2024-01-27T00:24:01,2024-01-27,168,10,Online,Afterpay,COUPONZ9AZ,18.75,AUD
35657,2024-01-27T17:21:22,2024-01-27,63,11,Retail,Afterpay,COUPON0-9-,2.29,AUD
35701,2024-01-27T02:53:18,2024-01-27,162,17,Online,PayPal,COUPON-0AZ,15.56,AUD
35777,2024-01-27T01:50:24,2024-01-27,233,16,Retail,Afterpay,COUPON-09A,7.69,AUD
35874,2024-01-27T04:40:36,2024-01-27,521,13,Retail,PayPal,COUPONAA--,12.54,AUD
35939,2024-01-27T05:16:58,2024-01-27,34,34,Online,PayPal,COUPON-Z-0,5.55,AUD
36069,2024-01-27T00:50:13,2024-01-27,478,47,Online,PayPal,COUPONA09Z,3.79,AUD
36104,2024-01-27T01:50:52,2024-01-27,621,24,Retail,Credit Card,COUPON0--9,15.03,AUD
36267,2024-01-27T17:45:50,2024-01-27,565,33,Online,Afterpay,COUPON9-Z-,5.75,AUD
36591,2024-01-27T05:18:53,2024-01-27,638,49,Retail,Credit Card,COUPON-9-Z,10.36,AUD
36782,2024-01-27T17:48:42,2024-01-27,690,6,Retail,PayPal,COUPONZ-ZZ,18.06,AUD
36871,2024-01-27T15:25:36,2024-01-27,673,44,Retail,Credit Card,COUPONA-Z-,8.71,AUD
36960,2024-01-27T01:39:21,2024-01-27,253,7,Retail,Afterpay,COUPON0Z9-,7.95,AUD
36983,2024-01-27T05:21:21,2024-01-27,573,30,Online,Afterpay,COUPONA9-0,0.94,AUD
37021,2024-01-27T00:43:34,2024-01-27,186,42,Retail,PayPal,COUPON9A09,10.11,AUD
37056,2024-01-27T23:49:51,2024-01-27,468,43,Online,Afterpay,COUPONZ-AA,2.03,AUD
37260,2024-01-27T12:37:03,2024-01-27,116,44,Online,PayPal,COUPONA9--,6.96,AUD
37293,2024-01-27T21:42:43,2024-01-27,408,23,Retail,Credit Card,COUPON--ZZ,12.53,AUD
37517,2024-01-27T18:30:32,2024-01-27,635,42,Online,Afterpay,COUPONA-AA,11.27,AUD
37595,2024-01-27T05:02:19,2024-01-27,600,35,Online,Credit Card,COUPON---9,6.81,AUD
37608,2024-01-27T04:34:03,2024-01-27,407,9,Retail,PayPal,COUPON--90,0.04,AUD
37640,2024-01-27T00:36:14,2024-01-27,783,27,Retail,PayPal,COUPON-AAA,2.56,AUD
37815,2024-01-27T07:10:46,2024-01-27,38,24,Retail,PayPal,COUPON0Z-Z,15.98,AUD
37916,2024-01-27T05:07:51,2024-01-27,74,22,Online,Credit Card,COUPON----,15.66,AUD
37943,2024-01-27T21:52:27,2024-01-27,712,30,Retail,Credit Card,COUPONZ-ZZ,12.11,AUD
37959,2024-01-27T16:45:53,2024-01-27,528,37,Retail,PayPal,COUPONZ-AA,16.65,AUD
37987,2024-01-27T04:48:34,2024-01-27,39,23,Online,Credit Card,COUPONA-9A,9.73,AUD
38042,2024-01-27T03:43:34,2024-01-27,308,12,Retail,PayPal,COUPONZ-0-,4.79,AUD
38115,2024-01-27T13:46:32,2024-01-27,250,33,Retail,Afterpay,COUPON-0--,16.93,AUD
38118,2024-01-27T14:34:13,2024-01-27,750,47,Retail,Credit Card,COUPON-9-9,15.22,AUD
38153,2024-01-27T20:32:35,2024-01-27,726,37,Online,Credit Card,COUPON0-0-,5.25,AUD
38326,2024-01-27T10:45:00,2024-01-27,489,37,Retail,PayPal,COUPON0-Z-,18.24,AUD
38539,2024-01-27T11:11:45,2024-01-27,105,19,Retail,Credit Card,COUPONAZ0-,11.41,AUD
38554,2024-01-27T15:19:06,2024-01-27,398,18,Online,Credit Card,COUPON-9--,12.19,AUD
38982,2024-01-27T17:52:34,2024-01-27,433,31,Online,PayPal,COUPON9Z--,12.97,AUD
39085,2024-01-27T05:24:51,2024-01-27,555,21,Retail,Afterpay,COUPONA---,17.09,AUD
39101,2024-01-27T17:47:36,2024-01-27,769,43,Retail,Credit Card,COUPON-9Z-,9.33,AUD
39153,2024-01-27T05:45:27,2024-01-27,665,1,Online,PayPal,COUPONA-Z-,13.24,AUD
39177,2024-01-27T07:15:19,2024-01-27,628,11,Online,PayPal,COUPONZ-Z-,10.06,AUD
39249,2024-01-27T21:23:33,2024-01-27,71,46,Online,Credit Card,COUPONZ-0-,3.54,AUD
39351,2024-01-27T04:48:28,2024-01-27,289,2,Online,Afterpay,COUPON-00-,4.99,AUD
39378,2024-01-27T04:48:05,2024-01-27,326,23,Retail,Afterpay,COUPONZ099,2.08,AUD
39386,2024-01-27T23:20:42,2024-01-27,718,15,Retail,Credit Card,COUPON0-AA,3.92,AUD
39404,2024-01-27T22:05:30,2024-01-27,714,6,Online,PayPal,COUPON09ZZ,7.9,AUD
39542,2024-01-27T06:23:01,2024-01-27,490,19,Retail,PayPal,COUPON9ZAA,11.33,AUD
39568,2024-01-27T01:49:44,2024-01-27,467,24,Online,Afterpay,COUPON0090,5.43,AUD
39695,2024-01-27T10:38:05,2024-01-27,213,21,Online,Credit Card,COUPON090A,5.94,AUD
39698,2024-01-27T17:44:19,2024-01-27,625,1,Retail,Credit Card,COUPONA9AA,10.07,AUD
39931,2024-01-27T04:25:38,2024-01-27,643,21,Retail,Afterpay,COUPONZ-Z-,16.75,AUD
40131,2024-01-27T07:14:19,2024-01-27,777,33,Online,PayPal,COUPON--Z-,2.1,AUD
40141,2024-01-27T10:58:48,2024-01-27,682,27,Retail,PayPal,COUPONAAA-,0.74,AUD
40186,2024-01-27T08:52:52,2024-01-27,491,48,Retail,Credit Card,COUPON9A9Z,4.5,AUD
40234,2024-01-27T06:54:36,2024-01-27,423,13,Online,Afterpay,COUPONAZ-Z,3.62,AUD
40417,2024-01-27T22:53:44,2024-01-27,522,43,Online,Credit Card,COUPON---Z,18.54,AUD
40600,2024-01-27T06:24:11,2024-01-27,767,26,Retail,Afterpay,COUPONZ0--,2.58,AUD
40634,2024-01-27T02:58:04,2024-01-27,277,29,Retail,Afterpay,COUPON--A0,1.05,AUD
40890,2024-01-27T09:56:03,2024-01-27,143,30,Online,Afterpay,COUPONA0Z-,10.06,AUD
40899,2024-01-27T20:02:38,2024-01-27,581,48,Online,Credit Card,COUPONA-9-,12.74,AUD
40991,2024-01-27T02:20:31,2024-01-27,708,24,Online,Credit Card,COUPON-Z00,17.24,AUD
41026,2024-01-27T12:08:45,2024-01-27,669,34,Retail,Afterpay,COUPON--9-,10.5,AUD
41077,2024-01-27T11:00:28,2024-01-27,727,27,Online,Afterpay,COUPON9ZZA,13.47,AUD
41120,2024-01-27T23:31:06,2024-01-27,445,36,Retail,PayPal,COUPON9-00,19.9,AUD
41235,2024-01-27T00:02:53,2024-01-27,425,27,Retail,Afterpay,COUPONZ99Z,11.73,AUD
41252,2024-01-27T09:16:37,2024-01-27,706,5,Online,PayPal,COUPON909-,5.74,AUD
41287,2024-01-27T12:04:31,2024-01-27,180,42,Online,Credit Card,COUPONAA09,9.16,AUD
41389,2024-01-27T13:44:25,2024-01-27,678,19,Online,Credit Card,COUPONA9ZZ,1.98,AUD
41451,2024-01-27T01:20:49,2024-01-27,782,17,Online,Credit Card,COUPONAZ-A,14.37,AUD
41578,2024-01-27T21:12:09,2024-01-27,611,27,Retail,Afterpay,COUPON0-Z-,10.0,AUD
41653,2024-01-27T17:13:35,2024-01-27,548,17,Online,Afterpay,COUPON---Z,7.01,AUD
41666,2024-01-27T09:50:42,2024-01-27,460,1,Online,Credit Card,COUPONA-ZA,9.12,AUD
41827,2024-01-27T05:04:41,2024-01-27,170,12,Online,PayPal,COUPON099-,12.94,AUD
41866,2024-01-27T08:13:53,2024-01-27,645,18,Online,PayPal,COUPONZ-09,19.33,AUD
41886,2024-01-27T01:12:25,2024-01-27,385,18,Retail,Afterpay,COUPONZZZ9,7.54,AUD
41936,2024-01-27T06:08:03,2024-01-27,784,46,Online,Credit Card,COUPON00Z-,11.28,AUD
41951,2024-01-27T12:54:02,2024-01-27,212,44,Retail,Afterpay,COUPONZA-0,13.19,AUD
42114,2024-01-27T20:00:31,2024-01-27,439,14,Retail,Afterpay,COUPON-9-9,15.58,AUD
42227,2024-01-27T17:55:08,2024-01-27,248,15,Online,Credit Card,COUPON9A-9,0.65,AUD
42473,2024-01-27T01:49:19,2024-01-27,179,48,Online,Credit Card,COUPONZ090,7.16,AUD
42562,2024-01-27T11:50:36,2024-01-27,438,5,Online,Afterpay,COUPONA-AZ,13.54,AUD
42613,2024-01-27T14:17:00,2024-01-27,192,26,Online,Credit Card,COUPON--9-,13.95,AUD
42628,2024-01-27T01:51:43,2024-01-27,220,14,Retail,Afterpay,COUPON9A-0,12.93,AUD
42709,2024-01-27T23:33:57,2024-01-27,766,22,Online,Credit Card,COUPON9Z--,19.13,AUD
42726,2024-01-27T11:52:30,2024-01-27,448,28,Retail,PayPal,COUPON-ZA9,15.91,AUD
42757,2024-01-27T07:45:28,2024-01-27,633,36,Online,Credit Card,COUPONZ--Z,14.36,AUD
42919,2024-01-27T20:30:39,2024-01-27,246,7,Online,Credit Card,COUPON09Z9,7.93,AUD
43064,2024-01-27T22:19:20,2024-01-27,39,48,Online,PayPal,COUPONZ-A-,2.83,AUD
43198,2024-01-27T13:55:13,2024-01-27,388,17,Online,PayPal,COUPON0Z9A,6.16,AUD
43216,2024-01-27T18:04:46,2024-01-27,256,8,Online,Credit Card,COUPON-9A-,18.93,AUD
43246,2024-01-27T10:57:10,2024-01-27,308,35,Retail,PayPal,COUPON9-9A,10.35,AUD
43347,2024-01-27T21:21:04,2024-01-27,394,16,Retail,Afterpay,COUPONA-Z-,14.14,AUD
43438,2024-01-27T00:08:05,2024-01-27,110,32,Online,Afterpay,COUPON0--Z,17.58,AUD
43448,2024-01-27T14:50:15,2024-01-27,691,41,Online,Afterpay,COUPONA0Z9,5.21,AUD
43679,2024-01-27T19:28:47,2024-01-27,605,4,Retail,Afterpay,COUPON9--Z,16.97,AUD
43774,2024-01-27T07:37:32,2024-01-27,481,21,Retail,PayPal,COUPON9009,0.0,AUD
43885,2024-01-27T09:09:23,2024-01-27,132,37,Retail,Credit Card,COUPONZ--Z,6.08,AUD
43910,2024-01-27T15:35:24,2024-01-27,14,5,Online,PayPal,COUPONAAAZ,13.69,AUD
44070,2024-01-27T16:10:02,2024-01-27,391,47,Retail,Afterpay,COUPON--Z0,17.49,AUD
44139,2024-01-27T11:47:58,2024-01-27,298,17,Online,Afterpay,COUPONZZAZ,6.84,AUD
44198,2024-01-27T09:07:16,2024-01-27,394,23,Online,PayPal,COUPON9A9A,3.79,AUD
44256,2024-01-27T18:38:02,2024-01-27,672,28,Retail,PayPal,COUPON-9--,12.56,AUD
44330,2024-01-27T11:47:48,2024-01-27,654,1,Retail,Afterpay,COUPONZ9-9,15.42,AUD
44407,2024-01-27T23:29:11,2024-01-27,387,2,Retail,PayPal,COUPON-09-,4.54,AUD
44476,2024-01-27T17:07:02,2024-01-27,296,12,Online,Credit Card,COUPON0A--,1.05,AUD
44616,2024-01-27T05:29:04,2024-01-27,400,12,Retail,PayPal,COUPON09-0,10.24,AUD
44757,2024-01-27T10:35:04,2024-01-27,458,3,Retail,Afterpay,COUPON0Z9-,8.66,AUD
44765,2024-01-27T17:10:07,2024-01-27,89,23,Online,PayPal,COUPONZ9A-,0.83,AUD
44825,2024-01-27T13:05:18,2024-01-27,260,47,Retail,PayPal,COUPONZ---,1.97,AUD
44924,2024-01-27T00:09:22,2024-01-27,604,35,Retail,Afterpay,COUPON0Z99,7.52,AUD
44982,2024-01-27T01:20:20,2024-01-27,339,10,Online,Credit Card,COUPONA-A9,11.05,AUD
45044,2024-01-27T16:06:52,2024-01-27,780,17,Retail,Afterpay,COUPONZ0-A,2.85,AUD
45321,2024-01-27T12:52:56,2024-01-27,147,14,Retail,Afterpay,COUPONZ9A9,11.29,AUD
45728,2024-01-27T02:43:31,2024-01-27,664,46,Online,PayPal,COUPONA-0Z,18.13,AUD
45834,2024-01-27T02:08:56,2024-01-27,342,45,Online,Credit Card,COUPONA0--,5.47,AUD
45980,2024-01-27T13:46:00,2024-01-27,667,29,Retail,Credit Card,COUPONZZ--,3.18,AUD
46365,2024-01-27T03:26:03,2024-01-27,34,46,Retail,Afterpay,COUPON9-0A,6.38,AUD
46445,2024-01-27T16:57:10,2024-01-27,579,41,Online,Afterpay,COUPON0---,14.08,AUD
46808,2024-01-27T17:44:58,2024-01-27,477,7,Online,Credit Card,COUPON-0-0,9.0,AUD
46849,2024-01-27T08:20:20,2024-01-27,50,7,Online,PayPal,COUPON9-A-,6.79,AUD
47043,2024-01-27T04:12:51,2024-01-27,118,26,Online,PayPal,COUPONZ-Z-,12.45,AUD
47205,2024-01-27T11:10:16,2024-01-27,784,47,Retail,Credit Card,COUPON9Z09,17.33,AUD
47368,2024-01-27T23:19:09,2024-01-27,13,8,Retail,Afterpay,COUPON-09-,17.09,AUD
47383,2024-01-27T02:05:44,2024-01-27,663,21,Retail,Afterpay,COUPONAA--,3.97,AUD
47401,2024-01-27T00:08:44,2024-01-27,155,44,Retail,Afterpay,COUPONA9--,18.74,AUD
47470,2024-01-27T17:23:24,2024-01-27,750,27,Retail,Afterpay,COUPON-ZZZ,18.87,AUD
47562,2024-01-27T06:27:14,2024-01-27,195,42,Retail,Afterpay,COUPON99A9,8.28,AUD
47631,2024-01-27T05:15:51,2024-01-27,633,3,Online,Afterpay,COUPON-900,7.99,AUD
47744,2024-01-27T13:40:32,2024-01-27,142,48,Retail,PayPal,COUPON-9A-,16.09,AUD
47865,2024-01-27T12:20:29,2024-01-27,46,28,Retail,PayPal,COUPON-999,11.95,AUD
47878,2024-01-27T01:45:39,2024-01-27,673,18,Online,PayPal,COUPON9A--,14.31,AUD
47940,2024-01-27T07:54:10,2024-01-27,264,20,Retail,PayPal,COUPON00AZ,18.27,AUD
48216,2024-01-27T05:24:42,2024-01-27,492,29,Retail,Credit Card,COUPONA990,2.79,AUD
48221,2024-01-27T10:32:17,2024-01-27,30,8,Online,Afterpay,COUPON-Z--,11.7,AUD
48281,2024-01-27T05:57:08,2024-01-27,119,40,Retail,PayPal,COUPONA0-0,0.62,AUD
48327,2024-01-27T14:58:35,2024-01-27,761,22,Retail,PayPal,COUPON9---,14.05,AUD
48344,2024-01-27T21:53:37,2024-01-27,407,19,Online,Afterpay,COUPONZ--A,18.24,AUD
48366,2024-01-27T19:01:23,2024-01-27,373,7,Online,Afterpay,COUPON0ZZA,3.48,AUD
48379,2024-01-27T12:27:36,2024-01-27,797,49,Retail,Credit Card,COUPON0AZ-,14.82,AUD
48384,2024-01-27T02:33:51,2024-01-27,528,42,Online,PayPal,COUPON90--,2.19,AUD
48395,2024-01-27T04:45:54,2024-01-27,703,11,Online,PayPal,COUPONZ---,15.42,AUD
48531,2024-01-27T17:23:34,2024-01-27,100,24,Online,PayPal,COUPON0-A9,12.17,AUD
48557,2024-01-27T01:31:41,2024-01-27,637,3,Online,Afterpay,COUPONZ--0,13.01,AUD
48657,2024-01-27T21:43:08,2024-01-27,691,25,Retail,Credit Card,COUPON-0AA,14.6,AUD
48815,2024-01-27T02:50:47,2024-01-27,752,8,Retail,Afterpay,COUPONZZ09,17.97,AUD
48861,2024-01-27T09:24:41,2024-01-27,324,37,Retail,Afterpay,COUPON9-90,3.47,AUD
48888,2024-01-27T22:56:55,2024-01-27,472,7,Retail,Afterpay,COUPON09-9,5.15,AUD
48898,2024-01-27T20:41:18,2024-01-27,528,30,Online,Credit Card,COUPON0AAA,1.36,AUD
48906,2024-01-27T19:22:00,2024-01-27,157,36,Online,Afterpay,COUPONA-AZ,17.69,AUD
48948,2024-01-27T10:19:58,2024-01-27,570,35,Online,Afterpay,COUPONAA9A,16.3,AUD
49152,2024-01-27T20:08:20,2024-01-27,79,44,Online,PayPal,COUPON99-9,16.42,AUD
49210,2024-01-27T20:06:33,2024-01-27,172,26,Retail,Afterpay,COUPON---0,18.07,AUD
49316,2024-01-27T17:56:15,2024-01-27,399,15,Online,Credit Card,COUPON9--9,16.93,AUD
49329,2024-01-27T04:23:33,2024-01-27,124,33,Online,PayPal,COUPON-Z0A,7.42,AUD
49356,2024-01-27T11:40:51,2024-01-27,271,3,Retail,Afterpay,COUPONA0-9,5.27,AUD
49607,2024-01-27T11:21:49,2024-01-27,785,26,Online,Credit Card,COUPON-9-Z,4.6,AUD
49674,2024-01-27T22:56:06,2024-01-27,252,43,Online,Afterpay,COUPON09Z9,0.02,AUD
49686,2024-01-27T10:57:58,2024-01-27,275,21,Online,Credit Card,COUPON--99,0.77,AUD
49784,2024-01-27T20:48:36,2024-01-27,645,23,Retail,Afterpay,COUPON-0ZA,17.32,AUD
49824,2024-01-27T20:18:28,2024-01-27,581,24,Online,PayPal,COUPONZ0A-,17.34,AUD
49856,2024-01-27T07:04:32,2024-01-27,729,29,Retail,Afterpay,COUPON9-99,6.93,AUD
49961,2024-01-27T22:23:13,2024-01-27,649,37,Retail,Afterpay,COUPON--A-,8.01,AUD
49974,2024-01-27T20:36:46,2024-01-27,289,25,Retail,Credit Card,COUPON0Z-9,3.67,AUD
50185,2024-01-27T22:46:25,2024-01-27,664,40,Retail,Credit Card,COUPON-ZZA,13.33,AUD
50255,2024-01-27T12:27:12,2024-01-27,600,20,Retail,Credit Card,COUPON9A--,16.85,AUD
50387,2024-01-27T03:12:02,2024-01-27,578,8,Retail,PayPal,COUPON-Z09,2.45,AUD
50499,2024-01-27T17:48:31,2024-01-27,543,44,Online,Credit Card,COUPON099-,18.46,AUD
50639,2024-01-27T02:52:29,2024-01-27,295,22,Online,PayPal,COUPONZ---,3.79,AUD
50640,2024-01-27T15:15:25,2024-01-27,659,37,Retail,PayPal,COUPONZZ9-,12.33,AUD
50649,2024-01-27T03:36:59,2024-01-27,404,32,Online,Afterpay,COUPONA-90,13.6,AUD
50723,2024-01-27T01:16:39,2024-01-27,726,24,Retail,Credit Card,COUPONZZ--,3.84,AUD
50754,2024-01-27T18:12:46,2024-01-27,241,9,Online,Credit Card,COUPONA9ZZ,7.61,AUD
50770,2024-01-27T23:08:12,2024-01-27,774,37,Retail,Afterpay,COUPON----,8.53,AUD
50791,2024-01-27T16:27:11,2024-01-27,32,39,Online,Credit Card,COUPON00A0,13.44,AUD
50804,2024-01-27T04:04:06,2024-01-27,401,23,Retail,PayPal,COUPON0990,13.36,AUD
50814,2024-01-27T08:23:56,2024-01-27,541,31,Online,Afterpay,COUPON---9,1.62,AUD
50929,2024-01-27T19:25:30,2024-01-27,716,38,Retail,Credit Card,COUPON-9-A,0.75,AUD
50974,2024-01-27T14:56:45,2024-01-27,65,27,Online,Credit Card,COUPONZA9Z,17.51,AUD
50990,2024-01-27T09:56:14,2024-01-27,229,5,Online,Afterpay,COUPONZ9--,13.51,AUD
50997,2024-01-27T12:28:59,2024-01-27,535,37,Online,Credit Card,COUPON----,0.84,AUD
50998,2024-01-27T18:16:01,2024-01-27,648,17,Retail,Credit Card,COUPON0-AZ,12.77,AUD
51074,2024-01-27T21:38:45,2024-01-27,778,7,Retail,PayPal,COUPON-90Z,10.08,AUD
51156,2024-01-27T22:55:47,2024-01-27,675,20,Retail,Credit Card,COUPON90--,11.01,AUD
51175,2024-01-27T01:07:30,2024-01-27,637,43,Retail,Afterpay,COUPONZ-Z-,11.43,AUD
51455,2024-01-27T02:30:39,2024-01-27,65,46,Online,PayPal,COUPON9-0-,16.5,AUD
51641,2024-01-27T07:05:05,2024-01-27,12,23,Retail,PayPal,COUPON90-9,8.88,AUD
51670,2024-01-27T17:28:21,2024-01-27,262,44,Retail,Credit Card,COUPON9Z-9,2.88,AUD
51701,2024-01-27T23:48:37,2024-01-27,799,40,Online,PayPal,COUPONA--Z,10.1,AUD
51725,2024-01-27T23:40:42,2024-01-27,435,40,Retail,PayPal,COUPON0---,13.89,AUD
51738,2024-01-27T19:15:55,2024-01-27,657,25,Retail,Afterpay,COUPONAZ9-,0.98,AUD
51803,2024-01-27T23:36:07,2024-01-27,741,47,Retail,Afterpay,COUPON0AZZ,1.91,AUD
52025,2024-01-27T06:36:05,2024-01-27,600,19,Retail,PayPal,COUPONA090,13.7,AUD
52075,2024-01-27T15:09:52,2024-01-27,700,8,Online,Credit Card,COUPON9AZA,15.73,AUD
52107,2024-01-27T11:11:55,2024-01-27,522,2,Online,Credit Card,COUPONA-ZZ,19.8,AUD
52267,2024-01-27T20:46:17,2024-01-27,321,13,Retail,Afterpay,COUPON--ZA,10.29,AUD
52415,2024-01-27T08:41:09,2024-01-27,351,44,Online,Credit Card,COUPON---Z,7.65,AUD
52421,2024-01-27T07:21:35,2024-01-27,625,26,Online,PayPal,COUPONZ-Z9,13.86,AUD
52445,2024-01-27T07:14:44,2024-01-27,170,49,Online,PayPal,COUPON9ZZA,5.03,AUD
52724,2024-01-27T22:21:08,2024-01-27,237,35,Online,Credit Card,COUPONZ--0,3.91,AUD
52781,2024-01-27T05:44:44,2024-01-27,260,37,Online,Credit Card,COUPON9-0Z,5.81,AUD
52834,2024-01-27T01:21:44,2024-01-27,181,32,Online,PayPal,COUPON9A9-,3.29,AUD
53266,2024-01-27T16:44:23,2024-01-27,432,10,Online,Afterpay,COUPON--09,3.75,AUD
53361,2024-01-27T05:18:42,2024-01-27,620,20,Online,Afterpay,COUPON-A9A,15.06,AUD
53414,2024-01-27T11:54:35,2024-01-27,722,35,Online,PayPal,COUPONZ--9,6.07,AUD
53704,2024-01-27T09:30:54,2024-01-27,556,42,Online,Credit Card,COUPON0-Z9,8.68,AUD
53791,2024-01-27T06:54:02,2024-01-27,523,10,Retail,Credit Card,COUPONZ0-A,3.65,AUD
53813,2024-01-27T02:37:41,2024-01-27,570,44,Online,Afterpay,COUPON--0-,18.06,AUD
54029,2024-01-27T09:26:20,2024-01-27,229,17,Retail,Credit Card,COUPON-0A-,9.7,AUD
54045,2024-01-27T10:50:56,2024-01-27,633,36,Retail,PayPal,COUPONZ-0Z,7.1,AUD
54171,2024-01-27T14:41:57,2024-01-27,539,16,Retail,Afterpay,COUPON---Z,7.1,AUD
54201,2024-01-27T20:00:32,2024-01-27,524,10,Online,PayPal,COUPONAA9-,11.13,AUD
54536,2024-01-27T11:20:41,2024-01-27,619,41,Online,PayPal,COUPON900-,15.67,AUD
54723,2024-01-27T21:06:39,2024-01-27,218,32,Retail,Afterpay,COUPONZ0-Z,3.82,AUD
55048,2024-01-27T02:14:21,2024-01-27,298,25,Retail,Credit Card,COUPON9Z-0,5.52,AUD
55320,2024-01-27T11:20:30,2024-01-27,562,20,Retail,PayPal,COUPON-09Z,8.51,AUD
55382,2024-01-27T20:07:07,2024-01-27,685,34,Online,Afterpay,COUPON09--,4.67,AUD
55487,2024-01-27T13:22:00,2024-01-27,749,49,Retail,Afterpay,COUPON-00-,8.36,AUD
55754,2024-01-27T09:21:34,2024-01-27,74,6,Online,Credit Card,COUPONZ9--,7.34,AUD
55780,2024-01-27T20:11:41,2024-01-27,736,28,Online,Credit Card,COUPONA--A,18.98,AUD
55784,2024-01-27T08:40:08,2024-01-27,75,8,Online,Credit Card,COUPONA-Z0,6.63,AUD
55892,2024-01-27T04:36:13,2024-01-27,413,3,Online,Afterpay,COUPON090Z,18.96,AUD
55912,2024-01-27T09:47:59,2024-01-27,149,23,Retail,PayPal,COUPON-9A-,5.53,AUD
55978,2024-01-27T17:49:57,2024-01-27,275,17,Retail,Afterpay,COUPON-A-9,19.62,AUD
56002,2024-01-27T05:59:31,2024-01-27,632,13,Online,PayPal,COUPONZAZ-,9.62,AUD
56153,2024-01-27T12:14:10,2024-01-27,138,37,Online,PayPal,COUPON-99-,16.01,AUD
56164,2024-01-27T07:52:24,2024-01-27,621,9,Online,PayPal,COUPON-A9A,7.17,AUD
56196,2024-01-27T13:45:58,2024-01-27,527,26,Retail,Afterpay,COUPONA-Z0,18.67,AUD
56246,2024-01-27T14:13:28,2024-01-27,325,47,Retail,Afterpay,COUPONA000,9.4,AUD
56325,2024-01-27T00:22:55,2024-01-27,305,14,Retail,Credit Card,COUPONAA09,3.67,AUD
56342,2024-01-27T19:49:00,2024-01-27,251,2,Retail,Afterpay,COUPON0A0-,11.99,AUD
56412,2024-01-27T21:19:45,2024-01-27,224,36,Retail,Afterpay,COUPONAAAZ,14.36,AUD
56418,2024-01-27T09:44:51,2024-01-27,208,28,Online,Afterpay,COUPON909-,3.0,AUD
56448,2024-01-27T08:32:20,2024-01-27,645,14,Retail,Credit Card,COUPONZ99A,11.8,AUD
56543,2024-01-27T20:00:28,2024-01-27,691,26,Retail,Credit Card,COUPON0-90,7.61,AUD
56568,2024-01-27T07:42:23,2024-01-27,157,28,Retail,Credit Card,COUPON-A-Z,0.74,AUD
56574,2024-01-27T07:33:17,2024-01-27,608,47,Online,PayPal,COUPON99-A,12.35,AUD
56599,2024-01-27T19:01:48,2024-01-27,401,27,Online,Credit Card,COUPON-09-,15.75,AUD
56652,2024-01-27T22:23:59,2024-01-27,20,13,Retail,Credit Card,COUPON9-A0,13.43,AUD
56689,2024-01-27T23:36:34,2024-01-27,348,9,Online,PayPal,COUPON-900,0.35,AUD
56752,2024-01-27T18:35:10,2024-01-27,317,49,Online,Credit Card,COUPONZ0Z-,17.15,AUD
56779,2024-01-27T10:01:36,2024-01-27,711,7,Online,Afterpay,COUPONZ99-,16.14,AUD
56836,2024-01-27T20:19:59,2024-01-27,702,34,Online,Afterpay,COUPON90A-,14.52,AUD
56841,2024-01-27T10:13:23,2024-01-27,459,28,Retail,PayPal,COUPON-0ZZ,7.94,AUD
56970,2024-01-27T18:29:12,2024-01-27,624,45,Retail,PayPal,COUPONZAA-,11.93,AUD
57115,2024-01-27T13:26:15,2024-01-27,665,18,Retail,PayPal,COUPON-09Z,13.67,AUD
57313,2024-01-27T14:55:14,2024-01-27,18,35,Online,PayPal,COUPONZZA9,13.4,AUD
57374,2024-01-27T16:18:27,2024-01-27,272,11,Online,Afterpay,COUPONA9A-,10.84,AUD
57411,2024-01-27T12:48:14,2024-01-27,405,10,Online,PayPal,COUPON00--,1.99,AUD
57440,2024-01-27T03:08:59,2024-01-27,529,32,Online,PayPal,COUPONA9-A,15.1,AUD
57472,2024-01-27T23:39:14,2024-01-27,330,4,Online,Credit Card,COUPON0-90,10.28,AUD
57560,2024-01-27T17:21:30,2024-01-27,571,21,Retail,Afterpay,COUPON-Z99,12.72,AUD
57647,2024-01-27T12:20:15,2024-01-27,460,18,Online,Credit Card,COUPON999-,2.2,AUD
57682,2024-01-27T23:00:47,2024-01-27,217,40,Online,Credit Card,COUPON-A-Z,3.93,AUD
57703,2024-01-27T08:32:02,2024-01-27,628,22,Online,PayPal,COUPON-Z-9,9.11,AUD
57779,2024-01-27T05:15:08,2024-01-27,438,1,Online,Credit Card,COUPONA-Z9,1.96,AUD
57797,2024-01-27T03:53:42,2024-01-27,175,45,Online,Afterpay,COUPON-990,11.97,AUD
57886,2024-01-27T22:12:42,2024-01-27,61,13,Retail,PayPal,COUPON9A-9,4.64,AUD
58058,2024-01-27T15:25:27,2024-01-27,448,27,Online,Afterpay,COUPON99--,6.9,AUD
58090,2024-01-27T22:47:12,2024-01-27,274,38,Online,PayPal,COUPON9---,2.3,AUD
58320,2024-01-27T05:39:43,2024-01-27,290,11,Online,PayPal,COUPON9ZAZ,5.53,AUD
58399,2024-01-27T03:14:00,2024-01-27,62,9,Online,Credit Card,COUPON9Z0Z,13.82,AUD
58556,2024-01-27T09:02:19,2024-01-27,428,46,Online,PayPal,COUPONA0AZ,2.76,AUD
58640,2024-01-27T22:36:26,2024-01-27,307,15,Online,Afterpay,COUPONAZ0-,16.35,AUD
58779,2024-01-27T20:37:36,2024-01-27,213,7,Retail,Credit Card,COUPONZ-ZA,11.38,AUD
58803,2024-01-27T19:16:15,2024-01-27,792,40,Retail,Afterpay,COUPON-A--,15.39,AUD
58894,2024-01-27T22:43:40,2024-01-27,602,6,Retail,PayPal,COUPONZ-99,15.65,AUD
58927,2024-01-27T19:08:04,2024-01-27,526,27,Online,Credit Card,COUPON90ZZ,1.94,AUD
59039,2024-01-27T09:23:56,2024-01-27,421,12,Retail,Afterpay,COUPONAAAZ,11.61,AUD
59163,2024-01-27T11:14:54,2024-01-27,326,41,Retail,Afterpay,COUPONA09A,10.73,AUD
59237,2024-01-27T05:16:47,2024-01-27,564,1,Retail,PayPal,COUPON-AA0,1.67,AUD
59270,2024-01-27T21:13:19,2024-01-27,587,18,Online,Afterpay,COUPON-A-A,16.1,AUD
59464,2024-01-27T10:22:47,2024-01-27,716,20,Retail,Afterpay,COUPONZ-AZ,3.56,AUD
59598,2024-01-27T14:16:16,2024-01-27,68,49,Retail,Credit Card,COUPONZ--0,19.77,AUD
59630,2024-01-27T06:14:46,2024-01-27,795,33,Retail,Credit Card,COUPON-ZZ-,0.13,AUD
59728,2024-01-27T10:29:46,2024-01-27,755,32,Retail,PayPal,COUPON-00-,13.76,AUD
59756,2024-01-27T03:08:36,2024-01-27,491,3,Retail,PayPal,COUPON--0A,13.09,AUD
59857,2024-01-27T18:16:39,2024-01-27,198,24,Retail,PayPal,COUPON-9Z9,14.53,AUD
59875,2024-01-27T01:49:24,2024-01-27,626,19,Online,Afterpay,COUPON-Z09,4.71,AUD
59889,2024-01-27T14:37:35,2024-01-27,696,34,Retail,Afterpay,COUPON-Z00,13.81,AUD
60056,2024-01-27T09:44:32,2024-01-27,735,17,Online,Credit Card,COUPON--Z-,1.7,AUD
60616,2024-01-27T07:56:04,2024-01-27,17,24,Retail,PayPal,COUPON00Z0,16.8,AUD
60922,2024-01-27T00:27:48,2024-01-27,45,40,Retail,Credit Card,COUPON0AA-,11.8,AUD
60973,2024-01-27T13:01:47,2024-01-27,135,10,Online,PayPal,COUPON9-A0,11.26,AUD
60985,2024-01-27T07:02:33,2024-01-27,33,39,Online,Credit Card,COUPON--9A,18.93,AUD
61357,2024-01-27T17:26:43,2024-01-27,132,35,Online,Afterpay,COUPON-9ZA,19.67,AUD
61367,2024-01-27T08:26:23,2024-01-27,643,43,Online,Afterpay,COUPON--A9,6.93,AUD
61480,2024-01-27T07:50:02,2024-01-27,187,8,Retail,PayPal,COUPON-0--,13.47,AUD
61551,2024-01-27T02:09:32,2024-01-27,495,31,Online,Afterpay,COUPONA---,6.51,AUD
61599,2024-01-27T13:53:45,2024-01-27,135,37,Online,PayPal,COUPONA-0A,9.07,AUD
61738,2024-01-27T00:42:53,2024-01-27,746,14,Online,Credit Card,COUPONZ9A9,14.45,AUD
61861,2024-01-27T01:56:49,2024-01-27,435,35,Online,PayPal,COUPON--Z-,4.8,AUD
61911,2024-01-27T13:10:05,2024-01-27,667,5,Retail,Credit Card,COUPON-Z--,15.06,AUD
61953,2024-01-27T14:37:37,2024-01-27,652,20,Retail,PayPal,COUPON-0ZA,18.71,AUD
62034,2024-01-27T10:07:15,2024-01-27,651,47,Online,Credit Card,COUPON9AZ-,7.06,AUD
62092,2024-01-27T07:06:05,2024-01-27,607,42,Retail,Credit Card,COUPON-900,11.64,AUD
62185,2024-01-27T18:24:22,2024-01-27,742,29,Retail,Credit Card,COUPON9999,0.86,AUD
62268,2024-01-27T09:26:29,2024-01-27,379,16,Online,PayPal,COUPON0A-0,12.11,AUD
62275,2024-01-27T08:08:32,2024-01-27,320,7,Retail,PayPal,COUPON099-,19.93,AUD
62310,2024-01-27T14:14:17,2024-01-27,532,14,Retail,Afterpay,COUPON--Z-,17.8,AUD
62478,2024-01-27T17:50:56,2024-01-27,31,25,Online,Credit Card,COUPON9Z--,11.97,AUD
62643,2024-01-27T13:22:49,2024-01-27,511,5,Retail,PayPal,COUPON-09-,12.38,AUD
62763,2024-01-27T07:49:45,2024-01-27,602,37,Retail,Afterpay,COUPON0A-Z,11.64,AUD
63018,2024-01-27T13:59:32,2024-01-27,182,18,Retail,Afterpay,COUPON9---,11.87,AUD
63083,2024-01-27T07:12:33,2024-01-27,270,20,Online,Afterpay,COUPON-A--,8.92,AUD
63146,2024-01-27T00:24:39,2024-01-27,162,26,Retail,Afterpay,COUPONAAAZ,3.09,AUD
63158,2024-01-27T07:06:53,2024-01-27,683,27,Retail,PayPal,COUPONAZ09,0.46,AUD
63201,2024-01-27T15:25:46,2024-01-27,740,24,Retail,Credit Card,COUPONAAA0,19.67,AUD
63202,2024-01-27T18:52:04,2024-01-27,735,12,Retail,Afterpay,COUPON9Z-0,3.78,AUD
63380,2024-01-27T06:00:41,2024-01-27,346,2,Retail,PayPal,COUPON9-ZA,19.26,AUD
63477,2024-01-27T04:45:01,2024-01-27,449,42,Online,PayPal,COUPON-ZA9,18.04,AUD
63526,2024-01-27T10:15:55,2024-01-27,641,11,Retail,Afterpay,COUPON-90A,6.19,AUD
63561,2024-01-27T03:20:55,2024-01-27,384,3,Retail,Afterpay,COUPON99A-,4.99,AUD
63564,2024-01-27T14:30:59,2024-01-27,494,4,Retail,Afterpay,COUPONA-A0,17.68,AUD
63611,2024-01-27T21:22:29,2024-01-27,58,48,Online,PayPal,COUPONZZ-0,0.9,AUD
63687,2024-01-27T19:37:35,2024-01-27,226,27,Retail,PayPal,COUPON00--,4.32,AUD
63689,2024-01-27T20:09:14,2024-01-27,131,30,Online,Afterpay,COUPON9ZZA,3.59,AUD
63954,2024-01-27T12:39:15,2024-01-27,220,16,Retail,PayPal,COUPON-AA9,12.5,AUD
63998,2024-01-27T22:09:25,2024-01-27,342,22,Retail,Credit Card,COUPON---A,9.34,AUD
64264,2024-01-27T17:06:08,2024-01-27,175,18,Retail,Credit Card,COUPON---Z,4.37,AUD
64423,2024-01-27T08:10:06,2024-01-27,533,45,Retail,Afterpay,COUPON-9A-,4.89,AUD
64552,2024-01-27T11:06:07,2024-01-27,496,21,Retail,Credit Card,COUPON-A--,12.62,AUD
64569,2024-01-27T14:32:21,2024-01-27,82,26,Online,PayPal,COUPON--Z9,11.12,AUD
64637,2024-01-27T01:20:48,2024-01-27,337,45,Retail,Afterpay,COUPON9---,19.33,AUD
64639,2024-01-27T04:56:47,2024-01-27,275,11,Online,Afterpay,COUPON0A9-,8.24,AUD
64841,2024-01-27T10:29:38,2024-01-27,371,34,Online,Afterpay,COUPON-Z9-,10.55,AUD
64843,2024-01-27T21:27:36,2024-01-27,195,43,Online,PayPal,COUPON-0A-,8.07,AUD
64961,2024-01-27T13:40:22,2024-01-27,44,37,Retail,Afterpay,COUPON0-A9,17.82,AUD
65105,2024-01-27T12:27:12,2024-01-27,487,8,Online,Afterpay,COUPON99A-,2.64,AUD
65106,2024-01-27T02:24:56,2024-01-27,57,37,Online,Credit Card,COUPONA-AA,6.69,AUD
65221,2024-01-27T09:53:43,2024-01-27,87,44,Retail,Afterpay,COUPONA99A,19.37,AUD
65305,2024-01-27T17:57:32,2024-01-27,232,25,Retail,Afterpay,COUPONAZ0A,6.04,AUD
65315,2024-01-27T09:09:26,2024-01-27,181,32,Online,Afterpay,COUPONZ9A9,0.04,AUD
65439,2024-01-27T14:43:02,2024-01-27,359,24,Online,PayPal,COUPONZ9ZA,7.57,AUD
65488,2024-01-27T18:15:48,2024-01-27,296,9,Retail,Credit Card,COUPON0Z--,13.85,AUD
65511,2024-01-27T07:53:25,2024-01-27,331,3,Online,Credit Card,COUPON-9-A,1.22,AUD
65529,2024-01-27T19:39:27,2024-01-27,94,15,Online,PayPal,COUPON-AA9,9.86,AUD
65533,2024-01-27T12:39:07,2024-01-27,692,47,Online,Credit Card,COUPON99Z9,0.58,AUD
65628,2024-01-27T03:38:26,2024-01-27,743,39,Online,Afterpay,COUPON-9-Z,14.61,AUD
65723,2024-01-27T00:36:50,2024-01-27,50,43,Retail,PayPal,COUPON9---,11.23,AUD
66193,2024-01-27T12:33:47,2024-01-27,61,22,Retail,PayPal,COUPONA9A-,18.12,AUD
66235,2024-01-27T19:21:07,2024-01-27,732,25,Online,Afterpay,COUPON9Z9-,15.54,AUD
66316,2024-01-27T23:00:15,2024-01-27,318,21,Retail,Afterpay,COUPONZ9ZA,0.17,AUD
66370,2024-01-27T21:49:51,2024-01-27,364,9,Retail,PayPal,COUPON-0ZZ,13.86,AUD
66500,2024-01-27T19:39:34,2024-01-27,699,34,Online,Afterpay,COUPONZ900,11.43,AUD
66550,2024-01-27T11:54:44,2024-01-27,607,32,Retail,Afterpay,COUPONZ-0-,19.51,AUD
66589,2024-01-27T19:10:58,2024-01-27,653,39,Retail,PayPal,COUPONZ99-,16.58,AUD
66677,2024-01-27T17:12:03,2024-01-27,104,34,Online,PayPal,COUPON9-90,9.76,AUD
66698,2024-01-27T23:26:48,2024-01-27,52,41,Online,PayPal,COUPONA-AA,16.72,AUD
66877,2024-01-27T16:07:31,2024-01-27,6,11,Online,Credit Card,COUPON000Z,8.29,AUD
66942,2024-01-27T06:47:38,2024-01-27,392,16,Online,PayPal,COUPON-9-0,6.8,AUD
66993,2024-01-27T03:03:30,2024-01-27,581,48,Retail,Afterpay,COUPONA9Z-,11.85,AUD
67060,2024-01-27T10:02:29,2024-01-27,598,47,Retail,Afterpay,COUPONZZ99,17.37,AUD
67223,2024-01-27T08:57:54,2024-01-27,490,26,Retail,Afterpay,COUPONZ900,6.55,AUD
67270,2024-01-27T12:54:50,2024-01-27,460,46,Online,Credit Card,COUPON90-A,16.49,AUD
67331,2024-01-27T06:36:31,2024-01-27,280,30,Online,PayPal,COUPON-0Z0,14.51,AUD
67408,2024-01-27T08:13:08,2024-01-27,224,41,Retail,Afterpay,COUPON0-AA,6.52,AUD
67436,2024-01-27T10:21:21,2024-01-27,103,20,Retail,Credit Card,COUPON---9,9.68,AUD
67497,2024-01-27T10:44:21,2024-01-27,379,9,Retail,Afterpay,COUPON90AA,6.65,AUD
67568,2024-01-27T03:39:17,2024-01-27,479,31,Online,PayPal,COUPONZ---,9.0,AUD
67677,2024-01-27T16:11:34,2024-01-27,302,42,Online,PayPal,COUPONZ-0-,5.33,AUD
67721,2024-01-27T22:34:38,2024-01-27,155,7,Retail,Afterpay,COUPON-000,2.56,AUD
67870,2024-01-27T13:32:20,2024-01-27,380,3,Retail,PayPal,COUPON0-0A,8.73,AUD
68010,2024-01-27T11:25:07,2024-01-27,464,23,Online,Afterpay,COUPON--AZ,4.46,AUD
68089,2024-01-27T07:56:33,2024-01-27,568,41,Online,PayPal,COUPONA0--,8.39,AUD
68105,2024-01-27T06:30:04,2024-01-27,149,28,Online,PayPal,COUPON990-,4.99,AUD
68161,2024-01-27T20:00:28,2024-01-27,733,24,Retail,PayPal,COUPONZ0-A,14.82,AUD
68288,2024-01-27T19:05:33,2024-01-27,318,28,Online,Credit Card,COUPON90-0,15.3,AUD
68296,2024-01-27T10:53:34,2024-01-27,472,44,Retail,Afterpay,COUPON0Z--,5.56,AUD
68300,2024-01-27T15:57:38,2024-01-27,466,2,Online,Credit Card,COUPON--Z0,10.15,AUD
68536,2024-01-27T14:32:11,2024-01-27,333,30,Retail,Afterpay,COUPON9-09,19.66,AUD
68574,2024-01-27T13:34:17,2024-01-27,539,26,Online,PayPal,COUPONA0AZ,12.33,AUD
68673,2024-01-27T14:31:24,2024-01-27,547,37,Retail,Afterpay,COUPONZA-A,12.85,AUD
68764,2024-01-27T01:51:48,2024-01-27,84,28,Retail,PayPal,COUPONZ-A-,15.49,AUD
68877,2024-01-27T22:52:52,2024-01-27,129,30,Retail,Afterpay,COUPONA9AZ,18.55,AUD
68882,2024-01-27T02:22:34,2024-01-27,168,2,Retail,Afterpay,COUPONAA-0,15.42,AUD
68905,2024-01-27T13:28:40,2024-01-27,606,23,Retail,Credit Card,COUPONZZA-,8.75,AUD
68978,2024-01-27T01:24:39,2024-01-27,98,47,Retail,PayPal,COUPONA9-9,13.52,AUD
69087,2024-01-27T21:44:00,2024-01-27,676,2,Retail,Afterpay,COUPON9-ZA,15.14,AUD
69152,2024-01-27T07:28:13,2024-01-27,272,41,Online,PayPal,COUPON0-AZ,19.88,AUD
69165,2024-01-27T17:54:54,2024-01-27,154,25,Online,Credit Card,COUPON--Z9,5.6,AUD
69353,2024-01-27T18:15:26,2024-01-27,666,8,Online,Afterpay,COUPON9-9A,13.7,AUD
69524,2024-01-27T19:34:39,2024-01-27,60,10,Retail,Credit Card,COUPONAZAZ,7.38,AUD
69574,2024-01-27T19:36:53,2024-01-27,537,22,Retail,PayPal,COUPON99-9,11.03,AUD
69977,2024-01-27T08:22:50,2024-01-27,539,14,Retail,Credit Card,COUPON9099,5.9,AUD
70045,2024-01-27T06:21:50,2024-01-27,60,34,Online,Afterpay,COUPON99A0,9.16,AUD
70203,2024-01-27T03:43:23,2024-01-27,668,10,Online,Afterpay,COUPONZ-AA,17.52,AUD
70298,2024-01-27T01:39:33,2024-01-27,522,10,Retail,Credit Card,COUPON-9--,18.96,AUD
70402,2024-01-27T10:40:00,2024-01-27,717,8,Online,Credit Card,COUPONZ--Z,5.76,AUD
70542,2024-01-27T08:20:14,2024-01-27,341,38,Online,PayPal,COUPON9-Z0,8.5,AUD
70633,2024-01-27T06:28:47,2024-01-27,9,25,Online,PayPal,COUPONZ00-,16.42,AUD
70660,2024-01-27T23:37:19,2024-01-27,246,11,Retail,Afterpay,COUPON---Z,7.53,AUD
70918,2024-01-27T15:40:55,2024-01-27,341,35,Retail,Credit Card,COUPONA-Z9,15.04,AUD
70925,2024-01-27T23:44:22,2024-01-27,638,18,Online,Credit Card,COUPON--0A,4.78,AUD
71125,2024-01-27T21:14:36,2024-01-27,311,34,Retail,PayPal,COUPONAZZ9,2.61,AUD
71135,2024-01-27T19:01:09,2024-01-27,329,38,Retail,PayPal,COUPON---A,7.08,AUD
71310,2024-01-27T18:29:41,2024-01-27,306,31,Online,Credit Card,COUPONZ0Z0,4.81,AUD
71324,2024-01-27T14:47:43,2024-01-27,45,46,Retail,Credit Card,COUPONA09A,7.28,AUD
71386,2024-01-27T10:38:53,2024-01-27,711,28,Retail,Afterpay,COUPONA-ZZ,4.66,AUD
71469,2024-01-27T17:14:35,2024-01-27,505,27,Retail,Afterpay,COUPON--0Z,15.49,AUD
71572,2024-01-27T07:00:47,2024-01-27,237,36,Online,Afterpay,COUPON0-A9,15.58,AUD
71580,2024-01-27T04:39:22,2024-01-27,656,30,Retail,Afterpay,COUPON0Z09,0.72,AUD
71995,2024-01-27T19:08:08,2024-01-27,13,35,Online,Credit Card,COUPON--A0,4.64,AUD
72073,2024-01-27T00:09:09,2024-01-27,560,42,Online,Credit Card,COUPONZ-ZZ,6.45,AUD
72113,2024-01-27T15:20:35,2024-01-27,459,15,Retail,Credit Card,COUPON-A-0,12.56,AUD
72193,2024-01-27T11:08:56,2024-01-27,343,8,Retail,PayPal,COUPON-9--,12.06,AUD
72217,2024-01-27T04:04:06,2024-01-27,658,26,Retail,Afterpay,COUPONAA-Z,6.17,AUD
72273,2024-01-27T09:28:47,2024-01-27,671,32,Online,Afterpay,COUPON99--,16.69,AUD
72463,2024-01-27T16:13:33,2024-01-27,250,43,Retail,Afterpay,COUPONZ0AZ,17.53,AUD
72577,2024-01-27T04:42:55,2024-01-27,527,45,Retail,PayPal,COUPON-AZ-,3.13,AUD
72663,2024-01-27T00:54:05,2024-01-27,656,21,Online,PayPal,COUPON-0-A,1.74,AUD
72703,2024-01-27T16:13:41,2024-01-27,631,22,Retail,Credit Card,COUPON-9Z0,12.85,AUD
72880,2024-01-27T09:40:27,2024-01-27,371,34,Online,PayPal,COUPONZ0ZZ,19.75,AUD
72970,2024-01-27T21:15:01,2024-01-27,150,36,Online,PayPal,COUPON0A-A,19.36,AUD
73053,2024-01-27T21:10:04,2024-01-27,510,15,Retail,Afterpay,COUPON90-9,12.15,AUD
73078,2024-01-27T01:47:00,2024-01-27,795,14,Online,Credit Card,COUPON9A0Z,16.47,AUD
73231,2024-01-27T12:35:31,2024-01-27,581,17,Retail,Afterpay,COUPONA9--,6.72,AUD
73402,2024-01-27T21:00:50,2024-01-27,658,12,Online,PayPal,COUPON-A-Z,16.03,AUD
73570,2024-01-27T10:20:53,2024-01-27,163,23,Retail,PayPal,COUPONA--9,3.82,AUD
73640,2024-01-27T06:03:01,2024-01-27,647,10,Retail,Credit Card,COUPON0Z-A,3.32,AUD
73749,2024-01-27T14:20:08,2024-01-27,417,22,Online,PayPal,COUPON-99-,14.14,AUD
73958,2024-01-27T18:58:44,2024-01-27,127,5,Retail,Afterpay,COUPON0---,3.49,AUD
73994,2024-01-27T23:01:42,2024-01-27,185,33,Online,PayPal,COUPON9Z-Z,11.69,AUD
74024,2024-01-27T18:32:35,2024-01-27,532,20,Online,Afterpay,COUPON--90,19.65,AUD
74072,2024-01-27T17:41:52,2024-01-27,255,32,Retail,Credit Card,COUPONAZA-,8.53,AUD
74199,2024-01-27T20:47:58,2024-01-27,17,8,Retail,Credit Card,COUPON-0--,7.11,AUD
74247,2024-01-27T16:39:23,2024-01-27,288,38,Online,Afterpay,COUPON-0-9,10.65,AUD
74323,2024-01-27T07:08:06,2024-01-27,306,40,Online,PayPal,COUPON-9-0,3.14,AUD
74405,2024-01-27T22:13:50,2024-01-27,509,37,Online,Afterpay,COUPON0AZZ,3.94,AUD
74438,2024-01-27T10:26:41,2024-01-27,735,23,Online,Afterpay,COUPON-AAZ,5.96,AUD
74629,2024-01-27T00:15:49,2024-01-27,257,5,Retail,Credit Card,COUPONA0-0,11.77,AUD
74985,2024-01-27T01:42:47,2024-01-27,547,38,Retail,PayPal,COUPONAA--,15.34,AUD
75048,2024-01-27T12:18:14,2024-01-27,539,24,Retail,PayPal,COUPONZZ--,14.92,AUD
75099,2024-01-27T15:52:15,2024-01-27,485,1,Retail,Credit Card,COUPON-Z99,10.59,AUD
75216,2024-01-27T23:57:55,2024-01-27,746,17,Retail,Credit Card,COUPONAAZ9,9.86,AUD
75447,2024-01-27T16:13:36,2024-01-27,714,42,Online,Credit Card,COUPON9-9-,19.4,AUD
75623,2024-01-27T07:39:47,2024-01-27,691,22,Online,Afterpay,COUPON0-9-,18.02,AUD
75638,2024-01-27T17:25:56,2024-01-27,693,4,Retail,Afterpay,COUPONZZ--,13.88,AUD
75645,2024-01-27T22:18:21,2024-01-27,59,27,Online,Credit Card,COUPON-Z-9,7.05,AUD
75734,2024-01-27T22:31:08,2024-01-27,78,3,Retail,PayPal,COUPON0Z-Z,9.88,AUD
75783,2024-01-27T08:24:14,2024-01-27,52,27,Retail,Afterpay,COUPON-Z0Z,9.26,AUD
75953,2024-01-27T02:34:12,2024-01-27,20,1,Online,Credit Card,COUPON-ZA9,8.47,AUD
75971,2024-01-27T11:29:06,2024-01-27,504,36,Online,PayPal,COUPON--A9,6.02,AUD
75994,2024-01-27T06:47:42,2024-01-27,790,45,Retail,PayPal,COUPON-90-,4.51,AUD
76030,2024-01-27T00:26:14,2024-01-27,774,47,Online,Credit Card,COUPONZ-AZ,17.64,AUD
76074,2024-01-27T03:23:49,2024-01-27,15,7,Online,Credit Card,COUPONZ-9A,9.46,AUD
76106,2024-01-27T18:30:24,2024-01-27,510,47,Online,PayPal,COUPON--00,4.06,AUD
76395,2024-01-27T16:52:13,2024-01-27,771,23,Online,Credit Card,COUPONZA00,9.28,AUD
76817,2024-01-27T03:56:57,2024-01-27,676,49,Retail,PayPal,COUPON--0-,17.42,AUD
76909,2024-01-27T11:59:11,2024-01-27,490,41,Retail,PayPal,COUPON-Z--,13.72,AUD
76988,2024-01-27T21:31:01,2024-01-27,396,40,Retail,PayPal,COUPON000A,14.33,AUD
77052,2024-01-27T02:01:23,2024-01-27,219,44,Retail,Afterpay,COUPONA9AZ,7.94,AUD
77097,2024-01-27T01:58:47,2024-01-27,601,8,Online,Afterpay,COUPONZ-A-,16.51,AUD
77130,2024-01-27T00:04:51,2024-01-27,687,17,Retail,PayPal,COUPON--9-,6.27,AUD
77136,2024-01-27T05:52:29,2024-01-27,599,28,Online,Credit Card,COUPON9-AA,16.96,AUD
77475,2024-01-27T22:58:19,2024-01-27,108,32,Retail,Credit Card,COUPON0Z99,17.94,AUD
77519,2024-01-27T00:28:07,2024-01-27,80,10,Online,Credit Card,COUPONAAA9,12.88,AUD
77672,2024-01-27T20:09:31,2024-01-27,499,3,Retail,Credit Card,COUPONZ-0Z,3.32,AUD
77910,2024-01-27T08:20:53,2024-01-27,610,21,Retail,PayPal,COUPONZA-A,15.37,AUD
77954,2024-01-27T16:07:46,2024-01-27,298,18,Retail,PayPal,COUPON--A9,10.87,AUD
77985,2024-01-27T11:41:58,2024-01-27,791,24,Retail,PayPal,COUPONZZZA,2.26,AUD
77988,2024-01-27T18:27:30,2024-01-27,143,41,Online,Afterpay,COUPONZ9--,6.99,AUD
77989,2024-01-27T20:04:45,2024-01-27,728,19,Online,PayPal,COUPONZ-Z0,12.2,AUD
78012,2024-01-27T23:45:52,2024-01-27,332,36,Online,Afterpay,COUPON-9-9,0.97,AUD
78074,2024-01-27T10:51:24,2024-01-27,245,24,Retail,Credit Card,COUPONZ999,11.43,AUD
78100,2024-01-27T07:07:00,2024-01-27,496,46,Retail,Credit Card,COUPON-AA9,9.79,AUD
78160,2024-01-27T07:31:17,2024-01-27,750,15,Online,PayPal,COUPON0AZZ,4.32,AUD
78179,2024-01-27T13:20:44,2024-01-27,284,3,Retail,Credit Card,COUPON--9-,0.74,AUD
78250,2024-01-27T05:38:25,2024-01-27,670,11,Online,Afterpay,COUPON---Z,15.04,AUD
78442,2024-01-27T14:19:12,2024-01-27,709,13,Retail,Credit Card,COUPON0-00,19.51,AUD
78467,2024-01-27T16:59:09,2024-01-27,133,16,Online,PayPal,COUPON0-ZA,7.2,AUD
78472,2024-01-27T23:53:50,2024-01-27,336,15,Online,PayPal,COUPONZ-A9,16.23,AUD
78726,2024-01-27T02:23:11,2024-01-27,94,46,Online,PayPal,COUPON-Z--,2.89,AUD
78729,2024-01-27T14:02:55,2024-01-27,679,46,Retail,Afterpay,COUPON0-AA,2.2,AUD
78750,2024-01-27T23:44:11,2024-01-27,351,31,Retail,PayPal,COUPON-A-0,0.56,AUD
78780,2024-01-27T14:52:34,2024-01-27,610,20,Online,PayPal,COUPON----,12.33,AUD
78807,2024-01-27T18:57:42,2024-01-27,594,13,Online,Credit Card,COUPON9-0-,18.96,AUD
78852,2024-01-27T14:29:43,2024-01-27,441,19,Retail,Afterpay,COUPON000-,7.09,AUD
78901,2024-01-27T10:15:03,2024-01-27,415,4,Retail,PayPal,COUPONZA0A,1.12,AUD
79029,2024-01-27T03:26:25,2024-01-27,538,20,Retail,Credit Card,COUPONZ999,18.22,AUD
79040,2024-01-27T23:14:33,2024-01-27,143,19,Online,Credit Card,COUPONA0A-,15.55,AUD
79153,2024-01-27T07:32:07,2024-01-27,436,9,Online,Afterpay,COUPON-Z00,9.72,AUD
79208,2024-01-27T07:28:50,2024-01-27,40,47,Retail,Afterpay,COUPONZ0Z-,15.86,AUD
79352,2024-01-27T13:32:43,2024-01-27,380,24,Retail,Credit Card,COUPONA--Z,8.59,AUD
79586,2024-01-27T16:37:10,2024-01-27,299,3,Online,Credit Card,COUPON9-0-,19.61,AUD
79600,2024-01-27T23:52:52,2024-01-27,175,13,Online,PayPal,COUPONA00-,17.82,AUD
79773,2024-01-27T14:34:46,2024-01-27,737,3,Retail,PayPal,COUPON-0--,14.24,AUD
79887,2024-01-27T07:07:36,2024-01-27,774,40,Retail,Credit Card,COUPONAZ--,14.58,AUD
79897,2024-01-27T01:09:54,2024-01-27,204,1,Retail,Credit Card,COUPON0AA-,1.99,AUD
79937,2024-01-27T17:36:44,2024-01-27,252,13,Online,Afterpay,COUPON-A-0,0.66,AUD
79956,2024-01-27T23:42:45,2024-01-27,750,47,Retail,Afterpay,COUPONZZ0-,19.73,AUD
80007,2024-01-27T11:53:04,2024-01-27,13,11,Online,PayPal,COUPONZ-A-,0.42,AUD
80043,2024-01-27T18:30:09,2024-01-27,263,38,Retail,PayPal,COUPON--9-,13.26,AUD
80167,2024-01-27T05:14:44,2024-01-27,273,42,Retail,Afterpay,COUPONA-09,18.83,AUD
80285,2024-01-27T15:16:03,2024-01-27,56,35,Online,Credit Card,COUPONZZ90,12.62,AUD
80362,2024-01-27T10:05:03,2024-01-27,144,22,Online,PayPal,COUPONAZ--,17.39,AUD
80423,2024-01-27T03:34:42,2024-01-27,789,10,Retail,Credit Card,COUPONZZ-9,3.08,AUD
80461,2024-01-27T02:40:39,2024-01-27,788,5,Online,Afterpay,COUPON-A9-,4.81,AUD
80547,2024-01-27T12:14:26,2024-01-27,424,48,Online,Credit Card,COUPON-9-Z,16.31,AUD
80553,2024-01-27T23:02:31,2024-01-27,305,10,Online,PayPal,COUPON09-0,18.83,AUD
80568,2024-01-27T22:09:15,2024-01-27,522,30,Retail,PayPal,COUPON0-A0,1.11,AUD
80589,2024-01-27T20:53:58,2024-01-27,322,32,Retail,Afterpay,COUPONA9ZA,1.42,AUD
80702,2024-01-27T06:16:49,2024-01-27,372,5,Online,Afterpay,COUPON--9A,18.25,AUD
80731,2024-01-27T19:26:37,2024-01-27,441,16,Retail,Credit Card,COUPON9-Z-,0.11,AUD
80743,2024-01-27T14:01:41,2024-01-27,684,34,Online,Afterpay,COUPON-0-Z,2.65,AUD
80905,2024-01-27T06:01:31,2024-01-27,557,3,Online,Credit Card,COUPONZ-0A,11.47,AUD
80964,2024-01-27T21:58:42,2024-01-27,371,45,Retail,Afterpay,COUPON0Z-A,7.44,AUD
81037,2024-01-27T02:44:29,2024-01-27,613,22,Retail,Afterpay,COUPON9A-9,12.25,AUD
81052,2024-01-27T17:04:45,2024-01-27,481,45,Retail,PayPal,COUPONA--9,1.12,AUD
81127,2024-01-27T13:18:26,2024-01-27,248,33,Retail,PayPal,COUPON--0-,2.27,AUD
81245,2024-01-27T16:17:28,2024-01-27,138,40,Retail,Afterpay,COUPON--0-,14.27,AUD
81325,2024-01-27T11:13:06,2024-01-27,333,32,Retail,Afterpay,COUPON9A9-,11.56,AUD
81459,2024-01-27T13:49:27,2024-01-27,153,34,Online,PayPal,COUPONZ99Z,4.82,AUD
81525,2024-01-27T14:51:57,2024-01-27,275,38,Retail,Afterpay,COUPON-0-0,9.97,AUD
81596,2024-01-27T18:51:45,2024-01-27,174,20,Retail,Afterpay,COUPON-0Z9,6.15,AUD
81667,2024-01-27T17:29:19,2024-01-27,165,9,Online,Afterpay,COUPON-0-0,14.98,AUD
81787,2024-01-27T21:15:29,2024-01-27,527,20,Retail,Afterpay,COUPON-0-9,3.58,AUD
81831,2024-01-27T14:03:14,2024-01-27,582,34,Online,Afterpay,COUPON-9-9,6.69,AUD
81853,2024-01-27T17:00:45,2024-01-27,40,44,Retail,Credit Card,COUPONA-ZZ,3.29,AUD
81889,2024-01-27T16:16:41,2024-01-27,322,34,Online,PayPal,COUPON990-,10.38,AUD
82083,2024-01-27T18:39:36,2024-01-27,568,47,Retail,Credit Card,COUPONZ0-0,11.59,AUD
82172,2024-01-27T09:12:23,2024-01-27,47,15,Retail,Afterpay,COUPON9-0-,18.6,AUD
82224,2024-01-27T20:04:58,2024-01-27,42,39,Online,PayPal,COUPON090-,13.12,AUD
82251,2024-01-27T21:23:01,2024-01-27,78,28,Online,Credit Card,COUPON0Z-0,8.57,AUD
82264,2024-01-27T00:02:10,2024-01-27,470,20,Online,PayPal,COUPONAZ9A,2.91,AUD
82351,2024-01-27T22:48:43,2024-01-27,390,29,Online,Afterpay,COUPONA0-Z,0.56,AUD
82399,2024-01-27T11:28:34,2024-01-27,170,25,Retail,PayPal,COUPON0A-Z,17.36,AUD
82461,2024-01-27T10:55:28,2024-01-27,30,49,Retail,PayPal,COUPONAZ0-,12.32,AUD
82633,2024-01-27T14:38:55,2024-01-27,354,46,Online,Credit Card,COUPON-A9Z,16.39,AUD
82843,2024-01-27T10:26:52,2024-01-27,638,25,Online,Credit Card,COUPON--Z9,19.61,AUD
82936,2024-01-27T01:14:14,2024-01-27,664,6,Retail,Credit Card,COUPON9-90,0.03,AUD
82968,2024-01-27T04:24:58,2024-01-27,238,8,Online,Credit Card,COUPONAZ-A,1.53,AUD
82989,2024-01-27T09:36:19,2024-01-27,459,33,Retail,PayPal,COUPON-9A-,1.17,AUD
83036,2024-01-27T06:50:03,2024-01-27,603,21,Online,PayPal,COUPON-A-9,1.23,AUD
83050,2024-01-27T20:12:34,2024-01-27,304,23,Retail,Afterpay,COUPONZZA-,8.41,AUD
83080,2024-01-27T13:51:59,2024-01-27,98,37,Retail,Afterpay,COUPON-A-A,15.31,AUD
83242,2024-01-27T22:22:38,2024-01-27,149,29,Online,PayPal,COUPON-A90,15.3,AUD
83299,2024-01-27T02:17:49,2024-01-27,442,5,Retail,PayPal,COUPON----,2.66,AUD
83319,2024-01-27T15:06:57,2024-01-27,266,24,Online,PayPal,COUPONA-9Z,17.45,AUD
83320,2024-01-27T07:49:03,2024-01-27,684,38,Retail,PayPal,COUPON--AZ,11.96,AUD
83328,2024-01-27T16:06:26,2024-01-27,542,28,Retail,Credit Card,COUPONA-09,14.27,AUD
83447,2024-01-27T01:04:06,2024-01-27,678,33,Online,Credit Card,COUPONAA0-,13.22,AUD
83550,2024-01-27T12:46:42,2024-01-27,28,35,Online,Afterpay,COUPON0ZA9,19.42,AUD
83679,2024-01-27T05:11:05,2024-01-27,96,36,Online,Credit Card,COUPON0--A,19.78,AUD
83714,2024-01-27T07:24:04,2024-01-27,230,2,Retail,Credit Card,COUPONZ999,12.09,AUD
83757,2024-01-27T22:00:27,2024-01-27,470,6,Retail,PayPal,COUPON0Z9Z,17.3,AUD
83817,2024-01-27T10:57:27,2024-01-27,128,28,Retail,Afterpay,COUPON-0--,0.25,AUD
83881,2024-01-27T20:51:22,2024-01-27,700,49,Online,Afterpay,COUPONZ00Z,3.49,AUD
83908,2024-01-27T07:05:16,2024-01-27,513,2,Online,PayPal,COUPONZ-9A,15.25,AUD
83986,2024-01-27T23:08:47,2024-01-27,148,24,Online,PayPal,COUPON909Z,16.86,AUD
84581,2024-01-27T09:28:38,2024-01-27,229,19,Retail,Afterpay,COUPON---Z,8.27,AUD
84582,2024-01-27T17:24:52,2024-01-27,532,25,Retail,PayPal,COUPONZ--Z,9.19,AUD
84723,2024-01-27T11:29:11,2024-01-27,726,16,Online,PayPal,COUPON0A9Z,19.81,AUD
84912,2024-01-27T09:30:21,2024-01-27,2,21,Online,Afterpay,COUPON9A-9,0.17,AUD
84923,2024-01-27T16:10:06,2024-01-27,300,38,Online,Credit Card,COUPON9-Z0,7.4,AUD
85105,2024-01-27T13:04:48,2024-01-27,402,31,Online,PayPal,COUPON--ZZ,16.79,AUD
85378,2024-01-27T01:28:47,2024-01-27,140,24,Retail,Credit Card,COUPONA-99,5.69,AUD
85811,2024-01-27T11:15:14,2024-01-27,488,15,Online,PayPal,COUPONZ0A-,12.34,AUD
85955,2024-01-27T20:25:19,2024-01-27,665,19,Online,PayPal,COUPON-0-9,9.72,AUD
85967,2024-01-27T11:36:57,2024-01-27,238,21,Online,Afterpay,COUPONA0Z-,19.46,AUD
86005,2024-01-27T05:20:47,2024-01-27,789,45,Retail,PayPal,COUPON--A9,6.96,AUD
86093,2024-01-27T09:36:24,2024-01-27,80,39,Online,Afterpay,COUPONZ-0A,7.72,AUD
86192,2024-01-27T19:34:50,2024-01-27,704,10,Retail,Credit Card,COUPON-0Z-,12.68,AUD
86359,2024-01-27T06:37:16,2024-01-27,670,33,Retail,Afterpay,COUPON9909,12.77,AUD
86407,2024-01-27T22:03:51,2024-01-27,451,2,Retail,Afterpay,COUPONZ-90,17.72,AUD
86515,2024-01-27T08:28:26,2024-01-27,375,27,Online,PayPal,COUPONZ99A,0.91,AUD
86519,2024-01-27T07:22:40,2024-01-27,550,17,Retail,PayPal,COUPON--A0,15.65,AUD
86833,2024-01-27T05:56:18,2024-01-27,64,40,Retail,Credit Card,COUPONA0-A,0.48,AUD
86932,2024-01-27T07:00:24,2024-01-27,439,12,Online,Afterpay,COUPONA9Z0,8.48,AUD
87069,2024-01-27T09:56:07,2024-01-27,316,33,Online,PayPal,COUPON0AZ9,17.92,AUD
87371,2024-01-27T22:35:00,2024-01-27,96,14,Retail,PayPal,COUPON--Z0,1.72,AUD
87421,2024-01-27T07:11:13,2024-01-27,369,15,Online,Afterpay,COUPON-9A-,3.87,AUD
87504,2024-01-27T08:19:03,2024-01-27,593,30,Retail,PayPal,COUPON----,0.7,AUD
87520,2024-01-27T03:01:10,2024-01-27,109,39,Online,Credit Card,COUPON90--,9.48,AUD
87555,2024-01-27T20:04:35,2024-01-27,187,20,Retail,PayPal,COUPONAA-0,10.74,AUD
87686,2024-01-27T06:05:12,2024-01-27,731,27,Retail,PayPal,COUPON00A0,2.1,AUD
87799,2024-01-27T02:44:34,2024-01-27,714,10,Retail,Credit Card,COUPONZ09-,15.13,AUD
87866,2024-01-27T20:33:50,2024-01-27,634,48,Online,Afterpay,COUPONZ-AZ,2.66,AUD
88022,2024-01-27T22:01:15,2024-01-27,393,13,Retail,PayPal,COUPON--A-,6.75,AUD
88057,2024-01-27T06:26:43,2024-01-27,786,10,Retail,PayPal,COUPON-00-,15.37,AUD
88069,2024-01-27T15:53:13,2024-01-27,194,23,Retail,PayPal,COUPONA-90,17.91,AUD
88159,2024-01-27T10:53:24,2024-01-27,720,39,Retail,Credit Card,COUPONZ-AA,14.76,AUD
88371,2024-01-27T19:37:13,2024-01-27,425,10,Retail,Credit Card,COUPONZZ99,2.73,AUD
88531,2024-01-27T02:52:36,2024-01-27,787,9,Retail,PayPal,COUPONZA--,4.26,AUD
88690,2024-01-27T09:04:01,2024-01-27,744,34,Retail,Afterpay,COUPONZ-ZA,4.9,AUD
88930,2024-01-27T10:38:51,2024-01-27,54,19,Online,PayPal,COUPON0Z9A,2.82,AUD
89104,2024-01-27T23:08:38,2024-01-27,23,7,Online,Afterpay,COUPONZ9ZA,16.07,AUD
89169,2024-01-27T03:54:21,2024-01-27,77,24,Online,Credit Card,COUPONZ0-9,16.01,AUD
89233,2024-01-27T09:21:23,2024-01-27,39,4,Online,Credit Card,COUPONA9--,0.54,AUD
89377,2024-01-27T21:32:41,2024-01-27,313,25,Online,Afterpay,COUPON000-,10.38,AUD
89517,2024-01-27T03:30:14,2024-01-27,516,47,Retail,PayPal,COUPON9-AA,16.87,AUD
89545,2024-01-27T23:58:06,2024-01-27,771,38,Online,PayPal,COUPONA-ZA,4.09,AUD
89611,2024-01-27T10:29:00,2024-01-27,653,21,Online,Afterpay,COUPON--9-,17.25,AUD
89683,2024-01-27T06:00:51,2024-01-27,773,6,Online,PayPal,COUPON---Z,18.73,AUD
89812,2024-01-27T19:14:52,2024-01-27,21,32,Retail,PayPal,COUPON0ZZZ,0.34,AUD
89888,2024-01-27T05:14:29,2024-01-27,757,24,Retail,PayPal,COUPON0-Z-,9.61,AUD
89944,2024-01-27T09:15:59,2024-01-27,8,35,Retail,Credit Card,COUPONZZ0A,14.06,AUD
90001,2024-01-27T15:55:41,2024-01-27,86,23,Retail,PayPal,COUPONAA09,5.39,AUD
90028,2024-01-27T11:55:11,2024-01-27,618,32,Retail,Afterpay,COUPON-0Z0,3.09,AUD
90171,2024-01-27T04:28:57,2024-01-27,506,18,Online,PayPal,COUPONA-9A,9.32,AUD
90310,2024-01-27T05:54:24,2024-01-27,505,9,Retail,Credit Card,COUPON9ZZ-,18.35,AUD
90592,2024-01-27T21:51:33,2024-01-27,158,23,Online,PayPal,COUPON-0Z-,8.09,AUD
90630,2024-01-27T09:35:12,2024-01-27,101,29,Online,Afterpay,COUPONZ09-,0.15,AUD
90657,2024-01-27T03:25:09,2024-01-27,212,9,Online,PayPal,COUPON---Z,15.47,AUD
90766,2024-01-27T08:17:16,2024-01-27,520,22,Online,Afterpay,COUPONZ-9A,9.18,AUD
90819,2024-01-27T00:36:31,2024-01-27,450,42,Online,PayPal,COUPONA9ZA,12.11,AUD
90907,2024-01-27T19:37:35,2024-01-27,714,43,Retail,Afterpay,COUPON-AA-,19.56,AUD
91025,2024-01-27T00:49:06,2024-01-27,577,48,Online,PayPal,COUPON--A-,17.27,AUD
91150,2024-01-27T20:30:50,2024-01-27,118,11,Retail,Afterpay,COUPON0-9A,5.28,AUD
91343,2024-01-27T00:42:03,2024-01-27,749,34,Online,PayPal,COUPON9---,9.31,AUD
91432,2024-01-27T15:38:55,2024-01-27,728,14,Retail,PayPal,COUPON-A-Z,6.55,AUD
91637,2024-01-27T14:36:25,2024-01-27,599,46,Online,Credit Card,COUPON--00,10.63,AUD
91643,2024-01-27T19:17:19,2024-01-27,392,38,Online,Credit Card,COUPON9A--,19.37,AUD
91747,2024-01-27T14:48:02,2024-01-27,399,33,Online,PayPal,COUPONA0-Z,15.89,AUD
92192,2024-01-27T15:50:20,2024-01-27,618,12,Retail,PayPal,COUPON9-0-,5.32,AUD
92246,2024-01-27T09:40:20,2024-01-27,545,7,Online,Afterpay,COUPON--ZA,11.89,AUD
92273,2024-01-27T06:53:44,2024-01-27,680,46,Retail,PayPal,COUPONZ-0A,10.68,AUD
92365,2024-01-27T18:36:15,2024-01-27,567,47,Online,Credit Card,COUPONAAA-,10.02,AUD
92368,2024-01-27T01:48:21,2024-01-27,70,6,Retail,PayPal,COUPONA0ZA,2.38,AUD
92477,2024-01-27T00:35:00,2024-01-27,661,8,Online,Afterpay,COUPONA99-,15.03,AUD
92512,2024-01-27T23:47:35,2024-01-27,221,36,Online,Afterpay,COUPON0-9-,5.12,AUD
92524,2024-01-27T10:38:09,2024-01-27,281,11,Retail,PayPal,COUPON-0A-,15.79,AUD
92531,2024-01-27T00:33:27,2024-01-27,199,44,Retail,Credit Card,COUPON-99-,7.84,AUD
92643,2024-01-27T18:18:21,2024-01-27,607,24,Retail,Credit Card,COUPON--AZ,4.47,AUD
92666,2024-01-27T10:32:49,2024-01-27,51,15,Online,Credit Card,COUPON--0A,2.87,AUD
92754,2024-01-27T00:21:44,2024-01-27,741,48,Retail,Afterpay,COUPON---9,13.82,AUD
92760,2024-01-27T00:50:46,2024-01-27,667,26,Retail,PayPal,COUPON0Z9-,9.69,AUD
92912,2024-01-27T16:22:10,2024-01-27,49,23,Retail,Afterpay,COUPON9---,6.06,AUD
93029,2024-01-27T10:43:56,2024-01-27,797,15,Retail,Afterpay,COUPON-Z0Z,15.1,AUD
93075,2024-01-27T09:21:31,2024-01-27,766,8,Online,Credit Card,COUPON-9A-,7.49,AUD
93254,2024-01-27T13:29:49,2024-01-27,135,23,Retail,PayPal,COUPONA0-9,1.25,AUD
93433,2024-01-27T11:02:31,2024-01-27,629,3,Online,PayPal,COUPON-A09,12.81,AUD
93491,2024-01-27T17:23:16,2024-01-27,323,31,Online,Credit Card,COUPON0-9A,4.07,AUD
93494,2024-01-27T10:51:49,2024-01-27,592,2,Online,Credit Card,COUPONZZ-0,9.74,AUD
93563,2024-01-27T02:23:13,2024-01-27,478,11,Online,Credit Card,COUPON-0-9,11.01,AUD
93759,2024-01-27T16:35:45,2024-01-27,626,21,Retail,PayPal,COUPON-9-A,1.11,AUD
93855,2024-01-27T04:05:05,2024-01-27,603,20,Retail,Afterpay,COUPON-909,15.55,AUD
93874,2024-01-27T05:52:36,2024-01-27,730,49,Retail,PayPal,COUPON--AZ,11.58,AUD
93985,2024-01-27T17:55:55,2024-01-27,525,37,Retail,PayPal,COUPON--90,12.23,AUD
93994,2024-01-27T08:17:19,2024-01-27,337,40,Online,Credit Card,COUPON0-0-,6.94,AUD
94025,2024-01-27T02:33:28,2024-01-27,443,20,Retail,Afterpay,COUPONZ9A0,1.18,AUD
94081,2024-01-27T22:50:06,2024-01-27,788,12,Retail,PayPal,COUPON9-9A,9.93,AUD
94153,2024-01-27T16:59:38,2024-01-27,212,28,Retail,Credit Card,COUPON-Z--,13.09,AUD
94163,2024-01-27T13:01:19,2024-01-27,790,15,Retail,Afterpay,COUPON00--,7.47,AUD
94194,2024-01-27T06:02:15,2024-01-27,77,33,Online,Afterpay,COUPON-AA-,4.33,AUD
94317,2024-01-27T06:21:07,2024-01-27,519,26,Online,PayPal,COUPON9--0,4.42,AUD
94455,2024-01-27T03:04:38,2024-01-27,460,6,Online,Credit Card,COUPONA-ZZ,15.66,AUD
94463,2024-01-27T21:10:02,2024-01-27,450,3,Retail,Credit Card,COUPON-ZZ0,3.26,AUD
94523,2024-01-27T01:56:54,2024-01-27,609,6,Online,Afterpay,COUPON-A--,1.15,AUD
94722,2024-01-27T20:14:22,2024-01-27,777,10,Retail,PayPal,COUPONZ0-0,1.64,AUD
94858,2024-01-27T02:13:04,2024-01-27,419,1,Online,Afterpay,COUPON-Z9-,3.25,AUD
94881,2024-01-27T10:27:37,2024-01-27,45,45,Online,PayPal,COUPON-00Z,19.04,AUD
95023,2024-01-27T22:32:28,2024-01-27,611,17,Online,Credit Card,COUPON99-9,11.79,AUD
95074,2024-01-27T10:31:36,2024-01-27,536,23,Retail,Afterpay,COUPON-9A0,17.08,AUD
95123,2024-01-27T10:44:04,2024-01-27,90,24,Online,Credit Card,COUPON00--,18.44,AUD
95144,2024-01-27T04:24:29,2024-01-27,398,29,Online,PayPal,COUPONAZAZ,1.58,AUD
95292,2024-01-27T11:37:35,2024-01-27,351,19,Retail,Credit Card,COUPONZ-AZ,5.64,AUD
95423,2024-01-27T22:48:03,2024-01-27,477,24,Online,Credit Card,COUPONZAA9,1.55,AUD
95509,2024-01-27T17:54:10,2024-01-27,631,45,Online,Credit Card,COUPON-ZZ0,0.05,AUD
95686,2024-01-27T23:50:01,2024-01-27,295,40,Retail,Afterpay,COUPON-Z9-,8.62,AUD
95693,2024-01-27T23:24:02,2024-01-27,121,19,Online,Credit Card,COUPON9-0Z,5.44,AUD
96157,2024-01-27T14:03:32,2024-01-27,318,6,Retail,Afterpay,COUPON-A--,6.13,AUD
96177,2024-01-27T22:35:32,2024-01-27,730,2,Retail,Afterpay,COUPON-Z9A,10.99,AUD
96199,2024-01-27T20:29:45,2024-01-27,287,8,Retail,PayPal,COUPON--0A,2.0,AUD
96302,2024-01-27T18:43:04,2024-01-27,187,43,Online,Afterpay,COUPONA0-0,14.47,AUD
96342,2024-01-27T00:37:14,2024-01-27,527,21,Online,Afterpay,COUPON-09-,4.05,AUD
96468,2024-01-27T00:29:48,2024-01-27,143,6,Retail,Credit Card,COUPONZ-0Z,14.76,AUD
96534,2024-01-27T19:50:07,2024-01-27,254,48,Online,PayPal,COUPONA0--,3.23,AUD
96684,2024-01-27T04:16:59,2024-01-27,374,49,Retail,Credit Card,COUPONAAZ0,8.29,AUD
96709,2024-01-27T03:14:08,2024-01-27,342,49,Online,Afterpay,COUPON00ZZ,9.59,AUD
96730,2024-01-27T16:49:27,2024-01-27,335,34,Online,Afterpay,COUPONA-ZZ,10.25,AUD
96853,2024-01-27T02:17:29,2024-01-27,629,28,Online,PayPal,COUPON-9-0,19.34,AUD
96902,2024-01-27T22:58:26,2024-01-27,184,42,Retail,Afterpay,COUPON90ZZ,6.47,AUD
97356,2024-01-27T03:04:05,2024-01-27,571,18,Online,Afterpay,COUPON-0-0,3.17,AUD
97410,2024-01-27T23:54:34,2024-01-27,250,35,Retail,Credit Card,COUPONAZZ-,10.79,AUD
97452,2024-01-27T21:30:30,2024-01-27,731,21,Online,PayPal,COUPON0-09,9.36,AUD
97572,2024-01-27T23:27:48,2024-01-27,596,38,Retail,Credit Card,COUPON---0,7.43,AUD
97582,2024-01-27T14:09:52,2024-01-27,268,21,Retail,Afterpay,COUPONA-AZ,19.52,AUD
97590,2024-01-27T20:37:24,2024-01-27,779,32,Retail,Credit Card,COUPON-Z9-,13.34,AUD
97769,2024-01-27T21:52:55,2024-01-27,212,23,Online,Afterpay,COUPON-9--,11.24,AUD
97790,2024-01-27T04:52:45,2024-01-27,124,16,Retail,Credit Card,COUPONZ9--,19.81,AUD
97859,2024-01-27T02:43:32,2024-01-27,384,2,Online,Afterpay,COUPONAZZ-,18.02,AUD
97946,2024-01-27T18:40:49,2024-01-27,727,4,Retail,PayPal,COUPON0-AZ,11.98,AUD
98098,2024-01-27T19:34:13,2024-01-27,409,23,Online,Credit Card,COUPON-Z-Z,3.78,AUD
98155,2024-01-27T06:55:09,2024-01-27,38,15,Online,Afterpay,COUPONZZ-A,2.99,AUD
98157,2024-01-27T01:18:21,2024-01-27,531,13,Retail,Credit Card,COUPON-ZA-,1.77,AUD
98271,2024-01-27T03:13:38,2024-01-27,106,29,Online,Credit Card,COUPON-Z99,14.96,AUD
98389,2024-01-27T23:37:07,2024-01-27,704,40,Online,Credit Card,COUPON0--0,17.86,AUD
98433,2024-01-27T18:00:06,2024-01-27,452,38,Retail,Afterpay,COUPON-9-A,18.14,AUD
98597,2024-01-27T19:32:09,2024-01-27,614,2,Retail,PayPal,COUPON--9-,8.57,AUD
98658,2024-01-27T21:02:32,2024-01-27,526,36,Retail,Afterpay,COUPON-0-9,0.9,AUD
98783,2024-01-27T15:50:24,2024-01-27,708,11,Retail,Credit Card,COUPON9AA0,12.9,AUD
98847,2024-01-27T06:11:42,2024-01-27,624,33,Online,PayPal,COUPON--0A,9.29,AUD
98903,2024-01-27T15:29:04,2024-01-27,319,4,Retail,PayPal,COUPONZ-0A,12.94,AUD
98934,2024-01-27T15:10:06,2024-01-27,381,28,Retail,Credit Card,COUPON9AAZ,13.67,AUD
98982,2024-01-27T10:49:36,2024-01-27,629,42,Online,PayPal,COUPON90Z9,14.6,AUD
99160,2024-01-27T10:31:42,2024-01-27,556,16,Online,PayPal,COUPONA90-,2.24,AUD
99165,2024-01-27T10:16:33,2024-01-27,21,8,Retail,Credit Card,COUPON---9,12.23,AUD
99291,2024-01-27T12:58:53,2024-01-27,522,24,Online,Afterpay,COUPONA9Z-,17.26,AUD
99297,2024-01-27T12:23:51,2024-01-27,667,34,Retail,Afterpay,COUPONA9-Z,2.26,AUD
99354,2024-01-27T16:39:00,2024-01-27,639,4,Online,Afterpay,COUPON--Z-,0.51,AUD
99405,2024-01-27T20:26:43,2024-01-27,530,16,Retail,Afterpay,COUPONAZ99,6.37,AUD
99514,2024-01-27T01:18:28,2024-01-27,678,16,Retail,Afterpay,COUPONA-ZZ,9.78,AUD
99624,2024-01-27T17:02:21,2024-01-27,522,8,Online,Afterpay,COUPON-ZZA,16.13,AUD
99759,2024-01-27T01:04:04,2024-01-27,475,2,Retail,PayPal,COUPON0-99,17.77,AUD
99792,2024-01-27T10:44:18,2024-01-27,318,16,Online,Afterpay,COUPON--A0,18.81,AUD
99828,2024-01-27T05:17:32,2024-01-27,464,16,Online,PayPal,COUPON--A0,8.92,AUD
100037,2024-01-27T19:28:55,2024-01-27,346,33,Retail,Afterpay,COUPON9A-A,0.61,AUD
100046,2024-01-27T21:56:04,2024-01-27,708,13,Online,PayPal,COUPON-AA9,17.5,AUD
100089,2024-01-27T18:33:45,2024-01-27,340,16,Online,Credit Card,COUPON-009,19.3,AUD
100156,2024-01-27T03:23:58,2024-01-27,486,38,Retail,Afterpay,COUPONZ-9Z,9.96,AUD
100204,2024-01-27T17:35:27,2024-01-27,73,36,Retail,Afterpay,COUPONA0-A,3.37,AUD
100330,2024-01-27T07:31:54,2024-01-27,327,38,Retail,Credit Card,COUPON9AZ0,13.2,AUD
100388,2024-01-27T18:01:05,2024-01-27,18,15,Retail,PayPal,COUPONZA--,3.66,AUD
100405,2024-01-27T08:35:17,2024-01-27,64,32,Online,PayPal,COUPON000-,1.43,AUD
100415,2024-01-27T02:51:33,2024-01-27,388,33,Online,Credit Card,COUPON-0A0,4.72,AUD
100524,2024-01-27T18:26:39,2024-01-27,718,42,Online,Afterpay,COUPON000Z,19.52,AUD
100552,2024-01-27T12:34:31,2024-01-27,553,34,Retail,Afterpay,COUPON--0-,19.98,AUD
100588,2024-01-27T11:22:34,2024-01-27,571,3,Retail,Afterpay,COUPONA9-A,7.84,AUD
100716,2024-01-27T14:32:13,2024-01-27,452,45,Retail,PayPal,COUPON0A0-,7.1,AUD
100797,2024-01-27T11:02:20,2024-01-27,425,1,Retail,Credit Card,COUPON-00-,7.88,AUD
100983,2024-01-27T09:47:24,2024-01-27,74,14,Retail,Afterpay,COUPON-9Z0,17.66,AUD
101058,2024-01-27T19:37:43,2024-01-27,768,3,Online,Afterpay,COUPON0--A,16.83,AUD
101113,2024-01-27T01:28:31,2024-01-27,372,20,Retail,Credit Card,COUPONA9-Z,16.31,AUD
101185,2024-01-27T18:10:12,2024-01-27,225,44,Retail,Credit Card,COUPONZZZ-,7.02,AUD
101432,2024-01-27T21:06:40,2024-01-27,28,13,Retail,PayPal,COUPONZA-0,10.8,AUD
101480,2024-01-27T19:48:53,2024-01-27,603,30,Online,Credit Card,COUPONA--Z,1.22,AUD
101483,2024-01-27T20:47:21,2024-01-27,124,30,Online,Credit Card,COUPONZ--9,12.28,AUD
101648,2024-01-27T04:45:35,2024-01-27,556,46,Online,Credit Card,COUPON--90,13.51,AUD
101734,2024-01-27T22:46:22,2024-01-27,537,31,Online,Afterpay,COUPONAA09,2.02,AUD
101738,2024-01-27T16:02:44,2024-01-27,273,31,Online,Credit Card,COUPON9AZZ,19.82,AUD
101848,2024-01-27T09:19:29,2024-01-27,134,36,Online,PayPal,COUPON---0,13.19,AUD
101875,2024-01-27T22:46:44,2024-01-27,776,38,Retail,Afterpay,COUPON-AZ-,0.66,AUD
102334,2024-01-27T05:11:35,2024-01-27,488,48,Online,PayPal,COUPONA0A-,18.62,AUD
102393,2024-01-27T11:22:54,2024-01-27,672,38,Retail,Credit Card,COUPONA90A,18.85,AUD
102467,2024-01-27T10:29:37,2024-01-27,530,28,Retail,Afterpay,COUPON-AA9,1.68,AUD
102589,2024-01-27T13:21:51,2024-01-27,242,16,Online,Afterpay,COUPONZ-AA,13.65,AUD
102739,2024-01-27T15:43:51,2024-01-27,323,39,Retail,Credit Card,COUPON0ZZ-,13.02,AUD
102852,2024-01-27T08:26:23,2024-01-27,142,1,Online,Credit Card,COUPON9-90,7.49,AUD
102891,2024-01-27T23:58:17,2024-01-27,496,5,Retail,Afterpay,COUPONAZZA,3.28,AUD
102908,2024-01-27T01:29:17,2024-01-27,36,1,Retail,PayPal,COUPONA-9A,6.82,AUD
102913,2024-01-27T04:20:50,2024-01-27,114,31,Online,PayPal,COUPON0A9-,15.65,AUD
103121,2024-01-27T17:06:07,2024-01-27,372,18,Online,Credit Card,COUPONA-00,10.61,AUD
103134,2024-01-27T15:50:44,2024-01-27,610,23,Online,PayPal,COUPON0A-9,5.77,AUD
103144,2024-01-27T22:30:55,2024-01-27,150,16,Online,PayPal,COUPONA9--,8.96,AUD
103252,2024-01-27T18:04:27,2024-01-27,706,5,Retail,PayPal,COUPON--A0,3.84,AUD
103286,2024-01-27T01:09:08,2024-01-27,791,10,Retail,Credit Card,COUPON0Z9A,10.67,AUD
103361,2024-01-27T04:53:16,2024-01-27,739,33,Retail,Credit Card,COUPON0A--,7.8,AUD
103371,2024-01-27T09:36:20,2024-01-27,748,38,Retail,Credit Card,COUPON9Z-0,16.03,AUD
103408,2024-01-27T06:27:54,2024-01-27,724,4,Online,PayPal,COUPON9ZZ9,1.48,AUD
103419,2024-01-27T05:14:57,2024-01-27,517,38,Online,Credit Card,COUPONZ9Z-,15.24,AUD
103544,2024-01-27T09:43:45,2024-01-27,83,40,Online,PayPal,COUPON-0Z-,18.16,AUD
103568,2024-01-27T12:16:29,2024-01-27,576,32,Retail,PayPal,COUPON9A99,18.18,AUD
103658,2024-01-27T22:41:18,2024-01-27,397,38,Online,Credit Card,COUPON-ZZ9,7.62,AUD
103684,2024-01-27T19:24:34,2024-01-27,70,45,Retail,PayPal,COUPON0-Z0,8.59,AUD
103701,2024-01-27T05:34:40,2024-01-27,317,14,Online,Afterpay,COUPONA-9-,12.18,AUD
103998,2024-01-27T01:10:30,2024-01-27,760,7,Online,PayPal,COUPON-A9-,13.05,AUD
104011,2024-01-27T09:04:12,2024-01-27,55,5,Online,Credit Card,COUPON-ZAZ,9.82,AUD
104028,2024-01-27T12:59:00,2024-01-27,797,49,Retail,PayPal,COUPONZ-99,18.46,AUD
104155,2024-01-27T08:49:56,2024-01-27,710,44,Retail,Credit Card,COUPONZA-0,1.18,AUD
104170,2024-01-27T10:57:05,2024-01-27,107,6,Retail,Afterpay,COUPON9--9,12.15,AUD
104219,2024-01-27T17:18:34,2024-01-27,265,8,Retail,Afterpay,COUPONZ990,19.7,AUD
104319,2024-01-27T05:08:49,2024-01-27,298,18,Online,PayPal,COUPON-9-A,7.0,AUD
104465,2024-01-27T14:20:38,2024-01-27,472,35,Retail,Credit Card,COUPONAAA-,8.6,AUD
104545,2024-01-27T06:51:59,2024-01-27,76,44,Online,Afterpay,COUPONZ-Z0,0.55,AUD
104550,2024-01-27T13:42:51,2024-01-27,680,22,Retail,Credit Card,COUPON-Z9-,3.99,AUD
104837,2024-01-27T14:57:40,2024-01-27,672,7,Online,Credit Card,COUPONZ-ZZ,0.78,AUD
104863,2024-01-27T21:08:40,2024-01-27,668,15,Retail,PayPal,COUPON-00A,18.58,AUD
104991,2024-01-27T21:22:21,2024-01-27,418,42,Retail,Afterpay,COUPON-A--,5.86,AUD
105010,2024-01-27T14:22:33,2024-01-27,740,29,Retail,Credit Card,COUPONZ000,15.33,AUD
105019,2024-01-27T17:16:20,2024-01-27,25,40,Online,Credit Card,COUPONA--A,5.93,AUD
105050,2024-01-27T03:09:49,2024-01-27,262,27,Retail,Afterpay,COUPON-Z00,4.27,AUD
105086,2024-01-27T01:48:00,2024-01-27,285,30,Online,Credit Card,COUPONZAAA,11.81,AUD
105109,2024-01-27T03:05:22,2024-01-27,252,24,Online,Credit Card,COUPONZ--9,12.15,AUD
105250,2024-01-27T00:45:41,2024-01-27,436,13,Retail,PayPal,COUPON-9AZ,3.79,AUD
105267,2024-01-27T22:04:57,2024-01-27,788,26,Online,Afterpay,COUPON--Z0,18.24,AUD
105336,2024-01-27T06:01:44,2024-01-27,198,2,Online,Credit Card,COUPON--9Z,5.18,AUD
105366,2024-01-27T05:21:59,2024-01-27,24,11,Online,Afterpay,COUPON--ZZ,5.2,AUD
105381,2024-01-27T02:54:37,2024-01-27,726,10,Retail,PayPal,COUPON9Z-0,11.96,AUD
105599,2024-01-27T00:49:35,2024-01-27,474,29,Online,PayPal,COUPONZ-09,5.5,AUD
106023,2024-01-27T08:45:21,2024-01-27,370,28,Online,Credit Card,COUPON990-,3.91,AUD
106070,2024-01-27T13:40:36,2024-01-27,508,45,Retail,PayPal,COUPON9-Z-,4.79,AUD
106155,2024-01-27T14:44:20,2024-01-27,229,30,Retail,Credit Card,COUPON9Z90,3.12,AUD
106174,2024-01-27T19:14:10,2024-01-27,390,38,Online,PayPal,COUPONZZ--,0.4,AUD
106228,2024-01-27T03:15:33,2024-01-27,16,30,Retail,PayPal,COUPON0--Z,1.03,AUD
106443,2024-01-27T07:33:44,2024-01-27,353,7,Retail,Credit Card,COUPON0---,6.01,AUD
106481,2024-01-27T09:21:28,2024-01-27,133,3,Retail,PayPal,COUPON--0-,2.38,AUD
106498,2024-01-27T03:56:32,2024-01-27,64,48,Retail,Afterpay,COUPON--Z0,18.98,AUD
106543,2024-01-27T11:30:27,2024-01-27,465,47,Retail,PayPal,COUPON0---,15.55,AUD
106577,2024-01-27T03:48:30,2024-01-27,332,42,Online,Afterpay,COUPON----,3.99,AUD
106608,2024-01-27T01:26:20,2024-01-27,527,7,Retail,Credit Card,COUPON-0Z-,15.45,AUD
106726,2024-01-27T15:15:53,2024-01-27,335,30,Online,Credit Card,COUPONAZ0Z,19.57,AUD
106728,2024-01-27T02:54:01,2024-01-27,535,26,Online,Credit Card,COUPONZ-90,8.71,AUD
106845,2024-01-27T15:06:53,2024-01-27,91,26,Retail,Credit Card,COUPONZA9-,7.17,AUD
106894,2024-01-27T23:20:00,2024-01-27,643,45,Online,Afterpay,COUPON--ZA,3.26,AUD
106941,2024-01-27T02:09:00,2024-01-27,119,24,Retail,Afterpay,COUPON0--0,9.68,AUD
106980,2024-01-27T09:51:54,2024-01-27,663,46,Retail,Afterpay,COUPON9-0A,16.5,AUD
107021,2024-01-27T05:54:38,2024-01-27,7,29,Retail,Credit Card,COUPON-9--,18.63,AUD
107147,2024-01-27T14:37:26,2024-01-27,360,13,Retail,Credit Card,COUPONAAA-,4.05,AUD
107257,2024-01-27T00:43:13,2024-01-27,759,28,Retail,PayPal,COUPON0A--,5.98,AUD
107269,2024-01-27T01:37:26,2024-01-27,764,40,Retail,PayPal,COUPON-Z-0,10.79,AUD
107361,2024-01-27T11:21:45,2024-01-27,48,20,Retail,Credit Card,COUPONZ-AA,14.59,AUD
107452,2024-01-27T10:17:59,2024-01-27,313,13,Retail,Afterpay,COUPON-ZA-,1.3,AUD
107456,2024-01-27T22:39:24,2024-01-27,246,32,Online,Afterpay,COUPON-0-9,16.71,AUD
107624,2024-01-27T21:24:22,2024-01-27,732,16,Online,Credit Card,COUPON0-AA,11.23,AUD
107689,2024-01-27T15:55:52,2024-01-27,526,39,Retail,PayPal,COUPONZ-0-,4.53,AUD
107718,2024-01-27T13:14:10,2024-01-27,421,24,Online,Credit Card,COUPON--A9,16.77,AUD
107745,2024-01-27T11:00:21,2024-01-27,426,30,Online,PayPal,COUPON--AA,19.28,AUD
107892,2024-01-27T22:29:32,2024-01-27,382,41,Retail,Credit Card,COUPON-A-A,14.73,AUD
107897,2024-01-27T20:04:14,2024-01-27,366,49,Retail,PayPal,COUPON00-9,4.89,AUD
107904,2024-01-27T14:39:10,2024-01-27,773,31,Online,Credit Card,COUPON9Z9-,11.77,AUD
107927,2024-01-27T17:49:46,2024-01-27,794,20,Retail,Afterpay,COUPON-A9-,14.0,AUD
108090,2024-01-27T20:43:51,2024-01-27,441,20,Retail,Credit Card,COUPONA-90,4.57,AUD
108203,2024-01-27T18:30:48,2024-01-27,155,44,Retail,Afterpay,COUPON0Z9-,11.31,AUD
108274,2024-01-27T03:01:55,2024-01-27,601,34,Online,PayPal,COUPONZZZA,16.51,AUD
108343,2024-01-27T22:52:18,2024-01-27,292,40,Online,PayPal,COUPON-A--,1.22,AUD
108364,2024-01-27T16:54:02,2024-01-27,461,18,Online,Credit Card,COUPON9Z9A,2.68,AUD
108429,2024-01-27T18:23:58,2024-01-27,173,10,Online,PayPal,COUPON9--9,16.77,AUD
108567,2024-01-27T20:23:42,2024-01-27,171,8,Retail,Credit Card,COUPON--9A,3.43,AUD
108579,2024-01-27T08:01:06,2024-01-27,395,47,Online,PayPal,COUPON-A-0,19.89,AUD
108807,2024-01-27T11:56:33,2024-01-27,107,20,Retail,Credit Card,COUPON--9Z,1.95,AUD
108989,2024-01-27T23:51:07,2024-01-27,767,19,Retail,PayPal,COUPON9--9,10.91,AUD
109227,2024-01-27T10:31:44,2024-01-27,331,8,Retail,Afterpay,COUPON9Z-A,11.57,AUD
109292,2024-01-27T00:42:36,2024-01-27,682,18,Retail,Credit Card,COUPONZZAZ,17.83,AUD
109564,2024-01-27T08:18:17,2024-01-27,88,15,Online,Afterpay,COUPON-Z-A,3.93,AUD
109710,2024-01-27T11:30:27,2024-01-27,62,24,Retail,Afterpay,COUPONAA-9,18.89,AUD
110010,2024-01-27T12:51:13,2024-01-27,464,18,Retail,PayPal,COUPONAZZ-,15.1,AUD
110018,2024-01-27T03:24:33,2024-01-27,166,38,Retail,PayPal,COUPON---A,7.36,AUD
110053,2024-01-27T12:28:14,2024-01-27,228,43,Online,Credit Card,COUPON-Z9Z,15.35,AUD
110374,2024-01-27T10:41:34,2024-01-27,310,28,Online,PayPal,COUPONAZ0-,2.86,AUD
110393,2024-01-27T22:52:37,2024-01-27,691,22,Retail,Afterpay,COUPON9Z9-,6.7,AUD
110454,2024-01-27T16:35:28,2024-01-27,509,16,Online,Afterpay,COUPON-90-,12.92,AUD
110456,2024-01-27T13:36:32,2024-01-27,721,7,Retail,Afterpay,COUPONZA--,6.05,AUD
110458,2024-01-27T04:10:04,2024-01-27,453,49,Online,Credit Card,COUPONZ9--,16.84,AUD
110523,2024-01-27T18:29:50,2024-01-27,138,27,Online,PayPal,COUPONZZZA,1.47,AUD
110535,2024-01-27T02:45:32,2024-01-27,264,48,Online,Afterpay,COUPON0A--,2.81,AUD
110545,2024-01-27T03:51:42,2024-01-27,733,28,Retail,PayPal,COUPON990A,19.92,AUD
110578,2024-01-27T12:22:51,2024-01-27,315,7,Online,Credit Card,COUPON-90-,13.31,AUD
110636,2024-01-27T21:19:52,2024-01-27,254,48,Retail,Credit Card,COUPONZZ--,11.47,AUD
110676,2024-01-27T22:15:04,2024-01-27,620,1,Online,Credit Card,COUPONAAA0,3.01,AUD
110699,2024-01-27T06:48:43,2024-01-27,306,43,Online,Afterpay,COUPON9--0,2.04,AUD
110727,2024-01-27T21:29:09,2024-01-27,331,5,Retail,PayPal,COUPONA9ZZ,10.38,AUD
110761,2024-01-27T04:59:36,2024-01-27,319,31,Online,Credit Card,COUPON-0Z-,4.47,AUD
110818,2024-01-27T13:56:47,2024-01-27,186,22,Retail,Afterpay,COUPON-ZA9,7.59,AUD
110937,2024-01-27T18:14:02,2024-01-27,529,28,Online,PayPal,COUPON--90,19.46,AUD
110980,2024-01-27T11:30:07,2024-01-27,262,3,Online,Afterpay,COUPON-Z-A,7.68,AUD
111084,2024-01-27T01:47:54,2024-01-27,795,42,Retail,Afterpay,COUPON-AA0,3.84,AUD
111103,2024-01-27T02:46:44,2024-01-27,262,27,Retail,PayPal,COUPON9Z-Z,11.18,AUD
111151,2024-01-27T12:35:50,2024-01-27,723,10,Online,PayPal,COUPON----,9.01,AUD
111159,2024-01-27T22:27:39,2024-01-27,657,38,Retail,Credit Card,COUPONA9-Z,5.74,AUD
111376,2024-01-27T03:30:05,2024-01-27,81,39,Retail,PayPal,COUPON-0Z-,10.35,AUD
111380,2024-01-27T20:02:44,2024-01-27,391,42,Retail,Credit Card,COUPON-000,6.41,AUD
111480,2024-01-27T05:15:55,2024-01-27,18,3,Retail,PayPal,COUPON-9--,12.66,AUD
111633,2024-01-27T21:07:46,2024-01-27,228,47,Online,PayPal,COUPON9A9-,16.91,AUD
111842,2024-01-27T02:09:29,2024-01-27,158,15,Online,Credit Card,COUPON9-ZA,18.96,AUD
112033,2024-01-27T03:40:11,2024-01-27,778,47,Retail,Afterpay,COUPON99AA,3.2,AUD
112115,2024-01-27T23:30:19,2024-01-27,227,37,Online,Credit Card,COUPON----,7.45,AUD
112206,2024-01-27T14:09:51,2024-01-27,219,4,Retail,Afterpay,COUPON-9A9,8.56,AUD
112221,2024-01-27T11:43:25,2024-01-27,755,30,Retail,Afterpay,COUPON-ZA9,17.45,AUD
112232,2024-01-27T22:54:03,2024-01-27,302,16,Online,Credit Card,COUPON0-Z-,4.97,AUD
112265,2024-01-27T04:39:11,2024-01-27,34,42,Retail,Credit Card,COUPON9A0-,1.62,AUD
112287,2024-01-27T04:30:59,2024-01-27,111,30,Retail,Credit Card,COUPON---0,17.47,AUD
112411,2024-01-27T19:21:04,2024-01-27,556,2,Retail,PayPal,COUPONA9ZZ,1.56,AUD
112509,2024-01-27T20:46:16,2024-01-27,53,15,Retail,Afterpay,COUPONA---,7.23,AUD
112702,2024-01-27T19:04:22,2024-01-27,625,46,Online,Afterpay,COUPON-0A9,2.76,AUD
112809,2024-01-27T11:34:36,2024-01-27,548,10,Online,Credit Card,COUPON-AZ-,10.62,AUD
112830,2024-01-27T13:22:55,2024-01-27,516,18,Online,Credit Card,COUPON0Z-A,12.65,AUD
112896,2024-01-27T22:44:01,2024-01-27,518,20,Online,Afterpay,COUPON9--9,1.28,AUD
112980,2024-01-27T21:05:51,2024-01-27,209,17,Retail,Afterpay,COUPON-ZA9,6.01,AUD
113023,2024-01-27T01:52:06,2024-01-27,368,19,Online,Afterpay,COUPON-ZZ-,10.06,AUD
113054,2024-01-27T08:16:15,2024-01-27,526,24,Retail,Afterpay,COUPON-Z-Z,17.9,AUD
113126,2024-01-27T10:48:12,2024-01-27,496,6,Online,PayPal,COUPONA-A-,5.14,AUD
113300,2024-01-27T19:51:24,2024-01-27,587,15,Online,PayPal,COUPON--AZ,0.44,AUD
113316,2024-01-27T23:11:48,2024-01-27,577,4,Online,Credit Card,COUPONZ9-Z,14.77,AUD
113332,2024-01-27T10:38:25,2024-01-27,57,43,Online,Credit Card,COUPON9-A9,11.14,AUD
113369,2024-01-27T15:46:34,2024-01-27,148,4,Online,Credit Card,COUPONAA0-,5.31,AUD
113380,2024-01-27T00:13:16,2024-01-27,183,12,Online,Credit Card,COUPONAAZ0,17.3,AUD
113410,2024-01-27T14:29:01,2024-01-27,186,15,Online,Credit Card,COUPON-900,8.3,AUD
113472,2024-01-27T19:31:08,2024-01-27,440,10,Retail,Credit Card,COUPON099Z,10.35,AUD
113498,2024-01-27T11:30:11,2024-01-27,625,48,Retail,Credit Card,COUPONA---,2.85,AUD
113559,2024-01-27T05:38:17,2024-01-27,553,19,Online,PayPal,COUPONA9-9,0.37,AUD
113694,2024-01-27T08:08:37,2024-01-27,542,25,Online,Afterpay,COUPONA0ZA,9.89,AUD
113949,2024-01-27T22:15:37,2024-01-27,582,2,Online,Credit Card,COUPON--0-,0.9,AUD
113959,2024-01-27T00:54:31,2024-01-27,259,23,Online,Credit Card,COUPON0A9-,2.06,AUD
114036,2024-01-27T22:01:43,2024-01-27,552,26,Retail,Credit Card,COUPON-0--,1.1,AUD
114118,2024-01-27T15:43:18,2024-01-27,724,42,Retail,PayPal,COUPON9A9-,4.36,AUD
114136,2024-01-27T07:42:32,2024-01-27,64,44,Retail,Afterpay,COUPON-Z--,17.16,AUD
114222,2024-01-27T20:53:40,2024-01-27,618,28,Online,PayPal,COUPON-09-,12.74,AUD
114267,2024-01-27T03:01:06,2024-01-27,663,4,Online,Credit Card,COUPONZA09,17.69,AUD
114323,2024-01-27T11:47:43,2024-01-27,515,5,Retail,Afterpay,COUPON0-0-,12.52,AUD
114328,2024-01-27T02:11:10,2024-01-27,143,23,Online,Credit Card,COUPONZZ0A,18.59,AUD
114363,2024-01-27T13:32:01,2024-01-27,589,19,Retail,PayPal,COUPON0Z-Z,11.36,AUD
114483,2024-01-27T14:32:54,2024-01-27,201,5,Online,Credit Card,COUPONZ-A-,4.07,AUD
114553,2024-01-27T08:06:33,2024-01-27,589,2,Retail,Afterpay,COUPON--9-,11.53,AUD
114777,2024-01-27T07:45:17,2024-01-27,407,33,Online,Afterpay,COUPON99-0,15.84,AUD
114856,2024-01-27T20:17:10,2024-01-27,311,9,Retail,PayPal,COUPON-0Z0,7.75,AUD
114860,2024-01-27T23:30:50,2024-01-27,452,43,Retail,PayPal,COUPON099A,9.05,AUD
114868,2024-01-27T11:31:38,2024-01-27,536,6,Online,PayPal,COUPON0Z--,13.72,AUD
114908,2024-01-27T02:33:00,2024-01-27,220,14,Online,Credit Card,COUPONA---,3.67,AUD
115054,2024-01-27T13:35:52,2024-01-27,588,9,Retail,Credit Card,COUPON099A,14.8,AUD
115527,2024-01-27T00:27:14,2024-01-27,384,5,Retail,Credit Card,COUPONA-A9,15.47,AUD
115871,2024-01-27T08:37:29,2024-01-27,42,48,Retail,PayPal,COUPON-A-9,15.7,AUD
115932,2024-01-27T06:08:19,2024-01-27,112,18,Retail,Credit Card,COUPONZZ--,13.27,AUD
116052,2024-01-27T18:44:37,2024-01-27,723,16,Retail,Credit Card,COUPON09Z-,15.79,AUD
116263,2024-01-27T02:18:33,2024-01-27,575,6,Online,PayPal,COUPON-90Z,2.73,AUD
116330,2024-01-27T06:35:05,2024-01-27,399,10,Online,Credit Card,COUPON--A-,16.42,AUD
116426,2024-01-27T09:12:12,2024-01-27,532,26,Retail,PayPal,COUPON99-0,13.18,AUD
116450,2024-01-27T18:48:38,2024-01-27,739,8,Retail,Afterpay,COUPONZZZ-,11.46,AUD
116455,2024-01-27T12:30:26,2024-01-27,689,46,Online,Afterpay,COUPONZ990,2.32,AUD
116771,2024-01-27T13:28:51,2024-01-27,590,6,Retail,PayPal,COUPON990-,9.57,AUD
117187,2024-01-27T06:18:36,2024-01-27,751,39,Online,Afterpay,COUPONA-ZZ,3.49,AUD
117239,2024-01-27T02:48:32,2024-01-27,683,35,Retail,Credit Card,COUPON-A9Z,14.36,AUD
117271,2024-01-27T07:58:59,2024-01-27,282,6,Retail,Credit Card,COUPONAA-0,5.36,AUD
117378,2024-01-27T10:56:09,2024-01-27,39,41,Retail,Credit Card,COUPON-0Z0,17.45,AUD
117480,2024-01-27T18:39:39,2024-01-27,637,2,Retail,Afterpay,COUPON00-0,3.47,AUD
117570,2024-01-27T22:32:04,2024-01-27,685,43,Online,Afterpay,COUPONZ--A,15.09,AUD
117618,2024-01-27T04:44:06,2024-01-27,365,49,Online,PayPal,COUPON99A-,4.46,AUD
117763,2024-01-27T05:11:39,2024-01-27,442,34,Online,PayPal,COUPON90A-,2.78,AUD
117852,2024-01-27T08:12:31,2024-01-27,540,27,Retail,Afterpay,COUPON-AA-,14.75,AUD
117925,2024-01-27T12:28:07,2024-01-27,179,4,Online,Credit Card,COUPON--Z-,17.85,AUD
117937,2024-01-27T17:01:34,2024-01-27,656,45,Online,Credit Card,COUPON----,4.55,AUD
118031,2024-01-27T04:21:31,2024-01-27,251,19,Online,PayPal,COUPONA09A,13.27,AUD
118263,2024-01-27T06:43:43,2024-01-27,21,17,Online,Afterpay,COUPONZ-09,7.33,AUD
118359,2024-01-27T21:30:27,2024-01-27,237,3,Online,Afterpay,COUPON0AA0,6.49,AUD
118500,2024-01-27T02:14:15,2024-01-27,461,37,Online,PayPal,COUPON-A-Z,2.91,AUD
118527,2024-01-27T06:58:34,2024-01-27,692,31,Retail,Credit Card,COUPONA-9-,10.73,AUD
118771,2024-01-27T04:32:07,2024-01-27,357,24,Retail,Credit Card,COUPON-0-9,11.54,AUD
119499,2024-01-27T14:28:44,2024-01-27,94,27,Retail,Credit Card,COUPONZ0-9,6.69,AUD
119536,2024-01-27T00:03:09,2024-01-27,107,5,Online,Credit Card,COUPON0-9-,14.13,AUD
119575,2024-01-27T06:40:48,2024-01-27,639,1,Retail,PayPal,COUPON9909,17.18,AUD
119717,2024-01-27T07:50:17,2024-01-27,194,3,Online,Afterpay,COUPON---A,13.39,AUD
120091,2024-01-27T13:09:16,2024-01-27,453,23,Online,PayPal,COUPON-ZA0,8.98,AUD
120176,2024-01-27T16:43:50,2024-01-27,290,22,Retail,Credit Card,COUPONZ0-9,12.88,AUD
120226,2024-01-27T23:33:44,2024-01-27,797,22,Online,PayPal,COUPONZ9Z9,11.09,AUD
120243,2024-01-27T20:28:14,2024-01-27,24,47,Online,Credit Card,COUPON9-0A,19.89,AUD
120327,2024-01-27T09:33:48,2024-01-27,74,34,Online,Credit Card,COUPONZ09A,7.99,AUD
120382,2024-01-27T01:00:03,2024-01-27,694,24,Retail,PayPal,COUPON9A-Z,4.26,AUD
120420,2024-01-27T17:35:02,2024-01-27,84,40,Online,PayPal,COUPON-AZ0,7.72,AUD
120462,2024-01-27T03:01:25,2024-01-27,13,12,Retail,Afterpay,COUPON-A-Z,9.75,AUD
120531,2024-01-27T09:34:27,2024-01-27,577,26,Online,PayPal,COUPON00ZZ,18.67,AUD
120688,2024-01-27T01:26:20,2024-01-27,400,1,Online,Afterpay,COUPON0Z0-,4.14,AUD
120724,2024-01-27T13:13:22,2024-01-27,312,43,Online,PayPal,COUPON-Z9A,7.85,AUD
120817,2024-01-27T12:27:05,2024-01-27,684,5,Retail,Afterpay,COUPONZ9Z0,18.48,AUD
120887,2024-01-27T00:48:37,2024-01-27,258,32,Retail,Credit Card,COUPON0-90,0.19,AUD
120961,2024-01-27T15:24:58,2024-01-27,548,21,Retail,PayPal,COUPONA-A-,6.88,AUD
121080,2024-01-27T02:24:10,2024-01-27,214,23,Online,Credit Card,COUPON--0-,10.38,AUD
121183,2024-01-27T18:14:48,2024-01-27,646,25,Online,PayPal,COUPON09Z-,15.51,AUD
121409,2024-01-27T20:07:20,2024-01-27,193,40,Online,PayPal,COUPONAA9-,4.43,AUD
121443,2024-01-27T08:54:49,2024-01-27,612,27,Online,Credit Card,COUPON--A-,16.06,AUD
121543,2024-01-27T10:34:51,2024-01-27,29,29,Online,Afterpay,COUPONAAA0,12.99,AUD
121585,2024-01-27T06:26:16,2024-01-27,332,44,Online,Afterpay,COUPONZ09-,15.24,AUD
121716,2024-01-27T12:02:57,2024-01-27,693,25,Online,Afterpay,COUPONAZ0Z,10.75,AUD
121866,2024-01-27T01:46:14,2024-01-27,656,37,Retail,Afterpay,COUPON-A--,1.38,AUD
121934,2024-01-27T08:27:17,2024-01-27,698,30,Online,Afterpay,COUPON--Z-,0.78,AUD
122180,2024-01-27T15:03:15,2024-01-27,184,24,Online,Credit Card,COUPON--9A,3.41,AUD
122202,2024-01-27T23:32:14,2024-01-27,54,33,Online,PayPal,COUPONA0AA,19.85,AUD
122235,2024-01-27T09:39:47,2024-01-27,506,36,Retail,PayPal,COUPON-9--,5.64,AUD
122282,2024-01-27T20:59:22,2024-01-27,306,41,Online,PayPal,COUPON--ZZ,4.81,AUD
122292,2024-01-27T05:53:10,2024-01-27,608,9,Retail,Afterpay,COUPON90Z-,15.13,AUD
122325,2024-01-27T23:54:08,2024-01-27,358,1,Retail,PayPal,COUPON9AZ-,17.7,AUD
122396,2024-01-27T09:01:18,2024-01-27,423,16,Online,Afterpay,COUPON0-Z0,8.56,AUD
122505,2024-01-27T08:34:14,2024-01-27,329,20,Online,PayPal,COUPONZ9-Z,6.2,AUD
122515,2024-01-27T18:34:43,2024-01-27,675,2,Online,Credit Card,COUPON----,0.19,AUD
122536,2024-01-27T20:07:14,2024-01-27,675,32,Online,Afterpay,COUPON09-A,2.72,AUD
122557,2024-01-27T06:23:44,2024-01-27,370,27,Retail,Credit Card,COUPON0-9A,6.05,AUD
122584,2024-01-27T08:46:20,2024-01-27,737,45,Retail,Afterpay,COUPONZ9ZZ,19.39,AUD
122726,2024-01-27T09:51:21,2024-01-27,494,19,Retail,Afterpay,COUPONZ-Z-,5.84,AUD
123047,2024-01-27T13:22:26,2024-01-27,718,25,Retail,PayPal,COUPON9--A,10.5,AUD
123056,2024-01-27T09:59:41,2024-01-27,353,14,Online,Afterpay,COUPONAZ--,6.96,AUD
123110,2024-01-27T12:21:11,2024-01-27,201,49,Online,Afterpay,COUPON0---,4.97,AUD
123261,2024-01-27T06:11:09,2024-01-27,244,21,Online,PayPal,COUPON-9--,14.96,AUD
123302,2024-01-27T06:39:50,2024-01-27,527,12,Retail,Afterpay,COUPON90-9,17.6,AUD
123424,2024-01-27T13:54:15,2024-01-27,557,16,Retail,PayPal,COUPON0-09,4.58,AUD
123455,2024-01-27T19:47:35,2024-01-27,83,47,Retail,Credit Card,COUPON0---,3.05,AUD
123569,2024-01-27T13:40:44,2024-01-27,448,49,Retail,PayPal,COUPON0-A9,7.43,AUD
123609,2024-01-27T17:23:05,2024-01-27,211,11,Retail,Credit Card,COUPON-90A,19.01,AUD
123667,2024-01-27T19:04:05,2024-01-27,539,7,Retail,Credit Card,COUPONA-0Z,19.46,AUD
123729,2024-01-27T08:18:34,2024-01-27,260,10,Online,PayPal,COUPON-Z-0,18.62,AUD
123876,2024-01-27T10:59:27,2024-01-27,49,27,Online,Credit Card,COUPON9--Z,13.69,AUD
123965,2024-01-27T20:46:27,2024-01-27,227,44,Retail,PayPal,COUPON99--,5.71,AUD
124173,2024-01-27T06:07:07,2024-01-27,219,18,Online,PayPal,COUPONA-AZ,14.29,AUD
124348,2024-01-27T05:26:20,2024-01-27,306,45,Online,Credit Card,COUPON9-0A,17.56,AUD
124349,2024-01-27T07:56:25,2024-01-27,375,15,Retail,Credit Card,COUPONA009,15.31,AUD
124389,2024-01-27T14:35:27,2024-01-27,128,41,Retail,Afterpay,COUPONA-Z0,15.37,AUD
124439,2024-01-27T08:46:24,2024-01-27,94,47,Online,Afterpay,COUPONZZ-A,15.21,AUD
124541,2024-01-27T00:17:18,2024-01-27,237,18,Retail,PayPal,COUPON-00Z,14.03,AUD
124542,2024-01-27T19:25:08,2024-01-27,30,8,Online,Credit Card,COUPON0ZA0,4.38,AUD
124580,2024-01-27T22:22:38,2024-01-27,782,37,Online,Afterpay,COUPONAZ--,11.65,AUD
124771,2024-01-27T05:55:44,2024-01-27,563,13,Online,Afterpay,COUPON0---,15.06,AUD
124813,2024-01-27T17:27:05,2024-01-27,673,19,Retail,Afterpay,COUPON0-Z9,9.11,AUD
124816,2024-01-27T10:49:25,2024-01-27,536,34,Retail,Afterpay,COUPON-Z0Z,2.2,AUD
124872,2024-01-27T22:59:54,2024-01-27,294,20,Online,PayPal,COUPON----,10.65,AUD
124893,2024-01-27T09:08:26,2024-01-27,672,46,Retail,Credit Card,COUPON99ZA,10.14,AUD
124953,2024-01-27T04:51:57,2024-01-27,65,46,Retail,Credit Card,COUPON0ZZZ,16.86,AUD
124989,2024-01-27T22:09:20,2024-01-27,128,11,Online,PayPal,COUPON-0ZZ,11.83,AUD
125037,2024-01-27T18:38:35,2024-01-27,237,38,Online,Credit Card,COUPON0000,6.06,AUD
125052,2024-01-27T10:08:15,2024-01-27,752,27,Retail,Afterpay,COUPON9--9,13.42,AUD
125184,2024-01-27T07:45:27,2024-01-27,795,4,Retail,Afterpay,COUPON9---,15.3,AUD
125219,2024-01-27T04:44:17,2024-01-27,505,20,Retail,PayPal,COUPON00A-,16.09,AUD
125302,2024-01-27T03:17:32,2024-01-27,361,47,Retail,Afterpay,COUPON-A9A,18.69,AUD
125320,2024-01-27T12:33:15,2024-01-27,196,33,Online,PayPal,COUPONZA-0,6.45,AUD
125410,2024-01-27T19:22:57,2024-01-27,740,14,Retail,Credit Card,COUPONZ-Z-,9.36,AUD
125593,2024-01-27T02:43:43,2024-01-27,310,47,Online,Afterpay,COUPON-900,8.23,AUD
125624,2024-01-27T09:18:56,2024-01-27,748,19,Retail,Credit Card,COUPON-Z--,9.21,AUD
125722,2024-01-27T20:19:42,2024-01-27,490,42,Retail,Credit Card,COUPONZ--A,1.37,AUD
125809,2024-01-27T16:30:58,2024-01-27,89,22,Retail,Credit Card,COUPON9A-Z,7.72,AUD
125873,2024-01-27T14:44:24,2024-01-27,776,42,Online,PayPal,COUPON99-0,8.61,AUD
125908,2024-01-27T22:40:25,2024-01-27,512,24,Retail,Credit Card,COUPON00-Z,1.94,AUD
125910,2024-01-27T05:41:11,2024-01-27,152,45,Online,Afterpay,COUPON99Z-,18.46,AUD
125972,2024-01-27T17:55:29,2024-01-27,108,37,Online,Afterpay,COUPONAA00,16.28,AUD
126003,2024-01-27T19:37:57,2024-01-27,620,41,Retail,PayPal,COUPON-ZAZ,9.82,AUD
126022,2024-01-27T12:15:23,2024-01-27,613,36,Online,Credit Card,COUPON--Z-,8.84,AUD
126033,2024-01-27T12:22:58,2024-01-27,125,42,Retail,Credit Card,COUPON----,13.69,AUD
126330,2024-01-27T22:07:20,2024-01-27,144,47,Retail,Credit Card,COUPON9Z-9,17.12,AUD
126388,2024-01-27T21:15:54,2024-01-27,600,7,Online,PayPal,COUPON--90,15.5,AUD
126632,2024-01-27T23:30:24,2024-01-27,65,14,Retail,Credit Card,COUPON9---,11.07,AUD
126846,2024-01-27T18:50:00,2024-01-27,799,11,Retail,Afterpay,COUPON-ZAZ,14.31,AUD
127176,2024-01-27T07:30:57,2024-01-27,455,35,Retail,Credit Card,COUPONAAZZ,1.3,AUD
127218,2024-01-27T23:58:17,2024-01-27,167,18,Online,Afterpay,COUPON99AA,17.58,AUD
127285,2024-01-27T08:28:34,2024-01-27,24,6,Online,PayPal,COUPON-A-A,2.5,AUD
127287,2024-01-27T14:57:47,2024-01-27,186,18,Online,PayPal,COUPONA--A,14.9,AUD
127385,2024-01-27T21:25:55,2024-01-27,37,6,Retail,PayPal,COUPONZ0-9,10.92,AUD
127527,2024-01-27T19:55:15,2024-01-27,91,41,Retail,Credit Card,COUPONZ9-A,0.42,AUD
127599,2024-01-27T06:05:24,2024-01-27,658,43,Online,PayPal,COUPON0ZAA,13.69,AUD
127601,2024-01-27T13:27:51,2024-01-27,43,33,Online,Afterpay,COUPON0--A,7.68,AUD
127787,2024-01-27T08:07:39,2024-01-27,20,22,Retail,Credit Card,COUPONA--0,5.59,AUD
128140,2024-01-27T19:29:07,2024-01-27,278,14,Retail,PayPal,COUPON-Z0-,14.77,AUD
128172,2024-01-27T07:17:11,2024-01-27,394,46,Retail,Afterpay,COUPONZ-AA,8.61,AUD
128236,2024-01-27T09:01:05,2024-01-27,358,28,Online,PayPal,COUPON-Z99,15.64,AUD
128259,2024-01-27T14:21:12,2024-01-27,589,23,Online,Afterpay,COUPON990-,2.09,AUD
128397,2024-01-27T07:58:39,2024-01-27,392,18,Online,Afterpay,COUPON0-ZA,8.27,AUD
128469,2024-01-27T03:29:44,2024-01-27,799,6,Online,Credit Card,COUPON-A9Z,15.76,AUD
128522,2024-01-27T17:29:20,2024-01-27,794,20,Retail,PayPal,COUPON90--,17.62,AUD
128580,2024-01-27T12:07:15,2024-01-27,38,12,Retail,PayPal,COUPON--A9,6.68,AUD
128777,2024-01-27T04:58:36,2024-01-27,660,27,Online,Afterpay,COUPONA-A0,5.02,AUD
128794,2024-01-27T05:13:34,2024-01-27,26,4,Retail,PayPal,COUPON----,10.48,AUD
128818,2024-01-27T16:06:10,2024-01-27,6,35,Retail,PayPal,COUPON-00Z,16.64,AUD
128829,2024-01-27T02:36:28,2024-01-27,469,39,Retail,Credit Card,COUPON0A0A,19.78,AUD
129232,2024-01-27T01:28:33,2024-01-27,508,46,Retail,Afterpay,COUPON--AZ,11.55,AUD
129328,2024-01-27T01:46:04,2024-01-27,152,17,Online,PayPal,COUPON9-Z0,6.41,AUD
129351,2024-01-27T13:24:51,2024-01-27,634,20,Retail,PayPal,COUPON-Z--,7.76,AUD
129578,2024-01-27T15:12:16,2024-01-27,661,2,Retail,Credit Card,COUPON9ZZZ,9.63,AUD
129629,2024-01-27T09:22:27,2024-01-27,73,20,Online,PayPal,COUPON-A9-,14.48,AUD
129657,2024-01-27T21:42:31,2024-01-27,313,22,Retail,Afterpay,COUPONA---,4.13,AUD
129793,2024-01-27T07:42:08,2024-01-27,629,45,Retail,Afterpay,COUPONZ-00,12.4,AUD
129795,2024-01-27T17:11:32,2024-01-27,188,2,Retail,Afterpay,COUPONZ0A-,8.64,AUD
129856,2024-01-27T09:04:00,2024-01-27,406,33,Retail,PayPal,COUPONZZZ-,10.49,AUD
129969,2024-01-27T21:45:43,2024-01-27,235,42,Retail,Afterpay,COUPON9AZ-,3.71,AUD
129993,2024-01-27T16:37:02,2024-01-27,781,30,Online,Credit Card,COUPONA9-0,19.62,AUD
130159,2024-01-27T06:29:39,2024-01-27,84,27,Retail,Afterpay,COUPON---A,3.46,AUD
130190,2024-01-27T03:28:15,2024-01-27,269,25,Retail,PayPal,COUPON-AZ-,7.85,AUD
130194,2024-01-27T13:08:49,2024-01-27,687,18,Retail,PayPal,COUPON--A9,10.53,AUD
130213,2024-01-27T20:29:41,2024-01-27,158,10,Retail,PayPal,COUPON--9-,1.52,AUD
130299,2024-01-27T16:43:07,2024-01-27,264,13,Retail,Afterpay,COUPON9---,19.14,AUD
130343,2024-01-27T02:14:49,2024-01-27,126,1,Online,PayPal,COUPONZ-AA,6.45,AUD
130552,2024-01-27T21:50:55,2024-01-27,763,46,Online,PayPal,COUPON9A--,19.15,AUD
130572,2024-01-27T07:42:30,2024-01-27,729,38,Online,Afterpay,COUPONA-9-,13.03,AUD
130718,2024-01-27T02:57:13,2024-01-27,157,30,Retail,Afterpay,COUPON---9,5.76,AUD
130812,2024-01-27T03:23:24,2024-01-27,513,41,Retail,Afterpay,COUPON9Z--,13.09,AUD
130882,2024-01-27T21:27:20,2024-01-27,128,1,Retail,Credit Card,COUPON-0A0,18.45,AUD
130922,2024-01-27T13:44:36,2024-01-27,162,37,Online,Afterpay,COUPON000Z,14.7,AUD
131017,2024-01-27T04:12:28,2024-01-27,519,33,Online,Credit Card,COUPON--Z-,14.49,AUD
131052,2024-01-27T07:22:05,2024-01-27,273,17,Retail,PayPal,COUPONZA-A,16.56,AUD
131166,2024-01-27T14:17:44,2024-01-27,524,9,Online,Afterpay,COUPONZ-Z-,10.88,AUD
131343,2024-01-27T12:03:20,2024-01-27,165,23,Online,Credit Card,COUPONAZ-A,12.74,AUD
131362,2024-01-27T15:50:10,2024-01-27,611,47,Online,Credit Card,COUPON00-A,15.38,AUD
131699,2024-01-27T16:52:54,2024-01-27,749,10,Retail,Afterpay,COUPONAA-0,3.91,AUD
131785,2024-01-27T08:27:16,2024-01-27,486,33,Retail,Afterpay,COUPONZ-0-,11.99,AUD
131858,2024-01-27T14:42:24,2024-01-27,215,14,Online,Credit Card,COUPONZ-0Z,0.07,AUD
131888,2024-01-27T18:45:16,2024-01-27,712,10,Online,Credit Card,COUPON-ZZ-,7.79,AUD
131907,2024-01-27T04:02:12,2024-01-27,706,21,Retail,Afterpay,COUPONZA09,3.19,AUD
131923,2024-01-27T19:25:41,2024-01-27,394,13,Online,Afterpay,COUPONZA0A,0.95,AUD
132012,2024-01-27T10:14:05,2024-01-27,5,30,Online,Afterpay,COUPON-ZA9,10.42,AUD
132218,2024-01-27T20:41:59,2024-01-27,682,46,Retail,Credit Card,COUPON---0,12.22,AUD
132259,2024-01-27T08:50:54,2024-01-27,156,27,Retail,Afterpay,COUPON-99-,7.75,AUD
132288,2024-01-27T22:22:56,2024-01-27,639,16,Online,Afterpay,COUPONZ90A,8.3,AUD
132369,2024-01-27T08:19:37,2024-01-27,655,47,Retail,Afterpay,COUPON0-9A,6.4,AUD
132429,2024-01-27T05:39:25,2024-01-27,94,28,Retail,Afterpay,COUPON-0-A,5.0,AUD
132443,2024-01-27T19:46:46,2024-01-27,58,35,Retail,PayPal,COUPON00-9,0.17,AUD
132558,2024-01-27T20:53:37,2024-01-27,444,33,Online,Credit Card,COUPON---9,10.21,AUD
132665,2024-01-27T10:13:16,2024-01-27,756,1,Retail,Credit Card,COUPON-999,8.96,AUD
132784,2024-01-27T16:42:31,2024-01-27,325,38,Online,Credit Card,COUPON0-AA,3.97,AUD
132803,2024-01-27T20:49:55,2024-01-27,138,4,Retail,Afterpay,COUPON-A0-,16.21,AUD
132842,2024-01-27T02:42:17,2024-01-27,174,8,Online,PayPal,COUPONZ99-,12.47,AUD
132887,2024-01-27T17:04:12,2024-01-27,603,19,Online,Credit Card,COUPON-Z--,2.7,AUD
132968,2024-01-27T03:54:01,2024-01-27,513,24,Retail,Afterpay,COUPONZ90A,7.3,AUD
133056,2024-01-27T19:44:28,2024-01-27,706,29,Retail,Afterpay,COUPONA00-,3.46,AUD
133267,2024-01-27T02:38:36,2024-01-27,114,4,Online,PayPal,COUPON-0-9,8.19,AUD
133477,2024-01-27T10:51:50,2024-01-27,57,8,Retail,Credit Card,COUPONA0-0,3.61,AUD
133487,2024-01-27T12:30:54,2024-01-27,594,3,Retail,Afterpay,COUPONA-9A,3.72,AUD
133665,2024-01-27T14:08:21,2024-01-27,473,18,Retail,PayPal,COUPONZ09-,8.15,AUD
133809,2024-01-27T15:15:21,2024-01-27,797,7,Online,PayPal,COUPONZ--A,11.69,AUD
133994,2024-01-27T14:26:03,2024-01-27,50,30,Online,PayPal,COUPON9A90,13.0,AUD
134024,2024-01-27T22:45:22,2024-01-27,546,12,Retail,PayPal,COUPONA--Z,4.28,AUD
134059,2024-01-27T16:40:36,2024-01-27,259,4,Retail,Afterpay,COUPON--Z9,13.43,AUD
134187,2024-01-27T18:29:19,2024-01-27,648,14,Online,PayPal,COUPON0Z-A,16.81,AUD
134451,2024-01-27T15:21:35,2024-01-27,402,7,Retail,Afterpay,COUPON999Z,2.3,AUD
134478,2024-01-27T16:49:46,2024-01-27,573,25,Retail,Credit Card,COUPONA0ZZ,15.22,AUD
134709,2024-01-27T13:23:35,2024-01-27,656,3,Retail,Afterpay,COUPONZAZ-,2.61,AUD
134990,2024-01-27T13:50:45,2024-01-27,768,47,Retail,Credit Card,COUPONA09-,11.62,AUD
135067,2024-01-27T17:00:47,2024-01-27,35,45,Retail,Afterpay,COUPONZ9AZ,17.63,AUD
135084,2024-01-27T10:44:15,2024-01-27,701,36,Retail,Credit Card,COUPON-A00,1.58,AUD
135235,2024-01-27T08:39:23,2024-01-27,354,38,Retail,Credit Card,COUPON9900,3.42,AUD
135265,2024-01-27T13:09:48,2024-01-27,772,31,Retail,Credit Card,COUPONZ09-,11.69,AUD
135316,2024-01-27T20:26:03,2024-01-27,351,36,Online,Credit Card,COUPONZZ9Z,7.37,AUD
135433,2024-01-27T12:26:43,2024-01-27,443,11,Retail,Credit Card,COUPONZZZ-,3.63,AUD
135534,2024-01-27T04:12:05,2024-01-27,5,1,Online,PayPal,COUPON-9AZ,11.88,AUD
135657,2024-01-27T22:30:15,2024-01-27,179,17,Retail,PayPal,COUPON-A99,0.43,AUD
135726,2024-01-27T10:22:51,2024-01-27,510,11,Online,PayPal,COUPON---Z,8.55,AUD
135761,2024-01-27T07:31:02,2024-01-27,650,44,Retail,PayPal,COUPONAZZ-,5.78,AUD
136104,2024-01-27T09:41:26,2024-01-27,51,5,Online,Afterpay,COUPONA9Z-,14.0,AUD
136127,2024-01-27T09:23:23,2024-01-27,624,8,Online,PayPal,COUPON--A-,12.25,AUD
136239,2024-01-27T20:13:09,2024-01-27,431,22,Retail,PayPal,COUPON-9A9,16.72,AUD
136307,2024-01-27T22:57:51,2024-01-27,221,11,Online,Afterpay,COUPON-Z09,15.11,AUD
136394,2024-01-27T08:54:20,2024-01-27,533,19,Retail,Afterpay,COUPONA-AZ,1.64,AUD
136419,2024-01-27T06:59:48,2024-01-27,613,20,Online,PayPal,COUPON--9Z,14.89,AUD
136618,2024-01-27T23:51:00,2024-01-27,738,32,Online,PayPal,COUPON--Z-,4.61,AUD
136662,2024-01-27T16:38:43,2024-01-27,235,18,Online,PayPal,COUPON-9A9,14.48,AUD
136702,2024-01-27T06:53:50,2024-01-27,118,29,Online,Afterpay,COUPON-Z-0,12.9,AUD
136729,2024-01-27T12:22:59,2024-01-27,495,33,Online,Credit Card,COUPONA-Z9,7.46,AUD
137067,2024-01-27T09:08:32,2024-01-27,205,1,Retail,Afterpay,COUPON-999,12.87,AUD
137072,2024-01-27T12:06:09,2024-01-27,520,45,Retail,Afterpay,COUPON----,4.31,AUD
137135,2024-01-27T11:24:09,2024-01-27,718,9,Retail,Afterpay,COUPON-AAZ,5.7,AUD
137265,2024-01-27T05:24:37,2024-01-27,124,13,Retail,Credit Card,COUPON9090,17.52,AUD
137291,2024-01-27T22:06:20,2024-01-27,229,49,Retail,Afterpay,COUPONA0ZZ,17.52,AUD
137335,2024-01-27T19:32:58,2024-01-27,48,38,Online,Credit Card,COUPON--0A,1.16,AUD
137413,2024-01-27T08:17:04,2024-01-27,239,25,Online,Afterpay,COUPONZ-9-,13.52,AUD
137426,2024-01-27T23:30:09,2024-01-27,504,27,Retail,Credit Card,COUPON-A-0,3.01,AUD
137479,2024-01-27T05:07:38,2024-01-27,612,22,Retail,PayPal,COUPONZ0--,9.23,AUD
137506,2024-01-27T04:34:24,2024-01-27,82,17,Online,Credit Card,COUPONZ90A,18.57,AUD
137536,2024-01-27T22:09:10,2024-01-27,93,16,Retail,Credit Card,COUPONZ09-,17.76,AUD
137548,2024-01-27T05:17:26,2024-01-27,581,47,Online,Afterpay,COUPON--Z-,5.55,AUD
137556,2024-01-27T06:41:11,2024-01-27,442,44,Online,PayPal,COUPON--09,3.42,AUD
137589,2024-01-27T23:53:43,2024-01-27,783,35,Retail,Credit Card,COUPON090Z,9.16,AUD
137710,2024-01-27T17:59:25,2024-01-27,504,43,Retail,PayPal,COUPONZ--0,16.46,AUD
137803,2024-01-27T11:44:07,2024-01-27,278,31,Online,Afterpay,COUPON----,2.98,AUD
137908,2024-01-27T09:29:42,2024-01-27,618,13,Retail,Afterpay,COUPON-9AZ,2.5,AUD
137999,2024-01-27T16:32:27,2024-01-27,782,46,Online,Afterpay,COUPON--09,1.37,AUD
138168,2024-01-27T21:14:23,2024-01-27,763,30,Retail,PayPal,COUPON9-0-,7.35,AUD
138169,2024-01-27T07:52:10,2024-01-27,92,3,Online,PayPal,COUPON-9-A,0.91,AUD
138185,2024-01-27T02:44:11,2024-01-27,444,31,Online,Credit Card,COUPON9900,13.95,AUD
138355,2024-01-27T09:01:19,2024-01-27,283,37,Retail,Credit Card,COUPON--A-,5.43,AUD
138394,2024-01-27T03:26:35,2024-01-27,634,28,Retail,Afterpay,COUPON0AA9,8.41,AUD
138415,2024-01-27T05:37:45,2024-01-27,310,15,Retail,Afterpay,COUPON-A-9,16.89,AUD
138547,2024-01-27T03:01:15,2024-01-27,780,38,Retail,PayPal,COUPONZA9-,16.14,AUD
138548,2024-01-27T05:27:35,2024-01-27,725,13,Retail,PayPal,COUPON-Z--,5.07,AUD
138552,2024-01-27T18:51:11,2024-01-27,483,40,Online,Afterpay,COUPON9--0,8.27,AUD
138577,2024-01-27T19:28:45,2024-01-27,337,7,Retail,Credit Card,COUPON0-AZ,2.06,AUD
138628,2024-01-27T16:15:08,2024-01-27,234,2,Online,Afterpay,COUPON0A-0,18.87,AUD
138657,2024-01-27T12:43:18,2024-01-27,703,12,Retail,Afterpay,COUPON-0AZ,16.46,AUD
138714,2024-01-27T07:12:11,2024-01-27,647,22,Retail,Credit Card,COUPON--0Z,0.46,AUD
138720,2024-01-27T18:41:30,2024-01-27,495,31,Retail,PayPal,COUPON-0ZA,12.32,AUD
138855,2024-01-27T12:19:29,2024-01-27,96,10,Online,Credit Card,COUPONA09-,1.15,AUD
138954,2024-01-27T06:37:06,2024-01-27,29,26,Retail,Credit Card,COUPONZ9-A,2.3,AUD
138999,2024-01-27T04:48:15,2024-01-27,606,23,Online,Afterpay,COUPON99-A,13.18,AUD
139495,2024-01-27T07:33:44,2024-01-27,380,20,Retail,Afterpay,COUPON-0-Z,3.64,AUD
139514,2024-01-27T05:34:56,2024-01-27,778,22,Retail,Credit Card,COUPON9A-9,19.64,AUD
139521,2024-01-27T14:43:38,2024-01-27,67,20,Online,Afterpay,COUPON-Z-A,10.6,AUD
139758,2024-01-27T02:48:13,2024-01-27,464,24,Retail,PayPal,COUPON----,11.82,AUD
139918,2024-01-27T13:34:23,2024-01-27,745,39,Online,Credit Card,COUPONZ9A-,0.49,AUD
140147,2024-01-27T22:48:33,2024-01-27,738,18,Online,Afterpay,COUPONZ-99,13.94,AUD
140148,2024-01-27T00:15:05,2024-01-27,17,41,Online,PayPal,COUPON--Z-,10.68,AUD
140304,2024-01-27T23:49:45,2024-01-27,270,35,Online,PayPal,COUPONA--9,2.07,AUD
140312,2024-01-27T17:51:47,2024-01-27,266,2,Online,Afterpay,COUPON-AA0,2.76,AUD
140451,2024-01-27T10:05:23,2024-01-27,123,34,Retail,Credit Card,COUPON00A-,19.5,AUD
140611,2024-01-27T00:40:11,2024-01-27,439,48,Retail,PayPal,COUPON-Z-9,16.78,AUD
140641,2024-01-27T17:21:51,2024-01-27,558,14,Online,Credit Card,COUPONZ9-0,1.48,AUD
140907,2024-01-27T02:06:41,2024-01-27,407,8,Retail,Afterpay,COUPONZ-Z-,5.6,AUD
140934,2024-01-27T14:36:24,2024-01-27,592,31,Retail,Credit Card,COUPON-AZZ,9.38,AUD
141003,2024-01-27T16:13:24,2024-01-27,15,12,Retail,Afterpay,COUPON0-9Z,10.6,AUD
141012,2024-01-27T08:19:59,2024-01-27,8,31,Retail,Afterpay,COUPON----,19.44,AUD
141081,2024-01-27T11:39:53,2024-01-27,720,40,Online,Credit Card,COUPON0--0,10.98,AUD
141245,2024-01-27T23:58:50,2024-01-27,357,35,Online,Afterpay,COUPONZZA-,9.72,AUD
141393,2024-01-27T16:59:54,2024-01-27,641,25,Retail,Afterpay,COUPONAZA-,8.6,AUD
141451,2024-01-27T04:09:28,2024-01-27,460,30,Online,Afterpay,COUPONAAZA,4.35,AUD
141529,2024-01-27T14:19:30,2024-01-27,359,46,Online,Afterpay,COUPON--AA,0.6,AUD
141571,2024-01-27T07:08:31,2024-01-27,75,16,Online,PayPal,COUPON90-Z,3.71,AUD
141657,2024-01-27T11:38:14,2024-01-27,344,5,Retail,PayPal,COUPON---0,11.06,AUD
141676,2024-01-27T14:11:18,2024-01-27,474,22,Retail,Afterpay,COUPON-Z99,17.83,AUD
141686,2024-01-27T14:28:16,2024-01-27,75,19,Retail,PayPal,COUPONZ-Z-,8.88,AUD
141735,2024-01-27T00:09:08,2024-01-27,206,37,Online,PayPal,COUPON--ZA,7.22,AUD
141739,2024-01-27T10:59:21,2024-01-27,45,10,Online,Credit Card,COUPON9--0,11.56,AUD
141860,2024-01-27T08:57:18,2024-01-27,759,15,Online,Credit Card,COUPON90-A,17.05,AUD
141863,2024-01-27T08:02:03,2024-01-27,648,26,Retail,PayPal,COUPON-0Z0,16.16,AUD
142065,2024-01-27T14:38:57,2024-01-27,641,45,Online,Credit Card,COUPON-A0A,10.38,AUD
142146,2024-01-27T17:52:31,2024-01-27,159,35,Online,Afterpay,COUPON-A0A,0.27,AUD
142201,2024-01-27T21:09:19,2024-01-27,112,14,Retail,Credit Card,COUPONZA9-,6.6,AUD
142205,2024-01-27T08:23:46,2024-01-27,289,16,Online,Credit Card,COUPON-A9A,2.41,AUD
142282,2024-01-27T02:29:38,2024-01-27,132,41,Retail,PayPal,COUPON09Z0,5.74,AUD
142287,2024-01-27T19:25:17,2024-01-27,595,9,Online,Credit Card,COUPON--A9,5.96,AUD
142397,2024-01-27T23:20:45,2024-01-27,170,10,Online,Afterpay,COUPONZ-90,8.33,AUD
142469,2024-01-27T13:52:48,2024-01-27,760,34,Retail,Afterpay,COUPON9A9-,3.1,AUD
142496,2024-01-27T05:38:25,2024-01-27,606,5,Retail,PayPal,COUPON00Z9,13.48,AUD
142507,2024-01-27T15:52:28,2024-01-27,72,30,Online,Credit Card,COUPON-ZZ-,6.07,AUD
142701,2024-01-27T04:10:30,2024-01-27,402,49,Retail,Afterpay,COUPONA-Z-,6.41,AUD
142732,2024-01-27T11:29:15,2024-01-27,645,49,Retail,Credit Card,COUPONZ-09,2.58,AUD
142743,2024-01-27T20:31:12,2024-01-27,456,39,Retail,Credit Card,COUPONAZ-9,16.54,AUD
142775,2024-01-27T17:27:42,2024-01-27,757,20,Retail,PayPal,COUPON9A--,16.88,AUD
142789,2024-01-27T02:17:26,2024-01-27,170,14,Retail,PayPal,COUPON----,12.59,AUD
142886,2024-01-27T12:54:29,2024-01-27,200,44,Online,PayPal,COUPON0-Z-,5.99,AUD
142957,2024-01-27T20:00:18,2024-01-27,674,27,Online,Credit Card,COUPON9-0-,9.46,AUD
142989,2024-01-27T05:49:56,2024-01-27,314,6,Online,Afterpay,COUPON-9Z0,9.4,AUD
143022,2024-01-27T17:44:11,2024-01-27,229,2,Retail,Afterpay,COUPON0A-9,1.42,AUD
143095,2024-01-27T09:17:21,2024-01-27,203,35,Online,Credit Card,COUPONA-09,17.06,AUD
143177,2024-01-27T13:02:39,2024-01-27,725,46,Online,Credit Card,COUPON-A90,12.93,AUD
143231,2024-01-27T03:08:39,2024-01-27,763,26,Retail,Credit Card,COUPON9AZ0,2.97,AUD
143265,2024-01-27T09:30:29,2024-01-27,496,22,Online,Afterpay,COUPONZ--Z,0.08,AUD
143320,2024-01-27T07:27:56,2024-01-27,449,2,Retail,PayPal,COUPON-0A-,3.82,AUD
143777,2024-01-27T03:29:22,2024-01-27,91,19,Retail,PayPal,COUPONZ0A-,2.3,AUD
143778,2024-01-27T11:29:53,2024-01-27,368,45,Online,Credit Card,COUPON9-AA,17.37,AUD
143858,2024-01-27T22:17:59,2024-01-27,168,18,Online,PayPal,COUPONZ0A-,16.57,AUD
143859,2024-01-27T20:57:31,2024-01-27,56,21,Online,Credit Card,COUPON9-9-,1.42,AUD
144195,2024-01-27T14:51:06,2024-01-27,562,2,Retail,Afterpay,COUPON---A,6.89,AUD
144220,2024-01-27T07:02:58,2024-01-27,638,16,Online,PayPal,COUPONAA9Z,19.35,AUD
144623,2024-01-27T13:27:15,2024-01-27,549,32,Online,Afterpay,COUPON-A-A,10.74,AUD
144759,2024-01-27T22:15:01,2024-01-27,774,24,Online,Afterpay,COUPON-AZ0,10.05,AUD
144792,2024-01-27T04:26:15,2024-01-27,775,44,Retail,PayPal,COUPON-0--,3.37,AUD
144804,2024-01-27T06:01:32,2024-01-27,493,24,Retail,PayPal,COUPON----,1.96,AUD
144831,2024-01-27T04:44:32,2024-01-27,650,34,Retail,Credit Card,COUPONZ99A,6.27,AUD
145004,2024-01-27T11:17:07,2024-01-27,797,29,Online,PayPal,COUPON0-90,2.14,AUD
145137,2024-01-27T23:46:35,2024-01-27,791,32,Online,PayPal,COUPON-A0Z,0.43,AUD
145185,2024-01-27T10:16:54,2024-01-27,745,13,Retail,Afterpay,COUPON9Z9A,1.73,AUD
145277,2024-01-27T21:00:32,2024-01-27,759,48,Online,Afterpay,COUPON-Z0Z,7.23,AUD
145456,2024-01-27T03:15:36,2024-01-27,554,29,Online,Afterpay,COUPON9--Z,17.91,AUD
145539,2024-01-27T08:32:06,2024-01-27,776,25,Online,Credit Card,COUPON00--,16.54,AUD
145653,2024-01-27T06:24:14,2024-01-27,602,29,Online,PayPal,COUPON9-Z9,11.94,AUD
145656,2024-01-27T13:52:01,2024-01-27,598,34,Online,Afterpay,COUPON--00,14.7,AUD
145684,2024-01-27T17:35:24,2024-01-27,771,19,Retail,Afterpay,COUPON---0,9.82,AUD
145762,2024-01-27T16:26:37,2024-01-27,9,38,Retail,Afterpay,COUPON0-ZA,14.34,AUD
145837,2024-01-27T19:13:32,2024-01-27,695,8,Retail,PayPal,COUPONZAZ-,14.43,AUD
145923,2024-01-27T12:14:02,2024-01-27,286,37,Retail,Afterpay,COUPON--9Z,8.45,AUD
145970,2024-01-27T08:47:33,2024-01-27,787,12,Online,PayPal,COUPONA00A,5.19,AUD
145977,2024-01-27T03:17:42,2024-01-27,346,41,Online,PayPal,COUPON----,16.74,AUD
146133,2024-01-27T00:14:12,2024-01-27,308,20,Retail,Credit Card,COUPONZ--A,8.74,AUD
146366,2024-01-27T11:53:13,2024-01-27,203,46,Online,Credit Card,COUPONZ90A,5.11,AUD
146386,2024-01-27T19:16:47,2024-01-27,627,29,Online,Credit Card,COUPON-A00,17.7,AUD
146390,2024-01-27T14:21:22,2024-01-27,453,12,Retail,Credit Card,COUPON-90A,16.33,AUD
146476,2024-01-27T03:12:18,2024-01-27,226,33,Online,Credit Card,COUPON--0A,7.52,AUD
146503,2024-01-27T05:36:34,2024-01-27,515,28,Online,Afterpay,COUPON-0Z9,1.93,AUD
146513,2024-01-27T06:40:05,2024-01-27,333,11,Online,PayPal,COUPONZA9-,4.63,AUD
146697,2024-01-27T01:32:11,2024-01-27,557,8,Retail,Credit Card,COUPON-Z-A,2.92,AUD
146866,2024-01-27T02:20:08,2024-01-27,117,4,Retail,Credit Card,COUPONA9-9,19.75,AUD
146987,2024-01-27T13:33:54,2024-01-27,740,24,Online,Afterpay,COUPON-0-A,13.75,AUD
147194,2024-01-27T09:37:01,2024-01-27,115,28,Retail,Credit Card,COUPON-A0-,8.97,AUD
147307,2024-01-27T10:00:59,2024-01-27,159,16,Online,Credit Card,COUPON-ZA-,8.52,AUD
147491,2024-01-27T22:06:57,2024-01-27,176,35,Online,Afterpay,COUPON----,11.5,AUD
147727,2024-01-27T21:08:09,2024-01-27,289,39,Online,Afterpay,COUPONAZ-9,3.06,AUD
147897,2024-01-27T20:19:46,2024-01-27,485,12,Online,Afterpay,COUPON0-0A,18.87,AUD
147946,2024-01-27T01:07:32,2024-01-27,623,10,Retail,Afterpay,COUPON-9A9,5.29,AUD
148051,2024-01-27T19:11:48,2024-01-27,456,4,Retail,Afterpay,COUPON99--,6.19,AUD
148092,2024-01-27T02:11:50,2024-01-27,798,32,Online,Afterpay,COUPON0-AA,10.11,AUD
148289,2024-01-27T11:16:45,2024-01-27,577,7,Retail,Afterpay,COUPONZ0-0,13.56,AUD
148381,2024-01-27T04:11:16,2024-01-27,157,9,Online,Credit Card,COUPONA-0-,12.13,AUD
148473,2024-01-27T19:59:28,2024-01-27,278,8,Online,PayPal,COUPONZZA0,1.17,AUD
148504,2024-01-27T20:26:08,2024-01-27,688,46,Online,PayPal,COUPONZAAZ,10.15,AUD
148613,2024-01-27T03:52:38,2024-01-27,42,22,Retail,PayPal,COUPON9--9,15.28,AUD
148752,2024-01-27T14:43:09,2024-01-27,189,30,Retail,PayPal,COUPON00-Z,19.36,AUD
148944,2024-01-27T08:39:06,2024-01-27,237,39,Online,PayPal,COUPON--0-,17.35,AUD
148950,2024-01-27T13:45:31,2024-01-27,761,19,Retail,Credit Card,COUPON9Z0-,7.53,AUD
149078,2024-01-27T09:59:59,2024-01-27,750,42,Retail,Afterpay,COUPONA-AZ,19.95,AUD
149107,2024-01-27T22:16:06,2024-01-27,385,2,Retail,Afterpay,COUPON0A--,14.13,AUD
149116,2024-01-27T01:00:35,2024-01-27,683,4,Online,PayPal,COUPON0Z-9,7.93,AUD
149217,2024-01-27T06:32:31,2024-01-27,134,44,Retail,Afterpay,COUPON9-AZ,8.57,AUD
149313,2024-01-27T00:28:53,2024-01-27,528,35,Online,Afterpay,COUPON99A9,4.93,AUD
149386,2024-01-27T16:51:21,2024-01-27,699,42,Retail,PayPal,COUPON-A9A,11.26,AUD
149516,2024-01-27T21:18:19,2024-01-27,26,24,Online,Afterpay,COUPONA0-0,2.61,AUD
149521,2024-01-27T07:04:13,2024-01-27,46,2,Retail,PayPal,COUPONZZ9-,1.41,AUD
149585,2024-01-27T08:31:04,2024-01-27,456,46,Online,PayPal,COUPON9Z00,0.17,AUD
149607,2024-01-27T17:02:46,2024-01-27,203,10,Retail,Credit Card,COUPONAA9-,16.22,AUD
149651,2024-01-27T07:07:16,2024-01-27,263,2,Online,Credit Card,COUPON-A-A,9.79,AUD
149864,2024-01-27T02:49:27,2024-01-27,128,27,Online,PayPal,COUPONA-Z-,12.09,AUD
149884,2024-01-27T01:26:48,2024-01-27,772,12,Retail,Credit Card,COUPON0-9Z,7.05,AUD
149894,2024-01-27T02:13:55,2024-01-27,205,48,Retail,Credit Card,COUPONZ--9,13.97,AUD
150150,2024-01-27T14:07:41,2024-01-27,361,38,Online,Credit Card,COUPON00-0,14.52,AUD
150174,2024-01-27T22:02:17,2024-01-27,711,30,Retail,Afterpay,COUPONA-0-,2.51,AUD
150191,2024-01-27T23:49:19,2024-01-27,684,7,Retail,Credit Card,COUPONZ9-0,12.03,AUD
150245,2024-01-27T23:57:29,2024-01-27,95,13,Retail,PayPal,COUPON---0,0.74,AUD
150541,2024-01-27T20:58:10,2024-01-27,789,12,Online,Afterpay,COUPON9A00,16.53,AUD
150559,2024-01-27T03:28:52,2024-01-27,238,3,Online,PayPal,COUPON9-ZZ,16.06,AUD
150631,2024-01-27T12:36:37,2024-01-27,626,17,Online,PayPal,COUPON0A99,10.65,AUD
150724,2024-01-27T18:33:14,2024-01-27,222,25,Retail,Afterpay,COUPON9Z09,7.43,AUD
150737,2024-01-27T04:27:06,2024-01-27,459,47,Retail,Credit Card,COUPON90Z-,17.97,AUD
150888,2024-01-27T01:06:11,2024-01-27,278,32,Online,Credit Card,COUPONZ00Z,5.26,AUD
150982,2024-01-27T18:22:18,2024-01-27,356,25,Online,PayPal,COUPON09Z-,17.18,AUD
151223,2024-01-27T19:19:54,2024-01-27,342,26,Online,PayPal,COUPON9-0A,1.24,AUD
151310,2024-01-27T14:02:44,2024-01-27,682,12,Retail,PayPal,COUPON9-A-,4.93,AUD
151326,2024-01-27T05:09:23,2024-01-27,18,43,Online,Credit Card,COUPON-9--,9.82,AUD
151653,2024-01-27T22:59:08,2024-01-27,461,13,Retail,Credit Card,COUPONA-9Z,4.39,AUD
151691,2024-01-27T20:20:16,2024-01-27,577,48,Retail,Afterpay,COUPON9A--,9.89,AUD
151693,2024-01-27T08:50:12,2024-01-27,588,48,Online,Afterpay,COUPON--Z-,18.16,AUD
151743,2024-01-27T11:27:17,2024-01-27,423,4,Online,Afterpay,COUPON9A0-,12.92,AUD
151806,2024-01-27T06:31:02,2024-01-27,153,40,Retail,Credit Card,COUPON-ZZ0,1.11,AUD
151826,2024-01-27T21:11:22,2024-01-27,617,47,Retail,PayPal,COUPONA-Z-,19.01,AUD
151932,2024-01-27T06:21:39,2024-01-27,238,14,Online,Credit Card,COUPON-A99,12.72,AUD
152096,2024-01-27T12:44:21,2024-01-27,765,34,Retail,Afterpay,COUPONA--A,4.91,AUD
152162,2024-01-27T19:34:32,2024-01-27,327,4,Retail,PayPal,COUPONA099,8.99,AUD
152188,2024-01-27T13:55:05,2024-01-27,674,31,Retail,Credit Card,COUPON99ZA,5.17,AUD
152258,2024-01-27T14:51:30,2024-01-27,700,43,Retail,Afterpay,COUPON9Z9-,12.63,AUD
152335,2024-01-27T00:58:58,2024-01-27,412,25,Retail,Afterpay,COUPON9-99,1.38,AUD
152594,2024-01-27T16:07:33,2024-01-27,628,25,Online,Credit Card,COUPON-ZZZ,3.59,AUD
152651,2024-01-27T21:40:34,2024-01-27,494,39,Retail,PayPal,COUPONZ-90,7.89,AUD
152783,2024-01-27T07:11:58,2024-01-27,317,19,Retail,Credit Card,COUPON-99A,19.98,AUD
152796,2024-01-27T18:44:30,2024-01-27,660,49,Online,Afterpay,COUPON-0-A,9.89,AUD
152810,2024-01-27T23:15:52,2024-01-27,265,32,Online,Afterpay,COUPON-009,2.44,AUD
152849,2024-01-27T10:25:29,2024-01-27,761,46,Online,Afterpay,COUPON00--,2.54,AUD
152973,2024-01-27T14:16:19,2024-01-27,387,3,Online,Afterpay,COUPON-A-Z,3.14,AUD
153026,2024-01-27T06:07:39,2024-01-27,456,3,Retail,Afterpay,COUPONA-Z-,7.65,AUD
153038,2024-01-27T12:38:41,2024-01-27,670,10,Online,Credit Card,COUPONZ-99,13.8,AUD
153129,2024-01-27T00:45:28,2024-01-27,798,29,Retail,Afterpay,COUPON--0A,12.83,AUD
153198,2024-01-27T20:20:46,2024-01-27,360,7,Retail,PayPal,COUPON-00-,5.51,AUD
153439,2024-01-27T03:41:59,2024-01-27,233,40,Online,Credit Card,COUPON0Z0Z,11.05,AUD
153576,2024-01-27T17:09:30,2024-01-27,161,44,Online,Afterpay,COUPON000Z,14.19,AUD
153706,2024-01-27T15:25:01,2024-01-27,692,39,Retail,Afterpay,COUPON0-0-,9.24,AUD
153720,2024-01-27T23:35:00,2024-01-27,583,9,Online,PayPal,COUPON0A0A,12.34,AUD
153857,2024-01-27T20:25:21,2024-01-27,614,26,Online,Credit Card,COUPONA9A9,8.57,AUD
154083,2024-01-27T06:36:51,2024-01-27,339,30,Online,Credit Card,COUPON-09-,14.48,AUD
154291,2024-01-27T15:15:19,2024-01-27,231,28,Online,Credit Card,COUPON0--A,12.53,AUD
154335,2024-01-27T10:24:29,2024-01-27,432,25,Online,Afterpay,COUPONZZ0-,18.73,AUD
154418,2024-01-27T19:44:56,2024-01-27,440,43,Retail,Credit Card,COUPON0--9,16.44,AUD
154428,2024-01-27T17:35:53,2024-01-27,484,22,Online,PayPal,COUPON9Z-Z,19.05,AUD
154618,2024-01-27T10:04:36,2024-01-27,583,26,Retail,Credit Card,COUPON----,10.94,AUD
154722,2024-01-27T13:17:51,2024-01-27,202,44,Retail,Afterpay,COUPON9-AZ,19.83,AUD
154791,2024-01-27T15:16:20,2024-01-27,103,36,Retail,Credit Card,COUPON-9Z-,5.09,AUD
154805,2024-01-27T08:44:34,2024-01-27,484,35,Retail,Afterpay,COUPON9Z--,1.78,AUD
154856,2024-01-27T01:27:00,2024-01-27,747,37,Online,PayPal,COUPON-9AZ,8.17,AUD
154916,2024-01-27T05:48:38,2024-01-27,243,5,Online,Afterpay,COUPON--A0,8.62,AUD
155379,2024-01-27T19:19:44,2024-01-27,522,38,Online,PayPal,COUPONAZA-,14.87,AUD
155399,2024-01-27T13:26:44,2024-01-27,692,8,Retail,Afterpay,COUPONA--0,9.8,AUD
155469,2024-01-27T00:56:26,2024-01-27,3,1,Online,Credit Card,COUPON-A-9,12.51,AUD
155595,2024-01-27T17:03:44,2024-01-27,357,11,Retail,Credit Card,COUPON00-A,12.35,AUD
155747,2024-01-27T07:13:24,2024-01-27,677,4,Online,Credit Card,COUPONZ---,2.38,AUD
155809,2024-01-27T19:43:52,2024-01-27,204,28,Retail,PayPal,COUPONA-09,17.65,AUD
155849,2024-01-27T23:46:31,2024-01-27,118,33,Retail,PayPal,COUPON-A--,14.12,AUD
156131,2024-01-27T18:17:58,2024-01-27,283,12,Online,Credit Card,COUPON--ZA,14.63,AUD
156273,2024-01-27T19:19:52,2024-01-27,79,20,Online,PayPal,COUPONA0-0,11.28,AUD
156383,2024-01-27T00:49:53,2024-01-27,383,49,Retail,Credit Card,COUPONA-A0,2.5,AUD
156409,2024-01-27T12:16:53,2024-01-27,124,44,Retail,PayPal,COUPONAZ--,16.39,AUD
156431,2024-01-27T03:10:43,2024-01-27,739,13,Online,Credit Card,COUPONZA0-,7.95,AUD
156502,2024-01-27T14:37:16,2024-01-27,550,24,Online,Afterpay,COUPONZ-AA,14.48,AUD
156521,2024-01-27T16:58:27,2024-01-27,540,33,Retail,PayPal,COUPON00-Z,3.5,AUD
156626,2024-01-27T23:47:44,2024-01-27,78,49,Retail,Credit Card,COUPON-ZA0,11.79,AUD
156695,2024-01-27T10:28:25,2024-01-27,48,17,Retail,Afterpay,COUPON0A0-,11.14,AUD
156763,2024-01-27T18:56:11,2024-01-27,448,4,Retail,Afterpay,COUPONAZZ0,8.8,AUD
156866,2024-01-27T22:13:43,2024-01-27,661,21,Online,PayPal,COUPON-Z9-,9.32,AUD
156904,2024-01-27T00:28:19,2024-01-27,700,6,Online,PayPal,COUPONA--A,18.47,AUD
156956,2024-01-27T04:50:07,2024-01-27,150,26,Online,PayPal,COUPONZZZ-,9.56,AUD
156997,2024-01-27T03:12:45,2024-01-27,38,14,Retail,Afterpay,COUPON90Z0,17.41,AUD
157091,2024-01-27T10:00:44,2024-01-27,465,16,Retail,Credit Card,COUPONZ-A0,12.99,AUD
157194,2024-01-27T18:02:08,2024-01-27,287,3,Online,Afterpay,COUPONAA00,11.29,AUD
157362,2024-01-27T18:53:28,2024-01-27,53,6,Retail,Afterpay,COUPON009-,16.6,AUD
157485,2024-01-27T01:13:07,2024-01-27,223,43,Retail,Afterpay,COUPON9099,1.13,AUD
157717,2024-01-27T14:45:19,2024-01-27,764,23,Retail,Afterpay,COUPONAA90,17.48,AUD
157730,2024-01-27T14:49:52,2024-01-27,190,34,Retail,PayPal,COUPON-Z-A,14.59,AUD
157866,2024-01-27T01:57:20,2024-01-27,231,26,Retail,Credit Card,COUPONA-9-,4.35,AUD
157873,2024-01-27T15:37:20,2024-01-27,243,8,Online,Credit Card,COUPON----,19.62,AUD
158205,2024-01-27T08:15:47,2024-01-27,5,41,Retail,PayPal,COUPON99Z0,0.68,AUD
158289,2024-01-27T05:33:19,2024-01-27,733,11,Online,Afterpay,COUPON-ZZ0,13.85,AUD
158568,2024-01-27T19:24:43,2024-01-27,119,12,Retail,Afterpay,COUPON-9-Z,8.92,AUD
158600,2024-01-27T00:32:10,2024-01-27,82,22,Retail,Afterpay,COUPONA-A-,1.11,AUD
158980,2024-01-27T16:20:42,2024-01-27,561,38,Online,Afterpay,COUPON-0--,8.23,AUD
158981,2024-01-27T15:47:49,2024-01-27,681,41,Online,PayPal,COUPON-0AZ,12.05,AUD
159039,2024-01-27T19:04:39,2024-01-27,656,9,Online,Afterpay,COUPON--AA,0.67,AUD
159093,2024-01-27T03:09:57,2024-01-27,85,43,Online,Credit Card,COUPON0--Z,8.65,AUD
159135,2024-01-27T19:47:20,2024-01-27,554,12,Online,Afterpay,COUPON0-A-,13.26,AUD
159254,2024-01-27T07:56:06,2024-01-27,370,32,Online,Afterpay,COUPON9-AZ,9.0,AUD
159279,2024-01-27T15:54:17,2024-01-27,554,15,Retail,Credit Card,COUPON9A--,17.91,AUD
159315,2024-01-27T09:56:57,2024-01-27,604,36,Online,Credit Card,COUPONAZ9A,17.58,AUD
159500,2024-01-27T16:27:53,2024-01-27,199,8,Online,Credit Card,COUPONZ9--,2.8,AUD
159528,2024-01-27T21:16:57,2024-01-27,119,10,Retail,Credit Card,COUPON-A--,9.57,AUD
159552,2024-01-27T16:35:41,2024-01-27,40,41,Retail,Credit Card,COUPON0ZA-,16.18,AUD
159709,2024-01-27T13:43:04,2024-01-27,154,17,Retail,PayPal,COUPON-ZAA,7.06,AUD
159735,2024-01-27T02:20:14,2024-01-27,667,41,Online,PayPal,COUPONA0Z-,5.46,AUD
159752,2024-01-27T14:13:53,2024-01-27,492,44,Retail,Credit Card,COUPONAZ9-,4.35,AUD
159786,2024-01-27T05:40:53,2024-01-27,126,35,Online,Afterpay,COUPONA9-A,10.58,AUD
159820,2024-01-27T10:07:03,2024-01-27,572,5,Retail,Credit Card,COUPON900-,7.62,AUD
159843,2024-01-27T07:02:24,2024-01-27,691,17,Retail,Afterpay,COUPON0-A-,2.56,AUD
159854,2024-01-27T06:51:58,2024-01-27,649,23,Retail,Afterpay,COUPONZ0--,11.8,AUD
159923,2024-01-27T03:41:17,2024-01-27,584,39,Online,PayPal,COUPON0-A0,8.64,AUD
160050,2024-01-27T18:29:16,2024-01-27,156,36,Online,Credit Card,COUPONAAZ9,14.85,AUD
160182,2024-01-27T03:47:18,2024-01-27,755,14,Online,Credit Card,COUPONZ-00,15.83,AUD
160203,2024-01-27T01:26:29,2024-01-27,240,33,Online,Credit Card,COUPON00A-,1.51,AUD
160288,2024-01-27T04:58:07,2024-01-27,449,44,Online,Credit Card,COUPONZA-Z,11.23,AUD
160335,2024-01-27T16:06:59,2024-01-27,569,37,Online,Afterpay,COUPON--AA,12.45,AUD
160349,2024-01-27T22:11:52,2024-01-27,216,36,Retail,Credit Card,COUPON--0-,18.44,AUD
160400,2024-01-27T16:52:52,2024-01-27,66,44,Retail,PayPal,COUPONA999,9.84,AUD
160605,2024-01-27T09:39:58,2024-01-27,728,37,Retail,Afterpay,COUPON0AZ-,10.42,AUD
160703,2024-01-27T07:20:34,2024-01-27,422,2,Retail,PayPal,COUPON9-A9,4.11,AUD
161243,2024-01-27T05:19:13,2024-01-27,598,4,Retail,Afterpay,COUPON9-Z-,3.72,AUD
161459,2024-01-27T06:18:57,2024-01-27,701,16,Retail,PayPal,COUPONA-9-,6.99,AUD
161494,2024-01-27T15:40:30,2024-01-27,44,6,Online,Credit Card,COUPON9A99,7.69,AUD
161706,2024-01-27T08:40:59,2024-01-27,451,24,Retail,Credit Card,COUPON-90-,11.16,AUD
161988,2024-01-27T10:59:37,2024-01-27,126,30,Retail,Credit Card,COUPONAZ-Z,0.11,AUD
162068,2024-01-27T10:45:49,2024-01-27,10,33,Online,Afterpay,COUPON--A0,17.82,AUD
162153,2024-01-27T15:26:09,2024-01-27,697,19,Retail,Credit Card,COUPON90-0,17.16,AUD
162343,2024-01-27T23:52:06,2024-01-27,111,25,Online,Credit Card,COUPON9Z--,14.9,AUD
162365,2024-01-27T00:48:46,2024-01-27,515,40,Online,PayPal,COUPON-AAZ,10.27,AUD
162392,2024-01-27T18:51:37,2024-01-27,546,22,Retail,Afterpay,COUPON---0,3.27,AUD
162545,2024-01-27T18:04:35,2024-01-27,52,40,Online,PayPal,COUPONZZ--,8.08,AUD
162701,2024-01-27T21:45:20,2024-01-27,637,35,Online,Afterpay,COUPONAZZ-,8.5,AUD
162738,2024-01-27T14:40:06,2024-01-27,385,2,Online,PayPal,COUPON-0-Z,12.44,AUD
162799,2024-01-27T08:18:28,2024-01-27,356,44,Online,Credit Card,COUPONZZ--,9.2,AUD
162816,2024-01-27T19:12:20,2024-01-27,34,11,Online,Afterpay,COUPON09-A,16.62,AUD
162855,2024-01-27T17:43:54,2024-01-27,407,21,Online,Credit Card,COUPON0-0A,3.23,AUD
163092,2024-01-27T08:08:02,2024-01-27,601,35,Online,PayPal,COUPONZ---,12.62,AUD
163114,2024-01-27T11:29:20,2024-01-27,687,31,Online,Afterpay,COUPONZA--,19.56,AUD
163515,2024-01-27T13:29:41,2024-01-27,243,47,Retail,PayPal,COUPON-0-Z,11.13,AUD
163524,2024-01-27T18:16:00,2024-01-27,678,28,Online,Afterpay,COUPON-99A,3.82,AUD
163525,2024-01-27T16:00:04,2024-01-27,110,11,Online,Credit Card,COUPON--0A,13.03,AUD
163527,2024-01-27T18:24:03,2024-01-27,347,48,Online,Afterpay,COUPON9AA-,19.07,AUD
163559,2024-01-27T13:05:41,2024-01-27,681,12,Retail,Afterpay,COUPON-A--,5.43,AUD
163666,2024-01-27T04:37:16,2024-01-27,792,29,Online,Afterpay,COUPONZ--9,15.05,AUD
163812,2024-01-27T18:35:41,2024-01-27,205,38,Online,Credit Card,COUPONZA-9,7.41,AUD
163833,2024-01-27T21:36:57,2024-01-27,372,14,Online,Credit Card,COUPON0A-Z,5.88,AUD
163857,2024-01-27T21:31:12,2024-01-27,203,9,Online,Afterpay,COUPON9-9-,7.71,AUD
163884,2024-01-27T07:26:27,2024-01-27,447,33,Online,Afterpay,COUPON0-90,14.84,AUD
164012,2024-01-27T01:05:12,2024-01-27,47,24,Retail,Credit Card,COUPONZ-AZ,10.74,AUD
164043,2024-01-27T16:51:31,2024-01-27,276,13,Online,Afterpay,COUPON-90A,8.58,AUD
164059,2024-01-27T07:36:56,2024-01-27,743,16,Online,Credit Card,COUPON-9-9,19.44,AUD
164093,2024-01-27T17:20:26,2024-01-27,682,10,Retail,PayPal,COUPON9A0Z,1.26,AUD
164096,2024-01-27T17:17:13,2024-01-27,162,23,Retail,PayPal,COUPON0A--,17.76,AUD
164097,2024-01-27T02:49:21,2024-01-27,698,14,Online,PayPal,COUPON9ZZA,16.76,AUD
164164,2024-01-27T15:01:17,2024-01-27,341,45,Online,Credit Card,COUPONA-9Z,11.99,AUD
164188,2024-01-27T00:30:38,2024-01-27,490,20,Online,Credit Card,COUPONA-0-,9.27,AUD
164266,2024-01-27T14:27:19,2024-01-27,611,33,Online,Credit Card,COUPON09ZZ,2.79,AUD
164287,2024-01-27T21:38:26,2024-01-27,168,1,Retail,Credit Card,COUPONZ0-0,19.05,AUD
164451,2024-01-27T10:23:18,2024-01-27,570,9,Retail,Afterpay,COUPONA009,18.05,AUD
164460,2024-01-27T17:26:14,2024-01-27,96,48,Retail,PayPal,COUPONZ-9Z,5.73,AUD
164668,2024-01-27T02:03:38,2024-01-27,442,18,Online,Afterpay,COUPON-900,0.46,AUD
164776,2024-01-27T21:30:48,2024-01-27,107,41,Online,PayPal,COUPONAZ-A,9.66,AUD
164820,2024-01-27T12:32:43,2024-01-27,141,28,Online,Credit Card,COUPON--9A,14.41,AUD
165028,2024-01-27T13:16:48,2024-01-27,493,2,Retail,PayPal,COUPONA0--,2.38,AUD
165031,2024-01-27T22:46:55,2024-01-27,38,24,Retail,Afterpay,COUPONA99A,0.2,AUD
165236,2024-01-27T17:25:13,2024-01-27,178,34,Retail,Afterpay,COUPON-99-,14.37,AUD
165395,2024-01-27T02:01:27,2024-01-27,580,39,Retail,PayPal,COUPON0--9,6.48,AUD
165620,2024-01-27T03:39:40,2024-01-27,710,30,Online,PayPal,COUPON099A,3.34,AUD
165747,2024-01-27T19:57:59,2024-01-27,293,36,Retail,Credit Card,COUPONZ0--,6.14,AUD
165793,2024-01-27T23:04:26,2024-01-27,257,18,Online,Credit Card,COUPONAZZA,9.74,AUD
165974,2024-01-27T09:25:35,2024-01-27,693,24,Retail,Afterpay,COUPON90-A,5.55,AUD
166078,2024-01-27T23:48:11,2024-01-27,374,46,Online,Afterpay,COUPONA--Z,9.58,AUD
166298,2024-01-27T17:06:17,2024-01-27,589,9,Online,Afterpay,COUPON-900,13.01,AUD
166458,2024-01-27T16:38:22,2024-01-27,692,30,Online,Credit Card,COUPON--Z9,13.16,AUD
166472,2024-01-27T17:16:14,2024-01-27,783,13,Online,Afterpay,COUPON--Z0,18.73,AUD
166541,2024-01-27T15:41:09,2024-01-27,239,32,Retail,PayPal,COUPON-0-9,7.07,AUD
166552,2024-01-27T19:52:16,2024-01-27,349,2,Retail,PayPal,COUPON-9ZZ,6.64,AUD
166771,2024-01-27T05:22:11,2024-01-27,5,25,Retail,PayPal,COUPONA0A0,7.07,AUD
166898,2024-01-27T04:04:15,2024-01-27,36,6,Retail,Afterpay,COUPONZ-A-,9.42,AUD
166984,2024-01-27T21:39:09,2024-01-27,697,48,Online,PayPal,COUPON0--0,10.83,AUD
167030,2024-01-27T16:16:12,2024-01-27,390,19,Online,PayPal,COUPONA9A-,7.94,AUD
167035,2024-01-27T10:56:52,2024-01-27,756,28,Online,Afterpay,COUPON00ZZ,10.76,AUD
167070,2024-01-27T03:50:31,2024-01-27,429,28,Retail,PayPal,COUPONAZZ9,2.49,AUD
167390,2024-01-27T01:18:49,2024-01-27,418,27,Online,Credit Card,COUPONZ09A,10.95,AUD
167419,2024-01-27T03:37:34,2024-01-27,645,26,Online,PayPal,COUPONA9--,0.08,AUD
167499,2024-01-27T14:51:18,2024-01-27,589,33,Online,Credit Card,COUPONZ9ZA,16.16,AUD
167559,2024-01-27T13:43:39,2024-01-27,602,2,Online,PayPal,COUPON-Z9-,8.93,AUD
167610,2024-01-27T16:29:21,2024-01-27,450,29,Online,Afterpay,COUPON9-Z-,13.97,AUD
167611,2024-01-27T10:30:53,2024-01-27,597,34,Retail,PayPal,COUPONZ-Z-,18.39,AUD
167644,2024-01-27T12:39:45,2024-01-27,142,44,Online,Afterpay,COUPON-ZZA,3.33,AUD
167827,2024-01-27T20:09:15,2024-01-27,34,34,Retail,Afterpay,COUPONAZA-,18.2,AUD
167876,2024-01-27T11:22:34,2024-01-27,516,16,Retail,Afterpay,COUPONA-ZZ,19.54,AUD
167943,2024-01-27T10:20:04,2024-01-27,509,18,Retail,Credit Card,COUPON--0-,14.54,AUD
168098,2024-01-27T13:40:27,2024-01-27,340,28,Online,Credit Card,COUPON-A--,18.72,AUD
168107,2024-01-27T17:16:03,2024-01-27,735,48,Online,Credit Card,COUPON09A9,6.12,AUD
168237,2024-01-27T21:37:41,2024-01-27,247,29,Online,PayPal,COUPON-099,8.65,AUD
168449,2024-01-27T18:35:00,2024-01-27,505,48,Online,Afterpay,COUPON0-AA,6.0,AUD
168552,2024-01-27T07:07:12,2024-01-27,54,45,Online,Credit Card,COUPON0--0,18.29,AUD
168703,2024-01-27T03:11:33,2024-01-27,360,12,Retail,PayPal,COUPON0ZZ-,18.75,AUD
168725,2024-01-27T02:08:07,2024-01-27,416,24,Retail,Afterpay,COUPONZ9ZZ,9.49,AUD
168785,2024-01-27T20:40:27,2024-01-27,672,44,Online,Credit Card,COUPON9Z00,12.19,AUD
168801,2024-01-27T07:13:45,2024-01-27,605,17,Retail,PayPal,COUPON-ZZ9,13.69,AUD
168803,2024-01-27T02:48:43,2024-01-27,622,33,Online,Credit Card,COUPON---A,7.37,AUD
168828,2024-01-27T13:39:09,2024-01-27,46,10,Online,PayPal,COUPON0ZA9,6.87,AUD
168888,2024-01-27T12:55:10,2024-01-27,408,18,Retail,Credit Card,COUPON0-09,1.01,AUD
169003,2024-01-27T17:16:24,2024-01-27,524,46,Retail,PayPal,COUPON-A-Z,3.9,AUD
169019,2024-01-27T12:50:42,2024-01-27,703,31,Retail,Credit Card,COUPON9---,17.74,AUD
169058,2024-01-27T00:39:07,2024-01-27,310,17,Online,Credit Card,COUPON9A90,17.84,AUD
169121,2024-01-27T05:44:18,2024-01-27,531,34,Online,Credit Card,COUPON9-Z-,18.31,AUD
169240,2024-01-27T11:56:03,2024-01-27,696,15,Online,Afterpay,COUPONZZ9-,4.07,AUD
169627,2024-01-27T13:12:24,2024-01-27,277,20,Retail,Afterpay,COUPON-A09,7.94,AUD
169729,2024-01-27T06:02:54,2024-01-27,641,48,Online,Afterpay,COUPONAA-0,13.24,AUD
169952,2024-01-27T12:05:15,2024-01-27,25,15,Online,Credit Card,COUPON-9Z0,18.64,AUD
170082,2024-01-27T12:09:57,2024-01-27,371,4,Retail,Afterpay,COUPONZA-Z,0.68,AUD
170148,2024-01-27T08:18:41,2024-01-27,776,42,Online,Credit Card,COUPON--ZZ,7.29,AUD
170269,2024-01-27T09:45:18,2024-01-27,704,45,Online,PayPal,COUPON--Z-,5.08,AUD
170603,2024-01-27T15:30:36,2024-01-27,607,35,Online,PayPal,COUPON-0-0,3.15,AUD
170612,2024-01-27T12:14:01,2024-01-27,514,29,Online,Credit Card,COUPONZ90-,14.46,AUD
170623,2024-01-27T01:30:39,2024-01-27,401,43,Retail,PayPal,COUPON----,2.38,AUD
170829,2024-01-27T02:51:07,2024-01-27,500,3,Retail,Afterpay,COUPON-ZA-,5.04,AUD
170859,2024-01-27T01:14:35,2024-01-27,763,30,Retail,Afterpay,COUPONA0-A,4.18,AUD
171031,2024-01-27T04:31:57,2024-01-27,622,41,Retail,Afterpay,COUPON---0,10.56,AUD
171073,2024-01-27T18:26:56,2024-01-27,463,43,Retail,PayPal,COUPON90ZZ,16.25,AUD
171213,2024-01-27T07:13:23,2024-01-27,343,45,Online,Afterpay,COUPONA9Z9,9.71,AUD
171328,2024-01-27T17:35:18,2024-01-27,749,18,Retail,PayPal,COUPON900A,8.44,AUD
171390,2024-01-27T00:46:31,2024-01-27,102,31,Retail,Afterpay,COUPON-Z-A,19.39,AUD
171534,2024-01-27T12:17:02,2024-01-27,653,28,Retail,Afterpay,COUPON-9-Z,12.71,AUD
171681,2024-01-27T14:17:00,2024-01-27,408,39,Retail,PayPal,COUPON0---,14.91,AUD
171709,2024-01-27T21:16:54,2024-01-27,766,24,Online,PayPal,COUPON9--A,10.03,AUD
171752,2024-01-27T04:46:06,2024-01-27,602,16,Online,Afterpay,COUPON-A--,12.23,AUD
171887,2024-01-27T18:38:59,2024-01-27,720,31,Online,Afterpay,COUPONA--0,18.59,AUD
172059,2024-01-27T09:51:20,2024-01-27,631,28,Online,Credit Card,COUPON00-A,18.86,AUD
172067,2024-01-27T02:41:20,2024-01-27,483,3,Online,Credit Card,COUPON----,18.82,AUD
172098,2024-01-27T12:45:54,2024-01-27,83,1,Online,Afterpay,COUPON0900,5.35,AUD
172286,2024-01-27T20:34:56,2024-01-27,575,20,Online,Credit Card,COUPON-9A9,6.36,AUD
172287,2024-01-27T03:49:37,2024-01-27,295,13,Retail,PayPal,COUPON0Z-A,5.72,AUD
172293,2024-01-27T12:30:06,2024-01-27,118,26,Retail,Afterpay,COUPONA--9,4.8,AUD
172487,2024-01-27T06:31:48,2024-01-27,271,49,Retail,Afterpay,COUPON-09-,17.68,AUD
172614,2024-01-27T17:16:28,2024-01-27,186,21,Online,Credit Card,COUPON-9A-,12.07,AUD
172702,2024-01-27T08:57:35,2024-01-27,290,10,Online,Credit Card,COUPON99--,18.62,AUD
172718,2024-01-27T10:40:15,2024-01-27,663,6,Online,PayPal,COUPONA-0A,1.34,AUD
172884,2024-01-27T20:46:26,2024-01-27,430,48,Retail,PayPal,COUPONA9-9,16.42,AUD
173019,2024-01-27T23:46:09,2024-01-27,674,37,Online,Afterpay,COUPON-A9A,8.72,AUD
173183,2024-01-27T21:48:02,2024-01-27,320,32,Online,Afterpay,COUPON0Z--,0.4,AUD
173184,2024-01-27T14:31:44,2024-01-27,25,34,Retail,Afterpay,COUPONZA-9,10.55,AUD
173289,2024-01-27T21:05:24,2024-01-27,3,8,Retail,Afterpay,COUPON-Z9-,7.8,AUD
173305,2024-01-27T01:15:46,2024-01-27,124,2,Retail,Credit Card,COUPON-Z-9,11.16,AUD
173335,2024-01-27T08:44:53,2024-01-27,24,28,Online,Afterpay,COUPON9A--,6.8,AUD
173375,2024-01-27T22:28:31,2024-01-27,567,10,Online,PayPal,COUPON--0A,0.88,AUD
173568,2024-01-27T01:57:07,2024-01-27,104,8,Online,Afterpay,COUPON00-A,12.15,AUD
173660,2024-01-27T23:35:46,2024-01-27,633,19,Retail,PayPal,COUPONA-Z9,7.12,AUD
173749,2024-01-27T14:03:32,2024-01-27,511,42,Online,Credit Card,COUPON--90,17.49,AUD
173750,2024-01-27T12:00:45,2024-01-27,615,11,Retail,PayPal,COUPON9A0-,5.15,AUD
173769,2024-01-27T09:13:39,2024-01-27,483,3,Online,Credit Card,COUPONA00-,16.38,AUD
173929,2024-01-27T03:48:16,2024-01-27,776,46,Online,Credit Card,COUPON-009,1.91,AUD
173977,2024-01-27T21:28:05,2024-01-27,549,47,Online,PayPal,COUPON-0A-,16.59,AUD
174103,2024-01-27T07:02:56,2024-01-27,311,38,Retail,PayPal,COUPON-9-9,4.52,AUD
174216,2024-01-27T06:31:20,2024-01-27,434,25,Online,PayPal,COUPONZ--0,1.46,AUD
174427,2024-01-27T01:33:49,2024-01-27,634,49,Online,Afterpay,COUPON00Z9,8.46,AUD
174491,2024-01-27T16:42:24,2024-01-27,259,39,Online,Credit Card,COUPON0--0,19.79,AUD
174554,2024-01-27T01:11:35,2024-01-27,31,23,Retail,Afterpay,COUPON9Z9Z,9.9,AUD
174572,2024-01-27T06:24:19,2024-01-27,729,16,Online,PayPal,COUPON0-90,12.49,AUD
174584,2024-01-27T01:04:45,2024-01-27,173,7,Retail,Afterpay,COUPON9--0,4.59,AUD
174640,2024-01-27T10:50:51,2024-01-27,242,37,Online,Credit Card,COUPON-Z9Z,2.7,AUD
174694,2024-01-27T15:20:11,2024-01-27,539,19,Online,PayPal,COUPON9Z-A,4.42,AUD
174706,2024-01-27T01:39:58,2024-01-27,483,2,Online,Credit Card,COUPON--90,17.91,AUD
174717,2024-01-27T06:46:50,2024-01-27,362,24,Retail,Credit Card,COUPON-Z9-,9.15,AUD
174787,2024-01-27T03:10:37,2024-01-27,568,11,Retail,Credit Card,COUPON-0ZZ,14.68,AUD
174947,2024-01-27T06:42:01,2024-01-27,707,45,Retail,Credit Card,COUPON---0,2.8,AUD
174974,2024-01-27T18:54:39,2024-01-27,138,33,Retail,Credit Card,COUPON9Z9A,2.77,AUD
174995,2024-01-27T17:06:38,2024-01-27,274,12,Retail,Credit Card,COUPONZ-A0,15.02,AUD
175167,2024-01-27T06:30:03,2024-01-27,480,24,Online,Credit Card,COUPON--Z-,1.4,AUD
175433,2024-01-27T12:42:29,2024-01-27,647,20,Retail,PayPal,COUPONAZZZ,7.69,AUD
175577,2024-01-27T23:06:04,2024-01-27,596,6,Online,Afterpay,COUPON--Z9,11.1,AUD
175751,2024-01-27T19:33:17,2024-01-27,545,44,Online,Credit Card,COUPON9A-Z,0.2,AUD
175877,2024-01-27T13:23:02,2024-01-27,606,28,Retail,Afterpay,COUPON-AAA,2.98,AUD
176135,2024-01-27T04:48:41,2024-01-27,208,46,Retail,PayPal,COUPONAAZ-,17.32,AUD
176136,2024-01-27T21:53:15,2024-01-27,116,20,Retail,PayPal,COUPON9-Z0,7.92,AUD
176237,2024-01-27T00:52:34,2024-01-27,425,23,Online,Afterpay,COUPON-ZA-,8.39,AUD
176280,2024-01-27T22:29:06,2024-01-27,429,34,Online,Afterpay,COUPONA0-Z,18.8,AUD
176482,2024-01-27T16:08:24,2024-01-27,601,27,Retail,PayPal,COUPON9--Z,3.69,AUD
176632,2024-01-27T13:31:51,2024-01-27,689,32,Online,Afterpay,COUPON-Z99,11.8,AUD
176758,2024-01-27T10:32:45,2024-01-27,406,37,Online,PayPal,COUPON-AZZ,7.2,AUD
176951,2024-01-27T10:37:00,2024-01-27,758,36,Retail,Afterpay,COUPON900A,1.91,AUD
176980,2024-01-27T15:52:46,2024-01-27,570,19,Retail,Afterpay,COUPON0Z9-,8.13,AUD
176984,2024-01-27T08:03:20,2024-01-27,680,32,Retail,PayPal,COUPON--A-,12.75,AUD
177200,2024-01-27T01:21:36,2024-01-27,663,39,Retail,Credit Card,COUPON99-0,3.66,AUD
177240,2024-01-27T04:41:55,2024-01-27,144,31,Online,Credit Card,COUPON9AAA,12.77,AUD
177514,2024-01-27T20:18:47,2024-01-27,537,31,Online,Credit Card,COUPON9A9-,11.86,AUD
177555,2024-01-27T21:33:20,2024-01-27,714,34,Online,PayPal,COUPONA99-,14.28,AUD
177630,2024-01-27T06:49:18,2024-01-27,78,11,Retail,PayPal,COUPONAAZ-,3.01,AUD
177659,2024-01-27T10:44:57,2024-01-27,516,49,Retail,Credit Card,COUPON-A--,18.29,AUD
177936,2024-01-27T17:10:01,2024-01-27,103,44,Retail,Credit Card,COUPONZ---,19.56,AUD
178031,2024-01-27T12:11:49,2024-01-27,787,18,Online,Credit Card,COUPON-9ZA,14.98,AUD
178184,2024-01-27T21:02:49,2024-01-27,456,33,Online,Credit Card,COUPONAZ--,17.71,AUD
178306,2024-01-27T08:47:21,2024-01-27,792,14,Retail,Credit Card,COUPONZAA-,2.34,AUD
178433,2024-01-27T01:42:21,2024-01-27,27,3,Online,PayPal,COUPONZ0-0,16.81,AUD
178492,2024-01-27T20:41:25,2024-01-27,38,31,Retail,Credit Card,COUPON----,2.66,AUD
178522,2024-01-27T19:45:49,2024-01-27,591,11,Online,Afterpay,COUPONZ-Z9,13.53,AUD
178588,2024-01-27T21:10:50,2024-01-27,279,29,Online,Credit Card,COUPON9--A,14.2,AUD
178607,2024-01-27T04:11:48,2024-01-27,566,48,Online,Credit Card,COUPON0A09,8.87,AUD
179018,2024-01-27T20:13:31,2024-01-27,475,31,Retail,Afterpay,COUPON--AZ,12.14,AUD
179130,2024-01-27T20:30:52,2024-01-27,402,22,Retail,PayPal,COUPONAZ-0,13.35,AUD
179143,2024-01-27T13:42:56,2024-01-27,180,44,Retail,Credit Card,COUPONZZ0-,16.31,AUD
179184,2024-01-27T13:56:11,2024-01-27,10,26,Retail,Credit Card,COUPONA-Z9,10.05,AUD
179211,2024-01-27T16:01:41,2024-01-27,769,34,Online,Credit Card,COUPON-A9-,6.06,AUD
179268,2024-01-27T20:36:05,2024-01-27,620,10,Online,PayPal,COUPON9AZ9,8.84,AUD
179480,2024-01-27T05:45:04,2024-01-27,253,11,Retail,PayPal,COUPONAA0A,18.31,AUD
179555,2024-01-27T14:33:24,2024-01-27,287,35,Retail,Credit Card,COUPON-000,14.14,AUD
179571,2024-01-27T08:40:49,2024-01-27,642,7,Online,Afterpay,COUPONZ99Z,12.02,AUD
179598,2024-01-27T16:45:21,2024-01-27,610,41,Online,PayPal,COUPON9Z90,3.77,AUD
179629,2024-01-27T08:22:25,2024-01-27,405,26,Retail,PayPal,COUPON9Z-Z,13.09,AUD
180033,2024-01-27T03:14:32,2024-01-27,523,12,Retail,PayPal,COUPON-9-0,12.91,AUD
180193,2024-01-27T11:22:29,2024-01-27,212,8,Online,Afterpay,COUPON9Z-Z,16.59,AUD
180268,2024-01-27T01:24:15,2024-01-27,716,22,Online,Afterpay,COUPONA-Z9,0.93,AUD
180269,2024-01-27T12:47:20,2024-01-27,536,25,Retail,PayPal,COUPON900-,10.25,AUD
180380,2024-01-27T10:17:26,2024-01-27,739,6,Online,Afterpay,COUPONA-ZZ,18.55,AUD
180397,2024-01-27T08:56:05,2024-01-27,427,48,Online,Afterpay,COUPON-A-0,18.17,AUD
180612,2024-01-27T04:05:18,2024-01-27,523,38,Online,Afterpay,COUPON990Z,15.22,AUD
180613,2024-01-27T02:12:50,2024-01-27,419,28,Retail,Credit Card,COUPONAAA-,13.36,AUD
180778,2024-01-27T09:00:08,2024-01-27,143,9,Retail,Credit Card,COUPON9-99,11.44,AUD
180848,2024-01-27T04:59:26,2024-01-27,485,7,Retail,Credit Card,COUPONZAZA,4.72,AUD
180997,2024-01-27T18:09:24,2024-01-27,520,7,Online,PayPal,COUPON-A--,8.1,AUD
181038,2024-01-27T12:34:18,2024-01-27,46,34,Retail,Credit Card,COUPON900-,1.39,AUD
181222,2024-01-27T09:23:37,2024-01-27,479,23,Online,PayPal,COUPON-AZ-,0.63,AUD
181321,2024-01-27T20:37:43,2024-01-27,528,18,Retail,Afterpay,COUPON0Z-A,10.69,AUD
181402,2024-01-27T00:50:54,2024-01-27,563,31,Retail,Credit Card,COUPON-A00,1.55,AUD
181479,2024-01-27T16:46:22,2024-01-27,55,15,Retail,Afterpay,COUPONZA9A,10.72,AUD
181725,2024-01-27T22:21:48,2024-01-27,527,34,Online,Credit Card,COUPON-9--,1.88,AUD
181985,2024-01-27T13:55:18,2024-01-27,455,23,Retail,PayPal,COUPONZ--A,14.0,AUD
182006,2024-01-27T02:15:17,2024-01-27,592,48,Retail,Credit Card,COUPON-Z-0,8.4,AUD
182168,2024-01-27T14:14:51,2024-01-27,423,19,Online,Afterpay,COUPON-A--,0.24,AUD
182171,2024-01-27T12:35:52,2024-01-27,461,9,Online,Afterpay,COUPON--9-,16.1,AUD
182204,2024-01-27T03:51:24,2024-01-27,521,11,Online,PayPal,COUPON-9--,13.04,AUD
182235,2024-01-27T22:44:32,2024-01-27,313,9,Online,Afterpay,COUPON--0Z,9.76,AUD
182255,2024-01-27T14:50:20,2024-01-27,398,27,Online,PayPal,COUPONZZ--,9.97,AUD
182412,2024-01-27T09:45:50,2024-01-27,517,45,Online,Afterpay,COUPON-A00,3.94,AUD
182793,2024-01-27T05:55:04,2024-01-27,11,4,Online,Afterpay,COUPON-ZZ-,16.05,AUD
182873,2024-01-27T05:08:20,2024-01-27,516,14,Online,Credit Card,COUPONZ9AZ,7.84,AUD
182889,2024-01-27T19:18:40,2024-01-27,598,6,Retail,Credit Card,COUPONA00-,4.57,AUD
182892,2024-01-27T13:04:18,2024-01-27,495,38,Online,Credit Card,COUPON999A,2.3,AUD
183050,2024-01-27T07:23:28,2024-01-27,4,1,Retail,Afterpay,COUPONZZ09,18.23,AUD
183142,2024-01-27T19:54:33,2024-01-27,745,47,Retail,Afterpay,COUPON0Z--,3.21,AUD
183171,2024-01-27T20:14:28,2024-01-27,410,42,Online,Afterpay,COUPONZA0-,2.85,AUD
183458,2024-01-27T07:47:40,2024-01-27,641,35,Retail,PayPal,COUPON-A0Z,15.37,AUD
183527,2024-01-27T20:48:17,2024-01-27,414,3,Online,Afterpay,COUPONZZ--,13.75,AUD
183543,2024-01-27T08:16:46,2024-01-27,684,6,Online,PayPal,COUPON9-9Z,19.03,AUD
183762,2024-01-27T15:56:23,2024-01-27,332,7,Online,Afterpay,COUPON-A-0,18.72,AUD
183861,2024-01-27T06:26:29,2024-01-27,396,18,Retail,PayPal,COUPON-9--,1.71,AUD
184002,2024-01-27T10:12:37,2024-01-27,243,11,Online,PayPal,COUPONZ---,18.31,AUD
184141,2024-01-27T23:24:57,2024-01-27,514,6,Retail,Credit Card,COUPON----,16.22,AUD
184225,2024-01-27T12:18:58,2024-01-27,640,32,Retail,Credit Card,COUPON-0A9,16.96,AUD
184248,2024-01-27T06:30:51,2024-01-27,186,15,Online,Credit Card,COUPONA90-,9.29,AUD
184324,2024-01-27T06:35:51,2024-01-27,18,16,Online,Credit Card,COUPON0A-Z,19.44,AUD
184426,2024-01-27T07:01:22,2024-01-27,773,34,Retail,Credit Card,COUPON-0-Z,14.25,AUD
184511,2024-01-27T16:17:29,2024-01-27,479,20,Retail,Credit Card,COUPONA-AA,18.87,AUD
184865,2024-01-27T10:02:20,2024-01-27,579,47,Retail,Credit Card,COUPON-Z--,17.73,AUD
185064,2024-01-27T01:30:23,2024-01-27,176,5,Retail,Credit Card,COUPON0ZAA,11.64,AUD
185145,2024-01-27T07:58:50,2024-01-27,25,47,Online,Credit Card,COUPON--AZ,6.35,AUD
185243,2024-01-27T22:13:37,2024-01-27,565,18,Online,Afterpay,COUPONAA99,8.28,AUD
185480,2024-01-27T10:59:49,2024-01-27,624,41,Online,PayPal,COUPONA-AZ,3.15,AUD
185518,2024-01-27T01:09:24,2024-01-27,50,34,Online,Credit Card,COUPON-099,1.79,AUD
185521,2024-01-27T11:03:46,2024-01-27,612,16,Retail,PayPal,COUPONA09-,11.49,AUD
185699,2024-01-27T21:06:09,2024-01-27,518,26,Retail,Credit Card,COUPON9---,13.92,AUD
185888,2024-01-27T18:30:48,2024-01-27,382,13,Online,Afterpay,COUPON0-09,4.18,AUD
185955,2024-01-27T17:26:09,2024-01-27,516,19,Retail,Afterpay,COUPONZ0-A,18.8,AUD
185992,2024-01-27T00:03:13,2024-01-27,665,3,Online,PayPal,COUPONZ---,14.82,AUD
186019,2024-01-27T09:47:37,2024-01-27,213,8,Online,PayPal,COUPON9AAA,12.2,AUD
186092,2024-01-27T09:08:11,2024-01-27,533,41,Online,PayPal,COUPON-ZA-,8.15,AUD
186551,2024-01-27T01:51:49,2024-01-27,781,24,Online,Credit Card,COUPON-Z-9,14.46,AUD
186559,2024-01-27T23:32:58,2024-01-27,373,6,Online,PayPal,COUPON00--,9.2,AUD
186634,2024-01-27T11:08:12,2024-01-27,461,23,Retail,Afterpay,COUPON0Z-0,9.27,AUD
187059,2024-01-27T01:18:40,2024-01-27,118,45,Retail,PayPal,COUPON-Z9-,13.27,AUD
187151,2024-01-27T04:44:36,2024-01-27,639,21,Online,PayPal,COUPON-9-Z,18.59,AUD
187416,2024-01-27T01:29:16,2024-01-27,533,29,Online,PayPal,COUPON0-0Z,12.03,AUD
187460,2024-01-27T06:30:28,2024-01-27,628,12,Retail,Credit Card,COUPON-Z-0,16.72,AUD
187481,2024-01-27T07:17:28,2024-01-27,544,5,Retail,Credit Card,COUPON9-A9,4.91,AUD
187497,2024-01-27T04:21:18,2024-01-27,138,4,Online,Afterpay,COUPONA990,6.33,AUD
187515,2024-01-27T02:30:01,2024-01-27,340,7,Online,Afterpay,COUPON-0A-,5.8,AUD
187549,2024-01-27T21:05:03,2024-01-27,484,47,Online,Credit Card,COUPON99-0,13.49,AUD
187576,2024-01-27T00:42:55,2024-01-27,65,22,Retail,Afterpay,COUPON0999,16.25,AUD
187633,2024-01-27T07:01:20,2024-01-27,720,6,Online,Afterpay,COUPONA0A0,17.79,AUD
187919,2024-01-27T10:07:35,2024-01-27,761,48,Retail,Afterpay,COUPONAA9-,0.99,AUD
187956,2024-01-27T13:31:52,2024-01-27,174,46,Retail,Credit Card,COUPON-AA-,15.64,AUD
187971,2024-01-27T09:07:23,2024-01-27,295,1,Retail,Credit Card,COUPONA9A-,10.46,AUD
188097,2024-01-27T01:04:13,2024-01-27,515,22,Retail,Afterpay,COUPON-Z--,3.61,AUD
188241,2024-01-27T00:54:26,2024-01-27,365,1,Retail,PayPal,COUPONA90Z,5.25,AUD
188366,2024-01-27T20:54:51,2024-01-27,28,23,Retail,PayPal,COUPONZ9A9,1.03,AUD
188513,2024-01-27T09:46:10,2024-01-27,191,22,Online,Credit Card,COUPON09A-,8.02,AUD
188566,2024-01-27T09:06:46,2024-01-27,789,44,Retail,PayPal,COUPON9000,19.53,AUD
188615,2024-01-27T15:20:21,2024-01-27,758,5,Retail,Credit Card,COUPON9009,0.05,AUD
188628,2024-01-27T08:13:38,2024-01-27,392,11,Retail,PayPal,COUPON9ZA9,2.52,AUD
188671,2024-01-27T01:46:11,2024-01-27,420,38,Retail,Afterpay,COUPON--9Z,11.1,AUD
188782,2024-01-27T18:43:11,2024-01-27,362,45,Online,Afterpay,COUPON-09-,5.95,AUD
188832,2024-01-27T07:39:16,2024-01-27,195,21,Online,PayPal,COUPON-AA9,7.9,AUD
188834,2024-01-27T05:51:34,2024-01-27,14,18,Retail,Credit Card,COUPON9-0-,13.77,AUD
188840,2024-01-27T19:23:28,2024-01-27,108,38,Retail,PayPal,COUPON099Z,14.39,AUD
189001,2024-01-27T10:58:43,2024-01-27,94,44,Online,Afterpay,COUPON90-Z,11.3,AUD
189057,2024-01-27T02:31:12,2024-01-27,456,7,Online,PayPal,COUPON-ZZ-,19.34,AUD
189114,2024-01-27T15:04:37,2024-01-27,337,15,Online,Credit Card,COUPON-ZZ9,16.73,AUD
189128,2024-01-27T07:53:40,2024-01-27,543,8,Retail,Credit Card,COUPONA--Z,6.1,AUD
189162,2024-01-27T13:56:27,2024-01-27,591,42,Retail,Afterpay,COUPON0-99,1.18,AUD
189229,2024-01-27T21:19:54,2024-01-27,747,39,Online,Credit Card,COUPONZ0AZ,15.13,AUD
189240,2024-01-27T05:52:02,2024-01-27,100,47,Online,Credit Card,COUPONZ-00,18.54,AUD
189322,2024-01-27T16:18:38,2024-01-27,469,41,Online,PayPal,COUPON9999,1.44,AUD
189414,2024-01-27T19:31:46,2024-01-27,422,23,Online,Afterpay,COUPON0--A,14.19,AUD
189698,2024-01-27T11:54:57,2024-01-27,223,44,Retail,PayPal,COUPONZ-A-,7.65,AUD
189737,2024-01-27T02:22:31,2024-01-27,476,37,Retail,PayPal,COUPONA09-,9.02,AUD
189795,2024-01-27T00:36:02,2024-01-27,459,38,Online,PayPal,COUPONAAZ-,10.43,AUD
189836,2024-01-27T16:01:33,2024-01-27,477,12,Online,Afterpay,COUPON-0--,14.32,AUD
189861,2024-01-27T12:51:41,2024-01-27,792,42,Online,Credit Card,COUPON-Z90,9.33,AUD
189872,2024-01-27T06:01:17,2024-01-27,599,31,Retail,PayPal,COUPON0ZAZ,3.79,AUD
189902,2024-01-27T19:07:34,2024-01-27,1,49,Online,PayPal,COUPON--9A,14.02,AUD
189944,2024-01-27T03:41:30,2024-01-27,123,27,Retail,PayPal,COUPON0-90,0.74,AUD
190141,2024-01-27T09:56:00,2024-01-27,184,19,Retail,Afterpay,COUPONAA90,0.79,AUD
190245,2024-01-27T20:48:04,2024-01-27,547,37,Retail,Afterpay,COUPON9AA-,11.32,AUD
190268,2024-01-27T18:49:33,2024-01-27,170,37,Retail,Credit Card,COUPONZA09,17.25,AUD
190452,2024-01-27T19:29:28,2024-01-27,222,39,Retail,Afterpay,COUPON0-0Z,1.03,AUD
190510,2024-01-27T05:39:06,2024-01-27,485,47,Online,PayPal,COUPONZ-0Z,18.67,AUD
190540,2024-01-27T18:09:37,2024-01-27,485,23,Retail,PayPal,COUPON-A09,15.34,AUD
190579,2024-01-27T11:26:55,2024-01-27,633,47,Online,Afterpay,COUPONAAZ-,4.64,AUD
190586,2024-01-27T14:49:57,2024-01-27,243,33,Online,PayPal,COUPON99AZ,17.19,AUD
190669,2024-01-27T20:29:01,2024-01-27,562,32,Online,PayPal,COUPON9--A,7.93,AUD
190814,2024-01-27T16:33:10,2024-01-27,698,36,Retail,Credit Card,COUPON-0--,4.43,AUD
191321,2024-01-27T18:20:24,2024-01-27,422,47,Online,PayPal,COUPON0--9,8.35,AUD
191430,2024-01-27T18:27:29,2024-01-27,147,47,Online,Afterpay,COUPON-Z-A,11.62,AUD
191809,2024-01-27T17:38:35,2024-01-27,64,23,Online,PayPal,COUPONZA0-,9.41,AUD
191913,2024-01-27T20:53:22,2024-01-27,491,42,Retail,Afterpay,COUPON0ZA0,5.56,AUD
191923,2024-01-27T13:31:58,2024-01-27,149,41,Online,Credit Card,COUPONA0A9,11.39,AUD
192037,2024-01-27T09:48:16,2024-01-27,767,45,Retail,Credit Card,COUPON-A99,0.37,AUD
192148,2024-01-27T09:20:19,2024-01-27,745,7,Online,Afterpay,COUPONZ-Z0,7.23,AUD
192302,2024-01-27T01:09:17,2024-01-27,735,28,Retail,Afterpay,COUPON-9-9,18.58,AUD
192486,2024-01-27T14:09:06,2024-01-27,522,43,Retail,Afterpay,COUPON90-9,17.61,AUD
192494,2024-01-27T10:19:47,2024-01-27,778,5,Online,Credit Card,COUPON9-9A,3.17,AUD
192591,2024-01-27T11:51:32,2024-01-27,625,44,Online,Afterpay,COUPONAZ--,19.25,AUD
192602,2024-01-27T18:15:22,2024-01-27,715,42,Retail,PayPal,COUPONA90-,13.48,AUD
192674,2024-01-27T09:32:41,2024-01-27,189,7,Online,Afterpay,COUPONA0--,15.31,AUD
192756,2024-01-27T06:29:32,2024-01-27,98,49,Online,Credit Card,COUPON---A,9.6,AUD
192757,2024-01-27T11:33:40,2024-01-27,364,25,Online,Credit Card,COUPONA--Z,0.31,AUD
193077,2024-01-27T05:31:11,2024-01-27,380,8,Retail,Credit Card,COUPON9Z--,3.32,AUD
193107,2024-01-27T04:59:59,2024-01-27,571,8,Retail,Afterpay,COUPON0--A,6.65,AUD
193109,2024-01-27T02:13:26,2024-01-27,13,44,Retail,Afterpay,COUPON000-,0.43,AUD
193141,2024-01-27T00:05:05,2024-01-27,201,10,Retail,Credit Card,COUPON-09A,1.1,AUD
193179,2024-01-27T09:15:57,2024-01-27,609,35,Online,Afterpay,COUPON---0,12.24,AUD
193291,2024-01-27T20:25:43,2024-01-27,1,6,Online,Credit Card,COUPON9-Z9,18.12,AUD
193305,2024-01-27T12:58:05,2024-01-27,786,31,Retail,Afterpay,COUPON-A--,9.94,AUD
193532,2024-01-27T07:33:00,2024-01-27,532,19,Online,Credit Card,COUPON-A9-,2.48,AUD
193594,2024-01-27T14:05:07,2024-01-27,612,27,Retail,PayPal,COUPON-AZ-,11.95,AUD
193619,2024-01-27T06:41:02,2024-01-27,724,26,Online,Afterpay,COUPONAZ00,10.32,AUD
193841,2024-01-27T00:38:32,2024-01-27,491,20,Online,PayPal,COUPON--9-,12.18,AUD
193993,2024-01-27T07:28:56,2024-01-27,464,47,Retail,Credit Card,COUPONZAAZ,13.57,AUD
194240,2024-01-27T14:41:21,2024-01-27,271,19,Online,PayPal,COUPON-AAZ,15.67,AUD
194292,2024-01-27T22:53:58,2024-01-27,498,12,Online,Credit Card,COUPONA-99,10.77,AUD
194441,2024-01-27T19:45:27,2024-01-27,324,42,Retail,PayPal,COUPON-Z-A,17.2,AUD
194518,2024-01-27T02:23:24,2024-01-27,53,28,Online,PayPal,COUPON-Z-0,14.0,AUD
194530,2024-01-27T17:40:28,2024-01-27,148,24,Online,PayPal,COUPONZ0A-,0.04,AUD
194583,2024-01-27T20:53:38,2024-01-27,236,20,Online,PayPal,COUPONA-Z0,0.36,AUD
194678,2024-01-27T05:57:19,2024-01-27,190,15,Retail,Afterpay,COUPONAAZ-,5.82,AUD
194787,2024-01-27T11:55:02,2024-01-27,97,37,Retail,PayPal,COUPON-A-A,1.17,AUD
194862,2024-01-27T08:42:01,2024-01-27,682,33,Retail,PayPal,COUPON-Z-0,0.7,AUD
194876,2024-01-27T09:40:03,2024-01-27,211,26,Retail,Credit Card,COUPON9--0,1.48,AUD
194901,2024-01-27T17:09:40,2024-01-27,390,15,Online,Credit Card,COUPONA-09,2.2,AUD
194964,2024-01-27T18:23:41,2024-01-27,259,38,Retail,PayPal,COUPON---Z,7.2,AUD
194970,2024-01-27T08:51:31,2024-01-27,149,40,Retail,Afterpay,COUPON0---,2.66,AUD
194972,2024-01-27T12:13:49,2024-01-27,9,18,Online,Afterpay,COUPONAAA-,6.27,AUD
195047,2024-01-27T22:12:33,2024-01-27,59,41,Retail,PayPal,COUPONZ-9Z,18.57,AUD
195201,2024-01-27T04:42:49,2024-01-27,496,9,Retail,PayPal,COUPON9ZZZ,15.94,AUD
195223,2024-01-27T07:23:28,2024-01-27,425,22,Retail,Credit Card,COUPON-AZ0,6.42,AUD
195371,2024-01-27T20:34:37,2024-01-27,772,28,Retail,PayPal,COUPON-A-Z,10.9,AUD
195490,2024-01-27T11:09:43,2024-01-27,247,4,Retail,Afterpay,COUPON---9,12.19,AUD
195561,2024-01-27T22:27:28,2024-01-27,71,21,Retail,Afterpay,COUPON0-Z-,14.96,AUD
195755,2024-01-27T22:38:51,2024-01-27,357,7,Retail,Credit Card,COUPON-0Z-,16.22,AUD
195756,2024-01-27T23:10:37,2024-01-27,44,26,Online,PayPal,COUPONA0A9,15.78,AUD
195765,2024-01-27T13:22:30,2024-01-27,427,33,Retail,Credit Card,COUPON--9Z,14.06,AUD
195787,2024-01-27T03:18:37,2024-01-27,512,16,Retail,Afterpay,COUPON99-A,9.33,AUD
195845,2024-01-27T22:11:13,2024-01-27,232,33,Retail,Credit Card,COUPONAAZ-,12.43,AUD
196012,2024-01-27T02:45:05,2024-01-27,734,39,Online,Afterpay,COUPON-999,10.14,AUD
196091,2024-01-27T21:46:26,2024-01-27,74,25,Retail,Afterpay,COUPONZ-Z0,11.06,AUD
196198,2024-01-27T20:19:29,2024-01-27,335,45,Retail,Credit Card,COUPONZA0-,3.54,AUD
196224,2024-01-27T08:17:23,2024-01-27,106,27,Retail,Afterpay,COUPON-A00,14.39,AUD
196293,2024-01-27T14:57:27,2024-01-27,397,30,Retail,PayPal,COUPONZZ-Z,10.04,AUD
196647,2024-01-27T12:10:23,2024-01-27,415,39,Online,Credit Card,COUPON-AZ9,17.21,AUD
196728,2024-01-27T07:28:41,2024-01-27,699,32,Online,PayPal,COUPONAAAA,9.35,AUD
196837,2024-01-27T13:59:22,2024-01-27,418,9,Retail,Credit Card,COUPON900A,15.04,AUD
196915,2024-01-27T07:18:45,2024-01-27,280,6,Retail,Credit Card,COUPON9-Z0,11.53,AUD
196927,2024-01-27T12:10:56,2024-01-27,725,29,Online,Credit Card,COUPONZ-9Z,12.22,AUD
197032,2024-01-27T05:13:21,2024-01-27,547,5,Retail,Afterpay,COUPON--ZZ,2.99,AUD
197115,2024-01-27T15:34:09,2024-01-27,510,44,Online,Credit Card,COUPON00--,16.22,AUD
197224,2024-01-27T05:36:51,2024-01-27,183,5,Online,PayPal,COUPON99-A,6.35,AUD
197414,2024-01-27T08:21:44,2024-01-27,754,15,Retail,PayPal,COUPONAZ-0,18.74,AUD
197741,2024-01-27T08:51:27,2024-01-27,152,15,Online,PayPal,COUPON-9-0,13.93,AUD
197756,2024-01-27T20:41:42,2024-01-27,512,31,Retail,Credit Card,COUPONAA90,0.47,AUD
197757,2024-01-27T01:59:44,2024-01-27,209,47,Online,PayPal,COUPONZ---,19.5,AUD
197822,2024-01-27T09:41:57,2024-01-27,104,17,Online,Afterpay,COUPON9Z--,7.52,AUD
197985,2024-01-27T05:29:48,2024-01-27,610,26,Online,Credit Card,COUPON-0A0,12.98,AUD
198027,2024-01-27T21:58:02,2024-01-27,85,6,Retail,Afterpay,COUPON---9,4.26,AUD
198074,2024-01-27T08:50:43,2024-01-27,401,16,Retail,PayPal,COUPON900Z,16.59,AUD
198107,2024-01-27T13:32:10,2024-01-27,141,39,Online,Credit Card,COUPONA99-,9.62,AUD
198140,2024-01-27T20:18:01,2024-01-27,299,3,Online,Credit Card,COUPON9-AA,2.1,AUD
198349,2024-01-27T23:16:58,2024-01-27,302,33,Online,Credit Card,COUPON-ZA-,8.39,AUD
198362,2024-01-27T12:47:18,2024-01-27,34,6,Online,PayPal,COUPONZ9A-,19.17,AUD
198546,2024-01-27T15:41:31,2024-01-27,34,6,Retail,PayPal,COUPONZ9--,7.67,AUD
198557,2024-01-27T19:16:38,2024-01-27,477,45,Retail,Afterpay,COUPON----,14.49,AUD
198751,2024-01-27T10:56:12,2024-01-27,476,8,Retail,Afterpay,COUPONZZ-Z,0.8,AUD
198868,2024-01-27T20:52:13,2024-01-27,736,44,Online,PayPal,COUPON0-99,9.55,AUD
198890,2024-01-27T21:40:20,2024-01-27,181,39,Retail,Afterpay,COUPON0-90,13.82,AUD
199234,2024-01-27T07:26:36,2024-01-27,735,7,Retail,Afterpay,COUPON9AZZ,4.12,AUD
199351,2024-01-27T06:52:53,2024-01-27,791,16,Retail,Afterpay,COUPON-009,10.12,AUD
199686,2024-01-27T21:00:58,2024-01-27,388,26,Retail,Afterpay,COUPONZZZ-,1.21,AUD
199751,2024-01-27T19:58:34,2024-01-27,79,30,Online,Afterpay,COUPONAAZ0,8.66,AUD
199768,2024-01-27T02:23:46,2024-01-27,413,35,Online,PayPal,COUPON---0,0.62,AUD
199845,2024-01-27T15:26:38,2024-01-27,33,19,Online,PayPal,COUPONZA9-,19.03,AUD
199851,2024-01-27T09:07:00,2024-01-27,383,19,Retail,PayPal,COUPONA-ZA,18.84,AUD
199868,2024-01-27T02:20:16,2024-01-27,536,23,Retail,Afterpay,COUPON9Z-A,15.27,AUD
199974,2024-01-27T10:05:41,2024-01-27,689,8,Online,Afterpay,COUPONZ---,11.55,AUD
200271,2024-01-27T01:31:42,2024-01-27,338,43,Online,Afterpay,COUPON09--,3.27,AUD
200404,2024-01-27T23:47:09,2024-01-27,441,26,Online,Credit Card,COUPON0---,17.97,AUD
200411,2024-01-27T09:11:51,2024-01-27,701,6,Retail,Afterpay,COUPON-A-Z,0.77,AUD
200495,2024-01-27T22:42:15,2024-01-27,107,7,Retail,Afterpay,COUPON--9-,8.73,AUD
200506,2024-01-27T19:11:35,2024-01-27,511,23,Retail,Credit Card,COUPON-Z-Z,10.43,AUD
200551,2024-01-27T23:24:11,2024-01-27,94,28,Online,PayPal,COUPON9--9,19.37,AUD
200697,2024-01-27T11:37:45,2024-01-27,68,41,Retail,Afterpay,COUPON-0AA,11.63,AUD
200776,2024-01-27T18:06:33,2024-01-27,193,10,Retail,Afterpay,COUPONAAZ-,5.81,AUD
200891,2024-01-27T00:20:04,2024-01-27,564,1,Retail,Credit Card,COUPON0-9Z,2.96,AUD
200903,2024-01-27T05:53:02,2024-01-27,183,11,Retail,Credit Card,COUPON0Z99,15.91,AUD
200916,2024-01-27T07:16:21,2024-01-27,148,9,Retail,PayPal,COUPONAA9-,4.27,AUD
201008,2024-01-27T17:35:19,2024-01-27,109,43,Retail,PayPal,COUPON--0Z,1.45,AUD
201035,2024-01-27T00:10:51,2024-01-27,195,42,Online,PayPal,COUPON0-Z9,1.14,AUD
201061,2024-01-27T03:36:21,2024-01-27,566,18,Retail,PayPal,COUPON-Z-A,18.96,AUD
201075,2024-01-27T00:15:01,2024-01-27,614,14,Retail,PayPal,COUPONAAZ-,4.24,AUD
201156,2024-01-27T20:10:56,2024-01-27,217,35,Online,Credit Card,COUPONAAZ9,7.28,AUD
201157,2024-01-27T09:37:31,2024-01-27,546,14,Retail,Afterpay,COUPON-0-0,15.81,AUD
201405,2024-01-27T03:00:40,2024-01-27,692,25,Online,Credit Card,COUPON0-A0,18.66,AUD
201437,2024-01-27T14:31:29,2024-01-27,351,47,Retail,PayPal,COUPON--9-,16.02,AUD
201554,2024-01-27T22:44:56,2024-01-27,6,12,Retail,Afterpay,COUPONZ09Z,11.74,AUD
201621,2024-01-27T18:46:15,2024-01-27,757,34,Online,Credit Card,COUPONZA0A,14.55,AUD
201765,2024-01-27T07:59:57,2024-01-27,659,18,Online,Credit Card,COUPON0A9A,17.54,AUD
201918,2024-01-27T21:37:50,2024-01-27,42,1,Retail,Afterpay,COUPON-0A9,2.96,AUD
201945,2024-01-27T14:00:48,2024-01-27,158,46,Retail,Credit Card,COUPONA9-A,13.33,AUD
202039,2024-01-27T11:53:34,2024-01-27,147,28,Retail,PayPal,COUPONZ099,12.01,AUD
202291,2024-01-27T09:56:26,2024-01-27,703,41,Retail,Credit Card,COUPONZ99-,17.52,AUD
202327,2024-01-27T05:14:06,2024-01-27,1,32,Online,Afterpay,COUPON9-Z-,8.39,AUD
202363,2024-01-27T23:22:22,2024-01-27,171,26,Retail,PayPal,COUPONZZZA,0.95,AUD
202379,2024-01-27T14:01:33,2024-01-27,329,8,Online,Afterpay,COUPONA-00,9.78,AUD
202417,2024-01-27T05:38:22,2024-01-27,481,5,Retail,Afterpay,COUPON0A00,12.0,AUD
202446,2024-01-27T00:19:05,2024-01-27,434,13,Retail,Credit Card,COUPONZ-9A,3.84,AUD
202574,2024-01-27T02:00:32,2024-01-27,402,49,Online,Afterpay,COUPON-Z-0,4.55,AUD
202789,2024-01-27T02:49:30,2024-01-27,167,6,Online,Credit Card,COUPON0A--,8.23,AUD
202964,2024-01-27T11:55:41,2024-01-27,28,44,Online,Afterpay,COUPON-A0-,13.0,AUD
202975,2024-01-27T20:17:50,2024-01-27,545,13,Retail,Afterpay,COUPON9-09,15.33,AUD
202993,2024-01-27T10:06:13,2024-01-27,526,37,Online,Afterpay,COUPONZAZ9,9.32,AUD
203225,2024-01-27T04:21:47,2024-01-27,586,26,Retail,PayPal,COUPONA-A9,3.03,AUD
203243,2024-01-27T18:46:40,2024-01-27,770,11,Online,Afterpay,COUPONA09-,12.39,AUD
203248,2024-01-27T22:01:22,2024-01-27,70,15,Online,PayPal,COUPON-99-,11.08,AUD
203291,2024-01-27T07:07:51,2024-01-27,334,21,Retail,Credit Card,COUPON0AA0,3.28,AUD
203406,2024-01-27T03:38:21,2024-01-27,278,33,Retail,Afterpay,COUPON09--,2.87,AUD
203409,2024-01-27T07:12:25,2024-01-27,459,17,Online,Afterpay,COUPON--00,11.99,AUD
203480,2024-01-27T21:11:33,2024-01-27,209,18,Online,Afterpay,COUPON900-,1.91,AUD
203518,2024-01-27T22:07:38,2024-01-27,620,36,Retail,PayPal,COUPONZ-Z-,19.24,AUD
203533,2024-01-27T12:44:09,2024-01-27,225,32,Retail,Credit Card,COUPON-0-9,19.74,AUD
203566,2024-01-27T22:55:29,2024-01-27,397,36,Retail,Credit Card,COUPON-0A-,9.88,AUD
203574,2024-01-27T09:53:35,2024-01-27,207,5,Retail,Afterpay,COUPONZ---,19.75,AUD
203579,2024-01-27T02:09:48,2024-01-27,283,26,Retail,Credit Card,COUPON0ZA-,5.62,AUD
203614,2024-01-27T11:48:07,2024-01-27,259,28,Online,PayPal,COUPON09-0,9.25,AUD
203641,2024-01-27T02:24:51,2024-01-27,709,25,Online,Afterpay,COUPON90Z9,7.76,AUD
203680,2024-01-27T16:30:50,2024-01-27,198,46,Retail,PayPal,COUPON9A0-,0.1,AUD
203808,2024-01-27T08:47:28,2024-01-27,353,17,Online,Afterpay,COUPONZ9A-,13.88,AUD
203877,2024-01-27T13:36:52,2024-01-27,151,1,Online,PayPal,COUPON-A9-,15.58,AUD
203942,2024-01-27T22:25:48,2024-01-27,553,27,Online,PayPal,COUPON-AA9,11.87,AUD
203968,2024-01-27T00:20:56,2024-01-27,567,18,Online,Afterpay,COUPONA--A,7.03,AUD
204030,2024-01-27T12:53:21,2024-01-27,798,13,Online,PayPal,COUPONAZAZ,17.46,AUD
204097,2024-01-27T09:55:55,2024-01-27,420,33,Retail,Afterpay,COUPON-AA0,16.85,AUD
204122,2024-01-27T13:36:12,2024-01-27,625,34,Retail,Afterpay,COUPON9--Z,16.92,AUD
204203,2024-01-27T05:30:53,2024-01-27,584,36,Online,Afterpay,COUPON--9Z,15.8,AUD
204241,2024-01-27T12:56:04,2024-01-27,600,9,Online,Afterpay,COUPON-Z0-,6.66,AUD
204320,2024-01-27T19:56:30,2024-01-27,463,49,Online,Afterpay,COUPONA0ZA,13.21,AUD
204327,2024-01-27T08:22:21,2024-01-27,347,14,Online,Credit Card,COUPONZA--,9.59,AUD
204372,2024-01-27T15:54:57,2024-01-27,158,45,Online,Afterpay,COUPON-909,13.56,AUD
204426,2024-01-27T09:01:24,2024-01-27,605,14,Retail,PayPal,COUPON-0Z0,1.69,AUD
204508,2024-01-27T18:40:26,2024-01-27,595,3,Retail,PayPal,COUPONAZ90,10.88,AUD
204629,2024-01-27T13:02:06,2024-01-27,500,14,Retail,PayPal,COUPON-A09,9.5,AUD
204671,2024-01-27T12:29:29,2024-01-27,364,14,Online,Credit Card,COUPON0Z-Z,5.6,AUD
204674,2024-01-27T10:34:16,2024-01-27,401,23,Retail,Credit Card,COUPON9---,9.5,AUD
204725,2024-01-27T12:26:26,2024-01-27,174,39,Online,PayPal,COUPON---Z,8.35,AUD
204877,2024-01-27T08:25:46,2024-01-27,735,3,Retail,Afterpay,COUPON-A0-,6.31,AUD
204939,2024-01-27T17:11:02,2024-01-27,558,19,Retail,PayPal,COUPONZA0-,6.15,AUD
204957,2024-01-27T03:12:50,2024-01-27,395,33,Retail,Afterpay,COUPON-0--,5.67,AUD
204998,2024-01-27T14:22:45,2024-01-27,342,6,Online,Afterpay,COUPON---0,14.29,AUD
205245,2024-01-27T07:41:26,2024-01-27,395,22,Online,PayPal,COUPON0Z0Z,19.97,AUD
205317,2024-01-27T01:54:20,2024-01-27,404,4,Retail,PayPal,COUPON--ZA,1.55,AUD
205358,2024-01-27T09:50:47,2024-01-27,28,19,Retail,Credit Card,COUPON-Z00,11.89,AUD
205569,2024-01-27T20:33:41,2024-01-27,621,18,Retail,PayPal,COUPON-0-A,9.56,AUD
205623,2024-01-27T04:22:04,2024-01-27,599,13,Online,Credit Card,COUPON0Z-0,17.59,AUD
205637,2024-01-27T04:21:20,2024-01-27,574,22,Retail,Credit Card,COUPONA909,13.13,AUD
205697,2024-01-27T06:00:17,2024-01-27,447,33,Online,Credit Card,COUPONA00-,16.35,AUD
205787,2024-01-27T12:35:42,2024-01-27,417,4,Online,Afterpay,COUPONA90A,19.47,AUD
205802,2024-01-27T10:57:48,2024-01-27,306,42,Retail,PayPal,COUPON--Z0,1.13,AUD
205879,2024-01-27T09:07:15,2024-01-27,534,37,Online,PayPal,COUPON-A-0,19.5,AUD
205921,2024-01-27T13:36:15,2024-01-27,491,32,Online,PayPal,COUPONZZ--,9.42,AUD
205975,2024-01-27T12:10:29,2024-01-27,308,16,Online,Afterpay,COUPON--Z-,14.43,AUD
206055,2024-01-27T04:56:55,2024-01-27,746,3,Retail,Credit Card,COUPON-Z0-,0.02,AUD
206068,2024-01-27T04:15:40,2024-01-27,774,31,Retail,PayPal,COUPON-9-0,6.65,AUD
206133,2024-01-27T17:31:12,2024-01-27,683,27,Retail,Credit Card,COUPON0-0-,10.61,AUD
206184,2024-01-27T02:48:38,2024-01-27,712,30,Online,PayPal,COUPON-AZ-,2.74,AUD
206190,2024-01-27T21:18:26,2024-01-27,673,36,Retail,PayPal,COUPONZ-0Z,1.35,AUD
206206,2024-01-27T16:33:03,2024-01-27,557,6,Retail,Credit Card,COUPON00AZ,4.36,AUD
206237,2024-01-27T23:25:50,2024-01-27,175,19,Online,Afterpay,COUPON-909,1.77,AUD
206422,2024-01-27T04:35:24,2024-01-27,414,25,Online,Afterpay,COUPON9009,12.18,AUD
206470,2024-01-27T22:13:16,2024-01-27,750,23,Retail,Credit Card,COUPONZ-9-,15.8,AUD
206492,2024-01-27T04:07:36,2024-01-27,741,38,Online,PayPal,COUPONAAA-,5.62,AUD
206504,2024-01-27T18:33:50,2024-01-27,701,41,Online,Afterpay,COUPON-AAA,13.86,AUD
206548,2024-01-27T12:14:31,2024-01-27,651,11,Online,PayPal,COUPON099-,6.14,AUD
206576,2024-01-27T14:41:15,2024-01-27,346,27,Online,Afterpay,COUPON0-09,9.38,AUD
206635,2024-01-27T20:51:04,2024-01-27,785,32,Retail,Afterpay,COUPON09-9,12.1,AUD
206721,2024-01-27T05:49:40,2024-01-27,680,29,Online,Credit Card,COUPON--ZA,2.93,AUD
206776,2024-01-27T04:08:09,2024-01-27,111,49,Online,PayPal,COUPONZA--,6.11,AUD
206828,2024-01-27T11:00:56,2024-01-27,23,45,Retail,Afterpay,COUPON-Z0-,0.13,AUD
206869,2024-01-27T15:50:03,2024-01-27,628,39,Retail,Afterpay,COUPON9-Z-,9.64,AUD
206873,2024-01-27T00:24:44,2024-01-27,689,14,Retail,Credit Card,COUPONZ--9,16.2,AUD
206880,2024-01-27T12:50:23,2024-01-27,539,47,Online,Credit Card,COUPON00A0,16.85,AUD
207009,2024-01-27T16:50:39,2024-01-27,224,22,Online,PayPal,COUPON--09,6.4,AUD
207065,2024-01-27T23:21:21,2024-01-27,294,41,Online,Credit Card,COUPON0---,14.43,AUD
207095,2024-01-27T15:49:26,2024-01-27,363,13,Retail,PayPal,COUPON9ZZZ,8.25,AUD
207155,2024-01-27T19:46:10,2024-01-27,5,49,Online,Credit Card,COUPON--A-,16.09,AUD
207166,2024-01-27T05:48:47,2024-01-27,28,3,Retail,Afterpay,COUPON9Z90,14.19,AUD
207274,2024-01-27T11:26:19,2024-01-27,42,33,Online,Credit Card,COUPON--Z9,11.08,AUD
207292,2024-01-27T15:14:07,2024-01-27,473,38,Online,Afterpay,COUPON9-Z9,17.02,AUD
207504,2024-01-27T16:59:10,2024-01-27,453,34,Retail,PayPal,COUPON-A9-,17.05,AUD
207529,2024-01-27T01:43:32,2024-01-27,343,9,Online,PayPal,COUPON999-,2.59,AUD
207543,2024-01-27T14:37:26,2024-01-27,601,15,Retail,PayPal,COUPON-ZZA,18.72,AUD
207626,2024-01-27T11:18:07,2024-01-27,540,9,Retail,Credit Card,COUPON--AZ,17.72,AUD
207852,2024-01-27T20:01:22,2024-01-27,131,4,Online,Credit Card,COUPONAA9Z,9.27,AUD
207872,2024-01-27T20:38:07,2024-01-27,639,41,Online,PayPal,COUPON9---,8.86,AUD
207986,2024-01-27T11:38:34,2024-01-27,700,10,Retail,PayPal,COUPON9090,18.55,AUD
208118,2024-01-27T10:25:34,2024-01-27,94,23,Online,PayPal,COUPON--ZZ,19.35,AUD
208297,2024-01-27T08:59:23,2024-01-27,745,36,Online,Afterpay,COUPON--AZ,8.21,AUD
208338,2024-01-27T09:21:34,2024-01-27,544,12,Online,PayPal,COUPON90Z9,18.41,AUD
208521,2024-01-27T03:05:40,2024-01-27,557,41,Retail,Afterpay,COUPON-AZ0,17.66,AUD
208545,2024-01-27T07:47:16,2024-01-27,78,37,Online,Afterpay,COUPON090-,3.9,AUD
208657,2024-01-27T23:55:22,2024-01-27,675,33,Online,Credit Card,COUPONA9ZZ,6.81,AUD
208708,2024-01-27T11:39:37,2024-01-27,652,27,Retail,PayPal,COUPON99A0,15.94,AUD
208859,2024-01-27T08:28:52,2024-01-27,370,29,Retail,Afterpay,COUPON999Z,17.25,AUD
208915,2024-01-27T01:54:17,2024-01-27,492,3,Retail,Afterpay,COUPON0-9-,16.99,AUD
209005,2024-01-27T16:22:13,2024-01-27,321,49,Online,Afterpay,COUPON9-A-,0.3,AUD
209075,2024-01-27T18:28:50,2024-01-27,435,6,Online,Afterpay,COUPON---A,13.45,AUD
209118,2024-01-27T09:39:06,2024-01-27,779,6,Retail,Afterpay,COUPON--A-,11.96,AUD
209259,2024-01-27T06:59:16,2024-01-27,552,34,Online,Credit Card,COUPON-00A,5.54,AUD
209276,2024-01-27T05:53:23,2024-01-27,470,12,Retail,Afterpay,COUPON-0-0,2.9,AUD
209389,2024-01-27T15:31:49,2024-01-27,102,32,Online,PayPal,COUPON0-A9,13.94,AUD
209409,2024-01-27T13:40:13,2024-01-27,274,31,Retail,Credit Card,COUPONZZ--,5.42,AUD
209687,2024-01-27T21:01:24,2024-01-27,432,29,Retail,Afterpay,COUPON--AA,5.23,AUD
209706,2024-01-27T03:11:41,2024-01-27,716,17,Retail,Afterpay,COUPONA--Z,7.62,AUD
209779,2024-01-27T08:02:27,2024-01-27,620,26,Retail,Afterpay,COUPON-9-0,11.25,AUD
209865,2024-01-27T11:43:57,2024-01-27,329,41,Online,PayPal,COUPONZZA9,11.32,AUD
209929,2024-01-27T13:16:04,2024-01-27,216,20,Retail,PayPal,COUPON9A99,18.99,AUD
210060,2024-01-27T22:19:45,2024-01-27,442,37,Retail,Credit Card,COUPON--99,1.38,AUD
210225,2024-01-27T16:19:37,2024-01-27,628,46,Online,PayPal,COUPON--A-,2.3,AUD
210242,2024-01-27T01:38:49,2024-01-27,587,22,Retail,Afterpay,COUPON-9-Z,19.09,AUD
210269,2024-01-27T15:27:26,2024-01-27,742,17,Retail,Afterpay,COUPON9Z0Z,19.97,AUD
210280,2024-01-27T23:26:13,2024-01-27,295,28,Retail,Credit Card,COUPONA9ZA,9.98,AUD
210283,2024-01-27T10:24:38,2024-01-27,488,23,Online,PayPal,COUPON-Z9-,3.92,AUD
210569,2024-01-27T02:13:26,2024-01-27,45,42,Retail,PayPal,COUPONZZ0-,16.74,AUD
210669,2024-01-27T17:22:51,2024-01-27,72,21,Retail,PayPal,COUPON-9A9,6.33,AUD
210802,2024-01-27T19:10:02,2024-01-27,592,31,Retail,PayPal,COUPON0--9,9.02,AUD
210847,2024-01-27T18:50:30,2024-01-27,370,11,Retail,Credit Card,COUPON09-9,10.17,AUD
211061,2024-01-27T18:29:25,2024-01-27,411,18,Retail,Credit Card,COUPON9A9-,15.78,AUD
211131,2024-01-27T03:42:48,2024-01-27,234,21,Online,Afterpay,COUPONZ-Z0,4.72,AUD
211454,2024-01-27T22:00:38,2024-01-27,249,31,Online,Afterpay,COUPON-A-9,10.38,AUD
211468,2024-01-27T14:41:31,2024-01-27,747,9,Retail,Afterpay,COUPON0--9,2.16,AUD
211492,2024-01-27T07:24:26,2024-01-27,68,48,Retail,Credit Card,COUPON-Z-0,18.47,AUD
211607,2024-01-27T03:55:47,2024-01-27,494,15,Retail,PayPal,COUPONZZ-0,13.31,AUD
211724,2024-01-27T21:58:36,2024-01-27,132,6,Retail,PayPal,COUPON-900,16.57,AUD
211799,2024-01-27T15:55:18,2024-01-27,529,34,Retail,Credit Card,COUPONZZ--,3.68,AUD
211828,2024-01-27T00:39:20,2024-01-27,285,36,Retail,PayPal,COUPONZZA9,17.02,AUD
211855,2024-01-27T03:24:13,2024-01-27,643,35,Retail,Afterpay,COUPONZ0-9,1.89,AUD
212002,2024-01-27T13:33:12,2024-01-27,547,36,Retail,Credit Card,COUPON900-,1.13,AUD
212020,2024-01-27T11:50:01,2024-01-27,376,21,Retail,PayPal,COUPON-A99,7.95,AUD
212085,2024-01-27T02:36:06,2024-01-27,86,5,Online,Credit Card,COUPON--9A,4.94,AUD
212091,2024-01-27T21:15:52,2024-01-27,36,20,Online,Afterpay,COUPONA-0Z,1.31,AUD
212269,2024-01-27T03:15:27,2024-01-27,29,2,Online,PayPal,COUPON--9A,0.5,AUD
212350,2024-01-27T19:35:42,2024-01-27,595,6,Retail,Credit Card,COUPON-AZZ,14.96,AUD
212448,2024-01-27T10:24:44,2024-01-27,741,12,Online,Credit Card,COUPON-9--,9.01,AUD
212659,2024-01-27T19:43:54,2024-01-27,585,9,Retail,Afterpay,COUPONZA-A,6.11,AUD
212713,2024-01-27T09:39:43,2024-01-27,735,45,Online,Afterpay,COUPON--ZA,9.43,AUD
212769,2024-01-27T11:10:18,2024-01-27,22,14,Online,Afterpay,COUPON9-0Z,15.17,AUD
213007,2024-01-27T01:54:08,2024-01-27,638,11,Online,Afterpay,COUPON-9-Z,12.47,AUD
213153,2024-01-27T12:18:55,2024-01-27,646,45,Retail,Afterpay,COUPONZA-Z,0.98,AUD
213155,2024-01-27T04:33:09,2024-01-27,445,13,Retail,Afterpay,COUPON0ZAZ,6.8,AUD
213307,2024-01-27T15:14:38,2024-01-27,736,33,Retail,Afterpay,COUPON0-Z9,13.67,AUD
213353,2024-01-27T22:23:37,2024-01-27,284,48,Retail,Afterpay,COUPON-9A9,9.41,AUD
213571,2024-01-27T17:14:28,2024-01-27,299,45,Online,PayPal,COUPON09-9,13.61,AUD
213611,2024-01-27T20:17:50,2024-01-27,399,17,Online,Afterpay,COUPONZZA0,9.85,AUD
213664,2024-01-27T18:38:15,2024-01-27,59,18,Retail,PayPal,COUPONAA-0,18.78,AUD
213697,2024-01-27T01:00:14,2024-01-27,785,26,Online,Afterpay,COUPON9A-Z,3.26,AUD
213698,2024-01-27T15:34:55,2024-01-27,733,41,Retail,Afterpay,COUPONA-A-,12.55,AUD
213784,2024-01-27T05:48:24,2024-01-27,231,20,Retail,PayPal,COUPONAZ9-,2.46,AUD
213804,2024-01-27T17:58:25,2024-01-27,17,44,Online,Afterpay,COUPON--0-,10.44,AUD
213857,2024-01-27T13:32:15,2024-01-27,392,40,Retail,Credit Card,COUPON-00-,3.8,AUD
213860,2024-01-27T09:12:17,2024-01-27,563,14,Retail,Afterpay,COUPON90-9,8.31,AUD
213945,2024-01-27T00:18:21,2024-01-27,117,38,Retail,PayPal,COUPON090-,19.87,AUD
214252,2024-01-27T17:04:48,2024-01-27,259,29,Retail,Credit Card,COUPON0--Z,8.21,AUD
214260,2024-01-27T10:14:37,2024-01-27,122,43,Online,Afterpay,COUPON9A09,11.34,AUD
214332,2024-01-27T19:01:56,2024-01-27,570,41,Retail,Afterpay,COUPON0Z9-,9.6,AUD
214344,2024-01-27T00:33:11,2024-01-27,589,30,Online,Afterpay,COUPON0-9Z,7.14,AUD
214355,2024-01-27T18:26:27,2024-01-27,666,43,Online,PayPal,COUPON0--Z,6.78,AUD
214451,2024-01-27T03:52:46,2024-01-27,436,48,Online,Credit Card,COUPON09Z-,12.61,AUD
214486,2024-01-27T16:03:52,2024-01-27,86,22,Retail,Credit Card,COUPON-9--,1.43,AUD
214523,2024-01-27T11:24:58,2024-01-27,15,12,Retail,Afterpay,COUPONAA00,7.59,AUD
214804,2024-01-27T07:50:05,2024-01-27,736,12,Retail,PayPal,COUPONA9Z9,4.87,AUD
214810,2024-01-27T01:44:39,2024-01-27,102,49,Retail,PayPal,COUPON990-,0.86,AUD
214813,2024-01-27T11:35:24,2024-01-27,189,26,Retail,Credit Card,COUPON-9A-,4.76,AUD
214827,2024-01-27T13:30:43,2024-01-27,147,27,Online,PayPal,COUPON-ZAZ,7.93,AUD
214835,2024-01-27T00:30:44,2024-01-27,86,29,Retail,Credit Card,COUPON0909,7.12,AUD
214882,2024-01-27T00:29:16,2024-01-27,156,44,Retail,Credit Card,COUPON-A-9,10.03,AUD
215221,2024-01-27T19:33:04,2024-01-27,455,18,Retail,Credit Card,COUPON09A9,5.32,AUD
215299,2024-01-27T12:25:52,2024-01-27,89,32,Online,Afterpay,COUPON--99,19.52,AUD
215392,2024-01-27T00:27:16,2024-01-27,346,11,Retail,PayPal,COUPON9A-9,19.7,AUD
215397,2024-01-27T00:30:32,2024-01-27,242,36,Online,Credit Card,COUPON09-Z,17.9,AUD
215579,2024-01-27T10:09:54,2024-01-27,49,42,Online,Credit Card,COUPON-9--,3.35,AUD
215648,2024-01-27T21:51:28,2024-01-27,102,43,Online,PayPal,COUPONZ-99,3.89,AUD
215657,2024-01-27T00:05:19,2024-01-27,755,5,Online,Credit Card,COUPON0ZZ-,12.46,AUD
215704,2024-01-27T08:03:37,2024-01-27,109,49,Online,Credit Card,COUPONA0--,17.92,AUD
215788,2024-01-27T05:02:34,2024-01-27,255,20,Online,PayPal,COUPON99-9,5.99,AUD
215822,2024-01-27T20:45:22,2024-01-27,81,20,Online,Afterpay,COUPON9A-A,1.05,AUD
216089,2024-01-27T22:18:07,2024-01-27,72,39,Online,PayPal,COUPON9ZA-,11.11,AUD
216139,2024-01-27T05:46:58,2024-01-27,730,11,Retail,Afterpay,COUPON9-0Z,13.65,AUD
216167,2024-01-27T02:51:20,2024-01-27,121,33,Retail,Afterpay,COUPON-00-,3.96,AUD
216186,2024-01-27T17:28:36,2024-01-27,312,41,Online,Credit Card,COUPONZAA9,2.87,AUD
216278,2024-01-27T18:01:07,2024-01-27,73,21,Online,PayPal,COUPON99-9,10.55,AUD
216361,2024-01-27T03:44:32,2024-01-27,305,18,Retail,PayPal,COUPONA90-,18.35,AUD
216462,2024-01-27T22:58:24,2024-01-27,301,5,Online,Afterpay,COUPONA---,14.54,AUD
216517,2024-01-27T19:28:11,2024-01-27,260,35,Online,Afterpay,COUPON90-9,10.68,AUD
216537,2024-01-27T18:37:42,2024-01-27,598,46,Retail,PayPal,COUPON-9-0,3.51,AUD
216632,2024-01-27T01:02:53,2024-01-27,190,18,Retail,Credit Card,COUPONAZ-9,13.45,AUD
216776,2024-01-27T21:21:38,2024-01-27,276,14,Retail,Afterpay,COUPON-Z0Z,17.04,AUD
216810,2024-01-27T10:18:50,2024-01-27,564,35,Retail,PayPal,COUPON0-Z-,11.17,AUD
216856,2024-01-27T22:34:52,2024-01-27,274,11,Online,Afterpay,COUPONZ999,18.68,AUD
217121,2024-01-27T18:24:24,2024-01-27,380,41,Online,Afterpay,COUPON-0Z-,7.01,AUD
217263,2024-01-27T01:35:47,2024-01-27,425,15,Retail,Credit Card,COUPON00-A,8.95,AUD
217372,2024-01-27T18:05:14,2024-01-27,398,26,Online,PayPal,COUPON9ZZ0,5.8,AUD
217472,2024-01-27T03:45:22,2024-01-27,29,20,Retail,Credit Card,COUPON0A90,1.85,AUD
217531,2024-01-27T01:43:47,2024-01-27,97,36,Online,PayPal,COUPON-0Z9,4.17,AUD
217548,2024-01-27T00:19:19,2024-01-27,414,5,Online,PayPal,COUPON-909,4.01,AUD
217790,2024-01-27T02:30:11,2024-01-27,458,33,Retail,Credit Card,COUPON9ZZ0,11.03,AUD
217853,2024-01-27T09:50:05,2024-01-27,405,15,Online,Afterpay,COUPON9A90,12.21,AUD
217901,2024-01-27T07:36:51,2024-01-27,136,35,Retail,Credit Card,COUPON-09-,9.52,AUD
217943,2024-01-27T20:11:51,2024-01-27,20,37,Retail,Afterpay,COUPON0A00,9.74,AUD
218093,2024-01-27T16:19:09,2024-01-27,673,8,Online,Credit Card,COUPON0-Z9,10.01,AUD
218171,2024-01-27T04:41:46,2024-01-27,351,27,Retail,Afterpay,COUPON----,9.36,AUD
218914,2024-01-27T12:31:10,2024-01-27,584,1,Retail,Afterpay,COUPON--ZZ,3.43,AUD
219095,2024-01-27T13:32:59,2024-01-27,52,26,Online,Credit Card,COUPONA---,4.84,AUD
219112,2024-01-27T12:08:36,2024-01-27,199,47,Retail,PayPal,COUPON9-Z0,11.43,AUD
219240,2024-01-27T02:01:20,2024-01-27,622,47,Online,Afterpay,COUPON9AA-,13.63,AUD
219250,2024-01-27T11:00:24,2024-01-27,774,19,Retail,PayPal,COUPONAA-Z,14.21,AUD
219276,2024-01-27T18:50:50,2024-01-27,505,32,Online,PayPal,COUPON--Z0,18.25,AUD
219348,2024-01-27T05:59:24,2024-01-27,757,10,Online,PayPal,COUPON-0AA,8.28,AUD
219373,2024-01-27T10:38:01,2024-01-27,458,49,Online,Credit Card,COUPON90-A,16.47,AUD
219547,2024-01-27T13:42:14,2024-01-27,284,37,Online,Credit Card,COUPON00-9,15.89,AUD
219839,2024-01-27T21:13:03,2024-01-27,399,19,Retail,Credit Card,COUPON00-Z,3.29,AUD
220007,2024-01-27T03:54:03,2024-01-27,527,13,Retail,PayPal,COUPON-9--,19.16,AUD
220146,2024-01-27T10:59:02,2024-01-27,104,33,Retail,Afterpay,COUPONZ--9,17.85,AUD
220150,2024-01-27T10:17:56,2024-01-27,279,8,Retail,Credit Card,COUPON--Z-,6.08,AUD
220248,2024-01-27T17:49:13,2024-01-27,540,16,Retail,Afterpay,COUPON--Z0,5.06,AUD
220265,2024-01-27T02:57:30,2024-01-27,632,24,Online,Credit Card,COUPON0-Z-,14.22,AUD
220267,2024-01-27T18:14:13,2024-01-27,410,19,Online,Credit Card,COUPON9ZZ-,6.25,AUD
220300,2024-01-27T08:49:13,2024-01-27,738,40,Retail,Afterpay,COUPONZA00,8.11,AUD
220342,2024-01-27T02:29:16,2024-01-27,705,2,Retail,Credit Card,COUPON9ZA-,7.8,AUD
220449,2024-01-27T12:43:19,2024-01-27,517,13,Retail,Credit Card,COUPON9-0-,4.14,AUD
220515,2024-01-27T01:39:06,2024-01-27,270,47,Retail,Credit Card,COUPON-0-0,9.94,AUD
220698,2024-01-27T01:33:50,2024-01-27,580,1,Online,Afterpay,COUPON--ZZ,6.57,AUD
220741,2024-01-27T02:33:00,2024-01-27,107,24,Online,Credit Card,COUPON-Z-Z,1.89,AUD
220783,2024-01-27T18:55:26,2024-01-27,77,7,Online,Afterpay,COUPONZ09Z,14.44,AUD
220787,2024-01-27T13:19:51,2024-01-27,468,17,Online,PayPal,COUPONAA-A,16.38,AUD
220891,2024-01-27T07:42:11,2024-01-27,72,41,Online,Afterpay,COUPONZ-ZZ,0.23,AUD
220892,2024-01-27T11:08:17,2024-01-27,330,31,Retail,PayPal,COUPON0Z--,16.18,AUD
220904,2024-01-27T18:27:08,2024-01-27,597,2,Retail,Credit Card,COUPON0-Z-,18.43,AUD
221236,2024-01-27T14:13:15,2024-01-27,596,34,Online,Afterpay,COUPON--0Z,16.91,AUD
221271,2024-01-27T04:52:13,2024-01-27,610,10,Online,Credit Card,COUPON09Z0,4.97,AUD
221664,2024-01-27T21:33:15,2024-01-27,690,6,Online,Credit Card,COUPON9-09,4.86,AUD
221667,2024-01-27T13:58:16,2024-01-27,496,31,Online,PayPal,COUPON9ZZZ,7.93,AUD
222037,2024-01-27T12:26:55,2024-01-27,292,49,Online,Credit Card,COUPON9A--,14.21,AUD
222171,2024-01-27T23:36:49,2024-01-27,679,3,Retail,PayPal,COUPON-ZA9,8.55,AUD
222352,2024-01-27T20:43:29,2024-01-27,474,12,Online,Afterpay,COUPONZA--,16.4,AUD
222736,2024-01-27T22:21:47,2024-01-27,301,33,Online,Afterpay,COUPON-90A,18.05,AUD
222784,2024-01-27T07:06:33,2024-01-27,405,31,Online,Afterpay,COUPON--9A,0.66,AUD
222864,2024-01-27T05:50:26,2024-01-27,402,11,Online,Afterpay,COUPON--A-,7.22,AUD
223122,2024-01-27T22:02:26,2024-01-27,136,4,Retail,PayPal,COUPONZ9-0,4.68,AUD
223148,2024-01-27T08:39:48,2024-01-27,793,1,Online,Afterpay,COUPONZ-A0,10.93,AUD
223309,2024-01-27T22:12:05,2024-01-27,355,7,Online,Credit Card,COUPONZA-Z,15.38,AUD
223333,2024-01-27T08:50:11,2024-01-27,511,46,Retail,Credit Card,COUPON900-,16.87,AUD
223382,2024-01-27T09:14:00,2024-01-27,469,14,Retail,PayPal,COUPONA99A,3.52,AUD
223392,2024-01-27T18:25:22,2024-01-27,312,40,Online,Afterpay,COUPONA--0,16.19,AUD
223445,2024-01-27T07:11:17,2024-01-27,744,16,Retail,Credit Card,COUPON900Z,7.51,AUD
223526,2024-01-27T03:41:04,2024-01-27,384,44,Online,PayPal,COUPON9-90,0.06,AUD
223635,2024-01-27T15:26:50,2024-01-27,515,11,Retail,Credit Card,COUPON--0-,10.42,AUD
223637,2024-01-27T20:56:34,2024-01-27,467,45,Retail,Afterpay,COUPON-Z00,7.51,AUD
223669,2024-01-27T06:37:43,2024-01-27,517,9,Online,Credit Card,COUPON--Z-,6.04,AUD
223682,2024-01-27T15:15:38,2024-01-27,386,45,Online,Afterpay,COUPON0-Z0,0.13,AUD
223754,2024-01-27T04:29:56,2024-01-27,84,43,Retail,Afterpay,COUPON-0ZZ,18.64,AUD
224039,2024-01-27T15:56:33,2024-01-27,7,7,Online,Afterpay,COUPON9909,19.45,AUD
224072,2024-01-27T08:07:15,2024-01-27,166,10,Retail,Afterpay,COUPON--9-,3.19,AUD
224081,2024-01-27T03:42:58,2024-01-27,462,45,Retail,Afterpay,COUPON-9A-,8.95,AUD
224224,2024-01-27T08:34:23,2024-01-27,544,7,Retail,PayPal,COUPONZ-ZA,0.47,AUD
224228,2024-01-27T05:01:12,2024-01-27,505,8,Retail,Afterpay,COUPON90A-,19.52,AUD
224338,2024-01-27T07:49:12,2024-01-27,511,47,Retail,Afterpay,COUPON999A,9.12,AUD
224435,2024-01-27T12:24:37,2024-01-27,794,33,Online,PayPal,COUPON0-0-,9.44,AUD
224489,2024-01-27T03:01:08,2024-01-27,295,34,Online,Credit Card,COUPON-099,3.34,AUD
224834,2024-01-27T11:42:28,2024-01-27,196,45,Online,Credit Card,COUPONA--9,16.64,AUD
225095,2024-01-27T21:12:52,2024-01-27,31,21,Retail,PayPal,COUPON-099,2.59,AUD
225515,2024-01-27T19:57:18,2024-01-27,275,22,Retail,Afterpay,COUPONA-09,11.19,AUD
225545,2024-01-27T10:53:15,2024-01-27,244,33,Retail,PayPal,COUPON-Z--,6.83,AUD
225548,2024-01-27T04:17:44,2024-01-27,620,1,Online,PayPal,COUPON--0A,19.62,AUD
225747,2024-01-27T18:06:52,2024-01-27,299,47,Retail,Credit Card,COUPON0AA-,4.45,AUD
225793,2024-01-27T08:59:58,2024-01-27,382,10,Retail,Credit Card,COUPON-0-A,16.28,AUD
225829,2024-01-27T03:32:39,2024-01-27,355,42,Retail,PayPal,COUPON--0A,17.94,AUD
225847,2024-01-27T00:42:53,2024-01-27,327,32,Retail,Credit Card,COUPON-Z0-,18.32,AUD
225851,2024-01-27T20:52:25,2024-01-27,787,36,Retail,Credit Card,COUPON99A-,12.03,AUD
226005,2024-01-27T16:16:56,2024-01-27,237,48,Retail,Credit Card,COUPON0A9-,12.32,AUD
226091,2024-01-27T20:13:24,2024-01-27,779,28,Online,PayPal,COUPON-909,12.97,AUD
226108,2024-01-27T15:28:44,2024-01-27,574,23,Online,Afterpay,COUPON-AZ9,10.74,AUD
226280,2024-01-27T19:40:32,2024-01-27,179,28,Online,Afterpay,COUPONA-A0,12.3,AUD
226551,2024-01-27T18:00:06,2024-01-27,161,42,Retail,Afterpay,COUPONAA-A,5.68,AUD
226760,2024-01-27T02:29:35,2024-01-27,592,13,Online,Afterpay,COUPON99-9,0.09,AUD
226763,2024-01-27T01:11:01,2024-01-27,684,46,Retail,PayPal,COUPON0-99,10.65,AUD
226776,2024-01-27T19:27:50,2024-01-27,720,22,Retail,Credit Card,COUPON0-A9,12.19,AUD
226786,2024-01-27T03:25:32,2024-01-27,137,39,Retail,Credit Card,COUPON-09-,18.81,AUD
226851,2024-01-27T08:38:17,2024-01-27,146,20,Retail,Afterpay,COUPON-Z0-,4.36,AUD
226997,2024-01-27T17:29:34,2024-01-27,636,48,Retail,PayPal,COUPONZZZ9,4.31,AUD
227224,2024-01-27T12:14:29,2024-01-27,106,22,Retail,Credit Card,COUPON0-00,7.37,AUD
227388,2024-01-27T17:13:30,2024-01-27,22,22,Online,Afterpay,COUPON9Z0-,12.39,AUD
227445,2024-01-27T12:25:54,2024-01-27,244,4,Online,PayPal,COUPON-0A9,9.68,AUD
227446,2024-01-27T11:00:34,2024-01-27,85,42,Online,Afterpay,COUPONZ9A-,10.99,AUD
227475,2024-01-27T06:26:30,2024-01-27,666,12,Retail,PayPal,COUPON-90Z,13.54,AUD
227920,2024-01-27T20:01:21,2024-01-27,518,10,Retail,PayPal,COUPON9Z0A,15.84,AUD
228103,2024-01-27T20:31:21,2024-01-27,411,21,Retail,Afterpay,COUPON0A-Z,14.16,AUD
228114,2024-01-27T10:32:38,2024-01-27,655,16,Online,PayPal,COUPONAZ-9,7.81,AUD
228149,2024-01-27T01:07:15,2024-01-27,349,15,Retail,Afterpay,COUPON-90A,13.44,AUD
228162,2024-01-27T09:48:02,2024-01-27,229,10,Retail,Afterpay,COUPON--00,3.23,AUD
228218,2024-01-27T19:03:41,2024-01-27,75,18,Retail,Credit Card,COUPONZZA9,9.83,AUD
228380,2024-01-27T00:47:29,2024-01-27,69,6,Retail,PayPal,COUPON0ZA0,5.87,AUD
228681,2024-01-27T21:25:16,2024-01-27,504,6,Online,Afterpay,COUPON-00Z,7.72,AUD
229080,2024-01-27T06:18:59,2024-01-27,76,36,Online,PayPal,COUPON0-09,1.51,AUD
229087,2024-01-27T22:34:04,2024-01-27,328,13,Online,Credit Card,COUPON0Z90,11.45,AUD
229125,2024-01-27T14:07:47,2024-01-27,424,23,Retail,PayPal,COUPON---9,5.29,AUD
229131,2024-01-27T01:34:02,2024-01-27,599,15,Retail,Credit Card,COUPONA-09,19.33,AUD
229259,2024-01-27T11:02:08,2024-01-27,536,24,Online,Credit Card,COUPONZ900,6.55,AUD
229507,2024-01-27T19:37:40,2024-01-27,185,9,Online,PayPal,COUPONZ9-Z,9.12,AUD
229580,2024-01-27T09:18:00,2024-01-27,689,7,Online,PayPal,COUPON9-AZ,7.6,AUD
229607,2024-01-27T23:02:16,2024-01-27,44,2,Online,Afterpay,COUPONZ999,19.61,AUD
229615,2024-01-27T12:48:21,2024-01-27,744,34,Online,Credit Card,COUPONAZ--,1.92,AUD
229679,2024-01-27T10:01:05,2024-01-27,387,48,Online,PayPal,COUPON-9--,2.25,AUD
229680,2024-01-27T00:44:57,2024-01-27,320,49,Online,PayPal,COUPON0--A,10.26,AUD
229890,2024-01-27T23:29:21,2024-01-27,475,28,Online,PayPal,COUPON-0A0,5.13,AUD
229898,2024-01-27T12:32:40,2024-01-27,339,35,Retail,PayPal,COUPONA-0-,17.22,AUD
229945,2024-01-27T23:17:44,2024-01-27,524,1,Online,Afterpay,COUPON--Z-,15.0,AUD
229958,2024-01-27T18:03:04,2024-01-27,228,11,Retail,PayPal,COUPON----,18.46,AUD
229975,2024-01-27T08:15:23,2024-01-27,514,13,Online,PayPal,COUPONAA0-,14.08,AUD
230051,2024-01-27T20:20:14,2024-01-27,407,33,Retail,Afterpay,COUPONZZ9-,14.03,AUD
230119,2024-01-27T13:57:35,2024-01-27,119,48,Online,Credit Card,COUPON909-,14.22,AUD
230340,2024-01-27T09:59:50,2024-01-27,385,46,Retail,Credit Card,COUPON999Z,2.49,AUD
230522,2024-01-27T21:26:29,2024-01-27,603,28,Online,Afterpay,COUPON-Z-Z,9.06,AUD
230637,2024-01-27T00:20:02,2024-01-27,594,26,Online,PayPal,COUPONZ-9Z,18.97,AUD
230645,2024-01-27T04:02:52,2024-01-27,32,2,Online,PayPal,COUPON---0,16.16,AUD
230776,2024-01-27T13:55:57,2024-01-27,797,28,Retail,Credit Card,COUPON0-0-,17.79,AUD
230895,2024-01-27T23:43:09,2024-01-27,270,5,Online,Afterpay,COUPONZZ09,0.08,AUD
231016,2024-01-27T17:18:37,2024-01-27,464,23,Retail,Credit Card,COUPON9Z--,6.13,AUD
231124,2024-01-27T14:27:29,2024-01-27,142,8,Online,PayPal,COUPONAAA9,3.5,AUD
231151,2024-01-27T15:18:48,2024-01-27,785,49,Online,Credit Card,COUPON-09A,11.46,AUD
231183,2024-01-27T01:43:58,2024-01-27,789,3,Retail,PayPal,COUPON-909,0.83,AUD
231268,2024-01-27T22:18:02,2024-01-27,328,2,Online,PayPal,COUPON9ZA9,18.61,AUD
231292,2024-01-27T04:52:38,2024-01-27,354,31,Online,Credit Card,COUPON099A,16.83,AUD
231382,2024-01-27T06:33:40,2024-01-27,485,9,Retail,Afterpay,COUPONA99Z,0.79,AUD
231390,2024-01-27T17:30:42,2024-01-27,553,18,Online,Afterpay,COUPON--Z9,7.65,AUD
231405,2024-01-27T05:17:44,2024-01-27,451,35,Online,PayPal,COUPON9-0A,14.01,AUD
231427,2024-01-27T23:10:19,2024-01-27,440,31,Online,Afterpay,COUPON0---,3.65,AUD
231433,2024-01-27T20:40:10,2024-01-27,409,49,Online,Afterpay,COUPONA99Z,13.02,AUD
231436,2024-01-27T21:29:45,2024-01-27,175,12,Retail,PayPal,COUPONZ--9,11.06,AUD
231468,2024-01-27T07:26:48,2024-01-27,703,45,Retail,Credit Card,COUPON-ZA0,5.59,AUD
231524,2024-01-27T13:17:09,2024-01-27,674,19,Online,Afterpay,COUPONA000,10.1,AUD
231765,2024-01-27T08:47:51,2024-01-27,799,14,Online,Credit Card,COUPONAZ99,14.27,AUD
231771,2024-01-27T03:48:58,2024-01-27,32,22,Retail,PayPal,COUPONZ0Z9,5.71,AUD
231782,2024-01-27T12:02:48,2024-01-27,565,27,Retail,PayPal,COUPONZAZ-,11.35,AUD
231877,2024-01-27T01:39:32,2024-01-27,117,40,Online,PayPal,COUPONZ90A,1.59,AUD
231917,2024-01-27T21:42:40,2024-01-27,772,26,Retail,Credit Card,COUPON0A9-,11.55,AUD
232060,2024-01-27T13:42:34,2024-01-27,347,49,Retail,Afterpay,COUPONA---,16.67,AUD
232121,2024-01-27T05:43:23,2024-01-27,365,34,Retail,Credit Card,COUPONZ--0,8.49,AUD
232238,2024-01-27T11:07:33,2024-01-27,505,44,Retail,Credit Card,COUPONA0--,6.29,AUD
232615,2024-01-27T02:12:07,2024-01-27,658,42,Retail,Credit Card,COUPON00-Z,15.63,AUD
232642,2024-01-27T18:35:18,2024-01-27,578,5,Retail,PayPal,COUPON9---,6.74,AUD
232991,2024-01-27T22:13:14,2024-01-27,106,15,Online,PayPal,COUPON-Z9Z,15.23,AUD
233195,2024-01-27T19:17:34,2024-01-27,460,19,Online,Afterpay,COUPONZ-9-,19.93,AUD
233233,2024-01-27T09:37:41,2024-01-27,17,27,Retail,PayPal,COUPON90A0,14.37,AUD
233318,2024-01-27T23:16:30,2024-01-27,416,26,Retail,Credit Card,COUPON9-Z-,7.68,AUD
233323,2024-01-27T03:13:44,2024-01-27,322,5,Retail,Credit Card,COUPONA-AZ,2.95,AUD
233357,2024-01-27T14:56:31,2024-01-27,761,36,Retail,Afterpay,COUPONA99-,11.42,AUD
233453,2024-01-27T16:50:45,2024-01-27,148,22,Online,Credit Card,COUPON-ZAZ,13.72,AUD
233458,2024-01-27T09:51:18,2024-01-27,26,37,Retail,Credit Card,COUPON--A-,8.86,AUD
233530,2024-01-27T05:22:12,2024-01-27,497,45,Online,Credit Card,COUPON-A-9,7.51,AUD
233671,2024-01-27T01:19:43,2024-01-27,124,44,Retail,PayPal,COUPON9000,17.42,AUD
233788,2024-01-27T09:45:07,2024-01-27,568,25,Retail,PayPal,COUPON-ZA-,13.78,AUD
233816,2024-01-27T05:39:40,2024-01-27,590,41,Retail,Credit Card,COUPON900-,1.49,AUD
233924,2024-01-27T00:26:45,2024-01-27,480,22,Retail,PayPal,COUPONZ9AA,19.58,AUD
233937,2024-01-27T18:26:58,2024-01-27,17,20,Online,PayPal,COUPON0--9,12.8,AUD
234021,2024-01-27T18:10:00,2024-01-27,234,25,Online,PayPal,COUPONZZ-Z,16.84,AUD
234296,2024-01-27T09:53:38,2024-01-27,400,46,Retail,PayPal,COUPON-9A-,16.72,AUD
234620,2024-01-27T07:33:11,2024-01-27,332,21,Retail,Credit Card,COUPONZ-Z-,1.42,AUD
234751,2024-01-27T08:32:02,2024-01-27,135,5,Retail,Credit Card,COUPON90-Z,9.57,AUD
234763,2024-01-27T06:48:47,2024-01-27,300,10,Online,PayPal,COUPONZ9-A,19.25,AUD
234783,2024-01-27T09:40:01,2024-01-27,465,46,Online,Afterpay,COUPON99ZZ,9.85,AUD
234822,2024-01-27T07:12:28,2024-01-27,795,19,Online,Credit Card,COUPONZ-A-,5.43,AUD
234852,2024-01-27T02:52:57,2024-01-27,642,39,Online,Credit Card,COUPON9-AZ,4.53,AUD
234867,2024-01-27T20:27:55,2024-01-27,47,44,Retail,PayPal,COUPONZ-99,11.39,AUD
235129,2024-01-27T07:59:33,2024-01-27,508,43,Online,Afterpay,COUPONZ-0-,12.79,AUD
235190,2024-01-27T01:33:44,2024-01-27,306,17,Retail,Afterpay,COUPON--9Z,13.2,AUD
235298,2024-01-27T22:37:51,2024-01-27,225,36,Retail,Credit Card,COUPON-0Z-,9.44,AUD
235338,2024-01-27T07:58:42,2024-01-27,369,17,Online,Afterpay,COUPON0-Z0,15.45,AUD
235380,2024-01-27T18:29:03,2024-01-27,98,34,Online,PayPal,COUPON9AA-,7.26,AUD
235467,2024-01-27T07:28:37,2024-01-27,494,22,Online,Credit Card,COUPONZ00Z,10.68,AUD
235622,2024-01-27T11:56:25,2024-01-27,479,32,Online,Credit Card,COUPONZZAA,9.19,AUD
235823,2024-01-27T12:00:48,2024-01-27,640,18,Retail,PayPal,COUPONZ--Z,10.42,AUD
235858,2024-01-27T02:37:55,2024-01-27,160,25,Retail,PayPal,COUPON09A0,19.21,AUD
235905,2024-01-27T13:22:02,2024-01-27,701,34,Retail,Credit Card,COUPON9Z-A,8.53,AUD
235996,2024-01-27T21:20:48,2024-01-27,319,33,Retail,PayPal,COUPON--0-,13.45,AUD
236228,2024-01-27T14:46:55,2024-01-27,368,4,Retail,Afterpay,COUPON0A-A,15.84,AUD
236337,2024-01-27T09:25:10,2024-01-27,37,5,Online,PayPal,COUPON-0--,7.32,AUD
236351,2024-01-27T02:33:19,2024-01-27,597,49,Retail,Afterpay,COUPON0Z--,10.05,AUD
236628,2024-01-27T07:33:11,2024-01-27,92,34,Online,Afterpay,COUPONZ--9,14.16,AUD
236642,2024-01-27T13:32:51,2024-01-27,292,27,Retail,PayPal,COUPON--0-,1.58,AUD
236656,2024-01-27T11:51:16,2024-01-27,729,16,Retail,Afterpay,COUPONZ0A-,19.04,AUD
236705,2024-01-27T12:18:24,2024-01-27,75,1,Online,Credit Card,COUPON-ZAZ,2.33,AUD
236794,2024-01-27T04:51:07,2024-01-27,178,18,Retail,PayPal,COUPONZ9A-,7.91,AUD
237063,2024-01-27T15:26:06,2024-01-27,578,25,Retail,Credit Card,COUPON0-00,6.75,AUD
237084,2024-01-27T14:27:55,2024-01-27,624,48,Retail,Credit Card,COUPONZA--,0.13,AUD
237258,2024-01-27T08:49:58,2024-01-27,625,29,Online,Afterpay,COUPONA-Z-,5.32,AUD
237388,2024-01-27T08:51:12,2024-01-27,726,15,Online,Credit Card,COUPONZA-A,18.72,AUD
237463,2024-01-27T19:21:09,2024-01-27,540,15,Online,PayPal,COUPON-9-0,4.41,AUD
237470,2024-01-27T04:24:19,2024-01-27,422,49,Online,Afterpay,COUPON00-A,8.21,AUD
237483,2024-01-27T01:29:07,2024-01-27,57,45,Retail,Afterpay,COUPON0Z0-,6.5,AUD
237516,2024-01-27T17:47:51,2024-01-27,627,38,Retail,Credit Card,COUPONAZ00,8.84,AUD
237576,2024-01-27T16:00:17,2024-01-27,232,3,Online,PayPal,COUPONA99A,18.94,AUD
237584,2024-01-27T08:20:53,2024-01-27,55,1,Retail,Credit Card,COUPONZ9-A,1.14,AUD
237599,2024-01-27T18:51:28,2024-01-27,431,24,Online,Afterpay,COUPON9ZZZ,4.79,AUD
237738,2024-01-27T12:38:53,2024-01-27,240,40,Online,Afterpay,COUPON-99-,17.29,AUD
237804,2024-01-27T09:14:45,2024-01-27,580,43,Retail,Afterpay,COUPONZ90-,3.43,AUD
237814,2024-01-27T05:06:20,2024-01-27,780,40,Online,PayPal,COUPON--09,6.2,AUD
237992,2024-01-27T21:10:25,2024-01-27,87,7,Retail,Afterpay,COUPONZ-00,6.47,AUD
238045,2024-01-27T22:41:20,2024-01-27,497,25,Retail,Credit Card,COUPON0ZAA,12.34,AUD
238132,2024-01-27T02:44:17,2024-01-27,314,38,Online,PayPal,COUPONA-A9,3.74,AUD
238154,2024-01-27T03:33:53,2024-01-27,523,29,Retail,PayPal,COUPON-ZZ0,2.05,AUD
238175,2024-01-27T00:38:49,2024-01-27,281,3,Online,PayPal,COUPON-ZZA,2.33,AUD
238339,2024-01-27T11:18:39,2024-01-27,733,13,Retail,PayPal,COUPONA-A0,10.46,AUD
238396,2024-01-27T12:20:30,2024-01-27,354,21,Retail,PayPal,COUPONZ0A9,15.84,AUD
238461,2024-01-27T05:04:21,2024-01-27,411,34,Online,Afterpay,COUPON0-AA,19.18,AUD
238589,2024-01-27T12:36:12,2024-01-27,759,4,Retail,Afterpay,COUPONA-0A,7.72,AUD
238646,2024-01-27T01:43:35,2024-01-27,306,35,Retail,Afterpay,COUPONZ--0,1.26,AUD
238671,2024-01-27T05:26:41,2024-01-27,78,20,Retail,Credit Card,COUPON9A0A,8.26,AUD
238763,2024-01-27T23:32:24,2024-01-27,245,49,Online,Afterpay,COUPON-0--,10.23,AUD
238938,2024-01-27T22:07:01,2024-01-27,674,28,Online,Credit Card,COUPON9Z0Z,14.68,AUD
239031,2024-01-27T22:54:42,2024-01-27,596,49,Retail,Afterpay,COUPON9AZ9,14.38,AUD
239040,2024-01-27T22:42:22,2024-01-27,660,15,Retail,PayPal,COUPON-Z-A,2.95,AUD
239058,2024-01-27T01:11:44,2024-01-27,502,21,Online,Credit Card,COUPON--ZZ,19.05,AUD
239191,2024-01-27T01:26:13,2024-01-27,612,46,Online,PayPal,COUPONZ-AZ,4.6,AUD
239225,2024-01-27T04:58:36,2024-01-27,194,35,Retail,Credit Card,COUPON9AZ0,0.29,AUD
239253,2024-01-27T08:10:44,2024-01-27,751,40,Online,Afterpay,COUPONZ-AA,0.45,AUD
239257,2024-01-27T01:58:36,2024-01-27,146,13,Retail,Credit Card,COUPON-AZA,19.68,AUD
239260,2024-01-27T21:08:20,2024-01-27,773,27,Online,PayPal,COUPON9Z-0,2.04,AUD
239282,2024-01-27T13:23:54,2024-01-27,774,14,Retail,Credit Card,COUPONA00-,3.21,AUD
239300,2024-01-27T22:28:33,2024-01-27,715,42,Online,PayPal,COUPONZ0-Z,17.43,AUD
239562,2024-01-27T12:15:59,2024-01-27,321,12,Retail,Afterpay,COUPON-AAZ,5.08,AUD
239570,2024-01-27T03:18:25,2024-01-27,488,41,Retail,Afterpay,COUPON0-Z0,13.75,AUD
239800,2024-01-27T19:42:18,2024-01-27,760,19,Online,Afterpay,COUPON-AZ9,18.53,AUD
239803,2024-01-27T12:22:52,2024-01-27,414,48,Online,PayPal,COUPON--9-,10.08,AUD
239835,2024-01-27T13:04:32,2024-01-27,330,12,Retail,Credit Card,COUPONA-Z0,0.59,AUD
240023,2024-01-27T23:52:51,2024-01-27,28,24,Retail,Afterpay,COUPON090-,2.95,AUD
240037,2024-01-27T16:03:00,2024-01-27,464,49,Retail,PayPal,COUPONA-ZA,14.02,AUD
240136,2024-01-27T00:24:17,2024-01-27,666,45,Online,PayPal,COUPON9AA-,3.26,AUD
240165,2024-01-27T11:42:39,2024-01-27,184,27,Retail,PayPal,COUPONAA-Z,4.3,AUD
240199,2024-01-27T13:28:01,2024-01-27,108,1,Online,Credit Card,COUPON-009,2.24,AUD
240414,2024-01-27T02:40:13,2024-01-27,785,17,Online,Credit Card,COUPONA-0A,12.5,AUD
240518,2024-01-27T14:56:59,2024-01-27,317,20,Retail,PayPal,COUPON0-9A,15.71,AUD
240694,2024-01-27T12:45:29,2024-01-27,752,48,Online,PayPal,COUPON9--9,5.79,AUD
240749,2024-01-27T07:19:25,2024-01-27,301,11,Online,PayPal,COUPON9-0A,11.62,AUD
240793,2024-01-27T09:21:32,2024-01-27,717,19,Online,Afterpay,COUPON0A--,13.07,AUD
240994,2024-01-27T01:39:17,2024-01-27,683,33,Retail,Credit Card,COUPONZZZ0,5.42,AUD
241062,2024-01-27T14:25:25,2024-01-27,713,12,Online,PayPal,COUPON0--9,1.24,AUD
241109,2024-01-27T01:49:19,2024-01-27,649,40,Online,Credit Card,COUPON99-0,17.3,AUD
241114,2024-01-27T23:07:21,2024-01-27,512,16,Retail,Afterpay,COUPON00-Z,13.71,AUD
241148,2024-01-27T18:35:05,2024-01-27,487,30,Retail,Credit Card,COUPONZZ-A,9.09,AUD
241149,2024-01-27T11:51:58,2024-01-27,464,21,Online,PayPal,COUPON9A09,19.01,AUD
241256,2024-01-27T06:33:43,2024-01-27,654,20,Online,Credit Card,COUPONAZ99,6.87,AUD
241304,2024-01-27T15:15:37,2024-01-27,125,25,Retail,Afterpay,COUPON-ZZ-,8.39,AUD
241387,2024-01-27T01:13:04,2024-01-27,263,12,Retail,Credit Card,COUPON90-Z,10.72,AUD
241423,2024-01-27T22:29:03,2024-01-27,2,33,Retail,Afterpay,COUPON0AZ9,13.58,AUD
241457,2024-01-27T23:31:04,2024-01-27,225,16,Retail,Credit Card,COUPONAZ09,15.42,AUD
241489,2024-01-27T06:58:38,2024-01-27,623,47,Retail,PayPal,COUPONAZZ-,13.17,AUD
241790,2024-01-27T07:51:18,2024-01-27,394,2,Online,Afterpay,COUPONAZ-A,16.67,AUD
242159,2024-01-27T07:58:13,2024-01-27,375,46,Online,Credit Card,COUPON9A--,19.73,AUD
242191,2024-01-27T19:52:04,2024-01-27,781,1,Retail,Credit Card,COUPON----,9.62,AUD
242242,2024-01-27T19:13:51,2024-01-27,667,41,Online,PayPal,COUPON-A99,18.65,AUD
242261,2024-01-27T22:40:20,2024-01-27,114,49,Retail,Afterpay,COUPON--00,13.72,AUD
242373,2024-01-27T19:04:39,2024-01-27,557,41,Online,PayPal,COUPON-ZAZ,15.43,AUD
242452,2024-01-27T18:11:13,2024-01-27,43,47,Retail,Afterpay,COUPON9Z0A,1.25,AUD
242527,2024-01-27T11:24:48,2024-01-27,106,18,Online,PayPal,COUPON9---,1.46,AUD
243066,2024-01-27T15:24:12,2024-01-27,602,29,Retail,Afterpay,COUPON9AZZ,2.62,AUD
243102,2024-01-27T23:25:24,2024-01-27,411,43,Online,Credit Card,COUPON--9-,13.03,AUD
243133,2024-01-27T01:01:25,2024-01-27,107,26,Online,Credit Card,COUPON-9-0,1.59,AUD
243172,2024-01-27T13:39:27,2024-01-27,717,1,Retail,Credit Card,COUPONZ-99,12.67,AUD
243176,2024-01-27T18:50:13,2024-01-27,94,28,Online,PayPal,COUPON09Z-,12.59,AUD
243182,2024-01-27T08:01:24,2024-01-27,796,34,Retail,PayPal,COUPONZ0Z0,17.78,AUD
243187,2024-01-27T06:32:12,2024-01-27,654,23,Online,Afterpay,COUPON9Z-A,1.53,AUD
243257,2024-01-27T12:38:16,2024-01-27,408,21,Online,Credit Card,COUPON9Z90,10.47,AUD
243333,2024-01-27T19:18:04,2024-01-27,601,28,Online,Afterpay,COUPON99AA,1.45,AUD
243338,2024-01-27T21:25:22,2024-01-27,674,47,Retail,PayPal,COUPONZZ9-,5.62,AUD
243371,2024-01-27T08:26:42,2024-01-27,579,1,Online,PayPal,COUPON9AA0,8.21,AUD
243448,2024-01-27T22:04:16,2024-01-27,544,21,Retail,PayPal,COUPONZA-Z,3.19,AUD
243566,2024-01-27T19:48:12,2024-01-27,96,25,Retail,Credit Card,COUPON9---,6.41,AUD
243616,2024-01-27T03:17:32,2024-01-27,198,47,Retail,PayPal,COUPONAZ-0,3.87,AUD
243656,2024-01-27T23:38:41,2024-01-27,251,15,Retail,Afterpay,COUPON9Z--,2.81,AUD
243676,2024-01-27T23:42:27,2024-01-27,80,29,Online,Afterpay,COUPON0-09,9.26,AUD
243728,2024-01-27T19:30:18,2024-01-27,125,16,Online,PayPal,COUPON9-0-,17.39,AUD
243974,2024-01-27T01:05:17,2024-01-27,394,36,Retail,Credit Card,COUPON-Z-Z,17.02,AUD
243993,2024-01-27T04:49:46,2024-01-27,574,26,Retail,Credit Card,COUPON0--Z,14.53,AUD
244036,2024-01-27T04:17:47,2024-01-27,735,28,Online,Afterpay,COUPONZA--,15.24,AUD
244039,2024-01-27T09:26:52,2024-01-27,533,38,Retail,PayPal,COUPON0A--,15.93,AUD
244164,2024-01-27T12:33:36,2024-01-27,543,7,Online,Credit Card,COUPON9-A-,8.13,AUD
244307,2024-01-27T02:19:33,2024-01-27,58,8,Retail,Afterpay,COUPONAZ9A,8.24,AUD
244424,2024-01-27T15:36:07,2024-01-27,152,15,Online,PayPal,COUPON-Z09,13.58,AUD
244641,2024-01-27T12:18:16,2024-01-27,69,36,Online,Afterpay,COUPON-AZ9,12.8,AUD
244642,2024-01-27T00:15:48,2024-01-27,583,28,Online,PayPal,COUPONAZ-Z,1.58,AUD
244676,2024-01-27T22:36:53,2024-01-27,62,11,Online,Credit Card,COUPON-0Z-,16.12,AUD
244696,2024-01-27T15:49:03,2024-01-27,420,8,Retail,PayPal,COUPONZ0AA,8.91,AUD
244886,2024-01-27T01:56:21,2024-01-27,272,24,Online,Afterpay,COUPONZ0-0,14.41,AUD
245107,2024-01-27T06:01:12,2024-01-27,779,35,Retail,Afterpay,COUPONZ0A9,15.06,AUD
245222,2024-01-27T15:57:59,2024-01-27,621,11,Online,PayPal,COUPONA--0,5.56,AUD
245255,2024-01-27T23:44:00,2024-01-27,435,15,Online,PayPal,COUPON-9-A,1.3,AUD
245368,2024-01-27T22:58:30,2024-01-27,622,12,Online,Credit Card,COUPON-Z9-,7.69,AUD
245445,2024-01-27T18:37:35,2024-01-27,301,31,Online,Afterpay,COUPONA0Z0,9.02,AUD
245482,2024-01-27T02:56:06,2024-01-27,442,44,Retail,PayPal,COUPONA90-,13.41,AUD
245484,2024-01-27T03:34:59,2024-01-27,558,21,Online,Afterpay,COUPON-A-A,7.67,AUD
245673,2024-01-27T20:53:11,2024-01-27,717,46,Retail,Credit Card,COUPON-Z--,17.75,AUD
245751,2024-01-27T11:33:56,2024-01-27,125,6,Online,Credit Card,COUPON-0-A,19.73,AUD
245801,2024-01-27T05:02:08,2024-01-27,330,10,Retail,PayPal,COUPON9Z-0,17.31,AUD
245934,2024-01-27T08:49:51,2024-01-27,634,36,Online,Afterpay,COUPON9--0,8.96,AUD
246040,2024-01-27T12:35:28,2024-01-27,726,17,Online,Credit Card,COUPON-A99,7.26,AUD
246131,2024-01-27T19:59:00,2024-01-27,365,36,Retail,Credit Card,COUPONAAA9,13.74,AUD
246149,2024-01-27T20:24:13,2024-01-27,499,29,Online,PayPal,COUPONA0A0,9.01,AUD
246163,2024-01-27T14:50:40,2024-01-27,405,43,Online,PayPal,COUPONZ9A9,6.75,AUD
246176,2024-01-27T19:41:14,2024-01-27,359,27,Online,PayPal,COUPON-090,10.25,AUD
246177,2024-01-27T11:00:05,2024-01-27,305,47,Online,PayPal,COUPON99-Z,3.84,AUD
246198,2024-01-27T06:02:43,2024-01-27,259,47,Retail,PayPal,COUPONAA99,2.46,AUD
246302,2024-01-27T17:46:29,2024-01-27,62,42,Online,Credit Card,COUPON09AZ,7.54,AUD
246396,2024-01-27T04:30:05,2024-01-27,575,30,Retail,Afterpay,COUPONZ--Z,4.14,AUD
246469,2024-01-27T22:31:59,2024-01-27,68,15,Retail,Credit Card,COUPON9-ZA,3.41,AUD
246475,2024-01-27T19:12:11,2024-01-27,743,2,Online,PayPal,COUPON-09Z,0.79,AUD
246524,2024-01-27T00:44:50,2024-01-27,331,41,Online,Credit Card,COUPONA99-,3.06,AUD
246602,2024-01-27T22:03:35,2024-01-27,422,15,Online,PayPal,COUPONZZ00,3.56,AUD
246767,2024-01-27T12:22:10,2024-01-27,72,6,Online,Afterpay,COUPONA90-,2.99,AUD
246780,2024-01-27T04:30:09,2024-01-27,647,26,Online,Credit Card,COUPON--A9,11.5,AUD
246809,2024-01-27T21:21:24,2024-01-27,606,13,Retail,Afterpay,COUPONZZ9A,1.33,AUD
246848,2024-01-27T14:41:12,2024-01-27,629,14,Retail,Credit Card,COUPONAZ-A,13.79,AUD
246875,2024-01-27T17:18:36,2024-01-27,4,32,Online,Credit Card,COUPON9A0A,18.99,AUD
246988,2024-01-27T18:07:30,2024-01-27,703,49,Retail,Credit Card,COUPON9--9,6.51,AUD
247169,2024-01-27T18:04:53,2024-01-27,132,26,Online,Afterpay,COUPON0--Z,12.26,AUD
247184,2024-01-27T02:28:30,2024-01-27,287,11,Online,Afterpay,COUPON0-90,19.8,AUD
247188,2024-01-27T10:12:02,2024-01-27,455,15,Retail,Afterpay,COUPON-0-0,10.04,AUD
247200,2024-01-27T12:24:52,2024-01-27,410,7,Online,Credit Card,COUPON-90-,13.61,AUD
247322,2024-01-27T00:41:48,2024-01-27,280,24,Online,Afterpay,COUPON-A0-,16.74,AUD
247437,2024-01-27T00:06:02,2024-01-27,687,49,Online,Credit Card,COUPONA-A-,9.51,AUD
247596,2024-01-27T14:04:48,2024-01-27,713,29,Retail,PayPal,COUPON-Z90,5.69,AUD
247606,2024-01-27T09:15:37,2024-01-27,740,7,Online,Afterpay,COUPON9AA9,19.07,AUD
247778,2024-01-27T04:17:41,2024-01-27,285,49,Online,Credit Card,COUPON--ZZ,5.63,AUD
247913,2024-01-27T16:07:09,2024-01-27,385,1,Retail,Afterpay,COUPON99-Z,11.88,AUD
247953,2024-01-27T07:04:28,2024-01-27,15,1,Retail,PayPal,COUPONZ-AZ,10.27,AUD
248122,2024-01-27T18:51:47,2024-01-27,432,2,Online,PayPal,COUPON-A-A,9.91,AUD
248282,2024-01-27T15:37:21,2024-01-27,773,12,Retail,PayPal,COUPON--AA,11.65,AUD
248465,2024-01-27T07:34:40,2024-01-27,286,4,Online,Afterpay,COUPON--00,8.93,AUD
248481,2024-01-27T16:56:46,2024-01-27,657,29,Online,Credit Card,COUPONAA0-,11.08,AUD
248636,2024-01-27T19:24:21,2024-01-27,89,36,Online,Afterpay,COUPON09Z0,16.47,AUD
248759,2024-01-27T01:40:54,2024-01-27,617,24,Retail,PayPal,COUPONA09Z,19.71,AUD
248779,2024-01-27T11:45:26,2024-01-27,600,16,Online,Afterpay,COUPONZ00-,1.65,AUD
248837,2024-01-27T09:30:11,2024-01-27,732,35,Retail,Afterpay,COUPONZZ-9,19.26,AUD
248857,2024-01-27T05:35:45,2024-01-27,697,15,Retail,Afterpay,COUPON----,18.75,AUD
248963,2024-01-27T19:28:07,2024-01-27,339,20,Online,PayPal,COUPON--9A,0.83,AUD
249243,2024-01-27T23:46:23,2024-01-27,738,5,Retail,Afterpay,COUPONAA00,1.46,AUD
249277,2024-01-27T19:59:25,2024-01-27,424,6,Retail,Credit Card,COUPON--Z9,12.38,AUD
249296,2024-01-27T17:04:18,2024-01-27,269,31,Retail,PayPal,COUPON-9--,7.64,AUD
249382,2024-01-27T07:11:52,2024-01-27,248,39,Online,PayPal,COUPON-A-Z,1.54,AUD
249453,2024-01-27T02:05:57,2024-01-27,18,30,Online,Afterpay,COUPON99A-,2.09,AUD
249458,2024-01-27T16:45:19,2024-01-27,678,36,Retail,PayPal,COUPON0-0A,16.72,AUD
249509,2024-01-27T09:24:01,2024-01-27,512,29,Online,PayPal,COUPON9A-Z,3.15,AUD
249533,2024-01-27T19:43:20,2024-01-27,75,8,Retail,Credit Card,COUPONA--9,0.43,AUD
249551,2024-01-27T14:28:50,2024-01-27,768,1,Retail,Afterpay,COUPON---Z,4.46,AUD
249891,2024-01-27T14:34:28,2024-01-27,783,23,Online,PayPal,COUPONZ00-,1.57,AUD
250120,2024-01-27T01:44:45,2024-01-27,620,24,Online,Afterpay,COUPON-A90,2.22,AUD
250203,2024-01-27T19:09:32,2024-01-27,445,5,Retail,Credit Card,COUPONZ-90,17.67,AUD
250357,2024-01-27T05:50:57,2024-01-27,116,46,Online,PayPal,COUPONZ99-,10.31,AUD
250577,2024-01-27T06:51:59,2024-01-27,733,11,Retail,PayPal,COUPONA-0Z,8.0,AUD
250667,2024-01-27T07:04:24,2024-01-27,75,46,Retail,Credit Card,COUPON9AZ-,14.16,AUD
250697,2024-01-27T18:16:27,2024-01-27,521,37,Retail,Afterpay,COUPON-A9-,1.88,AUD
250741,2024-01-27T03:32:27,2024-01-27,90,1,Online,Credit Card,COUPON----,0.5,AUD
250790,2024-01-27T07:05:34,2024-01-27,379,28,Retail,Afterpay,COUPON090-,0.81,AUD
250908,2024-01-27T03:50:44,2024-01-27,672,48,Retail,Afterpay,COUPONA-00,9.03,AUD
250953,2024-01-27T05:58:57,2024-01-27,168,34,Online,Afterpay,COUPON-0-9,12.02,AUD
250967,2024-01-27T07:18:53,2024-01-27,587,40,Retail,PayPal,COUPON90ZZ,8.34,AUD
251009,2024-01-27T13:33:54,2024-01-27,197,49,Online,PayPal,COUPON-A-A,7.52,AUD
251177,2024-01-27T11:27:40,2024-01-27,334,22,Online,Credit Card,COUPON99--,7.85,AUD
251181,2024-01-27T14:23:16,2024-01-27,444,13,Online,Afterpay,COUPON-09-,11.95,AUD
251243,2024-01-27T09:47:47,2024-01-27,52,26,Online,Credit Card,COUPON9-Z-,8.43,AUD
251269,2024-01-27T08:24:14,2024-01-27,705,24,Retail,Afterpay,COUPONAZ9A,19.29,AUD
251438,2024-01-27T08:55:34,2024-01-27,307,39,Online,Credit Card,COUPONA-00,16.6,AUD
251621,2024-01-27T23:36:27,2024-01-27,722,5,Retail,PayPal,COUPONA--A,5.22,AUD
251778,2024-01-27T00:08:29,2024-01-27,112,8,Online,Afterpay,COUPON-ZZZ,15.82,AUD
251842,2024-01-27T19:31:10,2024-01-27,234,2,Online,Afterpay,COUPON90Z0,9.03,AUD
251857,2024-01-27T19:04:17,2024-01-27,300,48,Retail,PayPal,COUPON9-Z0,4.47,AUD
251864,2024-01-27T07:45:39,2024-01-27,261,38,Retail,Credit Card,COUPONA---,16.58,AUD
252118,2024-01-27T11:46:12,2024-01-27,633,29,Online,Afterpay,COUPON9Z-0,0.44,AUD
252171,2024-01-27T10:10:07,2024-01-27,735,14,Online,PayPal,COUPONAZ-9,6.83,AUD
252196,2024-01-27T11:41:21,2024-01-27,538,36,Online,Credit Card,COUPONA-0-,15.49,AUD
252385,2024-01-27T18:19:50,2024-01-27,80,36,Retail,Credit Card,COUPON0A-Z,1.05,AUD
252627,2024-01-27T17:54:13,2024-01-27,485,28,Online,PayPal,COUPON90A-,7.92,AUD
252679,2024-01-27T19:58:54,2024-01-27,21,9,Online,Credit Card,COUPON---0,6.75,AUD
252757,2024-01-27T00:47:25,2024-01-27,483,29,Online,PayPal,COUPONAZ-A,19.89,AUD
252812,2024-01-27T15:11:26,2024-01-27,73,2,Retail,Afterpay,COUPON00-A,1.7,AUD
252821,2024-01-27T06:53:49,2024-01-27,420,46,Retail,PayPal,COUPON-0A0,2.65,AUD
252909,2024-01-27T07:08:05,2024-01-27,536,30,Online,Credit Card,COUPON-9--,7.83,AUD
253070,2024-01-27T00:03:08,2024-01-27,727,4,Retail,Credit Card,COUPON-AZZ,16.87,AUD
253091,2024-01-27T18:41:21,2024-01-27,502,29,Retail,Afterpay,COUPONAZ0Z,4.96,AUD
253112,2024-01-27T00:49:13,2024-01-27,227,41,Online,Afterpay,COUPON-9--,15.13,AUD
253132,2024-01-27T14:05:17,2024-01-27,625,23,Retail,Credit Card,COUPONA-0-,5.99,AUD
253133,2024-01-27T03:38:27,2024-01-27,154,44,Online,Afterpay,COUPONZ--9,19.41,AUD
253146,2024-01-27T06:43:42,2024-01-27,421,32,Online,PayPal,COUPON0Z9A,6.71,AUD
253262,2024-01-27T22:25:00,2024-01-27,90,42,Retail,Credit Card,COUPONZAZ-,7.76,AUD
253289,2024-01-27T13:43:49,2024-01-27,431,38,Retail,Credit Card,COUPON0-A-,6.92,AUD
253298,2024-01-27T17:21:19,2024-01-27,222,16,Retail,Afterpay,COUPON0-00,0.02,AUD
253363,2024-01-27T20:28:51,2024-01-27,336,2,Retail,Credit Card,COUPONA---,14.71,AUD
253377,2024-01-27T09:22:13,2024-01-27,118,16,Online,PayPal,COUPON0Z00,14.12,AUD
253474,2024-01-27T03:27:05,2024-01-27,605,15,Retail,Afterpay,COUPON--90,11.59,AUD
253624,2024-01-27T16:30:32,2024-01-27,186,33,Retail,PayPal,COUPON-Z9Z,12.66,AUD
253739,2024-01-27T13:08:36,2024-01-27,635,27,Retail,PayPal,COUPONA0AZ,0.71,AUD
253801,2024-01-27T17:04:46,2024-01-27,38,37,Online,Afterpay,COUPONZA-A,13.99,AUD
253829,2024-01-27T22:33:10,2024-01-27,629,35,Retail,PayPal,COUPON-0-9,4.99,AUD
254052,2024-01-27T04:23:38,2024-01-27,691,47,Online,Afterpay,COUPON--Z-,1.45,AUD
254296,2024-01-27T17:22:20,2024-01-27,365,23,Online,Credit Card,COUPONA0Z-,15.54,AUD
254322,2024-01-27T16:35:11,2024-01-27,73,34,Online,PayPal,COUPON--9Z,18.0,AUD
254345,2024-01-27T03:18:45,2024-01-27,299,41,Online,PayPal,COUPON--ZZ,8.59,AUD
254494,2024-01-27T04:20:32,2024-01-27,579,15,Online,PayPal,COUPONZ0-Z,17.54,AUD
254572,2024-01-27T23:41:16,2024-01-27,287,47,Retail,Afterpay,COUPONA0Z-,16.95,AUD
254612,2024-01-27T23:22:58,2024-01-27,296,32,Retail,PayPal,COUPONZ-0Z,11.97,AUD
254823,2024-01-27T16:26:44,2024-01-27,395,19,Retail,PayPal,COUPON099A,4.02,AUD
254850,2024-01-27T15:59:21,2024-01-27,603,37,Retail,PayPal,COUPON-Z-A,12.42,AUD
255079,2024-01-27T09:13:45,2024-01-27,269,31,Online,Afterpay,COUPON0ZZZ,4.74,AUD
255091,2024-01-27T06:38:50,2024-01-27,775,25,Online,PayPal,COUPON-A-Z,16.38,AUD
255132,2024-01-27T15:24:03,2024-01-27,716,21,Retail,PayPal,COUPON--A9,15.28,AUD
255352,2024-01-27T20:07:19,2024-01-27,60,15,Retail,Afterpay,COUPONZ0Z0,6.62,AUD
255547,2024-01-27T20:08:00,2024-01-27,591,21,Online,Afterpay,COUPON9A99,12.07,AUD
255587,2024-01-27T02:37:32,2024-01-27,781,13,Retail,PayPal,COUPON--9Z,8.8,AUD
255620,2024-01-27T08:55:49,2024-01-27,165,30,Retail,PayPal,COUPON--0Z,9.96,AUD
255792,2024-01-27T05:19:44,2024-01-27,717,23,Retail,Afterpay,COUPONAZZ9,0.83,AUD
255878,2024-01-27T05:34:06,2024-01-27,649,39,Retail,Credit Card,COUPON0Z--,0.6,AUD
256111,2024-01-27T23:47:03,2024-01-27,416,47,Online,PayPal,COUPONA0Z9,10.21,AUD
256124,2024-01-27T06:52:09,2024-01-27,358,45,Online,PayPal,COUPON9Z-9,13.89,AUD
256224,2024-01-27T08:40:45,2024-01-27,477,19,Online,Afterpay,COUPON0-9-,10.13,AUD
256262,2024-01-27T21:05:54,2024-01-27,611,40,Online,PayPal,COUPONZ0-9,0.19,AUD
256370,2024-01-27T21:28:18,2024-01-27,310,11,Online,PayPal,COUPON9-09,6.4,AUD
256419,2024-01-27T17:35:19,2024-01-27,195,8,Retail,Credit Card,COUPON-0-9,4.74,AUD
256566,2024-01-27T05:11:19,2024-01-27,674,15,Retail,Credit Card,COUPON-A00,10.41,AUD
256701,2024-01-27T08:01:32,2024-01-27,45,24,Online,Afterpay,COUPONZA9Z,2.4,AUD
256869,2024-01-27T01:05:20,2024-01-27,285,21,Online,PayPal,COUPON9---,11.73,AUD
256924,2024-01-27T23:03:09,2024-01-27,147,19,Retail,Credit Card,COUPON0009,11.0,AUD
257222,2024-01-27T21:23:49,2024-01-27,483,26,Online,PayPal,COUPON-0-Z,7.35,AUD
257391,2024-01-27T11:05:39,2024-01-27,793,37,Retail,PayPal,COUPON-A9A,1.43,AUD
257412,2024-01-27T14:11:37,2024-01-27,247,23,Online,PayPal,COUPON--00,6.19,AUD
257447,2024-01-27T06:38:10,2024-01-27,12,21,Online,PayPal,COUPON--Z0,5.28,AUD
257452,2024-01-27T15:19:51,2024-01-27,568,5,Retail,PayPal,COUPONAZ-0,15.12,AUD
257530,2024-01-27T16:29:02,2024-01-27,409,10,Retail,Afterpay,COUPONZ00A,10.85,AUD
257562,2024-01-27T13:13:26,2024-01-27,501,47,Online,Credit Card,COUPON-09-,6.54,AUD
257701,2024-01-27T21:43:12,2024-01-27,399,11,Retail,Credit Card,COUPON9-99,6.02,AUD
257702,2024-01-27T10:09:38,2024-01-27,212,5,Retail,Credit Card,COUPONA9--,13.84,AUD
257706,2024-01-27T23:32:44,2024-01-27,593,9,Online,Afterpay,COUPON-Z0-,0.15,AUD
257752,2024-01-27T16:40:17,2024-01-27,64,37,Retail,Credit Card,COUPON9Z0-,18.92,AUD
257756,2024-01-27T02:31:31,2024-01-27,433,43,Online,Credit Card,COUPON0A--,2.3,AUD
257872,2024-01-27T20:17:48,2024-01-27,254,28,Online,Afterpay,COUPON900A,11.17,AUD
257944,2024-01-27T18:46:48,2024-01-27,684,15,Online,Afterpay,COUPONAA-A,19.85,AUD
258021,2024-01-27T06:14:52,2024-01-27,409,31,Online,Afterpay,COUPON----,4.39,AUD
258116,2024-01-27T03:13:05,2024-01-27,161,13,Retail,Afterpay,COUPONA---,2.33,AUD
258260,2024-01-27T12:50:04,2024-01-27,372,27,Retail,Credit Card,COUPONA0-9,7.5,AUD
258340,2024-01-27T06:58:21,2024-01-27,83,15,Retail,Credit Card,COUPON--09,3.87,AUD
258479,2024-01-27T03:33:19,2024-01-27,308,44,Retail,Afterpay,COUPONZZ99,0.63,AUD
258654,2024-01-27T12:43:53,2024-01-27,470,25,Retail,Afterpay,COUPONA9-A,6.39,AUD
258684,2024-01-27T02:02:55,2024-01-27,28,4,Online,PayPal,COUPON-Z00,17.74,AUD
258853,2024-01-27T14:06:25,2024-01-27,245,3,Retail,PayPal,COUPONZ000,13.38,AUD
258875,2024-01-27T15:50:45,2024-01-27,240,29,Retail,PayPal,COUPONAA-Z,5.47,AUD
258945,2024-01-27T01:45:42,2024-01-27,486,22,Retail,Credit Card,COUPONZ0A9,7.67,AUD
258974,2024-01-27T06:46:21,2024-01-27,669,2,Retail,Credit Card,COUPON--A-,7.03,AUD
259051,2024-01-27T02:15:58,2024-01-27,763,13,Retail,Credit Card,COUPON9--Z,16.92,AUD
259088,2024-01-27T05:22:09,2024-01-27,40,48,Retail,Credit Card,COUPON009A,16.81,AUD
259131,2024-01-27T07:31:25,2024-01-27,536,24,Retail,Afterpay,COUPON9-Z-,11.94,AUD
259168,2024-01-27T22:15:16,2024-01-27,655,32,Retail,Afterpay,COUPON-A9Z,17.81,AUD
259176,2024-01-27T17:17:05,2024-01-27,9,49,Online,Credit Card,COUPON0A9-,17.69,AUD
259256,2024-01-27T13:27:13,2024-01-27,559,20,Online,Afterpay,COUPON-9--,11.57,AUD
259365,2024-01-27T20:10:40,2024-01-27,180,14,Online,PayPal,COUPONZ9A-,12.85,AUD
259409,2024-01-27T03:44:45,2024-01-27,485,4,Online,PayPal,COUPONZ--A,1.73,AUD
259416,2024-01-27T06:24:58,2024-01-27,694,36,Online,PayPal,COUPONZ-Z-,7.91,AUD
259417,2024-01-27T11:26:45,2024-01-27,431,16,Online,Credit Card,COUPONA00-,8.52,AUD
259742,2024-01-27T16:56:42,2024-01-27,307,23,Online,Afterpay,COUPON0A0Z,17.88,AUD
259778,2024-01-27T02:23:08,2024-01-27,35,42,Retail,Afterpay,COUPONZ--A,13.49,AUD
259811,2024-01-27T00:41:43,2024-01-27,728,49,Retail,Credit Card,COUPON-9--,14.27,AUD
260003,2024-01-27T13:58:33,2024-01-27,550,11,Online,Afterpay,COUPON90-Z,5.08,AUD
260138,2024-01-27T11:06:32,2024-01-27,636,19,Retail,PayPal,COUPONA0-Z,13.05,AUD
260167,2024-01-27T16:51:46,2024-01-27,186,15,Online,Credit Card,COUPON-9ZZ,18.08,AUD
260180,2024-01-27T04:18:18,2024-01-27,341,49,Retail,Afterpay,COUPON--AZ,11.83,AUD
260266,2024-01-27T11:33:49,2024-01-27,264,43,Online,PayPal,COUPON-ZAA,8.05,AUD
260349,2024-01-27T11:51:34,2024-01-27,449,15,Online,Credit Card,COUPON0Z--,4.05,AUD
260405,2024-01-27T20:49:10,2024-01-27,664,18,Retail,Credit Card,COUPON--ZZ,4.42,AUD
260450,2024-01-27T01:53:37,2024-01-27,220,6,Retail,Afterpay,COUPONA-99,18.83,AUD
260461,2024-01-27T00:20:08,2024-01-27,380,22,Retail,Afterpay,COUPONZA-Z,8.9,AUD
260479,2024-01-27T05:34:00,2024-01-27,182,24,Online,PayPal,COUPONA9-9,11.5,AUD
260599,2024-01-27T15:39:36,2024-01-27,91,7,Online,PayPal,COUPON-ZZ9,19.06,AUD
260784,2024-01-27T15:56:55,2024-01-27,675,44,Retail,Credit Card,COUPON-Z0A,17.65,AUD
260813,2024-01-27T04:12:04,2024-01-27,746,41,Online,Afterpay,COUPON9--Z,19.62,AUD
260866,2024-01-27T08:49:38,2024-01-27,417,24,Retail,PayPal,COUPONA--9,16.11,AUD
260889,2024-01-27T15:31:43,2024-01-27,541,28,Retail,PayPal,COUPON--A-,2.12,AUD
260896,2024-01-27T16:19:03,2024-01-27,68,25,Retail,PayPal,COUPON000Z,7.88,AUD
260914,2024-01-27T09:52:17,2024-01-27,680,35,Retail,PayPal,COUPONZ9Z-,6.27,AUD
260960,2024-01-27T17:21:24,2024-01-27,520,6,Retail,Afterpay,COUPON----,17.06,AUD
260984,2024-01-27T08:56:05,2024-01-27,518,48,Online,PayPal,COUPONA000,16.13,AUD
261043,2024-01-27T23:08:10,2024-01-27,516,1,Online,PayPal,COUPON-ZA0,10.38,AUD
261204,2024-01-27T13:22:59,2024-01-27,628,25,Online,PayPal,COUPONZAAA,13.57,AUD
261245,2024-01-27T07:23:16,2024-01-27,452,7,Online,Credit Card,COUPON00--,7.89,AUD
261260,2024-01-27T02:28:31,2024-01-27,622,11,Retail,PayPal,COUPONAA--,16.61,AUD
261282,2024-01-27T05:33:12,2024-01-27,55,33,Retail,Credit Card,COUPON0-A-,9.99,AUD
261452,2024-01-27T17:13:35,2024-01-27,325,25,Online,Credit Card,COUPON9---,15.39,AUD
261590,2024-01-27T10:22:37,2024-01-27,58,17,Online,Afterpay,COUPON--99,8.92,AUD
261591,2024-01-27T02:09:01,2024-01-27,151,48,Retail,Credit Card,COUPONA0-0,14.15,AUD
261785,2024-01-27T15:38:15,2024-01-27,751,20,Retail,Credit Card,COUPON099A,5.74,AUD
261787,2024-01-27T16:09:33,2024-01-27,22,16,Retail,Afterpay,COUPONAZ0Z,0.86,AUD
261856,2024-01-27T22:10:16,2024-01-27,763,16,Online,Afterpay,COUPONZ-A-,5.89,AUD
261869,2024-01-27T05:03:15,2024-01-27,571,35,Online,Afterpay,COUPONZ-AA,7.1,AUD
262044,2024-01-27T22:07:22,2024-01-27,359,40,Online,PayPal,COUPON9Z-9,10.06,AUD
262059,2024-01-27T08:59:54,2024-01-27,797,39,Online,PayPal,COUPON-00Z,12.65,AUD
262077,2024-01-27T05:48:13,2024-01-27,203,11,Retail,PayPal,COUPON9---,7.83,AUD
262178,2024-01-27T18:59:26,2024-01-27,54,9,Online,Afterpay,COUPON---A,13.89,AUD
262251,2024-01-27T12:40:52,2024-01-27,526,27,Online,PayPal,COUPON-ZZ-,12.88,AUD
262305,2024-01-27T15:27:48,2024-01-27,64,49,Online,PayPal,COUPONA-AA,15.36,AUD
262350,2024-01-27T05:36:18,2024-01-27,567,9,Online,Afterpay,COUPON-A--,5.63,AUD
262385,2024-01-27T13:43:31,2024-01-27,152,5,Retail,PayPal,COUPON9---,11.44,AUD
262534,2024-01-27T21:39:46,2024-01-27,508,22,Online,PayPal,COUPON9Z-0,3.59,AUD
262648,2024-01-27T09:10:48,2024-01-27,655,17,Online,Credit Card,COUPONAAA9,11.91,AUD
262788,2024-01-27T21:40:45,2024-01-27,294,4,Online,Afterpay,COUPON--99,13.09,AUD
262988,2024-01-27T06:53:19,2024-01-27,181,13,Retail,Afterpay,COUPONA-Z-,17.18,AUD
262991,2024-01-27T05:02:00,2024-01-27,609,3,Online,PayPal,COUPON--0Z,11.91,AUD
263018,2024-01-27T20:57:52,2024-01-27,77,21,Retail,Afterpay,COUPON-A-9,12.72,AUD
263025,2024-01-27T11:04:52,2024-01-27,375,24,Online,Afterpay,COUPON-AA0,15.48,AUD
263051,2024-01-27T21:24:30,2024-01-27,355,28,Online,PayPal,COUPON-9Z9,5.8,AUD
263054,2024-01-27T13:32:47,2024-01-27,776,5,Online,PayPal,COUPON-09A,13.38,AUD
263286,2024-01-27T01:10:08,2024-01-27,377,7,Retail,PayPal,COUPON--9-,12.79,AUD
263461,2024-01-27T21:47:03,2024-01-27,256,41,Retail,Afterpay,COUPON0-AA,8.97,AUD
263484,2024-01-27T07:53:59,2024-01-27,136,5,Retail,Credit Card,COUPONAA--,4.71,AUD
263512,2024-01-27T01:26:18,2024-01-27,105,19,Retail,PayPal,COUPONA-9-,17.05,AUD
263663,2024-01-27T22:18:08,2024-01-27,651,49,Online,Afterpay,COUPONAAZA,8.06,AUD
263862,2024-01-27T02:54:07,2024-01-27,444,47,Retail,Credit Card,COUPON090A,3.15,AUD
263864,2024-01-27T02:34:42,2024-01-27,227,37,Retail,Credit Card,COUPONZZ9-,15.92,AUD
263882,2024-01-27T22:18:53,2024-01-27,661,18,Online,Afterpay,COUPON9-9-,13.21,AUD
263890,2024-01-27T09:41:49,2024-01-27,352,35,Retail,Afterpay,COUPONZAA0,7.05,AUD
263978,2024-01-27T07:42:18,2024-01-27,295,45,Retail,PayPal,COUPON9A0-,15.59,AUD
263991,2024-01-27T17:58:42,2024-01-27,226,2,Retail,Credit Card,COUPON0-A9,10.83,AUD
264042,2024-01-27T12:34:43,2024-01-27,152,42,Online,Credit Card,COUPON0-Z-,19.29,AUD
264058,2024-01-27T16:45:33,2024-01-27,408,31,Retail,Credit Card,COUPON00-9,19.02,AUD
264087,2024-01-27T09:39:08,2024-01-27,244,42,Online,PayPal,COUPON--00,5.33,AUD
264338,2024-01-27T15:41:48,2024-01-27,42,49,Online,Afterpay,COUPONAZ-A,5.7,AUD
264388,2024-01-27T19:15:11,2024-01-27,316,34,Retail,Credit Card,COUPON999Z,13.39,AUD
264478,2024-01-27T05:52:19,2024-01-27,751,41,Online,PayPal,COUPONA-A-,14.25,AUD
264525,2024-01-27T21:30:26,2024-01-27,100,36,Online,Credit Card,COUPON000A,12.45,AUD
264567,2024-01-27T12:48:54,2024-01-27,539,47,Online,PayPal,COUPON00Z-,18.43,AUD
264754,2024-01-27T17:43:14,2024-01-27,494,10,Retail,Afterpay,COUPON9A0A,7.1,AUD
264854,2024-01-27T15:15:31,2024-01-27,206,24,Online,PayPal,COUPON0090,4.82,AUD
264868,2024-01-27T23:29:39,2024-01-27,70,34,Online,PayPal,COUPONZ-A9,1.62,AUD
264947,2024-01-27T23:38:31,2024-01-27,453,46,Retail,Credit Card,COUPONA9-0,3.85,AUD
265310,2024-01-27T04:46:19,2024-01-27,275,29,Online,Credit Card,COUPONZ-9-,1.34,AUD
265391,2024-01-27T23:16:48,2024-01-27,780,28,Online,Credit Card,COUPON---Z,7.47,AUD
265479,2024-01-27T12:28:39,2024-01-27,174,22,Online,Afterpay,COUPON-9Z0,12.48,AUD
265703,2024-01-27T15:26:05,2024-01-27,273,23,Retail,Credit Card,COUPON-0-0,9.34,AUD
265805,2024-01-27T17:59:08,2024-01-27,459,43,Online,PayPal,COUPONAZA-,12.6,AUD
265948,2024-01-27T04:38:58,2024-01-27,530,8,Retail,Afterpay,COUPONA-90,13.72,AUD
265965,2024-01-27T05:08:13,2024-01-27,220,46,Online,PayPal,COUPONA--Z,0.54,AUD
266005,2024-01-27T20:43:08,2024-01-27,386,44,Retail,PayPal,COUPON-0--,4.88,AUD
266031,2024-01-27T18:46:05,2024-01-27,430,42,Online,Afterpay,COUPON--Z9,6.45,AUD
266207,2024-01-27T15:10:12,2024-01-27,431,13,Online,Afterpay,COUPONZ0Z0,5.28,AUD
266300,2024-01-27T23:43:20,2024-01-27,164,4,Retail,PayPal,COUPON--A9,5.85,AUD
266339,2024-01-27T01:20:38,2024-01-27,717,44,Retail,Credit Card,COUPON9Z-Z,16.47,AUD
266434,2024-01-27T17:59:53,2024-01-27,661,17,Online,Afterpay,COUPON--Z0,19.81,AUD
266648,2024-01-27T09:26:37,2024-01-27,338,12,Online,Afterpay,COUPON----,0.33,AUD
266771,2024-01-27T20:11:07,2024-01-27,375,13,Online,PayPal,COUPON0A90,9.02,AUD
266836,2024-01-27T18:00:50,2024-01-27,262,8,Retail,Afterpay,COUPON0ZAZ,15.77,AUD
266922,2024-01-27T16:37:06,2024-01-27,2,28,Online,PayPal,COUPON09Z9,3.08,AUD
266982,2024-01-27T15:02:16,2024-01-27,779,45,Retail,Credit Card,COUPON--A0,4.31,AUD
266984,2024-01-27T02:29:13,2024-01-27,364,13,Retail,PayPal,COUPONA--0,0.08,AUD
267032,2024-01-27T00:00:35,2024-01-27,318,33,Retail,Afterpay,COUPON----,10.6,AUD
267092,2024-01-27T06:33:14,2024-01-27,743,13,Retail,Credit Card,COUPONZ-0Z,3.44,AUD
267353,2024-01-27T15:17:55,2024-01-27,388,30,Online,Afterpay,COUPON-90Z,18.44,AUD
267509,2024-01-27T10:00:48,2024-01-27,266,42,Online,Credit Card,COUPON--A-,16.34,AUD
267519,2024-01-27T17:19:18,2024-01-27,592,7,Retail,Afterpay,COUPONZ-ZA,0.52,AUD
267635,2024-01-27T03:06:07,2024-01-27,374,19,Online,PayPal,COUPON--90,15.11,AUD
267775,2024-01-27T21:28:44,2024-01-27,367,12,Online,PayPal,COUPONAAAZ,8.89,AUD
267795,2024-01-27T21:01:32,2024-01-27,319,21,Retail,PayPal,COUPON-A-A,0.16,AUD
267822,2024-01-27T23:42:51,2024-01-27,197,44,Retail,PayPal,COUPON0990,4.13,AUD
267832,2024-01-27T23:16:33,2024-01-27,399,48,Retail,PayPal,COUPON--00,12.96,AUD
267902,2024-01-27T04:35:34,2024-01-27,381,5,Online,Afterpay,COUPON-Z-9,1.23,AUD
267913,2024-01-27T17:26:16,2024-01-27,63,30,Retail,PayPal,COUPON-0AA,10.74,AUD
267948,2024-01-27T06:32:24,2024-01-27,23,41,Retail,PayPal,COUPON-9-A,7.52,AUD
267958,2024-01-27T14:08:03,2024-01-27,379,31,Retail,PayPal,COUPONZ-09,2.87,AUD
268069,2024-01-27T22:51:57,2024-01-27,701,39,Retail,PayPal,COUPON9900,1.93,AUD
268085,2024-01-27T06:05:36,2024-01-27,639,48,Online,PayPal,COUPONAA-A,18.01,AUD
268098,2024-01-27T20:30:56,2024-01-27,567,45,Retail,Afterpay,COUPON-AA-,14.52,AUD
268116,2024-01-27T18:42:31,2024-01-27,767,37,Online,Afterpay,COUPONZA-A,15.08,AUD
268117,2024-01-27T22:49:23,2024-01-27,609,1,Online,PayPal,COUPON9A0Z,8.63,AUD
268235,2024-01-27T21:31:37,2024-01-27,715,11,Online,Afterpay,COUPON-ZZ9,17.13,AUD
268239,2024-01-27T03:12:21,2024-01-27,775,49,Retail,PayPal,COUPON0-90,10.43,AUD
268309,2024-01-27T17:49:39,2024-01-27,743,17,Online,Afterpay,COUPONZ0--,3.75,AUD
268371,2024-01-27T02:55:09,2024-01-27,511,22,Retail,PayPal,COUPONA--Z,4.97,AUD
268569,2024-01-27T07:52:49,2024-01-27,92,40,Retail,Afterpay,COUPONZ9Z0,17.6,AUD
268672,2024-01-27T02:42:03,2024-01-27,545,25,Retail,PayPal,COUPON09--,12.39,AUD
268782,2024-01-27T20:12:47,2024-01-27,583,25,Retail,Credit Card,COUPON-0-9,1.15,AUD
268800,2024-01-27T18:06:08,2024-01-27,617,46,Online,PayPal,COUPON99-Z,19.72,AUD
268823,2024-01-27T08:00:06,2024-01-27,556,28,Retail,PayPal,COUPONAAA9,9.76,AUD
269007,2024-01-27T10:33:00,2024-01-27,16,48,Retail,PayPal,COUPONZA--,10.46,AUD
269083,2024-01-27T13:28:12,2024-01-27,762,48,Retail,PayPal,COUPON9Z-9,19.36,AUD
269086,2024-01-27T05:48:54,2024-01-27,696,37,Online,Afterpay,COUPONAZ90,3.43,AUD
269171,2024-01-27T03:17:53,2024-01-27,355,15,Retail,PayPal,COUPON-0AA,14.36,AUD
269252,2024-01-27T21:39:38,2024-01-27,121,23,Retail,Credit Card,COUPONA-99,10.69,AUD
269270,2024-01-27T17:10:21,2024-01-27,605,12,Retail,PayPal,COUPON990-,19.82,AUD
269290,2024-01-27T19:57:54,2024-01-27,107,43,Retail,PayPal,COUPON-0-9,13.39,AUD
269354,2024-01-27T00:16:36,2024-01-27,654,37,Retail,PayPal,COUPON-Z99,9.11,AUD
269448,2024-01-27T14:33:05,2024-01-27,723,39,Retail,Afterpay,COUPON0AA9,9.75,AUD
269561,2024-01-27T12:01:06,2024-01-27,115,43,Retail,Credit Card,COUPONA-00,0.04,AUD
269656,2024-01-27T18:40:22,2024-01-27,451,8,Online,PayPal,COUPON-9-0,1.88,AUD
269666,2024-01-27T09:30:22,2024-01-27,552,34,Retail,Afterpay,COUPON-Z9-,11.75,AUD
269724,2024-01-27T11:11:53,2024-01-27,699,14,Online,Credit Card,COUPONA999,6.73,AUD
269728,2024-01-27T09:51:14,2024-01-27,121,16,Retail,Afterpay,COUPON-Z9A,15.53,AUD
269775,2024-01-27T04:38:31,2024-01-27,186,34,Online,Afterpay,COUPON0--0,2.53,AUD
270081,2024-01-27T19:02:33,2024-01-27,120,16,Online,Afterpay,COUPON--0-,12.06,AUD
270208,2024-01-27T07:01:46,2024-01-27,765,36,Retail,PayPal,COUPON9AA-,12.36,AUD
270254,2024-01-27T10:41:52,2024-01-27,57,9,Online,Afterpay,COUPON-Z-0,6.97,AUD
270330,2024-01-27T00:52:15,2024-01-27,297,41,Online,Credit Card,COUPON0-Z-,3.43,AUD
270466,2024-01-27T00:39:55,2024-01-27,358,14,Online,Afterpay,COUPON0ZA0,8.64,AUD
270483,2024-01-27T20:26:02,2024-01-27,796,17,Online,Afterpay,COUPONAA--,7.23,AUD
270555,2024-01-27T14:35:43,2024-01-27,762,42,Online,Credit Card,COUPON0ZA-,16.49,AUD
270628,2024-01-27T01:12:56,2024-01-27,584,46,Retail,Credit Card,COUPON-9A-,16.34,AUD
270673,2024-01-27T04:43:42,2024-01-27,339,32,Retail,Afterpay,COUPONA0-A,0.2,AUD
270677,2024-01-27T06:44:59,2024-01-27,410,30,Online,Credit Card,COUPONAAA-,5.2,AUD
270714,2024-01-27T01:34:46,2024-01-27,358,39,Retail,Credit Card,COUPON-A0-,7.11,AUD
270920,2024-01-27T01:23:11,2024-01-27,708,2,Online,Credit Card,COUPON0090,6.68,AUD
271086,2024-01-27T01:31:07,2024-01-27,173,14,Retail,Afterpay,COUPON--A-,19.51,AUD
271167,2024-01-27T09:50:19,2024-01-27,436,25,Online,PayPal,COUPON---A,1.12,AUD
271388,2024-01-27T02:16:40,2024-01-27,628,17,Retail,Credit Card,COUPONA90A,6.46,AUD
271411,2024-01-27T10:05:04,2024-01-27,745,10,Online,Credit Card,COUPON09--,5.83,AUD
271465,2024-01-27T19:04:36,2024-01-27,155,11,Online,Credit Card,COUPON-Z9Z,17.63,AUD
271519,2024-01-27T19:24:53,2024-01-27,122,10,Online,Afterpay,COUPON9Z00,10.1,AUD
271556,2024-01-27T00:42:00,2024-01-27,108,12,Online,Credit Card,COUPONAA90,11.41,AUD
271559,2024-01-27T07:21:21,2024-01-27,635,32,Online,Credit Card,COUPON-9-A,12.5,AUD
271802,2024-01-27T06:29:45,2024-01-27,215,19,Online,PayPal,COUPON-A9Z,7.38,AUD
271819,2024-01-27T16:43:15,2024-01-27,74,30,Retail,PayPal,COUPON-9AZ,16.63,AUD
271851,2024-01-27T18:34:16,2024-01-27,777,6,Retail,Credit Card,COUPON--9Z,13.74,AUD
271856,2024-01-27T19:49:48,2024-01-27,684,14,Retail,Credit Card,COUPONA0A-,4.65,AUD
271928,2024-01-27T13:43:16,2024-01-27,791,31,Online,Credit Card,COUPON0Z9-,15.76,AUD
271932,2024-01-27T01:58:08,2024-01-27,509,35,Online,Credit Card,COUPONZ0-0,12.03,AUD
271965,2024-01-27T00:41:36,2024-01-27,268,46,Online,Afterpay,COUPON09Z0,14.21,AUD
272066,2024-01-27T03:13:31,2024-01-27,146,44,Retail,PayPal,COUPONAAZ0,8.15,AUD
272099,2024-01-27T13:01:44,2024-01-27,529,10,Online,Afterpay,COUPONA9AZ,0.5,AUD
272205,2024-01-27T00:10:38,2024-01-27,134,24,Retail,Afterpay,COUPON---9,12.46,AUD
272241,2024-01-27T15:11:24,2024-01-27,117,48,Retail,PayPal,COUPON--A0,16.94,AUD
272315,2024-01-27T23:02:20,2024-01-27,691,44,Online,PayPal,COUPON0--9,4.17,AUD
272349,2024-01-27T04:07:49,2024-01-27,510,5,Online,Credit Card,COUPON--9-,18.92,AUD
272423,2024-01-27T06:12:31,2024-01-27,486,1,Retail,Afterpay,COUPON9---,2.68,AUD
272557,2024-01-27T07:56:21,2024-01-27,163,30,Retail,PayPal,COUPONA99Z,13.79,AUD
272676,2024-01-27T05:59:59,2024-01-27,243,5,Online,PayPal,COUPON0A0-,17.64,AUD
272891,2024-01-27T10:56:17,2024-01-27,239,34,Online,Afterpay,COUPONA---,16.44,AUD
272896,2024-01-27T06:31:29,2024-01-27,452,15,Online,Afterpay,COUPON--9A,18.23,AUD
272933,2024-01-27T22:52:07,2024-01-27,766,2,Retail,PayPal,COUPON09-A,6.88,AUD
273058,2024-01-27T21:33:23,2024-01-27,158,29,Online,Credit Card,COUPON0--Z,19.14,AUD
273172,2024-01-27T07:51:49,2024-01-27,402,16,Online,PayPal,COUPON-9Z-,18.09,AUD
273450,2024-01-27T15:55:07,2024-01-27,171,29,Retail,Afterpay,COUPONZ9A0,13.22,AUD
273471,2024-01-27T11:09:49,2024-01-27,651,28,Retail,Credit Card,COUPON---Z,12.71,AUD
273478,2024-01-27T12:20:50,2024-01-27,671,40,Online,Credit Card,COUPONZ909,13.93,AUD
273486,2024-01-27T01:32:31,2024-01-27,43,45,Retail,PayPal,COUPON99-Z,2.05,AUD
273525,2024-01-27T20:17:04,2024-01-27,188,27,Retail,Afterpay,COUPONZ0-A,17.03,AUD
273681,2024-01-27T08:35:40,2024-01-27,525,2,Retail,Credit Card,COUPONAA9Z,12.0,AUD
273743,2024-01-27T06:48:29,2024-01-27,193,5,Online,Credit Card,COUPON9-A-,5.95,AUD
273944,2024-01-27T16:36:43,2024-01-27,152,34,Retail,PayPal,COUPONA9A0,17.94,AUD
274016,2024-01-27T04:40:05,2024-01-27,392,19,Retail,Afterpay,COUPON9Z--,17.92,AUD
274081,2024-01-27T20:46:15,2024-01-27,791,15,Retail,Credit Card,COUPONA90A,13.31,AUD
274218,2024-01-27T11:11:25,2024-01-27,182,38,Online,Credit Card,COUPON-A0Z,5.41,AUD
274237,2024-01-27T02:11:19,2024-01-27,340,45,Online,PayPal,COUPONZ0-0,10.75,AUD
274254,2024-01-27T04:37:31,2024-01-27,171,24,Online,PayPal,COUPON09-Z,14.93,AUD
274430,2024-01-27T19:22:44,2024-01-27,320,15,Online,PayPal,COUPON---0,9.63,AUD
274445,2024-01-27T04:51:08,2024-01-27,198,42,Online,Credit Card,COUPON--0Z,7.87,AUD
274552,2024-01-27T04:45:11,2024-01-27,473,11,Retail,Afterpay,COUPONA9ZZ,18.75,AUD
274585,2024-01-27T14:01:24,2024-01-27,754,36,Retail,PayPal,COUPON99-9,6.55,AUD
274587,2024-01-27T11:14:17,2024-01-27,436,34,Online,Afterpay,COUPONZ9Z0,2.35,AUD
274625,2024-01-27T19:49:13,2024-01-27,571,47,Retail,Afterpay,COUPONZ--Z,2.89,AUD
274756,2024-01-27T21:56:05,2024-01-27,154,21,Online,Credit Card,COUPON--Z-,16.73,AUD
274798,2024-01-27T06:44:54,2024-01-27,488,10,Online,Credit Card,COUPONZZ00,5.92,AUD
274909,2024-01-27T18:32:08,2024-01-27,702,39,Online,Afterpay,COUPONA-A9,1.1,AUD
274934,2024-01-27T12:14:21,2024-01-27,327,47,Online,Credit Card,COUPON-00-,4.78,AUD
275059,2024-01-27T04:43:10,2024-01-27,556,41,Online,Afterpay,COUPON00ZA,15.87,AUD
275078,2024-01-27T15:19:52,2024-01-27,233,21,Online,PayPal,COUPON0AAA,7.41,AUD
275346,2024-01-27T01:13:53,2024-01-27,654,23,Retail,PayPal,COUPONA-0-,6.29,AUD
275365,2024-01-27T01:32:40,2024-01-27,103,48,Retail,Afterpay,COUPON90A-,10.87,AUD
275622,2024-01-27T12:48:34,2024-01-27,799,26,Online,Credit Card,COUPON00--,12.17,AUD
275663,2024-01-27T03:08:43,2024-01-27,384,46,Retail,Credit Card,COUPON-A9Z,10.92,AUD
275673,2024-01-27T11:08:09,2024-01-27,591,18,Online,Afterpay,COUPONA-0-,2.75,AUD
275685,2024-01-27T06:13:01,2024-01-27,619,31,Online,Credit Card,COUPON--A-,6.82,AUD
275980,2024-01-27T20:07:41,2024-01-27,263,30,Online,Credit Card,COUPON-00-,12.74,AUD
276133,2024-01-27T01:49:17,2024-01-27,708,42,Online,Afterpay,COUPONA0A0,13.8,AUD
276154,2024-01-27T00:51:27,2024-01-27,471,21,Online,PayPal,COUPON9ZZ-,0.74,AUD
276206,2024-01-27T10:44:27,2024-01-27,257,19,Online,Afterpay,COUPON0-AZ,3.09,AUD
276314,2024-01-27T16:34:49,2024-01-27,552,16,Online,Afterpay,COUPONZ-0Z,8.92,AUD
276451,2024-01-27T07:08:44,2024-01-27,583,24,Retail,Credit Card,COUPONA-90,17.3,AUD
276510,2024-01-27T13:04:47,2024-01-27,319,45,Retail,Afterpay,COUPON9AA0,19.59,AUD
276622,2024-01-27T20:27:50,2024-01-27,592,46,Retail,PayPal,COUPON-A-0,12.46,AUD
276817,2024-01-27T13:57:52,2024-01-27,574,35,Online,Credit Card,COUPON9-Z9,9.68,AUD
276859,2024-01-27T00:40:34,2024-01-27,64,44,Online,Afterpay,COUPONZAZ0,17.06,AUD
276920,2024-01-27T01:25:28,2024-01-27,717,26,Retail,Afterpay,COUPON09-Z,1.94,AUD
276966,2024-01-27T08:28:36,2024-01-27,768,43,Retail,Credit Card,COUPONZ9Z0,14.7,AUD
277126,2024-01-27T02:03:08,2024-01-27,289,40,Online,PayPal,COUPON-0A-,7.95,AUD
277167,2024-01-27T08:51:43,2024-01-27,503,41,Online,Credit Card,COUPON-ZA-,16.32,AUD
277343,2024-01-27T08:47:16,2024-01-27,611,5,Retail,Afterpay,COUPONZZ--,2.13,AUD
277351,2024-01-27T06:51:37,2024-01-27,553,7,Online,Afterpay,COUPON--Z9,1.64,AUD
277458,2024-01-27T14:39:09,2024-01-27,723,9,Retail,PayPal,COUPONA-9Z,7.49,AUD
277477,2024-01-27T20:10:03,2024-01-27,261,18,Retail,Credit Card,COUPON---9,5.23,AUD
277638,2024-01-27T01:28:36,2024-01-27,201,41,Retail,Afterpay,COUPONA9-Z,1.41,AUD
277776,2024-01-27T19:40:46,2024-01-27,98,46,Retail,Afterpay,COUPONAZ-0,0.6,AUD
277811,2024-01-27T14:49:45,2024-01-27,315,21,Retail,PayPal,COUPON99Z0,15.31,AUD
277831,2024-01-27T02:56:31,2024-01-27,537,24,Retail,PayPal,COUPON9AAA,1.02,AUD
277914,2024-01-27T01:44:46,2024-01-27,345,45,Online,Credit Card,COUPON90-0,12.63,AUD
277963,2024-01-27T22:09:55,2024-01-27,168,27,Online,Credit Card,COUPON--0-,10.05,AUD
278161,2024-01-27T13:06:58,2024-01-27,309,4,Online,PayPal,COUPONZ0A9,7.41,AUD
278176,2024-01-27T13:01:50,2024-01-27,66,37,Online,PayPal,COUPON9000,4.15,AUD
278182,2024-01-27T02:45:31,2024-01-27,151,43,Retail,Credit Card,COUPON-AA-,13.51,AUD
278191,2024-01-27T19:39:06,2024-01-27,795,43,Retail,Afterpay,COUPONA00-,4.21,AUD
278218,2024-01-27T08:15:23,2024-01-27,145,2,Retail,Credit Card,COUPON99ZZ,11.89,AUD
278317,2024-01-27T06:49:59,2024-01-27,341,29,Retail,Credit Card,COUPONZZA9,1.1,AUD
278318,2024-01-27T19:48:07,2024-01-27,171,41,Retail,PayPal,COUPON990-,13.99,AUD
278351,2024-01-27T02:15:48,2024-01-27,466,27,Online,Credit Card,COUPON0-Z-,11.18,AUD
278405,2024-01-27T22:57:10,2024-01-27,46,28,Retail,PayPal,COUPONZZ-0,15.06,AUD
278479,2024-01-27T20:38:15,2024-01-27,661,24,Online,PayPal,COUPON-90-,12.54,AUD
278748,2024-01-27T20:11:17,2024-01-27,671,38,Online,Credit Card,COUPONA0A0,16.09,AUD
278801,2024-01-27T20:59:36,2024-01-27,701,31,Online,PayPal,COUPONA0-A,11.96,AUD
278924,2024-01-27T13:23:59,2024-01-27,244,26,Online,Afterpay,COUPONZ---,4.06,AUD
279062,2024-01-27T10:51:51,2024-01-27,126,9,Retail,Afterpay,COUPON-Z-9,0.63,AUD
279071,2024-01-27T04:50:31,2024-01-27,19,31,Retail,Afterpay,COUPONA0-9,14.43,AUD
279108,2024-01-27T03:08:16,2024-01-27,562,11,Online,Credit Card,COUPON---9,11.8,AUD
279174,2024-01-27T01:24:27,2024-01-27,618,13,Online,PayPal,COUPON--Z0,0.54,AUD
279297,2024-01-27T00:51:43,2024-01-27,370,3,Retail,PayPal,COUPON99-Z,3.56,AUD
279303,2024-01-27T21:56:37,2024-01-27,425,24,Online,PayPal,COUPON-9--,8.9,AUD
279413,2024-01-27T20:21:57,2024-01-27,637,27,Online,Afterpay,COUPONA-0A,6.75,AUD
279435,2024-01-27T05:41:11,2024-01-27,131,31,Retail,Credit Card,COUPON--00,17.78,AUD
279623,2024-01-27T08:58:23,2024-01-27,152,9,Retail,PayPal,COUPONAZ0-,15.91,AUD
279727,2024-01-27T19:18:23,2024-01-27,586,28,Online,PayPal,COUPONAA0A,16.6,AUD
279784,2024-01-27T15:04:55,2024-01-27,303,37,Online,Credit Card,COUPON-ZA0,12.37,AUD
279833,2024-01-27T23:51:51,2024-01-27,489,49,Retail,Credit Card,COUPON0-AA,7.98,AUD
279848,2024-01-27T06:22:59,2024-01-27,501,29,Retail,Credit Card,COUPON0Z--,12.47,AUD
279905,2024-01-27T04:57:13,2024-01-27,670,24,Online,Afterpay,COUPON-A--,7.78,AUD
280316,2024-01-27T20:00:22,2024-01-27,769,30,Retail,Afterpay,COUPONA00Z,7.74,AUD
280338,2024-01-27T06:42:54,2024-01-27,427,16,Retail,PayPal,COUPON--Z-,19.37,AUD
280364,2024-01-27T02:17:21,2024-01-27,754,4,Retail,PayPal,COUPON-AZ-,2.13,AUD
280387,2024-01-27T13:16:28,2024-01-27,172,40,Online,PayPal,COUPONZZ--,5.08,AUD
280641,2024-01-27T23:29:54,2024-01-27,145,6,Online,Credit Card,COUPON--AZ,3.27,AUD
280656,2024-01-27T12:51:48,2024-01-27,87,9,Online,Afterpay,COUPON-AA-,1.58,AUD
280728,2024-01-27T20:08:03,2024-01-27,627,43,Online,Credit Card,COUPON9Z-9,16.61,AUD
280896,2024-01-27T02:50:45,2024-01-27,643,15,Retail,PayPal,COUPONZ-99,9.24,AUD
280950,2024-01-27T23:18:45,2024-01-27,207,32,Retail,Afterpay,COUPONZ9Z9,16.04,AUD
281016,2024-01-27T15:06:32,2024-01-27,687,1,Online,Afterpay,COUPONZ-ZZ,14.88,AUD
281060,2024-01-27T16:36:39,2024-01-27,547,32,Online,PayPal,COUPON0-99,15.7,AUD
281101,2024-01-27T11:40:59,2024-01-27,569,7,Retail,Credit Card,COUPONA-Z0,19.8,AUD
281199,2024-01-27T20:34:05,2024-01-27,167,19,Retail,PayPal,COUPON0---,13.96,AUD
281201,2024-01-27T12:41:17,2024-01-27,297,9,Retail,Credit Card,COUPONAZ0-,3.69,AUD
281272,2024-01-27T23:24:01,2024-01-27,204,31,Retail,Credit Card,COUPONAZ09,12.95,AUD
281658,2024-01-27T15:45:10,2024-01-27,60,20,Retail,Credit Card,COUPON-0Z0,5.93,AUD
281688,2024-01-27T06:52:57,2024-01-27,557,7,Online,Afterpay,COUPON-ZZ9,6.45,AUD
281791,2024-01-27T09:27:36,2024-01-27,520,10,Retail,PayPal,COUPONAA-Z,7.54,AUD
281878,2024-01-27T10:39:42,2024-01-27,294,12,Online,Afterpay,COUPON0A0-,10.25,AUD
281950,2024-01-27T00:59:11,2024-01-27,508,35,Online,PayPal,COUPONZ-AA,2.78,AUD
282031,2024-01-27T17:38:26,2024-01-27,775,22,Retail,Afterpay,COUPON-A90,8.02,AUD
282193,2024-01-27T10:41:11,2024-01-27,584,36,Retail,Afterpay,COUPONAAZA,12.77,AUD
282560,2024-01-27T09:35:07,2024-01-27,56,33,Online,PayPal,COUPONA9-0,0.89,AUD
282603,2024-01-27T05:56:16,2024-01-27,621,38,Retail,PayPal,COUPONAAZA,12.38,AUD
282705,2024-01-27T05:44:13,2024-01-27,480,18,Online,PayPal,COUPON90-9,3.93,AUD
282805,2024-01-27T06:22:47,2024-01-27,22,36,Online,PayPal,COUPON990-,18.99,AUD
282872,2024-01-27T22:31:14,2024-01-27,500,31,Retail,Afterpay,COUPON0-AZ,4.08,AUD
283021,2024-01-27T18:45:04,2024-01-27,539,41,Retail,Afterpay,COUPONA-0A,10.12,AUD
283056,2024-01-27T04:04:11,2024-01-27,780,16,Retail,Afterpay,COUPON-Z-A,2.58,AUD
283153,2024-01-27T22:25:53,2024-01-27,128,39,Retail,Afterpay,COUPON9AA9,9.92,AUD
283206,2024-01-27T13:51:17,2024-01-27,328,17,Online,Afterpay,COUPONZ9--,7.84,AUD
283245,2024-01-27T22:12:53,2024-01-27,546,18,Retail,Afterpay,COUPONA-99,16.1,AUD
283280,2024-01-27T20:58:50,2024-01-27,449,11,Retail,Afterpay,COUPON9Z9-,18.68,AUD
283370,2024-01-27T01:00:19,2024-01-27,462,27,Retail,Afterpay,COUPON--A-,8.02,AUD
283651,2024-01-27T14:26:22,2024-01-27,32,5,Retail,Credit Card,COUPON900Z,0.6,AUD
283690,2024-01-27T10:35:27,2024-01-27,559,8,Retail,PayPal,COUPONZA09,11.29,AUD
283799,2024-01-27T16:17:54,2024-01-27,44,33,Retail,Credit Card,COUPON9AA9,8.96,AUD
283843,2024-01-27T19:37:30,2024-01-27,607,45,Retail,Afterpay,COUPON-AA0,19.37,AUD
283854,2024-01-27T21:17:31,2024-01-27,792,38,Online,Afterpay,COUPONA---,11.49,AUD
283878,2024-01-27T04:40:31,2024-01-27,460,32,Online,Afterpay,COUPON---A,11.19,AUD
284088,2024-01-27T15:45:22,2024-01-27,515,40,Retail,Credit Card,COUPON99-0,5.37,AUD
284214,2024-01-27T03:24:04,2024-01-27,361,38,Retail,Credit Card,COUPON-A90,5.52,AUD
284417,2024-01-27T11:56:07,2024-01-27,568,6,Retail,PayPal,COUPONZA0-,7.07,AUD
284419,2024-01-27T19:22:24,2024-01-27,298,48,Retail,Afterpay,COUPON0--9,13.03,AUD
284450,2024-01-27T14:59:12,2024-01-27,286,30,Retail,Afterpay,COUPON--0-,7.99,AUD
284556,2024-01-27T04:28:37,2024-01-27,300,24,Online,PayPal,COUPON-Z0-,10.9,AUD
284715,2024-01-27T09:05:53,2024-01-27,495,37,Retail,Credit Card,COUPONZ9Z0,17.95,AUD
284778,2024-01-27T20:30:54,2024-01-27,776,8,Retail,Afterpay,COUPONZ9ZZ,1.59,AUD
284827,2024-01-27T18:47:22,2024-01-27,603,23,Retail,Afterpay,COUPON-9-Z,19.44,AUD
284843,2024-01-27T21:50:07,2024-01-27,436,26,Online,PayPal,COUPON-AZ9,15.46,AUD
284970,2024-01-27T16:21:58,2024-01-27,380,45,Online,Afterpay,COUPON--9-,13.37,AUD
285053,2024-01-27T10:42:50,2024-01-27,51,9,Retail,Afterpay,COUPON-Z9Z,13.07,AUD
285098,2024-01-27T21:54:46,2024-01-27,359,36,Online,PayPal,COUPON90-Z,9.38,AUD
285136,2024-01-27T19:52:29,2024-01-27,607,29,Online,Afterpay,COUPONA9AZ,7.53,AUD
285146,2024-01-27T23:05:08,2024-01-27,779,28,Retail,Credit Card,COUPONA-AZ,11.65,AUD
285238,2024-01-27T12:37:34,2024-01-27,193,7,Retail,PayPal,COUPON-AA0,15.47,AUD
285289,2024-01-27T13:56:56,2024-01-27,98,26,Retail,Credit Card,COUPON9-AA,15.25,AUD
285475,2024-01-27T03:21:14,2024-01-27,596,41,Retail,Credit Card,COUPONZ0-A,4.31,AUD
285670,2024-01-27T19:04:30,2024-01-27,8,3,Online,Afterpay,COUPON-90-,17.81,AUD
285729,2024-01-27T09:55:29,2024-01-27,520,15,Online,Credit Card,COUPON--0A,11.86,AUD
285932,2024-01-27T13:00:47,2024-01-27,772,29,Retail,Credit Card,COUPON0---,9.43,AUD
285941,2024-01-27T21:03:55,2024-01-27,235,35,Online,PayPal,COUPON09--,10.45,AUD
285995,2024-01-27T14:00:43,2024-01-27,787,34,Online,PayPal,COUPONZZ--,1.19,AUD
286039,2024-01-27T09:26:49,2024-01-27,748,33,Retail,Afterpay,COUPON-9-A,12.91,AUD
286225,2024-01-27T23:15:20,2024-01-27,257,45,Online,Credit Card,COUPON-0--,17.53,AUD
286335,2024-01-27T22:10:15,2024-01-27,57,31,Online,Credit Card,COUPON0A99,13.65,AUD
286423,2024-01-27T22:46:10,2024-01-27,205,29,Online,PayPal,COUPON0-ZA,13.87,AUD
286448,2024-01-27T12:21:45,2024-01-27,171,23,Retail,Afterpay,COUPONAA-9,10.0,AUD
286499,2024-01-27T06:39:15,2024-01-27,262,33,Online,PayPal,COUPON-9A-,11.0,AUD
286649,2024-01-27T21:39:49,2024-01-27,74,25,Retail,Afterpay,COUPON0ZA9,0.71,AUD
286848,2024-01-27T02:34:14,2024-01-27,711,6,Online,Afterpay,COUPON00ZA,12.29,AUD
286936,2024-01-27T10:16:36,2024-01-27,247,28,Retail,Credit Card,COUPON9--0,0.91,AUD
287071,2024-01-27T00:54:06,2024-01-27,98,14,Retail,Afterpay,COUPON9--Z,0.41,AUD
287113,2024-01-27T14:46:52,2024-01-27,481,9,Retail,Afterpay,COUPON--0-,12.42,AUD
287117,2024-01-27T16:54:52,2024-01-27,503,45,Online,Afterpay,COUPONZAZ-,5.58,AUD
287194,2024-01-27T16:32:23,2024-01-27,148,25,Retail,PayPal,COUPON9Z--,14.73,AUD
287212,2024-01-27T21:06:51,2024-01-27,214,20,Retail,Credit Card,COUPONZ-0A,8.84,AUD
287469,2024-01-27T22:26:04,2024-01-27,662,28,Online,Credit Card,COUPONAZZ-,4.11,AUD
287531,2024-01-27T20:42:38,2024-01-27,781,23,Retail,PayPal,COUPONZ--9,0.84,AUD
287535,2024-01-27T16:09:07,2024-01-27,306,28,Retail,Credit Card,COUPONZ00Z,0.82,AUD
287762,2024-01-27T04:28:46,2024-01-27,758,9,Retail,Credit Card,COUPONAAA9,1.81,AUD
287856,2024-01-27T04:09:02,2024-01-27,179,14,Retail,PayPal,COUPONZAA9,4.13,AUD
287863,2024-01-27T07:06:54,2024-01-27,681,15,Online,Afterpay,COUPONZ0Z-,5.54,AUD
287921,2024-01-27T08:21:52,2024-01-27,431,25,Online,PayPal,COUPONAZA9,0.9,AUD
288003,2024-01-27T03:33:38,2024-01-27,42,5,Retail,PayPal,COUPON-09A,4.49,AUD
288191,2024-01-27T03:18:03,2024-01-27,10,43,Online,PayPal,COUPON-AZ0,13.48,AUD
288359,2024-01-27T02:22:33,2024-01-27,521,2,Online,Afterpay,COUPON--9-,17.27,AUD
288455,2024-01-27T19:02:32,2024-01-27,266,11,Online,Credit Card,COUPON-0AA,12.02,AUD
288473,2024-01-27T19:24:42,2024-01-27,468,21,Online,Afterpay,COUPON---A,9.86,AUD
288477,2024-01-27T08:18:43,2024-01-27,111,22,Online,Afterpay,COUPON-A-0,18.7,AUD
288487,2024-01-27T15:35:51,2024-01-27,45,13,Online,Credit Card,COUPON-A0-,13.24,AUD
288518,2024-01-27T05:11:52,2024-01-27,476,31,Online,Credit Card,COUPON----,2.42,AUD
288553,2024-01-27T09:19:28,2024-01-27,756,42,Online,Credit Card,COUPONAA-A,4.3,AUD
288609,2024-01-27T21:50:14,2024-01-27,269,31,Online,Credit Card,COUPON0ZA9,12.11,AUD
288652,2024-01-27T14:23:24,2024-01-27,732,17,Online,PayPal,COUPON-A--,13.52,AUD
288662,2024-01-27T19:10:23,2024-01-27,420,12,Retail,Afterpay,COUPON--Z0,5.68,AUD
288785,2024-01-27T08:28:12,2024-01-27,155,16,Online,Afterpay,COUPON9-90,15.13,AUD
288996,2024-01-27T07:44:38,2024-01-27,84,6,Online,PayPal,COUPON0ZZZ,7.67,AUD
289036,2024-01-27T11:30:17,2024-01-27,729,27,Online,Credit Card,COUPONA9--,15.3,AUD
289051,2024-01-27T00:09:24,2024-01-27,710,37,Online,PayPal,COUPON9ZA9,12.93,AUD
289100,2024-01-27T18:40:53,2024-01-27,73,42,Online,Credit Card,COUPON99--,16.26,AUD
289129,2024-01-27T10:52:27,2024-01-27,381,13,Online,Credit Card,COUPONA99A,12.91,AUD
289301,2024-01-27T04:26:38,2024-01-27,648,32,Online,PayPal,COUPONZ-9A,4.29,AUD
289352,2024-01-27T20:42:31,2024-01-27,704,28,Online,Afterpay,COUPON9-00,10.9,AUD
289363,2024-01-27T14:53:20,2024-01-27,525,44,Retail,PayPal,COUPON0A9A,19.52,AUD
289404,2024-01-27T01:12:57,2024-01-27,32,13,Retail,Afterpay,COUPONA-A-,12.58,AUD
289416,2024-01-27T05:53:25,2024-01-27,518,44,Retail,PayPal,COUPON-0-A,12.98,AUD
289438,2024-01-27T03:31:50,2024-01-27,725,45,Online,PayPal,COUPONA-AZ,2.54,AUD
289440,2024-01-27T16:09:40,2024-01-27,763,13,Online,Afterpay,COUPONZ000,6.0,AUD
289463,2024-01-27T21:08:30,2024-01-27,207,47,Online,Afterpay,COUPON-Z9-,7.63,AUD
289587,2024-01-27T21:29:42,2024-01-27,564,21,Online,Afterpay,COUPON-Z90,14.15,AUD
289632,2024-01-27T19:40:02,2024-01-27,89,27,Online,PayPal,COUPON-9-9,1.43,AUD
289654,2024-01-27T18:31:32,2024-01-27,578,28,Online,Credit Card,COUPON9---,6.53,AUD
289664,2024-01-27T04:32:24,2024-01-27,601,20,Retail,PayPal,COUPON99-Z,7.14,AUD
289701,2024-01-27T07:55:01,2024-01-27,492,21,Retail,Credit Card,COUPON-A09,10.51,AUD
289787,2024-01-27T13:55:32,2024-01-27,733,24,Retail,Afterpay,COUPONAA90,2.69,AUD
289796,2024-01-27T21:02:54,2024-01-27,153,32,Retail,PayPal,COUPON-Z--,13.96,AUD
289986,2024-01-27T03:34:23,2024-01-27,340,39,Retail,PayPal,COUPON99A0,0.4,AUD
290080,2024-01-27T01:52:08,2024-01-27,569,20,Online,PayPal,COUPON9-A0,18.62,AUD
290105,2024-01-27T08:19:12,2024-01-27,345,36,Online,PayPal,COUPON-009,1.81,AUD
290282,2024-01-27T03:05:48,2024-01-27,34,17,Retail,Afterpay,COUPON000Z,3.38,AUD
290562,2024-01-27T21:50:16,2024-01-27,312,4,Online,Afterpay,COUPONA09-,2.73,AUD
290568,2024-01-27T06:47:52,2024-01-27,645,25,Retail,Credit Card,COUPONZ-0-,16.42,AUD
290711,2024-01-27T15:25:01,2024-01-27,70,22,Retail,Credit Card,COUPON--AZ,1.34,AUD
290729,2024-01-27T20:18:03,2024-01-27,158,37,Online,PayPal,COUPONZA0-,13.14,AUD
290795,2024-01-27T22:34:03,2024-01-27,756,35,Retail,Credit Card,COUPON-ZZZ,12.45,AUD
290808,2024-01-27T05:06:25,2024-01-27,739,3,Retail,Credit Card,COUPONZ9AA,14.56,AUD
290819,2024-01-27T12:56:46,2024-01-27,304,49,Retail,Credit Card,COUPONZ9Z-,14.83,AUD
290922,2024-01-27T09:09:45,2024-01-27,233,32,Retail,Credit Card,COUPON9-90,13.39,AUD
291055,2024-01-27T14:44:49,2024-01-27,623,46,Retail,Credit Card,COUPON99-A,17.8,AUD
291093,2024-01-27T22:31:51,2024-01-27,600,48,Retail,PayPal,COUPON--00,14.55,AUD
291119,2024-01-27T01:04:16,2024-01-27,509,46,Online,Afterpay,COUPON0-A9,4.13,AUD
291144,2024-01-27T05:54:58,2024-01-27,72,24,Online,PayPal,COUPON90Z9,7.04,AUD
291290,2024-01-27T17:40:46,2024-01-27,580,29,Retail,Afterpay,COUPON-A99,16.25,AUD
291401,2024-01-27T23:04:38,2024-01-27,268,37,Retail,PayPal,COUPONZZZ-,18.08,AUD
291416,2024-01-27T17:21:47,2024-01-27,356,38,Online,Afterpay,COUPON9---,8.93,AUD
291583,2024-01-27T01:10:20,2024-01-27,333,28,Online,Afterpay,COUPONA-0A,19.38,AUD
291644,2024-01-27T14:26:18,2024-01-27,461,33,Online,PayPal,COUPON0AAA,4.54,AUD
292106,2024-01-27T01:46:37,2024-01-27,26,3,Online,Afterpay,COUPON--Z0,5.81,AUD
292176,2024-01-27T03:15:48,2024-01-27,230,49,Retail,Credit Card,COUPON9-AA,11.68,AUD
292177,2024-01-27T15:53:50,2024-01-27,452,37,Online,PayPal,COUPON0-Z-,8.73,AUD
292317,2024-01-27T01:29:05,2024-01-27,746,3,Retail,Credit Card,COUPON-99-,16.26,AUD
292356,2024-01-27T02:26:27,2024-01-27,300,19,Retail,Credit Card,COUPONZA-Z,14.5,AUD
292368,2024-01-27T16:31:59,2024-01-27,161,22,Retail,PayPal,COUPON-AZ9,1.23,AUD
292507,2024-01-27T04:35:55,2024-01-27,486,16,Online,Afterpay,COUPONZ099,12.59,AUD
292535,2024-01-27T03:48:07,2024-01-27,280,4,Online,Credit Card,COUPON0Z-Z,5.29,AUD
292554,2024-01-27T09:20:49,2024-01-27,245,34,Retail,Credit Card,COUPON-90Z,17.05,AUD
292572,2024-01-27T19:00:30,2024-01-27,586,38,Online,Afterpay,COUPON99--,8.3,AUD
292668,2024-01-27T06:48:53,2024-01-27,420,46,Retail,Afterpay,COUPON-90A,8.19,AUD
292809,2024-01-27T04:42:04,2024-01-27,437,26,Retail,PayPal,COUPONAZ-A,19.07,AUD
292935,2024-01-27T06:10:29,2024-01-27,191,48,Online,PayPal,COUPON9A-0,12.81,AUD
293113,2024-01-27T05:43:28,2024-01-27,130,8,Retail,Afterpay,COUPONA0-9,4.31,AUD
293159,2024-01-27T11:29:18,2024-01-27,629,33,Retail,PayPal,COUPONZZ0Z,18.48,AUD
293348,2024-01-27T05:07:38,2024-01-27,421,3,Online,PayPal,COUPON-A0Z,5.64,AUD
293501,2024-01-27T18:55:41,2024-01-27,533,11,Retail,Credit Card,COUPON9A-Z,14.81,AUD
293599,2024-01-27T00:39:56,2024-01-27,203,48,Retail,Afterpay,COUPON0--A,17.09,AUD
293620,2024-01-27T01:23:17,2024-01-27,103,31,Online,PayPal,COUPON000-,14.72,AUD
293624,2024-01-27T04:34:56,2024-01-27,127,6,Online,Afterpay,COUPONZ-0-,14.84,AUD
293636,2024-01-27T08:27:30,2024-01-27,7,13,Retail,PayPal,COUPONA-A-,9.53,AUD
293731,2024-01-27T18:56:51,2024-01-27,232,14,Retail,Credit Card,COUPON-AZ-,13.51,AUD
293787,2024-01-27T06:11:55,2024-01-27,349,45,Online,Afterpay,COUPON--0Z,1.19,AUD
293813,2024-01-27T07:35:47,2024-01-27,243,37,Online,Afterpay,COUPON0-A-,11.27,AUD
293970,2024-01-27T19:59:59,2024-01-27,122,28,Online,PayPal,COUPONA9ZZ,8.58,AUD
294038,2024-01-27T05:49:33,2024-01-27,250,30,Online,Afterpay,COUPON99--,2.3,AUD
294054,2024-01-27T06:14:39,2024-01-27,94,23,Retail,Afterpay,COUPON009-,6.82,AUD
294088,2024-01-27T20:15:35,2024-01-27,71,26,Retail,Afterpay,COUPONA999,8.96,AUD
294143,2024-01-27T05:10:54,2024-01-27,755,3,Retail,Afterpay,COUPON-A-0,11.15,AUD
294195,2024-01-27T14:10:27,2024-01-27,734,5,Online,PayPal,COUPONA--A,18.21,AUD
294325,2024-01-27T17:35:57,2024-01-27,539,46,Online,Credit Card,COUPON0-AZ,12.43,AUD
294382,2024-01-27T16:41:38,2024-01-27,157,28,Online,Afterpay,COUPON9-0Z,14.54,AUD
294495,2024-01-27T05:34:01,2024-01-27,401,38,Retail,Afterpay,COUPONZ9-9,4.82,AUD
294497,2024-01-27T15:13:20,2024-01-27,210,23,Online,Credit Card,COUPON-9AZ,8.79,AUD
294540,2024-01-27T12:51:16,2024-01-27,110,36,Retail,PayPal,COUPON--9-,4.04,AUD
294578,2024-01-27T04:09:26,2024-01-27,349,32,Online,Afterpay,COUPONZ-9Z,2.18,AUD
294724,2024-01-27T18:35:11,2024-01-27,756,28,Retail,Credit Card,COUPON---Z,4.32,AUD
294802,2024-01-27T07:30:00,2024-01-27,676,37,Retail,Afterpay,COUPON-Z-0,4.56,AUD
294885,2024-01-27T10:42:56,2024-01-27,251,15,Retail,PayPal,COUPON0AA-,15.73,AUD
294940,2024-01-27T03:22:05,2024-01-27,357,38,Online,Credit Card,COUPON0--Z,19.1,AUD
294944,2024-01-27T05:37:37,2024-01-27,701,18,Retail,Credit Card,COUPON-Z0A,17.14,AUD
294981,2024-01-27T08:34:31,2024-01-27,90,9,Online,PayPal,COUPONZAAA,11.59,AUD
295086,2024-01-27T02:34:49,2024-01-27,487,18,Retail,Credit Card,COUPONA000,3.7,AUD
295350,2024-01-27T15:42:52,2024-01-27,136,9,Online,Afterpay,COUPONZ-Z0,12.22,AUD
295373,2024-01-27T08:34:40,2024-01-27,276,4,Online,Afterpay,COUPONA0Z-,11.74,AUD
295446,2024-01-27T12:10:41,2024-01-27,569,16,Retail,Afterpay,COUPONZA--,9.34,AUD
295528,2024-01-27T19:33:16,2024-01-27,226,42,Online,Afterpay,COUPON9---,12.8,AUD
295669,2024-01-27T14:33:59,2024-01-27,723,46,Online,Credit Card,COUPON09-A,19.39,AUD
295710,2024-01-27T21:43:15,2024-01-27,417,42,Online,Afterpay,COUPON-09-,9.21,AUD
295760,2024-01-27T08:34:46,2024-01-27,119,28,Online,Credit Card,COUPON--A0,11.33,AUD
295791,2024-01-27T10:25:34,2024-01-27,91,33,Online,Credit Card,COUPON9-9A,18.97,AUD
295799,2024-01-27T02:09:26,2024-01-27,783,25,Retail,Credit Card,COUPON9AA9,13.43,AUD
295897,2024-01-27T13:29:49,2024-01-27,459,25,Retail,Afterpay,COUPON099-,16.84,AUD
295959,2024-01-27T03:02:50,2024-01-27,30,6,Online,Afterpay,COUPONZ9ZA,1.1,AUD
296010,2024-01-27T02:52:39,2024-01-27,697,28,Retail,PayPal,COUPON--Z-,6.64,AUD
296036,2024-01-27T00:08:12,2024-01-27,152,17,Online,Afterpay,COUPON-99A,9.05,AUD
296102,2024-01-27T22:38:41,2024-01-27,467,22,Retail,PayPal,COUPON--9-,19.5,AUD
296267,2024-01-27T03:18:35,2024-01-27,176,45,Online,Credit Card,COUPON-Z0-,19.87,AUD
296284,2024-01-27T14:33:28,2024-01-27,29,13,Retail,Credit Card,COUPON099Z,8.12,AUD
296420,2024-01-27T19:16:15,2024-01-27,696,30,Retail,Credit Card,COUPONAZ0-,19.44,AUD
296481,2024-01-27T13:51:35,2024-01-27,590,23,Online,Credit Card,COUPONA0-0,8.63,AUD
296602,2024-01-27T23:43:44,2024-01-27,579,30,Retail,Credit Card,COUPON-A00,17.36,AUD
296738,2024-01-27T00:41:12,2024-01-27,799,9,Online,Credit Card,COUPON-9-9,18.19,AUD
296936,2024-01-27T11:02:23,2024-01-27,397,21,Online,Afterpay,COUPON9-0A,14.4,AUD
297001,2024-01-27T07:12:56,2024-01-27,562,36,Retail,Afterpay,COUPONZ9-9,10.26,AUD
297067,2024-01-27T23:22:43,2024-01-27,569,35,Online,PayPal,COUPON-AZ-,16.76,AUD
297374,2024-01-27T10:00:55,2024-01-27,395,3,Online,PayPal,COUPON--09,11.96,AUD
297381,2024-01-27T00:05:45,2024-01-27,531,21,Online,PayPal,COUPON00Z-,13.23,AUD
297489,2024-01-27T06:01:06,2024-01-27,792,38,Retail,Afterpay,COUPON0-9-,12.63,AUD
297490,2024-01-27T17:28:19,2024-01-27,442,40,Retail,PayPal,COUPONA09-,10.62,AUD
297499,2024-01-27T04:58:27,2024-01-27,761,35,Online,Credit Card,COUPON9AAZ,16.51,AUD
297669,2024-01-27T05:50:11,2024-01-27,21,23,Online,Credit Card,COUPON0AZ9,14.41,AUD
297739,2024-01-27T10:52:50,2024-01-27,498,35,Retail,Credit Card,COUPONZ-Z-,5.87,AUD
297762,2024-01-27T20:25:51,2024-01-27,675,21,Online,Afterpay,COUPONAAA9,11.49,AUD
297814,2024-01-27T11:45:01,2024-01-27,191,45,Online,Afterpay,COUPON9--Z,3.84,AUD
297860,2024-01-27T15:40:40,2024-01-27,587,43,Online,Afterpay,COUPONA09-,15.5,AUD
298174,2024-01-27T23:02:00,2024-01-27,614,2,Retail,Afterpay,COUPON-Z-9,11.39,AUD
298298,2024-01-27T06:26:41,2024-01-27,342,41,Online,PayPal,COUPON-Z9A,17.74,AUD
298370,2024-01-27T10:46:22,2024-01-27,506,36,Retail,Credit Card,COUPON0AAA,17.38,AUD
298391,2024-01-27T16:03:50,2024-01-27,667,14,Online,Credit Card,COUPON-Z00,16.16,AUD
298586,2024-01-27T09:06:34,2024-01-27,242,47,Online,Afterpay,COUPON--A-,18.74,AUD
298711,2024-01-27T05:37:28,2024-01-27,376,7,Retail,Credit Card,COUPON9AA0,13.94,AUD
298725,2024-01-27T10:27:56,2024-01-27,481,19,Retail,Afterpay,COUPON9-A9,18.32,AUD
298758,2024-01-27T00:21:29,2024-01-27,112,3,Online,Afterpay,COUPON-0ZA,10.54,AUD
298780,2024-01-27T11:14:38,2024-01-27,274,6,Retail,Credit Card,COUPONZ-0Z,7.94,AUD
298875,2024-01-27T03:45:26,2024-01-27,155,36,Online,Credit Card,COUPONA-A-,14.96,AUD
299026,2024-01-27T09:03:39,2024-01-27,75,29,Retail,PayPal,COUPONZ99A,1.52,AUD
299093,2024-01-27T14:40:14,2024-01-27,429,24,Retail,Credit Card,COUPON-Z0Z,8.62,AUD
299212,2024-01-27T18:24:20,2024-01-27,554,2,Retail,Credit Card,COUPON90-0,11.52,AUD
299222,2024-01-27T17:14:46,2024-01-27,632,28,Retail,Afterpay,COUPON9ZZ-,12.51,AUD
299300,2024-01-27T23:49:20,2024-01-27,262,8,Online,Afterpay,COUPON--ZA,4.78,AUD
299305,2024-01-27T03:17:33,2024-01-27,50,17,Online,Afterpay,COUPON-A00,19.03,AUD
299397,2024-01-27T11:21:06,2024-01-27,82,2,Online,Credit Card,COUPON-9A9,17.93,AUD
299420,2024-01-27T15:35:11,2024-01-27,346,12,Retail,Afterpay,COUPONA000,6.2,AUD
299481,2024-01-27T07:08:33,2024-01-27,762,5,Online,PayPal,COUPONA9A-,10.29,AUD
299646,2024-01-27T22:05:07,2024-01-27,679,32,Retail,PayPal,COUPON--9Z,2.63,AUD
299694,2024-01-27T10:47:21,2024-01-27,46,35,Online,Afterpay,COUPON0999,7.28,AUD
299770,2024-01-27T15:49:09,2024-01-27,73,25,Retail,Afterpay,COUPON0999,4.43,AUD
299851,2024-01-27T10:24:33,2024-01-27,581,9,Retail,Credit Card,COUPON0AZA,15.04,AUD
299933,2024-01-27T16:45:20,2024-01-27,572,12,Online,Afterpay,COUPONZZZZ,3.53,AUD
299962,2024-01-27T06:20:15,2024-01-27,94,14,Online,Afterpay,COUPONZ-9-,2.12,AUD
299994,2024-01-27T06:06:55,2024-01-27,536,21,Retail,Credit Card,COUPON-Z09,9.78,AUD
300124,2024-01-27T02:52:27,2024-01-27,322,12,Retail,Afterpay,COUPON9AAZ,13.13,AUD
300210,2024-01-27T12:44:35,2024-01-27,118,23,Retail,Credit Card,COUPONZ--9,4.22,AUD
300370,2024-01-27T02:27:02,2024-01-27,381,21,Online,Credit Card,COUPONA9-A,1.28,AUD
300384,2024-01-27T12:19:56,2024-01-27,364,49,Retail,Credit Card,COUPON9-A-,7.99,AUD
300450,2024-01-27T08:43:04,2024-01-27,691,26,Online,PayPal,COUPONZ00A,15.78,AUD
300554,2024-01-27T03:11:38,2024-01-27,97,41,Retail,Credit Card,COUPON-0-Z,1.91,AUD
300574,2024-01-27T11:55:50,2024-01-27,106,35,Online,Afterpay,COUPONZA09,10.19,AUD
300587,2024-01-27T23:31:08,2024-01-27,378,10,Online,Afterpay,COUPON900-,18.55,AUD
300696,2024-01-27T02:35:23,2024-01-27,623,8,Online,PayPal,COUPON0-Z-,16.96,AUD
300703,2024-01-27T06:14:08,2024-01-27,103,7,Retail,Credit Card,COUPON9-Z0,1.6,AUD
300715,2024-01-27T10:51:26,2024-01-27,612,28,Online,Credit Card,COUPON0--A,6.6,AUD
300869,2024-01-27T03:08:47,2024-01-27,308,14,Retail,PayPal,COUPON---Z,15.17,AUD
301062,2024-01-27T13:52:41,2024-01-27,253,26,Online,Afterpay,COUPONAAA-,0.93,AUD
301107,2024-01-27T19:25:55,2024-01-27,677,30,Retail,Afterpay,COUPON09--,11.48,AUD
301123,2024-01-27T13:06:35,2024-01-27,352,47,Retail,PayPal,COUPONZ-A0,14.75,AUD
301154,2024-01-27T07:38:26,2024-01-27,627,47,Online,Afterpay,COUPON-Z-A,13.77,AUD
301260,2024-01-27T08:30:21,2024-01-27,515,1,Online,Credit Card,COUPON99A9,6.51,AUD
301436,2024-01-27T12:36:36,2024-01-27,481,5,Retail,Credit Card,COUPON--0-,5.71,AUD
301488,2024-01-27T06:47:33,2024-01-27,737,20,Retail,PayPal,COUPON-9-9,0.21,AUD
301527,2024-01-27T04:40:16,2024-01-27,65,33,Retail,Afterpay,COUPONAZAZ,16.88,AUD
301599,2024-01-27T11:21:09,2024-01-27,227,18,Online,Afterpay,COUPON--A-,14.46,AUD
301690,2024-01-27T06:33:59,2024-01-27,276,23,Retail,PayPal,COUPONA09-,14.83,AUD
301712,2024-01-27T23:30:17,2024-01-27,21,2,Online,Afterpay,COUPONZ09Z,17.35,AUD
301725,2024-01-27T18:23:13,2024-01-27,758,46,Online,PayPal,COUPON9A--,4.44,AUD
302190,2024-01-27T22:24:30,2024-01-27,30,44,Retail,Credit Card,COUPON--9-,7.81,AUD
302361,2024-01-27T07:19:20,2024-01-27,623,8,Online,PayPal,COUPONZAA9,1.94,AUD
302621,2024-01-27T05:38:45,2024-01-27,376,9,Online,Credit Card,COUPON0ZZZ,4.79,AUD
302638,2024-01-27T15:33:21,2024-01-27,550,15,Online,Afterpay,COUPON-0-Z,12.96,AUD
302640,2024-01-27T06:49:39,2024-01-27,525,33,Retail,Credit Card,COUPON9900,3.66,AUD
302683,2024-01-27T23:51:10,2024-01-27,346,26,Retail,Credit Card,COUPONZ-Z9,7.84,AUD
302732,2024-01-27T22:56:39,2024-01-27,515,14,Online,Afterpay,COUPON909A,0.87,AUD
302813,2024-01-27T23:43:37,2024-01-27,181,29,Online,Credit Card,COUPONZ-A-,19.23,AUD
302951,2024-01-27T00:50:18,2024-01-27,261,31,Online,Afterpay,COUPON0Z09,8.31,AUD
302958,2024-01-27T01:29:12,2024-01-27,554,3,Online,PayPal,COUPON--9Z,4.0,AUD
303125,2024-01-27T06:53:40,2024-01-27,20,31,Online,PayPal,COUPON-A90,6.56,AUD
303129,2024-01-27T16:12:07,2024-01-27,553,8,Online,Afterpay,COUPON99Z-,14.61,AUD
303131,2024-01-27T13:10:35,2024-01-27,574,8,Retail,Credit Card,COUPON99-0,19.35,AUD
303178,2024-01-27T19:29:43,2024-01-27,530,8,Online,Afterpay,COUPON0009,8.99,AUD
303289,2024-01-27T17:28:52,2024-01-27,676,21,Online,Afterpay,COUPON990-,2.52,AUD
303381,2024-01-27T19:45:49,2024-01-27,750,39,Retail,PayPal,COUPONZ9Z-,0.23,AUD
303412,2024-01-27T06:42:45,2024-01-27,680,1,Online,PayPal,COUPONZZ-0,3.22,AUD
303527,2024-01-27T19:00:39,2024-01-27,670,30,Online,Afterpay,COUPONZZ--,0.14,AUD
303543,2024-01-27T19:15:21,2024-01-27,156,30,Online,PayPal,COUPON0--9,7.84,AUD
303562,2024-01-27T16:11:59,2024-01-27,25,40,Retail,Afterpay,COUPON9-0Z,17.81,AUD
303747,2024-01-27T21:29:54,2024-01-27,452,36,Retail,Afterpay,COUPONZZ-9,4.79,AUD
303822,2024-01-27T08:10:24,2024-01-27,9,31,Online,PayPal,COUPON0999,18.77,AUD
303865,2024-01-27T23:03:34,2024-01-27,583,46,Online,Credit Card,COUPON--Z-,6.17,AUD
303926,2024-01-27T16:53:46,2024-01-27,411,23,Retail,PayPal,COUPON-AA0,11.12,AUD
303952,2024-01-27T01:59:09,2024-01-27,686,38,Online,Afterpay,COUPONZZ9-,15.3,AUD
303980,2024-01-27T23:41:48,2024-01-27,594,4,Online,Credit Card,COUPONAZ9-,1.0,AUD
304079,2024-01-27T21:43:53,2024-01-27,503,18,Retail,Afterpay,COUPON0AA-,9.2,AUD
304192,2024-01-27T06:53:39,2024-01-27,347,46,Online,PayPal,COUPON0ZZ-,16.41,AUD
304223,2024-01-27T07:10:02,2024-01-27,738,15,Retail,PayPal,COUPONA-00,7.96,AUD
304289,2024-01-27T02:49:55,2024-01-27,423,32,Retail,PayPal,COUPON99-0,17.67,AUD
304292,2024-01-27T06:52:58,2024-01-27,716,16,Retail,Afterpay,COUPONAAZ0,7.88,AUD
304341,2024-01-27T03:41:32,2024-01-27,506,46,Retail,PayPal,COUPONZZ0-,8.55,AUD
304479,2024-01-27T07:49:48,2024-01-27,191,16,Retail,PayPal,COUPON90-9,13.47,AUD
304529,2024-01-27T00:12:17,2024-01-27,381,34,Retail,Afterpay,COUPON999-,1.66,AUD
304705,2024-01-27T18:08:23,2024-01-27,274,43,Online,Afterpay,COUPON--A-,1.71,AUD
304919,2024-01-27T18:35:55,2024-01-27,571,1,Retail,Afterpay,COUPON-Z--,0.74,AUD
304970,2024-01-27T16:12:34,2024-01-27,564,3,Retail,PayPal,COUPONZ-90,3.22,AUD
305002,2024-01-27T11:57:11,2024-01-27,397,6,Online,PayPal,COUPON9-09,7.98,AUD
305182,2024-01-27T14:53:45,2024-01-27,107,34,Online,PayPal,COUPONZA90,4.89,AUD
305276,2024-01-27T21:47:13,2024-01-27,39,30,Online,Afterpay,COUPON0A-Z,2.98,AUD
305370,2024-01-27T21:19:12,2024-01-27,71,34,Retail,Credit Card,COUPON-A-9,12.8,AUD
305956,2024-01-27T16:16:47,2024-01-27,343,28,Retail,Afterpay,COUPONA--0,1.79,AUD
306045,2024-01-27T20:11:16,2024-01-27,192,36,Online,PayPal,COUPON-09-,4.29,AUD
306132,2024-01-27T07:43:58,2024-01-27,513,13,Online,PayPal,COUPONAAZA,12.68,AUD
306137,2024-01-27T05:29:24,2024-01-27,431,30,Retail,Afterpay,COUPON0Z90,11.22,AUD
306154,2024-01-27T09:07:58,2024-01-27,355,16,Online,Afterpay,COUPON090A,1.64,AUD
306175,2024-01-27T20:54:28,2024-01-27,710,15,Retail,Afterpay,COUPON-AZ-,17.31,AUD
306239,2024-01-27T15:35:38,2024-01-27,191,29,Retail,Afterpay,COUPON099Z,19.1,AUD
306353,2024-01-27T21:15:55,2024-01-27,427,36,Online,Afterpay,COUPONA---,13.41,AUD
306372,2024-01-27T09:52:58,2024-01-27,212,27,Online,PayPal,COUPON-9--,6.91,AUD
306511,2024-01-27T04:58:15,2024-01-27,26,22,Online,PayPal,COUPON0A--,18.8,AUD
306543,2024-01-27T08:25:54,2024-01-27,194,29,Online,Afterpay,COUPON9-0A,18.86,AUD
306597,2024-01-27T18:56:37,2024-01-27,138,3,Retail,PayPal,COUPONAZ0-,9.39,AUD
306620,2024-01-27T12:59:12,2024-01-27,150,29,Retail,PayPal,COUPON-Z9A,17.25,AUD
306662,2024-01-27T11:57:12,2024-01-27,57,41,Online,Afterpay,COUPON0-ZA,9.49,AUD
306744,2024-01-27T02:47:05,2024-01-27,787,17,Online,PayPal,COUPONZZZ-,6.81,AUD
306748,2024-01-27T20:42:56,2024-01-27,131,47,Retail,Afterpay,COUPONZZ00,17.66,AUD
306784,2024-01-27T14:41:15,2024-01-27,354,43,Retail,Afterpay,COUPONAA0-,18.44,AUD
306797,2024-01-27T16:20:44,2024-01-27,579,40,Retail,Credit Card,COUPON0-9-,13.0,AUD
306875,2024-01-27T13:33:02,2024-01-27,397,19,Online,PayPal,COUPON0AZ0,6.31,AUD
306938,2024-01-27T03:04:37,2024-01-27,522,9,Online,Afterpay,COUPON-9AA,18.78,AUD
307292,2024-01-27T16:38:33,2024-01-27,280,10,Retail,Afterpay,COUPON0---,16.44,AUD
307307,2024-01-27T02:49:28,2024-01-27,474,14,Online,Afterpay,COUPON--00,5.92,AUD
307316,2024-01-27T05:06:11,2024-01-27,757,36,Retail,Afterpay,COUPONA-A9,10.85,AUD
307417,2024-01-27T12:06:09,2024-01-27,257,8,Retail,Afterpay,COUPONA9Z-,5.23,AUD
307606,2024-01-27T19:57:19,2024-01-27,410,12,Retail,PayPal,COUPONZ-0Z,17.95,AUD
307793,2024-01-27T19:12:43,2024-01-27,368,18,Retail,PayPal,COUPONZA--,12.51,AUD
307798,2024-01-27T13:30:44,2024-01-27,613,38,Online,Afterpay,COUPON9000,2.3,AUD
308006,2024-01-27T10:37:53,2024-01-27,481,37,Online,PayPal,COUPON90AZ,7.32,AUD
308043,2024-01-27T05:42:29,2024-01-27,138,48,Retail,PayPal,COUPON0-A-,16.76,AUD
308760,2024-01-27T15:33:16,2024-01-27,673,48,Online,Afterpay,COUPON--A9,9.72,AUD
309014,2024-01-27T01:52:46,2024-01-27,51,44,Retail,PayPal,COUPON----,0.26,AUD
309331,2024-01-27T17:48:28,2024-01-27,172,3,Retail,Afterpay,COUPONZ9Z-,2.75,AUD
309375,2024-01-27T11:46:22,2024-01-27,339,1,Online,Afterpay,COUPON-9ZZ,5.16,AUD
309611,2024-01-27T08:25:30,2024-01-27,22,17,Online,Afterpay,COUPON-ZZ9,11.79,AUD
309654,2024-01-27T10:26:18,2024-01-27,779,16,Retail,Credit Card,COUPONA--0,17.59,AUD
309796,2024-01-27T22:48:33,2024-01-27,532,26,Retail,Afterpay,COUPON-A00,18.62,AUD
309904,2024-01-27T03:47:17,2024-01-27,509,23,Online,PayPal,COUPONA---,2.97,AUD
309933,2024-01-27T17:18:15,2024-01-27,132,20,Retail,PayPal,COUPON9A0-,6.16,AUD
309942,2024-01-27T01:37:59,2024-01-27,753,15,Online,Afterpay,COUPON---9,4.54,AUD
310135,2024-01-27T11:57:28,2024-01-27,326,31,Online,Credit Card,COUPON90Z0,11.42,AUD
310176,2024-01-27T16:54:04,2024-01-27,462,14,Online,Credit Card,COUPONZ-9-,10.41,AUD
310270,2024-01-27T00:04:54,2024-01-27,346,45,Online,Afterpay,COUPON--AZ,12.95,AUD
310335,2024-01-27T08:57:09,2024-01-27,434,25,Retail,Credit Card,COUPONA-AZ,6.19,AUD
310429,2024-01-27T17:38:48,2024-01-27,503,45,Retail,PayPal,COUPON-A99,0.83,AUD
310502,2024-01-27T23:33:08,2024-01-27,8,37,Online,PayPal,COUPONZ9--,9.69,AUD
310524,2024-01-27T00:49:54,2024-01-27,234,9,Online,PayPal,COUPONZ-A-,0.2,AUD
310568,2024-01-27T08:23:16,2024-01-27,380,33,Online,Afterpay,COUPONAA--,0.74,AUD
310688,2024-01-27T15:36:37,2024-01-27,708,19,Online,Afterpay,COUPON90--,11.39,AUD
310710,2024-01-27T17:00:45,2024-01-27,383,11,Online,PayPal,COUPONAZ--,0.34,AUD
310807,2024-01-27T08:22:44,2024-01-27,392,13,Online,Afterpay,COUPON-0-Z,19.56,AUD
310825,2024-01-27T12:07:47,2024-01-27,798,43,Online,Afterpay,COUPON9AZ-,19.9,AUD
310924,2024-01-27T17:22:53,2024-01-27,441,19,Online,Afterpay,COUPON90--,11.0,AUD
310958,2024-01-27T05:08:09,2024-01-27,716,44,Retail,PayPal,COUPONAZAZ,12.86,AUD
310964,2024-01-27T04:54:56,2024-01-27,568,9,Online,Credit Card,COUPONA--0,11.73,AUD
310965,2024-01-27T08:33:35,2024-01-27,278,42,Online,Afterpay,COUPON0-0-,6.27,AUD
311082,2024-01-27T04:15:03,2024-01-27,293,7,Online,Afterpay,COUPON0900,19.97,AUD
311333,2024-01-27T17:40:49,2024-01-27,236,33,Online,PayPal,COUPON-A9A,5.29,AUD
311340,2024-01-27T04:53:56,2024-01-27,123,29,Retail,PayPal,COUPONZA--,12.87,AUD
311363,2024-01-27T10:24:38,2024-01-27,750,23,Online,PayPal,COUPON0--9,15.43,AUD
311796,2024-01-27T00:26:23,2024-01-27,179,46,Retail,Afterpay,COUPON-0A9,8.64,AUD
311993,2024-01-27T00:23:14,2024-01-27,216,47,Online,Afterpay,COUPON0-AZ,19.95,AUD
312009,2024-01-27T20:24:21,2024-01-27,745,48,Retail,Credit Card,COUPONZA--,7.75,AUD
312022,2024-01-27T08:40:46,2024-01-27,703,35,Retail,Afterpay,COUPON09-0,7.68,AUD
312032,2024-01-27T07:39:24,2024-01-27,749,39,Retail,PayPal,COUPON-9--,1.78,AUD
312068,2024-01-27T08:06:21,2024-01-27,235,47,Online,Afterpay,COUPONAZ9Z,18.45,AUD
312199,2024-01-27T22:17:34,2024-01-27,532,12,Online,Afterpay,COUPONAZ--,5.4,AUD
312260,2024-01-27T03:11:53,2024-01-27,435,2,Retail,Afterpay,COUPON00-Z,8.98,AUD
312405,2024-01-27T07:22:31,2024-01-27,740,16,Retail,Afterpay,COUPONZ9A9,9.62,AUD
312409,2024-01-27T13:25:07,2024-01-27,95,11,Retail,Credit Card,COUPON99A9,8.87,AUD
312446,2024-01-27T17:54:40,2024-01-27,540,29,Online,Afterpay,COUPONZZ-A,3.37,AUD
312645,2024-01-27T09:53:03,2024-01-27,152,49,Retail,PayPal,COUPON0Z-0,8.97,AUD
312725,2024-01-27T05:36:24,2024-01-27,111,27,Online,Credit Card,COUPONA0AA,3.87,AUD
312772,2024-01-27T22:42:50,2024-01-27,54,42,Online,Credit Card,COUPONZZ00,16.02,AUD
312777,2024-01-27T19:25:11,2024-01-27,337,1,Online,Credit Card,COUPON0-A-,2.73,AUD
312845,2024-01-27T23:27:21,2024-01-27,733,44,Retail,PayPal,COUPON-9-Z,7.17,AUD
312967,2024-01-27T10:07:50,2024-01-27,657,1,Online,Credit Card,COUPON---A,11.7,AUD
312993,2024-01-27T06:24:51,2024-01-27,725,19,Online,Credit Card,COUPON9A--,11.16,AUD
313113,2024-01-27T03:03:43,2024-01-27,336,4,Online,Credit Card,COUPON0-Z-,1.51,AUD
313250,2024-01-27T21:43:26,2024-01-27,550,15,Online,PayPal,COUPON--A-,7.31,AUD
313277,2024-01-27T01:20:21,2024-01-27,79,30,Retail,Credit Card,COUPON-A-9,10.12,AUD
313288,2024-01-27T12:31:02,2024-01-27,492,13,Online,Afterpay,COUPON-0-Z,17.37,AUD
313371,2024-01-27T21:49:02,2024-01-27,607,45,Online,Credit Card,COUPONAA09,3.35,AUD
313396,2024-01-27T19:10:19,2024-01-27,615,15,Online,Afterpay,COUPON0ZAA,1.5,AUD
313450,2024-01-27T14:19:02,2024-01-27,337,28,Online,Afterpay,COUPON-090,14.89,AUD
313582,2024-01-27T17:13:31,2024-01-27,630,35,Online,Afterpay,COUPON09A-,15.84,AUD
313683,2024-01-27T00:59:45,2024-01-27,710,8,Online,Afterpay,COUPON9Z-A,16.92,AUD
313685,2024-01-27T09:45:38,2024-01-27,4,45,Online,PayPal,COUPON-Z--,13.2,AUD
313972,2024-01-27T18:07:51,2024-01-27,383,38,Retail,Afterpay,COUPON9900,12.63,AUD
313997,2024-01-27T19:42:11,2024-01-27,683,29,Online,Credit Card,COUPON-Z90,2.41,AUD
314095,2024-01-27T00:55:31,2024-01-27,796,42,Retail,Credit Card,COUPONZ-9-,7.26,AUD
314131,2024-01-27T02:15:04,2024-01-27,289,35,Retail,Credit Card,COUPONAZ--,4.51,AUD
314192,2024-01-27T12:19:29,2024-01-27,778,36,Retail,Credit Card,COUPON-A-A,16.67,AUD
314246,2024-01-27T05:08:35,2024-01-27,71,38,Retail,Credit Card,COUPON0-A-,2.95,AUD
314339,2024-01-27T03:25:51,2024-01-27,756,22,Online,Credit Card,COUPON099-,14.98,AUD
314377,2024-01-27T20:39:07,2024-01-27,419,43,Retail,Afterpay,COUPONZAA9,12.43,AUD
314397,2024-01-27T09:04:22,2024-01-27,37,33,Retail,PayPal,COUPON9999,7.6,AUD
314430,2024-01-27T19:04:36,2024-01-27,511,38,Online,Afterpay,COUPON-9A-,17.1,AUD
314463,2024-01-27T00:22:03,2024-01-27,114,2,Online,Afterpay,COUPONAA0A,0.91,AUD
314522,2024-01-27T14:11:39,2024-01-27,34,20,Online,Afterpay,COUPON-9AA,18.84,AUD
314650,2024-01-27T01:57:27,2024-01-27,369,5,Retail,Credit Card,COUPONAZ-Z,3.6,AUD
314819,2024-01-27T14:48:28,2024-01-27,119,13,Online,PayPal,COUPON--9Z,15.74,AUD
314871,2024-01-27T07:55:29,2024-01-27,423,36,Online,Afterpay,COUPONAAA9,3.79,AUD
314913,2024-01-27T20:59:33,2024-01-27,325,39,Online,Afterpay,COUPON0Z-9,8.29,AUD
315138,2024-01-27T23:49:50,2024-01-27,343,32,Retail,PayPal,COUPON0-0-,2.25,AUD
315140,2024-01-27T11:28:35,2024-01-27,316,47,Retail,Afterpay,COUPON9-ZA,0.53,AUD
315288,2024-01-27T01:55:55,2024-01-27,141,4,Retail,Credit Card,COUPON0A9-,16.2,AUD
315336,2024-01-27T23:59:22,2024-01-27,443,48,Online,Afterpay,COUPON---A,9.06,AUD
315536,2024-01-27T15:20:31,2024-01-27,112,15,Retail,Afterpay,COUPON0--0,14.73,AUD
315547,2024-01-27T02:44:18,2024-01-27,228,5,Retail,PayPal,COUPON-Z9-,1.19,AUD
315582,2024-01-27T09:38:13,2024-01-27,641,43,Online,PayPal,COUPON99Z-,3.36,AUD
315664,2024-01-27T08:14:35,2024-01-27,626,6,Online,Credit Card,COUPONZ-ZA,16.01,AUD
316173,2024-01-27T19:31:00,2024-01-27,280,10,Retail,PayPal,COUPON-AA-,11.88,AUD
316183,2024-01-27T12:45:27,2024-01-27,201,42,Online,PayPal,COUPON-9A9,17.37,AUD
316239,2024-01-27T13:59:02,2024-01-27,672,5,Online,PayPal,COUPON00-9,10.15,AUD
316246,2024-01-27T20:57:23,2024-01-27,379,15,Online,Credit Card,COUPON--0A,14.59,AUD
316252,2024-01-27T02:42:02,2024-01-27,738,2,Retail,Afterpay,COUPONAZA9,0.18,AUD
316282,2024-01-27T18:01:20,2024-01-27,792,32,Retail,PayPal,COUPON9A0-,1.55,AUD
316305,2024-01-27T08:30:40,2024-01-27,231,42,Retail,PayPal,COUPONZ-ZA,6.91,AUD
316378,2024-01-27T05:37:59,2024-01-27,513,38,Retail,Credit Card,COUPONZAA-,0.22,AUD
316379,2024-01-27T12:51:16,2024-01-27,12,48,Online,Credit Card,COUPONZ0-Z,5.02,AUD
316652,2024-01-27T13:50:45,2024-01-27,273,37,Online,PayPal,COUPON0-Z0,11.83,AUD
316671,2024-01-27T22:08:08,2024-01-27,711,41,Retail,Afterpay,COUPON-ZZA,3.01,AUD
316714,2024-01-27T01:29:51,2024-01-27,597,38,Online,Credit Card,COUPONZ9-A,18.39,AUD
316760,2024-01-27T09:53:25,2024-01-27,297,45,Online,Credit Card,COUPONAZ9-,2.44,AUD
316812,2024-01-27T07:42:37,2024-01-27,688,11,Retail,Credit Card,COUPON9A0-,8.32,AUD
316820,2024-01-27T20:05:52,2024-01-27,679,43,Online,Afterpay,COUPON9Z9-,11.37,AUD
316836,2024-01-27T19:01:43,2024-01-27,37,37,Online,PayPal,COUPON9A0Z,13.77,AUD
317059,2024-01-27T10:53:38,2024-01-27,387,45,Retail,Afterpay,COUPONA0A-,11.37,AUD
317341,2024-01-27T06:04:58,2024-01-27,332,38,Retail,PayPal,COUPON99Z0,15.59,AUD
317343,2024-01-27T19:17:41,2024-01-27,110,31,Retail,Afterpay,COUPONZ-Z-,19.88,AUD
317454,2024-01-27T10:27:10,2024-01-27,646,18,Retail,Credit Card,COUPONA9-Z,9.29,AUD
317605,2024-01-27T04:42:51,2024-01-27,579,26,Online,PayPal,COUPON---0,1.5,AUD
317700,2024-01-27T00:56:21,2024-01-27,378,42,Retail,PayPal,COUPON-ZA-,17.95,AUD
317751,2024-01-27T10:56:52,2024-01-27,512,8,Retail,PayPal,COUPONZ-99,8.08,AUD
317880,2024-01-27T16:30:43,2024-01-27,419,17,Online,PayPal,COUPON0-99,10.31,AUD
317889,2024-01-27T09:07:17,2024-01-27,498,19,Online,PayPal,COUPON-90A,15.93,AUD
317911,2024-01-27T18:12:46,2024-01-27,723,10,Online,Credit Card,COUPONA9--,9.57,AUD
317980,2024-01-27T14:27:39,2024-01-27,29,35,Retail,PayPal,COUPON-09-,20.0,AUD
318075,2024-01-27T14:14:49,2024-01-27,71,48,Retail,Afterpay,COUPONZ90Z,9.62,AUD
318101,2024-01-27T02:25:07,2024-01-27,775,31,Online,PayPal,COUPON--AZ,6.73,AUD
318314,2024-01-27T13:08:05,2024-01-27,703,35,Online,Afterpay,COUPON9-0A,4.84,AUD
318352,2024-01-27T13:12:08,2024-01-27,732,28,Retail,PayPal,COUPONA9Z-,19.54,AUD
318557,2024-01-27T03:19:51,2024-01-27,785,11,Retail,PayPal,COUPON90AZ,12.37,AUD
318794,2024-01-27T05:19:09,2024-01-27,45,1,Online,Afterpay,COUPONAA99,0.43,AUD
318944,2024-01-27T05:39:28,2024-01-27,655,10,Retail,Credit Card,COUPONZ-AZ,19.32,AUD
318960,2024-01-27T18:15:20,2024-01-27,82,37,Retail,Afterpay,COUPON-Z-0,2.2,AUD
319053,2024-01-27T22:45:20,2024-01-27,39,49,Online,PayPal,COUPON9A-0,15.79,AUD
319267,2024-01-27T21:27:58,2024-01-27,198,21,Retail,PayPal,COUPONZA9Z,7.64,AUD
319345,2024-01-27T04:33:42,2024-01-27,299,10,Retail,PayPal,COUPONZ---,11.76,AUD
319391,2024-01-27T05:19:44,2024-01-27,64,3,Online,Afterpay,COUPON-A9-,3.69,AUD
319430,2024-01-27T16:06:30,2024-01-27,244,45,Retail,Afterpay,COUPON-909,0.18,AUD
319483,2024-01-27T21:08:01,2024-01-27,574,2,Online,PayPal,COUPON99Z-,1.77,AUD
319520,2024-01-27T00:58:01,2024-01-27,310,33,Retail,Credit Card,COUPON9A-9,0.92,AUD
319553,2024-01-27T22:43:16,2024-01-27,488,27,Retail,Credit Card,COUPON0-Z-,9.02,AUD
319598,2024-01-27T05:11:26,2024-01-27,407,4,Online,PayPal,COUPON---0,9.34,AUD
319603,2024-01-27T03:31:07,2024-01-27,335,9,Online,PayPal,COUPON-990,8.25,AUD
319625,2024-01-27T00:15:26,2024-01-27,38,32,Retail,Afterpay,COUPON-99Z,3.22,AUD
319634,2024-01-27T12:53:36,2024-01-27,20,1,Online,Afterpay,COUPONZA-0,11.89,AUD
319663,2024-01-27T21:14:41,2024-01-27,1,32,Retail,Credit Card,COUPON-A--,8.51,AUD
319679,2024-01-27T23:46:12,2024-01-27,510,39,Online,Credit Card,COUPONA99A,19.01,AUD
319698,2024-01-27T02:06:37,2024-01-27,357,39,Online,PayPal,COUPON09Z-,1.1,AUD
319896,2024-01-27T07:40:22,2024-01-27,678,14,Online,Credit Card,COUPONA999,0.21,AUD
319954,2024-01-27T13:43:47,2024-01-27,707,35,Retail,PayPal,COUPON--9-,4.06,AUD
319976,2024-01-27T06:09:18,2024-01-27,395,20,Online,PayPal,COUPON999-,18.79,AUD
320147,2024-01-27T06:36:15,2024-01-27,506,16,Online,PayPal,COUPON0AZA,15.28,AUD
320275,2024-01-27T17:35:01,2024-01-27,702,18,Retail,Afterpay,COUPON-0-0,2.49,AUD
320350,2024-01-27T14:48:55,2024-01-27,781,10,Online,Afterpay,COUPONZ09-,18.11,AUD
320470,2024-01-27T14:06:11,2024-01-27,522,37,Online,Afterpay,COUPON0-AZ,11.15,AUD
320532,2024-01-27T13:47:41,2024-01-27,309,19,Online,PayPal,COUPON-0Z-,6.83,AUD
320562,2024-01-27T02:54:01,2024-01-27,435,11,Online,Credit Card,COUPON-000,17.67,AUD
320605,2024-01-27T09:56:21,2024-01-27,285,43,Online,PayPal,COUPONZ9-0,19.63,AUD
320874,2024-01-27T04:47:33,2024-01-27,746,47,Retail,PayPal,COUPON---A,14.55,AUD
320888,2024-01-27T14:53:44,2024-01-27,300,44,Online,Credit Card,COUPONAAZZ,2.24,AUD
320998,2024-01-27T23:18:51,2024-01-27,628,4,Retail,PayPal,COUPON9ZZA,4.37,AUD
321027,2024-01-27T04:20:15,2024-01-27,92,30,Online,PayPal,COUPON09-Z,16.28,AUD
321141,2024-01-27T02:01:35,2024-01-27,522,7,Retail,Afterpay,COUPON-Z-0,9.5,AUD
321301,2024-01-27T16:40:31,2024-01-27,49,11,Retail,PayPal,COUPONA0ZA,6.92,AUD
321484,2024-01-27T07:05:39,2024-01-27,669,46,Retail,Afterpay,COUPON9-90,18.31,AUD
321574,2024-01-27T14:49:28,2024-01-27,687,17,Online,Credit Card,COUPONA0ZZ,8.97,AUD
321797,2024-01-27T21:42:37,2024-01-27,576,42,Retail,PayPal,COUPON-A9A,2.77,AUD
321806,2024-01-27T04:02:22,2024-01-27,511,40,Retail,PayPal,COUPONZZ-9,6.01,AUD
321819,2024-01-27T14:24:16,2024-01-27,159,32,Online,Afterpay,COUPONA0-9,3.73,AUD
321862,2024-01-27T03:22:02,2024-01-27,226,48,Retail,Afterpay,COUPON-AZA,12.73,AUD
321902,2024-01-27T08:58:53,2024-01-27,297,41,Online,Afterpay,COUPON99Z-,1.37,AUD
322052,2024-01-27T23:23:08,2024-01-27,176,33,Retail,PayPal,COUPONZ0--,10.68,AUD
322183,2024-01-27T03:56:32,2024-01-27,323,2,Retail,PayPal,COUPON0-0A,11.75,AUD
322224,2024-01-27T11:39:48,2024-01-27,698,36,Retail,PayPal,COUPON9Z0Z,5.42,AUD
322229,2024-01-27T21:51:33,2024-01-27,68,20,Online,Afterpay,COUPONZA0-,7.81,AUD
322285,2024-01-27T22:30:12,2024-01-27,589,45,Online,Credit Card,COUPON9ZZ0,14.7,AUD
322383,2024-01-27T17:32:23,2024-01-27,732,30,Online,PayPal,COUPON09--,18.88,AUD
322560,2024-01-27T21:28:08,2024-01-27,343,16,Online,Afterpay,COUPON0-A9,16.96,AUD
322564,2024-01-27T15:58:23,2024-01-27,25,41,Online,PayPal,COUPONA--A,17.96,AUD
322612,2024-01-27T12:27:15,2024-01-27,690,20,Online,Credit Card,COUPON0-A9,6.98,AUD
322711,2024-01-27T05:28:00,2024-01-27,483,17,Retail,Credit Card,COUPONA0--,15.57,AUD
322724,2024-01-27T06:29:31,2024-01-27,554,4,Retail,PayPal,COUPON0Z-9,1.26,AUD
322769,2024-01-27T14:54:58,2024-01-27,80,25,Retail,Afterpay,COUPON-0-A,15.03,AUD
322963,2024-01-27T12:22:19,2024-01-27,495,11,Retail,Afterpay,COUPON0-9Z,9.22,AUD
322967,2024-01-27T22:17:34,2024-01-27,479,11,Online,Afterpay,COUPON-ZAA,17.27,AUD
323068,2024-01-27T11:18:33,2024-01-27,288,8,Retail,Afterpay,COUPONA99-,2.76,AUD
323118,2024-01-27T16:25:03,2024-01-27,295,12,Online,Credit Card,COUPON-9-0,0.9,AUD
323191,2024-01-27T09:10:46,2024-01-27,419,43,Retail,PayPal,COUPONA090,2.17,AUD
323213,2024-01-27T01:23:54,2024-01-27,244,41,Retail,Credit Card,COUPONZ-AA,7.39,AUD
323270,2024-01-27T08:17:43,2024-01-27,312,9,Retail,PayPal,COUPON-ZZ9,7.58,AUD
323545,2024-01-27T16:18:16,2024-01-27,369,36,Retail,Credit Card,COUPONZA0Z,9.63,AUD
323579,2024-01-27T00:12:07,2024-01-27,199,31,Retail,Afterpay,COUPON9Z9-,4.46,AUD
323643,2024-01-27T00:39:35,2024-01-27,68,31,Retail,Afterpay,COUPON00ZA,7.41,AUD
323763,2024-01-27T15:34:40,2024-01-27,303,1,Retail,PayPal,COUPON--A-,8.32,AUD
323797,2024-01-27T02:09:55,2024-01-27,491,47,Retail,PayPal,COUPON-9Z9,2.73,AUD
323869,2024-01-27T02:24:11,2024-01-27,651,42,Retail,Credit Card,COUPON-9ZA,4.49,AUD
323975,2024-01-27T14:06:10,2024-01-27,710,25,Retail,Afterpay,COUPON-ZA-,12.88,AUD
324243,2024-01-27T21:15:15,2024-01-27,2,15,Online,Afterpay,COUPON9--Z,4.6,AUD
324309,2024-01-27T06:19:09,2024-01-27,104,34,Retail,Credit Card,COUPON-A-A,1.57,AUD
324414,2024-01-27T10:04:50,2024-01-27,360,10,Retail,PayPal,COUPON90A-,14.54,AUD
324677,2024-01-27T17:26:22,2024-01-27,130,37,Online,Credit Card,COUPONZ-ZZ,7.63,AUD
324701,2024-01-27T21:29:04,2024-01-27,607,13,Retail,Credit Card,COUPON--0-,15.65,AUD
324806,2024-01-27T22:01:39,2024-01-27,312,38,Online,Credit Card,COUPON9-A9,16.02,AUD
324891,2024-01-27T00:13:06,2024-01-27,135,2,Retail,Credit Card,COUPON-AA-,16.88,AUD
324897,2024-01-27T16:00:49,2024-01-27,505,11,Retail,Afterpay,COUPON0990,6.12,AUD
325077,2024-01-27T16:59:50,2024-01-27,442,44,Retail,PayPal,COUPONZA--,18.4,AUD
325102,2024-01-27T06:33:17,2024-01-27,226,28,Retail,Credit Card,COUPON-ZZ-,16.69,AUD
325268,2024-01-27T16:01:11,2024-01-27,302,6,Retail,PayPal,COUPON99--,11.39,AUD
325285,2024-01-27T22:14:47,2024-01-27,284,49,Online,Afterpay,COUPON-Z--,17.16,AUD
325577,2024-01-27T10:12:40,2024-01-27,272,29,Online,Afterpay,COUPON--9Z,12.23,AUD
325587,2024-01-27T13:52:58,2024-01-27,477,49,Online,Afterpay,COUPON---Z,16.58,AUD
325596,2024-01-27T04:15:37,2024-01-27,557,26,Retail,Afterpay,COUPON-9--,19.3,AUD
325644,2024-01-27T02:05:24,2024-01-27,776,45,Online,PayPal,COUPON9-9A,11.74,AUD
325662,2024-01-27T21:03:57,2024-01-27,658,7,Online,Credit Card,COUPONA-09,17.73,AUD
325687,2024-01-27T08:11:53,2024-01-27,353,22,Retail,Afterpay,COUPON90-A,12.62,AUD
325710,2024-01-27T04:13:44,2024-01-27,480,30,Retail,Credit Card,COUPONZZ90,1.51,AUD
325826,2024-01-27T14:55:51,2024-01-27,740,45,Retail,PayPal,COUPON9AZ-,7.26,AUD
325962,2024-01-27T00:52:47,2024-01-27,552,17,Retail,PayPal,COUPON-9A-,2.78,AUD
326153,2024-01-27T03:48:16,2024-01-27,405,2,Online,PayPal,COUPONZ-09,6.78,AUD
326212,2024-01-27T11:19:50,2024-01-27,724,2,Retail,Credit Card,COUPON-9-A,9.91,AUD
326256,2024-01-27T12:38:18,2024-01-27,485,26,Retail,PayPal,COUPON-Z0Z,2.11,AUD
326266,2024-01-27T16:08:36,2024-01-27,604,34,Online,Afterpay,COUPONA0-0,17.9,AUD
326484,2024-01-27T18:52:49,2024-01-27,482,8,Online,Credit Card,COUPON-ZA9,2.65,AUD
326540,2024-01-27T10:55:07,2024-01-27,696,46,Online,PayPal,COUPON--A0,1.08,AUD
326573,2024-01-27T21:26:42,2024-01-27,730,39,Retail,PayPal,COUPONZ-A-,10.72,AUD
326685,2024-01-27T11:49:45,2024-01-27,132,26,Retail,Credit Card,COUPON9-00,11.79,AUD
326793,2024-01-27T00:20:18,2024-01-27,760,37,Online,Afterpay,COUPONZ0Z0,18.42,AUD
326817,2024-01-27T07:52:56,2024-01-27,683,42,Retail,PayPal,COUPON099A,13.38,AUD
326827,2024-01-27T17:43:27,2024-01-27,336,49,Online,PayPal,COUPON-099,10.49,AUD
326947,2024-01-27T01:41:14,2024-01-27,66,27,Online,Credit Card,COUPONZ0--,2.17,AUD
326949,2024-01-27T18:52:31,2024-01-27,151,25,Retail,PayPal,COUPONA00-,12.49,AUD
327339,2024-01-27T14:38:01,2024-01-27,596,14,Online,Afterpay,COUPON9AA-,15.14,AUD
327398,2024-01-27T07:16:22,2024-01-27,517,13,Retail,Afterpay,COUPONZZ-0,3.47,AUD
327513,2024-01-27T03:14:42,2024-01-27,205,21,Retail,PayPal,COUPON0A0A,6.5,AUD
327544,2024-01-27T01:01:20,2024-01-27,562,13,Online,Afterpay,COUPON--9-,16.77,AUD
327565,2024-01-27T12:15:28,2024-01-27,527,6,Online,Afterpay,COUPON--0-,16.34,AUD
327740,2024-01-27T01:02:03,2024-01-27,104,39,Retail,Afterpay,COUPONZ909,6.03,AUD
327790,2024-01-27T16:15:22,2024-01-27,597,38,Online,Afterpay,COUPON-09Z,11.75,AUD
327824,2024-01-27T20:49:15,2024-01-27,484,45,Online,PayPal,COUPON9-A-,19.76,AUD
327910,2024-01-27T17:47:27,2024-01-27,274,23,Online,PayPal,COUPON-Z9-,11.16,AUD
327992,2024-01-27T12:35:23,2024-01-27,468,5,Online,Afterpay,COUPON9---,15.4,AUD
328049,2024-01-27T01:05:18,2024-01-27,734,33,Online,Credit Card,COUPONA---,12.5,AUD
328112,2024-01-27T07:29:13,2024-01-27,710,39,Online,Credit Card,COUPON-ZZZ,13.51,AUD
328243,2024-01-27T18:25:05,2024-01-27,114,4,Retail,Afterpay,COUPONA099,19.74,AUD
328271,2024-01-27T12:58:16,2024-01-27,125,34,Retail,Credit Card,COUPON--90,0.37,AUD
328356,2024-01-27T16:55:32,2024-01-27,693,5,Retail,Credit Card,COUPON9-A0,19.14,AUD
328503,2024-01-27T05:36:40,2024-01-27,451,14,Online,PayPal,COUPONA99Z,16.42,AUD
328608,2024-01-27T18:28:14,2024-01-27,260,45,Retail,Afterpay,COUPON-A-Z,8.61,AUD
328614,2024-01-27T04:53:22,2024-01-27,398,12,Retail,Credit Card,COUPON--9Z,7.77,AUD
328736,2024-01-27T15:58:41,2024-01-27,786,7,Online,Afterpay,COUPONZ90A,14.81,AUD
328756,2024-01-27T07:07:26,2024-01-27,324,39,Retail,Credit Card,COUPONA---,17.3,AUD
328966,2024-01-27T01:37:15,2024-01-27,568,46,Retail,Afterpay,COUPONAZ0A,5.35,AUD
328973,2024-01-27T15:27:50,2024-01-27,469,41,Retail,Afterpay,COUPON---A,1.83,AUD
328999,2024-01-27T23:25:09,2024-01-27,688,34,Online,Afterpay,COUPON00-0,6.62,AUD
329095,2024-01-27T20:04:50,2024-01-27,74,29,Retail,Credit Card,COUPON0ZA9,9.88,AUD
329138,2024-01-27T13:57:35,2024-01-27,22,42,Retail,Credit Card,COUPON00AZ,0.94,AUD
329168,2024-01-27T04:26:06,2024-01-27,439,22,Online,Afterpay,COUPON90--,13.96,AUD
329244,2024-01-27T04:49:04,2024-01-27,25,6,Retail,Afterpay,COUPONAZ0-,5.47,AUD
329271,2024-01-27T20:32:59,2024-01-27,7,17,Online,Afterpay,COUPONA9Z9,13.91,AUD
329443,2024-01-27T06:17:05,2024-01-27,637,3,Online,PayPal,COUPONZAA-,14.46,AUD
329544,2024-01-27T02:20:45,2024-01-27,370,28,Retail,Credit Card,COUPONZ00-,8.68,AUD
329618,2024-01-27T17:35:12,2024-01-27,686,8,Online,PayPal,COUPONAA-0,19.08,AUD
329711,2024-01-27T15:04:37,2024-01-27,170,21,Online,Credit Card,COUPON90AZ,4.02,AUD
329887,2024-01-27T21:31:00,2024-01-27,509,3,Retail,Credit Card,COUPONZ-AA,12.55,AUD
329893,2024-01-27T23:12:02,2024-01-27,295,32,Retail,Credit Card,COUPON--0-,10.71,AUD
330002,2024-01-27T11:07:09,2024-01-27,538,6,Retail,Afterpay,COUPONZ9AA,9.74,AUD
330012,2024-01-27T13:58:17,2024-01-27,30,16,Retail,Afterpay,COUPON0-A9,14.69,AUD
330113,2024-01-27T09:09:49,2024-01-27,253,28,Online,Afterpay,COUPON-AA-,12.97,AUD
330145,2024-01-27T06:00:36,2024-01-27,1,4,Online,Credit Card,COUPONA9-A,7.24,AUD
330317,2024-01-27T09:53:22,2024-01-27,387,18,Online,Credit Card,COUPONAAZ-,11.8,AUD
330369,2024-01-27T03:02:35,2024-01-27,7,47,Retail,Afterpay,COUPONZZ9Z,5.22,AUD
330462,2024-01-27T08:29:28,2024-01-27,136,15,Retail,Afterpay,COUPONAZZ-,19.42,AUD
330765,2024-01-27T11:01:36,2024-01-27,216,41,Retail,Afterpay,COUPON0A9Z,1.59,AUD
330888,2024-01-27T22:46:58,2024-01-27,480,24,Online,Afterpay,COUPON-9-0,0.82,AUD
330919,2024-01-27T15:31:25,2024-01-27,171,34,Online,Afterpay,COUPONZ0ZZ,11.29,AUD
330955,2024-01-27T21:22:09,2024-01-27,4,23,Online,PayPal,COUPONZ990,5.84,AUD
331067,2024-01-27T03:55:17,2024-01-27,330,18,Retail,PayPal,COUPON990Z,18.27,AUD
331093,2024-01-27T15:39:12,2024-01-27,649,23,Online,Afterpay,COUPONZ99-,13.63,AUD
331225,2024-01-27T06:29:39,2024-01-27,442,42,Retail,Credit Card,COUPON-0Z9,9.19,AUD
331262,2024-01-27T23:40:18,2024-01-27,538,16,Online,Afterpay,COUPONZAZ0,15.46,AUD
331337,2024-01-27T13:35:27,2024-01-27,613,5,Retail,PayPal,COUPONAA0A,19.15,AUD
331352,2024-01-27T01:48:36,2024-01-27,551,36,Retail,PayPal,COUPON9A90,1.75,AUD
331522,2024-01-27T17:04:09,2024-01-27,419,34,Retail,PayPal,COUPON--A-,17.61,AUD
331557,2024-01-27T15:03:30,2024-01-27,304,2,Retail,Credit Card,COUPON-90A,1.29,AUD
331953,2024-01-27T21:29:37,2024-01-27,395,17,Online,PayPal,COUPONA-AZ,12.24,AUD
331990,2024-01-27T00:17:18,2024-01-27,609,32,Retail,PayPal,COUPON99A0,3.63,AUD
331996,2024-01-27T20:46:47,2024-01-27,581,42,Online,Credit Card,COUPON----,16.01,AUD
332005,2024-01-27T04:09:39,2024-01-27,695,8,Online,Credit Card,COUPONAAZ0,9.15,AUD
332321,2024-01-27T21:16:53,2024-01-27,457,17,Online,PayPal,COUPON9-9-,6.24,AUD
332527,2024-01-27T13:11:57,2024-01-27,344,21,Retail,Credit Card,COUPON-9Z0,8.35,AUD
332568,2024-01-27T03:39:28,2024-01-27,366,32,Retail,Afterpay,COUPON0A0A,12.67,AUD
332638,2024-01-27T15:06:30,2024-01-27,725,10,Online,Credit Card,COUPON--99,4.33,AUD
332780,2024-01-27T14:20:28,2024-01-27,477,49,Retail,Credit Card,COUPON00ZA,13.57,AUD
332827,2024-01-27T15:53:43,2024-01-27,470,8,Online,PayPal,COUPON---9,7.2,AUD
332937,2024-01-27T16:27:02,2024-01-27,184,2,Retail,Afterpay,COUPON-0-0,3.22,AUD
333113,2024-01-27T21:38:55,2024-01-27,445,3,Retail,PayPal,COUPON--Z-,6.14,AUD
333306,2024-01-27T17:42:58,2024-01-27,279,23,Retail,PayPal,COUPON9Z9Z,16.3,AUD
333612,2024-01-27T09:58:11,2024-01-27,674,22,Online,Credit Card,COUPON--09,12.49,AUD
333713,2024-01-27T04:24:15,2024-01-27,458,24,Online,Afterpay,COUPON-9--,19.03,AUD
333764,2024-01-27T16:04:51,2024-01-27,8,31,Online,Credit Card,COUPON-0--,5.54,AUD
333789,2024-01-27T21:21:39,2024-01-27,542,25,Retail,Afterpay,COUPON9A9A,0.3,AUD
333972,2024-01-27T00:14:40,2024-01-27,575,35,Online,Credit Card,COUPON-9Z9,19.25,AUD
334092,2024-01-27T16:56:18,2024-01-27,790,2,Retail,Credit Card,COUPON9--A,4.3,AUD
334124,2024-01-27T01:48:31,2024-01-27,591,5,Retail,PayPal,COUPON-Z99,14.44,AUD
334215,2024-01-27T08:17:19,2024-01-27,743,25,Retail,Credit Card,COUPON--9A,11.3,AUD
334283,2024-01-27T19:34:53,2024-01-27,769,35,Online,Afterpay,COUPONAA-A,9.78,AUD
334284,2024-01-27T05:31:36,2024-01-27,131,46,Online,PayPal,COUPONA-Z0,3.18,AUD
334326,2024-01-27T16:12:42,2024-01-27,307,28,Retail,Afterpay,COUPONA-9-,6.1,AUD
334332,2024-01-27T19:31:05,2024-01-27,713,23,Online,Credit Card,COUPONZ--Z,16.51,AUD
334354,2024-01-27T14:40:55,2024-01-27,404,28,Retail,Afterpay,COUPON-A0A,10.97,AUD
334634,2024-01-27T00:28:56,2024-01-27,126,9,Retail,Afterpay,COUPON9--0,9.86,AUD
334679,2024-01-27T09:22:22,2024-01-27,120,31,Online,PayPal,COUPON-9-A,19.55,AUD
334702,2024-01-27T20:42:02,2024-01-27,138,11,Retail,Afterpay,COUPON-9ZA,13.52,AUD
334706,2024-01-27T04:43:50,2024-01-27,64,31,Online,Credit Card,COUPON99Z-,5.1,AUD
334725,2024-01-27T01:38:02,2024-01-27,484,3,Retail,Afterpay,COUPON0--9,11.67,AUD
334782,2024-01-27T20:45:41,2024-01-27,140,26,Online,Credit Card,COUPONZ--9,13.74,AUD
334882,2024-01-27T17:45:57,2024-01-27,483,38,Retail,Afterpay,COUPONA90Z,15.13,AUD
334922,2024-01-27T08:35:38,2024-01-27,700,13,Retail,Afterpay,COUPON-ZZ0,18.54,AUD
335049,2024-01-27T05:22:35,2024-01-27,622,42,Retail,PayPal,COUPON-ZZA,14.05,AUD
335268,2024-01-27T10:01:45,2024-01-27,556,31,Retail,PayPal,COUPON0Z0A,11.47,AUD
335320,2024-01-27T03:57:15,2024-01-27,80,47,Online,Afterpay,COUPON9-A-,5.34,AUD
335358,2024-01-27T06:11:09,2024-01-27,326,30,Online,PayPal,COUPON9Z09,10.07,AUD
335380,2024-01-27T06:21:41,2024-01-27,344,48,Retail,PayPal,COUPON-0A-,16.48,AUD
335504,2024-01-27T03:09:43,2024-01-27,474,25,Retail,Credit Card,COUPON9-0-,6.1,AUD
335565,2024-01-27T19:17:49,2024-01-27,590,36,Online,Afterpay,COUPON-9-0,15.39,AUD
335659,2024-01-27T15:00:58,2024-01-27,642,25,Retail,Credit Card,COUPON-Z-9,5.7,AUD
335958,2024-01-27T11:03:58,2024-01-27,473,29,Online,Credit Card,COUPON00Z-,12.25,AUD
335991,2024-01-27T23:28:16,2024-01-27,433,39,Retail,PayPal,COUPONZ9AA,15.52,AUD
336009,2024-01-27T03:08:20,2024-01-27,751,43,Retail,Credit Card,COUPONZ-Z0,16.24,AUD
336134,2024-01-27T22:22:37,2024-01-27,304,36,Retail,Credit Card,COUPONA-9A,11.52,AUD
336201,2024-01-27T14:25:07,2024-01-27,349,47,Retail,Afterpay,COUPONAZ9-,8.63,AUD
336455,2024-01-27T13:23:19,2024-01-27,749,25,Retail,Afterpay,COUPON9-9A,17.09,AUD
336499,2024-01-27T11:57:14,2024-01-27,227,35,Online,PayPal,COUPONZZ-A,19.7,AUD
336505,2024-01-27T08:18:15,2024-01-27,127,5,Online,PayPal,COUPONA--0,0.66,AUD
336587,2024-01-27T05:05:53,2024-01-27,231,20,Online,Credit Card,COUPONAZ0-,4.31,AUD
336641,2024-01-27T08:42:28,2024-01-27,374,31,Online,PayPal,COUPON99-9,17.45,AUD
336730,2024-01-27T13:07:30,2024-01-27,552,45,Retail,PayPal,COUPON9Z09,18.6,AUD
336825,2024-01-27T06:50:59,2024-01-27,749,43,Online,Afterpay,COUPON--9A,8.95,AUD
336990,2024-01-27T04:59:10,2024-01-27,537,13,Online,Afterpay,COUPON-A9-,19.48,AUD
336998,2024-01-27T16:07:50,2024-01-27,604,43,Retail,PayPal,COUPON0ZAZ,13.1,AUD
337075,2024-01-27T15:47:41,2024-01-27,331,31,Online,Credit Card,COUPON-0-Z,5.54,AUD
337099,2024-01-27T07:53:46,2024-01-27,274,42,Retail,Afterpay,COUPON9990,5.68,AUD
337152,2024-01-27T23:17:46,2024-01-27,758,45,Retail,PayPal,COUPONA90A,13.91,AUD
337182,2024-01-27T03:00:20,2024-01-27,279,10,Online,PayPal,COUPONA--0,2.06,AUD
337299,2024-01-27T01:31:44,2024-01-27,725,45,Online,PayPal,COUPON9ZZ0,3.38,AUD
337318,2024-01-27T05:12:18,2024-01-27,676,29,Online,Afterpay,COUPON00A-,18.77,AUD
337353,2024-01-27T08:01:52,2024-01-27,563,22,Retail,Credit Card,COUPON0-9Z,5.74,AUD
337391,2024-01-27T07:50:33,2024-01-27,32,38,Retail,PayPal,COUPON-AZ0,12.06,AUD
337396,2024-01-27T03:07:42,2024-01-27,146,31,Online,PayPal,COUPON90-9,12.5,AUD
337546,2024-01-27T10:12:11,2024-01-27,793,21,Retail,Credit Card,COUPON----,10.52,AUD
337740,2024-01-27T08:44:39,2024-01-27,451,35,Retail,Afterpay,COUPONZ0AZ,14.97,AUD
337770,2024-01-27T13:03:30,2024-01-27,144,47,Retail,Credit Card,COUPON99ZA,7.15,AUD
337781,2024-01-27T20:01:03,2024-01-27,568,43,Retail,Credit Card,COUPON-9--,18.73,AUD
337922,2024-01-27T13:01:58,2024-01-27,329,7,Online,Afterpay,COUPON-Z9-,3.19,AUD
338043,2024-01-27T16:51:39,2024-01-27,633,24,Online,PayPal,COUPONAA-Z,14.2,AUD
338060,2024-01-27T19:15:04,2024-01-27,448,7,Retail,PayPal,COUPON-9A-,3.94,AUD
338086,2024-01-27T09:15:31,2024-01-27,565,29,Online,PayPal,COUPONAZA0,1.11,AUD
338220,2024-01-27T15:40:35,2024-01-27,718,14,Online,Credit Card,COUPON----,11.63,AUD
338300,2024-01-27T18:38:45,2024-01-27,191,15,Retail,PayPal,COUPON0-ZZ,15.06,AUD
338546,2024-01-27T17:37:31,2024-01-27,431,49,Retail,Afterpay,COUPON--0Z,6.4,AUD
338657,2024-01-27T17:49:06,2024-01-27,72,6,Retail,Afterpay,COUPON0-90,8.65,AUD
338764,2024-01-27T13:34:38,2024-01-27,716,48,Retail,PayPal,COUPONAA-A,1.36,AUD
338843,2024-01-27T13:16:00,2024-01-27,397,15,Retail,PayPal,COUPON-Z0A,11.76,AUD
338916,2024-01-27T13:10:31,2024-01-27,119,29,Online,Afterpay,COUPONA9-Z,2.07,AUD
338964,2024-01-27T09:48:43,2024-01-27,173,2,Retail,Credit Card,COUPONZ9--,0.7,AUD
339028,2024-01-27T17:06:45,2024-01-27,21,45,Retail,PayPal,COUPON-99-,8.65,AUD
339033,2024-01-27T21:46:23,2024-01-27,283,31,Online,Afterpay,COUPON9-90,11.29,AUD
339102,2024-01-27T07:35:19,2024-01-27,177,39,Online,PayPal,COUPON00-0,18.65,AUD
339426,2024-01-27T15:37:15,2024-01-27,408,10,Retail,Afterpay,COUPONZ9ZA,18.5,AUD
339598,2024-01-27T02:20:24,2024-01-27,449,26,Retail,PayPal,COUPON9-ZZ,11.68,AUD
339747,2024-01-27T16:24:12,2024-01-27,452,32,Online,Afterpay,COUPONA-09,6.85,AUD
339813,2024-01-27T15:22:40,2024-01-27,463,36,Retail,Afterpay,COUPONA900,19.93,AUD
339871,2024-01-27T20:07:26,2024-01-27,702,44,Retail,Afterpay,COUPONZ-ZA,3.7,AUD
339914,2024-01-27T16:23:47,2024-01-27,552,3,Retail,PayPal,COUPONZ-0A,1.18,AUD
340091,2024-01-27T15:26:32,2024-01-27,763,4,Online,PayPal,COUPON-9A-,3.0,AUD
340142,2024-01-27T13:58:09,2024-01-27,35,25,Retail,Afterpay,COUPON09Z-,16.52,AUD
340361,2024-01-27T06:33:23,2024-01-27,285,22,Retail,Credit Card,COUPON--90,7.05,AUD
340432,2024-01-27T22:31:01,2024-01-27,355,17,Online,Credit Card,COUPON-0-A,6.51,AUD
340622,2024-01-27T01:44:33,2024-01-27,75,37,Online,Afterpay,COUPON90ZZ,3.81,AUD
340673,2024-01-27T11:21:21,2024-01-27,135,40,Online,Credit Card,COUPON9A9-,4.2,AUD
340681,2024-01-27T05:06:27,2024-01-27,793,2,Retail,PayPal,COUPONZ9--,16.59,AUD
340684,2024-01-27T02:23:04,2024-01-27,428,7,Online,Credit Card,COUPONZZ-9,9.32,AUD
340885,2024-01-27T09:56:24,2024-01-27,331,25,Online,PayPal,COUPON-90Z,1.72,AUD
340894,2024-01-27T06:00:01,2024-01-27,747,36,Online,Afterpay,COUPON9009,2.5,AUD
340915,2024-01-27T13:33:16,2024-01-27,642,19,Online,Afterpay,COUPON9AAA,12.3,AUD
340938,2024-01-27T09:38:44,2024-01-27,110,41,Online,PayPal,COUPONZ--0,19.46,AUD
340941,2024-01-27T20:15:09,2024-01-27,677,31,Retail,Afterpay,COUPON9AZ9,19.32,AUD
340957,2024-01-27T13:21:01,2024-01-27,218,13,Retail,Credit Card,COUPON99-Z,13.1,AUD
341076,2024-01-27T08:43:45,2024-01-27,510,17,Retail,PayPal,COUPON9A99,11.58,AUD
341078,2024-01-27T01:59:12,2024-01-27,320,20,Retail,Afterpay,COUPONZ-09,13.8,AUD
341144,2024-01-27T19:59:23,2024-01-27,530,40,Retail,Afterpay,COUPON99ZZ,1.07,AUD
341172,2024-01-27T16:13:21,2024-01-27,739,30,Online,Afterpay,COUPON9A-0,13.88,AUD
341180,2024-01-27T08:15:19,2024-01-27,206,2,Retail,PayPal,COUPONZZZ9,4.8,AUD
341374,2024-01-27T13:05:20,2024-01-27,788,31,Online,Afterpay,COUPONZZ9-,13.31,AUD
341549,2024-01-27T11:20:31,2024-01-27,767,4,Online,Credit Card,COUPON--Z9,17.84,AUD
341657,2024-01-27T15:42:32,2024-01-27,190,37,Retail,PayPal,COUPON000Z,16.63,AUD
341704,2024-01-27T14:24:49,2024-01-27,635,28,Retail,PayPal,COUPONA--9,14.55,AUD
341894,2024-01-27T07:39:17,2024-01-27,379,12,Retail,PayPal,COUPONA-A0,5.61,AUD
341931,2024-01-27T01:16:43,2024-01-27,647,48,Retail,PayPal,COUPON00Z-,18.93,AUD
341958,2024-01-27T21:18:33,2024-01-27,65,37,Online,Credit Card,COUPON-Z--,14.84,AUD
342162,2024-01-27T01:34:02,2024-01-27,640,43,Online,Credit Card,COUPON-0A-,13.91,AUD
342198,2024-01-27T03:08:42,2024-01-27,358,4,Online,Credit Card,COUPON9Z-A,14.5,AUD
342276,2024-01-27T01:47:12,2024-01-27,708,11,Online,Afterpay,COUPON-90-,5.75,AUD
342525,2024-01-27T05:00:14,2024-01-27,95,31,Online,Credit Card,COUPON-9AA,14.3,AUD
342526,2024-01-27T17:45:49,2024-01-27,430,29,Online,Credit Card,COUPON90ZA,16.25,AUD
342639,2024-01-27T14:55:31,2024-01-27,586,36,Online,Afterpay,COUPONZA--,2.39,AUD
342794,2024-01-27T23:37:58,2024-01-27,765,26,Retail,Credit Card,COUPONZ0Z-,0.62,AUD
342912,2024-01-27T13:57:04,2024-01-27,247,29,Online,PayPal,COUPON9AA9,9.78,AUD
342916,2024-01-27T20:26:09,2024-01-27,605,30,Retail,Credit Card,COUPON9-0Z,13.66,AUD
343293,2024-01-27T08:18:37,2024-01-27,209,46,Retail,Credit Card,COUPON-00-,5.78,AUD
343340,2024-01-27T14:45:22,2024-01-27,603,41,Retail,Credit Card,COUPON9--9,14.39,AUD
343436,2024-01-27T21:10:55,2024-01-27,100,32,Retail,PayPal,COUPONZ90-,12.13,AUD
343492,2024-01-27T23:07:04,2024-01-27,518,13,Retail,PayPal,COUPON-090,13.63,AUD
343581,2024-01-27T20:28:40,2024-01-27,395,3,Online,PayPal,COUPON0Z--,3.65,AUD
343649,2024-01-27T08:04:58,2024-01-27,499,21,Online,PayPal,COUPONAZ--,14.22,AUD
343661,2024-01-27T18:42:45,2024-01-27,127,30,Retail,PayPal,COUPON0Z--,2.66,AUD
344001,2024-01-27T05:57:25,2024-01-27,373,15,Retail,PayPal,COUPON-A90,4.89,AUD
344005,2024-01-27T04:09:11,2024-01-27,157,40,Online,PayPal,COUPON-9Z9,12.36,AUD
344094,2024-01-27T18:02:22,2024-01-27,642,20,Retail,Afterpay,COUPON99-Z,0.68,AUD
344162,2024-01-27T05:32:02,2024-01-27,317,4,Online,Afterpay,COUPON0--9,18.24,AUD
344279,2024-01-27T12:37:31,2024-01-27,701,2,Online,Credit Card,COUPON9-AA,2.04,AUD
344296,2024-01-27T13:14:07,2024-01-27,79,8,Online,Afterpay,COUPONA0--,7.51,AUD
344299,2024-01-27T08:35:12,2024-01-27,774,37,Retail,Afterpay,COUPON-000,13.08,AUD
344306,2024-01-27T19:33:06,2024-01-27,129,24,Retail,Credit Card,COUPON--9A,19.32,AUD
344516,2024-01-27T19:01:55,2024-01-27,513,10,Online,Credit Card,COUPONZ09-,15.85,AUD
344620,2024-01-27T17:39:15,2024-01-27,478,23,Retail,Credit Card,COUPONA900,14.42,AUD
344673,2024-01-27T08:12:22,2024-01-27,163,43,Retail,Afterpay,COUPON0ZZ9,16.29,AUD
344802,2024-01-27T10:22:09,2024-01-27,793,1,Online,Afterpay,COUPON-9Z-,4.85,AUD
344823,2024-01-27T05:29:07,2024-01-27,334,13,Retail,PayPal,COUPON9Z-9,9.22,AUD
344952,2024-01-27T06:09:48,2024-01-27,782,41,Retail,PayPal,COUPONZZ-9,2.61,AUD
344960,2024-01-27T00:46:43,2024-01-27,292,38,Online,Afterpay,COUPON0Z-0,0.03,AUD
345000,2024-01-27T04:40:05,2024-01-27,143,23,Online,Credit Card,COUPON-A9A,14.08,AUD
345028,2024-01-27T06:41:55,2024-01-27,765,29,Retail,Afterpay,COUPON-Z9-,17.26,AUD
345044,2024-01-27T08:28:11,2024-01-27,257,25,Online,PayPal,COUPON-9A9,0.79,AUD
345049,2024-01-27T16:56:36,2024-01-27,542,20,Online,Afterpay,COUPON-ZZ-,13.97,AUD
345052,2024-01-27T07:06:53,2024-01-27,546,11,Online,Credit Card,COUPONA990,16.52,AUD
345585,2024-01-27T12:59:18,2024-01-27,433,47,Online,PayPal,COUPON--Z-,14.47,AUD
345821,2024-01-27T11:01:55,2024-01-27,744,29,Retail,Afterpay,COUPON-Z-Z,4.51,AUD
345912,2024-01-27T05:44:05,2024-01-27,258,45,Online,PayPal,COUPON0-A9,8.38,AUD
345991,2024-01-27T23:31:10,2024-01-27,230,4,Online,Credit Card,COUPON-AAZ,14.7,AUD
346081,2024-01-27T14:43:28,2024-01-27,613,39,Online,PayPal,COUPON----,10.08,AUD
346213,2024-01-27T06:54:40,2024-01-27,28,21,Online,Afterpay,COUPON9-AZ,8.47,AUD
346264,2024-01-27T01:53:58,2024-01-27,515,17,Online,Credit Card,COUPON90Z-,4.21,AUD
346349,2024-01-27T01:27:22,2024-01-27,763,33,Retail,Afterpay,COUPON--ZZ,13.57,AUD
346363,2024-01-27T12:28:42,2024-01-27,124,17,Online,PayPal,COUPON--A-,5.12,AUD
346640,2024-01-27T13:53:29,2024-01-27,487,26,Retail,Credit Card,COUPON0A-A,1.81,AUD
346714,2024-01-27T03:14:57,2024-01-27,739,45,Retail,PayPal,COUPON00--,10.67,AUD
346737,2024-01-27T05:43:31,2024-01-27,676,27,Retail,Afterpay,COUPON00A9,3.8,AUD
346777,2024-01-27T16:45:40,2024-01-27,693,10,Retail,PayPal,COUPON-0-9,6.92,AUD
346883,2024-01-27T10:51:59,2024-01-27,615,17,Online,Credit Card,COUPONA-ZZ,16.02,AUD
346941,2024-01-27T19:57:37,2024-01-27,493,41,Retail,Credit Card,COUPONA0A-,7.24,AUD
346964,2024-01-27T08:32:36,2024-01-27,348,13,Online,Credit Card,COUPONAZ-Z,1.34,AUD
347084,2024-01-27T01:36:27,2024-01-27,42,10,Online,Credit Card,COUPONZA99,5.6,AUD
347214,2024-01-27T10:45:12,2024-01-27,294,25,Online,Credit Card,COUPON00Z-,8.92,AUD
347282,2024-01-27T03:45:01,2024-01-27,582,9,Online,Afterpay,COUPON09-0,8.45,AUD
347451,2024-01-27T05:50:22,2024-01-27,292,43,Retail,Credit Card,COUPON9-0A,12.43,AUD
347480,2024-01-27T06:54:45,2024-01-27,461,34,Retail,Afterpay,COUPON-A-0,5.46,AUD
347520,2024-01-27T01:55:13,2024-01-27,233,12,Online,Afterpay,COUPONZZ--,9.56,AUD
347568,2024-01-27T01:36:45,2024-01-27,646,18,Online,PayPal,COUPON--9-,5.44,AUD
347708,2024-01-27T18:19:26,2024-01-27,305,23,Retail,Afterpay,COUPON9AA9,15.56,AUD
347728,2024-01-27T19:16:31,2024-01-27,78,12,Retail,PayPal,COUPON9A9-,8.85,AUD
347917,2024-01-27T21:32:26,2024-01-27,364,11,Online,Afterpay,COUPON-ZA9,15.89,AUD
347926,2024-01-27T09:24:59,2024-01-27,43,26,Retail,Afterpay,COUPONZ9--,14.34,AUD
347976,2024-01-27T12:03:53,2024-01-27,372,2,Online,PayPal,COUPONAZZ-,1.97,AUD
348240,2024-01-27T16:57:14,2024-01-27,275,9,Online,Credit Card,COUPON990A,10.25,AUD
348345,2024-01-27T16:34:10,2024-01-27,470,42,Online,Credit Card,COUPON0Z9-,0.8,AUD
348622,2024-01-27T12:07:35,2024-01-27,38,48,Retail,Afterpay,COUPONZA-A,16.68,AUD
348684,2024-01-27T11:52:03,2024-01-27,378,6,Online,PayPal,COUPON--ZZ,17.16,AUD
348787,2024-01-27T05:20:25,2024-01-27,455,32,Online,Afterpay,COUPON99AA,9.94,AUD
348851,2024-01-27T19:57:40,2024-01-27,420,45,Online,PayPal,COUPON0A09,13.37,AUD
348973,2024-01-27T13:37:34,2024-01-27,417,49,Retail,Afterpay,COUPON-0-9,3.07,AUD
348981,2024-01-27T09:29:22,2024-01-27,393,48,Online,PayPal,COUPON-A99,8.44,AUD
349124,2024-01-27T23:26:34,2024-01-27,695,16,Online,Credit Card,COUPON090Z,11.49,AUD
349177,2024-01-27T23:15:11,2024-01-27,157,45,Retail,Credit Card,COUPONZZA-,1.95,AUD
349249,2024-01-27T18:29:33,2024-01-27,80,32,Retail,PayPal,COUPON9A--,4.89,AUD
349275,2024-01-27T06:09:35,2024-01-27,182,24,Retail,Afterpay,COUPON9Z0A,4.14,AUD
349284,2024-01-27T23:36:15,2024-01-27,797,14,Retail,Afterpay,COUPON-ZZ0,0.45,AUD
349340,2024-01-27T08:34:18,2024-01-27,673,45,Retail,Credit Card,COUPON0Z--,5.01,AUD
349453,2024-01-27T02:23:56,2024-01-27,131,20,Retail,Credit Card,COUPON00-Z,19.93,AUD
349478,2024-01-27T05:31:04,2024-01-27,219,31,Retail,Afterpay,COUPON90A-,13.45,AUD
349607,2024-01-27T01:41:56,2024-01-27,762,27,Retail,Credit Card,COUPONA9A-,13.83,AUD
349608,2024-01-27T22:21:27,2024-01-27,186,12,Online,Credit Card,COUPONZ---,5.32,AUD
349701,2024-01-27T04:55:01,2024-01-27,688,40,Retail,Credit Card,COUPON9Z--,4.12,AUD
349702,2024-01-27T08:40:01,2024-01-27,705,29,Online,Credit Card,COUPON-0A-,5.72,AUD
349706,2024-01-27T05:09:09,2024-01-27,213,35,Online,Afterpay,COUPON-Z--,11.75,AUD
349784,2024-01-27T09:57:23,2024-01-27,398,31,Retail,Credit Card,COUPON--0-,7.45,AUD
349816,2024-01-27T22:07:45,2024-01-27,321,12,Retail,Afterpay,COUPONA-A-,5.3,AUD
349879,2024-01-27T04:41:41,2024-01-27,352,42,Retail,PayPal,COUPON0-0A,14.76,AUD
349944,2024-01-27T14:26:32,2024-01-27,633,9,Retail,PayPal,COUPONZ90-,2.85,AUD
349987,2024-01-27T03:33:26,2024-01-27,154,21,Online,Credit Card,COUPON-AAA,17.23,AUD
349989,2024-01-27T21:36:00,2024-01-27,795,46,Retail,Credit Card,COUPON9A0Z,10.26,AUD
350200,2024-01-27T21:29:41,2024-01-27,312,25,Retail,Afterpay,COUPON-90-,3.84,AUD
350217,2024-01-27T17:08:15,2024-01-27,344,24,Online,Afterpay,COUPONZ---,4.02,AUD
350328,2024-01-27T07:07:52,2024-01-27,44,42,Online,Credit Card,COUPON0--A,16.36,AUD
350350,2024-01-27T02:27:05,2024-01-27,140,9,Online,Credit Card,COUPONA00Z,6.93,AUD
350413,2024-01-27T20:23:27,2024-01-27,523,32,Retail,PayPal,COUPON--A0,18.26,AUD
350573,2024-01-27T10:23:26,2024-01-27,479,15,Retail,PayPal,COUPON9-AA,0.44,AUD
350806,2024-01-27T17:23:54,2024-01-27,37,22,Retail,Afterpay,COUPON9-Z-,7.51,AUD
350864,2024-01-27T06:22:20,2024-01-27,273,45,Retail,Afterpay,COUPON-00Z,12.23,AUD
350914,2024-01-27T22:25:59,2024-01-27,584,8,Online,Afterpay,COUPONA9AZ,14.6,AUD
350973,2024-01-27T15:34:26,2024-01-27,339,30,Online,Afterpay,COUPON99-A,19.49,AUD
350987,2024-01-27T22:45:13,2024-01-27,544,22,Online,Credit Card,COUPON-ZA9,7.16,AUD
351009,2024-01-27T17:15:19,2024-01-27,429,29,Retail,Credit Card,COUPONA--A,12.55,AUD
351020,2024-01-27T20:50:57,2024-01-27,721,6,Online,Afterpay,COUPON9A-0,0.71,AUD
351060,2024-01-27T07:14:09,2024-01-27,117,42,Retail,PayPal,COUPONZZA0,3.63,AUD
351104,2024-01-27T08:13:02,2024-01-27,62,7,Online,Afterpay,COUPON9Z-Z,11.02,AUD
351119,2024-01-27T06:24:32,2024-01-27,271,29,Retail,Credit Card,COUPON-A-Z,1.67,AUD
351178,2024-01-27T22:15:17,2024-01-27,150,7,Retail,Afterpay,COUPONA-A-,19.19,AUD
351283,2024-01-27T09:07:21,2024-01-27,188,4,Retail,Afterpay,COUPON--90,6.29,AUD
351444,2024-01-27T02:04:25,2024-01-27,246,28,Online,Credit Card,COUPON09A0,3.82,AUD
351934,2024-01-27T00:26:50,2024-01-27,255,21,Online,Afterpay,COUPON099-,12.84,AUD
351937,2024-01-27T07:24:10,2024-01-27,85,9,Retail,Credit Card,COUPONA9A9,6.79,AUD
351976,2024-01-27T18:15:57,2024-01-27,427,1,Online,Afterpay,COUPON-0Z9,19.48,AUD
352092,2024-01-27T16:54:40,2024-01-27,369,33,Retail,Afterpay,COUPON9--A,8.67,AUD
352103,2024-01-27T03:50:01,2024-01-27,675,37,Retail,Afterpay,COUPON9--0,3.81,AUD
352230,2024-01-27T11:50:58,2024-01-27,744,39,Retail,Credit Card,COUPONA00-,11.83,AUD
352288,2024-01-27T05:38:21,2024-01-27,546,20,Retail,Credit Card,COUPON00--,12.09,AUD
352311,2024-01-27T12:16:24,2024-01-27,196,45,Online,Credit Card,COUPON--AZ,13.64,AUD
352433,2024-01-27T06:11:19,2024-01-27,701,22,Online,Afterpay,COUPON90A0,18.82,AUD
352466,2024-01-27T17:52:33,2024-01-27,784,14,Retail,Credit Card,COUPONA00-,13.26,AUD
352507,2024-01-27T15:28:19,2024-01-27,188,48,Online,Afterpay,COUPONZ-ZZ,13.58,AUD
352524,2024-01-27T01:53:25,2024-01-27,568,40,Online,Credit Card,COUPON9A-A,2.42,AUD
352737,2024-01-27T11:04:54,2024-01-27,541,44,Online,Afterpay,COUPON099A,16.48,AUD
352910,2024-01-27T00:15:13,2024-01-27,665,41,Online,Afterpay,COUPON0---,12.11,AUD
352983,2024-01-27T23:49:35,2024-01-27,506,27,Retail,Credit Card,COUPONA9A0,8.55,AUD
353266,2024-01-27T01:34:56,2024-01-27,102,47,Retail,Credit Card,COUPONZ0-0,15.69,AUD
353366,2024-01-27T18:25:12,2024-01-27,794,47,Retail,Afterpay,COUPON9A0Z,4.47,AUD
353650,2024-01-27T01:05:55,2024-01-27,245,18,Retail,Credit Card,COUPON090Z,14.26,AUD
353987,2024-01-27T22:52:53,2024-01-27,152,44,Retail,Afterpay,COUPON-9ZA,10.38,AUD
354133,2024-01-27T21:20:33,2024-01-27,285,29,Retail,PayPal,COUPONZAZ-,2.53,AUD
354177,2024-01-27T20:13:13,2024-01-27,449,28,Retail,PayPal,COUPONA-9A,8.79,AUD
354280,2024-01-27T12:06:58,2024-01-27,223,23,Online,Credit Card,COUPON--99,1.72,AUD
354292,2024-01-27T10:01:42,2024-01-27,264,17,Online,Credit Card,COUPON--A0,5.12,AUD
354405,2024-01-27T06:27:41,2024-01-27,666,10,Online,PayPal,COUPON--9A,14.3,AUD
354487,2024-01-27T04:14:36,2024-01-27,395,26,Online,Credit Card,COUPON09AZ,11.85,AUD
354528,2024-01-27T16:48:44,2024-01-27,584,47,Online,Afterpay,COUPON0999,8.48,AUD
354629,2024-01-27T06:41:21,2024-01-27,137,31,Online,PayPal,COUPON999-,15.01,AUD
354658,2024-01-27T05:25:23,2024-01-27,357,21,Online,Credit Card,COUPON9Z00,7.77,AUD
354667,2024-01-27T05:05:42,2024-01-27,103,8,Online,Afterpay,COUPON99Z0,12.57,AUD
354722,2024-01-27T01:05:18,2024-01-27,393,29,Retail,PayPal,COUPON0Z-Z,11.54,AUD
354747,2024-01-27T13:32:45,2024-01-27,175,11,Retail,Credit Card,COUPON--ZA,16.83,AUD
355134,2024-01-27T03:43:31,2024-01-27,495,26,Retail,Credit Card,COUPON-0Z9,6.53,AUD
355162,2024-01-27T15:08:35,2024-01-27,504,49,Retail,Afterpay,COUPONA0--,19.13,AUD
355192,2024-01-27T02:59:24,2024-01-27,270,14,Retail,Credit Card,COUPONAAZ9,15.23,AUD
355264,2024-01-27T07:36:18,2024-01-27,595,49,Retail,PayPal,COUPON---A,12.13,AUD
355376,2024-01-27T22:45:48,2024-01-27,322,29,Online,PayPal,COUPONZ999,7.59,AUD
355495,2024-01-27T11:35:27,2024-01-27,463,13,Online,PayPal,COUPON9Z--,12.64,AUD
355644,2024-01-27T23:08:09,2024-01-27,765,8,Online,PayPal,COUPON--9-,10.79,AUD
355689,2024-01-27T20:46:20,2024-01-27,690,32,Retail,Afterpay,COUPON9--0,2.45,AUD
355744,2024-01-27T08:21:59,2024-01-27,392,38,Retail,Credit Card,COUPONZZ-0,18.65,AUD
355766,2024-01-27T05:33:27,2024-01-27,487,12,Retail,PayPal,COUPON90-0,9.69,AUD
355827,2024-01-27T06:58:52,2024-01-27,379,21,Online,PayPal,COUPON9-ZA,12.86,AUD
355909,2024-01-27T12:47:11,2024-01-27,454,5,Online,Afterpay,COUPONA--A,19.36,AUD
356229,2024-01-27T03:05:15,2024-01-27,215,47,Retail,PayPal,COUPON0Z-0,5.72,AUD
356238,2024-01-27T20:52:53,2024-01-27,784,47,Retail,Afterpay,COUPON9-Z0,8.39,AUD
356244,2024-01-27T23:26:05,2024-01-27,554,37,Online,Afterpay,COUPON9-0Z,16.76,AUD
356413,2024-01-27T15:20:20,2024-01-27,525,38,Retail,PayPal,COUPON-Z0A,7.64,AUD
356641,2024-01-27T02:37:38,2024-01-27,505,18,Retail,Credit Card,COUPON-0-0,17.9,AUD
356647,2024-01-27T13:07:19,2024-01-27,708,2,Online,Credit Card,COUPON-09A,8.1,AUD
356650,2024-01-27T09:48:30,2024-01-27,302,26,Retail,Afterpay,COUPON0AZ9,1.81,AUD
356666,2024-01-27T20:10:07,2024-01-27,732,17,Retail,PayPal,COUPONZZ--,10.96,AUD
356796,2024-01-27T11:11:00,2024-01-27,431,2,Retail,PayPal,COUPON-Z-A,0.07,AUD
356953,2024-01-27T23:06:13,2024-01-27,456,2,Retail,Credit Card,COUPON-A00,19.04,AUD
357014,2024-01-27T09:39:46,2024-01-27,484,19,Retail,Afterpay,COUPONZ-ZA,14.37,AUD
357120,2024-01-27T06:12:38,2024-01-27,295,17,Online,Credit Card,COUPON9A9Z,10.42,AUD
357351,2024-01-27T21:36:21,2024-01-27,745,9,Retail,Afterpay,COUPON99-Z,6.12,AUD
357467,2024-01-27T22:58:43,2024-01-27,742,5,Retail,Afterpay,COUPON--Z-,11.55,AUD
357630,2024-01-27T19:28:00,2024-01-27,596,41,Online,Afterpay,COUPON900A,16.85,AUD
357656,2024-01-27T12:30:21,2024-01-27,38,1,Retail,Credit Card,COUPONA0--,15.46,AUD
357661,2024-01-27T09:45:19,2024-01-27,366,46,Online,Afterpay,COUPON90Z9,16.91,AUD
357713,2024-01-27T12:26:21,2024-01-27,587,3,Online,Afterpay,COUPON-9-A,19.85,AUD
357849,2024-01-27T13:38:52,2024-01-27,313,37,Retail,Afterpay,COUPON90ZA,10.17,AUD
357889,2024-01-27T21:37:26,2024-01-27,560,22,Retail,Afterpay,COUPON-A0-,8.72,AUD
357969,2024-01-27T13:27:03,2024-01-27,439,20,Online,Afterpay,COUPON-9ZZ,8.18,AUD
358127,2024-01-27T12:38:42,2024-01-27,128,5,Online,Credit Card,COUPON-9A0,9.06,AUD
358332,2024-01-27T22:15:34,2024-01-27,602,36,Online,PayPal,COUPON-Z9A,15.43,AUD
358689,2024-01-27T09:20:13,2024-01-27,739,45,Online,PayPal,COUPON--9Z,7.24,AUD
358932,2024-01-27T06:48:04,2024-01-27,112,47,Online,Credit Card,COUPONZA0-,4.17,AUD
358948,2024-01-27T05:30:18,2024-01-27,370,28,Online,Credit Card,COUPON-A0A,7.74,AUD
358995,2024-01-27T13:10:22,2024-01-27,756,26,Retail,PayPal,COUPON--9Z,4.03,AUD
359116,2024-01-27T11:17:44,2024-01-27,701,20,Online,Credit Card,COUPONA--9,1.9,AUD
359155,2024-01-27T20:08:59,2024-01-27,367,35,Online,Afterpay,COUPON90Z9,14.97,AUD
359796,2024-01-27T22:39:14,2024-01-27,287,31,Online,Credit Card,COUPONZ9--,7.59,AUD
360031,2024-01-27T06:09:40,2024-01-27,35,30,Online,Credit Card,COUPON9--0,16.75,AUD
360156,2024-01-27T18:39:16,2024-01-27,505,8,Online,Afterpay,COUPON999Z,19.31,AUD
360195,2024-01-27T04:08:58,2024-01-27,772,4,Retail,PayPal,COUPON9-Z9,9.14,AUD
360474,2024-01-27T14:09:29,2024-01-27,264,16,Retail,Credit Card,COUPONA9-9,8.96,AUD
360728,2024-01-27T06:53:43,2024-01-27,389,23,Retail,PayPal,COUPONZ00A,0.07,AUD
360930,2024-01-27T15:43:36,2024-01-27,196,44,Online,PayPal,COUPONA90Z,13.96,AUD
361029,2024-01-27T10:47:23,2024-01-27,279,45,Online,Credit Card,COUPON9--0,16.82,AUD
361072,2024-01-27T15:41:48,2024-01-27,196,8,Retail,Afterpay,COUPONA9--,17.39,AUD
361232,2024-01-27T11:39:04,2024-01-27,460,7,Online,PayPal,COUPONZZ0A,10.61,AUD
361274,2024-01-27T23:56:40,2024-01-27,220,6,Online,PayPal,COUPONA-90,0.41,AUD
361425,2024-01-27T02:14:01,2024-01-27,246,13,Retail,PayPal,COUPONZ9A-,18.24,AUD
361583,2024-01-27T13:27:31,2024-01-27,355,7,Retail,Credit Card,COUPON-0AA,11.14,AUD
361656,2024-01-27T21:50:25,2024-01-27,737,32,Online,PayPal,COUPON0ZZ-,15.29,AUD
361769,2024-01-27T01:09:47,2024-01-27,797,43,Retail,Afterpay,COUPON-AZ-,18.32,AUD
361918,2024-01-27T00:22:18,2024-01-27,718,10,Retail,PayPal,COUPON9Z-0,7.39,AUD
361954,2024-01-27T19:47:02,2024-01-27,224,2,Online,Afterpay,COUPON--Z9,14.2,AUD
362014,2024-01-27T16:41:10,2024-01-27,647,14,Online,PayPal,COUPON9099,0.55,AUD
362077,2024-01-27T10:04:08,2024-01-27,105,39,Retail,PayPal,COUPONAZ-A,6.76,AUD
362079,2024-01-27T20:50:09,2024-01-27,667,24,Online,Afterpay,COUPON-ZAZ,13.77,AUD
362084,2024-01-27T06:00:05,2024-01-27,492,39,Online,Afterpay,COUPON9--0,8.26,AUD
362135,2024-01-27T01:53:28,2024-01-27,388,17,Retail,PayPal,COUPON---9,17.45,AUD
362353,2024-01-27T06:15:34,2024-01-27,485,42,Retail,Credit Card,COUPON-A-A,17.33,AUD
362459,2024-01-27T14:21:48,2024-01-27,252,5,Online,Credit Card,COUPON-0Z9,11.8,AUD
362473,2024-01-27T23:01:17,2024-01-27,615,43,Online,PayPal,COUPON-0--,8.25,AUD
362554,2024-01-27T07:11:31,2024-01-27,108,35,Online,Credit Card,COUPON-99-,19.15,AUD
362631,2024-01-27T13:35:00,2024-01-27,196,33,Online,Credit Card,COUPON9-0Z,18.1,AUD
362676,2024-01-27T07:24:27,2024-01-27,556,41,Retail,Afterpay,COUPON09Z0,9.79,AUD
362875,2024-01-27T09:36:00,2024-01-27,92,23,Retail,PayPal,COUPON9--Z,7.96,AUD
362945,2024-01-27T10:09:24,2024-01-27,569,18,Online,Afterpay,COUPONA9A9,16.44,AUD
363080,2024-01-27T22:22:53,2024-01-27,398,19,Online,Afterpay,COUPON---0,17.7,AUD
363407,2024-01-27T06:43:30,2024-01-27,673,10,Retail,Credit Card,COUPONA-Z-,5.68,AUD
363431,2024-01-27T15:11:08,2024-01-27,587,43,Retail,Credit Card,COUPON-A--,7.52,AUD
363463,2024-01-27T09:18:21,2024-01-27,588,2,Online,Afterpay,COUPONZ---,8.09,AUD
363563,2024-01-27T19:27:44,2024-01-27,41,22,Online,Afterpay,COUPON-ZA9,2.55,AUD
363746,2024-01-27T01:39:35,2024-01-27,680,2,Online,PayPal,COUPONZA9-,17.2,AUD
363769,2024-01-27T08:32:05,2024-01-27,62,9,Online,Afterpay,COUPONZ9--,8.38,AUD
363886,2024-01-27T15:58:11,2024-01-27,745,20,Online,PayPal,COUPON0Z-9,1.24,AUD
363947,2024-01-27T15:24:54,2024-01-27,38,47,Online,PayPal,COUPONZ9Z-,0.29,AUD
364087,2024-01-27T22:15:10,2024-01-27,792,45,Retail,Credit Card,COUPONA0ZZ,2.05,AUD
364161,2024-01-27T21:58:01,2024-01-27,657,49,Online,PayPal,COUPON0---,2.36,AUD
364233,2024-01-27T06:53:54,2024-01-27,774,35,Online,Afterpay,COUPON0-A9,2.83,AUD
364292,2024-01-27T02:11:51,2024-01-27,177,45,Retail,Credit Card,COUPON---9,10.23,AUD
364385,2024-01-27T01:42:34,2024-01-27,370,46,Retail,Afterpay,COUPON9-ZZ,15.54,AUD
364513,2024-01-27T05:04:47,2024-01-27,705,29,Retail,Afterpay,COUPONZ9ZA,3.89,AUD
364601,2024-01-27T20:20:12,2024-01-27,46,39,Online,PayPal,COUPONAZ9-,18.12,AUD
364730,2024-01-27T13:41:13,2024-01-27,351,6,Retail,Credit Card,COUPON--9Z,2.59,AUD
364808,2024-01-27T16:48:48,2024-01-27,717,49,Retail,Afterpay,COUPONZ9-9,3.54,AUD
364815,2024-01-27T23:03:41,2024-01-27,233,6,Online,PayPal,COUPON0---,0.68,AUD
364835,2024-01-27T03:44:46,2024-01-27,188,37,Online,Credit Card,COUPON----,12.65,AUD
364924,2024-01-27T18:12:09,2024-01-27,18,23,Retail,PayPal,COUPON0A9-,6.97,AUD
364973,2024-01-27T18:42:47,2024-01-27,210,34,Online,Afterpay,COUPON9Z--,9.78,AUD
364984,2024-01-27T19:19:07,2024-01-27,426,46,Online,PayPal,COUPONA0A-,16.56,AUD
365318,2024-01-27T11:19:47,2024-01-27,285,30,Online,Afterpay,COUPON0-0-,17.91,AUD
365333,2024-01-27T09:05:51,2024-01-27,324,43,Retail,Afterpay,COUPONZZ9-,17.7,AUD
365346,2024-01-27T19:41:30,2024-01-27,476,28,Retail,Afterpay,COUPON---9,14.63,AUD
365525,2024-01-27T16:19:20,2024-01-27,311,8,Retail,Afterpay,COUPONZ-0A,2.43,AUD
365554,2024-01-27T08:39:41,2024-01-27,385,40,Online,Afterpay,COUPON-ZZ-,13.42,AUD
365679,2024-01-27T18:08:09,2024-01-27,298,33,Online,Afterpay,COUPON-99-,6.54,AUD
365688,2024-01-27T19:35:42,2024-01-27,373,46,Retail,PayPal,COUPONA9-Z,19.96,AUD
365732,2024-01-27T18:28:19,2024-01-27,412,44,Online,Afterpay,COUPON--9-,19.38,AUD
365866,2024-01-27T13:48:44,2024-01-27,105,34,Online,PayPal,COUPON0-A-,17.79,AUD
365939,2024-01-27T21:18:51,2024-01-27,223,45,Online,PayPal,COUPONZAA9,14.34,AUD
366007,2024-01-27T18:21:18,2024-01-27,101,20,Retail,Credit Card,COUPON9-Z0,1.02,AUD
366022,2024-01-27T19:01:43,2024-01-27,86,9,Retail,Credit Card,COUPON0-0-,7.63,AUD
366026,2024-01-27T01:51:34,2024-01-27,116,9,Online,Credit Card,COUPON00-Z,10.32,AUD
366161,2024-01-27T06:05:41,2024-01-27,133,7,Retail,PayPal,COUPON-ZAZ,8.49,AUD
366196,2024-01-27T19:57:10,2024-01-27,559,16,Online,Afterpay,COUPONA09A,7.25,AUD
366271,2024-01-27T13:49:26,2024-01-27,204,42,Online,Afterpay,COUPONA09A,4.59,AUD
366277,2024-01-27T23:24:12,2024-01-27,796,7,Retail,Credit Card,COUPON-Z-Z,11.2,AUD
366339,2024-01-27T05:24:00,2024-01-27,651,43,Online,Afterpay,COUPONZ9A-,3.37,AUD
366465,2024-01-27T15:44:34,2024-01-27,189,48,Retail,Credit Card,COUPON--0A,4.49,AUD
366666,2024-01-27T08:19:42,2024-01-27,711,36,Retail,Credit Card,COUPON9-0Z,1.03,AUD
366705,2024-01-27T08:33:13,2024-01-27,75,48,Retail,PayPal,COUPON---0,0.08,AUD
366709,2024-01-27T18:40:10,2024-01-27,639,38,Retail,PayPal,COUPONA--0,12.94,AUD
366795,2024-01-27T17:15:50,2024-01-27,595,1,Online,Credit Card,COUPON-0Z-,10.92,AUD
366852,2024-01-27T06:55:15,2024-01-27,682,10,Retail,PayPal,COUPON9Z-Z,5.79,AUD
367021,2024-01-27T15:11:57,2024-01-27,380,13,Retail,PayPal,COUPON--09,10.2,AUD
367140,2024-01-27T06:04:58,2024-01-27,118,1,Online,PayPal,COUPON-ZA-,11.59,AUD
367187,2024-01-27T05:56:02,2024-01-27,360,34,Retail,Afterpay,COUPON--A-,19.21,AUD
367348,2024-01-27T05:31:06,2024-01-27,663,37,Online,PayPal,COUPON--90,4.98,AUD
367370,2024-01-27T00:47:51,2024-01-27,300,44,Retail,Afterpay,COUPON--99,5.17,AUD
367376,2024-01-27T14:57:16,2024-01-27,341,4,Online,Afterpay,COUPON-0AA,15.78,AUD
367483,2024-01-27T20:05:48,2024-01-27,221,2,Retail,Afterpay,COUPONA-AA,3.92,AUD
367516,2024-01-27T08:00:55,2024-01-27,656,39,Retail,PayPal,COUPON0--9,7.87,AUD
367655,2024-01-27T11:25:00,2024-01-27,29,28,Online,Credit Card,COUPON-A9A,3.17,AUD
367910,2024-01-27T01:14:34,2024-01-27,398,13,Retail,Credit Card,COUPONA0A-,8.65,AUD
367921,2024-01-27T20:03:26,2024-01-27,30,43,Online,Afterpay,COUPON9Z-0,1.04,AUD
367924,2024-01-27T20:15:40,2024-01-27,665,47,Retail,Credit Card,COUPON0-Z9,16.99,AUD
367961,2024-01-27T11:43:46,2024-01-27,637,8,Retail,PayPal,COUPON0AZA,11.86,AUD
368070,2024-01-27T18:43:10,2024-01-27,118,44,Online,Credit Card,COUPON-A--,10.59,AUD
368087,2024-01-27T12:05:22,2024-01-27,764,15,Online,Credit Card,COUPONZZ-Z,16.98,AUD
368094,2024-01-27T19:50:58,2024-01-27,163,17,Retail,PayPal,COUPONA00A,15.05,AUD
368115,2024-01-27T23:04:06,2024-01-27,361,15,Retail,PayPal,COUPONZZ--,8.22,AUD
368164,2024-01-27T00:39:22,2024-01-27,648,1,Online,PayPal,COUPONZZ0A,0.47,AUD
368185,2024-01-27T17:28:36,2024-01-27,441,29,Online,PayPal,COUPONA0Z-,10.02,AUD
368383,2024-01-27T18:53:07,2024-01-27,11,7,Online,Afterpay,COUPON-9--,0.6,AUD
368511,2024-01-27T09:57:53,2024-01-27,420,23,Retail,PayPal,COUPONA-9A,13.49,AUD
368513,2024-01-27T20:19:08,2024-01-27,336,33,Retail,PayPal,COUPON00A9,15.59,AUD
368553,2024-01-27T11:11:42,2024-01-27,785,25,Retail,PayPal,COUPON--Z0,7.98,AUD
368604,2024-01-27T05:57:53,2024-01-27,155,18,Retail,PayPal,COUPON----,6.94,AUD
368701,2024-01-27T20:12:20,2024-01-27,366,35,Retail,PayPal,COUPONA9-Z,4.47,AUD
368713,2024-01-27T02:59:59,2024-01-27,457,23,Online,PayPal,COUPON99A0,3.05,AUD
368753,2024-01-27T04:52:25,2024-01-27,127,31,Retail,PayPal,COUPONA--9,14.65,AUD
368802,2024-01-27T20:07:47,2024-01-27,1,7,Online,PayPal,COUPON9---,10.07,AUD
368863,2024-01-27T10:56:33,2024-01-27,662,32,Retail,Afterpay,COUPONAA-9,2.08,AUD
368883,2024-01-27T06:44:10,2024-01-27,298,47,Retail,PayPal,COUPON--99,0.61,AUD
369075,2024-01-27T16:57:51,2024-01-27,755,44,Retail,PayPal,COUPON9--9,6.12,AUD
369180,2024-01-27T10:52:21,2024-01-27,206,45,Online,Afterpay,COUPONA-Z-,13.44,AUD
369207,2024-01-27T19:30:21,2024-01-27,426,1,Online,Afterpay,COUPON-A99,10.67,AUD
369351,2024-01-27T00:08:40,2024-01-27,480,26,Retail,PayPal,COUPON999A,8.74,AUD
369395,2024-01-27T08:04:53,2024-01-27,592,5,Retail,PayPal,COUPONA00Z,16.61,AUD
369403,2024-01-27T13:31:08,2024-01-27,596,32,Online,Afterpay,COUPON0AZ-,4.23,AUD
369448,2024-01-27T12:33:36,2024-01-27,635,7,Retail,Credit Card,COUPON090Z,18.45,AUD
369455,2024-01-27T14:37:28,2024-01-27,264,47,Online,Afterpay,COUPON0-A9,4.14,AUD
369572,2024-01-27T21:30:25,2024-01-27,682,30,Online,Afterpay,COUPON0-ZA,3.66,AUD
369763,2024-01-27T18:01:16,2024-01-27,171,35,Online,Credit Card,COUPON-Z9Z,1.38,AUD
369834,2024-01-27T20:39:28,2024-01-27,715,21,Online,Afterpay,COUPON99A-,8.09,AUD
369842,2024-01-27T15:34:15,2024-01-27,782,16,Retail,Credit Card,COUPON0A9Z,16.71,AUD
369868,2024-01-27T05:24:37,2024-01-27,363,32,Retail,Afterpay,COUPON0-0Z,8.25,AUD
369904,2024-01-27T23:35:41,2024-01-27,753,31,Online,PayPal,COUPON9-00,5.62,AUD
369968,2024-01-27T10:47:15,2024-01-27,316,4,Online,Credit Card,COUPON99Z0,12.81,AUD
370002,2024-01-27T02:48:26,2024-01-27,759,5,Retail,Afterpay,COUPON0-0-,9.22,AUD
370081,2024-01-27T21:49:07,2024-01-27,135,3,Retail,Credit Card,COUPON9AA-,7.08,AUD
370162,2024-01-27T10:25:44,2024-01-27,655,7,Online,Credit Card,COUPON0ZA0,3.88,AUD
370405,2024-01-27T02:37:11,2024-01-27,400,24,Online,Credit Card,COUPON09A9,15.9,AUD
370422,2024-01-27T02:40:44,2024-01-27,664,48,Online,PayPal,COUPON-0AA,2.34,AUD
370424,2024-01-27T23:33:47,2024-01-27,160,48,Online,Credit Card,COUPON0-9-,3.04,AUD
370730,2024-01-27T20:52:26,2024-01-27,71,44,Online,Afterpay,COUPONZZ0Z,11.4,AUD
370852,2024-01-27T19:39:08,2024-01-27,534,26,Retail,Afterpay,COUPONAAA9,17.19,AUD
370871,2024-01-27T20:29:55,2024-01-27,341,46,Online,PayPal,COUPON-9ZA,2.72,AUD
370912,2024-01-27T03:52:28,2024-01-27,660,35,Retail,Credit Card,COUPON--Z0,13.07,AUD
371115,2024-01-27T16:52:43,2024-01-27,594,49,Online,Afterpay,COUPON90A-,14.05,AUD
371226,2024-01-27T17:56:47,2024-01-27,764,47,Online,Credit Card,COUPONAAA0,1.5,AUD
371304,2024-01-27T16:07:31,2024-01-27,719,29,Online,PayPal,COUPON9--Z,19.01,AUD
371447,2024-01-27T16:21:40,2024-01-27,617,14,Online,Credit Card,COUPON-099,0.46,AUD
371542,2024-01-27T12:57:16,2024-01-27,337,1,Online,Afterpay,COUPON9-0Z,16.34,AUD
371590,2024-01-27T04:41:48,2024-01-27,230,23,Retail,PayPal,COUPON-Z9-,8.71,AUD
371626,2024-01-27T04:14:46,2024-01-27,114,46,Online,PayPal,COUPONA9A-,0.23,AUD
371681,2024-01-27T09:50:39,2024-01-27,722,16,Retail,PayPal,COUPON--A9,10.32,AUD
371800,2024-01-27T01:02:00,2024-01-27,762,47,Retail,Afterpay,COUPON--9-,9.51,AUD
371813,2024-01-27T16:23:33,2024-01-27,433,37,Online,Afterpay,COUPON0--A,2.53,AUD
371914,2024-01-27T08:00:19,2024-01-27,279,37,Online,Afterpay,COUPON---9,0.4,AUD
371916,2024-01-27T09:01:19,2024-01-27,370,3,Retail,PayPal,COUPON0---,19.13,AUD
371988,2024-01-27T16:03:07,2024-01-27,348,12,Retail,Credit Card,COUPON99AA,7.63,AUD
372038,2024-01-27T10:17:07,2024-01-27,646,10,Retail,Afterpay,COUPONA0-9,2.92,AUD
372068,2024-01-27T22:13:46,2024-01-27,212,30,Retail,Afterpay,COUPONZ9Z9,19.48,AUD
372078,2024-01-27T08:01:25,2024-01-27,211,21,Retail,Credit Card,COUPONAAA-,11.35,AUD
372106,2024-01-27T06:52:48,2024-01-27,4,46,Online,PayPal,COUPONZZZA,13.95,AUD
372132,2024-01-27T14:40:55,2024-01-27,713,11,Online,PayPal,COUPON90-Z,8.19,AUD
372156,2024-01-27T22:42:51,2024-01-27,328,21,Retail,Credit Card,COUPON-90A,3.9,AUD
372353,2024-01-27T13:41:27,2024-01-27,139,35,Online,PayPal,COUPONZZ-A,18.32,AUD
372384,2024-01-27T20:27:15,2024-01-27,626,35,Retail,PayPal,COUPONZAZ9,0.61,AUD
372518,2024-01-27T00:32:57,2024-01-27,99,5,Online,Credit Card,COUPONZ0--,14.49,AUD
372529,2024-01-27T10:33:57,2024-01-27,30,10,Online,Credit Card,COUPONA-90,7.49,AUD
372612,2024-01-27T20:46:19,2024-01-27,108,29,Retail,Credit Card,COUPONZZ90,7.22,AUD
372623,2024-01-27T01:51:19,2024-01-27,547,9,Online,Afterpay,COUPON0-0-,8.41,AUD
372825,2024-01-27T23:38:30,2024-01-27,573,4,Retail,Afterpay,COUPONZ0-A,11.57,AUD
372827,2024-01-27T07:01:11,2024-01-27,411,21,Online,Credit Card,COUPON0Z00,19.75,AUD
372889,2024-01-27T04:04:46,2024-01-27,419,9,Online,Afterpay,COUPONZ0-Z,15.89,AUD
372921,2024-01-27T22:30:05,2024-01-27,213,41,Online,PayPal,COUPON-AZ9,17.66,AUD
373102,2024-01-27T16:56:55,2024-01-27,549,38,Retail,Afterpay,COUPON-Z-A,2.31,AUD
373120,2024-01-27T19:44:42,2024-01-27,20,39,Online,Afterpay,COUPON0ZA-,8.23,AUD
373162,2024-01-27T14:33:23,2024-01-27,235,28,Retail,PayPal,COUPONA0-9,17.85,AUD
373204,2024-01-27T17:05:46,2024-01-27,337,5,Retail,Afterpay,COUPON9Z--,4.43,AUD
373300,2024-01-27T22:25:16,2024-01-27,367,1,Retail,Credit Card,COUPON00-9,3.24,AUD
373395,2024-01-27T17:49:22,2024-01-27,712,8,Online,Credit Card,COUPONAZ--,13.91,AUD
373465,2024-01-27T11:29:22,2024-01-27,178,36,Retail,Afterpay,COUPON-ZZ-,19.57,AUD
373528,2024-01-27T20:07:24,2024-01-27,35,4,Online,Afterpay,COUPONZ-9Z,7.19,AUD
373543,2024-01-27T15:22:08,2024-01-27,306,31,Retail,Afterpay,COUPONZA00,8.34,AUD
373730,2024-01-27T14:06:23,2024-01-27,189,37,Online,Credit Card,COUPON0Z00,8.39,AUD
373767,2024-01-27T12:43:44,2024-01-27,485,25,Online,PayPal,COUPONAAA0,9.64,AUD
373841,2024-01-27T01:26:59,2024-01-27,483,36,Retail,PayPal,COUPONAZ9A,5.92,AUD
373856,2024-01-27T09:06:48,2024-01-27,608,2,Online,PayPal,COUPONA-9Z,8.6,AUD
373911,2024-01-27T23:53:37,2024-01-27,615,26,Online,Afterpay,COUPONA-A9,10.36,AUD
374254,2024-01-27T09:31:00,2024-01-27,665,41,Retail,PayPal,COUPON-A0-,18.94,AUD
374287,2024-01-27T03:13:31,2024-01-27,116,36,Retail,Credit Card,COUPON90-Z,11.51,AUD
374355,2024-01-27T22:31:35,2024-01-27,761,15,Retail,Credit Card,COUPON99AA,12.86,AUD
374426,2024-01-27T10:20:09,2024-01-27,749,23,Retail,Credit Card,COUPONAZZ0,5.46,AUD
374555,2024-01-27T13:35:18,2024-01-27,685,35,Retail,PayPal,COUPON0999,13.02,AUD
374754,2024-01-27T16:01:17,2024-01-27,273,42,Retail,Afterpay,COUPON-0ZA,14.95,AUD
374890,2024-01-27T22:37:19,2024-01-27,695,30,Online,PayPal,COUPON9-Z0,14.59,AUD
374950,2024-01-27T09:23:52,2024-01-27,671,48,Retail,Afterpay,COUPON-9-9,12.07,AUD
375342,2024-01-27T02:13:48,2024-01-27,209,30,Retail,PayPal,COUPON009Z,8.2,AUD
375350,2024-01-27T09:32:43,2024-01-27,730,15,Retail,Afterpay,COUPON-90-,9.27,AUD
375495,2024-01-27T09:14:48,2024-01-27,691,43,Online,Credit Card,COUPON9ZA9,10.78,AUD
375700,2024-01-27T14:27:59,2024-01-27,296,22,Retail,PayPal,COUPONZ-9A,15.68,AUD
375968,2024-01-27T16:44:23,2024-01-27,796,6,Online,Credit Card,COUPONA09A,16.5,AUD
376220,2024-01-27T19:26:17,2024-01-27,328,14,Online,Credit Card,COUPON9Z99,17.53,AUD
376274,2024-01-27T12:29:19,2024-01-27,460,25,Online,PayPal,COUPONA0-Z,6.41,AUD
376325,2024-01-27T11:22:37,2024-01-27,358,39,Online,Afterpay,COUPONZ-0A,1.12,AUD
376376,2024-01-27T05:59:38,2024-01-27,150,2,Online,PayPal,COUPON-909,14.67,AUD
376497,2024-01-27T03:21:44,2024-01-27,277,17,Online,PayPal,COUPON-90A,10.9,AUD
376518,2024-01-27T15:07:09,2024-01-27,63,5,Online,PayPal,COUPON-900,18.54,AUD
376519,2024-01-27T22:56:51,2024-01-27,580,7,Retail,Credit Card,COUPON-999,9.18,AUD
376565,2024-01-27T14:54:42,2024-01-27,668,20,Online,Afterpay,COUPON-0A9,6.27,AUD
376566,2024-01-27T21:39:17,2024-01-27,225,33,Online,PayPal,COUPON----,11.42,AUD
376645,2024-01-27T13:49:45,2024-01-27,172,45,Online,Afterpay,COUPON-ZAZ,14.74,AUD
376672,2024-01-27T19:57:15,2024-01-27,36,38,Retail,Afterpay,COUPON0Z0Z,9.31,AUD
376679,2024-01-27T19:14:46,2024-01-27,667,8,Online,Afterpay,COUPON-0A-,4.12,AUD
376822,2024-01-27T10:30:15,2024-01-27,98,1,Online,PayPal,COUPONAA90,9.32,AUD
376878,2024-01-27T19:11:24,2024-01-27,756,37,Retail,Afterpay,COUPONZ--9,1.75,AUD
376945,2024-01-27T19:18:33,2024-01-27,245,29,Retail,Credit Card,COUPON-909,5.06,AUD
376968,2024-01-27T12:10:14,2024-01-27,784,20,Online,Credit Card,COUPONZ-Z0,0.6,AUD
377145,2024-01-27T22:12:48,2024-01-27,275,35,Retail,Credit Card,COUPON9-Z-,11.76,AUD
377190,2024-01-27T20:30:48,2024-01-27,752,49,Online,PayPal,COUPONZZ9-,9.5,AUD
377325,2024-01-27T14:40:21,2024-01-27,547,36,Online,Afterpay,COUPON90--,13.08,AUD
377613,2024-01-27T10:01:30,2024-01-27,5,18,Retail,PayPal,COUPONZ-0-,14.44,AUD
377707,2024-01-27T17:57:45,2024-01-27,749,8,Retail,PayPal,COUPONA--A,5.43,AUD
377989,2024-01-27T02:20:50,2024-01-27,796,30,Retail,Credit Card,COUPON90ZZ,6.53,AUD
378082,2024-01-27T17:15:32,2024-01-27,426,44,Online,Credit Card,COUPON-0--,4.14,AUD
378294,2024-01-27T01:50:18,2024-01-27,234,6,Online,Credit Card,COUPON--Z0,1.79,AUD
378353,2024-01-27T07:51:28,2024-01-27,10,42,Retail,Afterpay,COUPONA9AA,15.27,AUD
378520,2024-01-27T00:54:14,2024-01-27,448,29,Retail,Credit Card,COUPONZ-Z-,18.17,AUD
378584,2024-01-27T00:51:18,2024-01-27,151,5,Retail,Afterpay,COUPON0Z9Z,5.38,AUD
378587,2024-01-27T23:41:59,2024-01-27,169,4,Retail,PayPal,COUPON9A00,12.2,AUD
378594,2024-01-27T18:10:42,2024-01-27,574,26,Online,PayPal,COUPON-909,15.93,AUD
378657,2024-01-27T08:14:33,2024-01-27,486,41,Retail,PayPal,COUPON90ZZ,2.16,AUD
378773,2024-01-27T21:20:51,2024-01-27,756,17,Online,Afterpay,COUPON-9Z0,11.87,AUD
378824,2024-01-27T09:50:10,2024-01-27,75,42,Retail,Afterpay,COUPON-ZA9,17.12,AUD
378986,2024-01-27T15:32:17,2024-01-27,223,34,Retail,Afterpay,COUPON9---,10.08,AUD
379014,2024-01-27T08:27:35,2024-01-27,452,14,Online,Afterpay,COUPON-9-A,17.92,AUD
379142,2024-01-27T05:37:02,2024-01-27,473,4,Online,Credit Card,COUPON0909,15.51,AUD
379279,2024-01-27T09:04:26,2024-01-27,132,41,Retail,Credit Card,COUPON0-9A,10.38,AUD
379355,2024-01-27T01:20:23,2024-01-27,136,38,Retail,Credit Card,COUPON--09,6.74,AUD
379374,2024-01-27T18:47:35,2024-01-27,84,18,Retail,Credit Card,COUPONA0-A,9.53,AUD
379651,2024-01-27T07:44:17,2024-01-27,607,34,Online,PayPal,COUPON99A9,18.33,AUD
379655,2024-01-27T21:31:18,2024-01-27,311,47,Retail,PayPal,COUPON9A0-,7.34,AUD
379831,2024-01-27T20:34:17,2024-01-27,762,9,Retail,PayPal,COUPON-AZ-,2.96,AUD
379959,2024-01-27T03:25:08,2024-01-27,425,19,Online,Afterpay,COUPON0AA-,2.56,AUD
380106,2024-01-27T17:41:39,2024-01-27,309,23,Online,PayPal,COUPONZZ0Z,17.4,AUD
380134,2024-01-27T02:36:23,2024-01-27,274,30,Online,PayPal,COUPONZ-Z9,1.76,AUD
380295,2024-01-27T20:25:21,2024-01-27,107,44,Retail,PayPal,COUPON009A,2.67,AUD
380854,2024-01-27T08:34:28,2024-01-27,247,16,Online,PayPal,COUPON9-9-,11.69,AUD
380964,2024-01-27T09:29:11,2024-01-27,524,12,Retail,PayPal,COUPONA9A9,19.27,AUD
381078,2024-01-27T17:25:40,2024-01-27,699,18,Online,Afterpay,COUPON9--Z,18.92,AUD
381391,2024-01-27T02:28:49,2024-01-27,391,45,Retail,Credit Card,COUPONA-99,13.52,AUD
381479,2024-01-27T22:22:45,2024-01-27,517,7,Retail,Afterpay,COUPON-9--,19.4,AUD
381578,2024-01-27T19:39:31,2024-01-27,46,40,Retail,Afterpay,COUPON00-Z,8.66,AUD
381630,2024-01-27T06:19:27,2024-01-27,3,13,Online,PayPal,COUPON9--9,2.46,AUD
381732,2024-01-27T23:41:33,2024-01-27,176,15,Retail,PayPal,COUPON0-AZ,4.35,AUD
382403,2024-01-27T20:56:24,2024-01-27,563,41,Online,Afterpay,COUPON-90-,6.07,AUD
382439,2024-01-27T21:39:19,2024-01-27,664,28,Online,Afterpay,COUPONZZ0Z,1.06,AUD
382462,2024-01-27T02:12:54,2024-01-27,89,14,Online,PayPal,COUPON0-0Z,2.74,AUD
382463,2024-01-27T16:07:16,2024-01-27,593,35,Online,Afterpay,COUPON-ZA-,5.58,AUD
382824,2024-01-27T12:42:28,2024-01-27,80,3,Retail,PayPal,COUPONZ--9,1.64,AUD
382920,2024-01-27T02:11:32,2024-01-27,309,5,Online,PayPal,COUPON-09-,6.38,AUD
382941,2024-01-27T14:53:58,2024-01-27,337,19,Online,PayPal,COUPON-Z0-,19.05,AUD
383008,2024-01-27T16:27:07,2024-01-27,19,10,Online,Credit Card,COUPONZ099,11.97,AUD
383010,2024-01-27T22:38:02,2024-01-27,119,45,Online,Credit Card,COUPONA9ZZ,10.06,AUD
383379,2024-01-27T11:58:45,2024-01-27,544,26,Online,PayPal,COUPON--Z-,13.75,AUD
383606,2024-01-27T15:24:05,2024-01-27,408,31,Retail,Afterpay,COUPONA--9,7.4,AUD
383659,2024-01-27T07:55:07,2024-01-27,74,7,Retail,Afterpay,COUPONA090,18.29,AUD
384000,2024-01-27T01:28:48,2024-01-27,486,29,Retail,Credit Card,COUPONZ909,11.52,AUD
384002,2024-01-27T07:37:22,2024-01-27,232,46,Online,PayPal,COUPONZ9-A,18.13,AUD
384162,2024-01-27T14:32:34,2024-01-27,346,3,Retail,Credit Card,COUPONA--Z,16.6,AUD
384183,2024-01-27T02:47:57,2024-01-27,66,29,Retail,Afterpay,COUPONAA-9,7.35,AUD
384236,2024-01-27T06:35:56,2024-01-27,317,32,Online,Afterpay,COUPON-Z-0,18.34,AUD
384466,2024-01-27T18:28:38,2024-01-27,351,42,Retail,Credit Card,COUPONA9Z-,18.86,AUD
384570,2024-01-27T14:25:16,2024-01-27,432,15,Online,PayPal,COUPONAZ0Z,2.96,AUD
384586,2024-01-27T15:02:30,2024-01-27,7,3,Online,Afterpay,COUPONZ-9-,16.63,AUD
384591,2024-01-27T20:51:11,2024-01-27,468,3,Retail,PayPal,COUPONAA-A,17.9,AUD
384593,2024-01-27T09:49:18,2024-01-27,707,34,Retail,Afterpay,COUPON99A0,17.31,AUD
384721,2024-01-27T09:35:33,2024-01-27,181,29,Retail,PayPal,COUPONZ-ZZ,8.41,AUD
384837,2024-01-27T03:12:19,2024-01-27,522,46,Retail,PayPal,COUPON9-0-,2.73,AUD
385054,2024-01-27T07:51:02,2024-01-27,4,17,Retail,PayPal,COUPON9-Z9,3.14,AUD
385176,2024-01-27T16:57:37,2024-01-27,231,32,Online,Afterpay,COUPONAA--,12.15,AUD
385210,2024-01-27T18:19:12,2024-01-27,109,15,Online,PayPal,COUPON09-9,0.25,AUD
385211,2024-01-27T19:36:18,2024-01-27,14,8,Retail,Credit Card,COUPONZAZZ,6.75,AUD
385216,2024-01-27T16:00:23,2024-01-27,267,44,Online,Afterpay,COUPONZ-09,14.05,AUD
385509,2024-01-27T15:17:03,2024-01-27,544,21,Retail,PayPal,COUPONZA0Z,16.77,AUD
385540,2024-01-27T04:20:47,2024-01-27,607,14,Online,Afterpay,COUPON99ZZ,10.31,AUD
385578,2024-01-27T21:05:35,2024-01-27,373,43,Retail,PayPal,COUPON----,16.39,AUD
385592,2024-01-27T11:34:42,2024-01-27,653,47,Online,PayPal,COUPON-Z99,6.25,AUD
385615,2024-01-27T19:31:10,2024-01-27,215,1,Online,Credit Card,COUPON-Z9Z,17.28,AUD
385676,2024-01-27T08:15:32,2024-01-27,791,29,Retail,PayPal,COUPONZZ90,16.33,AUD
385718,2024-01-27T12:28:59,2024-01-27,23,23,Online,Afterpay,COUPONA--Z,11.9,AUD
385874,2024-01-27T14:33:23,2024-01-27,642,26,Online,PayPal,COUPON99AZ,2.03,AUD
386059,2024-01-27T00:12:32,2024-01-27,469,42,Online,Credit Card,COUPON00-9,11.68,AUD
386073,2024-01-27T14:19:45,2024-01-27,527,26,Retail,Afterpay,COUPONAA-0,2.66,AUD
386136,2024-01-27T03:28:04,2024-01-27,1,38,Online,Afterpay,COUPON-AZA,4.32,AUD
386148,2024-01-27T21:29:42,2024-01-27,365,39,Retail,PayPal,COUPONA99-,17.54,AUD
386157,2024-01-27T03:07:20,2024-01-27,531,21,Retail,PayPal,COUPON00-0,1.25,AUD
386225,2024-01-27T11:28:50,2024-01-27,477,30,Online,Afterpay,COUPON90--,16.16,AUD
386301,2024-01-27T10:19:36,2024-01-27,248,3,Retail,PayPal,COUPON9--0,10.07,AUD
386345,2024-01-27T13:19:06,2024-01-27,326,47,Retail,PayPal,COUPON9---,6.96,AUD
386502,2024-01-27T18:35:49,2024-01-27,549,43,Retail,Afterpay,COUPONA000,10.07,AUD
386512,2024-01-27T17:18:54,2024-01-27,216,30,Retail,Credit Card,COUPONZ--0,7.88,AUD
386644,2024-01-27T12:06:49,2024-01-27,98,38,Retail,PayPal,COUPONZ9ZA,14.31,AUD
386646,2024-01-27T16:20:32,2024-01-27,381,36,Online,PayPal,COUPONZ--Z,19.27,AUD
386676,2024-01-27T06:53:46,2024-01-27,625,29,Retail,Credit Card,COUPON09--,11.82,AUD
386677,2024-01-27T19:32:02,2024-01-27,517,21,Retail,Afterpay,COUPON----,13.11,AUD
386684,2024-01-27T20:16:46,2024-01-27,47,25,Online,Afterpay,COUPONA--0,11.48,AUD
386865,2024-01-27T01:50:09,2024-01-27,129,49,Retail,Credit Card,COUPONZA--,1.84,AUD
386871,2024-01-27T01:35:10,2024-01-27,162,43,Retail,Afterpay,COUPONZZZA,19.51,AUD
387365,2024-01-27T14:29:00,2024-01-27,622,13,Online,Credit Card,COUPON9A--,4.16,AUD
387371,2024-01-27T20:03:50,2024-01-27,797,45,Online,Afterpay,COUPON--09,19.89,AUD
387389,2024-01-27T12:57:33,2024-01-27,640,41,Retail,Afterpay,COUPON9Z-9,9.55,AUD
387501,2024-01-27T00:00:56,2024-01-27,40,35,Retail,PayPal,COUPON-A--,1.62,AUD
387680,2024-01-27T11:14:02,2024-01-27,306,17,Retail,Afterpay,COUPON--ZA,3.13,AUD
387843,2024-01-27T08:01:23,2024-01-27,564,19,Online,Credit Card,COUPONA--A,15.79,AUD
387988,2024-01-27T11:38:22,2024-01-27,686,16,Retail,Credit Card,COUPON-000,2.72,AUD
388038,2024-01-27T21:13:50,2024-01-27,734,10,Online,PayPal,COUPONZAA0,10.58,AUD
388120,2024-01-27T13:20:47,2024-01-27,15,7,Online,PayPal,COUPONA-A-,1.2,AUD
388121,2024-01-27T15:41:55,2024-01-27,84,10,Retail,Afterpay,COUPONA--Z,18.7,AUD
388132,2024-01-27T12:24:12,2024-01-27,793,2,Retail,Credit Card,COUPON09A9,15.52,AUD
388181,2024-01-27T02:01:15,2024-01-27,370,15,Online,PayPal,COUPONAZ-A,8.11,AUD
388199,2024-01-27T09:49:55,2024-01-27,3,46,Retail,Afterpay,COUPONZA0Z,0.72,AUD
388441,2024-01-27T19:41:58,2024-01-27,542,26,Online,PayPal,COUPON0-Z-,9.39,AUD
388871,2024-01-27T23:03:45,2024-01-27,707,31,Online,PayPal,COUPON--09,2.55,AUD
388905,2024-01-27T21:05:19,2024-01-27,640,47,Retail,Afterpay,COUPONA--A,14.25,AUD
389150,2024-01-27T10:30:48,2024-01-27,18,48,Retail,Credit Card,COUPON-AA-,5.88,AUD
389233,2024-01-27T21:07:30,2024-01-27,168,39,Online,Afterpay,COUPON9ZZ9,6.24,AUD
389346,2024-01-27T06:32:44,2024-01-27,29,44,Online,Afterpay,COUPON-0ZZ,14.84,AUD
389441,2024-01-27T19:27:22,2024-01-27,495,1,Retail,PayPal,COUPON-9-9,11.18,AUD
389684,2024-01-27T06:53:47,2024-01-27,632,45,Online,Credit Card,COUPON-90Z,17.9,AUD
389752,2024-01-27T04:16:05,2024-01-27,596,38,Online,Afterpay,COUPON-0--,2.45,AUD
389790,2024-01-27T00:22:25,2024-01-27,397,17,Online,PayPal,COUPON---0,7.74,AUD
389941,2024-01-27T12:59:36,2024-01-27,183,6,Retail,Credit Card,COUPON--AZ,3.97,AUD
390529,2024-01-27T09:21:44,2024-01-27,477,8,Online,Credit Card,COUPON-A-9,6.85,AUD
390749,2024-01-27T06:56:49,2024-01-27,597,28,Retail,Afterpay,COUPONZ0Z0,16.86,AUD
390836,2024-01-27T05:00:40,2024-01-27,39,26,Retail,PayPal,COUPON09-9,19.84,AUD
390894,2024-01-27T05:46:48,2024-01-27,623,27,Retail,Credit Card,COUPON-Z--,7.09,AUD
390946,2024-01-27T18:33:42,2024-01-27,399,20,Online,Credit Card,COUPON99AA,5.16,AUD
391232,2024-01-27T04:59:34,2024-01-27,253,23,Online,PayPal,COUPON----,1.87,AUD
391506,2024-01-27T11:12:22,2024-01-27,279,35,Online,Credit Card,COUPON09-Z,14.92,AUD
391727,2024-01-27T05:07:09,2024-01-27,563,41,Online,Afterpay,COUPON-0--,6.44,AUD
391741,2024-01-27T16:06:34,2024-01-27,486,9,Online,Afterpay,COUPONAZ90,14.73,AUD
391780,2024-01-27T20:11:27,2024-01-27,260,11,Retail,Credit Card,COUPON----,4.5,AUD
391794,2024-01-27T09:25:03,2024-01-27,238,43,Online,Afterpay,COUPON-AZ-,4.45,AUD
391898,2024-01-27T05:37:32,2024-01-27,291,16,Retail,Credit Card,COUPON0-9-,11.62,AUD
392156,2024-01-27T16:59:58,2024-01-27,504,18,Online,PayPal,COUPONZ9-Z,3.96,AUD
392174,2024-01-27T04:49:48,2024-01-27,627,22,Online,Credit Card,COUPONA0-A,16.07,AUD
392183,2024-01-27T06:21:01,2024-01-27,346,46,Retail,PayPal,COUPON99A0,0.46,AUD
392278,2024-01-27T23:40:34,2024-01-27,396,21,Retail,Afterpay,COUPON9-0-,14.3,AUD
392429,2024-01-27T17:36:50,2024-01-27,793,45,Retail,PayPal,COUPON9-9-,5.45,AUD
392889,2024-01-27T13:28:38,2024-01-27,59,14,Retail,Afterpay,COUPONA-00,3.15,AUD
392891,2024-01-27T07:46:37,2024-01-27,179,13,Retail,Credit Card,COUPONAZA0,0.82,AUD
392986,2024-01-27T12:30:44,2024-01-27,364,41,Online,Afterpay,COUPON9--Z,3.72,AUD
393035,2024-01-27T08:33:59,2024-01-27,530,12,Retail,Credit Card,COUPONAZ--,18.71,AUD
393041,2024-01-27T13:07:11,2024-01-27,130,20,Retail,Credit Card,COUPON0Z9A,6.85,AUD
393057,2024-01-27T22:08:09,2024-01-27,718,48,Retail,PayPal,COUPON0-0A,12.02,AUD
393306,2024-01-27T14:03:43,2024-01-27,381,29,Online,Credit Card,COUPON-Z9A,15.43,AUD
393499,2024-01-27T01:01:22,2024-01-27,287,36,Online,PayPal,COUPON-90-,4.08,AUD
393553,2024-01-27T01:23:56,2024-01-27,315,9,Retail,Credit Card,COUPON-0A-,19.75,AUD
393641,2024-01-27T10:22:23,2024-01-27,286,47,Online,Credit Card,COUPON9Z--,3.32,AUD
393846,2024-01-27T05:29:20,2024-01-27,395,43,Retail,PayPal,COUPON----,11.73,AUD
393928,2024-01-27T02:13:04,2024-01-27,682,11,Online,Afterpay,COUPONA--A,6.68,AUD
393929,2024-01-27T19:06:18,2024-01-27,169,23,Retail,Afterpay,COUPONZ-9-,15.62,AUD
394241,2024-01-27T19:56:04,2024-01-27,441,38,Online,PayPal,COUPONZ9AA,16.31,AUD
394278,2024-01-27T08:13:47,2024-01-27,34,17,Online,Afterpay,COUPON9-90,16.02,AUD
394362,2024-01-27T03:14:04,2024-01-27,692,18,Online,Afterpay,COUPONZ-Z-,8.33,AUD
394395,2024-01-27T07:45:03,2024-01-27,649,41,Online,PayPal,COUPONA9-9,12.59,AUD
394602,2024-01-27T18:15:22,2024-01-27,108,20,Retail,Credit Card,COUPONA9Z-,16.97,AUD
394609,2024-01-27T16:44:31,2024-01-27,489,30,Online,Credit Card,COUPON--0Z,7.79,AUD
394723,2024-01-27T05:20:31,2024-01-27,725,40,Retail,PayPal,COUPON-90A,16.76,AUD
394855,2024-01-27T03:42:18,2024-01-27,280,8,Retail,PayPal,COUPON009A,8.5,AUD
394909,2024-01-27T15:09:23,2024-01-27,652,13,Retail,PayPal,COUPON-ZAZ,18.95,AUD
395005,2024-01-27T03:30:24,2024-01-27,275,27,Retail,Credit Card,COUPONZZZ-,18.92,AUD
395007,2024-01-27T23:14:51,2024-01-27,343,19,Online,Afterpay,COUPONZ---,13.39,AUD
395053,2024-01-27T20:08:03,2024-01-27,134,31,Online,Afterpay,COUPON0AZ-,13.22,AUD
395148,2024-01-27T09:14:40,2024-01-27,610,19,Online,PayPal,COUPON9A99,19.8,AUD
395366,2024-01-27T21:31:24,2024-01-27,701,2,Online,Afterpay,COUPON-0-0,11.53,AUD
395526,2024-01-27T01:20:59,2024-01-27,424,39,Online,Credit Card,COUPON-9-A,17.22,AUD
395544,2024-01-27T17:42:06,2024-01-27,70,4,Retail,Afterpay,COUPON-9A-,1.35,AUD
395551,2024-01-27T09:28:18,2024-01-27,227,7,Retail,Credit Card,COUPON00Z0,0.06,AUD
395577,2024-01-27T04:04:09,2024-01-27,425,42,Online,Credit Card,COUPON0A-9,7.07,AUD
395593,2024-01-27T17:59:41,2024-01-27,574,37,Retail,Afterpay,COUPONZ00-,16.94,AUD
395669,2024-01-27T00:52:57,2024-01-27,197,37,Retail,Credit Card,COUPON-Z09,9.97,AUD
395744,2024-01-27T09:14:29,2024-01-27,42,30,Retail,Credit Card,COUPON-9AA,8.07,AUD
395779,2024-01-27T14:45:52,2024-01-27,466,36,Online,Afterpay,COUPONAZ0-,12.09,AUD
396040,2024-01-27T10:50:24,2024-01-27,457,20,Online,PayPal,COUPONZA9-,13.07,AUD
396101,2024-01-27T20:28:33,2024-01-27,151,5,Online,Credit Card,COUPON-ZZ0,6.85,AUD
396167,2024-01-27T21:33:56,2024-01-27,590,29,Retail,Credit Card,COUPON-009,13.37,AUD
396172,2024-01-27T07:59:59,2024-01-27,369,27,Online,Credit Card,COUPONZ-ZZ,4.01,AUD
396204,2024-01-27T07:41:03,2024-01-27,728,32,Online,PayPal,COUPONAA0A,9.88,AUD
396347,2024-01-27T17:54:24,2024-01-27,159,27,Retail,Afterpay,COUPONAZAA,15.06,AUD
396374,2024-01-27T02:15:50,2024-01-27,416,37,Retail,Credit Card,COUPONA-9Z,9.31,AUD
396388,2024-01-27T16:06:11,2024-01-27,309,9,Online,PayPal,COUPONZ0-9,15.44,AUD
396477,2024-01-27T06:28:38,2024-01-27,152,11,Retail,PayPal,COUPON0Z-A,17.76,AUD
396574,2024-01-27T11:42:49,2024-01-27,39,3,Retail,Credit Card,COUPONAAA0,11.43,AUD
396741,2024-01-27T01:04:32,2024-01-27,189,17,Retail,PayPal,COUPONZ-AA,0.92,AUD
396803,2024-01-27T23:04:00,2024-01-27,133,35,Retail,PayPal,COUPON--Z9,4.46,AUD
396927,2024-01-27T06:17:52,2024-01-27,84,47,Online,PayPal,COUPON--AZ,10.58,AUD
397153,2024-01-27T19:49:05,2024-01-27,190,41,Online,PayPal,COUPONA---,2.72,AUD
397248,2024-01-27T18:55:50,2024-01-27,127,9,Online,Credit Card,COUPON0--A,17.4,AUD
397390,2024-01-27T03:37:59,2024-01-27,232,26,Online,Afterpay,COUPONA---,5.49,AUD
397525,2024-01-27T02:35:29,2024-01-27,727,24,Online,Afterpay,COUPON99-Z,3.25,AUD
397547,2024-01-27T04:45:36,2024-01-27,353,44,Retail,PayPal,COUPONZA9Z,2.54,AUD
397563,2024-01-27T12:21:55,2024-01-27,687,9,Retail,Afterpay,COUPONZ9-9,2.04,AUD
397599,2024-01-27T02:28:27,2024-01-27,489,8,Online,PayPal,COUPONAAA-,0.41,AUD
397820,2024-01-27T10:06:07,2024-01-27,395,43,Retail,Afterpay,COUPON--9-,1.6,AUD
398039,2024-01-27T22:16:45,2024-01-27,78,36,Retail,PayPal,COUPONA99-,14.67,AUD
398261,2024-01-27T16:58:03,2024-01-27,224,33,Retail,PayPal,COUPON-0-A,5.92,AUD
398274,2024-01-27T21:18:34,2024-01-27,162,10,Online,Credit Card,COUPON09Z9,12.56,AUD
398303,2024-01-27T07:45:38,2024-01-27,752,46,Retail,Credit Card,COUPON0-Z9,0.82,AUD
398550,2024-01-27T17:26:20,2024-01-27,17,36,Retail,PayPal,COUPONA-9-,9.98,AUD
398630,2024-01-27T15:18:56,2024-01-27,492,9,Online,Afterpay,COUPONA--9,19.1,AUD
398674,2024-01-27T06:06:43,2024-01-27,228,26,Retail,PayPal,COUPON9ZZA,14.78,AUD
398691,2024-01-27T23:06:24,2024-01-27,315,32,Retail,Credit Card,COUPON9Z-9,14.22,AUD
398708,2024-01-27T08:58:42,2024-01-27,693,31,Online,Credit Card,COUPON-A--,14.66,AUD
398731,2024-01-27T04:10:29,2024-01-27,700,27,Online,PayPal,COUPONZ9-0,9.48,AUD
398741,2024-01-27T22:45:30,2024-01-27,729,12,Retail,Afterpay,COUPON-ZA0,0.24,AUD
398784,2024-01-27T11:36:11,2024-01-27,480,29,Online,Afterpay,COUPON0Z0Z,16.17,AUD
398852,2024-01-27T22:34:40,2024-01-27,26,15,Retail,PayPal,COUPON090A,7.92,AUD
398954,2024-01-27T17:35:33,2024-01-27,201,6,Online,Afterpay,COUPONA---,15.37,AUD
399319,2024-01-27T02:52:09,2024-01-27,104,45,Online,Afterpay,COUPONZ90Z,16.37,AUD
399508,2024-01-27T12:36:25,2024-01-27,265,25,Online,Afterpay,COUPON-9Z-,18.24,AUD
399708,2024-01-27T05:22:50,2024-01-27,536,15,Online,Credit Card,COUPON9--Z,0.95,AUD
399868,2024-01-27T21:22:25,2024-01-27,637,47,Online,Credit Card,COUPON0-0-,3.95,AUD
399963,2024-01-27T19:39:49,2024-01-27,440,36,Online,PayPal,COUPONZ-A9,13.11,AUD
400086,2024-01-27T21:09:14,2024-01-27,500,42,Online,PayPal,COUPONAZ9A,0.01,AUD
400291,2024-01-27T16:07:43,2024-01-27,665,47,Online,Afterpay,COUPON0ZAZ,12.13,AUD
400304,2024-01-27T04:38:18,2024-01-27,496,18,Online,Afterpay,COUPON-00Z,14.53,AUD
400329,2024-01-27T01:32:23,2024-01-27,204,39,Retail,Afterpay,COUPON-Z90,9.11,AUD
400351,2024-01-27T19:04:47,2024-01-27,187,39,Online,Afterpay,COUPON9-Z9,16.0,AUD
400456,2024-01-27T03:06:12,2024-01-27,94,48,Online,Credit Card,COUPONZZZ-,19.49,AUD
400522,2024-01-27T17:57:57,2024-01-27,499,35,Online,Credit Card,COUPON--0-,2.5,AUD
400581,2024-01-27T19:39:43,2024-01-27,530,33,Retail,Credit Card,COUPONA-ZA,14.49,AUD
400584,2024-01-27T02:35:06,2024-01-27,464,12,Online,Credit Card,COUPONA--0,11.6,AUD
400649,2024-01-27T16:27:22,2024-01-27,725,9,Online,Afterpay,COUPON---0,12.68,AUD
400774,2024-01-27T03:53:13,2024-01-27,730,39,Retail,Credit Card,COUPON0-00,2.45,AUD
400849,2024-01-27T18:48:11,2024-01-27,553,40,Online,PayPal,COUPON--0A,18.9,AUD
400920,2024-01-27T09:07:31,2024-01-27,160,49,Retail,Afterpay,COUPON0A--,19.26,AUD
400969,2024-01-27T00:07:24,2024-01-27,335,35,Retail,Afterpay,COUPON-Z09,0.69,AUD
401009,2024-01-27T04:50:41,2024-01-27,412,24,Online,Afterpay,COUPONA-ZZ,1.54,AUD
401204,2024-01-27T09:58:31,2024-01-27,66,7,Online,PayPal,COUPONA---,11.43,AUD
401219,2024-01-27T08:37:35,2024-01-27,532,30,Retail,PayPal,COUPONZ099,14.58,AUD
401301,2024-01-27T14:48:59,2024-01-27,710,28,Retail,Afterpay,COUPON-A--,9.96,AUD
401331,2024-01-27T15:29:58,2024-01-27,557,22,Retail,PayPal,COUPONA9-A,19.82,AUD
401466,2024-01-27T11:21:26,2024-01-27,668,38,Retail,Credit Card,COUPON-0A-,16.72,AUD
401572,2024-01-27T18:56:36,2024-01-27,636,28,Online,Afterpay,COUPONZ00Z,14.54,AUD
401573,2024-01-27T10:56:18,2024-01-27,563,17,Online,Credit Card,COUPON0ZA0,17.59,AUD
401632,2024-01-27T23:55:07,2024-01-27,594,40,Retail,Credit Card,COUPON---0,1.4,AUD
401754,2024-01-27T05:39:05,2024-01-27,399,12,Retail,PayPal,COUPON00-9,19.56,AUD
401892,2024-01-27T20:16:23,2024-01-27,266,33,Retail,Credit Card,COUPON-90A,15.21,AUD
401965,2024-01-27T04:13:37,2024-01-27,71,23,Online,Afterpay,COUPONZ-0-,14.19,AUD
402092,2024-01-27T06:11:28,2024-01-27,567,41,Online,Afterpay,COUPON0A90,10.63,AUD
402280,2024-01-27T13:48:32,2024-01-27,662,49,Retail,PayPal,COUPON9-Z-,13.27,AUD
402302,2024-01-27T15:36:17,2024-01-27,234,30,Online,PayPal,COUPONZZA0,11.05,AUD
402335,2024-01-27T14:02:26,2024-01-27,796,49,Online,PayPal,COUPONZZ9-,2.79,AUD
402390,2024-01-27T06:01:40,2024-01-27,663,29,Retail,Afterpay,COUPONAZ--,5.78,AUD
402462,2024-01-27T10:16:56,2024-01-27,31,28,Retail,Afterpay,COUPON0A--,12.55,AUD
402504,2024-01-27T11:46:49,2024-01-27,343,17,Retail,PayPal,COUPON-090,0.97,AUD
402896,2024-01-27T07:18:05,2024-01-27,498,28,Retail,Credit Card,COUPON-ZA9,10.03,AUD
403021,2024-01-27T15:01:47,2024-01-27,51,19,Online,Credit Card,COUPON0A-0,14.9,AUD
403022,2024-01-27T13:05:54,2024-01-27,575,15,Online,Credit Card,COUPONZ0ZZ,16.89,AUD
403099,2024-01-27T20:05:42,2024-01-27,297,41,Retail,PayPal,COUPON--0A,4.66,AUD
403148,2024-01-27T07:08:19,2024-01-27,534,7,Retail,Credit Card,COUPONZZA9,11.45,AUD
403335,2024-01-27T08:16:11,2024-01-27,388,45,Retail,Afterpay,COUPONA09Z,8.99,AUD
403411,2024-01-27T03:36:23,2024-01-27,124,21,Retail,PayPal,COUPONA---,17.46,AUD
403430,2024-01-27T23:58:41,2024-01-27,504,18,Retail,PayPal,COUPONA0ZZ,3.29,AUD
403569,2024-01-27T02:35:48,2024-01-27,378,8,Online,Afterpay,COUPON--Z0,18.81,AUD
403722,2024-01-27T20:39:17,2024-01-27,359,3,Retail,Credit Card,COUPON0-9-,18.9,AUD
404231,2024-01-27T01:24:44,2024-01-27,440,30,Retail,PayPal,COUPON--Z-,12.03,AUD
404282,2024-01-27T11:48:13,2024-01-27,495,2,Retail,PayPal,COUPON09--,15.22,AUD
404334,2024-01-27T09:10:26,2024-01-27,39,8,Retail,Credit Card,COUPON990Z,18.73,AUD
404368,2024-01-27T08:40:02,2024-01-27,38,47,Retail,Credit Card,COUPON9Z0Z,11.5,AUD
404397,2024-01-27T10:34:30,2024-01-27,272,28,Retail,Afterpay,COUPON9A9-,19.12,AUD
404414,2024-01-27T15:39:45,2024-01-27,356,43,Retail,Credit Card,COUPON9A0-,15.81,AUD
404460,2024-01-27T23:30:10,2024-01-27,774,28,Online,Credit Card,COUPONZ0ZZ,14.95,AUD
404499,2024-01-27T00:50:35,2024-01-27,371,25,Retail,Afterpay,COUPON90A-,3.93,AUD
404584,2024-01-27T18:17:44,2024-01-27,432,36,Online,Credit Card,COUPON-Z-A,12.62,AUD
404784,2024-01-27T21:51:33,2024-01-27,239,12,Retail,Credit Card,COUPON9---,11.56,AUD
404806,2024-01-27T22:55:15,2024-01-27,159,19,Retail,Credit Card,COUPON-0-0,16.61,AUD
404960,2024-01-27T04:29:51,2024-01-27,25,23,Online,Afterpay,COUPON0Z-Z,13.01,AUD
405354,2024-01-27T06:19:30,2024-01-27,553,32,Retail,Afterpay,COUPON-9A9,11.37,AUD
405811,2024-01-27T16:04:52,2024-01-27,761,43,Retail,PayPal,COUPONAA99,10.03,AUD
405895,2024-01-27T22:57:57,2024-01-27,313,48,Online,Credit Card,COUPONZ--9,5.62,AUD
405981,2024-01-27T01:00:29,2024-01-27,740,39,Online,Credit Card,COUPON0AZ0,10.02,AUD
406138,2024-01-27T01:55:23,2024-01-27,306,44,Online,Credit Card,COUPON--00,1.34,AUD
406280,2024-01-27T10:00:41,2024-01-27,56,38,Retail,PayPal,COUPON-0-Z,17.02,AUD
406372,2024-01-27T08:24:31,2024-01-27,356,40,Retail,Afterpay,COUPONA--A,18.34,AUD
406428,2024-01-27T17:46:59,2024-01-27,128,17,Online,Afterpay,COUPON09Z-,12.83,AUD
406625,2024-01-27T17:35:49,2024-01-27,459,5,Online,Afterpay,COUPON90AA,18.36,AUD
406672,2024-01-27T18:51:29,2024-01-27,583,10,Online,PayPal,COUPON9A--,13.61,AUD
406693,2024-01-27T09:38:39,2024-01-27,341,17,Retail,Credit Card,COUPONZ00A,12.64,AUD
406790,2024-01-27T22:36:27,2024-01-27,795,18,Retail,PayPal,COUPONZ-00,12.3,AUD
406820,2024-01-27T23:31:49,2024-01-27,742,14,Retail,Afterpay,COUPON0AZA,5.06,AUD
406821,2024-01-27T12:59:40,2024-01-27,667,47,Online,Credit Card,COUPONZ0Z9,3.53,AUD
406864,2024-01-27T01:39:13,2024-01-27,253,39,Retail,PayPal,COUPONZ---,7.95,AUD
406979,2024-01-27T07:48:49,2024-01-27,25,36,Online,PayPal,COUPONA-0-,19.41,AUD
407143,2024-01-27T14:02:20,2024-01-27,326,14,Online,Afterpay,COUPON-9AA,19.68,AUD
407263,2024-01-27T08:34:54,2024-01-27,312,40,Retail,Afterpay,COUPON09AA,12.89,AUD
407365,2024-01-27T01:12:54,2024-01-27,385,27,Online,PayPal,COUPON00ZA,18.3,AUD
407433,2024-01-27T22:56:28,2024-01-27,494,22,Retail,Credit Card,COUPON0A-9,17.23,AUD
407474,2024-01-27T03:03:58,2024-01-27,262,21,Online,Afterpay,COUPON-90-,16.79,AUD
407566,2024-01-27T07:30:27,2024-01-27,702,21,Online,PayPal,COUPON9A-0,6.3,AUD
407631,2024-01-27T15:01:20,2024-01-27,560,26,Retail,PayPal,COUPON-Z0Z,13.69,AUD
407814,2024-01-27T01:20:21,2024-01-27,102,43,Online,Afterpay,COUPON-0-A,1.57,AUD
407852,2024-01-27T12:15:07,2024-01-27,82,1,Retail,Afterpay,COUPONZ9-Z,4.51,AUD
407885,2024-01-27T23:34:59,2024-01-27,222,3,Retail,Afterpay,COUPONA9ZZ,13.34,AUD
407912,2024-01-27T20:21:00,2024-01-27,180,30,Retail,Credit Card,COUPONZ---,16.83,AUD
407994,2024-01-27T10:00:27,2024-01-27,86,23,Online,PayPal,COUPON9Z9-,15.59,AUD
408010,2024-01-27T22:56:51,2024-01-27,245,17,Retail,Credit Card,COUPON--Z0,6.01,AUD
408056,2024-01-27T09:37:42,2024-01-27,348,45,Online,Credit Card,COUPONZ--0,7.94,AUD
408137,2024-01-27T22:10:17,2024-01-27,315,42,Online,Afterpay,COUPONAAZ9,3.29,AUD
408197,2024-01-27T18:09:54,2024-01-27,145,26,Retail,Afterpay,COUPONZ-A0,15.46,AUD
408239,2024-01-27T05:35:47,2024-01-27,621,34,Retail,Afterpay,COUPON9Z9A,17.57,AUD
408297,2024-01-27T15:41:24,2024-01-27,70,41,Retail,Credit Card,COUPON-Z-Z,10.22,AUD
408368,2024-01-27T22:33:56,2024-01-27,168,15,Online,PayPal,COUPON9-Z-,7.11,AUD
408609,2024-01-27T20:28:20,2024-01-27,692,8,Retail,PayPal,COUPONZZZ-,0.42,AUD
408749,2024-01-27T05:34:03,2024-01-27,773,7,Retail,Credit Card,COUPONZ9-0,1.22,AUD
408998,2024-01-27T10:29:10,2024-01-27,615,49,Retail,Afterpay,COUPON-9-A,10.63,AUD
409059,2024-01-27T22:49:00,2024-01-27,168,35,Online,Credit Card,COUPON-990,6.19,AUD
409070,2024-01-27T11:37:26,2024-01-27,587,47,Retail,Credit Card,COUPONAA-9,11.08,AUD
409244,2024-01-27T10:42:25,2024-01-27,475,26,Online,PayPal,COUPONZ-A0,8.12,AUD
409269,2024-01-27T10:11:09,2024-01-27,592,5,Retail,Credit Card,COUPON9-AA,12.31,AUD
409346,2024-01-27T06:13:21,2024-01-27,267,36,Online,Afterpay,COUPON--ZA,2.81,AUD
409369,2024-01-27T16:43:36,2024-01-27,299,17,Retail,Credit Card,COUPON90Z-,10.02,AUD
409462,2024-01-27T06:43:00,2024-01-27,579,6,Online,Afterpay,COUPON-09-,15.79,AUD
409480,2024-01-27T12:17:35,2024-01-27,71,40,Retail,Credit Card,COUPON9---,14.27,AUD
409601,2024-01-27T09:20:00,2024-01-27,433,29,Retail,PayPal,COUPON9---,10.97,AUD
409672,2024-01-27T21:33:40,2024-01-27,185,25,Online,Afterpay,COUPON-Z90,13.42,AUD
409717,2024-01-27T11:38:16,2024-01-27,603,7,Online,PayPal,COUPON--00,3.0,AUD
409728,2024-01-27T06:59:52,2024-01-27,207,23,Retail,Credit Card,COUPON0-A0,9.1,AUD
409763,2024-01-27T18:05:54,2024-01-27,502,16,Retail,Afterpay,COUPON0AA-,8.13,AUD
409781,2024-01-27T19:54:58,2024-01-27,629,39,Online,Credit Card,COUPON--0A,5.79,AUD
409908,2024-01-27T07:34:00,2024-01-27,359,37,Online,Afterpay,COUPONAAA-,17.4,AUD
410130,2024-01-27T13:59:57,2024-01-27,405,2,Retail,PayPal,COUPON---Z,0.47,AUD
410173,2024-01-27T05:16:18,2024-01-27,312,25,Retail,Credit Card,COUPON09Z-,14.23,AUD
410231,2024-01-27T03:10:34,2024-01-27,447,42,Online,Credit Card,COUPON-ZA-,11.87,AUD
410415,2024-01-27T23:02:09,2024-01-27,347,11,Retail,Afterpay,COUPON0-AZ,11.36,AUD
410423,2024-01-27T22:53:08,2024-01-27,633,4,Retail,Afterpay,COUPON9-Z9,13.95,AUD
410468,2024-01-27T18:38:32,2024-01-27,599,1,Retail,PayPal,COUPONA009,8.88,AUD
410520,2024-01-27T20:50:50,2024-01-27,609,45,Online,PayPal,COUPON-00-,15.32,AUD
410610,2024-01-27T21:40:26,2024-01-27,776,47,Retail,PayPal,COUPONZA0-,3.73,AUD
410618,2024-01-27T13:15:16,2024-01-27,85,15,Retail,Credit Card,COUPON99--,17.84,AUD
410621,2024-01-27T05:09:35,2024-01-27,567,41,Retail,Credit Card,COUPON--A-,1.21,AUD
410985,2024-01-27T07:11:07,2024-01-27,317,35,Online,PayPal,COUPON9ZA9,8.89,AUD
411056,2024-01-27T20:37:06,2024-01-27,665,48,Retail,Afterpay,COUPON09-Z,0.54,AUD
411085,2024-01-27T17:19:51,2024-01-27,549,44,Retail,Afterpay,COUPON-ZZ-,3.71,AUD
411096,2024-01-27T00:10:52,2024-01-27,349,34,Retail,Credit Card,COUPON0A0-,3.17,AUD
411108,2024-01-27T03:36:18,2024-01-27,215,32,Retail,Credit Card,COUPON-ZZ9,3.0,AUD
411111,2024-01-27T04:40:16,2024-01-27,40,49,Online,Afterpay,COUPON0999,9.23,AUD
411611,2024-01-27T15:25:01,2024-01-27,489,17,Retail,Afterpay,COUPON-A--,0.03,AUD
411738,2024-01-27T15:14:22,2024-01-27,677,46,Online,PayPal,COUPON9A-Z,10.51,AUD
411994,2024-01-27T20:35:54,2024-01-27,201,13,Retail,Afterpay,COUPON-09Z,3.32,AUD
412005,2024-01-27T03:19:50,2024-01-27,458,33,Online,PayPal,COUPON-ZZZ,1.46,AUD
412009,2024-01-27T08:16:48,2024-01-27,143,11,Retail,Afterpay,COUPONA-Z-,6.36,AUD
412072,2024-01-27T02:31:04,2024-01-27,745,7,Retail,PayPal,COUPON-AAA,8.29,AUD
412320,2024-01-27T19:41:09,2024-01-27,371,25,Retail,Credit Card,COUPON9-A0,20.0,AUD
412697,2024-01-27T13:18:57,2024-01-27,792,17,Online,Credit Card,COUPONZZZ-,4.09,AUD
412767,2024-01-27T22:27:46,2024-01-27,59,35,Online,Credit Card,COUPONZA-0,19.84,AUD
412881,2024-01-27T04:34:55,2024-01-27,436,12,Online,Afterpay,COUPONAZ-0,10.95,AUD
412970,2024-01-27T17:51:58,2024-01-27,252,1,Online,Credit Card,COUPON9-0-,2.86,AUD
412985,2024-01-27T14:21:10,2024-01-27,85,32,Retail,Credit Card,COUPONA9--,3.5,AUD
413231,2024-01-27T12:01:57,2024-01-27,340,49,Online,Credit Card,COUPONZ99-,19.6,AUD
413280,2024-01-27T22:52:37,2024-01-27,358,34,Retail,Afterpay,COUPON9AA-,16.73,AUD
413299,2024-01-27T23:25:16,2024-01-27,595,26,Online,Afterpay,COUPON9900,2.31,AUD
413316,2024-01-27T15:54:03,2024-01-27,121,6,Online,PayPal,COUPON09AZ,11.33,AUD
413348,2024-01-27T07:55:01,2024-01-27,332,32,Retail,Credit Card,COUPON-000,18.9,AUD
413383,2024-01-27T18:10:47,2024-01-27,720,14,Online,Afterpay,COUPON9AAZ,5.5,AUD
413390,2024-01-27T03:25:33,2024-01-27,180,25,Online,Afterpay,COUPONA-ZA,18.13,AUD
413685,2024-01-27T18:54:09,2024-01-27,422,15,Online,PayPal,COUPON00A-,2.92,AUD
413999,2024-01-27T22:45:57,2024-01-27,655,44,Online,Credit Card,COUPON---9,15.57,AUD
414175,2024-01-27T20:05:58,2024-01-27,150,9,Online,Afterpay,COUPON-0A9,10.46,AUD
414301,2024-01-27T17:55:01,2024-01-27,372,29,Retail,Credit Card,COUPON-0Z-,16.4,AUD
414363,2024-01-27T00:46:40,2024-01-27,684,44,Retail,Credit Card,COUPONAZ9A,14.83,AUD
414585,2024-01-27T15:31:34,2024-01-27,251,9,Online,PayPal,COUPON-9AA,6.19,AUD
414605,2024-01-27T21:43:21,2024-01-27,605,14,Retail,PayPal,COUPONAZA0,6.62,AUD
414678,2024-01-27T07:34:50,2024-01-27,55,46,Online,PayPal,COUPON-Z-Z,14.89,AUD
414779,2024-01-27T05:10:48,2024-01-27,343,41,Retail,Credit Card,COUPON-9Z9,6.17,AUD
415021,2024-01-27T08:11:20,2024-01-27,5,1,Online,PayPal,COUPON-9A-,0.94,AUD
415120,2024-01-27T21:25:52,2024-01-27,707,12,Retail,Afterpay,COUPON---A,19.09,AUD
415252,2024-01-27T01:14:46,2024-01-27,108,2,Retail,PayPal,COUPONZZ99,15.5,AUD
415276,2024-01-27T16:15:37,2024-01-27,557,12,Online,Credit Card,COUPONZ--A,5.59,AUD
415320,2024-01-27T01:59:06,2024-01-27,13,44,Retail,PayPal,COUPON-99-,2.24,AUD
415338,2024-01-27T09:58:31,2024-01-27,191,41,Online,Afterpay,COUPONAZZ-,3.52,AUD
415453,2024-01-27T09:36:23,2024-01-27,729,38,Online,Afterpay,COUPON0Z-9,13.39,AUD
415505,2024-01-27T16:44:15,2024-01-27,601,39,Retail,Afterpay,COUPONZZ00,17.95,AUD
415587,2024-01-27T03:27:15,2024-01-27,374,7,Retail,Afterpay,COUPON-AZA,0.31,AUD
415752,2024-01-27T18:17:19,2024-01-27,370,5,Online,Afterpay,COUPONZ-90,19.33,AUD
415754,2024-01-27T12:15:30,2024-01-27,693,43,Online,PayPal,COUPON9-Z0,6.0,AUD
416045,2024-01-27T10:39:26,2024-01-27,109,24,Online,Afterpay,COUPON0---,17.95,AUD
416052,2024-01-27T09:46:49,2024-01-27,260,30,Retail,Credit Card,COUPON-9-9,12.21,AUD
416133,2024-01-27T05:12:45,2024-01-27,336,3,Online,Afterpay,COUPONA0Z-,2.03,AUD
416340,2024-01-27T01:36:32,2024-01-27,507,1,Online,Credit Card,COUPONAA9-,7.07,AUD
416388,2024-01-27T06:56:42,2024-01-27,28,38,Retail,PayPal,COUPON-09-,6.88,AUD
416441,2024-01-27T13:48:24,2024-01-27,135,49,Online,Credit Card,COUPON----,12.9,AUD
417222,2024-01-27T19:17:14,2024-01-27,177,39,Retail,PayPal,COUPON0Z-9,4.23,AUD
417337,2024-01-27T04:24:00,2024-01-27,546,1,Retail,Credit Card,COUPON--9A,10.55,AUD
417371,2024-01-27T00:44:39,2024-01-27,93,2,Online,Afterpay,COUPON-9A0,19.32,AUD
417499,2024-01-27T19:55:57,2024-01-27,310,30,Online,Credit Card,COUPON9---,3.35,AUD
417540,2024-01-27T06:36:20,2024-01-27,672,35,Online,Afterpay,COUPONA9--,14.05,AUD
417797,2024-01-27T08:47:35,2024-01-27,525,21,Online,PayPal,COUPON0-09,9.21,AUD
417822,2024-01-27T10:55:34,2024-01-27,730,18,Retail,Credit Card,COUPONZZZ0,17.83,AUD
418011,2024-01-27T08:21:23,2024-01-27,48,8,Retail,Afterpay,COUPONZ---,5.78,AUD
418121,2024-01-27T03:16:51,2024-01-27,584,44,Retail,Afterpay,COUPON0--Z,11.21,AUD
418188,2024-01-27T04:47:26,2024-01-27,270,11,Online,PayPal,COUPON000-,0.01,AUD
418228,2024-01-27T22:42:03,2024-01-27,214,9,Retail,Credit Card,COUPON90-9,6.59,AUD
418379,2024-01-27T19:33:54,2024-01-27,219,27,Retail,Credit Card,COUPON-ZA-,6.3,AUD
418398,2024-01-27T22:27:59,2024-01-27,614,32,Retail,Credit Card,COUPON90A0,6.08,AUD
418559,2024-01-27T01:39:22,2024-01-27,291,4,Retail,Credit Card,COUPON-AA-,0.94,AUD
418567,2024-01-27T10:29:13,2024-01-27,611,43,Retail,PayPal,COUPONAZ-A,19.72,AUD
418704,2024-01-27T11:02:53,2024-01-27,378,8,Retail,Credit Card,COUPON-A--,6.26,AUD
418871,2024-01-27T19:25:16,2024-01-27,226,5,Retail,Afterpay,COUPONZAA0,13.63,AUD
418930,2024-01-27T23:38:41,2024-01-27,208,35,Retail,Afterpay,COUPON0ZAA,13.76,AUD
418968,2024-01-27T06:29:33,2024-01-27,127,1,Retail,Credit Card,COUPON--00,0.67,AUD
419120,2024-01-27T06:58:01,2024-01-27,377,36,Online,Afterpay,COUPON0A--,10.72,AUD
419123,2024-01-27T21:08:22,2024-01-27,35,29,Online,Credit Card,COUPON--90,17.34,AUD
419254,2024-01-27T05:58:12,2024-01-27,590,32,Online,PayPal,COUPONZ-A-,7.96,AUD
419279,2024-01-27T11:37:31,2024-01-27,576,47,Retail,PayPal,COUPON-A--,17.19,AUD
419384,2024-01-27T14:25:02,2024-01-27,503,38,Retail,Credit Card,COUPONZZ--,18.41,AUD
419413,2024-01-27T18:42:29,2024-01-27,286,24,Retail,PayPal,COUPON9-A-,6.25,AUD
419442,2024-01-27T02:08:03,2024-01-27,369,36,Online,PayPal,COUPON0-9A,17.94,AUD
419463,2024-01-27T15:27:07,2024-01-27,70,27,Online,Credit Card,COUPONA0-9,14.76,AUD
419548,2024-01-27T09:27:35,2024-01-27,562,39,Online,Afterpay,COUPON-0ZZ,3.72,AUD
419602,2024-01-27T22:18:18,2024-01-27,126,24,Online,Afterpay,COUPONA0Z-,12.97,AUD
419604,2024-01-27T08:29:11,2024-01-27,362,32,Retail,PayPal,COUPON-Z--,5.65,AUD
419725,2024-01-27T19:53:14,2024-01-27,427,33,Retail,PayPal,COUPON---0,10.33,AUD
419834,2024-01-27T05:00:41,2024-01-27,305,9,Retail,PayPal,COUPON0-0-,13.47,AUD
419875,2024-01-27T16:22:13,2024-01-27,260,36,Retail,Credit Card,COUPON-9-Z,9.78,AUD
419959,2024-01-27T04:57:53,2024-01-27,64,41,Online,Afterpay,COUPON--00,10.05,AUD
419968,2024-01-27T00:10:03,2024-01-27,319,2,Online,Afterpay,COUPONAZA-,3.74,AUD
420132,2024-01-27T07:18:24,2024-01-27,342,40,Retail,PayPal,COUPON9-Z0,6.89,AUD
420177,2024-01-27T05:23:51,2024-01-27,317,18,Retail,PayPal,COUPON0A-A,11.48,AUD
420288,2024-01-27T01:01:50,2024-01-27,341,38,Online,Credit Card,COUPON--ZZ,2.47,AUD
420444,2024-01-27T07:12:16,2024-01-27,477,15,Online,Credit Card,COUPONA00-,10.64,AUD
420520,2024-01-27T10:43:04,2024-01-27,545,42,Online,PayPal,COUPONZZAA,2.77,AUD
420651,2024-01-27T12:06:12,2024-01-27,730,38,Online,PayPal,COUPON9ZAA,0.41,AUD
420911,2024-01-27T13:46:13,2024-01-27,69,45,Retail,Credit Card,COUPONA909,14.31,AUD
420981,2024-01-27T18:25:39,2024-01-27,601,36,Retail,Afterpay,COUPONZ09-,8.2,AUD
421041,2024-01-27T23:50:09,2024-01-27,399,24,Retail,Afterpay,COUPON0Z9A,3.51,AUD
421073,2024-01-27T12:19:25,2024-01-27,304,42,Online,Afterpay,COUPON0-99,10.36,AUD
421271,2024-01-27T19:05:15,2024-01-27,685,40,Retail,PayPal,COUPONAA-9,1.0,AUD
421397,2024-01-27T19:26:02,2024-01-27,500,44,Online,Credit Card,COUPON00ZA,11.97,AUD
421476,2024-01-27T13:07:33,2024-01-27,125,10,Online,Credit Card,COUPON9A9Z,5.96,AUD
421484,2024-01-27T10:44:12,2024-01-27,238,8,Online,PayPal,COUPON0Z-0,16.98,AUD
421520,2024-01-27T07:27:01,2024-01-27,725,39,Retail,PayPal,COUPONZ-Z9,0.82,AUD
421554,2024-01-27T05:40:51,2024-01-27,473,40,Online,Credit Card,COUPONA9-9,18.12,AUD
421634,2024-01-27T22:32:27,2024-01-27,45,14,Retail,Afterpay,COUPON-00A,8.06,AUD
421776,2024-01-27T16:14:58,2024-01-27,169,16,Retail,PayPal,COUPON9-A0,12.45,AUD
421898,2024-01-27T07:40:19,2024-01-27,580,33,Online,Credit Card,COUPON-Z0-,9.12,AUD
421926,2024-01-27T18:33:29,2024-01-27,338,24,Retail,Afterpay,COUPONA-00,11.89,AUD
421943,2024-01-27T05:11:24,2024-01-27,681,19,Retail,Afterpay,COUPONZZZZ,18.06,AUD
421960,2024-01-27T16:13:50,2024-01-27,653,39,Online,PayPal,COUPONA9-9,11.74,AUD
422011,2024-01-27T01:57:55,2024-01-27,372,4,Online,Afterpay,COUPON-09-,1.8,AUD
422154,2024-01-27T14:43:42,2024-01-27,685,8,Online,Afterpay,COUPON--99,4.05,AUD
422156,2024-01-27T04:42:28,2024-01-27,528,25,Retail,Credit Card,COUPON-ZZA,1.34,AUD
422243,2024-01-27T19:37:43,2024-01-27,598,16,Online,Afterpay,COUPON0ZZZ,15.19,AUD
422301,2024-01-27T00:21:32,2024-01-27,774,39,Retail,Afterpay,COUPON---9,3.34,AUD
422302,2024-01-27T07:36:21,2024-01-27,560,7,Retail,Afterpay,COUPON00A-,0.96,AUD
422436,2024-01-27T16:39:29,2024-01-27,419,22,Online,Afterpay,COUPON--A9,18.31,AUD
422446,2024-01-27T15:46:06,2024-01-27,431,44,Online,PayPal,COUPON0-Z0,15.39,AUD
422466,2024-01-27T06:17:15,2024-01-27,329,35,Online,Afterpay,COUPON9A9-,15.19,AUD
422556,2024-01-27T00:35:38,2024-01-27,370,24,Retail,PayPal,COUPON-0Z-,11.39,AUD
422563,2024-01-27T19:01:59,2024-01-27,42,37,Online,Afterpay,COUPON0-AA,7.07,AUD
422728,2024-01-27T11:49:09,2024-01-27,685,23,Online,Afterpay,COUPONZ9-A,11.11,AUD
422868,2024-01-27T13:28:18,2024-01-27,693,18,Online,Afterpay,COUPONA00-,10.2,AUD
422870,2024-01-27T21:10:03,2024-01-27,698,1,Online,PayPal,COUPON9Z--,11.45,AUD
423047,2024-01-27T16:08:16,2024-01-27,657,35,Online,Credit Card,COUPONZA0Z,12.7,AUD
423049,2024-01-27T18:22:54,2024-01-27,619,7,Retail,PayPal,COUPON9ZAA,11.5,AUD
423133,2024-01-27T06:50:39,2024-01-27,628,30,Online,PayPal,COUPON-A00,17.51,AUD
423153,2024-01-27T12:33:11,2024-01-27,399,33,Retail,Afterpay,COUPON---0,8.54,AUD
423261,2024-01-27T12:37:38,2024-01-27,475,13,Retail,Afterpay,COUPON-9-0,0.95,AUD
423298,2024-01-27T05:46:50,2024-01-27,36,17,Online,Afterpay,COUPON99--,7.9,AUD
423312,2024-01-27T03:40:49,2024-01-27,1,43,Online,Credit Card,COUPONZ9A-,2.33,AUD
423341,2024-01-27T03:39:33,2024-01-27,121,44,Retail,PayPal,COUPON0Z--,12.25,AUD
423792,2024-01-27T11:29:02,2024-01-27,425,6,Online,PayPal,COUPONAAZA,10.0,AUD
423993,2024-01-27T04:23:02,2024-01-27,537,39,Retail,Credit Card,COUPON00A-,13.94,AUD
424022,2024-01-27T15:12:36,2024-01-27,173,26,Online,Credit Card,COUPONZZ-Z,14.41,AUD
424037,2024-01-27T08:52:15,2024-01-27,636,6,Retail,PayPal,COUPON0-ZZ,14.05,AUD
424140,2024-01-27T01:30:38,2024-01-27,355,35,Online,PayPal,COUPONZ-AZ,12.82,AUD
424473,2024-01-27T12:14:56,2024-01-27,233,46,Online,Credit Card,COUPON09Z-,13.29,AUD
424579,2024-01-27T02:37:57,2024-01-27,117,8,Retail,Credit Card,COUPON00-A,4.66,AUD
424733,2024-01-27T17:20:31,2024-01-27,323,31,Online,PayPal,COUPONA-A0,8.8,AUD
424902,2024-01-27T14:33:33,2024-01-27,260,22,Retail,Credit Card,COUPONZZ0-,14.05,AUD
424912,2024-01-27T20:51:21,2024-01-27,62,43,Online,PayPal,COUPONA-Z9,17.38,AUD
424963,2024-01-27T08:01:20,2024-01-27,580,20,Retail,PayPal,COUPON-A--,15.19,AUD
425017,2024-01-27T09:24:25,2024-01-27,118,16,Retail,Credit Card,COUPON-Z-A,10.91,AUD
425147,2024-01-27T10:33:04,2024-01-27,223,46,Online,Credit Card,COUPON-00Z,16.29,AUD
425298,2024-01-27T16:08:55,2024-01-27,538,33,Online,PayPal,COUPONZA--,3.87,AUD
425357,2024-01-27T02:12:35,2024-01-27,341,38,Retail,PayPal,COUPON0A9A,7.45,AUD
425474,2024-01-27T13:07:33,2024-01-27,40,23,Retail,PayPal,COUPONAA9Z,12.94,AUD
425832,2024-01-27T21:36:47,2024-01-27,304,3,Retail,Afterpay,COUPON--A0,1.77,AUD
425921,2024-01-27T14:43:20,2024-01-27,16,35,Online,Afterpay,COUPONZ9Z9,18.52,AUD
425969,2024-01-27T16:05:33,2024-01-27,197,8,Online,Afterpay,COUPON-Z9A,1.95,AUD
425984,2024-01-27T16:35:01,2024-01-27,29,22,Online,Credit Card,COUPONZZ-9,13.43,AUD
426024,2024-01-27T06:26:31,2024-01-27,498,11,Online,PayPal,COUPONZ0-A,8.88,AUD
426116,2024-01-27T05:45:10,2024-01-27,34,24,Online,Afterpay,COUPON---Z,2.92,AUD
426175,2024-01-27T07:18:03,2024-01-27,557,5,Online,PayPal,COUPON-Z0-,16.94,AUD
426252,2024-01-27T11:44:18,2024-01-27,275,25,Online,Credit Card,COUPONZ0AA,9.64,AUD
426292,2024-01-27T18:04:18,2024-01-27,711,23,Online,PayPal,COUPON-0Z0,12.61,AUD
426334,2024-01-27T20:46:06,2024-01-27,661,10,Retail,PayPal,COUPONA9-9,4.1,AUD
426361,2024-01-27T23:02:06,2024-01-27,666,42,Online,Afterpay,COUPON-90Z,17.33,AUD
426395,2024-01-27T19:54:49,2024-01-27,782,20,Online,Credit Card,COUPON-0--,17.53,AUD
426398,2024-01-27T15:24:20,2024-01-27,149,49,Retail,Credit Card,COUPON-A-9,4.9,AUD
426415,2024-01-27T03:17:11,2024-01-27,68,36,Online,Afterpay,COUPON9--0,19.88,AUD
426528,2024-01-27T12:59:17,2024-01-27,188,46,Online,Credit Card,COUPON9-A0,16.46,AUD
426783,2024-01-27T00:37:58,2024-01-27,304,22,Online,PayPal,COUPON9--0,6.0,AUD
427383,2024-01-27T13:56:20,2024-01-27,710,16,Retail,Credit Card,COUPON-9-A,6.6,AUD
427390,2024-01-27T12:29:32,2024-01-27,589,27,Online,PayPal,COUPON---0,6.77,AUD
427419,2024-01-27T19:55:24,2024-01-27,175,2,Retail,Afterpay,COUPON9A-Z,5.47,AUD
427489,2024-01-27T19:22:55,2024-01-27,548,36,Retail,Afterpay,COUPONZ9--,14.75,AUD
427694,2024-01-27T19:03:22,2024-01-27,586,6,Online,Afterpay,COUPON0-A-,0.94,AUD
427700,2024-01-27T06:46:16,2024-01-27,134,32,Retail,PayPal,COUPON--AZ,15.35,AUD
427775,2024-01-27T12:49:43,2024-01-27,374,42,Retail,PayPal,COUPON-A99,14.81,AUD
427971,2024-01-27T16:10:33,2024-01-27,232,28,Retail,PayPal,COUPONZ90-,10.72,AUD
428000,2024-01-27T09:23:47,2024-01-27,175,4,Online,Afterpay,COUPON-Z09,5.55,AUD
428029,2024-01-27T12:08:47,2024-01-27,478,42,Retail,PayPal,COUPON99--,15.7,AUD
428093,2024-01-27T06:42:12,2024-01-27,399,49,Retail,PayPal,COUPON9ZA0,19.45,AUD
428456,2024-01-27T10:23:02,2024-01-27,99,20,Online,PayPal,COUPON-A--,11.11,AUD
428704,2024-01-27T10:15:37,2024-01-27,235,23,Online,Afterpay,COUPONZ09Z,10.97,AUD
428731,2024-01-27T09:00:27,2024-01-27,763,1,Online,Credit Card,COUPON9---,16.88,AUD
428765,2024-01-27T05:08:30,2024-01-27,611,40,Online,PayPal,COUPONZAA-,11.04,AUD
428883,2024-01-27T07:20:02,2024-01-27,484,48,Retail,Afterpay,COUPONZZ-Z,19.44,AUD
429222,2024-01-27T22:53:05,2024-01-27,34,13,Online,Afterpay,COUPON-ZZ9,3.12,AUD
429259,2024-01-27T12:43:03,2024-01-27,553,18,Online,PayPal,COUPONA-9-,8.11,AUD
429340,2024-01-27T18:12:42,2024-01-27,746,13,Retail,PayPal,COUPON---A,14.93,AUD
429396,2024-01-27T06:50:56,2024-01-27,736,39,Online,Afterpay,COUPON0-AA,11.19,AUD
429490,2024-01-27T17:51:02,2024-01-27,374,22,Online,Credit Card,COUPON-A99,17.8,AUD
429579,2024-01-27T08:24:38,2024-01-27,758,36,Online,Credit Card,COUPON0-9A,17.66,AUD
429664,2024-01-27T21:45:35,2024-01-27,520,17,Retail,Credit Card,COUPON0A-9,13.99,AUD
429721,2024-01-27T16:47:37,2024-01-27,101,33,Retail,PayPal,COUPON0AAZ,10.55,AUD
429867,2024-01-27T06:28:31,2024-01-27,91,44,Retail,PayPal,COUPON9-Z9,13.23,AUD
429921,2024-01-27T11:49:34,2024-01-27,91,47,Retail,PayPal,COUPONAAZ-,12.76,AUD
429926,2024-01-27T04:09:39,2024-01-27,774,8,Retail,Credit Card,COUPON-9A0,11.47,AUD
429937,2024-01-27T01:31:06,2024-01-27,657,14,Online,PayPal,COUPON0A-0,5.37,AUD
429967,2024-01-27T13:08:08,2024-01-27,154,39,Online,Credit Card,COUPON0A-9,7.23,AUD
430145,2024-01-27T01:43:13,2024-01-27,547,35,Retail,Afterpay,COUPON99--,6.39,AUD
430274,2024-01-27T15:56:36,2024-01-27,443,25,Retail,Credit Card,COUPONZ990,6.95,AUD
430287,2024-01-27T01:07:44,2024-01-27,472,40,Online,PayPal,COUPON99-Z,2.66,AUD
430340,2024-01-27T18:28:37,2024-01-27,163,37,Retail,Credit Card,COUPONAZA9,5.57,AUD
430344,2024-01-27T15:04:44,2024-01-27,429,16,Retail,Credit Card,COUPONZ0--,8.97,AUD
430353,2024-01-27T14:48:41,2024-01-27,478,25,Online,Afterpay,COUPON0-ZZ,11.06,AUD
430364,2024-01-27T22:05:22,2024-01-27,138,44,Online,Afterpay,COUPONZAA0,9.77,AUD
430505,2024-01-27T23:01:30,2024-01-27,68,28,Retail,PayPal,COUPON-Z-0,16.34,AUD
430820,2024-01-27T08:46:14,2024-01-27,318,34,Retail,PayPal,COUPON9-ZA,6.81,AUD
430997,2024-01-27T00:49:11,2024-01-27,773,30,Retail,Afterpay,COUPON9A9Z,7.07,AUD
431012,2024-01-27T15:33:51,2024-01-27,30,43,Online,PayPal,COUPON9Z--,0.74,AUD
431297,2024-01-27T01:23:43,2024-01-27,127,6,Online,PayPal,COUPON0990,7.32,AUD
431315,2024-01-27T04:23:03,2024-01-27,265,32,Online,Credit Card,COUPON99-Z,2.51,AUD
431360,2024-01-27T19:15:14,2024-01-27,435,32,Retail,Afterpay,COUPON9-0-,2.15,AUD
431470,2024-01-27T19:33:30,2024-01-27,390,34,Retail,PayPal,COUPON---0,10.16,AUD
431597,2024-01-27T05:17:25,2024-01-27,442,3,Online,Credit Card,COUPONA--0,7.4,AUD
431608,2024-01-27T20:35:33,2024-01-27,322,21,Online,Credit Card,COUPON-9--,14.74,AUD
431648,2024-01-27T18:54:34,2024-01-27,107,11,Retail,PayPal,COUPON09A-,14.64,AUD
431931,2024-01-27T01:42:38,2024-01-27,111,13,Online,Credit Card,COUPON9-ZZ,1.38,AUD
431937,2024-01-27T03:01:02,2024-01-27,294,37,Online,PayPal,COUPON---9,13.63,AUD
431975,2024-01-27T03:52:03,2024-01-27,785,15,Retail,Afterpay,COUPONAZAZ,12.46,AUD
432046,2024-01-27T15:28:37,2024-01-27,230,30,Retail,Afterpay,COUPONAZZ0,11.55,AUD
432151,2024-01-27T01:58:30,2024-01-27,429,38,Online,Credit Card,COUPON---9,19.11,AUD
432187,2024-01-27T03:31:14,2024-01-27,616,19,Online,Credit Card,COUPONZ9-A,3.76,AUD
432232,2024-01-27T14:14:07,2024-01-27,123,37,Retail,Credit Card,COUPON----,1.19,AUD
432297,2024-01-27T09:59:26,2024-01-27,709,10,Online,PayPal,COUPON---9,11.57,AUD
432775,2024-01-27T07:47:49,2024-01-27,625,25,Retail,Credit Card,COUPON99-9,5.23,AUD
432861,2024-01-27T10:06:24,2024-01-27,733,13,Retail,PayPal,COUPONZAZ0,17.76,AUD
432982,2024-01-27T00:48:33,2024-01-27,210,10,Retail,Afterpay,COUPON9A0A,2.15,AUD
433002,2024-01-27T16:30:44,2024-01-27,331,35,Retail,Afterpay,COUPON9-9A,9.87,AUD
433113,2024-01-27T11:15:38,2024-01-27,4,18,Retail,PayPal,COUPONAZZ-,2.04,AUD
433259,2024-01-27T22:28:59,2024-01-27,417,2,Retail,PayPal,COUPON-09-,11.19,AUD
433286,2024-01-27T11:43:02,2024-01-27,323,18,Retail,Afterpay,COUPON00Z-,0.69,AUD
433296,2024-01-27T00:55:50,2024-01-27,776,15,Retail,Credit Card,COUPON-009,6.69,AUD
433303,2024-01-27T20:03:17,2024-01-27,592,16,Online,PayPal,COUPON009Z,6.0,AUD
433319,2024-01-27T03:52:34,2024-01-27,165,38,Online,Afterpay,COUPON-9A-,5.08,AUD
433508,2024-01-27T03:50:17,2024-01-27,229,27,Retail,Afterpay,COUPONA9-0,14.83,AUD
433563,2024-01-27T12:14:46,2024-01-27,289,3,Retail,Afterpay,COUPONA-A0,13.07,AUD
433606,2024-01-27T15:46:11,2024-01-27,705,7,Online,PayPal,COUPON9AAA,7.32,AUD
433942,2024-01-27T11:12:50,2024-01-27,557,47,Retail,Credit Card,COUPON99ZA,4.85,AUD
433949,2024-01-27T14:36:07,2024-01-27,203,7,Online,PayPal,COUPONA9A0,16.49,AUD
433986,2024-01-27T14:11:50,2024-01-27,644,28,Online,Credit Card,COUPONA-AZ,19.03,AUD
434080,2024-01-27T14:47:38,2024-01-27,391,48,Online,Credit Card,COUPONZ0--,8.27,AUD
434123,2024-01-27T23:45:42,2024-01-27,698,29,Online,Credit Card,COUPONZ-9A,10.46,AUD
434142,2024-01-27T13:03:49,2024-01-27,378,42,Retail,Credit Card,COUPON-0A-,11.18,AUD
434242,2024-01-27T22:42:44,2024-01-27,577,36,Retail,PayPal,COUPON9--0,5.47,AUD
434553,2024-01-27T13:06:49,2024-01-27,559,8,Online,Credit Card,COUPON--A0,10.11,AUD
434647,2024-01-27T06:52:34,2024-01-27,788,7,Online,Afterpay,COUPON0-9-,9.66,AUD
434744,2024-01-27T20:27:58,2024-01-27,346,35,Retail,PayPal,COUPON0ZZA,3.03,AUD
434905,2024-01-27T02:04:12,2024-01-27,403,36,Online,PayPal,COUPON--0A,14.3,AUD
434962,2024-01-27T20:20:37,2024-01-27,364,8,Online,Credit Card,COUPON-A0A,13.08,AUD
434983,2024-01-27T21:42:25,2024-01-27,34,28,Online,Credit Card,COUPONZ-Z9,9.28,AUD
435072,2024-01-27T22:11:13,2024-01-27,338,38,Online,Credit Card,COUPONZ9--,15.45,AUD
435112,2024-01-27T01:09:50,2024-01-27,4,32,Retail,Credit Card,COUPONAA-0,17.28,AUD
435271,2024-01-27T03:57:46,2024-01-27,652,25,Retail,Credit Card,COUPONAA-A,7.43,AUD
435333,2024-01-27T01:07:12,2024-01-27,221,37,Online,Credit Card,COUPON-A-0,18.04,AUD
435344,2024-01-27T06:51:00,2024-01-27,752,20,Online,Credit Card,COUPON09AZ,16.12,AUD
435460,2024-01-27T09:08:06,2024-01-27,488,48,Online,PayPal,COUPON-AZ-,5.16,AUD
435502,2024-01-27T11:26:33,2024-01-27,376,8,Retail,Afterpay,COUPON--Z-,19.92,AUD
435561,2024-01-27T15:16:59,2024-01-27,242,16,Retail,Afterpay,COUPON-AZ9,16.05,AUD
435678,2024-01-27T09:27:22,2024-01-27,740,38,Online,PayPal,COUPON-Z--,1.61,AUD
435806,2024-01-27T06:35:32,2024-01-27,234,13,Online,Afterpay,COUPONA-A0,12.27,AUD
435928,2024-01-27T10:50:29,2024-01-27,28,1,Online,Afterpay,COUPONZZ9A,7.23,AUD
436082,2024-01-27T18:04:47,2024-01-27,174,11,Retail,PayPal,COUPON-0-Z,1.34,AUD
436258,2024-01-27T16:24:18,2024-01-27,15,48,Retail,Afterpay,COUPON00AA,18.26,AUD
436439,2024-01-27T03:02:12,2024-01-27,385,11,Online,Credit Card,COUPON-Z--,6.12,AUD
436628,2024-01-27T21:24:23,2024-01-27,30,9,Retail,Credit Card,COUPONZ9-0,18.85,AUD
436643,2024-01-27T05:50:39,2024-01-27,528,15,Retail,Afterpay,COUPON909-,8.36,AUD
436777,2024-01-27T18:26:30,2024-01-27,593,19,Retail,PayPal,COUPON0-Z-,12.1,AUD
436801,2024-01-27T01:54:40,2024-01-27,202,43,Retail,PayPal,COUPON-Z-0,2.07,AUD
436816,2024-01-27T14:25:15,2024-01-27,550,34,Retail,Afterpay,COUPON--AZ,17.83,AUD
437063,2024-01-27T06:22:38,2024-01-27,625,19,Online,Credit Card,COUPON-0-A,11.42,AUD
437212,2024-01-27T05:31:47,2024-01-27,270,47,Online,PayPal,COUPONA000,7.39,AUD
437311,2024-01-27T19:03:09,2024-01-27,299,40,Retail,Credit Card,COUPON-0A0,18.74,AUD
437494,2024-01-27T03:54:32,2024-01-27,315,1,Online,Afterpay,COUPON9Z9-,0.65,AUD
437575,2024-01-27T05:55:42,2024-01-27,662,14,Online,PayPal,COUPON--ZA,0.24,AUD
437604,2024-01-27T19:17:31,2024-01-27,732,21,Online,Credit Card,COUPON--09,9.65,AUD
437614,2024-01-27T04:01:41,2024-01-27,164,40,Online,PayPal,COUPONA-09,0.41,AUD
437629,2024-01-27T16:45:25,2024-01-27,478,12,Retail,PayPal,COUPON09A0,1.67,AUD
437872,2024-01-27T02:40:40,2024-01-27,650,3,Retail,Credit Card,COUPON00-Z,7.97,AUD
437925,2024-01-27T06:31:51,2024-01-27,289,32,Online,Afterpay,COUPON--0-,8.01,AUD
438032,2024-01-27T08:54:27,2024-01-27,739,7,Retail,Credit Card,COUPON--0Z,15.85,AUD
438034,2024-01-27T02:13:51,2024-01-27,151,38,Online,Afterpay,COUPONAZ-9,11.72,AUD
438046,2024-01-27T17:59:34,2024-01-27,327,36,Online,Afterpay,COUPONZAZ9,5.63,AUD
438278,2024-01-27T10:01:42,2024-01-27,313,39,Retail,Afterpay,COUPON--A-,18.37,AUD
438280,2024-01-27T14:26:15,2024-01-27,689,3,Online,PayPal,COUPONAZAZ,8.07,AUD
438293,2024-01-27T03:56:19,2024-01-27,710,26,Online,Afterpay,COUPON9A-A,5.95,AUD
438299,2024-01-27T10:21:12,2024-01-27,781,1,Retail,PayPal,COUPONZZZ9,13.27,AUD
438350,2024-01-27T03:17:34,2024-01-27,164,43,Retail,Afterpay,COUPON-Z9-,12.24,AUD
438373,2024-01-27T09:25:24,2024-01-27,54,39,Retail,PayPal,COUPON90ZA,15.2,AUD
438720,2024-01-27T10:50:47,2024-01-27,187,12,Retail,Credit Card,COUPON-ZA-,7.0,AUD
438801,2024-01-27T05:49:03,2024-01-27,657,1,Online,Afterpay,COUPON-A-0,4.44,AUD
438871,2024-01-27T20:22:29,2024-01-27,296,24,Retail,PayPal,COUPONZ-Z-,19.56,AUD
439075,2024-01-27T10:45:47,2024-01-27,227,32,Online,Credit Card,COUPON90Z-,14.71,AUD
439356,2024-01-27T12:25:31,2024-01-27,607,49,Online,Afterpay,COUPON0--0,12.6,AUD
439384,2024-01-27T22:58:04,2024-01-27,767,22,Online,Afterpay,COUPONZ-ZA,16.68,AUD
439493,2024-01-27T07:02:57,2024-01-27,309,36,Retail,Credit Card,COUPONAA-A,7.01,AUD
439577,2024-01-27T11:38:26,2024-01-27,723,6,Online,Afterpay,COUPONZ-9-,19.17,AUD
439604,2024-01-27T17:49:12,2024-01-27,273,32,Retail,Afterpay,COUPON0--9,9.59,AUD
439682,2024-01-27T18:17:55,2024-01-27,14,7,Online,PayPal,COUPONA90Z,8.19,AUD
439694,2024-01-27T19:10:46,2024-01-27,173,42,Retail,Credit Card,COUPON--00,6.42,AUD
439706,2024-01-27T23:35:28,2024-01-27,142,3,Retail,Afterpay,COUPON0-ZZ,13.0,AUD
440025,2024-01-27T15:37:16,2024-01-27,544,18,Online,Credit Card,COUPON-9ZA,14.25,AUD
440061,2024-01-27T21:50:01,2024-01-27,27,35,Online,Credit Card,COUPON0ZA0,11.5,AUD
440078,2024-01-27T20:58:01,2024-01-27,623,30,Online,Afterpay,COUPON-Z-9,9.43,AUD
440091,2024-01-27T06:25:30,2024-01-27,773,12,Online,PayPal,COUPONZZA9,6.79,AUD
440128,2024-01-27T01:12:08,2024-01-27,269,44,Retail,Credit Card,COUPONZ-9-,13.28,AUD
440194,2024-01-27T08:53:33,2024-01-27,627,39,Retail,Afterpay,COUPONA0--,3.51,AUD
440243,2024-01-27T17:09:34,2024-01-27,144,7,Online,Afterpay,COUPON---9,13.01,AUD
440308,2024-01-27T18:00:04,2024-01-27,798,33,Retail,Credit Card,COUPON--ZA,19.84,AUD
440475,2024-01-27T04:33:31,2024-01-27,227,45,Retail,Credit Card,COUPON-009,7.6,AUD
440629,2024-01-27T16:54:32,2024-01-27,277,11,Online,Credit Card,COUPONAZZA,6.91,AUD
440655,2024-01-27T20:39:49,2024-01-27,497,30,Online,Afterpay,COUPONZ-AA,3.72,AUD
440712,2024-01-27T04:12:35,2024-01-27,162,21,Retail,PayPal,COUPON0---,6.06,AUD
440768,2024-01-27T15:40:26,2024-01-27,541,32,Online,Credit Card,COUPON00Z-,8.6,AUD
440827,2024-01-27T11:13:21,2024-01-27,139,6,Retail,Afterpay,COUPON9-9Z,3.7,AUD
440883,2024-01-27T22:34:36,2024-01-27,246,25,Retail,Afterpay,COUPON9AAZ,2.52,AUD
440922,2024-01-27T20:20:56,2024-01-27,686,25,Online,PayPal,COUPON-ZZ9,18.36,AUD
441051,2024-01-27T17:10:04,2024-01-27,660,45,Online,Credit Card,COUPONZ-Z-,1.9,AUD
441161,2024-01-27T15:14:20,2024-01-27,675,39,Retail,PayPal,COUPON-9AA,4.46,AUD
441195,2024-01-27T14:19:14,2024-01-27,209,46,Retail,PayPal,COUPONZ0A-,19.63,AUD
441215,2024-01-27T19:51:06,2024-01-27,554,39,Online,Credit Card,COUPON9A--,16.27,AUD
441221,2024-01-27T12:23:10,2024-01-27,115,10,Retail,Credit Card,COUPON-A-9,14.5,AUD
441275,2024-01-27T10:12:39,2024-01-27,257,8,Online,Afterpay,COUPON--0A,9.06,AUD
441496,2024-01-27T21:06:16,2024-01-27,351,22,Retail,PayPal,COUPON0A9A,19.64,AUD
441573,2024-01-27T08:32:07,2024-01-27,93,20,Retail,PayPal,COUPON--9-,0.71,AUD
441594,2024-01-27T09:24:27,2024-01-27,546,8,Retail,Afterpay,COUPONA-A-,16.45,AUD
441939,2024-01-27T02:48:51,2024-01-27,520,22,Retail,Afterpay,COUPON0-90,4.56,AUD
441978,2024-01-27T02:33:11,2024-01-27,390,9,Retail,Credit Card,COUPON099Z,11.32,AUD
442053,2024-01-27T06:06:03,2024-01-27,516,7,Retail,Credit Card,COUPON0AZ0,19.11,AUD
442096,2024-01-27T22:14:19,2024-01-27,263,42,Online,Afterpay,COUPON9---,3.47,AUD
442157,2024-01-27T10:22:55,2024-01-27,51,36,Retail,Afterpay,COUPON-0Z-,5.47,AUD
442368,2024-01-27T07:32:54,2024-01-27,64,17,Online,PayPal,COUPON---0,15.83,AUD
442407,2024-01-27T04:03:11,2024-01-27,276,39,Online,PayPal,COUPON-9-A,17.24,AUD
442442,2024-01-27T09:54:15,2024-01-27,237,7,Retail,PayPal,COUPON-Z-9,10.06,AUD
442485,2024-01-27T10:16:56,2024-01-27,536,43,Online,Afterpay,COUPON9A90,12.83,AUD
442497,2024-01-27T17:31:40,2024-01-27,621,3,Online,Credit Card,COUPON-9-9,18.57,AUD
442536,2024-01-27T15:10:19,2024-01-27,108,45,Retail,PayPal,COUPON9ZZ-,7.95,AUD
442746,2024-01-27T07:28:23,2024-01-27,44,14,Retail,PayPal,COUPONA-A9,19.07,AUD
442956,2024-01-27T01:51:23,2024-01-27,163,24,Online,Credit Card,COUPONZZZ0,2.43,AUD
443110,2024-01-27T20:20:39,2024-01-27,367,2,Retail,PayPal,COUPON9000,0.62,AUD
443607,2024-01-27T17:15:12,2024-01-27,62,18,Online,Afterpay,COUPON-A-0,6.41,AUD
443733,2024-01-27T04:30:50,2024-01-27,422,49,Retail,PayPal,COUPON9Z0-,5.8,AUD
443741,2024-01-27T19:02:42,2024-01-27,42,21,Retail,PayPal,COUPON-A--,5.59,AUD
443819,2024-01-27T20:26:21,2024-01-27,480,35,Online,Credit Card,COUPON9-ZZ,1.08,AUD
444055,2024-01-27T02:33:54,2024-01-27,277,38,Online,PayPal,COUPON-09Z,13.2,AUD
444079,2024-01-27T15:52:10,2024-01-27,678,31,Online,Credit Card,COUPON-09A,12.26,AUD
444125,2024-01-27T15:00:00,2024-01-27,634,31,Online,Credit Card,COUPONA09-,18.44,AUD
444181,2024-01-27T08:15:29,2024-01-27,626,18,Online,PayPal,COUPONZ-99,6.4,AUD
444238,2024-01-27T03:17:01,2024-01-27,79,20,Retail,Credit Card,COUPON0Z-Z,17.85,AUD
444323,2024-01-27T02:29:25,2024-01-27,759,11,Retail,Credit Card,COUPONZ-9-,6.92,AUD
444425,2024-01-27T10:39:17,2024-01-27,157,20,Retail,PayPal,COUPON--Z-,15.3,AUD
444484,2024-01-27T08:06:05,2024-01-27,235,20,Retail,PayPal,COUPON0Z-Z,14.26,AUD
444564,2024-01-27T09:11:59,2024-01-27,262,47,Retail,PayPal,COUPONA9A9,3.53,AUD
444753,2024-01-27T10:27:30,2024-01-27,570,21,Retail,Credit Card,COUPONA-Z-,5.49,AUD
444851,2024-01-27T15:58:08,2024-01-27,457,20,Retail,PayPal,COUPON-0ZA,7.73,AUD
444852,2024-01-27T01:08:16,2024-01-27,26,38,Retail,Afterpay,COUPONA0-9,3.97,AUD
444871,2024-01-27T00:25:52,2024-01-27,251,22,Retail,Afterpay,COUPON0--Z,10.45,AUD
444998,2024-01-27T11:45:12,2024-01-27,25,40,Online,PayPal,COUPONZ-99,2.58,AUD
445120,2024-01-27T10:20:01,2024-01-27,294,5,Online,Credit Card,COUPONZ9-Z,13.73,AUD
445428,2024-01-27T11:01:30,2024-01-27,409,48,Retail,PayPal,COUPON9-0A,0.92,AUD
445522,2024-01-27T08:16:16,2024-01-27,141,11,Retail,PayPal,COUPONZ99-,18.75,AUD
445552,2024-01-27T14:47:28,2024-01-27,549,46,Retail,Afterpay,COUPON-A9Z,14.83,AUD
445572,2024-01-27T11:46:45,2024-01-27,418,11,Online,Afterpay,COUPONZZA-,4.11,AUD
445592,2024-01-27T11:08:52,2024-01-27,22,28,Retail,Afterpay,COUPONZ0Z-,2.37,AUD
445594,2024-01-27T23:51:11,2024-01-27,210,34,Retail,PayPal,COUPON999-,10.63,AUD
445598,2024-01-27T20:56:05,2024-01-27,561,48,Online,Credit Card,COUPON9---,18.68,AUD
445682,2024-01-27T23:31:46,2024-01-27,742,9,Online,Credit Card,COUPONZZ-Z,7.13,AUD
445711,2024-01-27T10:16:35,2024-01-27,433,42,Retail,PayPal,COUPON-0-9,2.8,AUD
445931,2024-01-27T02:38:55,2024-01-27,631,6,Retail,Afterpay,COUPON9AA0,9.55,AUD
446192,2024-01-27T03:05:51,2024-01-27,606,26,Retail,Afterpay,COUPON9Z90,15.84,AUD
446835,2024-01-27T00:04:20,2024-01-27,671,39,Retail,PayPal,COUPONZ9Z-,3.05,AUD
446994,2024-01-27T08:23:26,2024-01-27,195,34,Retail,PayPal,COUPONA0Z9,10.13,AUD
447109,2024-01-27T09:58:35,2024-01-27,231,3,Retail,Afterpay,COUPONZZA-,2.77,AUD
447197,2024-01-27T23:12:01,2024-01-27,594,38,Retail,Afterpay,COUPON-ZAZ,10.71,AUD
447315,2024-01-27T09:08:15,2024-01-27,646,46,Retail,Afterpay,COUPON--ZZ,15.81,AUD
447335,2024-01-27T04:31:25,2024-01-27,38,16,Retail,Afterpay,COUPON00--,15.94,AUD
447337,2024-01-27T10:07:32,2024-01-27,163,12,Retail,Afterpay,COUPON-A99,1.79,AUD
447374,2024-01-27T23:23:49,2024-01-27,165,38,Online,Credit Card,COUPON0A90,18.46,AUD
447398,2024-01-27T08:04:24,2024-01-27,175,4,Online,Afterpay,COUPONZA0Z,11.16,AUD
447405,2024-01-27T20:24:44,2024-01-27,140,8,Online,Credit Card,COUPONA9Z9,12.01,AUD
447529,2024-01-27T23:16:33,2024-01-27,467,14,Online,Afterpay,COUPONAAZ-,15.95,AUD
447705,2024-01-27T22:19:46,2024-01-27,330,12,Online,Credit Card,COUPON0A-A,19.78,AUD
447731,2024-01-27T20:59:07,2024-01-27,346,2,Online,PayPal,COUPON-0Z-,4.69,AUD
447819,2024-01-27T05:37:34,2024-01-27,591,35,Retail,Credit Card,COUPONZ0-0,16.77,AUD
447963,2024-01-27T16:19:11,2024-01-27,390,48,Retail,PayPal,COUPON9-9-,14.72,AUD
448173,2024-01-27T02:05:10,2024-01-27,682,36,Retail,Afterpay,COUPON--A-,16.57,AUD
448202,2024-01-27T21:10:01,2024-01-27,210,12,Retail,Credit Card,COUPON---Z,7.55,AUD
448313,2024-01-27T18:06:50,2024-01-27,774,47,Online,Credit Card,COUPON0--A,4.97,AUD
448367,2024-01-27T18:30:39,2024-01-27,796,12,Retail,Credit Card,COUPON-9--,9.74,AUD
448555,2024-01-27T21:35:48,2024-01-27,778,33,Retail,Credit Card,COUPONZA0Z,17.13,AUD
448631,2024-01-27T15:22:10,2024-01-27,484,5,Online,PayPal,COUPON0ZZ0,3.57,AUD
448829,2024-01-27T08:18:33,2024-01-27,147,44,Online,Credit Card,COUPON9-0-,6.21,AUD
448909,2024-01-27T03:40:59,2024-01-27,69,18,Online,PayPal,COUPON-A9Z,3.53,AUD
448912,2024-01-27T11:25:00,2024-01-27,425,49,Retail,PayPal,COUPON-Z0Z,4.31,AUD
448981,2024-01-27T04:18:56,2024-01-27,579,9,Online,Credit Card,COUPONZA0-,6.15,AUD
448983,2024-01-27T14:22:45,2024-01-27,439,30,Online,Afterpay,COUPON9AAZ,9.56,AUD
449072,2024-01-27T10:47:17,2024-01-27,669,43,Online,PayPal,COUPON0Z90,16.94,AUD
449074,2024-01-27T18:34:20,2024-01-27,184,12,Online,Afterpay,COUPON-0--,9.21,AUD
449222,2024-01-27T06:55:21,2024-01-27,276,1,Online,PayPal,COUPON9A0A,14.66,AUD
449235,2024-01-27T17:11:29,2024-01-27,625,2,Online,Afterpay,COUPONAAZA,16.82,AUD
449278,2024-01-27T10:06:11,2024-01-27,520,21,Online,Afterpay,COUPON0Z--,15.43,AUD
449560,2024-01-27T12:16:02,2024-01-27,30,32,Online,Afterpay,COUPONA--0,15.22,AUD
449624,2024-01-27T14:38:11,2024-01-27,458,11,Retail,PayPal,COUPON-0-Z,19.89,AUD
449629,2024-01-27T14:26:38,2024-01-27,775,33,Online,PayPal,COUPON90-9,16.16,AUD
449647,2024-01-27T18:01:42,2024-01-27,27,25,Retail,Credit Card,COUPON-99A,3.14,AUD
449651,2024-01-27T17:52:53,2024-01-27,15,31,Online,Afterpay,COUPON-Z9A,8.49,AUD
449668,2024-01-27T23:38:19,2024-01-27,459,3,Retail,PayPal,COUPONZ-Z9,15.76,AUD
449689,2024-01-27T09:29:13,2024-01-27,559,32,Online,Afterpay,COUPON-9ZA,14.75,AUD
449708,2024-01-27T11:31:24,2024-01-27,482,7,Online,Afterpay,COUPON0-0A,0.2,AUD
449807,2024-01-27T23:37:34,2024-01-27,589,6,Retail,Afterpay,COUPON-9Z-,5.24,AUD
449864,2024-01-27T01:13:56,2024-01-27,496,15,Retail,Credit Card,COUPON90AZ,12.52,AUD
449887,2024-01-27T15:00:21,2024-01-27,321,32,Online,Credit Card,COUPON90-0,1.75,AUD
450006,2024-01-27T18:23:03,2024-01-27,794,35,Online,PayPal,COUPON----,18.79,AUD
450035,2024-01-27T21:52:33,2024-01-27,256,36,Online,PayPal,COUPON0--9,4.56,AUD
450073,2024-01-27T03:30:42,2024-01-27,534,29,Retail,Afterpay,COUPON-ZA9,4.81,AUD
450211,2024-01-27T08:18:57,2024-01-27,32,12,Retail,PayPal,COUPONZ9A0,9.78,AUD
450319,2024-01-27T15:24:47,2024-01-27,146,47,Online,Afterpay,COUPONZZ-A,16.95,AUD
450337,2024-01-27T17:41:29,2024-01-27,347,3,Online,PayPal,COUPON0-Z-,5.63,AUD
450445,2024-01-27T02:47:45,2024-01-27,4,8,Online,Afterpay,COUPON-A9Z,19.11,AUD
450510,2024-01-27T05:02:49,2024-01-27,419,37,Retail,PayPal,COUPON9---,3.74,AUD
450569,2024-01-27T21:48:43,2024-01-27,198,3,Online,PayPal,COUPONZ-0-,8.16,AUD
450841,2024-01-27T08:49:38,2024-01-27,206,21,Retail,PayPal,COUPON--AA,15.65,AUD
450891,2024-01-27T07:05:14,2024-01-27,655,27,Online,Afterpay,COUPON009-,18.77,AUD
450911,2024-01-27T08:11:55,2024-01-27,709,39,Online,PayPal,COUPON0-0-,7.93,AUD
450919,2024-01-27T15:24:01,2024-01-27,304,13,Retail,PayPal,COUPON-A9-,5.21,AUD
450930,2024-01-27T16:33:57,2024-01-27,477,16,Retail,Afterpay,COUPON-A-9,9.05,AUD
451007,2024-01-27T04:05:42,2024-01-27,166,8,Online,PayPal,COUPON0--A,19.06,AUD
451037,2024-01-27T05:50:54,2024-01-27,432,48,Retail,Afterpay,COUPON9--9,19.08,AUD
451236,2024-01-27T07:06:29,2024-01-27,695,38,Retail,Credit Card,COUPON----,10.87,AUD
451435,2024-01-27T08:20:42,2024-01-27,10,39,Retail,Afterpay,COUPON-0--,6.34,AUD
451513,2024-01-27T04:53:51,2024-01-27,254,22,Retail,PayPal,COUPON-0Z0,6.0,AUD
451573,2024-01-27T01:49:39,2024-01-27,430,22,Online,Credit Card,COUPON-AA-,18.19,AUD
451634,2024-01-27T23:51:46,2024-01-27,619,39,Retail,Credit Card,COUPONZ--Z,9.81,AUD
451639,2024-01-27T20:50:16,2024-01-27,608,26,Retail,PayPal,COUPONAA-Z,15.99,AUD
451657,2024-01-27T12:07:39,2024-01-27,757,41,Retail,Afterpay,COUPON--9Z,8.03,AUD
451740,2024-01-27T16:31:55,2024-01-27,699,19,Retail,PayPal,COUPON9A-9,17.38,AUD
451849,2024-01-27T11:56:57,2024-01-27,146,10,Online,Afterpay,COUPON9Z-Z,5.07,AUD
451874,2024-01-27T14:04:42,2024-01-27,248,4,Online,Credit Card,COUPON09-Z,14.55,AUD
451886,2024-01-27T10:56:53,2024-01-27,598,10,Retail,Afterpay,COUPON---A,4.95,AUD
451917,2024-01-27T01:04:19,2024-01-27,581,44,Retail,Afterpay,COUPON---Z,1.66,AUD
452109,2024-01-27T21:30:10,2024-01-27,790,35,Retail,Afterpay,COUPON-9-9,2.69,AUD
452125,2024-01-27T06:51:19,2024-01-27,245,40,Retail,PayPal,COUPON-A--,3.48,AUD
452171,2024-01-27T03:24:29,2024-01-27,150,18,Retail,Credit Card,COUPONA-00,14.84,AUD
452185,2024-01-27T00:53:09,2024-01-27,126,18,Online,Afterpay,COUPONA--A,0.11,AUD
452278,2024-01-27T09:27:26,2024-01-27,599,33,Online,Afterpay,COUPONZ0A-,11.18,AUD
452333,2024-01-27T20:17:53,2024-01-27,448,32,Retail,Afterpay,COUPON-Z0-,16.37,AUD
452479,2024-01-27T08:00:20,2024-01-27,350,29,Online,PayPal,COUPON9ZA-,16.48,AUD
452788,2024-01-27T18:41:44,2024-01-27,88,26,Retail,Afterpay,COUPONA-AA,5.99,AUD
452919,2024-01-27T08:27:50,2024-01-27,579,17,Retail,PayPal,COUPON9A9-,1.21,AUD
453000,2024-01-27T10:31:33,2024-01-27,754,49,Retail,Afterpay,COUPON---0,9.07,AUD
453129,2024-01-27T13:04:25,2024-01-27,8,20,Retail,Afterpay,COUPONZZ99,0.92,AUD
453149,2024-01-27T03:43:49,2024-01-27,60,18,Retail,Afterpay,COUPONZZ9A,18.65,AUD
453278,2024-01-27T02:39:05,2024-01-27,794,42,Retail,Credit Card,COUPON99--,4.29,AUD
453298,2024-01-27T04:19:31,2024-01-27,243,24,Online,PayPal,COUPONA0-A,7.86,AUD
453631,2024-01-27T23:26:13,2024-01-27,636,2,Retail,Afterpay,COUPON0AA0,16.55,AUD
453717,2024-01-27T19:15:29,2024-01-27,790,1,Retail,Credit Card,COUPON-00A,1.02,AUD
453737,2024-01-27T16:22:14,2024-01-27,643,34,Online,Credit Card,COUPONA-9Z,19.16,AUD
453771,2024-01-27T11:56:49,2024-01-27,579,13,Online,Credit Card,COUPONZ-9A,10.4,AUD
453838,2024-01-27T07:32:23,2024-01-27,528,45,Retail,Afterpay,COUPON9A-0,7.03,AUD
453957,2024-01-27T10:36:49,2024-01-27,700,27,Online,Credit Card,COUPON-00-,8.2,AUD
454000,2024-01-27T16:46:43,2024-01-27,50,23,Retail,Credit Card,COUPONZZ0-,7.23,AUD
454111,2024-01-27T22:33:21,2024-01-27,690,28,Retail,Credit Card,COUPON-9Z-,7.06,AUD
454249,2024-01-27T02:20:29,2024-01-27,492,42,Retail,Afterpay,COUPONA-ZZ,7.85,AUD
454309,2024-01-27T10:05:32,2024-01-27,519,31,Retail,Credit Card,COUPON-0-Z,12.79,AUD
454388,2024-01-27T16:37:13,2024-01-27,662,29,Online,PayPal,COUPON09AZ,8.31,AUD
454702,2024-01-27T10:49:41,2024-01-27,375,26,Retail,Credit Card,COUPONA-09,19.36,AUD
455027,2024-01-27T05:48:18,2024-01-27,768,18,Online,Credit Card,COUPON09-0,10.67,AUD
455223,2024-01-27T07:10:21,2024-01-27,264,13,Retail,Afterpay,COUPON-ZZ0,5.2,AUD
455225,2024-01-27T17:50:29,2024-01-27,732,30,Retail,PayPal,COUPON-A0A,3.23,AUD
455285,2024-01-27T23:34:09,2024-01-27,660,17,Online,Credit Card,COUPON-9-0,5.92,AUD
455288,2024-01-27T00:20:26,2024-01-27,419,15,Retail,Afterpay,COUPONZ---,15.24,AUD
455324,2024-01-27T21:14:48,2024-01-27,278,19,Online,Afterpay,COUPON--Z0,17.54,AUD
455532,2024-01-27T13:07:31,2024-01-27,752,22,Retail,Afterpay,COUPON--Z-,6.02,AUD
455651,2024-01-27T05:28:20,2024-01-27,359,2,Online,Afterpay,COUPON009Z,4.95,AUD
455750,2024-01-27T00:24:24,2024-01-27,655,34,Online,Credit Card,COUPONZ0--,18.69,AUD
455764,2024-01-27T02:15:12,2024-01-27,354,33,Online,Credit Card,COUPON0AZ-,12.08,AUD
455828,2024-01-27T03:38:03,2024-01-27,138,19,Retail,Credit Card,COUPON99-0,19.78,AUD
456113,2024-01-27T20:38:03,2024-01-27,286,26,Retail,Afterpay,COUPON-Z0A,10.81,AUD
456182,2024-01-27T03:00:46,2024-01-27,42,10,Retail,Credit Card,COUPON0--A,13.21,AUD
456273,2024-01-27T06:18:04,2024-01-27,266,9,Retail,Credit Card,COUPON--AZ,12.73,AUD
456274,2024-01-27T13:45:20,2024-01-27,283,33,Online,PayPal,COUPONAA-9,17.86,AUD
456367,2024-01-27T00:33:25,2024-01-27,578,35,Online,Credit Card,COUPONAZZZ,14.77,AUD
456392,2024-01-27T02:26:54,2024-01-27,334,23,Online,Afterpay,COUPONZ-Z0,3.33,AUD
456447,2024-01-27T03:34:13,2024-01-27,325,36,Online,Credit Card,COUPONZ0--,6.35,AUD
456541,2024-01-27T20:59:12,2024-01-27,304,26,Retail,PayPal,COUPONZ9A-,13.62,AUD
456566,2024-01-27T23:38:43,2024-01-27,745,2,Retail,Afterpay,COUPON-0--,13.55,AUD
456611,2024-01-27T07:04:39,2024-01-27,250,10,Retail,Credit Card,COUPON0---,9.48,AUD
456769,2024-01-27T09:25:50,2024-01-27,501,32,Retail,PayPal,COUPON9-99,0.74,AUD
456815,2024-01-27T09:14:37,2024-01-27,133,28,Retail,PayPal,COUPON0A99,0.42,AUD
456832,2024-01-27T13:24:56,2024-01-27,607,48,Retail,Afterpay,COUPONAA9-,8.09,AUD
456893,2024-01-27T15:36:49,2024-01-27,114,48,Retail,Afterpay,COUPONAA00,9.07,AUD
456904,2024-01-27T11:44:54,2024-01-27,259,46,Retail,Afterpay,COUPON-990,10.6,AUD
456977,2024-01-27T23:33:35,2024-01-27,492,33,Online,Credit Card,COUPONZ--Z,6.21,AUD
457164,2024-01-27T10:07:02,2024-01-27,749,35,Retail,Credit Card,COUPONAAA0,9.82,AUD
457203,2024-01-27T00:41:47,2024-01-27,353,48,Retail,PayPal,COUPON--09,13.63,AUD
457243,2024-01-27T10:32:54,2024-01-27,55,7,Online,PayPal,COUPON0Z0A,13.15,AUD
457418,2024-01-27T15:30:26,2024-01-27,340,14,Retail,Afterpay,COUPON-0ZA,11.22,AUD
457490,2024-01-27T01:14:52,2024-01-27,227,34,Retail,PayPal,COUPON9--9,0.4,AUD
457556,2024-01-27T18:48:25,2024-01-27,269,17,Online,Credit Card,COUPON-Z--,17.96,AUD
457569,2024-01-27T18:31:21,2024-01-27,74,10,Retail,Credit Card,COUPON-09A,7.45,AUD
457731,2024-01-27T03:33:26,2024-01-27,546,35,Retail,Afterpay,COUPONZ---,6.28,AUD
457748,2024-01-27T11:09:43,2024-01-27,293,33,Retail,Credit Card,COUPON9-9-,18.8,AUD
457912,2024-01-27T12:59:58,2024-01-27,761,9,Retail,PayPal,COUPON9---,17.44,AUD
458008,2024-01-27T02:23:18,2024-01-27,403,10,Retail,PayPal,COUPONA9A-,11.25,AUD
458016,2024-01-27T12:49:32,2024-01-27,314,45,Retail,Afterpay,COUPONZ0A-,7.95,AUD
458077,2024-01-27T17:15:12,2024-01-27,700,43,Online,PayPal,COUPON-ZZ9,5.68,AUD
458126,2024-01-27T05:32:49,2024-01-27,139,15,Online,Credit Card,COUPON--Z0,1.11,AUD
458166,2024-01-27T21:09:39,2024-01-27,566,5,Online,PayPal,COUPON0909,16.39,AUD
458208,2024-01-27T17:27:59,2024-01-27,111,38,Online,PayPal,COUPONA00-,16.78,AUD
458335,2024-01-27T18:17:04,2024-01-27,685,1,Online,Credit Card,COUPON0---,3.8,AUD
458393,2024-01-27T19:16:36,2024-01-27,72,8,Retail,Credit Card,COUPON--A0,15.19,AUD
458420,2024-01-27T12:45:47,2024-01-27,218,12,Retail,Credit Card,COUPON--Z-,5.52,AUD
458460,2024-01-27T11:29:39,2024-01-27,753,20,Online,Credit Card,COUPONAAZ-,3.05,AUD
458501,2024-01-27T19:49:45,2024-01-27,253,17,Retail,Credit Card,COUPONZ-9A,0.67,AUD
458621,2024-01-27T08:54:17,2024-01-27,417,43,Online,Credit Card,COUPONZZ0Z,17.14,AUD
458775,2024-01-27T20:30:02,2024-01-27,204,33,Online,Afterpay,COUPON-9ZA,15.04,AUD
458949,2024-01-27T16:27:25,2024-01-27,705,26,Online,Afterpay,COUPON0-9Z,12.57,AUD
459033,2024-01-27T19:21:52,2024-01-27,215,25,Online,Credit Card,COUPONZ9AA,5.12,AUD
459136,2024-01-27T03:01:24,2024-01-27,368,4,Retail,Credit Card,COUPON9-9-,12.19,AUD
459308,2024-01-27T15:11:05,2024-01-27,224,23,Retail,PayPal,COUPON90-0,17.52,AUD
459325,2024-01-27T06:42:23,2024-01-27,456,44,Online,Credit Card,COUPON-09A,19.18,AUD
459365,2024-01-27T07:41:22,2024-01-27,127,6,Retail,Credit Card,COUPON-Z0Z,19.85,AUD
459539,2024-01-27T17:40:58,2024-01-27,227,1,Online,PayPal,COUPON-Z--,16.4,AUD
459551,2024-01-27T08:09:10,2024-01-27,364,5,Online,Credit Card,COUPONA99-,8.49,AUD
459598,2024-01-27T19:33:13,2024-01-27,111,31,Retail,PayPal,COUPON909-,3.86,AUD
459725,2024-01-27T22:32:01,2024-01-27,326,16,Online,PayPal,COUPON9ZZA,11.79,AUD
459757,2024-01-27T12:06:29,2024-01-27,186,44,Retail,Credit Card,COUPON-A90,14.96,AUD
459780,2024-01-27T13:24:28,2024-01-27,425,37,Online,Afterpay,COUPON90A9,13.28,AUD
459828,2024-01-27T11:55:23,2024-01-27,312,49,Retail,PayPal,COUPON-AA-,12.91,AUD
459905,2024-01-27T03:45:17,2024-01-27,759,16,Retail,PayPal,COUPON-Z9-,12.24,AUD
459913,2024-01-27T16:07:27,2024-01-27,723,48,Online,Afterpay,COUPONAZZ0,10.56,AUD
459957,2024-01-27T18:30:30,2024-01-27,65,34,Online,Afterpay,COUPONZZ--,13.01,AUD
460226,2024-01-27T01:46:14,2024-01-27,598,18,Retail,Credit Card,COUPON90-Z,1.31,AUD
460281,2024-01-27T04:19:14,2024-01-27,67,2,Retail,PayPal,COUPON9-0A,10.55,AUD
460558,2024-01-27T00:59:50,2024-01-27,361,49,Retail,PayPal,COUPONZZA0,17.83,AUD
460752,2024-01-27T20:12:39,2024-01-27,129,26,Retail,Afterpay,COUPON-Z00,11.02,AUD
461047,2024-01-27T13:07:57,2024-01-27,289,19,Online,PayPal,COUPON-AA9,2.3,AUD
461073,2024-01-27T21:11:23,2024-01-27,505,10,Retail,PayPal,COUPONA0A-,4.14,AUD
461098,2024-01-27T05:44:22,2024-01-27,598,1,Online,Afterpay,COUPON-9-9,4.89,AUD
461130,2024-01-27T05:52:30,2024-01-27,787,28,Online,Afterpay,COUPON00-A,19.0,AUD
461132,2024-01-27T22:45:43,2024-01-27,216,16,Retail,Credit Card,COUPON-ZZ-,15.19,AUD
461182,2024-01-27T19:16:02,2024-01-27,187,21,Online,PayPal,COUPONZ9--,5.14,AUD
461224,2024-01-27T12:49:01,2024-01-27,104,22,Online,Afterpay,COUPON-9ZZ,8.52,AUD
461565,2024-01-27T10:04:49,2024-01-27,59,30,Online,PayPal,COUPON0-Z-,2.47,AUD
461566,2024-01-27T22:34:15,2024-01-27,228,3,Retail,PayPal,COUPON0ZZ0,11.48,AUD
461670,2024-01-27T22:23:15,2024-01-27,578,45,Retail,Afterpay,COUPON0--A,17.87,AUD
461698,2024-01-27T10:00:12,2024-01-27,201,12,Retail,PayPal,COUPON-ZA-,19.35,AUD
461720,2024-01-27T23:34:55,2024-01-27,576,14,Retail,Afterpay,COUPONZ9--,10.08,AUD
461730,2024-01-27T14:23:18,2024-01-27,236,27,Online,PayPal,COUPON-A0-,8.44,AUD
461845,2024-01-27T15:26:56,2024-01-27,224,7,Retail,Credit Card,COUPON-00Z,7.23,AUD
462195,2024-01-27T14:00:38,2024-01-27,293,40,Online,Credit Card,COUPON---A,17.81,AUD
462204,2024-01-27T18:54:07,2024-01-27,362,33,Online,PayPal,COUPON-Z-0,15.71,AUD
462385,2024-01-27T17:01:02,2024-01-27,772,29,Retail,Afterpay,COUPON----,8.16,AUD
462559,2024-01-27T08:49:02,2024-01-27,416,43,Online,Afterpay,COUPON0-AA,18.51,AUD
462740,2024-01-27T06:26:46,2024-01-27,469,7,Retail,PayPal,COUPON9A9A,10.09,AUD
462822,2024-01-27T19:17:47,2024-01-27,449,20,Retail,Credit Card,COUPON009-,17.47,AUD
462896,2024-01-27T05:39:26,2024-01-27,786,46,Online,Credit Card,COUPONZA-Z,16.72,AUD
463204,2024-01-27T16:41:37,2024-01-27,365,33,Online,PayPal,COUPON-A--,16.53,AUD
463248,2024-01-27T01:40:15,2024-01-27,166,20,Online,PayPal,COUPON--Z0,16.2,AUD
463384,2024-01-27T02:13:51,2024-01-27,268,9,Retail,Credit Card,COUPON-A--,8.87,AUD
463484,2024-01-27T09:14:04,2024-01-27,181,20,Online,Credit Card,COUPON----,5.43,AUD
463634,2024-01-27T19:49:08,2024-01-27,584,21,Retail,Afterpay,COUPONA0-A,4.52,AUD
463721,2024-01-27T10:02:51,2024-01-27,398,3,Retail,PayPal,COUPON-AZ-,12.93,AUD
463791,2024-01-27T21:41:50,2024-01-27,468,42,Online,Afterpay,COUPON-09-,15.5,AUD
464009,2024-01-27T15:00:35,2024-01-27,633,42,Online,Afterpay,COUPONA--0,3.73,AUD
464086,2024-01-27T02:52:19,2024-01-27,315,17,Online,Credit Card,COUPONZ9ZZ,5.89,AUD
464197,2024-01-27T22:28:58,2024-01-27,758,47,Retail,Credit Card,COUPONAZ9A,2.77,AUD
464205,2024-01-27T07:10:57,2024-01-27,196,37,Online,Afterpay,COUPONA--0,14.41,AUD
464215,2024-01-27T22:13:26,2024-01-27,117,39,Online,Afterpay,COUPON9-Z-,3.21,AUD
464389,2024-01-27T02:42:16,2024-01-27,261,24,Retail,Credit Card,COUPON-ZZ-,10.84,AUD
464535,2024-01-27T06:42:46,2024-01-27,512,25,Retail,Afterpay,COUPON-99Z,19.67,AUD
464642,2024-01-27T12:09:43,2024-01-27,351,38,Online,Credit Card,COUPONAAA-,18.29,AUD
464653,2024-01-27T12:47:39,2024-01-27,41,2,Retail,PayPal,COUPON-A-Z,1.09,AUD
464743,2024-01-27T14:12:14,2024-01-27,719,8,Online,PayPal,COUPON-Z-0,18.16,AUD
464795,2024-01-27T20:27:13,2024-01-27,97,45,Online,Afterpay,COUPON-9-9,6.79,AUD
464816,2024-01-27T14:59:02,2024-01-27,726,4,Online,PayPal,COUPON9Z-0,15.91,AUD
465093,2024-01-27T20:33:52,2024-01-27,533,1,Retail,Credit Card,COUPON--00,13.03,AUD
465109,2024-01-27T08:28:52,2024-01-27,49,11,Retail,Credit Card,COUPON--0Z,19.73,AUD
465192,2024-01-27T09:36:16,2024-01-27,624,25,Retail,Afterpay,COUPONAA-Z,5.75,AUD
465214,2024-01-27T09:29:10,2024-01-27,634,40,Online,Credit Card,COUPON9Z-9,16.81,AUD
465240,2024-01-27T11:43:55,2024-01-27,798,32,Online,Credit Card,COUPON-0-Z,2.1,AUD
465363,2024-01-27T10:03:39,2024-01-27,219,38,Retail,PayPal,COUPON-0A-,10.14,AUD
465417,2024-01-27T03:04:24,2024-01-27,683,27,Retail,Credit Card,COUPON0Z9A,17.68,AUD
465428,2024-01-27T18:23:45,2024-01-27,768,6,Retail,Credit Card,COUPON0Z--,7.04,AUD
465695,2024-01-27T17:05:05,2024-01-27,478,44,Retail,PayPal,COUPON---A,19.4,AUD
465696,2024-01-27T21:57:14,2024-01-27,472,3,Online,PayPal,COUPON-0A9,6.29,AUD
465732,2024-01-27T02:35:41,2024-01-27,148,45,Online,Afterpay,COUPON990-,8.46,AUD
465894,2024-01-27T19:21:31,2024-01-27,271,35,Retail,PayPal,COUPON---A,8.04,AUD
466174,2024-01-27T00:13:15,2024-01-27,437,13,Retail,Credit Card,COUPON--AA,7.49,AUD
466213,2024-01-27T03:14:41,2024-01-27,82,47,Retail,Afterpay,COUPON----,12.6,AUD
466297,2024-01-27T10:27:59,2024-01-27,137,11,Retail,Afterpay,COUPON9A--,14.71,AUD
466327,2024-01-27T21:01:18,2024-01-27,386,5,Retail,Afterpay,COUPONZA-9,1.02,AUD
466389,2024-01-27T14:01:30,2024-01-27,598,38,Retail,Credit Card,COUPON0---,6.25,AUD
466427,2024-01-27T09:51:02,2024-01-27,523,1,Online,Afterpay,COUPON0000,19.63,AUD
466501,2024-01-27T15:40:47,2024-01-27,440,18,Online,Afterpay,COUPONZA9-,13.92,AUD
466582,2024-01-27T06:35:19,2024-01-27,604,32,Online,Afterpay,COUPONA00Z,19.16,AUD
466659,2024-01-27T07:37:02,2024-01-27,754,44,Online,Afterpay,COUPON--ZA,14.75,AUD
466830,2024-01-27T09:32:37,2024-01-27,384,43,Online,Credit Card,COUPON9---,4.61,AUD
466979,2024-01-27T01:52:28,2024-01-27,459,7,Retail,PayPal,COUPON0--Z,16.8,AUD
466995,2024-01-27T17:59:12,2024-01-27,361,42,Retail,PayPal,COUPON-90A,18.8,AUD
467014,2024-01-27T13:44:42,2024-01-27,698,29,Online,Credit Card,COUPON---Z,10.26,AUD
467113,2024-01-27T04:22:36,2024-01-27,269,17,Online,Credit Card,COUPON9Z0Z,19.18,AUD
467236,2024-01-27T16:14:05,2024-01-27,477,3,Online,PayPal,COUPON0--0,9.54,AUD
467316,2024-01-27T03:15:26,2024-01-27,95,26,Online,PayPal,COUPON-A-9,13.46,AUD
467331,2024-01-27T20:31:10,2024-01-27,170,12,Retail,PayPal,COUPONZZ-9,1.18,AUD
467347,2024-01-27T06:57:07,2024-01-27,755,38,Online,PayPal,COUPONZ---,4.03,AUD
467376,2024-01-27T13:09:42,2024-01-27,155,38,Retail,Credit Card,COUPON--09,19.87,AUD
467606,2024-01-27T03:57:07,2024-01-27,33,12,Retail,PayPal,COUPON090-,1.39,AUD
467722,2024-01-27T22:58:04,2024-01-27,699,14,Retail,PayPal,COUPON----,10.18,AUD
467867,2024-01-27T15:47:04,2024-01-27,584,30,Online,PayPal,COUPONZ9-9,18.49,AUD
467915,2024-01-27T21:02:59,2024-01-27,272,41,Online,PayPal,COUPON-00Z,0.34,AUD
467941,2024-01-27T07:32:16,2024-01-27,116,14,Retail,PayPal,COUPON-90A,15.6,AUD
467971,2024-01-27T16:32:32,2024-01-27,571,11,Online,PayPal,COUPON-A-0,3.75,AUD
468014,2024-01-27T07:43:42,2024-01-27,94,37,Online,Credit Card,COUPON---Z,16.49,AUD
468221,2024-01-27T23:49:55,2024-01-27,790,21,Online,Afterpay,COUPON99A9,16.05,AUD
468268,2024-01-27T20:54:04,2024-01-27,621,44,Online,PayPal,COUPON-Z9A,12.84,AUD
468372,2024-01-27T15:35:58,2024-01-27,791,41,Retail,Afterpay,COUPON09Z-,5.67,AUD
468389,2024-01-27T11:25:48,2024-01-27,499,2,Retail,Credit Card,COUPONA-90,4.12,AUD
468443,2024-01-27T05:51:54,2024-01-27,467,26,Retail,PayPal,COUPON0A--,14.42,AUD
468448,2024-01-27T20:16:43,2024-01-27,553,11,Online,PayPal,COUPONA-0Z,9.85,AUD
468521,2024-01-27T06:12:18,2024-01-27,260,45,Online,Afterpay,COUPON00Z9,17.75,AUD
468607,2024-01-27T00:51:19,2024-01-27,403,49,Online,Afterpay,COUPON09-Z,15.73,AUD
468695,2024-01-27T12:33:28,2024-01-27,342,30,Online,Credit Card,COUPONZ---,4.07,AUD
468901,2024-01-27T23:18:20,2024-01-27,785,25,Retail,Credit Card,COUPON0-9-,3.43,AUD
468950,2024-01-27T18:09:53,2024-01-27,438,11,Retail,Afterpay,COUPON0AA-,3.14,AUD
469070,2024-01-27T23:29:18,2024-01-27,163,24,Online,Credit Card,COUPON--9-,17.47,AUD
469073,2024-01-27T17:44:37,2024-01-27,315,4,Online,Credit Card,COUPON0A9-,16.91,AUD
469078,2024-01-27T20:43:21,2024-01-27,21,47,Online,Credit Card,COUPONZ---,13.1,AUD
469179,2024-01-27T05:49:53,2024-01-27,688,43,Retail,Credit Card,COUPONZA--,15.96,AUD
469262,2024-01-27T03:36:39,2024-01-27,303,19,Retail,Credit Card,COUPON9Z99,0.89,AUD
469337,2024-01-27T00:34:50,2024-01-27,132,16,Online,Credit Card,COUPON00-Z,2.46,AUD
469484,2024-01-27T03:16:10,2024-01-27,553,31,Online,Afterpay,COUPON-00-,14.71,AUD
469851,2024-01-27T11:12:23,2024-01-27,219,48,Online,Afterpay,COUPON0A-A,5.14,AUD
469881,2024-01-27T20:18:42,2024-01-27,256,1,Online,PayPal,COUPONA--0,0.45,AUD
470733,2024-01-27T22:34:00,2024-01-27,467,6,Online,Credit Card,COUPONA9A0,17.81,AUD
470782,2024-01-27T14:38:22,2024-01-27,552,21,Retail,PayPal,COUPONZ-A-,19.62,AUD
470938,2024-01-27T17:39:12,2024-01-27,778,1,Retail,PayPal,COUPON99ZA,10.71,AUD
470991,2024-01-27T02:42:03,2024-01-27,644,41,Retail,Afterpay,COUPONZ-90,5.36,AUD
471261,2024-01-27T11:30:45,2024-01-27,512,33,Online,PayPal,COUPONZ0Z9,13.7,AUD
471285,2024-01-27T22:35:20,2024-01-27,526,47,Online,PayPal,COUPONA090,6.67,AUD
471293,2024-01-27T08:17:52,2024-01-27,17,32,Online,Afterpay,COUPON0-A9,15.46,AUD
471332,2024-01-27T06:57:47,2024-01-27,634,25,Online,PayPal,COUPON--AA,15.2,AUD
471341,2024-01-27T17:09:52,2024-01-27,449,4,Retail,Credit Card,COUPON-9-9,14.21,AUD
471430,2024-01-27T01:22:03,2024-01-27,302,38,Online,PayPal,COUPON9Z0A,4.57,AUD
471589,2024-01-27T12:18:20,2024-01-27,665,47,Retail,Afterpay,COUPON-AA-,16.17,AUD
471685,2024-01-27T11:08:36,2024-01-27,193,37,Online,Afterpay,COUPONA99Z,6.58,AUD
471836,2024-01-27T21:31:32,2024-01-27,435,20,Online,PayPal,COUPON-9Z-,18.37,AUD
472002,2024-01-27T14:25:19,2024-01-27,687,28,Retail,PayPal,COUPON--9-,14.63,AUD
472050,2024-01-27T03:36:30,2024-01-27,90,1,Online,Afterpay,COUPONZAZA,17.26,AUD
472234,2024-01-27T19:33:32,2024-01-27,739,45,Online,Credit Card,COUPON-9-A,17.94,AUD
472305,2024-01-27T22:05:21,2024-01-27,617,8,Retail,Credit Card,COUPON90Z9,1.06,AUD
472329,2024-01-27T19:24:04,2024-01-27,229,48,Online,PayPal,COUPON--00,17.3,AUD
472339,2024-01-27T10:40:39,2024-01-27,725,39,Retail,Credit Card,COUPON--ZZ,7.91,AUD
472378,2024-01-27T13:12:52,2024-01-27,47,48,Retail,Credit Card,COUPON-0AA,6.96,AUD
472457,2024-01-27T06:17:25,2024-01-27,304,8,Retail,Afterpay,COUPON--Z0,10.8,AUD
472485,2024-01-27T09:27:04,2024-01-27,2,22,Retail,Credit Card,COUPONA-9Z,1.34,AUD
472505,2024-01-27T00:57:43,2024-01-27,503,38,Retail,PayPal,COUPON-ZA9,1.13,AUD
472721,2024-01-27T10:28:00,2024-01-27,120,24,Online,Afterpay,COUPON99-Z,6.16,AUD
472798,2024-01-27T23:19:14,2024-01-27,5,43,Retail,Afterpay,COUPON-9-9,9.16,AUD
472874,2024-01-27T14:40:11,2024-01-27,322,40,Online,PayPal,COUPONZ-ZA,3.07,AUD
473026,2024-01-27T05:53:20,2024-01-27,74,21,Online,Credit Card,COUPON0-AA,5.96,AUD
473167,2024-01-27T19:05:20,2024-01-27,267,41,Retail,Afterpay,COUPON-0A-,3.71,AUD
473177,2024-01-27T13:20:14,2024-01-27,559,47,Online,Credit Card,COUPON9A0-,14.26,AUD
473190,2024-01-27T20:14:59,2024-01-27,319,44,Online,PayPal,COUPONA9A-,8.47,AUD
473263,2024-01-27T22:33:05,2024-01-27,723,10,Online,PayPal,COUPON--0A,7.42,AUD
473404,2024-01-27T02:24:53,2024-01-27,581,9,Retail,PayPal,COUPONZZZZ,6.78,AUD
473468,2024-01-27T23:17:41,2024-01-27,288,13,Retail,Credit Card,COUPONA--Z,5.96,AUD
473510,2024-01-27T11:25:21,2024-01-27,392,21,Retail,PayPal,COUPON00Z0,16.21,AUD
473648,2024-01-27T06:58:59,2024-01-27,485,4,Retail,Afterpay,COUPONZ9-A,10.95,AUD
473907,2024-01-27T07:57:26,2024-01-27,787,29,Retail,Credit Card,COUPONA09-,15.99,AUD
473938,2024-01-27T20:19:21,2024-01-27,639,33,Retail,Afterpay,COUPON--A-,12.17,AUD
474037,2024-01-27T04:21:09,2024-01-27,729,36,Retail,Credit Card,COUPON0A90,12.4,AUD
474060,2024-01-27T04:58:35,2024-01-27,247,47,Online,PayPal,COUPON0ZA-,19.87,AUD
474093,2024-01-27T15:40:28,2024-01-27,752,19,Retail,PayPal,COUPONZ-0-,2.9,AUD
474114,2024-01-27T19:13:56,2024-01-27,93,5,Online,Afterpay,COUPON-9-A,14.29,AUD
474295,2024-01-27T01:41:51,2024-01-27,156,14,Retail,Afterpay,COUPON0--9,5.42,AUD
474312,2024-01-27T19:17:25,2024-01-27,641,28,Online,PayPal,COUPON9ZAA,4.4,AUD
474366,2024-01-27T14:28:06,2024-01-27,486,14,Online,Credit Card,COUPON00-0,0.56,AUD
474400,2024-01-27T18:13:21,2024-01-27,773,23,Online,PayPal,COUPON--A-,12.81,AUD
474503,2024-01-27T12:36:56,2024-01-27,85,43,Online,Credit Card,COUPONAA-A,5.52,AUD
474541,2024-01-27T21:42:22,2024-01-27,681,46,Online,PayPal,COUPONAA--,10.98,AUD
474570,2024-01-27T15:07:00,2024-01-27,454,16,Online,Afterpay,COUPON9-9-,17.32,AUD
474833,2024-01-27T16:24:39,2024-01-27,547,46,Retail,Afterpay,COUPON--Z9,13.24,AUD
475060,2024-01-27T11:18:27,2024-01-27,282,26,Online,Afterpay,COUPON-A-9,19.73,AUD
475382,2024-01-27T09:13:16,2024-01-27,252,10,Retail,Afterpay,COUPON---9,5.05,AUD
475392,2024-01-27T02:42:29,2024-01-27,640,29,Retail,PayPal,COUPON00A9,1.6,AUD
475662,2024-01-27T14:03:33,2024-01-27,318,22,Retail,Credit Card,COUPONA9--,9.32,AUD
475691,2024-01-27T00:36:06,2024-01-27,517,19,Online,Credit Card,COUPONZA09,16.43,AUD
475787,2024-01-27T02:15:01,2024-01-27,33,11,Online,Afterpay,COUPONZ-0-,4.03,AUD
475846,2024-01-27T00:02:04,2024-01-27,437,40,Online,Afterpay,COUPON9A-9,18.36,AUD
475858,2024-01-27T21:38:38,2024-01-27,544,24,Online,Afterpay,COUPONZ-9-,10.46,AUD
475959,2024-01-27T18:39:06,2024-01-27,295,41,Retail,Afterpay,COUPONAZZ0,2.97,AUD
475992,2024-01-27T15:27:15,2024-01-27,205,30,Retail,PayPal,COUPONA9-0,10.0,AUD
476037,2024-01-27T21:14:00,2024-01-27,324,9,Retail,Credit Card,COUPON-9--,16.13,AUD
476143,2024-01-27T15:00:32,2024-01-27,376,1,Retail,Credit Card,COUPON90Z-,4.18,AUD
476218,2024-01-27T05:05:35,2024-01-27,343,44,Retail,Afterpay,COUPONA9A-,7.4,AUD
476287,2024-01-27T18:18:55,2024-01-27,503,4,Online,Credit Card,COUPON-9-0,19.12,AUD
476302,2024-01-27T16:37:05,2024-01-27,532,11,Online,PayPal,COUPONZZ9A,3.18,AUD
476409,2024-01-27T22:03:51,2024-01-27,474,2,Retail,PayPal,COUPON9ZZZ,5.51,AUD
476414,2024-01-27T06:40:14,2024-01-27,555,12,Online,Afterpay,COUPON00-9,1.03,AUD
476500,2024-01-27T20:39:48,2024-01-27,277,42,Retail,PayPal,COUPONZZ-0,12.88,AUD
476561,2024-01-27T10:15:48,2024-01-27,504,27,Retail,Credit Card,COUPONAAAZ,19.1,AUD
476666,2024-01-27T14:37:09,2024-01-27,89,36,Retail,Credit Card,COUPON--0-,2.69,AUD
476780,2024-01-27T03:46:19,2024-01-27,565,25,Retail,PayPal,COUPON-9A-,4.46,AUD
476909,2024-01-27T09:26:54,2024-01-27,527,32,Retail,PayPal,COUPON-A--,7.02,AUD
476936,2024-01-27T19:23:50,2024-01-27,727,27,Retail,Afterpay,COUPONA00A,7.11,AUD
477152,2024-01-27T22:00:59,2024-01-27,278,10,Retail,Afterpay,COUPON9A--,16.51,AUD
477163,2024-01-27T08:38:45,2024-01-27,276,41,Online,Afterpay,COUPON09-9,8.99,AUD
477315,2024-01-27T19:35:32,2024-01-27,417,30,Online,Afterpay,COUPON----,10.99,AUD
477358,2024-01-27T11:36:20,2024-01-27,538,21,Online,Credit Card,COUPON9Z-A,2.13,AUD
477490,2024-01-27T19:37:08,2024-01-27,434,7,Online,Afterpay,COUPONZZZZ,19.68,AUD
477631,2024-01-27T03:25:33,2024-01-27,778,34,Retail,Credit Card,COUPONA00-,7.91,AUD
477722,2024-01-27T23:02:44,2024-01-27,277,48,Online,Afterpay,COUPON9-9Z,11.86,AUD
477827,2024-01-27T03:48:23,2024-01-27,521,3,Retail,Afterpay,COUPON00Z0,13.58,AUD
477847,2024-01-27T18:06:20,2024-01-27,23,32,Retail,PayPal,COUPON-AZ0,15.36,AUD
477963,2024-01-27T14:46:19,2024-01-27,128,12,Online,PayPal,COUPONZ00-,5.16,AUD
477991,2024-01-27T04:15:01,2024-01-27,173,43,Retail,Credit Card,COUPON0ZZ9,13.73,AUD
478130,2024-01-27T00:13:20,2024-01-27,253,46,Retail,Credit Card,COUPON--00,6.43,AUD
478262,2024-01-27T07:55:05,2024-01-27,703,30,Retail,Credit Card,COUPON09ZA,15.77,AUD
478351,2024-01-27T15:51:42,2024-01-27,32,42,Online,PayPal,COUPON-00A,18.43,AUD
478369,2024-01-27T03:57:43,2024-01-27,742,32,Retail,Credit Card,COUPONZAA0,0.96,AUD
478371,2024-01-27T07:30:47,2024-01-27,566,8,Retail,Afterpay,COUPONZAAA,5.73,AUD
478476,2024-01-27T01:15:01,2024-01-27,758,49,Online,Afterpay,COUPON-0-9,7.08,AUD
478516,2024-01-27T06:30:18,2024-01-27,258,31,Retail,Afterpay,COUPON0A0A,3.42,AUD
478606,2024-01-27T07:19:00,2024-01-27,300,6,Retail,Credit Card,COUPON-AA9,16.04,AUD
478628,2024-01-27T00:17:51,2024-01-27,361,28,Retail,PayPal,COUPONZ0-0,7.84,AUD
478892,2024-01-27T08:15:39,2024-01-27,142,3,Online,Afterpay,COUPON00-Z,7.34,AUD
479287,2024-01-27T10:41:36,2024-01-27,566,37,Online,Credit Card,COUPONAA-9,7.03,AUD
479435,2024-01-27T20:31:29,2024-01-27,33,37,Retail,PayPal,COUPON--0Z,8.33,AUD
479449,2024-01-27T18:18:33,2024-01-27,342,3,Retail,PayPal,COUPON9--9,6.18,AUD
479533,2024-01-27T22:15:14,2024-01-27,791,13,Online,Afterpay,COUPONZ--9,18.13,AUD
479676,2024-01-27T22:33:34,2024-01-27,165,1,Online,PayPal,COUPONAZ-Z,3.36,AUD
479705,2024-01-27T00:05:50,2024-01-27,789,15,Online,Credit Card,COUPONZ0AA,18.51,AUD
480051,2024-01-27T10:28:54,2024-01-27,8,16,Online,Afterpay,COUPON9Z90,15.96,AUD
480295,2024-01-27T23:10:29,2024-01-27,32,34,Online,PayPal,COUPONAZ--,7.46,AUD
480312,2024-01-27T06:37:25,2024-01-27,2,16,Online,Afterpay,COUPON00-Z,16.97,AUD
480469,2024-01-27T00:04:16,2024-01-27,490,21,Retail,PayPal,COUPON-AA0,2.01,AUD
480587,2024-01-27T07:50:34,2024-01-27,263,43,Retail,Credit Card,COUPON--9Z,8.84,AUD
480616,2024-01-27T08:29:13,2024-01-27,460,45,Retail,PayPal,COUPON9Z90,4.22,AUD
480692,2024-01-27T04:49:04,2024-01-27,474,44,Online,PayPal,COUPONZ-Z-,9.32,AUD
480701,2024-01-27T22:19:56,2024-01-27,91,15,Online,Credit Card,COUPONZ0A-,3.49,AUD
480720,2024-01-27T00:13:01,2024-01-27,709,23,Online,Credit Card,COUPONZ90-,1.92,AUD
480758,2024-01-27T05:09:50,2024-01-27,172,20,Online,PayPal,COUPONA9--,0.72,AUD
481062,2024-01-27T03:48:38,2024-01-27,84,17,Online,PayPal,COUPON0AA-,1.27,AUD
481080,2024-01-27T19:28:01,2024-01-27,175,26,Retail,Afterpay,COUPONZ--9,0.21,AUD
481095,2024-01-27T16:33:05,2024-01-27,253,42,Online,PayPal,COUPON00A-,5.19,AUD
481180,2024-01-27T02:58:28,2024-01-27,464,35,Online,Credit Card,COUPON--AZ,18.13,AUD
481355,2024-01-27T07:03:27,2024-01-27,408,15,Online,Afterpay,COUPON0ZA9,6.82,AUD
481379,2024-01-27T09:13:57,2024-01-27,393,30,Online,Afterpay,COUPON--AZ,7.65,AUD
481380,2024-01-27T16:16:40,2024-01-27,628,5,Online,Afterpay,COUPON-Z9-,4.22,AUD
481451,2024-01-27T05:24:09,2024-01-27,330,29,Online,Afterpay,COUPON-09-,5.95,AUD
481577,2024-01-27T01:11:24,2024-01-27,787,25,Online,PayPal,COUPON90AZ,7.9,AUD
481820,2024-01-27T23:37:53,2024-01-27,6,11,Retail,Afterpay,COUPON000-,0.41,AUD
481841,2024-01-27T18:58:10,2024-01-27,747,28,Online,Afterpay,COUPON-9AZ,1.14,AUD
481855,2024-01-27T14:38:03,2024-01-27,592,15,Retail,Afterpay,COUPONZ-09,6.74,AUD
481917,2024-01-27T21:26:45,2024-01-27,631,25,Online,Afterpay,COUPON9-99,8.48,AUD
481921,2024-01-27T12:23:01,2024-01-27,64,35,Online,PayPal,COUPON90--,16.11,AUD
482013,2024-01-27T21:38:37,2024-01-27,475,27,Retail,Afterpay,COUPONA090,0.82,AUD
482046,2024-01-27T23:05:58,2024-01-27,284,40,Online,PayPal,COUPONAZZ0,4.54,AUD
482048,2024-01-27T14:07:29,2024-01-27,790,3,Retail,Afterpay,COUPON99Z-,10.55,AUD
482106,2024-01-27T04:14:44,2024-01-27,297,17,Online,Credit Card,COUPONA-A9,13.96,AUD
482174,2024-01-27T03:05:00,2024-01-27,503,39,Online,Afterpay,COUPON0A--,19.28,AUD
482388,2024-01-27T14:06:14,2024-01-27,27,49,Online,PayPal,COUPON----,3.84,AUD
482410,2024-01-27T09:50:56,2024-01-27,274,45,Online,PayPal,COUPON-0-A,6.19,AUD
482561,2024-01-27T07:59:43,2024-01-27,366,49,Retail,Afterpay,COUPON-909,17.44,AUD
482588,2024-01-27T15:26:44,2024-01-27,272,8,Online,Credit Card,COUPON9A00,2.23,AUD
482706,2024-01-27T11:54:09,2024-01-27,765,49,Retail,PayPal,COUPON0-A0,3.36,AUD
482900,2024-01-27T10:36:20,2024-01-27,713,15,Retail,Afterpay,COUPONA--0,5.82,AUD
483145,2024-01-27T11:53:17,2024-01-27,313,39,Retail,PayPal,COUPON9-Z-,15.08,AUD
483241,2024-01-27T14:36:22,2024-01-27,725,9,Online,Afterpay,COUPON-0--,17.68,AUD
483422,2024-01-27T09:52:55,2024-01-27,272,8,Retail,Afterpay,COUPONZZ9-,8.21,AUD
483771,2024-01-27T19:15:13,2024-01-27,107,49,Retail,Credit Card,COUPON--9A,8.78,AUD
483774,2024-01-27T18:31:34,2024-01-27,97,25,Retail,Credit Card,COUPON99--,19.7,AUD
483804,2024-01-27T13:29:00,2024-01-27,597,47,Online,Credit Card,COUPON-0--,5.09,AUD
483953,2024-01-27T04:16:30,2024-01-27,253,42,Online,Afterpay,COUPON--90,0.68,AUD
483982,2024-01-27T23:35:05,2024-01-27,788,4,Online,Credit Card,COUPON-A9Z,15.34,AUD
483983,2024-01-27T20:45:42,2024-01-27,777,47,Online,Credit Card,COUPON90ZA,6.17,AUD
483990,2024-01-27T19:59:03,2024-01-27,329,8,Retail,PayPal,COUPON-0Z-,5.85,AUD
483995,2024-01-27T12:48:17,2024-01-27,678,22,Retail,Afterpay,COUPONZ9ZZ,11.29,AUD
484048,2024-01-27T13:53:39,2024-01-27,88,3,Online,Credit Card,COUPON9090,9.29,AUD
484089,2024-01-27T02:31:32,2024-01-27,290,18,Retail,PayPal,COUPONZ00Z,7.74,AUD
484091,2024-01-27T04:09:53,2024-01-27,21,19,Retail,PayPal,COUPONZ0A9,12.92,AUD
484105,2024-01-27T18:41:40,2024-01-27,439,8,Retail,Credit Card,COUPONZ-ZA,17.03,AUD
484160,2024-01-27T02:39:42,2024-01-27,443,48,Online,PayPal,COUPON-Z-A,18.18,AUD
484209,2024-01-27T16:06:01,2024-01-27,505,5,Online,Credit Card,COUPONAAA0,11.76,AUD
484275,2024-01-27T06:50:45,2024-01-27,135,18,Online,PayPal,COUPONZ09-,1.37,AUD
484442,2024-01-27T22:51:44,2024-01-27,243,17,Online,PayPal,COUPONZA9-,5.71,AUD
484503,2024-01-27T21:45:56,2024-01-27,413,25,Online,Afterpay,COUPONAAZA,15.35,AUD
484516,2024-01-27T18:04:59,2024-01-27,301,40,Retail,Credit Card,COUPON990-,8.64,AUD
484626,2024-01-27T20:51:48,2024-01-27,1,11,Retail,Credit Card,COUPON0009,14.64,AUD
484719,2024-01-27T00:02:32,2024-01-27,244,27,Online,PayPal,COUPON900-,7.48,AUD
484752,2024-01-27T15:52:02,2024-01-27,303,23,Online,Afterpay,COUPON9-Z0,9.91,AUD
484763,2024-01-27T01:42:04,2024-01-27,563,14,Online,Credit Card,COUPON-ZA-,2.58,AUD
484924,2024-01-27T10:14:14,2024-01-27,63,31,Retail,PayPal,COUPON0ZZZ,15.59,AUD
484954,2024-01-27T23:06:44,2024-01-27,334,42,Online,Credit Card,COUPONZ99-,13.6,AUD
484990,2024-01-27T11:51:54,2024-01-27,324,23,Online,Credit Card,COUPONA09Z,11.44,AUD
485058,2024-01-27T19:27:36,2024-01-27,503,46,Online,PayPal,COUPON9Z-0,18.19,AUD
485260,2024-01-27T16:26:20,2024-01-27,799,13,Online,PayPal,COUPONZA0Z,6.69,AUD
485286,2024-01-27T14:24:51,2024-01-27,56,2,Online,Afterpay,COUPON9-9Z,14.97,AUD
485413,2024-01-27T10:30:00,2024-01-27,414,30,Online,Afterpay,COUPON-999,6.22,AUD
485504,2024-01-27T01:39:18,2024-01-27,648,11,Retail,Credit Card,COUPON9009,12.82,AUD
485596,2024-01-27T09:09:26,2024-01-27,173,12,Online,Afterpay,COUPONA0AZ,5.75,AUD
485598,2024-01-27T00:09:27,2024-01-27,713,30,Retail,Afterpay,COUPON--0-,11.33,AUD
485646,2024-01-27T08:12:13,2024-01-27,636,38,Retail,PayPal,COUPON-ZZ0,7.96,AUD
485684,2024-01-27T12:28:47,2024-01-27,427,44,Retail,Credit Card,COUPONA-Z-,11.66,AUD
486114,2024-01-27T21:59:05,2024-01-27,562,24,Retail,Credit Card,COUPONA9-9,14.24,AUD
486254,2024-01-27T12:48:27,2024-01-27,101,25,Retail,Credit Card,COUPON9-0-,1.2,AUD
486311,2024-01-27T20:24:01,2024-01-27,181,33,Online,Credit Card,COUPON9--9,15.63,AUD
486467,2024-01-27T05:01:35,2024-01-27,543,15,Retail,Afterpay,COUPONZZAA,14.85,AUD
486491,2024-01-27T19:54:57,2024-01-27,508,18,Online,PayPal,COUPON9ZZ9,13.32,AUD
486646,2024-01-27T05:29:59,2024-01-27,659,49,Retail,PayPal,COUPONZZ-0,0.8,AUD
486659,2024-01-27T07:52:27,2024-01-27,49,10,Retail,Afterpay,COUPON-9Z0,11.59,AUD
486686,2024-01-27T21:29:28,2024-01-27,525,41,Retail,Credit Card,COUPON---0,9.05,AUD
486712,2024-01-27T20:23:11,2024-01-27,308,8,Online,PayPal,COUPONAA0A,0.64,AUD
486860,2024-01-27T00:26:48,2024-01-27,363,39,Online,Afterpay,COUPON-A0Z,8.15,AUD
487074,2024-01-27T18:25:10,2024-01-27,175,47,Retail,PayPal,COUPON90-0,8.73,AUD
487088,2024-01-27T14:11:52,2024-01-27,250,24,Online,Credit Card,COUPON-ZZ-,19.08,AUD
487217,2024-01-27T10:59:16,2024-01-27,472,48,Online,Afterpay,COUPON-A9Z,12.57,AUD
487319,2024-01-27T00:21:14,2024-01-27,15,13,Online,Credit Card,COUPON-AA-,8.51,AUD
487747,2024-01-27T21:35:26,2024-01-27,401,21,Retail,PayPal,COUPON-A90,19.34,AUD
487802,2024-01-27T19:12:12,2024-01-27,402,22,Online,Afterpay,COUPON0Z09,9.57,AUD
488096,2024-01-27T13:43:28,2024-01-27,546,13,Retail,Credit Card,COUPON9A--,2.95,AUD
488342,2024-01-27T21:32:38,2024-01-27,256,41,Online,Credit Card,COUPONA--Z,2.78,AUD
488399,2024-01-27T03:08:00,2024-01-27,440,12,Online,Credit Card,COUPON9A-9,19.07,AUD
488466,2024-01-27T02:12:28,2024-01-27,293,44,Online,Afterpay,COUPONAA9Z,2.33,AUD
488577,2024-01-27T11:20:11,2024-01-27,143,37,Online,PayPal,COUPONA-0Z,8.12,AUD
488665,2024-01-27T07:56:24,2024-01-27,401,42,Retail,Afterpay,COUPON-ZZA,5.58,AUD
488673,2024-01-27T23:15:07,2024-01-27,175,9,Retail,Credit Card,COUPON--Z-,6.7,AUD
488865,2024-01-27T01:09:38,2024-01-27,360,17,Online,PayPal,COUPON099-,18.66,AUD
488997,2024-01-27T19:54:46,2024-01-27,418,28,Retail,Credit Card,COUPON-A-Z,5.4,AUD
489008,2024-01-27T08:14:50,2024-01-27,633,30,Online,PayPal,COUPONZZAZ,6.62,AUD
489016,2024-01-27T21:48:18,2024-01-27,230,34,Online,Afterpay,COUPON00Z0,18.57,AUD
489034,2024-01-27T08:33:15,2024-01-27,62,47,Online,Credit Card,COUPON-99Z,19.74,AUD
489121,2024-01-27T22:58:04,2024-01-27,731,20,Online,Afterpay,COUPON-99A,9.71,AUD
489167,2024-01-27T07:40:03,2024-01-27,290,14,Online,Afterpay,COUPON-0-9,5.02,AUD
489206,2024-01-27T01:02:27,2024-01-27,499,28,Online,Afterpay,COUPON-Z--,7.78,AUD
489234,2024-01-27T17:40:52,2024-01-27,597,47,Online,Credit Card,COUPON-AZ-,14.81,AUD
489264,2024-01-27T09:49:59,2024-01-27,217,5,Retail,Afterpay,COUPON0---,17.39,AUD
489374,2024-01-27T14:37:10,2024-01-27,304,49,Online,Credit Card,COUPONZ--0,8.19,AUD
489387,2024-01-27T04:32:39,2024-01-27,589,39,Retail,Credit Card,COUPON-A0A,6.51,AUD
489432,2024-01-27T08:48:10,2024-01-27,740,4,Retail,PayPal,COUPON0-Z0,0.43,AUD
489514,2024-01-27T15:12:07,2024-01-27,328,16,Retail,Afterpay,COUPON9Z-Z,12.66,AUD
489571,2024-01-27T23:11:04,2024-01-27,472,17,Retail,Afterpay,COUPON0ZZ-,1.58,AUD
489581,2024-01-27T07:35:21,2024-01-27,457,3,Online,Afterpay,COUPON-9AA,2.68,AUD
489677,2024-01-27T17:22:39,2024-01-27,531,45,Online,Afterpay,COUPON-0ZA,15.91,AUD
489734,2024-01-27T03:25:53,2024-01-27,539,31,Retail,Afterpay,COUPON9--9,17.54,AUD
489875,2024-01-27T02:36:37,2024-01-27,592,1,Retail,Credit Card,COUPON990-,12.31,AUD
489965,2024-01-27T22:55:35,2024-01-27,546,46,Retail,PayPal,COUPONAA9A,3.75,AUD
490227,2024-01-27T06:37:54,2024-01-27,75,14,Online,Afterpay,COUPON9Z--,0.04,AUD
490309,2024-01-27T17:38:19,2024-01-27,727,32,Online,Afterpay,COUPON---A,17.06,AUD
490483,2024-01-27T08:00:20,2024-01-27,429,25,Retail,PayPal,COUPONA9A0,9.73,AUD
490608,2024-01-27T17:51:50,2024-01-27,174,13,Retail,PayPal,COUPON-Z9A,8.05,AUD
490731,2024-01-27T21:14:08,2024-01-27,20,33,Online,Afterpay,COUPON-0-A,14.75,AUD
490760,2024-01-27T20:50:56,2024-01-27,534,33,Online,Credit Card,COUPON---A,14.2,AUD
490856,2024-01-27T08:33:10,2024-01-27,93,32,Online,PayPal,COUPON-9--,17.76,AUD
490858,2024-01-27T09:13:34,2024-01-27,58,19,Online,Afterpay,COUPONZ9Z-,15.04,AUD
490912,2024-01-27T16:02:58,2024-01-27,761,18,Retail,PayPal,COUPON9AZA,12.02,AUD
490918,2024-01-27T21:17:48,2024-01-27,529,14,Retail,PayPal,COUPON0---,5.2,AUD
490928,2024-01-27T13:54:28,2024-01-27,28,3,Retail,Afterpay,COUPONAZ0Z,5.13,AUD
490954,2024-01-27T00:38:24,2024-01-27,535,41,Online,Afterpay,COUPONZ0A-,6.34,AUD
491138,2024-01-27T18:21:06,2024-01-27,325,8,Retail,PayPal,COUPONZAAA,13.51,AUD
491155,2024-01-27T10:25:08,2024-01-27,497,4,Retail,Afterpay,COUPONZ---,2.16,AUD
491164,2024-01-27T10:18:55,2024-01-27,424,29,Retail,PayPal,COUPON-A--,19.24,AUD
491215,2024-01-27T14:32:12,2024-01-27,657,39,Online,Afterpay,COUPON-9A0,3.79,AUD
491223,2024-01-27T20:10:54,2024-01-27,212,30,Retail,Afterpay,COUPON-9--,11.68,AUD
491259,2024-01-27T05:20:52,2024-01-27,671,21,Online,Credit Card,COUPON0Z-Z,6.37,AUD
491280,2024-01-27T02:17:42,2024-01-27,350,23,Online,Afterpay,COUPON--A-,19.27,AUD
491398,2024-01-27T02:49:00,2024-01-27,426,6,Online,Credit Card,COUPONZ00-,10.8,AUD
491458,2024-01-27T01:24:54,2024-01-27,4,47,Retail,Credit Card,COUPONA-Z0,16.62,AUD
491732,2024-01-27T12:27:53,2024-01-27,120,20,Online,PayPal,COUPON-90-,1.08,AUD
491783,2024-01-27T15:11:14,2024-01-27,753,35,Online,PayPal,COUPON0-Z-,11.27,AUD
491785,2024-01-27T07:51:17,2024-01-27,420,3,Retail,PayPal,COUPON-9A0,16.12,AUD
491788,2024-01-27T02:38:00,2024-01-27,677,7,Retail,Credit Card,COUPONZ-Z0,1.76,AUD
491901,2024-01-27T02:39:49,2024-01-27,455,13,Retail,PayPal,COUPON-9A-,7.34,AUD
491949,2024-01-27T00:13:14,2024-01-27,65,5,Retail,Credit Card,COUPON0ZZ9,1.81,AUD
491958,2024-01-27T11:33:36,2024-01-27,371,41,Retail,Credit Card,COUPON---Z,17.97,AUD
491989,2024-01-27T13:51:08,2024-01-27,115,29,Retail,PayPal,COUPON--A-,17.59,AUD
492010,2024-01-27T06:52:22,2024-01-27,632,7,Online,Credit Card,COUPON-90-,13.93,AUD
492015,2024-01-27T05:49:41,2024-01-27,364,9,Retail,Credit Card,COUPON-909,11.99,AUD
492068,2024-01-27T17:51:56,2024-01-27,116,14,Online,PayPal,COUPON-A-0,16.11,AUD
492093,2024-01-27T08:07:56,2024-01-27,668,30,Online,Credit Card,COUPON-ZZ0,17.42,AUD
492239,2024-01-27T20:39:59,2024-01-27,273,13,Online,PayPal,COUPONA99-,6.31,AUD
492295,2024-01-27T04:08:00,2024-01-27,746,4,Retail,Credit Card,COUPONA9-9,0.38,AUD
492467,2024-01-27T09:31:01,2024-01-27,31,40,Online,Afterpay,COUPON9ZZA,19.32,AUD
492522,2024-01-27T10:39:56,2024-01-27,254,28,Retail,Afterpay,COUPON9AZ-,18.78,AUD
492543,2024-01-27T18:23:19,2024-01-27,185,13,Online,Credit Card,COUPON--Z-,1.87,AUD
492721,2024-01-27T13:04:52,2024-01-27,650,15,Retail,Credit Card,COUPONZA-0,9.11,AUD
492753,2024-01-27T13:45:04,2024-01-27,410,28,Online,Afterpay,COUPON-AA-,8.48,AUD
492838,2024-01-27T01:42:27,2024-01-27,35,40,Online,PayPal,COUPONZ0-9,16.37,AUD
492954,2024-01-27T23:56:12,2024-01-27,74,32,Online,Credit Card,COUPON-9-0,9.36,AUD
492956,2024-01-27T04:36:29,2024-01-27,735,11,Retail,PayPal,COUPON--9Z,13.84,AUD
493052,2024-01-27T07:25:02,2024-01-27,697,8,Online,PayPal,COUPONZZ9-,4.3,AUD
493094,2024-01-27T14:27:25,2024-01-27,26,25,Retail,Credit Card,COUPON09-9,19.55,AUD
493636,2024-01-27T16:17:06,2024-01-27,719,29,Online,Afterpay,COUPONZ---,6.25,AUD
493652,2024-01-27T13:42:19,2024-01-27,155,49,Retail,PayPal,COUPON-A--,6.63,AUD
493738,2024-01-27T22:58:54,2024-01-27,716,28,Retail,PayPal,COUPONAZ-9,13.12,AUD
493746,2024-01-27T17:17:22,2024-01-27,672,28,Online,PayPal,COUPONA0A-,4.68,AUD
493821,2024-01-27T18:08:08,2024-01-27,140,40,Online,Afterpay,COUPON--99,15.74,AUD
493884,2024-01-27T08:44:18,2024-01-27,385,3,Retail,Credit Card,COUPONAA--,9.61,AUD
493992,2024-01-27T13:22:39,2024-01-27,225,47,Online,Credit Card,COUPONAZZ-,10.17,AUD
494087,2024-01-27T01:51:50,2024-01-27,76,16,Online,Credit Card,COUPONZZ0A,5.64,AUD
494101,2024-01-27T07:11:08,2024-01-27,650,6,Online,Credit Card,COUPONA09-,17.29,AUD
494269,2024-01-27T07:13:20,2024-01-27,595,20,Retail,PayPal,COUPON0Z00,4.44,AUD
494408,2024-01-27T22:30:28,2024-01-27,613,27,Retail,Credit Card,COUPONAAAZ,2.7,AUD
494411,2024-01-27T10:50:18,2024-01-27,151,26,Retail,PayPal,COUPON9-AZ,7.61,AUD
494482,2024-01-27T18:08:33,2024-01-27,367,25,Retail,Afterpay,COUPON000Z,15.85,AUD
494571,2024-01-27T06:56:05,2024-01-27,585,25,Online,Credit Card,COUPONAZZA,1.79,AUD
494603,2024-01-27T15:45:51,2024-01-27,166,25,Online,Afterpay,COUPONA9Z0,2.62,AUD
494617,2024-01-27T04:57:39,2024-01-27,263,49,Retail,Afterpay,COUPON-Z9Z,16.18,AUD
494625,2024-01-27T00:16:16,2024-01-27,187,16,Retail,Afterpay,COUPON9Z-Z,12.32,AUD
494802,2024-01-27T22:15:32,2024-01-27,531,47,Retail,PayPal,COUPONA0Z-,8.42,AUD
494804,2024-01-27T07:17:25,2024-01-27,65,40,Online,Credit Card,COUPON0AAA,18.8,AUD
494819,2024-01-27T02:40:29,2024-01-27,228,1,Retail,Credit Card,COUPONA09-,3.11,AUD
494879,2024-01-27T06:39:18,2024-01-27,281,24,Retail,Credit Card,COUPON0A9Z,3.95,AUD
494988,2024-01-27T10:26:57,2024-01-27,24,41,Retail,Afterpay,COUPON--A9,7.71,AUD
495132,2024-01-27T20:35:27,2024-01-27,434,29,Online,Credit Card,COUPONZ-A-,13.5,AUD
495261,2024-01-27T11:28:07,2024-01-27,602,20,Retail,Afterpay,COUPON090A,7.73,AUD
495434,2024-01-27T05:42:47,2024-01-27,468,37,Retail,Afterpay,COUPON--ZA,18.73,AUD
495637,2024-01-27T15:18:58,2024-01-27,449,19,Online,Credit Card,COUPONZ9--,6.37,AUD
495652,2024-01-27T13:46:59,2024-01-27,650,2,Online,Credit Card,COUPONZ--0,10.08,AUD
495698,2024-01-27T08:29:53,2024-01-27,389,49,Retail,PayPal,COUPON9Z--,12.74,AUD
495699,2024-01-27T15:01:34,2024-01-27,214,47,Retail,Credit Card,COUPONZA0A,11.12,AUD
495704,2024-01-27T09:08:17,2024-01-27,342,39,Online,Afterpay,COUPON-AAA,13.41,AUD
495781,2024-01-27T08:55:14,2024-01-27,171,41,Retail,Credit Card,COUPONZ-ZA,15.68,AUD
495802,2024-01-27T17:19:19,2024-01-27,766,1,Online,PayPal,COUPON-0AZ,19.82,AUD
495927,2024-01-27T07:52:34,2024-01-27,43,11,Online,Credit Card,COUPONZZZA,12.51,AUD
495956,2024-01-27T18:53:29,2024-01-27,298,48,Retail,PayPal,COUPON99-9,16.78,AUD
496104,2024-01-27T18:48:41,2024-01-27,66,38,Online,Credit Card,COUPON9AZ0,6.21,AUD
496230,2024-01-27T08:05:44,2024-01-27,790,21,Retail,Credit Card,COUPON0-AA,9.35,AUD
496259,2024-01-27T17:13:20,2024-01-27,501,20,Online,PayPal,COUPON99--,18.19,AUD
496390,2024-01-27T13:38:38,2024-01-27,210,40,Online,Afterpay,COUPON900A,13.73,AUD
496541,2024-01-27T13:29:24,2024-01-27,68,4,Online,Credit Card,COUPONA-A-,6.86,AUD
496580,2024-01-27T10:57:57,2024-01-27,7,9,Retail,Credit Card,COUPON--0-,1.49,AUD
496687,2024-01-27T03:21:41,2024-01-27,119,1,Retail,Credit Card,COUPON--9A,15.81,AUD
496732,2024-01-27T08:57:16,2024-01-27,646,24,Retail,Afterpay,COUPON09-9,17.28,AUD
496752,2024-01-27T00:17:04,2024-01-27,102,16,Retail,PayPal,COUPONA---,5.01,AUD
496774,2024-01-27T02:26:44,2024-01-27,213,19,Retail,Credit Card,COUPON-99Z,1.74,AUD
496808,2024-01-27T23:32:49,2024-01-27,209,2,Online,Afterpay,COUPON--Z0,15.49,AUD
496815,2024-01-27T18:41:00,2024-01-27,583,45,Retail,Credit Card,COUPON0Z-Z,3.45,AUD
496865,2024-01-27T08:37:41,2024-01-27,517,43,Online,Afterpay,COUPON--9-,12.9,AUD
497058,2024-01-27T20:13:24,2024-01-27,21,16,Retail,Credit Card,COUPON0-0-,19.57,AUD
497074,2024-01-27T21:55:55,2024-01-27,567,9,Online,Afterpay,COUPONZAZ9,14.71,AUD
497094,2024-01-27T09:12:55,2024-01-27,339,18,Retail,Credit Card,COUPONA--Z,19.99,AUD
497117,2024-01-27T06:36:51,2024-01-27,465,47,Retail,Credit Card,COUPON000-,7.43,AUD
497305,2024-01-27T09:07:46,2024-01-27,483,15,Online,PayPal,COUPON-A0A,19.56,AUD
497521,2024-01-27T03:22:52,2024-01-27,426,16,Online,Credit Card,COUPON0-Z-,5.45,AUD
497572,2024-01-27T17:18:52,2024-01-27,690,25,Online,Credit Card,COUPON-9-A,15.05,AUD
497729,2024-01-27T16:58:10,2024-01-27,712,40,Online,Credit Card,COUPONA990,1.41,AUD
497921,2024-01-27T22:17:00,2024-01-27,716,48,Retail,PayPal,COUPON-9--,1.29,AUD
498060,2024-01-27T02:04:41,2024-01-27,750,21,Retail,PayPal,COUPON999Z,4.8,AUD
498236,2024-01-27T06:45:03,2024-01-27,92,14,Online,Credit Card,COUPON-9-Z,12.58,AUD
498295,2024-01-27T00:56:37,2024-01-27,124,6,Online,PayPal,COUPON9Z-0,3.98,AUD
498376,2024-01-27T13:21:23,2024-01-27,611,6,Retail,PayPal,COUPONZ909,7.3,AUD
498447,2024-01-27T07:47:31,2024-01-27,434,34,Online,Credit Card,COUPON9---,19.58,AUD
498505,2024-01-27T06:35:10,2024-01-27,711,13,Retail,PayPal,COUPONZ--0,12.36,AUD
498612,2024-01-27T20:26:30,2024-01-27,122,15,Online,PayPal,COUPONA99A,12.65,AUD
498626,2024-01-27T22:24:11,2024-01-27,768,11,Retail,Credit Card,COUPON0Z-9,9.91,AUD
498690,2024-01-27T11:41:55,2024-01-27,86,17,Retail,PayPal,COUPONZ9Z0,5.82,AUD
498719,2024-01-27T07:03:08,2024-01-27,477,16,Online,Credit Card,COUPON9A-9,14.27,AUD
498947,2024-01-27T04:46:55,2024-01-27,44,41,Retail,PayPal,COUPON--9-,10.32,AUD
499119,2024-01-27T09:41:16,2024-01-27,347,48,Retail,Afterpay,COUPON-AZ0,3.59,AUD
499311,2024-01-27T07:38:24,2024-01-27,728,38,Retail,PayPal,COUPON--9A,8.55,AUD
499602,2024-01-27T06:20:17,2024-01-27,723,8,Retail,Afterpay,COUPON--9-,1.63,AUD
499874,2024-01-27T02:42:10,2024-01-27,455,49,Retail,Afterpay,COUPON9--9,13.29,AUD
500176,2024-01-27T10:47:10,2024-01-27,666,31,Retail,Afterpay,COUPON0-ZA,11.53,AUD
500440,2024-01-27T16:33:37,2024-01-27,168,19,Online,Afterpay,COUPON--90,10.73,AUD
500878,2024-01-27T09:40:50,2024-01-27,39,25,Online,Credit Card,COUPON-0Z-,12.42,AUD
500891,2024-01-27T13:57:42,2024-01-27,285,26,Online,Afterpay,COUPON9--Z,1.5,AUD
500903,2024-01-27T12:28:20,2024-01-27,439,21,Retail,Credit Card,COUPONZZ--,8.51,AUD
500913,2024-01-27T09:13:00,2024-01-27,488,31,Retail,Credit Card,COUPON-A9-,10.49,AUD
500974,2024-01-27T04:46:33,2024-01-27,247,10,Online,PayPal,COUPONA9-Z,13.34,AUD
500998,2024-01-27T10:02:38,2024-01-27,407,22,Retail,Credit Card,COUPON-0A9,16.01,AUD
500999,2024-01-27T00:05:32,2024-01-27,132,43,Online,Credit Card,COUPON90AZ,12.88,AUD
501104,2024-01-27T11:47:28,2024-01-27,741,11,Retail,PayPal,COUPON-9-Z,13.88,AUD
501417,2024-01-27T08:03:34,2024-01-27,175,37,Retail,Credit Card,COUPONZA-0,18.59,AUD
501873,2024-01-27T08:14:30,2024-01-27,384,40,Retail,Afterpay,COUPON--00,11.92,AUD
501915,2024-01-27T05:02:57,2024-01-27,750,33,Retail,PayPal,COUPONZ0A9,2.97,AUD
502037,2024-01-27T10:16:13,2024-01-27,97,16,Online,Credit Card,COUPON-ZZ9,10.49,AUD
502117,2024-01-27T10:22:20,2024-01-27,32,49,Retail,Afterpay,COUPONZ-9A,7.25,AUD
502140,2024-01-27T06:55:19,2024-01-27,152,25,Online,Afterpay,COUPONA--Z,18.0,AUD
502145,2024-01-27T12:29:04,2024-01-27,644,27,Online,PayPal,COUPONZ00-,15.4,AUD
502345,2024-01-27T20:14:38,2024-01-27,400,45,Online,Credit Card,COUPON-Z9A,2.68,AUD
502352,2024-01-27T11:51:26,2024-01-27,118,5,Retail,Credit Card,COUPON-0Z-,17.2,AUD
502587,2024-01-27T09:31:18,2024-01-27,40,33,Online,Credit Card,COUPON-90Z,7.25,AUD
502697,2024-01-27T09:39:43,2024-01-27,728,3,Online,Credit Card,COUPONA0AZ,7.87,AUD
502727,2024-01-27T08:35:58,2024-01-27,215,15,Online,PayPal,COUPON09A0,8.6,AUD
502964,2024-01-27T21:21:48,2024-01-27,376,11,Online,PayPal,COUPONZ9-A,16.06,AUD
503045,2024-01-27T11:41:36,2024-01-27,658,21,Online,Afterpay,COUPON-Z-0,1.63,AUD
503132,2024-01-27T22:09:23,2024-01-27,307,46,Retail,PayPal,COUPON0-0-,6.47,AUD
503157,2024-01-27T23:50:02,2024-01-27,796,5,Retail,PayPal,COUPON0Z--,4.71,AUD
503583,2024-01-27T21:27:48,2024-01-27,137,20,Online,PayPal,COUPONZ-0-,8.21,AUD
503592,2024-01-27T20:27:03,2024-01-27,740,33,Retail,Afterpay,COUPON9-0Z,3.56,AUD
503670,2024-01-27T09:27:51,2024-01-27,712,15,Retail,Afterpay,COUPON0-9-,14.5,AUD
503790,2024-01-27T06:49:48,2024-01-27,377,7,Retail,Credit Card,COUPON-0A9,10.41,AUD
503822,2024-01-27T09:36:13,2024-01-27,753,43,Retail,PayPal,COUPON0A-A,0.31,AUD
504008,2024-01-27T11:29:45,2024-01-27,691,46,Retail,Credit Card,COUPONZ-0-,4.85,AUD
504354,2024-01-27T10:41:45,2024-01-27,755,43,Online,Credit Card,COUPON0--Z,8.01,AUD
504418,2024-01-27T20:09:40,2024-01-27,449,42,Online,Credit Card,COUPONA-90,3.47,AUD
504456,2024-01-27T05:38:02,2024-01-27,535,29,Online,PayPal,COUPONAA-9,1.3,AUD
504521,2024-01-27T00:07:20,2024-01-27,721,49,Retail,PayPal,COUPONZ--A,13.67,AUD
504849,2024-01-27T03:10:19,2024-01-27,490,46,Online,PayPal,COUPON9A--,8.48,AUD
504941,2024-01-27T05:36:39,2024-01-27,313,23,Online,Afterpay,COUPON-Z0A,7.07,AUD
505096,2024-01-27T14:37:43,2024-01-27,339,2,Online,PayPal,COUPON--AZ,4.88,AUD
505300,2024-01-27T17:58:07,2024-01-27,385,37,Retail,PayPal,COUPON-999,6.08,AUD
505343,2024-01-27T22:22:28,2024-01-27,23,11,Online,Afterpay,COUPON---Z,11.39,AUD
505497,2024-01-27T14:07:37,2024-01-27,54,26,Online,Afterpay,COUPON99AZ,5.92,AUD
505630,2024-01-27T07:02:21,2024-01-27,363,12,Retail,Afterpay,COUPON----,13.99,AUD
505650,2024-01-27T13:11:41,2024-01-27,467,15,Online,PayPal,COUPON0Z00,12.78,AUD
505770,2024-01-27T11:29:39,2024-01-27,642,38,Online,PayPal,COUPONAZZ0,10.94,AUD
505824,2024-01-27T03:32:33,2024-01-27,413,27,Online,Credit Card,COUPONA999,14.33,AUD
505861,2024-01-27T02:59:50,2024-01-27,238,7,Online,Credit Card,COUPON-Z9-,6.45,AUD
505870,2024-01-27T21:28:29,2024-01-27,379,24,Online,Afterpay,COUPON0-Z-,6.53,AUD
505934,2024-01-27T17:08:13,2024-01-27,503,10,Online,PayPal,COUPONZ09-,14.4,AUD
506018,2024-01-27T12:11:30,2024-01-27,195,16,Online,Afterpay,COUPONAA0-,18.96,AUD
506036,2024-01-27T02:59:06,2024-01-27,231,42,Online,Credit Card,COUPON9--0,13.77,AUD
506104,2024-01-27T02:28:29,2024-01-27,754,28,Online,PayPal,COUPON9Z-Z,14.72,AUD
506270,2024-01-27T19:05:17,2024-01-27,641,3,Retail,Afterpay,COUPONAA-Z,0.85,AUD
506285,2024-01-27T14:40:49,2024-01-27,665,26,Online,PayPal,COUPONAZ--,7.91,AUD
506353,2024-01-27T18:44:53,2024-01-27,589,30,Online,PayPal,COUPON----,18.27,AUD
506414,2024-01-27T14:22:45,2024-01-27,563,18,Retail,Credit Card,COUPON-9-A,9.11,AUD
506454,2024-01-27T23:41:33,2024-01-27,501,43,Online,Credit Card,COUPON-00A,2.47,AUD
506538,2024-01-27T15:44:36,2024-01-27,592,24,Retail,Credit Card,COUPON--Z9,12.4,AUD
506589,2024-01-27T18:48:23,2024-01-27,283,14,Online,PayPal,COUPON9-Z9,14.62,AUD
506678,2024-01-27T03:37:48,2024-01-27,491,11,Retail,PayPal,COUPON----,1.17,AUD
506919,2024-01-27T07:55:00,2024-01-27,544,48,Retail,PayPal,COUPON9--A,4.5,AUD
506991,2024-01-27T09:34:16,2024-01-27,410,23,Online,PayPal,COUPON---0,17.6,AUD
507073,2024-01-27T00:35:04,2024-01-27,496,43,Retail,PayPal,COUPON--00,12.34,AUD
507107,2024-01-27T11:06:33,2024-01-27,565,19,Retail,Credit Card,COUPON-9-A,7.32,AUD
507150,2024-01-27T22:26:49,2024-01-27,364,3,Online,Afterpay,COUPON-009,6.31,AUD
507229,2024-01-27T18:55:46,2024-01-27,576,14,Online,Afterpay,COUPON---Z,5.05,AUD
507238,2024-01-27T13:25:40,2024-01-27,126,28,Retail,Afterpay,COUPON-0AZ,12.25,AUD
507253,2024-01-27T05:29:00,2024-01-27,435,2,Online,PayPal,COUPONZ9Z-,1.88,AUD
507363,2024-01-27T08:19:42,2024-01-27,147,46,Online,Afterpay,COUPONA-ZA,10.1,AUD
507747,2024-01-27T06:13:43,2024-01-27,641,6,Online,Credit Card,COUPON--Z-,3.04,AUD
507827,2024-01-27T15:52:02,2024-01-27,612,3,Online,PayPal,COUPON9-9Z,17.83,AUD
508002,2024-01-27T17:38:02,2024-01-27,789,37,Online,Credit Card,COUPON--A-,4.46,AUD
508029,2024-01-27T16:28:04,2024-01-27,700,25,Online,Afterpay,COUPONZ900,9.85,AUD
508039,2024-01-27T14:00:20,2024-01-27,135,18,Retail,Credit Card,COUPON09--,17.28,AUD
508378,2024-01-27T06:22:04,2024-01-27,736,33,Retail,Credit Card,COUPONZ--9,7.73,AUD
508508,2024-01-27T22:10:20,2024-01-27,701,3,Online,PayPal,COUPONZZ0A,4.91,AUD
508551,2024-01-27T00:50:03,2024-01-27,186,16,Online,Credit Card,COUPON99-A,13.99,AUD
508996,2024-01-27T22:39:07,2024-01-27,704,28,Online,Credit Card,COUPON-Z-0,8.17,AUD
509045,2024-01-27T19:35:35,2024-01-27,697,29,Retail,PayPal,COUPONA-AA,8.35,AUD
509078,2024-01-27T10:50:23,2024-01-27,747,18,Online,Afterpay,COUPON9-A-,4.32,AUD
509321,2024-01-27T22:54:44,2024-01-27,422,5,Online,Afterpay,COUPON0A09,1.18,AUD
509348,2024-01-27T15:28:18,2024-01-27,261,10,Online,Afterpay,COUPONA90-,5.92,AUD
509403,2024-01-27T22:22:50,2024-01-27,756,42,Retail,Credit Card,COUPONZZ9Z,8.48,AUD
509455,2024-01-27T09:48:48,2024-01-27,770,22,Online,PayPal,COUPONA9-Z,18.3,AUD
509537,2024-01-27T10:37:08,2024-01-27,634,38,Retail,Credit Card,COUPON0Z0-,16.14,AUD
509633,2024-01-27T21:50:57,2024-01-27,676,9,Retail,PayPal,COUPON--A-,17.02,AUD
509709,2024-01-27T06:52:37,2024-01-27,208,41,Online,Afterpay,COUPONAZAZ,15.94,AUD
509766,2024-01-27T06:27:14,2024-01-27,583,24,Retail,Credit Card,COUPONZ-00,6.73,AUD
509910,2024-01-27T06:56:02,2024-01-27,486,49,Retail,Credit Card,COUPON--0Z,1.46,AUD
510035,2024-01-27T01:08:51,2024-01-27,41,33,Online,PayPal,COUPON0099,19.46,AUD
510051,2024-01-27T19:19:46,2024-01-27,445,9,Online,Afterpay,COUPON99Z-,15.53,AUD
510085,2024-01-27T06:07:48,2024-01-27,115,24,Online,PayPal,COUPON9Z0A,0.45,AUD
510476,2024-01-27T23:44:15,2024-01-27,217,24,Retail,Afterpay,COUPONZA9-,16.95,AUD
510558,2024-01-27T22:50:32,2024-01-27,87,42,Retail,PayPal,COUPON---Z,10.89,AUD
510734,2024-01-27T19:19:44,2024-01-27,654,42,Retail,Credit Card,COUPON-Z90,2.89,AUD
510795,2024-01-27T07:40:21,2024-01-27,277,33,Retail,PayPal,COUPONA--Z,12.58,AUD
510855,2024-01-27T12:38:40,2024-01-27,565,21,Retail,Credit Card,COUPON--0Z,0.94,AUD
510889,2024-01-27T12:24:12,2024-01-27,752,19,Online,Credit Card,COUPON-Z-0,17.81,AUD
510928,2024-01-27T04:37:43,2024-01-27,683,33,Online,Afterpay,COUPON000-,15.26,AUD
510942,2024-01-27T07:05:50,2024-01-27,75,38,Retail,PayPal,COUPONA90-,16.89,AUD
510961,2024-01-27T14:46:36,2024-01-27,337,44,Online,Credit Card,COUPON--9Z,6.05,AUD
511015,2024-01-27T05:10:43,2024-01-27,396,29,Retail,Afterpay,COUPON-A9-,13.52,AUD
511110,2024-01-27T13:50:35,2024-01-27,45,47,Retail,Credit Card,COUPONZ0-Z,3.15,AUD
511181,2024-01-27T18:59:38,2024-01-27,31,17,Online,PayPal,COUPON90-A,8.94,AUD
511306,2024-01-27T02:37:36,2024-01-27,251,41,Retail,Credit Card,COUPON-9AA,1.74,AUD
511343,2024-01-27T04:21:03,2024-01-27,76,1,Online,Credit Card,COUPONZZ0-,15.14,AUD
511374,2024-01-27T16:42:47,2024-01-27,235,8,Retail,PayPal,COUPON0099,19.76,AUD
511388,2024-01-27T12:41:04,2024-01-27,264,39,Retail,Credit Card,COUPON000Z,12.85,AUD
511476,2024-01-27T13:43:32,2024-01-27,83,45,Online,Credit Card,COUPONAZ-Z,19.37,AUD
511663,2024-01-27T21:55:33,2024-01-27,428,3,Online,Credit Card,COUPON--99,18.92,AUD
511810,2024-01-27T01:44:23,2024-01-27,496,42,Online,Credit Card,COUPON9-ZZ,13.32,AUD
512215,2024-01-27T17:20:54,2024-01-27,615,13,Retail,PayPal,COUPON00-0,15.52,AUD
512237,2024-01-27T14:46:46,2024-01-27,633,22,Online,Afterpay,COUPONA99-,14.9,AUD
512438,2024-01-27T04:26:34,2024-01-27,763,26,Retail,Credit Card,COUPON90-A,8.8,AUD
512490,2024-01-27T16:31:34,2024-01-27,302,1,Online,Credit Card,COUPONZ-ZA,13.59,AUD
512497,2024-01-27T11:45:33,2024-01-27,694,25,Retail,Afterpay,COUPON9-99,16.57,AUD
512660,2024-01-27T23:40:35,2024-01-27,185,22,Online,PayPal,COUPONZ-A0,11.65,AUD
512676,2024-01-27T07:33:46,2024-01-27,91,39,Retail,Afterpay,COUPON9AZ0,3.84,AUD
512729,2024-01-27T08:22:44,2024-01-27,302,17,Retail,Afterpay,COUPON0900,11.93,AUD
512971,2024-01-27T10:48:29,2024-01-27,447,44,Retail,Afterpay,COUPONZA0Z,18.16,AUD
513039,2024-01-27T14:57:15,2024-01-27,81,3,Retail,Credit Card,COUPON--AZ,16.04,AUD
513046,2024-01-27T13:51:21,2024-01-27,456,27,Retail,Afterpay,COUPON0A9-,7.61,AUD
513063,2024-01-27T20:43:58,2024-01-27,33,3,Online,Afterpay,COUPON-0-A,14.79,AUD
513142,2024-01-27T01:40:01,2024-01-27,346,49,Retail,Afterpay,COUPON-ZZ-,15.23,AUD
513265,2024-01-27T03:47:59,2024-01-27,275,26,Retail,Afterpay,COUPON--Z-,2.54,AUD
513314,2024-01-27T06:45:32,2024-01-27,268,5,Online,Credit Card,COUPON-ZA0,11.71,AUD
513322,2024-01-27T04:33:44,2024-01-27,769,33,Online,PayPal,COUPON-Z--,3.54,AUD
513325,2024-01-27T05:47:07,2024-01-27,452,33,Online,Afterpay,COUPON9-90,4.98,AUD
513487,2024-01-27T17:17:44,2024-01-27,759,32,Online,Afterpay,COUPONA--0,5.62,AUD
513659,2024-01-27T07:12:07,2024-01-27,541,34,Online,PayPal,COUPON-A9-,14.51,AUD
513709,2024-01-27T17:31:21,2024-01-27,169,14,Online,Credit Card,COUPONZZZ0,18.19,AUD
513754,2024-01-27T11:16:23,2024-01-27,107,15,Retail,Afterpay,COUPON9--0,10.96,AUD
513760,2024-01-27T01:39:30,2024-01-27,36,32,Online,PayPal,COUPONZ--9,6.74,AUD
513765,2024-01-27T18:08:14,2024-01-27,14,14,Retail,Afterpay,COUPONA-Z0,0.12,AUD
513836,2024-01-27T06:07:39,2024-01-27,749,33,Online,PayPal,COUPON00A0,14.78,AUD
513850,2024-01-27T07:22:22,2024-01-27,503,20,Online,Credit Card,COUPON-Z0-,17.95,AUD
513904,2024-01-27T06:02:15,2024-01-27,743,39,Online,Credit Card,COUPON-Z-Z,4.24,AUD
513920,2024-01-27T05:21:34,2024-01-27,378,35,Online,Afterpay,COUPON-ZZ-,3.82,AUD
514013,2024-01-27T01:56:39,2024-01-27,473,32,Online,Afterpay,COUPONA--Z,0.39,AUD
514079,2024-01-27T01:13:46,2024-01-27,26,5,Retail,Afterpay,COUPONZZ-0,0.13,AUD
514085,2024-01-27T23:34:42,2024-01-27,462,31,Retail,Credit Card,COUPON-A--,8.26,AUD
514176,2024-01-27T14:28:41,2024-01-27,454,11,Online,PayPal,COUPONAAZ0,13.62,AUD
514236,2024-01-27T00:32:29,2024-01-27,272,46,Online,Credit Card,COUPONZ--9,5.49,AUD
514323,2024-01-27T22:07:04,2024-01-27,769,35,Online,Credit Card,COUPON0Z-Z,3.6,AUD
514479,2024-01-27T00:06:07,2024-01-27,305,12,Online,PayPal,COUPON99ZA,18.43,AUD
514560,2024-01-27T19:01:55,2024-01-27,657,47,Online,Credit Card,COUPON0---,12.87,AUD
514706,2024-01-27T07:50:42,2024-01-27,589,42,Online,Afterpay,COUPON-0-9,15.52,AUD
514737,2024-01-27T10:36:44,2024-01-27,683,30,Retail,Credit Card,COUPON-Z0-,17.85,AUD
514776,2024-01-27T09:52:26,2024-01-27,370,7,Online,Afterpay,COUPONZ-ZZ,13.52,AUD
514926,2024-01-27T03:56:12,2024-01-27,262,1,Online,PayPal,COUPON99Z0,0.52,AUD
515004,2024-01-27T11:35:55,2024-01-27,290,37,Retail,Afterpay,COUPON-9--,4.72,AUD
515047,2024-01-27T01:01:01,2024-01-27,83,47,Online,Afterpay,COUPON9AA-,13.25,AUD
515229,2024-01-27T08:01:01,2024-01-27,284,20,Retail,PayPal,COUPONZAAZ,16.16,AUD
515325,2024-01-27T03:24:18,2024-01-27,343,41,Retail,Credit Card,COUPONZ--9,18.82,AUD
515507,2024-01-27T10:54:13,2024-01-27,95,4,Online,Afterpay,COUPON9Z0-,14.95,AUD
515516,2024-01-27T03:15:19,2024-01-27,603,35,Retail,PayPal,COUPONA0ZZ,7.69,AUD
515533,2024-01-27T02:50:01,2024-01-27,167,47,Online,Credit Card,COUPONZAA-,0.93,AUD
515603,2024-01-27T17:42:19,2024-01-27,661,36,Online,Afterpay,COUPON-Z00,3.25,AUD
515614,2024-01-27T16:57:41,2024-01-27,601,9,Retail,PayPal,COUPON-Z0Z,10.87,AUD
515746,2024-01-27T11:38:52,2024-01-27,166,7,Retail,PayPal,COUPON-09Z,2.38,AUD
515787,2024-01-27T03:35:43,2024-01-27,547,27,Online,Afterpay,COUPONA-9-,9.29,AUD
516035,2024-01-27T12:22:37,2024-01-27,151,30,Retail,Afterpay,COUPON9--0,2.45,AUD
516144,2024-01-27T22:07:22,2024-01-27,384,38,Online,PayPal,COUPON-AZA,2.68,AUD
516175,2024-01-27T13:58:29,2024-01-27,568,9,Online,PayPal,COUPONA0-Z,18.87,AUD
516183,2024-01-27T17:00:56,2024-01-27,764,29,Retail,PayPal,COUPON9-9-,1.95,AUD
516233,2024-01-27T03:50:48,2024-01-27,308,21,Online,Credit Card,COUPON9-AZ,11.18,AUD
516374,2024-01-27T18:53:48,2024-01-27,296,25,Retail,Credit Card,COUPON-Z-A,18.87,AUD
516411,2024-01-27T10:52:12,2024-01-27,783,13,Online,Credit Card,COUPON-009,3.99,AUD
516558,2024-01-27T10:47:27,2024-01-27,676,33,Online,Credit Card,COUPONZ-9A,11.2,AUD
516564,2024-01-27T04:47:09,2024-01-27,287,38,Retail,PayPal,COUPON9A--,6.47,AUD
516600,2024-01-27T10:22:45,2024-01-27,202,3,Retail,Afterpay,COUPON-0Z9,13.96,AUD
516623,2024-01-27T16:17:30,2024-01-27,306,7,Retail,Credit Card,COUPON9Z9-,15.4,AUD
516894,2024-01-27T15:31:52,2024-01-27,322,49,Retail,PayPal,COUPON0A09,11.63,AUD
516907,2024-01-27T17:47:09,2024-01-27,168,8,Online,PayPal,COUPON-00A,4.68,AUD
516934,2024-01-27T18:50:45,2024-01-27,155,24,Online,PayPal,COUPONAZ0Z,2.28,AUD
517050,2024-01-27T23:47:04,2024-01-27,70,11,Retail,PayPal,COUPON-0Z0,2.49,AUD
517077,2024-01-27T23:49:49,2024-01-27,186,21,Online,Afterpay,COUPON-ZA9,18.45,AUD
517132,2024-01-27T21:49:36,2024-01-27,310,33,Retail,Afterpay,COUPON-A0-,2.93,AUD
517285,2024-01-27T23:07:51,2024-01-27,202,7,Online,Afterpay,COUPON-Z9-,11.75,AUD
517353,2024-01-27T14:51:04,2024-01-27,300,29,Retail,PayPal,COUPONZ---,2.76,AUD
517388,2024-01-27T09:09:42,2024-01-27,316,5,Retail,Credit Card,COUPON9A0Z,7.45,AUD
517427,2024-01-27T00:32:11,2024-01-27,184,35,Online,Credit Card,COUPONZ9AA,8.43,AUD
517489,2024-01-27T01:05:35,2024-01-27,622,44,Online,Credit Card,COUPON-Z0A,1.26,AUD
517498,2024-01-27T04:57:42,2024-01-27,341,27,Retail,Afterpay,COUPON9-09,8.59,AUD
517541,2024-01-27T10:53:58,2024-01-27,532,4,Online,Credit Card,COUPON0--Z,4.86,AUD
517636,2024-01-27T08:52:07,2024-01-27,45,40,Retail,Credit Card,COUPON-ZA0,5.55,AUD
517760,2024-01-27T16:11:37,2024-01-27,636,22,Retail,Credit Card,COUPONA--Z,14.44,AUD
517772,2024-01-27T06:12:16,2024-01-27,659,14,Online,Credit Card,COUPON9Z9-,12.17,AUD
517819,2024-01-27T21:54:43,2024-01-27,46,13,Retail,Credit Card,COUPON0Z--,0.88,AUD
517969,2024-01-27T14:52:36,2024-01-27,681,15,Online,PayPal,COUPON9---,13.24,AUD
517983,2024-01-27T21:41:35,2024-01-27,414,37,Online,Credit Card,COUPON9090,14.01,AUD
518030,2024-01-27T09:19:17,2024-01-27,61,12,Online,Afterpay,COUPON-0AZ,2.49,AUD
518120,2024-01-27T00:28:54,2024-01-27,529,34,Online,Afterpay,COUPONZ0-Z,13.17,AUD
518185,2024-01-27T07:14:54,2024-01-27,500,41,Online,Credit Card,COUPONA-0-,0.01,AUD
518354,2024-01-27T08:23:53,2024-01-27,675,35,Online,Afterpay,COUPONZ9-0,13.73,AUD
518366,2024-01-27T07:26:10,2024-01-27,599,33,Online,Credit Card,COUPON9ZZA,3.26,AUD
518473,2024-01-27T14:31:02,2024-01-27,637,22,Online,Credit Card,COUPON-0Z-,19.74,AUD
518484,2024-01-27T22:50:50,2024-01-27,25,23,Retail,Afterpay,COUPON9A-A,18.12,AUD
518653,2024-01-27T03:12:29,2024-01-27,685,42,Online,Afterpay,COUPONZ000,13.69,AUD
518723,2024-01-27T20:17:14,2024-01-27,575,9,Retail,Credit Card,COUPON--9-,18.92,AUD
518798,2024-01-27T15:12:23,2024-01-27,349,36,Online,PayPal,COUPON-Z-Z,13.99,AUD
519169,2024-01-27T23:57:08,2024-01-27,703,18,Online,Afterpay,COUPON-9-0,6.16,AUD
519390,2024-01-27T13:30:15,2024-01-27,204,10,Online,PayPal,COUPON090-,13.83,AUD
519407,2024-01-27T17:11:55,2024-01-27,111,11,Online,PayPal,COUPON-A9A,7.97,AUD
519434,2024-01-27T05:39:32,2024-01-27,49,24,Retail,Afterpay,COUPON--ZZ,7.71,AUD
519541,2024-01-27T04:36:36,2024-01-27,515,35,Retail,PayPal,COUPON0AZ9,7.21,AUD
519598,2024-01-27T18:44:47,2024-01-27,331,4,Online,Afterpay,COUPON---9,18.15,AUD
519629,2024-01-27T23:14:50,2024-01-27,597,26,Retail,PayPal,COUPONZA09,5.16,AUD
519810,2024-01-27T20:52:47,2024-01-27,145,13,Retail,Credit Card,COUPON0---,1.98,AUD
519822,2024-01-27T03:56:34,2024-01-27,86,32,Online,PayPal,COUPON-0A-,17.39,AUD
519927,2024-01-27T22:37:50,2024-01-27,190,30,Retail,Afterpay,COUPON0Z--,3.56,AUD
519958,2024-01-27T14:39:18,2024-01-27,515,27,Online,PayPal,COUPONZ-Z0,19.0,AUD
520271,2024-01-27T13:11:26,2024-01-27,549,14,Retail,PayPal,COUPON-9-0,3.45,AUD
520357,2024-01-27T04:09:49,2024-01-27,758,18,Retail,PayPal,COUPON--0Z,18.06,AUD
520433,2024-01-27T01:16:07,2024-01-27,251,23,Retail,Credit Card,COUPONA-90,0.1,AUD
520450,2024-01-27T01:21:04,2024-01-27,6,29,Retail,PayPal,COUPONA-00,7.06,AUD
520644,2024-01-27T23:33:39,2024-01-27,637,23,Retail,PayPal,COUPONZ9--,1.21,AUD
520971,2024-01-27T00:22:33,2024-01-27,369,35,Online,Afterpay,COUPON9-0-,13.74,AUD
521042,2024-01-27T09:42:06,2024-01-27,141,30,Online,PayPal,COUPONZ-A9,11.59,AUD
521357,2024-01-27T22:15:57,2024-01-27,57,4,Retail,Credit Card,COUPONZ-0Z,12.85,AUD
521405,2024-01-27T04:49:29,2024-01-27,303,48,Retail,Credit Card,COUPON9-AA,10.74,AUD
521438,2024-01-27T08:20:16,2024-01-27,323,49,Online,PayPal,COUPON09-9,9.79,AUD
521528,2024-01-27T16:09:23,2024-01-27,75,3,Retail,Afterpay,COUPONA0--,6.75,AUD
521611,2024-01-27T20:21:35,2024-01-27,92,3,Online,PayPal,COUPON0-AA,0.28,AUD
521679,2024-01-27T06:04:14,2024-01-27,22,23,Online,PayPal,COUPONA-0A,11.35,AUD
521791,2024-01-27T06:02:55,2024-01-27,789,29,Retail,PayPal,COUPON90-9,11.81,AUD
521843,2024-01-27T12:51:30,2024-01-27,272,12,Online,Credit Card,COUPON0Z99,0.05,AUD
521846,2024-01-27T17:18:01,2024-01-27,186,18,Retail,Afterpay,COUPON--A9,0.81,AUD
522065,2024-01-27T18:21:29,2024-01-27,393,49,Retail,Afterpay,COUPON9--A,1.23,AUD
522082,2024-01-27T07:27:22,2024-01-27,744,30,Online,PayPal,COUPON9AZA,8.58,AUD
522162,2024-01-27T07:23:51,2024-01-27,289,16,Retail,PayPal,COUPON-Z0Z,12.07,AUD
522224,2024-01-27T14:29:38,2024-01-27,185,10,Online,PayPal,COUPON---Z,16.12,AUD
522248,2024-01-27T06:24:05,2024-01-27,606,19,Retail,PayPal,COUPONAA-Z,14.99,AUD
522275,2024-01-27T20:22:10,2024-01-27,574,27,Online,Afterpay,COUPON9900,2.63,AUD
522431,2024-01-27T22:54:45,2024-01-27,331,29,Online,PayPal,COUPON00--,17.7,AUD
522660,2024-01-27T03:20:49,2024-01-27,730,17,Retail,Credit Card,COUPONA0-9,17.67,AUD
522821,2024-01-27T10:42:06,2024-01-27,391,47,Retail,Afterpay,COUPON--00,18.77,AUD
522904,2024-01-27T23:32:43,2024-01-27,609,42,Online,PayPal,COUPON0Z0A,9.42,AUD
523021,2024-01-27T13:32:56,2024-01-27,376,31,Retail,PayPal,COUPON-ZA0,13.31,AUD
523135,2024-01-27T17:01:56,2024-01-27,109,41,Retail,Credit Card,COUPON-9A0,1.67,AUD
523174,2024-01-27T22:23:39,2024-01-27,312,10,Online,Afterpay,COUPON0A9-,5.06,AUD
523267,2024-01-27T19:26:03,2024-01-27,457,11,Online,Credit Card,COUPON-A99,10.23,AUD
523330,2024-01-27T19:37:34,2024-01-27,97,49,Online,Credit Card,COUPONA-Z-,14.19,AUD
523460,2024-01-27T07:45:03,2024-01-27,771,41,Retail,Afterpay,COUPONA909,3.26,AUD
523499,2024-01-27T05:45:59,2024-01-27,693,35,Retail,Afterpay,COUPONA99A,14.08,AUD
523562,2024-01-27T14:16:51,2024-01-27,525,19,Retail,Afterpay,COUPON9A0A,18.45,AUD
523849,2024-01-27T08:21:17,2024-01-27,463,48,Online,PayPal,COUPON9Z-A,17.51,AUD
523875,2024-01-27T09:39:40,2024-01-27,489,26,Online,Credit Card,COUPONA0-9,6.04,AUD
524002,2024-01-27T12:17:17,2024-01-27,766,1,Retail,Credit Card,COUPONZZ-0,6.16,AUD
524066,2024-01-27T15:02:48,2024-01-27,660,44,Retail,Afterpay,COUPONZAZZ,9.87,AUD
524081,2024-01-27T23:33:25,2024-01-27,124,32,Retail,Credit Card,COUPON-Z-0,9.84,AUD
524153,2024-01-27T00:26:15,2024-01-27,180,3,Retail,PayPal,COUPON-90Z,6.67,AUD
524233,2024-01-27T20:50:39,2024-01-27,691,46,Retail,Credit Card,COUPONA-9A,16.77,AUD
524234,2024-01-27T00:54:18,2024-01-27,681,39,Retail,Afterpay,COUPONA-09,3.49,AUD
524264,2024-01-27T12:22:19,2024-01-27,200,37,Online,PayPal,COUPONA0--,8.18,AUD
524326,2024-01-27T09:48:28,2024-01-27,193,24,Retail,PayPal,COUPON0-9Z,3.1,AUD
524338,2024-01-27T16:31:36,2024-01-27,240,2,Online,PayPal,COUPONZ--Z,5.82,AUD
524456,2024-01-27T17:12:33,2024-01-27,173,48,Online,Credit Card,COUPONA0-9,9.32,AUD
524536,2024-01-27T07:27:23,2024-01-27,770,17,Retail,PayPal,COUPONZ90A,3.3,AUD
524559,2024-01-27T21:23:51,2024-01-27,87,20,Retail,Afterpay,COUPON990-,3.41,AUD
524742,2024-01-27T08:09:34,2024-01-27,650,31,Retail,Afterpay,COUPON--9Z,3.6,AUD
524983,2024-01-27T11:32:57,2024-01-27,572,3,Online,Afterpay,COUPON0-A-,2.21,AUD
525033,2024-01-27T12:25:59,2024-01-27,737,23,Online,PayPal,COUPONZZA-,16.13,AUD
525038,2024-01-27T04:25:51,2024-01-27,703,28,Online,PayPal,COUPON0A00,1.92,AUD
525344,2024-01-27T15:07:53,2024-01-27,527,37,Online,PayPal,COUPONA9A9,17.06,AUD
525824,2024-01-27T22:17:11,2024-01-27,264,27,Online,Afterpay,COUPONA-99,17.09,AUD
525865,2024-01-27T02:51:38,2024-01-27,161,9,Retail,Credit Card,COUPON9-0-,11.51,AUD
525911,2024-01-27T18:25:15,2024-01-27,391,21,Retail,PayPal,COUPON099-,3.65,AUD
525956,2024-01-27T05:49:22,2024-01-27,368,49,Retail,PayPal,COUPON0A-0,14.71,AUD
526004,2024-01-27T04:20:05,2024-01-27,529,19,Retail,Credit Card,COUPON-00Z,17.98,AUD
526006,2024-01-27T10:24:36,2024-01-27,281,49,Retail,Credit Card,COUPON09ZZ,18.81,AUD
526133,2024-01-27T04:07:14,2024-01-27,127,45,Retail,Afterpay,COUPON-ZZZ,9.59,AUD
526295,2024-01-27T21:06:46,2024-01-27,194,4,Retail,PayPal,COUPON--0Z,4.0,AUD
526375,2024-01-27T10:00:14,2024-01-27,549,13,Online,Credit Card,COUPONAZ0-,6.21,AUD
526475,2024-01-27T15:26:24,2024-01-27,773,43,Online,PayPal,COUPON9ZA-,16.82,AUD
526497,2024-01-27T07:45:51,2024-01-27,490,4,Retail,Credit Card,COUPON-0--,1.61,AUD
526588,2024-01-27T18:31:33,2024-01-27,630,13,Online,PayPal,COUPON---0,10.39,AUD
526688,2024-01-27T21:36:54,2024-01-27,649,45,Online,PayPal,COUPONZZZA,6.27,AUD
526759,2024-01-27T09:16:09,2024-01-27,578,49,Retail,PayPal,COUPONZ0ZA,14.56,AUD
526806,2024-01-27T04:36:40,2024-01-27,477,38,Retail,PayPal,COUPON00--,0.12,AUD
526869,2024-01-27T19:23:24,2024-01-27,205,24,Online,PayPal,COUPON-ZZ9,7.61,AUD
526991,2024-01-27T12:07:17,2024-01-27,170,34,Online,Credit Card,COUPONA-00,8.37,AUD
527053,2024-01-27T00:40:07,2024-01-27,78,34,Online,Afterpay,COUPON--AZ,1.78,AUD
527130,2024-01-27T01:27:44,2024-01-27,304,1,Online,Credit Card,COUPON-0-Z,16.77,AUD
527224,2024-01-27T15:23:55,2024-01-27,72,19,Retail,Credit Card,COUPON9--A,19.92,AUD
527387,2024-01-27T16:19:27,2024-01-27,745,9,Online,Afterpay,COUPON-0AA,7.46,AUD
527540,2024-01-27T06:08:43,2024-01-27,643,21,Online,Credit Card,COUPON--9Z,9.39,AUD
527566,2024-01-27T18:39:26,2024-01-27,250,36,Retail,Afterpay,COUPON--A-,0.69,AUD
527585,2024-01-27T08:47:06,2024-01-27,701,45,Retail,Credit Card,COUPONAZ9-,10.13,AUD
527784,2024-01-27T15:55:40,2024-01-27,88,35,Retail,Afterpay,COUPON-Z9-,14.2,AUD
527786,2024-01-27T04:04:50,2024-01-27,457,38,Retail,Afterpay,COUPONZ---,14.07,AUD
527916,2024-01-27T08:43:51,2024-01-27,344,36,Retail,PayPal,COUPONAZ9A,5.81,AUD
527951,2024-01-27T01:46:08,2024-01-27,177,24,Retail,Afterpay,COUPON990-,7.42,AUD
528056,2024-01-27T02:54:38,2024-01-27,67,5,Retail,Credit Card,COUPON09A9,6.41,AUD
528086,2024-01-27T09:14:12,2024-01-27,678,17,Online,Afterpay,COUPON--00,11.09,AUD
528249,2024-01-27T19:57:31,2024-01-27,326,42,Retail,Afterpay,COUPON0--Z,19.43,AUD
528282,2024-01-27T16:51:13,2024-01-27,104,34,Online,Afterpay,COUPONZ---,16.07,AUD
528390,2024-01-27T09:00:27,2024-01-27,743,36,Online,Credit Card,COUPON-A9-,18.75,AUD
528457,2024-01-27T02:32:52,2024-01-27,739,32,Retail,PayPal,COUPON9Z0A,5.55,AUD
528474,2024-01-27T16:52:24,2024-01-27,442,39,Online,Afterpay,COUPON-90A,8.42,AUD
528579,2024-01-27T12:45:55,2024-01-27,787,32,Retail,Credit Card,COUPON-09Z,7.59,AUD
528581,2024-01-27T05:36:47,2024-01-27,64,47,Retail,Afterpay,COUPON00ZA,12.92,AUD
528695,2024-01-27T04:18:12,2024-01-27,436,45,Retail,Afterpay,COUPONZA9A,19.08,AUD
528786,2024-01-27T06:04:53,2024-01-27,330,37,Retail,PayPal,COUPON-0A-,15.21,AUD
528971,2024-01-27T00:45:24,2024-01-27,590,32,Retail,PayPal,COUPONA-0-,2.96,AUD
529157,2024-01-27T23:50:29,2024-01-27,532,4,Retail,Credit Card,COUPONAZ00,12.14,AUD
529325,2024-01-27T02:09:44,2024-01-27,235,2,Online,Credit Card,COUPON---0,11.52,AUD
529361,2024-01-27T21:04:26,2024-01-27,135,48,Online,Afterpay,COUPON-9--,5.48,AUD
529467,2024-01-27T14:10:31,2024-01-27,662,39,Online,PayPal,COUPONZ-9A,9.27,AUD
529531,2024-01-27T14:19:15,2024-01-27,302,45,Online,Afterpay,COUPON09--,0.24,AUD
529556,2024-01-27T13:09:30,2024-01-27,271,1,Retail,PayPal,COUPONZ99-,10.44,AUD
529591,2024-01-27T15:13:28,2024-01-27,307,47,Retail,Afterpay,COUPON-9--,11.67,AUD
529697,2024-01-27T09:10:10,2024-01-27,161,33,Retail,PayPal,COUPON9--9,6.03,AUD
529849,2024-01-27T23:03:57,2024-01-27,729,47,Online,Afterpay,COUPON-AA-,16.32,AUD
529874,2024-01-27T07:36:41,2024-01-27,541,19,Online,Afterpay,COUPON09-9,12.95,AUD
530048,2024-01-27T11:12:09,2024-01-27,289,30,Online,Afterpay,COUPON0---,0.46,AUD
530392,2024-01-27T17:01:14,2024-01-27,710,33,Online,PayPal,COUPON90--,13.09,AUD
530429,2024-01-27T00:21:02,2024-01-27,102,24,Online,Credit Card,COUPONZZ99,11.4,AUD
530646,2024-01-27T21:29:55,2024-01-27,253,43,Retail,Afterpay,COUPONZ999,8.58,AUD
530681,2024-01-27T07:46:42,2024-01-27,305,21,Online,Credit Card,COUPON-0--,18.36,AUD
530694,2024-01-27T21:24:54,2024-01-27,468,25,Retail,Afterpay,COUPONZA0-,18.76,AUD
530703,2024-01-27T09:49:30,2024-01-27,374,20,Online,PayPal,COUPON----,3.67,AUD
530789,2024-01-27T15:46:34,2024-01-27,798,31,Online,Credit Card,COUPON-0--,9.98,AUD
530862,2024-01-27T04:10:19,2024-01-27,499,31,Online,Afterpay,COUPON-Z--,16.23,AUD
530888,2024-01-27T14:12:32,2024-01-27,367,48,Online,Afterpay,COUPON99-9,16.36,AUD
530964,2024-01-27T08:02:46,2024-01-27,348,28,Retail,PayPal,COUPON-9Z-,1.78,AUD
531405,2024-01-27T11:51:17,2024-01-27,676,37,Retail,PayPal,COUPON9Z-0,11.47,AUD
531512,2024-01-27T17:20:11,2024-01-27,187,37,Retail,Afterpay,COUPONAA0Z,5.6,AUD
531577,2024-01-27T15:16:40,2024-01-27,517,22,Retail,Credit Card,COUPONAZA9,6.89,AUD
531976,2024-01-27T21:23:25,2024-01-27,226,4,Online,Credit Card,COUPON--09,14.86,AUD
532021,2024-01-27T10:56:07,2024-01-27,738,28,Retail,Afterpay,COUPON--ZZ,10.45,AUD
532166,2024-01-27T02:18:01,2024-01-27,471,20,Retail,PayPal,COUPON9A99,6.15,AUD
532211,2024-01-27T13:39:27,2024-01-27,173,3,Retail,PayPal,COUPONZ---,13.43,AUD
532351,2024-01-27T05:06:08,2024-01-27,312,34,Retail,Afterpay,COUPONAZ-0,15.51,AUD
532372,2024-01-27T16:23:12,2024-01-27,571,6,Retail,Credit Card,COUPONZAZ-,3.38,AUD
532440,2024-01-27T21:17:37,2024-01-27,76,41,Online,PayPal,COUPON99Z-,5.05,AUD
532443,2024-01-27T03:00:44,2024-01-27,431,43,Online,PayPal,COUPON9-99,17.56,AUD
532496,2024-01-27T04:11:33,2024-01-27,700,36,Retail,Afterpay,COUPONZ9A9,13.04,AUD
532532,2024-01-27T09:51:15,2024-01-27,759,18,Online,Credit Card,COUPONA9--,0.79,AUD
532587,2024-01-27T12:11:05,2024-01-27,47,23,Retail,Afterpay,COUPON9-Z9,18.07,AUD
532597,2024-01-27T01:05:39,2024-01-27,362,24,Retail,Credit Card,COUPONZZ9-,17.14,AUD
532606,2024-01-27T07:13:04,2024-01-27,123,21,Retail,Credit Card,COUPON0---,6.5,AUD
532658,2024-01-27T11:36:27,2024-01-27,750,27,Retail,PayPal,COUPON--ZA,15.74,AUD
532744,2024-01-27T15:13:22,2024-01-27,585,27,Retail,Afterpay,COUPON990-,15.97,AUD
532783,2024-01-27T23:13:53,2024-01-27,599,11,Retail,Afterpay,COUPONA9-9,17.45,AUD
532812,2024-01-27T08:23:25,2024-01-27,85,49,Online,Afterpay,COUPON--ZA,3.5,AUD
532813,2024-01-27T04:20:36,2024-01-27,785,47,Online,Afterpay,COUPONAZ--,15.07,AUD
532824,2024-01-27T09:14:57,2024-01-27,381,44,Online,Afterpay,COUPON-9-A,5.94,AUD
532871,2024-01-27T14:55:44,2024-01-27,720,34,Online,PayPal,COUPONA999,5.83,AUD
532877,2024-01-27T16:04:42,2024-01-27,755,27,Retail,Credit Card,COUPON-ZZ-,17.67,AUD
533019,2024-01-27T09:44:13,2024-01-27,573,2,Online,PayPal,COUPONA-0A,15.12,AUD
533032,2024-01-27T02:26:25,2024-01-27,589,31,Online,PayPal,COUPON99ZZ,2.56,AUD
533131,2024-01-27T11:58:56,2024-01-27,254,8,Retail,PayPal,COUPONZ-AA,17.08,AUD
533141,2024-01-27T19:05:57,2024-01-27,355,18,Online,Credit Card,COUPONZA90,14.92,AUD
533172,2024-01-27T21:50:17,2024-01-27,352,27,Retail,PayPal,COUPON--A-,9.15,AUD
533361,2024-01-27T16:37:47,2024-01-27,646,33,Retail,Credit Card,COUPON009-,10.38,AUD
533380,2024-01-27T18:30:52,2024-01-27,175,4,Online,Afterpay,COUPON-9A0,6.93,AUD
533439,2024-01-27T01:19:17,2024-01-27,595,5,Online,PayPal,COUPONAA9-,14.75,AUD
533569,2024-01-27T18:39:55,2024-01-27,170,34,Retail,Credit Card,COUPON90-9,7.19,AUD
533618,2024-01-27T07:42:44,2024-01-27,209,33,Retail,Afterpay,COUPON90-Z,12.88,AUD
533671,2024-01-27T19:18:51,2024-01-27,110,30,Online,Credit Card,COUPON-A00,11.67,AUD
533792,2024-01-27T16:58:14,2024-01-27,330,38,Online,Credit Card,COUPONA0-Z,6.82,AUD
533819,2024-01-27T11:19:42,2024-01-27,497,16,Online,Credit Card,COUPONZA--,18.97,AUD
533981,2024-01-27T18:26:34,2024-01-27,302,46,Retail,PayPal,COUPON-0-Z,3.19,AUD
533992,2024-01-27T06:57:33,2024-01-27,280,47,Retail,Credit Card,COUPON9A-9,10.44,AUD
534008,2024-01-27T21:24:00,2024-01-27,395,20,Online,PayPal,COUPON-0--,6.16,AUD
534137,2024-01-27T05:10:45,2024-01-27,189,34,Retail,Afterpay,COUPON-0-A,18.0,AUD
534247,2024-01-27T13:52:52,2024-01-27,105,3,Online,Credit Card,COUPON-A--,17.55,AUD
534285,2024-01-27T00:28:23,2024-01-27,390,9,Retail,Afterpay,COUPONAZA9,13.59,AUD
534343,2024-01-27T05:45:24,2024-01-27,597,43,Retail,Credit Card,COUPON-9-A,11.19,AUD
534592,2024-01-27T19:12:10,2024-01-27,279,25,Online,PayPal,COUPON-AAZ,15.56,AUD
534593,2024-01-27T00:01:49,2024-01-27,498,5,Online,Credit Card,COUPON-A0A,4.46,AUD
534733,2024-01-27T03:25:07,2024-01-27,760,30,Online,Credit Card,COUPON--AA,9.3,AUD
534788,2024-01-27T17:07:41,2024-01-27,101,6,Online,Afterpay,COUPONA09-,2.0,AUD
534813,2024-01-27T00:32:21,2024-01-27,633,42,Retail,PayPal,COUPON--09,19.63,AUD
534913,2024-01-27T18:52:47,2024-01-27,586,11,Retail,Afterpay,COUPON9---,12.77,AUD
535063,2024-01-27T20:10:32,2024-01-27,255,38,Retail,Afterpay,COUPONA-ZA,0.65,AUD
535093,2024-01-27T16:41:16,2024-01-27,233,27,Online,Afterpay,COUPON-9AA,17.09,AUD
535253,2024-01-27T10:05:15,2024-01-27,265,3,Retail,Afterpay,COUPONA-Z0,10.05,AUD
535287,2024-01-27T19:29:06,2024-01-27,600,38,Online,Credit Card,COUPON09Z-,19.65,AUD
535391,2024-01-27T20:08:19,2024-01-27,6,49,Retail,Credit Card,COUPONAZA-,2.85,AUD
535542,2024-01-27T19:29:46,2024-01-27,530,32,Retail,Afterpay,COUPON--0A,10.99,AUD
535781,2024-01-27T01:17:11,2024-01-27,270,46,Online,PayPal,COUPON----,16.16,AUD
535839,2024-01-27T15:33:43,2024-01-27,331,37,Retail,PayPal,COUPONAA9-,18.84,AUD
535997,2024-01-27T21:10:05,2024-01-27,37,33,Retail,PayPal,COUPON-Z09,4.63,AUD
536005,2024-01-27T16:51:18,2024-01-27,168,37,Online,Afterpay,COUPON-ZZ9,6.56,AUD
536015,2024-01-27T10:14:52,2024-01-27,408,15,Retail,PayPal,COUPON9A0Z,17.89,AUD
536077,2024-01-27T05:40:28,2024-01-27,6,1,Online,Credit Card,COUPON-9--,3.43,AUD
536141,2024-01-27T05:23:12,2024-01-27,734,30,Online,PayPal,COUPON0---,14.98,AUD
536249,2024-01-27T04:19:38,2024-01-27,608,11,Retail,Afterpay,COUPONAZ-Z,12.91,AUD
536287,2024-01-27T16:05:15,2024-01-27,74,2,Retail,PayPal,COUPON-A0-,12.14,AUD
536627,2024-01-27T17:57:04,2024-01-27,274,47,Online,Afterpay,COUPON9-Z-,12.93,AUD
536743,2024-01-27T17:42:26,2024-01-27,525,49,Retail,PayPal,COUPONZZAA,4.66,AUD
536824,2024-01-27T10:46:41,2024-01-27,379,12,Online,Afterpay,COUPON9-ZA,15.36,AUD
536835,2024-01-27T15:07:54,2024-01-27,373,43,Online,Afterpay,COUPON9A--,6.3,AUD
536940,2024-01-27T21:11:03,2024-01-27,93,29,Online,Afterpay,COUPON-9Z-,0.1,AUD
536951,2024-01-27T16:05:53,2024-01-27,768,49,Online,Afterpay,COUPON9--A,13.7,AUD
537071,2024-01-27T06:28:36,2024-01-27,430,11,Online,Credit Card,COUPONZ0--,16.44,AUD
537385,2024-01-27T12:40:56,2024-01-27,649,14,Retail,Credit Card,COUPON--0A,17.05,AUD
537465,2024-01-27T10:18:19,2024-01-27,513,31,Retail,PayPal,COUPON-A--,6.11,AUD
538016,2024-01-27T22:25:39,2024-01-27,388,8,Online,Credit Card,COUPON9909,4.26,AUD
538078,2024-01-27T20:06:56,2024-01-27,137,43,Retail,PayPal,COUPONAA09,15.32,AUD
538160,2024-01-27T15:42:07,2024-01-27,220,42,Online,PayPal,COUPONZ090,11.56,AUD
538176,2024-01-27T01:20:23,2024-01-27,195,10,Online,Credit Card,COUPON99A-,5.72,AUD
538256,2024-01-27T17:43:56,2024-01-27,16,38,Online,Afterpay,COUPONZZ90,8.31,AUD
538257,2024-01-27T09:35:22,2024-01-27,678,7,Online,PayPal,COUPON0-A0,5.59,AUD
538324,2024-01-27T08:58:39,2024-01-27,226,40,Retail,Afterpay,COUPONZZZ-,12.49,AUD
538386,2024-01-27T15:47:44,2024-01-27,570,32,Online,Afterpay,COUPON9-ZA,11.81,AUD
538390,2024-01-27T05:22:21,2024-01-27,193,39,Online,Credit Card,COUPON-90Z,9.64,AUD
538416,2024-01-27T13:13:20,2024-01-27,226,40,Online,PayPal,COUPONAA9A,11.36,AUD
538603,2024-01-27T19:16:22,2024-01-27,390,45,Online,PayPal,COUPONAA--,18.5,AUD
538960,2024-01-27T12:23:41,2024-01-27,593,34,Retail,PayPal,COUPON0AAZ,17.42,AUD
539130,2024-01-27T19:48:48,2024-01-27,437,49,Online,Credit Card,COUPON99AA,8.51,AUD
539303,2024-01-27T09:16:36,2024-01-27,322,1,Retail,Afterpay,COUPON--Z9,1.88,AUD
539463,2024-01-27T14:00:34,2024-01-27,391,45,Retail,Afterpay,COUPON9-9Z,11.85,AUD
539472,2024-01-27T05:25:00,2024-01-27,354,47,Online,Afterpay,COUPON909A,0.51,AUD
539708,2024-01-27T22:06:13,2024-01-27,709,10,Retail,Afterpay,COUPON-A--,6.39,AUD
539711,2024-01-27T14:47:47,2024-01-27,607,30,Online,Credit Card,COUPON-9--,19.45,AUD
539863,2024-01-27T19:58:27,2024-01-27,449,18,Online,Afterpay,COUPON0-ZZ,16.7,AUD
539995,2024-01-27T05:10:47,2024-01-27,58,10,Retail,PayPal,COUPON--Z0,19.22,AUD
540202,2024-01-27T22:54:14,2024-01-27,778,19,Retail,PayPal,COUPONZA0A,14.68,AUD
540204,2024-01-27T13:49:49,2024-01-27,731,38,Retail,PayPal,COUPON09Z-,6.88,AUD
540378,2024-01-27T20:45:42,2024-01-27,124,17,Online,PayPal,COUPONZ-9Z,14.35,AUD
540434,2024-01-27T12:15:59,2024-01-27,30,18,Retail,Afterpay,COUPON9-A-,13.08,AUD
540557,2024-01-27T23:57:48,2024-01-27,39,18,Retail,Credit Card,COUPON----,4.42,AUD
540660,2024-01-27T23:14:59,2024-01-27,121,43,Online,PayPal,COUPON-ZAZ,4.21,AUD
540718,2024-01-27T15:19:23,2024-01-27,47,19,Retail,Afterpay,COUPON-0A-,17.9,AUD
541003,2024-01-27T10:24:35,2024-01-27,130,31,Online,Afterpay,COUPON9-A-,15.96,AUD
541040,2024-01-27T19:41:48,2024-01-27,309,13,Online,PayPal,COUPON-9A-,9.81,AUD
541197,2024-01-27T03:44:34,2024-01-27,358,49,Retail,PayPal,COUPONZ-Z0,7.81,AUD
541322,2024-01-27T07:20:06,2024-01-27,364,20,Retail,PayPal,COUPONZ00-,10.63,AUD
541398,2024-01-27T21:21:13,2024-01-27,297,13,Retail,Afterpay,COUPON-9Z9,17.35,AUD
541473,2024-01-27T19:32:44,2024-01-27,429,2,Online,Credit Card,COUPON9Z9Z,15.92,AUD
541516,2024-01-27T16:28:58,2024-01-27,433,43,Retail,Afterpay,COUPON0-A9,14.96,AUD
541544,2024-01-27T03:14:19,2024-01-27,304,27,Online,Credit Card,COUPON0---,4.76,AUD
541571,2024-01-27T04:38:12,2024-01-27,657,10,Online,Credit Card,COUPON-AAA,17.68,AUD
541627,2024-01-27T10:44:37,2024-01-27,201,2,Online,Credit Card,COUPON99A-,6.18,AUD
541654,2024-01-27T16:31:20,2024-01-27,448,44,Online,PayPal,COUPON0A-9,0.67,AUD
541795,2024-01-27T17:31:30,2024-01-27,34,34,Online,Credit Card,COUPONAZ-0,18.06,AUD
541814,2024-01-27T13:43:05,2024-01-27,18,16,Retail,PayPal,COUPON99Z-,12.8,AUD
541830,2024-01-27T17:01:28,2024-01-27,159,42,Online,Credit Card,COUPONZ-ZZ,14.44,AUD
541845,2024-01-27T11:49:41,2024-01-27,346,26,Online,PayPal,COUPONA-09,5.94,AUD
541849,2024-01-27T12:10:36,2024-01-27,281,25,Retail,PayPal,COUPON--Z-,3.21,AUD
542140,2024-01-27T22:42:43,2024-01-27,655,44,Retail,Credit Card,COUPON09--,18.27,AUD
542153,2024-01-27T10:03:27,2024-01-27,653,12,Retail,Credit Card,COUPON909Z,8.12,AUD
542233,2024-01-27T20:53:13,2024-01-27,230,5,Online,Credit Card,COUPON-A-9,19.42,AUD
542264,2024-01-27T19:45:57,2024-01-27,56,12,Retail,Afterpay,COUPONZ---,2.05,AUD
542265,2024-01-27T09:15:15,2024-01-27,225,20,Online,Credit Card,COUPON-A0-,17.69,AUD
542312,2024-01-27T08:18:48,2024-01-27,650,47,Retail,Credit Card,COUPONZ9-Z,16.42,AUD
542386,2024-01-27T05:32:21,2024-01-27,633,28,Online,Afterpay,COUPONZAZ0,9.81,AUD
542500,2024-01-27T05:15:45,2024-01-27,783,36,Online,Credit Card,COUPONAA9-,13.75,AUD
542557,2024-01-27T12:14:36,2024-01-27,169,6,Online,PayPal,COUPON-0AZ,5.19,AUD
542558,2024-01-27T01:24:48,2024-01-27,300,16,Retail,PayPal,COUPON-0ZZ,7.13,AUD
542602,2024-01-27T18:16:11,2024-01-27,781,20,Online,PayPal,COUPON990A,2.05,AUD
542748,2024-01-27T08:20:19,2024-01-27,707,47,Retail,Afterpay,COUPONA--A,0.45,AUD
542765,2024-01-27T05:57:03,2024-01-27,92,14,Retail,PayPal,COUPONA-AA,10.92,AUD
542777,2024-01-27T07:51:33,2024-01-27,720,39,Retail,Credit Card,COUPONZ0A9,15.7,AUD
542888,2024-01-27T14:20:56,2024-01-27,571,31,Retail,PayPal,COUPON--AZ,4.3,AUD
542891,2024-01-27T08:04:59,2024-01-27,758,19,Retail,Afterpay,COUPON99ZZ,3.39,AUD
542930,2024-01-27T03:03:43,2024-01-27,187,17,Retail,Afterpay,COUPONZ9AZ,6.18,AUD
542985,2024-01-27T00:24:52,2024-01-27,626,36,Online,PayPal,COUPONZZ0A,0.4,AUD
543041,2024-01-27T18:50:27,2024-01-27,446,33,Retail,PayPal,COUPONA9--,1.42,AUD
543332,2024-01-27T17:06:36,2024-01-27,109,1,Online,PayPal,COUPON--Z0,2.72,AUD
543342,2024-01-27T23:59:43,2024-01-27,611,33,Retail,Credit Card,COUPON---Z,8.03,AUD
543357,2024-01-27T03:49:17,2024-01-27,766,33,Retail,Afterpay,COUPON9A90,11.11,AUD
543456,2024-01-27T13:19:35,2024-01-27,592,25,Online,Credit Card,COUPONA0Z9,16.01,AUD
543482,2024-01-27T09:52:48,2024-01-27,726,28,Retail,Credit Card,COUPON-ZA-,11.08,AUD
543498,2024-01-27T19:26:51,2024-01-27,383,8,Retail,Afterpay,COUPON-Z00,6.91,AUD
543516,2024-01-27T06:20:18,2024-01-27,392,16,Retail,Credit Card,COUPON9-00,17.2,AUD
543683,2024-01-27T08:43:28,2024-01-27,21,22,Retail,Afterpay,COUPON9-ZZ,11.25,AUD
543918,2024-01-27T07:37:46,2024-01-27,454,16,Online,PayPal,COUPONZ0-0,18.05,AUD
544283,2024-01-27T22:22:29,2024-01-27,551,41,Online,PayPal,COUPONA0ZZ,11.07,AUD
544454,2024-01-27T01:35:38,2024-01-27,427,25,Online,Afterpay,COUPONZ-AZ,0.45,AUD
544745,2024-01-27T11:55:23,2024-01-27,782,26,Online,Credit Card,COUPON-A--,0.21,AUD
544762,2024-01-27T15:23:07,2024-01-27,35,19,Online,Credit Card,COUPON-0-9,0.24,AUD
544801,2024-01-27T13:57:34,2024-01-27,295,2,Retail,PayPal,COUPON----,1.7,AUD
544841,2024-01-27T07:03:04,2024-01-27,724,19,Online,PayPal,COUPON-9-0,9.81,AUD
544896,2024-01-27T21:24:59,2024-01-27,154,17,Retail,Credit Card,COUPON-A0-,19.17,AUD
545156,2024-01-27T01:26:42,2024-01-27,523,33,Retail,PayPal,COUPON0--A,9.76,AUD
545158,2024-01-27T05:32:46,2024-01-27,28,27,Retail,Credit Card,COUPON9Z09,8.21,AUD
545182,2024-01-27T13:07:32,2024-01-27,715,21,Retail,Credit Card,COUPON-A0-,14.01,AUD
545191,2024-01-27T19:26:38,2024-01-27,339,8,Online,Afterpay,COUPON-Z09,14.93,AUD
545223,2024-01-27T21:46:44,2024-01-27,84,37,Online,Credit Card,COUPON0A00,6.43,AUD
545274,2024-01-27T09:18:20,2024-01-27,511,8,Retail,Afterpay,COUPON---Z,5.28,AUD
545513,2024-01-27T04:03:49,2024-01-27,316,33,Online,Credit Card,COUPON-9-0,19.59,AUD
545672,2024-01-27T02:44:02,2024-01-27,236,33,Retail,Credit Card,COUPON9-ZA,9.1,AUD
545733,2024-01-27T18:36:23,2024-01-27,309,6,Retail,PayPal,COUPON9-9-,1.02,AUD
545820,2024-01-27T11:55:44,2024-01-27,447,27,Online,PayPal,COUPON99ZA,9.88,AUD
545967,2024-01-27T10:03:12,2024-01-27,409,9,Online,Afterpay,COUPON-0-9,10.89,AUD
545978,2024-01-27T20:37:13,2024-01-27,668,11,Online,Credit Card,COUPON0-90,5.0,AUD
546210,2024-01-27T17:55:27,2024-01-27,51,49,Online,PayPal,COUPONA0--,0.99,AUD
546248,2024-01-27T02:18:01,2024-01-27,95,37,Retail,PayPal,COUPON099A,19.37,AUD
546491,2024-01-27T11:50:25,2024-01-27,127,11,Online,PayPal,COUPON9-ZA,8.53,AUD
546722,2024-01-27T18:00:53,2024-01-27,250,20,Online,Credit Card,COUPON0AZ-,2.85,AUD
546867,2024-01-27T10:20:57,2024-01-27,419,43,Online,Credit Card,COUPONA00A,6.1,AUD
546889,2024-01-27T02:57:41,2024-01-27,231,26,Retail,Afterpay,COUPON90AZ,4.29,AUD
547058,2024-01-27T13:33:56,2024-01-27,329,37,Online,Credit Card,COUPON00AZ,10.16,AUD
547115,2024-01-27T03:56:53,2024-01-27,745,31,Online,Afterpay,COUPONA90-,16.87,AUD
547134,2024-01-27T02:02:52,2024-01-27,411,36,Retail,Credit Card,COUPON-Z9Z,15.46,AUD
547291,2024-01-27T10:51:06,2024-01-27,377,2,Retail,PayPal,COUPONZA0A,10.69,AUD
547380,2024-01-27T08:23:04,2024-01-27,753,35,Retail,Credit Card,COUPONZAZ9,14.16,AUD
547552,2024-01-27T13:09:26,2024-01-27,706,13,Online,Afterpay,COUPON099-,17.75,AUD
547630,2024-01-27T21:13:10,2024-01-27,548,34,Online,PayPal,COUPON--00,1.85,AUD
547655,2024-01-27T09:24:10,2024-01-27,311,31,Online,Afterpay,COUPON9Z0-,4.77,AUD
547695,2024-01-27T18:39:42,2024-01-27,501,49,Online,Credit Card,COUPON-9--,9.79,AUD
547697,2024-01-27T13:18:52,2024-01-27,115,17,Online,Afterpay,COUPON-Z--,15.0,AUD
548018,2024-01-27T17:35:36,2024-01-27,336,3,Retail,Afterpay,COUPON-ZZ0,5.98,AUD
548220,2024-01-27T08:44:09,2024-01-27,87,44,Retail,Credit Card,COUPONZ-AZ,2.09,AUD
548357,2024-01-27T19:36:21,2024-01-27,174,28,Online,Afterpay,COUPONZA-A,18.18,AUD
548389,2024-01-27T19:31:02,2024-01-27,185,28,Retail,Credit Card,COUPON0-AA,12.85,AUD
548429,2024-01-27T14:55:23,2024-01-27,401,22,Retail,Afterpay,COUPONZZZ-,10.41,AUD
548465,2024-01-27T04:07:29,2024-01-27,293,31,Retail,Afterpay,COUPON009-,10.53,AUD
548539,2024-01-27T06:16:00,2024-01-27,660,16,Online,Afterpay,COUPON0-9-,9.21,AUD
548547,2024-01-27T05:16:25,2024-01-27,54,42,Retail,Credit Card,COUPONA-9-,9.92,AUD
548574,2024-01-27T15:55:15,2024-01-27,426,5,Online,PayPal,COUPONAZ--,5.64,AUD
548614,2024-01-27T07:04:48,2024-01-27,554,7,Retail,PayPal,COUPON0-A-,17.67,AUD
548679,2024-01-27T19:13:29,2024-01-27,11,2,Online,Afterpay,COUPON--0-,15.06,AUD
548946,2024-01-27T02:56:45,2024-01-27,35,19,Retail,PayPal,COUPON--A9,9.42,AUD
549076,2024-01-27T11:21:08,2024-01-27,683,39,Retail,PayPal,COUPON9-Z9,19.13,AUD
549123,2024-01-27T23:09:56,2024-01-27,445,27,Online,Afterpay,COUPON--00,19.93,AUD
549350,2024-01-27T03:59:28,2024-01-27,470,30,Online,Afterpay,COUPONA9A-,10.78,AUD
549434,2024-01-27T20:23:12,2024-01-27,723,18,Retail,Afterpay,COUPON-AA-,1.8,AUD
549459,2024-01-27T02:11:20,2024-01-27,704,31,Online,Afterpay,COUPON-A-9,7.38,AUD
549677,2024-01-27T19:09:24,2024-01-27,716,44,Online,Credit Card,COUPON9-9A,4.46,AUD
549902,2024-01-27T00:21:26,2024-01-27,615,37,Online,Afterpay,COUPON-99-,11.98,AUD
549966,2024-01-27T22:36:44,2024-01-27,2,4,Online,Afterpay,COUPON0Z-0,13.59,AUD
549987,2024-01-27T07:08:20,2024-01-27,735,47,Retail,Afterpay,COUPONZ--9,4.78,AUD
550084,2024-01-27T10:27:42,2024-01-27,497,28,Online,Credit Card,COUPON09-9,18.0,AUD
550244,2024-01-27T10:14:44,2024-01-27,625,49,Retail,Credit Card,COUPON--09,13.74,AUD
550265,2024-01-27T23:22:32,2024-01-27,742,20,Retail,Credit Card,COUPON--AA,5.83,AUD
550275,2024-01-27T11:03:57,2024-01-27,773,5,Retail,PayPal,COUPONZA99,2.34,AUD
550489,2024-01-27T05:47:41,2024-01-27,365,11,Online,Afterpay,COUPON009Z,11.76,AUD
550501,2024-01-27T15:54:05,2024-01-27,349,7,Retail,PayPal,COUPON-A-0,12.96,AUD
550586,2024-01-27T17:56:14,2024-01-27,619,2,Retail,Credit Card,COUPON-Z90,12.56,AUD
550609,2024-01-27T17:50:44,2024-01-27,4,40,Online,Credit Card,COUPON0A0A,10.75,AUD
550666,2024-01-27T02:04:24,2024-01-27,335,24,Retail,Afterpay,COUPON9A-9,10.76,AUD
550695,2024-01-27T18:03:59,2024-01-27,302,5,Online,PayPal,COUPON0-0Z,3.94,AUD
550752,2024-01-27T01:54:41,2024-01-27,612,47,Retail,Afterpay,COUPON-Z9-,10.31,AUD
550905,2024-01-27T02:43:40,2024-01-27,32,22,Online,PayPal,COUPONA-0-,14.05,AUD
550914,2024-01-27T05:11:37,2024-01-27,6,41,Retail,Credit Card,COUPONZ-9Z,1.03,AUD
550916,2024-01-27T00:26:34,2024-01-27,480,35,Retail,Afterpay,COUPON-00-,8.0,AUD
551008,2024-01-27T08:44:03,2024-01-27,591,37,Online,PayPal,COUPON-0Z0,3.52,AUD
551060,2024-01-27T05:34:13,2024-01-27,83,42,Online,Credit Card,COUPON-0-9,13.61,AUD
551099,2024-01-27T09:07:57,2024-01-27,157,23,Online,Credit Card,COUPON-0-0,11.46,AUD
551212,2024-01-27T20:26:11,2024-01-27,425,25,Retail,Afterpay,COUPONZ0Z-,12.19,AUD
551280,2024-01-27T05:36:46,2024-01-27,150,25,Retail,Afterpay,COUPON9--0,8.43,AUD
551298,2024-01-27T23:59:55,2024-01-27,582,12,Retail,Afterpay,COUPONZ-A9,19.22,AUD
551450,2024-01-27T23:34:45,2024-01-27,295,10,Retail,PayPal,COUPON-0-A,15.24,AUD
551653,2024-01-27T07:44:55,2024-01-27,560,12,Retail,Afterpay,COUPONZ99-,18.4,AUD
551893,2024-01-27T13:17:10,2024-01-27,229,20,Online,PayPal,COUPON-A9-,17.02,AUD
551968,2024-01-27T17:53:56,2024-01-27,296,32,Retail,Afterpay,COUPONA99-,7.13,AUD
552189,2024-01-27T18:49:52,2024-01-27,737,25,Online,Credit Card,COUPON--09,1.16,AUD
552210,2024-01-27T03:06:27,2024-01-27,370,38,Retail,Afterpay,COUPONZA0A,7.05,AUD
552418,2024-01-27T20:47:47,2024-01-27,468,25,Retail,PayPal,COUPON-0Z0,11.42,AUD
552609,2024-01-27T15:00:21,2024-01-27,753,17,Online,Afterpay,COUPON-0-A,19.74,AUD
552668,2024-01-27T19:32:12,2024-01-27,76,44,Retail,Credit Card,COUPON-990,10.1,AUD
552841,2024-01-27T02:33:46,2024-01-27,29,7,Online,PayPal,COUPON-A--,18.55,AUD
552891,2024-01-27T18:31:13,2024-01-27,163,47,Retail,Afterpay,COUPON9ZZZ,19.08,AUD
553077,2024-01-27T08:32:49,2024-01-27,60,40,Retail,Credit Card,COUPON0Z-A,6.1,AUD
553238,2024-01-27T19:11:01,2024-01-27,727,23,Retail,Afterpay,COUPON--ZA,6.92,AUD
553279,2024-01-27T04:37:33,2024-01-27,384,3,Online,Afterpay,COUPONAZ-9,0.84,AUD
553305,2024-01-27T00:04:11,2024-01-27,686,47,Retail,Afterpay,COUPON---0,3.36,AUD
553505,2024-01-27T21:12:31,2024-01-27,32,14,Online,Credit Card,COUPON00AZ,12.24,AUD
553671,2024-01-27T16:54:47,2024-01-27,249,38,Online,Credit Card,COUPONZA9Z,2.65,AUD
553690,2024-01-27T23:11:15,2024-01-27,357,30,Online,PayPal,COUPON9-9-,13.92,AUD
553799,2024-01-27T00:35:32,2024-01-27,35,15,Online,Credit Card,COUPON-ZA-,5.31,AUD
553857,2024-01-27T08:48:20,2024-01-27,59,44,Online,Afterpay,COUPONZ0Z0,3.73,AUD
553938,2024-01-27T23:43:15,2024-01-27,57,35,Retail,PayPal,COUPON---A,19.73,AUD
554192,2024-01-27T02:59:58,2024-01-27,169,46,Retail,PayPal,COUPONA-A-,4.46,AUD
554209,2024-01-27T17:21:48,2024-01-27,590,27,Online,PayPal,COUPON0--9,12.17,AUD
554413,2024-01-27T21:20:43,2024-01-27,199,14,Retail,PayPal,COUPON-90-,12.6,AUD
554416,2024-01-27T15:26:02,2024-01-27,597,18,Retail,Credit Card,COUPON9-0-,6.86,AUD
554622,2024-01-27T03:14:17,2024-01-27,447,34,Retail,PayPal,COUPON9Z-Z,5.26,AUD
554828,2024-01-27T15:35:53,2024-01-27,569,17,Retail,PayPal,COUPON-00Z,17.37,AUD
554859,2024-01-27T05:26:07,2024-01-27,362,35,Online,Afterpay,COUPON---9,9.16,AUD
554904,2024-01-27T23:42:19,2024-01-27,131,4,Retail,PayPal,COUPONA090,1.19,AUD
555065,2024-01-27T16:23:57,2024-01-27,245,17,Retail,Afterpay,COUPON-9-A,15.05,AUD
555195,2024-01-27T22:04:14,2024-01-27,739,24,Retail,PayPal,COUPON---9,18.83,AUD
555236,2024-01-27T16:10:30,2024-01-27,556,5,Retail,Credit Card,COUPONZ00Z,9.48,AUD
555355,2024-01-27T23:55:44,2024-01-27,486,30,Retail,PayPal,COUPONAZ-9,0.42,AUD
555474,2024-01-27T02:38:37,2024-01-27,486,28,Online,PayPal,COUPON00A9,4.31,AUD
555525,2024-01-27T02:18:28,2024-01-27,518,23,Online,Afterpay,COUPON-Z9A,9.47,AUD
555543,2024-01-27T09:27:35,2024-01-27,730,21,Online,PayPal,COUPON90A-,6.44,AUD
555668,2024-01-27T11:14:50,2024-01-27,409,31,Retail,Credit Card,COUPON----,4.52,AUD
555788,2024-01-27T20:42:41,2024-01-27,561,29,Retail,PayPal,COUPON-9Z0,15.29,AUD
555855,2024-01-27T04:04:46,2024-01-27,79,25,Retail,PayPal,COUPONA99A,17.85,AUD
555870,2024-01-27T18:50:34,2024-01-27,750,47,Online,Credit Card,COUPONA-ZZ,15.68,AUD
555905,2024-01-27T14:58:51,2024-01-27,478,35,Online,Credit Card,COUPON---9,17.46,AUD
555964,2024-01-27T15:03:01,2024-01-27,462,49,Online,PayPal,COUPONA9-9,7.93,AUD
555998,2024-01-27T10:10:21,2024-01-27,253,5,Retail,PayPal,COUPON0-0A,11.72,AUD
556200,2024-01-27T04:02:24,2024-01-27,507,1,Retail,Credit Card,COUPON9-Z-,8.76,AUD
556322,2024-01-27T00:45:03,2024-01-27,594,42,Online,Afterpay,COUPON-A--,14.32,AUD
556448,2024-01-27T06:32:51,2024-01-27,288,21,Online,Credit Card,COUPONZ9-A,11.71,AUD
556568,2024-01-27T13:41:47,2024-01-27,767,44,Retail,PayPal,COUPON9AA9,14.29,AUD
556584,2024-01-27T06:46:46,2024-01-27,108,16,Retail,Credit Card,COUPON0-0-,8.3,AUD
556641,2024-01-27T18:46:44,2024-01-27,229,42,Retail,PayPal,COUPONZ-Z9,7.97,AUD
556778,2024-01-27T03:24:25,2024-01-27,769,29,Retail,Afterpay,COUPONZ9AA,15.55,AUD
557267,2024-01-27T02:00:41,2024-01-27,9,31,Retail,Credit Card,COUPONAA-Z,18.06,AUD
557332,2024-01-27T15:49:14,2024-01-27,685,7,Retail,Credit Card,COUPON-A0A,1.59,AUD
557518,2024-01-27T00:17:01,2024-01-27,256,6,Online,Afterpay,COUPONA9-A,17.17,AUD
557545,2024-01-27T14:48:41,2024-01-27,590,33,Online,Credit Card,COUPON---0,2.93,AUD
557589,2024-01-27T01:06:29,2024-01-27,496,21,Retail,Credit Card,COUPONA-Z0,8.98,AUD
557688,2024-01-27T10:08:20,2024-01-27,798,31,Online,Afterpay,COUPONZZ-A,5.29,AUD
557747,2024-01-27T00:48:25,2024-01-27,591,35,Online,Credit Card,COUPON-Z90,0.17,AUD
557808,2024-01-27T03:48:01,2024-01-27,795,31,Online,PayPal,COUPON-Z-Z,14.16,AUD
557911,2024-01-27T10:40:32,2024-01-27,138,37,Online,PayPal,COUPON-090,19.16,AUD
557976,2024-01-27T01:27:25,2024-01-27,794,24,Online,Afterpay,COUPON--0A,7.75,AUD
558269,2024-01-27T04:25:15,2024-01-27,616,20,Online,PayPal,COUPONA-A-,3.52,AUD
558425,2024-01-27T14:14:10,2024-01-27,268,40,Retail,Credit Card,COUPON-ZZA,11.22,AUD
558485,2024-01-27T18:36:05,2024-01-27,106,3,Retail,Afterpay,COUPON0Z-Z,18.39,AUD
558502,2024-01-27T10:32:20,2024-01-27,701,3,Retail,PayPal,COUPON0AZ9,12.19,AUD
558569,2024-01-27T15:23:05,2024-01-27,597,9,Retail,Credit Card,COUPON-Z00,15.19,AUD
558755,2024-01-27T09:42:33,2024-01-27,743,8,Retail,Credit Card,COUPON-A--,6.17,AUD
558880,2024-01-27T20:31:21,2024-01-27,704,32,Online,PayPal,COUPONZ-9-,5.59,AUD
558922,2024-01-27T00:23:51,2024-01-27,572,17,Online,Credit Card,COUPON9A9-,11.34,AUD
559036,2024-01-27T17:29:56,2024-01-27,720,5,Online,Afterpay,COUPON0A-0,19.21,AUD
559065,2024-01-27T02:48:51,2024-01-27,647,43,Retail,PayPal,COUPONAAZA,9.51,AUD
559350,2024-01-27T11:11:06,2024-01-27,48,17,Online,PayPal,COUPON-A0-,9.63,AUD
559438,2024-01-27T05:45:44,2024-01-27,759,4,Retail,PayPal,COUPON0--Z,19.77,AUD
559452,2024-01-27T00:40:43,2024-01-27,389,31,Online,Afterpay,COUPON0-Z9,7.8,AUD
559454,2024-01-27T11:01:05,2024-01-27,196,39,Retail,Afterpay,COUPONAAAA,2.64,AUD
559494,2024-01-27T16:24:23,2024-01-27,387,5,Online,Afterpay,COUPONZ--A,15.45,AUD
559535,2024-01-27T10:42:21,2024-01-27,662,14,Online,Afterpay,COUPON90A0,4.6,AUD
559648,2024-01-27T23:44:44,2024-01-27,427,25,Retail,Credit Card,COUPONA0-9,18.88,AUD
559800,2024-01-27T00:54:14,2024-01-27,433,45,Retail,PayPal,COUPON9A-Z,3.14,AUD
559966,2024-01-27T18:56:59,2024-01-27,463,23,Online,Afterpay,COUPON09--,11.55,AUD
559993,2024-01-27T01:20:55,2024-01-27,510,29,Retail,PayPal,COUPONZ0Z0,14.4,AUD
560104,2024-01-27T07:41:27,2024-01-27,295,4,Retail,Credit Card,COUPONA9AA,17.1,AUD
560395,2024-01-27T00:28:02,2024-01-27,133,18,Retail,Credit Card,COUPON-9-0,9.96,AUD
560411,2024-01-27T04:53:16,2024-01-27,718,30,Retail,Afterpay,COUPONAA0-,18.44,AUD
560449,2024-01-27T05:32:12,2024-01-27,195,43,Retail,Afterpay,COUPON-A9Z,3.85,AUD
560458,2024-01-27T14:55:06,2024-01-27,336,10,Online,PayPal,COUPON--ZA,14.44,AUD
560583,2024-01-27T18:30:06,2024-01-27,696,10,Online,Afterpay,COUPON9ZZ0,9.3,AUD
560608,2024-01-27T09:48:41,2024-01-27,589,21,Retail,Credit Card,COUPON-9Z0,9.87,AUD
560678,2024-01-27T18:54:55,2024-01-27,45,24,Retail,Credit Card,COUPON---Z,13.83,AUD
560786,2024-01-27T17:24:42,2024-01-27,589,14,Online,Credit Card,COUPONZ9-0,1.65,AUD
561041,2024-01-27T13:06:16,2024-01-27,3,28,Retail,PayPal,COUPON90Z-,6.42,AUD
561072,2024-01-27T14:46:22,2024-01-27,569,32,Retail,Credit Card,COUPONZ9Z9,18.08,AUD
561415,2024-01-27T23:39:56,2024-01-27,786,33,Online,Afterpay,COUPON--90,17.4,AUD
561450,2024-01-27T18:14:38,2024-01-27,347,42,Online,PayPal,COUPON00--,16.26,AUD
561509,2024-01-27T20:41:10,2024-01-27,14,15,Retail,Afterpay,COUPON-9ZA,18.9,AUD
561813,2024-01-27T06:45:02,2024-01-27,230,2,Retail,Credit Card,COUPONZ-ZA,1.87,AUD
561850,2024-01-27T03:12:42,2024-01-27,215,38,Online,Afterpay,COUPON9-A0,0.17,AUD
561935,2024-01-27T02:30:35,2024-01-27,787,25,Online,PayPal,COUPON0-9-,9.96,AUD
562104,2024-01-27T08:46:41,2024-01-27,75,20,Retail,Credit Card,COUPON9Z-9,12.72,AUD
562162,2024-01-27T21:11:32,2024-01-27,799,17,Retail,Credit Card,COUPON00Z9,14.98,AUD
562505,2024-01-27T11:50:43,2024-01-27,486,35,Online,Credit Card,COUPON--9-,14.67,AUD
562551,2024-01-27T06:25:31,2024-01-27,792,22,Online,PayPal,COUPON--99,17.27,AUD
562709,2024-01-27T04:33:21,2024-01-27,536,3,Online,Credit Card,COUPON-9-9,0.69,AUD
562921,2024-01-27T17:08:06,2024-01-27,470,41,Online,Afterpay,COUPON-0A9,3.29,AUD
562962,2024-01-27T22:22:42,2024-01-27,139,27,Retail,Credit Card,COUPON90Z9,11.71,AUD
562972,2024-01-27T11:03:24,2024-01-27,722,20,Online,Credit Card,COUPONAZZ9,6.38,AUD
562984,2024-01-27T04:13:14,2024-01-27,673,10,Online,Credit Card,COUPON-ZA-,5.95,AUD
563091,2024-01-27T13:57:58,2024-01-27,162,14,Online,Afterpay,COUPONZAA-,6.87,AUD
563141,2024-01-27T05:26:28,2024-01-27,170,6,Retail,Credit Card,COUPON-0--,12.91,AUD
563405,2024-01-27T09:13:13,2024-01-27,767,49,Retail,PayPal,COUPON-A00,10.5,AUD
563437,2024-01-27T00:03:39,2024-01-27,185,31,Online,Afterpay,COUPONA---,9.53,AUD
563474,2024-01-27T14:38:00,2024-01-27,648,36,Online,Credit Card,COUPON9AA-,12.35,AUD
563526,2024-01-27T12:37:20,2024-01-27,425,38,Online,PayPal,COUPON99A-,7.15,AUD
563617,2024-01-27T05:03:55,2024-01-27,750,16,Retail,PayPal,COUPONZ-0A,6.11,AUD
563984,2024-01-27T18:53:52,2024-01-27,177,26,Retail,Credit Card,COUPON-ZA0,6.32,AUD
564021,2024-01-27T14:26:58,2024-01-27,799,4,Online,Afterpay,COUPON0900,1.14,AUD
564163,2024-01-27T16:59:12,2024-01-27,525,46,Retail,Afterpay,COUPONAZ-Z,8.61,AUD
564258,2024-01-27T22:22:09,2024-01-27,568,40,Online,Credit Card,COUPON0--0,11.18,AUD
564272,2024-01-27T08:35:19,2024-01-27,137,7,Online,PayPal,COUPONAZZ-,15.06,AUD
564299,2024-01-27T00:05:28,2024-01-27,203,35,Online,PayPal,COUPONZ--9,8.32,AUD
564343,2024-01-27T08:40:41,2024-01-27,529,14,Online,PayPal,COUPON0ZZ9,1.88,AUD
564395,2024-01-27T07:15:21,2024-01-27,716,38,Retail,Credit Card,COUPON9-Z9,19.02,AUD
564452,2024-01-27T23:00:00,2024-01-27,246,1,Retail,Credit Card,COUPONZA09,2.08,AUD
564652,2024-01-27T23:50:06,2024-01-27,488,1,Retail,Afterpay,COUPONZA9A,12.4,AUD
564716,2024-01-27T17:32:33,2024-01-27,670,47,Online,Afterpay,COUPONZ0-0,5.66,AUD
564734,2024-01-27T00:10:34,2024-01-27,762,27,Retail,Credit Card,COUPON-0-9,10.16,AUD
564839,2024-01-27T01:26:00,2024-01-27,697,23,Retail,PayPal,COUPONAZ0-,9.15,AUD
564858,2024-01-27T16:46:18,2024-01-27,480,26,Retail,Afterpay,COUPON90-A,6.94,AUD
564909,2024-01-27T17:03:02,2024-01-27,375,19,Retail,PayPal,COUPONZ-0Z,0.17,AUD
565075,2024-01-27T19:56:04,2024-01-27,94,14,Online,PayPal,COUPON-9ZZ,1.4,AUD
565077,2024-01-27T12:13:05,2024-01-27,698,18,Online,Afterpay,COUPONA9ZA,0.46,AUD
565090,2024-01-27T05:44:00,2024-01-27,6,39,Retail,Afterpay,COUPON-A--,7.77,AUD
565164,2024-01-27T09:54:09,2024-01-27,284,21,Retail,PayPal,COUPON--9Z,2.56,AUD
565245,2024-01-27T19:55:22,2024-01-27,348,18,Online,Afterpay,COUPON--AA,6.63,AUD
565413,2024-01-27T06:00:35,2024-01-27,536,34,Online,PayPal,COUPON90Z9,17.91,AUD
565574,2024-01-27T00:03:51,2024-01-27,454,27,Retail,Credit Card,COUPON-90A,2.75,AUD
565624,2024-01-27T20:38:44,2024-01-27,424,3,Online,Credit Card,COUPON9Z0-,2.94,AUD
565745,2024-01-27T01:23:02,2024-01-27,119,35,Retail,PayPal,COUPON00ZA,5.63,AUD
565980,2024-01-27T20:48:55,2024-01-27,292,15,Retail,PayPal,COUPONAA90,1.71,AUD
566106,2024-01-27T15:58:25,2024-01-27,246,28,Retail,Credit Card,COUPON-090,2.26,AUD
566214,2024-01-27T22:43:42,2024-01-27,688,33,Retail,Credit Card,COUPON0A0-,4.61,AUD
566247,2024-01-27T13:33:07,2024-01-27,241,6,Retail,Afterpay,COUPON0AZ0,12.99,AUD
566298,2024-01-27T22:14:18,2024-01-27,594,26,Retail,Afterpay,COUPONAA--,0.65,AUD
566427,2024-01-27T08:24:33,2024-01-27,392,6,Online,Credit Card,COUPON0AA9,15.99,AUD
566540,2024-01-27T08:06:22,2024-01-27,771,9,Online,Afterpay,COUPON-Z--,14.92,AUD
566566,2024-01-27T01:01:43,2024-01-27,757,41,Retail,Credit Card,COUPON9-A0,10.28,AUD
566649,2024-01-27T20:33:52,2024-01-27,584,7,Online,Afterpay,COUPONA00Z,18.38,AUD
566706,2024-01-27T03:56:18,2024-01-27,767,31,Online,Credit Card,COUPONZZ-A,0.3,AUD
566781,2024-01-27T03:09:13,2024-01-27,211,24,Retail,PayPal,COUPON--9Z,9.74,AUD
566820,2024-01-27T12:45:18,2024-01-27,141,34,Online,Afterpay,COUPONZAZ9,16.48,AUD
566839,2024-01-27T19:48:48,2024-01-27,765,44,Online,Afterpay,COUPON0ZA0,11.92,AUD
566900,2024-01-27T20:48:39,2024-01-27,610,13,Online,Afterpay,COUPON99-Z,9.77,AUD
566937,2024-01-27T05:05:26,2024-01-27,279,14,Retail,PayPal,COUPONA-9-,13.2,AUD
567051,2024-01-27T21:27:11,2024-01-27,196,46,Retail,PayPal,COUPON9AAZ,9.38,AUD
567061,2024-01-27T22:09:30,2024-01-27,698,48,Retail,PayPal,COUPON90-Z,4.39,AUD
567091,2024-01-27T01:50:40,2024-01-27,718,38,Retail,PayPal,COUPON99ZZ,5.37,AUD
567252,2024-01-27T13:07:36,2024-01-27,57,46,Retail,Credit Card,COUPON-A9A,16.87,AUD
567266,2024-01-27T07:37:21,2024-01-27,693,20,Online,PayPal,COUPON-0ZZ,18.32,AUD
567339,2024-01-27T19:57:29,2024-01-27,138,15,Online,PayPal,COUPON-00Z,18.08,AUD
567397,2024-01-27T05:17:25,2024-01-27,77,12,Online,PayPal,COUPON99-Z,12.0,AUD
567546,2024-01-27T15:44:05,2024-01-27,766,27,Online,Afterpay,COUPON-0--,13.26,AUD
567580,2024-01-27T00:17:43,2024-01-27,204,36,Online,Credit Card,COUPON--99,11.62,AUD
567666,2024-01-27T07:02:29,2024-01-27,103,5,Online,Afterpay,COUPON-AA9,12.33,AUD
567672,2024-01-27T21:31:58,2024-01-27,638,1,Online,Credit Card,COUPONZ-9A,14.28,AUD
567695,2024-01-27T11:33:07,2024-01-27,617,17,Retail,PayPal,COUPON-A-A,11.73,AUD
567796,2024-01-27T13:36:40,2024-01-27,474,4,Online,Credit Card,COUPON---A,15.72,AUD
567806,2024-01-27T02:32:48,2024-01-27,209,1,Retail,PayPal,COUPON0---,4.13,AUD
568073,2024-01-27T14:22:29,2024-01-27,731,32,Retail,Afterpay,COUPON09A-,10.38,AUD
568134,2024-01-27T07:33:32,2024-01-27,389,36,Online,Afterpay,COUPONZ90-,19.49,AUD
568246,2024-01-27T01:57:29,2024-01-27,703,12,Retail,Afterpay,COUPON-A90,18.81,AUD
568279,2024-01-27T19:16:53,2024-01-27,90,38,Retail,Credit Card,COUPON-00A,16.25,AUD
568394,2024-01-27T09:16:04,2024-01-27,714,32,Retail,Credit Card,COUPON-Z-0,12.44,AUD
568415,2024-01-27T08:45:27,2024-01-27,610,39,Online,Afterpay,COUPONZ-0A,6.41,AUD
568634,2024-01-27T03:08:35,2024-01-27,596,21,Retail,Credit Card,COUPON----,2.33,AUD
568719,2024-01-27T20:48:36,2024-01-27,327,3,Online,Credit Card,COUPON-0Z9,9.1,AUD
568791,2024-01-27T07:41:23,2024-01-27,714,31,Online,Afterpay,COUPON9Z0-,17.45,AUD
568883,2024-01-27T06:27:51,2024-01-27,631,11,Retail,Afterpay,COUPONZ00-,8.49,AUD
568941,2024-01-27T15:42:44,2024-01-27,326,45,Online,Afterpay,COUPONA0--,4.64,AUD
569380,2024-01-27T12:27:33,2024-01-27,568,39,Online,Afterpay,COUPON--Z0,7.16,AUD
569447,2024-01-27T01:46:36,2024-01-27,395,12,Online,Afterpay,COUPON-00A,1.63,AUD
569548,2024-01-27T04:40:19,2024-01-27,35,43,Online,Credit Card,COUPONZ0-Z,1.19,AUD
569762,2024-01-27T00:14:01,2024-01-27,22,23,Online,Afterpay,COUPON0ZZ0,13.21,AUD
569820,2024-01-27T09:28:27,2024-01-27,422,31,Online,PayPal,COUPON--ZA,8.18,AUD
569862,2024-01-27T17:05:57,2024-01-27,634,31,Online,PayPal,COUPON-0-0,11.14,AUD
570058,2024-01-27T13:57:49,2024-01-27,388,9,Online,Credit Card,COUPON9A-A,16.22,AUD
570062,2024-01-27T01:05:35,2024-01-27,498,40,Retail,Afterpay,COUPON--A-,18.23,AUD
570096,2024-01-27T14:09:06,2024-01-27,457,42,Retail,Afterpay,COUPON0-Z0,16.52,AUD
570326,2024-01-27T09:45:47,2024-01-27,249,7,Retail,Afterpay,COUPONAA--,12.31,AUD
570367,2024-01-27T09:57:45,2024-01-27,773,31,Online,Credit Card,COUPONZ0A-,19.31,AUD
570506,2024-01-27T03:40:28,2024-01-27,431,45,Online,PayPal,COUPON9-0-,13.18,AUD
570558,2024-01-27T18:42:15,2024-01-27,235,12,Online,Afterpay,COUPON0-90,11.77,AUD
570610,2024-01-27T23:34:14,2024-01-27,608,6,Online,Credit Card,COUPON0---,7.7,AUD
570690,2024-01-27T02:50:04,2024-01-27,133,37,Online,Afterpay,COUPON9ZA-,6.86,AUD
570773,2024-01-27T19:35:51,2024-01-27,87,28,Retail,PayPal,COUPONZZ-A,16.96,AUD
570784,2024-01-27T13:50:45,2024-01-27,183,48,Online,Afterpay,COUPON--0-,10.63,AUD
570885,2024-01-27T13:49:11,2024-01-27,325,3,Retail,Credit Card,COUPON9Z-A,12.25,AUD
570931,2024-01-27T23:18:05,2024-01-27,169,5,Retail,Afterpay,COUPON-0--,12.55,AUD
571025,2024-01-27T05:25:04,2024-01-27,318,22,Retail,PayPal,COUPONZ009,7.9,AUD
571030,2024-01-27T21:10:10,2024-01-27,516,28,Retail,Afterpay,COUPONAA0Z,10.51,AUD
571295,2024-01-27T18:38:28,2024-01-27,441,8,Retail,Credit Card,COUPON900A,14.4,AUD
571391,2024-01-27T01:35:15,2024-01-27,745,18,Retail,Afterpay,COUPONZZZ9,17.6,AUD
571615,2024-01-27T09:23:11,2024-01-27,790,35,Retail,Afterpay,COUPONZZ0-,1.27,AUD
571858,2024-01-27T17:36:19,2024-01-27,674,38,Retail,Credit Card,COUPON9--Z,16.54,AUD
571899,2024-01-27T16:10:11,2024-01-27,529,14,Online,Credit Card,COUPON-ZZ-,1.3,AUD
571962,2024-01-27T19:38:18,2024-01-27,312,12,Retail,Afterpay,COUPON0-Z0,18.06,AUD
572030,2024-01-27T18:12:25,2024-01-27,601,24,Online,Afterpay,COUPONZ-Z0,10.77,AUD
572054,2024-01-27T01:50:49,2024-01-27,733,10,Online,PayPal,COUPON-0-Z,16.52,AUD
572101,2024-01-27T10:27:08,2024-01-27,323,30,Online,Afterpay,COUPONA-Z-,14.65,AUD
572139,2024-01-27T18:25:44,2024-01-27,199,33,Online,Afterpay,COUPONZ-0A,5.43,AUD
572151,2024-01-27T23:01:24,2024-01-27,582,8,Online,PayPal,COUPON0Z0Z,12.1,AUD
572178,2024-01-27T07:46:03,2024-01-27,217,44,Retail,Afterpay,COUPON9Z-Z,0.24,AUD
572180,2024-01-27T06:32:59,2024-01-27,374,5,Online,Credit Card,COUPON9-9-,1.94,AUD
572450,2024-01-27T03:39:11,2024-01-27,197,2,Online,Afterpay,COUPONAAAA,17.65,AUD
572497,2024-01-27T17:53:41,2024-01-27,280,23,Retail,Afterpay,COUPON-0-A,7.06,AUD
572591,2024-01-27T06:26:57,2024-01-27,733,40,Online,PayPal,COUPONZ--Z,3.21,AUD
572849,2024-01-27T06:33:47,2024-01-27,267,21,Online,PayPal,COUPON--0-,14.22,AUD
572856,2024-01-27T19:16:37,2024-01-27,516,7,Retail,PayPal,COUPONAAZA,17.28,AUD
572913,2024-01-27T12:47:43,2024-01-27,309,36,Online,PayPal,COUPONZ---,6.04,AUD
573135,2024-01-27T13:54:16,2024-01-27,528,4,Retail,PayPal,COUPON-0A9,7.15,AUD
573274,2024-01-27T09:52:14,2024-01-27,364,13,Online,Afterpay,COUPON0A0-,18.13,AUD
573341,2024-01-27T16:27:48,2024-01-27,299,11,Online,Afterpay,COUPON--AZ,17.8,AUD
573346,2024-01-27T00:56:45,2024-01-27,408,7,Online,Afterpay,COUPON0090,16.12,AUD
573363,2024-01-27T00:34:43,2024-01-27,494,17,Online,Afterpay,COUPON9--0,12.65,AUD
573424,2024-01-27T23:39:19,2024-01-27,752,9,Online,PayPal,COUPON9-AA,10.97,AUD
573473,2024-01-27T09:25:33,2024-01-27,732,28,Retail,Credit Card,COUPON000Z,9.19,AUD
573560,2024-01-27T10:12:05,2024-01-27,599,18,Retail,Credit Card,COUPON----,9.14,AUD
574067,2024-01-27T07:25:44,2024-01-27,312,39,Retail,Credit Card,COUPONZ---,7.72,AUD
574219,2024-01-27T23:36:57,2024-01-27,453,9,Online,Credit Card,COUPON0AAZ,14.49,AUD
574312,2024-01-27T12:51:49,2024-01-27,522,49,Retail,Afterpay,COUPON9---,1.49,AUD
574388,2024-01-27T15:08:51,2024-01-27,172,6,Retail,PayPal,COUPON--A-,10.39,AUD
574719,2024-01-27T23:26:14,2024-01-27,419,43,Online,Credit Card,COUPONAA0A,1.0,AUD
574765,2024-01-27T03:22:25,2024-01-27,144,24,Online,Afterpay,COUPON--AA,13.6,AUD
574809,2024-01-27T00:27:38,2024-01-27,317,45,Online,Afterpay,COUPON0A9-,4.96,AUD
574876,2024-01-27T18:53:15,2024-01-27,31,41,Retail,PayPal,COUPON-0--,1.9,AUD
575178,2024-01-27T04:22:38,2024-01-27,407,46,Online,Credit Card,COUPON9ZAA,2.92,AUD
575374,2024-01-27T22:45:45,2024-01-27,773,35,Online,PayPal,COUPON9A-A,10.51,AUD
575418,2024-01-27T17:03:04,2024-01-27,248,9,Online,Credit Card,COUPON-Z-Z,15.09,AUD
576025,2024-01-27T00:28:10,2024-01-27,17,13,Online,Credit Card,COUPON9ZAZ,16.96,AUD
576027,2024-01-27T14:29:33,2024-01-27,283,18,Retail,Afterpay,COUPON9Z--,6.68,AUD
576075,2024-01-27T09:50:27,2024-01-27,565,40,Retail,PayPal,COUPON900-,12.75,AUD
576745,2024-01-27T16:22:56,2024-01-27,464,10,Online,Afterpay,COUPON-9Z9,8.19,AUD
576792,2024-01-27T05:38:22,2024-01-27,408,12,Online,PayPal,COUPON--AA,12.5,AUD
576810,2024-01-27T01:16:09,2024-01-27,586,2,Retail,Credit Card,COUPONA---,8.54,AUD
576869,2024-01-27T01:08:18,2024-01-27,476,7,Online,PayPal,COUPONZA0-,9.37,AUD
576998,2024-01-27T13:32:55,2024-01-27,413,20,Retail,Credit Card,COUPON0A0Z,0.48,AUD
577046,2024-01-27T13:47:52,2024-01-27,278,27,Retail,PayPal,COUPONZ--0,11.0,AUD
577111,2024-01-27T13:05:08,2024-01-27,413,30,Online,Credit Card,COUPONA09-,3.12,AUD
577132,2024-01-27T09:47:38,2024-01-27,397,42,Retail,Afterpay,COUPON-9--,17.61,AUD
577140,2024-01-27T02:53:22,2024-01-27,433,24,Retail,PayPal,COUPON--A0,2.56,AUD
577177,2024-01-27T21:40:21,2024-01-27,355,35,Retail,Afterpay,COUPON-Z--,18.73,AUD
577234,2024-01-27T23:37:07,2024-01-27,673,35,Retail,Afterpay,COUPON--A0,0.39,AUD
577333,2024-01-27T09:56:18,2024-01-27,752,24,Retail,Credit Card,COUPONAA0-,5.95,AUD
577360,2024-01-27T22:30:56,2024-01-27,723,12,Retail,Afterpay,COUPON999A,5.56,AUD
577539,2024-01-27T13:02:56,2024-01-27,213,21,Retail,Credit Card,COUPON00A-,18.03,AUD
577550,2024-01-27T10:24:32,2024-01-27,757,19,Retail,Afterpay,COUPON0-A-,4.38,AUD
577760,2024-01-27T18:30:21,2024-01-27,258,18,Retail,Afterpay,COUPON0009,7.92,AUD
577770,2024-01-27T12:59:11,2024-01-27,696,42,Retail,PayPal,COUPONA-9Z,4.61,AUD
577778,2024-01-27T09:05:23,2024-01-27,291,26,Online,PayPal,COUPON9---,5.41,AUD
577804,2024-01-27T23:42:05,2024-01-27,80,30,Retail,PayPal,COUPON9--Z,17.82,AUD
577833,2024-01-27T05:19:16,2024-01-27,183,27,Online,Credit Card,COUPON000A,7.99,AUD
577902,2024-01-27T18:17:42,2024-01-27,718,43,Retail,PayPal,COUPON9A0A,15.56,AUD
577921,2024-01-27T23:38:20,2024-01-27,4,34,Online,PayPal,COUPONAZ-0,12.18,AUD
577988,2024-01-27T23:17:54,2024-01-27,121,19,Online,PayPal,COUPONAZ0Z,18.15,AUD
578082,2024-01-27T04:46:45,2024-01-27,732,25,Online,PayPal,COUPON-99Z,7.38,AUD
578090,2024-01-27T11:18:09,2024-01-27,121,25,Online,Credit Card,COUPONA09A,10.44,AUD
578095,2024-01-27T12:20:40,2024-01-27,303,40,Online,Afterpay,COUPON--A-,6.74,AUD
578461,2024-01-27T05:17:55,2024-01-27,791,44,Online,PayPal,COUPON-0ZA,2.04,AUD
578505,2024-01-27T09:22:09,2024-01-27,490,3,Retail,Afterpay,COUPONAAA0,4.38,AUD
578520,2024-01-27T14:26:17,2024-01-27,157,18,Retail,Credit Card,COUPON0Z9Z,19.9,AUD
578597,2024-01-27T05:46:22,2024-01-27,44,16,Retail,PayPal,COUPON0-00,17.25,AUD
578711,2024-01-27T23:08:40,2024-01-27,596,35,Online,PayPal,COUPON0ZZ0,12.74,AUD
578752,2024-01-27T04:43:11,2024-01-27,507,39,Retail,PayPal,COUPON-0-A,7.9,AUD
578822,2024-01-27T21:17:43,2024-01-27,515,38,Retail,Credit Card,COUPON--09,17.76,AUD
578938,2024-01-27T17:07:42,2024-01-27,9,44,Online,PayPal,COUPON-99Z,5.92,AUD
578967,2024-01-27T21:24:31,2024-01-27,170,11,Online,Credit Card,COUPONAZA-,19.95,AUD
578997,2024-01-27T02:41:05,2024-01-27,727,30,Retail,PayPal,COUPON0Z0A,13.95,AUD
579218,2024-01-27T17:14:47,2024-01-27,624,49,Online,Afterpay,COUPONZAZ9,3.67,AUD
579337,2024-01-27T23:40:53,2024-01-27,414,21,Online,Afterpay,COUPON-Z-Z,2.52,AUD
579373,2024-01-27T18:30:06,2024-01-27,770,38,Online,PayPal,COUPON-900,13.5,AUD
579481,2024-01-27T20:42:43,2024-01-27,376,36,Retail,Credit Card,COUPONA-A-,7.52,AUD
579567,2024-01-27T16:02:52,2024-01-27,154,1,Online,Afterpay,COUPON-00-,9.11,AUD
579580,2024-01-27T20:29:43,2024-01-27,19,37,Retail,Credit Card,COUPONZ0ZA,11.2,AUD
579582,2024-01-27T09:43:44,2024-01-27,560,10,Retail,Afterpay,COUPONAZZZ,15.71,AUD
579733,2024-01-27T23:29:58,2024-01-27,224,49,Retail,PayPal,COUPON-00-,14.64,AUD
579968,2024-01-27T22:05:00,2024-01-27,252,13,Online,Afterpay,COUPON9ZZ0,9.67,AUD
579978,2024-01-27T11:07:04,2024-01-27,144,3,Retail,Credit Card,COUPON-A0Z,18.3,AUD
580391,2024-01-27T16:17:08,2024-01-27,250,49,Retail,Afterpay,COUPON09A-,2.85,AUD
580452,2024-01-27T16:14:48,2024-01-27,300,28,Online,Afterpay,COUPON-A--,15.77,AUD
580549,2024-01-27T23:50:12,2024-01-27,616,27,Retail,PayPal,COUPONAZA-,3.49,AUD
580656,2024-01-27T19:21:18,2024-01-27,129,33,Online,Credit Card,COUPON9A--,12.67,AUD
580734,2024-01-27T10:36:44,2024-01-27,530,22,Online,PayPal,COUPON-09A,4.85,AUD
580749,2024-01-27T07:06:26,2024-01-27,15,46,Retail,Credit Card,COUPONA9-A,7.37,AUD
580809,2024-01-27T09:34:29,2024-01-27,162,44,Retail,Afterpay,COUPON---Z,15.61,AUD
580821,2024-01-27T13:22:28,2024-01-27,666,40,Online,PayPal,COUPONZZ-0,1.16,AUD
580826,2024-01-27T09:36:52,2024-01-27,531,45,Online,Afterpay,COUPONZ-9Z,18.56,AUD
580850,2024-01-27T01:49:28,2024-01-27,390,32,Retail,PayPal,COUPON-0-Z,5.53,AUD
580916,2024-01-27T04:37:40,2024-01-27,339,17,Online,Afterpay,COUPON-09A,3.12,AUD
581004,2024-01-27T23:51:21,2024-01-27,544,18,Online,Afterpay,COUPON-9AA,8.7,AUD
581093,2024-01-27T21:45:17,2024-01-27,411,25,Online,Credit Card,COUPON00Z-,15.4,AUD
581096,2024-01-27T12:13:42,2024-01-27,421,11,Online,Credit Card,COUPON-A00,5.2,AUD
581346,2024-01-27T02:16:23,2024-01-27,33,11,Online,Afterpay,COUPON999Z,1.86,AUD
581397,2024-01-27T05:36:44,2024-01-27,612,46,Online,Afterpay,COUPON-A--,7.03,AUD
581417,2024-01-27T20:17:47,2024-01-27,515,21,Retail,PayPal,COUPON-Z99,12.9,AUD
581482,2024-01-27T07:42:35,2024-01-27,616,25,Retail,Afterpay,COUPON0999,11.06,AUD
581509,2024-01-27T20:25:47,2024-01-27,219,38,Online,Afterpay,COUPON000A,10.42,AUD
581542,2024-01-27T00:37:04,2024-01-27,30,2,Online,Afterpay,COUPONA--Z,16.86,AUD
581544,2024-01-27T10:54:30,2024-01-27,274,42,Retail,Afterpay,COUPON--ZZ,8.1,AUD
581639,2024-01-27T08:13:23,2024-01-27,584,9,Retail,Credit Card,COUPON9--A,16.11,AUD
581724,2024-01-27T16:41:23,2024-01-27,487,28,Retail,PayPal,COUPONA-9-,1.92,AUD
581800,2024-01-27T08:51:31,2024-01-27,672,23,Online,Afterpay,COUPONA---,13.78,AUD
581894,2024-01-27T14:09:26,2024-01-27,1,3,Retail,Credit Card,COUPON-Z-Z,19.34,AUD
581926,2024-01-27T07:30:51,2024-01-27,259,19,Online,Credit Card,COUPON099-,15.76,AUD
582009,2024-01-27T18:04:11,2024-01-27,282,7,Retail,Credit Card,COUPONAZ-9,15.27,AUD
582054,2024-01-27T05:16:36,2024-01-27,463,8,Retail,Credit Card,COUPON0-99,4.9,AUD
582129,2024-01-27T02:08:59,2024-01-27,148,5,Retail,Credit Card,COUPONZA-9,3.72,AUD
582199,2024-01-27T01:27:36,2024-01-27,661,49,Online,Credit Card,COUPON-ZA-,14.51,AUD
582267,2024-01-27T03:13:17,2024-01-27,664,20,Online,Afterpay,COUPONZ9-0,9.7,AUD
582312,2024-01-27T16:07:26,2024-01-27,604,44,Retail,Afterpay,COUPON9-09,16.85,AUD
582328,2024-01-27T13:39:52,2024-01-27,364,3,Online,PayPal,COUPON0Z--,9.05,AUD
582453,2024-01-27T20:38:59,2024-01-27,96,38,Retail,Credit Card,COUPONA9-9,14.09,AUD
582534,2024-01-27T11:16:46,2024-01-27,650,39,Online,Credit Card,COUPON--09,8.78,AUD
582543,2024-01-27T10:02:23,2024-01-27,175,34,Retail,Afterpay,COUPON--0Z,6.99,AUD
582558,2024-01-27T12:16:18,2024-01-27,639,23,Retail,PayPal,COUPONZ-0-,4.38,AUD
582775,2024-01-27T01:56:03,2024-01-27,20,10,Retail,Credit Card,COUPONZ999,11.4,AUD
582779,2024-01-27T16:45:56,2024-01-27,85,29,Online,Credit Card,COUPON-0A9,3.5,AUD
582909,2024-01-27T11:53:35,2024-01-27,192,13,Retail,Credit Card,COUPONAZ9-,16.66,AUD
582940,2024-01-27T03:13:31,2024-01-27,483,21,Online,PayPal,COUPON-9-0,11.98,AUD
583021,2024-01-27T07:42:21,2024-01-27,675,20,Online,PayPal,COUPON0Z99,0.17,AUD
583054,2024-01-27T10:45:31,2024-01-27,237,18,Retail,PayPal,COUPON-A0-,16.62,AUD
583128,2024-01-27T23:41:23,2024-01-27,576,6,Retail,Credit Card,COUPONA--0,12.45,AUD
583220,2024-01-27T08:20:02,2024-01-27,481,24,Retail,PayPal,COUPON-AA-,17.56,AUD
583414,2024-01-27T16:59:11,2024-01-27,578,33,Retail,Afterpay,COUPONZ0-9,9.38,AUD
583527,2024-01-27T20:06:28,2024-01-27,87,25,Retail,Credit Card,COUPON--A-,3.61,AUD
583841,2024-01-27T09:39:07,2024-01-27,293,6,Retail,PayPal,COUPON-A--,2.09,AUD
583917,2024-01-27T02:27:59,2024-01-27,504,25,Online,PayPal,COUPONZ-A9,8.81,AUD
584028,2024-01-27T10:20:23,2024-01-27,106,30,Retail,Afterpay,COUPON9A00,1.51,AUD
584033,2024-01-27T02:52:32,2024-01-27,671,32,Retail,PayPal,COUPON-Z-0,0.6,AUD
584067,2024-01-27T00:10:21,2024-01-27,790,39,Retail,Credit Card,COUPON9ZZ0,7.4,AUD
584079,2024-01-27T18:41:48,2024-01-27,525,33,Retail,Afterpay,COUPONAA00,11.62,AUD
584144,2024-01-27T22:52:09,2024-01-27,321,46,Retail,PayPal,COUPON-Z-A,19.26,AUD
584215,2024-01-27T15:36:06,2024-01-27,686,26,Retail,Credit Card,COUPON-09-,4.07,AUD
584216,2024-01-27T15:14:00,2024-01-27,782,31,Retail,Afterpay,COUPON--9Z,19.94,AUD
584233,2024-01-27T22:09:20,2024-01-27,111,15,Retail,Afterpay,COUPON-9Z9,12.53,AUD
584612,2024-01-27T10:06:37,2024-01-27,368,19,Online,PayPal,COUPON00--,17.27,AUD
584747,2024-01-27T10:46:26,2024-01-27,107,6,Online,PayPal,COUPON0ZA0,5.31,AUD
585046,2024-01-27T18:03:22,2024-01-27,669,34,Online,Afterpay,COUPON-990,14.72,AUD
585093,2024-01-27T09:55:34,2024-01-27,130,2,Retail,Credit Card,COUPON-0-0,13.13,AUD
585144,2024-01-27T04:33:21,2024-01-27,560,1,Retail,Afterpay,COUPONA0-0,15.79,AUD
585673,2024-01-27T21:47:32,2024-01-27,310,16,Retail,Credit Card,COUPONA-A-,13.55,AUD
585728,2024-01-27T12:08:20,2024-01-27,638,25,Online,PayPal,COUPON-A-9,12.49,AUD
585866,2024-01-27T03:16:43,2024-01-27,582,38,Online,PayPal,COUPON-A0Z,10.67,AUD
585872,2024-01-27T05:09:14,2024-01-27,278,14,Online,PayPal,COUPON-A09,14.27,AUD
586100,2024-01-27T03:48:50,2024-01-27,65,45,Retail,Afterpay,COUPONAA9-,15.33,AUD
586163,2024-01-27T21:30:41,2024-01-27,786,17,Online,Afterpay,COUPON-A99,4.11,AUD
586182,2024-01-27T07:21:08,2024-01-27,260,4,Retail,Afterpay,COUPONZ9-9,14.86,AUD
586229,2024-01-27T06:07:34,2024-01-27,17,37,Online,Afterpay,COUPONZ-0-,5.62,AUD
586293,2024-01-27T20:21:36,2024-01-27,210,18,Online,PayPal,COUPON0Z-0,3.2,AUD
586342,2024-01-27T15:11:30,2024-01-27,269,22,Retail,Afterpay,COUPON--9Z,11.0,AUD
586379,2024-01-27T12:53:46,2024-01-27,382,14,Retail,Afterpay,COUPON-9-A,16.96,AUD
586388,2024-01-27T07:20:09,2024-01-27,219,20,Retail,PayPal,COUPONAA-9,8.22,AUD
586524,2024-01-27T00:59:53,2024-01-27,78,20,Retail,Credit Card,COUPON-9--,7.43,AUD
586637,2024-01-27T22:15:44,2024-01-27,494,41,Retail,Credit Card,COUPON--A-,12.63,AUD
586653,2024-01-27T13:44:04,2024-01-27,778,10,Online,PayPal,COUPON-90A,6.61,AUD
586738,2024-01-27T02:32:48,2024-01-27,408,38,Retail,PayPal,COUPONZ0--,2.87,AUD
586795,2024-01-27T00:55:37,2024-01-27,620,31,Online,Afterpay,COUPON0A-9,16.02,AUD
586800,2024-01-27T23:39:52,2024-01-27,615,1,Retail,PayPal,COUPON-090,5.77,AUD
586897,2024-01-27T02:42:43,2024-01-27,506,15,Retail,PayPal,COUPON9-0Z,14.88,AUD
586943,2024-01-27T09:42:14,2024-01-27,456,48,Online,Credit Card,COUPONA--9,13.17,AUD
586993,2024-01-27T06:27:40,2024-01-27,712,9,Retail,Credit Card,COUPON-Z-0,19.33,AUD
587002,2024-01-27T00:50:47,2024-01-27,579,23,Online,Afterpay,COUPON9A9-,4.66,AUD
587038,2024-01-27T05:42:22,2024-01-27,95,29,Online,Credit Card,COUPON--A-,1.61,AUD
587111,2024-01-27T06:45:30,2024-01-27,555,11,Retail,Afterpay,COUPON----,16.49,AUD
587201,2024-01-27T04:59:35,2024-01-27,375,27,Retail,Credit Card,COUPON99Z-,6.5,AUD
587268,2024-01-27T04:17:23,2024-01-27,662,6,Online,Credit Card,COUPONZ0Z0,12.69,AUD
587497,2024-01-27T21:56:52,2024-01-27,623,41,Online,Afterpay,COUPON-ZZ-,6.07,AUD
587533,2024-01-27T15:19:48,2024-01-27,286,36,Online,PayPal,COUPON9000,13.9,AUD
587571,2024-01-27T12:52:13,2024-01-27,319,31,Online,Afterpay,COUPON9-AA,10.29,AUD
587772,2024-01-27T13:36:25,2024-01-27,581,5,Online,Afterpay,COUPON9Z-9,14.45,AUD
587799,2024-01-27T18:04:35,2024-01-27,745,20,Retail,Afterpay,COUPON90-9,10.03,AUD
587950,2024-01-27T01:34:56,2024-01-27,750,41,Online,Afterpay,COUPON-A-0,15.37,AUD
587961,2024-01-27T12:12:43,2024-01-27,777,36,Retail,PayPal,COUPON9-A-,17.24,AUD
588018,2024-01-27T16:29:21,2024-01-27,89,21,Retail,Credit Card,COUPON0-9-,4.87,AUD
588137,2024-01-27T17:11:59,2024-01-27,221,23,Retail,PayPal,COUPON9---,6.78,AUD
588209,2024-01-27T20:59:28,2024-01-27,410,24,Retail,Afterpay,COUPON9-99,5.48,AUD
588235,2024-01-27T11:35:36,2024-01-27,141,10,Online,PayPal,COUPON9-AA,14.48,AUD
588272,2024-01-27T15:40:58,2024-01-27,698,26,Retail,Credit Card,COUPON-A-9,17.94,AUD
588301,2024-01-27T23:06:16,2024-01-27,180,22,Retail,Credit Card,COUPON-Z0A,11.3,AUD
588387,2024-01-27T23:15:18,2024-01-27,785,39,Retail,Afterpay,COUPON9AZ-,15.47,AUD
588395,2024-01-27T01:41:43,2024-01-27,386,35,Retail,Credit Card,COUPONZ0A-,13.96,AUD
588508,2024-01-27T00:15:03,2024-01-27,773,1,Retail,PayPal,COUPON0-99,13.59,AUD
588535,2024-01-27T22:29:30,2024-01-27,86,18,Online,Afterpay,COUPON9---,3.27,AUD
588583,2024-01-27T22:15:20,2024-01-27,582,36,Online,PayPal,COUPONA9A-,10.11,AUD
588659,2024-01-27T15:11:41,2024-01-27,726,33,Retail,Credit Card,COUPON9-Z0,3.39,AUD
588769,2024-01-27T00:31:57,2024-01-27,746,36,Retail,Afterpay,COUPON-9Z9,13.53,AUD
588833,2024-01-27T07:00:19,2024-01-27,622,23,Retail,Credit Card,COUPONZA99,13.8,AUD
588984,2024-01-27T11:40:24,2024-01-27,647,10,Online,Credit Card,COUPON----,11.98,AUD
589006,2024-01-27T13:11:46,2024-01-27,78,45,Online,Afterpay,COUPON0Z-Z,4.67,AUD
589048,2024-01-27T12:01:09,2024-01-27,745,44,Online,Credit Card,COUPON9-A0,0.85,AUD
589070,2024-01-27T09:35:11,2024-01-27,313,9,Online,PayPal,COUPONA9Z-,6.21,AUD
589106,2024-01-27T02:05:15,2024-01-27,89,45,Retail,Afterpay,COUPON0900,0.9,AUD
589276,2024-01-27T17:07:27,2024-01-27,397,28,Online,Afterpay,COUPON0--Z,8.71,AUD
589281,2024-01-27T19:01:50,2024-01-27,618,12,Retail,Credit Card,COUPON9AZ-,0.1,AUD
589337,2024-01-27T18:27:22,2024-01-27,217,45,Online,PayPal,COUPON9-9-,1.92,AUD
589365,2024-01-27T23:37:48,2024-01-27,74,3,Retail,Credit Card,COUPON----,5.73,AUD
589379,2024-01-27T04:52:53,2024-01-27,512,12,Online,Credit Card,COUPON9-00,0.13,AUD
589403,2024-01-27T20:08:56,2024-01-27,526,24,Online,Credit Card,COUPON-00-,16.76,AUD
589445,2024-01-27T07:01:31,2024-01-27,673,36,Retail,Credit Card,COUPONA0--,15.84,AUD
589503,2024-01-27T07:10:55,2024-01-27,138,19,Retail,PayPal,COUPON-000,12.66,AUD
589757,2024-01-27T23:54:28,2024-01-27,305,44,Retail,PayPal,COUPON9--0,18.08,AUD
589963,2024-01-27T01:25:36,2024-01-27,770,26,Online,Afterpay,COUPONAZ90,10.28,AUD
590092,2024-01-27T10:51:58,2024-01-27,552,29,Retail,PayPal,COUPONZ00-,15.95,AUD
590277,2024-01-27T11:06:07,2024-01-27,208,17,Online,PayPal,COUPON--9Z,11.67,AUD
590333,2024-01-27T16:50:21,2024-01-27,27,40,Retail,Afterpay,COUPONA---,0.31,AUD
590367,2024-01-27T02:51:47,2024-01-27,234,7,Online,PayPal,COUPON00Z-,16.0,AUD
590382,2024-01-27T03:17:11,2024-01-27,85,27,Online,Credit Card,COUPON-0--,0.83,AUD
590421,2024-01-27T18:14:00,2024-01-27,434,7,Online,PayPal,COUPONA-AA,10.18,AUD
590502,2024-01-27T17:08:41,2024-01-27,283,45,Retail,Afterpay,COUPONA---,7.61,AUD
590626,2024-01-27T08:57:50,2024-01-27,698,10,Online,Credit Card,COUPON--0A,18.45,AUD
590661,2024-01-27T13:40:31,2024-01-27,466,31,Retail,Credit Card,COUPON----,10.46,AUD
590808,2024-01-27T15:09:44,2024-01-27,679,33,Retail,Afterpay,COUPONZ009,18.37,AUD
590901,2024-01-27T03:59:15,2024-01-27,241,44,Online,Afterpay,COUPON-0-0,6.04,AUD
590926,2024-01-27T13:48:00,2024-01-27,217,19,Online,Afterpay,COUPON9ZA0,6.73,AUD
591009,2024-01-27T00:32:26,2024-01-27,645,40,Online,Credit Card,COUPONZA-9,19.54,AUD
591060,2024-01-27T13:12:43,2024-01-27,47,31,Online,Afterpay,COUPON---Z,11.15,AUD
591143,2024-01-27T01:11:59,2024-01-27,410,36,Online,Afterpay,COUPON-9--,19.1,AUD
591154,2024-01-27T16:12:43,2024-01-27,739,42,Retail,Afterpay,COUPON-Z09,13.69,AUD
591316,2024-01-27T19:28:02,2024-01-27,4,5,Retail,Credit Card,COUPON-ZZ0,12.66,AUD
591368,2024-01-27T18:37:17,2024-01-27,254,28,Retail,Afterpay,COUPON---Z,15.37,AUD
591477,2024-01-27T04:53:08,2024-01-27,125,11,Retail,Afterpay,COUPONZ0ZA,12.17,AUD
591728,2024-01-27T21:02:32,2024-01-27,410,36,Retail,Afterpay,COUPONZ0A-,15.27,AUD
591857,2024-01-27T17:17:21,2024-01-27,362,7,Retail,Afterpay,COUPON9---,10.16,AUD
591943,2024-01-27T22:34:00,2024-01-27,529,3,Online,PayPal,COUPONA---,7.41,AUD
591963,2024-01-27T23:06:33,2024-01-27,634,47,Online,PayPal,COUPON9--0,8.3,AUD
592008,2024-01-27T15:13:10,2024-01-27,357,16,Online,Afterpay,COUPON--A-,13.11,AUD
592141,2024-01-27T18:18:03,2024-01-27,773,10,Retail,PayPal,COUPON9-Z9,6.56,AUD
592253,2024-01-27T09:47:23,2024-01-27,220,9,Online,Credit Card,COUPON9--A,13.26,AUD
592326,2024-01-27T19:13:18,2024-01-27,465,15,Retail,Credit Card,COUPON09Z-,10.22,AUD
592327,2024-01-27T13:46:59,2024-01-27,740,11,Retail,PayPal,COUPON0A0A,8.33,AUD
592502,2024-01-27T11:01:38,2024-01-27,588,25,Online,Afterpay,COUPON-09-,11.36,AUD
592527,2024-01-27T17:55:45,2024-01-27,160,18,Online,PayPal,COUPON0-Z0,13.06,AUD
592610,2024-01-27T20:14:54,2024-01-27,714,44,Retail,Afterpay,COUPON9-0A,3.47,AUD
592719,2024-01-27T05:57:04,2024-01-27,701,25,Retail,PayPal,COUPON--9-,13.97,AUD
592721,2024-01-27T16:47:46,2024-01-27,745,12,Online,Afterpay,COUPON-A0-,0.45,AUD
592785,2024-01-27T20:29:20,2024-01-27,652,24,Online,Afterpay,COUPON--9Z,3.24,AUD
592874,2024-01-27T23:06:21,2024-01-27,11,22,Retail,PayPal,COUPON9--Z,11.95,AUD
592971,2024-01-27T12:12:20,2024-01-27,773,19,Online,Credit Card,COUPON--ZZ,2.81,AUD
593029,2024-01-27T21:57:34,2024-01-27,306,24,Online,PayPal,COUPON9--A,6.97,AUD
593149,2024-01-27T12:37:14,2024-01-27,718,18,Retail,Credit Card,COUPON00Z-,1.77,AUD
593192,2024-01-27T20:46:17,2024-01-27,520,36,Online,Afterpay,COUPONZAZZ,6.53,AUD
593474,2024-01-27T16:09:29,2024-01-27,224,39,Retail,Credit Card,COUPONA-Z0,7.66,AUD
593511,2024-01-27T15:35:35,2024-01-27,4,43,Online,Afterpay,COUPON9---,7.25,AUD
593542,2024-01-27T14:36:38,2024-01-27,143,39,Retail,PayPal,COUPONAZA-,3.23,AUD
593606,2024-01-27T10:38:27,2024-01-27,457,16,Retail,Afterpay,COUPON-99Z,10.43,AUD
593739,2024-01-27T14:01:34,2024-01-27,622,11,Online,PayPal,COUPON9Z--,17.68,AUD
593765,2024-01-27T04:43:18,2024-01-27,85,36,Retail,Credit Card,COUPON-ZA0,8.14,AUD
593969,2024-01-27T09:10:44,2024-01-27,780,21,Online,Credit Card,COUPONA9Z-,5.97,AUD
594087,2024-01-27T11:08:28,2024-01-27,112,11,Online,PayPal,COUPON000-,0.26,AUD
594139,2024-01-27T11:10:41,2024-01-27,22,44,Retail,Afterpay,COUPONZZ-0,14.73,AUD
594314,2024-01-27T13:23:19,2024-01-27,725,38,Online,Afterpay,COUPON9-A-,3.81,AUD
594367,2024-01-27T18:05:39,2024-01-27,668,10,Retail,PayPal,COUPON--Z0,8.28,AUD
594450,2024-01-27T05:38:21,2024-01-27,50,21,Online,PayPal,COUPON9A0-,11.65,AUD
594536,2024-01-27T07:13:59,2024-01-27,273,49,Online,PayPal,COUPON0AA9,8.71,AUD
594610,2024-01-27T01:10:40,2024-01-27,144,31,Online,Afterpay,COUPONZZ90,5.47,AUD
594630,2024-01-27T23:47:58,2024-01-27,372,27,Retail,Credit Card,COUPON9---,13.74,AUD
594812,2024-01-27T06:16:33,2024-01-27,530,32,Online,Afterpay,COUPON-A0A,14.24,AUD
594829,2024-01-27T05:49:01,2024-01-27,152,36,Online,Afterpay,COUPON-Z-A,12.89,AUD
594855,2024-01-27T13:16:20,2024-01-27,637,43,Retail,PayPal,COUPON0Z--,1.6,AUD
594980,2024-01-27T09:34:07,2024-01-27,443,36,Online,PayPal,COUPONA0--,16.66,AUD
595215,2024-01-27T19:12:13,2024-01-27,716,35,Retail,Afterpay,COUPON-Z-0,1.49,AUD
595248,2024-01-27T18:41:41,2024-01-27,295,12,Online,PayPal,COUPON--0-,6.0,AUD
595260,2024-01-27T22:02:45,2024-01-27,191,16,Online,PayPal,COUPON-ZZ-,16.64,AUD
595410,2024-01-27T17:43:18,2024-01-27,60,4,Retail,Credit Card,COUPONZ--0,11.32,AUD
595741,2024-01-27T23:16:52,2024-01-27,15,30,Online,Afterpay,COUPON0Z-Z,15.59,AUD
595867,2024-01-27T12:53:28,2024-01-27,279,28,Online,PayPal,COUPON-ZZA,17.8,AUD
595888,2024-01-27T08:49:34,2024-01-27,769,8,Retail,Afterpay,COUPON99ZZ,13.31,AUD
596059,2024-01-27T04:58:57,2024-01-27,783,8,Online,Credit Card,COUPON--Z9,10.43,AUD
596140,2024-01-27T02:09:55,2024-01-27,773,25,Online,Credit Card,COUPONZ-90,8.19,AUD
596156,2024-01-27T13:40:28,2024-01-27,1,22,Online,Credit Card,COUPONAZ00,14.79,AUD
596357,2024-01-27T22:07:22,2024-01-27,376,44,Online,Afterpay,COUPON0A-0,3.79,AUD
596398,2024-01-27T17:30:17,2024-01-27,208,21,Online,Credit Card,COUPONZ9Z0,5.75,AUD
596410,2024-01-27T00:34:39,2024-01-27,623,17,Retail,Afterpay,COUPON-A0Z,8.87,AUD
596661,2024-01-27T14:30:02,2024-01-27,593,6,Online,Credit Card,COUPON-Z0A,9.19,AUD
596802,2024-01-27T14:07:14,2024-01-27,684,22,Online,PayPal,COUPONA99A,16.15,AUD
596904,2024-01-27T20:14:51,2024-01-27,694,29,Retail,Credit Card,COUPON-A--,15.84,AUD
596955,2024-01-27T11:48:51,2024-01-27,183,27,Retail,Credit Card,COUPONZZ99,16.3,AUD
597003,2024-01-27T08:46:38,2024-01-27,721,3,Online,Afterpay,COUPONZ-9-,11.42,AUD
597029,2024-01-27T17:29:37,2024-01-27,638,2,Retail,PayPal,COUPONZAA-,8.22,AUD
597067,2024-01-27T06:02:55,2024-01-27,74,34,Retail,Credit Card,COUPON--ZA,14.74,AUD
597111,2024-01-27T07:06:38,2024-01-27,781,30,Retail,PayPal,COUPON-Z0A,2.69,AUD
597159,2024-01-27T14:03:04,2024-01-27,519,45,Online,Afterpay,COUPON--Z-,17.24,AUD
597240,2024-01-27T09:52:44,2024-01-27,444,43,Online,PayPal,COUPON---9,8.27,AUD
597280,2024-01-27T00:28:17,2024-01-27,70,15,Online,Afterpay,COUPON----,12.23,AUD
597307,2024-01-27T02:53:54,2024-01-27,408,41,Retail,Afterpay,COUPON0--0,17.39,AUD
597331,2024-01-27T10:25:36,2024-01-27,387,4,Online,Afterpay,COUPON-AA-,9.08,AUD
597364,2024-01-27T00:21:41,2024-01-27,323,24,Online,PayPal,COUPON-0--,11.19,AUD
597405,2024-01-27T07:58:17,2024-01-27,483,29,Retail,PayPal,COUPON-99-,16.0,AUD
597425,2024-01-27T04:16:36,2024-01-27,246,39,Retail,PayPal,COUPON--9A,10.19,AUD
597472,2024-01-27T11:24:04,2024-01-27,96,3,Online,Afterpay,COUPONZZ--,12.0,AUD
597477,2024-01-27T13:46:49,2024-01-27,173,23,Online,Credit Card,COUPONZ-A-,15.67,AUD
597727,2024-01-27T22:07:50,2024-01-27,378,34,Retail,Credit Card,COUPONZZ9-,2.58,AUD
597752,2024-01-27T12:52:31,2024-01-27,250,30,Online,Credit Card,COUPON-Z0Z,7.4,AUD
597882,2024-01-27T07:07:21,2024-01-27,579,47,Retail,Afterpay,COUPONA09-,5.35,AUD
598119,2024-01-27T22:12:24,2024-01-27,398,36,Online,PayPal,COUPONZA9A,13.78,AUD
598218,2024-01-27T10:34:36,2024-01-27,571,33,Retail,PayPal,COUPON0AAZ,15.04,AUD
598232,2024-01-27T05:03:54,2024-01-27,385,6,Retail,Afterpay,COUPON-A09,2.41,AUD
598337,2024-01-27T09:06:01,2024-01-27,776,11,Retail,Credit Card,COUPON-9A-,19.51,AUD
598542,2024-01-27T12:37:17,2024-01-27,218,33,Online,Credit Card,COUPONZ-0Z,1.03,AUD
598601,2024-01-27T17:27:37,2024-01-27,474,14,Online,Afterpay,COUPONZ0--,0.8,AUD
598760,2024-01-27T06:30:26,2024-01-27,720,6,Online,PayPal,COUPONZ0-9,17.3,AUD
598844,2024-01-27T03:34:42,2024-01-27,541,36,Online,Credit Card,COUPON-ZZZ,0.8,AUD
598886,2024-01-27T05:21:50,2024-01-27,236,45,Retail,Afterpay,COUPONA-0-,18.96,AUD
598927,2024-01-27T15:32:07,2024-01-27,89,25,Retail,PayPal,COUPON9-AA,16.06,AUD
598973,2024-01-27T10:25:07,2024-01-27,670,17,Online,Afterpay,COUPON90Z-,15.43,AUD
598994,2024-01-27T18:54:54,2024-01-27,371,44,Retail,PayPal,COUPON----,9.68,AUD
599105,2024-01-27T12:08:06,2024-01-27,371,47,Online,Credit Card,COUPONZ0ZA,8.82,AUD
599174,2024-01-27T11:15:43,2024-01-27,100,7,Retail,Credit Card,COUPON0Z-A,9.95,AUD
599181,2024-01-27T06:35:46,2024-01-27,139,10,Online,Credit Card,COUPON-9-A,18.16,AUD
599254,2024-01-27T23:02:10,2024-01-27,271,27,Online,Credit Card,COUPONZ9A-,13.5,AUD
599318,2024-01-27T18:54:04,2024-01-27,593,20,Retail,Afterpay,COUPONZA0-,4.35,AUD
599367,2024-01-27T09:40:02,2024-01-27,512,45,Retail,Credit Card,COUPON----,5.58,AUD
599442,2024-01-27T04:11:07,2024-01-27,799,25,Online,Afterpay,COUPONZ-9A,7.93,AUD
599518,2024-01-27T09:59:26,2024-01-27,488,39,Retail,Credit Card,COUPON-990,2.55,AUD
599659,2024-01-27T22:27:11,2024-01-27,408,29,Online,Afterpay,COUPON-Z-9,13.49,AUD
599846,2024-01-27T22:10:35,2024-01-27,705,41,Online,Afterpay,COUPON0---,5.27,AUD
600000,2024-01-27T03:53:42,2024-01-27,670,5,Retail,Afterpay,COUPON--0Z,5.16,AUD
600207,2024-01-27T13:06:31,2024-01-27,276,47,Retail,PayPal,COUPONZ9AA,12.55,AUD
600329,2024-01-27T20:36:40,2024-01-27,441,13,Online,Afterpay,COUPON09-9,1.54,AUD
600371,2024-01-27T13:53:19,2024-01-27,218,40,Retail,Credit Card,COUPONA-A-,10.33,AUD
600469,2024-01-27T04:15:06,2024-01-27,632,16,Online,Credit Card,COUPON0A-Z,4.57,AUD
600483,2024-01-27T03:01:57,2024-01-27,574,2,Online,Afterpay,COUPON-ZA-,16.79,AUD
600500,2024-01-27T20:11:56,2024-01-27,738,49,Online,Credit Card,COUPONA9Z0,19.34,AUD
600595,2024-01-27T03:19:20,2024-01-27,737,25,Retail,Afterpay,COUPON09-Z,0.56,AUD
600628,2024-01-27T17:42:50,2024-01-27,697,19,Retail,PayPal,COUPON--AZ,0.32,AUD
600636,2024-01-27T15:27:21,2024-01-27,572,9,Retail,PayPal,COUPON--9A,2.84,AUD
600638,2024-01-27T13:04:09,2024-01-27,51,17,Retail,PayPal,COUPONAZZA,4.27,AUD
600904,2024-01-27T16:57:54,2024-01-27,514,42,Online,Afterpay,COUPONZ--Z,0.88,AUD
600910,2024-01-27T15:32:08,2024-01-27,483,1,Online,Afterpay,COUPON-000,6.05,AUD
600996,2024-01-27T02:56:57,2024-01-27,10,46,Retail,Afterpay,COUPON-0A-,17.74,AUD
601064,2024-01-27T00:10:19,2024-01-27,270,4,Retail,Afterpay,COUPON-A00,3.16,AUD
601068,2024-01-27T23:15:00,2024-01-27,108,6,Online,PayPal,COUPON-0A0,17.94,AUD
601078,2024-01-27T08:32:00,2024-01-27,423,43,Online,Credit Card,COUPONZ9A-,9.46,AUD
601226,2024-01-27T21:37:24,2024-01-27,448,22,Retail,PayPal,COUPON-99-,9.25,AUD
601329,2024-01-27T01:29:30,2024-01-27,732,39,Online,Credit Card,COUPONA990,13.31,AUD
601427,2024-01-27T03:49:15,2024-01-27,17,31,Retail,PayPal,COUPONA9Z-,14.05,AUD
601651,2024-01-27T08:37:32,2024-01-27,462,11,Online,Credit Card,COUPON90-A,13.99,AUD
601702,2024-01-27T15:13:53,2024-01-27,576,17,Retail,Credit Card,COUPONZ-90,3.21,AUD
601727,2024-01-27T12:41:00,2024-01-27,622,40,Online,Credit Card,COUPON9--A,6.45,AUD
601881,2024-01-27T20:03:44,2024-01-27,403,31,Online,PayPal,COUPONA-0-,10.42,AUD
601911,2024-01-27T12:17:10,2024-01-27,261,25,Retail,Afterpay,COUPONAA-0,15.32,AUD
601924,2024-01-27T05:54:40,2024-01-27,127,30,Online,PayPal,COUPON--A-,15.29,AUD
601943,2024-01-27T00:39:37,2024-01-27,728,39,Online,PayPal,COUPON0Z-0,2.23,AUD
602048,2024-01-27T14:18:26,2024-01-27,714,19,Online,Credit Card,COUPON-09-,18.68,AUD
602074,2024-01-27T19:22:26,2024-01-27,247,29,Retail,Credit Card,COUPON-9Z9,12.99,AUD
602133,2024-01-27T01:18:45,2024-01-27,62,28,Retail,Afterpay,COUPON--ZZ,6.67,AUD
602135,2024-01-27T01:24:01,2024-01-27,205,7,Retail,PayPal,COUPON-Z90,4.59,AUD
602173,2024-01-27T18:50:19,2024-01-27,327,40,Online,Afterpay,COUPON-Z09,1.04,AUD
602252,2024-01-27T05:40:49,2024-01-27,584,39,Retail,Afterpay,COUPONAA0A,10.31,AUD
602259,2024-01-27T10:14:11,2024-01-27,644,41,Online,Afterpay,COUPON-ZA-,8.13,AUD
602264,2024-01-27T20:31:42,2024-01-27,487,41,Online,Afterpay,COUPONAZ9A,11.64,AUD
602332,2024-01-27T05:39:38,2024-01-27,374,44,Retail,Credit Card,COUPON-9Z9,16.39,AUD
602337,2024-01-27T17:52:35,2024-01-27,397,31,Retail,Credit Card,COUPONZ0A-,15.3,AUD
602443,2024-01-27T08:09:29,2024-01-27,393,25,Retail,Credit Card,COUPONZZA-,0.84,AUD
602447,2024-01-27T01:02:00,2024-01-27,719,30,Retail,Afterpay,COUPON-0A-,7.49,AUD
602504,2024-01-27T08:54:53,2024-01-27,525,12,Online,Credit Card,COUPON--Z9,13.36,AUD
602989,2024-01-27T08:16:31,2024-01-27,572,8,Retail,Credit Card,COUPON990A,6.48,AUD
603011,2024-01-27T21:49:23,2024-01-27,588,15,Retail,Credit Card,COUPON0-09,2.06,AUD
603208,2024-01-27T07:19:32,2024-01-27,762,31,Retail,PayPal,COUPON-Z00,7.72,AUD
603524,2024-01-27T13:04:35,2024-01-27,445,3,Online,Afterpay,COUPON9-0Z,15.38,AUD
603560,2024-01-27T16:58:45,2024-01-27,666,38,Online,PayPal,COUPONA9-A,19.25,AUD
603617,2024-01-27T09:18:54,2024-01-27,288,40,Online,PayPal,COUPON--0Z,4.0,AUD
603723,2024-01-27T10:52:55,2024-01-27,368,18,Online,Afterpay,COUPON---0,14.23,AUD
603833,2024-01-27T12:27:53,2024-01-27,543,3,Retail,PayPal,COUPONZA-0,9.42,AUD
604098,2024-01-27T17:41:04,2024-01-27,172,5,Retail,Afterpay,COUPON99-9,1.28,AUD
604127,2024-01-27T22:34:45,2024-01-27,705,28,Online,Afterpay,COUPON-A-9,12.33,AUD
604243,2024-01-27T08:20:15,2024-01-27,255,26,Retail,PayPal,COUPON-0--,14.3,AUD
604311,2024-01-27T17:01:47,2024-01-27,161,32,Online,Credit Card,COUPON0AZ0,2.47,AUD
604314,2024-01-27T22:53:44,2024-01-27,326,11,Retail,Credit Card,COUPONA9AA,13.75,AUD
604337,2024-01-27T16:26:01,2024-01-27,256,7,Online,PayPal,COUPONA--A,3.55,AUD
604347,2024-01-27T20:43:52,2024-01-27,439,2,Online,Afterpay,COUPON90AZ,6.16,AUD
604359,2024-01-27T15:31:51,2024-01-27,554,46,Retail,Afterpay,COUPON-Z--,6.27,AUD
604401,2024-01-27T03:22:04,2024-01-27,15,12,Online,PayPal,COUPONA9-0,5.07,AUD
604508,2024-01-27T03:09:51,2024-01-27,48,17,Online,Afterpay,COUPONA90-,11.66,AUD
604556,2024-01-27T21:24:06,2024-01-27,74,2,Online,PayPal,COUPON99AZ,9.94,AUD
604645,2024-01-27T14:39:09,2024-01-27,391,33,Retail,Afterpay,COUPONA9A9,7.07,AUD
604696,2024-01-27T02:18:15,2024-01-27,300,7,Retail,PayPal,COUPONA-9-,5.61,AUD
604716,2024-01-27T02:06:11,2024-01-27,120,30,Online,PayPal,COUPON--A9,5.38,AUD
604857,2024-01-27T23:04:28,2024-01-27,190,31,Online,PayPal,COUPON-9A-,7.23,AUD
605099,2024-01-27T12:46:19,2024-01-27,103,18,Online,Credit Card,COUPON9--9,2.3,AUD
605128,2024-01-27T02:42:52,2024-01-27,313,15,Online,PayPal,COUPONZ9-A,3.27,AUD
605256,2024-01-27T21:49:52,2024-01-27,25,26,Retail,Afterpay,COUPON90-0,11.37,AUD
605663,2024-01-27T15:47:18,2024-01-27,391,7,Retail,PayPal,COUPON-A0-,4.59,AUD
606158,2024-01-27T21:31:56,2024-01-27,426,22,Online,Afterpay,COUPON-A90,13.4,AUD
606247,2024-01-27T08:27:08,2024-01-27,414,10,Retail,Credit Card,COUPONZ-0A,15.13,AUD
606373,2024-01-27T17:39:02,2024-01-27,104,40,Online,Credit Card,COUPON999-,7.24,AUD
606377,2024-01-27T00:14:11,2024-01-27,1,46,Retail,Credit Card,COUPON9--0,19.48,AUD
606504,2024-01-27T04:22:50,2024-01-27,323,7,Online,PayPal,COUPON9AA0,6.26,AUD
606674,2024-01-27T07:44:40,2024-01-27,629,49,Online,Credit Card,COUPON--AA,13.88,AUD
606889,2024-01-27T06:40:42,2024-01-27,57,33,Online,Credit Card,COUPON-0-Z,19.13,AUD
606892,2024-01-27T14:58:46,2024-01-27,93,25,Retail,PayPal,COUPON0AA-,12.55,AUD
607020,2024-01-27T09:52:09,2024-01-27,439,40,Online,Credit Card,COUPON9-Z-,13.39,AUD
607049,2024-01-27T12:13:26,2024-01-27,685,21,Retail,Credit Card,COUPON-09-,0.29,AUD
607130,2024-01-27T07:17:21,2024-01-27,393,49,Retail,Credit Card,COUPONA900,16.94,AUD
607136,2024-01-27T07:32:32,2024-01-27,134,26,Retail,Credit Card,COUPONZZZ-,11.78,AUD
607330,2024-01-27T09:53:42,2024-01-27,537,49,Retail,PayPal,COUPON99-0,2.31,AUD
607342,2024-01-27T20:02:02,2024-01-27,747,31,Online,PayPal,COUPON-0-0,5.7,AUD
607637,2024-01-27T09:36:56,2024-01-27,316,1,Online,Afterpay,COUPON-0--,1.2,AUD
607648,2024-01-27T02:22:54,2024-01-27,779,48,Online,Credit Card,COUPON-AA-,3.09,AUD
607705,2024-01-27T16:54:33,2024-01-27,790,15,Retail,Afterpay,COUPONZ9--,9.95,AUD
607721,2024-01-27T21:14:36,2024-01-27,205,13,Retail,Afterpay,COUPONZ--0,11.44,AUD
607724,2024-01-27T04:46:11,2024-01-27,492,9,Retail,PayPal,COUPON000Z,9.83,AUD
607752,2024-01-27T19:47:04,2024-01-27,510,48,Online,PayPal,COUPONZ9-0,2.2,AUD
607835,2024-01-27T12:44:08,2024-01-27,312,18,Online,PayPal,COUPONA9AZ,17.4,AUD
607856,2024-01-27T06:51:08,2024-01-27,608,36,Online,Afterpay,COUPON--9Z,13.49,AUD
608191,2024-01-27T03:30:03,2024-01-27,137,4,Retail,Credit Card,COUPON90A9,14.75,AUD
608278,2024-01-27T14:37:33,2024-01-27,120,30,Retail,Credit Card,COUPONZ-Z9,4.84,AUD
608328,2024-01-27T08:54:08,2024-01-27,478,1,Retail,Afterpay,COUPON0-ZA,12.3,AUD
608419,2024-01-27T20:37:26,2024-01-27,32,2,Online,PayPal,COUPONZ-Z-,10.58,AUD
608499,2024-01-27T07:53:04,2024-01-27,40,9,Retail,Credit Card,COUPON-90Z,8.21,AUD
608645,2024-01-27T01:02:26,2024-01-27,455,42,Retail,Credit Card,COUPONAA0-,8.57,AUD
608659,2024-01-27T19:25:18,2024-01-27,84,1,Retail,PayPal,COUPON-A--,16.79,AUD
608790,2024-01-27T04:45:24,2024-01-27,745,3,Online,Credit Card,COUPON0-A-,17.56,AUD
608851,2024-01-27T19:38:32,2024-01-27,533,16,Online,PayPal,COUPON9-ZA,4.43,AUD
609189,2024-01-27T12:38:16,2024-01-27,432,24,Online,Credit Card,COUPONZ---,16.8,AUD
609254,2024-01-27T08:53:49,2024-01-27,797,17,Retail,Afterpay,COUPON-Z-0,7.02,AUD
609359,2024-01-27T23:06:04,2024-01-27,303,39,Online,PayPal,COUPONZ-90,18.06,AUD
609404,2024-01-27T09:50:01,2024-01-27,579,5,Online,Credit Card,COUPON0-90,6.43,AUD
609492,2024-01-27T16:44:27,2024-01-27,584,10,Online,PayPal,COUPON0-Z0,3.79,AUD
609545,2024-01-27T11:30:27,2024-01-27,725,23,Online,Afterpay,COUPON99A0,17.58,AUD
609925,2024-01-27T02:40:13,2024-01-27,702,5,Retail,Afterpay,COUPON--9-,16.52,AUD
609941,2024-01-27T00:15:32,2024-01-27,684,4,Retail,Afterpay,COUPON90Z0,9.22,AUD
610199,2024-01-27T18:11:24,2024-01-27,736,7,Retail,PayPal,COUPON09--,8.36,AUD
610259,2024-01-27T02:38:02,2024-01-27,526,43,Online,Credit Card,COUPON90-0,2.88,AUD
610269,2024-01-27T00:59:02,2024-01-27,61,39,Online,Afterpay,COUPON9-A-,17.94,AUD
610287,2024-01-27T00:59:39,2024-01-27,580,15,Online,PayPal,COUPON9990,15.6,AUD
610381,2024-01-27T08:54:37,2024-01-27,612,17,Retail,Credit Card,COUPON--0-,1.53,AUD
610402,2024-01-27T15:49:57,2024-01-27,589,20,Retail,PayPal,COUPON9-9-,9.38,AUD
610525,2024-01-27T06:55:20,2024-01-27,93,48,Online,Afterpay,COUPON-00A,8.51,AUD
610538,2024-01-27T10:20:29,2024-01-27,555,14,Retail,PayPal,COUPON0ZZ0,4.85,AUD
610678,2024-01-27T21:18:02,2024-01-27,126,33,Online,Afterpay,COUPON9--9,4.34,AUD
610690,2024-01-27T09:32:30,2024-01-27,696,24,Retail,PayPal,COUPON00Z-,18.7,AUD
610762,2024-01-27T17:56:01,2024-01-27,395,7,Online,Credit Card,COUPONA-9-,0.13,AUD
610842,2024-01-27T08:12:23,2024-01-27,365,7,Online,PayPal,COUPONA9Z0,13.12,AUD
611068,2024-01-27T03:13:54,2024-01-27,330,2,Online,PayPal,COUPONZ-0A,8.03,AUD
611082,2024-01-27T08:23:34,2024-01-27,761,22,Retail,Afterpay,COUPONAZZ-,16.83,AUD
611249,2024-01-27T23:19:43,2024-01-27,340,22,Online,Credit Card,COUPONAZZZ,4.32,AUD
611289,2024-01-27T18:13:12,2024-01-27,604,16,Retail,Afterpay,COUPON--0-,14.17,AUD
611364,2024-01-27T20:31:53,2024-01-27,537,37,Retail,PayPal,COUPON90-A,4.82,AUD
611705,2024-01-27T04:23:23,2024-01-27,583,32,Online,PayPal,COUPON-9A0,9.88,AUD
611773,2024-01-27T10:27:09,2024-01-27,240,1,Online,PayPal,COUPONAZ-Z,18.05,AUD
611792,2024-01-27T00:48:48,2024-01-27,745,41,Retail,Afterpay,COUPON9AZZ,13.87,AUD
611796,2024-01-27T17:52:36,2024-01-27,393,21,Online,PayPal,COUPON-ZA0,0.94,AUD
611834,2024-01-27T05:13:27,2024-01-27,527,46,Online,PayPal,COUPON0Z--,7.42,AUD
611842,2024-01-27T04:20:15,2024-01-27,751,35,Retail,Afterpay,COUPONAA9-,19.0,AUD
611850,2024-01-27T05:37:30,2024-01-27,676,43,Online,Credit Card,COUPON-9--,13.26,AUD
611935,2024-01-27T18:34:42,2024-01-27,627,28,Online,PayPal,COUPONAAAA,5.76,AUD
612015,2024-01-27T09:08:54,2024-01-27,439,28,Online,Credit Card,COUPON99--,5.41,AUD
612049,2024-01-27T20:49:14,2024-01-27,339,8,Online,Credit Card,COUPON--AZ,17.08,AUD
612120,2024-01-27T23:43:49,2024-01-27,786,27,Retail,PayPal,COUPONZZZ9,2.07,AUD
612130,2024-01-27T14:57:57,2024-01-27,352,19,Retail,Credit Card,COUPON99AZ,17.27,AUD
612261,2024-01-27T00:05:43,2024-01-27,164,31,Online,PayPal,COUPONA0--,0.25,AUD
612484,2024-01-27T19:08:11,2024-01-27,418,20,Retail,Credit Card,COUPON-09-,8.92,AUD
612595,2024-01-27T16:50:21,2024-01-27,413,42,Online,Afterpay,COUPON9-ZA,12.89,AUD
612596,2024-01-27T01:28:53,2024-01-27,528,11,Online,PayPal,COUPON-Z-Z,3.79,AUD
612739,2024-01-27T01:32:10,2024-01-27,405,36,Online,Afterpay,COUPON0A--,7.81,AUD
612791,2024-01-27T03:19:51,2024-01-27,566,3,Retail,Credit Card,COUPON--9A,12.84,AUD
612979,2024-01-27T06:00:34,2024-01-27,112,28,Retail,Credit Card,COUPONZ0--,6.31,AUD
613139,2024-01-27T17:16:32,2024-01-27,786,21,Retail,Afterpay,COUPON0-ZA,10.69,AUD
613212,2024-01-27T08:29:08,2024-01-27,357,46,Retail,PayPal,COUPON-AA0,14.3,AUD
613269,2024-01-27T06:10:42,2024-01-27,253,4,Retail,PayPal,COUPON-A90,2.01,AUD
613399,2024-01-27T12:34:28,2024-01-27,235,49,Retail,Credit Card,COUPONAZ0-,6.87,AUD
613425,2024-01-27T02:08:00,2024-01-27,302,15,Retail,PayPal,COUPON-A0-,17.77,AUD
613700,2024-01-27T19:48:49,2024-01-27,269,49,Online,Credit Card,COUPON-ZZ-,16.32,AUD
613748,2024-01-27T11:18:11,2024-01-27,577,1,Retail,PayPal,COUPON0--A,19.35,AUD
613856,2024-01-27T06:12:20,2024-01-27,564,14,Retail,Afterpay,COUPON-ZZ-,19.66,AUD
613948,2024-01-27T12:03:49,2024-01-27,174,28,Retail,PayPal,COUPONA-AA,16.65,AUD
613980,2024-01-27T09:57:45,2024-01-27,39,10,Retail,PayPal,COUPON----,15.74,AUD
614142,2024-01-27T04:47:54,2024-01-27,191,21,Online,Credit Card,COUPONA-90,7.23,AUD
614163,2024-01-27T05:15:22,2024-01-27,323,17,Retail,PayPal,COUPONZ9AZ,8.91,AUD
614187,2024-01-27T19:23:43,2024-01-27,448,44,Retail,Afterpay,COUPONA-90,11.61,AUD
614304,2024-01-27T03:47:55,2024-01-27,418,12,Online,Credit Card,COUPON9AZ9,1.12,AUD
614399,2024-01-27T16:26:35,2024-01-27,661,39,Retail,PayPal,COUPON9ZA-,3.99,AUD
614528,2024-01-27T03:18:39,2024-01-27,744,39,Retail,Credit Card,COUPONZ--A,14.69,AUD
614565,2024-01-27T17:56:15,2024-01-27,619,1,Online,Credit Card,COUPONZ99-,3.29,AUD
614581,2024-01-27T19:37:17,2024-01-27,377,14,Online,Credit Card,COUPONA0AA,3.98,AUD
614605,2024-01-27T15:40:17,2024-01-27,668,28,Online,Credit Card,COUPONAZ0Z,0.74,AUD
614741,2024-01-27T18:20:20,2024-01-27,24,25,Retail,Afterpay,COUPON0-00,18.37,AUD
614782,2024-01-27T23:54:49,2024-01-27,403,36,Retail,PayPal,COUPONZ09A,10.97,AUD
614835,2024-01-27T10:01:04,2024-01-27,36,34,Online,Afterpay,COUPONZ0AA,9.95,AUD
615155,2024-01-27T01:44:47,2024-01-27,694,1,Retail,PayPal,COUPON--A9,5.46,AUD
615176,2024-01-27T12:44:17,2024-01-27,605,6,Retail,Credit Card,COUPONZ-9-,11.94,AUD
615357,2024-01-27T08:34:27,2024-01-27,184,13,Online,Afterpay,COUPONAA-0,12.18,AUD
615387,2024-01-27T02:00:02,2024-01-27,762,32,Online,Credit Card,COUPONZZ-9,10.67,AUD
615681,2024-01-27T09:11:08,2024-01-27,482,45,Online,PayPal,COUPON09ZA,17.89,AUD
615846,2024-01-27T15:15:14,2024-01-27,436,26,Retail,Credit Card,COUPON--9-,5.24,AUD
615935,2024-01-27T19:40:46,2024-01-27,170,28,Online,Credit Card,COUPON-0-Z,5.14,AUD
615945,2024-01-27T19:47:08,2024-01-27,674,10,Retail,PayPal,COUPON-A-A,6.66,AUD
616085,2024-01-27T16:51:40,2024-01-27,725,22,Retail,PayPal,COUPONA--0,1.94,AUD
616088,2024-01-27T04:59:10,2024-01-27,570,10,Online,Afterpay,COUPONZ099,12.11,AUD
616093,2024-01-27T15:29:03,2024-01-27,502,26,Retail,Credit Card,COUPON-AAZ,15.42,AUD
616106,2024-01-27T16:54:34,2024-01-27,569,10,Online,PayPal,COUPON-A-0,15.41,AUD
616142,2024-01-27T13:32:57,2024-01-27,312,49,Online,Credit Card,COUPONAZZ-,10.65,AUD
616202,2024-01-27T02:28:26,2024-01-27,670,5,Retail,Credit Card,COUPONA0-0,1.81,AUD
616364,2024-01-27T20:07:21,2024-01-27,267,2,Retail,Afterpay,COUPON99Z-,9.04,AUD
616385,2024-01-27T00:03:41,2024-01-27,44,45,Retail,Credit Card,COUPONZ9Z-,16.84,AUD
616439,2024-01-27T23:16:09,2024-01-27,177,12,Retail,Credit Card,COUPON0A-9,4.12,AUD
616445,2024-01-27T10:49:15,2024-01-27,610,40,Retail,PayPal,COUPON-AZ9,14.94,AUD
616472,2024-01-27T16:37:48,2024-01-27,739,9,Online,Afterpay,COUPONZ9ZA,6.64,AUD
616503,2024-01-27T01:11:47,2024-01-27,45,15,Retail,PayPal,COUPON0Z9-,1.46,AUD
616518,2024-01-27T15:43:07,2024-01-27,203,23,Online,Credit Card,COUPONA0--,10.26,AUD
616774,2024-01-27T05:13:22,2024-01-27,663,26,Retail,Credit Card,COUPONA---,1.46,AUD
616845,2024-01-27T00:36:48,2024-01-27,228,20,Online,Afterpay,COUPON90-Z,12.69,AUD
616942,2024-01-27T22:00:01,2024-01-27,517,22,Retail,Afterpay,COUPON0A-9,14.01,AUD
617048,2024-01-27T08:51:56,2024-01-27,237,11,Retail,Afterpay,COUPONZZ9A,9.67,AUD
617174,2024-01-27T11:22:22,2024-01-27,333,24,Online,Afterpay,COUPONAA9-,5.84,AUD
617226,2024-01-27T08:05:54,2024-01-27,482,2,Online,PayPal,COUPONA0--,6.51,AUD
617482,2024-01-27T02:47:57,2024-01-27,154,19,Online,Credit Card,COUPONA990,11.67,AUD
617517,2024-01-27T10:50:17,2024-01-27,799,36,Online,PayPal,COUPONAAZ9,13.88,AUD
617569,2024-01-27T17:53:56,2024-01-27,209,15,Online,Credit Card,COUPON--00,18.39,AUD
617675,2024-01-27T15:25:24,2024-01-27,8,37,Retail,Credit Card,COUPONAZ-0,7.21,AUD
617757,2024-01-27T12:51:00,2024-01-27,200,5,Online,Afterpay,COUPONZ-0-,18.19,AUD
617818,2024-01-27T22:43:23,2024-01-27,218,21,Online,PayPal,COUPON09-9,13.91,AUD
617820,2024-01-27T16:31:34,2024-01-27,473,44,Retail,Afterpay,COUPON---9,11.76,AUD
618003,2024-01-27T08:15:35,2024-01-27,55,12,Online,Afterpay,COUPON-ZZZ,1.55,AUD
618055,2024-01-27T14:47:44,2024-01-27,762,4,Retail,PayPal,COUPON-090,18.74,AUD
618066,2024-01-27T04:27:23,2024-01-27,575,14,Online,Credit Card,COUPONZ---,10.31,AUD
618151,2024-01-27T05:18:44,2024-01-27,87,45,Retail,PayPal,COUPONZ--Z,11.37,AUD
618177,2024-01-27T05:05:32,2024-01-27,359,13,Online,PayPal,COUPON-A9-,14.92,AUD
618180,2024-01-27T06:06:29,2024-01-27,340,17,Retail,PayPal,COUPON9ZA9,12.82,AUD
618226,2024-01-27T08:20:58,2024-01-27,179,13,Online,Credit Card,COUPON-00-,16.48,AUD
618247,2024-01-27T04:37:10,2024-01-27,219,17,Online,Afterpay,COUPON-Z-0,2.33,AUD
618262,2024-01-27T03:57:37,2024-01-27,556,24,Retail,Credit Card,COUPONZ9Z-,7.64,AUD
618444,2024-01-27T04:32:46,2024-01-27,338,20,Retail,PayPal,COUPON--A-,9.47,AUD
618609,2024-01-27T11:03:18,2024-01-27,795,16,Retail,PayPal,COUPON---Z,1.33,AUD
618738,2024-01-27T13:29:19,2024-01-27,41,37,Online,PayPal,COUPON0Z-9,5.73,AUD
618751,2024-01-27T20:43:01,2024-01-27,205,28,Retail,PayPal,COUPON-9-A,4.24,AUD
618774,2024-01-27T22:38:24,2024-01-27,696,47,Online,Afterpay,COUPONAZ9-,19.67,AUD
618844,2024-01-27T07:12:20,2024-01-27,330,39,Online,Afterpay,COUPONZZA9,18.39,AUD
618932,2024-01-27T12:12:48,2024-01-27,765,18,Online,PayPal,COUPONA90A,13.72,AUD
618948,2024-01-27T00:33:07,2024-01-27,259,10,Retail,Afterpay,COUPON0-9-,0.97,AUD
618977,2024-01-27T13:51:24,2024-01-27,391,35,Online,Credit Card,COUPON-9-0,11.94,AUD
619022,2024-01-27T14:32:49,2024-01-27,509,22,Online,Afterpay,COUPONAZA0,6.44,AUD
619176,2024-01-27T07:43:01,2024-01-27,56,21,Online,PayPal,COUPONA---,19.02,AUD
619236,2024-01-27T07:14:21,2024-01-27,715,15,Retail,PayPal,COUPONA-Z0,0.71,AUD
619272,2024-01-27T16:44:30,2024-01-27,147,10,Online,Afterpay,COUPONA-AZ,3.83,AUD
619452,2024-01-27T22:21:04,2024-01-27,206,17,Online,PayPal,COUPON099Z,16.07,AUD
619496,2024-01-27T03:27:07,2024-01-27,62,1,Online,Afterpay,COUPONA0-9,11.58,AUD
619532,2024-01-27T12:00:11,2024-01-27,722,18,Retail,Afterpay,COUPON--A0,13.52,AUD
619724,2024-01-27T21:23:24,2024-01-27,508,13,Retail,PayPal,COUPON-9ZZ,5.66,AUD
619764,2024-01-27T23:04:07,2024-01-27,94,20,Retail,Afterpay,COUPONAA-0,9.47,AUD
619842,2024-01-27T03:33:41,2024-01-27,751,38,Retail,Credit Card,COUPON--9-,12.98,AUD
619852,2024-01-27T21:31:48,2024-01-27,111,24,Online,Credit Card,COUPONZ9Z0,13.82,AUD
619856,2024-01-27T02:39:37,2024-01-27,62,26,Retail,PayPal,COUPON-9-Z,14.33,AUD
619980,2024-01-27T12:28:05,2024-01-27,251,9,Online,Afterpay,COUPON-9-Z,3.36,AUD
620038,2024-01-27T08:12:46,2024-01-27,468,24,Online,Credit Card,COUPON99--,18.18,AUD
620186,2024-01-27T05:53:09,2024-01-27,53,16,Online,Afterpay,COUPON090-,17.99,AUD
620234,2024-01-27T03:09:14,2024-01-27,92,37,Online,Afterpay,COUPON-99-,4.43,AUD
620279,2024-01-27T11:53:14,2024-01-27,144,10,Online,Afterpay,COUPON-9-0,10.94,AUD
620319,2024-01-27T21:45:39,2024-01-27,171,17,Online,PayPal,COUPON-9A-,6.46,AUD
620542,2024-01-27T15:48:36,2024-01-27,70,43,Online,Credit Card,COUPONZA0A,8.73,AUD
620652,2024-01-27T17:46:00,2024-01-27,484,49,Online,Afterpay,COUPON---A,8.13,AUD
620826,2024-01-27T18:42:06,2024-01-27,297,11,Online,PayPal,COUPON-9AA,17.6,AUD
620883,2024-01-27T08:22:47,2024-01-27,693,26,Retail,PayPal,COUPONAZ--,16.24,AUD
620901,2024-01-27T03:46:17,2024-01-27,671,9,Retail,PayPal,COUPONA0-Z,17.38,AUD
620930,2024-01-27T02:10:40,2024-01-27,773,33,Retail,Afterpay,COUPON-AA-,10.57,AUD
621022,2024-01-27T02:32:48,2024-01-27,190,39,Online,PayPal,COUPON0-99,17.84,AUD
621043,2024-01-27T08:57:05,2024-01-27,112,38,Retail,Credit Card,COUPONZ09-,9.38,AUD
621193,2024-01-27T08:18:10,2024-01-27,598,22,Online,Afterpay,COUPON9--9,3.05,AUD
621396,2024-01-27T13:30:20,2024-01-27,31,49,Retail,Afterpay,COUPON-Z-0,16.76,AUD
622030,2024-01-27T06:17:36,2024-01-27,776,15,Online,PayPal,COUPON9A--,10.97,AUD
622055,2024-01-27T17:42:50,2024-01-27,540,1,Retail,Afterpay,COUPONZ0-9,3.58,AUD
622164,2024-01-27T09:30:17,2024-01-27,66,9,Retail,Afterpay,COUPON99-Z,15.51,AUD
622272,2024-01-27T03:29:32,2024-01-27,578,35,Online,PayPal,COUPON99-A,8.34,AUD
622286,2024-01-27T13:04:07,2024-01-27,644,29,Online,PayPal,COUPON-ZAZ,18.61,AUD
622355,2024-01-27T13:31:14,2024-01-27,725,28,Retail,Afterpay,COUPON9-AA,1.37,AUD
622410,2024-01-27T08:25:06,2024-01-27,177,48,Retail,PayPal,COUPONA-99,15.96,AUD
622425,2024-01-27T19:47:10,2024-01-27,391,43,Retail,Credit Card,COUPON909Z,12.38,AUD
622427,2024-01-27T20:40:26,2024-01-27,727,40,Retail,Afterpay,COUPON0ZA-,18.33,AUD
622443,2024-01-27T00:11:32,2024-01-27,284,10,Retail,Afterpay,COUPONA-A-,4.91,AUD
622523,2024-01-27T06:38:45,2024-01-27,516,16,Retail,PayPal,COUPON---0,7.37,AUD
622783,2024-01-27T11:33:09,2024-01-27,295,22,Retail,Credit Card,COUPON0A0Z,13.95,AUD
622792,2024-01-27T17:51:17,2024-01-27,337,8,Online,Credit Card,COUPON-0Z0,4.61,AUD
622833,2024-01-27T19:04:51,2024-01-27,615,35,Online,Credit Card,COUPON0Z--,9.11,AUD
622935,2024-01-27T09:49:56,2024-01-27,437,36,Retail,Afterpay,COUPONA099,14.32,AUD
623130,2024-01-27T22:20:22,2024-01-27,46,11,Retail,PayPal,COUPON9--A,1.53,AUD
623152,2024-01-27T06:51:18,2024-01-27,535,3,Retail,PayPal,COUPON990A,15.48,AUD
623273,2024-01-27T01:36:51,2024-01-27,425,27,Retail,PayPal,COUPON0-AA,9.3,AUD
623307,2024-01-27T12:40:25,2024-01-27,338,19,Retail,Credit Card,COUPON--9Z,6.15,AUD
623318,2024-01-27T22:33:13,2024-01-27,489,17,Online,PayPal,COUPONAZA-,2.25,AUD
623402,2024-01-27T00:48:19,2024-01-27,513,1,Online,Afterpay,COUPON0AZA,1.92,AUD
623445,2024-01-27T22:53:50,2024-01-27,130,9,Retail,Afterpay,COUPON0A0Z,15.5,AUD
623477,2024-01-27T08:33:07,2024-01-27,141,6,Retail,Credit Card,COUPON90-A,6.37,AUD
623489,2024-01-27T01:14:50,2024-01-27,328,17,Online,Afterpay,COUPON--ZZ,14.84,AUD
623506,2024-01-27T23:32:18,2024-01-27,86,1,Retail,Afterpay,COUPON0A--,16.33,AUD
623708,2024-01-27T09:32:52,2024-01-27,424,46,Online,PayPal,COUPON-AA0,4.61,AUD
623738,2024-01-27T19:07:00,2024-01-27,20,31,Retail,Credit Card,COUPON0-99,15.65,AUD
623746,2024-01-27T14:52:48,2024-01-27,18,15,Online,Afterpay,COUPON99A0,2.9,AUD
623749,2024-01-27T19:33:39,2024-01-27,120,24,Online,Credit Card,COUPON-0--,12.48,AUD
623869,2024-01-27T21:55:06,2024-01-27,108,20,Online,PayPal,COUPON9-00,16.15,AUD
623885,2024-01-27T14:51:42,2024-01-27,291,4,Online,PayPal,COUPONA00A,0.7,AUD
623918,2024-01-27T12:32:02,2024-01-27,92,21,Retail,Afterpay,COUPON--ZA,0.14,AUD
623945,2024-01-27T16:37:31,2024-01-27,325,49,Retail,Afterpay,COUPONZ-0-,11.99,AUD
624034,2024-01-27T17:00:55,2024-01-27,214,6,Online,Credit Card,COUPONZZ-0,18.73,AUD
624035,2024-01-27T09:04:11,2024-01-27,207,36,Retail,PayPal,COUPONA9ZZ,9.69,AUD
624057,2024-01-27T07:29:36,2024-01-27,289,11,Online,PayPal,COUPONAAZ0,19.05,AUD
624448,2024-01-27T05:52:33,2024-01-27,477,49,Retail,Afterpay,COUPON---0,6.96,AUD
624554,2024-01-27T20:45:00,2024-01-27,432,40,Retail,PayPal,COUPONZA--,16.18,AUD
624604,2024-01-27T02:16:27,2024-01-27,560,3,Online,Credit Card,COUPONZ-A0,12.34,AUD
624683,2024-01-27T07:10:49,2024-01-27,630,28,Online,PayPal,COUPON0-Z-,1.32,AUD
624685,2024-01-27T11:24:44,2024-01-27,53,24,Retail,Credit Card,COUPONZ-Z0,0.62,AUD
624785,2024-01-27T09:22:32,2024-01-27,89,26,Retail,Credit Card,COUPONA-00,0.48,AUD
624965,2024-01-27T05:41:25,2024-01-27,238,30,Retail,PayPal,COUPONZ090,17.14,AUD
624977,2024-01-27T03:27:25,2024-01-27,393,31,Retail,Afterpay,COUPON9--9,2.62,AUD
625156,2024-01-27T04:11:54,2024-01-27,125,27,Online,Credit Card,COUPON-09Z,19.03,AUD
625160,2024-01-27T03:28:16,2024-01-27,327,45,Online,PayPal,COUPON00Z-,10.66,AUD
625177,2024-01-27T15:45:40,2024-01-27,158,12,Retail,Credit Card,COUPONZ0A0,10.24,AUD
625262,2024-01-27T01:20:38,2024-01-27,435,46,Retail,PayPal,COUPON--Z-,3.15,AUD
625282,2024-01-27T02:58:37,2024-01-27,1,40,Retail,Afterpay,COUPONAAZ9,18.06,AUD
625330,2024-01-27T06:53:06,2024-01-27,640,15,Online,Afterpay,COUPONZ9A-,9.99,AUD
625489,2024-01-27T07:34:50,2024-01-27,207,25,Online,PayPal,COUPON09-Z,14.36,AUD
625815,2024-01-27T08:30:34,2024-01-27,394,14,Retail,Credit Card,COUPON9Z-9,14.49,AUD
625979,2024-01-27T07:13:18,2024-01-27,364,29,Online,Credit Card,COUPONZZ-Z,17.42,AUD
625995,2024-01-27T18:19:57,2024-01-27,96,37,Retail,Afterpay,COUPONZ-Z9,2.81,AUD
626015,2024-01-27T20:29:53,2024-01-27,108,12,Retail,Credit Card,COUPONA-A-,5.75,AUD
626016,2024-01-27T13:42:37,2024-01-27,102,44,Retail,PayPal,COUPON0-A0,4.74,AUD
626066,2024-01-27T17:12:34,2024-01-27,306,31,Online,Credit Card,COUPONAZ-9,1.48,AUD
626316,2024-01-27T21:20:27,2024-01-27,69,35,Retail,Afterpay,COUPON-A0-,15.49,AUD
626444,2024-01-27T05:54:58,2024-01-27,779,44,Retail,PayPal,COUPON-ZZ0,10.5,AUD
626549,2024-01-27T06:05:18,2024-01-27,317,39,Retail,Credit Card,COUPON-9Z-,17.08,AUD
626570,2024-01-27T23:39:54,2024-01-27,676,8,Online,Afterpay,COUPON9A9-,10.09,AUD
626802,2024-01-27T20:32:54,2024-01-27,71,35,Online,Afterpay,COUPONZ---,7.45,AUD
626839,2024-01-27T12:13:34,2024-01-27,415,40,Retail,Afterpay,COUPONZ--A,5.21,AUD
626842,2024-01-27T20:03:27,2024-01-27,635,18,Online,Afterpay,COUPONZ-Z-,10.08,AUD
626976,2024-01-27T08:40:32,2024-01-27,81,33,Retail,Afterpay,COUPON9-Z-,4.7,AUD
627069,2024-01-27T05:38:51,2024-01-27,6,44,Retail,PayPal,COUPON-9-Z,3.59,AUD
627073,2024-01-27T16:08:01,2024-01-27,71,29,Retail,Afterpay,COUPON--9A,0.06,AUD
627082,2024-01-27T00:27:46,2024-01-27,94,2,Online,PayPal,COUPON9--0,5.28,AUD
627232,2024-01-27T12:06:19,2024-01-27,492,10,Online,Credit Card,COUPONZ9AA,1.32,AUD
627267,2024-01-27T00:06:14,2024-01-27,47,7,Retail,Afterpay,COUPON90--,15.58,AUD
627607,2024-01-27T09:53:44,2024-01-27,410,40,Retail,Credit Card,COUPON-ZAA,1.01,AUD
627679,2024-01-27T07:01:18,2024-01-27,200,12,Retail,PayPal,COUPONAA0Z,3.89,AUD
627759,2024-01-27T12:40:50,2024-01-27,281,40,Online,PayPal,COUPON---9,15.03,AUD
627904,2024-01-27T16:28:44,2024-01-27,759,12,Online,Afterpay,COUPON--9-,12.11,AUD
628051,2024-01-27T17:12:17,2024-01-27,668,49,Retail,Afterpay,COUPON-0-0,11.7,AUD
628226,2024-01-27T22:52:51,2024-01-27,78,42,Online,Credit Card,COUPON9A0-,2.91,AUD
628232,2024-01-27T15:51:04,2024-01-27,199,5,Online,Afterpay,COUPON0909,1.2,AUD
628242,2024-01-27T18:04:24,2024-01-27,377,48,Retail,Afterpay,COUPON-9--,12.51,AUD
628267,2024-01-27T23:14:59,2024-01-27,330,45,Retail,Credit Card,COUPON0--9,2.64,AUD
628284,2024-01-27T11:27:01,2024-01-27,734,5,Retail,Credit Card,COUPON0--0,19.62,AUD
628771,2024-01-27T14:34:28,2024-01-27,733,6,Retail,Credit Card,COUPON09A0,13.88,AUD
628782,2024-01-27T19:53:49,2024-01-27,115,22,Retail,Credit Card,COUPON009Z,11.83,AUD
628892,2024-01-27T15:11:25,2024-01-27,739,1,Online,Afterpay,COUPON-009,16.05,AUD
628972,2024-01-27T23:17:56,2024-01-27,352,34,Online,PayPal,COUPON9-A0,16.25,AUD
629145,2024-01-27T10:09:43,2024-01-27,615,31,Online,PayPal,COUPON-0Z0,19.97,AUD
629336,2024-01-27T21:35:37,2024-01-27,316,34,Retail,PayPal,COUPON000A,3.53,AUD
629475,2024-01-27T21:40:01,2024-01-27,137,17,Retail,PayPal,COUPON--Z-,12.06,AUD
629678,2024-01-27T12:02:34,2024-01-27,311,21,Online,Credit Card,COUPONZZ--,12.53,AUD
629691,2024-01-27T11:07:45,2024-01-27,624,18,Online,PayPal,COUPONAZ9-,6.78,AUD
629810,2024-01-27T15:44:03,2024-01-27,605,2,Retail,PayPal,COUPON--Z-,7.01,AUD
629925,2024-01-27T17:23:52,2024-01-27,330,45,Online,Credit Card,COUPON0AZZ,6.96,AUD
630019,2024-01-27T23:43:23,2024-01-27,198,35,Retail,Afterpay,COUPON-909,12.61,AUD
630038,2024-01-27T09:56:52,2024-01-27,469,21,Retail,Credit Card,COUPON-A0Z,0.91,AUD
630188,2024-01-27T16:20:36,2024-01-27,562,13,Retail,PayPal,COUPON9-Z-,5.36,AUD
630416,2024-01-27T10:30:38,2024-01-27,376,18,Retail,PayPal,COUPON-Z--,8.13,AUD
630581,2024-01-27T00:30:43,2024-01-27,661,29,Retail,PayPal,COUPONAZ09,16.71,AUD
630664,2024-01-27T23:34:49,2024-01-27,234,28,Retail,Credit Card,COUPON-ZZ-,9.21,AUD
630699,2024-01-27T14:00:37,2024-01-27,393,21,Online,Credit Card,COUPON9-A-,11.97,AUD
630701,2024-01-27T11:02:21,2024-01-27,650,20,Retail,Afterpay,COUPON---Z,15.27,AUD
630731,2024-01-27T22:48:17,2024-01-27,93,29,Online,Credit Card,COUPON0-Z-,15.79,AUD
630766,2024-01-27T09:14:33,2024-01-27,607,36,Retail,Credit Card,COUPON0ZA9,5.71,AUD
630964,2024-01-27T01:45:29,2024-01-27,582,30,Online,Afterpay,COUPON9---,13.4,AUD
631099,2024-01-27T07:22:29,2024-01-27,636,44,Online,PayPal,COUPONA0--,2.58,AUD
631339,2024-01-27T08:04:25,2024-01-27,756,31,Online,Afterpay,COUPON00-0,13.12,AUD
631357,2024-01-27T20:49:43,2024-01-27,141,26,Online,Credit Card,COUPON0-0-,15.14,AUD
631465,2024-01-27T14:01:13,2024-01-27,188,7,Online,PayPal,COUPONZZ0A,17.16,AUD
631576,2024-01-27T19:07:45,2024-01-27,100,13,Retail,Afterpay,COUPON0-9A,2.29,AUD
631641,2024-01-27T04:48:13,2024-01-27,10,10,Retail,Credit Card,COUPON0ZZA,12.5,AUD
631644,2024-01-27T22:46:28,2024-01-27,493,42,Retail,Credit Card,COUPON9ZZ-,5.03,AUD
631739,2024-01-27T17:47:31,2024-01-27,650,19,Online,Credit Card,COUPONA00Z,13.85,AUD
631833,2024-01-27T13:02:54,2024-01-27,535,37,Online,PayPal,COUPON9---,3.13,AUD
631875,2024-01-27T00:54:32,2024-01-27,692,36,Online,Afterpay,COUPON-0A0,5.47,AUD
631881,2024-01-27T07:07:11,2024-01-27,516,44,Online,Afterpay,COUPONZ099,3.32,AUD
631920,2024-01-27T06:50:35,2024-01-27,156,7,Online,Afterpay,COUPON-Z--,15.79,AUD
632193,2024-01-27T06:49:00,2024-01-27,614,4,Retail,Credit Card,COUPONA-09,1.49,AUD
632265,2024-01-27T06:30:08,2024-01-27,519,8,Online,Credit Card,COUPON--Z0,8.28,AUD
632289,2024-01-27T00:00:46,2024-01-27,573,18,Retail,Afterpay,COUPONZA9-,19.3,AUD
632307,2024-01-27T04:30:50,2024-01-27,132,46,Online,Afterpay,COUPONZ9--,14.86,AUD
632380,2024-01-27T18:42:26,2024-01-27,371,32,Online,Afterpay,COUPONZZZZ,17.2,AUD
632388,2024-01-27T11:15:39,2024-01-27,73,32,Online,PayPal,COUPONZ90-,2.81,AUD
632423,2024-01-27T09:54:32,2024-01-27,418,9,Retail,PayPal,COUPONZ---,10.15,AUD
632520,2024-01-27T13:47:08,2024-01-27,554,13,Retail,Afterpay,COUPON---A,17.05,AUD
632615,2024-01-27T10:20:16,2024-01-27,104,13,Online,PayPal,COUPON-0--,5.97,AUD
632723,2024-01-27T05:26:20,2024-01-27,101,2,Retail,PayPal,COUPON9-ZA,4.54,AUD
632745,2024-01-27T00:00:25,2024-01-27,439,9,Retail,PayPal,COUPON0Z-A,13.26,AUD
632806,2024-01-27T06:04:35,2024-01-27,432,38,Retail,PayPal,COUPON-9-A,17.91,AUD
632867,2024-01-27T15:57:27,2024-01-27,796,46,Retail,Afterpay,COUPONZZZ9,14.54,AUD
632888,2024-01-27T12:58:45,2024-01-27,373,10,Online,PayPal,COUPON0-AZ,5.18,AUD
633202,2024-01-27T20:40:03,2024-01-27,153,13,Online,Credit Card,COUPON-9AZ,16.96,AUD
633255,2024-01-27T22:53:04,2024-01-27,30,33,Online,Afterpay,COUPON9AZA,10.51,AUD
633339,2024-01-27T06:10:34,2024-01-27,11,46,Online,Afterpay,COUPON-Z0A,7.09,AUD
633411,2024-01-27T04:37:03,2024-01-27,38,10,Retail,PayPal,COUPONZA--,2.56,AUD
633490,2024-01-27T14:32:15,2024-01-27,1,48,Online,Afterpay,COUPON9Z-Z,2.83,AUD
633580,2024-01-27T12:05:31,2024-01-27,518,26,Online,Credit Card,COUPON09ZZ,6.37,AUD
633581,2024-01-27T19:03:17,2024-01-27,554,36,Retail,PayPal,COUPONZZ-9,11.32,AUD
633643,2024-01-27T04:12:06,2024-01-27,699,15,Online,Afterpay,COUPONZ-A9,9.35,AUD
633835,2024-01-27T01:53:21,2024-01-27,743,37,Online,Credit Card,COUPONAZ00,12.05,AUD
633948,2024-01-27T01:18:14,2024-01-27,31,25,Online,Afterpay,COUPON9Z-0,10.0,AUD
634113,2024-01-27T23:52:12,2024-01-27,684,14,Online,PayPal,COUPON0A9A,13.15,AUD
634395,2024-01-27T09:32:08,2024-01-27,739,38,Retail,Credit Card,COUPON-A-A,5.31,AUD
634496,2024-01-27T04:17:24,2024-01-27,623,5,Online,Credit Card,COUPON-Z9-,1.23,AUD
634767,2024-01-27T17:08:45,2024-01-27,323,41,Online,PayPal,COUPON9A0Z,1.99,AUD
634970,2024-01-27T16:40:10,2024-01-27,728,16,Retail,Credit Card,COUPONAZ-9,14.36,AUD
634981,2024-01-27T07:15:51,2024-01-27,84,25,Online,PayPal,COUPONA9Z0,13.12,AUD
635233,2024-01-27T00:49:16,2024-01-27,25,44,Retail,Afterpay,COUPON-99A,14.55,AUD
635365,2024-01-27T08:27:46,2024-01-27,241,15,Retail,Credit Card,COUPONZ9ZA,15.3,AUD
635578,2024-01-27T15:24:58,2024-01-27,618,40,Retail,PayPal,COUPONZA9A,12.96,AUD
635631,2024-01-27T19:58:16,2024-01-27,525,13,Retail,Credit Card,COUPONA0A0,0.92,AUD
635657,2024-01-27T16:38:55,2024-01-27,707,12,Retail,PayPal,COUPON-09-,9.53,AUD
635834,2024-01-27T12:52:16,2024-01-27,328,45,Online,Credit Card,COUPON-0AZ,2.87,AUD
635951,2024-01-27T14:25:41,2024-01-27,142,46,Online,PayPal,COUPONA090,18.65,AUD
635952,2024-01-27T23:09:48,2024-01-27,514,25,Online,Afterpay,COUPONAZZA,16.21,AUD
635962,2024-01-27T21:31:12,2024-01-27,266,44,Retail,PayPal,COUPON0-9-,0.79,AUD
636439,2024-01-27T07:15:54,2024-01-27,455,10,Online,Credit Card,COUPON0Z-0,9.98,AUD
636614,2024-01-27T06:00:28,2024-01-27,13,13,Online,PayPal,COUPONA90-,3.33,AUD
636818,2024-01-27T17:47:22,2024-01-27,795,17,Retail,PayPal,COUPON-0-0,9.63,AUD
636824,2024-01-27T09:39:17,2024-01-27,389,31,Online,Credit Card,COUPONZ-9-,19.63,AUD
636832,2024-01-27T14:19:34,2024-01-27,298,44,Retail,Credit Card,COUPON-0--,8.34,AUD
636891,2024-01-27T07:16:19,2024-01-27,610,26,Online,PayPal,COUPONZZZ9,0.56,AUD
637029,2024-01-27T06:49:46,2024-01-27,514,37,Retail,Credit Card,COUPONZ009,12.9,AUD
637090,2024-01-27T19:55:42,2024-01-27,309,18,Online,PayPal,COUPON00ZA,15.01,AUD
637096,2024-01-27T04:33:17,2024-01-27,14,26,Retail,Afterpay,COUPON-A-Z,8.05,AUD
637154,2024-01-27T02:40:09,2024-01-27,311,4,Retail,PayPal,COUPON090-,19.87,AUD
637157,2024-01-27T23:31:17,2024-01-27,52,21,Online,Afterpay,COUPONZAZA,10.91,AUD
637385,2024-01-27T09:33:51,2024-01-27,200,6,Online,PayPal,COUPON-A-A,1.61,AUD
637515,2024-01-27T13:56:40,2024-01-27,449,44,Retail,Afterpay,COUPONAZA-,0.66,AUD
637519,2024-01-27T09:28:49,2024-01-27,339,13,Retail,Credit Card,COUPON0ZA0,12.05,AUD
637604,2024-01-27T13:51:53,2024-01-27,668,49,Retail,Credit Card,COUPON0-ZZ,16.16,AUD
637623,2024-01-27T18:13:19,2024-01-27,42,17,Retail,Credit Card,COUPONZ--9,11.59,AUD
637692,2024-01-27T17:30:16,2024-01-27,196,16,Retail,Afterpay,COUPON0-Z-,3.9,AUD
637802,2024-01-27T20:48:09,2024-01-27,34,17,Online,Credit Card,COUPONA09Z,1.81,AUD
637809,2024-01-27T11:09:38,2024-01-27,194,39,Online,PayPal,COUPONZ9Z0,10.84,AUD
637825,2024-01-27T17:11:58,2024-01-27,291,8,Retail,Credit Card,COUPON9-ZZ,14.42,AUD
637831,2024-01-27T01:37:44,2024-01-27,699,10,Online,Afterpay,COUPONZ-00,8.27,AUD
637922,2024-01-27T13:29:34,2024-01-27,656,20,Online,PayPal,COUPONZAZ0,6.74,AUD
638073,2024-01-27T05:09:32,2024-01-27,263,49,Online,PayPal,COUPON0A-A,16.07,AUD
638099,2024-01-27T23:01:58,2024-01-27,449,13,Retail,PayPal,COUPON9A-0,16.16,AUD
638340,2024-01-27T06:48:17,2024-01-27,95,5,Online,Credit Card,COUPONAAA-,19.48,AUD
638395,2024-01-27T13:05:25,2024-01-27,538,22,Retail,Credit Card,COUPON-090,19.95,AUD
638417,2024-01-27T22:22:20,2024-01-27,591,38,Retail,Afterpay,COUPON-AA-,11.45,AUD
638547,2024-01-27T07:26:53,2024-01-27,758,17,Online,Credit Card,COUPON9--Z,1.72,AUD
638720,2024-01-27T20:21:52,2024-01-27,549,22,Online,Credit Card,COUPON0-90,3.87,AUD
638750,2024-01-27T11:01:34,2024-01-27,264,30,Online,Credit Card,COUPON9Z-0,3.7,AUD
638878,2024-01-27T19:39:07,2024-01-27,467,43,Online,PayPal,COUPON-A-0,6.08,AUD
639012,2024-01-27T17:20:46,2024-01-27,239,16,Retail,PayPal,COUPONA-ZZ,0.06,AUD
639029,2024-01-27T13:38:04,2024-01-27,430,45,Online,Afterpay,COUPON--9-,13.82,AUD
639060,2024-01-27T07:02:16,2024-01-27,92,21,Online,Credit Card,COUPON90-9,15.95,AUD
639238,2024-01-27T13:23:02,2024-01-27,519,36,Retail,Afterpay,COUPON-ZZ0,12.89,AUD
639341,2024-01-27T23:25:58,2024-01-27,112,18,Online,Afterpay,COUPON--ZA,1.53,AUD
639372,2024-01-27T04:48:13,2024-01-27,317,42,Retail,PayPal,COUPON--00,2.77,AUD
639480,2024-01-27T18:43:51,2024-01-27,587,40,Online,PayPal,COUPON9--9,1.79,AUD
639521,2024-01-27T20:53:42,2024-01-27,423,19,Retail,Afterpay,COUPON90A-,17.2,AUD
639799,2024-01-27T03:50:59,2024-01-27,763,31,Online,Credit Card,COUPON--9A,16.16,AUD
639944,2024-01-27T05:12:05,2024-01-27,694,48,Retail,Credit Card,COUPON0-9-,1.3,AUD
640009,2024-01-27T04:12:39,2024-01-27,226,5,Retail,Afterpay,COUPONZ90-,8.62,AUD
640016,2024-01-27T09:58:32,2024-01-27,775,9,Retail,Afterpay,COUPON9Z90,8.57,AUD
640080,2024-01-27T04:06:36,2024-01-27,433,46,Retail,Credit Card,COUPON-9AA,19.8,AUD
640130,2024-01-27T01:31:05,2024-01-27,66,45,Online,Afterpay,COUPON00-Z,5.89,AUD
640204,2024-01-27T22:08:11,2024-01-27,365,13,Retail,Credit Card,COUPON-0ZA,13.79,AUD
640298,2024-01-27T09:37:24,2024-01-27,524,26,Online,Afterpay,COUPON--A-,7.37,AUD
640337,2024-01-27T18:06:06,2024-01-27,67,20,Retail,Afterpay,COUPON00Z0,8.75,AUD
640483,2024-01-27T04:40:53,2024-01-27,146,16,Online,Afterpay,COUPONZ-9A,14.31,AUD
640550,2024-01-27T22:46:42,2024-01-27,584,21,Online,PayPal,COUPON99Z-,6.03,AUD
640717,2024-01-27T10:16:52,2024-01-27,130,31,Online,Credit Card,COUPON-ZZ-,14.47,AUD
640767,2024-01-27T00:32:22,2024-01-27,437,7,Online,PayPal,COUPON---A,19.99,AUD
640804,2024-01-27T08:31:00,2024-01-27,646,6,Online,Credit Card,COUPONA-Z0,14.7,AUD
640841,2024-01-27T13:32:03,2024-01-27,207,45,Online,Credit Card,COUPONZ-00,1.96,AUD
640882,2024-01-27T07:21:22,2024-01-27,60,41,Online,Credit Card,COUPON0-AA,9.58,AUD
640942,2024-01-27T19:26:16,2024-01-27,54,16,Retail,Credit Card,COUPON-A--,11.14,AUD
640994,2024-01-27T04:41:17,2024-01-27,366,11,Online,PayPal,COUPON9-ZA,16.44,AUD
641054,2024-01-27T09:42:14,2024-01-27,56,37,Retail,Credit Card,COUPON09Z-,9.63,AUD
641068,2024-01-27T06:23:21,2024-01-27,508,42,Online,PayPal,COUPONZ--0,9.08,AUD
641153,2024-01-27T18:37:02,2024-01-27,158,38,Retail,PayPal,COUPON9Z--,2.54,AUD
641161,2024-01-27T18:27:51,2024-01-27,671,24,Retail,Credit Card,COUPON0-09,18.59,AUD
641178,2024-01-27T04:09:25,2024-01-27,576,13,Retail,PayPal,COUPON-9--,3.86,AUD
641196,2024-01-27T17:33:08,2024-01-27,116,30,Retail,PayPal,COUPON0-ZA,5.83,AUD
641497,2024-01-27T15:37:15,2024-01-27,206,38,Retail,Afterpay,COUPON-9-0,10.76,AUD
641635,2024-01-27T22:00:41,2024-01-27,546,24,Retail,Credit Card,COUPON-9-Z,9.6,AUD
641695,2024-01-27T06:56:48,2024-01-27,17,23,Online,Afterpay,COUPON--AZ,4.55,AUD
641831,2024-01-27T18:13:16,2024-01-27,545,18,Online,Credit Card,COUPON---9,7.09,AUD
641858,2024-01-27T11:00:03,2024-01-27,545,45,Retail,PayPal,COUPON-9ZA,16.71,AUD
642051,2024-01-27T10:31:01,2024-01-27,339,43,Online,Afterpay,COUPON09-Z,15.72,AUD
642083,2024-01-27T09:36:14,2024-01-27,547,25,Online,Credit Card,COUPONA9-A,17.15,AUD
642129,2024-01-27T05:09:32,2024-01-27,160,30,Online,Credit Card,COUPON9ZA0,13.54,AUD
642289,2024-01-27T19:43:47,2024-01-27,157,23,Online,Afterpay,COUPON9AZ-,10.75,AUD
642311,2024-01-27T00:35:46,2024-01-27,663,49,Retail,Afterpay,COUPONA9ZA,2.06,AUD
642389,2024-01-27T12:33:13,2024-01-27,424,15,Online,Afterpay,COUPON-ZZA,14.03,AUD
642450,2024-01-27T04:55:22,2024-01-27,180,11,Retail,PayPal,COUPONZ9Z9,14.82,AUD
642477,2024-01-27T02:40:46,2024-01-27,794,9,Online,Afterpay,COUPONA-AA,0.24,AUD
642527,2024-01-27T10:31:35,2024-01-27,793,36,Online,Credit Card,COUPON0-0Z,17.81,AUD
642621,2024-01-27T10:54:22,2024-01-27,482,36,Retail,PayPal,COUPON9---,9.84,AUD
642655,2024-01-27T03:42:11,2024-01-27,780,33,Online,Afterpay,COUPON-9--,17.61,AUD
642662,2024-01-27T18:52:02,2024-01-27,318,46,Online,PayPal,COUPONA9--,9.8,AUD
642796,2024-01-27T17:31:25,2024-01-27,778,20,Online,Afterpay,COUPON90Z-,8.02,AUD
642809,2024-01-27T10:11:43,2024-01-27,102,3,Online,Afterpay,COUPON9A9Z,17.82,AUD
642847,2024-01-27T05:44:13,2024-01-27,187,10,Online,Credit Card,COUPONZ99Z,16.72,AUD
642905,2024-01-27T23:14:59,2024-01-27,75,3,Retail,PayPal,COUPONZ00A,6.38,AUD
642918,2024-01-27T15:40:26,2024-01-27,579,13,Retail,Afterpay,COUPONA-A9,19.11,AUD
643143,2024-01-27T14:42:09,2024-01-27,359,44,Online,Afterpay,COUPON-A--,2.49,AUD
643185,2024-01-27T13:31:29,2024-01-27,379,48,Online,Credit Card,COUPON09A9,1.94,AUD
643250,2024-01-27T06:23:39,2024-01-27,320,29,Online,PayPal,COUPON-9ZZ,6.38,AUD
643327,2024-01-27T04:35:03,2024-01-27,799,18,Online,Credit Card,COUPONZ9Z9,1.2,AUD
643336,2024-01-27T14:47:22,2024-01-27,538,41,Retail,Credit Card,COUPON--9-,7.92,AUD
643536,2024-01-27T16:47:54,2024-01-27,168,30,Online,PayPal,COUPON--Z-,6.67,AUD
643568,2024-01-27T12:34:18,2024-01-27,464,48,Retail,Afterpay,COUPON9Z-Z,13.24,AUD
643664,2024-01-27T06:43:45,2024-01-27,83,26,Online,Afterpay,COUPONA---,3.42,AUD
643948,2024-01-27T05:17:22,2024-01-27,21,36,Online,Afterpay,COUPON9Z--,1.72,AUD
643968,2024-01-27T00:40:05,2024-01-27,243,15,Retail,Credit Card,COUPON-Z--,2.06,AUD
644180,2024-01-27T03:54:18,2024-01-27,138,35,Retail,PayPal,COUPON-9A-,8.92,AUD
644211,2024-01-27T07:50:16,2024-01-27,446,19,Online,Afterpay,COUPONZ0-A,5.78,AUD
644371,2024-01-27T06:20:16,2024-01-27,191,47,Retail,Afterpay,COUPON9-Z0,6.78,AUD
644488,2024-01-27T04:31:45,2024-01-27,563,39,Retail,PayPal,COUPONZAZ-,17.36,AUD
644632,2024-01-27T01:29:39,2024-01-27,184,9,Online,Afterpay,COUPONA--0,3.13,AUD
644646,2024-01-27T03:07:28,2024-01-27,481,45,Retail,PayPal,COUPONZ9ZA,17.09,AUD
645129,2024-01-27T09:51:54,2024-01-27,246,29,Online,Afterpay,COUPONZ99-,19.1,AUD
645216,2024-01-27T21:41:47,2024-01-27,59,18,Online,PayPal,COUPON-0--,15.83,AUD
645333,2024-01-27T17:04:21,2024-01-27,684,20,Online,Credit Card,COUPON9--9,18.12,AUD
645401,2024-01-27T02:32:57,2024-01-27,5,29,Online,PayPal,COUPONA99-,10.94,AUD
645476,2024-01-27T10:47:31,2024-01-27,451,24,Retail,Credit Card,COUPONA9--,1.35,AUD
645528,2024-01-27T14:26:06,2024-01-27,369,48,Retail,Credit Card,COUPONZ0--,13.14,AUD
645540,2024-01-27T13:42:14,2024-01-27,633,34,Online,Credit Card,COUPON9-0-,7.73,AUD
645644,2024-01-27T09:03:50,2024-01-27,726,46,Online,Credit Card,COUPONZA0-,8.61,AUD
645675,2024-01-27T07:45:29,2024-01-27,412,35,Retail,Credit Card,COUPON00A-,10.04,AUD
645694,2024-01-27T09:53:20,2024-01-27,122,42,Online,PayPal,COUPON9Z0Z,7.68,AUD
645718,2024-01-27T09:13:26,2024-01-27,25,2,Retail,PayPal,COUPON00A-,11.53,AUD
645734,2024-01-27T16:01:13,2024-01-27,745,32,Online,PayPal,COUPONZA09,5.59,AUD
645790,2024-01-27T09:56:09,2024-01-27,358,42,Online,PayPal,COUPONZZ90,4.72,AUD
645799,2024-01-27T01:17:52,2024-01-27,415,7,Online,Credit Card,COUPON9---,14.29,AUD
645900,2024-01-27T10:11:51,2024-01-27,558,10,Online,Credit Card,COUPONA0-0,4.5,AUD
645919,2024-01-27T04:08:44,2024-01-27,455,20,Online,PayPal,COUPON---0,11.53,AUD
645941,2024-01-27T17:13:07,2024-01-27,307,28,Retail,Afterpay,COUPON-Z9A,15.74,AUD
646006,2024-01-27T06:43:03,2024-01-27,195,35,Retail,Credit Card,COUPON-ZZ-,5.61,AUD
646017,2024-01-27T17:05:14,2024-01-27,413,25,Retail,Credit Card,COUPONZZ--,0.36,AUD
646345,2024-01-27T16:34:06,2024-01-27,291,17,Retail,PayPal,COUPON--9A,3.12,AUD
646393,2024-01-27T03:15:56,2024-01-27,673,12,Retail,Credit Card,COUPON---Z,16.05,AUD
646788,2024-01-27T19:14:37,2024-01-27,32,17,Online,Credit Card,COUPON-AA9,19.99,AUD
646804,2024-01-27T08:04:44,2024-01-27,353,42,Retail,Credit Card,COUPON9-00,3.92,AUD
646841,2024-01-27T15:35:58,2024-01-27,407,15,Online,Afterpay,COUPON--0-,17.17,AUD
646919,2024-01-27T18:59:48,2024-01-27,189,10,Retail,Afterpay,COUPONZ-A0,4.24,AUD
646939,2024-01-27T13:16:59,2024-01-27,621,21,Retail,Credit Card,COUPON-09A,2.59,AUD
647025,2024-01-27T16:41:46,2024-01-27,269,40,Online,Credit Card,COUPON-9-A,12.05,AUD
647070,2024-01-27T13:42:21,2024-01-27,449,24,Retail,PayPal,COUPON9ZA-,9.78,AUD
647096,2024-01-27T04:00:17,2024-01-27,395,38,Retail,Afterpay,COUPON0Z9A,9.66,AUD
647127,2024-01-27T02:56:49,2024-01-27,117,15,Online,Afterpay,COUPON0-0A,9.23,AUD
647320,2024-01-27T00:38:40,2024-01-27,568,18,Online,Afterpay,COUPONA9AA,6.11,AUD
647373,2024-01-27T23:36:13,2024-01-27,4,35,Retail,Credit Card,COUPON-A-A,17.43,AUD
647440,2024-01-27T11:03:59,2024-01-27,494,19,Retail,PayPal,COUPON-Z--,14.27,AUD
647588,2024-01-27T22:33:00,2024-01-27,407,22,Retail,PayPal,COUPON9AA-,8.46,AUD
647596,2024-01-27T08:51:00,2024-01-27,308,46,Online,Credit Card,COUPON---Z,13.9,AUD
647756,2024-01-27T11:31:28,2024-01-27,646,15,Retail,PayPal,COUPONA0Z0,5.29,AUD
647817,2024-01-27T23:15:42,2024-01-27,704,46,Retail,Afterpay,COUPON----,0.21,AUD
647883,2024-01-27T13:06:23,2024-01-27,400,42,Retail,Afterpay,COUPON-A9-,8.16,AUD
648041,2024-01-27T07:10:09,2024-01-27,410,22,Retail,Credit Card,COUPONA9-9,10.21,AUD
648209,2024-01-27T09:28:41,2024-01-27,629,25,Retail,Afterpay,COUPON--A0,15.65,AUD
648324,2024-01-27T03:22:11,2024-01-27,682,8,Online,PayPal,COUPON-A0-,7.44,AUD
648388,2024-01-27T15:39:57,2024-01-27,787,48,Retail,Credit Card,COUPON-99Z,11.8,AUD
648396,2024-01-27T12:05:55,2024-01-27,334,13,Online,PayPal,COUPON-A0-,18.21,AUD
648577,2024-01-27T14:18:20,2024-01-27,478,42,Online,PayPal,COUPON----,7.1,AUD
648579,2024-01-27T05:23:31,2024-01-27,310,20,Online,PayPal,COUPON-AA9,0.35,AUD
648632,2024-01-27T04:25:03,2024-01-27,6,5,Online,PayPal,COUPONZ---,17.19,AUD
648657,2024-01-27T09:07:39,2024-01-27,113,20,Online,Credit Card,COUPONZ-A9,3.01,AUD
648702,2024-01-27T13:55:14,2024-01-27,312,32,Online,PayPal,COUPONZ-9-,12.02,AUD
648706,2024-01-27T09:55:47,2024-01-27,644,44,Retail,Credit Card,COUPON0---,6.82,AUD
648715,2024-01-27T20:00:16,2024-01-27,146,2,Online,PayPal,COUPON-A-9,17.07,AUD
648745,2024-01-27T02:08:04,2024-01-27,410,47,Online,Credit Card,COUPON-ZZ9,12.83,AUD
648750,2024-01-27T21:51:44,2024-01-27,676,45,Online,PayPal,COUPON99Z9,15.72,AUD
648762,2024-01-27T01:37:06,2024-01-27,402,1,Online,Afterpay,COUPON-9A-,13.43,AUD
648829,2024-01-27T06:24:57,2024-01-27,273,16,Retail,PayPal,COUPONZA--,12.03,AUD
648830,2024-01-27T01:24:30,2024-01-27,634,47,Online,Afterpay,COUPONZ0Z0,19.49,AUD
648852,2024-01-27T17:21:37,2024-01-27,541,5,Online,Afterpay,COUPON--A-,8.05,AUD
648985,2024-01-27T11:48:07,2024-01-27,137,19,Online,PayPal,COUPON-ZZ-,19.1,AUD
649310,2024-01-27T08:32:44,2024-01-27,756,24,Retail,Afterpay,COUPONZAZA,4.64,AUD
649420,2024-01-27T20:43:48,2024-01-27,383,38,Online,Afterpay,COUPONA90-,2.34,AUD
649479,2024-01-27T01:25:48,2024-01-27,639,5,Online,Afterpay,COUPON--9A,17.08,AUD
649480,2024-01-27T22:11:30,2024-01-27,565,27,Retail,PayPal,COUPON9-0A,5.06,AUD
649492,2024-01-27T06:47:38,2024-01-27,511,45,Online,Credit Card,COUPONZ--A,7.41,AUD
649614,2024-01-27T04:44:33,2024-01-27,674,38,Online,PayPal,COUPON9000,6.09,AUD
649670,2024-01-27T23:45:46,2024-01-27,555,13,Retail,Credit Card,COUPONZZ-9,6.9,AUD
649805,2024-01-27T07:35:28,2024-01-27,270,28,Retail,Credit Card,COUPONZ9--,0.33,AUD
649930,2024-01-27T09:58:18,2024-01-27,13,38,Online,Afterpay,COUPON-Z-Z,8.42,AUD
650322,2024-01-27T08:07:43,2024-01-27,642,48,Online,Credit Card,COUPON99-Z,5.21,AUD
650526,2024-01-27T12:19:20,2024-01-27,736,6,Retail,Credit Card,COUPONZ-A9,1.73,AUD
650543,2024-01-27T00:28:39,2024-01-27,118,20,Online,Credit Card,COUPON099-,0.73,AUD
650796,2024-01-27T21:52:54,2024-01-27,80,30,Online,Credit Card,COUPON----,17.04,AUD
650812,2024-01-27T15:46:54,2024-01-27,594,29,Retail,Afterpay,COUPON9A-9,2.68,AUD
650870,2024-01-27T04:21:30,2024-01-27,583,5,Retail,PayPal,COUPON-Z00,19.17,AUD
650943,2024-01-27T23:32:26,2024-01-27,650,40,Retail,PayPal,COUPONAAZZ,10.35,AUD
650982,2024-01-27T10:24:58,2024-01-27,742,22,Retail,Afterpay,COUPON-Z-9,19.62,AUD
651162,2024-01-27T08:53:01,2024-01-27,445,16,Retail,Afterpay,COUPON-9AA,14.96,AUD
651220,2024-01-27T21:29:48,2024-01-27,454,24,Online,PayPal,COUPON-09-,13.7,AUD
651227,2024-01-27T23:35:11,2024-01-27,148,38,Retail,Credit Card,COUPON99-0,9.55,AUD
651280,2024-01-27T02:39:40,2024-01-27,6,24,Online,Afterpay,COUPON9-9Z,10.69,AUD
651340,2024-01-27T01:07:28,2024-01-27,266,19,Online,Credit Card,COUPON9ZZZ,16.58,AUD
651361,2024-01-27T08:35:42,2024-01-27,72,1,Online,PayPal,COUPONZ90-,19.02,AUD
651452,2024-01-27T00:15:25,2024-01-27,491,24,Online,PayPal,COUPON--0Z,17.62,AUD
651541,2024-01-27T18:45:01,2024-01-27,238,45,Online,Credit Card,COUPONA-0A,1.06,AUD
651746,2024-01-27T08:20:45,2024-01-27,353,6,Online,Credit Card,COUPONA-09,10.28,AUD
651849,2024-01-27T20:05:32,2024-01-27,604,18,Retail,Credit Card,COUPON90AA,8.06,AUD
651851,2024-01-27T20:00:43,2024-01-27,291,30,Retail,PayPal,COUPON-09A,10.75,AUD
651882,2024-01-27T10:48:20,2024-01-27,178,17,Retail,Credit Card,COUPON9-09,0.32,AUD
652112,2024-01-27T09:21:43,2024-01-27,164,19,Online,PayPal,COUPONZ-Z0,1.95,AUD
652193,2024-01-27T01:29:17,2024-01-27,653,33,Retail,Afterpay,COUPON-A0-,7.02,AUD
652246,2024-01-27T23:21:04,2024-01-27,664,26,Retail,Credit Card,COUPON-9ZA,18.32,AUD
652343,2024-01-27T01:41:25,2024-01-27,103,42,Online,PayPal,COUPONA090,17.66,AUD
652434,2024-01-27T04:38:48,2024-01-27,626,49,Retail,Credit Card,COUPON00-A,1.28,AUD
652452,2024-01-27T17:01:03,2024-01-27,83,18,Retail,Afterpay,COUPON0000,5.4,AUD
652507,2024-01-27T23:21:29,2024-01-27,230,6,Online,Credit Card,COUPON0Z0-,10.49,AUD
652566,2024-01-27T03:39:24,2024-01-27,87,49,Online,Afterpay,COUPON-0A-,18.21,AUD
652568,2024-01-27T22:48:08,2024-01-27,46,21,Retail,Credit Card,COUPON----,5.48,AUD
652654,2024-01-27T04:55:07,2024-01-27,361,31,Retail,Afterpay,COUPON0-00,3.68,AUD
652661,2024-01-27T05:41:53,2024-01-27,16,6,Online,Afterpay,COUPONZ0--,11.93,AUD
652700,2024-01-27T16:54:32,2024-01-27,85,26,Retail,Afterpay,COUPON9A-A,7.38,AUD
652736,2024-01-27T00:56:03,2024-01-27,686,3,Retail,PayPal,COUPON0900,10.27,AUD
652980,2024-01-27T21:04:51,2024-01-27,398,8,Online,Credit Card,COUPON0-Z9,18.18,AUD
652992,2024-01-27T16:45:46,2024-01-27,609,46,Retail,PayPal,COUPONAZ--,13.28,AUD
653009,2024-01-27T06:25:58,2024-01-27,783,41,Retail,Credit Card,COUPONAAAZ,19.16,AUD
653043,2024-01-27T19:23:19,2024-01-27,571,13,Online,Credit Card,COUPONZ0--,12.0,AUD
653068,2024-01-27T09:00:16,2024-01-27,190,42,Online,Afterpay,COUPON--Z0,11.36,AUD
653083,2024-01-27T04:02:01,2024-01-27,52,30,Online,PayPal,COUPONZA-Z,13.29,AUD
653294,2024-01-27T13:24:47,2024-01-27,534,4,Online,PayPal,COUPONZ---,14.23,AUD
653327,2024-01-27T13:51:15,2024-01-27,21,32,Online,PayPal,COUPONA--Z,15.67,AUD
653329,2024-01-27T04:15:25,2024-01-27,464,3,Retail,Credit Card,COUPON-0--,10.77,AUD
653378,2024-01-27T02:41:06,2024-01-27,625,37,Online,Afterpay,COUPON-AZZ,13.96,AUD
653411,2024-01-27T17:00:44,2024-01-27,476,39,Retail,PayPal,COUPON90A0,16.34,AUD
653473,2024-01-27T08:14:11,2024-01-27,434,8,Online,Afterpay,COUPON--0-,17.17,AUD
653520,2024-01-27T09:08:04,2024-01-27,429,40,Online,Afterpay,COUPON--90,9.72,AUD
653527,2024-01-27T03:15:47,2024-01-27,616,5,Retail,Credit Card,COUPON9AZ9,5.05,AUD
653705,2024-01-27T23:58:02,2024-01-27,186,48,Retail,PayPal,COUPON---Z,19.23,AUD
653770,2024-01-27T21:38:56,2024-01-27,113,31,Online,Credit Card,COUPONA--A,1.02,AUD
653831,2024-01-27T08:27:33,2024-01-27,445,45,Retail,PayPal,COUPON-A9A,4.21,AUD
654051,2024-01-27T10:48:45,2024-01-27,488,15,Retail,PayPal,COUPONA0A-,12.38,AUD
654061,2024-01-27T06:02:05,2024-01-27,588,39,Online,PayPal,COUPON9---,0.02,AUD
654087,2024-01-27T20:04:33,2024-01-27,513,28,Online,PayPal,COUPON00-0,8.43,AUD
654385,2024-01-27T04:58:26,2024-01-27,143,31,Online,PayPal,COUPON-A9-,1.21,AUD
654387,2024-01-27T13:21:56,2024-01-27,557,40,Retail,PayPal,COUPONZ9A9,5.79,AUD
654394,2024-01-27T08:04:19,2024-01-27,342,6,Online,Afterpay,COUPON-AZA,8.61,AUD
654423,2024-01-27T09:52:13,2024-01-27,145,46,Retail,Credit Card,COUPON0A0-,7.35,AUD
654465,2024-01-27T19:48:12,2024-01-27,165,10,Online,Afterpay,COUPONZ-A0,4.57,AUD
654468,2024-01-27T07:47:38,2024-01-27,164,34,Online,Credit Card,COUPONA--9,14.2,AUD
654523,2024-01-27T02:18:49,2024-01-27,584,12,Online,Afterpay,COUPONAA9-,4.63,AUD
654638,2024-01-27T05:51:09,2024-01-27,485,47,Retail,Afterpay,COUPONZ0-0,8.81,AUD
654741,2024-01-27T11:11:10,2024-01-27,197,18,Online,Credit Card,COUPON0ZAA,1.06,AUD
654865,2024-01-27T09:07:18,2024-01-27,144,17,Retail,Afterpay,COUPONZZ9A,4.46,AUD
654927,2024-01-27T13:30:35,2024-01-27,20,10,Retail,Credit Card,COUPONA-ZZ,13.06,AUD
654943,2024-01-27T04:30:55,2024-01-27,177,21,Retail,Afterpay,COUPON0Z0-,15.47,AUD
654975,2024-01-27T01:44:33,2024-01-27,369,15,Retail,PayPal,COUPON-0A0,18.16,AUD
654996,2024-01-27T15:52:12,2024-01-27,515,6,Retail,PayPal,COUPONZZ-Z,15.32,AUD
655056,2024-01-27T03:15:01,2024-01-27,65,34,Online,PayPal,COUPONZ---,13.06,AUD
655084,2024-01-27T20:06:44,2024-01-27,658,33,Online,Afterpay,COUPON9-9-,5.07,AUD
655251,2024-01-27T00:44:58,2024-01-27,651,12,Retail,Credit Card,COUPON--90,10.13,AUD
655274,2024-01-27T14:20:29,2024-01-27,47,20,Retail,Credit Card,COUPON-0Z-,4.37,AUD
655293,2024-01-27T16:11:13,2024-01-27,674,34,Online,PayPal,COUPON0A--,1.98,AUD
655311,2024-01-27T10:17:57,2024-01-27,587,37,Retail,Credit Card,COUPON0-99,0.44,AUD
655445,2024-01-27T21:46:44,2024-01-27,668,41,Retail,Afterpay,COUPON-Z9A,18.76,AUD
655514,2024-01-27T05:39:18,2024-01-27,218,5,Retail,PayPal,COUPON9-Z9,16.08,AUD
655633,2024-01-27T03:24:37,2024-01-27,89,46,Retail,PayPal,COUPONZ0-9,15.12,AUD
655636,2024-01-27T06:52:20,2024-01-27,793,6,Online,Afterpay,COUPON90--,10.64,AUD
655796,2024-01-27T10:05:48,2024-01-27,502,5,Online,PayPal,COUPON-A0Z,19.95,AUD
655873,2024-01-27T23:04:27,2024-01-27,284,8,Retail,PayPal,COUPONAZ-A,12.52,AUD
655886,2024-01-27T01:50:13,2024-01-27,188,46,Online,PayPal,COUPON-AZ-,9.03,AUD
656178,2024-01-27T03:38:14,2024-01-27,88,4,Online,Afterpay,COUPONAZ9Z,10.38,AUD
656215,2024-01-27T12:16:40,2024-01-27,795,39,Retail,Afterpay,COUPON-0Z-,3.88,AUD
656218,2024-01-27T07:20:15,2024-01-27,785,26,Retail,Afterpay,COUPON-0AZ,9.38,AUD
656225,2024-01-27T07:29:13,2024-01-27,659,13,Retail,Credit Card,COUPON99-A,5.67,AUD
656309,2024-01-27T03:43:22,2024-01-27,63,27,Retail,Credit Card,COUPON-0-0,16.74,AUD
656313,2024-01-27T14:39:30,2024-01-27,404,37,Online,Credit Card,COUPON9Z9A,5.35,AUD
656382,2024-01-27T10:51:38,2024-01-27,699,1,Online,Credit Card,COUPONA---,19.25,AUD
656670,2024-01-27T13:02:45,2024-01-27,641,29,Online,Credit Card,COUPON-9A9,12.76,AUD
656745,2024-01-27T16:35:13,2024-01-27,741,24,Retail,PayPal,COUPON0-0-,3.7,AUD
656887,2024-01-27T02:15:00,2024-01-27,767,33,Online,PayPal,COUPON9Z0-,1.04,AUD
656912,2024-01-27T16:16:38,2024-01-27,241,41,Retail,PayPal,COUPON9-0-,1.24,AUD
656933,2024-01-27T04:59:04,2024-01-27,790,16,Retail,Afterpay,COUPONA-ZZ,4.22,AUD
657131,2024-01-27T00:07:34,2024-01-27,19,28,Online,Afterpay,COUPON-Z0-,1.38,AUD
657134,2024-01-27T14:37:27,2024-01-27,140,21,Online,Credit Card,COUPON0-9A,10.35,AUD
657290,2024-01-27T07:25:00,2024-01-27,361,29,Retail,Credit Card,COUPON099Z,10.35,AUD
657380,2024-01-27T06:21:01,2024-01-27,76,22,Online,Credit Card,COUPONZ--9,17.9,AUD
657506,2024-01-27T11:42:21,2024-01-27,619,43,Retail,PayPal,COUPON9AA9,14.96,AUD
657544,2024-01-27T16:06:52,2024-01-27,178,13,Retail,Afterpay,COUPONAZ9-,13.38,AUD
657719,2024-01-27T22:07:00,2024-01-27,246,29,Online,PayPal,COUPON9A90,3.49,AUD
657776,2024-01-27T05:00:28,2024-01-27,541,12,Retail,PayPal,COUPON00-0,2.35,AUD
657825,2024-01-27T18:22:33,2024-01-27,449,14,Online,Credit Card,COUPON-A-9,2.06,AUD
657839,2024-01-27T13:43:18,2024-01-27,174,17,Online,Afterpay,COUPON-A-9,4.72,AUD
657869,2024-01-27T01:40:26,2024-01-27,763,39,Online,Afterpay,COUPON00Z-,5.21,AUD
657929,2024-01-27T04:19:18,2024-01-27,732,44,Retail,Afterpay,COUPONZ0ZA,13.56,AUD
657968,2024-01-27T05:14:04,2024-01-27,745,37,Online,Afterpay,COUPONAZ--,16.73,AUD
658149,2024-01-27T20:28:44,2024-01-27,199,3,Retail,PayPal,COUPON9Z-9,13.5,AUD
658284,2024-01-27T07:52:34,2024-01-27,268,44,Online,Credit Card,COUPON0Z9A,18.87,AUD
658401,2024-01-27T18:50:19,2024-01-27,228,42,Online,PayPal,COUPONZ0-0,16.04,AUD
658433,2024-01-27T10:33:27,2024-01-27,684,18,Online,Credit Card,COUPON09Z9,1.93,AUD
658465,2024-01-27T21:26:57,2024-01-27,503,10,Retail,Afterpay,COUPON--9-,13.46,AUD
658481,2024-01-27T03:15:47,2024-01-27,539,32,Retail,PayPal,COUPON--0-,6.67,AUD
658511,2024-01-27T03:45:54,2024-01-27,138,41,Online,Credit Card,COUPON-09A,9.12,AUD
658568,2024-01-27T20:45:54,2024-01-27,720,3,Online,PayPal,COUPON--AZ,0.27,AUD
658600,2024-01-27T16:03:17,2024-01-27,278,22,Online,Afterpay,COUPON09AA,11.97,AUD
658680,2024-01-27T22:07:59,2024-01-27,354,42,Retail,PayPal,COUPONZ99Z,16.88,AUD
658681,2024-01-27T04:01:33,2024-01-27,458,44,Online,Credit Card,COUPON0-00,10.25,AUD
658692,2024-01-27T02:44:31,2024-01-27,301,35,Online,PayPal,COUPON--ZA,4.02,AUD
658954,2024-01-27T22:44:44,2024-01-27,664,11,Online,PayPal,COUPON--A-,8.32,AUD
658990,2024-01-27T21:10:17,2024-01-27,425,34,Retail,Afterpay,COUPON0-Z9,7.69,AUD
659018,2024-01-27T17:14:00,2024-01-27,733,6,Retail,Afterpay,COUPON--Z-,16.66,AUD
659100,2024-01-27T17:45:59,2024-01-27,73,30,Retail,PayPal,COUPON-0A-,9.69,AUD
659156,2024-01-27T13:08:58,2024-01-27,405,24,Retail,PayPal,COUPONZ9--,11.6,AUD
659174,2024-01-27T00:10:23,2024-01-27,154,28,Online,Afterpay,COUPON9-99,17.21,AUD
659178,2024-01-27T05:37:20,2024-01-27,140,46,Online,PayPal,COUPONZ--9,7.92,AUD
659309,2024-01-27T06:20:19,2024-01-27,417,41,Retail,Credit Card,COUPONAA-0,19.88,AUD
659350,2024-01-27T09:23:19,2024-01-27,749,31,Retail,PayPal,COUPON--A0,2.14,AUD
659427,2024-01-27T08:49:06,2024-01-27,95,48,Online,Afterpay,COUPON9A0Z,17.64,AUD
659472,2024-01-27T09:08:16,2024-01-27,692,3,Online,Afterpay,COUPON-0AZ,8.99,AUD
659543,2024-01-27T12:29:09,2024-01-27,254,9,Retail,Credit Card,COUPONA9A-,5.42,AUD
659659,2024-01-27T21:48:53,2024-01-27,19,38,Retail,Credit Card,COUPON0--A,13.3,AUD
659671,2024-01-27T01:10:19,2024-01-27,603,44,Online,PayPal,COUPON-0-0,7.04,AUD
659714,2024-01-27T20:46:50,2024-01-27,532,25,Retail,Credit Card,COUPONAZ--,2.45,AUD
659716,2024-01-27T10:10:31,2024-01-27,363,1,Retail,Credit Card,COUPONAZ9A,18.27,AUD
659779,2024-01-27T15:02:06,2024-01-27,530,48,Retail,Credit Card,COUPON---A,1.11,AUD
660000,2024-01-27T12:37:07,2024-01-27,23,35,Retail,PayPal,COUPON99--,0.83,AUD
660001,2024-01-27T23:24:18,2024-01-27,659,5,Online,Afterpay,COUPON0A-Z,0.45,AUD
660071,2024-01-27T10:00:06,2024-01-27,187,20,Retail,PayPal,COUPONA---,11.39,AUD
660073,2024-01-27T00:57:37,2024-01-27,468,45,Retail,PayPal,COUPONZ-90,11.38,AUD
660424,2024-01-27T10:26:05,2024-01-27,532,45,Retail,PayPal,COUPON--Z9,12.29,AUD
660442,2024-01-27T18:28:25,2024-01-27,66,24,Online,PayPal,COUPON99--,0.61,AUD
660599,2024-01-27T19:34:55,2024-01-27,472,33,Online,PayPal,COUPONA-AZ,19.55,AUD
660621,2024-01-27T00:03:36,2024-01-27,722,45,Retail,Credit Card,COUPON-0ZA,6.24,AUD
660785,2024-01-27T18:18:12,2024-01-27,122,20,Online,PayPal,COUPONA9A9,6.12,AUD
660997,2024-01-27T03:27:22,2024-01-27,350,9,Retail,Afterpay,COUPONA-Z-,16.39,AUD
661086,2024-01-27T14:58:59,2024-01-27,67,29,Retail,Credit Card,COUPON-Z-Z,17.13,AUD
661133,2024-01-27T23:13:01,2024-01-27,319,16,Retail,Credit Card,COUPON-9-A,1.21,AUD
661180,2024-01-27T05:02:28,2024-01-27,85,15,Online,PayPal,COUPON----,6.66,AUD
661289,2024-01-27T10:01:44,2024-01-27,780,30,Retail,Afterpay,COUPON-9-0,11.3,AUD
661452,2024-01-27T15:28:06,2024-01-27,93,13,Retail,Afterpay,COUPON-Z-9,0.99,AUD
661542,2024-01-27T20:48:16,2024-01-27,36,11,Online,Afterpay,COUPONZZ9Z,16.92,AUD
661692,2024-01-27T22:24:47,2024-01-27,327,25,Retail,Afterpay,COUPONA--A,6.43,AUD
661712,2024-01-27T02:37:41,2024-01-27,313,26,Retail,Credit Card,COUPONA0A0,9.56,AUD
661804,2024-01-27T06:18:08,2024-01-27,175,6,Online,Credit Card,COUPONA0Z0,14.6,AUD
662239,2024-01-27T16:28:00,2024-01-27,38,28,Retail,Credit Card,COUPON--AZ,13.76,AUD
662242,2024-01-27T00:46:15,2024-01-27,143,23,Online,Credit Card,COUPONA9-A,0.92,AUD
662247,2024-01-27T03:15:36,2024-01-27,231,2,Retail,Afterpay,COUPON9-A9,15.4,AUD
662402,2024-01-27T23:33:27,2024-01-27,285,49,Retail,Credit Card,COUPONA-9A,18.02,AUD
662414,2024-01-27T09:12:55,2024-01-27,72,39,Retail,Afterpay,COUPONAA9-,13.07,AUD
662543,2024-01-27T23:42:27,2024-01-27,770,38,Retail,PayPal,COUPON-AA0,15.39,AUD
662687,2024-01-27T00:52:05,2024-01-27,694,16,Retail,PayPal,COUPON--AA,9.76,AUD
662835,2024-01-27T04:36:33,2024-01-27,417,41,Online,Credit Card,COUPON0-AZ,7.05,AUD
662852,2024-01-27T03:10:56,2024-01-27,347,46,Online,Credit Card,COUPONAZA9,19.74,AUD
662933,2024-01-27T00:07:41,2024-01-27,300,37,Retail,Afterpay,COUPON-Z0-,4.74,AUD
663022,2024-01-27T23:09:46,2024-01-27,219,27,Retail,Afterpay,COUPON09Z0,10.06,AUD
663059,2024-01-27T10:48:00,2024-01-27,669,11,Retail,PayPal,COUPON--9A,17.28,AUD
663085,2024-01-27T13:42:37,2024-01-27,383,26,Retail,Afterpay,COUPON00A-,15.25,AUD
663227,2024-01-27T00:46:29,2024-01-27,231,12,Online,Afterpay,COUPON9Z00,11.13,AUD
663336,2024-01-27T09:26:32,2024-01-27,474,25,Retail,Credit Card,COUPON9Z90,10.69,AUD
663353,2024-01-27T16:16:02,2024-01-27,669,8,Online,Credit Card,COUPON000A,18.63,AUD
663362,2024-01-27T21:15:37,2024-01-27,627,20,Online,Credit Card,COUPON--ZZ,12.7,AUD
663387,2024-01-27T04:52:35,2024-01-27,718,3,Retail,Afterpay,COUPONZZA9,5.23,AUD
663524,2024-01-27T10:52:51,2024-01-27,731,24,Online,PayPal,COUPONA9-A,9.92,AUD
663629,2024-01-27T06:15:01,2024-01-27,783,9,Retail,Credit Card,COUPON9000,8.16,AUD
663630,2024-01-27T13:14:36,2024-01-27,114,36,Online,PayPal,COUPON0-A9,13.25,AUD
663803,2024-01-27T13:17:10,2024-01-27,349,35,Retail,Credit Card,COUPONZA0A,17.87,AUD
663827,2024-01-27T20:19:16,2024-01-27,697,6,Retail,Credit Card,COUPON-A--,19.38,AUD
663839,2024-01-27T01:53:18,2024-01-27,339,18,Online,Afterpay,COUPONZ00A,15.42,AUD
663971,2024-01-27T09:22:29,2024-01-27,97,49,Online,Afterpay,COUPONZ--Z,0.65,AUD
663974,2024-01-27T07:10:33,2024-01-27,601,10,Retail,PayPal,COUPONAZ0-,5.17,AUD
664146,2024-01-27T21:50:12,2024-01-27,226,28,Retail,Credit Card,COUPONZ--Z,1.58,AUD
664300,2024-01-27T20:22:53,2024-01-27,510,29,Retail,Afterpay,COUPON0-0-,8.71,AUD
664306,2024-01-27T00:16:47,2024-01-27,162,24,Retail,Afterpay,COUPONZ9--,1.45,AUD
664366,2024-01-27T09:11:11,2024-01-27,707,34,Retail,PayPal,COUPON-0Z-,3.04,AUD
664509,2024-01-27T23:49:57,2024-01-27,522,11,Online,PayPal,COUPON0-A9,4.99,AUD
664554,2024-01-27T14:43:48,2024-01-27,307,20,Retail,Afterpay,COUPONA9A-,12.94,AUD
664618,2024-01-27T22:22:14,2024-01-27,397,21,Retail,PayPal,COUPONA--A,8.25,AUD
664682,2024-01-27T01:25:14,2024-01-27,289,22,Online,PayPal,COUPON0ZZA,9.5,AUD
664693,2024-01-27T16:30:11,2024-01-27,114,38,Online,PayPal,COUPON0AZZ,12.64,AUD
664769,2024-01-27T06:24:25,2024-01-27,298,14,Retail,PayPal,COUPONA--9,6.85,AUD
664884,2024-01-27T16:43:20,2024-01-27,323,15,Online,PayPal,COUPON09ZA,0.97,AUD
664922,2024-01-27T17:54:16,2024-01-27,88,32,Online,Credit Card,COUPON0--Z,0.24,AUD
664928,2024-01-27T09:31:19,2024-01-27,548,15,Online,Credit Card,COUPONA-99,3.05,AUD
664945,2024-01-27T20:52:44,2024-01-27,741,6,Retail,PayPal,COUPONA090,10.79,AUD
665277,2024-01-27T23:01:08,2024-01-27,333,5,Online,Afterpay,COUPONA0A-,4.54,AUD
665328,2024-01-27T06:25:48,2024-01-27,17,31,Retail,PayPal,COUPON--ZA,7.95,AUD
665368,2024-01-27T14:40:17,2024-01-27,85,47,Online,Credit Card,COUPONZZ0A,11.21,AUD
665411,2024-01-27T01:07:36,2024-01-27,303,6,Retail,Credit Card,COUPON--A-,14.98,AUD
665614,2024-01-27T20:58:32,2024-01-27,745,37,Retail,Credit Card,COUPONZ--0,7.18,AUD
665618,2024-01-27T08:02:31,2024-01-27,294,29,Retail,Credit Card,COUPON--Z9,12.21,AUD
665909,2024-01-27T07:05:00,2024-01-27,183,33,Retail,PayPal,COUPON-A9A,18.29,AUD
665990,2024-01-27T02:23:35,2024-01-27,121,36,Retail,PayPal,COUPON--A-,17.91,AUD
666088,2024-01-27T04:05:23,2024-01-27,290,39,Online,Afterpay,COUPON----,3.62,AUD
666110,2024-01-27T01:13:47,2024-01-27,313,41,Online,PayPal,COUPON--ZZ,1.5,AUD
666165,2024-01-27T18:03:28,2024-01-27,491,46,Retail,Credit Card,COUPONZ99Z,8.29,AUD
666233,2024-01-27T14:32:51,2024-01-27,34,31,Retail,Credit Card,COUPON-0--,3.92,AUD
666276,2024-01-27T16:55:52,2024-01-27,458,19,Retail,Afterpay,COUPON-A-Z,16.21,AUD
666553,2024-01-27T04:53:36,2024-01-27,488,30,Retail,Afterpay,COUPON-0AA,0.22,AUD
666783,2024-01-27T02:58:13,2024-01-27,282,12,Online,PayPal,COUPONZ-Z0,13.03,AUD
666788,2024-01-27T15:15:33,2024-01-27,798,15,Online,PayPal,COUPONZ--9,11.57,AUD
666793,2024-01-27T22:16:38,2024-01-27,706,23,Online,Credit Card,COUPON9099,11.2,AUD
667109,2024-01-27T12:00:12,2024-01-27,739,6,Online,Credit Card,COUPON-Z90,8.56,AUD
667240,2024-01-27T18:13:36,2024-01-27,89,27,Online,Afterpay,COUPON0AZ-,19.03,AUD
667297,2024-01-27T11:50:18,2024-01-27,228,37,Retail,Credit Card,COUPONA9--,0.58,AUD
667365,2024-01-27T10:50:11,2024-01-27,186,36,Online,Credit Card,COUPON09AZ,18.41,AUD
667556,2024-01-27T00:46:18,2024-01-27,130,32,Online,Credit Card,COUPON-999,9.75,AUD
667570,2024-01-27T18:03:33,2024-01-27,287,31,Retail,Credit Card,COUPON-999,3.75,AUD
667610,2024-01-27T03:10:59,2024-01-27,486,38,Retail,Credit Card,COUPONA0-A,17.56,AUD
667646,2024-01-27T02:45:14,2024-01-27,254,21,Retail,PayPal,COUPON--A-,9.84,AUD
667677,2024-01-27T22:11:06,2024-01-27,702,16,Retail,Credit Card,COUPON-9-Z,13.59,AUD
667712,2024-01-27T08:14:57,2024-01-27,144,27,Retail,PayPal,COUPON-Z--,1.61,AUD
667760,2024-01-27T20:45:53,2024-01-27,254,42,Online,PayPal,COUPON0-A0,5.37,AUD
667777,2024-01-27T13:47:55,2024-01-27,10,22,Online,Credit Card,COUPON9-0Z,12.85,AUD
667839,2024-01-27T11:10:51,2024-01-27,619,37,Online,Afterpay,COUPONA-Z9,13.87,AUD
667856,2024-01-27T16:30:46,2024-01-27,773,39,Retail,Credit Card,COUPON--99,12.11,AUD
667870,2024-01-27T10:45:53,2024-01-27,26,12,Retail,PayPal,COUPON-A9A,1.45,AUD
668204,2024-01-27T12:44:30,2024-01-27,283,28,Online,PayPal,COUPON090A,5.49,AUD
668218,2024-01-27T11:16:53,2024-01-27,660,1,Online,Afterpay,COUPON09A0,9.9,AUD
668369,2024-01-27T06:09:42,2024-01-27,730,41,Retail,PayPal,COUPONZ9Z9,2.59,AUD
668462,2024-01-27T20:51:02,2024-01-27,274,23,Online,Credit Card,COUPONAA99,2.62,AUD
668497,2024-01-27T10:49:45,2024-01-27,76,24,Retail,PayPal,COUPON-ZZA,2.51,AUD
668567,2024-01-27T15:26:47,2024-01-27,787,6,Retail,PayPal,COUPON9AZA,4.05,AUD
668595,2024-01-27T23:27:24,2024-01-27,173,49,Online,PayPal,COUPON0A9Z,5.06,AUD
668636,2024-01-27T04:43:55,2024-01-27,133,49,Online,Afterpay,COUPONZZZZ,11.28,AUD
668664,2024-01-27T06:35:52,2024-01-27,490,40,Online,Afterpay,COUPONZA--,8.97,AUD
668715,2024-01-27T00:58:08,2024-01-27,575,3,Retail,Afterpay,COUPON-00Z,17.21,AUD
668969,2024-01-27T18:27:46,2024-01-27,365,35,Online,Afterpay,COUPON990A,8.74,AUD
669149,2024-01-27T08:33:07,2024-01-27,163,3,Retail,Afterpay,COUPON-A00,11.81,AUD
669212,2024-01-27T22:38:14,2024-01-27,570,5,Online,Credit Card,COUPON0---,4.3,AUD
669240,2024-01-27T09:30:39,2024-01-27,395,10,Retail,PayPal,COUPONA-90,14.99,AUD
669430,2024-01-27T00:18:27,2024-01-27,417,9,Retail,Afterpay,COUPON-99A,2.18,AUD
669633,2024-01-27T12:46:05,2024-01-27,156,14,Retail,PayPal,COUPON90-Z,2.19,AUD
669657,2024-01-27T11:59:50,2024-01-27,283,34,Retail,Afterpay,COUPON9--A,7.12,AUD
669686,2024-01-27T14:55:34,2024-01-27,740,38,Online,Afterpay,COUPON-Z-9,2.05,AUD
669866,2024-01-27T11:47:48,2024-01-27,138,47,Online,Afterpay,COUPONZ-AA,15.78,AUD
669903,2024-01-27T01:55:13,2024-01-27,631,23,Online,Afterpay,COUPON0-A0,10.58,AUD
669945,2024-01-27T21:40:04,2024-01-27,185,3,Online,PayPal,COUPON--9-,10.68,AUD
669997,2024-01-27T13:20:18,2024-01-27,26,45,Online,Afterpay,COUPONZ0AA,15.34,AUD
670090,2024-01-27T23:51:08,2024-01-27,122,33,Retail,Afterpay,COUPON09A-,15.9,AUD
670105,2024-01-27T20:57:39,2024-01-27,640,32,Retail,PayPal,COUPON9---,10.6,AUD
670216,2024-01-27T02:41:27,2024-01-27,56,4,Retail,Afterpay,COUPON-0-Z,4.22,AUD
670277,2024-01-27T19:00:28,2024-01-27,4,21,Retail,Credit Card,COUPON9A0-,9.03,AUD
670361,2024-01-27T08:32:18,2024-01-27,642,5,Retail,PayPal,COUPON090-,16.77,AUD
670429,2024-01-27T07:35:22,2024-01-27,665,30,Online,PayPal,COUPON--AA,1.3,AUD
670456,2024-01-27T11:52:53,2024-01-27,425,20,Retail,PayPal,COUPON00--,5.18,AUD
670463,2024-01-27T22:51:29,2024-01-27,199,19,Online,PayPal,COUPONAZ--,2.22,AUD
670558,2024-01-27T18:18:52,2024-01-27,709,9,Online,Credit Card,COUPON090-,7.74,AUD
670731,2024-01-27T23:11:13,2024-01-27,312,36,Retail,Afterpay,COUPONZ-A-,10.62,AUD
670732,2024-01-27T10:02:24,2024-01-27,491,24,Retail,Afterpay,COUPON-90Z,0.89,AUD
670737,2024-01-27T21:08:53,2024-01-27,581,20,Online,PayPal,COUPON---9,6.74,AUD
670751,2024-01-27T16:56:36,2024-01-27,684,11,Online,Afterpay,COUPON9Z--,7.62,AUD
670861,2024-01-27T22:43:02,2024-01-27,489,30,Retail,PayPal,COUPON--0Z,7.03,AUD
670901,2024-01-27T14:00:51,2024-01-27,398,45,Retail,Credit Card,COUPON0Z--,15.1,AUD
670919,2024-01-27T10:51:22,2024-01-27,405,14,Online,PayPal,COUPON--AA,2.18,AUD
670957,2024-01-27T02:48:28,2024-01-27,525,18,Online,PayPal,COUPON9-A-,4.52,AUD
671190,2024-01-27T09:20:38,2024-01-27,136,47,Online,PayPal,COUPONZAA-,5.59,AUD
671217,2024-01-27T14:43:58,2024-01-27,454,20,Retail,Credit Card,COUPON-0--,18.73,AUD
671226,2024-01-27T01:16:43,2024-01-27,285,41,Online,PayPal,COUPON-ZA-,16.18,AUD
671383,2024-01-27T06:28:37,2024-01-27,558,15,Retail,Credit Card,COUPON--Z-,17.47,AUD
671422,2024-01-27T12:21:33,2024-01-27,693,13,Retail,Credit Card,COUPON9Z0-,0.94,AUD
671501,2024-01-27T15:37:28,2024-01-27,691,20,Retail,PayPal,COUPONAZ0-,13.17,AUD
671539,2024-01-27T00:26:03,2024-01-27,3,21,Online,PayPal,COUPON90A9,13.13,AUD
671606,2024-01-27T11:27:35,2024-01-27,572,20,Online,PayPal,COUPON--0Z,16.14,AUD
671663,2024-01-27T22:09:16,2024-01-27,602,9,Retail,Afterpay,COUPON9-0-,19.55,AUD
671870,2024-01-27T10:23:22,2024-01-27,227,48,Retail,Credit Card,COUPON00AA,8.32,AUD
671959,2024-01-27T19:14:50,2024-01-27,105,22,Online,Afterpay,COUPON0-0A,9.05,AUD
672040,2024-01-27T19:11:57,2024-01-27,17,21,Online,Credit Card,COUPONZ-0-,18.35,AUD
672071,2024-01-27T09:35:03,2024-01-27,174,5,Online,Credit Card,COUPONA--9,6.43,AUD
672083,2024-01-27T23:37:29,2024-01-27,566,43,Retail,PayPal,COUPON0--9,17.78,AUD
672095,2024-01-27T10:54:35,2024-01-27,314,25,Retail,Afterpay,COUPON-A0-,5.38,AUD
672185,2024-01-27T08:36:42,2024-01-27,210,11,Online,PayPal,COUPONZZZ-,17.53,AUD
672282,2024-01-27T07:51:19,2024-01-27,487,31,Online,PayPal,COUPONZ0-9,1.22,AUD
672300,2024-01-27T16:05:18,2024-01-27,16,19,Online,Afterpay,COUPONZ0AA,6.57,AUD
672366,2024-01-27T00:55:52,2024-01-27,509,49,Online,Credit Card,COUPONAAZZ,11.93,AUD
672400,2024-01-27T17:02:51,2024-01-27,333,38,Online,Credit Card,COUPON-9--,0.66,AUD
672548,2024-01-27T11:47:39,2024-01-27,197,34,Online,Credit Card,COUPONZ0-A,4.47,AUD
672566,2024-01-27T05:26:50,2024-01-27,601,47,Online,PayPal,COUPON-9AA,6.91,AUD
672568,2024-01-27T15:05:59,2024-01-27,449,12,Online,Afterpay,COUPONAA0Z,3.36,AUD
672653,2024-01-27T23:35:29,2024-01-27,252,36,Online,Credit Card,COUPON9A--,11.63,AUD
672800,2024-01-27T01:43:19,2024-01-27,88,43,Online,PayPal,COUPONA900,19.37,AUD
672935,2024-01-27T08:54:53,2024-01-27,761,30,Online,PayPal,COUPONA-0A,14.12,AUD
672941,2024-01-27T21:56:45,2024-01-27,435,30,Online,Credit Card,COUPON-0-Z,13.57,AUD
672948,2024-01-27T23:08:13,2024-01-27,572,46,Retail,PayPal,COUPONA0Z9,10.13,AUD
672983,2024-01-27T19:10:04,2024-01-27,375,13,Online,Credit Card,COUPON0---,13.57,AUD
673006,2024-01-27T12:35:10,2024-01-27,54,11,Retail,PayPal,COUPON09A9,13.92,AUD
673041,2024-01-27T23:37:34,2024-01-27,679,15,Retail,Afterpay,COUPON090-,10.88,AUD
673133,2024-01-27T18:12:21,2024-01-27,433,21,Retail,Credit Card,COUPON0-00,9.27,AUD
673156,2024-01-27T05:50:01,2024-01-27,437,36,Online,PayPal,COUPON9Z--,5.42,AUD
673181,2024-01-27T22:08:52,2024-01-27,710,5,Retail,Afterpay,COUPONA-Z0,14.77,AUD
673200,2024-01-27T15:11:11,2024-01-27,291,9,Retail,Credit Card,COUPONA-9-,18.89,AUD
673297,2024-01-27T06:57:05,2024-01-27,258,9,Online,PayPal,COUPON-AZ-,17.67,AUD
673526,2024-01-27T12:12:57,2024-01-27,383,7,Retail,Credit Card,COUPON9A-9,3.82,AUD
673635,2024-01-27T03:51:23,2024-01-27,613,16,Online,Afterpay,COUPON--0Z,18.07,AUD
673652,2024-01-27T02:39:03,2024-01-27,733,25,Online,PayPal,COUPON---Z,2.96,AUD
673688,2024-01-27T10:00:34,2024-01-27,382,43,Online,PayPal,COUPONZ900,12.08,AUD
673725,2024-01-27T14:44:23,2024-01-27,666,19,Retail,Afterpay,COUPONAA-0,7.56,AUD
673733,2024-01-27T12:03:50,2024-01-27,32,42,Retail,Credit Card,COUPONA00Z,7.88,AUD
673781,2024-01-27T22:11:01,2024-01-27,798,3,Retail,Credit Card,COUPONA-99,8.23,AUD
673886,2024-01-27T03:29:57,2024-01-27,345,2,Online,Credit Card,COUPON----,16.77,AUD
673922,2024-01-27T05:36:48,2024-01-27,86,15,Online,Afterpay,COUPON990-,0.68,AUD
674034,2024-01-27T04:48:29,2024-01-27,55,25,Retail,Afterpay,COUPON0ZA0,3.48,AUD
674061,2024-01-27T17:16:34,2024-01-27,174,40,Retail,Credit Card,COUPONAA0-,16.98,AUD
674213,2024-01-27T01:00:19,2024-01-27,482,42,Online,PayPal,COUPON9AA9,16.01,AUD
674291,2024-01-27T06:36:58,2024-01-27,239,45,Retail,Credit Card,COUPON---9,12.09,AUD
674321,2024-01-27T10:32:29,2024-01-27,653,18,Online,Credit Card,COUPON09Z-,16.07,AUD
674386,2024-01-27T09:54:58,2024-01-27,470,29,Online,Afterpay,COUPONA-A-,3.4,AUD
674390,2024-01-27T07:45:36,2024-01-27,511,1,Retail,Credit Card,COUPON-Z--,19.92,AUD
674396,2024-01-27T22:14:59,2024-01-27,359,49,Retail,Afterpay,COUPON9---,11.2,AUD
674474,2024-01-27T20:10:55,2024-01-27,575,36,Online,PayPal,COUPONA-99,17.12,AUD
674477,2024-01-27T07:31:21,2024-01-27,317,44,Online,PayPal,COUPONAA-Z,11.84,AUD
674551,2024-01-27T17:56:07,2024-01-27,497,4,Retail,Afterpay,COUPON-A-Z,18.02,AUD
674598,2024-01-27T18:48:20,2024-01-27,798,14,Online,Afterpay,COUPONZA0Z,4.97,AUD
674663,2024-01-27T18:10:18,2024-01-27,220,43,Retail,Credit Card,COUPON-A--,16.29,AUD
674710,2024-01-27T13:42:59,2024-01-27,564,22,Online,Afterpay,COUPON0-90,11.83,AUD
674769,2024-01-27T04:00:23,2024-01-27,415,36,Retail,PayPal,COUPON9A99,15.7,AUD
674786,2024-01-27T10:13:13,2024-01-27,298,39,Retail,PayPal,COUPONAZ99,9.52,AUD
674798,2024-01-27T01:17:36,2024-01-27,158,21,Online,Credit Card,COUPONA9Z-,16.46,AUD
674836,2024-01-27T00:23:56,2024-01-27,135,48,Retail,Credit Card,COUPON-0-A,2.45,AUD
674866,2024-01-27T12:25:53,2024-01-27,685,47,Online,Afterpay,COUPON0AA-,18.86,AUD
674873,2024-01-27T09:40:10,2024-01-27,793,9,Online,Credit Card,COUPON0--A,1.56,AUD
674890,2024-01-27T23:07:07,2024-01-27,469,36,Online,PayPal,COUPON----,16.07,AUD
674989,2024-01-27T05:33:03,2024-01-27,259,3,Retail,Credit Card,COUPON--Z9,2.75,AUD
675015,2024-01-27T08:27:55,2024-01-27,184,5,Online,Afterpay,COUPON9-9A,9.34,AUD
675116,2024-01-27T03:02:20,2024-01-27,546,13,Online,PayPal,COUPON00--,18.82,AUD
675245,2024-01-27T07:48:18,2024-01-27,425,41,Online,PayPal,COUPONZ--0,6.4,AUD
675387,2024-01-27T07:25:32,2024-01-27,132,18,Retail,PayPal,COUPONZ09-,1.82,AUD
675454,2024-01-27T07:10:56,2024-01-27,201,30,Online,PayPal,COUPON9ZA9,13.75,AUD
675536,2024-01-27T08:15:07,2024-01-27,125,44,Online,Credit Card,COUPONZ-A-,0.21,AUD
675737,2024-01-27T22:12:22,2024-01-27,624,34,Retail,PayPal,COUPON-9-Z,19.79,AUD
675830,2024-01-27T06:49:21,2024-01-27,487,2,Retail,PayPal,COUPON-0ZA,19.41,AUD
675992,2024-01-27T11:01:14,2024-01-27,272,30,Online,Afterpay,COUPON0-A-,14.48,AUD
676446,2024-01-27T16:58:20,2024-01-27,237,18,Online,Afterpay,COUPONZZ00,4.91,AUD
676489,2024-01-27T05:48:16,2024-01-27,423,30,Retail,PayPal,COUPON-A0A,3.91,AUD
676493,2024-01-27T15:18:14,2024-01-27,151,33,Online,Afterpay,COUPONA0-9,15.97,AUD
676556,2024-01-27T17:27:26,2024-01-27,74,11,Online,Credit Card,COUPON-ZAZ,4.76,AUD
676643,2024-01-27T11:56:31,2024-01-27,314,36,Retail,Afterpay,COUPONAZ9-,14.98,AUD
676648,2024-01-27T03:38:35,2024-01-27,755,39,Online,Credit Card,COUPONZZ-A,14.52,AUD
676724,2024-01-27T19:31:04,2024-01-27,340,10,Online,Credit Card,COUPON900-,19.44,AUD
676749,2024-01-27T23:39:47,2024-01-27,623,32,Retail,PayPal,COUPON9A-Z,18.97,AUD
677021,2024-01-27T05:02:54,2024-01-27,696,31,Retail,PayPal,COUPON-0A9,9.83,AUD
677158,2024-01-27T03:51:12,2024-01-27,465,39,Retail,PayPal,COUPON0A-Z,13.26,AUD
677320,2024-01-27T21:28:11,2024-01-27,84,45,Retail,Afterpay,COUPONA-9A,10.17,AUD
677372,2024-01-27T06:41:32,2024-01-27,53,7,Online,Afterpay,COUPONZ-90,6.02,AUD
677375,2024-01-27T08:40:56,2024-01-27,652,2,Online,PayPal,COUPON99A9,10.5,AUD
677458,2024-01-27T05:18:30,2024-01-27,404,31,Retail,Afterpay,COUPON9-ZA,16.64,AUD
677466,2024-01-27T23:50:19,2024-01-27,319,23,Retail,Credit Card,COUPONZ9-Z,4.79,AUD
677473,2024-01-27T14:25:52,2024-01-27,634,42,Retail,PayPal,COUPON-90A,19.92,AUD
677481,2024-01-27T20:46:31,2024-01-27,417,43,Online,Afterpay,COUPONZZAZ,17.72,AUD
677496,2024-01-27T00:50:45,2024-01-27,572,34,Retail,PayPal,COUPON-000,13.43,AUD
677514,2024-01-27T11:29:26,2024-01-27,729,30,Retail,Credit Card,COUPON9-90,10.95,AUD
677784,2024-01-27T01:37:05,2024-01-27,786,17,Online,PayPal,COUPON-0-9,8.56,AUD
677815,2024-01-27T02:31:50,2024-01-27,482,24,Retail,Credit Card,COUPONZ-ZZ,16.07,AUD
677897,2024-01-27T11:03:49,2024-01-27,666,26,Online,Credit Card,COUPON9Z9-,0.04,AUD
677981,2024-01-27T08:19:05,2024-01-27,554,12,Retail,Afterpay,COUPONZ999,17.1,AUD
678019,2024-01-27T02:15:31,2024-01-27,566,13,Retail,Credit Card,COUPON9000,1.95,AUD
678118,2024-01-27T10:21:02,2024-01-27,35,42,Online,Afterpay,COUPON-9--,2.31,AUD
678221,2024-01-27T14:05:28,2024-01-27,564,19,Online,PayPal,COUPON0Z9A,13.96,AUD
678368,2024-01-27T09:30:05,2024-01-27,604,10,Retail,PayPal,COUPON0AZ9,10.05,AUD
678643,2024-01-27T03:41:50,2024-01-27,716,31,Retail,Afterpay,COUPON-ZA0,0.4,AUD
678861,2024-01-27T04:28:41,2024-01-27,466,22,Retail,Afterpay,COUPON0--0,10.6,AUD
678931,2024-01-27T03:01:07,2024-01-27,775,3,Retail,Afterpay,COUPON9990,11.49,AUD
678937,2024-01-27T10:24:33,2024-01-27,486,37,Online,Credit Card,COUPONZ--A,2.34,AUD
679041,2024-01-27T21:49:00,2024-01-27,312,7,Online,Afterpay,COUPON009-,7.79,AUD
679247,2024-01-27T19:46:15,2024-01-27,778,20,Retail,Credit Card,COUPONAA--,2.41,AUD
679285,2024-01-27T05:10:43,2024-01-27,249,46,Online,Credit Card,COUPON9Z9-,6.84,AUD
679408,2024-01-27T15:00:30,2024-01-27,134,34,Retail,Credit Card,COUPON--AA,4.4,AUD
679413,2024-01-27T04:38:45,2024-01-27,296,40,Retail,PayPal,COUPON9Z0Z,5.63,AUD
679555,2024-01-27T17:50:55,2024-01-27,705,1,Retail,Afterpay,COUPONZ0-Z,13.1,AUD
679722,2024-01-27T17:56:21,2024-01-27,209,33,Retail,Afterpay,COUPON--A-,12.95,AUD
679793,2024-01-27T01:26:43,2024-01-27,6,45,Online,Afterpay,COUPON--09,1.71,AUD
679817,2024-01-27T17:04:19,2024-01-27,724,17,Online,PayPal,COUPON-0-A,3.08,AUD
679961,2024-01-27T02:43:35,2024-01-27,337,26,Retail,Afterpay,COUPON--Z0,9.44,AUD
680191,2024-01-27T22:28:27,2024-01-27,623,31,Retail,Credit Card,COUPONZ00-,11.75,AUD
680285,2024-01-27T18:41:30,2024-01-27,203,24,Retail,Afterpay,COUPON0-A-,18.17,AUD
680318,2024-01-27T20:03:34,2024-01-27,716,3,Retail,PayPal,COUPONZ--9,18.85,AUD
680383,2024-01-27T22:02:06,2024-01-27,125,8,Online,Afterpay,COUPON0A-A,11.89,AUD
680582,2024-01-27T06:22:49,2024-01-27,97,20,Online,Afterpay,COUPON-9ZZ,15.51,AUD
680595,2024-01-27T14:22:59,2024-01-27,135,37,Retail,Credit Card,COUPONZ00-,14.76,AUD
680610,2024-01-27T17:30:12,2024-01-27,226,20,Retail,PayPal,COUPON9-A9,4.97,AUD
680667,2024-01-27T13:10:43,2024-01-27,109,35,Retail,Credit Card,COUPON-A-Z,6.88,AUD
680683,2024-01-27T10:38:28,2024-01-27,427,15,Online,Credit Card,COUPON9AA-,15.97,AUD
680782,2024-01-27T22:08:09,2024-01-27,195,23,Online,Credit Card,COUPON090-,14.99,AUD
680821,2024-01-27T14:18:34,2024-01-27,232,16,Online,Afterpay,COUPON9---,17.55,AUD
680836,2024-01-27T08:58:25,2024-01-27,222,30,Retail,Afterpay,COUPONZ-0Z,6.63,AUD
680839,2024-01-27T20:44:55,2024-01-27,619,36,Online,Afterpay,COUPON0-A9,8.55,AUD
680996,2024-01-27T15:05:00,2024-01-27,756,23,Retail,PayPal,COUPON-9Z9,17.49,AUD
681227,2024-01-27T10:14:53,2024-01-27,235,10,Online,Credit Card,COUPON--A9,12.02,AUD
681243,2024-01-27T19:39:45,2024-01-27,722,23,Online,Afterpay,COUPON0-A-,19.39,AUD
681329,2024-01-27T04:54:04,2024-01-27,724,49,Online,Credit Card,COUPON0Z90,0.63,AUD
681416,2024-01-27T14:32:47,2024-01-27,5,27,Retail,Credit Card,COUPONAZ0-,16.5,AUD
681565,2024-01-27T09:26:54,2024-01-27,376,27,Retail,Credit Card,COUPON9A0-,13.14,AUD
681613,2024-01-27T05:08:20,2024-01-27,146,35,Retail,PayPal,COUPON09Z-,18.22,AUD
681683,2024-01-27T05:03:01,2024-01-27,305,46,Retail,Credit Card,COUPON-9Z-,15.78,AUD
681768,2024-01-27T16:55:48,2024-01-27,93,13,Retail,Afterpay,COUPONZZAZ,3.38,AUD
681779,2024-01-27T02:05:47,2024-01-27,549,35,Retail,Afterpay,COUPON0--0,6.76,AUD
681824,2024-01-27T10:25:28,2024-01-27,547,16,Online,Credit Card,COUPON099-,10.97,AUD
681940,2024-01-27T09:26:45,2024-01-27,311,45,Online,Afterpay,COUPON9A-A,0.06,AUD
681953,2024-01-27T23:45:04,2024-01-27,310,9,Online,Afterpay,COUPON9-09,8.68,AUD
681960,2024-01-27T18:23:54,2024-01-27,395,32,Retail,PayPal,COUPON9Z9-,7.05,AUD
682043,2024-01-27T13:18:12,2024-01-27,148,5,Online,Afterpay,COUPON0AA9,8.45,AUD
682216,2024-01-27T15:04:04,2024-01-27,749,16,Online,PayPal,COUPON-0AA,7.91,AUD
682260,2024-01-27T10:13:57,2024-01-27,783,11,Online,Afterpay,COUPON--9A,15.35,AUD
682271,2024-01-27T03:56:28,2024-01-27,87,47,Retail,Afterpay,COUPON0ZAZ,7.81,AUD
682325,2024-01-27T16:11:28,2024-01-27,92,9,Retail,PayPal,COUPONAZ0-,14.05,AUD
682542,2024-01-27T09:27:13,2024-01-27,578,1,Retail,Credit Card,COUPON9A--,7.96,AUD
682563,2024-01-27T12:33:17,2024-01-27,249,10,Retail,PayPal,COUPON0--0,3.48,AUD
682584,2024-01-27T17:29:12,2024-01-27,431,27,Retail,Credit Card,COUPON-9Z0,19.98,AUD
682670,2024-01-27T09:33:33,2024-01-27,756,46,Online,PayPal,COUPON-Z00,15.69,AUD
682755,2024-01-27T00:05:29,2024-01-27,369,42,Online,PayPal,COUPON009A,17.54,AUD
682784,2024-01-27T14:12:20,2024-01-27,725,13,Retail,PayPal,COUPONZ-9Z,9.43,AUD
682938,2024-01-27T10:54:44,2024-01-27,586,28,Online,PayPal,COUPONZ---,4.27,AUD
682962,2024-01-27T04:12:28,2024-01-27,53,45,Online,Credit Card,COUPON--A9,15.03,AUD
683016,2024-01-27T04:46:31,2024-01-27,144,32,Retail,Afterpay,COUPONAZ-Z,10.98,AUD
683052,2024-01-27T04:25:40,2024-01-27,628,48,Online,Afterpay,COUPONAA0-,10.25,AUD
683315,2024-01-27T20:31:24,2024-01-27,691,36,Online,Afterpay,COUPON---A,8.59,AUD
683342,2024-01-27T05:08:33,2024-01-27,364,11,Retail,PayPal,COUPONZA-Z,16.2,AUD
683562,2024-01-27T20:58:09,2024-01-27,365,23,Online,Afterpay,COUPON09ZZ,18.23,AUD
683586,2024-01-27T11:55:08,2024-01-27,137,1,Online,PayPal,COUPONZA--,2.52,AUD
683755,2024-01-27T22:54:09,2024-01-27,276,9,Retail,Afterpay,COUPONZ-AZ,18.46,AUD
683809,2024-01-27T19:55:04,2024-01-27,393,35,Online,PayPal,COUPON9090,13.01,AUD
683890,2024-01-27T09:37:13,2024-01-27,436,26,Retail,PayPal,COUPONZ009,13.12,AUD
683962,2024-01-27T18:09:35,2024-01-27,417,18,Retail,Credit Card,COUPON-99A,6.24,AUD
684164,2024-01-27T00:57:43,2024-01-27,465,30,Online,PayPal,COUPONZ-0-,7.06,AUD
684245,2024-01-27T10:25:16,2024-01-27,89,42,Online,PayPal,COUPON9ZA9,14.6,AUD
684312,2024-01-27T14:09:31,2024-01-27,495,45,Online,Credit Card,COUPONA0ZA,7.47,AUD
684421,2024-01-27T18:22:08,2024-01-27,406,21,Online,Afterpay,COUPON-0-Z,5.85,AUD
684677,2024-01-27T17:38:35,2024-01-27,396,22,Retail,PayPal,COUPON9A9Z,5.13,AUD
684686,2024-01-27T11:19:23,2024-01-27,475,49,Online,PayPal,COUPONA0Z0,5.3,AUD
684705,2024-01-27T10:05:18,2024-01-27,676,36,Online,Credit Card,COUPON9-9-,3.53,AUD
684771,2024-01-27T16:08:23,2024-01-27,55,27,Online,Credit Card,COUPON--A-,12.27,AUD
684896,2024-01-27T19:07:47,2024-01-27,394,5,Online,Afterpay,COUPON-ZA0,1.37,AUD
684975,2024-01-27T04:01:19,2024-01-27,394,38,Online,PayPal,COUPON-99-,8.16,AUD
684980,2024-01-27T00:12:07,2024-01-27,732,42,Online,Afterpay,COUPON0-A-,11.85,AUD
685314,2024-01-27T07:58:54,2024-01-27,613,18,Online,PayPal,COUPON9--9,13.08,AUD
685411,2024-01-27T05:55:08,2024-01-27,89,6,Online,PayPal,COUPON-90-,16.53,AUD
685569,2024-01-27T17:36:04,2024-01-27,638,46,Retail,Credit Card,COUPON--ZZ,2.1,AUD
685589,2024-01-27T07:04:01,2024-01-27,454,4,Online,Credit Card,COUPONZZ90,12.8,AUD
685720,2024-01-27T04:34:35,2024-01-27,514,29,Retail,PayPal,COUPON9Z9A,7.64,AUD
685808,2024-01-27T12:29:16,2024-01-27,605,19,Online,PayPal,COUPON09A-,6.44,AUD
685814,2024-01-27T18:54:01,2024-01-27,181,29,Online,Credit Card,COUPON09-Z,10.83,AUD
685913,2024-01-27T07:48:54,2024-01-27,698,39,Online,PayPal,COUPONZ09-,14.9,AUD
686026,2024-01-27T05:39:50,2024-01-27,590,5,Online,PayPal,COUPON900-,3.19,AUD
686146,2024-01-27T17:22:23,2024-01-27,257,23,Retail,Credit Card,COUPON-999,7.89,AUD
686256,2024-01-27T18:02:29,2024-01-27,632,41,Online,Afterpay,COUPON---A,4.97,AUD
686482,2024-01-27T15:43:28,2024-01-27,720,1,Online,Credit Card,COUPONAZ-Z,1.46,AUD
686494,2024-01-27T22:28:31,2024-01-27,597,12,Online,Credit Card,COUPON---A,18.21,AUD
686541,2024-01-27T14:05:21,2024-01-27,605,43,Retail,PayPal,COUPON-A0-,4.79,AUD
686817,2024-01-27T00:38:11,2024-01-27,656,22,Online,Afterpay,COUPONAZ00,14.2,AUD
686822,2024-01-27T08:28:19,2024-01-27,577,1,Online,PayPal,COUPON00-Z,0.02,AUD
686882,2024-01-27T19:08:54,2024-01-27,648,29,Online,PayPal,COUPON-0-0,7.08,AUD
687072,2024-01-27T14:43:46,2024-01-27,83,2,Retail,PayPal,COUPON-0AZ,13.81,AUD
687103,2024-01-27T15:12:57,2024-01-27,772,18,Retail,Afterpay,COUPON909-,12.89,AUD
687176,2024-01-27T20:21:33,2024-01-27,565,8,Online,Afterpay,COUPON---Z,19.35,AUD
687192,2024-01-27T11:47:06,2024-01-27,156,10,Online,PayPal,COUPON9A0-,0.17,AUD
687481,2024-01-27T22:23:07,2024-01-27,264,29,Online,PayPal,COUPON---9,2.84,AUD
687576,2024-01-27T19:09:47,2024-01-27,54,1,Online,PayPal,COUPON0ZZ-,5.33,AUD
687631,2024-01-27T11:57:49,2024-01-27,726,49,Retail,PayPal,COUPON-99-,12.21,AUD
687743,2024-01-27T17:42:20,2024-01-27,283,41,Retail,Afterpay,COUPONAZ-0,17.16,AUD
687830,2024-01-27T14:47:51,2024-01-27,525,49,Retail,Credit Card,COUPON0--9,11.88,AUD
687934,2024-01-27T15:05:36,2024-01-27,503,8,Online,Credit Card,COUPONZ-0-,18.06,AUD
688058,2024-01-27T21:44:14,2024-01-27,84,29,Retail,Afterpay,COUPON9999,19.13,AUD
688078,2024-01-27T10:14:35,2024-01-27,565,16,Retail,Credit Card,COUPON-9AA,4.85,AUD
688214,2024-01-27T01:38:32,2024-01-27,674,10,Retail,Afterpay,COUPON-ZZ-,8.56,AUD
688247,2024-01-27T11:46:44,2024-01-27,744,15,Retail,PayPal,COUPONA-9-,9.38,AUD
688520,2024-01-27T01:30:59,2024-01-27,101,19,Online,Afterpay,COUPONAA--,6.24,AUD
688605,2024-01-27T01:38:37,2024-01-27,31,12,Online,Afterpay,COUPON99-9,17.02,AUD
688716,2024-01-27T14:30:52,2024-01-27,81,25,Online,Credit Card,COUPONZ-A-,4.63,AUD
688778,2024-01-27T17:13:49,2024-01-27,640,47,Online,Afterpay,COUPON9A0Z,18.84,AUD
688797,2024-01-27T11:15:51,2024-01-27,241,28,Online,Afterpay,COUPON9ZZ-,12.52,AUD
688997,2024-01-27T10:09:31,2024-01-27,644,47,Online,Afterpay,COUPON-A9A,5.15,AUD
689150,2024-01-27T23:47:51,2024-01-27,118,13,Retail,PayPal,COUPON-0AA,5.64,AUD
689356,2024-01-27T14:35:15,2024-01-27,36,44,Online,Credit Card,COUPON0--0,1.43,AUD
689358,2024-01-27T06:52:06,2024-01-27,275,21,Online,Afterpay,COUPON099-,4.88,AUD
689584,2024-01-27T21:44:09,2024-01-27,419,35,Online,Credit Card,COUPONA0-9,16.02,AUD
689587,2024-01-27T07:27:20,2024-01-27,648,44,Retail,PayPal,COUPONA0ZA,8.84,AUD
689866,2024-01-27T13:53:16,2024-01-27,731,16,Retail,PayPal,COUPONZZ9Z,6.22,AUD
689955,2024-01-27T10:08:38,2024-01-27,103,47,Online,Afterpay,COUPON9-9-,1.62,AUD
689961,2024-01-27T15:47:04,2024-01-27,275,8,Online,Credit Card,COUPON9-99,5.05,AUD
689965,2024-01-27T15:40:32,2024-01-27,143,38,Retail,PayPal,COUPONZ099,7.95,AUD
689979,2024-01-27T12:30:22,2024-01-27,385,22,Retail,PayPal,COUPON-Z-0,12.67,AUD
689996,2024-01-27T02:06:10,2024-01-27,756,49,Online,PayPal,COUPONA---,15.62,AUD
690182,2024-01-27T02:20:49,2024-01-27,552,43,Online,Credit Card,COUPONA---,14.74,AUD
690194,2024-01-27T04:22:48,2024-01-27,626,29,Retail,Credit Card,COUPONZ--9,1.01,AUD
690238,2024-01-27T17:50:15,2024-01-27,43,24,Online,Credit Card,COUPON0--9,15.79,AUD
690392,2024-01-27T20:08:50,2024-01-27,117,28,Online,PayPal,COUPONA--9,5.37,AUD
690426,2024-01-27T08:26:45,2024-01-27,144,41,Online,Credit Card,COUPONZZ99,0.69,AUD
690429,2024-01-27T01:54:51,2024-01-27,124,25,Online,Afterpay,COUPON9999,11.18,AUD
690506,2024-01-27T18:44:31,2024-01-27,740,30,Online,Afterpay,COUPON-0-Z,0.63,AUD
690559,2024-01-27T03:55:51,2024-01-27,624,7,Retail,Afterpay,COUPONAZ9A,12.64,AUD
690729,2024-01-27T18:05:34,2024-01-27,92,48,Online,Credit Card,COUPON-A99,10.76,AUD
690755,2024-01-27T16:46:29,2024-01-27,621,29,Online,Credit Card,COUPON0AAA,3.54,AUD
690818,2024-01-27T05:06:54,2024-01-27,395,48,Online,Credit Card,COUPON9-9A,16.22,AUD
690913,2024-01-27T23:12:53,2024-01-27,686,2,Online,Afterpay,COUPON-AZZ,17.25,AUD
690920,2024-01-27T12:11:17,2024-01-27,522,3,Online,Afterpay,COUPON9-09,11.27,AUD
690978,2024-01-27T21:49:56,2024-01-27,473,3,Online,PayPal,COUPON-9-0,10.11,AUD
690988,2024-01-27T21:05:58,2024-01-27,393,41,Retail,PayPal,COUPON9-Z0,18.04,AUD
690994,2024-01-27T11:40:10,2024-01-27,516,21,Retail,PayPal,COUPON90-0,3.08,AUD
691025,2024-01-27T17:57:03,2024-01-27,13,20,Online,Afterpay,COUPON--AA,6.31,AUD
691042,2024-01-27T22:45:49,2024-01-27,451,38,Retail,Credit Card,COUPONAAZ0,15.54,AUD
691163,2024-01-27T01:38:33,2024-01-27,412,41,Online,Afterpay,COUPON---0,5.83,AUD
691224,2024-01-27T14:56:39,2024-01-27,462,35,Online,PayPal,COUPON---A,17.56,AUD
691269,2024-01-27T21:40:05,2024-01-27,485,26,Retail,Credit Card,COUPONA-Z0,12.63,AUD
691297,2024-01-27T02:48:37,2024-01-27,143,45,Online,Afterpay,COUPONA-90,9.85,AUD
691383,2024-01-27T08:59:07,2024-01-27,302,28,Online,Credit Card,COUPONA9-Z,5.72,AUD
691519,2024-01-27T11:47:36,2024-01-27,81,4,Retail,Credit Card,COUPON--9-,3.02,AUD
691613,2024-01-27T06:31:49,2024-01-27,487,11,Online,PayPal,COUPON---Z,7.61,AUD
691650,2024-01-27T04:38:25,2024-01-27,27,3,Online,Afterpay,COUPON-9--,17.81,AUD
691669,2024-01-27T01:56:22,2024-01-27,580,3,Retail,Afterpay,COUPON09-Z,11.86,AUD
691693,2024-01-27T11:21:42,2024-01-27,698,38,Retail,PayPal,COUPON-900,8.62,AUD
691838,2024-01-27T06:48:33,2024-01-27,428,22,Online,Credit Card,COUPONZ9--,0.7,AUD
692121,2024-01-27T15:26:49,2024-01-27,784,6,Online,PayPal,COUPONZ9A-,1.03,AUD
692164,2024-01-27T16:44:42,2024-01-27,380,15,Online,Credit Card,COUPON-Z99,1.25,AUD
692237,2024-01-27T05:44:37,2024-01-27,419,35,Online,PayPal,COUPON9AAA,3.73,AUD
692446,2024-01-27T11:30:52,2024-01-27,608,7,Online,PayPal,COUPONZ0--,19.03,AUD
692479,2024-01-27T06:01:28,2024-01-27,432,30,Online,Afterpay,COUPONA09-,8.1,AUD
692525,2024-01-27T22:14:05,2024-01-27,469,33,Online,PayPal,COUPON-Z-A,14.57,AUD
692569,2024-01-27T12:27:05,2024-01-27,547,48,Online,Afterpay,COUPONA9-0,9.82,AUD
692594,2024-01-27T15:04:02,2024-01-27,454,34,Online,PayPal,COUPON-Z-Z,16.6,AUD
692787,2024-01-27T20:29:58,2024-01-27,508,18,Online,Credit Card,COUPON-AA-,15.3,AUD
692876,2024-01-27T01:50:16,2024-01-27,340,20,Retail,PayPal,COUPONZ999,1.83,AUD
692937,2024-01-27T18:15:18,2024-01-27,471,22,Online,Credit Card,COUPON0A-0,6.3,AUD
692968,2024-01-27T03:33:42,2024-01-27,527,34,Retail,PayPal,COUPON-0ZA,1.01,AUD
693191,2024-01-27T07:00:23,2024-01-27,21,37,Online,Afterpay,COUPON909-,4.12,AUD
693514,2024-01-27T08:18:59,2024-01-27,70,2,Retail,Afterpay,COUPON9-9-,10.29,AUD
693530,2024-01-27T12:21:11,2024-01-27,275,20,Retail,PayPal,COUPONAZA9,0.68,AUD
693559,2024-01-27T13:11:58,2024-01-27,556,41,Online,Credit Card,COUPON--Z-,11.03,AUD
693633,2024-01-27T15:09:00,2024-01-27,336,6,Online,Afterpay,COUPON9Z0-,2.55,AUD
693849,2024-01-27T10:15:10,2024-01-27,310,11,Online,PayPal,COUPON0-ZA,1.24,AUD
693897,2024-01-27T02:49:47,2024-01-27,486,19,Retail,Credit Card,COUPON9--A,11.69,AUD
694056,2024-01-27T19:41:47,2024-01-27,202,46,Online,Afterpay,COUPONZ--A,8.03,AUD
694071,2024-01-27T18:49:54,2024-01-27,128,10,Retail,PayPal,COUPON-09-,14.94,AUD
694095,2024-01-27T23:11:45,2024-01-27,362,12,Online,Afterpay,COUPON0Z--,8.52,AUD
694103,2024-01-27T01:44:19,2024-01-27,352,13,Online,Credit Card,COUPONZA0Z,2.69,AUD
694112,2024-01-27T09:52:20,2024-01-27,153,42,Retail,Afterpay,COUPON-9-0,6.81,AUD
694402,2024-01-27T13:54:47,2024-01-27,69,6,Retail,Afterpay,COUPON0-0Z,17.8,AUD
694444,2024-01-27T13:08:07,2024-01-27,363,29,Retail,Credit Card,COUPONA9Z0,8.0,AUD
694456,2024-01-27T12:45:49,2024-01-27,23,47,Online,Afterpay,COUPON9-A9,16.63,AUD
694740,2024-01-27T05:04:52,2024-01-27,709,12,Online,Afterpay,COUPON0-A-,13.54,AUD
694829,2024-01-27T07:41:59,2024-01-27,220,48,Online,Credit Card,COUPONA0ZZ,12.55,AUD
694856,2024-01-27T23:05:33,2024-01-27,90,34,Retail,Credit Card,COUPON9Z0A,4.67,AUD
694862,2024-01-27T17:12:45,2024-01-27,625,12,Online,Credit Card,COUPON09-0,16.95,AUD
694988,2024-01-27T14:16:35,2024-01-27,312,11,Retail,PayPal,COUPONAAZA,0.68,AUD
695008,2024-01-27T17:15:15,2024-01-27,774,7,Retail,Afterpay,COUPON00-9,12.49,AUD
695200,2024-01-27T17:13:23,2024-01-27,303,36,Retail,Afterpay,COUPON0-AA,5.11,AUD
695286,2024-01-27T09:44:50,2024-01-27,641,16,Retail,PayPal,COUPON---A,0.63,AUD
695366,2024-01-27T09:12:25,2024-01-27,273,16,Online,Credit Card,COUPON0-AA,19.96,AUD
695371,2024-01-27T23:52:54,2024-01-27,627,10,Online,Credit Card,COUPON9ZA0,2.17,AUD
695527,2024-01-27T18:51:36,2024-01-27,560,34,Online,PayPal,COUPONA9Z9,8.3,AUD
695531,2024-01-27T05:33:26,2024-01-27,417,2,Online,PayPal,COUPON90A-,16.68,AUD
695634,2024-01-27T09:34:22,2024-01-27,727,19,Retail,Credit Card,COUPON0Z0-,1.79,AUD
695931,2024-01-27T10:36:13,2024-01-27,85,35,Retail,Credit Card,COUPON0Z0-,14.38,AUD
695943,2024-01-27T11:06:49,2024-01-27,336,28,Retail,Credit Card,COUPON9A-Z,4.69,AUD
695971,2024-01-27T03:55:20,2024-01-27,260,18,Online,Afterpay,COUPONA-AA,19.7,AUD
696041,2024-01-27T12:01:30,2024-01-27,720,4,Retail,Afterpay,COUPONZZ--,2.75,AUD
696282,2024-01-27T09:13:52,2024-01-27,313,18,Online,PayPal,COUPON-0-9,5.47,AUD
696296,2024-01-27T05:47:11,2024-01-27,215,31,Retail,Credit Card,COUPONZA9-,0.87,AUD
696369,2024-01-27T17:30:01,2024-01-27,541,13,Retail,Credit Card,COUPON--00,18.27,AUD
696469,2024-01-27T13:17:51,2024-01-27,628,24,Retail,Afterpay,COUPONZ-00,18.39,AUD
696474,2024-01-27T09:30:04,2024-01-27,725,33,Retail,Credit Card,COUPON9Z-Z,17.43,AUD
696478,2024-01-27T22:01:43,2024-01-27,680,16,Retail,PayPal,COUPON--ZZ,14.15,AUD
696563,2024-01-27T03:07:13,2024-01-27,448,26,Retail,PayPal,COUPON-ZZ0,17.2,AUD
696592,2024-01-27T05:18:44,2024-01-27,352,10,Retail,Credit Card,COUPON0A--,1.17,AUD
696767,2024-01-27T23:17:43,2024-01-27,384,49,Retail,Afterpay,COUPON0-Z9,6.93,AUD
696889,2024-01-27T14:13:36,2024-01-27,91,35,Online,PayPal,COUPON-00Z,12.47,AUD
697115,2024-01-27T00:37:19,2024-01-27,87,14,Retail,Afterpay,COUPON9A-0,12.79,AUD
697168,2024-01-27T07:35:54,2024-01-27,465,12,Online,Credit Card,COUPON9-Z9,3.99,AUD
697231,2024-01-27T13:47:44,2024-01-27,618,17,Retail,PayPal,COUPON090-,6.55,AUD
697341,2024-01-27T01:00:28,2024-01-27,193,26,Retail,Credit Card,COUPONZ--0,17.96,AUD
697348,2024-01-27T23:35:12,2024-01-27,717,20,Retail,Afterpay,COUPON-A-9,4.56,AUD
697353,2024-01-27T21:16:51,2024-01-27,622,31,Retail,PayPal,COUPONAAA-,4.74,AUD
697396,2024-01-27T06:25:12,2024-01-27,210,15,Online,Afterpay,COUPON-0A-,4.29,AUD
697430,2024-01-27T14:47:07,2024-01-27,519,44,Retail,Afterpay,COUPON-0-Z,3.06,AUD
697449,2024-01-27T21:30:02,2024-01-27,281,1,Online,Credit Card,COUPONZ--9,18.87,AUD
697459,2024-01-27T21:44:14,2024-01-27,542,37,Online,Afterpay,COUPONAA90,12.04,AUD
697556,2024-01-27T13:39:41,2024-01-27,665,46,Retail,PayPal,COUPON-9-Z,8.0,AUD
697558,2024-01-27T01:49:32,2024-01-27,768,39,Online,Credit Card,COUPON99-A,10.26,AUD
697602,2024-01-27T01:15:31,2024-01-27,318,46,Online,PayPal,COUPONAA0-,8.34,AUD
697620,2024-01-27T03:56:19,2024-01-27,222,20,Online,Credit Card,COUPONA9-Z,4.4,AUD
697627,2024-01-27T12:17:19,2024-01-27,3,15,Online,Afterpay,COUPONZ099,5.27,AUD
697822,2024-01-27T01:31:22,2024-01-27,679,14,Online,PayPal,COUPONA9-Z,6.2,AUD
697824,2024-01-27T20:44:46,2024-01-27,627,33,Online,Credit Card,COUPONA--A,16.37,AUD
697986,2024-01-27T22:27:14,2024-01-27,149,29,Online,PayPal,COUPONAA9-,19.19,AUD
698034,2024-01-27T17:30:53,2024-01-27,51,38,Retail,Afterpay,COUPONZ99Z,16.94,AUD
698060,2024-01-27T18:08:57,2024-01-27,342,20,Retail,Credit Card,COUPONA-9-,10.3,AUD
698104,2024-01-27T02:33:55,2024-01-27,535,21,Retail,Afterpay,COUPON----,9.49,AUD
698206,2024-01-27T14:44:51,2024-01-27,518,34,Online,Afterpay,COUPON00--,10.34,AUD
698281,2024-01-27T05:34:06,2024-01-27,55,22,Online,PayPal,COUPON0-Z-,6.5,AUD
698527,2024-01-27T09:16:39,2024-01-27,144,9,Online,Afterpay,COUPON---A,12.36,AUD
698603,2024-01-27T13:40:04,2024-01-27,114,6,Online,Afterpay,COUPON0A0Z,10.41,AUD
698705,2024-01-27T08:10:31,2024-01-27,314,18,Retail,Afterpay,COUPONZAAA,18.07,AUD
698817,2024-01-27T22:03:44,2024-01-27,574,5,Online,PayPal,COUPON-ZA-,1.41,AUD
698819,2024-01-27T18:17:28,2024-01-27,453,7,Retail,Afterpay,COUPONA09-,1.97,AUD
698859,2024-01-27T17:34:59,2024-01-27,370,28,Retail,PayPal,COUPON-99Z,5.1,AUD
698957,2024-01-27T17:16:59,2024-01-27,37,6,Retail,PayPal,COUPON09-9,6.36,AUD
698999,2024-01-27T18:07:58,2024-01-27,668,14,Online,Afterpay,COUPON-99-,6.17,AUD
699005,2024-01-27T01:21:42,2024-01-27,351,33,Retail,Credit Card,COUPON0-AA,3.61,AUD
699018,2024-01-27T08:55:09,2024-01-27,336,42,Online,Credit Card,COUPON9-Z9,19.33,AUD
699203,2024-01-27T06:12:03,2024-01-27,319,7,Retail,Credit Card,COUPONZ--9,0.68,AUD
699399,2024-01-27T14:56:55,2024-01-27,746,33,Online,PayPal,COUPON0Z00,16.31,AUD
699457,2024-01-27T09:51:10,2024-01-27,777,42,Online,PayPal,COUPONZAA-,2.06,AUD
699500,2024-01-27T07:51:41,2024-01-27,696,6,Online,PayPal,COUPONZ9-0,13.54,AUD
699513,2024-01-27T23:55:37,2024-01-27,69,22,Online,PayPal,COUPON----,1.36,AUD
699544,2024-01-27T05:42:46,2024-01-27,24,33,Online,Credit Card,COUPONA--A,0.05,AUD
699546,2024-01-27T11:15:15,2024-01-27,43,27,Online,Afterpay,COUPON-Z-Z,12.74,AUD
699782,2024-01-27T14:40:28,2024-01-27,1,42,Retail,Credit Card,COUPON---Z,10.9,AUD
699838,2024-01-27T13:34:15,2024-01-27,765,16,Online,Afterpay,COUPONA-ZZ,11.01,AUD
699839,2024-01-27T16:09:09,2024-01-27,214,15,Online,Credit Card,COUPON990-,5.59,AUD
699888,2024-01-27T11:12:17,2024-01-27,620,39,Online,Credit Card,COUPON90Z9,15.7,AUD
699917,2024-01-27T09:21:46,2024-01-27,476,14,Retail,PayPal,COUPON9ZA0,3.17,AUD
699994,2024-01-27T14:10:25,2024-01-27,80,14,Online,Afterpay,COUPON9A--,12.86,AUD
700023,2024-01-27T16:51:54,2024-01-27,276,32,Online,PayPal,COUPON-00Z,0.64,AUD
700081,2024-01-27T23:20:59,2024-01-27,406,49,Retail,Afterpay,COUPONZ9Z-,19.06,AUD
700123,2024-01-27T04:42:52,2024-01-27,507,45,Retail,Afterpay,COUPON-099,13.42,AUD
700210,2024-01-27T22:50:46,2024-01-27,244,19,Retail,Afterpay,COUPON-A9-,5.01,AUD
700224,2024-01-27T12:39:10,2024-01-27,54,1,Retail,Afterpay,COUPONZ-9-,16.74,AUD
700402,2024-01-27T18:56:23,2024-01-27,156,37,Retail,PayPal,COUPON0---,1.52,AUD
700405,2024-01-27T03:48:13,2024-01-27,185,6,Retail,Credit Card,COUPON-9Z-,5.02,AUD
700437,2024-01-27T03:15:57,2024-01-27,291,22,Retail,Afterpay,COUPON9-AZ,16.48,AUD
700508,2024-01-27T05:37:19,2024-01-27,795,15,Online,PayPal,COUPONA99-,12.28,AUD
700745,2024-01-27T06:19:13,2024-01-27,242,18,Retail,Credit Card,COUPON--A9,7.51,AUD
700751,2024-01-27T08:11:24,2024-01-27,329,11,Retail,Credit Card,COUPON9---,12.4,AUD
700822,2024-01-27T09:51:35,2024-01-27,79,24,Retail,Credit Card,COUPONZ09-,12.45,AUD
701066,2024-01-27T21:26:13,2024-01-27,526,19,Retail,PayPal,COUPON-00Z,18.3,AUD
701092,2024-01-27T11:20:50,2024-01-27,329,30,Retail,Credit Card,COUPON9-0-,10.07,AUD
701225,2024-01-27T06:51:12,2024-01-27,482,42,Retail,Credit Card,COUPONA9AA,8.14,AUD
701324,2024-01-27T06:08:13,2024-01-27,71,34,Online,Credit Card,COUPON-09Z,5.1,AUD
701422,2024-01-27T12:55:54,2024-01-27,94,18,Online,Afterpay,COUPONZ-90,11.86,AUD
701464,2024-01-27T19:15:46,2024-01-27,161,25,Retail,PayPal,COUPON00ZA,4.26,AUD
701600,2024-01-27T13:29:45,2024-01-27,799,1,Online,Credit Card,COUPON-Z0-,4.08,AUD
701700,2024-01-27T06:09:51,2024-01-27,373,32,Retail,Afterpay,COUPON-Z9-,7.45,AUD
702106,2024-01-27T21:09:22,2024-01-27,70,22,Online,PayPal,COUPON0---,19.23,AUD
702143,2024-01-27T20:34:32,2024-01-27,713,4,Retail,PayPal,COUPON0Z-9,16.01,AUD
702185,2024-01-27T21:02:31,2024-01-27,34,18,Online,Afterpay,COUPON99AZ,1.23,AUD
702353,2024-01-27T15:44:03,2024-01-27,232,24,Retail,PayPal,COUPONA--9,4.23,AUD
702474,2024-01-27T17:29:01,2024-01-27,77,11,Online,Afterpay,COUPON-ZZ0,8.03,AUD
702485,2024-01-27T12:21:21,2024-01-27,783,12,Retail,PayPal,COUPON-Z-A,1.75,AUD
702493,2024-01-27T12:27:52,2024-01-27,470,45,Online,PayPal,COUPON0Z99,11.48,AUD
702677,2024-01-27T07:27:15,2024-01-27,734,31,Retail,Afterpay,COUPON9A-0,16.4,AUD
702692,2024-01-27T01:26:57,2024-01-27,184,45,Retail,Credit Card,COUPON9A0-,2.62,AUD
702696,2024-01-27T13:45:00,2024-01-27,149,29,Online,PayPal,COUPONA00-,10.93,AUD
702705,2024-01-27T00:05:21,2024-01-27,305,20,Online,Credit Card,COUPONA0A0,7.7,AUD
702828,2024-01-27T06:47:40,2024-01-27,253,49,Online,PayPal,COUPON-0--,5.77,AUD
702957,2024-01-27T07:35:36,2024-01-27,725,41,Online,PayPal,COUPONA--0,19.05,AUD
703041,2024-01-27T15:43:28,2024-01-27,340,11,Online,Credit Card,COUPONZ0Z-,6.34,AUD
703053,2024-01-27T19:26:01,2024-01-27,774,44,Online,PayPal,COUPONZ--0,0.12,AUD
703072,2024-01-27T20:51:56,2024-01-27,682,38,Retail,Afterpay,COUPON9--0,15.46,AUD
703159,2024-01-27T08:08:10,2024-01-27,665,45,Retail,Afterpay,COUPON--AZ,17.27,AUD
703350,2024-01-27T21:42:12,2024-01-27,222,35,Online,PayPal,COUPONZ-9-,3.42,AUD
703433,2024-01-27T06:26:05,2024-01-27,675,6,Online,PayPal,COUPON9ZZA,3.22,AUD
703531,2024-01-27T23:49:30,2024-01-27,205,12,Online,PayPal,COUPONA0A9,12.4,AUD
703586,2024-01-27T15:54:14,2024-01-27,430,35,Retail,Credit Card,COUPON-Z--,15.73,AUD
703644,2024-01-27T15:48:19,2024-01-27,713,43,Online,Credit Card,COUPONZ9A0,8.35,AUD
704057,2024-01-27T09:03:22,2024-01-27,397,4,Online,PayPal,COUPON90Z-,1.71,AUD
704269,2024-01-27T08:28:02,2024-01-27,606,42,Online,Credit Card,COUPONAZ-Z,7.75,AUD
704314,2024-01-27T05:30:40,2024-01-27,324,31,Online,PayPal,COUPONZ---,6.48,AUD
704401,2024-01-27T05:27:30,2024-01-27,620,15,Retail,PayPal,COUPONA0A9,8.13,AUD
704449,2024-01-27T03:20:21,2024-01-27,775,33,Online,PayPal,COUPON-A--,6.8,AUD
704488,2024-01-27T15:15:22,2024-01-27,213,14,Retail,Afterpay,COUPON--A9,14.55,AUD
704548,2024-01-27T05:43:02,2024-01-27,635,21,Retail,Credit Card,COUPONA---,5.32,AUD
704592,2024-01-27T00:38:56,2024-01-27,69,32,Online,PayPal,COUPON9--9,6.19,AUD
704636,2024-01-27T10:28:58,2024-01-27,450,41,Online,Credit Card,COUPONZZ--,9.03,AUD
704666,2024-01-27T05:38:12,2024-01-27,461,39,Retail,PayPal,COUPONZ90A,1.29,AUD
704786,2024-01-27T14:06:50,2024-01-27,150,22,Online,Afterpay,COUPON-9AZ,3.98,AUD
704811,2024-01-27T02:15:35,2024-01-27,350,7,Retail,Credit Card,COUPON0-9-,16.88,AUD
705081,2024-01-27T15:00:07,2024-01-27,618,8,Online,Credit Card,COUPON-0Z9,6.3,AUD
705227,2024-01-27T03:46:16,2024-01-27,122,32,Online,Credit Card,COUPON0Z9A,19.78,AUD
705250,2024-01-27T23:10:37,2024-01-27,325,28,Retail,Afterpay,COUPON--9A,3.58,AUD
705278,2024-01-27T17:38:19,2024-01-27,242,42,Retail,Afterpay,COUPON99ZZ,2.1,AUD
705326,2024-01-27T14:38:49,2024-01-27,393,37,Online,Afterpay,COUPONAAA0,7.32,AUD
705506,2024-01-27T07:02:16,2024-01-27,587,28,Retail,PayPal,COUPON099Z,15.2,AUD
705558,2024-01-27T03:54:51,2024-01-27,511,24,Retail,Afterpay,COUPON--Z-,5.22,AUD
705592,2024-01-27T12:42:35,2024-01-27,484,44,Online,PayPal,COUPON-Z9-,2.57,AUD
705670,2024-01-27T16:13:19,2024-01-27,206,25,Retail,Credit Card,COUPONA-Z-,10.58,AUD
705813,2024-01-27T11:34:43,2024-01-27,780,41,Retail,PayPal,COUPON9-A9,5.86,AUD
705895,2024-01-27T05:54:08,2024-01-27,357,34,Online,Credit Card,COUPON-0AA,16.08,AUD
705995,2024-01-27T13:14:54,2024-01-27,281,10,Retail,Afterpay,COUPON-ZA-,9.24,AUD
706081,2024-01-27T00:45:01,2024-01-27,729,35,Retail,PayPal,COUPON9A00,13.29,AUD
706162,2024-01-27T16:35:10,2024-01-27,118,29,Retail,PayPal,COUPONZA-0,3.97,AUD
706486,2024-01-27T03:32:59,2024-01-27,452,14,Online,PayPal,COUPON900-,14.4,AUD
706498,2024-01-27T22:43:45,2024-01-27,523,30,Retail,Credit Card,COUPON0---,7.22,AUD
706534,2024-01-27T00:52:36,2024-01-27,491,44,Online,Afterpay,COUPONAZ0Z,0.56,AUD
706582,2024-01-27T09:29:49,2024-01-27,440,47,Retail,Credit Card,COUPON09Z-,16.13,AUD
706611,2024-01-27T04:43:58,2024-01-27,325,6,Retail,Credit Card,COUPONA-09,14.62,AUD
706750,2024-01-27T08:25:43,2024-01-27,493,35,Online,Credit Card,COUPONZZZ-,3.58,AUD
706800,2024-01-27T23:54:17,2024-01-27,80,40,Online,PayPal,COUPON0ZA-,18.87,AUD
706987,2024-01-27T11:45:36,2024-01-27,308,36,Retail,PayPal,COUPONA0-9,7.81,AUD
707003,2024-01-27T04:39:30,2024-01-27,512,44,Retail,Credit Card,COUPON-0-Z,13.24,AUD
707091,2024-01-27T17:54:10,2024-01-27,666,44,Retail,Credit Card,COUPON---Z,13.26,AUD
707127,2024-01-27T04:46:29,2024-01-27,681,4,Online,Afterpay,COUPON----,11.36,AUD
707209,2024-01-27T05:15:53,2024-01-27,142,43,Online,Credit Card,COUPON-A-A,1.48,AUD
707253,2024-01-27T01:20:43,2024-01-27,395,48,Retail,Afterpay,COUPONA-A-,6.54,AUD
707347,2024-01-27T21:08:19,2024-01-27,139,30,Retail,PayPal,COUPONZAAZ,3.64,AUD
707526,2024-01-27T10:30:57,2024-01-27,733,15,Retail,Afterpay,COUPONA0AA,2.59,AUD
707597,2024-01-27T21:46:05,2024-01-27,641,41,Retail,Afterpay,COUPON----,5.09,AUD
707672,2024-01-27T01:19:30,2024-01-27,669,42,Retail,PayPal,COUPON00Z0,15.19,AUD
707678,2024-01-27T13:20:50,2024-01-27,586,49,Retail,Afterpay,COUPONA-Z9,5.52,AUD
707942,2024-01-27T22:29:44,2024-01-27,718,13,Retail,PayPal,COUPON-AA-,16.18,AUD
708026,2024-01-27T08:05:28,2024-01-27,270,15,Online,Credit Card,COUPONA9--,3.71,AUD
708044,2024-01-27T18:20:21,2024-01-27,340,48,Online,PayPal,COUPONA9AA,1.5,AUD
708081,2024-01-27T15:20:37,2024-01-27,511,45,Retail,PayPal,COUPON-Z0A,10.27,AUD
708115,2024-01-27T10:14:57,2024-01-27,477,26,Online,Afterpay,COUPON-A-0,18.38,AUD
708143,2024-01-27T20:42:14,2024-01-27,794,42,Retail,Credit Card,COUPON9--9,3.66,AUD
708223,2024-01-27T02:43:31,2024-01-27,301,35,Online,PayPal,COUPON9ZZ9,16.43,AUD
708258,2024-01-27T06:00:52,2024-01-27,688,40,Online,Credit Card,COUPONZ0ZZ,1.27,AUD
708305,2024-01-27T03:54:44,2024-01-27,643,42,Online,Afterpay,COUPONZ909,12.16,AUD
708421,2024-01-27T02:32:16,2024-01-27,10,12,Online,Afterpay,COUPON-A99,6.49,AUD
708560,2024-01-27T17:23:17,2024-01-27,355,27,Online,Afterpay,COUPON0--0,4.45,AUD
708569,2024-01-27T21:03:31,2024-01-27,395,34,Retail,Afterpay,COUPON-A--,19.73,AUD
708697,2024-01-27T21:42:03,2024-01-27,312,3,Retail,PayPal,COUPON-0-0,16.65,AUD
708752,2024-01-27T21:55:24,2024-01-27,518,16,Retail,Afterpay,COUPON99--,11.86,AUD
708853,2024-01-27T02:50:56,2024-01-27,719,40,Retail,PayPal,COUPON99--,16.09,AUD
709033,2024-01-27T03:01:55,2024-01-27,564,31,Online,Afterpay,COUPONAZ--,4.0,AUD
709073,2024-01-27T15:37:16,2024-01-27,307,7,Online,Credit Card,COUPON0Z0A,11.72,AUD
709379,2024-01-27T08:32:58,2024-01-27,591,11,Online,Afterpay,COUPON00Z9,16.45,AUD
709483,2024-01-27T17:28:19,2024-01-27,216,8,Retail,Credit Card,COUPON---9,4.71,AUD
709494,2024-01-27T03:17:29,2024-01-27,370,24,Online,PayPal,COUPONA--Z,3.64,AUD
709564,2024-01-27T15:50:14,2024-01-27,80,12,Retail,PayPal,COUPON-A-0,18.8,AUD
709803,2024-01-27T15:36:37,2024-01-27,681,48,Retail,PayPal,COUPON0Z-Z,10.75,AUD
709831,2024-01-27T12:13:07,2024-01-27,466,41,Retail,Credit Card,COUPONZ0-Z,18.33,AUD
710041,2024-01-27T14:07:11,2024-01-27,223,4,Online,PayPal,COUPON090Z,7.84,AUD
710109,2024-01-27T10:40:07,2024-01-27,648,32,Retail,PayPal,COUPON-Z0A,7.25,AUD
710183,2024-01-27T05:31:27,2024-01-27,335,30,Online,PayPal,COUPON99A9,10.45,AUD
710195,2024-01-27T04:34:52,2024-01-27,83,5,Retail,Credit Card,COUPON---0,17.58,AUD
710325,2024-01-27T02:30:58,2024-01-27,675,24,Retail,PayPal,COUPON-9Z-,10.75,AUD
710465,2024-01-27T01:01:56,2024-01-27,445,29,Retail,PayPal,COUPON0--9,19.63,AUD
710477,2024-01-27T01:51:50,2024-01-27,637,8,Online,Afterpay,COUPON9000,1.98,AUD
710546,2024-01-27T02:28:31,2024-01-27,7,34,Retail,Afterpay,COUPON-A0A,3.13,AUD
710551,2024-01-27T13:04:33,2024-01-27,518,29,Online,Afterpay,COUPON0-A-,7.31,AUD
710641,2024-01-27T01:47:29,2024-01-27,416,33,Retail,Afterpay,COUPON9Z--,0.72,AUD
710670,2024-01-27T18:06:53,2024-01-27,241,19,Retail,Credit Card,COUPON0---,7.57,AUD
710682,2024-01-27T16:44:36,2024-01-27,467,8,Retail,PayPal,COUPON-A-9,5.91,AUD
710755,2024-01-27T09:35:51,2024-01-27,1,17,Retail,Afterpay,COUPON9--A,3.76,AUD
710819,2024-01-27T10:29:01,2024-01-27,98,40,Online,PayPal,COUPON--Z-,14.6,AUD
710834,2024-01-27T08:50:45,2024-01-27,557,8,Online,PayPal,COUPON9---,7.3,AUD
710889,2024-01-27T17:26:47,2024-01-27,98,16,Online,Credit Card,COUPON0-9A,19.36,AUD
710930,2024-01-27T01:27:09,2024-01-27,664,4,Retail,PayPal,COUPON--AA,1.71,AUD
711007,2024-01-27T02:01:39,2024-01-27,126,44,Online,Afterpay,COUPONAZA0,3.54,AUD
711036,2024-01-27T08:26:15,2024-01-27,782,4,Retail,PayPal,COUPONAA-Z,3.96,AUD
711051,2024-01-27T03:44:20,2024-01-27,558,7,Retail,Afterpay,COUPON9--0,11.38,AUD
711234,2024-01-27T08:22:06,2024-01-27,766,19,Retail,PayPal,COUPON--Z0,10.13,AUD
711260,2024-01-27T05:20:30,2024-01-27,426,40,Retail,Credit Card,COUPONA---,16.7,AUD
711347,2024-01-27T21:46:37,2024-01-27,330,48,Online,Afterpay,COUPON0-9A,5.06,AUD
711480,2024-01-27T10:09:44,2024-01-27,199,30,Online,PayPal,COUPONZZZ-,15.13,AUD
711530,2024-01-27T08:34:57,2024-01-27,366,15,Retail,Afterpay,COUPONA9-9,0.04,AUD
711546,2024-01-27T16:09:40,2024-01-27,724,49,Retail,Credit Card,COUPON9AZ-,5.71,AUD
711566,2024-01-27T07:31:18,2024-01-27,788,10,Online,PayPal,COUPON00-0,1.93,AUD
711599,2024-01-27T16:18:32,2024-01-27,218,31,Online,PayPal,COUPON0A-9,8.38,AUD
711633,2024-01-27T21:29:25,2024-01-27,319,1,Retail,PayPal,COUPON99--,8.1,AUD
711643,2024-01-27T14:41:51,2024-01-27,107,29,Online,Credit Card,COUPON09AZ,18.83,AUD
711695,2024-01-27T08:07:17,2024-01-27,478,34,Retail,Afterpay,COUPONZ-Z9,14.9,AUD
711701,2024-01-27T08:24:37,2024-01-27,702,14,Retail,Credit Card,COUPONAA-Z,5.12,AUD
711760,2024-01-27T14:43:34,2024-01-27,374,37,Retail,PayPal,COUPON99-9,11.77,AUD
711835,2024-01-27T01:52:19,2024-01-27,102,19,Retail,PayPal,COUPONZ-A0,18.29,AUD
711849,2024-01-27T19:04:03,2024-01-27,45,39,Online,Credit Card,COUPONA909,12.92,AUD
711910,2024-01-27T13:18:20,2024-01-27,361,5,Online,Afterpay,COUPONZ90Z,13.13,AUD
711968,2024-01-27T10:00:30,2024-01-27,421,19,Retail,Credit Card,COUPON00-Z,12.65,AUD
712087,2024-01-27T19:05:55,2024-01-27,647,33,Online,Credit Card,COUPON-A9Z,13.98,AUD
712102,2024-01-27T19:43:00,2024-01-27,541,24,Online,Afterpay,COUPON--9-,5.79,AUD
712120,2024-01-27T04:29:57,2024-01-27,611,8,Retail,Credit Card,COUPON-9-Z,6.15,AUD
712132,2024-01-27T06:23:00,2024-01-27,762,26,Retail,PayPal,COUPONZ-9Z,5.32,AUD
712377,2024-01-27T10:02:28,2024-01-27,281,7,Retail,PayPal,COUPONAZZZ,12.96,AUD
712521,2024-01-27T05:34:07,2024-01-27,653,4,Retail,Credit Card,COUPON9-9Z,6.37,AUD
712528,2024-01-27T00:10:12,2024-01-27,514,30,Online,PayPal,COUPON-99-,8.89,AUD
712537,2024-01-27T04:24:19,2024-01-27,410,6,Retail,Afterpay,COUPON99AZ,1.36,AUD
712633,2024-01-27T18:32:20,2024-01-27,609,48,Online,Afterpay,COUPONA--9,1.84,AUD
712807,2024-01-27T18:38:42,2024-01-27,50,10,Online,Credit Card,COUPONZ0-0,7.21,AUD
712874,2024-01-27T17:23:34,2024-01-27,129,5,Online,Afterpay,COUPONA-Z-,0.68,AUD
712899,2024-01-27T18:07:56,2024-01-27,701,23,Online,Credit Card,COUPON---0,9.47,AUD
713108,2024-01-27T17:48:41,2024-01-27,540,40,Online,Afterpay,COUPONZ-A0,16.35,AUD
713275,2024-01-27T14:51:07,2024-01-27,196,27,Online,Credit Card,COUPONZAZZ,18.64,AUD
713535,2024-01-27T05:13:14,2024-01-27,627,39,Online,PayPal,COUPON0ZAZ,4.01,AUD
713723,2024-01-27T12:53:24,2024-01-27,538,17,Retail,Credit Card,COUPONZ-9-,15.91,AUD
713731,2024-01-27T04:58:14,2024-01-27,257,28,Retail,PayPal,COUPONZ99-,2.62,AUD
713821,2024-01-27T14:39:32,2024-01-27,638,19,Retail,Credit Card,COUPON-A00,18.73,AUD
713827,2024-01-27T12:06:16,2024-01-27,362,29,Online,PayPal,COUPON-ZA9,13.86,AUD
713933,2024-01-27T17:19:39,2024-01-27,484,14,Retail,PayPal,COUPON-9A-,12.79,AUD
714212,2024-01-27T03:55:50,2024-01-27,709,20,Retail,Credit Card,COUPONAA-Z,3.35,AUD
714499,2024-01-27T17:18:00,2024-01-27,781,38,Retail,Credit Card,COUPON--9-,7.9,AUD
714587,2024-01-27T23:42:43,2024-01-27,5,5,Retail,Afterpay,COUPONA-Z-,4.57,AUD
714735,2024-01-27T15:05:51,2024-01-27,226,35,Retail,Afterpay,COUPON09Z-,5.91,AUD
714893,2024-01-27T00:03:54,2024-01-27,641,28,Online,Credit Card,COUPON-0-Z,8.48,AUD
714895,2024-01-27T10:58:50,2024-01-27,454,32,Online,Afterpay,COUPONZ--A,6.16,AUD
714916,2024-01-27T15:20:30,2024-01-27,774,33,Online,Afterpay,COUPON9ZZ-,16.36,AUD
715189,2024-01-27T08:58:28,2024-01-27,484,14,Retail,Credit Card,COUPONZZ9Z,18.35,AUD
715207,2024-01-27T07:20:06,2024-01-27,338,11,Retail,Credit Card,COUPONA09Z,1.11,AUD
715268,2024-01-27T10:08:41,2024-01-27,768,2,Retail,PayPal,COUPONZZ0A,2.2,AUD
715351,2024-01-27T22:36:46,2024-01-27,382,43,Online,Afterpay,COUPONA99-,1.95,AUD
715441,2024-01-27T20:53:58,2024-01-27,464,8,Online,Credit Card,COUPON0Z9A,3.93,AUD
715481,2024-01-27T17:59:50,2024-01-27,275,35,Retail,PayPal,COUPON-0Z-,7.75,AUD
715663,2024-01-27T23:29:10,2024-01-27,582,1,Retail,Afterpay,COUPON----,12.38,AUD
715709,2024-01-27T06:02:00,2024-01-27,694,1,Online,Credit Card,COUPON0--A,12.65,AUD
715723,2024-01-27T01:22:04,2024-01-27,236,10,Retail,Credit Card,COUPON0ZZA,19.14,AUD
715751,2024-01-27T00:01:25,2024-01-27,402,5,Online,PayPal,COUPONZ9-9,3.01,AUD
715764,2024-01-27T12:40:15,2024-01-27,316,21,Online,PayPal,COUPON--A-,4.01,AUD
715875,2024-01-27T01:45:19,2024-01-27,96,17,Retail,Credit Card,COUPON-A9-,2.92,AUD
716030,2024-01-27T04:07:15,2024-01-27,324,2,Retail,PayPal,COUPON--0A,16.4,AUD
716169,2024-01-27T10:50:44,2024-01-27,636,6,Retail,PayPal,COUPONZ-0-,12.56,AUD
716250,2024-01-27T19:19:51,2024-01-27,167,29,Retail,Afterpay,COUPONAAZ-,3.45,AUD
716451,2024-01-27T04:25:13,2024-01-27,197,13,Retail,Credit Card,COUPON-Z--,3.11,AUD
716511,2024-01-27T07:16:06,2024-01-27,621,11,Retail,Credit Card,COUPON90A9,8.85,AUD
716625,2024-01-27T14:13:45,2024-01-27,8,23,Retail,Afterpay,COUPON-9-9,8.89,AUD
716787,2024-01-27T11:48:19,2024-01-27,418,1,Retail,PayPal,COUPONA--0,0.79,AUD
716789,2024-01-27T14:34:06,2024-01-27,648,11,Online,Credit Card,COUPON-ZA-,9.09,AUD
716869,2024-01-27T11:16:30,2024-01-27,352,2,Retail,Credit Card,COUPONA--A,1.16,AUD
717016,2024-01-27T09:26:25,2024-01-27,305,41,Online,PayPal,COUPON999Z,13.74,AUD
717083,2024-01-27T18:33:39,2024-01-27,717,26,Online,PayPal,COUPONZ90A,0.76,AUD
717090,2024-01-27T21:31:21,2024-01-27,404,11,Retail,Afterpay,COUPON--A0,6.97,AUD
717172,2024-01-27T06:45:38,2024-01-27,425,4,Online,Afterpay,COUPON---Z,1.33,AUD
717210,2024-01-27T17:56:27,2024-01-27,25,40,Retail,Afterpay,COUPON--Z9,1.74,AUD
717228,2024-01-27T09:01:42,2024-01-27,445,27,Online,Credit Card,COUPON--Z9,4.13,AUD
717238,2024-01-27T09:35:59,2024-01-27,395,41,Retail,Credit Card,COUPON-ZA-,10.51,AUD
717471,2024-01-27T00:27:35,2024-01-27,300,1,Retail,Afterpay,COUPONZZ-0,17.18,AUD
717646,2024-01-27T15:43:40,2024-01-27,495,7,Retail,Afterpay,COUPON-0--,17.33,AUD
717665,2024-01-27T17:35:02,2024-01-27,108,25,Online,Credit Card,COUPON0A9-,4.77,AUD
717737,2024-01-27T17:09:23,2024-01-27,54,28,Online,Credit Card,COUPON0990,8.33,AUD
717781,2024-01-27T21:34:36,2024-01-27,94,25,Online,PayPal,COUPON-00Z,19.59,AUD
717869,2024-01-27T19:04:54,2024-01-27,606,26,Retail,Credit Card,COUPONA---,0.98,AUD
717874,2024-01-27T04:19:49,2024-01-27,604,22,Retail,Credit Card,COUPONZZA9,19.08,AUD
717949,2024-01-27T06:11:03,2024-01-27,695,25,Retail,PayPal,COUPON-9A-,2.11,AUD
718019,2024-01-27T05:44:25,2024-01-27,409,40,Retail,Credit Card,COUPON0A-9,6.39,AUD
718065,2024-01-27T22:08:04,2024-01-27,671,24,Retail,Credit Card,COUPONA0-9,2.1,AUD
718219,2024-01-27T21:01:01,2024-01-27,753,24,Online,Credit Card,COUPON9-ZZ,14.36,AUD
718295,2024-01-27T02:25:59,2024-01-27,383,17,Online,Afterpay,COUPON0909,2.91,AUD
718355,2024-01-27T15:29:07,2024-01-27,354,27,Online,Credit Card,COUPON--AA,14.34,AUD
718480,2024-01-27T11:17:10,2024-01-27,487,1,Retail,Credit Card,COUPONAZ90,16.61,AUD
718485,2024-01-27T13:50:24,2024-01-27,148,45,Retail,Afterpay,COUPONA0-Z,12.63,AUD
718733,2024-01-27T06:03:20,2024-01-27,523,20,Retail,PayPal,COUPON09-A,7.85,AUD
718748,2024-01-27T01:20:58,2024-01-27,649,26,Retail,Credit Card,COUPON-Z90,8.62,AUD
718789,2024-01-27T22:49:42,2024-01-27,679,1,Online,Credit Card,COUPONA-0-,9.27,AUD
718849,2024-01-27T11:41:04,2024-01-27,85,16,Online,Afterpay,COUPON-A0-,0.41,AUD
718978,2024-01-27T08:39:20,2024-01-27,773,25,Online,PayPal,COUPON99-9,15.78,AUD
719000,2024-01-27T09:50:12,2024-01-27,29,33,Online,Afterpay,COUPON--A-,15.46,AUD
719063,2024-01-27T05:24:15,2024-01-27,793,12,Retail,Afterpay,COUPONZ99-,9.7,AUD
719212,2024-01-27T00:38:28,2024-01-27,199,38,Retail,Afterpay,COUPONZZ--,15.2,AUD
719379,2024-01-27T15:24:20,2024-01-27,179,5,Online,PayPal,COUPON-Z9-,17.31,AUD
719448,2024-01-27T07:24:41,2024-01-27,361,36,Online,Credit Card,COUPON-0-A,1.58,AUD
719466,2024-01-27T02:49:13,2024-01-27,416,9,Online,Credit Card,COUPON----,16.07,AUD
719473,2024-01-27T23:44:21,2024-01-27,303,47,Retail,PayPal,COUPON9-A0,12.4,AUD
719562,2024-01-27T14:43:04,2024-01-27,550,13,Retail,PayPal,COUPON999Z,3.0,AUD
719680,2024-01-27T16:52:03,2024-01-27,381,49,Online,Credit Card,COUPON0Z9A,13.04,AUD
719731,2024-01-27T14:09:41,2024-01-27,598,36,Online,Credit Card,COUPONAZ-9,13.34,AUD
719858,2024-01-27T20:24:21,2024-01-27,292,35,Retail,Credit Card,COUPONA9-A,9.32,AUD
719945,2024-01-27T19:30:44,2024-01-27,264,5,Online,Credit Card,COUPONZ09Z,2.88,AUD
720182,2024-01-27T12:37:05,2024-01-27,485,27,Retail,Afterpay,COUPON990A,16.07,AUD
720275,2024-01-27T04:19:59,2024-01-27,52,43,Online,Afterpay,COUPON-9-A,3.06,AUD
720357,2024-01-27T06:29:02,2024-01-27,272,18,Online,PayPal,COUPON-0A-,9.71,AUD
720429,2024-01-27T18:31:03,2024-01-27,264,2,Online,Credit Card,COUPON9-00,4.77,AUD
720462,2024-01-27T10:44:09,2024-01-27,739,45,Retail,Afterpay,COUPONZ-AA,6.4,AUD
720579,2024-01-27T10:59:33,2024-01-27,727,13,Online,Credit Card,COUPON-9AA,11.14,AUD
720604,2024-01-27T09:42:20,2024-01-27,776,8,Retail,PayPal,COUPON0ZA-,4.89,AUD
720824,2024-01-27T22:24:27,2024-01-27,344,49,Retail,PayPal,COUPON--9-,0.62,AUD
721295,2024-01-27T18:27:40,2024-01-27,74,34,Online,Afterpay,COUPON0--9,4.87,AUD
721433,2024-01-27T14:52:31,2024-01-27,676,25,Online,PayPal,COUPON-A-9,4.8,AUD
721628,2024-01-27T05:27:21,2024-01-27,121,49,Online,Afterpay,COUPON00-9,2.91,AUD
721644,2024-01-27T01:30:52,2024-01-27,26,47,Retail,PayPal,COUPONA-A0,18.29,AUD
722090,2024-01-27T09:08:57,2024-01-27,432,26,Online,Credit Card,COUPON-A-A,3.32,AUD
722193,2024-01-27T04:38:07,2024-01-27,302,43,Retail,Afterpay,COUPON--A9,1.18,AUD
722272,2024-01-27T15:02:41,2024-01-27,347,27,Online,PayPal,COUPONA-ZA,10.14,AUD
722363,2024-01-27T20:44:35,2024-01-27,626,12,Retail,Afterpay,COUPONAA-Z,18.07,AUD
722525,2024-01-27T05:39:15,2024-01-27,285,19,Retail,PayPal,COUPON-0--,9.09,AUD
722912,2024-01-27T22:24:17,2024-01-27,611,27,Online,PayPal,COUPON0--Z,14.85,AUD
723042,2024-01-27T18:28:57,2024-01-27,448,22,Retail,PayPal,COUPON9-AZ,15.36,AUD
723066,2024-01-27T16:12:16,2024-01-27,49,14,Online,Afterpay,COUPONZ---,3.89,AUD
723164,2024-01-27T03:40:10,2024-01-27,757,27,Retail,Credit Card,COUPON-9-Z,3.95,AUD
723180,2024-01-27T21:42:55,2024-01-27,476,16,Online,PayPal,COUPON--0A,8.38,AUD
723182,2024-01-27T12:18:08,2024-01-27,40,25,Online,Afterpay,COUPON0009,5.97,AUD
723657,2024-01-27T03:10:45,2024-01-27,79,2,Online,Afterpay,COUPONA-AZ,18.88,AUD
723737,2024-01-27T17:36:45,2024-01-27,122,42,Retail,Afterpay,COUPON-09A,8.48,AUD
723808,2024-01-27T10:14:25,2024-01-27,8,21,Online,PayPal,COUPONAA9A,1.79,AUD
724251,2024-01-27T01:16:35,2024-01-27,313,5,Online,Credit Card,COUPON0-AA,10.21,AUD
724320,2024-01-27T18:40:12,2024-01-27,184,46,Online,PayPal,COUPON-99-,9.62,AUD
724361,2024-01-27T18:42:10,2024-01-27,556,47,Online,Afterpay,COUPON-AAA,6.77,AUD
724502,2024-01-27T10:56:09,2024-01-27,57,22,Online,Credit Card,COUPON---A,7.95,AUD
724691,2024-01-27T00:07:01,2024-01-27,99,37,Online,Credit Card,COUPON00A0,0.31,AUD
724789,2024-01-27T20:39:14,2024-01-27,623,30,Retail,Afterpay,COUPONZ-90,3.88,AUD
724930,2024-01-27T14:12:44,2024-01-27,37,25,Online,PayPal,COUPON---0,8.25,AUD
724967,2024-01-27T02:54:21,2024-01-27,13,42,Online,Credit Card,COUPON009A,7.46,AUD
725009,2024-01-27T11:03:51,2024-01-27,221,30,Online,Credit Card,COUPON0AZ0,2.82,AUD
725080,2024-01-27T13:56:03,2024-01-27,14,8,Online,PayPal,COUPONA--0,4.09,AUD
725129,2024-01-27T21:51:50,2024-01-27,531,1,Online,Afterpay,COUPONZA0-,17.31,AUD
725133,2024-01-27T11:15:09,2024-01-27,192,30,Online,Afterpay,COUPON--A-,3.44,AUD
725663,2024-01-27T22:28:52,2024-01-27,622,13,Online,Afterpay,COUPONAA-9,11.59,AUD
725737,2024-01-27T13:51:19,2024-01-27,403,6,Online,Credit Card,COUPONAZAZ,9.74,AUD
725958,2024-01-27T16:20:46,2024-01-27,645,10,Online,Afterpay,COUPON-0--,1.1,AUD
725984,2024-01-27T18:44:27,2024-01-27,635,47,Retail,PayPal,COUPONZ-0A,1.4,AUD
725991,2024-01-27T16:01:10,2024-01-27,380,38,Online,Credit Card,COUPONA-A0,12.41,AUD
726062,2024-01-27T04:44:55,2024-01-27,233,48,Retail,Credit Card,COUPON09-0,16.43,AUD
726396,2024-01-27T18:14:17,2024-01-27,643,40,Retail,Credit Card,COUPON---A,17.54,AUD
726518,2024-01-27T15:08:28,2024-01-27,502,20,Retail,PayPal,COUPON-90-,2.84,AUD
726666,2024-01-27T23:14:24,2024-01-27,493,40,Online,PayPal,COUPON9990,4.23,AUD
726797,2024-01-27T07:45:13,2024-01-27,43,12,Retail,PayPal,COUPON0-A0,6.65,AUD
726904,2024-01-27T21:20:07,2024-01-27,518,41,Online,Credit Card,COUPONAZA-,4.3,AUD
726938,2024-01-27T14:35:46,2024-01-27,608,7,Retail,Afterpay,COUPONZ0-A,12.89,AUD
726994,2024-01-27T16:09:48,2024-01-27,586,10,Online,Afterpay,COUPON-9AZ,0.62,AUD
727047,2024-01-27T07:06:33,2024-01-27,471,39,Online,Afterpay,COUPON--99,2.25,AUD
727070,2024-01-27T12:49:34,2024-01-27,709,13,Online,PayPal,COUPON0-Z0,19.54,AUD
727234,2024-01-27T19:13:55,2024-01-27,221,41,Retail,Credit Card,COUPON0ZAZ,7.01,AUD
727262,2024-01-27T13:09:15,2024-01-27,476,27,Retail,Afterpay,COUPON90Z-,18.73,AUD
727286,2024-01-27T18:56:41,2024-01-27,351,44,Online,Credit Card,COUPONAZZA,0.32,AUD
727416,2024-01-27T11:30:19,2024-01-27,718,49,Retail,PayPal,COUPON0--0,4.86,AUD
727677,2024-01-27T13:25:33,2024-01-27,699,41,Retail,PayPal,COUPON9099,13.54,AUD
727750,2024-01-27T00:06:20,2024-01-27,500,23,Retail,Credit Card,COUPON-A-9,3.61,AUD
727816,2024-01-27T21:56:17,2024-01-27,497,24,Retail,Afterpay,COUPON0Z0Z,18.23,AUD
727857,2024-01-27T12:56:21,2024-01-27,739,40,Retail,Credit Card,COUPON09ZZ,12.4,AUD
727958,2024-01-27T10:40:25,2024-01-27,190,26,Retail,Credit Card,COUPONA-Z9,0.59,AUD
728085,2024-01-27T12:26:27,2024-01-27,226,16,Retail,Afterpay,COUPON---A,2.52,AUD
728101,2024-01-27T14:39:55,2024-01-27,544,45,Online,Credit Card,COUPON-Z9-,16.77,AUD
728162,2024-01-27T02:25:11,2024-01-27,594,32,Online,PayPal,COUPON---0,16.06,AUD
728317,2024-01-27T13:51:43,2024-01-27,73,43,Retail,Credit Card,COUPONZ-Z0,3.65,AUD
728325,2024-01-27T03:08:54,2024-01-27,440,32,Retail,Afterpay,COUPONZ---,16.83,AUD
728334,2024-01-27T04:05:29,2024-01-27,621,38,Online,Credit Card,COUPON--ZA,6.98,AUD
728346,2024-01-27T14:59:44,2024-01-27,348,26,Retail,Credit Card,COUPON-0--,11.49,AUD
728366,2024-01-27T15:30:47,2024-01-27,53,13,Online,Afterpay,COUPON0ZA9,6.93,AUD
728408,2024-01-27T08:33:38,2024-01-27,662,19,Online,Credit Card,COUPONZA--,18.4,AUD
728468,2024-01-27T01:08:37,2024-01-27,454,36,Online,Credit Card,COUPON-990,17.62,AUD
728574,2024-01-27T02:17:13,2024-01-27,201,44,Retail,Credit Card,COUPON00--,4.52,AUD
728578,2024-01-27T12:51:17,2024-01-27,217,33,Online,Credit Card,COUPONZZZ-,18.73,AUD
728590,2024-01-27T04:31:18,2024-01-27,693,23,Online,PayPal,COUPONAZ0-,13.28,AUD
728602,2024-01-27T09:29:11,2024-01-27,101,27,Online,PayPal,COUPON-AA-,0.76,AUD
728635,2024-01-27T06:36:25,2024-01-27,178,5,Online,PayPal,COUPONZ-9-,9.07,AUD
728869,2024-01-27T23:43:36,2024-01-27,635,8,Online,Credit Card,COUPON--A0,3.39,AUD
728889,2024-01-27T19:27:27,2024-01-27,99,45,Online,Credit Card,COUPONZ99-,5.11,AUD
728962,2024-01-27T15:54:34,2024-01-27,763,31,Retail,PayPal,COUPON0-Z-,16.16,AUD
729008,2024-01-27T16:02:43,2024-01-27,508,11,Retail,Credit Card,COUPON0-A-,13.48,AUD
729098,2024-01-27T23:43:46,2024-01-27,468,31,Online,Afterpay,COUPON--00,17.3,AUD
729231,2024-01-27T13:34:10,2024-01-27,107,25,Online,Credit Card,COUPON-Z-A,17.6,AUD
729359,2024-01-27T02:21:05,2024-01-27,473,11,Online,Credit Card,COUPONA--0,14.5,AUD
729360,2024-01-27T16:15:50,2024-01-27,140,36,Online,PayPal,COUPON-Z0A,13.07,AUD
729378,2024-01-27T07:55:27,2024-01-27,682,33,Online,Credit Card,COUPON009-,17.41,AUD
729564,2024-01-27T10:03:50,2024-01-27,123,8,Online,Afterpay,COUPON--9Z,19.07,AUD
729639,2024-01-27T10:24:58,2024-01-27,88,49,Retail,Afterpay,COUPON9999,4.51,AUD
729790,2024-01-27T04:29:37,2024-01-27,729,44,Online,Credit Card,COUPON0Z0-,12.72,AUD
729800,2024-01-27T00:04:11,2024-01-27,178,42,Retail,Afterpay,COUPON---A,9.32,AUD
729882,2024-01-27T00:12:22,2024-01-27,332,5,Retail,Afterpay,COUPONZA-0,1.34,AUD
729954,2024-01-27T22:07:44,2024-01-27,201,33,Retail,Credit Card,COUPON0-Z0,14.73,AUD
729957,2024-01-27T07:51:48,2024-01-27,726,44,Retail,PayPal,COUPONZ-90,14.89,AUD
729972,2024-01-27T18:04:50,2024-01-27,165,18,Online,Afterpay,COUPONA9Z0,16.81,AUD
730064,2024-01-27T02:36:13,2024-01-27,18,22,Retail,Credit Card,COUPONZZZ-,7.54,AUD
730191,2024-01-27T16:48:18,2024-01-27,575,27,Retail,Credit Card,COUPON009Z,3.45,AUD
730323,2024-01-27T15:29:02,2024-01-27,176,46,Online,PayPal,COUPON-9-A,11.62,AUD
730394,2024-01-27T11:42:11,2024-01-27,577,17,Retail,PayPal,COUPON0-AZ,9.34,AUD
730415,2024-01-27T02:04:28,2024-01-27,751,4,Retail,Afterpay,COUPON-A--,3.37,AUD
730430,2024-01-27T14:12:05,2024-01-27,175,9,Online,PayPal,COUPON-A--,6.4,AUD
730482,2024-01-27T21:15:08,2024-01-27,73,41,Online,PayPal,COUPON0A-0,0.9,AUD
730560,2024-01-27T21:25:14,2024-01-27,178,36,Retail,PayPal,COUPON9-09,12.18,AUD
730699,2024-01-27T23:02:40,2024-01-27,136,44,Online,Credit Card,COUPON-9-A,18.77,AUD
731056,2024-01-27T02:41:49,2024-01-27,22,49,Online,Credit Card,COUPONAA0-,0.88,AUD
731098,2024-01-27T03:03:07,2024-01-27,2,11,Retail,Credit Card,COUPON99A-,3.47,AUD
731155,2024-01-27T10:25:47,2024-01-27,762,49,Retail,Afterpay,COUPON-AA0,8.48,AUD
731189,2024-01-27T03:00:34,2024-01-27,55,15,Retail,Afterpay,COUPON----,19.32,AUD
731274,2024-01-27T08:19:03,2024-01-27,272,4,Online,Credit Card,COUPONZ-9-,16.59,AUD
731281,2024-01-27T13:43:33,2024-01-27,767,38,Retail,Afterpay,COUPON0A-A,6.99,AUD
731405,2024-01-27T06:45:51,2024-01-27,585,3,Retail,Credit Card,COUPON90--,10.85,AUD
731461,2024-01-27T19:21:33,2024-01-27,236,39,Retail,Afterpay,COUPON0Z-0,7.26,AUD
731550,2024-01-27T11:19:09,2024-01-27,760,10,Retail,Afterpay,COUPON9Z-A,12.79,AUD
731796,2024-01-27T00:25:33,2024-01-27,179,39,Online,Afterpay,COUPON9A99,15.65,AUD
731931,2024-01-27T23:44:49,2024-01-27,560,15,Online,Credit Card,COUPONA-9A,11.31,AUD
731997,2024-01-27T19:53:14,2024-01-27,514,28,Retail,Afterpay,COUPONA099,17.07,AUD
732001,2024-01-27T11:27:22,2024-01-27,127,10,Online,Afterpay,COUPON9-90,17.44,AUD
732006,2024-01-27T18:37:11,2024-01-27,253,14,Online,PayPal,COUPONA--A,4.96,AUD
732038,2024-01-27T12:46:55,2024-01-27,610,23,Online,PayPal,COUPONZA9Z,4.55,AUD
732174,2024-01-27T00:44:36,2024-01-27,604,11,Retail,Credit Card,COUPONA-ZA,13.12,AUD
732178,2024-01-27T05:51:40,2024-01-27,409,43,Online,PayPal,COUPON0A-Z,17.56,AUD
732210,2024-01-27T13:24:32,2024-01-27,440,42,Retail,Afterpay,COUPON-Z--,9.16,AUD
732221,2024-01-27T06:52:18,2024-01-27,107,9,Online,PayPal,COUPONA-Z0,3.37,AUD
732235,2024-01-27T02:54:21,2024-01-27,296,12,Online,Credit Card,COUPON-90-,7.14,AUD
732319,2024-01-27T14:28:45,2024-01-27,725,30,Online,PayPal,COUPON0--0,16.49,AUD
732486,2024-01-27T14:40:34,2024-01-27,521,7,Online,Credit Card,COUPON--Z-,14.85,AUD
732519,2024-01-27T06:04:16,2024-01-27,772,21,Online,PayPal,COUPON9-99,12.43,AUD
732536,2024-01-27T03:22:25,2024-01-27,687,14,Online,Afterpay,COUPON-ZZ0,9.01,AUD
732677,2024-01-27T19:18:43,2024-01-27,368,1,Online,PayPal,COUPON-Z-9,2.99,AUD
732720,2024-01-27T16:08:33,2024-01-27,293,1,Online,Credit Card,COUPON99A-,8.5,AUD
732739,2024-01-27T02:20:12,2024-01-27,572,10,Retail,Credit Card,COUPON9--0,3.26,AUD
732947,2024-01-27T10:02:38,2024-01-27,633,41,Retail,Afterpay,COUPONZA9A,18.26,AUD
732964,2024-01-27T18:15:06,2024-01-27,455,23,Retail,Afterpay,COUPONAZ9-,19.54,AUD
733068,2024-01-27T02:50:32,2024-01-27,294,40,Retail,Credit Card,COUPONZ9Z-,17.37,AUD
733191,2024-01-27T15:46:51,2024-01-27,764,16,Online,Credit Card,COUPONZ09-,10.29,AUD
733323,2024-01-27T17:28:19,2024-01-27,83,18,Retail,Afterpay,COUPON-Z0Z,3.43,AUD
733330,2024-01-27T03:08:25,2024-01-27,773,33,Online,PayPal,COUPONZ-ZA,4.95,AUD
733361,2024-01-27T19:26:05,2024-01-27,462,12,Online,Credit Card,COUPON----,14.84,AUD
733704,2024-01-27T22:39:30,2024-01-27,16,27,Retail,Afterpay,COUPONA9--,7.79,AUD
733871,2024-01-27T01:37:19,2024-01-27,201,13,Online,Afterpay,COUPON--Z0,10.88,AUD
733909,2024-01-27T03:11:02,2024-01-27,619,27,Retail,Afterpay,COUPONZA09,10.49,AUD
733975,2024-01-27T10:16:20,2024-01-27,651,40,Retail,Credit Card,COUPONA-9-,9.05,AUD
734083,2024-01-27T22:08:42,2024-01-27,477,38,Online,Credit Card,COUPONA--Z,8.72,AUD
734164,2024-01-27T04:47:08,2024-01-27,295,47,Online,Credit Card,COUPONZA0Z,7.12,AUD
734212,2024-01-27T20:46:18,2024-01-27,636,45,Retail,Afterpay,COUPON----,15.52,AUD
734318,2024-01-27T16:27:25,2024-01-27,597,37,Retail,Credit Card,COUPONZA9Z,19.58,AUD
734401,2024-01-27T14:07:00,2024-01-27,131,4,Retail,Credit Card,COUPON0-0-,15.02,AUD
734416,2024-01-27T05:19:24,2024-01-27,454,2,Retail,PayPal,COUPON0--9,5.31,AUD
734430,2024-01-27T11:19:34,2024-01-27,732,37,Online,PayPal,COUPONA-0-,16.17,AUD
734533,2024-01-27T00:14:11,2024-01-27,479,22,Retail,PayPal,COUPON0AZ-,1.63,AUD
734649,2024-01-27T01:51:49,2024-01-27,371,42,Retail,Afterpay,COUPONA--9,6.32,AUD
734726,2024-01-27T22:42:36,2024-01-27,27,47,Online,Afterpay,COUPON00-A,18.2,AUD
734783,2024-01-27T19:23:18,2024-01-27,699,4,Online,Afterpay,COUPON0-90,15.34,AUD
734800,2024-01-27T05:34:16,2024-01-27,99,36,Retail,Afterpay,COUPON-0A-,14.77,AUD
735004,2024-01-27T03:57:42,2024-01-27,448,26,Retail,Afterpay,COUPONZ-AA,6.97,AUD
735023,2024-01-27T05:38:00,2024-01-27,77,2,Retail,Afterpay,COUPON-A0A,4.02,AUD
735112,2024-01-27T11:43:06,2024-01-27,159,29,Retail,PayPal,COUPON-909,0.89,AUD
735216,2024-01-27T03:18:23,2024-01-27,443,36,Retail,Credit Card,COUPON-ZA-,2.03,AUD
735420,2024-01-27T11:04:09,2024-01-27,226,13,Online,Credit Card,COUPON9--0,3.56,AUD
735484,2024-01-27T01:49:21,2024-01-27,204,34,Online,Credit Card,COUPONA999,11.41,AUD
735510,2024-01-27T05:19:33,2024-01-27,507,43,Online,Credit Card,COUPON-0-A,14.53,AUD
735640,2024-01-27T20:25:51,2024-01-27,230,29,Retail,Afterpay,COUPON--00,12.86,AUD
735655,2024-01-27T07:19:49,2024-01-27,30,18,Retail,Afterpay,COUPONZZ09,19.96,AUD
735698,2024-01-27T19:30:03,2024-01-27,156,8,Retail,Credit Card,COUPON-A9A,1.63,AUD
735712,2024-01-27T03:15:06,2024-01-27,719,13,Online,PayPal,COUPON-0-A,9.71,AUD
735829,2024-01-27T09:14:22,2024-01-27,747,46,Online,PayPal,COUPON-Z-0,2.83,AUD
735840,2024-01-27T17:29:07,2024-01-27,179,14,Online,Afterpay,COUPON-A0A,14.98,AUD
736150,2024-01-27T05:15:50,2024-01-27,250,33,Online,PayPal,COUPON00Z-,5.71,AUD
736186,2024-01-27T06:44:17,2024-01-27,190,27,Retail,PayPal,COUPON--9A,8.54,AUD
736514,2024-01-27T16:02:30,2024-01-27,496,41,Online,Afterpay,COUPONA-A-,17.83,AUD
736538,2024-01-27T12:14:41,2024-01-27,77,21,Online,Credit Card,COUPONZZ09,3.32,AUD
736548,2024-01-27T15:28:14,2024-01-27,468,31,Retail,PayPal,COUPON9-90,14.17,AUD
736664,2024-01-27T19:40:33,2024-01-27,198,25,Retail,Afterpay,COUPON-A--,13.71,AUD
736845,2024-01-27T03:00:41,2024-01-27,710,21,Retail,PayPal,COUPON-A-Z,10.38,AUD
736914,2024-01-27T14:32:47,2024-01-27,378,44,Retail,Credit Card,COUPON-9A0,8.35,AUD
736996,2024-01-27T20:24:19,2024-01-27,456,43,Retail,Afterpay,COUPONA---,13.09,AUD
737223,2024-01-27T09:50:13,2024-01-27,708,36,Online,Afterpay,COUPON9ZZ9,16.89,AUD
737378,2024-01-27T14:34:54,2024-01-27,760,16,Retail,Afterpay,COUPON-Z9-,11.94,AUD
737434,2024-01-27T09:23:15,2024-01-27,272,1,Retail,Credit Card,COUPONAA90,5.84,AUD
737440,2024-01-27T23:47:05,2024-01-27,566,4,Retail,PayPal,COUPON0--0,18.17,AUD
737545,2024-01-27T06:27:27,2024-01-27,778,44,Retail,Credit Card,COUPON--AA,9.18,AUD
737676,2024-01-27T13:34:04,2024-01-27,696,19,Retail,Afterpay,COUPON0ZA-,11.8,AUD
737699,2024-01-27T23:22:52,2024-01-27,165,3,Online,Credit Card,COUPON-A9-,2.31,AUD
737854,2024-01-27T13:54:03,2024-01-27,466,21,Retail,Afterpay,COUPON--9Z,4.72,AUD
737939,2024-01-27T05:23:35,2024-01-27,419,38,Retail,Afterpay,COUPON9--A,6.11,AUD
737947,2024-01-27T03:56:42,2024-01-27,10,8,Online,PayPal,COUPON-AA9,2.08,AUD
737992,2024-01-27T12:10:53,2024-01-27,786,37,Retail,PayPal,COUPON--Z9,7.46,AUD
738022,2024-01-27T12:13:46,2024-01-27,730,27,Online,Afterpay,COUPONA090,19.3,AUD
738087,2024-01-27T08:03:08,2024-01-27,419,13,Retail,PayPal,COUPONA-0-,4.78,AUD
738133,2024-01-27T02:23:54,2024-01-27,284,43,Online,Afterpay,COUPONZ-99,0.28,AUD
738134,2024-01-27T12:52:32,2024-01-27,363,12,Retail,Credit Card,COUPON--ZA,1.11,AUD
738136,2024-01-27T17:08:01,2024-01-27,203,1,Online,Afterpay,COUPON--9-,13.55,AUD
738270,2024-01-27T14:47:48,2024-01-27,207,14,Online,Afterpay,COUPON-ZAZ,19.69,AUD
738286,2024-01-27T14:13:46,2024-01-27,315,21,Retail,Credit Card,COUPON00--,0.56,AUD
738414,2024-01-27T07:54:31,2024-01-27,748,40,Online,PayPal,COUPON--Z0,19.25,AUD
738512,2024-01-27T01:42:49,2024-01-27,536,20,Retail,Credit Card,COUPON-90-,13.33,AUD
738553,2024-01-27T15:07:56,2024-01-27,375,35,Online,Afterpay,COUPONZZA-,11.41,AUD
738648,2024-01-27T13:01:36,2024-01-27,773,4,Retail,Credit Card,COUPONAAA-,14.43,AUD
738695,2024-01-27T11:26:46,2024-01-27,762,14,Retail,Credit Card,COUPON0-0-,15.73,AUD
738761,2024-01-27T21:53:25,2024-01-27,172,46,Online,Afterpay,COUPON-000,11.71,AUD
738881,2024-01-27T14:13:02,2024-01-27,618,6,Online,Credit Card,COUPON-9ZA,1.55,AUD
738883,2024-01-27T12:17:08,2024-01-27,606,27,Retail,PayPal,COUPONA0A9,19.91,AUD
738914,2024-01-27T18:13:48,2024-01-27,643,9,Online,Afterpay,COUPON0--9,18.11,AUD
738990,2024-01-27T10:41:46,2024-01-27,576,43,Online,PayPal,COUPON90--,13.8,AUD
739056,2024-01-27T23:58:06,2024-01-27,441,13,Retail,PayPal,COUPON-A9-,18.82,AUD
739118,2024-01-27T03:06:03,2024-01-27,317,5,Retail,PayPal,COUPONZ-ZA,19.02,AUD
739203,2024-01-27T14:56:11,2024-01-27,749,48,Online,Credit Card,COUPONAZZ-,8.84,AUD
739211,2024-01-27T05:26:14,2024-01-27,748,40,Retail,Afterpay,COUPONA90Z,1.3,AUD
739271,2024-01-27T21:33:14,2024-01-27,169,19,Online,PayPal,COUPON09Z-,14.53,AUD
739427,2024-01-27T03:02:56,2024-01-27,22,10,Online,Afterpay,COUPON--A-,12.76,AUD
739566,2024-01-27T14:41:23,2024-01-27,539,7,Retail,Afterpay,COUPON---Z,17.22,AUD
739570,2024-01-27T00:15:44,2024-01-27,661,44,Retail,PayPal,COUPON--Z9,3.3,AUD
739588,2024-01-27T14:54:38,2024-01-27,287,3,Online,PayPal,COUPON0-9A,16.2,AUD
739630,2024-01-27T23:58:38,2024-01-27,692,45,Online,Afterpay,COUPONA090,7.32,AUD
739801,2024-01-27T14:40:27,2024-01-27,22,45,Online,Credit Card,COUPON----,5.35,AUD
739837,2024-01-27T04:26:03,2024-01-27,242,22,Retail,Afterpay,COUPON0009,10.53,AUD
739880,2024-01-27T17:11:46,2024-01-27,670,39,Retail,PayPal,COUPON9909,19.76,AUD
739979,2024-01-27T17:43:45,2024-01-27,587,2,Retail,Credit Card,COUPON-9-0,8.38,AUD
740020,2024-01-27T23:39:57,2024-01-27,320,44,Online,PayPal,COUPON---A,12.8,AUD
740320,2024-01-27T06:36:18,2024-01-27,42,24,Online,Credit Card,COUPON0A9A,0.1,AUD
740536,2024-01-27T07:11:56,2024-01-27,47,15,Retail,PayPal,COUPON-Z0Z,17.2,AUD
740622,2024-01-27T19:44:23,2024-01-27,460,26,Retail,Credit Card,COUPON9ZA-,5.7,AUD
740694,2024-01-27T04:28:01,2024-01-27,668,19,Online,Credit Card,COUPON-AZA,17.01,AUD
740705,2024-01-27T20:21:54,2024-01-27,19,6,Online,Credit Card,COUPONA-Z0,9.01,AUD
740767,2024-01-27T15:07:36,2024-01-27,360,33,Online,PayPal,COUPONZ-ZA,6.39,AUD
740882,2024-01-27T15:19:24,2024-01-27,349,43,Retail,Credit Card,COUPON---Z,2.93,AUD
740888,2024-01-27T23:59:30,2024-01-27,389,36,Retail,Credit Card,COUPON9-A9,6.24,AUD
741040,2024-01-27T20:50:14,2024-01-27,121,24,Retail,Afterpay,COUPON90-A,13.03,AUD
741236,2024-01-27T01:48:52,2024-01-27,438,33,Retail,PayPal,COUPON-09Z,13.7,AUD
741746,2024-01-27T23:18:36,2024-01-27,388,21,Retail,Afterpay,COUPON0-9Z,0.27,AUD
741910,2024-01-27T18:26:17,2024-01-27,443,22,Online,Credit Card,COUPON---0,13.79,AUD
741939,2024-01-27T08:26:05,2024-01-27,502,21,Retail,Afterpay,COUPONZZ0A,8.49,AUD
741979,2024-01-27T13:52:38,2024-01-27,537,41,Online,PayPal,COUPONZ--0,16.04,AUD
742002,2024-01-27T12:49:31,2024-01-27,121,33,Online,PayPal,COUPON-900,13.66,AUD
742046,2024-01-27T07:41:32,2024-01-27,78,24,Retail,Credit Card,COUPON--ZZ,16.53,AUD
742199,2024-01-27T18:22:28,2024-01-27,734,5,Retail,PayPal,COUPONA-A-,15.11,AUD
742217,2024-01-27T06:38:56,2024-01-27,693,25,Retail,Afterpay,COUPON9Z-A,16.13,AUD
742358,2024-01-27T09:11:08,2024-01-27,709,17,Online,PayPal,COUPON-9Z9,18.8,AUD
742381,2024-01-27T22:32:05,2024-01-27,544,15,Retail,PayPal,COUPON999-,1.22,AUD
742427,2024-01-27T16:22:41,2024-01-27,583,27,Online,Credit Card,COUPONA9ZZ,12.38,AUD
742855,2024-01-27T16:55:15,2024-01-27,589,17,Online,Credit Card,COUPON909Z,11.01,AUD
742876,2024-01-27T04:53:50,2024-01-27,681,38,Retail,PayPal,COUPON0Z-A,12.64,AUD
742929,2024-01-27T01:21:57,2024-01-27,605,6,Retail,PayPal,COUPON090A,3.61,AUD
743208,2024-01-27T03:03:51,2024-01-27,642,11,Retail,Afterpay,COUPON9-0Z,1.59,AUD
743215,2024-01-27T14:04:09,2024-01-27,180,12,Retail,Afterpay,COUPON-09A,18.33,AUD
743503,2024-01-27T06:46:23,2024-01-27,578,23,Online,Credit Card,COUPONA--A,8.0,AUD
743553,2024-01-27T13:22:36,2024-01-27,10,28,Retail,PayPal,COUPONZZ99,8.66,AUD
743595,2024-01-27T21:31:16,2024-01-27,554,43,Online,Credit Card,COUPON90-0,16.0,AUD
743623,2024-01-27T23:35:22,2024-01-27,626,15,Retail,PayPal,COUPON-0--,15.63,AUD
743692,2024-01-27T22:46:58,2024-01-27,100,38,Online,PayPal,COUPON-A-9,1.28,AUD
743705,2024-01-27T15:11:36,2024-01-27,89,1,Online,Credit Card,COUPONA--A,19.39,AUD
743768,2024-01-27T07:19:18,2024-01-27,133,38,Online,PayPal,COUPON9A--,11.48,AUD
743979,2024-01-27T13:04:31,2024-01-27,255,25,Retail,PayPal,COUPON-ZA0,5.32,AUD
744066,2024-01-27T17:41:29,2024-01-27,111,23,Online,Credit Card,COUPONZ9Z9,0.19,AUD
744075,2024-01-27T01:51:03,2024-01-27,520,27,Retail,Afterpay,COUPONA9A9,2.9,AUD
744119,2024-01-27T19:20:47,2024-01-27,79,6,Retail,Afterpay,COUPONA-00,1.15,AUD
744201,2024-01-27T13:02:36,2024-01-27,115,36,Online,PayPal,COUPON-9A-,17.99,AUD
744322,2024-01-27T10:06:03,2024-01-27,190,8,Online,Afterpay,COUPON--Z-,15.43,AUD
744375,2024-01-27T14:20:30,2024-01-27,744,43,Retail,Credit Card,COUPON0Z99,16.58,AUD
744381,2024-01-27T12:18:45,2024-01-27,370,25,Retail,PayPal,COUPONZAZA,7.39,AUD
744516,2024-01-27T16:38:11,2024-01-27,170,23,Retail,Credit Card,COUPONZZ9-,3.36,AUD
744526,2024-01-27T16:30:28,2024-01-27,241,5,Online,Credit Card,COUPON9-0A,6.38,AUD
744668,2024-01-27T14:41:16,2024-01-27,246,22,Online,PayPal,COUPONZAA9,16.41,AUD
744793,2024-01-27T17:37:35,2024-01-27,480,26,Online,PayPal,COUPONAZ-9,0.95,AUD
744869,2024-01-27T10:23:49,2024-01-27,517,24,Retail,Credit Card,COUPONZ9--,2.4,AUD
744893,2024-01-27T09:20:47,2024-01-27,589,49,Online,Credit Card,COUPON-AAA,5.51,AUD
745036,2024-01-27T11:41:42,2024-01-27,389,49,Retail,PayPal,COUPONAAZ-,19.49,AUD
745175,2024-01-27T23:03:42,2024-01-27,33,36,Online,PayPal,COUPONZA00,1.76,AUD
745259,2024-01-27T02:06:27,2024-01-27,421,16,Online,Credit Card,COUPON--9A,14.04,AUD
745268,2024-01-27T11:18:08,2024-01-27,143,48,Online,Credit Card,COUPON9--9,2.25,AUD
745312,2024-01-27T11:22:06,2024-01-27,18,48,Online,PayPal,COUPON0A99,14.64,AUD
745429,2024-01-27T16:05:59,2024-01-27,68,22,Online,PayPal,COUPON0A-0,9.97,AUD
745819,2024-01-27T23:28:28,2024-01-27,420,23,Retail,PayPal,COUPON0A00,8.34,AUD
745963,2024-01-27T03:29:04,2024-01-27,175,25,Retail,PayPal,COUPON-909,0.24,AUD
745968,2024-01-27T19:01:01,2024-01-27,26,39,Online,PayPal,COUPON9Z90,7.17,AUD
745994,2024-01-27T21:09:25,2024-01-27,175,21,Online,Credit Card,COUPON-A0-,2.2,AUD
746030,2024-01-27T00:20:49,2024-01-27,27,13,Online,PayPal,COUPON-0A-,1.27,AUD
746061,2024-01-27T05:08:21,2024-01-27,464,31,Retail,Credit Card,COUPON-9-Z,4.92,AUD
746382,2024-01-27T23:53:09,2024-01-27,507,24,Online,PayPal,COUPON--A-,12.44,AUD
746589,2024-01-27T18:48:32,2024-01-27,715,34,Retail,Afterpay,COUPONA9AA,13.4,AUD
746679,2024-01-27T00:13:08,2024-01-27,543,15,Retail,PayPal,COUPON--90,15.01,AUD
746764,2024-01-27T22:47:44,2024-01-27,209,25,Retail,PayPal,COUPON0-Z0,12.82,AUD
746793,2024-01-27T21:22:28,2024-01-27,55,21,Online,Afterpay,COUPON-9ZA,19.88,AUD
746845,2024-01-27T05:28:27,2024-01-27,221,17,Online,Afterpay,COUPON9AA-,14.96,AUD
746974,2024-01-27T10:38:40,2024-01-27,165,31,Retail,PayPal,COUPON0ZAA,3.24,AUD
747157,2024-01-27T19:51:58,2024-01-27,718,9,Retail,Afterpay,COUPON00A-,19.88,AUD
747187,2024-01-27T22:50:13,2024-01-27,254,42,Retail,PayPal,COUPON-A00,12.13,AUD
747260,2024-01-27T00:36:09,2024-01-27,25,3,Online,PayPal,COUPON9-Z-,9.41,AUD
747271,2024-01-27T10:21:56,2024-01-27,664,12,Retail,PayPal,COUPONA-9Z,8.8,AUD
747342,2024-01-27T01:19:14,2024-01-27,758,38,Retail,PayPal,COUPONAA0-,9.65,AUD
747498,2024-01-27T20:57:14,2024-01-27,273,23,Online,Credit Card,COUPON9-9Z,5.52,AUD
747517,2024-01-27T12:37:37,2024-01-27,216,41,Retail,PayPal,COUPON9A--,17.32,AUD
747587,2024-01-27T05:11:47,2024-01-27,553,6,Retail,Credit Card,COUPONZ-90,6.63,AUD
748139,2024-01-27T06:31:04,2024-01-27,220,20,Online,PayPal,COUPON0A-9,18.82,AUD
748328,2024-01-27T16:45:21,2024-01-27,551,13,Online,Afterpay,COUPONA-0A,17.26,AUD
748458,2024-01-27T15:11:19,2024-01-27,157,26,Online,PayPal,COUPON9-A0,2.84,AUD
748496,2024-01-27T00:51:30,2024-01-27,696,32,Retail,Credit Card,COUPON-A9-,1.75,AUD
748509,2024-01-27T09:42:25,2024-01-27,669,42,Online,Credit Card,COUPON0AZ-,10.52,AUD
748542,2024-01-27T17:42:17,2024-01-27,46,12,Online,Credit Card,COUPON--00,8.65,AUD
748941,2024-01-27T07:51:12,2024-01-27,761,31,Online,Credit Card,COUPONZ--Z,6.21,AUD
749174,2024-01-27T11:37:17,2024-01-27,564,6,Online,Credit Card,COUPON0Z09,15.15,AUD
749249,2024-01-27T00:35:49,2024-01-27,690,3,Online,PayPal,COUPON--ZA,6.7,AUD
749724,2024-01-27T08:26:25,2024-01-27,183,2,Online,PayPal,COUPONA-AZ,7.69,AUD
749812,2024-01-27T13:47:20,2024-01-27,711,29,Online,Credit Card,COUPON--AZ,4.54,AUD
749858,2024-01-27T20:49:21,2024-01-27,319,43,Online,Credit Card,COUPON--09,8.01,AUD
749883,2024-01-27T05:24:48,2024-01-27,734,23,Online,Credit Card,COUPON0-00,18.21,AUD
749889,2024-01-27T18:49:46,2024-01-27,198,7,Retail,Credit Card,COUPON-ZA-,3.85,AUD
749924,2024-01-27T12:42:33,2024-01-27,193,40,Retail,Credit Card,COUPON099Z,9.29,AUD
749926,2024-01-27T11:32:50,2024-01-27,280,28,Retail,Credit Card,COUPONZ-Z-,3.79,AUD
749948,2024-01-27T15:16:40,2024-01-27,453,32,Online,Credit Card,COUPON-A-0,9.81,AUD
749967,2024-01-27T05:01:30,2024-01-27,262,29,Retail,Afterpay,COUPON0A09,19.01,AUD
750072,2024-01-27T14:59:20,2024-01-27,683,29,Retail,Credit Card,COUPONZ099,7.93,AUD
750215,2024-01-27T01:33:19,2024-01-27,372,16,Retail,PayPal,COUPONZA9Z,11.18,AUD
750250,2024-01-27T04:13:17,2024-01-27,156,49,Retail,PayPal,COUPON--0-,11.69,AUD
750563,2024-01-27T08:22:08,2024-01-27,744,16,Retail,Afterpay,COUPONZ-A9,6.11,AUD
750613,2024-01-27T20:05:28,2024-01-27,731,41,Retail,Credit Card,COUPON9-0Z,10.62,AUD
750785,2024-01-27T23:59:40,2024-01-27,434,4,Retail,Afterpay,COUPON-9A0,10.99,AUD
750891,2024-01-27T14:51:19,2024-01-27,52,16,Online,Credit Card,COUPON--Z0,4.19,AUD
750932,2024-01-27T15:43:21,2024-01-27,74,48,Online,Afterpay,COUPON990-,0.29,AUD
750948,2024-01-27T07:41:48,2024-01-27,67,11,Online,Credit Card,COUPON0A-9,17.94,AUD
751001,2024-01-27T05:41:14,2024-01-27,741,33,Online,Credit Card,COUPON9-A-,14.59,AUD
751315,2024-01-27T11:46:46,2024-01-27,722,30,Online,PayPal,COUPON0Z-A,6.42,AUD
751624,2024-01-27T00:02:55,2024-01-27,712,14,Retail,Afterpay,COUPONA9-9,3.33,AUD
751731,2024-01-27T13:45:56,2024-01-27,574,22,Retail,PayPal,COUPONA---,10.45,AUD
751798,2024-01-27T02:33:27,2024-01-27,476,42,Retail,PayPal,COUPON0999,4.4,AUD
751887,2024-01-27T09:32:10,2024-01-27,143,3,Online,Afterpay,COUPON-9-Z,2.59,AUD
752073,2024-01-27T17:18:25,2024-01-27,590,37,Retail,Credit Card,COUPONZ9ZA,14.02,AUD
752151,2024-01-27T05:55:15,2024-01-27,677,33,Online,Credit Card,COUPON9-A0,0.82,AUD
752445,2024-01-27T13:16:57,2024-01-27,47,22,Retail,Credit Card,COUPON9AZ0,17.84,AUD
752748,2024-01-27T11:26:53,2024-01-27,661,24,Online,PayPal,COUPON-ZA-,7.53,AUD
752768,2024-01-27T22:33:01,2024-01-27,150,22,Online,Credit Card,COUPON--0A,1.83,AUD
752814,2024-01-27T22:09:41,2024-01-27,793,34,Retail,PayPal,COUPONZ00A,9.12,AUD
752829,2024-01-27T01:52:06,2024-01-27,679,24,Retail,Afterpay,COUPONZ00A,3.57,AUD
752880,2024-01-27T12:12:26,2024-01-27,190,37,Retail,Credit Card,COUPON-Z-Z,9.41,AUD
752960,2024-01-27T00:43:47,2024-01-27,153,18,Online,PayPal,COUPONZ-ZZ,16.67,AUD
752995,2024-01-27T05:30:20,2024-01-27,256,43,Online,PayPal,COUPON-0-0,18.13,AUD
753105,2024-01-27T17:44:03,2024-01-27,752,48,Online,Afterpay,COUPON0Z-Z,18.6,AUD
753112,2024-01-27T05:25:49,2024-01-27,698,44,Online,Credit Card,COUPON99--,11.0,AUD
753149,2024-01-27T05:31:15,2024-01-27,393,41,Online,Afterpay,COUPON-0-0,1.65,AUD
753230,2024-01-27T14:32:54,2024-01-27,737,10,Online,Credit Card,COUPONAZA-,16.84,AUD
753424,2024-01-27T22:46:33,2024-01-27,95,10,Online,PayPal,COUPON-Z9A,8.02,AUD
753516,2024-01-27T14:30:10,2024-01-27,259,39,Retail,Credit Card,COUPON--AA,2.98,AUD
753630,2024-01-27T20:04:05,2024-01-27,125,9,Online,Credit Card,COUPON0---,3.26,AUD
753669,2024-01-27T04:01:02,2024-01-27,362,25,Retail,Credit Card,COUPON0Z9A,5.77,AUD
753712,2024-01-27T09:30:53,2024-01-27,736,25,Retail,Afterpay,COUPON---A,13.72,AUD
753755,2024-01-27T02:55:27,2024-01-27,674,46,Retail,Credit Card,COUPONZA--,19.29,AUD
753918,2024-01-27T22:51:21,2024-01-27,141,10,Online,PayPal,COUPON0-AA,5.41,AUD
754003,2024-01-27T23:26:25,2024-01-27,387,47,Online,PayPal,COUPONZZ--,4.4,AUD
754082,2024-01-27T14:59:34,2024-01-27,263,36,Retail,Afterpay,COUPON--ZA,1.36,AUD
754094,2024-01-27T10:58:03,2024-01-27,708,15,Online,PayPal,COUPON-A--,15.73,AUD
754109,2024-01-27T16:03:58,2024-01-27,678,18,Retail,PayPal,COUPON9A-9,19.38,AUD
754199,2024-01-27T10:50:47,2024-01-27,114,10,Retail,PayPal,COUPONAZ0Z,1.58,AUD
754216,2024-01-27T03:37:11,2024-01-27,366,10,Retail,Credit Card,COUPON0-A-,1.22,AUD
754274,2024-01-27T23:20:21,2024-01-27,373,38,Retail,Credit Card,COUPON9-9Z,8.06,AUD
754397,2024-01-27T05:03:12,2024-01-27,512,28,Online,Afterpay,COUPONZ999,17.75,AUD
754572,2024-01-27T17:05:37,2024-01-27,602,17,Retail,Credit Card,COUPON0A0Z,3.17,AUD
754676,2024-01-27T15:16:07,2024-01-27,354,18,Online,Afterpay,COUPONAZA0,0.02,AUD
754719,2024-01-27T13:08:46,2024-01-27,435,48,Online,Credit Card,COUPONZA09,7.91,AUD
754749,2024-01-27T22:30:14,2024-01-27,318,23,Retail,PayPal,COUPONA-AA,3.26,AUD
754753,2024-01-27T08:11:08,2024-01-27,411,28,Retail,Afterpay,COUPON0ZA-,17.78,AUD
754938,2024-01-27T06:05:06,2024-01-27,604,19,Retail,Afterpay,COUPON-09-,5.81,AUD
754967,2024-01-27T01:16:41,2024-01-27,746,41,Online,Credit Card,COUPON--0-,7.38,AUD
755139,2024-01-27T07:21:14,2024-01-27,772,23,Online,Credit Card,COUPONZA9Z,9.14,AUD
755189,2024-01-27T17:21:03,2024-01-27,336,24,Online,Afterpay,COUPON9-AZ,6.35,AUD
755345,2024-01-27T12:00:34,2024-01-27,88,36,Retail,PayPal,COUPON-0A-,10.39,AUD
755592,2024-01-27T16:45:20,2024-01-27,715,26,Retail,PayPal,COUPON-Z-Z,4.16,AUD
755619,2024-01-27T18:31:44,2024-01-27,100,48,Retail,Afterpay,COUPON-0--,5.46,AUD
755637,2024-01-27T09:24:53,2024-01-27,330,6,Online,Credit Card,COUPON-ZZ-,9.82,AUD
755721,2024-01-27T02:09:24,2024-01-27,687,1,Online,Afterpay,COUPON9A0-,7.26,AUD
755928,2024-01-27T09:30:50,2024-01-27,43,45,Retail,PayPal,COUPON-Z00,10.7,AUD
755962,2024-01-27T08:50:36,2024-01-27,719,21,Online,Credit Card,COUPON--09,4.62,AUD
756035,2024-01-27T16:39:59,2024-01-27,257,21,Retail,Credit Card,COUPONA9-9,18.86,AUD
756187,2024-01-27T08:31:02,2024-01-27,455,33,Online,PayPal,COUPON-Z9-,16.51,AUD
756271,2024-01-27T02:06:28,2024-01-27,573,32,Retail,PayPal,COUPON9-9-,11.44,AUD
756291,2024-01-27T05:38:37,2024-01-27,475,5,Retail,PayPal,COUPONZA-Z,6.16,AUD
756445,2024-01-27T16:51:49,2024-01-27,603,2,Retail,Credit Card,COUPON9ZZZ,1.25,AUD
756520,2024-01-27T04:52:06,2024-01-27,1,41,Retail,PayPal,COUPON-9-0,16.95,AUD
756527,2024-01-27T11:25:19,2024-01-27,402,10,Retail,Credit Card,COUPONA99A,12.55,AUD
756612,2024-01-27T13:15:14,2024-01-27,312,7,Online,PayPal,COUPONZZ--,0.89,AUD
756693,2024-01-27T06:24:18,2024-01-27,38,17,Online,Afterpay,COUPON--A-,9.1,AUD
756773,2024-01-27T13:08:56,2024-01-27,561,44,Retail,Afterpay,COUPON0A0-,0.49,AUD
756846,2024-01-27T07:17:06,2024-01-27,561,26,Online,Afterpay,COUPON09-Z,5.8,AUD
756979,2024-01-27T05:14:01,2024-01-27,654,49,Retail,PayPal,COUPON0Z99,2.63,AUD
756980,2024-01-27T09:17:33,2024-01-27,403,39,Online,Credit Card,COUPON90--,13.89,AUD
757013,2024-01-27T01:44:12,2024-01-27,617,3,Retail,PayPal,COUPON09A-,10.21,AUD
757014,2024-01-27T23:43:20,2024-01-27,426,24,Retail,Credit Card,COUPON--0A,6.21,AUD
757045,2024-01-27T20:17:56,2024-01-27,578,37,Online,PayPal,COUPONA-AA,18.88,AUD
757052,2024-01-27T22:03:53,2024-01-27,141,16,Online,Credit Card,COUPON09-Z,19.07,AUD
757124,2024-01-27T07:21:24,2024-01-27,262,33,Retail,PayPal,COUPONZAZ-,0.18,AUD
757156,2024-01-27T12:28:07,2024-01-27,273,2,Retail,Credit Card,COUPONAZ-A,10.29,AUD
757259,2024-01-27T20:42:05,2024-01-27,687,26,Online,Afterpay,COUPONZZZZ,2.12,AUD
757382,2024-01-27T05:27:11,2024-01-27,695,30,Retail,PayPal,COUPON00--,0.31,AUD
757420,2024-01-27T22:47:38,2024-01-27,356,25,Retail,PayPal,COUPONZ-99,10.21,AUD
757572,2024-01-27T03:20:06,2024-01-27,603,4,Online,Credit Card,COUPONA-Z9,10.42,AUD
757583,2024-01-27T06:20:03,2024-01-27,585,16,Retail,Credit Card,COUPON9-0Z,16.14,AUD
757651,2024-01-27T02:48:03,2024-01-27,709,21,Online,Afterpay,COUPON---Z,19.08,AUD
757738,2024-01-27T02:09:13,2024-01-27,72,32,Online,Afterpay,COUPONA---,0.99,AUD
757770,2024-01-27T02:40:26,2024-01-27,694,22,Retail,PayPal,COUPON9Z-0,5.97,AUD
757884,2024-01-27T23:49:23,2024-01-27,410,34,Online,PayPal,COUPON09--,12.75,AUD
757923,2024-01-27T15:38:35,2024-01-27,587,17,Retail,Credit Card,COUPONAZ0Z,19.49,AUD
757953,2024-01-27T22:50:39,2024-01-27,72,13,Online,PayPal,COUPONAA9-,8.44,AUD
758033,2024-01-27T08:20:37,2024-01-27,237,23,Online,Afterpay,COUPON--0-,17.55,AUD
758104,2024-01-27T18:01:10,2024-01-27,586,9,Retail,Credit Card,COUPONA0Z-,11.44,AUD
758249,2024-01-27T08:37:42,2024-01-27,436,18,Online,Credit Card,COUPON--9-,10.79,AUD
758285,2024-01-27T06:12:30,2024-01-27,232,29,Retail,Credit Card,COUPONZA-9,11.88,AUD
758305,2024-01-27T01:56:42,2024-01-27,86,7,Retail,Credit Card,COUPONZZ-0,6.26,AUD
758377,2024-01-27T09:42:30,2024-01-27,571,49,Retail,Credit Card,COUPON-AZ-,6.13,AUD
758477,2024-01-27T04:41:53,2024-01-27,7,18,Retail,PayPal,COUPONA-0-,1.63,AUD
758672,2024-01-27T03:55:16,2024-01-27,187,9,Retail,PayPal,COUPON9999,14.33,AUD
758729,2024-01-27T15:06:30,2024-01-27,15,12,Retail,PayPal,COUPON99-Z,18.27,AUD
758949,2024-01-27T11:06:00,2024-01-27,128,24,Online,Credit Card,COUPON0ZAA,9.19,AUD
758971,2024-01-27T04:56:18,2024-01-27,717,30,Retail,Afterpay,COUPONZ9ZZ,12.9,AUD
759013,2024-01-27T02:46:38,2024-01-27,352,1,Retail,PayPal,COUPON00A9,3.78,AUD
759087,2024-01-27T10:28:20,2024-01-27,435,44,Online,Afterpay,COUPONZ--9,13.34,AUD
759088,2024-01-27T17:56:49,2024-01-27,351,20,Online,Afterpay,COUPONZZ99,10.33,AUD
759410,2024-01-27T00:07:20,2024-01-27,167,2,Retail,PayPal,COUPON9A-0,1.36,AUD
759474,2024-01-27T06:38:51,2024-01-27,375,23,Online,Afterpay,COUPON-0-9,7.45,AUD
759497,2024-01-27T03:20:38,2024-01-27,35,48,Retail,Credit Card,COUPONA-A-,19.18,AUD
759765,2024-01-27T01:22:38,2024-01-27,796,24,Online,PayPal,COUPON---0,0.78,AUD
759775,2024-01-27T11:30:56,2024-01-27,571,31,Retail,Afterpay,COUPONZZZ9,1.95,AUD
759778,2024-01-27T11:31:26,2024-01-27,609,13,Retail,Credit Card,COUPON0A99,3.8,AUD
760024,2024-01-27T23:06:14,2024-01-27,785,47,Retail,Afterpay,COUPON----,8.99,AUD
760061,2024-01-27T10:02:13,2024-01-27,104,3,Online,PayPal,COUPON9-Z-,5.76,AUD
760063,2024-01-27T00:42:00,2024-01-27,797,23,Retail,PayPal,COUPONZA0-,1.33,AUD
760102,2024-01-27T08:09:32,2024-01-27,670,20,Online,PayPal,COUPONZ-ZA,1.97,AUD
760248,2024-01-27T12:27:54,2024-01-27,247,25,Online,Credit Card,COUPONZZ-0,8.65,AUD
760253,2024-01-27T13:41:18,2024-01-27,505,12,Online,Afterpay,COUPON-AZA,15.27,AUD
760256,2024-01-27T22:42:43,2024-01-27,722,9,Online,PayPal,COUPON--0-,18.42,AUD
760332,2024-01-27T00:46:20,2024-01-27,720,31,Retail,PayPal,COUPON0---,11.14,AUD
760342,2024-01-27T00:08:58,2024-01-27,526,42,Online,PayPal,COUPON-909,6.22,AUD
760635,2024-01-27T23:21:25,2024-01-27,266,11,Online,PayPal,COUPONZ-9-,13.39,AUD
760702,2024-01-27T15:17:01,2024-01-27,707,45,Retail,Afterpay,COUPONZ9-0,3.01,AUD
760729,2024-01-27T23:33:37,2024-01-27,426,1,Online,Credit Card,COUPONA0AA,18.5,AUD
760741,2024-01-27T22:21:52,2024-01-27,16,18,Online,Afterpay,COUPONZ---,3.35,AUD
760757,2024-01-27T01:36:52,2024-01-27,274,1,Online,Credit Card,COUPONZ--Z,4.58,AUD
760766,2024-01-27T13:58:48,2024-01-27,156,39,Online,Afterpay,COUPON--ZZ,3.72,AUD
760788,2024-01-27T21:53:25,2024-01-27,684,43,Retail,PayPal,COUPON-AZ9,19.53,AUD
760792,2024-01-27T12:34:28,2024-01-27,607,16,Retail,PayPal,COUPONAA9-,14.16,AUD
760970,2024-01-27T23:23:56,2024-01-27,402,16,Online,Afterpay,COUPONZ009,8.13,AUD
761041,2024-01-27T00:03:16,2024-01-27,35,5,Retail,Afterpay,COUPON0-90,18.64,AUD
761133,2024-01-27T17:43:55,2024-01-27,267,18,Online,Afterpay,COUPON90--,2.56,AUD
761171,2024-01-27T20:14:06,2024-01-27,479,33,Retail,Credit Card,COUPONA-0-,8.22,AUD
761242,2024-01-27T20:39:36,2024-01-27,293,6,Retail,Credit Card,COUPON0-0Z,6.65,AUD
761339,2024-01-27T15:23:34,2024-01-27,261,35,Retail,PayPal,COUPON0-AZ,17.9,AUD
761365,2024-01-27T19:19:45,2024-01-27,419,16,Retail,Credit Card,COUPONAZ9-,14.07,AUD
761398,2024-01-27T02:59:12,2024-01-27,577,8,Retail,PayPal,COUPON9A09,2.93,AUD
761521,2024-01-27T04:20:55,2024-01-27,648,11,Online,Credit Card,COUPON-090,13.55,AUD
761532,2024-01-27T20:41:26,2024-01-27,538,1,Online,PayPal,COUPON0Z-A,4.31,AUD
761533,2024-01-27T06:14:36,2024-01-27,693,34,Retail,PayPal,COUPONA9AZ,7.57,AUD
761567,2024-01-27T05:52:38,2024-01-27,377,17,Retail,Afterpay,COUPON0Z--,6.24,AUD
761629,2024-01-27T14:37:05,2024-01-27,659,48,Retail,Credit Card,COUPON099-,1.33,AUD
761969,2024-01-27T14:43:14,2024-01-27,433,20,Online,Afterpay,COUPONZ0A-,1.66,AUD
762072,2024-01-27T06:03:09,2024-01-27,186,27,Online,PayPal,COUPONAZ9-,0.34,AUD
762086,2024-01-27T20:02:16,2024-01-27,434,48,Online,PayPal,COUPON-90-,5.68,AUD
762089,2024-01-27T15:00:51,2024-01-27,511,3,Retail,Credit Card,COUPON-990,7.94,AUD
762263,2024-01-27T06:42:55,2024-01-27,750,32,Retail,Afterpay,COUPON0A0-,1.04,AUD
762428,2024-01-27T10:05:57,2024-01-27,200,19,Online,PayPal,COUPON--A-,19.88,AUD
762433,2024-01-27T13:12:35,2024-01-27,622,35,Retail,PayPal,COUPON-9-9,0.97,AUD
762541,2024-01-27T10:59:05,2024-01-27,154,10,Online,PayPal,COUPON--A0,10.11,AUD
762632,2024-01-27T21:55:43,2024-01-27,294,33,Retail,Credit Card,COUPON9-AZ,10.48,AUD
762783,2024-01-27T00:00:37,2024-01-27,68,24,Online,Afterpay,COUPON-00Z,13.7,AUD
762873,2024-01-27T12:08:08,2024-01-27,379,43,Online,Credit Card,COUPON-Z9-,14.46,AUD
762886,2024-01-27T20:07:35,2024-01-27,398,41,Retail,Afterpay,COUPON0AA-,14.7,AUD
762939,2024-01-27T06:18:08,2024-01-27,375,19,Online,PayPal,COUPON0ZAA,19.37,AUD
763243,2024-01-27T09:24:03,2024-01-27,295,35,Retail,Afterpay,COUPON-9-Z,6.84,AUD
763380,2024-01-27T09:14:33,2024-01-27,749,19,Online,PayPal,COUPON9ZAA,15.3,AUD
763418,2024-01-27T06:55:44,2024-01-27,772,11,Retail,Afterpay,COUPONA0A-,3.72,AUD
763736,2024-01-27T13:45:14,2024-01-27,320,5,Online,Afterpay,COUPON-9AZ,9.29,AUD
763759,2024-01-27T06:07:44,2024-01-27,778,29,Online,Afterpay,COUPONZ9Z-,7.06,AUD
763927,2024-01-27T14:00:05,2024-01-27,712,39,Retail,Credit Card,COUPONA-A-,1.26,AUD
763934,2024-01-27T19:50:30,2024-01-27,275,28,Online,Afterpay,COUPON----,0.93,AUD
764051,2024-01-27T01:53:31,2024-01-27,247,40,Online,PayPal,COUPON--A9,0.74,AUD
764066,2024-01-27T17:57:07,2024-01-27,568,47,Retail,PayPal,COUPONZ9-Z,16.34,AUD
764111,2024-01-27T15:44:29,2024-01-27,101,26,Online,PayPal,COUPONA9-9,8.31,AUD
764203,2024-01-27T17:47:53,2024-01-27,532,45,Online,PayPal,COUPON9Z-Z,13.28,AUD
764217,2024-01-27T00:41:18,2024-01-27,312,41,Retail,PayPal,COUPONZ0Z-,1.72,AUD
764267,2024-01-27T18:08:48,2024-01-27,319,32,Online,Afterpay,COUPONAAA9,12.1,AUD
764316,2024-01-27T02:25:10,2024-01-27,69,45,Online,PayPal,COUPONZA-A,4.23,AUD
764338,2024-01-27T15:35:40,2024-01-27,774,28,Retail,Credit Card,COUPONZ9-0,7.65,AUD
764372,2024-01-27T00:47:28,2024-01-27,56,41,Retail,PayPal,COUPON090-,10.27,AUD
764487,2024-01-27T19:24:40,2024-01-27,402,5,Online,Credit Card,COUPON9A90,1.85,AUD
764522,2024-01-27T17:46:46,2024-01-27,489,36,Retail,Afterpay,COUPON9ZZZ,0.92,AUD
764582,2024-01-27T06:20:19,2024-01-27,356,29,Retail,PayPal,COUPONZ--0,10.08,AUD
764583,2024-01-27T07:16:14,2024-01-27,235,38,Retail,Credit Card,COUPON90Z9,7.32,AUD
764900,2024-01-27T11:00:24,2024-01-27,742,1,Retail,Credit Card,COUPON9--Z,16.33,AUD
765038,2024-01-27T14:54:37,2024-01-27,504,5,Online,PayPal,COUPONA-AA,7.7,AUD
765189,2024-01-27T14:12:56,2024-01-27,410,37,Retail,Credit Card,COUPONA00-,4.63,AUD
765218,2024-01-27T10:51:54,2024-01-27,223,28,Online,Afterpay,COUPON--09,15.64,AUD
765391,2024-01-27T04:47:07,2024-01-27,362,35,Online,Credit Card,COUPONAA--,2.82,AUD
765423,2024-01-27T22:22:36,2024-01-27,663,26,Online,Credit Card,COUPONA-0-,3.39,AUD
765542,2024-01-27T13:51:35,2024-01-27,252,5,Online,PayPal,COUPONZ9--,13.78,AUD
765722,2024-01-27T10:46:20,2024-01-27,662,41,Online,PayPal,COUPON-ZZ0,16.59,AUD
765849,2024-01-27T07:47:23,2024-01-27,679,49,Online,PayPal,COUPON9AZ-,2.43,AUD
765920,2024-01-27T01:33:32,2024-01-27,666,48,Online,Credit Card,COUPON-A-Z,5.61,AUD
765935,2024-01-27T02:27:34,2024-01-27,315,31,Retail,Credit Card,COUPON9A-A,1.84,AUD
766133,2024-01-27T00:35:55,2024-01-27,331,20,Retail,PayPal,COUPONA9--,16.04,AUD
766198,2024-01-27T16:32:39,2024-01-27,243,9,Online,Afterpay,COUPON---0,6.92,AUD
766458,2024-01-27T11:43:57,2024-01-27,270,5,Online,PayPal,COUPONAZ90,7.75,AUD
766509,2024-01-27T19:06:19,2024-01-27,557,14,Retail,PayPal,COUPONZZ-A,12.47,AUD
766575,2024-01-27T00:27:20,2024-01-27,347,37,Online,Afterpay,COUPON9--0,6.29,AUD
766633,2024-01-27T12:24:41,2024-01-27,710,21,Retail,Credit Card,COUPON0-9-,3.51,AUD
766683,2024-01-27T10:49:44,2024-01-27,334,8,Retail,PayPal,COUPON9A00,6.85,AUD
766745,2024-01-27T15:14:12,2024-01-27,229,47,Retail,Afterpay,COUPON-090,18.79,AUD
766759,2024-01-27T14:48:30,2024-01-27,609,42,Online,Credit Card,COUPONZ909,14.08,AUD
766830,2024-01-27T02:27:06,2024-01-27,312,9,Online,Credit Card,COUPONZ-9A,10.46,AUD
766832,2024-01-27T12:25:39,2024-01-27,703,5,Retail,Credit Card,COUPON90AZ,14.48,AUD
766872,2024-01-27T01:56:19,2024-01-27,457,48,Online,Afterpay,COUPON0-0-,7.95,AUD
766972,2024-01-27T19:34:24,2024-01-27,151,25,Online,Afterpay,COUPONAAZ9,8.97,AUD
767027,2024-01-27T07:14:50,2024-01-27,484,8,Retail,Afterpay,COUPONZ-9-,14.12,AUD
767062,2024-01-27T16:09:58,2024-01-27,125,17,Online,Credit Card,COUPON--Z-,14.56,AUD
767078,2024-01-27T12:59:27,2024-01-27,55,31,Retail,Credit Card,COUPONZAZ9,19.37,AUD
767095,2024-01-27T21:48:43,2024-01-27,350,11,Retail,Afterpay,COUPONZ9A0,12.76,AUD
767159,2024-01-27T15:07:30,2024-01-27,92,34,Retail,PayPal,COUPONAAA-,3.22,AUD
767277,2024-01-27T11:45:03,2024-01-27,35,37,Retail,Afterpay,COUPON090-,6.11,AUD
767344,2024-01-27T22:24:40,2024-01-27,298,46,Online,Afterpay,COUPON-0Z-,14.83,AUD
767471,2024-01-27T20:53:12,2024-01-27,545,13,Online,Credit Card,COUPON9-9A,13.83,AUD
767478,2024-01-27T04:02:43,2024-01-27,10,29,Retail,Credit Card,COUPONZ9-Z,4.01,AUD
767529,2024-01-27T09:34:42,2024-01-27,619,20,Retail,PayPal,COUPON9AA9,14.65,AUD
767606,2024-01-27T20:49:15,2024-01-27,366,27,Retail,Afterpay,COUPONA--Z,10.56,AUD
767618,2024-01-27T00:32:19,2024-01-27,73,43,Online,PayPal,COUPON00-A,10.92,AUD
767731,2024-01-27T15:02:45,2024-01-27,782,45,Online,Credit Card,COUPON-0Z-,10.81,AUD
767852,2024-01-27T21:06:50,2024-01-27,409,37,Retail,PayPal,COUPON9--0,12.54,AUD
767857,2024-01-27T07:35:23,2024-01-27,663,21,Retail,Credit Card,COUPONAZZA,10.79,AUD
767864,2024-01-27T01:24:34,2024-01-27,82,10,Online,PayPal,COUPON-9-0,12.19,AUD
767872,2024-01-27T19:33:15,2024-01-27,104,23,Online,Afterpay,COUPON--A0,13.17,AUD
767894,2024-01-27T23:24:56,2024-01-27,509,5,Online,Credit Card,COUPONZA9Z,16.61,AUD
767903,2024-01-27T07:23:56,2024-01-27,485,15,Retail,Afterpay,COUPONZZAZ,19.15,AUD
767918,2024-01-27T20:18:49,2024-01-27,193,3,Online,Afterpay,COUPON-9Z0,6.37,AUD
768147,2024-01-27T01:15:06,2024-01-27,672,47,Online,Credit Card,COUPON0-Z-,1.67,AUD
768184,2024-01-27T20:29:04,2024-01-27,9,2,Online,Afterpay,COUPON0-A-,2.42,AUD
768314,2024-01-27T19:21:44,2024-01-27,94,46,Retail,Credit Card,COUPONA0Z0,4.05,AUD
768320,2024-01-27T02:41:12,2024-01-27,637,1,Online,Afterpay,COUPONA--9,16.21,AUD
768329,2024-01-27T03:04:56,2024-01-27,603,26,Retail,Credit Card,COUPON-A9-,2.84,AUD
768390,2024-01-27T13:06:50,2024-01-27,219,34,Online,PayPal,COUPONZAZA,17.36,AUD
768623,2024-01-27T06:56:35,2024-01-27,559,25,Online,PayPal,COUPON----,19.9,AUD
768906,2024-01-27T08:04:22,2024-01-27,220,4,Online,Credit Card,COUPON-A--,18.49,AUD
768921,2024-01-27T07:34:25,2024-01-27,533,18,Retail,Afterpay,COUPON-00A,18.65,AUD
768933,2024-01-27T07:42:53,2024-01-27,736,42,Retail,PayPal,COUPON-00-,0.61,AUD
768975,2024-01-27T17:09:43,2024-01-27,54,16,Online,Afterpay,COUPONZ9Z-,7.82,AUD
769048,2024-01-27T04:06:40,2024-01-27,630,7,Retail,Afterpay,COUPONAAZZ,16.91,AUD
769333,2024-01-27T08:04:14,2024-01-27,256,26,Online,PayPal,COUPON-99-,8.15,AUD
769405,2024-01-27T21:27:07,2024-01-27,733,22,Online,Afterpay,COUPON--00,16.23,AUD
769436,2024-01-27T13:39:37,2024-01-27,356,5,Retail,Afterpay,COUPONZ00A,17.51,AUD
769486,2024-01-27T21:33:47,2024-01-27,312,40,Retail,Afterpay,COUPON99-Z,14.74,AUD
769602,2024-01-27T11:22:11,2024-01-27,150,22,Retail,Credit Card,COUPON--Z-,18.6,AUD
769677,2024-01-27T17:38:08,2024-01-27,695,43,Retail,Afterpay,COUPONA-9-,5.8,AUD
769706,2024-01-27T10:54:48,2024-01-27,628,35,Online,PayPal,COUPONZ-A-,4.47,AUD
769930,2024-01-27T17:01:01,2024-01-27,350,9,Online,PayPal,COUPON-A-Z,11.74,AUD
769963,2024-01-27T19:26:07,2024-01-27,422,39,Online,PayPal,COUPON-9-9,5.46,AUD
770188,2024-01-27T14:13:35,2024-01-27,107,6,Online,PayPal,COUPONAA00,15.66,AUD
770228,2024-01-27T00:07:43,2024-01-27,458,18,Online,PayPal,COUPON00-9,2.52,AUD
770239,2024-01-27T03:24:38,2024-01-27,69,43,Online,Afterpay,COUPON9-AA,16.58,AUD
770257,2024-01-27T20:21:48,2024-01-27,199,32,Retail,PayPal,COUPON-9ZA,12.1,AUD
770314,2024-01-27T16:26:27,2024-01-27,235,12,Online,Afterpay,COUPONZAA-,16.51,AUD
770482,2024-01-27T20:40:25,2024-01-27,90,48,Online,Afterpay,COUPON9AA-,6.84,AUD
770540,2024-01-27T17:18:01,2024-01-27,502,38,Online,Credit Card,COUPON-Z0Z,11.19,AUD
770665,2024-01-27T03:57:41,2024-01-27,399,37,Retail,PayPal,COUPON-9--,15.88,AUD
770780,2024-01-27T14:46:10,2024-01-27,399,31,Online,Credit Card,COUPON0-9A,7.37,AUD
770873,2024-01-27T15:47:01,2024-01-27,600,23,Online,Credit Card,COUPONA-AA,17.74,AUD
770948,2024-01-27T13:10:14,2024-01-27,117,6,Online,PayPal,COUPON090Z,11.93,AUD
770994,2024-01-27T14:47:27,2024-01-27,435,14,Retail,Credit Card,COUPONA9ZZ,6.41,AUD
770996,2024-01-27T17:55:03,2024-01-27,675,35,Retail,Afterpay,COUPON---A,8.79,AUD
771029,2024-01-27T12:53:21,2024-01-27,774,11,Online,Credit Card,COUPONA--Z,4.21,AUD
771218,2024-01-27T08:30:23,2024-01-27,669,8,Online,PayPal,COUPON099-,10.35,AUD
771272,2024-01-27T10:38:29,2024-01-27,661,29,Online,Afterpay,COUPON---Z,11.58,AUD
771291,2024-01-27T08:47:15,2024-01-27,93,27,Online,PayPal,COUPONAA99,3.85,AUD
771372,2024-01-27T13:58:43,2024-01-27,246,27,Online,PayPal,COUPON--A-,0.51,AUD
771529,2024-01-27T20:42:09,2024-01-27,402,34,Retail,Afterpay,COUPONA---,9.74,AUD
772040,2024-01-27T17:46:20,2024-01-27,638,13,Retail,PayPal,COUPON0Z9-,12.25,AUD
772239,2024-01-27T02:23:32,2024-01-27,735,42,Online,Credit Card,COUPON9-Z9,17.62,AUD
772442,2024-01-27T14:52:02,2024-01-27,103,33,Retail,Credit Card,COUPON9Z-A,9.68,AUD
772913,2024-01-27T13:08:13,2024-01-27,689,13,Online,PayPal,COUPON-AZ-,10.48,AUD
772946,2024-01-27T00:00:52,2024-01-27,433,46,Retail,PayPal,COUPONZ--A,6.89,AUD
773067,2024-01-27T03:19:00,2024-01-27,212,20,Online,Credit Card,COUPONZA--,15.07,AUD
773084,2024-01-27T09:21:54,2024-01-27,233,43,Online,PayPal,COUPON9-0-,11.51,AUD
773392,2024-01-27T05:29:45,2024-01-27,567,45,Retail,Afterpay,COUPON00Z-,6.07,AUD
773519,2024-01-27T19:39:11,2024-01-27,232,4,Retail,PayPal,COUPON--AZ,10.26,AUD
773543,2024-01-27T02:46:36,2024-01-27,451,40,Online,Afterpay,COUPON-Z9-,1.38,AUD
773719,2024-01-27T11:02:38,2024-01-27,42,15,Retail,Afterpay,COUPONZ--A,0.57,AUD
773749,2024-01-27T21:33:02,2024-01-27,438,3,Online,Credit Card,COUPON-AZ0,3.38,AUD
773768,2024-01-27T00:36:16,2024-01-27,277,39,Online,Afterpay,COUPONA00-,2.08,AUD
773970,2024-01-27T04:20:28,2024-01-27,288,47,Online,Credit Card,COUPON9AZ-,7.67,AUD
774101,2024-01-27T08:27:26,2024-01-27,694,5,Online,Afterpay,COUPON---Z,6.26,AUD
774211,2024-01-27T03:47:40,2024-01-27,338,15,Retail,Credit Card,COUPONA-0Z,13.57,AUD
774261,2024-01-27T17:39:10,2024-01-27,378,41,Retail,PayPal,COUPON0ZAZ,8.88,AUD
774386,2024-01-27T17:24:20,2024-01-27,605,26,Online,Afterpay,COUPON-9--,14.71,AUD
774393,2024-01-27T06:20:08,2024-01-27,99,18,Retail,Credit Card,COUPONA-ZZ,3.73,AUD
774480,2024-01-27T22:20:19,2024-01-27,214,16,Online,PayPal,COUPONA--0,7.61,AUD
774483,2024-01-27T12:44:57,2024-01-27,527,33,Retail,PayPal,COUPON-A00,8.93,AUD
774535,2024-01-27T18:30:43,2024-01-27,793,37,Online,Afterpay,COUPON-AAZ,6.98,AUD
774637,2024-01-27T15:42:19,2024-01-27,596,7,Retail,PayPal,COUPON0A--,12.8,AUD
774769,2024-01-27T11:12:09,2024-01-27,8,32,Online,Afterpay,COUPONA0A0,2.63,AUD
774814,2024-01-27T01:40:02,2024-01-27,530,2,Retail,Credit Card,COUPON-09-,3.23,AUD
774874,2024-01-27T22:04:24,2024-01-27,666,10,Retail,Afterpay,COUPON--09,14.65,AUD
774930,2024-01-27T17:46:35,2024-01-27,40,17,Retail,Credit Card,COUPONZ0A-,3.05,AUD
774966,2024-01-27T18:46:20,2024-01-27,416,42,Online,Credit Card,COUPON0AZ-,5.67,AUD
775015,2024-01-27T16:14:47,2024-01-27,679,36,Online,Credit Card,COUPON00A-,12.26,AUD
775309,2024-01-27T23:51:52,2024-01-27,444,48,Retail,Credit Card,COUPONA09Z,7.98,AUD
775442,2024-01-27T07:05:31,2024-01-27,514,47,Retail,Credit Card,COUPON0---,3.38,AUD
775522,2024-01-27T21:30:11,2024-01-27,216,7,Retail,PayPal,COUPON99--,16.42,AUD
775646,2024-01-27T19:09:16,2024-01-27,353,24,Online,PayPal,COUPON00ZA,7.76,AUD
775763,2024-01-27T15:14:43,2024-01-27,58,24,Online,PayPal,COUPON9-Z9,9.39,AUD
775782,2024-01-27T04:31:17,2024-01-27,334,20,Retail,Credit Card,COUPON090Z,7.99,AUD
775848,2024-01-27T02:11:44,2024-01-27,607,48,Online,Afterpay,COUPONA090,11.03,AUD
775907,2024-01-27T01:32:21,2024-01-27,164,24,Retail,Afterpay,COUPON-Z--,16.09,AUD
776044,2024-01-27T16:59:32,2024-01-27,129,48,Retail,PayPal,COUPON-AZZ,3.39,AUD
776111,2024-01-27T06:00:08,2024-01-27,649,48,Online,Afterpay,COUPON-ZA9,18.74,AUD
776304,2024-01-27T17:48:13,2024-01-27,621,22,Online,Afterpay,COUPON---9,1.59,AUD
776307,2024-01-27T12:20:25,2024-01-27,316,48,Retail,Credit Card,COUPONZ---,9.14,AUD
776509,2024-01-27T04:21:14,2024-01-27,355,4,Online,Afterpay,COUPON0-AZ,17.9,AUD
776564,2024-01-27T11:41:48,2024-01-27,539,19,Online,Credit Card,COUPON0990,8.5,AUD
776731,2024-01-27T13:54:36,2024-01-27,648,18,Online,Afterpay,COUPONZ909,7.14,AUD
776817,2024-01-27T04:54:10,2024-01-27,572,14,Online,Afterpay,COUPON0Z0-,15.21,AUD
777037,2024-01-27T23:46:27,2024-01-27,520,43,Retail,Credit Card,COUPON0Z90,3.38,AUD
777260,2024-01-27T16:55:59,2024-01-27,21,26,Online,Afterpay,COUPON--Z9,15.43,AUD
777345,2024-01-27T05:28:26,2024-01-27,715,14,Online,Afterpay,COUPON9A09,5.03,AUD
777525,2024-01-27T08:56:04,2024-01-27,118,28,Retail,Credit Card,COUPON--09,1.04,AUD
777614,2024-01-27T06:49:57,2024-01-27,683,2,Online,PayPal,COUPONA0-Z,17.29,AUD
777876,2024-01-27T17:34:49,2024-01-27,262,7,Online,PayPal,COUPON--0Z,4.77,AUD
777881,2024-01-27T17:31:09,2024-01-27,290,49,Online,Afterpay,COUPON999Z,17.63,AUD
777999,2024-01-27T22:26:49,2024-01-27,735,12,Retail,Credit Card,COUPON-ZA9,19.25,AUD
778122,2024-01-27T13:10:05,2024-01-27,721,14,Retail,Credit Card,COUPON0ZA-,1.28,AUD
778187,2024-01-27T11:45:09,2024-01-27,484,25,Retail,Credit Card,COUPONA---,12.63,AUD
778302,2024-01-27T04:16:27,2024-01-27,420,38,Retail,Afterpay,COUPON0A0-,1.41,AUD
778417,2024-01-27T11:21:16,2024-01-27,305,29,Retail,PayPal,COUPON0-99,12.09,AUD
778489,2024-01-27T21:14:40,2024-01-27,73,26,Online,Credit Card,COUPON--AA,0.48,AUD
778553,2024-01-27T12:40:36,2024-01-27,358,10,Online,PayPal,COUPONZ-Z0,10.62,AUD
778583,2024-01-27T08:30:13,2024-01-27,423,29,Online,PayPal,COUPON--Z-,14.4,AUD
778705,2024-01-27T03:14:06,2024-01-27,479,22,Online,PayPal,COUPON0Z-Z,7.58,AUD
778748,2024-01-27T05:03:03,2024-01-27,299,2,Online,PayPal,COUPONA09Z,10.97,AUD
778825,2024-01-27T07:34:19,2024-01-27,319,20,Retail,Afterpay,COUPON-9A9,2.94,AUD
778853,2024-01-27T05:22:36,2024-01-27,604,25,Online,Credit Card,COUPON-ZZ0,2.88,AUD
778925,2024-01-27T20:40:08,2024-01-27,37,1,Retail,Afterpay,COUPON99AZ,12.86,AUD
778939,2024-01-27T04:23:22,2024-01-27,120,46,Retail,PayPal,COUPON--0A,8.67,AUD
779041,2024-01-27T07:08:38,2024-01-27,218,6,Retail,Credit Card,COUPON0Z99,13.36,AUD
779125,2024-01-27T00:39:47,2024-01-27,582,18,Retail,Afterpay,COUPONZZ9-,4.71,AUD
779166,2024-01-27T12:05:09,2024-01-27,2,42,Retail,Afterpay,COUPONZ9ZZ,16.39,AUD
779301,2024-01-27T23:42:02,2024-01-27,146,17,Online,PayPal,COUPON9Z-0,5.32,AUD
779312,2024-01-27T18:41:38,2024-01-27,71,9,Online,Credit Card,COUPONZ--Z,12.76,AUD
779325,2024-01-27T04:38:31,2024-01-27,108,10,Online,PayPal,COUPON0AA9,12.83,AUD
779332,2024-01-27T22:37:53,2024-01-27,46,14,Online,PayPal,COUPON0-9-,9.6,AUD
779438,2024-01-27T01:07:59,2024-01-27,504,19,Retail,Afterpay,COUPON9-Z-,15.03,AUD
779521,2024-01-27T13:43:39,2024-01-27,44,30,Online,Afterpay,COUPON0ZZ-,0.46,AUD
779555,2024-01-27T17:27:55,2024-01-27,758,27,Online,PayPal,COUPON-9ZA,12.97,AUD
779602,2024-01-27T23:52:03,2024-01-27,727,23,Retail,Afterpay,COUPON9-0A,5.83,AUD
779736,2024-01-27T04:59:44,2024-01-27,384,43,Retail,Credit Card,COUPON-9A0,18.73,AUD
779805,2024-01-27T10:09:41,2024-01-27,252,16,Retail,PayPal,COUPON9---,16.59,AUD
779901,2024-01-27T17:53:09,2024-01-27,274,13,Retail,Afterpay,COUPON9A0-,0.62,AUD
779990,2024-01-27T18:51:44,2024-01-27,788,26,Online,Afterpay,COUPON----,3.92,AUD
780094,2024-01-27T10:14:00,2024-01-27,103,48,Retail,Credit Card,COUPON-9-9,10.16,AUD
780138,2024-01-27T14:19:14,2024-01-27,245,23,Retail,Credit Card,COUPON999Z,18.59,AUD
780292,2024-01-27T00:55:38,2024-01-27,522,14,Retail,Afterpay,COUPON9-ZZ,10.1,AUD
780349,2024-01-27T13:58:39,2024-01-27,546,33,Online,PayPal,COUPON9AZA,13.97,AUD
780413,2024-01-27T07:22:52,2024-01-27,235,37,Retail,Afterpay,COUPON999Z,2.25,AUD
780480,2024-01-27T10:49:59,2024-01-27,6,13,Retail,Credit Card,COUPON00-Z,11.47,AUD
780515,2024-01-27T01:48:44,2024-01-27,315,18,Retail,Credit Card,COUPON-0ZA,9.76,AUD
780529,2024-01-27T13:50:27,2024-01-27,431,34,Online,PayPal,COUPONA-0-,15.13,AUD
780576,2024-01-27T02:04:26,2024-01-27,265,19,Retail,Credit Card,COUPONA-A0,17.94,AUD
780737,2024-01-27T02:20:28,2024-01-27,417,22,Online,Credit Card,COUPONZ0AA,14.19,AUD
780742,2024-01-27T02:30:34,2024-01-27,276,6,Online,PayPal,COUPON-A--,14.82,AUD
780744,2024-01-27T00:09:52,2024-01-27,681,17,Retail,PayPal,COUPON--9A,16.33,AUD
780774,2024-01-27T12:05:27,2024-01-27,563,19,Retail,PayPal,COUPONA--0,9.71,AUD
780785,2024-01-27T05:52:40,2024-01-27,428,23,Retail,Afterpay,COUPONAA-A,2.27,AUD
781027,2024-01-27T00:47:30,2024-01-27,30,26,Retail,PayPal,COUPONA--0,1.83,AUD
781146,2024-01-27T11:34:39,2024-01-27,26,49,Retail,Credit Card,COUPONZ-AA,19.74,AUD
781256,2024-01-27T14:32:33,2024-01-27,542,2,Online,Credit Card,COUPON-ZZ-,19.55,AUD
781346,2024-01-27T04:05:19,2024-01-27,463,13,Retail,Credit Card,COUPONAZ-9,5.51,AUD
781458,2024-01-27T01:55:00,2024-01-27,588,31,Retail,Afterpay,COUPON0Z0Z,1.79,AUD
781597,2024-01-27T21:40:05,2024-01-27,481,6,Retail,PayPal,COUPON-A00,3.43,AUD
781639,2024-01-27T05:44:44,2024-01-27,640,38,Online,Credit Card,COUPONAZA0,3.66,AUD
781867,2024-01-27T12:48:09,2024-01-27,548,7,Retail,Credit Card,COUPON9-Z-,0.67,AUD
781956,2024-01-27T06:45:58,2024-01-27,54,16,Online,Afterpay,COUPONA0-Z,16.61,AUD
782025,2024-01-27T22:48:19,2024-01-27,478,26,Online,Credit Card,COUPON-0-9,19.12,AUD
782108,2024-01-27T16:32:01,2024-01-27,506,21,Retail,Credit Card,COUPON0-A0,15.66,AUD
782148,2024-01-27T03:32:46,2024-01-27,247,26,Online,Afterpay,COUPON-Z-A,12.48,AUD
782311,2024-01-27T01:48:23,2024-01-27,73,13,Online,Credit Card,COUPON99-Z,15.68,AUD
782514,2024-01-27T10:05:45,2024-01-27,662,11,Retail,Afterpay,COUPON09-0,17.66,AUD
782545,2024-01-27T21:37:22,2024-01-27,165,4,Retail,Afterpay,COUPON-Z0-,1.13,AUD
782767,2024-01-27T11:05:24,2024-01-27,261,35,Retail,PayPal,COUPON---Z,10.06,AUD
782779,2024-01-27T23:20:46,2024-01-27,241,23,Online,PayPal,COUPON-90Z,8.95,AUD
782830,2024-01-27T12:00:28,2024-01-27,740,13,Retail,PayPal,COUPON9-0A,14.84,AUD
782836,2024-01-27T19:06:38,2024-01-27,790,5,Retail,Afterpay,COUPON90A0,3.22,AUD
782980,2024-01-27T05:07:10,2024-01-27,422,25,Retail,Afterpay,COUPON9-09,18.45,AUD
783189,2024-01-27T02:53:36,2024-01-27,616,2,Retail,PayPal,COUPON-Z-0,13.21,AUD
783215,2024-01-27T10:31:26,2024-01-27,545,26,Retail,Afterpay,COUPON9--0,0.62,AUD
783235,2024-01-27T23:58:55,2024-01-27,632,12,Online,PayPal,COUPON9---,8.53,AUD
783237,2024-01-27T08:55:10,2024-01-27,680,43,Retail,Afterpay,COUPON-99-,0.11,AUD
783338,2024-01-27T23:41:11,2024-01-27,432,40,Online,Afterpay,COUPON0ZA9,1.27,AUD
783519,2024-01-27T13:40:02,2024-01-27,620,24,Retail,PayPal,COUPONZZZZ,17.46,AUD
783522,2024-01-27T14:16:56,2024-01-27,578,33,Online,Credit Card,COUPONZ900,13.92,AUD
783569,2024-01-27T15:32:59,2024-01-27,411,26,Online,Afterpay,COUPON09-A,11.3,AUD
783587,2024-01-27T08:40:01,2024-01-27,21,26,Retail,PayPal,COUPON-9Z9,7.94,AUD
783709,2024-01-27T02:43:47,2024-01-27,479,25,Online,Afterpay,COUPON9AZ-,13.74,AUD
783723,2024-01-27T12:36:37,2024-01-27,251,3,Online,Afterpay,COUPON-009,19.92,AUD
783734,2024-01-27T20:42:10,2024-01-27,140,40,Online,PayPal,COUPON-00-,4.76,AUD
783795,2024-01-27T03:59:34,2024-01-27,117,21,Retail,Afterpay,COUPON--00,13.36,AUD
783817,2024-01-27T09:33:58,2024-01-27,717,21,Online,PayPal,COUPON00A-,8.36,AUD
783940,2024-01-27T01:12:59,2024-01-27,336,41,Online,Afterpay,COUPON-Z--,14.85,AUD
784008,2024-01-27T01:21:44,2024-01-27,734,49,Retail,PayPal,COUPON09-A,3.07,AUD
784060,2024-01-27T06:32:25,2024-01-27,369,17,Online,Credit Card,COUPON9-0-,16.88,AUD
784067,2024-01-27T09:04:16,2024-01-27,70,18,Online,PayPal,COUPON--Z9,10.34,AUD
784118,2024-01-27T00:41:59,2024-01-27,260,47,Retail,Credit Card,COUPONA-Z-,18.92,AUD
784298,2024-01-27T15:54:00,2024-01-27,81,44,Online,PayPal,COUPON-09A,12.74,AUD
784402,2024-01-27T12:47:08,2024-01-27,577,40,Online,Afterpay,COUPON9-0A,4.34,AUD
784417,2024-01-27T06:51:29,2024-01-27,644,32,Retail,Afterpay,COUPON-900,7.71,AUD
784424,2024-01-27T04:15:42,2024-01-27,359,33,Retail,PayPal,COUPONAZ--,16.5,AUD
784465,2024-01-27T21:33:16,2024-01-27,620,27,Retail,Afterpay,COUPONAZZA,2.22,AUD
784677,2024-01-27T14:29:43,2024-01-27,71,35,Retail,PayPal,COUPON9Z0A,8.69,AUD
784692,2024-01-27T14:24:55,2024-01-27,697,43,Online,Credit Card,COUPON--AZ,17.73,AUD
784750,2024-01-27T16:02:12,2024-01-27,644,12,Retail,PayPal,COUPONAZZ-,0.12,AUD
784886,2024-01-27T21:57:48,2024-01-27,78,5,Retail,Credit Card,COUPON9--A,15.4,AUD
784890,2024-01-27T13:36:32,2024-01-27,770,44,Retail,Afterpay,COUPON909A,16.8,AUD
785039,2024-01-27T16:06:00,2024-01-27,279,20,Online,Afterpay,COUPONZZ90,7.18,AUD
785152,2024-01-27T12:07:34,2024-01-27,456,22,Retail,Afterpay,COUPON-Z0-,1.25,AUD
785533,2024-01-27T05:13:31,2024-01-27,559,43,Retail,PayPal,COUPON--AA,17.96,AUD
785535,2024-01-27T08:02:16,2024-01-27,737,47,Retail,Afterpay,COUPON-9A-,8.73,AUD
785653,2024-01-27T12:14:58,2024-01-27,620,13,Online,PayPal,COUPON9-A-,10.45,AUD
785712,2024-01-27T02:44:49,2024-01-27,395,12,Retail,PayPal,COUPON-9-Z,15.0,AUD
785800,2024-01-27T04:53:23,2024-01-27,305,12,Online,PayPal,COUPON0A-9,4.4,AUD
785858,2024-01-27T20:07:07,2024-01-27,32,13,Retail,Afterpay,COUPON-99-,5.14,AUD
785974,2024-01-27T01:10:01,2024-01-27,311,47,Online,Credit Card,COUPON9---,10.91,AUD
786001,2024-01-27T07:31:19,2024-01-27,168,32,Online,PayPal,COUPON-ZA9,17.08,AUD
786376,2024-01-27T14:52:42,2024-01-27,223,40,Retail,Credit Card,COUPON90-A,12.24,AUD
786667,2024-01-27T09:30:42,2024-01-27,516,26,Online,PayPal,COUPON--9Z,14.38,AUD
786702,2024-01-27T08:17:58,2024-01-27,627,25,Retail,Credit Card,COUPONA09Z,18.28,AUD
786717,2024-01-27T17:25:41,2024-01-27,702,40,Retail,Afterpay,COUPON-0A0,2.72,AUD
786773,2024-01-27T18:52:42,2024-01-27,277,13,Retail,Credit Card,COUPONZZ09,5.05,AUD
786784,2024-01-27T05:24:47,2024-01-27,39,43,Online,PayPal,COUPON-AZ-,8.5,AUD
786862,2024-01-27T04:16:53,2024-01-27,602,45,Online,Afterpay,COUPONZ-ZZ,11.61,AUD
786878,2024-01-27T01:28:33,2024-01-27,167,17,Retail,PayPal,COUPONZ-9-,15.99,AUD
787095,2024-01-27T14:05:38,2024-01-27,14,30,Retail,Afterpay,COUPONAAZ0,0.78,AUD
787336,2024-01-27T19:18:34,2024-01-27,577,30,Retail,Credit Card,COUPONA-0A,6.08,AUD
787380,2024-01-27T19:46:31,2024-01-27,671,47,Retail,Afterpay,COUPON-9-0,6.82,AUD
787430,2024-01-27T18:32:36,2024-01-27,188,46,Online,Afterpay,COUPON-0--,1.22,AUD
787440,2024-01-27T23:54:28,2024-01-27,400,27,Retail,Credit Card,COUPONAZ-A,15.16,AUD
787687,2024-01-27T02:37:41,2024-01-27,168,41,Online,Afterpay,COUPONZZ-A,7.04,AUD
787756,2024-01-27T12:44:09,2024-01-27,556,22,Retail,Afterpay,COUPONZZ9A,16.04,AUD
787784,2024-01-27T23:56:22,2024-01-27,614,45,Retail,Afterpay,COUPONA0--,2.67,AUD
787821,2024-01-27T05:15:02,2024-01-27,70,38,Retail,PayPal,COUPONA99A,19.73,AUD
787870,2024-01-27T17:50:03,2024-01-27,722,39,Retail,Afterpay,COUPON-Z-Z,15.22,AUD
788384,2024-01-27T08:47:43,2024-01-27,133,49,Online,PayPal,COUPON-AA-,5.61,AUD
788692,2024-01-27T19:20:26,2024-01-27,734,39,Retail,PayPal,COUPON--0-,2.05,AUD
788710,2024-01-27T09:44:59,2024-01-27,482,18,Retail,Afterpay,COUPON-Z-0,5.64,AUD
788721,2024-01-27T21:19:33,2024-01-27,584,5,Online,Credit Card,COUPONA0--,12.61,AUD
788735,2024-01-27T23:39:29,2024-01-27,388,49,Online,Credit Card,COUPON--Z9,15.11,AUD
788862,2024-01-27T21:24:38,2024-01-27,318,21,Online,Credit Card,COUPON9Z9-,7.51,AUD
789165,2024-01-27T11:28:21,2024-01-27,145,39,Retail,Credit Card,COUPON-A-Z,13.01,AUD
789218,2024-01-27T20:50:43,2024-01-27,701,47,Retail,PayPal,COUPONZZ00,18.88,AUD
789303,2024-01-27T02:15:53,2024-01-27,595,45,Retail,Credit Card,COUPON9A--,18.04,AUD
789532,2024-01-27T03:54:45,2024-01-27,588,31,Online,Credit Card,COUPON--Z-,9.15,AUD
789617,2024-01-27T19:47:00,2024-01-27,649,30,Retail,PayPal,COUPON-9A0,17.18,AUD
789758,2024-01-27T07:54:40,2024-01-27,570,35,Retail,PayPal,COUPON9-9-,13.67,AUD
789776,2024-01-27T04:43:33,2024-01-27,170,36,Online,PayPal,COUPON0Z0Z,19.08,AUD
789784,2024-01-27T00:11:40,2024-01-27,486,39,Retail,Afterpay,COUPON9-9A,18.08,AUD
790019,2024-01-27T10:00:01,2024-01-27,455,12,Online,PayPal,COUPON-A9-,0.27,AUD
790112,2024-01-27T05:01:48,2024-01-27,485,49,Retail,Afterpay,COUPON--09,14.76,AUD
790173,2024-01-27T03:06:13,2024-01-27,489,48,Retail,Afterpay,COUPON0--A,7.57,AUD
790468,2024-01-27T01:52:43,2024-01-27,339,37,Online,Credit Card,COUPONZZ-9,5.61,AUD
790583,2024-01-27T08:09:57,2024-01-27,401,17,Online,Credit Card,COUPON9A-A,16.24,AUD
790603,2024-01-27T11:43:18,2024-01-27,584,12,Online,Afterpay,COUPON09--,6.39,AUD
790687,2024-01-27T20:08:48,2024-01-27,103,34,Retail,Credit Card,COUPON--Z-,6.12,AUD
790691,2024-01-27T05:56:49,2024-01-27,292,11,Online,Afterpay,COUPON0Z--,10.73,AUD
790711,2024-01-27T15:13:17,2024-01-27,635,37,Online,PayPal,COUPON09Z0,18.0,AUD
790801,2024-01-27T08:15:35,2024-01-27,688,37,Retail,Credit Card,COUPONZ--0,8.49,AUD
790828,2024-01-27T15:50:20,2024-01-27,459,22,Retail,Credit Card,COUPONZ-09,13.84,AUD
790864,2024-01-27T05:12:36,2024-01-27,660,48,Retail,Credit Card,COUPON-9A-,0.33,AUD
790988,2024-01-27T21:33:17,2024-01-27,188,23,Online,Afterpay,COUPON00A0,0.41,AUD
791098,2024-01-27T19:53:10,2024-01-27,357,12,Online,Afterpay,COUPON-A9-,17.39,AUD
791154,2024-01-27T12:02:36,2024-01-27,332,11,Online,Afterpay,COUPON9AA-,17.51,AUD
791430,2024-01-27T00:21:25,2024-01-27,36,37,Online,Credit Card,COUPON0Z--,1.24,AUD
791446,2024-01-27T12:23:46,2024-01-27,728,40,Retail,PayPal,COUPON9-0Z,12.51,AUD
791548,2024-01-27T03:43:19,2024-01-27,411,35,Online,Credit Card,COUPON-ZA-,8.82,AUD
791563,2024-01-27T18:09:59,2024-01-27,215,29,Retail,PayPal,COUPON0Z-A,4.12,AUD
791589,2024-01-27T19:01:36,2024-01-27,22,33,Online,Credit Card,COUPON0Z0-,7.27,AUD
791649,2024-01-27T23:01:42,2024-01-27,516,7,Retail,Afterpay,COUPON9AA-,9.19,AUD
791681,2024-01-27T11:16:40,2024-01-27,232,15,Online,PayPal,COUPONAZ-9,4.63,AUD
791705,2024-01-27T21:48:25,2024-01-27,217,43,Retail,Afterpay,COUPON9A0-,9.53,AUD
791713,2024-01-27T16:35:45,2024-01-27,689,1,Online,Afterpay,COUPON9909,7.68,AUD
791769,2024-01-27T03:41:42,2024-01-27,775,10,Online,Afterpay,COUPON9ZZ9,18.67,AUD
791788,2024-01-27T09:41:29,2024-01-27,757,4,Retail,Afterpay,COUPON-0A-,14.46,AUD
791828,2024-01-27T00:32:13,2024-01-27,640,6,Retail,PayPal,COUPON-090,5.96,AUD
791899,2024-01-27T14:35:20,2024-01-27,185,45,Online,Credit Card,COUPON0A-0,4.98,AUD
792009,2024-01-27T21:01:30,2024-01-27,662,3,Online,PayPal,COUPONZ0--,2.1,AUD
792101,2024-01-27T16:39:34,2024-01-27,523,27,Retail,Afterpay,COUPON--0Z,10.75,AUD
792159,2024-01-27T03:49:17,2024-01-27,247,7,Online,PayPal,COUPONAA-9,14.81,AUD
792248,2024-01-27T14:51:19,2024-01-27,792,8,Online,Afterpay,COUPON---9,14.88,AUD
792436,2024-01-27T23:22:30,2024-01-27,15,35,Online,PayPal,COUPON--Z9,15.27,AUD
792504,2024-01-27T13:33:36,2024-01-27,77,16,Online,Afterpay,COUPON99--,9.53,AUD
792633,2024-01-27T10:35:53,2024-01-27,691,34,Retail,Credit Card,COUPON00AA,15.74,AUD
792647,2024-01-27T03:59:21,2024-01-27,630,5,Retail,Afterpay,COUPON-A-9,11.95,AUD
792735,2024-01-27T03:20:25,2024-01-27,713,4,Retail,Credit Card,COUPONZ0-0,4.82,AUD
792783,2024-01-27T19:24:15,2024-01-27,603,14,Online,Afterpay,COUPONZZ9-,13.19,AUD
792794,2024-01-27T20:33:16,2024-01-27,646,12,Retail,Credit Card,COUPON-0-A,12.61,AUD
792837,2024-01-27T13:58:23,2024-01-27,773,15,Retail,PayPal,COUPON-090,15.22,AUD
792840,2024-01-27T07:16:58,2024-01-27,739,36,Online,Afterpay,COUPON-9Z-,7.33,AUD
792889,2024-01-27T15:21:00,2024-01-27,201,35,Online,PayPal,COUPON--A9,10.13,AUD
792892,2024-01-27T22:24:34,2024-01-27,39,13,Retail,PayPal,COUPON--A0,15.44,AUD
792910,2024-01-27T11:30:45,2024-01-27,492,39,Retail,PayPal,COUPON0---,12.13,AUD
793109,2024-01-27T18:50:12,2024-01-27,754,3,Online,Afterpay,COUPON-0--,16.83,AUD
793197,2024-01-27T00:29:33,2024-01-27,502,32,Retail,Afterpay,COUPON--0-,5.77,AUD
793361,2024-01-27T16:45:53,2024-01-27,264,33,Online,Afterpay,COUPONZ-0-,9.25,AUD
793405,2024-01-27T07:15:35,2024-01-27,315,38,Retail,PayPal,COUPONZ9-0,12.25,AUD
793461,2024-01-27T10:12:47,2024-01-27,405,6,Retail,PayPal,COUPON-Z9A,3.4,AUD
793730,2024-01-27T06:39:16,2024-01-27,581,16,Online,PayPal,COUPON-9-A,13.73,AUD
793755,2024-01-27T02:17:13,2024-01-27,263,36,Online,Credit Card,COUPONZ-0-,11.39,AUD
793817,2024-01-27T06:43:21,2024-01-27,43,9,Retail,Afterpay,COUPONZZ0-,3.32,AUD
793941,2024-01-27T08:45:54,2024-01-27,134,4,Online,Credit Card,COUPON09ZZ,0.37,AUD
794019,2024-01-27T14:04:30,2024-01-27,219,29,Online,PayPal,COUPON0--Z,19.53,AUD
794150,2024-01-27T01:27:40,2024-01-27,219,10,Online,PayPal,COUPON0AZ0,1.42,AUD
794318,2024-01-27T15:11:50,2024-01-27,10,24,Retail,PayPal,COUPON9-0Z,5.72,AUD
794326,2024-01-27T05:29:18,2024-01-27,68,43,Retail,Credit Card,COUPON09A-,19.24,AUD
794408,2024-01-27T18:18:51,2024-01-27,73,47,Online,PayPal,COUPON----,7.46,AUD
794454,2024-01-27T17:20:26,2024-01-27,711,5,Retail,PayPal,COUPON999Z,19.45,AUD
794487,2024-01-27T14:10:07,2024-01-27,10,23,Retail,Credit Card,COUPON0Z-Z,12.37,AUD
794585,2024-01-27T17:32:34,2024-01-27,380,24,Online,Credit Card,COUPON---A,15.41,AUD
794640,2024-01-27T05:07:29,2024-01-27,220,9,Retail,PayPal,COUPON0Z99,9.84,AUD
794676,2024-01-27T06:50:46,2024-01-27,247,22,Online,PayPal,COUPON--0-,8.56,AUD
795256,2024-01-27T20:11:03,2024-01-27,629,4,Online,Credit Card,COUPON99-0,5.07,AUD
795363,2024-01-27T05:15:16,2024-01-27,83,16,Online,Credit Card,COUPON0-ZA,12.5,AUD
795391,2024-01-27T07:40:20,2024-01-27,302,27,Online,Afterpay,COUPON-9A-,6.64,AUD
795515,2024-01-27T19:24:21,2024-01-27,626,25,Online,Credit Card,COUPONZ-AZ,4.68,AUD
795551,2024-01-27T15:30:32,2024-01-27,796,43,Retail,Afterpay,COUPONZ9Z0,2.33,AUD
795678,2024-01-27T06:27:03,2024-01-27,120,20,Retail,Afterpay,COUPONZ9A-,8.45,AUD
795838,2024-01-27T10:48:45,2024-01-27,763,11,Online,Afterpay,COUPONZ-Z9,6.26,AUD
795865,2024-01-27T12:15:43,2024-01-27,478,28,Retail,Credit Card,COUPON9-Z-,8.66,AUD
795951,2024-01-27T13:36:16,2024-01-27,644,24,Retail,Afterpay,COUPON--0-,6.57,AUD
795993,2024-01-27T23:18:54,2024-01-27,729,39,Online,PayPal,COUPON--Z9,11.36,AUD
796050,2024-01-27T12:03:34,2024-01-27,299,28,Retail,PayPal,COUPONA9-0,9.19,AUD
796139,2024-01-27T09:33:00,2024-01-27,306,21,Retail,PayPal,COUPON-0-Z,19.41,AUD
796420,2024-01-27T00:16:31,2024-01-27,243,41,Retail,PayPal,COUPONZ-Z0,15.29,AUD
796435,2024-01-27T23:43:10,2024-01-27,730,26,Online,Afterpay,COUPON--9-,6.65,AUD
796456,2024-01-27T05:35:34,2024-01-27,91,47,Online,PayPal,COUPON-9Z-,19.91,AUD
796659,2024-01-27T22:12:29,2024-01-27,458,47,Online,PayPal,COUPON900Z,6.97,AUD
796688,2024-01-27T15:13:53,2024-01-27,357,16,Retail,Credit Card,COUPONZ0-Z,15.24,AUD
796787,2024-01-27T00:45:47,2024-01-27,438,27,Online,Credit Card,COUPON0AAA,5.52,AUD
796809,2024-01-27T05:27:16,2024-01-27,531,43,Online,PayPal,COUPON-9--,10.16,AUD
797005,2024-01-27T07:55:31,2024-01-27,471,42,Online,Credit Card,COUPON-AZA,6.32,AUD
797028,2024-01-27T20:40:03,2024-01-27,764,20,Online,Afterpay,COUPON0ZZZ,12.39,AUD
797124,2024-01-27T15:04:45,2024-01-27,94,1,Retail,Credit Card,COUPON0AAZ,16.42,AUD
797140,2024-01-27T16:24:35,2024-01-27,172,46,Retail,Credit Card,COUPONA--0,9.54,AUD
797173,2024-01-27T15:53:16,2024-01-27,248,22,Retail,Credit Card,COUPON-999,9.3,AUD
797200,2024-01-27T13:39:01,2024-01-27,125,48,Online,Credit Card,COUPON-9--,17.66,AUD
797331,2024-01-27T18:57:34,2024-01-27,686,30,Online,Credit Card,COUPON-Z--,5.4,AUD
797438,2024-01-27T03:57:15,2024-01-27,392,12,Online,Afterpay,COUPON9Z--,11.31,AUD
797589,2024-01-27T01:43:53,2024-01-27,393,39,Retail,PayPal,COUPON-9A0,17.77,AUD
797875,2024-01-27T19:13:25,2024-01-27,443,21,Retail,Credit Card,COUPON-AZZ,5.84,AUD
797949,2024-01-27T21:26:22,2024-01-27,153,11,Online,PayPal,COUPON---0,17.07,AUD
797980,2024-01-27T07:10:52,2024-01-27,286,15,Online,PayPal,COUPON-A90,12.25,AUD
798011,2024-01-27T12:38:12,2024-01-27,491,42,Retail,Credit Card,COUPON-9--,17.99,AUD
798398,2024-01-27T15:40:37,2024-01-27,485,3,Retail,Afterpay,COUPONZ---,2.09,AUD
798485,2024-01-27T15:42:45,2024-01-27,546,7,Online,PayPal,COUPON--00,1.99,AUD
798602,2024-01-27T13:15:41,2024-01-27,456,22,Retail,PayPal,COUPON-A--,9.93,AUD
798617,2024-01-27T15:41:13,2024-01-27,446,28,Online,PayPal,COUPON9ZA0,16.46,AUD
798690,2024-01-27T00:40:57,2024-01-27,261,31,Online,Credit Card,COUPON--A9,9.34,AUD
798733,2024-01-27T21:37:53,2024-01-27,588,19,Online,Credit Card,COUPON--9A,13.23,AUD
798762,2024-01-27T01:16:18,2024-01-27,69,46,Online,PayPal,COUPON-AA9,19.16,AUD
798778,2024-01-27T15:11:29,2024-01-27,103,24,Online,PayPal,COUPONA909,19.06,AUD
798836,2024-01-27T15:07:27,2024-01-27,356,15,Online,PayPal,COUPON9A-0,14.02,AUD
798886,2024-01-27T08:46:24,2024-01-27,272,39,Online,Credit Card,COUPONA9-9,2.55,AUD
798940,2024-01-27T15:16:32,2024-01-27,468,10,Retail,Afterpay,COUPON9-00,14.86,AUD
799327,2024-01-27T21:23:23,2024-01-27,270,29,Online,PayPal,COUPON-Z9Z,6.21,AUD
799448,2024-01-27T06:52:54,2024-01-27,628,7,Retail,PayPal,COUPON9-9Z,11.16,AUD
799478,2024-01-27T06:19:02,2024-01-27,76,3,Retail,PayPal,COUPON0AAZ,13.45,AUD
799736,2024-01-27T02:08:58,2024-01-27,209,32,Online,Afterpay,COUPON9-AZ,1.98,AUD
799782,2024-01-27T00:34:49,2024-01-27,6,16,Retail,Afterpay,COUPONA--0,13.02,AUD
799802,2024-01-27T20:09:28,2024-01-27,690,12,Retail,PayPal,COUPON99-0,1.23,AUD
799806,2024-01-27T16:50:59,2024-01-27,419,32,Online,PayPal,COUPON9-Z-,16.72,AUD
799817,2024-01-27T05:10:35,2024-01-27,661,32,Retail,Credit Card,COUPONZ0-9,0.6,AUD
799873,2024-01-27T03:19:56,2024-01-27,366,27,Retail,PayPal,COUPON9990,8.51,AUD
799924,2024-01-27T07:35:08,2024-01-27,573,41,Retail,Credit Card,COUPON00-Z,5.93,AUD
799946,2024-01-27T00:34:45,2024-01-27,557,47,Retail,PayPal,COUPON9---,19.75,AUD
800029,2024-01-27T06:21:54,2024-01-27,15,41,Online,PayPal,COUPON9Z--,14.25,AUD
800099,2024-01-27T21:32:14,2024-01-27,601,17,Online,PayPal,COUPON-A-9,13.92,AUD
800243,2024-01-27T00:17:38,2024-01-27,695,1,Retail,Afterpay,COUPONZZAA,8.41,AUD
800259,2024-01-27T00:07:21,2024-01-27,192,49,Retail,Afterpay,COUPON9--0,13.17,AUD
800314,2024-01-27T17:25:52,2024-01-27,753,45,Online,Afterpay,COUPON0-90,0.6,AUD
800407,2024-01-27T07:05:44,2024-01-27,467,19,Online,Credit Card,COUPON-0-9,15.62,AUD
800441,2024-01-27T01:38:55,2024-01-27,479,39,Retail,PayPal,COUPONAAZ-,2.52,AUD
800587,2024-01-27T07:38:57,2024-01-27,199,33,Online,PayPal,COUPON0-ZA,6.48,AUD
800601,2024-01-27T17:49:52,2024-01-27,462,4,Online,Credit Card,COUPON--9-,18.21,AUD
800632,2024-01-27T13:10:49,2024-01-27,134,13,Retail,Afterpay,COUPON0AZA,8.8,AUD
800677,2024-01-27T20:29:40,2024-01-27,380,44,Online,PayPal,COUPON09-9,19.68,AUD
800827,2024-01-27T17:25:49,2024-01-27,786,43,Online,PayPal,COUPON9-9A,15.93,AUD
800949,2024-01-27T04:59:13,2024-01-27,63,10,Retail,Afterpay,COUPON-ZZZ,3.92,AUD
801137,2024-01-27T08:06:04,2024-01-27,739,29,Online,Credit Card,COUPON9-90,7.8,AUD
801173,2024-01-27T15:00:06,2024-01-27,641,34,Online,Credit Card,COUPON---A,0.54,AUD
801323,2024-01-27T16:26:38,2024-01-27,638,26,Online,Afterpay,COUPONZA-9,14.71,AUD
801463,2024-01-27T23:04:04,2024-01-27,412,24,Online,PayPal,COUPON-AZ9,4.28,AUD
801482,2024-01-27T03:55:25,2024-01-27,144,45,Retail,Credit Card,COUPONA0AA,13.96,AUD
801696,2024-01-27T13:56:08,2024-01-27,25,37,Online,Afterpay,COUPON0-A-,11.43,AUD
801730,2024-01-27T04:29:04,2024-01-27,543,46,Online,PayPal,COUPON-9ZZ,17.01,AUD
801783,2024-01-27T04:58:08,2024-01-27,376,9,Retail,PayPal,COUPONA-99,17.98,AUD
801785,2024-01-27T07:11:13,2024-01-27,59,45,Retail,PayPal,COUPONZ-Z-,16.55,AUD
801915,2024-01-27T14:50:19,2024-01-27,98,12,Online,Credit Card,COUPON---9,5.3,AUD
801983,2024-01-27T08:17:57,2024-01-27,327,28,Retail,PayPal,COUPON--Z-,1.95,AUD
802001,2024-01-27T13:08:31,2024-01-27,501,8,Retail,PayPal,COUPON----,0.55,AUD
802060,2024-01-27T14:33:05,2024-01-27,206,24,Retail,Afterpay,COUPONA0--,6.47,AUD
802272,2024-01-27T02:09:53,2024-01-27,283,24,Retail,Afterpay,COUPONA-AZ,17.73,AUD
802381,2024-01-27T04:44:23,2024-01-27,290,13,Retail,PayPal,COUPON--ZA,5.14,AUD
802548,2024-01-27T20:11:59,2024-01-27,71,5,Retail,Afterpay,COUPON---9,13.24,AUD
802605,2024-01-27T04:21:18,2024-01-27,318,28,Online,Afterpay,COUPON0Z00,9.77,AUD
802958,2024-01-27T07:23:40,2024-01-27,541,39,Online,PayPal,COUPON99A-,12.7,AUD
803172,2024-01-27T06:41:33,2024-01-27,624,8,Retail,PayPal,COUPON0-0Z,0.99,AUD
803184,2024-01-27T18:00:42,2024-01-27,336,32,Retail,PayPal,COUPON9--9,5.78,AUD
803251,2024-01-27T04:56:49,2024-01-27,418,24,Online,Afterpay,COUPON9ZZ0,15.51,AUD
803256,2024-01-27T11:51:38,2024-01-27,25,1,Online,Credit Card,COUPON-A--,14.0,AUD
803280,2024-01-27T11:55:46,2024-01-27,445,35,Online,Credit Card,COUPONZ90Z,19.94,AUD
803378,2024-01-27T04:04:12,2024-01-27,396,4,Retail,Credit Card,COUPON-00Z,11.23,AUD
803420,2024-01-27T11:10:15,2024-01-27,78,29,Online,PayPal,COUPONZ-9-,2.41,AUD
803427,2024-01-27T05:23:04,2024-01-27,193,49,Online,Credit Card,COUPON99-0,4.79,AUD
803494,2024-01-27T23:07:32,2024-01-27,26,39,Retail,PayPal,COUPONA0A-,4.39,AUD
803627,2024-01-27T18:14:35,2024-01-27,469,7,Retail,PayPal,COUPON-9Z-,5.42,AUD
804011,2024-01-27T06:58:46,2024-01-27,680,30,Retail,Credit Card,COUPON-A--,17.6,AUD
804196,2024-01-27T12:49:59,2024-01-27,159,48,Online,Afterpay,COUPON-9A-,3.16,AUD
804232,2024-01-27T12:52:54,2024-01-27,52,15,Online,PayPal,COUPON--Z-,6.1,AUD
804250,2024-01-27T20:32:51,2024-01-27,736,2,Online,PayPal,COUPON-A0-,5.63,AUD
804255,2024-01-27T15:15:21,2024-01-27,568,10,Retail,Afterpay,COUPON0Z-Z,11.46,AUD
804275,2024-01-27T00:07:10,2024-01-27,789,41,Retail,PayPal,COUPONAZZA,19.29,AUD
804307,2024-01-27T23:46:47,2024-01-27,796,37,Online,PayPal,COUPON9--Z,9.23,AUD
804503,2024-01-27T18:46:30,2024-01-27,66,12,Retail,PayPal,COUPON00Z-,5.38,AUD
804543,2024-01-27T17:33:36,2024-01-27,320,7,Retail,Credit Card,COUPON-9Z-,0.37,AUD
804551,2024-01-27T21:47:16,2024-01-27,138,4,Retail,PayPal,COUPONAA-A,12.47,AUD
804587,2024-01-27T16:58:16,2024-01-27,313,24,Retail,Afterpay,COUPON-0-A,4.95,AUD
804680,2024-01-27T05:02:26,2024-01-27,228,12,Online,Credit Card,COUPON9Z0-,0.92,AUD
804709,2024-01-27T13:51:28,2024-01-27,10,25,Online,Afterpay,COUPONZA9A,7.08,AUD
804993,2024-01-27T01:44:36,2024-01-27,318,33,Online,PayPal,COUPONZA-0,13.35,AUD
805055,2024-01-27T01:31:23,2024-01-27,389,17,Retail,PayPal,COUPONA--9,8.5,AUD
805058,2024-01-27T17:36:58,2024-01-27,123,37,Online,Credit Card,COUPON---Z,4.19,AUD
805063,2024-01-27T06:43:58,2024-01-27,133,42,Online,PayPal,COUPON-A90,12.1,AUD
805077,2024-01-27T20:50:58,2024-01-27,251,11,Retail,Afterpay,COUPONZ-9-,6.99,AUD
805164,2024-01-27T07:01:12,2024-01-27,209,48,Online,Credit Card,COUPON-0--,9.19,AUD
805200,2024-01-27T14:01:41,2024-01-27,22,24,Retail,Credit Card,COUPON----,13.22,AUD
805257,2024-01-27T20:40:11,2024-01-27,732,47,Online,PayPal,COUPON0-Z-,14.15,AUD
805429,2024-01-27T07:13:41,2024-01-27,628,16,Retail,PayPal,COUPONA-0-,2.62,AUD
805588,2024-01-27T13:29:43,2024-01-27,454,22,Retail,Afterpay,COUPON-090,2.22,AUD
805833,2024-01-27T12:15:40,2024-01-27,372,35,Online,PayPal,COUPON0Z--,9.47,AUD
805837,2024-01-27T21:15:50,2024-01-27,360,44,Online,PayPal,COUPON00--,18.07,AUD
805884,2024-01-27T06:54:00,2024-01-27,124,35,Retail,PayPal,COUPON99-0,5.29,AUD
805927,2024-01-27T21:36:15,2024-01-27,577,7,Retail,Afterpay,COUPONA9Z-,15.16,AUD
805935,2024-01-27T07:34:19,2024-01-27,346,33,Retail,Afterpay,COUPON090Z,6.98,AUD
805955,2024-01-27T06:07:47,2024-01-27,495,5,Retail,PayPal,COUPON00AA,6.49,AUD
806206,2024-01-27T07:47:41,2024-01-27,135,41,Retail,PayPal,COUPON0Z0-,11.22,AUD
806216,2024-01-27T10:37:27,2024-01-27,234,35,Online,Afterpay,COUPON--9A,19.32,AUD
806372,2024-01-27T23:38:58,2024-01-27,188,17,Retail,PayPal,COUPON00--,15.49,AUD
806497,2024-01-27T09:13:40,2024-01-27,756,12,Retail,Afterpay,COUPONZA9-,11.36,AUD
806653,2024-01-27T22:29:19,2024-01-27,178,18,Retail,Credit Card,COUPON9000,17.9,AUD
806659,2024-01-27T18:14:02,2024-01-27,674,18,Retail,Credit Card,COUPONZA00,0.26,AUD
806689,2024-01-27T21:36:53,2024-01-27,17,30,Retail,Afterpay,COUPONA0AZ,13.03,AUD
806885,2024-01-27T10:48:19,2024-01-27,715,31,Online,Credit Card,COUPON-A-9,13.68,AUD
806905,2024-01-27T03:45:59,2024-01-27,695,38,Online,PayPal,COUPON0--0,2.02,AUD
806977,2024-01-27T10:04:19,2024-01-27,53,45,Retail,PayPal,COUPON0Z9-,18.8,AUD
807102,2024-01-27T05:47:14,2024-01-27,482,37,Online,Afterpay,COUPON-Z-A,3.53,AUD
807168,2024-01-27T14:23:38,2024-01-27,20,23,Retail,Credit Card,COUPONZ0--,13.37,AUD
807173,2024-01-27T23:33:37,2024-01-27,770,13,Retail,Credit Card,COUPON0-9Z,12.67,AUD
807180,2024-01-27T02:55:33,2024-01-27,794,35,Online,PayPal,COUPON0-A-,2.33,AUD
807410,2024-01-27T19:38:19,2024-01-27,328,11,Retail,Credit Card,COUPON99A0,13.18,AUD
807445,2024-01-27T00:02:31,2024-01-27,593,29,Online,PayPal,COUPONA---,18.98,AUD
807590,2024-01-27T19:04:13,2024-01-27,47,20,Retail,Credit Card,COUPON0Z0A,16.04,AUD
807732,2024-01-27T07:13:39,2024-01-27,63,28,Retail,Credit Card,COUPON-0ZA,0.92,AUD
807806,2024-01-27T16:10:05,2024-01-27,290,19,Online,Afterpay,COUPON0Z00,15.69,AUD
807924,2024-01-27T17:16:17,2024-01-27,204,46,Retail,PayPal,COUPON-ZZZ,16.42,AUD
807979,2024-01-27T14:56:03,2024-01-27,83,16,Retail,Afterpay,COUPONA0--,5.56,AUD
808118,2024-01-27T19:40:59,2024-01-27,267,20,Retail,Afterpay,COUPONA--A,14.56,AUD
808188,2024-01-27T07:43:36,2024-01-27,139,48,Online,PayPal,COUPON-Z9-,18.47,AUD
808201,2024-01-27T01:09:12,2024-01-27,466,27,Online,Afterpay,COUPON-A--,3.86,AUD
808228,2024-01-27T15:09:27,2024-01-27,799,3,Online,Credit Card,COUPON0--0,17.58,AUD
808273,2024-01-27T23:01:43,2024-01-27,114,12,Online,PayPal,COUPON0Z9-,14.97,AUD
808344,2024-01-27T13:16:27,2024-01-27,469,48,Retail,PayPal,COUPON--Z0,5.83,AUD
808489,2024-01-27T08:43:50,2024-01-27,271,48,Online,Afterpay,COUPONZZ9-,8.78,AUD
808510,2024-01-27T20:45:20,2024-01-27,613,31,Retail,Afterpay,COUPON9-AA,2.69,AUD
808592,2024-01-27T09:29:50,2024-01-27,200,49,Online,Credit Card,COUPONZ9-Z,18.62,AUD
808632,2024-01-27T05:14:40,2024-01-27,412,36,Online,Afterpay,COUPON--Z-,3.6,AUD
808659,2024-01-27T17:05:35,2024-01-27,280,17,Retail,PayPal,COUPONA00A,7.55,AUD
808859,2024-01-27T10:58:10,2024-01-27,541,31,Online,PayPal,COUPON-9A0,15.6,AUD
808872,2024-01-27T07:54:52,2024-01-27,600,1,Online,Credit Card,COUPON-000,1.51,AUD
808897,2024-01-27T04:51:17,2024-01-27,395,30,Retail,Afterpay,COUPONAA-0,10.18,AUD
809101,2024-01-27T04:06:59,2024-01-27,165,22,Online,Credit Card,COUPONA9Z-,4.93,AUD
809195,2024-01-27T04:19:22,2024-01-27,612,7,Retail,Credit Card,COUPON--A-,13.26,AUD
809214,2024-01-27T01:53:12,2024-01-27,297,36,Online,Afterpay,COUPON0-99,14.87,AUD
809294,2024-01-27T21:40:50,2024-01-27,703,13,Retail,Afterpay,COUPON-A9-,6.12,AUD
809419,2024-01-27T21:08:23,2024-01-27,511,45,Retail,Afterpay,COUPONZ-ZZ,12.34,AUD
809664,2024-01-27T11:06:02,2024-01-27,118,18,Retail,Credit Card,COUPON---0,16.97,AUD
809714,2024-01-27T10:01:37,2024-01-27,620,38,Online,Credit Card,COUPON0A-0,19.51,AUD
809759,2024-01-27T22:15:36,2024-01-27,95,20,Retail,Credit Card,COUPONAA--,6.55,AUD
809803,2024-01-27T19:03:13,2024-01-27,515,48,Online,Afterpay,COUPON-0Z-,1.57,AUD
809973,2024-01-27T12:12:14,2024-01-27,60,15,Retail,Afterpay,COUPON-Z--,13.01,AUD
810126,2024-01-27T17:18:15,2024-01-27,94,37,Online,Credit Card,COUPON0--0,16.98,AUD
810134,2024-01-27T17:51:00,2024-01-27,298,41,Retail,Afterpay,COUPON--A9,7.94,AUD
810321,2024-01-27T20:53:04,2024-01-27,387,40,Online,Afterpay,COUPON0-9-,8.78,AUD
810636,2024-01-27T06:17:54,2024-01-27,621,40,Online,Credit Card,COUPON-0--,16.77,AUD
810648,2024-01-27T10:35:03,2024-01-27,290,24,Retail,PayPal,COUPON0--0,10.25,AUD
810746,2024-01-27T17:45:16,2024-01-27,155,7,Retail,Afterpay,COUPONA9-9,1.67,AUD
810754,2024-01-27T21:20:19,2024-01-27,470,3,Online,PayPal,COUPON-0A-,15.08,AUD
810761,2024-01-27T21:24:34,2024-01-27,667,10,Online,Credit Card,COUPONAZ09,18.86,AUD
811130,2024-01-27T02:06:09,2024-01-27,364,7,Retail,PayPal,COUPONZ-Z-,1.0,AUD
811223,2024-01-27T17:48:48,2024-01-27,337,41,Online,Afterpay,COUPON-A-0,15.95,AUD
811293,2024-01-27T23:10:40,2024-01-27,285,39,Retail,Afterpay,COUPON-9ZZ,7.66,AUD
811335,2024-01-27T04:59:50,2024-01-27,69,3,Online,Credit Card,COUPON90-A,1.14,AUD
811421,2024-01-27T01:31:07,2024-01-27,706,7,Retail,Credit Card,COUPONZZA0,13.82,AUD
811485,2024-01-27T04:44:04,2024-01-27,19,36,Online,Credit Card,COUPON0-A9,8.19,AUD
811583,2024-01-27T15:42:23,2024-01-27,376,41,Retail,PayPal,COUPONA9Z-,11.15,AUD
811595,2024-01-27T00:49:08,2024-01-27,8,45,Online,PayPal,COUPON00-A,12.14,AUD
811650,2024-01-27T05:41:39,2024-01-27,659,20,Retail,Credit Card,COUPON--99,19.43,AUD
811709,2024-01-27T00:44:28,2024-01-27,153,14,Online,PayPal,COUPONZZ0-,3.86,AUD
811763,2024-01-27T03:39:06,2024-01-27,243,48,Online,Afterpay,COUPON-9-Z,13.49,AUD
811822,2024-01-27T22:02:22,2024-01-27,581,10,Online,PayPal,COUPON-0-0,15.03,AUD
811868,2024-01-27T02:04:01,2024-01-27,125,32,Online,PayPal,COUPONZ0-A,6.33,AUD
811920,2024-01-27T19:13:08,2024-01-27,571,8,Online,PayPal,COUPON--ZA,19.39,AUD
811961,2024-01-27T08:16:04,2024-01-27,439,33,Retail,Afterpay,COUPON-A00,4.06,AUD
812272,2024-01-27T08:22:28,2024-01-27,91,43,Online,Credit Card,COUPON--Z9,11.41,AUD
812517,2024-01-27T11:20:51,2024-01-27,247,49,Retail,Afterpay,COUPONA-9-,8.04,AUD
812547,2024-01-27T11:11:37,2024-01-27,156,44,Retail,Credit Card,COUPON9AA9,9.65,AUD
812569,2024-01-27T23:19:05,2024-01-27,412,47,Online,PayPal,COUPON--A9,2.29,AUD
812604,2024-01-27T07:01:08,2024-01-27,612,46,Online,Afterpay,COUPON09ZA,11.18,AUD
812640,2024-01-27T07:00:24,2024-01-27,18,12,Retail,Credit Card,COUPON-09A,7.92,AUD
812815,2024-01-27T04:40:19,2024-01-27,694,26,Online,PayPal,COUPON90Z0,8.89,AUD
813018,2024-01-27T04:33:25,2024-01-27,638,17,Online,Credit Card,COUPON9Z--,0.69,AUD
813088,2024-01-27T19:09:14,2024-01-27,443,1,Retail,Credit Card,COUPON9999,5.42,AUD
813190,2024-01-27T22:00:43,2024-01-27,750,20,Online,PayPal,COUPON9Z00,2.41,AUD
813235,2024-01-27T02:28:51,2024-01-27,290,28,Retail,Afterpay,COUPONAA-0,10.55,AUD
813238,2024-01-27T15:27:38,2024-01-27,626,32,Retail,PayPal,COUPON-AZZ,12.1,AUD
813247,2024-01-27T02:24:54,2024-01-27,390,12,Online,PayPal,COUPON999A,18.21,AUD
813323,2024-01-27T03:24:36,2024-01-27,102,40,Online,Afterpay,COUPON--A-,8.96,AUD
813351,2024-01-27T08:53:50,2024-01-27,110,31,Retail,Credit Card,COUPON-9-Z,7.16,AUD
813356,2024-01-27T22:14:41,2024-01-27,408,8,Online,PayPal,COUPONZA00,1.83,AUD
813489,2024-01-27T17:56:03,2024-01-27,259,25,Online,PayPal,COUPON-90A,16.63,AUD
813620,2024-01-27T12:01:17,2024-01-27,549,24,Online,Credit Card,COUPON9--9,4.97,AUD
813638,2024-01-27T00:56:56,2024-01-27,529,33,Online,Afterpay,COUPON9-ZZ,1.26,AUD
813676,2024-01-27T11:08:11,2024-01-27,199,36,Online,Credit Card,COUPON-Z-9,9.01,AUD
813761,2024-01-27T06:58:21,2024-01-27,657,35,Retail,Credit Card,COUPONAA0Z,6.76,AUD
813818,2024-01-27T17:03:18,2024-01-27,439,37,Online,Credit Card,COUPONA90-,10.51,AUD
813845,2024-01-27T20:38:32,2024-01-27,351,26,Online,Afterpay,COUPON0-0A,12.27,AUD
813884,2024-01-27T08:03:27,2024-01-27,651,43,Online,Afterpay,COUPON9Z-0,19.81,AUD
813912,2024-01-27T12:32:07,2024-01-27,54,29,Retail,Credit Card,COUPONZZ00,4.16,AUD
813968,2024-01-27T09:19:49,2024-01-27,665,37,Online,PayPal,COUPON--9-,1.6,AUD
813988,2024-01-27T07:10:41,2024-01-27,365,11,Online,Credit Card,COUPON-ZA-,11.71,AUD
814163,2024-01-27T11:04:48,2024-01-27,485,15,Retail,Afterpay,COUPON9Z09,3.06,AUD
814250,2024-01-27T03:06:08,2024-01-27,474,22,Online,Credit Card,COUPON-9-0,11.07,AUD
814269,2024-01-27T21:41:31,2024-01-27,110,20,Retail,Afterpay,COUPON--90,15.02,AUD
814288,2024-01-27T19:42:02,2024-01-27,685,8,Retail,PayPal,COUPON00-9,8.5,AUD
814293,2024-01-27T04:03:58,2024-01-27,399,5,Online,PayPal,COUPONA-Z-,5.61,AUD
814324,2024-01-27T11:16:51,2024-01-27,784,11,Online,Afterpay,COUPON9ZA0,10.47,AUD
814553,2024-01-27T00:29:06,2024-01-27,449,39,Retail,Afterpay,COUPON009A,0.26,AUD
814688,2024-01-27T03:52:14,2024-01-27,190,7,Retail,Credit Card,COUPONZ--9,3.82,AUD
814717,2024-01-27T20:51:45,2024-01-27,786,5,Retail,Credit Card,COUPONA-90,14.98,AUD
814736,2024-01-27T23:26:04,2024-01-27,770,10,Online,Afterpay,COUPON9---,6.35,AUD
814901,2024-01-27T02:24:09,2024-01-27,135,23,Online,PayPal,COUPON000-,4.47,AUD
814912,2024-01-27T08:47:51,2024-01-27,399,48,Online,PayPal,COUPON-99Z,5.52,AUD
814961,2024-01-27T14:03:31,2024-01-27,345,12,Retail,PayPal,COUPON-ZA9,11.97,AUD
815206,2024-01-27T10:57:00,2024-01-27,384,12,Retail,Afterpay,COUPON-AZ-,18.66,AUD
815263,2024-01-27T21:29:51,2024-01-27,254,41,Retail,Credit Card,COUPONZZ-Z,4.77,AUD
815401,2024-01-27T19:19:54,2024-01-27,206,5,Retail,Afterpay,COUPONAZ0Z,11.0,AUD
815487,2024-01-27T00:47:13,2024-01-27,494,25,Retail,PayPal,COUPON9ZZA,18.11,AUD
815564,2024-01-27T01:08:57,2024-01-27,693,16,Retail,Credit Card,COUPONA9--,18.5,AUD
815591,2024-01-27T11:13:54,2024-01-27,92,20,Retail,PayPal,COUPONAAA0,2.66,AUD
815605,2024-01-27T21:42:18,2024-01-27,199,24,Online,Credit Card,COUPON0Z0-,15.41,AUD
815783,2024-01-27T13:56:56,2024-01-27,51,36,Retail,Afterpay,COUPON00--,9.35,AUD
815785,2024-01-27T10:02:57,2024-01-27,567,27,Online,Credit Card,COUPONAAA-,14.41,AUD
815839,2024-01-27T02:01:25,2024-01-27,291,18,Retail,Afterpay,COUPON09AZ,11.84,AUD
815961,2024-01-27T09:49:25,2024-01-27,57,34,Online,PayPal,COUPON-90-,9.63,AUD
816186,2024-01-27T18:06:44,2024-01-27,177,14,Online,Afterpay,COUPONZZ-0,9.43,AUD
816322,2024-01-27T06:15:21,2024-01-27,82,38,Online,Credit Card,COUPONA-AZ,19.06,AUD
816648,2024-01-27T19:29:12,2024-01-27,787,35,Retail,Afterpay,COUPON-A--,5.21,AUD
816803,2024-01-27T08:08:35,2024-01-27,192,44,Online,Credit Card,COUPON-0-0,13.59,AUD
817036,2024-01-27T12:05:35,2024-01-27,504,46,Online,PayPal,COUPON9Z0-,0.24,AUD
817101,2024-01-27T03:45:00,2024-01-27,473,37,Retail,Credit Card,COUPON-0ZA,3.47,AUD
817213,2024-01-27T07:10:22,2024-01-27,680,5,Retail,PayPal,COUPON9-ZZ,4.49,AUD
817245,2024-01-27T07:56:51,2024-01-27,738,4,Retail,Afterpay,COUPONA09-,16.71,AUD
817358,2024-01-27T10:07:22,2024-01-27,533,10,Retail,Afterpay,COUPON--A9,1.83,AUD
817542,2024-01-27T19:54:09,2024-01-27,172,48,Online,PayPal,COUPONAAZ-,12.51,AUD
817637,2024-01-27T17:57:39,2024-01-27,136,21,Online,Afterpay,COUPONA---,19.52,AUD
817703,2024-01-27T05:52:53,2024-01-27,768,25,Online,Credit Card,COUPONA900,17.36,AUD
817727,2024-01-27T07:01:27,2024-01-27,489,23,Retail,Credit Card,COUPON--99,11.32,AUD
817857,2024-01-27T18:35:53,2024-01-27,742,24,Retail,PayPal,COUPONZA-A,19.76,AUD
817898,2024-01-27T09:17:17,2024-01-27,550,5,Retail,Credit Card,COUPON99Z-,11.95,AUD
817984,2024-01-27T03:48:50,2024-01-27,298,2,Retail,Credit Card,COUPON9-A0,7.29,AUD
818027,2024-01-27T03:10:19,2024-01-27,434,1,Online,Afterpay,COUPONA9--,19.1,AUD
818227,2024-01-27T12:20:04,2024-01-27,334,7,Online,PayPal,COUPONA-AA,9.63,AUD
818275,2024-01-27T06:02:25,2024-01-27,92,29,Retail,Afterpay,COUPONZ-0Z,0.86,AUD
818648,2024-01-27T14:50:26,2024-01-27,373,8,Retail,Credit Card,COUPON009-,2.39,AUD
818784,2024-01-27T13:02:55,2024-01-27,560,43,Retail,Afterpay,COUPONAZ0Z,19.93,AUD
818805,2024-01-27T16:52:47,2024-01-27,85,39,Online,Afterpay,COUPON0900,0.86,AUD
818810,2024-01-27T00:08:19,2024-01-27,123,44,Online,Credit Card,COUPON0-ZZ,5.44,AUD
819006,2024-01-27T12:41:43,2024-01-27,227,8,Retail,PayPal,COUPON9-ZZ,4.98,AUD
819020,2024-01-27T13:39:35,2024-01-27,220,17,Retail,Afterpay,COUPON9A0A,19.38,AUD
819102,2024-01-27T22:45:00,2024-01-27,716,24,Online,Credit Card,COUPON-AZ0,10.74,AUD
819305,2024-01-27T06:46:02,2024-01-27,182,24,Retail,Credit Card,COUPON9990,3.87,AUD
819626,2024-01-27T06:24:53,2024-01-27,184,8,Online,PayPal,COUPON99AA,10.5,AUD
819757,2024-01-27T22:31:14,2024-01-27,278,27,Retail,Afterpay,COUPON-00Z,12.9,AUD
819867,2024-01-27T14:38:41,2024-01-27,231,18,Retail,Afterpay,COUPON--0A,13.43,AUD
820098,2024-01-27T06:01:30,2024-01-27,180,34,Online,Credit Card,COUPON0--A,18.79,AUD
820141,2024-01-27T17:51:00,2024-01-27,619,1,Retail,PayPal,COUPON9--0,17.58,AUD
820146,2024-01-27T16:34:58,2024-01-27,59,40,Online,PayPal,COUPONAA9-,17.56,AUD
820177,2024-01-27T23:49:24,2024-01-27,233,32,Online,PayPal,COUPON000A,16.56,AUD
820423,2024-01-27T05:53:41,2024-01-27,363,26,Online,PayPal,COUPONAA9-,3.52,AUD
820578,2024-01-27T19:46:31,2024-01-27,433,11,Retail,PayPal,COUPON-Z0A,13.52,AUD
820585,2024-01-27T05:19:54,2024-01-27,666,27,Retail,PayPal,COUPON-0-A,18.45,AUD
820604,2024-01-27T09:18:49,2024-01-27,651,10,Online,Afterpay,COUPONAZ9Z,17.41,AUD
820644,2024-01-27T23:46:31,2024-01-27,615,16,Online,PayPal,COUPONA-90,8.03,AUD
820939,2024-01-27T21:45:00,2024-01-27,238,22,Retail,Afterpay,COUPONZ0Z0,14.13,AUD
821231,2024-01-27T15:16:29,2024-01-27,117,7,Online,PayPal,COUPONZA90,1.39,AUD
821396,2024-01-27T23:39:49,2024-01-27,126,33,Online,Credit Card,COUPONAZA0,5.76,AUD
821440,2024-01-27T10:04:17,2024-01-27,128,20,Online,Afterpay,COUPON-9-A,10.58,AUD
821586,2024-01-27T14:37:29,2024-01-27,343,24,Retail,Afterpay,COUPON9A9-,4.57,AUD
821672,2024-01-27T08:30:56,2024-01-27,417,5,Retail,Credit Card,COUPON0--Z,0.02,AUD
821774,2024-01-27T15:04:00,2024-01-27,37,21,Online,PayPal,COUPON--0-,14.38,AUD
821917,2024-01-27T02:47:16,2024-01-27,374,4,Retail,Afterpay,COUPON99--,2.67,AUD
821954,2024-01-27T11:19:56,2024-01-27,442,46,Online,Afterpay,COUPON-9Z9,0.27,AUD
822051,2024-01-27T00:01:16,2024-01-27,2,17,Retail,Afterpay,COUPONZZAZ,15.18,AUD
822235,2024-01-27T14:26:44,2024-01-27,68,44,Retail,PayPal,COUPON0-0-,17.45,AUD
822255,2024-01-27T09:32:20,2024-01-27,71,29,Retail,Afterpay,COUPON-A-Z,19.75,AUD
822324,2024-01-27T22:07:32,2024-01-27,793,10,Online,Credit Card,COUPONZ-9-,8.0,AUD
822401,2024-01-27T23:02:10,2024-01-27,713,42,Online,PayPal,COUPONA-AZ,9.73,AUD
822411,2024-01-27T07:50:45,2024-01-27,585,28,Retail,PayPal,COUPON9-Z-,19.82,AUD
822413,2024-01-27T23:24:25,2024-01-27,473,34,Online,Afterpay,COUPON0009,16.49,AUD
822893,2024-01-27T18:39:52,2024-01-27,246,25,Online,PayPal,COUPONA-0-,14.13,AUD
822930,2024-01-27T01:35:32,2024-01-27,146,41,Online,Credit Card,COUPONA0--,5.57,AUD
823013,2024-01-27T04:57:11,2024-01-27,521,1,Retail,Afterpay,COUPONA9-Z,0.45,AUD
823060,2024-01-27T07:51:19,2024-01-27,621,9,Online,Credit Card,COUPONAAA0,19.03,AUD
823298,2024-01-27T12:58:07,2024-01-27,385,12,Online,PayPal,COUPONZ-00,19.48,AUD
823803,2024-01-27T07:42:39,2024-01-27,461,19,Retail,PayPal,COUPON-0A-,11.18,AUD
823811,2024-01-27T07:49:24,2024-01-27,696,44,Online,Afterpay,COUPONA--9,5.01,AUD
823833,2024-01-27T15:52:06,2024-01-27,732,36,Online,PayPal,COUPONZZA9,15.19,AUD
823913,2024-01-27T02:29:52,2024-01-27,516,9,Online,Afterpay,COUPONZ9Z9,0.14,AUD
824129,2024-01-27T02:44:40,2024-01-27,554,49,Retail,Credit Card,COUPONA-9A,6.39,AUD
824257,2024-01-27T18:20:11,2024-01-27,268,18,Retail,Afterpay,COUPON9Z0-,8.45,AUD
824406,2024-01-27T00:00:50,2024-01-27,409,28,Retail,Afterpay,COUPON999-,11.93,AUD
824415,2024-01-27T22:38:22,2024-01-27,282,17,Online,PayPal,COUPONZ-0A,18.17,AUD
824430,2024-01-27T08:39:32,2024-01-27,375,22,Online,Credit Card,COUPON-990,7.54,AUD
824488,2024-01-27T11:54:40,2024-01-27,533,37,Retail,Afterpay,COUPON-9Z-,4.06,AUD
824979,2024-01-27T16:42:22,2024-01-27,23,16,Retail,PayPal,COUPON0900,17.01,AUD
824985,2024-01-27T11:24:05,2024-01-27,273,11,Retail,Afterpay,COUPON-ZZ0,10.28,AUD
825039,2024-01-27T07:49:36,2024-01-27,293,47,Online,Credit Card,COUPON-000,3.97,AUD
825099,2024-01-27T02:51:38,2024-01-27,339,24,Retail,Credit Card,COUPONZZZZ,12.7,AUD
825135,2024-01-27T22:11:19,2024-01-27,63,46,Retail,Credit Card,COUPON9A0Z,16.86,AUD
825173,2024-01-27T07:15:13,2024-01-27,409,32,Retail,Afterpay,COUPON-90Z,17.67,AUD
825333,2024-01-27T18:12:10,2024-01-27,8,9,Retail,PayPal,COUPON0Z-A,4.46,AUD
825361,2024-01-27T07:25:23,2024-01-27,528,37,Retail,Credit Card,COUPON-Z-Z,12.24,AUD
825517,2024-01-27T10:01:02,2024-01-27,57,5,Retail,Afterpay,COUPONZ9Z9,19.01,AUD
825548,2024-01-27T19:35:01,2024-01-27,608,29,Online,Credit Card,COUPON0-ZZ,0.15,AUD
825575,2024-01-27T13:00:12,2024-01-27,176,8,Online,Credit Card,COUPON900-,9.21,AUD
825599,2024-01-27T20:37:13,2024-01-27,418,41,Online,Credit Card,COUPON9-A0,8.38,AUD
825744,2024-01-27T20:52:51,2024-01-27,557,34,Retail,Afterpay,COUPON-0ZZ,13.3,AUD
825986,2024-01-27T18:20:19,2024-01-27,554,32,Online,PayPal,COUPON-Z0-,14.35,AUD
826071,2024-01-27T22:58:02,2024-01-27,259,49,Retail,Credit Card,COUPON-AZA,3.66,AUD
826152,2024-01-27T17:58:23,2024-01-27,727,2,Online,Credit Card,COUPON-9-Z,11.46,AUD
826256,2024-01-27T00:05:54,2024-01-27,597,47,Retail,PayPal,COUPON-ZZ9,10.75,AUD
826263,2024-01-27T21:26:13,2024-01-27,108,49,Retail,Credit Card,COUPON-AZ-,10.12,AUD
826522,2024-01-27T02:33:15,2024-01-27,585,41,Online,Credit Card,COUPONA-A-,7.33,AUD
826542,2024-01-27T07:26:28,2024-01-27,103,41,Retail,Afterpay,COUPONAZZ9,13.77,AUD
826547,2024-01-27T15:13:35,2024-01-27,380,23,Retail,PayPal,COUPONZ99A,16.72,AUD
826744,2024-01-27T13:16:22,2024-01-27,188,1,Retail,Afterpay,COUPON-Z--,10.98,AUD
826945,2024-01-27T22:21:21,2024-01-27,201,5,Online,Afterpay,COUPON9099,5.69,AUD
826947,2024-01-27T20:34:33,2024-01-27,589,16,Retail,PayPal,COUPON-AA0,8.21,AUD
826994,2024-01-27T19:47:09,2024-01-27,84,43,Online,Credit Card,COUPON---A,18.0,AUD
827055,2024-01-27T17:19:31,2024-01-27,526,4,Online,PayPal,COUPONZ-Z-,4.25,AUD
827201,2024-01-27T21:35:28,2024-01-27,403,17,Online,Afterpay,COUPON0-00,14.58,AUD
827241,2024-01-27T06:25:25,2024-01-27,377,17,Online,PayPal,COUPON-999,6.41,AUD
827262,2024-01-27T22:56:47,2024-01-27,468,29,Retail,PayPal,COUPON9-A0,3.41,AUD
827472,2024-01-27T18:40:34,2024-01-27,409,24,Online,Credit Card,COUPON09--,2.57,AUD
827484,2024-01-27T01:09:44,2024-01-27,681,26,Online,Afterpay,COUPONAZ-Z,16.87,AUD
827562,2024-01-27T14:36:13,2024-01-27,541,24,Online,Afterpay,COUPONZ-0-,18.14,AUD
827692,2024-01-27T21:05:25,2024-01-27,537,18,Retail,Afterpay,COUPONA---,2.95,AUD
827698,2024-01-27T07:02:41,2024-01-27,597,41,Online,Credit Card,COUPON-ZZ-,8.81,AUD
827742,2024-01-27T04:22:30,2024-01-27,302,31,Retail,PayPal,COUPON9A-9,14.41,AUD
827768,2024-01-27T00:28:25,2024-01-27,784,45,Retail,Credit Card,COUPON00-0,5.18,AUD
827832,2024-01-27T07:02:25,2024-01-27,605,46,Retail,PayPal,COUPON--A-,16.95,AUD
827892,2024-01-27T06:33:15,2024-01-27,123,10,Online,Afterpay,COUPON9AZZ,11.94,AUD
828214,2024-01-27T04:23:49,2024-01-27,209,41,Online,Credit Card,COUPON--Z9,8.19,AUD
828293,2024-01-27T08:01:45,2024-01-27,588,23,Retail,Credit Card,COUPON99A-,6.48,AUD
828459,2024-01-27T10:40:15,2024-01-27,358,14,Retail,Credit Card,COUPON00Z9,0.52,AUD
828466,2024-01-27T03:33:08,2024-01-27,124,48,Online,PayPal,COUPON--0Z,2.83,AUD
828510,2024-01-27T20:14:44,2024-01-27,225,23,Retail,PayPal,COUPON9A-Z,11.68,AUD
828516,2024-01-27T14:01:31,2024-01-27,232,24,Online,Afterpay,COUPONA0-Z,18.37,AUD
828618,2024-01-27T05:23:09,2024-01-27,687,26,Online,PayPal,COUPON---0,12.61,AUD
828664,2024-01-27T11:24:22,2024-01-27,296,21,Retail,Credit Card,COUPON-A--,5.76,AUD
828723,2024-01-27T20:35:49,2024-01-27,94,35,Retail,Afterpay,COUPONZ0-0,15.09,AUD
828910,2024-01-27T07:05:17,2024-01-27,7,3,Online,Credit Card,COUPONZZ--,4.39,AUD
828954,2024-01-27T09:56:43,2024-01-27,787,17,Retail,Afterpay,COUPONA00-,0.43,AUD
828985,2024-01-27T05:42:21,2024-01-27,632,19,Retail,Afterpay,COUPON-ZAZ,2.35,AUD
829114,2024-01-27T18:15:40,2024-01-27,381,46,Retail,Afterpay,COUPON0Z-Z,0.84,AUD
829157,2024-01-27T05:56:19,2024-01-27,336,49,Online,PayPal,COUPONA99A,18.52,AUD
829173,2024-01-27T10:31:58,2024-01-27,332,12,Online,Afterpay,COUPONZ-9Z,7.87,AUD
829534,2024-01-27T13:38:21,2024-01-27,173,16,Online,Afterpay,COUPONAAZ-,2.28,AUD
829644,2024-01-27T18:24:20,2024-01-27,751,31,Retail,PayPal,COUPON9-AA,16.33,AUD
829678,2024-01-27T19:05:08,2024-01-27,489,41,Retail,PayPal,COUPONZ-A-,12.39,AUD
829724,2024-01-27T04:40:00,2024-01-27,55,44,Online,PayPal,COUPON99--,17.73,AUD
829963,2024-01-27T01:05:41,2024-01-27,341,30,Online,PayPal,COUPONZZ--,5.13,AUD
830035,2024-01-27T13:07:51,2024-01-27,699,46,Retail,Afterpay,COUPON9-90,4.73,AUD
830051,2024-01-27T08:39:29,2024-01-27,385,17,Online,PayPal,COUPON----,18.67,AUD
830205,2024-01-27T07:54:55,2024-01-27,331,14,Online,PayPal,COUPON-A-9,12.26,AUD
830278,2024-01-27T17:36:59,2024-01-27,442,23,Retail,Credit Card,COUPON99-0,4.55,AUD
830458,2024-01-27T00:29:45,2024-01-27,363,49,Retail,Afterpay,COUPONZ9ZA,12.4,AUD
830596,2024-01-27T17:31:15,2024-01-27,267,38,Retail,PayPal,COUPON00A9,0.73,AUD
830603,2024-01-27T15:08:51,2024-01-27,234,10,Retail,PayPal,COUPON90ZZ,13.99,AUD
830787,2024-01-27T08:35:00,2024-01-27,715,15,Online,Afterpay,COUPON9-0-,0.59,AUD
830791,2024-01-27T05:48:28,2024-01-27,154,4,Retail,Credit Card,COUPONA-0-,6.22,AUD
830867,2024-01-27T17:43:05,2024-01-27,659,27,Online,PayPal,COUPON99-A,7.43,AUD
831152,2024-01-27T09:05:47,2024-01-27,152,29,Retail,PayPal,COUPONA---,12.92,AUD
831405,2024-01-27T09:12:59,2024-01-27,367,13,Retail,PayPal,COUPON---Z,0.47,AUD
831425,2024-01-27T15:55:29,2024-01-27,788,19,Online,PayPal,COUPON-A00,10.89,AUD
831465,2024-01-27T01:48:36,2024-01-27,723,30,Online,Afterpay,COUPON9Z0-,1.15,AUD
831489,2024-01-27T13:50:30,2024-01-27,660,3,Online,PayPal,COUPONZ-00,13.36,AUD
831556,2024-01-27T20:52:25,2024-01-27,596,29,Online,PayPal,COUPONZ-9-,6.77,AUD
831572,2024-01-27T18:41:11,2024-01-27,80,44,Retail,Credit Card,COUPON--0Z,18.03,AUD
831672,2024-01-27T15:05:44,2024-01-27,793,43,Retail,Afterpay,COUPONZ090,13.82,AUD
831707,2024-01-27T17:03:27,2024-01-27,397,12,Online,Afterpay,COUPON---Z,6.61,AUD
831762,2024-01-27T02:07:11,2024-01-27,327,35,Retail,Afterpay,COUPON-ZZ-,12.93,AUD
831765,2024-01-27T04:21:12,2024-01-27,640,29,Retail,PayPal,COUPON-AA9,16.23,AUD
831810,2024-01-27T16:44:02,2024-01-27,609,41,Retail,PayPal,COUPON0A-A,10.11,AUD
831907,2024-01-27T21:06:33,2024-01-27,45,19,Online,Afterpay,COUPONA0--,10.59,AUD
831925,2024-01-27T17:41:19,2024-01-27,199,34,Retail,Credit Card,COUPON-Z-0,19.22,AUD
831973,2024-01-27T21:19:53,2024-01-27,253,19,Retail,PayPal,COUPONZ-0A,18.92,AUD
832230,2024-01-27T12:35:58,2024-01-27,110,8,Retail,PayPal,COUPONZ---,3.16,AUD
832436,2024-01-27T19:04:41,2024-01-27,568,28,Online,PayPal,COUPONZZAA,2.36,AUD
832511,2024-01-27T15:49:08,2024-01-27,758,8,Online,PayPal,COUPONA0-A,0.91,AUD
832652,2024-01-27T17:36:11,2024-01-27,520,33,Online,PayPal,COUPON--9A,15.04,AUD
832690,2024-01-27T19:04:22,2024-01-27,156,19,Online,Afterpay,COUPON--99,1.09,AUD
832759,2024-01-27T08:31:09,2024-01-27,461,42,Online,Afterpay,COUPONA0--,3.01,AUD
832877,2024-01-27T09:09:26,2024-01-27,112,20,Retail,PayPal,COUPON-999,12.23,AUD
832905,2024-01-27T06:56:51,2024-01-27,52,36,Retail,Afterpay,COUPON-0Z-,15.53,AUD
832914,2024-01-27T07:42:41,2024-01-27,66,24,Retail,Afterpay,COUPON9Z-9,0.74,AUD
832947,2024-01-27T16:15:09,2024-01-27,765,5,Online,PayPal,COUPONA990,18.76,AUD
833186,2024-01-27T05:12:31,2024-01-27,631,40,Online,Afterpay,COUPON-0-A,12.27,AUD
833228,2024-01-27T13:02:10,2024-01-27,633,31,Retail,Credit Card,COUPON-Z--,16.23,AUD
833349,2024-01-27T07:51:28,2024-01-27,86,24,Online,PayPal,COUPONA-9-,8.92,AUD
833392,2024-01-27T09:01:11,2024-01-27,636,40,Retail,Credit Card,COUPON9-Z9,10.63,AUD
833456,2024-01-27T03:39:25,2024-01-27,791,6,Retail,Credit Card,COUPON-0-Z,9.57,AUD
833458,2024-01-27T08:04:03,2024-01-27,219,31,Retail,Credit Card,COUPON-000,19.19,AUD
833474,2024-01-27T07:59:26,2024-01-27,415,25,Retail,Credit Card,COUPON--ZZ,16.05,AUD
833627,2024-01-27T09:36:08,2024-01-27,238,46,Online,PayPal,COUPON-AAZ,11.47,AUD
833632,2024-01-27T07:17:21,2024-01-27,671,12,Retail,Afterpay,COUPON009-,5.41,AUD
833688,2024-01-27T20:29:19,2024-01-27,372,5,Online,Credit Card,COUPON--A-,1.99,AUD
833728,2024-01-27T01:16:22,2024-01-27,429,14,Retail,PayPal,COUPON09A9,12.05,AUD
833831,2024-01-27T14:54:23,2024-01-27,124,19,Online,PayPal,COUPONA9-0,4.62,AUD
833917,2024-01-27T18:36:15,2024-01-27,539,2,Online,Afterpay,COUPON-A--,4.27,AUD
833929,2024-01-27T14:14:00,2024-01-27,269,5,Online,PayPal,COUPON-Z90,10.23,AUD
833936,2024-01-27T14:09:47,2024-01-27,398,26,Online,Afterpay,COUPON9-AA,9.95,AUD
834061,2024-01-27T18:08:12,2024-01-27,137,46,Retail,PayPal,COUPON--90,6.33,AUD
834189,2024-01-27T18:42:13,2024-01-27,424,17,Retail,Afterpay,COUPON0ZZA,7.52,AUD
834226,2024-01-27T07:23:50,2024-01-27,479,40,Retail,PayPal,COUPONA-A-,17.8,AUD
834257,2024-01-27T05:09:52,2024-01-27,420,45,Online,PayPal,COUPONZ0--,12.56,AUD
834262,2024-01-27T22:04:41,2024-01-27,405,3,Retail,PayPal,COUPONA0--,9.49,AUD
834349,2024-01-27T13:30:42,2024-01-27,658,13,Online,PayPal,COUPONZ---,16.91,AUD
834457,2024-01-27T08:09:46,2024-01-27,32,25,Online,Credit Card,COUPON--AA,10.84,AUD
834473,2024-01-27T13:49:15,2024-01-27,180,44,Online,Credit Card,COUPON90-0,8.18,AUD
834578,2024-01-27T19:18:11,2024-01-27,109,24,Retail,PayPal,COUPON-0-Z,17.2,AUD
834749,2024-01-27T03:50:05,2024-01-27,427,41,Online,Credit Card,COUPON9ZZ9,8.41,AUD
834758,2024-01-27T12:54:16,2024-01-27,664,8,Online,Credit Card,COUPON--99,19.47,AUD
834878,2024-01-27T05:26:10,2024-01-27,186,2,Online,Credit Card,COUPON-999,3.54,AUD
835074,2024-01-27T12:22:57,2024-01-27,375,31,Online,Credit Card,COUPON-Z9A,0.02,AUD
835083,2024-01-27T12:57:23,2024-01-27,193,42,Retail,Credit Card,COUPONZ9--,19.01,AUD
835269,2024-01-27T20:50:07,2024-01-27,234,24,Retail,Credit Card,COUPON-0Z-,0.04,AUD
835318,2024-01-27T00:43:23,2024-01-27,386,47,Online,PayPal,COUPON9Z-0,0.87,AUD
835545,2024-01-27T15:56:38,2024-01-27,232,40,Retail,Credit Card,COUPONAA-A,14.61,AUD
835652,2024-01-27T21:01:13,2024-01-27,640,12,Online,Afterpay,COUPON--09,17.49,AUD
835705,2024-01-27T23:46:38,2024-01-27,623,26,Online,PayPal,COUPON-0-0,6.17,AUD
835713,2024-01-27T11:20:43,2024-01-27,633,26,Online,PayPal,COUPONZ90A,4.26,AUD
835718,2024-01-27T07:21:18,2024-01-27,623,9,Retail,PayPal,COUPON-AAA,11.99,AUD
835822,2024-01-27T04:57:38,2024-01-27,749,6,Retail,Afterpay,COUPON09A-,13.8,AUD
835872,2024-01-27T10:27:45,2024-01-27,349,6,Online,Credit Card,COUPON-0ZA,18.12,AUD
835874,2024-01-27T21:56:50,2024-01-27,64,45,Retail,Credit Card,COUPON----,5.61,AUD
835880,2024-01-27T00:19:17,2024-01-27,726,35,Online,PayPal,COUPON-AZA,6.66,AUD
836235,2024-01-27T20:49:32,2024-01-27,581,19,Retail,PayPal,COUPON0-90,6.44,AUD
836249,2024-01-27T06:15:49,2024-01-27,516,46,Retail,PayPal,COUPONAZ-0,12.11,AUD
836376,2024-01-27T07:23:23,2024-01-27,608,6,Online,PayPal,COUPON-0Z9,8.99,AUD
836382,2024-01-27T21:13:57,2024-01-27,129,38,Online,PayPal,COUPON-0--,0.05,AUD
836458,2024-01-27T06:21:20,2024-01-27,554,36,Online,Credit Card,COUPON0Z09,9.97,AUD
836476,2024-01-27T17:03:15,2024-01-27,179,27,Online,Credit Card,COUPONZA09,13.96,AUD
836554,2024-01-27T18:35:32,2024-01-27,60,28,Retail,PayPal,COUPON99Z-,1.11,AUD
836731,2024-01-27T14:56:03,2024-01-27,235,5,Online,PayPal,COUPON9--9,19.22,AUD
836787,2024-01-27T07:23:13,2024-01-27,241,1,Retail,PayPal,COUPON-0ZA,8.11,AUD
836807,2024-01-27T01:09:45,2024-01-27,495,36,Online,Credit Card,COUPONAZZ9,5.09,AUD
837030,2024-01-27T21:15:55,2024-01-27,682,28,Retail,Afterpay,COUPON---9,10.3,AUD
837033,2024-01-27T22:05:22,2024-01-27,33,41,Online,Afterpay,COUPONZ-9-,11.39,AUD
837447,2024-01-27T05:49:04,2024-01-27,678,45,Retail,PayPal,COUPON-9Z-,7.49,AUD
837630,2024-01-27T12:54:37,2024-01-27,15,3,Retail,Credit Card,COUPON--AA,7.49,AUD
837810,2024-01-27T12:03:07,2024-01-27,150,40,Online,Credit Card,COUPON00A-,6.86,AUD
837923,2024-01-27T18:34:12,2024-01-27,559,44,Online,PayPal,COUPON-90-,5.61,AUD
838096,2024-01-27T23:59:18,2024-01-27,79,23,Retail,PayPal,COUPONZ9-9,4.74,AUD
838098,2024-01-27T00:57:40,2024-01-27,772,40,Retail,Afterpay,COUPON-99Z,8.17,AUD
838531,2024-01-27T00:00:24,2024-01-27,9,13,Retail,Afterpay,COUPON0Z0-,16.31,AUD
838540,2024-01-27T06:57:52,2024-01-27,449,45,Online,PayPal,COUPON9-A-,5.16,AUD
838698,2024-01-27T22:50:49,2024-01-27,430,37,Retail,Credit Card,COUPON99-Z,15.06,AUD
838710,2024-01-27T06:36:19,2024-01-27,520,15,Online,PayPal,COUPONZ0AZ,16.23,AUD
838740,2024-01-27T00:32:30,2024-01-27,42,13,Retail,Credit Card,COUPON0A9Z,9.09,AUD
838766,2024-01-27T17:44:55,2024-01-27,738,19,Retail,Afterpay,COUPON0A0Z,12.26,AUD
838878,2024-01-27T07:48:13,2024-01-27,220,35,Retail,Credit Card,COUPON-Z-0,3.39,AUD
838991,2024-01-27T15:06:37,2024-01-27,495,21,Online,Afterpay,COUPONZA0-,11.9,AUD
839041,2024-01-27T11:00:19,2024-01-27,538,19,Retail,Credit Card,COUPONA09-,5.79,AUD
839561,2024-01-27T02:58:38,2024-01-27,403,3,Retail,Credit Card,COUPON9-00,3.18,AUD
839564,2024-01-27T08:14:11,2024-01-27,756,44,Online,Credit Card,COUPON0-9-,17.1,AUD
839586,2024-01-27T00:53:41,2024-01-27,651,42,Online,Afterpay,COUPONZ00Z,8.32,AUD
839695,2024-01-27T20:51:24,2024-01-27,487,20,Online,PayPal,COUPONZZ-Z,5.64,AUD
839707,2024-01-27T13:35:35,2024-01-27,531,4,Online,PayPal,COUPON-09A,19.75,AUD
839820,2024-01-27T15:40:43,2024-01-27,170,2,Retail,Credit Card,COUPON-90-,1.64,AUD
839846,2024-01-27T05:29:30,2024-01-27,183,23,Retail,Afterpay,COUPON-ZZ-,12.27,AUD
839929,2024-01-27T23:04:20,2024-01-27,324,9,Online,PayPal,COUPONAA-9,15.78,AUD
840032,2024-01-27T19:05:21,2024-01-27,106,30,Retail,Credit Card,COUPON---0,4.2,AUD
840040,2024-01-27T19:07:00,2024-01-27,437,48,Retail,Afterpay,COUPON-9-Z,3.75,AUD
840086,2024-01-27T05:18:05,2024-01-27,161,3,Retail,PayPal,COUPON-9-0,0.89,AUD
840257,2024-01-27T08:35:12,2024-01-27,310,30,Online,Afterpay,COUPON--AA,18.92,AUD
840379,2024-01-27T00:20:31,2024-01-27,400,19,Retail,Afterpay,COUPON-909,0.41,AUD
840535,2024-01-27T03:18:06,2024-01-27,508,3,Retail,PayPal,COUPON-9--,1.28,AUD
840627,2024-01-27T02:00:58,2024-01-27,232,37,Online,Credit Card,COUPON00-A,13.59,AUD
840631,2024-01-27T06:41:37,2024-01-27,235,27,Retail,Credit Card,COUPON--9-,9.36,AUD
840929,2024-01-27T12:45:10,2024-01-27,585,24,Retail,PayPal,COUPONZA99,2.79,AUD
840938,2024-01-27T11:38:07,2024-01-27,504,31,Retail,PayPal,COUPON9-9-,0.18,AUD
841096,2024-01-27T06:34:53,2024-01-27,41,20,Online,Credit Card,COUPON---0,19.11,AUD
841102,2024-01-27T00:31:13,2024-01-27,146,24,Retail,Credit Card,COUPONA99A,5.89,AUD
841192,2024-01-27T07:34:14,2024-01-27,786,27,Online,PayPal,COUPON9AA0,8.28,AUD
841463,2024-01-27T03:25:57,2024-01-27,650,10,Online,PayPal,COUPONA--0,1.52,AUD
841603,2024-01-27T05:09:37,2024-01-27,50,9,Online,PayPal,COUPON---Z,17.66,AUD
841623,2024-01-27T08:38:22,2024-01-27,197,44,Retail,Credit Card,COUPON-AZ-,13.63,AUD
841746,2024-01-27T14:40:53,2024-01-27,741,32,Retail,Credit Card,COUPONZ--0,4.01,AUD
841799,2024-01-27T07:46:11,2024-01-27,29,22,Online,Credit Card,COUPON-999,0.03,AUD
842245,2024-01-27T18:22:01,2024-01-27,739,21,Retail,Afterpay,COUPON--00,9.77,AUD
842250,2024-01-27T02:49:11,2024-01-27,597,12,Online,PayPal,COUPON--A-,12.3,AUD
842568,2024-01-27T08:02:31,2024-01-27,635,47,Online,Afterpay,COUPON-000,8.85,AUD
842739,2024-01-27T13:55:02,2024-01-27,394,5,Retail,PayPal,COUPON-A-9,2.21,AUD
842740,2024-01-27T13:25:30,2024-01-27,771,21,Retail,Afterpay,COUPONZ9-Z,3.85,AUD
843031,2024-01-27T19:42:43,2024-01-27,12,31,Online,Afterpay,COUPON--9-,12.88,AUD
843397,2024-01-27T21:14:00,2024-01-27,350,49,Retail,PayPal,COUPON--AA,11.97,AUD
843435,2024-01-27T21:58:35,2024-01-27,334,49,Online,Afterpay,COUPON-9-A,4.53,AUD
843509,2024-01-27T09:26:33,2024-01-27,72,10,Retail,PayPal,COUPON--0A,15.87,AUD
843582,2024-01-27T19:06:55,2024-01-27,572,16,Retail,Credit Card,COUPON-A0Z,0.04,AUD
843594,2024-01-27T22:51:23,2024-01-27,540,9,Online,PayPal,COUPONA0A-,5.34,AUD
843948,2024-01-27T08:51:22,2024-01-27,99,6,Online,PayPal,COUPONA-9Z,4.8,AUD
844040,2024-01-27T12:57:57,2024-01-27,461,9,Online,PayPal,COUPONZ-A-,9.24,AUD
844089,2024-01-27T11:05:25,2024-01-27,184,8,Retail,Afterpay,COUPON9-A9,18.55,AUD
844135,2024-01-27T10:22:38,2024-01-27,273,7,Retail,Afterpay,COUPONZZ--,18.05,AUD
844278,2024-01-27T10:00:43,2024-01-27,149,4,Online,PayPal,COUPON9A9A,1.48,AUD
844309,2024-01-27T09:27:09,2024-01-27,678,47,Retail,PayPal,COUPONAA9A,14.39,AUD
844316,2024-01-27T11:49:05,2024-01-27,160,3,Retail,Afterpay,COUPONAZ00,2.54,AUD
844327,2024-01-27T08:06:58,2024-01-27,619,34,Online,Afterpay,COUPON-9-A,11.9,AUD
844427,2024-01-27T15:22:04,2024-01-27,64,16,Retail,Credit Card,COUPON9Z9A,3.58,AUD
844435,2024-01-27T12:27:36,2024-01-27,550,15,Retail,Credit Card,COUPONZZ-Z,18.51,AUD
844466,2024-01-27T15:39:52,2024-01-27,610,7,Online,Afterpay,COUPON90AZ,2.53,AUD
844487,2024-01-27T18:23:17,2024-01-27,573,24,Online,PayPal,COUPON-ZZZ,2.36,AUD
844507,2024-01-27T06:40:04,2024-01-27,194,10,Retail,PayPal,COUPON-90-,16.2,AUD
844607,2024-01-27T09:58:13,2024-01-27,215,6,Online,Credit Card,COUPON9-0-,18.03,AUD
844700,2024-01-27T09:58:43,2024-01-27,412,16,Retail,PayPal,COUPON0ZZ-,3.77,AUD
844856,2024-01-27T08:28:50,2024-01-27,688,44,Online,Afterpay,COUPON9---,15.91,AUD
844932,2024-01-27T14:32:09,2024-01-27,515,27,Online,PayPal,COUPON9A-A,19.24,AUD
844971,2024-01-27T02:34:52,2024-01-27,109,1,Online,Afterpay,COUPONAAA9,13.77,AUD
845016,2024-01-27T17:06:24,2024-01-27,392,23,Online,Credit Card,COUPON9Z-A,5.85,AUD
845066,2024-01-27T23:54:48,2024-01-27,72,48,Retail,PayPal,COUPON-ZZ-,12.54,AUD
845081,2024-01-27T19:05:32,2024-01-27,121,17,Retail,Credit Card,COUPONA--0,11.74,AUD
845082,2024-01-27T00:17:49,2024-01-27,452,44,Online,Afterpay,COUPONAAZ9,13.35,AUD
845164,2024-01-27T03:51:59,2024-01-27,513,28,Retail,Credit Card,COUPON--ZZ,5.24,AUD
845420,2024-01-27T03:41:34,2024-01-27,165,35,Retail,Afterpay,COUPON90Z0,18.93,AUD
845428,2024-01-27T23:00:33,2024-01-27,26,40,Retail,PayPal,COUPONZ-ZA,4.65,AUD
845588,2024-01-27T00:20:53,2024-01-27,167,44,Online,Credit Card,COUPONA---,18.17,AUD
845754,2024-01-27T09:46:23,2024-01-27,671,43,Online,Afterpay,COUPON--00,6.81,AUD
845800,2024-01-27T05:00:20,2024-01-27,743,18,Online,PayPal,COUPON-A9A,12.99,AUD
845854,2024-01-27T05:09:33,2024-01-27,108,48,Retail,Credit Card,COUPON0--A,0.36,AUD
845994,2024-01-27T07:19:45,2024-01-27,3,36,Online,Afterpay,COUPON-9A-,1.43,AUD
846035,2024-01-27T09:31:58,2024-01-27,262,43,Online,PayPal,COUPON---Z,14.16,AUD
846110,2024-01-27T14:30:38,2024-01-27,513,8,Retail,Afterpay,COUPON-A-0,3.51,AUD
846160,2024-01-27T12:52:09,2024-01-27,387,11,Online,Credit Card,COUPONA--0,0.05,AUD
846183,2024-01-27T12:02:07,2024-01-27,131,44,Online,PayPal,COUPONZ---,12.84,AUD
846296,2024-01-27T06:15:01,2024-01-27,692,26,Retail,PayPal,COUPON0--Z,8.21,AUD
846343,2024-01-27T00:13:36,2024-01-27,537,10,Online,PayPal,COUPON-00Z,5.83,AUD
846351,2024-01-27T14:57:39,2024-01-27,183,26,Online,Credit Card,COUPON-AZ-,3.97,AUD
846378,2024-01-27T01:13:16,2024-01-27,409,3,Retail,Credit Card,COUPON-A90,1.28,AUD
846480,2024-01-27T22:53:08,2024-01-27,267,48,Retail,Afterpay,COUPONZ-0-,18.63,AUD
846522,2024-01-27T07:05:27,2024-01-27,739,6,Retail,PayPal,COUPONZ-ZA,17.51,AUD
846541,2024-01-27T05:22:32,2024-01-27,396,24,Retail,PayPal,COUPON0ZZA,15.18,AUD
846695,2024-01-27T23:42:28,2024-01-27,572,35,Retail,Credit Card,COUPONA-A9,4.59,AUD
847014,2024-01-27T03:29:51,2024-01-27,738,9,Retail,Afterpay,COUPON--90,7.74,AUD
847072,2024-01-27T15:29:05,2024-01-27,656,19,Online,Credit Card,COUPONA9-0,15.45,AUD
847128,2024-01-27T05:00:22,2024-01-27,736,15,Retail,PayPal,COUPONZ-09,6.23,AUD
847189,2024-01-27T09:25:27,2024-01-27,467,10,Retail,PayPal,COUPONZ--A,15.02,AUD
847533,2024-01-27T00:34:46,2024-01-27,528,30,Retail,Credit Card,COUPON-9-Z,13.86,AUD
847659,2024-01-27T04:25:37,2024-01-27,123,32,Retail,PayPal,COUPON-9-9,6.99,AUD
847668,2024-01-27T08:38:47,2024-01-27,90,39,Online,Credit Card,COUPON99Z-,12.19,AUD
847758,2024-01-27T02:16:31,2024-01-27,513,5,Retail,PayPal,COUPONZ-9A,6.87,AUD
847818,2024-01-27T08:31:59,2024-01-27,48,45,Online,PayPal,COUPONAZ-A,7.87,AUD
847893,2024-01-27T09:00:45,2024-01-27,462,24,Online,PayPal,COUPON-ZAA,12.14,AUD
847969,2024-01-27T08:45:38,2024-01-27,796,21,Online,Credit Card,COUPONZ-99,14.93,AUD
848036,2024-01-27T07:58:31,2024-01-27,210,46,Online,PayPal,COUPON--00,10.25,AUD
848263,2024-01-27T13:26:50,2024-01-27,372,4,Online,Afterpay,COUPONAAA-,15.1,AUD
848330,2024-01-27T08:58:24,2024-01-27,351,2,Online,Credit Card,COUPON9Z9Z,5.47,AUD
848756,2024-01-27T01:16:32,2024-01-27,188,24,Retail,Credit Card,COUPONAZA9,14.42,AUD
848780,2024-01-27T02:15:16,2024-01-27,173,4,Online,Credit Card,COUPON0999,1.4,AUD
848803,2024-01-27T18:21:08,2024-01-27,766,17,Online,Afterpay,COUPONA9ZZ,19.78,AUD
848893,2024-01-27T10:38:43,2024-01-27,676,15,Online,Afterpay,COUPONZ-9-,2.74,AUD
849081,2024-01-27T10:14:13,2024-01-27,406,6,Online,PayPal,COUPONZ90A,12.83,AUD
849193,2024-01-27T22:13:35,2024-01-27,13,5,Online,Afterpay,COUPON-ZA-,14.17,AUD
849305,2024-01-27T00:13:10,2024-01-27,79,34,Retail,PayPal,COUPONZA-0,10.82,AUD
849345,2024-01-27T08:17:16,2024-01-27,75,1,Online,Afterpay,COUPON-Z-9,13.66,AUD
849729,2024-01-27T01:49:07,2024-01-27,56,39,Retail,Credit Card,COUPON-A-0,8.45,AUD
849872,2024-01-27T10:42:22,2024-01-27,793,18,Online,Credit Card,COUPONZ-00,3.48,AUD
849887,2024-01-27T22:49:21,2024-01-27,3,23,Online,Afterpay,COUPON-0A-,19.13,AUD
849941,2024-01-27T02:32:09,2024-01-27,561,49,Retail,PayPal,COUPON9A-A,16.32,AUD
850067,2024-01-27T20:45:16,2024-01-27,638,37,Retail,Afterpay,COUPON0-00,4.1,AUD
850090,2024-01-27T01:54:42,2024-01-27,8,24,Online,PayPal,COUPON9ZA9,2.02,AUD
850472,2024-01-27T22:08:16,2024-01-27,18,25,Online,Afterpay,COUPON0AZ9,15.37,AUD
850535,2024-01-27T18:49:30,2024-01-27,178,4,Online,Credit Card,COUPON-9-A,7.36,AUD
850577,2024-01-27T11:06:38,2024-01-27,119,31,Retail,Credit Card,COUPON---A,7.54,AUD
850661,2024-01-27T17:32:24,2024-01-27,26,46,Online,Afterpay,COUPONZ-9-,0.78,AUD
850749,2024-01-27T12:13:38,2024-01-27,462,30,Retail,PayPal,COUPON---A,16.26,AUD
850916,2024-01-27T05:17:16,2024-01-27,656,49,Online,Credit Card,COUPON9-9Z,7.37,AUD
850958,2024-01-27T03:00:12,2024-01-27,711,19,Online,PayPal,COUPON9ZZZ,5.53,AUD
851100,2024-01-27T05:27:09,2024-01-27,311,20,Retail,Credit Card,COUPONA090,3.67,AUD
851176,2024-01-27T06:57:12,2024-01-27,222,47,Retail,Credit Card,COUPONZ--9,19.06,AUD
851185,2024-01-27T04:39:45,2024-01-27,219,21,Retail,PayPal,COUPON-Z09,14.75,AUD
851221,2024-01-27T07:31:40,2024-01-27,303,33,Retail,Afterpay,COUPON--9-,3.96,AUD
851324,2024-01-27T17:01:27,2024-01-27,450,6,Online,PayPal,COUPONAA90,4.61,AUD
851330,2024-01-27T13:28:36,2024-01-27,89,10,Online,Credit Card,COUPON9--9,13.02,AUD
851459,2024-01-27T16:39:34,2024-01-27,323,11,Retail,PayPal,COUPONA--Z,4.0,AUD
851612,2024-01-27T01:40:42,2024-01-27,497,29,Retail,Credit Card,COUPON0-A-,16.67,AUD
851781,2024-01-27T17:08:13,2024-01-27,738,30,Retail,Afterpay,COUPONZ09A,17.58,AUD
852334,2024-01-27T07:19:06,2024-01-27,423,3,Online,Credit Card,COUPON-ZA0,10.28,AUD
852420,2024-01-27T00:24:19,2024-01-27,45,28,Retail,PayPal,COUPON9909,1.64,AUD
852433,2024-01-27T20:50:06,2024-01-27,599,20,Retail,Credit Card,COUPON0Z--,9.52,AUD
852501,2024-01-27T19:09:51,2024-01-27,255,12,Online,PayPal,COUPONA-9-,9.66,AUD
852818,2024-01-27T18:38:09,2024-01-27,568,20,Retail,PayPal,COUPON---Z,1.4,AUD
852878,2024-01-27T22:32:44,2024-01-27,208,1,Retail,Credit Card,COUPON09-0,19.29,AUD
852912,2024-01-27T07:00:20,2024-01-27,442,28,Retail,PayPal,COUPONZ0Z9,10.32,AUD
853020,2024-01-27T21:48:53,2024-01-27,778,48,Retail,Credit Card,COUPON0A-A,9.8,AUD
853034,2024-01-27T04:59:08,2024-01-27,445,23,Retail,Credit Card,COUPONZ--A,10.16,AUD
853175,2024-01-27T07:52:37,2024-01-27,292,27,Retail,PayPal,COUPON9-Z-,13.18,AUD
853233,2024-01-27T13:37:15,2024-01-27,23,40,Online,PayPal,COUPON-09-,5.45,AUD
853401,2024-01-27T17:11:51,2024-01-27,471,26,Online,PayPal,COUPONZ-9-,6.28,AUD
853425,2024-01-27T08:16:27,2024-01-27,392,43,Online,Credit Card,COUPON0AZZ,18.61,AUD
853431,2024-01-27T11:43:44,2024-01-27,583,28,Retail,Afterpay,COUPONZA9-,19.79,AUD
853487,2024-01-27T03:07:37,2024-01-27,230,4,Retail,PayPal,COUPON990A,12.58,AUD
853693,2024-01-27T05:46:17,2024-01-27,70,29,Retail,PayPal,COUPON-AZ-,2.95,AUD
853752,2024-01-27T03:50:02,2024-01-27,694,41,Online,PayPal,COUPON-Z--,18.43,AUD
854106,2024-01-27T14:40:49,2024-01-27,465,17,Online,Credit Card,COUPON0-0A,1.3,AUD
854224,2024-01-27T20:20:00,2024-01-27,513,33,Retail,Afterpay,COUPON9Z-0,15.04,AUD
854418,2024-01-27T13:26:01,2024-01-27,59,32,Retail,Afterpay,COUPON--ZZ,11.14,AUD
854534,2024-01-27T03:01:07,2024-01-27,740,2,Retail,Credit Card,COUPONAA-Z,6.22,AUD
854541,2024-01-27T07:55:55,2024-01-27,150,41,Online,PayPal,COUPON0--A,4.11,AUD
854562,2024-01-27T00:58:29,2024-01-27,242,15,Retail,Credit Card,COUPON990A,15.66,AUD
854610,2024-01-27T11:30:01,2024-01-27,312,9,Retail,PayPal,COUPON-Z-A,11.65,AUD
854793,2024-01-27T10:58:06,2024-01-27,318,25,Online,Credit Card,COUPON-0A-,0.17,AUD
854898,2024-01-27T04:19:40,2024-01-27,408,29,Online,Credit Card,COUPONAAZ9,5.51,AUD
854927,2024-01-27T06:26:23,2024-01-27,711,15,Online,Credit Card,COUPONZA99,1.16,AUD
854935,2024-01-27T12:02:44,2024-01-27,64,13,Retail,Credit Card,COUPON0ZAA,8.11,AUD
855126,2024-01-27T13:23:05,2024-01-27,102,27,Retail,PayPal,COUPONZ--Z,8.64,AUD
855129,2024-01-27T04:57:08,2024-01-27,508,46,Retail,Afterpay,COUPONA--0,1.85,AUD
855229,2024-01-27T18:00:55,2024-01-27,740,43,Online,Afterpay,COUPON09AA,15.09,AUD
855539,2024-01-27T14:37:46,2024-01-27,90,45,Online,Afterpay,COUPONA0Z-,14.65,AUD
855757,2024-01-27T05:18:46,2024-01-27,67,37,Online,PayPal,COUPON90Z9,17.88,AUD
855808,2024-01-27T02:39:47,2024-01-27,58,9,Online,Afterpay,COUPON0ZZ9,18.56,AUD
855893,2024-01-27T11:13:14,2024-01-27,91,32,Online,Afterpay,COUPONZ0Z9,5.18,AUD
855958,2024-01-27T15:59:17,2024-01-27,58,3,Retail,Afterpay,COUPONZ9A-,9.21,AUD
855969,2024-01-27T10:50:10,2024-01-27,751,21,Retail,PayPal,COUPONZ09-,19.69,AUD
855989,2024-01-27T19:53:42,2024-01-27,141,12,Retail,PayPal,COUPON-AZA,14.82,AUD
856040,2024-01-27T17:48:52,2024-01-27,411,19,Online,Afterpay,COUPON----,0.91,AUD
856199,2024-01-27T23:45:24,2024-01-27,226,27,Online,Afterpay,COUPON-ZAA,10.26,AUD
856293,2024-01-27T17:59:26,2024-01-27,626,45,Retail,PayPal,COUPON-ZA-,19.72,AUD
856306,2024-01-27T02:38:41,2024-01-27,347,7,Retail,Afterpay,COUPONZ-A-,10.18,AUD
856384,2024-01-27T03:05:23,2024-01-27,54,19,Retail,Afterpay,COUPON--9-,5.81,AUD
856463,2024-01-27T14:52:09,2024-01-27,565,22,Online,Credit Card,COUPONZA90,19.28,AUD
856571,2024-01-27T04:55:49,2024-01-27,143,48,Retail,Afterpay,COUPONZA--,3.48,AUD
856731,2024-01-27T22:06:21,2024-01-27,368,10,Online,Credit Card,COUPON--Z-,3.26,AUD
856779,2024-01-27T12:48:07,2024-01-27,627,36,Retail,PayPal,COUPON-0-Z,6.93,AUD
856796,2024-01-27T06:13:14,2024-01-27,670,30,Retail,PayPal,COUPON-90Z,3.3,AUD
856902,2024-01-27T15:45:34,2024-01-27,10,15,Retail,Afterpay,COUPON-0AZ,7.55,AUD
857037,2024-01-27T08:05:23,2024-01-27,391,23,Online,PayPal,COUPON-A99,14.69,AUD
857095,2024-01-27T17:52:22,2024-01-27,577,32,Online,Credit Card,COUPONZA09,13.3,AUD
857162,2024-01-27T02:07:06,2024-01-27,595,46,Retail,PayPal,COUPON00Z9,4.5,AUD
857192,2024-01-27T17:34:45,2024-01-27,583,25,Retail,Afterpay,COUPONZ-0-,8.5,AUD
857211,2024-01-27T03:59:25,2024-01-27,419,45,Online,Afterpay,COUPON-Z0-,11.27,AUD
857296,2024-01-27T17:18:00,2024-01-27,103,27,Retail,PayPal,COUPON-Z-Z,9.07,AUD
857718,2024-01-27T01:40:16,2024-01-27,191,48,Retail,Credit Card,COUPONZ---,2.21,AUD
857810,2024-01-27T10:51:11,2024-01-27,603,3,Retail,Credit Card,COUPONZ-9-,15.72,AUD
857870,2024-01-27T16:06:16,2024-01-27,493,10,Online,Afterpay,COUPON--90,5.41,AUD
857935,2024-01-27T22:33:56,2024-01-27,649,28,Online,Afterpay,COUPON0AA9,10.56,AUD
858054,2024-01-27T19:42:23,2024-01-27,576,28,Retail,PayPal,COUPON-A0Z,4.15,AUD
858351,2024-01-27T20:55:13,2024-01-27,307,32,Retail,PayPal,COUPONZ-90,3.08,AUD
858516,2024-01-27T13:06:46,2024-01-27,684,1,Online,PayPal,COUPON-A--,9.14,AUD
858610,2024-01-27T02:01:32,2024-01-27,226,4,Retail,Afterpay,COUPON9-0-,3.05,AUD
858679,2024-01-27T05:35:56,2024-01-27,278,26,Online,Credit Card,COUPON-A--,3.99,AUD
858721,2024-01-27T00:36:28,2024-01-27,795,13,Online,Afterpay,COUPONA--0,2.4,AUD
858731,2024-01-27T19:41:23,2024-01-27,525,36,Online,Credit Card,COUPONA-0-,10.06,AUD
858936,2024-01-27T06:07:48,2024-01-27,790,19,Online,Afterpay,COUPON-0-A,17.14,AUD
858941,2024-01-27T12:54:20,2024-01-27,478,31,Retail,PayPal,COUPONZ-ZZ,3.17,AUD
858977,2024-01-27T23:32:59,2024-01-27,121,17,Online,Credit Card,COUPON-A--,2.69,AUD
859083,2024-01-27T19:59:53,2024-01-27,784,33,Online,PayPal,COUPON--Z0,6.4,AUD
859283,2024-01-27T21:31:27,2024-01-27,612,12,Online,PayPal,COUPON--A9,11.05,AUD
859509,2024-01-27T00:30:09,2024-01-27,91,14,Retail,PayPal,COUPONAA--,15.57,AUD
859538,2024-01-27T15:40:34,2024-01-27,8,9,Online,Afterpay,COUPON--A9,18.83,AUD
859632,2024-01-27T05:04:17,2024-01-27,493,48,Retail,Credit Card,COUPON----,13.86,AUD
859746,2024-01-27T19:53:31,2024-01-27,693,14,Online,PayPal,COUPON--9A,14.71,AUD
859772,2024-01-27T05:32:42,2024-01-27,169,16,Online,Afterpay,COUPON9--Z,4.7,AUD
859888,2024-01-27T11:49:20,2024-01-27,174,30,Retail,Afterpay,COUPONZA9Z,15.47,AUD
860024,2024-01-27T05:07:38,2024-01-27,343,43,Online,Afterpay,COUPONA0AZ,11.43,AUD
860259,2024-01-27T20:09:10,2024-01-27,244,45,Online,Credit Card,COUPONZZ0A,17.95,AUD
860316,2024-01-27T22:40:12,2024-01-27,371,30,Retail,Credit Card,COUPON--0A,12.31,AUD
860368,2024-01-27T01:53:53,2024-01-27,550,44,Retail,PayPal,COUPON-Z0-,18.77,AUD
860535,2024-01-27T15:56:11,2024-01-27,384,45,Retail,Afterpay,COUPONZ0AA,16.85,AUD
860569,2024-01-27T06:12:09,2024-01-27,699,49,Online,Afterpay,COUPONA0--,0.58,AUD
860626,2024-01-27T16:48:36,2024-01-27,449,6,Online,Credit Card,COUPON-9-Z,6.75,AUD
860643,2024-01-27T04:02:01,2024-01-27,197,11,Online,PayPal,COUPONZZ9A,18.04,AUD
860647,2024-01-27T20:53:49,2024-01-27,317,24,Online,Afterpay,COUPONZA-9,7.62,AUD
860687,2024-01-27T04:32:17,2024-01-27,339,36,Retail,Credit Card,COUPONZ9-0,11.1,AUD
860879,2024-01-27T14:40:07,2024-01-27,405,11,Retail,PayPal,COUPON-00Z,8.86,AUD
860913,2024-01-27T20:16:34,2024-01-27,777,1,Retail,PayPal,COUPON-AZ9,0.58,AUD
860917,2024-01-27T14:38:49,2024-01-27,451,47,Retail,Afterpay,COUPON-Z9-,9.53,AUD
861039,2024-01-27T11:11:20,2024-01-27,497,41,Online,Credit Card,COUPON-AZA,15.05,AUD
861111,2024-01-27T05:06:23,2024-01-27,43,10,Retail,PayPal,COUPON-Z--,3.15,AUD
861353,2024-01-27T08:44:00,2024-01-27,622,38,Online,PayPal,COUPONZA-0,2.87,AUD
861476,2024-01-27T11:36:58,2024-01-27,759,7,Online,Afterpay,COUPON--0Z,12.65,AUD
861729,2024-01-27T17:48:33,2024-01-27,554,39,Retail,Credit Card,COUPON009A,3.2,AUD
861744,2024-01-27T07:42:26,2024-01-27,567,3,Online,Afterpay,COUPONZ0A-,0.79,AUD
861788,2024-01-27T18:38:39,2024-01-27,608,42,Retail,PayPal,COUPON--Z-,3.79,AUD
861901,2024-01-27T09:22:02,2024-01-27,306,9,Retail,PayPal,COUPONA0Z9,14.89,AUD
862073,2024-01-27T15:35:28,2024-01-27,759,5,Online,Credit Card,COUPONAZZ0,17.67,AUD
862132,2024-01-27T04:25:25,2024-01-27,746,17,Retail,Credit Card,COUPONA-A-,5.21,AUD
862180,2024-01-27T22:39:08,2024-01-27,239,2,Retail,Afterpay,COUPON----,11.2,AUD
862668,2024-01-27T01:38:37,2024-01-27,697,29,Online,Afterpay,COUPON-0-9,9.62,AUD
862691,2024-01-27T11:52:12,2024-01-27,74,49,Online,PayPal,COUPONZ-0-,9.82,AUD
862696,2024-01-27T07:12:19,2024-01-27,576,4,Retail,Afterpay,COUPONZAZ9,18.3,AUD
862725,2024-01-27T09:41:38,2024-01-27,81,9,Retail,Afterpay,COUPON--9Z,18.34,AUD
862751,2024-01-27T13:53:10,2024-01-27,434,43,Online,Credit Card,COUPON0-A-,19.05,AUD
862754,2024-01-27T05:01:02,2024-01-27,673,35,Retail,PayPal,COUPON9-AZ,3.63,AUD
862786,2024-01-27T21:51:14,2024-01-27,250,30,Retail,Credit Card,COUPONA-0-,13.62,AUD
862818,2024-01-27T13:19:54,2024-01-27,22,28,Online,Credit Card,COUPON00-Z,13.31,AUD
862838,2024-01-27T13:59:42,2024-01-27,517,48,Online,Credit Card,COUPON000-,18.04,AUD
862903,2024-01-27T13:30:16,2024-01-27,655,32,Retail,Credit Card,COUPONZAAZ,11.76,AUD
862958,2024-01-27T07:27:52,2024-01-27,140,33,Online,PayPal,COUPONA0A-,13.89,AUD
862969,2024-01-27T11:35:44,2024-01-27,539,19,Retail,PayPal,COUPON---9,16.33,AUD
863036,2024-01-27T02:00:43,2024-01-27,67,31,Retail,Afterpay,COUPONZ-Z0,17.5,AUD
863094,2024-01-27T12:35:56,2024-01-27,489,31,Online,Afterpay,COUPON--AA,8.12,AUD
863131,2024-01-27T20:49:56,2024-01-27,267,45,Retail,Credit Card,COUPON00-0,0.54,AUD
863284,2024-01-27T17:23:05,2024-01-27,213,27,Retail,PayPal,COUPON0A9-,6.14,AUD
863354,2024-01-27T14:11:05,2024-01-27,773,42,Retail,Credit Card,COUPONA99Z,0.14,AUD
863497,2024-01-27T14:56:56,2024-01-27,18,30,Retail,Credit Card,COUPON9-Z0,16.71,AUD
863643,2024-01-27T06:36:36,2024-01-27,537,32,Online,Credit Card,COUPON0-9Z,0.63,AUD
863653,2024-01-27T22:18:27,2024-01-27,453,44,Retail,PayPal,COUPONZA90,18.42,AUD
863828,2024-01-27T20:56:34,2024-01-27,514,21,Online,Credit Card,COUPONA90-,13.03,AUD
863955,2024-01-27T22:41:37,2024-01-27,511,43,Online,PayPal,COUPONZ-0-,4.43,AUD
863988,2024-01-27T11:41:02,2024-01-27,654,4,Online,Afterpay,COUPONZ-9-,1.18,AUD
863997,2024-01-27T02:52:57,2024-01-27,423,47,Online,Credit Card,COUPON-0A9,0.43,AUD
864221,2024-01-27T02:12:24,2024-01-27,280,8,Online,Credit Card,COUPON0-0Z,13.4,AUD
864356,2024-01-27T02:22:21,2024-01-27,150,18,Retail,Afterpay,COUPONZ0-A,18.34,AUD
864359,2024-01-27T00:47:30,2024-01-27,667,15,Retail,Credit Card,COUPONA--0,2.74,AUD
864569,2024-01-27T09:04:38,2024-01-27,253,8,Online,Credit Card,COUPONZA--,18.4,AUD
864609,2024-01-27T10:29:49,2024-01-27,363,19,Online,Credit Card,COUPON0099,1.54,AUD
864637,2024-01-27T08:18:13,2024-01-27,424,10,Online,Credit Card,COUPON---A,14.48,AUD
864826,2024-01-27T10:33:49,2024-01-27,648,39,Retail,Afterpay,COUPONZ9Z-,8.29,AUD
865157,2024-01-27T18:37:03,2024-01-27,537,20,Online,Afterpay,COUPON--A0,14.07,AUD
865332,2024-01-27T22:23:18,2024-01-27,782,11,Retail,Credit Card,COUPONZZZA,15.64,AUD
865762,2024-01-27T03:54:27,2024-01-27,752,27,Online,Credit Card,COUPONZ0A0,5.0,AUD
865767,2024-01-27T01:06:48,2024-01-27,31,28,Retail,Credit Card,COUPON-9--,1.82,AUD
865781,2024-01-27T11:19:21,2024-01-27,798,2,Retail,Afterpay,COUPON--0-,5.89,AUD
865831,2024-01-27T12:15:49,2024-01-27,648,1,Retail,Credit Card,COUPON---0,3.91,AUD
865838,2024-01-27T19:19:22,2024-01-27,102,29,Retail,PayPal,COUPONA00Z,15.85,AUD
865918,2024-01-27T11:53:06,2024-01-27,577,4,Online,Afterpay,COUPON09Z-,0.96,AUD
865967,2024-01-27T18:55:31,2024-01-27,456,15,Online,Afterpay,COUPONAZ9-,16.31,AUD
866035,2024-01-27T01:01:59,2024-01-27,437,29,Retail,Afterpay,COUPONAAZ-,7.46,AUD
866144,2024-01-27T05:35:04,2024-01-27,515,47,Online,PayPal,COUPON99-Z,13.73,AUD
866164,2024-01-27T03:24:09,2024-01-27,799,9,Retail,PayPal,COUPONZZ0-,11.64,AUD
866259,2024-01-27T10:21:39,2024-01-27,418,38,Retail,Credit Card,COUPON0-Z-,7.67,AUD
866307,2024-01-27T14:42:59,2024-01-27,602,26,Online,Afterpay,COUPONZ-A-,4.18,AUD
866309,2024-01-27T00:38:08,2024-01-27,352,47,Online,Afterpay,COUPON9---,1.53,AUD
866311,2024-01-27T19:14:01,2024-01-27,468,47,Online,Credit Card,COUPON--ZZ,15.93,AUD
866414,2024-01-27T21:26:57,2024-01-27,772,37,Retail,Credit Card,COUPONA99-,12.29,AUD
866426,2024-01-27T21:14:44,2024-01-27,481,46,Online,Afterpay,COUPON99-Z,1.35,AUD
866500,2024-01-27T00:07:10,2024-01-27,715,45,Online,Afterpay,COUPON9--Z,2.36,AUD
866877,2024-01-27T12:11:46,2024-01-27,347,26,Retail,Credit Card,COUPON--A-,1.66,AUD
866878,2024-01-27T22:39:12,2024-01-27,18,34,Online,Afterpay,COUPON-Z0Z,2.12,AUD
866928,2024-01-27T15:38:38,2024-01-27,588,11,Online,Afterpay,COUPON0--A,15.95,AUD
866968,2024-01-27T14:21:27,2024-01-27,84,34,Online,PayPal,COUPON99--,8.92,AUD
866984,2024-01-27T05:15:15,2024-01-27,787,23,Retail,Credit Card,COUPON099-,14.38,AUD
867110,2024-01-27T12:20:18,2024-01-27,337,14,Retail,PayPal,COUPON990Z,1.81,AUD
867112,2024-01-27T07:46:24,2024-01-27,399,32,Retail,PayPal,COUPON99ZZ,5.52,AUD
867186,2024-01-27T21:37:10,2024-01-27,44,23,Retail,Credit Card,COUPON-0A-,5.23,AUD
867297,2024-01-27T20:21:23,2024-01-27,381,18,Retail,PayPal,COUPON9-9-,15.52,AUD
867600,2024-01-27T11:11:26,2024-01-27,9,39,Retail,Afterpay,COUPONA-09,12.46,AUD
867759,2024-01-27T08:52:12,2024-01-27,659,32,Retail,PayPal,COUPON-9-Z,1.44,AUD
867780,2024-01-27T15:27:15,2024-01-27,607,2,Online,Afterpay,COUPONAA--,14.43,AUD
867811,2024-01-27T22:51:22,2024-01-27,622,5,Online,Credit Card,COUPON9-0-,18.51,AUD
867907,2024-01-27T13:32:11,2024-01-27,82,46,Online,Credit Card,COUPON909-,2.02,AUD
868172,2024-01-27T07:08:35,2024-01-27,404,21,Online,Afterpay,COUPON0AA9,4.29,AUD
868308,2024-01-27T11:31:35,2024-01-27,223,22,Online,PayPal,COUPON090-,0.81,AUD
868335,2024-01-27T12:34:57,2024-01-27,277,49,Retail,PayPal,COUPONA-09,10.47,AUD
868402,2024-01-27T23:30:50,2024-01-27,559,49,Retail,Credit Card,COUPONZ-A-,0.85,AUD
868445,2024-01-27T20:11:15,2024-01-27,786,13,Retail,PayPal,COUPONZZ-9,19.5,AUD
868758,2024-01-27T12:17:40,2024-01-27,785,24,Online,PayPal,COUPON0Z9-,4.4,AUD
868777,2024-01-27T22:35:03,2024-01-27,737,47,Online,Afterpay,COUPON--9Z,15.15,AUD
868858,2024-01-27T10:56:17,2024-01-27,456,37,Retail,Afterpay,COUPONA-0-,0.66,AUD
868868,2024-01-27T07:14:16,2024-01-27,31,18,Online,Afterpay,COUPON0-Z-,12.54,AUD
869166,2024-01-27T01:21:16,2024-01-27,281,48,Retail,Afterpay,COUPONZ-AZ,7.37,AUD
869250,2024-01-27T09:22:02,2024-01-27,235,1,Online,Afterpay,COUPONZ0--,12.23,AUD
869282,2024-01-27T13:58:15,2024-01-27,585,18,Retail,Credit Card,COUPONZ-00,9.89,AUD
869317,2024-01-27T15:07:38,2024-01-27,149,12,Online,Afterpay,COUPON9-0A,8.57,AUD
869410,2024-01-27T09:04:05,2024-01-27,9,2,Retail,Afterpay,COUPON0-AZ,4.97,AUD
869460,2024-01-27T04:18:24,2024-01-27,57,33,Retail,PayPal,COUPON9-A-,8.72,AUD
869495,2024-01-27T03:29:58,2024-01-27,351,32,Retail,Credit Card,COUPON-Z-0,16.89,AUD
869585,2024-01-27T08:51:59,2024-01-27,86,34,Online,Credit Card,COUPONA99A,1.21,AUD
869612,2024-01-27T04:16:47,2024-01-27,156,10,Online,PayPal,COUPON90-0,12.6,AUD
869666,2024-01-27T18:40:15,2024-01-27,25,46,Retail,PayPal,COUPON-A9Z,13.15,AUD
869765,2024-01-27T21:44:43,2024-01-27,134,29,Online,PayPal,COUPON9Z00,17.62,AUD
869974,2024-01-27T12:59:56,2024-01-27,84,12,Retail,Afterpay,COUPON090-,10.91,AUD
869984,2024-01-27T01:04:51,2024-01-27,569,30,Retail,PayPal,COUPON-9Z0,8.74,AUD
870007,2024-01-27T04:10:09,2024-01-27,261,39,Online,PayPal,COUPONZ09Z,3.37,AUD
870161,2024-01-27T13:37:00,2024-01-27,545,7,Online,Afterpay,COUPON-A9-,17.83,AUD
870352,2024-01-27T20:42:59,2024-01-27,55,8,Online,Afterpay,COUPON-90A,6.23,AUD
870437,2024-01-27T10:52:05,2024-01-27,731,16,Retail,Credit Card,COUPON0---,8.09,AUD
870449,2024-01-27T08:32:31,2024-01-27,797,44,Retail,PayPal,COUPONZ-0Z,8.14,AUD
870574,2024-01-27T22:52:50,2024-01-27,798,9,Online,Afterpay,COUPON----,3.66,AUD
870592,2024-01-27T10:02:24,2024-01-27,380,17,Online,PayPal,COUPON--A-,16.65,AUD
870726,2024-01-27T21:26:02,2024-01-27,272,3,Retail,Afterpay,COUPON9AAZ,1.96,AUD
870801,2024-01-27T01:15:19,2024-01-27,394,5,Online,PayPal,COUPON0-00,13.21,AUD
870814,2024-01-27T10:28:55,2024-01-27,226,32,Online,Afterpay,COUPONZA-Z,15.75,AUD
870827,2024-01-27T16:12:53,2024-01-27,682,22,Online,Afterpay,COUPON00A-,1.08,AUD
870884,2024-01-27T11:13:27,2024-01-27,518,6,Retail,Credit Card,COUPONZAZ-,1.18,AUD
870929,2024-01-27T21:04:42,2024-01-27,428,41,Online,PayPal,COUPONZ-A-,8.17,AUD
870943,2024-01-27T19:18:38,2024-01-27,765,10,Retail,Credit Card,COUPON-000,16.06,AUD
871204,2024-01-27T20:24:18,2024-01-27,190,42,Online,Credit Card,COUPONZ--9,18.03,AUD
871215,2024-01-27T16:37:12,2024-01-27,390,28,Retail,Afterpay,COUPONZZZ9,11.88,AUD
871339,2024-01-27T01:14:08,2024-01-27,413,11,Retail,PayPal,COUPONAA-0,16.32,AUD
871526,2024-01-27T06:32:19,2024-01-27,181,38,Online,Credit Card,COUPONAAAA,3.04,AUD
871537,2024-01-27T17:48:09,2024-01-27,1,41,Retail,PayPal,COUPON-0-Z,1.34,AUD
871831,2024-01-27T02:59:14,2024-01-27,373,33,Retail,Credit Card,COUPONA9A-,3.11,AUD
871833,2024-01-27T17:33:52,2024-01-27,160,41,Online,Afterpay,COUPONA0--,16.29,AUD
871891,2024-01-27T14:00:40,2024-01-27,127,35,Online,Afterpay,COUPONZ--9,16.13,AUD
872025,2024-01-27T05:32:39,2024-01-27,24,8,Retail,PayPal,COUPON0AZA,7.24,AUD
872122,2024-01-27T08:30:06,2024-01-27,668,49,Online,PayPal,COUPONAZ-0,14.99,AUD
872233,2024-01-27T12:02:16,2024-01-27,413,44,Online,PayPal,COUPON090Z,8.3,AUD
872607,2024-01-27T18:51:37,2024-01-27,776,3,Online,Afterpay,COUPON0A-9,16.47,AUD
872703,2024-01-27T22:02:18,2024-01-27,217,45,Online,Afterpay,COUPONZA0-,11.93,AUD
872738,2024-01-27T23:35:45,2024-01-27,152,31,Online,PayPal,COUPON-9--,2.67,AUD
872959,2024-01-27T16:59:03,2024-01-27,700,7,Online,PayPal,COUPONA-Z0,2.35,AUD
873097,2024-01-27T08:06:37,2024-01-27,513,30,Online,PayPal,COUPON9AAZ,9.19,AUD
873106,2024-01-27T17:35:57,2024-01-27,766,21,Retail,Credit Card,COUPON0-99,9.92,AUD
873213,2024-01-27T22:43:51,2024-01-27,105,45,Retail,Credit Card,COUPON09A0,11.93,AUD
873239,2024-01-27T13:12:03,2024-01-27,572,37,Retail,Credit Card,COUPON-9A-,14.78,AUD
873269,2024-01-27T00:48:31,2024-01-27,208,37,Retail,Credit Card,COUPON99-9,15.09,AUD
873323,2024-01-27T09:49:07,2024-01-27,618,38,Online,Credit Card,COUPONZ--A,10.63,AUD
873345,2024-01-27T05:15:46,2024-01-27,376,24,Retail,Afterpay,COUPONAZA-,14.31,AUD
873486,2024-01-27T08:38:46,2024-01-27,574,20,Retail,PayPal,COUPONA0AZ,9.71,AUD
873543,2024-01-27T05:29:55,2024-01-27,177,47,Online,PayPal,COUPON9909,1.61,AUD
873573,2024-01-27T01:12:33,2024-01-27,93,15,Retail,Afterpay,COUPON0A9-,13.41,AUD
873636,2024-01-27T03:14:21,2024-01-27,369,22,Online,PayPal,COUPON-ZA9,7.69,AUD
873878,2024-01-27T15:20:06,2024-01-27,409,38,Retail,Credit Card,COUPONZ--0,11.04,AUD
874008,2024-01-27T14:34:50,2024-01-27,649,26,Online,PayPal,COUPON9A0-,9.86,AUD
874025,2024-01-27T03:34:46,2024-01-27,97,22,Retail,Credit Card,COUPON----,16.1,AUD
874098,2024-01-27T18:06:48,2024-01-27,524,15,Retail,Afterpay,COUPON-0A-,18.18,AUD
874101,2024-01-27T02:07:46,2024-01-27,611,44,Retail,Credit Card,COUPONA0--,6.64,AUD
874251,2024-01-27T08:25:45,2024-01-27,476,9,Retail,PayPal,COUPON-0AZ,5.43,AUD
874314,2024-01-27T06:45:34,2024-01-27,253,15,Retail,PayPal,COUPON909-,4.2,AUD
874349,2024-01-27T13:59:19,2024-01-27,313,16,Online,Afterpay,COUPON-Z0-,15.47,AUD
874484,2024-01-27T00:35:03,2024-01-27,736,37,Retail,Afterpay,COUPON---0,11.15,AUD
874506,2024-01-27T13:09:22,2024-01-27,395,4,Online,Afterpay,COUPONZ0Z9,2.35,AUD
874712,2024-01-27T11:44:12,2024-01-27,107,8,Online,PayPal,COUPONZ-0-,17.92,AUD
874735,2024-01-27T02:21:13,2024-01-27,223,4,Online,PayPal,COUPON-A0A,15.49,AUD
875017,2024-01-27T15:23:22,2024-01-27,596,20,Online,Credit Card,COUPONAZ0-,14.8,AUD
875053,2024-01-27T01:36:45,2024-01-27,381,49,Online,PayPal,COUPON-Z99,0.65,AUD
875063,2024-01-27T06:19:40,2024-01-27,137,3,Online,PayPal,COUPON--00,2.87,AUD
875352,2024-01-27T01:06:01,2024-01-27,101,21,Retail,Credit Card,COUPONZ--0,14.9,AUD
875601,2024-01-27T08:10:27,2024-01-27,764,43,Online,PayPal,COUPON09-0,10.23,AUD
875620,2024-01-27T00:08:07,2024-01-27,383,12,Retail,Afterpay,COUPON-9-A,0.43,AUD
875711,2024-01-27T06:06:58,2024-01-27,486,11,Online,Credit Card,COUPON9-00,5.38,AUD
875908,2024-01-27T05:45:20,2024-01-27,650,49,Online,Afterpay,COUPONAA9-,3.42,AUD
875935,2024-01-27T00:08:36,2024-01-27,46,23,Retail,PayPal,COUPON09--,0.01,AUD
876079,2024-01-27T18:20:17,2024-01-27,334,7,Retail,PayPal,COUPON0-AZ,0.11,AUD
876116,2024-01-27T15:30:06,2024-01-27,574,13,Retail,Credit Card,COUPON-0--,2.29,AUD
876127,2024-01-27T07:37:40,2024-01-27,322,25,Online,Afterpay,COUPONZ9A-,13.17,AUD
876151,2024-01-27T14:25:47,2024-01-27,492,9,Online,Credit Card,COUPONZ0-9,10.86,AUD
876172,2024-01-27T02:12:30,2024-01-27,1,5,Retail,Afterpay,COUPON-9-Z,7.46,AUD
876244,2024-01-27T10:35:38,2024-01-27,392,33,Online,PayPal,COUPON----,8.7,AUD
876730,2024-01-27T10:20:53,2024-01-27,735,30,Retail,Credit Card,COUPONA--A,8.8,AUD
876771,2024-01-27T10:52:39,2024-01-27,738,28,Retail,Afterpay,COUPON90--,2.57,AUD
876783,2024-01-27T04:04:46,2024-01-27,45,24,Retail,PayPal,COUPON9ZZZ,13.59,AUD
876790,2024-01-27T07:22:58,2024-01-27,493,29,Retail,Afterpay,COUPON-Z-9,5.35,AUD
876882,2024-01-27T11:40:29,2024-01-27,661,28,Online,Credit Card,COUPON-909,6.2,AUD
876904,2024-01-27T07:47:03,2024-01-27,737,31,Retail,PayPal,COUPON--99,0.37,AUD
876986,2024-01-27T02:02:30,2024-01-27,76,40,Retail,PayPal,COUPONZ-90,7.22,AUD
877031,2024-01-27T07:50:45,2024-01-27,799,40,Retail,Afterpay,COUPONAZ-9,3.26,AUD
877089,2024-01-27T06:30:01,2024-01-27,46,4,Retail,Afterpay,COUPON-9-0,10.74,AUD
877128,2024-01-27T13:38:43,2024-01-27,669,42,Retail,Afterpay,COUPON0-99,7.8,AUD
877131,2024-01-27T00:07:29,2024-01-27,39,6,Online,Afterpay,COUPON-Z-Z,15.34,AUD
877306,2024-01-27T01:18:31,2024-01-27,556,25,Online,Credit Card,COUPONZ---,17.24,AUD
877310,2024-01-27T16:05:53,2024-01-27,192,12,Retail,Afterpay,COUPONA--0,19.32,AUD
877381,2024-01-27T14:25:24,2024-01-27,28,5,Retail,PayPal,COUPONZZ--,7.04,AUD
877530,2024-01-27T22:05:53,2024-01-27,654,15,Retail,Credit Card,COUPONZ0-0,12.99,AUD
877533,2024-01-27T05:34:58,2024-01-27,93,5,Retail,PayPal,COUPON09-A,7.55,AUD
877540,2024-01-27T04:16:03,2024-01-27,168,3,Retail,Credit Card,COUPONA---,12.25,AUD
877661,2024-01-27T20:14:48,2024-01-27,113,12,Retail,Credit Card,COUPON-9-A,1.34,AUD
877933,2024-01-27T04:55:02,2024-01-27,582,46,Retail,Afterpay,COUPONA9Z0,2.35,AUD
877955,2024-01-27T05:00:18,2024-01-27,75,37,Retail,Afterpay,COUPONA0Z0,15.86,AUD
877971,2024-01-27T13:19:08,2024-01-27,524,39,Retail,PayPal,COUPON9-Z-,1.18,AUD
877992,2024-01-27T16:37:44,2024-01-27,156,43,Retail,Afterpay,COUPON--Z0,12.06,AUD
878042,2024-01-27T12:19:54,2024-01-27,446,42,Retail,PayPal,COUPON0A--,9.29,AUD
878099,2024-01-27T08:50:18,2024-01-27,115,20,Retail,Afterpay,COUPONZ0A-,3.1,AUD
878337,2024-01-27T00:00:52,2024-01-27,267,40,Online,PayPal,COUPONZ-9-,1.36,AUD
878534,2024-01-27T01:25:01,2024-01-27,517,5,Online,PayPal,COUPONAA09,10.51,AUD
878996,2024-01-27T19:27:57,2024-01-27,324,39,Retail,PayPal,COUPONZZZA,15.01,AUD
879059,2024-01-27T22:48:31,2024-01-27,707,7,Retail,Credit Card,COUPON0-00,2.8,AUD
879246,2024-01-27T20:29:48,2024-01-27,36,35,Retail,Credit Card,COUPON99-9,18.43,AUD
879435,2024-01-27T01:56:36,2024-01-27,386,4,Retail,Afterpay,COUPON-A0Z,16.42,AUD
879605,2024-01-27T18:59:45,2024-01-27,121,23,Retail,Credit Card,COUPON--Z9,13.19,AUD
879623,2024-01-27T23:20:27,2024-01-27,511,21,Retail,PayPal,COUPONA---,18.99,AUD
879658,2024-01-27T13:37:40,2024-01-27,190,7,Retail,PayPal,COUPONA0ZZ,14.61,AUD
879728,2024-01-27T08:22:29,2024-01-27,163,22,Retail,Credit Card,COUPON0--A,11.08,AUD
880056,2024-01-27T01:52:51,2024-01-27,95,28,Online,Credit Card,COUPON--Z9,17.89,AUD
880357,2024-01-27T17:40:38,2024-01-27,26,15,Retail,Afterpay,COUPON00--,2.17,AUD
880407,2024-01-27T07:52:49,2024-01-27,535,44,Retail,Afterpay,COUPON--ZZ,9.0,AUD
880442,2024-01-27T06:55:07,2024-01-27,61,32,Online,PayPal,COUPONZ9ZZ,17.53,AUD
880463,2024-01-27T04:10:15,2024-01-27,742,41,Online,Credit Card,COUPONZ--A,19.06,AUD
880491,2024-01-27T23:44:28,2024-01-27,691,37,Online,Afterpay,COUPON99A9,4.18,AUD
880510,2024-01-27T01:25:32,2024-01-27,795,43,Online,PayPal,COUPON-9Z-,3.52,AUD
881052,2024-01-27T19:04:53,2024-01-27,500,21,Retail,Afterpay,COUPONZAZ-,9.95,AUD
881143,2024-01-27T06:49:35,2024-01-27,351,9,Online,PayPal,COUPON-0A-,6.59,AUD
881240,2024-01-27T00:24:23,2024-01-27,127,38,Retail,Credit Card,COUPON9Z0-,11.0,AUD
881368,2024-01-27T22:52:02,2024-01-27,431,26,Online,Credit Card,COUPON-00-,10.56,AUD
881383,2024-01-27T10:26:33,2024-01-27,653,22,Retail,Afterpay,COUPONAA9A,16.68,AUD
881565,2024-01-27T21:14:17,2024-01-27,456,29,Online,PayPal,COUPON-9A-,4.94,AUD
881591,2024-01-27T13:09:55,2024-01-27,461,21,Online,Afterpay,COUPON9Z90,18.24,AUD
881598,2024-01-27T14:07:34,2024-01-27,500,42,Retail,PayPal,COUPON0-A-,7.43,AUD
881686,2024-01-27T09:10:30,2024-01-27,609,31,Retail,Credit Card,COUPON0A--,6.79,AUD
881708,2024-01-27T07:39:20,2024-01-27,501,38,Retail,PayPal,COUPONA90Z,1.78,AUD
881975,2024-01-27T07:29:08,2024-01-27,701,12,Retail,PayPal,COUPON-A0-,3.86,AUD
882103,2024-01-27T08:56:30,2024-01-27,611,27,Online,Credit Card,COUPON9--A,16.2,AUD
882175,2024-01-27T04:55:26,2024-01-27,504,37,Retail,Afterpay,COUPONA0-Z,13.29,AUD
882310,2024-01-27T22:55:51,2024-01-27,372,18,Online,Afterpay,COUPON90A-,7.43,AUD
882465,2024-01-27T08:39:03,2024-01-27,324,45,Retail,Credit Card,COUPONZZ90,7.92,AUD
882484,2024-01-27T20:34:00,2024-01-27,266,22,Online,PayPal,COUPON0A--,9.2,AUD
882553,2024-01-27T12:34:43,2024-01-27,677,30,Online,Credit Card,COUPONZZZ0,18.32,AUD
882649,2024-01-27T17:17:22,2024-01-27,503,30,Retail,Afterpay,COUPON--Z0,0.8,AUD
882740,2024-01-27T21:01:51,2024-01-27,632,43,Online,PayPal,COUPONZ-Z-,12.07,AUD
882791,2024-01-27T06:20:31,2024-01-27,669,36,Online,Credit Card,COUPON00--,14.61,AUD
882842,2024-01-27T17:43:18,2024-01-27,699,27,Retail,PayPal,COUPON-A-9,13.53,AUD
883026,2024-01-27T04:17:35,2024-01-27,494,11,Retail,Credit Card,COUPON0--9,3.84,AUD
883277,2024-01-27T10:49:28,2024-01-27,230,6,Retail,PayPal,COUPONA0-Z,5.44,AUD
883454,2024-01-27T20:14:03,2024-01-27,600,40,Retail,Afterpay,COUPON-Z9Z,13.65,AUD
883459,2024-01-27T03:25:25,2024-01-27,260,43,Retail,PayPal,COUPONZZ-0,7.16,AUD
883475,2024-01-27T07:30:59,2024-01-27,342,14,Online,PayPal,COUPON0A--,9.21,AUD
883503,2024-01-27T04:14:42,2024-01-27,568,6,Online,Afterpay,COUPON9-90,8.29,AUD
883615,2024-01-27T02:44:13,2024-01-27,643,32,Retail,Credit Card,COUPONZ09-,10.54,AUD
883712,2024-01-27T03:09:17,2024-01-27,747,29,Online,Credit Card,COUPON9-Z0,16.81,AUD
883769,2024-01-27T08:32:22,2024-01-27,632,38,Online,Credit Card,COUPON0Z--,11.2,AUD
883879,2024-01-27T22:15:29,2024-01-27,76,36,Retail,PayPal,COUPONA-AA,10.86,AUD
883954,2024-01-27T01:27:57,2024-01-27,614,10,Online,Credit Card,COUPON---0,15.72,AUD
883992,2024-01-27T14:19:26,2024-01-27,272,42,Retail,Credit Card,COUPON0Z-9,13.93,AUD
884085,2024-01-27T23:38:55,2024-01-27,122,34,Retail,Credit Card,COUPON--0-,1.4,AUD
884173,2024-01-27T15:24:55,2024-01-27,741,5,Online,PayPal,COUPON-Z-Z,10.72,AUD
884244,2024-01-27T02:55:52,2024-01-27,327,23,Online,Credit Card,COUPON99Z9,1.4,AUD
884459,2024-01-27T00:37:58,2024-01-27,768,6,Retail,Credit Card,COUPON9A-A,0.32,AUD
884471,2024-01-27T19:10:11,2024-01-27,132,34,Retail,Afterpay,COUPON90ZA,12.23,AUD
884770,2024-01-27T01:47:48,2024-01-27,392,1,Retail,Afterpay,COUPON9ZA0,10.39,AUD
884795,2024-01-27T14:28:42,2024-01-27,94,25,Retail,PayPal,COUPON--AA,15.61,AUD
884834,2024-01-27T07:04:11,2024-01-27,166,9,Online,Credit Card,COUPON--Z-,6.83,AUD
884858,2024-01-27T19:06:31,2024-01-27,301,35,Online,Afterpay,COUPON9ZAZ,3.21,AUD
884888,2024-01-27T01:24:38,2024-01-27,48,46,Online,PayPal,COUPONA9--,1.85,AUD
885024,2024-01-27T05:23:27,2024-01-27,566,43,Retail,Afterpay,COUPONZZ-Z,9.06,AUD
885326,2024-01-27T17:12:30,2024-01-27,142,5,Retail,PayPal,COUPON--9-,0.67,AUD
885521,2024-01-27T11:10:29,2024-01-27,351,47,Retail,PayPal,COUPONZ09-,19.05,AUD
885560,2024-01-27T07:58:31,2024-01-27,29,40,Online,Afterpay,COUPONA0-A,5.7,AUD
885648,2024-01-27T12:11:42,2024-01-27,583,43,Online,PayPal,COUPONAA-0,10.25,AUD
885728,2024-01-27T19:42:36,2024-01-27,724,33,Online,PayPal,COUPONZ999,17.86,AUD
885752,2024-01-27T22:43:55,2024-01-27,343,23,Online,PayPal,COUPONZ---,9.47,AUD
885784,2024-01-27T04:27:40,2024-01-27,291,6,Retail,Credit Card,COUPONZ9-9,11.8,AUD
885956,2024-01-27T18:42:08,2024-01-27,717,29,Online,Credit Card,COUPON-09-,14.87,AUD
886006,2024-01-27T10:48:49,2024-01-27,272,40,Retail,Afterpay,COUPON---A,17.59,AUD
886027,2024-01-27T12:18:17,2024-01-27,271,47,Online,Afterpay,COUPONAZ09,19.05,AUD
886230,2024-01-27T19:59:22,2024-01-27,685,36,Retail,Credit Card,COUPON-A-9,1.64,AUD
886233,2024-01-27T22:55:24,2024-01-27,618,34,Retail,Credit Card,COUPON-909,18.51,AUD
886384,2024-01-27T02:12:41,2024-01-27,655,24,Retail,Credit Card,COUPON-AZ-,11.01,AUD
886452,2024-01-27T19:35:59,2024-01-27,766,15,Retail,Credit Card,COUPON00--,17.2,AUD
886489,2024-01-27T00:17:10,2024-01-27,741,23,Online,Credit Card,COUPON0--0,9.85,AUD
886618,2024-01-27T13:38:30,2024-01-27,384,23,Retail,Afterpay,COUPON-0Z-,19.06,AUD
886692,2024-01-27T10:47:56,2024-01-27,700,24,Retail,PayPal,COUPON9-AZ,19.35,AUD
886783,2024-01-27T20:32:21,2024-01-27,382,25,Online,Afterpay,COUPON0--A,13.3,AUD
886787,2024-01-27T06:57:18,2024-01-27,192,27,Retail,Afterpay,COUPON-AAA,18.4,AUD
886793,2024-01-27T17:49:40,2024-01-27,636,8,Retail,Credit Card,COUPON--90,13.25,AUD
886831,2024-01-27T13:25:58,2024-01-27,248,26,Online,PayPal,COUPON-0--,13.63,AUD
886860,2024-01-27T04:58:52,2024-01-27,503,17,Retail,Afterpay,COUPON-ZZ-,11.1,AUD
887030,2024-01-27T06:09:41,2024-01-27,432,47,Retail,PayPal,COUPONA9ZZ,9.77,AUD
887031,2024-01-27T14:22:12,2024-01-27,331,4,Online,Credit Card,COUPON-Z-0,16.16,AUD
887168,2024-01-27T07:30:27,2024-01-27,702,37,Retail,Afterpay,COUPON-09A,9.97,AUD
887243,2024-01-27T05:13:43,2024-01-27,463,19,Retail,PayPal,COUPON0-Z9,17.11,AUD
887518,2024-01-27T00:19:15,2024-01-27,155,45,Online,PayPal,COUPON-9AZ,5.86,AUD
887570,2024-01-27T23:28:24,2024-01-27,686,49,Retail,Afterpay,COUPON---A,6.38,AUD
887807,2024-01-27T19:16:59,2024-01-27,164,41,Retail,Afterpay,COUPON0A0Z,5.89,AUD
887822,2024-01-27T08:59:11,2024-01-27,376,5,Online,Credit Card,COUPON9-0A,6.93,AUD
887983,2024-01-27T00:35:33,2024-01-27,108,2,Online,Afterpay,COUPONZ9-0,0.4,AUD
888110,2024-01-27T15:05:53,2024-01-27,712,1,Retail,Afterpay,COUPON9A0-,4.09,AUD
888241,2024-01-27T09:01:41,2024-01-27,3,23,Online,Afterpay,COUPON990-,5.02,AUD
888284,2024-01-27T01:50:25,2024-01-27,108,23,Retail,PayPal,COUPON--0-,8.55,AUD
888346,2024-01-27T08:38:40,2024-01-27,226,4,Retail,PayPal,COUPONA0--,0.78,AUD
888353,2024-01-27T19:04:40,2024-01-27,246,18,Retail,Afterpay,COUPONZ--A,14.43,AUD
888409,2024-01-27T08:20:13,2024-01-27,522,35,Online,Credit Card,COUPON9Z-Z,3.67,AUD
888693,2024-01-27T09:43:43,2024-01-27,476,14,Online,Credit Card,COUPON----,13.09,AUD
888883,2024-01-27T18:12:41,2024-01-27,326,6,Retail,Afterpay,COUPON9099,7.1,AUD
888949,2024-01-27T23:10:01,2024-01-27,169,41,Retail,Credit Card,COUPON90A-,17.73,AUD
889230,2024-01-27T23:25:11,2024-01-27,559,35,Online,PayPal,COUPON0--A,5.41,AUD
889266,2024-01-27T18:56:02,2024-01-27,271,6,Retail,Credit Card,COUPONA-A0,11.23,AUD
889347,2024-01-27T23:31:49,2024-01-27,235,2,Online,PayPal,COUPON0--Z,2.03,AUD
889396,2024-01-27T14:03:42,2024-01-27,254,14,Online,PayPal,COUPONZZ-0,4.03,AUD
889451,2024-01-27T21:32:04,2024-01-27,231,19,Retail,PayPal,COUPON9000,6.3,AUD
889453,2024-01-27T18:44:51,2024-01-27,277,10,Online,Afterpay,COUPON9-Z-,13.65,AUD
889462,2024-01-27T02:38:20,2024-01-27,551,31,Retail,Credit Card,COUPON90-Z,18.28,AUD
889530,2024-01-27T02:37:57,2024-01-27,604,40,Retail,Credit Card,COUPON9-0Z,13.14,AUD
889547,2024-01-27T19:14:05,2024-01-27,671,31,Online,PayPal,COUPONZA0Z,10.15,AUD
889568,2024-01-27T22:32:16,2024-01-27,20,36,Retail,Afterpay,COUPONA-0A,17.49,AUD
889578,2024-01-27T21:33:28,2024-01-27,602,9,Retail,PayPal,COUPONAAZ0,16.63,AUD
889593,2024-01-27T02:46:30,2024-01-27,177,28,Retail,Afterpay,COUPON--A-,14.63,AUD
889626,2024-01-27T12:44:22,2024-01-27,78,16,Retail,Afterpay,COUPON9-0-,2.21,AUD
889637,2024-01-27T17:56:08,2024-01-27,620,42,Retail,PayPal,COUPONZ0-9,7.65,AUD
889778,2024-01-27T06:59:57,2024-01-27,129,28,Retail,Afterpay,COUPON-Z--,8.36,AUD
889864,2024-01-27T02:59:25,2024-01-27,648,39,Online,PayPal,COUPONA999,19.09,AUD
889879,2024-01-27T07:49:08,2024-01-27,469,29,Retail,Afterpay,COUPON9--0,12.91,AUD
889966,2024-01-27T01:19:23,2024-01-27,168,18,Retail,Afterpay,COUPON-A-Z,3.72,AUD
890052,2024-01-27T15:27:33,2024-01-27,334,37,Retail,PayPal,COUPONA-A0,9.84,AUD
890053,2024-01-27T13:19:25,2024-01-27,554,46,Retail,PayPal,COUPONZ-AA,11.37,AUD
890114,2024-01-27T14:34:48,2024-01-27,623,11,Retail,Afterpay,COUPON--00,13.17,AUD
890161,2024-01-27T14:06:19,2024-01-27,475,13,Online,Afterpay,COUPONA-00,17.35,AUD
890214,2024-01-27T16:41:52,2024-01-27,504,11,Retail,Credit Card,COUPONA-9-,16.59,AUD
890232,2024-01-27T02:45:59,2024-01-27,556,15,Online,PayPal,COUPON0ZZA,8.79,AUD
890611,2024-01-27T23:13:29,2024-01-27,691,18,Online,PayPal,COUPON9-9A,1.19,AUD
890624,2024-01-27T01:38:08,2024-01-27,418,30,Online,Credit Card,COUPON-A-Z,11.22,AUD
890660,2024-01-27T22:43:13,2024-01-27,248,24,Retail,Afterpay,COUPON-09Z,13.78,AUD
890787,2024-01-27T17:56:56,2024-01-27,400,19,Online,Afterpay,COUPONA-AA,17.07,AUD
890897,2024-01-27T01:45:44,2024-01-27,503,49,Retail,PayPal,COUPON00AA,2.24,AUD
891259,2024-01-27T15:11:25,2024-01-27,209,34,Retail,Afterpay,COUPON-AZ-,1.39,AUD
891300,2024-01-27T10:21:30,2024-01-27,391,19,Retail,Afterpay,COUPON9AZ-,6.02,AUD
891339,2024-01-27T21:06:42,2024-01-27,548,41,Retail,PayPal,COUPONZZZZ,4.19,AUD
891381,2024-01-27T04:28:41,2024-01-27,791,14,Online,Afterpay,COUPON09A-,19.64,AUD
891382,2024-01-27T18:38:09,2024-01-27,251,23,Online,Credit Card,COUPONAZZ-,12.91,AUD
891395,2024-01-27T14:22:21,2024-01-27,63,40,Online,Credit Card,COUPON9A0-,6.73,AUD
891505,2024-01-27T17:35:23,2024-01-27,530,13,Online,PayPal,COUPONZ00-,4.71,AUD
891775,2024-01-27T14:55:00,2024-01-27,25,9,Online,PayPal,COUPON---Z,2.67,AUD
891902,2024-01-27T19:42:35,2024-01-27,546,4,Retail,Credit Card,COUPON--9-,7.65,AUD
891929,2024-01-27T03:18:20,2024-01-27,395,35,Online,Afterpay,COUPONA9Z-,5.36,AUD
891994,2024-01-27T14:25:32,2024-01-27,68,42,Retail,Afterpay,COUPONA-9-,2.59,AUD
892033,2024-01-27T00:52:38,2024-01-27,1,47,Retail,PayPal,COUPON9A0Z,1.12,AUD
892132,2024-01-27T13:44:38,2024-01-27,170,37,Retail,Afterpay,COUPON90A-,3.65,AUD
892173,2024-01-27T15:27:32,2024-01-27,251,25,Retail,Credit Card,COUPON9-9-,7.65,AUD
892308,2024-01-27T07:40:18,2024-01-27,658,2,Online,Credit Card,COUPON9AA-,14.9,AUD
892338,2024-01-27T03:08:41,2024-01-27,70,15,Online,PayPal,COUPON990Z,7.04,AUD
892469,2024-01-27T01:45:06,2024-01-27,243,33,Retail,Credit Card,COUPON9ZZZ,19.96,AUD
892531,2024-01-27T04:16:22,2024-01-27,100,19,Online,Credit Card,COUPON-9-Z,2.07,AUD
892615,2024-01-27T16:03:52,2024-01-27,503,10,Online,Afterpay,COUPON0Z0Z,19.12,AUD
892666,2024-01-27T14:00:10,2024-01-27,18,48,Online,Afterpay,COUPONZZ0-,4.32,AUD
892668,2024-01-27T18:37:52,2024-01-27,205,14,Retail,Afterpay,COUPON0090,18.54,AUD
892683,2024-01-27T00:45:52,2024-01-27,210,28,Retail,PayPal,COUPON00--,9.7,AUD
892767,2024-01-27T14:30:05,2024-01-27,179,19,Retail,Afterpay,COUPONZ0Z-,10.08,AUD
892888,2024-01-27T09:25:30,2024-01-27,623,33,Online,PayPal,COUPON-A0Z,18.57,AUD
893080,2024-01-27T12:33:24,2024-01-27,467,36,Online,Afterpay,COUPON09AA,17.44,AUD
893190,2024-01-27T04:04:15,2024-01-27,661,47,Online,Afterpay,COUPONZ9Z-,18.54,AUD
893239,2024-01-27T08:32:55,2024-01-27,251,15,Retail,Credit Card,COUPONZ90-,13.15,AUD
893274,2024-01-27T01:35:51,2024-01-27,575,12,Online,Credit Card,COUPON990A,11.41,AUD
893381,2024-01-27T18:25:59,2024-01-27,623,34,Retail,Afterpay,COUPON-A-A,10.56,AUD
893447,2024-01-27T01:15:55,2024-01-27,767,16,Retail,PayPal,COUPON-00-,7.03,AUD
893554,2024-01-27T09:10:43,2024-01-27,745,17,Retail,Credit Card,COUPON0-9Z,12.71,AUD
893580,2024-01-27T09:02:27,2024-01-27,684,24,Retail,PayPal,COUPON-9ZZ,13.55,AUD
893673,2024-01-27T02:39:57,2024-01-27,224,42,Retail,Credit Card,COUPONA-ZZ,19.4,AUD
893826,2024-01-27T21:30:53,2024-01-27,791,4,Online,Credit Card,COUPON9Z--,10.96,AUD
893863,2024-01-27T06:08:34,2024-01-27,479,27,Online,Credit Card,COUPON-90Z,18.28,AUD
893877,2024-01-27T10:58:34,2024-01-27,252,15,Online,Credit Card,COUPON-99Z,17.32,AUD
894097,2024-01-27T09:19:49,2024-01-27,9,1,Retail,Credit Card,COUPON--Z0,5.96,AUD
894228,2024-01-27T15:28:27,2024-01-27,741,41,Online,Afterpay,COUPON---0,7.34,AUD
894251,2024-01-27T12:38:41,2024-01-27,317,43,Online,Afterpay,COUPON9-ZA,2.75,AUD
894275,2024-01-27T11:40:24,2024-01-27,253,16,Online,PayPal,COUPONZZ--,4.84,AUD
894572,2024-01-27T00:17:07,2024-01-27,188,15,Retail,Credit Card,COUPON9A0A,9.39,AUD
894829,2024-01-27T13:48:50,2024-01-27,558,18,Retail,Afterpay,COUPON--0-,5.82,AUD
894895,2024-01-27T06:52:38,2024-01-27,668,43,Retail,PayPal,COUPON-0-A,12.21,AUD
894914,2024-01-27T13:55:45,2024-01-27,737,32,Retail,Afterpay,COUPONA-AA,14.95,AUD
894916,2024-01-27T09:45:12,2024-01-27,363,7,Retail,Afterpay,COUPON-0-0,7.57,AUD
894946,2024-01-27T08:53:40,2024-01-27,264,43,Online,Credit Card,COUPON--0Z,6.25,AUD
894952,2024-01-27T06:04:13,2024-01-27,61,49,Online,Credit Card,COUPONA0-9,17.31,AUD
895048,2024-01-27T22:43:38,2024-01-27,373,9,Retail,PayPal,COUPON-AA0,9.81,AUD
895124,2024-01-27T20:59:03,2024-01-27,140,28,Retail,PayPal,COUPON--09,1.19,AUD
895266,2024-01-27T15:38:57,2024-01-27,577,46,Retail,Afterpay,COUPON9Z-A,13.51,AUD
895301,2024-01-27T21:40:07,2024-01-27,131,26,Online,Credit Card,COUPON----,5.38,AUD
895308,2024-01-27T05:43:53,2024-01-27,260,17,Online,PayPal,COUPON-Z9A,16.68,AUD
895349,2024-01-27T19:43:05,2024-01-27,699,36,Retail,PayPal,COUPONA---,2.31,AUD
895480,2024-01-27T17:36:12,2024-01-27,139,11,Online,PayPal,COUPON90Z-,7.95,AUD
895575,2024-01-27T22:39:12,2024-01-27,770,16,Online,Credit Card,COUPON-Z-0,6.69,AUD
895592,2024-01-27T14:39:18,2024-01-27,669,5,Online,Afterpay,COUPON0AZ-,10.21,AUD
895624,2024-01-27T15:00:03,2024-01-27,642,15,Online,Credit Card,COUPON--Z0,9.92,AUD
895775,2024-01-27T07:08:24,2024-01-27,674,23,Online,PayPal,COUPONZ0--,5.79,AUD
895850,2024-01-27T17:15:44,2024-01-27,423,38,Retail,PayPal,COUPON-AZ-,10.85,AUD
895871,2024-01-27T23:58:22,2024-01-27,93,29,Retail,Credit Card,COUPON0Z0Z,12.31,AUD
895896,2024-01-27T23:22:53,2024-01-27,473,31,Online,Credit Card,COUPON900A,16.73,AUD
895907,2024-01-27T09:35:30,2024-01-27,612,14,Retail,Afterpay,COUPON0-99,9.33,AUD
896311,2024-01-27T06:32:38,2024-01-27,634,15,Online,Credit Card,COUPON--Z9,10.55,AUD
896314,2024-01-27T06:06:40,2024-01-27,199,42,Online,Afterpay,COUPON9-90,8.65,AUD
896339,2024-01-27T07:53:56,2024-01-27,715,25,Retail,PayPal,COUPON-0-Z,5.14,AUD
896380,2024-01-27T22:10:11,2024-01-27,437,17,Online,Credit Card,COUPONA-A9,0.28,AUD
896397,2024-01-27T13:38:19,2024-01-27,562,35,Online,Credit Card,COUPON---Z,17.45,AUD
896483,2024-01-27T01:12:40,2024-01-27,624,21,Online,Credit Card,COUPON--0-,15.39,AUD
896553,2024-01-27T23:24:38,2024-01-27,795,30,Retail,Credit Card,COUPON0--A,7.49,AUD
896626,2024-01-27T16:41:23,2024-01-27,462,7,Online,PayPal,COUPON-0-A,7.25,AUD
896979,2024-01-27T00:25:23,2024-01-27,766,29,Online,PayPal,COUPON--00,9.05,AUD
897203,2024-01-27T11:38:12,2024-01-27,479,15,Retail,Afterpay,COUPONA0--,11.61,AUD
897206,2024-01-27T00:39:08,2024-01-27,195,17,Online,Credit Card,COUPON-A0-,9.47,AUD
897232,2024-01-27T11:03:07,2024-01-27,185,7,Online,Credit Card,COUPONZ-90,12.75,AUD
897236,2024-01-27T05:04:03,2024-01-27,705,13,Online,PayPal,COUPONZ9--,5.66,AUD
897357,2024-01-27T14:50:08,2024-01-27,384,20,Retail,PayPal,COUPON----,14.54,AUD
897512,2024-01-27T05:14:54,2024-01-27,207,38,Online,Afterpay,COUPON9-A9,7.01,AUD
897632,2024-01-27T15:22:06,2024-01-27,403,13,Online,Afterpay,COUPON-000,8.24,AUD
897648,2024-01-27T01:22:33,2024-01-27,260,13,Online,PayPal,COUPONA0A-,7.83,AUD
897875,2024-01-27T05:41:06,2024-01-27,429,49,Retail,Credit Card,COUPONA09A,6.81,AUD
897917,2024-01-27T23:22:27,2024-01-27,315,30,Online,Afterpay,COUPONA0-A,0.42,AUD
898172,2024-01-27T11:31:59,2024-01-27,261,9,Online,Credit Card,COUPON0-Z-,6.94,AUD
898208,2024-01-27T21:41:44,2024-01-27,350,49,Retail,Afterpay,COUPON0-9-,4.41,AUD
898459,2024-01-27T20:43:59,2024-01-27,597,16,Retail,PayPal,COUPON9A9-,9.36,AUD
898595,2024-01-27T22:48:35,2024-01-27,48,28,Online,Afterpay,COUPONZAZ0,7.79,AUD
898723,2024-01-27T04:06:36,2024-01-27,661,20,Retail,Afterpay,COUPON--Z-,17.15,AUD
898790,2024-01-27T01:00:21,2024-01-27,742,9,Retail,Credit Card,COUPON--AA,15.46,AUD
898833,2024-01-27T18:48:47,2024-01-27,446,40,Online,PayPal,COUPON---A,15.9,AUD
898969,2024-01-27T05:55:15,2024-01-27,437,41,Online,Credit Card,COUPON-900,10.81,AUD
898979,2024-01-27T19:49:43,2024-01-27,373,23,Retail,Afterpay,COUPON-A--,2.69,AUD
899001,2024-01-27T18:45:02,2024-01-27,617,9,Online,Credit Card,COUPONA-Z9,3.62,AUD
899041,2024-01-27T12:35:35,2024-01-27,465,41,Retail,Afterpay,COUPONA00-,15.01,AUD
899111,2024-01-27T00:01:31,2024-01-27,487,17,Online,PayPal,COUPON-A9-,0.18,AUD
899149,2024-01-27T14:27:12,2024-01-27,376,40,Online,PayPal,COUPONA0--,4.39,AUD
899183,2024-01-27T22:00:08,2024-01-27,593,15,Online,PayPal,COUPONA---,0.78,AUD
899196,2024-01-27T02:55:04,2024-01-27,696,48,Online,Afterpay,COUPON9A--,9.0,AUD
899204,2024-01-27T01:54:38,2024-01-27,245,23,Online,Afterpay,COUPON99ZZ,17.19,AUD
899268,2024-01-27T10:11:06,2024-01-27,503,6,Online,PayPal,COUPON---A,5.1,AUD
899361,2024-01-27T15:29:57,2024-01-27,576,44,Online,Credit Card,COUPON0Z--,15.6,AUD
899393,2024-01-27T22:49:15,2024-01-27,641,24,Retail,Credit Card,COUPON0009,6.33,AUD
899641,2024-01-27T07:10:27,2024-01-27,7,32,Online,Credit Card,COUPONA--Z,7.8,AUD
899781,2024-01-27T08:40:29,2024-01-27,727,10,Retail,Credit Card,COUPONA-9-,4.17,AUD
899912,2024-01-27T10:04:34,2024-01-27,762,38,Retail,Credit Card,COUPON0-9-,7.18,AUD
899978,2024-01-27T03:01:38,2024-01-27,483,1,Online,PayPal,COUPON--AA,9.38,AUD
899984,2024-01-27T06:22:56,2024-01-27,89,14,Retail,Credit Card,COUPON-AA-,18.08,AUD
900002,2024-01-27T10:28:33,2024-01-27,471,11,Online,Credit Card,COUPON0A-Z,5.05,AUD
900028,2024-01-27T00:43:03,2024-01-27,759,20,Retail,Afterpay,COUPON---9,2.89,AUD
900040,2024-01-27T20:08:19,2024-01-27,26,46,Online,Afterpay,COUPON-0--,6.54,AUD
900063,2024-01-27T17:42:06,2024-01-27,149,27,Retail,Afterpay,COUPON-0A9,12.33,AUD
900099,2024-01-27T23:43:36,2024-01-27,35,30,Online,PayPal,COUPONAA-Z,16.07,AUD
900173,2024-01-27T17:54:12,2024-01-27,264,2,Retail,PayPal,COUPONZ-9A,14.61,AUD
900339,2024-01-27T08:38:11,2024-01-27,546,38,Online,PayPal,COUPON--Z-,5.8,AUD
900482,2024-01-27T18:57:43,2024-01-27,559,38,Retail,Afterpay,COUPON-AA-,10.42,AUD
900795,2024-01-27T18:26:26,2024-01-27,347,4,Online,PayPal,COUPON900-,7.51,AUD
900860,2024-01-27T19:07:30,2024-01-27,114,1,Online,Afterpay,COUPON-Z0-,12.92,AUD
900907,2024-01-27T00:51:41,2024-01-27,409,1,Online,PayPal,COUPON-9ZA,17.79,AUD
900983,2024-01-27T03:40:32,2024-01-27,7,16,Online,PayPal,COUPON09AZ,19.45,AUD
901213,2024-01-27T11:48:36,2024-01-27,275,28,Retail,PayPal,COUPONZA-0,10.68,AUD
901249,2024-01-27T12:01:29,2024-01-27,638,19,Online,PayPal,COUPON0-AA,8.05,AUD
901295,2024-01-27T03:28:27,2024-01-27,569,23,Retail,PayPal,COUPONZZZ9,12.38,AUD
901296,2024-01-27T04:26:42,2024-01-27,418,31,Retail,Afterpay,COUPONAZZ9,8.68,AUD
901310,2024-01-27T11:30:05,2024-01-27,552,28,Retail,Afterpay,COUPONA--9,2.75,AUD
901356,2024-01-27T23:03:52,2024-01-27,753,6,Online,Afterpay,COUPONA-99,9.25,AUD
901386,2024-01-27T21:04:34,2024-01-27,117,3,Retail,PayPal,COUPONZZ9Z,14.02,AUD
901410,2024-01-27T09:49:30,2024-01-27,423,25,Retail,Afterpay,COUPON-0ZZ,15.31,AUD
901418,2024-01-27T19:57:28,2024-01-27,202,30,Retail,PayPal,COUPONZ9--,8.8,AUD
901617,2024-01-27T13:33:54,2024-01-27,172,44,Retail,PayPal,COUPON0-Z-,4.71,AUD
901875,2024-01-27T13:27:29,2024-01-27,430,11,Retail,PayPal,COUPON9A90,0.23,AUD
901891,2024-01-27T02:05:00,2024-01-27,452,34,Retail,Afterpay,COUPON-000,4.94,AUD
901909,2024-01-27T16:15:00,2024-01-27,524,16,Online,PayPal,COUPON99-9,0.75,AUD
902131,2024-01-27T10:40:37,2024-01-27,16,31,Retail,Afterpay,COUPONA-AA,18.27,AUD
902186,2024-01-27T10:23:53,2024-01-27,75,19,Retail,Credit Card,COUPONZZ09,10.25,AUD
902589,2024-01-27T04:48:16,2024-01-27,678,2,Retail,PayPal,COUPONZ-9-,15.11,AUD
902695,2024-01-27T08:44:05,2024-01-27,159,13,Online,Afterpay,COUPON-A-A,10.56,AUD
902985,2024-01-27T12:27:16,2024-01-27,95,28,Retail,Afterpay,COUPONZ-9A,2.1,AUD
903172,2024-01-27T17:26:07,2024-01-27,581,34,Retail,Credit Card,COUPONZ0A0,14.46,AUD
903212,2024-01-27T21:48:36,2024-01-27,220,30,Retail,Afterpay,COUPON-A-A,15.56,AUD
903270,2024-01-27T01:15:52,2024-01-27,261,18,Online,Afterpay,COUPON9A-0,16.87,AUD
903365,2024-01-27T23:43:40,2024-01-27,562,22,Retail,PayPal,COUPON9-Z0,1.41,AUD
903515,2024-01-27T23:23:39,2024-01-27,322,26,Online,PayPal,COUPONA09-,17.65,AUD
903583,2024-01-27T02:35:12,2024-01-27,44,40,Retail,Credit Card,COUPON0AA-,3.26,AUD
903610,2024-01-27T15:54:49,2024-01-27,198,5,Retail,Afterpay,COUPON----,5.96,AUD
903616,2024-01-27T12:03:31,2024-01-27,345,29,Online,PayPal,COUPON-9-9,6.76,AUD
903701,2024-01-27T08:32:21,2024-01-27,751,21,Online,Credit Card,COUPON900A,8.46,AUD
903949,2024-01-27T06:21:44,2024-01-27,500,4,Retail,PayPal,COUPON----,12.98,AUD
904133,2024-01-27T02:05:33,2024-01-27,74,1,Online,PayPal,COUPONA--0,9.29,AUD
904339,2024-01-27T19:22:00,2024-01-27,59,24,Retail,Afterpay,COUPON09Z9,19.92,AUD
904567,2024-01-27T04:29:54,2024-01-27,699,35,Retail,Credit Card,COUPONZ9-0,16.16,AUD
904581,2024-01-27T19:17:53,2024-01-27,50,23,Retail,Credit Card,COUPON9Z-0,3.37,AUD
904584,2024-01-27T03:31:46,2024-01-27,73,15,Retail,Credit Card,COUPON-Z-Z,14.41,AUD
904664,2024-01-27T00:30:56,2024-01-27,789,9,Retail,PayPal,COUPONZZZA,8.36,AUD
904794,2024-01-27T03:19:05,2024-01-27,55,39,Retail,Afterpay,COUPONZA-9,17.39,AUD
904959,2024-01-27T20:37:18,2024-01-27,631,6,Retail,Credit Card,COUPON09A-,15.56,AUD
905036,2024-01-27T06:22:29,2024-01-27,606,19,Retail,Credit Card,COUPON-9Z9,14.35,AUD
905087,2024-01-27T20:33:11,2024-01-27,24,25,Online,Afterpay,COUPON0A--,7.45,AUD
905186,2024-01-27T13:39:24,2024-01-27,793,23,Retail,PayPal,COUPON0000,19.91,AUD
905499,2024-01-27T03:01:06,2024-01-27,139,22,Retail,PayPal,COUPONA--Z,7.85,AUD
905524,2024-01-27T08:02:13,2024-01-27,283,44,Retail,Credit Card,COUPONZ0A-,2.57,AUD
905544,2024-01-27T07:58:28,2024-01-27,698,34,Online,Credit Card,COUPON99Z-,17.29,AUD
905573,2024-01-27T11:13:43,2024-01-27,467,35,Online,Afterpay,COUPON00Z9,8.67,AUD
905813,2024-01-27T21:54:51,2024-01-27,496,15,Retail,Credit Card,COUPON-0ZA,8.14,AUD
905841,2024-01-27T06:34:31,2024-01-27,550,48,Online,PayPal,COUPON-09-,9.34,AUD
905926,2024-01-27T03:19:55,2024-01-27,57,5,Retail,Credit Card,COUPON0A00,12.86,AUD
905973,2024-01-27T07:15:35,2024-01-27,165,3,Online,Afterpay,COUPON-Z-0,10.32,AUD
905993,2024-01-27T13:24:54,2024-01-27,334,33,Online,Afterpay,COUPON9A0-,8.21,AUD
906101,2024-01-27T09:41:08,2024-01-27,10,44,Retail,Afterpay,COUPON-0-0,6.67,AUD
906151,2024-01-27T07:41:56,2024-01-27,64,22,Online,Afterpay,COUPONAZ-9,19.08,AUD
906193,2024-01-27T01:06:50,2024-01-27,379,41,Retail,Afterpay,COUPON9A90,0.52,AUD
906278,2024-01-27T08:31:08,2024-01-27,309,31,Online,PayPal,COUPONZ0Z-,15.11,AUD
906462,2024-01-27T15:24:30,2024-01-27,441,3,Retail,Credit Card,COUPON-A90,4.54,AUD
906463,2024-01-27T09:30:41,2024-01-27,605,17,Retail,Afterpay,COUPON-90-,15.6,AUD
906557,2024-01-27T20:57:58,2024-01-27,699,33,Retail,Afterpay,COUPONA9-0,4.9,AUD
906600,2024-01-27T20:17:48,2024-01-27,729,34,Online,PayPal,COUPON--Z0,16.81,AUD
906710,2024-01-27T18:46:54,2024-01-27,425,16,Online,Credit Card,COUPON9--9,6.55,AUD
906745,2024-01-27T20:20:28,2024-01-27,201,11,Online,PayPal,COUPON---A,19.3,AUD
906875,2024-01-27T20:42:22,2024-01-27,556,39,Online,Afterpay,COUPONAZ09,6.42,AUD
906972,2024-01-27T00:35:39,2024-01-27,270,12,Retail,Afterpay,COUPONAA-9,6.57,AUD
907331,2024-01-27T15:19:16,2024-01-27,587,41,Online,PayPal,COUPON--0-,5.66,AUD
907550,2024-01-27T02:09:19,2024-01-27,513,30,Online,Afterpay,COUPON---9,4.39,AUD
907622,2024-01-27T00:22:56,2024-01-27,119,41,Retail,Afterpay,COUPONZ--9,10.26,AUD
907741,2024-01-27T22:43:15,2024-01-27,424,30,Online,PayPal,COUPON-0Z9,5.54,AUD
907763,2024-01-27T21:26:42,2024-01-27,443,19,Retail,Credit Card,COUPONA0AZ,7.18,AUD
907801,2024-01-27T05:30:23,2024-01-27,118,13,Retail,PayPal,COUPON00-9,18.23,AUD
907893,2024-01-27T17:49:47,2024-01-27,393,10,Online,Afterpay,COUPON9-00,7.26,AUD
907908,2024-01-27T05:17:04,2024-01-27,177,3,Online,PayPal,COUPONAA--,2.9,AUD
907972,2024-01-27T11:13:30,2024-01-27,573,19,Retail,Credit Card,COUPONA-AZ,10.52,AUD
908122,2024-01-27T06:45:21,2024-01-27,790,13,Retail,Afterpay,COUPON-090,15.45,AUD
908206,2024-01-27T07:14:48,2024-01-27,732,19,Online,Credit Card,COUPON09A9,8.4,AUD
908278,2024-01-27T23:17:19,2024-01-27,124,44,Online,Afterpay,COUPONZ9ZZ,18.04,AUD
908283,2024-01-27T12:14:05,2024-01-27,221,40,Retail,Afterpay,COUPONZ9-0,17.97,AUD
908390,2024-01-27T11:53:43,2024-01-27,488,5,Retail,PayPal,COUPON-AAZ,4.93,AUD
908439,2024-01-27T10:10:02,2024-01-27,639,8,Online,Credit Card,COUPON99AA,18.19,AUD
908484,2024-01-27T06:38:37,2024-01-27,518,13,Retail,PayPal,COUPON-00-,9.66,AUD
908630,2024-01-27T21:05:23,2024-01-27,712,32,Online,Credit Card,COUPON--09,7.7,AUD
908640,2024-01-27T04:06:28,2024-01-27,341,23,Online,PayPal,COUPON-A-9,2.0,AUD
908650,2024-01-27T02:05:05,2024-01-27,592,20,Online,Afterpay,COUPONA0ZZ,11.83,AUD
908667,2024-01-27T13:57:37,2024-01-27,228,40,Online,Credit Card,COUPON0--A,2.37,AUD
908769,2024-01-27T04:08:03,2024-01-27,765,39,Retail,PayPal,COUPONAA-9,15.24,AUD
908868,2024-01-27T05:08:57,2024-01-27,623,36,Online,Afterpay,COUPONAZ9A,1.24,AUD
908874,2024-01-27T05:38:53,2024-01-27,435,7,Online,Credit Card,COUPON--Z-,3.79,AUD
908988,2024-01-27T23:32:11,2024-01-27,406,6,Online,Credit Card,COUPON-AA0,9.78,AUD
909020,2024-01-27T14:12:09,2024-01-27,432,24,Retail,PayPal,COUPON0AZ-,1.34,AUD
909071,2024-01-27T05:18:18,2024-01-27,60,8,Online,Credit Card,COUPONZA-A,9.79,AUD
909316,2024-01-27T17:30:59,2024-01-27,687,34,Retail,Afterpay,COUPON-ZA9,10.37,AUD
909373,2024-01-27T19:57:45,2024-01-27,795,21,Retail,PayPal,COUPONZ0ZZ,12.04,AUD
909486,2024-01-27T21:28:02,2024-01-27,689,35,Online,Afterpay,COUPON0-Z-,14.14,AUD
909544,2024-01-27T10:03:34,2024-01-27,127,43,Online,Credit Card,COUPON--AZ,16.07,AUD
909748,2024-01-27T18:39:07,2024-01-27,492,28,Retail,Afterpay,COUPON----,18.57,AUD
909851,2024-01-27T19:27:45,2024-01-27,680,10,Retail,Credit Card,COUPONA00-,6.84,AUD
909895,2024-01-27T02:46:58,2024-01-27,686,40,Online,Credit Card,COUPON-Z00,4.83,AUD
910140,2024-01-27T02:09:53,2024-01-27,214,46,Online,PayPal,COUPONZ-99,4.51,AUD
910358,2024-01-27T00:42:58,2024-01-27,3,36,Retail,Afterpay,COUPON9-Z-,9.54,AUD
910668,2024-01-27T00:09:22,2024-01-27,790,36,Retail,Afterpay,COUPON9-0A,4.2,AUD
910857,2024-01-27T07:14:18,2024-01-27,381,12,Retail,Afterpay,COUPON-909,8.66,AUD
910890,2024-01-27T13:14:39,2024-01-27,593,7,Retail,Afterpay,COUPON-9--,5.68,AUD
911007,2024-01-27T07:49:27,2024-01-27,189,15,Online,Credit Card,COUPON9A9A,3.89,AUD
911070,2024-01-27T01:18:33,2024-01-27,174,5,Online,Afterpay,COUPON0--0,4.35,AUD
911357,2024-01-27T18:46:41,2024-01-27,189,26,Online,PayPal,COUPON90Z-,7.94,AUD
911463,2024-01-27T11:20:27,2024-01-27,102,31,Retail,Credit Card,COUPONZZ--,17.09,AUD
911490,2024-01-27T04:14:17,2024-01-27,478,22,Online,Afterpay,COUPONA-Z0,5.14,AUD
911684,2024-01-27T23:28:33,2024-01-27,119,18,Online,Credit Card,COUPON---9,18.64,AUD
911779,2024-01-27T09:26:28,2024-01-27,111,6,Online,Credit Card,COUPON---9,19.98,AUD
911907,2024-01-27T07:19:05,2024-01-27,386,39,Online,Credit Card,COUPONZ9A-,0.16,AUD
911971,2024-01-27T13:02:22,2024-01-27,197,14,Online,PayPal,COUPON-AA0,0.59,AUD
912068,2024-01-27T17:43:32,2024-01-27,97,44,Retail,PayPal,COUPONA00Z,12.2,AUD
912072,2024-01-27T09:41:16,2024-01-27,190,27,Online,Afterpay,COUPONZ9-9,3.11,AUD
912073,2024-01-27T08:47:45,2024-01-27,68,46,Retail,Afterpay,COUPON999-,15.34,AUD
912117,2024-01-27T08:30:15,2024-01-27,449,44,Online,Afterpay,COUPON9A0-,3.68,AUD
912293,2024-01-27T21:01:41,2024-01-27,651,26,Retail,Credit Card,COUPONZA99,19.24,AUD
912452,2024-01-27T06:22:14,2024-01-27,658,19,Retail,Credit Card,COUPONZ0-A,1.52,AUD
912699,2024-01-27T11:31:49,2024-01-27,359,32,Retail,Afterpay,COUPONZ0A-,15.16,AUD
912708,2024-01-27T15:06:26,2024-01-27,652,39,Retail,Credit Card,COUPON-A-A,15.46,AUD
912777,2024-01-27T00:36:28,2024-01-27,486,16,Retail,PayPal,COUPON-0--,3.73,AUD
912845,2024-01-27T08:18:33,2024-01-27,67,48,Retail,Credit Card,COUPON09--,12.96,AUD
913038,2024-01-27T01:48:03,2024-01-27,153,9,Online,Credit Card,COUPONZ-9-,12.58,AUD
913081,2024-01-27T21:42:36,2024-01-27,21,35,Retail,Afterpay,COUPONA-0-,19.25,AUD
913093,2024-01-27T05:12:06,2024-01-27,426,2,Retail,PayPal,COUPON-A--,5.85,AUD
913110,2024-01-27T09:11:55,2024-01-27,240,42,Online,Credit Card,COUPON-9-Z,2.58,AUD
913162,2024-01-27T07:51:52,2024-01-27,751,30,Online,Afterpay,COUPON9AZA,6.62,AUD
913177,2024-01-27T03:27:47,2024-01-27,291,30,Retail,Afterpay,COUPONA-0-,3.64,AUD
913307,2024-01-27T22:12:58,2024-01-27,236,39,Online,Afterpay,COUPON0ZA-,4.37,AUD
913365,2024-01-27T11:49:59,2024-01-27,675,35,Retail,PayPal,COUPON-0A-,6.58,AUD
913370,2024-01-27T07:45:32,2024-01-27,129,23,Retail,Credit Card,COUPONZZ9-,5.56,AUD
913378,2024-01-27T13:54:15,2024-01-27,92,22,Online,Afterpay,COUPON-0-0,17.55,AUD
913404,2024-01-27T08:07:16,2024-01-27,14,36,Retail,Afterpay,COUPON9-A0,15.41,AUD
913464,2024-01-27T03:50:20,2024-01-27,493,12,Retail,Afterpay,COUPON9Z9A,0.33,AUD
913576,2024-01-27T21:27:25,2024-01-27,193,47,Online,PayPal,COUPON90Z0,6.33,AUD
913785,2024-01-27T08:25:18,2024-01-27,107,16,Online,PayPal,COUPONA99Z,11.41,AUD
913863,2024-01-27T21:14:00,2024-01-27,359,9,Retail,Afterpay,COUPONZ-9-,12.81,AUD
913906,2024-01-27T09:22:26,2024-01-27,102,25,Retail,Afterpay,COUPON9--A,5.09,AUD
914149,2024-01-27T16:40:44,2024-01-27,36,29,Online,Credit Card,COUPONA---,18.64,AUD
914156,2024-01-27T07:26:19,2024-01-27,132,48,Online,Credit Card,COUPON0A99,11.97,AUD
914269,2024-01-27T10:57:04,2024-01-27,13,46,Online,PayPal,COUPON9ZA-,13.3,AUD
914352,2024-01-27T12:01:41,2024-01-27,462,16,Online,PayPal,COUPON--00,1.91,AUD
914376,2024-01-27T22:47:56,2024-01-27,82,8,Retail,Afterpay,COUPON9--9,16.81,AUD
914501,2024-01-27T05:58:19,2024-01-27,125,19,Retail,Credit Card,COUPONA-9-,17.0,AUD
914526,2024-01-27T12:24:53,2024-01-27,418,36,Retail,Credit Card,COUPON--Z9,14.79,AUD
914580,2024-01-27T18:27:44,2024-01-27,231,48,Retail,PayPal,COUPON-0-Z,13.37,AUD
914638,2024-01-27T14:51:21,2024-01-27,781,48,Online,PayPal,COUPON--AZ,17.27,AUD
914652,2024-01-27T01:56:38,2024-01-27,504,30,Retail,Afterpay,COUPONA-0Z,8.54,AUD
914674,2024-01-27T19:23:29,2024-01-27,345,26,Online,PayPal,COUPONZZZ-,13.68,AUD
914856,2024-01-27T03:31:40,2024-01-27,480,31,Online,Afterpay,COUPON-9Z-,6.71,AUD
914861,2024-01-27T15:58:18,2024-01-27,315,4,Online,Credit Card,COUPON90Z-,10.44,AUD
915007,2024-01-27T02:36:29,2024-01-27,746,18,Retail,Credit Card,COUPON-9Z-,6.55,AUD
915025,2024-01-27T02:18:27,2024-01-27,327,10,Retail,Afterpay,COUPON-09-,17.08,AUD
915089,2024-01-27T23:44:11,2024-01-27,684,4,Retail,Afterpay,COUPONA999,9.63,AUD
915137,2024-01-27T17:14:02,2024-01-27,122,36,Online,PayPal,COUPONAZ0Z,19.78,AUD
915148,2024-01-27T15:52:02,2024-01-27,79,12,Retail,Afterpay,COUPON00AA,10.12,AUD
915239,2024-01-27T00:31:43,2024-01-27,346,44,Retail,Credit Card,COUPON9090,19.58,AUD
915247,2024-01-27T14:49:10,2024-01-27,222,10,Retail,Afterpay,COUPON0-A-,6.7,AUD
915305,2024-01-27T05:21:26,2024-01-27,490,8,Online,PayPal,COUPON009Z,17.55,AUD
915421,2024-01-27T01:42:37,2024-01-27,677,19,Online,PayPal,COUPON9-00,10.36,AUD
915567,2024-01-27T08:23:12,2024-01-27,756,25,Retail,PayPal,COUPON-A--,18.98,AUD
915576,2024-01-27T12:05:18,2024-01-27,695,25,Online,Credit Card,COUPON-09-,5.71,AUD
915639,2024-01-27T07:40:48,2024-01-27,534,35,Online,Credit Card,COUPONA09A,6.52,AUD
915746,2024-01-27T06:58:40,2024-01-27,184,17,Online,Afterpay,COUPON9-A9,2.21,AUD
915778,2024-01-27T14:00:24,2024-01-27,526,13,Retail,Credit Card,COUPON-AZZ,16.66,AUD
915784,2024-01-27T06:10:13,2024-01-27,684,30,Online,Afterpay,COUPON9---,11.64,AUD
915815,2024-01-27T03:51:53,2024-01-27,565,21,Online,PayPal,COUPON--A9,14.68,AUD
916175,2024-01-27T01:20:14,2024-01-27,475,28,Retail,PayPal,COUPON90--,17.19,AUD
916202,2024-01-27T14:58:00,2024-01-27,187,47,Online,Afterpay,COUPON0A-Z,18.06,AUD
916269,2024-01-27T07:02:23,2024-01-27,551,46,Online,Afterpay,COUPONA-A0,18.55,AUD
916324,2024-01-27T21:19:00,2024-01-27,161,33,Retail,Credit Card,COUPON9ZZZ,10.39,AUD
916373,2024-01-27T17:59:21,2024-01-27,741,49,Online,Afterpay,COUPON9--Z,17.13,AUD
916600,2024-01-27T14:42:41,2024-01-27,728,19,Online,Credit Card,COUPONAA0-,2.11,AUD
916612,2024-01-27T23:52:36,2024-01-27,539,19,Retail,Afterpay,COUPON--0-,16.57,AUD
916655,2024-01-27T05:15:07,2024-01-27,624,45,Online,Credit Card,COUPONZA9A,11.27,AUD
916682,2024-01-27T14:29:37,2024-01-27,288,25,Online,Credit Card,COUPON09A0,8.2,AUD
916963,2024-01-27T14:12:34,2024-01-27,248,10,Retail,PayPal,COUPON-9AA,7.74,AUD
917023,2024-01-27T23:50:54,2024-01-27,460,47,Retail,Afterpay,COUPON90-A,19.83,AUD
917059,2024-01-27T08:15:29,2024-01-27,407,28,Online,Credit Card,COUPON0--A,11.07,AUD
917134,2024-01-27T04:27:28,2024-01-27,678,3,Retail,PayPal,COUPON9990,19.53,AUD
917163,2024-01-27T07:59:14,2024-01-27,474,21,Retail,PayPal,COUPONAA-A,7.51,AUD
917412,2024-01-27T06:25:46,2024-01-27,345,26,Retail,PayPal,COUPON-A-Z,14.64,AUD
917432,2024-01-27T10:36:17,2024-01-27,294,19,Online,Afterpay,COUPONZ0-A,15.86,AUD
917514,2024-01-27T01:56:33,2024-01-27,69,11,Online,PayPal,COUPON0-Z0,2.31,AUD
917543,2024-01-27T11:22:52,2024-01-27,554,3,Online,PayPal,COUPON--A-,16.14,AUD
917951,2024-01-27T01:39:58,2024-01-27,495,23,Online,PayPal,COUPON9--0,10.65,AUD
917981,2024-01-27T22:11:08,2024-01-27,113,31,Online,PayPal,COUPON0090,12.12,AUD
918012,2024-01-27T19:37:32,2024-01-27,200,14,Retail,Credit Card,COUPONZ-0Z,18.23,AUD
918021,2024-01-27T04:21:52,2024-01-27,704,23,Retail,Afterpay,COUPON--ZZ,15.02,AUD
918062,2024-01-27T19:58:33,2024-01-27,680,19,Retail,Afterpay,COUPONZ0ZZ,1.31,AUD
918080,2024-01-27T13:32:26,2024-01-27,648,44,Retail,Afterpay,COUPON0-09,1.39,AUD
918107,2024-01-27T18:06:56,2024-01-27,388,19,Retail,PayPal,COUPONAA00,18.39,AUD
918117,2024-01-27T09:41:15,2024-01-27,341,10,Online,Afterpay,COUPON0Z90,3.11,AUD
918232,2024-01-27T21:32:50,2024-01-27,657,33,Retail,Credit Card,COUPON-0AA,15.47,AUD
918247,2024-01-27T23:31:20,2024-01-27,460,46,Online,PayPal,COUPON-90A,19.71,AUD
918325,2024-01-27T23:52:22,2024-01-27,582,1,Retail,Afterpay,COUPON00-0,0.57,AUD
918350,2024-01-27T11:19:17,2024-01-27,352,40,Retail,Credit Card,COUPON99-9,14.73,AUD
918352,2024-01-27T23:13:02,2024-01-27,103,37,Retail,Credit Card,COUPON9-99,9.93,AUD
918525,2024-01-27T08:34:26,2024-01-27,283,29,Online,PayPal,COUPON0ZZ-,1.06,AUD
918550,2024-01-27T11:27:34,2024-01-27,599,1,Retail,Credit Card,COUPON---A,3.9,AUD
918743,2024-01-27T09:49:38,2024-01-27,109,15,Online,Afterpay,COUPON0ZA-,1.89,AUD
919000,2024-01-27T10:59:54,2024-01-27,36,32,Retail,Afterpay,COUPONZ--9,2.94,AUD
919038,2024-01-27T12:15:24,2024-01-27,508,33,Retail,Credit Card,COUPON0AA-,7.71,AUD
919063,2024-01-27T19:43:31,2024-01-27,731,46,Online,PayPal,COUPONZZ0A,19.67,AUD
919142,2024-01-27T21:04:42,2024-01-27,335,10,Retail,Credit Card,COUPONZ0Z9,19.88,AUD
919403,2024-01-27T14:35:41,2024-01-27,648,10,Online,Afterpay,COUPONA0AA,17.32,AUD
919429,2024-01-27T06:42:06,2024-01-27,687,36,Online,Afterpay,COUPON00A-,3.89,AUD
919491,2024-01-27T04:18:06,2024-01-27,72,1,Retail,Afterpay,COUPONA0-A,1.5,AUD
919512,2024-01-27T14:58:22,2024-01-27,750,22,Retail,PayPal,COUPON-Z99,2.69,AUD
919643,2024-01-27T07:26:42,2024-01-27,343,16,Retail,Afterpay,COUPONA-09,17.26,AUD
919698,2024-01-27T10:39:41,2024-01-27,286,15,Online,Afterpay,COUPON--9Z,7.1,AUD
919778,2024-01-27T08:42:04,2024-01-27,220,19,Retail,PayPal,COUPON-ZZZ,2.65,AUD
919789,2024-01-27T02:14:43,2024-01-27,208,37,Online,Credit Card,COUPON90-A,12.24,AUD
919854,2024-01-27T06:07:55,2024-01-27,137,5,Retail,PayPal,COUPONA-A-,0.98,AUD
919950,2024-01-27T21:30:03,2024-01-27,143,45,Retail,PayPal,COUPON--0-,19.97,AUD
920167,2024-01-27T03:36:15,2024-01-27,87,14,Online,PayPal,COUPON--ZZ,16.32,AUD
920210,2024-01-27T16:44:24,2024-01-27,155,40,Online,PayPal,COUPON-A-Z,19.87,AUD
920283,2024-01-27T16:17:25,2024-01-27,94,10,Retail,Afterpay,COUPON-Z-Z,9.19,AUD
920285,2024-01-27T21:50:10,2024-01-27,54,25,Retail,Afterpay,COUPONAAA9,2.67,AUD
920571,2024-01-27T13:26:13,2024-01-27,217,28,Retail,Afterpay,COUPON--AA,8.14,AUD
920642,2024-01-27T07:32:28,2024-01-27,287,28,Retail,PayPal,COUPON-A90,2.71,AUD
920661,2024-01-27T19:41:53,2024-01-27,734,38,Online,Credit Card,COUPON--ZA,0.7,AUD
920912,2024-01-27T22:22:50,2024-01-27,762,25,Retail,PayPal,COUPON-Z9-,8.97,AUD
920945,2024-01-27T05:33:43,2024-01-27,614,41,Online,PayPal,COUPON-A0A,19.02,AUD
921013,2024-01-27T05:10:21,2024-01-27,703,24,Online,PayPal,COUPONZ0AZ,15.34,AUD
921035,2024-01-27T11:13:23,2024-01-27,444,24,Online,Credit Card,COUPONA009,10.75,AUD
921194,2024-01-27T09:00:19,2024-01-27,650,38,Retail,Credit Card,COUPON0-9-,18.58,AUD
921317,2024-01-27T11:39:08,2024-01-27,559,21,Online,PayPal,COUPONZ9--,14.76,AUD
921394,2024-01-27T06:34:40,2024-01-27,690,42,Retail,PayPal,COUPON-9A0,1.11,AUD
921732,2024-01-27T03:02:50,2024-01-27,71,7,Retail,PayPal,COUPON-90-,6.68,AUD
921814,2024-01-27T14:18:36,2024-01-27,73,21,Retail,PayPal,COUPONZZA9,6.33,AUD
921871,2024-01-27T19:36:36,2024-01-27,381,3,Retail,Credit Card,COUPONZZ--,7.14,AUD
921901,2024-01-27T15:07:10,2024-01-27,774,31,Retail,Credit Card,COUPON9AZA,7.48,AUD
921968,2024-01-27T16:15:51,2024-01-27,381,7,Online,Credit Card,COUPON-ZZ-,16.5,AUD
922010,2024-01-27T12:27:34,2024-01-27,773,38,Retail,PayPal,COUPON----,8.68,AUD
922275,2024-01-27T14:07:02,2024-01-27,643,42,Retail,Afterpay,COUPON-AA9,6.03,AUD
922446,2024-01-27T17:22:51,2024-01-27,796,40,Retail,PayPal,COUPON--09,0.38,AUD
922579,2024-01-27T21:25:43,2024-01-27,278,37,Retail,Afterpay,COUPON-90Z,15.66,AUD
922624,2024-01-27T05:39:39,2024-01-27,271,45,Retail,Credit Card,COUPONZ-Z0,1.71,AUD
922666,2024-01-27T08:01:15,2024-01-27,379,27,Retail,Credit Card,COUPONZ0-A,5.29,AUD
922764,2024-01-27T15:36:25,2024-01-27,336,29,Retail,Afterpay,COUPON-0--,1.68,AUD
922793,2024-01-27T07:02:39,2024-01-27,22,48,Online,Afterpay,COUPONZ909,1.41,AUD
922987,2024-01-27T06:09:42,2024-01-27,499,20,Online,Credit Card,COUPON0A--,19.05,AUD
923000,2024-01-27T08:06:16,2024-01-27,348,37,Online,PayPal,COUPONZZ09,12.21,AUD
923038,2024-01-27T01:34:14,2024-01-27,429,28,Retail,PayPal,COUPON90--,6.67,AUD
923065,2024-01-27T06:27:53,2024-01-27,652,25,Online,Afterpay,COUPON0-AZ,3.47,AUD
923076,2024-01-27T16:34:30,2024-01-27,769,21,Retail,Afterpay,COUPON-099,10.58,AUD
923094,2024-01-27T08:19:09,2024-01-27,796,43,Online,Afterpay,COUPON9AZ9,16.83,AUD
923152,2024-01-27T06:19:33,2024-01-27,339,37,Retail,Afterpay,COUPON--AA,14.38,AUD
923189,2024-01-27T12:35:41,2024-01-27,152,36,Retail,Afterpay,COUPONZ0-9,17.28,AUD
923335,2024-01-27T22:45:36,2024-01-27,333,29,Online,Afterpay,COUPON9Z9-,3.33,AUD
923429,2024-01-27T23:17:04,2024-01-27,796,7,Online,Afterpay,COUPON9--A,4.19,AUD
923597,2024-01-27T16:21:31,2024-01-27,408,23,Online,Afterpay,COUPON---Z,4.78,AUD
923673,2024-01-27T01:42:15,2024-01-27,518,17,Retail,Afterpay,COUPON--9Z,5.9,AUD
923797,2024-01-27T12:45:26,2024-01-27,283,45,Online,Afterpay,COUPON0AZZ,5.94,AUD
923898,2024-01-27T14:31:26,2024-01-27,128,42,Online,Afterpay,COUPON9--Z,18.98,AUD
924170,2024-01-27T10:54:28,2024-01-27,356,16,Retail,Afterpay,COUPONAA90,9.23,AUD
924225,2024-01-27T03:41:27,2024-01-27,634,9,Retail,PayPal,COUPON0--0,15.73,AUD
924369,2024-01-27T08:40:24,2024-01-27,478,2,Online,Afterpay,COUPON-ZAA,10.04,AUD
924496,2024-01-27T11:21:30,2024-01-27,325,2,Online,Afterpay,COUPON--00,9.33,AUD
924628,2024-01-27T00:27:46,2024-01-27,552,27,Retail,Credit Card,COUPON0--9,6.44,AUD
924655,2024-01-27T00:36:54,2024-01-27,369,49,Online,Afterpay,COUPONAAA9,6.64,AUD
924747,2024-01-27T18:25:58,2024-01-27,613,33,Retail,Afterpay,COUPONZ---,10.14,AUD
925063,2024-01-27T14:09:59,2024-01-27,595,38,Retail,PayPal,COUPON9Z09,7.11,AUD
925070,2024-01-27T17:43:11,2024-01-27,48,7,Online,PayPal,COUPONAZZ-,14.77,AUD
925181,2024-01-27T21:37:11,2024-01-27,443,30,Online,Afterpay,COUPON0--A,10.05,AUD
925254,2024-01-27T20:33:38,2024-01-27,763,1,Online,PayPal,COUPONA--A,19.81,AUD
925278,2024-01-27T14:16:37,2024-01-27,792,18,Retail,PayPal,COUPON0ZA0,9.07,AUD
925288,2024-01-27T18:58:47,2024-01-27,407,9,Online,Credit Card,COUPON--Z0,5.7,AUD
925623,2024-01-27T04:17:40,2024-01-27,166,1,Retail,PayPal,COUPON-9Z9,0.05,AUD
925901,2024-01-27T10:19:08,2024-01-27,471,45,Online,PayPal,COUPON0A-0,2.33,AUD
925940,2024-01-27T19:30:15,2024-01-27,766,4,Retail,Afterpay,COUPONZA0-,7.59,AUD
925952,2024-01-27T23:43:38,2024-01-27,157,17,Online,Credit Card,COUPON99-Z,13.31,AUD
925981,2024-01-27T13:35:24,2024-01-27,698,6,Retail,PayPal,COUPON-09-,4.3,AUD
926198,2024-01-27T17:40:56,2024-01-27,406,4,Retail,PayPal,COUPON00AZ,6.31,AUD
926199,2024-01-27T21:25:57,2024-01-27,96,25,Online,Credit Card,COUPONA-A9,13.93,AUD
926262,2024-01-27T15:46:13,2024-01-27,264,25,Retail,PayPal,COUPON9A-Z,11.33,AUD
926591,2024-01-27T14:19:56,2024-01-27,748,34,Online,PayPal,COUPONAZ9A,0.47,AUD
926814,2024-01-27T13:42:00,2024-01-27,52,34,Retail,Afterpay,COUPON0-A-,18.98,AUD
926845,2024-01-27T14:34:01,2024-01-27,239,13,Online,PayPal,COUPON-09A,19.9,AUD
926981,2024-01-27T13:46:51,2024-01-27,771,15,Retail,Credit Card,COUPONA---,9.38,AUD
927016,2024-01-27T18:52:06,2024-01-27,513,2,Online,PayPal,COUPON-A0A,19.94,AUD
927024,2024-01-27T16:57:04,2024-01-27,393,20,Online,PayPal,COUPON--0-,15.01,AUD
927193,2024-01-27T08:16:11,2024-01-27,200,35,Online,Credit Card,COUPONZ9Z9,14.15,AUD
927205,2024-01-27T13:58:26,2024-01-27,785,44,Retail,Afterpay,COUPON0ZZ0,14.13,AUD
927258,2024-01-27T15:46:42,2024-01-27,263,40,Online,PayPal,COUPON-Z-0,6.53,AUD
927281,2024-01-27T23:56:56,2024-01-27,72,34,Retail,PayPal,COUPON000-,10.13,AUD
927311,2024-01-27T12:59:05,2024-01-27,215,13,Retail,Afterpay,COUPON0A-A,16.83,AUD
927379,2024-01-27T00:24:06,2024-01-27,518,25,Online,Afterpay,COUPON-9A-,4.66,AUD
927415,2024-01-27T22:42:30,2024-01-27,9,7,Online,PayPal,COUPONZ0-A,13.77,AUD
927505,2024-01-27T03:16:05,2024-01-27,784,40,Online,PayPal,COUPON--Z-,0.74,AUD
927890,2024-01-27T01:25:30,2024-01-27,452,49,Online,PayPal,COUPON9-90,9.99,AUD
927985,2024-01-27T03:18:05,2024-01-27,135,33,Online,Afterpay,COUPONZ--9,3.86,AUD
927997,2024-01-27T12:44:39,2024-01-27,94,11,Retail,Afterpay,COUPON0AA-,12.72,AUD
928222,2024-01-27T06:47:50,2024-01-27,613,12,Retail,PayPal,COUPON9-0-,10.09,AUD
928353,2024-01-27T19:53:16,2024-01-27,478,18,Retail,Afterpay,COUPON-09-,12.39,AUD
928561,2024-01-27T20:28:43,2024-01-27,49,8,Retail,PayPal,COUPONAA-Z,0.3,AUD
928670,2024-01-27T09:36:07,2024-01-27,452,6,Online,Afterpay,COUPON0-Z0,19.39,AUD
928682,2024-01-27T06:02:33,2024-01-27,113,25,Retail,PayPal,COUPON-Z-A,2.57,AUD
928770,2024-01-27T07:08:11,2024-01-27,532,10,Retail,Afterpay,COUPON9AA-,9.1,AUD
928889,2024-01-27T04:24:34,2024-01-27,543,18,Online,Credit Card,COUPON-Z--,15.16,AUD
928909,2024-01-27T20:56:25,2024-01-27,288,29,Online,PayPal,COUPON9ZAA,13.82,AUD
928981,2024-01-27T01:49:28,2024-01-27,622,6,Online,Afterpay,COUPON-0-Z,5.8,AUD
928986,2024-01-27T16:30:51,2024-01-27,578,14,Retail,PayPal,COUPONZ9-A,8.88,AUD
929008,2024-01-27T14:18:34,2024-01-27,359,49,Online,PayPal,COUPON---Z,8.7,AUD
929014,2024-01-27T12:36:25,2024-01-27,125,12,Retail,Credit Card,COUPON9ZZA,17.35,AUD
929079,2024-01-27T03:54:42,2024-01-27,7,1,Online,Credit Card,COUPON--9-,16.78,AUD
929148,2024-01-27T11:04:40,2024-01-27,675,19,Online,PayPal,COUPONZA--,9.97,AUD
929173,2024-01-27T12:36:04,2024-01-27,316,49,Online,Afterpay,COUPONZ---,11.73,AUD
929227,2024-01-27T12:27:57,2024-01-27,244,18,Retail,Afterpay,COUPON0---,9.65,AUD
929489,2024-01-27T21:55:55,2024-01-27,763,44,Online,Afterpay,COUPON90Z-,13.39,AUD
929549,2024-01-27T13:17:55,2024-01-27,628,3,Retail,PayPal,COUPON9-ZZ,0.52,AUD
929562,2024-01-27T11:32:40,2024-01-27,304,16,Retail,Afterpay,COUPONA--9,6.72,AUD
929820,2024-01-27T22:56:14,2024-01-27,6,9,Online,PayPal,COUPON--0A,16.15,AUD
929919,2024-01-27T08:35:27,2024-01-27,552,20,Online,Afterpay,COUPONZZZZ,2.72,AUD
929923,2024-01-27T05:13:36,2024-01-27,333,18,Online,Credit Card,COUPONZZ--,15.78,AUD
929934,2024-01-27T10:35:45,2024-01-27,76,30,Retail,PayPal,COUPON00-9,10.82,AUD
930047,2024-01-27T05:45:05,2024-01-27,194,31,Retail,PayPal,COUPON-9Z-,16.51,AUD
930070,2024-01-27T13:58:08,2024-01-27,314,16,Online,Credit Card,COUPONA09A,17.02,AUD
930072,2024-01-27T04:00:28,2024-01-27,593,16,Online,Credit Card,COUPON0-00,10.6,AUD
930136,2024-01-27T04:58:50,2024-01-27,613,15,Online,Afterpay,COUPON9--A,1.85,AUD
930167,2024-01-27T08:47:41,2024-01-27,653,38,Retail,Afterpay,COUPONZ0ZA,1.54,AUD
930208,2024-01-27T21:54:53,2024-01-27,713,31,Retail,Afterpay,COUPONAA99,0.71,AUD
930244,2024-01-27T13:48:17,2024-01-27,448,31,Retail,Credit Card,COUPONA9-0,5.35,AUD
930264,2024-01-27T00:22:47,2024-01-27,195,40,Online,Credit Card,COUPON--0A,17.02,AUD
930378,2024-01-27T10:19:31,2024-01-27,375,15,Retail,PayPal,COUPONZ-AA,12.96,AUD
930411,2024-01-27T01:08:43,2024-01-27,210,35,Online,Afterpay,COUPON--0Z,12.38,AUD
930680,2024-01-27T02:35:45,2024-01-27,366,42,Retail,Credit Card,COUPON--ZA,18.49,AUD
930895,2024-01-27T11:05:08,2024-01-27,124,41,Retail,Credit Card,COUPON0-9-,0.55,AUD
930944,2024-01-27T18:33:25,2024-01-27,134,29,Retail,Afterpay,COUPONZ90Z,7.58,AUD
930990,2024-01-27T09:10:51,2024-01-27,553,32,Retail,Afterpay,COUPON-90-,9.4,AUD
931022,2024-01-27T04:40:17,2024-01-27,350,34,Retail,Afterpay,COUPONA009,14.44,AUD
931087,2024-01-27T03:02:36,2024-01-27,563,29,Retail,Afterpay,COUPONZA0-,1.57,AUD
931179,2024-01-27T08:41:29,2024-01-27,470,20,Online,Afterpay,COUPONA0A9,5.5,AUD
931256,2024-01-27T10:24:20,2024-01-27,291,36,Online,Afterpay,COUPONA-99,1.3,AUD
931287,2024-01-27T04:48:50,2024-01-27,1,3,Online,PayPal,COUPONZZ-Z,0.17,AUD
931314,2024-01-27T05:43:27,2024-01-27,41,38,Online,Credit Card,COUPONZZ99,3.84,AUD
931430,2024-01-27T22:49:59,2024-01-27,124,12,Retail,Afterpay,COUPON0AZ0,4.72,AUD
931433,2024-01-27T00:45:58,2024-01-27,423,32,Retail,Credit Card,COUPON0--A,12.92,AUD
931442,2024-01-27T11:14:53,2024-01-27,741,3,Online,Credit Card,COUPON--A9,17.72,AUD
931493,2024-01-27T04:30:58,2024-01-27,518,27,Online,Afterpay,COUPONAZ9A,6.03,AUD
931601,2024-01-27T02:29:57,2024-01-27,25,3,Retail,Afterpay,COUPONZ90A,18.16,AUD
931656,2024-01-27T04:04:36,2024-01-27,497,44,Online,PayPal,COUPONZZ--,13.4,AUD
931739,2024-01-27T00:45:44,2024-01-27,282,13,Retail,PayPal,COUPON--09,13.51,AUD
931761,2024-01-27T09:34:32,2024-01-27,681,24,Retail,Credit Card,COUPON-090,4.29,AUD
931781,2024-01-27T11:16:24,2024-01-27,220,31,Retail,Afterpay,COUPON9Z--,7.79,AUD
931829,2024-01-27T07:27:43,2024-01-27,561,42,Retail,Afterpay,COUPON0-A-,8.53,AUD
931893,2024-01-27T07:53:17,2024-01-27,94,8,Retail,Afterpay,COUPON00Z9,14.1,AUD
931926,2024-01-27T03:41:15,2024-01-27,510,44,Online,PayPal,COUPON9A0Z,7.91,AUD
932013,2024-01-27T09:49:43,2024-01-27,722,15,Retail,Afterpay,COUPON09-0,5.81,AUD
932076,2024-01-27T03:30:52,2024-01-27,730,45,Online,Credit Card,COUPONZ-Z9,17.09,AUD
932220,2024-01-27T21:28:26,2024-01-27,536,38,Online,Credit Card,COUPONA-A-,6.01,AUD
932241,2024-01-27T15:35:55,2024-01-27,797,30,Online,PayPal,COUPON-Z0Z,13.4,AUD
932290,2024-01-27T21:02:13,2024-01-27,600,5,Online,PayPal,COUPON-09-,15.67,AUD
932317,2024-01-27T00:09:15,2024-01-27,563,28,Online,Credit Card,COUPON-9--,16.72,AUD
932429,2024-01-27T17:42:19,2024-01-27,483,4,Retail,Credit Card,COUPON-Z0A,9.43,AUD
932469,2024-01-27T19:26:55,2024-01-27,776,41,Online,Credit Card,COUPONA-A9,6.84,AUD
932646,2024-01-27T20:42:14,2024-01-27,711,44,Retail,Afterpay,COUPON9-9-,10.68,AUD
932697,2024-01-27T15:22:44,2024-01-27,136,31,Retail,PayPal,COUPON--Z9,10.18,AUD
932749,2024-01-27T20:43:54,2024-01-27,626,7,Retail,PayPal,COUPON-ZZZ,14.51,AUD
932783,2024-01-27T09:43:27,2024-01-27,65,20,Retail,PayPal,COUPONAZZ-,14.88,AUD
932988,2024-01-27T18:40:12,2024-01-27,281,12,Retail,PayPal,COUPONZ-9-,5.91,AUD
933000,2024-01-27T13:56:55,2024-01-27,371,4,Online,Afterpay,COUPONA-90,19.52,AUD
933020,2024-01-27T04:49:59,2024-01-27,314,29,Retail,Afterpay,COUPON090-,12.3,AUD
933125,2024-01-27T10:33:33,2024-01-27,134,34,Online,Afterpay,COUPONA0ZZ,17.35,AUD
933154,2024-01-27T17:16:47,2024-01-27,657,19,Online,Credit Card,COUPON-AA-,2.44,AUD
933324,2024-01-27T19:45:38,2024-01-27,434,15,Online,PayPal,COUPON00A9,9.67,AUD
933602,2024-01-27T06:14:32,2024-01-27,15,27,Retail,Afterpay,COUPON99-Z,3.84,AUD
933825,2024-01-27T13:15:34,2024-01-27,364,22,Online,PayPal,COUPON-9Z-,10.96,AUD
933847,2024-01-27T06:03:24,2024-01-27,153,4,Retail,Credit Card,COUPON9---,16.66,AUD
934214,2024-01-27T12:53:50,2024-01-27,114,39,Retail,PayPal,COUPON9A0Z,9.64,AUD
934243,2024-01-27T04:24:54,2024-01-27,303,29,Online,Afterpay,COUPON-ZZ-,15.47,AUD
934310,2024-01-27T11:47:11,2024-01-27,366,39,Retail,Afterpay,COUPONA909,15.01,AUD
934321,2024-01-27T21:34:47,2024-01-27,689,31,Retail,Credit Card,COUPON--00,2.93,AUD
934424,2024-01-27T11:54:31,2024-01-27,98,32,Online,PayPal,COUPONZ-9A,16.51,AUD
934507,2024-01-27T18:16:53,2024-01-27,691,22,Online,Credit Card,COUPON-0AZ,2.77,AUD
934752,2024-01-27T21:46:01,2024-01-27,3,20,Online,PayPal,COUPON909-,3.07,AUD
934838,2024-01-27T08:17:16,2024-01-27,16,41,Retail,Credit Card,COUPON0A9A,12.41,AUD
934877,2024-01-27T03:27:33,2024-01-27,164,13,Retail,PayPal,COUPON-9A0,1.23,AUD
934891,2024-01-27T17:41:48,2024-01-27,148,36,Retail,Afterpay,COUPON---Z,14.32,AUD
934925,2024-01-27T00:25:06,2024-01-27,453,47,Retail,Afterpay,COUPON099Z,5.61,AUD
935223,2024-01-27T15:38:32,2024-01-27,540,4,Retail,Credit Card,COUPON-00-,4.02,AUD
935341,2024-01-27T16:45:27,2024-01-27,108,1,Online,PayPal,COUPON---0,17.76,AUD
935443,2024-01-27T15:29:03,2024-01-27,799,12,Online,Credit Card,COUPON09--,17.38,AUD
935459,2024-01-27T20:32:57,2024-01-27,16,29,Online,PayPal,COUPONAZ99,19.15,AUD
935478,2024-01-27T15:15:39,2024-01-27,684,40,Retail,Afterpay,COUPON-0Z9,12.27,AUD
935546,2024-01-27T01:35:15,2024-01-27,419,44,Retail,Afterpay,COUPONA9AA,6.17,AUD
935819,2024-01-27T19:35:12,2024-01-27,592,44,Retail,Credit Card,COUPONZZZ9,12.36,AUD
935944,2024-01-27T16:09:08,2024-01-27,362,32,Online,Afterpay,COUPONA---,7.98,AUD
935976,2024-01-27T14:29:02,2024-01-27,674,18,Online,PayPal,COUPONZA9A,18.35,AUD
936068,2024-01-27T20:18:36,2024-01-27,719,33,Retail,Credit Card,COUPON9-ZZ,2.98,AUD
936157,2024-01-27T02:36:05,2024-01-27,486,46,Retail,PayPal,COUPONAAA-,19.26,AUD
936209,2024-01-27T15:03:57,2024-01-27,197,34,Online,Credit Card,COUPON9-Z9,6.49,AUD
936292,2024-01-27T17:20:40,2024-01-27,126,15,Retail,Afterpay,COUPONA---,9.75,AUD
936390,2024-01-27T17:29:31,2024-01-27,303,43,Retail,PayPal,COUPONAZ0A,6.46,AUD
936393,2024-01-27T20:37:12,2024-01-27,445,27,Online,Credit Card,COUPON0-ZA,3.59,AUD
936398,2024-01-27T06:40:40,2024-01-27,605,9,Retail,Credit Card,COUPON090-,15.01,AUD
936420,2024-01-27T21:05:34,2024-01-27,213,17,Retail,Credit Card,COUPON9A--,15.14,AUD
936458,2024-01-27T01:37:21,2024-01-27,72,29,Retail,PayPal,COUPON9---,11.22,AUD
936595,2024-01-27T19:07:51,2024-01-27,26,23,Retail,Afterpay,COUPON-Z0-,19.66,AUD
936655,2024-01-27T16:54:08,2024-01-27,535,29,Online,PayPal,COUPON99-9,4.74,AUD
936752,2024-01-27T13:31:18,2024-01-27,661,13,Retail,Afterpay,COUPON09A0,4.58,AUD
936794,2024-01-27T23:18:30,2024-01-27,697,36,Online,Afterpay,COUPON-AZZ,17.83,AUD
936832,2024-01-27T18:36:22,2024-01-27,636,29,Online,PayPal,COUPON-0-A,9.75,AUD
936875,2024-01-27T19:43:56,2024-01-27,91,40,Online,Afterpay,COUPON-0--,6.1,AUD
936943,2024-01-27T08:34:28,2024-01-27,462,4,Online,Credit Card,COUPON-AZ0,19.11,AUD
937090,2024-01-27T01:17:50,2024-01-27,254,21,Retail,PayPal,COUPONAA-9,3.73,AUD
937116,2024-01-27T00:23:12,2024-01-27,310,31,Online,PayPal,COUPON09Z9,18.83,AUD
937255,2024-01-27T14:02:21,2024-01-27,423,13,Online,PayPal,COUPONA0-Z,15.99,AUD
937405,2024-01-27T05:08:14,2024-01-27,656,1,Retail,Afterpay,COUPONA00-,12.36,AUD
937520,2024-01-27T17:15:46,2024-01-27,488,12,Retail,Credit Card,COUPON-90A,5.83,AUD
937609,2024-01-27T09:07:37,2024-01-27,75,16,Retail,Credit Card,COUPON9Z0Z,18.87,AUD
937635,2024-01-27T02:28:40,2024-01-27,554,43,Online,Credit Card,COUPONA09Z,14.67,AUD
937654,2024-01-27T06:35:28,2024-01-27,211,24,Retail,PayPal,COUPON0A--,19.79,AUD
937695,2024-01-27T23:11:33,2024-01-27,710,8,Online,Afterpay,COUPON-ZZ9,3.76,AUD
937735,2024-01-27T21:43:35,2024-01-27,229,45,Online,PayPal,COUPON--0Z,11.34,AUD
937754,2024-01-27T12:22:43,2024-01-27,672,1,Retail,Credit Card,COUPONA909,3.63,AUD
937940,2024-01-27T19:40:45,2024-01-27,241,3,Online,Credit Card,COUPONAZ-9,6.87,AUD
938167,2024-01-27T01:11:08,2024-01-27,437,7,Online,PayPal,COUPON000-,15.95,AUD
938298,2024-01-27T13:51:57,2024-01-27,45,7,Online,Afterpay,COUPON99Z-,10.23,AUD
938359,2024-01-27T07:19:18,2024-01-27,97,12,Retail,PayPal,COUPON9AZZ,15.3,AUD
938427,2024-01-27T20:48:40,2024-01-27,631,33,Retail,PayPal,COUPON-Z-0,9.41,AUD
938436,2024-01-27T00:08:38,2024-01-27,20,6,Online,Afterpay,COUPON--09,16.64,AUD
938454,2024-01-27T22:05:17,2024-01-27,245,40,Online,Credit Card,COUPON---A,3.39,AUD
938577,2024-01-27T08:40:09,2024-01-27,567,38,Retail,Afterpay,COUPONZ0ZZ,16.54,AUD
938660,2024-01-27T01:22:26,2024-01-27,679,20,Online,PayPal,COUPONZA--,4.63,AUD
938676,2024-01-27T14:29:43,2024-01-27,715,15,Retail,PayPal,COUPON0-A0,15.56,AUD
938866,2024-01-27T21:20:32,2024-01-27,278,18,Online,PayPal,COUPON999A,6.57,AUD
939046,2024-01-27T13:50:08,2024-01-27,521,16,Online,Afterpay,COUPONA-Z0,17.95,AUD
939052,2024-01-27T12:37:58,2024-01-27,795,28,Online,Afterpay,COUPONZ-9-,11.08,AUD
939193,2024-01-27T11:18:09,2024-01-27,207,39,Retail,Afterpay,COUPONZ-AA,10.8,AUD
939219,2024-01-27T20:39:36,2024-01-27,372,37,Online,Afterpay,COUPON9A--,3.76,AUD
939225,2024-01-27T07:28:17,2024-01-27,506,10,Online,Afterpay,COUPON0AA-,19.66,AUD
939455,2024-01-27T18:52:17,2024-01-27,240,26,Retail,PayPal,COUPON0---,9.37,AUD
939514,2024-01-27T21:26:17,2024-01-27,443,19,Online,Afterpay,COUPON-0Z9,0.85,AUD
939557,2024-01-27T16:44:10,2024-01-27,440,14,Retail,Credit Card,COUPON--AA,15.06,AUD
939558,2024-01-27T11:37:31,2024-01-27,693,20,Retail,Credit Card,COUPON----,19.54,AUD
939666,2024-01-27T00:41:24,2024-01-27,349,21,Retail,Afterpay,COUPON909-,6.18,AUD
939754,2024-01-27T03:09:15,2024-01-27,329,23,Retail,PayPal,COUPON0AZ-,3.17,AUD
939838,2024-01-27T11:00:12,2024-01-27,318,12,Retail,PayPal,COUPON-Z--,12.34,AUD
939925,2024-01-27T01:05:02,2024-01-27,674,38,Retail,PayPal,COUPON-Z90,13.17,AUD
939959,2024-01-27T08:32:22,2024-01-27,632,3,Retail,Credit Card,COUPON00A9,1.02,AUD
939965,2024-01-27T19:41:39,2024-01-27,780,7,Online,Afterpay,COUPON-0AZ,5.72,AUD
939968,2024-01-27T18:49:47,2024-01-27,547,48,Retail,Afterpay,COUPON000A,8.94,AUD
940094,2024-01-27T04:04:03,2024-01-27,616,10,Online,Credit Card,COUPON0-Z-,5.38,AUD
940113,2024-01-27T21:37:29,2024-01-27,452,10,Retail,Credit Card,COUPON9ZZA,0.2,AUD
940213,2024-01-27T08:24:35,2024-01-27,580,25,Online,PayPal,COUPON-0--,0.81,AUD
940235,2024-01-27T07:14:51,2024-01-27,266,36,Online,PayPal,COUPONZ9AZ,11.25,AUD
940314,2024-01-27T00:04:29,2024-01-27,16,31,Retail,Credit Card,COUPONAZ0Z,19.73,AUD
940604,2024-01-27T05:26:11,2024-01-27,82,29,Online,Afterpay,COUPONA0Z0,18.34,AUD
940729,2024-01-27T15:27:17,2024-01-27,432,44,Online,PayPal,COUPONA---,12.03,AUD
940823,2024-01-27T07:35:11,2024-01-27,497,49,Retail,Credit Card,COUPON90-0,17.48,AUD
940854,2024-01-27T20:55:43,2024-01-27,325,38,Retail,Credit Card,COUPON-00Z,8.85,AUD
941064,2024-01-27T05:39:16,2024-01-27,544,39,Online,Afterpay,COUPON-Z9-,12.28,AUD
941204,2024-01-27T19:12:18,2024-01-27,612,46,Online,Credit Card,COUPON99-Z,2.75,AUD
941225,2024-01-27T20:06:11,2024-01-27,8,34,Online,Credit Card,COUPONA9-Z,16.59,AUD
941233,2024-01-27T17:30:36,2024-01-27,432,2,Retail,PayPal,COUPON-ZAA,16.07,AUD
941326,2024-01-27T17:17:10,2024-01-27,546,16,Online,PayPal,COUPON-ZZ-,12.85,AUD
941342,2024-01-27T05:41:23,2024-01-27,97,20,Online,Credit Card,COUPON--A9,17.02,AUD
941448,2024-01-27T02:04:22,2024-01-27,496,10,Retail,Credit Card,COUPONZ09A,16.94,AUD
941618,2024-01-27T06:42:12,2024-01-27,593,8,Online,PayPal,COUPONZ90Z,7.77,AUD
941685,2024-01-27T05:17:54,2024-01-27,684,32,Retail,Afterpay,COUPON-0A0,0.25,AUD
941831,2024-01-27T15:25:26,2024-01-27,39,30,Retail,Credit Card,COUPON-9Z9,1.4,AUD
941867,2024-01-27T04:49:40,2024-01-27,206,20,Online,PayPal,COUPONZ---,15.46,AUD
941913,2024-01-27T11:49:14,2024-01-27,561,2,Retail,PayPal,COUPON9A09,6.64,AUD
942162,2024-01-27T16:27:18,2024-01-27,597,8,Online,PayPal,COUPON990-,0.23,AUD
942232,2024-01-27T05:24:06,2024-01-27,231,9,Retail,PayPal,COUPONZA09,8.17,AUD
942353,2024-01-27T16:23:00,2024-01-27,625,23,Retail,PayPal,COUPON-9--,19.17,AUD
942473,2024-01-27T04:41:17,2024-01-27,518,17,Online,Credit Card,COUPON9-09,10.04,AUD
942663,2024-01-27T13:03:05,2024-01-27,84,19,Online,PayPal,COUPON--0-,7.98,AUD
942678,2024-01-27T10:03:11,2024-01-27,76,24,Retail,PayPal,COUPON-009,16.71,AUD
942696,2024-01-27T04:05:18,2024-01-27,229,38,Online,PayPal,COUPON--00,16.94,AUD
942790,2024-01-27T11:12:43,2024-01-27,697,19,Online,Credit Card,COUPON0--Z,8.93,AUD
942822,2024-01-27T00:43:42,2024-01-27,269,17,Online,Credit Card,COUPONAZ-0,15.8,AUD
943047,2024-01-27T18:18:20,2024-01-27,101,39,Online,Credit Card,COUPON-ZZZ,19.68,AUD
943319,2024-01-27T15:15:35,2024-01-27,483,19,Online,Afterpay,COUPON--0Z,0.68,AUD
943837,2024-01-27T03:01:19,2024-01-27,314,28,Online,Credit Card,COUPON--A0,1.67,AUD
944005,2024-01-27T11:39:31,2024-01-27,663,37,Retail,Afterpay,COUPONZZZ-,4.74,AUD
944169,2024-01-27T10:18:04,2024-01-27,628,15,Online,Credit Card,COUPON990Z,15.15,AUD
944271,2024-01-27T22:36:27,2024-01-27,37,23,Online,PayPal,COUPON--Z0,19.12,AUD
944305,2024-01-27T04:37:28,2024-01-27,126,15,Retail,Credit Card,COUPON9-9-,18.64,AUD
944470,2024-01-27T00:29:46,2024-01-27,685,37,Retail,PayPal,COUPON0-A-,1.18,AUD
944498,2024-01-27T04:42:13,2024-01-27,473,5,Online,PayPal,COUPONZZ--,17.33,AUD
944600,2024-01-27T10:32:49,2024-01-27,310,1,Online,PayPal,COUPON0AA0,11.98,AUD
944750,2024-01-27T19:20:46,2024-01-27,256,43,Retail,Credit Card,COUPON-9A9,19.97,AUD
944937,2024-01-27T23:07:54,2024-01-27,519,38,Online,Credit Card,COUPON09-A,5.24,AUD
945001,2024-01-27T09:16:01,2024-01-27,695,20,Retail,Credit Card,COUPONZ0ZZ,5.52,AUD
945136,2024-01-27T04:09:54,2024-01-27,234,43,Online,Afterpay,COUPON-909,0.68,AUD
945203,2024-01-27T04:55:03,2024-01-27,147,24,Retail,PayPal,COUPONA-AA,8.04,AUD
945315,2024-01-27T20:57:23,2024-01-27,639,5,Retail,PayPal,COUPON-000,5.71,AUD
945430,2024-01-27T17:16:51,2024-01-27,262,11,Retail,Credit Card,COUPONA--Z,5.92,AUD
945437,2024-01-27T21:34:55,2024-01-27,659,35,Online,Credit Card,COUPON--A0,7.56,AUD
945455,2024-01-27T16:56:48,2024-01-27,326,24,Retail,Afterpay,COUPONA0--,11.84,AUD
945468,2024-01-27T14:11:13,2024-01-27,2,21,Online,Afterpay,COUPONZ0-9,3.59,AUD
945520,2024-01-27T06:03:53,2024-01-27,183,13,Retail,PayPal,COUPON---A,8.59,AUD
945525,2024-01-27T22:27:54,2024-01-27,726,35,Online,PayPal,COUPON9A0-,11.46,AUD
945533,2024-01-27T10:45:52,2024-01-27,197,21,Retail,PayPal,COUPON09Z-,17.95,AUD
945596,2024-01-27T14:25:03,2024-01-27,506,18,Online,Credit Card,COUPON-909,11.48,AUD
945630,2024-01-27T21:57:40,2024-01-27,387,13,Online,Credit Card,COUPONAA09,4.36,AUD
945816,2024-01-27T08:35:33,2024-01-27,728,44,Retail,Afterpay,COUPON9Z--,15.14,AUD
946059,2024-01-27T23:50:56,2024-01-27,527,42,Retail,Credit Card,COUPON0-Z9,5.13,AUD
946275,2024-01-27T14:00:48,2024-01-27,113,4,Retail,Afterpay,COUPON--00,15.0,AUD
946353,2024-01-27T10:40:15,2024-01-27,501,13,Retail,PayPal,COUPON-0-9,16.78,AUD
946356,2024-01-27T14:26:51,2024-01-27,675,39,Retail,Credit Card,COUPON9-ZZ,4.14,AUD
946446,2024-01-27T01:18:14,2024-01-27,771,29,Online,Afterpay,COUPON---9,9.91,AUD
946465,2024-01-27T05:37:15,2024-01-27,443,31,Online,Credit Card,COUPON0900,9.65,AUD
946539,2024-01-27T08:26:59,2024-01-27,726,38,Online,PayPal,COUPONZ0A9,4.83,AUD
946606,2024-01-27T11:20:18,2024-01-27,624,26,Retail,Credit Card,COUPON0ZA0,15.37,AUD
946645,2024-01-27T20:39:00,2024-01-27,443,43,Online,Credit Card,COUPON-Z0-,1.0,AUD
946684,2024-01-27T22:55:33,2024-01-27,115,33,Online,PayPal,COUPON9900,11.44,AUD
946739,2024-01-27T07:41:55,2024-01-27,336,49,Retail,Afterpay,COUPONZA0Z,8.22,AUD
946854,2024-01-27T03:10:45,2024-01-27,313,33,Retail,PayPal,COUPON----,11.28,AUD
947043,2024-01-27T16:17:07,2024-01-27,71,25,Online,PayPal,COUPON-9AA,2.34,AUD
947060,2024-01-27T06:22:53,2024-01-27,668,36,Retail,Credit Card,COUPONZ-0A,18.79,AUD
947319,2024-01-27T16:23:49,2024-01-27,78,27,Online,Afterpay,COUPON90A-,4.4,AUD
947521,2024-01-27T05:19:55,2024-01-27,305,9,Online,Afterpay,COUPON9A90,14.25,AUD
947615,2024-01-27T04:47:19,2024-01-27,717,35,Retail,Credit Card,COUPONAZ-0,17.0,AUD
947706,2024-01-27T22:43:35,2024-01-27,524,22,Retail,Credit Card,COUPONZAZZ,15.42,AUD
947749,2024-01-27T00:59:26,2024-01-27,712,31,Retail,Afterpay,COUPON-ZAA,7.61,AUD
947779,2024-01-27T21:05:28,2024-01-27,344,44,Online,Credit Card,COUPONZ-AA,0.87,AUD
947939,2024-01-27T09:23:53,2024-01-27,35,41,Online,PayPal,COUPON90-Z,7.4,AUD
948053,2024-01-27T03:54:30,2024-01-27,796,38,Retail,PayPal,COUPON---Z,18.07,AUD
948077,2024-01-27T14:57:41,2024-01-27,633,31,Retail,Credit Card,COUPONA-A0,8.1,AUD
948157,2024-01-27T00:17:13,2024-01-27,481,36,Retail,PayPal,COUPONAAZZ,14.62,AUD
948288,2024-01-27T04:37:42,2024-01-27,107,11,Online,Afterpay,COUPONZ9Z-,1.35,AUD
948474,2024-01-27T06:37:10,2024-01-27,741,31,Retail,Credit Card,COUPONA0--,9.08,AUD
948534,2024-01-27T00:53:52,2024-01-27,331,22,Retail,Credit Card,COUPON-AZ0,6.9,AUD
948659,2024-01-27T04:56:55,2024-01-27,640,30,Retail,Afterpay,COUPONZ---,6.24,AUD
948784,2024-01-27T06:01:34,2024-01-27,783,30,Retail,Credit Card,COUPON9A00,0.51,AUD
948802,2024-01-27T05:44:56,2024-01-27,18,1,Retail,PayPal,COUPON9---,10.86,AUD
948870,2024-01-27T03:03:11,2024-01-27,539,6,Retail,Afterpay,COUPON-ZA-,11.22,AUD
948965,2024-01-27T03:52:11,2024-01-27,402,3,Retail,Credit Card,COUPON90A-,9.12,AUD
949275,2024-01-27T15:10:14,2024-01-27,62,27,Online,PayPal,COUPON09--,10.09,AUD
949326,2024-01-27T16:41:18,2024-01-27,677,23,Retail,PayPal,COUPON0ZAA,9.36,AUD
949479,2024-01-27T22:15:10,2024-01-27,345,11,Retail,Afterpay,COUPONAAA-,0.05,AUD
949537,2024-01-27T13:55:58,2024-01-27,572,10,Online,PayPal,COUPONA9-9,15.26,AUD
949662,2024-01-27T11:44:35,2024-01-27,578,46,Retail,Afterpay,COUPONZ00Z,11.8,AUD
949746,2024-01-27T07:58:56,2024-01-27,194,8,Online,Afterpay,COUPON---Z,10.37,AUD
949787,2024-01-27T00:18:24,2024-01-27,732,3,Online,Credit Card,COUPON-A--,10.3,AUD
950010,2024-01-27T16:41:16,2024-01-27,359,35,Retail,Credit Card,COUPON-A--,5.02,AUD
950074,2024-01-27T19:58:48,2024-01-27,452,47,Online,Credit Card,COUPON-099,17.84,AUD
950132,2024-01-27T11:33:54,2024-01-27,588,18,Online,Credit Card,COUPONZ999,5.21,AUD
950137,2024-01-27T11:12:06,2024-01-27,321,42,Online,Credit Card,COUPON--Z-,8.21,AUD
950199,2024-01-27T07:44:24,2024-01-27,58,46,Online,PayPal,COUPON900-,0.65,AUD
950386,2024-01-27T19:51:51,2024-01-27,166,12,Retail,PayPal,COUPON0Z0Z,1.45,AUD
950502,2024-01-27T14:10:50,2024-01-27,123,29,Retail,Credit Card,COUPONAA-0,9.9,AUD
950639,2024-01-27T00:35:52,2024-01-27,134,43,Online,Afterpay,COUPONAAAZ,1.87,AUD
950726,2024-01-27T10:25:40,2024-01-27,451,12,Retail,Afterpay,COUPONZZA9,18.85,AUD
950759,2024-01-27T01:51:14,2024-01-27,148,20,Online,Afterpay,COUPON--9-,8.28,AUD
950760,2024-01-27T09:09:09,2024-01-27,274,14,Online,Credit Card,COUPON---0,1.12,AUD
950770,2024-01-27T07:51:25,2024-01-27,559,36,Retail,PayPal,COUPON--9A,1.33,AUD
950920,2024-01-27T14:06:09,2024-01-27,30,2,Retail,Afterpay,COUPON00Z-,6.48,AUD
951003,2024-01-27T16:55:05,2024-01-27,299,42,Online,Afterpay,COUPON00--,0.72,AUD
951368,2024-01-27T10:55:27,2024-01-27,124,8,Retail,Afterpay,COUPONZ099,11.93,AUD
951685,2024-01-27T09:08:25,2024-01-27,778,34,Retail,Credit Card,COUPON---A,19.61,AUD
951728,2024-01-27T05:30:51,2024-01-27,496,4,Online,Afterpay,COUPON--0-,18.79,AUD
952150,2024-01-27T21:34:33,2024-01-27,194,1,Online,PayPal,COUPONZA-9,12.14,AUD
952161,2024-01-27T11:59:21,2024-01-27,67,32,Retail,PayPal,COUPONZZAA,15.31,AUD
952578,2024-01-27T00:58:14,2024-01-27,754,49,Online,PayPal,COUPON0-AZ,8.25,AUD
952601,2024-01-27T08:30:58,2024-01-27,183,6,Retail,Credit Card,COUPON-90-,12.91,AUD
952607,2024-01-27T07:57:38,2024-01-27,553,37,Online,Afterpay,COUPON9A--,17.19,AUD
952637,2024-01-27T11:33:04,2024-01-27,500,9,Retail,Afterpay,COUPON-099,15.99,AUD
952822,2024-01-27T19:18:52,2024-01-27,171,8,Online,PayPal,COUPON9-Z0,3.29,AUD
952942,2024-01-27T14:20:34,2024-01-27,254,4,Retail,Afterpay,COUPONA9--,19.89,AUD
953175,2024-01-27T07:14:45,2024-01-27,690,47,Retail,PayPal,COUPON--09,17.04,AUD
953230,2024-01-27T23:37:02,2024-01-27,413,1,Online,Credit Card,COUPON--Z9,7.23,AUD
953578,2024-01-27T10:16:29,2024-01-27,353,12,Retail,Afterpay,COUPON-90Z,2.71,AUD
953594,2024-01-27T21:21:11,2024-01-27,115,45,Retail,PayPal,COUPON-9-0,10.92,AUD
953682,2024-01-27T00:34:10,2024-01-27,48,36,Retail,Credit Card,COUPONZA-9,3.64,AUD
953715,2024-01-27T10:32:15,2024-01-27,781,42,Online,Credit Card,COUPONZ9A0,17.02,AUD
953751,2024-01-27T22:34:12,2024-01-27,679,37,Retail,Credit Card,COUPONZ9Z0,0.02,AUD
953798,2024-01-27T19:04:48,2024-01-27,214,19,Online,Credit Card,COUPON-A90,16.8,AUD
953861,2024-01-27T05:32:41,2024-01-27,638,27,Online,Afterpay,COUPONZ0-Z,8.45,AUD
953923,2024-01-27T16:40:31,2024-01-27,569,43,Retail,Credit Card,COUPONA9-A,10.65,AUD
953976,2024-01-27T08:05:26,2024-01-27,415,44,Retail,PayPal,COUPON-AA0,19.94,AUD
954065,2024-01-27T02:48:26,2024-01-27,200,25,Retail,PayPal,COUPONAZA-,4.54,AUD
954123,2024-01-27T15:41:18,2024-01-27,553,4,Retail,PayPal,COUPON090-,17.05,AUD
954232,2024-01-27T10:12:27,2024-01-27,677,8,Retail,Credit Card,COUPON0ZZA,18.87,AUD
954238,2024-01-27T02:07:01,2024-01-27,401,22,Retail,Credit Card,COUPONAZ-A,4.72,AUD
954351,2024-01-27T21:18:33,2024-01-27,727,35,Retail,PayPal,COUPONAZ99,4.84,AUD
954379,2024-01-27T21:54:16,2024-01-27,479,41,Retail,Credit Card,COUPON-9-A,3.72,AUD
954460,2024-01-27T09:18:58,2024-01-27,326,49,Online,Credit Card,COUPON-099,15.21,AUD
954483,2024-01-27T23:11:12,2024-01-27,272,49,Online,Afterpay,COUPON-0AA,12.54,AUD
954499,2024-01-27T10:10:05,2024-01-27,751,9,Retail,PayPal,COUPONAA0A,10.17,AUD
954602,2024-01-27T10:51:26,2024-01-27,477,34,Retail,Credit Card,COUPONZ--9,1.25,AUD
954652,2024-01-27T09:04:58,2024-01-27,686,15,Retail,PayPal,COUPON9A09,13.87,AUD
954715,2024-01-27T21:09:32,2024-01-27,155,3,Online,Afterpay,COUPON0--Z,0.35,AUD
955163,2024-01-27T05:01:47,2024-01-27,636,7,Online,PayPal,COUPONZ-9-,8.95,AUD
955185,2024-01-27T03:18:40,2024-01-27,235,34,Retail,Afterpay,COUPON-09Z,0.18,AUD
955187,2024-01-27T05:40:28,2024-01-27,23,45,Retail,Credit Card,COUPON9ZZ0,2.87,AUD
955212,2024-01-27T17:36:03,2024-01-27,248,36,Retail,Afterpay,COUPON90--,13.24,AUD
955298,2024-01-27T03:53:37,2024-01-27,769,22,Online,PayPal,COUPON0-ZA,1.96,AUD
955403,2024-01-27T16:43:03,2024-01-27,50,14,Retail,PayPal,COUPON0990,15.92,AUD
955624,2024-01-27T08:23:38,2024-01-27,204,23,Online,Afterpay,COUPON-9--,2.9,AUD
955735,2024-01-27T07:10:54,2024-01-27,678,18,Online,Credit Card,COUPON0---,17.94,AUD
955766,2024-01-27T15:45:02,2024-01-27,523,48,Retail,Credit Card,COUPONZ--A,0.73,AUD
955892,2024-01-27T19:38:05,2024-01-27,389,1,Retail,PayPal,COUPONAZAA,11.66,AUD
955956,2024-01-27T14:12:33,2024-01-27,681,25,Online,Afterpay,COUPON-AA0,18.41,AUD
956033,2024-01-27T01:21:09,2024-01-27,51,25,Retail,PayPal,COUPON-9--,6.44,AUD
956045,2024-01-27T03:08:42,2024-01-27,788,7,Retail,PayPal,COUPON0AAA,15.86,AUD
956206,2024-01-27T21:29:28,2024-01-27,266,5,Retail,PayPal,COUPON90-0,11.62,AUD
956222,2024-01-27T05:40:40,2024-01-27,196,21,Online,Afterpay,COUPONA990,7.77,AUD
956309,2024-01-27T20:24:02,2024-01-27,336,30,Online,Credit Card,COUPON00Z9,6.73,AUD
956323,2024-01-27T22:33:04,2024-01-27,437,41,Online,Credit Card,COUPON9900,7.93,AUD
956441,2024-01-27T00:43:01,2024-01-27,76,36,Online,PayPal,COUPON0-9-,6.75,AUD
956489,2024-01-27T18:41:20,2024-01-27,110,33,Online,Afterpay,COUPONZ-0Z,10.68,AUD
956506,2024-01-27T12:18:24,2024-01-27,262,16,Online,Afterpay,COUPONAA9-,11.18,AUD
956520,2024-01-27T22:44:37,2024-01-27,414,7,Online,Credit Card,COUPON-09-,12.49,AUD
956691,2024-01-27T17:57:02,2024-01-27,403,18,Online,Credit Card,COUPON---A,9.14,AUD
956718,2024-01-27T16:53:20,2024-01-27,222,21,Retail,Credit Card,COUPON0--9,4.23,AUD
956786,2024-01-27T18:06:07,2024-01-27,110,5,Online,Afterpay,COUPONZ-9A,15.13,AUD
956914,2024-01-27T21:13:47,2024-01-27,142,11,Online,Afterpay,COUPON0090,4.39,AUD
957200,2024-01-27T17:37:02,2024-01-27,235,48,Online,Credit Card,COUPON-A-Z,18.37,AUD
957279,2024-01-27T04:58:55,2024-01-27,357,34,Online,Credit Card,COUPON-Z--,9.2,AUD
957480,2024-01-27T06:02:40,2024-01-27,782,21,Retail,Afterpay,COUPON9-90,13.99,AUD
957601,2024-01-27T20:53:54,2024-01-27,721,30,Retail,Credit Card,COUPONA-00,7.58,AUD
957621,2024-01-27T17:14:04,2024-01-27,360,2,Online,PayPal,COUPON0--9,10.24,AUD
957642,2024-01-27T05:33:41,2024-01-27,259,13,Online,Afterpay,COUPON--90,5.09,AUD
957718,2024-01-27T20:38:23,2024-01-27,28,40,Online,Afterpay,COUPON-0Z9,12.63,AUD
957758,2024-01-27T12:04:02,2024-01-27,753,37,Online,PayPal,COUPON0Z9-,18.38,AUD
957829,2024-01-27T16:03:49,2024-01-27,441,49,Retail,Afterpay,COUPON-9-0,5.28,AUD
958060,2024-01-27T13:11:43,2024-01-27,275,4,Retail,Afterpay,COUPONA0-Z,9.46,AUD
958395,2024-01-27T02:38:59,2024-01-27,531,42,Online,Credit Card,COUPON-Z0A,3.89,AUD
958457,2024-01-27T23:59:07,2024-01-27,715,43,Retail,PayPal,COUPON--9-,10.35,AUD
958508,2024-01-27T07:37:34,2024-01-27,361,18,Online,Credit Card,COUPON9AZ-,14.94,AUD
958524,2024-01-27T01:58:45,2024-01-27,555,48,Online,Afterpay,COUPONA9--,5.12,AUD
958591,2024-01-27T18:41:33,2024-01-27,158,33,Retail,Afterpay,COUPON9900,0.9,AUD
958745,2024-01-27T06:26:25,2024-01-27,785,29,Online,Afterpay,COUPON9ZZ0,19.97,AUD
958755,2024-01-27T10:11:25,2024-01-27,528,34,Online,Credit Card,COUPON--A0,15.32,AUD
958768,2024-01-27T10:18:01,2024-01-27,286,39,Online,PayPal,COUPONZ-0Z,15.72,AUD
958878,2024-01-27T00:06:33,2024-01-27,723,40,Retail,PayPal,COUPON0-AA,4.35,AUD
958925,2024-01-27T03:38:47,2024-01-27,341,34,Retail,Afterpay,COUPONZ--Z,11.48,AUD
959087,2024-01-27T17:50:24,2024-01-27,798,9,Online,Afterpay,COUPON--0Z,16.05,AUD
959237,2024-01-27T16:48:28,2024-01-27,254,34,Retail,Credit Card,COUPON--AA,19.58,AUD
959250,2024-01-27T14:51:01,2024-01-27,306,24,Retail,PayPal,COUPONA--9,4.39,AUD
959301,2024-01-27T21:37:00,2024-01-27,9,11,Retail,Credit Card,COUPON-00-,3.99,AUD
959511,2024-01-27T14:07:39,2024-01-27,447,11,Online,Credit Card,COUPON--0-,19.37,AUD
959565,2024-01-27T03:43:21,2024-01-27,799,20,Retail,Afterpay,COUPON9-0-,2.6,AUD
959654,2024-01-27T10:22:34,2024-01-27,314,13,Retail,PayPal,COUPON99ZZ,0.45,AUD
959836,2024-01-27T10:06:52,2024-01-27,4,44,Retail,Afterpay,COUPON0Z99,3.86,AUD
959951,2024-01-27T08:22:52,2024-01-27,621,5,Retail,Afterpay,COUPONZA0Z,11.92,AUD
960268,2024-01-27T13:56:43,2024-01-27,73,2,Online,PayPal,COUPONZ9A-,3.56,AUD
960459,2024-01-27T18:19:43,2024-01-27,546,8,Online,Afterpay,COUPON-A9A,4.66,AUD
960518,2024-01-27T04:37:42,2024-01-27,395,41,Retail,Afterpay,COUPONZZ0-,17.58,AUD
960590,2024-01-27T13:50:23,2024-01-27,486,45,Online,Afterpay,COUPONAZ-Z,3.27,AUD
960693,2024-01-27T20:59:13,2024-01-27,143,48,Retail,Afterpay,COUPON--A-,15.14,AUD
960725,2024-01-27T06:19:34,2024-01-27,54,38,Retail,PayPal,COUPON-0Z9,11.55,AUD
960732,2024-01-27T14:16:47,2024-01-27,560,22,Online,Credit Card,COUPONAZ9-,18.54,AUD
960893,2024-01-27T17:51:11,2024-01-27,96,26,Retail,PayPal,COUPONZ0-A,13.77,AUD
960942,2024-01-27T15:54:20,2024-01-27,496,28,Retail,PayPal,COUPONA9A-,2.17,AUD
961078,2024-01-27T12:08:06,2024-01-27,427,1,Retail,PayPal,COUPONZAA-,1.21,AUD
961321,2024-01-27T00:09:11,2024-01-27,108,39,Retail,Credit Card,COUPONA0-9,7.0,AUD
961374,2024-01-27T15:20:36,2024-01-27,64,9,Online,Credit Card,COUPON0--0,0.52,AUD
961393,2024-01-27T21:32:25,2024-01-27,59,49,Online,PayPal,COUPONA9ZA,3.47,AUD
961431,2024-01-27T16:01:19,2024-01-27,193,7,Online,Afterpay,COUPON-090,17.88,AUD
961480,2024-01-27T02:30:32,2024-01-27,726,39,Retail,PayPal,COUPON--A9,14.88,AUD
961666,2024-01-27T21:49:30,2024-01-27,545,1,Online,Credit Card,COUPON00-0,17.24,AUD
961774,2024-01-27T00:16:09,2024-01-27,234,3,Online,Credit Card,COUPON9--0,12.67,AUD
961875,2024-01-27T20:58:15,2024-01-27,402,45,Online,Afterpay,COUPON-9--,9.69,AUD
962018,2024-01-27T21:17:29,2024-01-27,475,2,Retail,Credit Card,COUPONZA--,14.5,AUD
962588,2024-01-27T21:05:53,2024-01-27,581,22,Retail,PayPal,COUPON-Z--,1.25,AUD
962794,2024-01-27T17:33:24,2024-01-27,497,23,Online,Afterpay,COUPON-Z0-,12.85,AUD
962826,2024-01-27T09:54:53,2024-01-27,485,14,Retail,PayPal,COUPON00-0,3.05,AUD
962945,2024-01-27T01:20:55,2024-01-27,222,20,Retail,PayPal,COUPON909A,11.31,AUD
962965,2024-01-27T03:10:10,2024-01-27,369,49,Retail,PayPal,COUPON--99,14.05,AUD
962999,2024-01-27T22:30:16,2024-01-27,685,20,Retail,PayPal,COUPON90--,2.75,AUD
963134,2024-01-27T09:02:17,2024-01-27,396,27,Retail,Credit Card,COUPON--ZA,10.76,AUD
963143,2024-01-27T12:25:46,2024-01-27,785,8,Retail,Afterpay,COUPON0-A0,14.74,AUD
963200,2024-01-27T10:40:02,2024-01-27,309,34,Online,Afterpay,COUPON0-A-,2.78,AUD
963223,2024-01-27T03:57:30,2024-01-27,599,1,Online,Afterpay,COUPON0---,18.83,AUD
963267,2024-01-27T10:57:28,2024-01-27,98,42,Retail,Afterpay,COUPON---A,3.27,AUD
963284,2024-01-27T04:17:17,2024-01-27,595,32,Retail,PayPal,COUPONZZ-0,6.5,AUD
963328,2024-01-27T22:14:36,2024-01-27,113,15,Retail,Credit Card,COUPON00Z9,1.78,AUD
963337,2024-01-27T03:11:08,2024-01-27,191,33,Online,PayPal,COUPON-Z-0,5.98,AUD
963486,2024-01-27T13:57:15,2024-01-27,363,31,Retail,PayPal,COUPON-AZZ,0.31,AUD
963560,2024-01-27T01:32:23,2024-01-27,657,30,Online,PayPal,COUPONAZA9,13.54,AUD
963635,2024-01-27T21:09:49,2024-01-27,199,8,Retail,PayPal,COUPON-A--,18.46,AUD
963711,2024-01-27T21:51:41,2024-01-27,286,34,Retail,Credit Card,COUPONZ0--,17.28,AUD
963850,2024-01-27T07:54:03,2024-01-27,780,25,Retail,Credit Card,COUPONZ--9,14.99,AUD
963887,2024-01-27T05:28:21,2024-01-27,714,40,Retail,Credit Card,COUPONZZ-9,19.34,AUD
963988,2024-01-27T05:33:08,2024-01-27,225,23,Retail,Credit Card,COUPON-A-A,13.97,AUD
964170,2024-01-27T14:16:38,2024-01-27,776,17,Online,Afterpay,COUPON---Z,17.24,AUD
964633,2024-01-27T02:14:18,2024-01-27,274,11,Online,PayPal,COUPONA9--,4.34,AUD
964765,2024-01-27T02:40:33,2024-01-27,264,1,Retail,PayPal,COUPON-9--,7.6,AUD
964789,2024-01-27T03:14:08,2024-01-27,617,43,Retail,PayPal,COUPONZZ0A,0.7,AUD
964833,2024-01-27T08:21:48,2024-01-27,580,37,Online,Afterpay,COUPONZAZ0,11.9,AUD
964904,2024-01-27T05:55:14,2024-01-27,163,30,Retail,Credit Card,COUPON-AZZ,8.83,AUD
964954,2024-01-27T04:36:08,2024-01-27,280,42,Online,Afterpay,COUPONAZ-A,6.28,AUD
964988,2024-01-27T23:00:36,2024-01-27,330,14,Retail,Credit Card,COUPON-Z-0,14.27,AUD
965074,2024-01-27T10:31:26,2024-01-27,208,6,Online,Afterpay,COUPON9Z-Z,14.1,AUD
965162,2024-01-27T05:37:16,2024-01-27,242,35,Retail,Afterpay,COUPON-A0Z,16.91,AUD
965202,2024-01-27T00:30:24,2024-01-27,24,9,Online,PayPal,COUPONZ-Z-,18.87,AUD
965229,2024-01-27T02:48:30,2024-01-27,47,28,Online,Afterpay,COUPON-ZA9,5.88,AUD
965255,2024-01-27T03:02:45,2024-01-27,86,22,Online,PayPal,COUPON0--Z,2.11,AUD
965308,2024-01-27T07:36:22,2024-01-27,245,15,Retail,Credit Card,COUPONZ-Z0,6.83,AUD
965595,2024-01-27T20:38:45,2024-01-27,40,39,Online,Credit Card,COUPONZ0Z-,16.82,AUD
965598,2024-01-27T14:06:13,2024-01-27,288,19,Retail,Credit Card,COUPON90-9,5.81,AUD
965650,2024-01-27T14:53:37,2024-01-27,236,9,Retail,Afterpay,COUPON9-0-,4.18,AUD
965684,2024-01-27T12:40:56,2024-01-27,18,2,Retail,PayPal,COUPON9--A,19.8,AUD
965824,2024-01-27T07:16:01,2024-01-27,698,22,Online,Afterpay,COUPONZ99A,17.15,AUD
966060,2024-01-27T03:00:43,2024-01-27,401,9,Online,Credit Card,COUPON0Z-A,13.34,AUD
966139,2024-01-27T12:10:50,2024-01-27,678,1,Online,Afterpay,COUPON0-9-,4.92,AUD
966247,2024-01-27T16:34:46,2024-01-27,798,42,Online,Afterpay,COUPONZ-ZZ,2.07,AUD
966255,2024-01-27T16:24:48,2024-01-27,709,16,Retail,PayPal,COUPON-Z9-,10.58,AUD
966267,2024-01-27T01:05:17,2024-01-27,633,36,Retail,Credit Card,COUPON0--0,16.05,AUD
966562,2024-01-27T14:13:18,2024-01-27,219,43,Retail,Afterpay,COUPONAA9A,6.06,AUD
966697,2024-01-27T15:28:03,2024-01-27,779,40,Retail,Afterpay,COUPON--9-,17.64,AUD
966742,2024-01-27T23:42:32,2024-01-27,192,5,Retail,PayPal,COUPON9A-Z,6.47,AUD
966849,2024-01-27T08:49:18,2024-01-27,431,41,Retail,PayPal,COUPON-Z-9,17.39,AUD
966865,2024-01-27T21:42:04,2024-01-27,438,17,Retail,PayPal,COUPONZ---,7.07,AUD
966888,2024-01-27T05:15:07,2024-01-27,152,37,Online,Afterpay,COUPON-0A9,5.7,AUD
966944,2024-01-27T00:39:47,2024-01-27,83,45,Online,Credit Card,COUPONZ9Z-,8.76,AUD
966971,2024-01-27T14:33:15,2024-01-27,779,48,Retail,Afterpay,COUPONZZ0-,15.11,AUD
967124,2024-01-27T12:24:18,2024-01-27,293,12,Retail,PayPal,COUPON-9A-,8.37,AUD
967250,2024-01-27T17:21:49,2024-01-27,715,29,Online,Afterpay,COUPONAZ-Z,4.02,AUD
967391,2024-01-27T17:05:14,2024-01-27,126,36,Online,PayPal,COUPONA0--,14.37,AUD
967406,2024-01-27T12:36:02,2024-01-27,33,39,Online,Afterpay,COUPON0-9-,7.85,AUD
967454,2024-01-27T16:19:39,2024-01-27,529,13,Online,PayPal,COUPON0--9,13.68,AUD
967542,2024-01-27T16:00:47,2024-01-27,773,4,Online,Credit Card,COUPON9A-A,7.26,AUD
967563,2024-01-27T20:15:55,2024-01-27,455,12,Online,Afterpay,COUPON00-9,13.52,AUD
967761,2024-01-27T02:57:46,2024-01-27,317,24,Online,Credit Card,COUPON-9ZZ,14.64,AUD
967947,2024-01-27T05:09:12,2024-01-27,431,31,Online,PayPal,COUPON09Z9,15.76,AUD
968043,2024-01-27T01:53:07,2024-01-27,763,35,Retail,Afterpay,COUPONAA0Z,0.12,AUD
968067,2024-01-27T22:07:22,2024-01-27,32,18,Retail,Afterpay,COUPONZZZ-,19.89,AUD
968122,2024-01-27T10:14:09,2024-01-27,54,31,Retail,Afterpay,COUPONA9--,0.92,AUD
968127,2024-01-27T12:05:01,2024-01-27,362,19,Retail,Credit Card,COUPON--9Z,15.14,AUD
968208,2024-01-27T11:41:11,2024-01-27,222,37,Online,Credit Card,COUPONZ-A0,8.71,AUD
968266,2024-01-27T23:33:14,2024-01-27,88,6,Online,Credit Card,COUPON9Z-9,15.03,AUD
968311,2024-01-27T11:58:54,2024-01-27,585,8,Online,Afterpay,COUPON-09-,18.71,AUD
968323,2024-01-27T07:32:39,2024-01-27,647,23,Retail,Afterpay,COUPONAA99,5.96,AUD
968407,2024-01-27T07:05:30,2024-01-27,316,9,Online,PayPal,COUPON09-9,12.72,AUD
968425,2024-01-27T01:32:28,2024-01-27,681,8,Retail,PayPal,COUPON09A-,6.93,AUD
968539,2024-01-27T18:25:30,2024-01-27,627,41,Retail,PayPal,COUPONA--9,9.74,AUD
968605,2024-01-27T08:46:07,2024-01-27,227,10,Online,Afterpay,COUPONZ-Z0,19.94,AUD
968726,2024-01-27T00:56:04,2024-01-27,453,8,Retail,PayPal,COUPONAA-0,14.83,AUD
968801,2024-01-27T06:10:41,2024-01-27,313,20,Retail,Afterpay,COUPONZ---,0.72,AUD
968943,2024-01-27T23:29:29,2024-01-27,330,26,Retail,Credit Card,COUPON--99,15.98,AUD
969008,2024-01-27T21:14:49,2024-01-27,296,45,Retail,PayPal,COUPONZZZ-,9.24,AUD
969136,2024-01-27T09:17:43,2024-01-27,425,23,Retail,Credit Card,COUPON--A-,0.92,AUD
969143,2024-01-27T19:44:37,2024-01-27,202,1,Retail,Credit Card,COUPON0-A0,17.09,AUD
969166,2024-01-27T03:24:18,2024-01-27,732,36,Online,PayPal,COUPON-AA0,3.78,AUD
969276,2024-01-27T10:16:35,2024-01-27,655,30,Retail,Afterpay,COUPONZ0ZA,10.46,AUD
969342,2024-01-27T22:05:43,2024-01-27,17,36,Online,PayPal,COUPONAAA0,12.88,AUD
969470,2024-01-27T20:50:51,2024-01-27,1,35,Retail,PayPal,COUPONAZ-0,16.2,AUD
969507,2024-01-27T11:08:42,2024-01-27,236,36,Retail,PayPal,COUPON9Z--,4.85,AUD
969534,2024-01-27T09:20:21,2024-01-27,400,17,Online,PayPal,COUPON9ZAZ,6.59,AUD
969543,2024-01-27T16:01:22,2024-01-27,247,19,Retail,Afterpay,COUPON--ZZ,7.51,AUD
969594,2024-01-27T09:21:58,2024-01-27,763,27,Online,PayPal,COUPONZ0AZ,2.51,AUD
969649,2024-01-27T02:22:57,2024-01-27,527,20,Retail,Afterpay,COUPON-9-0,8.84,AUD
969667,2024-01-27T05:46:45,2024-01-27,218,21,Online,Afterpay,COUPON--9Z,19.57,AUD
969671,2024-01-27T06:45:46,2024-01-27,278,30,Retail,Credit Card,COUPONA-9Z,16.94,AUD
970137,2024-01-27T04:48:33,2024-01-27,363,30,Retail,Afterpay,COUPONAA9-,14.97,AUD
970157,2024-01-27T11:44:19,2024-01-27,91,32,Retail,Credit Card,COUPON----,19.71,AUD
970177,2024-01-27T03:25:05,2024-01-27,266,12,Online,PayPal,COUPON-0-9,19.82,AUD
970250,2024-01-27T02:50:48,2024-01-27,716,23,Retail,Credit Card,COUPON-AZZ,14.02,AUD
970400,2024-01-27T10:59:45,2024-01-27,525,33,Retail,Afterpay,COUPONZ9--,16.83,AUD
970706,2024-01-27T22:30:50,2024-01-27,514,46,Retail,PayPal,COUPONZAZA,19.56,AUD
970745,2024-01-27T15:29:08,2024-01-27,777,12,Online,Afterpay,COUPON9---,8.02,AUD
970758,2024-01-27T12:23:20,2024-01-27,766,10,Retail,Afterpay,COUPONAA-9,15.08,AUD
970775,2024-01-27T02:47:30,2024-01-27,175,43,Online,PayPal,COUPONA99-,3.96,AUD
971016,2024-01-27T13:04:27,2024-01-27,636,46,Retail,Afterpay,COUPONZ-99,4.23,AUD
971041,2024-01-27T23:04:50,2024-01-27,568,16,Retail,Afterpay,COUPON0-0Z,17.97,AUD
971044,2024-01-27T04:11:07,2024-01-27,787,5,Online,PayPal,COUPON9-00,12.49,AUD
971130,2024-01-27T06:59:38,2024-01-27,702,2,Retail,Afterpay,COUPON-009,1.75,AUD
971264,2024-01-27T08:28:27,2024-01-27,44,15,Retail,PayPal,COUPONA0ZZ,5.74,AUD
971313,2024-01-27T14:16:54,2024-01-27,761,30,Online,PayPal,COUPONAA-9,5.15,AUD
971325,2024-01-27T16:19:53,2024-01-27,130,26,Online,PayPal,COUPONA---,8.69,AUD
971339,2024-01-27T01:55:01,2024-01-27,732,19,Online,Afterpay,COUPON-ZZZ,10.57,AUD
971392,2024-01-27T05:16:01,2024-01-27,557,2,Retail,Credit Card,COUPONAZ0-,6.72,AUD
971417,2024-01-27T04:35:29,2024-01-27,62,42,Retail,PayPal,COUPON9909,1.25,AUD
971442,2024-01-27T01:52:44,2024-01-27,588,44,Online,Credit Card,COUPONAZ9-,12.35,AUD
971566,2024-01-27T12:29:36,2024-01-27,201,17,Retail,Credit Card,COUPONA-9A,5.58,AUD
971570,2024-01-27T06:34:42,2024-01-27,7,40,Online,Afterpay,COUPON-0Z-,0.17,AUD
971597,2024-01-27T00:42:36,2024-01-27,509,36,Retail,Credit Card,COUPON--0Z,15.29,AUD
971851,2024-01-27T16:39:26,2024-01-27,770,2,Online,PayPal,COUPON0--A,14.93,AUD
971886,2024-01-27T23:55:27,2024-01-27,381,44,Retail,PayPal,COUPON-Z99,3.78,AUD
972005,2024-01-27T06:23:59,2024-01-27,51,12,Online,PayPal,COUPON-990,9.98,AUD
972067,2024-01-27T03:52:52,2024-01-27,320,3,Retail,PayPal,COUPONZ9-Z,3.93,AUD
972392,2024-01-27T10:51:41,2024-01-27,67,16,Online,Credit Card,COUPONZ-0-,19.0,AUD
972493,2024-01-27T01:52:23,2024-01-27,220,5,Retail,Credit Card,COUPON-AA0,11.3,AUD
972537,2024-01-27T05:41:58,2024-01-27,546,15,Retail,Afterpay,COUPONZ9Z0,6.38,AUD
972677,2024-01-27T11:22:54,2024-01-27,301,44,Online,PayPal,COUPON0-AZ,13.01,AUD
972846,2024-01-27T21:32:30,2024-01-27,201,34,Retail,Afterpay,COUPONA-A-,16.06,AUD
972867,2024-01-27T14:38:03,2024-01-27,609,32,Online,Credit Card,COUPONA-ZA,7.43,AUD
972970,2024-01-27T11:04:36,2024-01-27,399,43,Retail,PayPal,COUPONA--0,2.48,AUD
973007,2024-01-27T19:05:01,2024-01-27,41,19,Online,PayPal,COUPONA9-0,15.74,AUD
973057,2024-01-27T21:01:10,2024-01-27,135,23,Online,Afterpay,COUPON-00A,16.42,AUD
973285,2024-01-27T18:25:06,2024-01-27,68,23,Online,Afterpay,COUPONAA0-,16.87,AUD
973381,2024-01-27T11:37:39,2024-01-27,162,48,Retail,PayPal,COUPON-00Z,1.4,AUD
973382,2024-01-27T02:54:27,2024-01-27,221,28,Online,PayPal,COUPONAZ9-,17.37,AUD
973429,2024-01-27T07:09:57,2024-01-27,389,9,Online,Afterpay,COUPONA--Z,0.68,AUD
973582,2024-01-27T11:31:50,2024-01-27,607,42,Online,Afterpay,COUPONZ-9-,15.18,AUD
973654,2024-01-27T12:20:47,2024-01-27,186,42,Online,PayPal,COUPON-Z-Z,2.79,AUD
973829,2024-01-27T19:57:20,2024-01-27,410,28,Online,PayPal,COUPONZ-A0,8.81,AUD
973859,2024-01-27T16:29:55,2024-01-27,67,11,Online,Afterpay,COUPON0Z--,2.72,AUD
973886,2024-01-27T14:09:53,2024-01-27,238,17,Retail,PayPal,COUPON0ZZ-,16.3,AUD
974082,2024-01-27T05:47:45,2024-01-27,279,48,Retail,Credit Card,COUPON9-9Z,14.77,AUD
974202,2024-01-27T23:59:14,2024-01-27,703,44,Online,Afterpay,COUPONA9-A,19.51,AUD
974203,2024-01-27T04:06:49,2024-01-27,528,28,Online,PayPal,COUPONA0-9,13.98,AUD
974417,2024-01-27T20:15:27,2024-01-27,302,19,Retail,Afterpay,COUPONZ-90,19.18,AUD
974562,2024-01-27T12:09:10,2024-01-27,208,21,Retail,Afterpay,COUPON90A-,2.3,AUD
974616,2024-01-27T15:29:23,2024-01-27,333,13,Online,Credit Card,COUPONA-A0,10.6,AUD
974627,2024-01-27T08:00:16,2024-01-27,335,27,Retail,PayPal,COUPON-090,0.8,AUD
974680,2024-01-27T14:11:54,2024-01-27,525,43,Retail,Afterpay,COUPONAZ9Z,6.04,AUD
974705,2024-01-27T01:49:35,2024-01-27,35,44,Retail,PayPal,COUPONZ-9-,9.29,AUD
974915,2024-01-27T00:48:23,2024-01-27,747,7,Retail,Credit Card,COUPON-ZZ9,14.31,AUD
975095,2024-01-27T13:14:02,2024-01-27,356,35,Retail,PayPal,COUPON-09-,18.15,AUD
975110,2024-01-27T21:51:27,2024-01-27,4,14,Online,Afterpay,COUPON-0-Z,7.29,AUD
975121,2024-01-27T22:09:47,2024-01-27,110,14,Online,PayPal,COUPON0-90,15.75,AUD
975155,2024-01-27T14:39:58,2024-01-27,30,24,Retail,PayPal,COUPON90-0,17.33,AUD
975265,2024-01-27T09:15:31,2024-01-27,211,4,Online,Afterpay,COUPONA--Z,8.05,AUD
975404,2024-01-27T12:47:27,2024-01-27,381,7,Online,PayPal,COUPON00Z-,16.24,AUD
975452,2024-01-27T01:20:33,2024-01-27,104,1,Online,Afterpay,COUPON09-0,5.76,AUD
975618,2024-01-27T15:53:06,2024-01-27,66,36,Retail,Afterpay,COUPON--0Z,5.07,AUD
975768,2024-01-27T01:03:41,2024-01-27,276,2,Retail,Afterpay,COUPONZ-AZ,11.02,AUD
975786,2024-01-27T17:49:44,2024-01-27,311,11,Retail,Credit Card,COUPON-AA-,1.71,AUD
975790,2024-01-27T04:51:45,2024-01-27,347,27,Retail,PayPal,COUPONA00-,2.47,AUD
976008,2024-01-27T22:14:47,2024-01-27,549,48,Online,Afterpay,COUPONA9AA,8.38,AUD
976019,2024-01-27T08:11:44,2024-01-27,113,43,Online,Afterpay,COUPON0-Z-,11.49,AUD
976027,2024-01-27T05:28:10,2024-01-27,51,22,Online,Afterpay,COUPONAZ0-,10.62,AUD
976153,2024-01-27T00:30:18,2024-01-27,320,48,Retail,Credit Card,COUPON--9-,18.33,AUD
976277,2024-01-27T12:44:55,2024-01-27,528,1,Retail,Credit Card,COUPON-A-A,12.46,AUD
976369,2024-01-27T09:44:12,2024-01-27,405,16,Retail,Credit Card,COUPON-Z--,8.9,AUD
976539,2024-01-27T17:06:46,2024-01-27,276,49,Online,PayPal,COUPON9Z-9,12.68,AUD
976818,2024-01-27T15:22:57,2024-01-27,605,20,Online,PayPal,COUPONA9A0,11.35,AUD
976836,2024-01-27T09:59:15,2024-01-27,305,26,Retail,Credit Card,COUPON0-9A,12.17,AUD
977115,2024-01-27T18:06:11,2024-01-27,156,5,Online,Afterpay,COUPONA-A9,14.01,AUD
977169,2024-01-27T06:02:03,2024-01-27,296,25,Retail,PayPal,COUPON-00A,19.32,AUD
977521,2024-01-27T04:14:57,2024-01-27,772,18,Retail,Afterpay,COUPON-Z-Z,16.06,AUD
977575,2024-01-27T01:02:57,2024-01-27,53,35,Retail,Credit Card,COUPON--0Z,18.78,AUD
977644,2024-01-27T23:20:15,2024-01-27,305,32,Retail,Credit Card,COUPON-Z9Z,11.23,AUD
977751,2024-01-27T02:44:50,2024-01-27,129,3,Online,Credit Card,COUPON-0-0,0.86,AUD
977814,2024-01-27T16:06:49,2024-01-27,702,46,Online,PayPal,COUPONZ-9-,13.45,AUD
977999,2024-01-27T20:11:59,2024-01-27,589,26,Retail,Credit Card,COUPON---9,13.16,AUD
978065,2024-01-27T14:46:37,2024-01-27,559,12,Online,Credit Card,COUPON--Z0,3.48,AUD
978221,2024-01-27T06:59:18,2024-01-27,665,22,Online,Afterpay,COUPON9000,9.3,AUD
978379,2024-01-27T21:54:20,2024-01-27,532,1,Retail,PayPal,COUPON9AZZ,17.46,AUD
978428,2024-01-27T00:35:36,2024-01-27,674,7,Online,Afterpay,COUPON--Z9,10.57,AUD
978467,2024-01-27T16:39:37,2024-01-27,254,24,Retail,Credit Card,COUPON---Z,4.81,AUD
978603,2024-01-27T01:19:27,2024-01-27,643,49,Retail,PayPal,COUPONA099,12.03,AUD
978774,2024-01-27T21:02:33,2024-01-27,526,7,Retail,Afterpay,COUPON-Z00,4.85,AUD
978911,2024-01-27T06:08:07,2024-01-27,216,38,Retail,Afterpay,COUPON--A9,3.75,AUD
978943,2024-01-27T19:59:55,2024-01-27,575,38,Online,Credit Card,COUPON-Z--,4.93,AUD
978952,2024-01-27T11:07:09,2024-01-27,216,48,Online,PayPal,COUPONAAZA,15.81,AUD
979003,2024-01-27T14:52:54,2024-01-27,648,30,Retail,Afterpay,COUPON0909,15.45,AUD
979037,2024-01-27T19:35:50,2024-01-27,767,44,Retail,Credit Card,COUPONZZ-A,19.32,AUD
979055,2024-01-27T05:36:24,2024-01-27,267,31,Online,PayPal,COUPONA9ZA,16.84,AUD
979095,2024-01-27T06:53:02,2024-01-27,273,40,Retail,Afterpay,COUPON9--A,7.45,AUD
979149,2024-01-27T02:23:34,2024-01-27,346,20,Retail,Afterpay,COUPON-9Z9,19.8,AUD
979173,2024-01-27T10:02:32,2024-01-27,658,15,Retail,PayPal,COUPON-0Z0,15.85,AUD
979212,2024-01-27T02:00:04,2024-01-27,759,28,Online,Afterpay,COUPONAA-9,14.99,AUD
979273,2024-01-27T08:38:49,2024-01-27,49,7,Online,Afterpay,COUPON0-A0,19.12,AUD
979396,2024-01-27T08:12:44,2024-01-27,747,5,Retail,Credit Card,COUPON-A9-,11.02,AUD
979585,2024-01-27T05:15:38,2024-01-27,669,30,Retail,PayPal,COUPON9-9Z,15.87,AUD
979765,2024-01-27T00:38:25,2024-01-27,294,12,Retail,Credit Card,COUPON---0,16.29,AUD
979780,2024-01-27T08:54:29,2024-01-27,1,7,Retail,Afterpay,COUPON0-0-,12.71,AUD
980411,2024-01-27T14:06:17,2024-01-27,261,48,Online,Credit Card,COUPON09-9,15.05,AUD
980577,2024-01-27T17:02:40,2024-01-27,783,32,Online,PayPal,COUPON-AZA,11.77,AUD
980605,2024-01-27T10:58:51,2024-01-27,532,31,Online,Afterpay,COUPON-0Z-,11.94,AUD
980610,2024-01-27T23:00:27,2024-01-27,406,49,Online,Afterpay,COUPON90A9,18.18,AUD
980621,2024-01-27T22:24:01,2024-01-27,105,34,Online,Credit Card,COUPON9A-0,1.62,AUD
980723,2024-01-27T07:28:55,2024-01-27,494,13,Online,Afterpay,COUPON-A-Z,9.81,AUD
980731,2024-01-27T03:15:26,2024-01-27,79,38,Online,Afterpay,COUPON-0-9,6.22,AUD
980829,2024-01-27T13:25:22,2024-01-27,687,32,Retail,Afterpay,COUPON-0Z0,15.66,AUD
980846,2024-01-27T13:51:33,2024-01-27,357,22,Online,Credit Card,COUPONA9-Z,10.27,AUD
980933,2024-01-27T08:47:03,2024-01-27,33,49,Retail,PayPal,COUPON--A-,12.1,AUD
981025,2024-01-27T20:33:26,2024-01-27,350,23,Online,Credit Card,COUPONAA-0,12.55,AUD
981160,2024-01-27T16:10:57,2024-01-27,454,4,Retail,Afterpay,COUPON0-0A,9.43,AUD
981236,2024-01-27T02:44:34,2024-01-27,512,33,Retail,Afterpay,COUPONZA9Z,13.21,AUD
981304,2024-01-27T20:56:35,2024-01-27,624,7,Online,PayPal,COUPONAZ-A,19.46,AUD
981323,2024-01-27T10:34:41,2024-01-27,631,45,Retail,PayPal,COUPON9--Z,1.58,AUD
981373,2024-01-27T15:26:28,2024-01-27,273,31,Retail,Afterpay,COUPON-99-,10.03,AUD
981487,2024-01-27T19:07:22,2024-01-27,136,14,Retail,Afterpay,COUPON-009,17.08,AUD
981569,2024-01-27T01:16:22,2024-01-27,51,29,Online,Afterpay,COUPON-09Z,13.91,AUD
981590,2024-01-27T03:04:42,2024-01-27,312,11,Online,PayPal,COUPON0Z99,1.56,AUD
981706,2024-01-27T15:56:23,2024-01-27,19,30,Retail,PayPal,COUPON-AA0,7.44,AUD
981730,2024-01-27T17:58:32,2024-01-27,88,5,Online,PayPal,COUPON--ZZ,19.61,AUD
981794,2024-01-27T16:47:55,2024-01-27,688,16,Retail,Afterpay,COUPONA--A,18.17,AUD
981804,2024-01-27T07:10:43,2024-01-27,436,47,Retail,PayPal,COUPON90Z-,15.67,AUD
981830,2024-01-27T04:11:33,2024-01-27,232,26,Retail,Credit Card,COUPON-9Z0,17.38,AUD
981866,2024-01-27T03:52:30,2024-01-27,478,3,Online,Afterpay,COUPON-A--,2.58,AUD
981880,2024-01-27T21:55:37,2024-01-27,780,12,Retail,PayPal,COUPONZ-Z0,2.91,AUD
982178,2024-01-27T20:36:13,2024-01-27,426,10,Online,PayPal,COUPON-0AZ,19.91,AUD
982206,2024-01-27T13:33:21,2024-01-27,534,48,Online,Credit Card,COUPON-AZ0,1.6,AUD
982287,2024-01-27T01:52:22,2024-01-27,156,39,Online,Afterpay,COUPON-0Z-,10.96,AUD
982443,2024-01-27T16:35:30,2024-01-27,434,4,Retail,Afterpay,COUPON-09-,12.01,AUD
982484,2024-01-27T00:13:14,2024-01-27,109,22,Retail,Credit Card,COUPON--99,7.52,AUD
982517,2024-01-27T03:04:31,2024-01-27,468,37,Online,PayPal,COUPON90-0,1.87,AUD
982547,2024-01-27T23:29:01,2024-01-27,656,26,Retail,Credit Card,COUPON--Z-,13.81,AUD
982568,2024-01-27T01:51:38,2024-01-27,664,39,Online,Afterpay,COUPONZ9ZA,10.09,AUD
982860,2024-01-27T03:54:37,2024-01-27,473,39,Retail,PayPal,COUPON-009,11.49,AUD
982866,2024-01-27T02:56:21,2024-01-27,249,14,Retail,Credit Card,COUPON0ZZ9,16.74,AUD
983018,2024-01-27T15:35:35,2024-01-27,672,36,Online,Credit Card,COUPONA-ZZ,9.75,AUD
983086,2024-01-27T16:03:34,2024-01-27,473,21,Retail,PayPal,COUPON9A-9,8.52,AUD
983270,2024-01-27T22:44:45,2024-01-27,298,24,Retail,PayPal,COUPON0-9-,1.98,AUD
983331,2024-01-27T13:30:25,2024-01-27,740,7,Retail,Afterpay,COUPON9---,2.25,AUD
983339,2024-01-27T00:59:08,2024-01-27,69,24,Online,Afterpay,COUPONA909,9.03,AUD
983386,2024-01-27T18:55:56,2024-01-27,554,20,Online,Credit Card,COUPON-A0-,12.68,AUD
983395,2024-01-27T14:16:29,2024-01-27,481,27,Online,PayPal,COUPONZ-99,17.44,AUD
983607,2024-01-27T03:28:34,2024-01-27,291,22,Online,PayPal,COUPONAA-0,14.82,AUD
983731,2024-01-27T10:01:48,2024-01-27,187,5,Online,Credit Card,COUPONA-00,1.07,AUD
983739,2024-01-27T01:02:16,2024-01-27,105,42,Retail,Credit Card,COUPONA--A,12.98,AUD
983854,2024-01-27T18:15:31,2024-01-27,704,15,Retail,PayPal,COUPON0ZZ-,13.09,AUD
983876,2024-01-27T13:43:59,2024-01-27,346,3,Retail,Credit Card,COUPONA-A-,18.49,AUD
984011,2024-01-27T03:19:06,2024-01-27,312,4,Retail,Afterpay,COUPONZZ0-,2.36,AUD
984067,2024-01-27T05:03:48,2024-01-27,55,32,Retail,PayPal,COUPON--ZA,4.66,AUD
984078,2024-01-27T22:09:59,2024-01-27,777,11,Retail,PayPal,COUPON-0Z0,16.33,AUD
984091,2024-01-27T15:39:58,2024-01-27,421,35,Retail,PayPal,COUPON9-90,4.92,AUD
984095,2024-01-27T15:38:02,2024-01-27,94,33,Retail,Credit Card,COUPON-0A-,12.62,AUD
984106,2024-01-27T05:14:07,2024-01-27,194,8,Retail,Credit Card,COUPON0--0,12.25,AUD
984209,2024-01-27T07:47:56,2024-01-27,272,1,Retail,PayPal,COUPON-A0-,0.65,AUD
984243,2024-01-27T17:26:14,2024-01-27,648,3,Retail,Afterpay,COUPON9-Z-,14.43,AUD
984253,2024-01-27T02:28:16,2024-01-27,428,48,Retail,PayPal,COUPON9-0-,17.18,AUD
984367,2024-01-27T09:17:46,2024-01-27,726,42,Online,Afterpay,COUPONA---,18.7,AUD
984384,2024-01-27T15:47:15,2024-01-27,670,34,Retail,Afterpay,COUPON---0,1.69,AUD
984451,2024-01-27T21:59:49,2024-01-27,277,34,Online,PayPal,COUPON---Z,7.92,AUD
984528,2024-01-27T14:04:51,2024-01-27,383,39,Online,Credit Card,COUPONAZZZ,16.77,AUD
984642,2024-01-27T10:47:07,2024-01-27,658,10,Online,PayPal,COUPON90Z0,5.99,AUD
984673,2024-01-27T05:42:56,2024-01-27,387,28,Retail,PayPal,COUPON-Z-9,5.35,AUD
984732,2024-01-27T21:38:50,2024-01-27,191,21,Online,Afterpay,COUPON-Z-0,16.16,AUD
984859,2024-01-27T14:17:41,2024-01-27,267,34,Retail,Credit Card,COUPONAA0-,10.44,AUD
984997,2024-01-27T07:11:26,2024-01-27,46,37,Online,PayPal,COUPON0AA9,0.47,AUD
985030,2024-01-27T17:32:40,2024-01-27,445,22,Online,Afterpay,COUPON99-9,15.13,AUD
985082,2024-01-27T22:49:50,2024-01-27,505,7,Retail,Credit Card,COUPON-09A,4.14,AUD
985137,2024-01-27T08:01:52,2024-01-27,377,38,Retail,Afterpay,COUPON-Z9-,8.22,AUD
985254,2024-01-27T08:35:49,2024-01-27,346,31,Retail,Afterpay,COUPON-0-A,15.49,AUD
985258,2024-01-27T07:36:07,2024-01-27,357,29,Online,Afterpay,COUPONAZ0-,9.38,AUD
985346,2024-01-27T19:46:33,2024-01-27,670,35,Online,PayPal,COUPON-9A-,17.34,AUD
985492,2024-01-27T13:57:19,2024-01-27,759,17,Retail,Afterpay,COUPON09-Z,17.32,AUD
985613,2024-01-27T01:57:11,2024-01-27,753,47,Online,PayPal,COUPON-A09,3.13,AUD
985726,2024-01-27T18:34:35,2024-01-27,477,30,Retail,PayPal,COUPONA90A,9.3,AUD
986146,2024-01-27T19:26:58,2024-01-27,627,23,Retail,Afterpay,COUPONZ0-9,2.39,AUD
986163,2024-01-27T15:29:44,2024-01-27,615,35,Online,PayPal,COUPONZ-9-,16.2,AUD
986205,2024-01-27T02:33:50,2024-01-27,586,38,Retail,Credit Card,COUPON---9,14.29,AUD
986268,2024-01-27T14:08:26,2024-01-27,186,44,Online,Credit Card,COUPON99A0,16.88,AUD
986348,2024-01-27T10:40:05,2024-01-27,557,17,Online,Credit Card,COUPON----,10.44,AUD
986700,2024-01-27T01:24:44,2024-01-27,692,21,Retail,PayPal,COUPON9Z-A,9.17,AUD
986769,2024-01-27T23:01:23,2024-01-27,438,20,Online,Credit Card,COUPON0A9Z,18.85,AUD
986795,2024-01-27T02:23:37,2024-01-27,644,34,Online,Credit Card,COUPON-ZAA,1.02,AUD
986803,2024-01-27T19:29:45,2024-01-27,791,18,Online,Afterpay,COUPON0--A,19.66,AUD
986897,2024-01-27T09:27:43,2024-01-27,55,17,Retail,PayPal,COUPON-0ZZ,10.62,AUD
986963,2024-01-27T18:24:46,2024-01-27,457,40,Online,PayPal,COUPON9--Z,13.5,AUD
986986,2024-01-27T04:08:54,2024-01-27,589,48,Online,Afterpay,COUPON-ZZ-,7.27,AUD
987002,2024-01-27T02:36:17,2024-01-27,320,35,Retail,Credit Card,COUPON-0--,4.97,AUD
987006,2024-01-27T17:32:01,2024-01-27,655,28,Retail,Afterpay,COUPON0Z--,16.3,AUD
987084,2024-01-27T13:07:18,2024-01-27,565,1,Retail,Credit Card,COUPON-0A9,17.18,AUD
987299,2024-01-27T06:15:09,2024-01-27,567,22,Retail,Credit Card,COUPON0--Z,12.16,AUD
987556,2024-01-27T06:33:38,2024-01-27,185,1,Online,PayPal,COUPONZ-9Z,16.56,AUD
987598,2024-01-27T20:47:58,2024-01-27,183,45,Online,PayPal,COUPON099A,15.67,AUD
987688,2024-01-27T05:51:24,2024-01-27,328,19,Online,Afterpay,COUPON-Z-Z,15.71,AUD
987713,2024-01-27T12:24:53,2024-01-27,258,47,Online,PayPal,COUPON9-09,15.9,AUD
987792,2024-01-27T21:11:21,2024-01-27,444,10,Retail,Credit Card,COUPON---A,11.9,AUD
987976,2024-01-27T11:17:01,2024-01-27,542,4,Online,Afterpay,COUPON9--A,8.56,AUD
988026,2024-01-27T06:43:02,2024-01-27,82,48,Online,PayPal,COUPON9-9-,9.26,AUD
988028,2024-01-27T18:39:07,2024-01-27,411,32,Online,Afterpay,COUPONZZA-,6.49,AUD
988092,2024-01-27T08:03:12,2024-01-27,780,41,Retail,Afterpay,COUPONZ--A,0.67,AUD
988136,2024-01-27T04:26:15,2024-01-27,609,43,Online,Credit Card,COUPON0ZZZ,0.76,AUD
988219,2024-01-27T16:27:31,2024-01-27,641,49,Online,PayPal,COUPONZZ9Z,14.26,AUD
988236,2024-01-27T14:18:39,2024-01-27,382,40,Retail,Credit Card,COUPONZ-0A,19.65,AUD
988489,2024-01-27T07:55:44,2024-01-27,502,2,Retail,Afterpay,COUPON9-Z-,7.42,AUD
988540,2024-01-27T23:35:21,2024-01-27,281,47,Online,Afterpay,COUPON0AZ-,17.2,AUD
988545,2024-01-27T22:25:20,2024-01-27,405,13,Retail,Credit Card,COUPON0A-Z,6.01,AUD
988775,2024-01-27T10:46:34,2024-01-27,744,28,Retail,Afterpay,COUPON--00,18.35,AUD
988836,2024-01-27T15:40:37,2024-01-27,597,31,Online,Credit Card,COUPONA0AA,19.08,AUD
988879,2024-01-27T11:14:10,2024-01-27,699,33,Online,Credit Card,COUPON0A--,2.78,AUD
988897,2024-01-27T18:20:18,2024-01-27,717,23,Retail,Credit Card,COUPON-Z9A,17.58,AUD
989030,2024-01-27T23:25:16,2024-01-27,654,43,Online,PayPal,COUPON9Z-0,19.82,AUD
989137,2024-01-27T20:00:13,2024-01-27,611,44,Online,Credit Card,COUPON-0A9,17.96,AUD
989244,2024-01-27T08:22:59,2024-01-27,685,12,Online,PayPal,COUPON09-Z,6.93,AUD
989291,2024-01-27T21:01:07,2024-01-27,392,35,Retail,Afterpay,COUPON--A-,5.59,AUD
989357,2024-01-27T12:44:18,2024-01-27,63,20,Retail,Afterpay,COUPON9--Z,6.65,AUD
989447,2024-01-27T09:25:44,2024-01-27,160,17,Online,Credit Card,COUPON9Z-Z,4.77,AUD
989683,2024-01-27T11:08:22,2024-01-27,507,1,Retail,Afterpay,COUPON-0A0,0.98,AUD
989803,2024-01-27T07:05:49,2024-01-27,16,13,Online,Credit Card,COUPON0---,16.44,AUD
989905,2024-01-27T01:13:15,2024-01-27,467,10,Retail,Credit Card,COUPONAZ09,13.73,AUD
990251,2024-01-27T20:14:54,2024-01-27,461,41,Online,Afterpay,COUPONZ-9-,9.83,AUD
990256,2024-01-27T06:14:38,2024-01-27,694,37,Online,PayPal,COUPON9Z-9,10.22,AUD
990415,2024-01-27T00:07:14,2024-01-27,84,7,Retail,PayPal,COUPON-Z--,13.03,AUD
990606,2024-01-27T22:49:42,2024-01-27,694,34,Retail,Afterpay,COUPON-A0Z,11.33,AUD
990664,2024-01-27T01:50:12,2024-01-27,81,45,Online,PayPal,COUPON09-A,13.15,AUD
990725,2024-01-27T22:11:37,2024-01-27,672,36,Retail,Credit Card,COUPON9A9A,3.1,AUD
990797,2024-01-27T13:17:28,2024-01-27,315,31,Online,Afterpay,COUPONAZA-,0.86,AUD
990850,2024-01-27T04:51:13,2024-01-27,776,9,Online,PayPal,COUPON---0,12.99,AUD
990877,2024-01-27T02:24:03,2024-01-27,44,42,Online,PayPal,COUPON-A--,7.77,AUD
991029,2024-01-27T15:06:38,2024-01-27,693,8,Retail,Afterpay,COUPONZA0-,19.44,AUD
991054,2024-01-27T18:43:46,2024-01-27,736,26,Retail,PayPal,COUPON----,16.89,AUD
991107,2024-01-27T06:44:29,2024-01-27,791,18,Online,PayPal,COUPON9909,5.01,AUD
991200,2024-01-27T21:31:54,2024-01-27,27,11,Online,Credit Card,COUPON9-9A,6.22,AUD
991308,2024-01-27T10:05:47,2024-01-27,180,2,Online,PayPal,COUPON0A90,13.76,AUD
991391,2024-01-27T12:50:10,2024-01-27,58,2,Retail,PayPal,COUPON0A-9,16.65,AUD
991547,2024-01-27T11:57:47,2024-01-27,617,11,Online,Credit Card,COUPON9-0-,19.55,AUD
991638,2024-01-27T15:10:46,2024-01-27,435,32,Online,Afterpay,COUPON-9-Z,17.5,AUD
991795,2024-01-27T16:12:47,2024-01-27,594,8,Online,Afterpay,COUPON9AZ0,9.68,AUD
991880,2024-01-27T15:36:24,2024-01-27,373,7,Online,PayPal,COUPON99--,1.67,AUD
991999,2024-01-27T12:16:18,2024-01-27,717,46,Online,Afterpay,COUPON-00-,3.79,AUD
992382,2024-01-27T02:37:46,2024-01-27,301,19,Retail,PayPal,COUPONAZAZ,14.78,AUD
992604,2024-01-27T01:43:20,2024-01-27,555,21,Retail,PayPal,COUPON0Z-0,12.17,AUD
992617,2024-01-27T03:52:32,2024-01-27,366,23,Online,Credit Card,COUPON-Z-0,8.15,AUD
993137,2024-01-27T12:16:46,2024-01-27,119,43,Online,Credit Card,COUPON-099,17.03,AUD
993275,2024-01-27T09:21:42,2024-01-27,661,46,Online,Afterpay,COUPON9Z--,18.01,AUD
993346,2024-01-27T21:21:25,2024-01-27,93,21,Online,Credit Card,COUPONA-99,19.53,AUD
993555,2024-01-27T08:13:26,2024-01-27,492,46,Online,Afterpay,COUPON--0-,3.53,AUD
993682,2024-01-27T07:14:45,2024-01-27,763,32,Retail,PayPal,COUPON--09,14.77,AUD
993892,2024-01-27T23:56:40,2024-01-27,499,32,Retail,Credit Card,COUPONAA9-,10.93,AUD
993973,2024-01-27T00:20:47,2024-01-27,204,39,Retail,Credit Card,COUPON0--A,16.59,AUD
994009,2024-01-27T08:47:30,2024-01-27,610,35,Online,Afterpay,COUPON-ZZZ,13.55,AUD
994063,2024-01-27T03:10:01,2024-01-27,196,7,Online,Credit Card,COUPON---0,14.98,AUD
994320,2024-01-27T04:10:44,2024-01-27,393,29,Retail,PayPal,COUPONZ--9,11.41,AUD
994596,2024-01-27T17:04:58,2024-01-27,54,3,Online,PayPal,COUPON9-A-,4.16,AUD
994614,2024-01-27T00:24:42,2024-01-27,331,40,Retail,PayPal,COUPON-9-Z,7.83,AUD
994652,2024-01-27T14:43:28,2024-01-27,760,28,Retail,PayPal,COUPONZA9Z,3.18,AUD
994773,2024-01-27T11:29:49,2024-01-27,775,21,Online,Afterpay,COUPON9ZAZ,11.97,AUD
994801,2024-01-27T09:22:54,2024-01-27,56,6,Retail,Afterpay,COUPONA--Z,15.73,AUD
994879,2024-01-27T16:02:28,2024-01-27,779,22,Retail,Afterpay,COUPONAA-A,9.53,AUD
995066,2024-01-27T17:08:51,2024-01-27,536,34,Retail,PayPal,COUPON0A90,5.02,AUD
995156,2024-01-27T05:35:40,2024-01-27,128,8,Online,Afterpay,COUPONZ99-,13.69,AUD
995214,2024-01-27T14:52:00,2024-01-27,308,46,Retail,PayPal,COUPON000-,14.73,AUD
995215,2024-01-27T12:01:43,2024-01-27,717,16,Retail,Credit Card,COUPON-A-A,1.85,AUD
995431,2024-01-27T21:36:11,2024-01-27,217,20,Online,PayPal,COUPON9---,8.36,AUD
995435,2024-01-27T04:12:17,2024-01-27,118,27,Retail,Afterpay,COUPON-Z99,7.99,AUD
995450,2024-01-27T03:36:58,2024-01-27,666,25,Online,Credit Card,COUPONZA0A,10.13,AUD
995646,2024-01-27T02:41:46,2024-01-27,446,26,Retail,Afterpay,COUPONA9--,9.55,AUD
995829,2024-01-27T12:01:23,2024-01-27,154,26,Online,PayPal,COUPON-99-,13.54,AUD
995838,2024-01-27T19:14:47,2024-01-27,635,22,Online,PayPal,COUPON-A-9,9.04,AUD
996030,2024-01-27T01:49:24,2024-01-27,183,13,Retail,Afterpay,COUPON0--0,3.35,AUD
996153,2024-01-27T09:53:52,2024-01-27,691,26,Retail,PayPal,COUPONZ---,9.43,AUD
996203,2024-01-27T23:28:21,2024-01-27,247,7,Online,Credit Card,COUPON9Z9-,9.94,AUD
996335,2024-01-27T14:13:06,2024-01-27,388,23,Online,Credit Card,COUPON-A-9,13.18,AUD
996384,2024-01-27T15:15:27,2024-01-27,293,12,Online,Afterpay,COUPON9-9Z,19.62,AUD
996401,2024-01-27T20:00:03,2024-01-27,433,5,Retail,Afterpay,COUPON0---,11.65,AUD
996437,2024-01-27T13:11:07,2024-01-27,253,23,Retail,Afterpay,COUPONA9-A,2.4,AUD
996462,2024-01-27T22:03:48,2024-01-27,266,18,Online,PayPal,COUPON9---,9.27,AUD
996624,2024-01-27T06:19:31,2024-01-27,191,16,Online,PayPal,COUPON909-,14.42,AUD
996649,2024-01-27T09:38:39,2024-01-27,255,43,Retail,PayPal,COUPONA0AA,12.59,AUD
996689,2024-01-27T14:55:29,2024-01-27,376,13,Retail,PayPal,COUPONZ0-9,10.9,AUD
996699,2024-01-27T22:44:03,2024-01-27,526,19,Retail,Afterpay,COUPONAZ0-,5.75,AUD
996908,2024-01-27T10:12:09,2024-01-27,388,21,Online,Credit Card,COUPONAA-A,13.16,AUD
996960,2024-01-27T15:28:22,2024-01-27,531,25,Retail,PayPal,COUPON-Z0-,14.47,AUD
996985,2024-01-27T17:25:27,2024-01-27,342,17,Online,Credit Card,COUPONAZ9A,14.92,AUD
997129,2024-01-27T17:37:53,2024-01-27,546,37,Online,Afterpay,COUPON99-Z,16.63,AUD
997323,2024-01-27T06:31:15,2024-01-27,738,21,Retail,Credit Card,COUPON--99,11.73,AUD
997325,2024-01-27T15:35:50,2024-01-27,607,2,Retail,Afterpay,COUPON--0Z,12.94,AUD
997357,2024-01-27T19:02:08,2024-01-27,108,19,Retail,Credit Card,COUPONZ--9,19.15,AUD
997458,2024-01-27T02:26:12,2024-01-27,52,34,Retail,Credit Card,COUPON9A9-,9.5,AUD
997641,2024-01-27T15:17:40,2024-01-27,633,8,Retail,Afterpay,COUPONZ-9A,1.98,AUD
997800,2024-01-27T14:28:55,2024-01-27,267,39,Online,Credit Card,COUPON9-9A,16.28,AUD
997849,2024-01-27T08:35:40,2024-01-27,175,13,Retail,Credit Card,COUPON90-0,4.45,AUD
997973,2024-01-27T07:44:30,2024-01-27,227,1,Retail,PayPal,COUPONZ9-A,19.57,AUD
998085,2024-01-27T05:40:39,2024-01-27,108,45,Retail,Afterpay,COUPONZ90-,9.66,AUD
998205,2024-01-27T07:31:36,2024-01-27,434,33,Retail,Credit Card,COUPON0-A9,16.03,AUD
998300,2024-01-27T08:34:38,2024-01-27,436,14,Online,PayPal,COUPON---9,12.41,AUD
998415,2024-01-27T23:02:36,2024-01-27,321,8,Retail,PayPal,COUPON0A--,15.21,AUD
998544,2024-01-27T14:10:52,2024-01-27,439,13,Online,PayPal,COUPONAA-A,14.77,AUD
998566,2024-01-27T05:40:44,2024-01-27,672,14,Online,Credit Card,COUPONZ9Z-,8.26,AUD
998679,2024-01-27T05:30:52,2024-01-27,45,42,Retail,Afterpay,COUPONZA00,0.44,AUD
998860,2024-01-27T01:46:57,2024-01-27,724,29,Online,Credit Card,COUPON0-AZ,7.78,AUD
998912,2024-01-27T04:01:03,2024-01-27,723,13,Retail,Afterpay,COUPON-99A,11.16,AUD
998947,2024-01-27T13:27:44,2024-01-27,46,20,Online,Afterpay,COUPONAA00,5.28,AUD
999075,2024-01-27T19:16:37,2024-01-27,346,33,Online,Afterpay,COUPON--A-,14.79,AUD
999116,2024-01-27T10:51:30,2024-01-27,327,20,Online,Credit Card,COUPONA--9,7.2,AUD
999155,2024-01-27T19:40:41,2024-01-27,681,20,Retail,Credit Card,COUPON-9-0,9.2,AUD
999215,2024-01-27T16:41:45,2024-01-27,302,18,Retail,Credit Card,COUPONA-0Z,8.78,AUD
999249,2024-01-27T18:17:05,2024-01-27,582,17,Retail,Credit Card,COUPONA-A0,10.53,AUD
999450,2024-01-27T17:01:12,2024-01-27,737,39,Online,Afterpay,COUPON--9A,11.84,AUD
999556,2024-01-27T07:51:28,2024-01-27,86,24,Online,PayPal,COUPONA-9-,8.92,AUD
999706,2024-01-27T10:52:51,2024-01-27,731,24,Online,PayPal,COUPONA9-A,9.92,AUD
999722,2024-01-27T05:28:00,2024-01-27,483,17,Retail,Credit Card,COUPONA0--,15.57,AUD
999750,2024-01-27T14:51:19,2024-01-27,52,16,Online,Credit Card,COUPON--Z0,4.19,AUD
999771,2024-01-27T06:42:06,2024-01-27,687,36,Online,Afterpay,COUPON00A-,3.89,AUD
999875,2024-01-27T15:19:23,2024-01-27,47,19,Retail,Afterpay,COUPON-0A-,17.9,AUD
999906,2024-01-27T08:33:59,2024-01-27,530,12,Retail,Credit Card,COUPONAZ--,18.71,AUD
999930,2024-01-27T06:59:52,2024-01-27,207,23,Retail,Credit Card,COUPON0-A0,9.1,AUD
999965,2024-01-27T19:41:53,2024-01-27,734,38,Online,Credit Card,COUPON--ZA,0.7,AUD
999973,2024-01-27T15:47:44,2024-01-27,570,32,Online,Afterpay,COUPON9-ZA,11.81,AUD
