order_id,order_ts,order_dt_local,customer_id,store_id,channel,payment_method,coupon_code,shipping_fee,currency
419,2024-03-17T09:38:30,2024-03-17,898,137,Online,Afterpay,COUPON---0,13.45,AUD
450,2024-03-17T06:46:27,2024-03-17,858,104,Online,PayPal,COUPON9090,1.56,AUD
503,2024-03-17T12:08:27,2024-03-17,810,128,Retail,Afterpay,COUPONZZ-9,4.17,AUD
520,2024-03-17T21:20:30,2024-03-17,847,52,Online,Afterpay,COUPON-A9Z,12.84,AUD
657,2024-03-17T05:35:57,2024-03-17,804,78,Online,PayPal,COUPONA-A-,15.64,AUD
665,2024-03-17T05:13:43,2024-03-17,892,140,Retail,Afterpay,COUPONZ0Z0,1.22,AUD
682,2024-03-17T01:39:56,2024-03-17,844,130,Online,Credit Card,COUPON00-Z,13.22,AUD
880,2024-03-17T22:07:10,2024-03-17,835,101,Online,Afterpay,COUPON-090,17.25,AUD
940,2024-03-17T10:31:23,2024-03-17,800,75,Online,Afterpay,COUPONZ09Z,11.26,AUD
978,2024-03-17T12:34:31,2024-03-17,824,55,Retail,Credit Card,COUPON-0Z-,7.81,AUD
1051,2024-03-17T23:23:55,2024-03-17,875,65,Online,PayPal,COUPON09A-,5.5,AUD
1236,2024-03-17T23:25:02,2024-03-17,889,91,Retail,Afterpay,COUPON---A,8.27,AUD
1491,2024-03-17T02:18:24,2024-03-17,829,126,Retail,PayPal,COUPON9Z--,4.77,AUD
1611,2024-03-17T10:33:03,2024-03-17,801,90,Online,Afterpay,COUPON0-0A,0.08,AUD
1612,2024-03-17T02:46:06,2024-03-17,834,95,Online,Afterpay,COUPON0-A0,9.74,AUD
1669,2024-03-17T00:32:21,2024-03-17,843,81,Online,PayPal,COUPON-9--,0.82,AUD
1767,2024-03-17T06:54:27,2024-03-17,846,70,Retail,PayPal,COUPON-9-Z,16.77,AUD
1851,2024-03-17T04:53:05,2024-03-17,820,130,Online,PayPal,COUPON-0--,2.02,AUD
1916,2024-03-17T20:56:39,2024-03-17,836,102,Online,PayPal,COUPON-90A,0.65,AUD
2197,2024-03-17T01:57:25,2024-03-17,850,81,Online,Credit Card,COUPON-A0-,7.53,AUD
2483,2024-03-17T01:02:31,2024-03-17,855,52,Retail,Afterpay,COUPON0AA0,12.9,AUD
2609,2024-03-17T03:08:58,2024-03-17,842,66,Online,Afterpay,COUPON---A,10.37,AUD
2627,2024-03-17T03:09:11,2024-03-17,858,127,Online,PayPal,COUPONA09-,8.33,AUD
2759,2024-03-17T14:29:05,2024-03-17,801,87,Online,Credit Card,COUPONZA-0,5.07,AUD
2767,2024-03-17T15:05:37,2024-03-17,864,79,Online,Afterpay,COUPON-Z-9,5.81,AUD
2945,2024-03-17T05:35:08,2024-03-17,876,141,Online,PayPal,COUPONA0-Z,12.74,AUD
3018,2024-03-17T22:40:01,2024-03-17,879,107,Retail,Afterpay,COUPONZAAA,14.87,AUD
3023,2024-03-17T00:17:49,2024-03-17,821,93,Retail,Credit Card,COUPON---Z,3.63,AUD
3033,2024-03-17T03:10:31,2024-03-17,897,134,Retail,Afterpay,COUPON----,11.64,AUD
3336,2024-03-17T20:56:46,2024-03-17,893,144,Retail,Afterpay,COUPON--0-,2.27,AUD
3459,2024-03-17T13:42:58,2024-03-17,836,123,Online,Credit Card,COUPON009A,4.77,AUD
3463,2024-03-17T13:34:12,2024-03-17,834,75,Retail,Credit Card,COUPON-Z0-,4.89,AUD
3467,2024-03-17T14:36:57,2024-03-17,838,144,Online,PayPal,COUPON0AZ0,13.87,AUD
3562,2024-03-17T17:57:28,2024-03-17,835,114,Online,Afterpay,COUPON0Z09,13.6,AUD
3578,2024-03-17T17:01:26,2024-03-17,840,101,Retail,PayPal,COUPONZ900,7.12,AUD
3583,2024-03-17T03:07:00,2024-03-17,868,79,Retail,PayPal,COUPON0---,8.25,AUD
3620,2024-03-17T05:40:28,2024-03-17,878,106,Retail,PayPal,COUPON--Z9,15.73,AUD
3624,2024-03-17T13:37:26,2024-03-17,883,65,Retail,PayPal,COUPON-AZ9,17.07,AUD
3669,2024-03-17T15:25:35,2024-03-17,899,100,Retail,PayPal,COUPONZ--9,4.51,AUD
3875,2024-03-17T23:49:49,2024-03-17,894,69,Retail,Afterpay,COUPONA9AZ,1.09,AUD
3962,2024-03-17T14:16:22,2024-03-17,877,59,Online,Credit Card,COUPONZ090,13.23,AUD
3964,2024-03-17T17:11:58,2024-03-17,871,69,Online,PayPal,COUPONAA-A,11.69,AUD
4021,2024-03-17T20:31:24,2024-03-17,826,118,Online,PayPal,COUPONA-Z-,13.92,AUD
4070,2024-03-17T18:25:20,2024-03-17,829,77,Retail,Afterpay,COUPON-9A-,19.68,AUD
4187,2024-03-17T07:49:58,2024-03-17,889,88,Retail,Afterpay,COUPON-0ZZ,4.71,AUD
4219,2024-03-17T20:34:22,2024-03-17,859,52,Online,PayPal,COUPON0A-9,9.1,AUD
4292,2024-03-17T09:31:23,2024-03-17,833,106,Online,PayPal,COUPON0ZA9,7.78,AUD
4392,2024-03-17T10:32:13,2024-03-17,852,58,Online,Afterpay,COUPONA909,8.52,AUD
4433,2024-03-17T07:42:54,2024-03-17,810,115,Retail,PayPal,COUPON-9-9,0.14,AUD
4476,2024-03-17T07:38:15,2024-03-17,897,53,Retail,Afterpay,COUPON0900,15.08,AUD
4496,2024-03-17T12:55:43,2024-03-17,889,135,Retail,Credit Card,COUPON-ZZ9,12.89,AUD
4504,2024-03-17T08:00:52,2024-03-17,877,112,Retail,PayPal,COUPONAZ0-,3.37,AUD
4524,2024-03-17T06:55:06,2024-03-17,824,131,Retail,Afterpay,COUPON0AA-,14.25,AUD
4637,2024-03-17T01:50:05,2024-03-17,828,142,Online,PayPal,COUPONZ-Z0,16.62,AUD
4655,2024-03-17T16:21:03,2024-03-17,823,51,Online,Afterpay,COUPONZ0AA,15.01,AUD
4661,2024-03-17T21:25:38,2024-03-17,848,139,Retail,Credit Card,COUPON-A--,15.91,AUD
4732,2024-03-17T01:32:26,2024-03-17,838,115,Online,Afterpay,COUPONZ0-0,4.02,AUD
4865,2024-03-17T04:04:58,2024-03-17,891,137,Retail,PayPal,COUPONZA-9,18.0,AUD
4936,2024-03-17T18:31:16,2024-03-17,874,117,Online,Afterpay,COUPON-0-0,7.71,AUD
4953,2024-03-17T02:25:56,2024-03-17,861,147,Online,Credit Card,COUPON09-A,7.64,AUD
4958,2024-03-17T11:46:11,2024-03-17,842,89,Retail,Credit Card,COUPON-Z09,12.42,AUD
4996,2024-03-17T19:00:02,2024-03-17,862,100,Online,PayPal,COUPON-09-,11.9,AUD
5004,2024-03-17T22:03:03,2024-03-17,821,114,Retail,PayPal,COUPON9-AA,1.96,AUD
5139,2024-03-17T16:01:26,2024-03-17,864,132,Online,PayPal,COUPON9-ZZ,7.64,AUD
5227,2024-03-17T13:07:47,2024-03-17,861,138,Retail,Credit Card,COUPON9A--,9.43,AUD
5258,2024-03-17T16:50:05,2024-03-17,894,122,Online,Afterpay,COUPON---9,14.28,AUD
5376,2024-03-17T22:42:47,2024-03-17,842,132,Online,PayPal,COUPON90ZA,1.68,AUD
5431,2024-03-17T23:38:31,2024-03-17,848,91,Retail,PayPal,COUPONAA--,3.09,AUD
5793,2024-03-17T07:32:30,2024-03-17,886,95,Retail,PayPal,COUPON----,1.66,AUD
5834,2024-03-17T21:17:26,2024-03-17,854,79,Online,Credit Card,COUPON0-9A,19.06,AUD
5914,2024-03-17T18:27:09,2024-03-17,864,126,Online,Credit Card,COUPONZZA9,11.01,AUD
5954,2024-03-17T12:33:39,2024-03-17,884,132,Online,Credit Card,COUPON-A-0,6.38,AUD
5963,2024-03-17T01:53:52,2024-03-17,800,144,Online,Credit Card,COUPONA-Z-,18.9,AUD
5993,2024-03-17T07:27:37,2024-03-17,899,108,Retail,PayPal,COUPONZZ0Z,3.2,AUD
6023,2024-03-17T08:04:30,2024-03-17,818,104,Retail,PayPal,COUPON9ZA-,5.16,AUD
6329,2024-03-17T14:59:26,2024-03-17,841,93,Online,Afterpay,COUPON-9A9,0.67,AUD
6338,2024-03-17T09:18:43,2024-03-17,833,141,Online,Credit Card,COUPONZAA-,4.33,AUD
6401,2024-03-17T02:08:30,2024-03-17,845,138,Online,PayPal,COUPON0-AZ,6.29,AUD
6449,2024-03-17T21:54:43,2024-03-17,897,75,Online,PayPal,COUPONZ-9Z,7.89,AUD
6542,2024-03-17T10:48:12,2024-03-17,815,56,Retail,PayPal,COUPON-09A,0.75,AUD
6697,2024-03-17T07:14:00,2024-03-17,883,149,Retail,PayPal,COUPONA00-,13.3,AUD
6721,2024-03-17T03:17:16,2024-03-17,859,90,Retail,PayPal,COUPONZAA9,16.89,AUD
6746,2024-03-17T01:51:58,2024-03-17,866,88,Retail,Afterpay,COUPON-A--,18.24,AUD
6773,2024-03-17T03:46:35,2024-03-17,856,124,Online,Afterpay,COUPON---A,17.77,AUD
6910,2024-03-17T00:20:30,2024-03-17,898,50,Retail,PayPal,COUPONA099,4.14,AUD
6922,2024-03-17T16:03:33,2024-03-17,820,118,Online,Credit Card,COUPONZ-0-,12.21,AUD
6953,2024-03-17T06:15:07,2024-03-17,840,85,Retail,Credit Card,COUPONA-ZZ,10.52,AUD
7031,2024-03-17T06:27:37,2024-03-17,883,78,Online,Afterpay,COUPONZ9A-,18.68,AUD
7268,2024-03-17T22:54:56,2024-03-17,821,75,Retail,Credit Card,COUPONA-9Z,8.57,AUD
7284,2024-03-17T17:50:33,2024-03-17,803,117,Retail,Afterpay,COUPON--90,1.56,AUD
7287,2024-03-17T20:59:50,2024-03-17,879,69,Online,Credit Card,COUPONZZ0-,4.01,AUD
7556,2024-03-17T02:49:41,2024-03-17,841,126,Retail,PayPal,COUPONA-9-,12.37,AUD
7872,2024-03-17T15:45:46,2024-03-17,816,81,Retail,PayPal,COUPON---Z,19.39,AUD
7899,2024-03-17T17:28:37,2024-03-17,897,62,Retail,Afterpay,COUPONZZ-Z,15.79,AUD
7923,2024-03-17T11:48:44,2024-03-17,856,100,Online,Afterpay,COUPON-Z-0,8.23,AUD
8069,2024-03-17T11:41:10,2024-03-17,895,93,Online,Afterpay,COUPON0-Z-,18.33,AUD
8383,2024-03-17T18:02:19,2024-03-17,820,59,Online,Credit Card,COUPONZ-0Z,7.87,AUD
8477,2024-03-17T00:25:07,2024-03-17,848,96,Retail,Afterpay,COUPON--Z-,3.22,AUD
8590,2024-03-17T04:01:44,2024-03-17,813,111,Retail,Afterpay,COUPONZ-9-,17.8,AUD
8692,2024-03-17T22:00:12,2024-03-17,898,50,Online,Credit Card,COUPONA-A-,9.74,AUD
8723,2024-03-17T10:05:15,2024-03-17,898,99,Retail,Credit Card,COUPON9--A,12.98,AUD
8770,2024-03-17T06:18:54,2024-03-17,882,80,Online,Afterpay,COUPONA-A9,2.19,AUD
8786,2024-03-17T03:19:16,2024-03-17,835,58,Online,PayPal,COUPON9--0,4.62,AUD
8861,2024-03-17T19:20:13,2024-03-17,847,63,Online,Credit Card,COUPON-0ZZ,19.31,AUD
8920,2024-03-17T12:28:11,2024-03-17,843,61,Retail,PayPal,COUPON-9--,8.6,AUD
8946,2024-03-17T11:11:39,2024-03-17,899,58,Retail,Credit Card,COUPONZZ--,13.09,AUD
8989,2024-03-17T16:10:29,2024-03-17,823,90,Online,Afterpay,COUPON---A,14.19,AUD
9308,2024-03-17T08:23:00,2024-03-17,863,101,Online,Afterpay,COUPONZ-Z0,11.53,AUD
9327,2024-03-17T07:29:12,2024-03-17,838,70,Retail,Credit Card,COUPONA-ZZ,16.38,AUD
9338,2024-03-17T09:43:11,2024-03-17,805,90,Retail,Credit Card,COUPON9--0,3.79,AUD
9565,2024-03-17T11:21:27,2024-03-17,878,86,Retail,Credit Card,COUPON----,2.84,AUD
9688,2024-03-17T22:58:38,2024-03-17,845,62,Retail,Credit Card,COUPON0A--,5.83,AUD
9705,2024-03-17T23:36:36,2024-03-17,875,89,Retail,PayPal,COUPONZ9--,5.73,AUD
9950,2024-03-17T17:54:09,2024-03-17,898,102,Online,PayPal,COUPONZAAA,10.16,AUD
10313,2024-03-17T14:38:21,2024-03-17,459,27,Online,Afterpay,COUPONZ0Z0,5.13,AUD
10464,2024-03-17T19:38:45,2024-03-17,128,3,Online,Afterpay,COUPONZ09-,5.05,AUD
10534,2024-03-17T16:06:44,2024-03-17,391,26,Retail,Credit Card,COUPON-00-,16.86,AUD
10535,2024-03-17T13:17:54,2024-03-17,254,25,Online,PayPal,COUPONAA-0,9.34,AUD
10564,2024-03-17T03:03:59,2024-03-17,594,27,Online,Credit Card,COUPON-AZ9,13.35,AUD
10594,2024-03-17T17:15:25,2024-03-17,745,41,Online,PayPal,COUPON9-0-,15.32,AUD
10690,2024-03-17T10:18:17,2024-03-17,321,47,Retail,PayPal,COUPONZ-0-,12.43,AUD
10731,2024-03-17T16:29:35,2024-03-17,744,22,Retail,PayPal,COUPON0-09,8.47,AUD
10742,2024-03-17T13:43:18,2024-03-17,681,26,Online,PayPal,COUPON0AZA,17.31,AUD
10812,2024-03-17T21:35:36,2024-03-17,519,22,Retail,Credit Card,COUPON0A9-,13.46,AUD
10870,2024-03-17T01:33:52,2024-03-17,605,16,Online,Credit Card,COUPON9ZAZ,2.93,AUD
10995,2024-03-17T00:13:36,2024-03-17,717,38,Online,PayPal,COUPONZZ-A,13.08,AUD
11025,2024-03-17T09:17:23,2024-03-17,175,47,Retail,PayPal,COUPON--ZZ,7.6,AUD
11124,2024-03-17T01:10:10,2024-03-17,422,47,Retail,PayPal,COUPONZ9-9,10.3,AUD
11126,2024-03-17T08:35:21,2024-03-17,333,13,Retail,PayPal,COUPONZ00-,3.89,AUD
11252,2024-03-17T20:20:10,2024-03-17,747,6,Retail,Credit Card,COUPON9-A-,4.01,AUD
11315,2024-03-17T08:05:50,2024-03-17,325,31,Retail,Afterpay,COUPONZ--A,6.54,AUD
11475,2024-03-17T12:02:37,2024-03-17,715,32,Online,PayPal,COUPON-A00,12.25,AUD
11540,2024-03-17T23:33:33,2024-03-17,605,35,Retail,Credit Card,COUPONZ00-,16.31,AUD
11563,2024-03-17T03:35:52,2024-03-17,72,25,Retail,PayPal,COUPON--A0,9.79,AUD
11652,2024-03-17T23:54:39,2024-03-17,4,46,Online,Afterpay,COUPON90-9,0.4,AUD
11659,2024-03-17T02:52:38,2024-03-17,32,48,Online,PayPal,COUPON9---,0.84,AUD
11738,2024-03-17T10:03:21,2024-03-17,481,47,Online,Afterpay,COUPON--00,11.7,AUD
11779,2024-03-17T16:05:50,2024-03-17,78,8,Retail,PayPal,COUPONZA9-,19.78,AUD
11809,2024-03-17T08:47:37,2024-03-17,58,42,Online,Credit Card,COUPON--Z-,7.27,AUD
11859,2024-03-17T19:49:47,2024-03-17,502,30,Online,Afterpay,COUPONA9--,10.26,AUD
12205,2024-03-17T21:46:58,2024-03-17,766,13,Online,Credit Card,COUPON9-99,11.37,AUD
12285,2024-03-17T17:58:21,2024-03-17,239,17,Online,Credit Card,COUPONAZZ-,14.35,AUD
12341,2024-03-17T21:53:46,2024-03-17,289,5,Online,Credit Card,COUPONZ-9-,4.66,AUD
12419,2024-03-17T06:44:31,2024-03-17,631,6,Retail,PayPal,COUPONZZZZ,8.9,AUD
12420,2024-03-17T10:20:33,2024-03-17,10,7,Online,PayPal,COUPON----,9.22,AUD
12449,2024-03-17T11:22:14,2024-03-17,388,15,Online,Credit Card,COUPON--9A,18.03,AUD
12518,2024-03-17T13:04:12,2024-03-17,171,8,Online,Afterpay,COUPON-AA9,12.52,AUD
12682,2024-03-17T00:54:23,2024-03-17,411,12,Retail,Credit Card,COUPON9A-A,3.5,AUD
12777,2024-03-17T20:36:28,2024-03-17,624,31,Online,Credit Card,COUPON--9Z,17.42,AUD
12785,2024-03-17T03:11:24,2024-03-17,711,42,Online,Afterpay,COUPON-9A-,12.72,AUD
12824,2024-03-17T02:39:10,2024-03-17,312,40,Online,PayPal,COUPON90A-,17.71,AUD
12950,2024-03-17T03:17:59,2024-03-17,122,28,Online,Afterpay,COUPONZ9A-,14.99,AUD
12992,2024-03-17T06:39:12,2024-03-17,246,10,Online,Credit Card,COUPON--0Z,3.57,AUD
13006,2024-03-17T01:03:13,2024-03-17,560,42,Online,Afterpay,COUPONZ--Z,16.91,AUD
13173,2024-03-17T07:46:37,2024-03-17,224,20,Online,Afterpay,COUPON9-90,12.3,AUD
13303,2024-03-17T12:42:09,2024-03-17,328,45,Retail,PayPal,COUPON-Z0-,10.6,AUD
13393,2024-03-17T21:54:10,2024-03-17,258,24,Online,Credit Card,COUPON99A-,12.9,AUD
13417,2024-03-17T10:52:46,2024-03-17,452,13,Retail,Afterpay,COUPON--A-,16.45,AUD
13420,2024-03-17T23:48:33,2024-03-17,447,25,Online,Credit Card,COUPON00A-,1.76,AUD
13533,2024-03-17T16:56:03,2024-03-17,367,45,Retail,PayPal,COUPONZ9Z-,9.65,AUD
13638,2024-03-17T22:12:15,2024-03-17,726,8,Online,PayPal,COUPONZ-ZA,5.25,AUD
13813,2024-03-17T08:42:36,2024-03-17,489,48,Online,Afterpay,COUPON00-9,7.07,AUD
13845,2024-03-17T12:46:32,2024-03-17,506,5,Retail,PayPal,COUPONA0--,3.24,AUD
13899,2024-03-17T19:16:10,2024-03-17,538,29,Retail,PayPal,COUPONA-ZA,5.97,AUD
14205,2024-03-17T10:19:12,2024-03-17,435,34,Retail,Afterpay,COUPONZ0AZ,16.17,AUD
14244,2024-03-17T00:39:37,2024-03-17,688,28,Online,Afterpay,COUPON00Z-,7.15,AUD
14288,2024-03-17T17:23:17,2024-03-17,456,3,Retail,PayPal,COUPON--Z0,1.73,AUD
14299,2024-03-17T07:47:42,2024-03-17,77,42,Online,PayPal,COUPONA0--,5.51,AUD
14355,2024-03-17T03:14:58,2024-03-17,424,31,Online,Credit Card,COUPON9AA0,18.03,AUD
14488,2024-03-17T22:59:00,2024-03-17,702,5,Online,Afterpay,COUPON90--,12.55,AUD
14532,2024-03-17T09:00:58,2024-03-17,237,41,Online,Afterpay,COUPON-90-,8.07,AUD
14547,2024-03-17T12:34:20,2024-03-17,176,32,Online,Credit Card,COUPON-0Z-,5.45,AUD
14549,2024-03-17T02:18:02,2024-03-17,191,27,Retail,Afterpay,COUPON-99-,2.85,AUD
14597,2024-03-17T10:37:37,2024-03-17,33,37,Online,Credit Card,COUPONZZZ9,10.84,AUD
14698,2024-03-17T00:37:23,2024-03-17,334,1,Online,Credit Card,COUPON9A--,3.81,AUD
14754,2024-03-17T12:35:54,2024-03-17,27,16,Retail,Credit Card,COUPON---Z,14.3,AUD
14800,2024-03-17T01:22:23,2024-03-17,720,34,Online,Afterpay,COUPON-Z9Z,11.61,AUD
15070,2024-03-17T05:44:05,2024-03-17,540,2,Online,Credit Card,COUPONZ-0-,5.31,AUD
15135,2024-03-17T05:15:17,2024-03-17,121,22,Retail,PayPal,COUPON9-00,13.67,AUD
15229,2024-03-17T20:22:30,2024-03-17,625,40,Online,Credit Card,COUPONZ-9-,11.85,AUD
15248,2024-03-17T22:33:52,2024-03-17,687,39,Online,Credit Card,COUPON99--,12.45,AUD
15253,2024-03-17T02:01:07,2024-03-17,546,10,Retail,Credit Card,COUPON9-9-,2.97,AUD
15316,2024-03-17T21:38:18,2024-03-17,501,30,Retail,PayPal,COUPONZA--,9.54,AUD
15386,2024-03-17T20:25:37,2024-03-17,260,20,Retail,Afterpay,COUPON--AA,4.58,AUD
15561,2024-03-17T08:20:11,2024-03-17,618,17,Retail,Afterpay,COUPON9Z--,1.3,AUD
16142,2024-03-17T01:50:10,2024-03-17,161,11,Retail,Afterpay,COUPONA--9,17.24,AUD
16402,2024-03-17T05:53:49,2024-03-17,515,30,Retail,PayPal,COUPONZA9A,2.68,AUD
16511,2024-03-17T10:49:13,2024-03-17,419,27,Retail,Credit Card,COUPON9-A9,13.95,AUD
16521,2024-03-17T19:32:28,2024-03-17,464,2,Retail,PayPal,COUPONA09A,15.63,AUD
16732,2024-03-17T06:24:18,2024-03-17,171,31,Online,PayPal,COUPON--A0,1.24,AUD
16761,2024-03-17T12:58:09,2024-03-17,225,47,Retail,Afterpay,COUPON0-A-,2.3,AUD
16776,2024-03-17T01:28:12,2024-03-17,760,9,Retail,Credit Card,COUPON----,15.77,AUD
17016,2024-03-17T11:33:18,2024-03-17,343,10,Online,Afterpay,COUPONZ-Z9,10.16,AUD
17033,2024-03-17T00:52:46,2024-03-17,737,18,Retail,PayPal,COUPON0-Z-,4.29,AUD
17111,2024-03-17T08:27:15,2024-03-17,16,19,Online,Credit Card,COUPON-AZZ,17.07,AUD
17155,2024-03-17T22:48:58,2024-03-17,557,37,Online,Credit Card,COUPONZ-A9,1.34,AUD
17386,2024-03-17T10:06:50,2024-03-17,706,48,Retail,PayPal,COUPONAA-0,5.07,AUD
17400,2024-03-17T15:48:53,2024-03-17,606,1,Retail,PayPal,COUPON90-0,1.12,AUD
17547,2024-03-17T18:55:16,2024-03-17,389,20,Online,Afterpay,COUPONZZA9,10.8,AUD
17667,2024-03-17T09:18:37,2024-03-17,717,3,Retail,Afterpay,COUPONA90Z,17.7,AUD
17672,2024-03-17T18:59:25,2024-03-17,27,6,Retail,Credit Card,COUPONA-0-,3.62,AUD
17824,2024-03-17T01:50:13,2024-03-17,603,28,Online,Credit Card,COUPON00--,17.81,AUD
17920,2024-03-17T20:58:52,2024-03-17,770,12,Online,PayPal,COUPONA0-Z,4.98,AUD
17965,2024-03-17T04:20:38,2024-03-17,471,35,Online,Afterpay,COUPONZ--A,10.61,AUD
18546,2024-03-17T12:50:30,2024-03-17,683,23,Retail,Afterpay,COUPON-0AZ,10.57,AUD
18551,2024-03-17T06:43:17,2024-03-17,702,36,Retail,Credit Card,COUPON0--0,17.69,AUD
18799,2024-03-17T22:36:23,2024-03-17,708,20,Retail,Afterpay,COUPON90AA,4.52,AUD
18814,2024-03-17T02:06:22,2024-03-17,743,17,Retail,PayPal,COUPON--9A,15.66,AUD
18929,2024-03-17T02:00:55,2024-03-17,174,10,Retail,Credit Card,COUPON--A0,9.53,AUD
18966,2024-03-17T12:26:46,2024-03-17,99,34,Retail,PayPal,COUPON-A09,3.89,AUD
19092,2024-03-17T22:17:21,2024-03-17,149,26,Online,Credit Card,COUPON-Z90,14.31,AUD
19230,2024-03-17T22:35:17,2024-03-17,746,49,Online,Afterpay,COUPON-ZAZ,14.18,AUD
19321,2024-03-17T10:50:00,2024-03-17,687,9,Retail,Afterpay,COUPONZ90-,3.24,AUD
19397,2024-03-17T02:03:40,2024-03-17,402,21,Retail,Afterpay,COUPON-9A-,19.55,AUD
19597,2024-03-17T01:11:51,2024-03-17,601,40,Retail,Afterpay,COUPON---A,2.28,AUD
19645,2024-03-17T08:48:05,2024-03-17,226,49,Online,Credit Card,COUPONA990,9.61,AUD
19765,2024-03-17T23:06:55,2024-03-17,67,8,Online,PayPal,COUPON-9-A,19.51,AUD
19903,2024-03-17T23:02:29,2024-03-17,389,47,Retail,PayPal,COUPON9A-9,12.15,AUD
19925,2024-03-17T05:08:09,2024-03-17,353,28,Online,Credit Card,COUPON---9,18.63,AUD
19966,2024-03-17T13:03:04,2024-03-17,656,31,Online,Credit Card,COUPON--9-,12.4,AUD
19980,2024-03-17T16:17:20,2024-03-17,593,4,Retail,PayPal,COUPON9ZZA,17.95,AUD
20005,2024-03-17T15:01:37,2024-03-17,57,21,Online,PayPal,COUPONA9ZZ,11.19,AUD
20047,2024-03-17T07:12:53,2024-03-17,284,25,Online,PayPal,COUPON9AZ-,0.63,AUD
20093,2024-03-17T07:25:59,2024-03-17,274,1,Retail,Afterpay,COUPONAA9A,0.6,AUD
20174,2024-03-17T12:35:15,2024-03-17,63,44,Retail,Credit Card,COUPONA-Z0,13.03,AUD
20285,2024-03-17T15:31:38,2024-03-17,385,17,Retail,PayPal,COUPON99-A,17.93,AUD
20574,2024-03-17T11:19:00,2024-03-17,630,37,Online,Afterpay,COUPONA0--,7.11,AUD
20585,2024-03-17T15:03:38,2024-03-17,338,45,Online,Afterpay,COUPONA-9-,8.22,AUD
20822,2024-03-17T20:19:30,2024-03-17,73,6,Online,Credit Card,COUPON-Z-Z,5.5,AUD
20905,2024-03-17T08:36:10,2024-03-17,302,31,Online,PayPal,COUPON9A0-,5.76,AUD
20923,2024-03-17T01:59:40,2024-03-17,510,45,Online,PayPal,COUPON----,11.6,AUD
21111,2024-03-17T01:55:58,2024-03-17,561,40,Online,Credit Card,COUPON--Z9,12.57,AUD
21535,2024-03-17T14:19:12,2024-03-17,636,21,Online,PayPal,COUPON--9-,4.41,AUD
21604,2024-03-17T22:33:53,2024-03-17,161,16,Online,Afterpay,COUPON-ZA-,14.26,AUD
21693,2024-03-17T02:59:55,2024-03-17,312,7,Retail,PayPal,COUPON-9ZZ,0.99,AUD
21747,2024-03-17T04:25:33,2024-03-17,281,42,Online,Credit Card,COUPON-0-A,12.79,AUD
21793,2024-03-17T00:15:29,2024-03-17,743,17,Retail,Afterpay,COUPON0---,11.86,AUD
21814,2024-03-17T09:07:40,2024-03-17,202,4,Online,Afterpay,COUPON--ZA,2.63,AUD
21897,2024-03-17T04:41:07,2024-03-17,127,8,Online,Afterpay,COUPONA--0,10.09,AUD
22000,2024-03-17T17:29:54,2024-03-17,52,19,Online,PayPal,COUPON9A--,16.15,AUD
22122,2024-03-17T20:56:50,2024-03-17,655,33,Retail,Credit Card,COUPON--ZZ,16.75,AUD
22245,2024-03-17T13:49:09,2024-03-17,771,48,Retail,Credit Card,COUPON---0,6.03,AUD
22297,2024-03-17T17:17:27,2024-03-17,51,10,Retail,Credit Card,COUPONA-Z-,9.57,AUD
22362,2024-03-17T05:58:47,2024-03-17,468,15,Online,PayPal,COUPON--A9,17.34,AUD
22405,2024-03-17T05:26:54,2024-03-17,583,20,Retail,Credit Card,COUPON090Z,19.31,AUD
22409,2024-03-17T12:20:43,2024-03-17,279,12,Retail,PayPal,COUPON-999,4.4,AUD
22502,2024-03-17T14:28:13,2024-03-17,349,2,Retail,Afterpay,COUPON9Z-A,12.98,AUD
22571,2024-03-17T03:52:54,2024-03-17,455,11,Retail,Credit Card,COUPONZ099,11.79,AUD
22577,2024-03-17T02:25:58,2024-03-17,404,27,Online,Afterpay,COUPON09A-,3.19,AUD
22678,2024-03-17T20:24:12,2024-03-17,462,16,Retail,Credit Card,COUPONA009,3.25,AUD
22757,2024-03-17T16:21:34,2024-03-17,130,28,Retail,PayPal,COUPON-AZ0,3.03,AUD
22879,2024-03-17T21:09:17,2024-03-17,699,18,Retail,Credit Card,COUPON-999,0.83,AUD
22893,2024-03-17T15:43:46,2024-03-17,341,43,Retail,Credit Card,COUPON90-Z,0.86,AUD
23499,2024-03-17T23:29:57,2024-03-17,651,14,Retail,Credit Card,COUPON--A-,5.74,AUD
23603,2024-03-17T04:35:39,2024-03-17,178,12,Retail,Afterpay,COUPON9A-0,16.66,AUD
23680,2024-03-17T07:35:52,2024-03-17,638,24,Online,Afterpay,COUPONA-90,2.81,AUD
23892,2024-03-17T11:24:29,2024-03-17,529,35,Retail,Afterpay,COUPON9--Z,14.7,AUD
23916,2024-03-17T04:21:42,2024-03-17,466,13,Online,Credit Card,COUPON0-Z0,11.09,AUD
23925,2024-03-17T23:02:38,2024-03-17,289,26,Online,Afterpay,COUPON00--,17.85,AUD
24005,2024-03-17T18:38:03,2024-03-17,207,7,Online,Afterpay,COUPON0---,0.49,AUD
24083,2024-03-17T19:07:21,2024-03-17,441,41,Online,Afterpay,COUPONZ0--,14.41,AUD
24143,2024-03-17T09:05:26,2024-03-17,312,22,Online,PayPal,COUPON--Z-,19.99,AUD
24191,2024-03-17T08:43:18,2024-03-17,64,22,Retail,PayPal,COUPON00-9,0.26,AUD
24212,2024-03-17T20:57:33,2024-03-17,78,11,Online,PayPal,COUPON--09,12.97,AUD
24245,2024-03-17T14:30:20,2024-03-17,459,39,Retail,Afterpay,COUPON909-,11.32,AUD
24247,2024-03-17T01:30:19,2024-03-17,404,34,Online,Afterpay,COUPONA-0A,8.17,AUD
24305,2024-03-17T17:32:02,2024-03-17,509,28,Retail,PayPal,COUPON-9--,5.32,AUD
24439,2024-03-17T22:18:05,2024-03-17,444,30,Retail,Credit Card,COUPONAZ90,19.71,AUD
24513,2024-03-17T14:58:39,2024-03-17,707,21,Online,PayPal,COUPON-Z9Z,18.77,AUD
24598,2024-03-17T19:41:14,2024-03-17,330,25,Retail,PayPal,COUPONAZZ-,19.6,AUD
24634,2024-03-17T06:03:49,2024-03-17,246,42,Retail,Afterpay,COUPON-0Z-,15.8,AUD
24680,2024-03-17T13:10:52,2024-03-17,11,11,Online,Afterpay,COUPON----,0.03,AUD
24700,2024-03-17T12:54:48,2024-03-17,101,48,Online,Afterpay,COUPON9--Z,12.56,AUD
24818,2024-03-17T07:13:20,2024-03-17,588,49,Online,Afterpay,COUPONA--9,16.01,AUD
24855,2024-03-17T05:51:29,2024-03-17,636,41,Retail,Afterpay,COUPON-ZA-,8.38,AUD
24858,2024-03-17T05:11:07,2024-03-17,317,7,Retail,Credit Card,COUPONAAZA,16.67,AUD
25234,2024-03-17T01:36:11,2024-03-17,360,33,Retail,Credit Card,COUPON00ZA,5.72,AUD
25353,2024-03-17T07:42:55,2024-03-17,684,48,Retail,Credit Card,COUPON9-ZA,4.18,AUD
25388,2024-03-17T16:30:20,2024-03-17,159,4,Retail,Credit Card,COUPON--9-,12.38,AUD
25417,2024-03-17T02:44:41,2024-03-17,593,28,Retail,Afterpay,COUPONA0AA,8.68,AUD
25440,2024-03-17T12:19:18,2024-03-17,413,16,Online,PayPal,COUPON-9--,5.51,AUD
25653,2024-03-17T11:01:14,2024-03-17,624,47,Online,PayPal,COUPON--9-,11.74,AUD
25664,2024-03-17T12:32:13,2024-03-17,120,33,Retail,Afterpay,COUPON0Z99,7.95,AUD
25774,2024-03-17T06:49:25,2024-03-17,470,36,Retail,Credit Card,COUPONZ999,11.42,AUD
25894,2024-03-17T12:55:52,2024-03-17,515,19,Online,Afterpay,COUPON0Z9-,11.38,AUD
26006,2024-03-17T18:47:34,2024-03-17,767,33,Online,Afterpay,COUPON00--,17.38,AUD
26116,2024-03-17T03:03:24,2024-03-17,51,32,Online,Afterpay,COUPON-Z0-,0.29,AUD
26172,2024-03-17T17:27:29,2024-03-17,181,14,Retail,PayPal,COUPONA--Z,11.92,AUD
26258,2024-03-17T00:38:15,2024-03-17,440,6,Retail,Credit Card,COUPON-99-,3.71,AUD
26453,2024-03-17T14:12:54,2024-03-17,532,42,Online,PayPal,COUPON-9-A,14.37,AUD
26477,2024-03-17T21:04:05,2024-03-17,126,23,Retail,PayPal,COUPONZA9A,1.26,AUD
26503,2024-03-17T09:31:49,2024-03-17,150,46,Retail,Afterpay,COUPON00Z-,13.61,AUD
26659,2024-03-17T06:32:42,2024-03-17,422,37,Online,Credit Card,COUPONZZZ0,10.39,AUD
26848,2024-03-17T02:12:37,2024-03-17,69,42,Retail,Afterpay,COUPON--9-,1.48,AUD
26855,2024-03-17T03:20:03,2024-03-17,201,12,Retail,Afterpay,COUPON0AAZ,18.03,AUD
26859,2024-03-17T00:34:06,2024-03-17,251,9,Online,PayPal,COUPON-0-0,12.98,AUD
27005,2024-03-17T17:44:32,2024-03-17,46,7,Online,PayPal,COUPON99ZZ,6.33,AUD
27300,2024-03-17T20:03:16,2024-03-17,573,4,Online,Afterpay,COUPONZ0Z0,13.34,AUD
27336,2024-03-17T17:28:45,2024-03-17,143,24,Online,Credit Card,COUPON090A,4.87,AUD
27550,2024-03-17T16:25:49,2024-03-17,190,47,Online,PayPal,COUPON09-0,6.69,AUD
27723,2024-03-17T21:42:53,2024-03-17,775,5,Retail,Credit Card,COUPON90-A,16.2,AUD
27755,2024-03-17T19:56:37,2024-03-17,672,42,Retail,Credit Card,COUPONA--0,12.37,AUD
27801,2024-03-17T03:53:42,2024-03-17,533,17,Retail,PayPal,COUPON-ZZ9,8.29,AUD
27825,2024-03-17T21:55:44,2024-03-17,272,20,Online,Credit Card,COUPONA-9-,8.67,AUD
28024,2024-03-17T16:36:42,2024-03-17,80,21,Retail,Afterpay,COUPON09Z-,16.5,AUD
28044,2024-03-17T20:29:55,2024-03-17,613,28,Retail,PayPal,COUPON-ZA-,19.46,AUD
28134,2024-03-17T12:24:53,2024-03-17,516,42,Online,Afterpay,COUPONZ-AZ,3.02,AUD
28153,2024-03-17T06:46:21,2024-03-17,750,49,Online,Afterpay,COUPON0--A,0.02,AUD
28159,2024-03-17T17:03:09,2024-03-17,650,11,Retail,Afterpay,COUPON-A-Z,0.04,AUD
28201,2024-03-17T18:07:51,2024-03-17,559,7,Retail,PayPal,COUPONA-9-,7.32,AUD
28255,2024-03-17T22:46:32,2024-03-17,299,1,Online,Credit Card,COUPON9A-A,5.52,AUD
28314,2024-03-17T05:09:58,2024-03-17,111,8,Retail,Credit Card,COUPON-0Z9,0.69,AUD
28471,2024-03-17T23:19:15,2024-03-17,748,35,Online,PayPal,COUPONA-0-,12.1,AUD
28669,2024-03-17T21:47:38,2024-03-17,84,35,Retail,Credit Card,COUPONA-9-,18.58,AUD
28787,2024-03-17T22:42:44,2024-03-17,704,37,Retail,PayPal,COUPONAZ0A,4.69,AUD
28796,2024-03-17T18:50:43,2024-03-17,202,2,Online,Credit Card,COUPON-990,9.89,AUD
28887,2024-03-17T07:44:13,2024-03-17,205,19,Retail,Afterpay,COUPONAZ9-,15.93,AUD
28949,2024-03-17T07:03:48,2024-03-17,243,8,Online,PayPal,COUPON9--A,13.52,AUD
29085,2024-03-17T09:44:38,2024-03-17,739,4,Retail,Credit Card,COUPON-A0A,16.55,AUD
29140,2024-03-17T07:31:00,2024-03-17,329,24,Retail,Afterpay,COUPON-Z9-,11.25,AUD
29167,2024-03-17T16:58:32,2024-03-17,724,16,Online,Afterpay,COUPONA9A-,4.22,AUD
29277,2024-03-17T20:38:21,2024-03-17,287,13,Retail,Afterpay,COUPON-A00,16.88,AUD
29447,2024-03-17T17:45:07,2024-03-17,788,45,Retail,Afterpay,COUPONZAZ9,11.33,AUD
29695,2024-03-17T10:03:10,2024-03-17,466,49,Online,Credit Card,COUPON-90-,4.51,AUD
29742,2024-03-17T00:44:13,2024-03-17,413,15,Retail,Afterpay,COUPON----,0.55,AUD
29743,2024-03-17T06:19:49,2024-03-17,211,2,Online,PayPal,COUPON9A9Z,3.81,AUD
29798,2024-03-17T01:51:44,2024-03-17,421,10,Retail,Credit Card,COUPONA-0Z,14.1,AUD
29963,2024-03-17T18:29:39,2024-03-17,56,27,Retail,Afterpay,COUPON9-99,1.69,AUD
30251,2024-03-17T10:43:42,2024-03-17,752,49,Online,Credit Card,COUPONAA-9,14.75,AUD
30427,2024-03-17T00:53:22,2024-03-17,203,34,Online,Afterpay,COUPON0--Z,6.25,AUD
30454,2024-03-17T07:21:19,2024-03-17,623,31,Retail,PayPal,COUPONAZ9Z,18.86,AUD
30479,2024-03-17T23:12:44,2024-03-17,733,31,Online,Afterpay,COUPON9--9,19.74,AUD
30658,2024-03-17T07:47:02,2024-03-17,124,44,Online,PayPal,COUPON-Z9A,14.53,AUD
30710,2024-03-17T17:22:43,2024-03-17,644,49,Online,Credit Card,COUPONA09-,5.58,AUD
30809,2024-03-17T15:15:06,2024-03-17,527,43,Retail,Afterpay,COUPON9Z0Z,13.3,AUD
31088,2024-03-17T21:57:36,2024-03-17,621,19,Retail,Credit Card,COUPONA-Z9,19.06,AUD
31229,2024-03-17T23:31:59,2024-03-17,639,13,Online,PayPal,COUPON0A90,3.32,AUD
31262,2024-03-17T00:51:23,2024-03-17,466,25,Online,PayPal,COUPON-9ZA,16.28,AUD
31681,2024-03-17T13:28:15,2024-03-17,445,47,Online,Credit Card,COUPON0Z-9,0.68,AUD
31713,2024-03-17T22:48:31,2024-03-17,610,28,Online,PayPal,COUPON-A-A,0.38,AUD
31839,2024-03-17T05:31:40,2024-03-17,55,26,Online,Afterpay,COUPONA0Z-,7.61,AUD
32011,2024-03-17T17:18:45,2024-03-17,589,26,Online,PayPal,COUPON0-9-,17.1,AUD
32195,2024-03-17T23:48:52,2024-03-17,32,41,Online,PayPal,COUPON900A,13.77,AUD
32205,2024-03-17T21:06:24,2024-03-17,558,4,Retail,Credit Card,COUPONA9--,7.54,AUD
32312,2024-03-17T16:48:24,2024-03-17,94,31,Online,PayPal,COUPON-000,1.59,AUD
32546,2024-03-17T06:54:14,2024-03-17,397,44,Online,Credit Card,COUPONZ0-A,17.32,AUD
32575,2024-03-17T14:21:01,2024-03-17,658,15,Online,Credit Card,COUPON909-,11.78,AUD
32579,2024-03-17T20:19:40,2024-03-17,242,10,Online,Credit Card,COUPONZAAZ,11.06,AUD
32667,2024-03-17T16:43:07,2024-03-17,796,20,Online,PayPal,COUPONZ-A-,15.71,AUD
32690,2024-03-17T15:00:44,2024-03-17,720,45,Online,PayPal,COUPONZ--A,14.88,AUD
32735,2024-03-17T12:27:55,2024-03-17,305,13,Online,Credit Card,COUPON-Z--,18.53,AUD
32858,2024-03-17T22:53:40,2024-03-17,726,23,Online,Credit Card,COUPON-99Z,9.96,AUD
32937,2024-03-17T16:45:10,2024-03-17,619,41,Retail,Afterpay,COUPONA9ZA,14.48,AUD
33112,2024-03-17T20:38:24,2024-03-17,368,46,Online,Credit Card,COUPON99--,0.96,AUD
33327,2024-03-17T17:10:43,2024-03-17,112,7,Online,Credit Card,COUPONZ0-Z,8.65,AUD
33362,2024-03-17T04:22:33,2024-03-17,442,13,Online,Credit Card,COUPON9ZA-,6.87,AUD
33388,2024-03-17T03:47:14,2024-03-17,307,16,Retail,PayPal,COUPON---Z,8.79,AUD
33579,2024-03-17T00:06:20,2024-03-17,508,32,Retail,Credit Card,COUPONAZZZ,12.42,AUD
33604,2024-03-17T04:00:28,2024-03-17,785,46,Retail,Afterpay,COUPONA0-0,17.63,AUD
33749,2024-03-17T02:16:37,2024-03-17,182,20,Online,Credit Card,COUPON9-A-,15.67,AUD
33755,2024-03-17T13:25:32,2024-03-17,457,38,Retail,Credit Card,COUPON---A,14.66,AUD
33895,2024-03-17T14:55:12,2024-03-17,564,15,Retail,Afterpay,COUPONZ--0,18.45,AUD
34011,2024-03-17T03:15:07,2024-03-17,356,28,Retail,Afterpay,COUPON-9-A,2.25,AUD
34184,2024-03-17T22:40:28,2024-03-17,36,37,Online,PayPal,COUPONAA--,2.11,AUD
34484,2024-03-17T00:08:08,2024-03-17,271,13,Online,Credit Card,COUPONZA9-,19.84,AUD
34524,2024-03-17T04:18:55,2024-03-17,205,17,Retail,Credit Card,COUPON0AZA,17.14,AUD
34658,2024-03-17T00:27:54,2024-03-17,622,32,Online,Afterpay,COUPON9ZZ9,12.55,AUD
34719,2024-03-17T22:25:29,2024-03-17,350,40,Retail,Credit Card,COUPONAZZ9,18.92,AUD
34746,2024-03-17T10:11:59,2024-03-17,289,24,Online,Afterpay,COUPON-9--,14.79,AUD
34800,2024-03-17T08:38:20,2024-03-17,434,38,Retail,Afterpay,COUPON0--A,5.51,AUD
34849,2024-03-17T09:46:14,2024-03-17,341,7,Retail,Afterpay,COUPON0-A9,13.54,AUD
34939,2024-03-17T14:48:24,2024-03-17,158,19,Online,Afterpay,COUPON-0AA,18.06,AUD
34987,2024-03-17T20:55:40,2024-03-17,287,13,Retail,PayPal,COUPON0--Z,18.03,AUD
35069,2024-03-17T02:26:41,2024-03-17,465,14,Online,Credit Card,COUPONA-Z-,1.48,AUD
35082,2024-03-17T22:51:30,2024-03-17,553,14,Retail,Afterpay,COUPON-Z-Z,10.31,AUD
35185,2024-03-17T11:51:56,2024-03-17,174,17,Online,PayPal,COUPON-090,19.74,AUD
35238,2024-03-17T12:57:45,2024-03-17,69,19,Retail,PayPal,COUPONZA9-,1.46,AUD
35244,2024-03-17T17:46:41,2024-03-17,466,35,Retail,Credit Card,COUPON--Z-,10.38,AUD
35298,2024-03-17T15:35:05,2024-03-17,378,19,Online,Credit Card,COUPON---A,13.63,AUD
35329,2024-03-17T00:20:12,2024-03-17,240,44,Retail,PayPal,COUPON---0,1.74,AUD
35363,2024-03-17T03:21:23,2024-03-17,536,26,Online,Credit Card,COUPONAZ--,8.61,AUD
35400,2024-03-17T18:37:04,2024-03-17,361,12,Online,Credit Card,COUPON-A-9,14.76,AUD
35429,2024-03-17T14:50:59,2024-03-17,638,28,Retail,Credit Card,COUPON--Z0,0.25,AUD
35867,2024-03-17T18:41:06,2024-03-17,162,4,Retail,PayPal,COUPON09Z-,7.2,AUD
35935,2024-03-17T07:22:43,2024-03-17,273,12,Online,Afterpay,COUPONZ-99,1.32,AUD
35946,2024-03-17T16:05:23,2024-03-17,185,18,Retail,Credit Card,COUPON900-,19.34,AUD
36347,2024-03-17T04:09:46,2024-03-17,376,44,Retail,Afterpay,COUPONA---,5.2,AUD
36567,2024-03-17T00:33:05,2024-03-17,536,1,Retail,Credit Card,COUPON--0Z,10.95,AUD
36611,2024-03-17T21:55:19,2024-03-17,455,45,Retail,Credit Card,COUPON0--Z,16.9,AUD
36633,2024-03-17T11:10:04,2024-03-17,609,9,Retail,Afterpay,COUPON99-0,11.77,AUD
36645,2024-03-17T17:10:39,2024-03-17,410,48,Retail,PayPal,COUPONA-A9,7.43,AUD
36994,2024-03-17T08:48:21,2024-03-17,637,5,Retail,Afterpay,COUPON--0A,6.31,AUD
37053,2024-03-17T05:05:00,2024-03-17,740,24,Retail,PayPal,COUPONAAA-,5.76,AUD
37169,2024-03-17T15:59:33,2024-03-17,243,15,Retail,PayPal,COUPONAZ-Z,19.72,AUD
37189,2024-03-17T01:25:10,2024-03-17,46,27,Retail,Afterpay,COUPON900-,17.85,AUD
37376,2024-03-17T09:51:54,2024-03-17,306,6,Online,Afterpay,COUPON00Z-,6.0,AUD
37416,2024-03-17T12:25:25,2024-03-17,107,10,Online,PayPal,COUPON-9-0,18.5,AUD
37441,2024-03-17T00:37:19,2024-03-17,655,13,Online,Afterpay,COUPONZZ0Z,5.62,AUD
37480,2024-03-17T02:33:11,2024-03-17,578,18,Online,Credit Card,COUPON0Z-A,3.82,AUD
37491,2024-03-17T20:42:30,2024-03-17,573,34,Online,PayPal,COUPONZ0A9,15.89,AUD
37575,2024-03-17T13:49:11,2024-03-17,492,32,Online,PayPal,COUPONZA-9,16.92,AUD
37633,2024-03-17T07:33:15,2024-03-17,286,15,Online,Credit Card,COUPON-9-A,11.24,AUD
37647,2024-03-17T15:52:42,2024-03-17,24,47,Retail,PayPal,COUPONZ00A,13.05,AUD
37661,2024-03-17T07:03:26,2024-03-17,304,35,Retail,PayPal,COUPONA-AZ,17.18,AUD
37737,2024-03-17T23:26:29,2024-03-17,297,40,Retail,Credit Card,COUPON00-A,6.14,AUD
37835,2024-03-17T16:20:52,2024-03-17,245,33,Online,Credit Card,COUPON-A-9,9.04,AUD
37988,2024-03-17T09:34:14,2024-03-17,188,24,Retail,PayPal,COUPONZZ-Z,6.48,AUD
38199,2024-03-17T05:06:59,2024-03-17,341,14,Online,PayPal,COUPON9-Z0,6.82,AUD
38231,2024-03-17T18:14:19,2024-03-17,492,31,Retail,Afterpay,COUPON9Z--,14.64,AUD
38271,2024-03-17T00:52:19,2024-03-17,247,31,Retail,Credit Card,COUPONAZ-A,11.0,AUD
38608,2024-03-17T17:33:47,2024-03-17,67,3,Online,PayPal,COUPON-Z0-,0.92,AUD
38613,2024-03-17T05:36:16,2024-03-17,251,18,Online,Afterpay,COUPON--99,15.01,AUD
38669,2024-03-17T16:34:24,2024-03-17,376,22,Retail,Afterpay,COUPONA-90,14.4,AUD
38707,2024-03-17T14:29:15,2024-03-17,642,19,Online,PayPal,COUPON9Z9Z,13.43,AUD
38719,2024-03-17T10:09:11,2024-03-17,230,15,Online,Credit Card,COUPONZZZ9,11.25,AUD
39047,2024-03-17T19:16:24,2024-03-17,321,15,Online,PayPal,COUPON0A--,10.75,AUD
39092,2024-03-17T09:32:57,2024-03-17,536,37,Retail,Credit Card,COUPON-0-A,3.85,AUD
39120,2024-03-17T14:20:52,2024-03-17,503,34,Retail,Credit Card,COUPON0-0-,6.72,AUD
39191,2024-03-17T03:20:45,2024-03-17,374,45,Retail,Credit Card,COUPON0-Z-,16.19,AUD
39229,2024-03-17T02:48:48,2024-03-17,56,18,Online,Credit Card,COUPON0A-Z,16.18,AUD
39293,2024-03-17T05:12:32,2024-03-17,711,7,Online,PayPal,COUPONA-0Z,9.49,AUD
39305,2024-03-17T12:51:57,2024-03-17,150,23,Online,PayPal,COUPON0Z-9,12.73,AUD
39509,2024-03-17T00:49:29,2024-03-17,167,5,Online,Afterpay,COUPON----,12.28,AUD
39707,2024-03-17T11:02:02,2024-03-17,469,31,Online,Credit Card,COUPON90A-,11.97,AUD
39709,2024-03-17T02:27:27,2024-03-17,72,23,Online,Afterpay,COUPON0A09,5.1,AUD
39878,2024-03-17T15:19:06,2024-03-17,271,30,Retail,Afterpay,COUPON----,19.92,AUD
39955,2024-03-17T15:53:11,2024-03-17,633,2,Retail,PayPal,COUPON9Z-9,10.63,AUD
40000,2024-03-17T08:27:56,2024-03-17,243,36,Online,Credit Card,COUPONA09-,10.07,AUD
40033,2024-03-17T04:03:42,2024-03-17,664,39,Retail,Credit Card,COUPON-Z9-,0.47,AUD
40148,2024-03-17T00:27:25,2024-03-17,258,1,Retail,Credit Card,COUPON9Z-Z,13.33,AUD
40179,2024-03-17T06:50:56,2024-03-17,523,46,Retail,PayPal,COUPON00-0,9.75,AUD
40309,2024-03-17T18:32:32,2024-03-17,226,41,Online,Credit Card,COUPON9-99,9.19,AUD
40330,2024-03-17T16:06:08,2024-03-17,441,27,Retail,PayPal,COUPONA09-,6.6,AUD
40349,2024-03-17T15:18:05,2024-03-17,378,21,Online,Credit Card,COUPON9-Z-,8.67,AUD
40502,2024-03-17T03:41:33,2024-03-17,365,7,Retail,Credit Card,COUPON90AZ,9.58,AUD
40532,2024-03-17T20:30:05,2024-03-17,570,13,Retail,Afterpay,COUPONZ900,5.34,AUD
40610,2024-03-17T23:32:04,2024-03-17,126,17,Online,Credit Card,COUPON--9A,11.35,AUD
40871,2024-03-17T06:37:14,2024-03-17,572,23,Retail,Credit Card,COUPON-A-Z,6.77,AUD
40922,2024-03-17T12:16:56,2024-03-17,781,14,Online,Credit Card,COUPONZ-Z9,19.6,AUD
40972,2024-03-17T18:31:26,2024-03-17,1,46,Retail,Credit Card,COUPON90-9,18.53,AUD
41006,2024-03-17T17:43:58,2024-03-17,742,42,Online,PayPal,COUPONA--A,1.33,AUD
41114,2024-03-17T14:39:51,2024-03-17,652,28,Retail,Afterpay,COUPONZ-Z-,10.92,AUD
41288,2024-03-17T14:39:51,2024-03-17,686,17,Retail,Credit Card,COUPONZ-9Z,18.36,AUD
41302,2024-03-17T10:31:55,2024-03-17,664,14,Online,Credit Card,COUPON9A--,16.93,AUD
41658,2024-03-17T05:41:08,2024-03-17,707,31,Retail,Credit Card,COUPONA9A9,3.27,AUD
41723,2024-03-17T13:46:53,2024-03-17,681,27,Online,Credit Card,COUPONZ9ZA,8.03,AUD
41999,2024-03-17T09:56:16,2024-03-17,566,13,Online,Afterpay,COUPON--ZZ,12.51,AUD
42213,2024-03-17T06:25:42,2024-03-17,375,3,Online,Credit Card,COUPON909Z,4.96,AUD
42525,2024-03-17T15:03:50,2024-03-17,252,31,Online,Afterpay,COUPON00AA,9.46,AUD
42635,2024-03-17T17:05:05,2024-03-17,622,7,Online,Credit Card,COUPON0-9-,5.94,AUD
42637,2024-03-17T23:52:25,2024-03-17,165,45,Online,Credit Card,COUPON9009,18.76,AUD
42762,2024-03-17T14:53:22,2024-03-17,717,39,Online,PayPal,COUPONZZZA,11.54,AUD
43019,2024-03-17T18:57:27,2024-03-17,82,32,Online,PayPal,COUPON--90,2.66,AUD
43093,2024-03-17T23:05:51,2024-03-17,391,37,Online,PayPal,COUPON9999,9.66,AUD
43240,2024-03-17T00:24:23,2024-03-17,569,26,Online,PayPal,COUPONZ0ZZ,1.85,AUD
43261,2024-03-17T14:57:51,2024-03-17,317,45,Retail,Credit Card,COUPON-A9-,3.75,AUD
43355,2024-03-17T04:00:02,2024-03-17,792,45,Online,PayPal,COUPON9ZZZ,13.62,AUD
43511,2024-03-17T06:17:50,2024-03-17,434,35,Retail,PayPal,COUPON-Z0Z,17.75,AUD
43635,2024-03-17T05:52:07,2024-03-17,747,6,Online,PayPal,COUPONZ0-Z,17.98,AUD
43675,2024-03-17T16:26:06,2024-03-17,789,35,Retail,PayPal,COUPON-A9-,5.74,AUD
43714,2024-03-17T20:13:43,2024-03-17,313,29,Online,Credit Card,COUPON----,9.81,AUD
43823,2024-03-17T21:18:08,2024-03-17,651,43,Retail,PayPal,COUPON9Z--,5.55,AUD
43827,2024-03-17T18:04:44,2024-03-17,794,37,Online,Afterpay,COUPON9Z9A,3.19,AUD
43995,2024-03-17T10:42:05,2024-03-17,398,15,Retail,PayPal,COUPONA9AZ,19.4,AUD
44507,2024-03-17T17:33:40,2024-03-17,5,12,Retail,Credit Card,COUPON99ZZ,4.2,AUD
44542,2024-03-17T01:50:21,2024-03-17,551,29,Retail,PayPal,COUPON9-A0,5.23,AUD
44637,2024-03-17T00:00:37,2024-03-17,139,29,Online,PayPal,COUPON0A9Z,4.89,AUD
44658,2024-03-17T04:41:00,2024-03-17,776,19,Online,PayPal,COUPON9-09,1.43,AUD
44665,2024-03-17T17:07:41,2024-03-17,40,7,Online,Credit Card,COUPONZA09,2.69,AUD
44747,2024-03-17T03:11:26,2024-03-17,560,10,Retail,PayPal,COUPON-09-,13.42,AUD
44903,2024-03-17T10:31:07,2024-03-17,761,32,Retail,PayPal,COUPON9009,12.52,AUD
45135,2024-03-17T04:19:35,2024-03-17,541,29,Retail,Credit Card,COUPON-9--,17.5,AUD
45216,2024-03-17T08:42:40,2024-03-17,482,49,Retail,PayPal,COUPONA090,19.46,AUD
45257,2024-03-17T03:55:29,2024-03-17,182,16,Retail,Afterpay,COUPONZ-0-,8.1,AUD
45396,2024-03-17T13:30:17,2024-03-17,613,43,Retail,PayPal,COUPON-A-0,9.48,AUD
45444,2024-03-17T10:38:14,2024-03-17,758,33,Online,PayPal,COUPON-09A,18.56,AUD
45541,2024-03-17T20:42:02,2024-03-17,100,8,Retail,PayPal,COUPON9Z-Z,8.51,AUD
45573,2024-03-17T09:08:23,2024-03-17,648,48,Retail,Afterpay,COUPONAZ9-,8.97,AUD
45607,2024-03-17T05:18:45,2024-03-17,314,39,Retail,Credit Card,COUPON09A9,10.48,AUD
45697,2024-03-17T14:31:15,2024-03-17,143,19,Retail,Credit Card,COUPON----,19.02,AUD
45882,2024-03-17T06:51:45,2024-03-17,522,39,Online,PayPal,COUPON9-AZ,12.58,AUD
45919,2024-03-17T05:42:36,2024-03-17,453,38,Retail,PayPal,COUPONAZ-9,6.93,AUD
45972,2024-03-17T23:40:00,2024-03-17,261,26,Online,Afterpay,COUPON-9A-,17.42,AUD
46005,2024-03-17T14:02:25,2024-03-17,739,18,Online,PayPal,COUPONZ99-,14.21,AUD
46107,2024-03-17T13:25:34,2024-03-17,644,11,Online,Afterpay,COUPON0Z0-,0.55,AUD
46146,2024-03-17T12:43:42,2024-03-17,440,43,Retail,Credit Card,COUPON--ZZ,6.25,AUD
46167,2024-03-17T07:07:20,2024-03-17,518,38,Online,Credit Card,COUPON90-0,5.48,AUD
46276,2024-03-17T11:12:31,2024-03-17,130,31,Retail,Afterpay,COUPONZA-0,2.74,AUD
46378,2024-03-17T07:32:54,2024-03-17,203,35,Retail,Credit Card,COUPON-A-Z,14.28,AUD
46475,2024-03-17T22:46:16,2024-03-17,296,10,Online,PayPal,COUPON9--Z,15.07,AUD
46478,2024-03-17T14:13:23,2024-03-17,507,40,Retail,Afterpay,COUPONAAA9,6.2,AUD
46507,2024-03-17T12:06:23,2024-03-17,551,8,Retail,Afterpay,COUPONZ90-,12.07,AUD
46614,2024-03-17T15:47:47,2024-03-17,692,13,Retail,PayPal,COUPON099Z,16.31,AUD
46683,2024-03-17T06:25:31,2024-03-17,535,6,Online,Credit Card,COUPON-90-,15.04,AUD
46715,2024-03-17T20:11:11,2024-03-17,461,34,Retail,Credit Card,COUPON90ZZ,11.18,AUD
46738,2024-03-17T10:00:40,2024-03-17,25,28,Retail,Credit Card,COUPON9-09,8.13,AUD
46789,2024-03-17T17:22:58,2024-03-17,785,17,Retail,Afterpay,COUPONA9A-,12.43,AUD
46884,2024-03-17T18:55:51,2024-03-17,433,27,Retail,Afterpay,COUPON09AA,10.58,AUD
46962,2024-03-17T16:49:24,2024-03-17,303,2,Retail,Credit Card,COUPON9A0-,14.31,AUD
47013,2024-03-17T15:20:09,2024-03-17,274,49,Retail,PayPal,COUPONZ9--,17.72,AUD
47164,2024-03-17T07:26:23,2024-03-17,373,34,Online,Credit Card,COUPON-0AA,12.87,AUD
47320,2024-03-17T19:13:17,2024-03-17,241,13,Retail,Afterpay,COUPON----,9.55,AUD
47332,2024-03-17T23:20:50,2024-03-17,654,37,Online,Afterpay,COUPON----,12.41,AUD
47366,2024-03-17T21:27:55,2024-03-17,249,11,Online,Credit Card,COUPON-0-9,16.45,AUD
47379,2024-03-17T19:35:58,2024-03-17,656,2,Online,Credit Card,COUPON9-AZ,13.6,AUD
47381,2024-03-17T11:31:29,2024-03-17,426,29,Online,Credit Card,COUPONZZ--,7.81,AUD
47484,2024-03-17T17:37:55,2024-03-17,466,29,Online,PayPal,COUPONZ-AA,18.21,AUD
47565,2024-03-17T13:47:36,2024-03-17,4,27,Online,PayPal,COUPONA---,18.99,AUD
47673,2024-03-17T05:35:40,2024-03-17,789,26,Online,PayPal,COUPON0---,19.74,AUD
47722,2024-03-17T16:10:48,2024-03-17,551,18,Online,Afterpay,COUPON0-0-,8.06,AUD
47800,2024-03-17T09:44:01,2024-03-17,3,49,Retail,Credit Card,COUPON0--A,4.03,AUD
47841,2024-03-17T11:31:53,2024-03-17,707,30,Retail,Credit Card,COUPONZ099,5.82,AUD
48007,2024-03-17T15:25:11,2024-03-17,354,15,Online,Credit Card,COUPONZ999,16.87,AUD
48031,2024-03-17T16:33:10,2024-03-17,62,7,Online,Afterpay,COUPON99A-,2.3,AUD
48067,2024-03-17T23:11:28,2024-03-17,463,17,Retail,Credit Card,COUPONZAA9,14.89,AUD
48249,2024-03-17T04:23:02,2024-03-17,308,44,Online,Afterpay,COUPON9Z-9,4.25,AUD
48267,2024-03-17T05:34:06,2024-03-17,671,41,Online,Credit Card,COUPONA-0-,1.2,AUD
48368,2024-03-17T23:08:52,2024-03-17,289,24,Online,PayPal,COUPON---0,11.68,AUD
48580,2024-03-17T20:41:31,2024-03-17,99,4,Online,Credit Card,COUPONZZ-9,9.31,AUD
48658,2024-03-17T10:27:41,2024-03-17,766,31,Online,Afterpay,COUPON9Z-9,4.11,AUD
48698,2024-03-17T06:09:51,2024-03-17,38,12,Retail,Afterpay,COUPON9--Z,17.33,AUD
48753,2024-03-17T22:21:02,2024-03-17,733,27,Online,Afterpay,COUPON99AZ,18.18,AUD
48776,2024-03-17T16:12:36,2024-03-17,71,28,Online,PayPal,COUPON0-9A,6.22,AUD
48909,2024-03-17T06:12:28,2024-03-17,283,19,Retail,PayPal,COUPON-Z-9,4.99,AUD
48927,2024-03-17T13:37:16,2024-03-17,346,47,Online,Afterpay,COUPONA-99,13.47,AUD
48986,2024-03-17T04:52:00,2024-03-17,275,12,Online,Credit Card,COUPONA-0-,3.41,AUD
49122,2024-03-17T21:29:48,2024-03-17,265,25,Online,PayPal,COUPONA990,18.28,AUD
49245,2024-03-17T00:03:33,2024-03-17,88,38,Retail,PayPal,COUPON--0-,18.73,AUD
49306,2024-03-17T23:35:58,2024-03-17,685,10,Online,Credit Card,COUPONZZ99,3.97,AUD
49349,2024-03-17T00:38:57,2024-03-17,691,41,Online,PayPal,COUPON-9A-,0.21,AUD
49363,2024-03-17T16:48:32,2024-03-17,434,13,Online,PayPal,COUPON00Z9,3.2,AUD
49387,2024-03-17T11:46:10,2024-03-17,289,17,Online,Afterpay,COUPON9Z-0,15.58,AUD
49571,2024-03-17T20:56:51,2024-03-17,416,48,Online,Credit Card,COUPON0--Z,3.49,AUD
49677,2024-03-17T19:16:54,2024-03-17,449,19,Online,PayPal,COUPON-0-Z,9.82,AUD
49713,2024-03-17T20:36:18,2024-03-17,28,24,Retail,Afterpay,COUPONA-99,13.92,AUD
49733,2024-03-17T10:39:57,2024-03-17,676,9,Online,Afterpay,COUPONZAZ-,10.13,AUD
49741,2024-03-17T06:21:46,2024-03-17,332,31,Online,Afterpay,COUPONAZ00,2.36,AUD
49897,2024-03-17T19:54:28,2024-03-17,179,45,Retail,Credit Card,COUPON0ZZ9,1.2,AUD
50004,2024-03-17T13:26:45,2024-03-17,314,10,Retail,PayPal,COUPON99--,2.07,AUD
50070,2024-03-17T04:56:36,2024-03-17,704,34,Retail,Afterpay,COUPON9---,1.01,AUD
50122,2024-03-17T08:35:06,2024-03-17,475,21,Retail,PayPal,COUPON9--0,4.21,AUD
50187,2024-03-17T21:04:07,2024-03-17,164,22,Retail,PayPal,COUPON-ZZ9,14.34,AUD
50260,2024-03-17T02:52:06,2024-03-17,290,16,Retail,Afterpay,COUPONA-90,4.3,AUD
50276,2024-03-17T06:21:51,2024-03-17,119,20,Online,Credit Card,COUPON-Z-Z,4.12,AUD
50400,2024-03-17T11:32:37,2024-03-17,719,11,Online,Credit Card,COUPON-AZZ,8.41,AUD
50570,2024-03-17T10:49:18,2024-03-17,121,37,Retail,Afterpay,COUPONA-99,13.98,AUD
50572,2024-03-17T16:00:43,2024-03-17,30,41,Online,Afterpay,COUPONZZAZ,11.19,AUD
50724,2024-03-17T15:43:46,2024-03-17,763,47,Retail,Afterpay,COUPON0A-A,5.29,AUD
50743,2024-03-17T13:06:06,2024-03-17,127,9,Online,Afterpay,COUPON000-,13.72,AUD
50818,2024-03-17T03:15:13,2024-03-17,267,33,Online,Credit Card,COUPON0Z90,3.56,AUD
50920,2024-03-17T10:23:07,2024-03-17,242,21,Retail,Credit Card,COUPONAA--,7.85,AUD
50923,2024-03-17T02:25:41,2024-03-17,459,35,Retail,Credit Card,COUPONZA-0,11.28,AUD
50967,2024-03-17T10:04:55,2024-03-17,485,44,Retail,PayPal,COUPON9ZA9,16.65,AUD
51027,2024-03-17T17:24:48,2024-03-17,88,22,Online,Credit Card,COUPONZ0--,8.6,AUD
51241,2024-03-17T09:42:23,2024-03-17,257,43,Online,Afterpay,COUPONAZ-0,6.03,AUD
51242,2024-03-17T12:49:32,2024-03-17,256,5,Retail,Credit Card,COUPON9Z0-,12.24,AUD
51258,2024-03-17T23:24:14,2024-03-17,660,12,Online,PayPal,COUPON90--,15.41,AUD
51309,2024-03-17T09:37:15,2024-03-17,154,19,Retail,Afterpay,COUPON--9-,14.46,AUD
51509,2024-03-17T14:26:43,2024-03-17,614,39,Retail,PayPal,COUPON00A-,8.45,AUD
51548,2024-03-17T09:01:03,2024-03-17,637,5,Retail,PayPal,COUPON9Z00,10.59,AUD
51659,2024-03-17T10:44:00,2024-03-17,795,8,Online,Afterpay,COUPON9-9-,4.06,AUD
51710,2024-03-17T13:41:54,2024-03-17,626,32,Retail,Afterpay,COUPON0Z--,12.17,AUD
51827,2024-03-17T18:46:46,2024-03-17,320,43,Retail,PayPal,COUPON-A--,18.51,AUD
51861,2024-03-17T08:31:06,2024-03-17,769,31,Online,PayPal,COUPON-A-Z,15.2,AUD
51968,2024-03-17T16:44:15,2024-03-17,91,48,Online,PayPal,COUPON-9-A,15.69,AUD
52227,2024-03-17T03:18:07,2024-03-17,446,4,Online,Credit Card,COUPON--ZA,9.87,AUD
52243,2024-03-17T06:53:05,2024-03-17,223,24,Retail,PayPal,COUPON990-,8.33,AUD
52314,2024-03-17T05:00:01,2024-03-17,81,10,Online,Afterpay,COUPON9--9,1.72,AUD
52479,2024-03-17T14:28:19,2024-03-17,77,6,Retail,Credit Card,COUPON9Z9-,14.17,AUD
52609,2024-03-17T20:43:46,2024-03-17,617,3,Online,Credit Card,COUPON-0-0,17.17,AUD
52698,2024-03-17T22:52:08,2024-03-17,555,22,Retail,Afterpay,COUPON9--Z,9.3,AUD
52776,2024-03-17T19:59:51,2024-03-17,718,32,Online,Credit Card,COUPONA-9Z,11.8,AUD
52982,2024-03-17T08:55:38,2024-03-17,372,25,Retail,Credit Card,COUPON09A-,5.14,AUD
53115,2024-03-17T18:01:57,2024-03-17,136,15,Online,PayPal,COUPON--A9,0.25,AUD
53162,2024-03-17T11:24:25,2024-03-17,106,23,Retail,Afterpay,COUPONZ-9-,13.28,AUD
53174,2024-03-17T17:45:28,2024-03-17,391,34,Retail,PayPal,COUPONA9-A,6.89,AUD
53276,2024-03-17T03:32:03,2024-03-17,228,29,Online,Credit Card,COUPON09Z-,14.15,AUD
53341,2024-03-17T04:05:22,2024-03-17,642,38,Retail,Afterpay,COUPONZA9-,9.55,AUD
53345,2024-03-17T16:36:07,2024-03-17,558,47,Retail,Afterpay,COUPON9Z0Z,16.55,AUD
53384,2024-03-17T14:43:05,2024-03-17,784,2,Retail,Credit Card,COUPONZ--A,12.86,AUD
53427,2024-03-17T17:11:09,2024-03-17,21,47,Retail,Afterpay,COUPON9-A-,0.87,AUD
53819,2024-03-17T21:30:08,2024-03-17,738,16,Online,Afterpay,COUPON9A9Z,11.39,AUD
53830,2024-03-17T16:24:36,2024-03-17,651,34,Online,Afterpay,COUPON-9AA,11.42,AUD
53954,2024-03-17T04:33:10,2024-03-17,513,43,Retail,PayPal,COUPON-9-Z,2.88,AUD
54024,2024-03-17T04:01:22,2024-03-17,248,20,Retail,Credit Card,COUPON--AA,6.41,AUD
54145,2024-03-17T09:24:07,2024-03-17,534,34,Online,Afterpay,COUPON-Z-0,14.16,AUD
54313,2024-03-17T10:08:05,2024-03-17,81,25,Online,Afterpay,COUPONZZ0A,18.23,AUD
54407,2024-03-17T15:45:04,2024-03-17,781,13,Retail,Credit Card,COUPONZ0-9,9.17,AUD
54429,2024-03-17T02:21:59,2024-03-17,735,7,Retail,PayPal,COUPONA-90,1.52,AUD
54465,2024-03-17T12:12:27,2024-03-17,431,48,Online,Credit Card,COUPONAZ--,7.81,AUD
54550,2024-03-17T00:09:30,2024-03-17,704,8,Retail,Credit Card,COUPON---A,13.27,AUD
54633,2024-03-17T19:20:02,2024-03-17,98,4,Online,Afterpay,COUPON-Z--,11.03,AUD
54656,2024-03-17T22:13:06,2024-03-17,57,37,Retail,PayPal,COUPON0AZ-,4.61,AUD
54777,2024-03-17T04:05:05,2024-03-17,720,25,Online,Credit Card,COUPON-90A,8.56,AUD
54876,2024-03-17T16:45:24,2024-03-17,709,31,Online,Afterpay,COUPON-AZ0,11.92,AUD
54877,2024-03-17T15:50:17,2024-03-17,210,31,Online,PayPal,COUPON-9AZ,4.94,AUD
54884,2024-03-17T00:17:47,2024-03-17,88,23,Retail,Credit Card,COUPON-AA0,19.84,AUD
54885,2024-03-17T02:24:14,2024-03-17,628,40,Online,PayPal,COUPON-90-,11.03,AUD
54939,2024-03-17T22:51:54,2024-03-17,162,2,Online,PayPal,COUPON9AZ0,17.62,AUD
55063,2024-03-17T10:01:26,2024-03-17,569,16,Online,Afterpay,COUPONZ-0-,2.78,AUD
55299,2024-03-17T21:04:12,2024-03-17,256,24,Online,PayPal,COUPON0ZA0,9.57,AUD
55397,2024-03-17T06:50:23,2024-03-17,482,16,Online,Credit Card,COUPON9-Z-,17.18,AUD
55413,2024-03-17T12:46:59,2024-03-17,95,36,Online,Credit Card,COUPON-99-,0.29,AUD
55664,2024-03-17T22:52:10,2024-03-17,642,23,Retail,Afterpay,COUPONZ9Z-,11.62,AUD
55852,2024-03-17T23:32:39,2024-03-17,380,26,Retail,Credit Card,COUPONAZ0Z,5.59,AUD
56033,2024-03-17T06:33:46,2024-03-17,725,7,Online,Afterpay,COUPON--9A,19.83,AUD
56050,2024-03-17T04:49:10,2024-03-17,671,15,Online,Credit Card,COUPONZ09-,7.36,AUD
56271,2024-03-17T02:51:04,2024-03-17,495,49,Online,Afterpay,COUPON0-9-,15.58,AUD
56304,2024-03-17T04:40:17,2024-03-17,460,40,Online,PayPal,COUPON9A-Z,2.68,AUD
56472,2024-03-17T19:40:08,2024-03-17,155,38,Retail,Afterpay,COUPON--9Z,12.9,AUD
56566,2024-03-17T07:14:58,2024-03-17,338,43,Online,Afterpay,COUPONZ-00,17.77,AUD
56570,2024-03-17T00:58:46,2024-03-17,566,13,Retail,Afterpay,COUPON9A0-,17.5,AUD
56656,2024-03-17T01:06:37,2024-03-17,279,13,Retail,Credit Card,COUPON0-90,7.43,AUD
56686,2024-03-17T23:11:56,2024-03-17,209,49,Online,PayPal,COUPONAZ-9,16.38,AUD
56763,2024-03-17T23:35:49,2024-03-17,19,49,Online,Afterpay,COUPONAA-0,0.85,AUD
56932,2024-03-17T07:47:54,2024-03-17,690,29,Retail,PayPal,COUPON-A--,3.06,AUD
56939,2024-03-17T12:02:58,2024-03-17,377,7,Online,PayPal,COUPON-00-,3.57,AUD
57007,2024-03-17T04:43:55,2024-03-17,641,13,Online,PayPal,COUPONA-AZ,2.2,AUD
57048,2024-03-17T14:31:53,2024-03-17,182,11,Online,Afterpay,COUPON-0-0,12.85,AUD
57069,2024-03-17T12:19:32,2024-03-17,494,10,Online,Credit Card,COUPON--00,6.08,AUD
57321,2024-03-17T20:29:11,2024-03-17,108,39,Online,PayPal,COUPONA9Z-,14.3,AUD
57456,2024-03-17T20:57:26,2024-03-17,373,36,Online,Credit Card,COUPON-A99,13.37,AUD
57516,2024-03-17T15:52:41,2024-03-17,666,48,Retail,Credit Card,COUPON9A90,17.34,AUD
57549,2024-03-17T17:48:47,2024-03-17,255,42,Online,Afterpay,COUPON0-Z-,1.94,AUD
57665,2024-03-17T21:52:54,2024-03-17,373,26,Online,Credit Card,COUPON--A0,2.6,AUD
57688,2024-03-17T22:44:08,2024-03-17,301,9,Retail,PayPal,COUPON--99,16.29,AUD
57717,2024-03-17T20:09:53,2024-03-17,720,12,Retail,PayPal,COUPON0-Z-,6.56,AUD
57823,2024-03-17T05:19:16,2024-03-17,493,17,Retail,PayPal,COUPON9AZA,7.09,AUD
58040,2024-03-17T06:08:15,2024-03-17,658,12,Online,Credit Card,COUPON-Z-Z,15.34,AUD
58174,2024-03-17T10:12:54,2024-03-17,379,14,Online,PayPal,COUPONAA-9,7.9,AUD
58538,2024-03-17T13:48:59,2024-03-17,343,27,Online,Credit Card,COUPON-Z-Z,0.22,AUD
58633,2024-03-17T11:18:06,2024-03-17,196,28,Online,Afterpay,COUPONAZ0A,6.32,AUD
58802,2024-03-17T20:42:29,2024-03-17,532,33,Online,PayPal,COUPONA--0,11.55,AUD
58822,2024-03-17T02:09:23,2024-03-17,754,9,Retail,PayPal,COUPON-ZA9,3.34,AUD
58835,2024-03-17T05:58:44,2024-03-17,773,19,Online,Afterpay,COUPON-0A0,2.24,AUD
58903,2024-03-17T18:54:24,2024-03-17,291,16,Online,PayPal,COUPON--0-,12.3,AUD
59380,2024-03-17T03:47:07,2024-03-17,156,45,Retail,PayPal,COUPONZZ--,8.25,AUD
59381,2024-03-17T12:23:52,2024-03-17,376,16,Online,PayPal,COUPON0-Z-,5.82,AUD
59430,2024-03-17T14:53:47,2024-03-17,36,29,Retail,PayPal,COUPONZZ-9,6.15,AUD
59561,2024-03-17T05:21:22,2024-03-17,496,34,Retail,Credit Card,COUPON0Z--,14.15,AUD
59668,2024-03-17T10:33:35,2024-03-17,682,24,Retail,PayPal,COUPON909Z,10.27,AUD
59784,2024-03-17T19:22:19,2024-03-17,9,40,Retail,Credit Card,COUPON-0ZA,4.49,AUD
59829,2024-03-17T02:43:59,2024-03-17,787,31,Online,Afterpay,COUPON9Z--,13.24,AUD
59931,2024-03-17T06:54:10,2024-03-17,427,29,Online,PayPal,COUPONZ9-0,11.95,AUD
59939,2024-03-17T10:58:35,2024-03-17,642,42,Retail,PayPal,COUPON----,0.16,AUD
60150,2024-03-17T17:27:50,2024-03-17,594,25,Online,PayPal,COUPON9A--,4.48,AUD
60202,2024-03-17T10:24:35,2024-03-17,56,46,Retail,PayPal,COUPON-A--,6.79,AUD
60302,2024-03-17T17:33:18,2024-03-17,384,25,Online,PayPal,COUPONA9Z9,12.34,AUD
60543,2024-03-17T07:29:52,2024-03-17,336,32,Online,PayPal,COUPON-ZZ-,18.01,AUD
60739,2024-03-17T18:15:55,2024-03-17,441,42,Retail,Afterpay,COUPON--Z-,4.26,AUD
60747,2024-03-17T06:29:52,2024-03-17,123,46,Retail,Afterpay,COUPON999-,14.58,AUD
60805,2024-03-17T22:27:15,2024-03-17,519,24,Retail,PayPal,COUPONZA-Z,3.31,AUD
60810,2024-03-17T18:48:38,2024-03-17,156,35,Online,PayPal,COUPON-ZZ0,5.59,AUD
60908,2024-03-17T00:53:57,2024-03-17,702,1,Online,Credit Card,COUPON09ZZ,19.78,AUD
60947,2024-03-17T06:35:53,2024-03-17,113,24,Retail,PayPal,COUPON9A-9,8.69,AUD
60995,2024-03-17T20:27:36,2024-03-17,278,3,Retail,Credit Card,COUPON-0Z9,2.31,AUD
61102,2024-03-17T00:52:49,2024-03-17,510,34,Retail,PayPal,COUPONAA--,16.14,AUD
61166,2024-03-17T02:46:51,2024-03-17,299,29,Retail,Afterpay,COUPON-90-,11.48,AUD
61167,2024-03-17T01:12:52,2024-03-17,310,40,Retail,Afterpay,COUPON0A-Z,3.54,AUD
61178,2024-03-17T02:03:44,2024-03-17,217,49,Retail,Credit Card,COUPON9-Z9,17.88,AUD
61337,2024-03-17T01:15:48,2024-03-17,96,42,Online,PayPal,COUPON-9--,13.18,AUD
61419,2024-03-17T06:25:05,2024-03-17,2,22,Retail,Afterpay,COUPON0A-Z,14.36,AUD
61600,2024-03-17T02:54:30,2024-03-17,753,6,Online,Afterpay,COUPON--A0,8.98,AUD
61777,2024-03-17T16:18:58,2024-03-17,291,34,Online,Credit Card,COUPON-0Z-,7.61,AUD
61906,2024-03-17T11:47:29,2024-03-17,391,42,Online,PayPal,COUPON900A,7.75,AUD
61925,2024-03-17T02:48:51,2024-03-17,539,2,Retail,PayPal,COUPON0A9-,5.72,AUD
62016,2024-03-17T07:26:35,2024-03-17,254,8,Retail,Afterpay,COUPON00--,12.7,AUD
62044,2024-03-17T04:12:42,2024-03-17,615,7,Online,PayPal,COUPON09AZ,18.33,AUD
62206,2024-03-17T23:53:16,2024-03-17,713,6,Retail,PayPal,COUPON9999,3.15,AUD
62359,2024-03-17T13:42:42,2024-03-17,546,47,Retail,Credit Card,COUPON--0A,4.65,AUD
62388,2024-03-17T20:34:55,2024-03-17,88,40,Retail,Credit Card,COUPON09Z-,4.78,AUD
62460,2024-03-17T04:45:28,2024-03-17,516,27,Online,Credit Card,COUPONA0Z-,1.52,AUD
62535,2024-03-17T17:50:40,2024-03-17,501,30,Online,Credit Card,COUPON00Z-,10.1,AUD
62556,2024-03-17T10:05:50,2024-03-17,764,35,Online,PayPal,COUPON900-,17.16,AUD
62610,2024-03-17T16:23:47,2024-03-17,137,22,Retail,Afterpay,COUPON9---,16.59,AUD
62649,2024-03-17T12:34:41,2024-03-17,754,33,Online,Afterpay,COUPONZA0-,15.85,AUD
62714,2024-03-17T08:01:43,2024-03-17,520,36,Retail,Credit Card,COUPONZ9A0,7.07,AUD
62822,2024-03-17T09:04:27,2024-03-17,706,8,Online,Afterpay,COUPON---Z,10.87,AUD
63085,2024-03-17T15:26:06,2024-03-17,573,39,Online,Credit Card,COUPONZ0-0,8.08,AUD
63261,2024-03-17T00:17:14,2024-03-17,488,28,Online,Credit Card,COUPON-0--,16.22,AUD
63266,2024-03-17T07:29:52,2024-03-17,343,4,Online,PayPal,COUPONZ099,16.68,AUD
63365,2024-03-17T04:48:18,2024-03-17,648,24,Online,Afterpay,COUPONZ-00,5.87,AUD
63419,2024-03-17T18:11:36,2024-03-17,305,20,Retail,Afterpay,COUPON0Z0A,3.78,AUD
63488,2024-03-17T12:13:46,2024-03-17,153,13,Retail,PayPal,COUPONZ-AZ,2.24,AUD
63605,2024-03-17T00:58:06,2024-03-17,614,21,Online,Afterpay,COUPON0-A0,17.68,AUD
63635,2024-03-17T22:05:17,2024-03-17,284,7,Online,Afterpay,COUPON-9-Z,13.07,AUD
63643,2024-03-17T16:52:51,2024-03-17,409,33,Online,Afterpay,COUPON0909,10.79,AUD
63740,2024-03-17T04:44:46,2024-03-17,358,22,Online,Credit Card,COUPONA--Z,1.27,AUD
63783,2024-03-17T07:14:48,2024-03-17,32,45,Online,PayPal,COUPON0-A9,5.97,AUD
63804,2024-03-17T12:06:18,2024-03-17,69,6,Online,Credit Card,COUPONZ9ZZ,4.29,AUD
63901,2024-03-17T19:33:26,2024-03-17,505,29,Retail,PayPal,COUPON9ZZ-,12.78,AUD
63952,2024-03-17T17:53:43,2024-03-17,528,11,Online,Afterpay,COUPONA090,11.22,AUD
63985,2024-03-17T02:30:32,2024-03-17,656,48,Online,PayPal,COUPONAZ0-,9.68,AUD
64041,2024-03-17T18:04:13,2024-03-17,544,10,Online,Afterpay,COUPON-A--,14.7,AUD
64218,2024-03-17T06:10:57,2024-03-17,192,12,Online,Afterpay,COUPONA990,12.21,AUD
64374,2024-03-17T08:33:16,2024-03-17,703,43,Online,Credit Card,COUPON0-9-,2.61,AUD
64428,2024-03-17T13:50:07,2024-03-17,278,49,Online,PayPal,COUPONA0A9,11.03,AUD
64486,2024-03-17T18:01:48,2024-03-17,143,33,Online,Credit Card,COUPON---0,2.25,AUD
64498,2024-03-17T18:42:11,2024-03-17,447,34,Online,Afterpay,COUPONZ---,16.42,AUD
64549,2024-03-17T08:13:55,2024-03-17,305,29,Online,Credit Card,COUPON0Z0Z,12.55,AUD
64628,2024-03-17T17:03:56,2024-03-17,410,18,Online,Afterpay,COUPONZ9-A,9.31,AUD
64643,2024-03-17T21:56:06,2024-03-17,677,45,Online,Afterpay,COUPONA0-Z,19.63,AUD
64876,2024-03-17T23:06:51,2024-03-17,560,7,Online,Afterpay,COUPONAZ-0,6.41,AUD
64894,2024-03-17T12:06:24,2024-03-17,194,36,Online,Credit Card,COUPONZ9-0,4.98,AUD
65187,2024-03-17T11:49:30,2024-03-17,191,35,Retail,PayPal,COUPONZ9-0,6.55,AUD
65278,2024-03-17T13:51:12,2024-03-17,91,20,Retail,Credit Card,COUPON90--,3.46,AUD
65404,2024-03-17T10:56:39,2024-03-17,41,42,Online,PayPal,COUPON009-,12.53,AUD
65443,2024-03-17T00:39:42,2024-03-17,100,37,Retail,Credit Card,COUPON-Z09,17.7,AUD
65504,2024-03-17T19:47:01,2024-03-17,8,48,Online,Credit Card,COUPON-90-,2.0,AUD
65694,2024-03-17T02:53:46,2024-03-17,739,45,Retail,PayPal,COUPONAA-0,17.64,AUD
65754,2024-03-17T22:01:49,2024-03-17,625,44,Retail,PayPal,COUPONA-A-,0.82,AUD
66005,2024-03-17T16:44:31,2024-03-17,47,43,Retail,Credit Card,COUPONZZ9-,4.78,AUD
66575,2024-03-17T19:39:27,2024-03-17,515,12,Online,PayPal,COUPON9Z--,6.75,AUD
66722,2024-03-17T21:55:46,2024-03-17,730,4,Online,Afterpay,COUPON-099,7.57,AUD
66759,2024-03-17T18:07:35,2024-03-17,215,16,Online,Credit Card,COUPON-9-0,2.42,AUD
66873,2024-03-17T05:27:37,2024-03-17,725,29,Online,Afterpay,COUPON-00A,8.65,AUD
66903,2024-03-17T04:23:43,2024-03-17,758,42,Retail,Afterpay,COUPONAZ--,2.05,AUD
67053,2024-03-17T23:24:06,2024-03-17,511,47,Online,PayPal,COUPON-0--,4.25,AUD
67103,2024-03-17T22:05:51,2024-03-17,413,5,Online,Afterpay,COUPON-0-0,2.65,AUD
67304,2024-03-17T06:43:05,2024-03-17,710,6,Retail,PayPal,COUPONAA9-,10.33,AUD
67344,2024-03-17T00:44:33,2024-03-17,490,8,Retail,PayPal,COUPONZZ0Z,18.98,AUD
67347,2024-03-17T10:52:27,2024-03-17,132,27,Online,PayPal,COUPON9AAZ,17.02,AUD
67372,2024-03-17T07:02:45,2024-03-17,220,10,Retail,Afterpay,COUPON-A--,9.1,AUD
67474,2024-03-17T02:05:08,2024-03-17,750,31,Online,PayPal,COUPON-9-0,18.87,AUD
67495,2024-03-17T13:40:13,2024-03-17,557,2,Online,Credit Card,COUPONZ0Z-,1.99,AUD
67639,2024-03-17T05:50:41,2024-03-17,343,40,Retail,Credit Card,COUPON9-Z-,12.16,AUD
67954,2024-03-17T03:32:29,2024-03-17,615,29,Online,Afterpay,COUPON0-00,5.12,AUD
68124,2024-03-17T04:24:59,2024-03-17,218,46,Online,Afterpay,COUPONZ00Z,1.21,AUD
68256,2024-03-17T19:24:26,2024-03-17,225,42,Online,Afterpay,COUPON-Z-9,1.11,AUD
68358,2024-03-17T11:09:34,2024-03-17,766,46,Retail,Afterpay,COUPONZ--9,17.82,AUD
68416,2024-03-17T14:43:27,2024-03-17,187,38,Retail,Afterpay,COUPON9ZA9,1.19,AUD
68463,2024-03-17T18:37:19,2024-03-17,31,16,Online,Afterpay,COUPON-AZ0,2.93,AUD
68506,2024-03-17T12:04:12,2024-03-17,447,32,Retail,Credit Card,COUPON--09,2.66,AUD
68517,2024-03-17T20:12:49,2024-03-17,355,32,Retail,Credit Card,COUPONA-9A,0.57,AUD
68756,2024-03-17T21:54:27,2024-03-17,62,41,Retail,Afterpay,COUPONZ--A,13.85,AUD
68825,2024-03-17T07:04:46,2024-03-17,25,44,Retail,Afterpay,COUPON-9-0,7.25,AUD
68953,2024-03-17T22:51:11,2024-03-17,34,4,Online,Credit Card,COUPONA-ZZ,14.38,AUD
69043,2024-03-17T03:41:34,2024-03-17,385,39,Online,Credit Card,COUPON-Z--,18.27,AUD
69173,2024-03-17T18:30:11,2024-03-17,399,39,Online,Afterpay,COUPONA-A-,10.91,AUD
69231,2024-03-17T07:16:55,2024-03-17,379,18,Retail,PayPal,COUPON09-Z,4.51,AUD
69245,2024-03-17T10:46:06,2024-03-17,649,12,Retail,Afterpay,COUPON90-0,8.42,AUD
69338,2024-03-17T05:02:20,2024-03-17,580,36,Online,Credit Card,COUPON9--0,1.13,AUD
69355,2024-03-17T03:46:48,2024-03-17,188,13,Retail,Afterpay,COUPON0--A,4.54,AUD
69612,2024-03-17T06:10:38,2024-03-17,82,38,Retail,Credit Card,COUPON--9-,10.43,AUD
69654,2024-03-17T22:33:40,2024-03-17,117,19,Online,PayPal,COUPON9--9,0.75,AUD
69656,2024-03-17T11:39:32,2024-03-17,430,16,Online,PayPal,COUPONZ9A0,3.19,AUD
69693,2024-03-17T13:09:02,2024-03-17,519,26,Retail,Afterpay,COUPONA0--,17.24,AUD
69747,2024-03-17T01:30:45,2024-03-17,447,28,Online,PayPal,COUPON-Z-9,8.86,AUD
69969,2024-03-17T11:24:18,2024-03-17,671,36,Online,Afterpay,COUPON-ZZ0,1.65,AUD
70017,2024-03-17T09:43:13,2024-03-17,42,19,Online,PayPal,COUPON09A9,7.54,AUD
70031,2024-03-17T03:50:15,2024-03-17,136,34,Online,Credit Card,COUPONA-09,0.18,AUD
70084,2024-03-17T01:46:43,2024-03-17,89,44,Retail,Credit Card,COUPONA-Z9,12.38,AUD
70102,2024-03-17T01:32:35,2024-03-17,737,22,Online,Credit Card,COUPON-A9A,11.97,AUD
70111,2024-03-17T00:27:11,2024-03-17,248,31,Online,PayPal,COUPON-9-9,15.06,AUD
70357,2024-03-17T07:24:20,2024-03-17,156,29,Online,PayPal,COUPON0Z09,5.55,AUD
70481,2024-03-17T23:14:03,2024-03-17,341,29,Online,Credit Card,COUPONAAAA,0.77,AUD
70548,2024-03-17T19:49:48,2024-03-17,677,24,Online,PayPal,COUPON9A99,14.97,AUD
70868,2024-03-17T00:17:13,2024-03-17,358,45,Retail,Credit Card,COUPON-Z9A,10.75,AUD
70897,2024-03-17T21:58:02,2024-03-17,796,36,Retail,Credit Card,COUPON0-09,19.07,AUD
71141,2024-03-17T01:19:01,2024-03-17,353,6,Online,Afterpay,COUPON9-90,10.22,AUD
71242,2024-03-17T06:33:09,2024-03-17,49,22,Online,PayPal,COUPONA9A9,10.57,AUD
71285,2024-03-17T17:40:06,2024-03-17,792,36,Online,Afterpay,COUPON0A99,18.11,AUD
71461,2024-03-17T01:53:37,2024-03-17,657,22,Online,PayPal,COUPON---9,17.84,AUD
71642,2024-03-17T06:13:10,2024-03-17,249,5,Retail,Afterpay,COUPON9Z9A,7.28,AUD
71694,2024-03-17T05:40:09,2024-03-17,646,1,Retail,PayPal,COUPON--A9,2.22,AUD
71741,2024-03-17T11:54:43,2024-03-17,257,41,Online,Afterpay,COUPON0-A9,16.18,AUD
71927,2024-03-17T16:44:29,2024-03-17,250,22,Online,Credit Card,COUPON0-0-,6.31,AUD
72094,2024-03-17T09:17:59,2024-03-17,34,48,Online,Afterpay,COUPON00AZ,2.7,AUD
72133,2024-03-17T20:39:41,2024-03-17,794,48,Retail,PayPal,COUPON0--A,8.79,AUD
72160,2024-03-17T12:12:44,2024-03-17,239,49,Online,Credit Card,COUPON-9ZZ,6.32,AUD
72178,2024-03-17T23:41:29,2024-03-17,339,9,Online,PayPal,COUPON-Z-Z,11.64,AUD
72331,2024-03-17T22:59:40,2024-03-17,345,3,Online,PayPal,COUPONA90Z,6.86,AUD
72411,2024-03-17T09:16:08,2024-03-17,285,3,Retail,PayPal,COUPONA9AA,5.14,AUD
72452,2024-03-17T08:05:29,2024-03-17,645,30,Retail,Afterpay,COUPONZ9-0,3.28,AUD
72476,2024-03-17T09:43:29,2024-03-17,590,27,Retail,Afterpay,COUPON---0,18.94,AUD
72625,2024-03-17T06:11:37,2024-03-17,324,35,Retail,PayPal,COUPON-0--,16.75,AUD
72765,2024-03-17T16:20:56,2024-03-17,532,41,Retail,PayPal,COUPONA0A-,4.53,AUD
72778,2024-03-17T15:33:24,2024-03-17,118,16,Online,PayPal,COUPON9-A-,0.7,AUD
72845,2024-03-17T16:36:10,2024-03-17,77,35,Online,PayPal,COUPON-Z-0,10.91,AUD
72877,2024-03-17T20:41:30,2024-03-17,702,27,Online,Afterpay,COUPONAZ--,16.7,AUD
72925,2024-03-17T14:51:19,2024-03-17,418,29,Retail,PayPal,COUPON99-Z,9.86,AUD
73036,2024-03-17T19:16:44,2024-03-17,679,44,Retail,PayPal,COUPONA0-A,0.16,AUD
73073,2024-03-17T05:58:49,2024-03-17,678,20,Retail,Afterpay,COUPON----,16.51,AUD
73117,2024-03-17T02:43:15,2024-03-17,780,2,Online,Afterpay,COUPON--Z-,1.78,AUD
73144,2024-03-17T15:11:53,2024-03-17,650,27,Retail,PayPal,COUPON-90-,14.83,AUD
73182,2024-03-17T21:58:33,2024-03-17,490,37,Retail,Credit Card,COUPONAZZ0,5.83,AUD
73253,2024-03-17T22:27:08,2024-03-17,597,6,Online,PayPal,COUPON9-Z-,5.04,AUD
73312,2024-03-17T10:45:36,2024-03-17,750,34,Retail,Afterpay,COUPON00A-,2.82,AUD
73419,2024-03-17T19:46:09,2024-03-17,566,3,Online,Afterpay,COUPON-ZZ-,17.42,AUD
73464,2024-03-17T00:00:25,2024-03-17,417,40,Online,Afterpay,COUPON0990,16.07,AUD
73717,2024-03-17T13:44:37,2024-03-17,81,29,Online,PayPal,COUPON0-AA,16.29,AUD
73748,2024-03-17T21:20:27,2024-03-17,783,1,Retail,Credit Card,COUPONZZ--,4.34,AUD
73799,2024-03-17T15:18:43,2024-03-17,495,13,Online,PayPal,COUPONZ---,2.11,AUD
73800,2024-03-17T00:39:50,2024-03-17,342,25,Online,Credit Card,COUPONA90-,14.23,AUD
73979,2024-03-17T07:46:46,2024-03-17,459,2,Retail,Afterpay,COUPON--Z9,16.6,AUD
74042,2024-03-17T03:12:07,2024-03-17,219,21,Retail,PayPal,COUPON9Z00,18.61,AUD
74146,2024-03-17T19:30:46,2024-03-17,511,13,Retail,Afterpay,COUPON-ZAZ,10.33,AUD
74164,2024-03-17T14:10:52,2024-03-17,379,9,Retail,Afterpay,COUPONZ9-Z,2.68,AUD
74232,2024-03-17T05:19:39,2024-03-17,309,46,Retail,Afterpay,COUPON--9-,0.51,AUD
74281,2024-03-17T10:56:39,2024-03-17,613,15,Retail,Credit Card,COUPONZA0Z,19.41,AUD
74461,2024-03-17T09:09:58,2024-03-17,584,5,Online,Afterpay,COUPON-A0-,8.85,AUD
74497,2024-03-17T05:59:18,2024-03-17,298,27,Online,Credit Card,COUPON0-ZZ,2.34,AUD
74573,2024-03-17T10:20:25,2024-03-17,444,1,Online,PayPal,COUPON0AZ-,9.48,AUD
74847,2024-03-17T09:39:02,2024-03-17,721,30,Retail,Afterpay,COUPON9-00,2.98,AUD
74848,2024-03-17T05:29:24,2024-03-17,232,29,Online,PayPal,COUPON--Z9,19.65,AUD
74868,2024-03-17T20:35:30,2024-03-17,222,36,Retail,PayPal,COUPON-Z-Z,1.56,AUD
74905,2024-03-17T03:19:24,2024-03-17,558,31,Retail,Credit Card,COUPON-A09,16.02,AUD
74996,2024-03-17T02:24:54,2024-03-17,223,5,Online,PayPal,COUPON-0ZA,14.4,AUD
75015,2024-03-17T09:39:33,2024-03-17,595,12,Online,PayPal,COUPONZ9-Z,19.96,AUD
75058,2024-03-17T08:14:30,2024-03-17,739,38,Online,Credit Card,COUPONZ-Z-,14.56,AUD
75124,2024-03-17T22:13:29,2024-03-17,398,27,Retail,Credit Card,COUPON9--A,13.88,AUD
75184,2024-03-17T16:07:07,2024-03-17,687,28,Online,PayPal,COUPON-Z-A,11.19,AUD
75316,2024-03-17T17:28:18,2024-03-17,664,42,Retail,Credit Card,COUPON0-00,6.5,AUD
75687,2024-03-17T11:39:45,2024-03-17,316,31,Retail,Afterpay,COUPON9A90,17.25,AUD
75760,2024-03-17T13:11:57,2024-03-17,455,11,Retail,Afterpay,COUPONAAA-,5.87,AUD
75762,2024-03-17T08:49:38,2024-03-17,237,38,Online,Credit Card,COUPON---9,19.69,AUD
75792,2024-03-17T02:49:18,2024-03-17,444,27,Online,Afterpay,COUPON00--,17.16,AUD
75951,2024-03-17T17:31:04,2024-03-17,463,7,Online,PayPal,COUPON--ZA,9.29,AUD
75964,2024-03-17T06:39:45,2024-03-17,792,45,Retail,Afterpay,COUPON0A9-,14.75,AUD
76031,2024-03-17T22:14:45,2024-03-17,613,26,Retail,PayPal,COUPON099Z,0.25,AUD
76127,2024-03-17T14:01:30,2024-03-17,539,15,Online,Afterpay,COUPONZA--,3.9,AUD
76163,2024-03-17T01:00:04,2024-03-17,133,30,Online,PayPal,COUPON9AZZ,19.85,AUD
76220,2024-03-17T17:21:12,2024-03-17,264,48,Retail,Credit Card,COUPON9A0A,4.46,AUD
76292,2024-03-17T06:51:52,2024-03-17,599,45,Online,Afterpay,COUPONZ--9,4.36,AUD
76311,2024-03-17T13:18:35,2024-03-17,261,17,Online,Credit Card,COUPON9000,14.33,AUD
76401,2024-03-17T04:10:37,2024-03-17,195,21,Online,PayPal,COUPONZA-9,17.2,AUD
76419,2024-03-17T20:13:25,2024-03-17,267,1,Retail,PayPal,COUPON-99-,15.54,AUD
76435,2024-03-17T23:13:42,2024-03-17,324,11,Online,Credit Card,COUPON-Z-A,9.76,AUD
76461,2024-03-17T04:16:50,2024-03-17,49,12,Online,Credit Card,COUPON9--0,0.88,AUD
76654,2024-03-17T03:14:01,2024-03-17,440,46,Online,Afterpay,COUPONZ0-0,1.5,AUD
76669,2024-03-17T03:26:42,2024-03-17,337,35,Online,Afterpay,COUPONA9A-,15.71,AUD
76697,2024-03-17T00:51:41,2024-03-17,792,48,Online,Afterpay,COUPON-9Z-,12.2,AUD
76742,2024-03-17T00:48:48,2024-03-17,567,44,Online,Credit Card,COUPONAZA-,19.47,AUD
76970,2024-03-17T14:40:09,2024-03-17,362,37,Online,Afterpay,COUPONAAA0,17.39,AUD
77139,2024-03-17T03:41:36,2024-03-17,796,48,Online,Credit Card,COUPONA0A-,8.01,AUD
77140,2024-03-17T01:06:18,2024-03-17,315,35,Retail,Afterpay,COUPONZA--,0.12,AUD
77156,2024-03-17T23:32:53,2024-03-17,671,46,Online,Afterpay,COUPONZ-ZZ,5.74,AUD
77214,2024-03-17T23:22:27,2024-03-17,475,12,Retail,PayPal,COUPON-ZA0,14.01,AUD
77260,2024-03-17T17:19:17,2024-03-17,671,30,Online,Afterpay,COUPON0--A,17.59,AUD
77301,2024-03-17T16:25:49,2024-03-17,309,24,Retail,Credit Card,COUPONZ-Z0,13.97,AUD
77694,2024-03-17T13:05:13,2024-03-17,738,15,Online,PayPal,COUPON9-Z0,8.24,AUD
77864,2024-03-17T20:43:10,2024-03-17,507,20,Retail,PayPal,COUPON0-09,14.94,AUD
77940,2024-03-17T14:26:15,2024-03-17,708,4,Retail,PayPal,COUPONAA0Z,5.37,AUD
77993,2024-03-17T14:48:54,2024-03-17,266,29,Online,Afterpay,COUPON00-A,12.08,AUD
78138,2024-03-17T19:48:21,2024-03-17,71,46,Retail,PayPal,COUPON0-0A,16.79,AUD
78210,2024-03-17T20:05:03,2024-03-17,140,35,Online,Afterpay,COUPON0AAZ,10.67,AUD
78379,2024-03-17T23:45:04,2024-03-17,142,6,Retail,Afterpay,COUPON0-A0,19.74,AUD
78552,2024-03-17T00:45:41,2024-03-17,94,14,Retail,PayPal,COUPON9-A-,17.53,AUD
78570,2024-03-17T05:21:54,2024-03-17,295,25,Online,Afterpay,COUPON0A-0,19.1,AUD
78865,2024-03-17T15:59:35,2024-03-17,656,44,Retail,PayPal,COUPONA--0,0.38,AUD
78872,2024-03-17T10:04:48,2024-03-17,505,37,Online,Credit Card,COUPON9--A,3.14,AUD
78962,2024-03-17T06:03:24,2024-03-17,528,36,Retail,Credit Card,COUPON0A--,5.53,AUD
79041,2024-03-17T10:32:12,2024-03-17,769,25,Retail,PayPal,COUPONA0-Z,9.06,AUD
79045,2024-03-17T20:12:52,2024-03-17,141,38,Online,Afterpay,COUPONZ-Z-,18.21,AUD
79057,2024-03-17T08:05:23,2024-03-17,350,30,Retail,Credit Card,COUPONZ-AA,6.49,AUD
79275,2024-03-17T05:03:36,2024-03-17,28,30,Online,Afterpay,COUPON-0ZA,5.55,AUD
79321,2024-03-17T10:20:19,2024-03-17,244,45,Online,Credit Card,COUPONA0Z9,8.32,AUD
79381,2024-03-17T07:21:12,2024-03-17,623,36,Online,Credit Card,COUPON00-9,11.68,AUD
79438,2024-03-17T20:58:12,2024-03-17,410,26,Retail,Afterpay,COUPONA099,2.57,AUD
79490,2024-03-17T12:12:10,2024-03-17,222,14,Retail,PayPal,COUPONA--9,11.46,AUD
79743,2024-03-17T16:08:41,2024-03-17,519,36,Online,PayPal,COUPON90AA,17.64,AUD
79775,2024-03-17T12:46:52,2024-03-17,145,23,Online,PayPal,COUPONA---,10.97,AUD
79903,2024-03-17T07:46:06,2024-03-17,220,6,Retail,Afterpay,COUPONZ-90,10.48,AUD
80004,2024-03-17T23:44:07,2024-03-17,656,18,Online,PayPal,COUPONZ--A,19.91,AUD
80108,2024-03-17T11:34:54,2024-03-17,794,8,Retail,Credit Card,COUPONZ-0-,14.97,AUD
80121,2024-03-17T21:06:13,2024-03-17,339,19,Retail,PayPal,COUPON00ZZ,15.92,AUD
80200,2024-03-17T22:22:11,2024-03-17,610,30,Retail,Credit Card,COUPON-09-,9.51,AUD
80242,2024-03-17T23:27:42,2024-03-17,377,4,Retail,Credit Card,COUPON-9-Z,3.1,AUD
80359,2024-03-17T09:41:02,2024-03-17,319,1,Retail,Credit Card,COUPON-9A-,10.41,AUD
80394,2024-03-17T16:21:52,2024-03-17,786,16,Online,PayPal,COUPON-Z--,19.99,AUD
80732,2024-03-17T11:05:28,2024-03-17,587,19,Retail,Afterpay,COUPON-0-9,10.08,AUD
80827,2024-03-17T19:26:20,2024-03-17,764,24,Retail,PayPal,COUPON-0-Z,1.86,AUD
80921,2024-03-17T23:30:21,2024-03-17,65,15,Online,PayPal,COUPON0-ZA,3.37,AUD
80985,2024-03-17T19:14:53,2024-03-17,625,9,Online,Credit Card,COUPONA-A-,13.09,AUD
80992,2024-03-17T10:00:45,2024-03-17,363,2,Retail,Afterpay,COUPONZ--A,1.19,AUD
81071,2024-03-17T11:29:21,2024-03-17,569,6,Online,Credit Card,COUPON----,15.37,AUD
81073,2024-03-17T14:20:13,2024-03-17,28,27,Online,Credit Card,COUPONZ9Z9,12.26,AUD
81090,2024-03-17T17:20:48,2024-03-17,546,19,Online,PayPal,COUPON0Z9Z,1.25,AUD
81118,2024-03-17T09:16:51,2024-03-17,21,40,Online,Afterpay,COUPONZ0-A,3.39,AUD
81178,2024-03-17T22:37:39,2024-03-17,115,30,Online,Afterpay,COUPONAAZ9,0.77,AUD
81202,2024-03-17T17:32:02,2024-03-17,581,39,Retail,Credit Card,COUPON-90A,1.73,AUD
81242,2024-03-17T08:22:46,2024-03-17,524,34,Retail,Afterpay,COUPONAZA0,14.2,AUD
81263,2024-03-17T12:20:38,2024-03-17,773,45,Online,Afterpay,COUPONAAZA,11.7,AUD
81473,2024-03-17T21:22:03,2024-03-17,281,48,Online,PayPal,COUPONA0-0,18.07,AUD
81477,2024-03-17T03:18:42,2024-03-17,406,48,Online,Credit Card,COUPON---A,5.94,AUD
81576,2024-03-17T20:29:27,2024-03-17,217,17,Retail,PayPal,COUPONZ90A,18.53,AUD
81688,2024-03-17T12:01:35,2024-03-17,107,13,Retail,PayPal,COUPON-0-Z,9.83,AUD
81693,2024-03-17T00:56:49,2024-03-17,9,12,Retail,Credit Card,COUPON9-A0,8.25,AUD
81765,2024-03-17T23:51:03,2024-03-17,700,5,Retail,Credit Card,COUPONA0Z0,19.46,AUD
81869,2024-03-17T18:10:41,2024-03-17,117,7,Retail,Credit Card,COUPON--9A,1.78,AUD
81960,2024-03-17T06:01:16,2024-03-17,291,31,Online,Credit Card,COUPONA-0-,18.86,AUD
82063,2024-03-17T19:36:21,2024-03-17,28,31,Retail,Afterpay,COUPON-0-0,2.03,AUD
82158,2024-03-17T09:49:59,2024-03-17,357,35,Retail,Credit Card,COUPONA0--,14.6,AUD
82164,2024-03-17T22:11:15,2024-03-17,262,30,Retail,Afterpay,COUPON99-9,9.29,AUD
82290,2024-03-17T09:03:37,2024-03-17,367,44,Online,PayPal,COUPON--A9,9.76,AUD
82354,2024-03-17T06:59:29,2024-03-17,494,9,Online,PayPal,COUPON9-9-,1.83,AUD
82374,2024-03-17T20:15:16,2024-03-17,246,6,Online,Afterpay,COUPON--9-,8.83,AUD
82472,2024-03-17T00:02:46,2024-03-17,519,47,Online,PayPal,COUPONA0-Z,19.9,AUD
82535,2024-03-17T16:47:56,2024-03-17,49,40,Online,Credit Card,COUPON---Z,15.54,AUD
82591,2024-03-17T07:38:53,2024-03-17,118,10,Online,Afterpay,COUPON09-9,18.76,AUD
82667,2024-03-17T07:30:28,2024-03-17,501,34,Retail,PayPal,COUPON--Z9,16.54,AUD
82739,2024-03-17T23:15:42,2024-03-17,466,33,Online,Credit Card,COUPON----,18.84,AUD
82749,2024-03-17T04:00:09,2024-03-17,315,9,Retail,Credit Card,COUPON-9-A,12.63,AUD
82871,2024-03-17T05:35:16,2024-03-17,607,5,Retail,PayPal,COUPONA-Z-,4.45,AUD
83104,2024-03-17T15:18:03,2024-03-17,735,3,Retail,Afterpay,COUPON-A9Z,8.22,AUD
83107,2024-03-17T22:12:45,2024-03-17,403,39,Retail,Afterpay,COUPONA9Z9,8.53,AUD
83145,2024-03-17T06:51:26,2024-03-17,248,45,Online,Credit Card,COUPON9000,5.78,AUD
83179,2024-03-17T14:03:36,2024-03-17,502,7,Online,Credit Card,COUPONZ00-,10.95,AUD
83236,2024-03-17T22:03:08,2024-03-17,645,36,Retail,Afterpay,COUPON-9--,6.87,AUD
83485,2024-03-17T03:16:24,2024-03-17,354,47,Retail,PayPal,COUPON0A-A,3.7,AUD
83552,2024-03-17T22:09:40,2024-03-17,728,15,Online,Afterpay,COUPON-Z-A,16.55,AUD
83617,2024-03-17T22:12:12,2024-03-17,487,19,Retail,Afterpay,COUPON0--0,7.95,AUD
83725,2024-03-17T15:27:55,2024-03-17,558,27,Retail,PayPal,COUPON---0,3.61,AUD
83842,2024-03-17T01:41:41,2024-03-17,182,48,Retail,Afterpay,COUPON99A-,8.97,AUD
83868,2024-03-17T19:48:52,2024-03-17,611,27,Retail,PayPal,COUPON09--,15.48,AUD
83873,2024-03-17T03:32:09,2024-03-17,493,49,Retail,PayPal,COUPON--9A,13.38,AUD
83977,2024-03-17T02:45:46,2024-03-17,229,44,Retail,Afterpay,COUPON0-ZA,16.42,AUD
84186,2024-03-17T20:54:28,2024-03-17,31,9,Online,Credit Card,COUPON-0Z0,14.62,AUD
84213,2024-03-17T18:16:08,2024-03-17,755,23,Retail,Credit Card,COUPON-09-,14.28,AUD
84281,2024-03-17T23:23:35,2024-03-17,500,44,Retail,Credit Card,COUPON9--0,13.66,AUD
84316,2024-03-17T05:25:04,2024-03-17,63,46,Retail,Afterpay,COUPON-0--,1.96,AUD
84344,2024-03-17T02:14:12,2024-03-17,124,32,Retail,Afterpay,COUPON-9Z-,2.68,AUD
84346,2024-03-17T09:56:04,2024-03-17,174,3,Retail,Afterpay,COUPON090Z,10.23,AUD
84452,2024-03-17T06:09:16,2024-03-17,546,34,Online,Credit Card,COUPON-0A-,14.55,AUD
84539,2024-03-17T22:44:55,2024-03-17,182,20,Online,Afterpay,COUPONZ--Z,8.59,AUD
84632,2024-03-17T10:17:29,2024-03-17,697,18,Retail,Credit Card,COUPONZZ0A,12.65,AUD
84709,2024-03-17T00:16:58,2024-03-17,633,14,Online,PayPal,COUPON0AAA,12.58,AUD
84727,2024-03-17T10:27:48,2024-03-17,495,24,Online,PayPal,COUPON9-Z-,13.52,AUD
84763,2024-03-17T10:31:57,2024-03-17,626,48,Retail,Credit Card,COUPON----,18.2,AUD
84879,2024-03-17T04:02:42,2024-03-17,498,36,Online,Afterpay,COUPON0-00,4.88,AUD
84893,2024-03-17T06:56:23,2024-03-17,553,26,Online,PayPal,COUPON--0-,18.86,AUD
84906,2024-03-17T21:27:27,2024-03-17,164,11,Online,Credit Card,COUPONZ-ZZ,4.07,AUD
85054,2024-03-17T22:45:59,2024-03-17,653,11,Online,PayPal,COUPONA-AA,9.68,AUD
85065,2024-03-17T01:37:49,2024-03-17,481,41,Retail,Credit Card,COUPON--0-,11.67,AUD
85092,2024-03-17T17:52:56,2024-03-17,446,12,Online,PayPal,COUPONAZZ9,7.81,AUD
85255,2024-03-17T00:05:31,2024-03-17,375,18,Online,Afterpay,COUPONZ--Z,14.42,AUD
85429,2024-03-17T11:41:26,2024-03-17,2,16,Retail,PayPal,COUPON-9-9,8.36,AUD
85432,2024-03-17T20:16:25,2024-03-17,234,44,Online,Credit Card,COUPONA-9Z,8.0,AUD
85459,2024-03-17T06:00:59,2024-03-17,206,19,Retail,Credit Card,COUPONZA--,9.85,AUD
85631,2024-03-17T06:15:49,2024-03-17,111,6,Retail,PayPal,COUPON0990,12.5,AUD
85670,2024-03-17T08:43:47,2024-03-17,471,45,Retail,Afterpay,COUPONA0-Z,10.26,AUD
85671,2024-03-17T00:18:17,2024-03-17,573,32,Online,Afterpay,COUPON9A-A,2.71,AUD
85722,2024-03-17T13:21:44,2024-03-17,109,34,Online,Afterpay,COUPON--Z0,1.1,AUD
85728,2024-03-17T21:36:16,2024-03-17,431,21,Retail,Afterpay,COUPON--Z0,4.03,AUD
85805,2024-03-17T06:20:57,2024-03-17,581,44,Retail,PayPal,COUPON0-0-,11.21,AUD
85806,2024-03-17T14:09:27,2024-03-17,258,18,Retail,Afterpay,COUPON00--,9.36,AUD
85924,2024-03-17T23:43:00,2024-03-17,101,8,Online,Afterpay,COUPON----,8.86,AUD
85931,2024-03-17T07:54:24,2024-03-17,429,42,Retail,Afterpay,COUPON9Z0-,5.66,AUD
86025,2024-03-17T07:33:53,2024-03-17,323,17,Online,PayPal,COUPON-9Z9,13.38,AUD
86026,2024-03-17T15:28:48,2024-03-17,745,14,Online,PayPal,COUPON---A,4.89,AUD
86066,2024-03-17T17:18:37,2024-03-17,324,23,Retail,Afterpay,COUPON900Z,6.95,AUD
86102,2024-03-17T23:09:20,2024-03-17,591,8,Online,Afterpay,COUPONA0-9,3.08,AUD
86137,2024-03-17T08:15:47,2024-03-17,205,10,Online,PayPal,COUPONZZ9Z,11.05,AUD
86167,2024-03-17T19:06:59,2024-03-17,62,13,Online,PayPal,COUPONA9--,15.85,AUD
86190,2024-03-17T04:12:56,2024-03-17,112,18,Retail,Afterpay,COUPONZZZ9,14.27,AUD
86282,2024-03-17T12:21:04,2024-03-17,191,25,Online,PayPal,COUPONA-A-,8.59,AUD
86446,2024-03-17T19:11:52,2024-03-17,88,31,Retail,PayPal,COUPON-Z90,16.74,AUD
86476,2024-03-17T20:43:51,2024-03-17,658,18,Online,Credit Card,COUPONA-Z-,9.54,AUD
86491,2024-03-17T09:20:55,2024-03-17,748,14,Retail,Afterpay,COUPONZZAA,0.49,AUD
86556,2024-03-17T18:05:11,2024-03-17,92,16,Retail,PayPal,COUPON0Z90,6.2,AUD
86561,2024-03-17T00:07:18,2024-03-17,323,45,Retail,Credit Card,COUPONZ-0-,2.06,AUD
86838,2024-03-17T00:40:07,2024-03-17,442,19,Retail,Afterpay,COUPONA9A-,1.44,AUD
86948,2024-03-17T02:10:39,2024-03-17,561,49,Retail,Credit Card,COUPONAZ09,1.29,AUD
86961,2024-03-17T20:04:04,2024-03-17,767,35,Online,PayPal,COUPON9ZZA,0.66,AUD
87057,2024-03-17T00:59:13,2024-03-17,256,2,Online,Credit Card,COUPON0ZZ0,1.62,AUD
87118,2024-03-17T00:13:45,2024-03-17,259,6,Online,Afterpay,COUPON0---,11.26,AUD
87155,2024-03-17T07:49:42,2024-03-17,121,48,Retail,Afterpay,COUPON9ZZZ,16.04,AUD
87251,2024-03-17T18:56:06,2024-03-17,523,36,Retail,PayPal,COUPONZ--A,16.23,AUD
87268,2024-03-17T10:34:07,2024-03-17,59,21,Retail,Afterpay,COUPON09A0,13.68,AUD
87276,2024-03-17T05:59:59,2024-03-17,167,45,Retail,Credit Card,COUPON9A9A,3.79,AUD
87326,2024-03-17T15:09:33,2024-03-17,427,6,Retail,PayPal,COUPON-A0Z,16.61,AUD
87416,2024-03-17T19:39:00,2024-03-17,732,4,Retail,PayPal,COUPON--09,2.01,AUD
87457,2024-03-17T18:37:56,2024-03-17,50,18,Online,PayPal,COUPON-Z0-,9.86,AUD
87534,2024-03-17T14:29:34,2024-03-17,188,12,Retail,Afterpay,COUPON90--,6.98,AUD
87666,2024-03-17T02:53:54,2024-03-17,32,41,Retail,Credit Card,COUPONZZA9,11.58,AUD
87694,2024-03-17T20:25:57,2024-03-17,288,1,Retail,Afterpay,COUPON909-,18.32,AUD
87701,2024-03-17T12:22:45,2024-03-17,395,5,Retail,PayPal,COUPON09--,15.8,AUD
87756,2024-03-17T17:17:00,2024-03-17,424,9,Online,Afterpay,COUPON9A-9,0.58,AUD
87794,2024-03-17T09:56:24,2024-03-17,235,17,Online,Credit Card,COUPON0---,17.08,AUD
87894,2024-03-17T02:49:02,2024-03-17,366,41,Online,PayPal,COUPON9Z0A,0.15,AUD
88080,2024-03-17T08:03:27,2024-03-17,276,36,Online,Credit Card,COUPON0Z0-,8.37,AUD
88106,2024-03-17T09:20:48,2024-03-17,221,6,Retail,PayPal,COUPON-Z90,2.12,AUD
88206,2024-03-17T21:25:04,2024-03-17,432,3,Retail,PayPal,COUPON9-Z9,13.13,AUD
88253,2024-03-17T16:10:10,2024-03-17,743,17,Retail,Credit Card,COUPON-A-Z,13.46,AUD
88280,2024-03-17T12:10:11,2024-03-17,513,25,Online,Credit Card,COUPON-A--,5.18,AUD
88638,2024-03-17T21:41:32,2024-03-17,218,24,Retail,PayPal,COUPON-Z--,5.25,AUD
88643,2024-03-17T12:08:14,2024-03-17,19,38,Retail,PayPal,COUPON-009,5.15,AUD
88735,2024-03-17T13:11:43,2024-03-17,516,1,Retail,PayPal,COUPON--A-,12.52,AUD
88972,2024-03-17T22:04:56,2024-03-17,274,4,Online,Afterpay,COUPON-ZAA,3.75,AUD
89020,2024-03-17T10:08:57,2024-03-17,204,36,Retail,Credit Card,COUPONZA9Z,19.58,AUD
89054,2024-03-17T16:47:00,2024-03-17,722,10,Online,Afterpay,COUPON---A,14.36,AUD
89143,2024-03-17T00:48:16,2024-03-17,243,39,Online,Afterpay,COUPONA--0,1.3,AUD
89177,2024-03-17T21:22:40,2024-03-17,37,24,Retail,Credit Card,COUPONZA-9,15.5,AUD
89345,2024-03-17T21:16:38,2024-03-17,242,28,Retail,PayPal,COUPON9-ZA,2.05,AUD
89421,2024-03-17T14:52:18,2024-03-17,520,16,Retail,Credit Card,COUPON--ZZ,9.43,AUD
89445,2024-03-17T20:25:03,2024-03-17,311,22,Retail,Afterpay,COUPON-AA-,15.71,AUD
89499,2024-03-17T13:13:09,2024-03-17,653,36,Retail,Afterpay,COUPON9--0,0.91,AUD
89532,2024-03-17T18:52:40,2024-03-17,412,38,Retail,Afterpay,COUPON99A9,15.56,AUD
89565,2024-03-17T06:30:28,2024-03-17,440,8,Online,Credit Card,COUPON-Z--,13.57,AUD
89895,2024-03-17T04:48:49,2024-03-17,245,29,Retail,Credit Card,COUPONA--9,18.77,AUD
90040,2024-03-17T08:39:59,2024-03-17,239,24,Retail,Credit Card,COUPON0-Z-,1.67,AUD
90087,2024-03-17T05:11:28,2024-03-17,512,33,Online,Credit Card,COUPONZ-90,1.59,AUD
90364,2024-03-17T22:19:45,2024-03-17,394,3,Online,PayPal,COUPON-0-Z,15.89,AUD
90489,2024-03-17T13:27:23,2024-03-17,683,23,Online,Afterpay,COUPONZZZA,6.22,AUD
90495,2024-03-17T13:46:45,2024-03-17,190,2,Online,Credit Card,COUPON----,14.97,AUD
90505,2024-03-17T04:38:22,2024-03-17,462,20,Retail,Credit Card,COUPONZZ-A,19.93,AUD
90519,2024-03-17T05:30:52,2024-03-17,439,21,Online,PayPal,COUPON99--,14.49,AUD
90628,2024-03-17T19:11:00,2024-03-17,738,31,Online,Credit Card,COUPON0--Z,19.73,AUD
90653,2024-03-17T00:57:58,2024-03-17,153,9,Online,Afterpay,COUPON----,2.95,AUD
90663,2024-03-17T19:14:31,2024-03-17,287,20,Retail,Afterpay,COUPON-A-0,9.03,AUD
90667,2024-03-17T22:46:56,2024-03-17,375,18,Retail,PayPal,COUPON--9A,1.88,AUD
90998,2024-03-17T17:08:12,2024-03-17,776,14,Retail,Afterpay,COUPON--99,1.64,AUD
91231,2024-03-17T14:41:00,2024-03-17,144,23,Retail,Credit Card,COUPON09Z0,7.67,AUD
91244,2024-03-17T02:15:07,2024-03-17,19,30,Retail,Credit Card,COUPON--A-,3.38,AUD
91315,2024-03-17T06:52:01,2024-03-17,623,19,Retail,Afterpay,COUPONZ9ZA,9.92,AUD
91399,2024-03-17T01:51:47,2024-03-17,724,37,Retail,Afterpay,COUPON-0AA,14.65,AUD
91480,2024-03-17T23:53:07,2024-03-17,280,36,Retail,PayPal,COUPONZ90-,7.55,AUD
91807,2024-03-17T07:42:08,2024-03-17,193,37,Retail,Credit Card,COUPON----,10.88,AUD
91853,2024-03-17T04:25:40,2024-03-17,672,24,Online,Afterpay,COUPON-9-Z,4.64,AUD
91856,2024-03-17T17:06:50,2024-03-17,313,14,Online,PayPal,COUPONZZ9-,17.92,AUD
91867,2024-03-17T01:59:39,2024-03-17,763,3,Online,PayPal,COUPON9-9-,15.98,AUD
91979,2024-03-17T15:30:46,2024-03-17,743,24,Retail,PayPal,COUPONA-ZA,17.63,AUD
91996,2024-03-17T19:53:40,2024-03-17,154,32,Online,PayPal,COUPON9---,18.45,AUD
92017,2024-03-17T04:58:07,2024-03-17,686,6,Online,PayPal,COUPON9ZZ-,4.15,AUD
92057,2024-03-17T08:11:35,2024-03-17,97,14,Retail,Credit Card,COUPON--9-,11.13,AUD
92071,2024-03-17T13:05:21,2024-03-17,586,48,Online,Credit Card,COUPON9--9,15.56,AUD
92169,2024-03-17T19:49:52,2024-03-17,211,16,Online,PayPal,COUPON-Z-A,18.02,AUD
92219,2024-03-17T22:59:37,2024-03-17,384,46,Retail,Afterpay,COUPON999Z,3.51,AUD
92266,2024-03-17T09:45:13,2024-03-17,625,8,Online,Afterpay,COUPON0A9Z,13.21,AUD
92376,2024-03-17T06:50:32,2024-03-17,662,28,Online,PayPal,COUPON9-AA,18.94,AUD
92444,2024-03-17T10:57:56,2024-03-17,149,4,Online,Credit Card,COUPONZ00-,10.44,AUD
92632,2024-03-17T07:12:47,2024-03-17,588,37,Retail,Afterpay,COUPONZAZ-,8.33,AUD
92673,2024-03-17T12:46:35,2024-03-17,42,33,Retail,PayPal,COUPONZ09-,18.86,AUD
92715,2024-03-17T23:52:14,2024-03-17,719,5,Retail,Credit Card,COUPON9-9-,8.11,AUD
92850,2024-03-17T03:34:05,2024-03-17,146,25,Retail,Credit Card,COUPON990A,0.46,AUD
92905,2024-03-17T14:18:13,2024-03-17,231,35,Retail,PayPal,COUPON909-,19.91,AUD
92977,2024-03-17T01:46:05,2024-03-17,188,5,Online,Credit Card,COUPONA---,20.0,AUD
93191,2024-03-17T21:54:10,2024-03-17,103,39,Online,Credit Card,COUPON-Z9Z,19.11,AUD
93322,2024-03-17T20:01:37,2024-03-17,393,16,Online,PayPal,COUPON-AAA,12.36,AUD
93338,2024-03-17T14:02:51,2024-03-17,399,27,Retail,Afterpay,COUPON99--,15.2,AUD
93511,2024-03-17T06:04:55,2024-03-17,611,48,Retail,Afterpay,COUPON9ZZZ,7.59,AUD
93612,2024-03-17T11:54:21,2024-03-17,169,24,Retail,PayPal,COUPON-A9Z,15.1,AUD
93689,2024-03-17T12:12:37,2024-03-17,152,41,Retail,PayPal,COUPON-9ZA,2.47,AUD
93804,2024-03-17T08:44:35,2024-03-17,365,40,Online,PayPal,COUPON9AZ9,12.49,AUD
93897,2024-03-17T22:34:01,2024-03-17,747,47,Online,Afterpay,COUPONZ00Z,5.92,AUD
93912,2024-03-17T05:35:21,2024-03-17,357,35,Retail,Credit Card,COUPONZZ--,6.83,AUD
93949,2024-03-17T14:27:56,2024-03-17,798,15,Retail,Credit Card,COUPONA-0-,4.11,AUD
94084,2024-03-17T16:51:16,2024-03-17,773,26,Retail,Afterpay,COUPON-0--,4.62,AUD
94118,2024-03-17T01:11:35,2024-03-17,570,13,Retail,Credit Card,COUPON0-09,1.59,AUD
94170,2024-03-17T18:17:30,2024-03-17,518,22,Retail,Afterpay,COUPONAZZ9,18.7,AUD
94476,2024-03-17T05:07:37,2024-03-17,382,16,Retail,Afterpay,COUPON-A-0,19.42,AUD
94525,2024-03-17T10:56:31,2024-03-17,412,38,Online,PayPal,COUPON90-0,13.97,AUD
94816,2024-03-17T22:13:38,2024-03-17,761,2,Online,PayPal,COUPON-ZAA,18.82,AUD
94927,2024-03-17T09:13:42,2024-03-17,734,45,Online,PayPal,COUPON9A0-,10.88,AUD
94986,2024-03-17T11:23:10,2024-03-17,773,48,Online,Credit Card,COUPON-0A9,10.87,AUD
95078,2024-03-17T03:49:33,2024-03-17,630,33,Online,Credit Card,COUPONZ9A-,2.0,AUD
95086,2024-03-17T14:09:37,2024-03-17,631,5,Online,Afterpay,COUPON--A9,4.09,AUD
95122,2024-03-17T13:50:09,2024-03-17,300,7,Retail,Credit Card,COUPONA99Z,19.59,AUD
95252,2024-03-17T23:27:44,2024-03-17,549,7,Online,Credit Card,COUPONA0Z-,15.31,AUD
95652,2024-03-17T23:01:42,2024-03-17,48,27,Retail,Afterpay,COUPONAZ-A,2.69,AUD
95850,2024-03-17T17:26:24,2024-03-17,716,20,Retail,Credit Card,COUPON990Z,7.38,AUD
95872,2024-03-17T20:24:48,2024-03-17,419,44,Retail,Afterpay,COUPONZA09,5.07,AUD
95880,2024-03-17T10:58:01,2024-03-17,656,13,Online,Credit Card,COUPON00-A,17.09,AUD
95957,2024-03-17T10:18:38,2024-03-17,261,22,Retail,Credit Card,COUPON99A-,4.42,AUD
96106,2024-03-17T14:44:08,2024-03-17,653,34,Retail,Afterpay,COUPONA00-,0.02,AUD
96143,2024-03-17T01:42:33,2024-03-17,274,22,Online,PayPal,COUPONZ-0-,12.67,AUD
96371,2024-03-17T10:18:11,2024-03-17,176,36,Retail,PayPal,COUPON---Z,0.94,AUD
96451,2024-03-17T08:05:36,2024-03-17,687,28,Retail,Credit Card,COUPON9--0,13.59,AUD
96477,2024-03-17T03:14:42,2024-03-17,595,31,Retail,PayPal,COUPON9AA-,1.82,AUD
96525,2024-03-17T13:33:23,2024-03-17,2,42,Online,PayPal,COUPONZ---,1.87,AUD
96685,2024-03-17T08:42:36,2024-03-17,407,10,Online,Afterpay,COUPON--09,8.14,AUD
96806,2024-03-17T04:40:06,2024-03-17,380,7,Retail,Credit Card,COUPON09A-,16.64,AUD
97007,2024-03-17T18:35:20,2024-03-17,152,40,Retail,Afterpay,COUPONA0A9,10.38,AUD
97067,2024-03-17T16:21:20,2024-03-17,139,42,Retail,PayPal,COUPON----,4.1,AUD
97097,2024-03-17T07:43:49,2024-03-17,549,36,Online,Credit Card,COUPON-00-,2.82,AUD
97125,2024-03-17T08:20:01,2024-03-17,160,39,Retail,Afterpay,COUPON9000,12.3,AUD
97212,2024-03-17T03:55:04,2024-03-17,300,36,Online,PayPal,COUPONA--Z,7.82,AUD
97389,2024-03-17T02:43:27,2024-03-17,443,33,Online,PayPal,COUPON-Z9-,10.66,AUD
97482,2024-03-17T02:50:54,2024-03-17,401,32,Retail,Credit Card,COUPON-Z-9,8.64,AUD
97532,2024-03-17T05:31:55,2024-03-17,128,21,Retail,Afterpay,COUPONAZ9-,16.15,AUD
97618,2024-03-17T08:35:47,2024-03-17,315,28,Retail,Credit Card,COUPON---9,16.86,AUD
97642,2024-03-17T11:16:55,2024-03-17,212,33,Online,Afterpay,COUPON0Z-A,13.65,AUD
97719,2024-03-17T02:13:26,2024-03-17,532,4,Retail,Afterpay,COUPON9--0,1.27,AUD
97768,2024-03-17T16:14:35,2024-03-17,379,3,Online,PayPal,COUPON--Z0,11.84,AUD
97795,2024-03-17T20:08:43,2024-03-17,384,17,Online,Afterpay,COUPON9AZA,8.67,AUD
97802,2024-03-17T03:55:20,2024-03-17,540,46,Online,PayPal,COUPONZAZZ,8.21,AUD
97811,2024-03-17T10:48:08,2024-03-17,550,11,Retail,Credit Card,COUPON----,16.48,AUD
97842,2024-03-17T22:47:27,2024-03-17,566,22,Retail,PayPal,COUPON0-ZA,8.35,AUD
98097,2024-03-17T20:21:57,2024-03-17,306,1,Online,Afterpay,COUPON--Z-,9.34,AUD
98178,2024-03-17T07:39:58,2024-03-17,410,41,Online,PayPal,COUPON9A0-,3.29,AUD
98263,2024-03-17T19:07:34,2024-03-17,151,33,Retail,Credit Card,COUPON---Z,6.4,AUD
98377,2024-03-17T01:33:32,2024-03-17,93,26,Online,Afterpay,COUPONA---,17.96,AUD
98400,2024-03-17T18:41:57,2024-03-17,440,43,Online,Credit Card,COUPON-Z0-,8.88,AUD
98410,2024-03-17T10:57:45,2024-03-17,412,15,Retail,PayPal,COUPON0Z--,17.25,AUD
98432,2024-03-17T08:34:51,2024-03-17,663,3,Online,Afterpay,COUPON--A0,2.1,AUD
98559,2024-03-17T07:39:16,2024-03-17,368,29,Retail,PayPal,COUPON-0Z-,14.23,AUD
98683,2024-03-17T13:59:19,2024-03-17,336,40,Retail,Afterpay,COUPON--Z-,16.24,AUD
98975,2024-03-17T02:36:17,2024-03-17,420,47,Online,Afterpay,COUPON9-0-,15.15,AUD
99086,2024-03-17T11:36:01,2024-03-17,86,43,Retail,Afterpay,COUPON0A-Z,8.15,AUD
99241,2024-03-17T03:43:29,2024-03-17,58,22,Online,Credit Card,COUPON-909,8.57,AUD
99246,2024-03-17T15:29:36,2024-03-17,186,4,Online,Credit Card,COUPON999A,4.84,AUD
99265,2024-03-17T12:53:06,2024-03-17,36,13,Retail,PayPal,COUPON99-Z,6.11,AUD
99346,2024-03-17T02:38:13,2024-03-17,452,33,Retail,Credit Card,COUPON-0A9,6.59,AUD
99434,2024-03-17T14:30:28,2024-03-17,449,35,Retail,Credit Card,COUPONAZA9,15.36,AUD
99523,2024-03-17T23:44:24,2024-03-17,503,37,Online,PayPal,COUPONA9-A,15.05,AUD
99565,2024-03-17T16:26:46,2024-03-17,545,38,Retail,Afterpay,COUPONZ---,14.84,AUD
99765,2024-03-17T01:31:23,2024-03-17,524,4,Retail,Afterpay,COUPON-9A9,13.25,AUD
99827,2024-03-17T21:07:20,2024-03-17,614,43,Retail,Credit Card,COUPONZZ--,17.34,AUD
99888,2024-03-17T09:59:16,2024-03-17,221,20,Online,Afterpay,COUPON990-,13.8,AUD
100020,2024-03-17T12:46:31,2024-03-17,754,13,Retail,PayPal,COUPONZ---,2.01,AUD
100244,2024-03-17T05:55:25,2024-03-17,6,39,Online,PayPal,COUPON-ZZ9,2.99,AUD
100245,2024-03-17T16:40:06,2024-03-17,47,31,Retail,Credit Card,COUPONA0A-,13.81,AUD
100372,2024-03-17T17:54:03,2024-03-17,353,9,Online,Credit Card,COUPONZ0A-,11.39,AUD
100412,2024-03-17T20:07:35,2024-03-17,110,16,Online,PayPal,COUPON-90Z,6.77,AUD
100481,2024-03-17T14:23:36,2024-03-17,198,24,Retail,Credit Card,COUPON909Z,7.6,AUD
100500,2024-03-17T13:08:56,2024-03-17,701,10,Online,PayPal,COUPON9---,17.53,AUD
100706,2024-03-17T17:37:49,2024-03-17,212,36,Retail,PayPal,COUPON-A--,7.48,AUD
100772,2024-03-17T18:59:58,2024-03-17,344,27,Retail,Afterpay,COUPON--9A,11.93,AUD
100853,2024-03-17T07:14:03,2024-03-17,420,41,Online,Credit Card,COUPON-0-Z,7.28,AUD
100949,2024-03-17T12:27:18,2024-03-17,620,29,Online,Afterpay,COUPON--A-,11.3,AUD
100963,2024-03-17T16:52:01,2024-03-17,160,22,Online,PayPal,COUPON-Z00,13.32,AUD
100965,2024-03-17T01:26:41,2024-03-17,362,6,Online,Credit Card,COUPONZA99,11.84,AUD
101031,2024-03-17T10:00:02,2024-03-17,772,39,Retail,PayPal,COUPON-AAA,5.59,AUD
101080,2024-03-17T06:01:58,2024-03-17,484,16,Retail,Afterpay,COUPON9-Z-,17.28,AUD
101146,2024-03-17T10:50:02,2024-03-17,694,36,Online,PayPal,COUPONZ--A,2.01,AUD
101244,2024-03-17T07:17:58,2024-03-17,253,32,Online,Afterpay,COUPON-0Z-,6.17,AUD
101258,2024-03-17T03:09:35,2024-03-17,673,38,Online,Credit Card,COUPON00Z-,13.3,AUD
101296,2024-03-17T21:39:01,2024-03-17,515,28,Retail,PayPal,COUPON9-9A,5.78,AUD
101391,2024-03-17T17:46:01,2024-03-17,755,38,Online,Afterpay,COUPON0990,13.95,AUD
101396,2024-03-17T14:22:35,2024-03-17,758,11,Retail,PayPal,COUPONA--0,18.3,AUD
101506,2024-03-17T05:24:22,2024-03-17,214,16,Retail,Credit Card,COUPONAA9-,7.6,AUD
101626,2024-03-17T20:28:25,2024-03-17,661,27,Retail,Afterpay,COUPON-ZA9,11.64,AUD
101640,2024-03-17T15:51:27,2024-03-17,650,18,Online,PayPal,COUPON0AA9,5.9,AUD
101681,2024-03-17T15:36:30,2024-03-17,673,3,Online,Afterpay,COUPON-9-9,7.11,AUD
102066,2024-03-17T23:35:20,2024-03-17,134,4,Retail,Afterpay,COUPON0A0A,5.99,AUD
102152,2024-03-17T06:47:13,2024-03-17,648,3,Online,PayPal,COUPON-Z-9,19.17,AUD
102206,2024-03-17T07:28:26,2024-03-17,730,49,Retail,Afterpay,COUPONA-0A,19.79,AUD
102238,2024-03-17T00:00:24,2024-03-17,625,45,Retail,PayPal,COUPON0-AZ,5.26,AUD
102407,2024-03-17T01:38:02,2024-03-17,203,18,Online,PayPal,COUPON00-A,14.91,AUD
102671,2024-03-17T18:41:52,2024-03-17,202,43,Retail,PayPal,COUPON0-00,12.14,AUD
102676,2024-03-17T06:38:36,2024-03-17,729,22,Online,Credit Card,COUPONA-90,19.57,AUD
102743,2024-03-17T18:13:39,2024-03-17,138,42,Online,PayPal,COUPON--A9,13.31,AUD
102927,2024-03-17T04:32:10,2024-03-17,483,2,Online,Afterpay,COUPONZAA0,9.72,AUD
102938,2024-03-17T16:21:43,2024-03-17,287,48,Retail,PayPal,COUPON9---,3.9,AUD
103018,2024-03-17T14:14:55,2024-03-17,629,2,Online,PayPal,COUPON-AAA,7.15,AUD
103185,2024-03-17T17:50:02,2024-03-17,195,22,Online,Credit Card,COUPON0-AZ,16.54,AUD
103213,2024-03-17T06:21:59,2024-03-17,56,28,Online,PayPal,COUPON----,11.14,AUD
103525,2024-03-17T01:33:52,2024-03-17,199,18,Retail,Credit Card,COUPONZ09A,9.86,AUD
103551,2024-03-17T13:33:12,2024-03-17,355,12,Online,PayPal,COUPONZ9AA,3.15,AUD
103553,2024-03-17T20:16:16,2024-03-17,24,14,Online,Afterpay,COUPON009A,7.15,AUD
103607,2024-03-17T17:25:05,2024-03-17,291,37,Online,Afterpay,COUPON-09-,5.63,AUD
103669,2024-03-17T03:49:48,2024-03-17,16,16,Retail,PayPal,COUPONZ-9-,4.89,AUD
103757,2024-03-17T07:23:32,2024-03-17,598,15,Online,PayPal,COUPON0A--,8.18,AUD
103920,2024-03-17T20:57:57,2024-03-17,445,37,Online,Credit Card,COUPONA9A0,3.75,AUD
103971,2024-03-17T07:55:57,2024-03-17,771,13,Online,PayPal,COUPONA-9-,2.97,AUD
104088,2024-03-17T15:24:22,2024-03-17,387,19,Retail,Credit Card,COUPON-ZZ-,12.95,AUD
104133,2024-03-17T14:48:41,2024-03-17,686,35,Retail,Credit Card,COUPON-A--,12.51,AUD
104134,2024-03-17T14:13:51,2024-03-17,182,48,Online,Credit Card,COUPON--90,16.62,AUD
104211,2024-03-17T08:01:52,2024-03-17,757,46,Online,PayPal,COUPON99-9,18.32,AUD
104289,2024-03-17T09:30:05,2024-03-17,680,49,Online,Afterpay,COUPON-000,6.67,AUD
104366,2024-03-17T14:38:18,2024-03-17,260,27,Online,Afterpay,COUPONZ9-Z,11.08,AUD
104368,2024-03-17T23:54:04,2024-03-17,600,26,Retail,Afterpay,COUPON0-Z9,16.2,AUD
104514,2024-03-17T14:08:02,2024-03-17,771,48,Online,Afterpay,COUPON-A9-,13.17,AUD
104517,2024-03-17T01:54:58,2024-03-17,376,41,Online,Afterpay,COUPON-9Z0,17.15,AUD
104769,2024-03-17T06:14:58,2024-03-17,165,7,Online,Credit Card,COUPONA90A,1.23,AUD
104949,2024-03-17T19:09:01,2024-03-17,118,15,Online,Credit Card,COUPONAZZA,19.74,AUD
105076,2024-03-17T14:43:29,2024-03-17,513,43,Online,Credit Card,COUPONZ0Z9,18.08,AUD
105083,2024-03-17T13:28:16,2024-03-17,209,6,Retail,PayPal,COUPON---Z,6.22,AUD
105321,2024-03-17T20:46:05,2024-03-17,293,35,Retail,Afterpay,COUPON-0-Z,11.95,AUD
105365,2024-03-17T12:22:36,2024-03-17,215,49,Online,Credit Card,COUPON--A-,16.65,AUD
105385,2024-03-17T22:15:12,2024-03-17,5,18,Online,Afterpay,COUPON---9,2.31,AUD
105441,2024-03-17T07:01:27,2024-03-17,256,38,Retail,Afterpay,COUPON0ZZA,13.35,AUD
105471,2024-03-17T13:56:41,2024-03-17,738,38,Retail,Afterpay,COUPONA90A,11.13,AUD
105638,2024-03-17T23:58:21,2024-03-17,696,5,Retail,PayPal,COUPON0-0-,0.7,AUD
105668,2024-03-17T05:03:21,2024-03-17,504,10,Retail,PayPal,COUPON-Z0-,5.56,AUD
105670,2024-03-17T14:43:49,2024-03-17,280,9,Retail,Credit Card,COUPON--9Z,16.14,AUD
105779,2024-03-17T06:18:51,2024-03-17,726,25,Retail,Afterpay,COUPON9-ZZ,17.29,AUD
105783,2024-03-17T07:42:43,2024-03-17,567,33,Online,PayPal,COUPONAZ--,14.26,AUD
105816,2024-03-17T12:26:31,2024-03-17,329,48,Retail,Afterpay,COUPON-A9Z,12.43,AUD
106286,2024-03-17T06:34:20,2024-03-17,631,38,Retail,Afterpay,COUPON0A--,19.72,AUD
106422,2024-03-17T18:58:47,2024-03-17,331,47,Online,Credit Card,COUPON--A0,5.34,AUD
106602,2024-03-17T07:39:05,2024-03-17,137,28,Retail,Credit Card,COUPONA-00,9.53,AUD
106731,2024-03-17T06:25:01,2024-03-17,214,1,Online,PayPal,COUPON0Z99,14.32,AUD
106760,2024-03-17T22:03:41,2024-03-17,445,34,Retail,Afterpay,COUPONA9--,2.18,AUD
106772,2024-03-17T15:21:20,2024-03-17,189,16,Retail,Afterpay,COUPON9A0Z,13.44,AUD
106774,2024-03-17T03:15:13,2024-03-17,312,11,Retail,Afterpay,COUPON90--,18.62,AUD
106813,2024-03-17T07:52:16,2024-03-17,242,49,Online,PayPal,COUPON-AA-,17.9,AUD
107013,2024-03-17T16:32:49,2024-03-17,614,40,Retail,Credit Card,COUPON9AA0,16.62,AUD
107076,2024-03-17T11:59:39,2024-03-17,473,27,Retail,PayPal,COUPON--Z9,0.05,AUD
107357,2024-03-17T15:41:47,2024-03-17,207,22,Online,Credit Card,COUPON--9Z,3.11,AUD
107422,2024-03-17T19:44:29,2024-03-17,742,11,Online,Credit Card,COUPON0Z00,5.67,AUD
107469,2024-03-17T12:03:28,2024-03-17,198,27,Online,Afterpay,COUPON--AA,2.66,AUD
107770,2024-03-17T10:33:28,2024-03-17,567,6,Online,Credit Card,COUPONA--A,19.94,AUD
107836,2024-03-17T16:32:49,2024-03-17,716,48,Online,PayPal,COUPON90-9,18.69,AUD
107853,2024-03-17T18:27:06,2024-03-17,221,41,Retail,PayPal,COUPON0900,10.74,AUD
107857,2024-03-17T15:47:13,2024-03-17,431,14,Online,PayPal,COUPONAZ9A,9.5,AUD
107963,2024-03-17T02:20:56,2024-03-17,340,29,Online,Afterpay,COUPON0-0-,9.54,AUD
107971,2024-03-17T22:23:01,2024-03-17,217,3,Retail,Credit Card,COUPON-0ZA,16.7,AUD
108060,2024-03-17T03:23:43,2024-03-17,175,44,Online,Afterpay,COUPON0A--,12.4,AUD
108096,2024-03-17T18:37:34,2024-03-17,705,25,Online,PayPal,COUPON09-Z,11.4,AUD
108173,2024-03-17T20:36:02,2024-03-17,341,45,Online,Afterpay,COUPON09-9,9.79,AUD
108208,2024-03-17T01:41:30,2024-03-17,566,37,Online,Afterpay,COUPON-A--,17.55,AUD
108264,2024-03-17T22:29:37,2024-03-17,225,39,Online,PayPal,COUPON0-A0,6.37,AUD
108289,2024-03-17T11:33:05,2024-03-17,738,48,Retail,PayPal,COUPON0-09,2.27,AUD
108335,2024-03-17T16:10:10,2024-03-17,235,42,Online,Afterpay,COUPON9ZA-,1.42,AUD
108441,2024-03-17T05:47:16,2024-03-17,414,24,Online,Afterpay,COUPON9Z-A,4.2,AUD
108479,2024-03-17T01:11:46,2024-03-17,319,24,Retail,PayPal,COUPON9-A9,12.1,AUD
108683,2024-03-17T14:50:49,2024-03-17,476,49,Retail,PayPal,COUPON00-A,3.03,AUD
108960,2024-03-17T01:47:08,2024-03-17,490,11,Retail,Afterpay,COUPON--ZZ,3.29,AUD
109131,2024-03-17T22:15:30,2024-03-17,642,8,Retail,PayPal,COUPON---9,19.21,AUD
109188,2024-03-17T11:14:06,2024-03-17,720,35,Retail,Afterpay,COUPON9990,4.14,AUD
109199,2024-03-17T03:56:09,2024-03-17,733,4,Retail,PayPal,COUPON9-A0,6.25,AUD
109253,2024-03-17T09:30:28,2024-03-17,371,31,Online,Credit Card,COUPON-Z0Z,1.95,AUD
109459,2024-03-17T03:36:23,2024-03-17,484,25,Online,PayPal,COUPON0A9A,16.43,AUD
109483,2024-03-17T10:24:57,2024-03-17,498,20,Online,Credit Card,COUPONZ9-9,17.53,AUD
109530,2024-03-17T04:24:11,2024-03-17,583,28,Retail,PayPal,COUPON--99,17.95,AUD
109667,2024-03-17T20:51:25,2024-03-17,702,12,Online,PayPal,COUPON9ZZ-,9.91,AUD
109704,2024-03-17T08:27:32,2024-03-17,291,37,Online,PayPal,COUPONZ0-A,18.09,AUD
110070,2024-03-17T13:28:15,2024-03-17,521,47,Retail,Credit Card,COUPON9--Z,2.85,AUD
110086,2024-03-17T11:32:59,2024-03-17,317,30,Retail,PayPal,COUPONAZ-Z,8.2,AUD
110142,2024-03-17T13:07:10,2024-03-17,517,18,Online,Credit Card,COUPONAA9-,9.71,AUD
110347,2024-03-17T18:26:22,2024-03-17,487,25,Retail,Afterpay,COUPON-0--,0.81,AUD
110490,2024-03-17T16:42:26,2024-03-17,500,10,Retail,Afterpay,COUPONA-0A,1.58,AUD
110607,2024-03-17T06:29:28,2024-03-17,242,6,Retail,Afterpay,COUPON0-99,5.33,AUD
110623,2024-03-17T02:12:56,2024-03-17,350,6,Retail,Credit Card,COUPON9090,13.93,AUD
110706,2024-03-17T20:52:17,2024-03-17,109,40,Retail,Afterpay,COUPON9AA9,9.71,AUD
110942,2024-03-17T22:10:02,2024-03-17,56,46,Online,PayPal,COUPON90--,16.26,AUD
110952,2024-03-17T02:00:34,2024-03-17,603,30,Online,Afterpay,COUPON9-9-,7.74,AUD
111030,2024-03-17T07:12:51,2024-03-17,786,26,Online,Afterpay,COUPONA-90,13.86,AUD
111132,2024-03-17T22:17:29,2024-03-17,454,15,Retail,Afterpay,COUPONZZA9,5.32,AUD
111146,2024-03-17T13:52:08,2024-03-17,165,4,Online,Credit Card,COUPON90Z0,12.1,AUD
111171,2024-03-17T00:01:50,2024-03-17,186,49,Online,Credit Card,COUPONZ--Z,17.42,AUD
111353,2024-03-17T14:57:28,2024-03-17,99,44,Retail,PayPal,COUPONZ-A0,11.6,AUD
111462,2024-03-17T02:22:42,2024-03-17,398,38,Retail,Afterpay,COUPON009-,14.47,AUD
111665,2024-03-17T18:52:46,2024-03-17,654,12,Retail,PayPal,COUPONA---,19.07,AUD
111759,2024-03-17T23:08:56,2024-03-17,711,11,Online,Credit Card,COUPONA-AZ,8.82,AUD
111822,2024-03-17T22:18:09,2024-03-17,122,16,Online,PayPal,COUPON0-09,11.98,AUD
111923,2024-03-17T11:33:40,2024-03-17,583,21,Online,Afterpay,COUPON-A-Z,18.96,AUD
112039,2024-03-17T16:02:06,2024-03-17,132,39,Online,PayPal,COUPONA--9,14.52,AUD
112098,2024-03-17T00:57:20,2024-03-17,349,26,Online,Afterpay,COUPON090Z,14.8,AUD
112325,2024-03-17T00:36:08,2024-03-17,73,25,Retail,PayPal,COUPON--0Z,12.1,AUD
112341,2024-03-17T05:03:30,2024-03-17,739,6,Online,Credit Card,COUPON--AZ,16.65,AUD
112472,2024-03-17T20:10:49,2024-03-17,603,13,Retail,Credit Card,COUPON0900,13.55,AUD
112695,2024-03-17T18:07:50,2024-03-17,355,34,Retail,Credit Card,COUPON9---,14.54,AUD
112813,2024-03-17T11:53:25,2024-03-17,244,33,Retail,Credit Card,COUPON0-AA,18.66,AUD
112836,2024-03-17T08:04:13,2024-03-17,440,36,Online,Credit Card,COUPON-0Z-,10.78,AUD
113068,2024-03-17T17:08:19,2024-03-17,32,4,Online,Afterpay,COUPON09-9,4.83,AUD
113114,2024-03-17T07:58:21,2024-03-17,760,42,Online,PayPal,COUPON0AZ-,3.16,AUD
113190,2024-03-17T10:51:23,2024-03-17,595,36,Retail,PayPal,COUPON9AZ-,18.98,AUD
113327,2024-03-17T16:30:38,2024-03-17,511,32,Online,PayPal,COUPON---Z,18.25,AUD
113340,2024-03-17T13:25:22,2024-03-17,468,41,Online,Credit Card,COUPONZA0-,10.61,AUD
113511,2024-03-17T17:10:16,2024-03-17,622,43,Retail,Credit Card,COUPONA-A-,8.99,AUD
113526,2024-03-17T18:31:12,2024-03-17,326,41,Online,PayPal,COUPON9A--,18.44,AUD
113637,2024-03-17T02:20:12,2024-03-17,506,6,Online,PayPal,COUPON-9A0,18.81,AUD
113761,2024-03-17T07:09:37,2024-03-17,406,30,Online,Afterpay,COUPON-900,4.6,AUD
113790,2024-03-17T19:00:55,2024-03-17,274,46,Online,Credit Card,COUPONZ-99,12.97,AUD
113793,2024-03-17T16:30:41,2024-03-17,301,24,Online,Afterpay,COUPONA9-9,13.11,AUD
113888,2024-03-17T09:22:03,2024-03-17,730,31,Online,Credit Card,COUPONA-A9,14.99,AUD
113915,2024-03-17T02:41:59,2024-03-17,780,16,Online,PayPal,COUPON9-90,5.49,AUD
114058,2024-03-17T23:51:38,2024-03-17,178,1,Retail,PayPal,COUPONZ0A0,2.47,AUD
114127,2024-03-17T04:26:21,2024-03-17,276,19,Online,Credit Card,COUPON09--,15.08,AUD
114158,2024-03-17T09:24:17,2024-03-17,635,49,Retail,Credit Card,COUPON99ZA,11.75,AUD
114344,2024-03-17T04:22:25,2024-03-17,169,44,Online,Credit Card,COUPONZAAZ,17.83,AUD
114360,2024-03-17T16:42:13,2024-03-17,571,41,Retail,Credit Card,COUPON--0Z,18.81,AUD
114376,2024-03-17T11:42:29,2024-03-17,365,24,Retail,Afterpay,COUPON-Z00,5.51,AUD
114382,2024-03-17T21:33:45,2024-03-17,5,34,Online,Credit Card,COUPONZ009,5.07,AUD
114580,2024-03-17T18:01:19,2024-03-17,438,5,Retail,Credit Card,COUPON-9Z-,13.37,AUD
114708,2024-03-17T15:04:13,2024-03-17,685,37,Online,Afterpay,COUPON9--A,0.8,AUD
114725,2024-03-17T04:21:21,2024-03-17,366,35,Retail,PayPal,COUPONA---,12.77,AUD
115079,2024-03-17T00:51:41,2024-03-17,680,48,Retail,Credit Card,COUPONA9Z0,1.38,AUD
115122,2024-03-17T14:10:24,2024-03-17,157,2,Retail,PayPal,COUPON9-A-,18.51,AUD
115182,2024-03-17T10:00:12,2024-03-17,582,2,Retail,PayPal,COUPON09ZA,3.55,AUD
115218,2024-03-17T05:18:35,2024-03-17,738,49,Online,Credit Card,COUPON-A9A,9.48,AUD
115233,2024-03-17T06:09:34,2024-03-17,743,29,Retail,PayPal,COUPONA0Z-,5.4,AUD
115389,2024-03-17T11:27:32,2024-03-17,392,36,Retail,Credit Card,COUPON--9A,13.25,AUD
115411,2024-03-17T22:55:32,2024-03-17,201,1,Retail,Credit Card,COUPONA9AZ,5.39,AUD
115501,2024-03-17T02:41:29,2024-03-17,509,42,Online,PayPal,COUPON00A-,14.47,AUD
115629,2024-03-17T13:43:51,2024-03-17,219,23,Online,PayPal,COUPONAA9Z,18.81,AUD
115669,2024-03-17T23:30:01,2024-03-17,408,45,Online,PayPal,COUPON9A0A,18.14,AUD
115693,2024-03-17T19:15:35,2024-03-17,517,38,Online,PayPal,COUPONZZA0,10.67,AUD
115718,2024-03-17T21:26:07,2024-03-17,450,30,Retail,Credit Card,COUPON-0-9,12.5,AUD
115762,2024-03-17T05:08:14,2024-03-17,67,41,Online,Afterpay,COUPON-A99,16.96,AUD
115811,2024-03-17T13:48:55,2024-03-17,718,2,Online,Credit Card,COUPON0AA9,4.67,AUD
115826,2024-03-17T11:33:51,2024-03-17,328,43,Online,PayPal,COUPON-AZA,13.58,AUD
116283,2024-03-17T06:44:30,2024-03-17,671,4,Retail,PayPal,COUPON90--,0.4,AUD
116392,2024-03-17T03:39:46,2024-03-17,196,42,Online,Afterpay,COUPON9AAA,10.8,AUD
116394,2024-03-17T13:38:28,2024-03-17,497,22,Retail,Credit Card,COUPON9Z--,0.75,AUD
116540,2024-03-17T11:36:42,2024-03-17,310,3,Online,PayPal,COUPON-9Z0,0.88,AUD
116589,2024-03-17T05:18:51,2024-03-17,630,40,Online,Credit Card,COUPONZZ0Z,2.76,AUD
116802,2024-03-17T06:37:56,2024-03-17,641,22,Online,Credit Card,COUPON-A0-,10.79,AUD
116887,2024-03-17T21:20:55,2024-03-17,568,36,Retail,PayPal,COUPON90A-,11.15,AUD
116895,2024-03-17T18:18:16,2024-03-17,273,42,Online,Credit Card,COUPON-9-A,6.95,AUD
116964,2024-03-17T12:15:01,2024-03-17,437,42,Online,PayPal,COUPON0-09,6.26,AUD
117000,2024-03-17T16:50:03,2024-03-17,189,32,Online,Credit Card,COUPON-Z99,8.12,AUD
117056,2024-03-17T16:16:03,2024-03-17,119,30,Online,PayPal,COUPONA-9Z,9.97,AUD
117323,2024-03-17T09:04:37,2024-03-17,112,37,Retail,PayPal,COUPONZ0A9,10.22,AUD
117397,2024-03-17T21:07:58,2024-03-17,484,5,Online,Credit Card,COUPONAZZZ,19.4,AUD
117419,2024-03-17T01:01:26,2024-03-17,675,10,Online,Credit Card,COUPON-Z-Z,0.19,AUD
117621,2024-03-17T12:24:37,2024-03-17,596,45,Online,PayPal,COUPONA99-,11.96,AUD
117642,2024-03-17T01:47:56,2024-03-17,216,12,Online,PayPal,COUPON09A0,0.67,AUD
117663,2024-03-17T13:11:31,2024-03-17,204,40,Online,Credit Card,COUPONZZZ-,5.59,AUD
117878,2024-03-17T18:32:33,2024-03-17,241,27,Online,Afterpay,COUPON-0-Z,17.02,AUD
117910,2024-03-17T05:35:16,2024-03-17,337,42,Retail,PayPal,COUPON0-AZ,1.57,AUD
118091,2024-03-17T07:33:38,2024-03-17,462,11,Retail,Afterpay,COUPON--Z-,10.82,AUD
118121,2024-03-17T15:18:45,2024-03-17,760,1,Online,Afterpay,COUPON09Z-,10.72,AUD
118140,2024-03-17T03:48:04,2024-03-17,538,29,Retail,Afterpay,COUPONAZ0A,19.65,AUD
118177,2024-03-17T14:48:09,2024-03-17,180,22,Online,PayPal,COUPONZZ-A,0.99,AUD
118302,2024-03-17T03:37:53,2024-03-17,481,10,Retail,PayPal,COUPON--ZZ,14.66,AUD
118333,2024-03-17T16:43:17,2024-03-17,353,34,Retail,Credit Card,COUPON-A0Z,5.99,AUD
118341,2024-03-17T12:18:07,2024-03-17,559,40,Retail,Afterpay,COUPONZ-Z-,5.39,AUD
118478,2024-03-17T00:49:08,2024-03-17,591,25,Online,PayPal,COUPONZZAA,0.94,AUD
118494,2024-03-17T00:29:22,2024-03-17,358,22,Online,Afterpay,COUPON-A9-,8.0,AUD
118590,2024-03-17T12:10:07,2024-03-17,223,12,Online,PayPal,COUPONAZ-0,17.84,AUD
118916,2024-03-17T22:20:10,2024-03-17,98,42,Online,PayPal,COUPON000-,14.34,AUD
118931,2024-03-17T08:50:50,2024-03-17,586,45,Online,Afterpay,COUPON9-0-,4.07,AUD
119352,2024-03-17T05:06:13,2024-03-17,9,26,Retail,Afterpay,COUPONZZAA,12.05,AUD
119492,2024-03-17T23:36:56,2024-03-17,249,48,Online,Afterpay,COUPONA0--,0.96,AUD
119602,2024-03-17T15:38:46,2024-03-17,106,22,Online,Afterpay,COUPON0-00,16.69,AUD
119670,2024-03-17T11:57:16,2024-03-17,671,22,Online,Credit Card,COUPON-AZZ,10.12,AUD
119700,2024-03-17T13:55:38,2024-03-17,14,18,Online,PayPal,COUPON---A,13.58,AUD
119741,2024-03-17T11:54:30,2024-03-17,55,4,Retail,Afterpay,COUPONA-ZA,14.23,AUD
119780,2024-03-17T02:26:12,2024-03-17,577,28,Online,Afterpay,COUPON-ZZ-,2.39,AUD
119784,2024-03-17T18:26:08,2024-03-17,564,26,Retail,Afterpay,COUPON0-A0,10.23,AUD
119785,2024-03-17T21:27:00,2024-03-17,295,3,Retail,Afterpay,COUPONA00-,13.5,AUD
119824,2024-03-17T14:26:00,2024-03-17,19,37,Retail,Credit Card,COUPONZZ00,4.41,AUD
119954,2024-03-17T22:43:17,2024-03-17,102,1,Online,Credit Card,COUPON-90-,4.18,AUD
119975,2024-03-17T03:50:20,2024-03-17,305,32,Online,Credit Card,COUPON-9Z0,17.88,AUD
120220,2024-03-17T12:34:57,2024-03-17,46,23,Retail,PayPal,COUPON--9A,4.13,AUD
120275,2024-03-17T22:52:14,2024-03-17,367,20,Retail,Credit Card,COUPON090-,17.07,AUD
120669,2024-03-17T02:44:05,2024-03-17,598,8,Retail,PayPal,COUPONAAA-,13.44,AUD
120678,2024-03-17T00:10:22,2024-03-17,482,36,Online,PayPal,COUPON--A9,13.8,AUD
120714,2024-03-17T17:51:29,2024-03-17,25,13,Retail,Afterpay,COUPONZA9-,8.76,AUD
120769,2024-03-17T05:52:37,2024-03-17,341,49,Retail,PayPal,COUPON0Z-0,3.12,AUD
120922,2024-03-17T07:22:34,2024-03-17,756,17,Online,Afterpay,COUPON90-A,6.76,AUD
121142,2024-03-17T09:02:08,2024-03-17,12,26,Retail,PayPal,COUPON0AZZ,12.71,AUD
121165,2024-03-17T22:30:27,2024-03-17,261,23,Retail,Afterpay,COUPON90A0,18.43,AUD
121617,2024-03-17T07:25:32,2024-03-17,699,46,Online,PayPal,COUPONZ9AA,16.73,AUD
121619,2024-03-17T02:53:15,2024-03-17,722,37,Online,Credit Card,COUPON0Z-9,4.4,AUD
121638,2024-03-17T09:11:56,2024-03-17,449,6,Retail,PayPal,COUPON0-Z-,15.05,AUD
121777,2024-03-17T17:05:05,2024-03-17,174,7,Retail,Afterpay,COUPONAZZZ,12.93,AUD
121901,2024-03-17T07:46:00,2024-03-17,52,5,Online,PayPal,COUPON-90A,7.69,AUD
122172,2024-03-17T23:22:01,2024-03-17,744,10,Online,PayPal,COUPON-90-,7.62,AUD
122184,2024-03-17T03:26:12,2024-03-17,314,37,Online,Credit Card,COUPON990Z,17.57,AUD
122298,2024-03-17T16:42:41,2024-03-17,209,48,Retail,Credit Card,COUPONA-9-,2.94,AUD
122300,2024-03-17T23:14:41,2024-03-17,579,4,Retail,Afterpay,COUPON0--A,17.69,AUD
122326,2024-03-17T18:02:22,2024-03-17,339,1,Online,Credit Card,COUPON0-Z0,1.73,AUD
122370,2024-03-17T15:39:49,2024-03-17,546,41,Online,Credit Card,COUPONZ-Z-,10.95,AUD
122404,2024-03-17T10:24:03,2024-03-17,383,35,Online,Credit Card,COUPON0--A,8.34,AUD
122790,2024-03-17T00:00:57,2024-03-17,588,44,Online,Afterpay,COUPON99ZZ,8.03,AUD
122805,2024-03-17T23:48:28,2024-03-17,365,4,Retail,Credit Card,COUPON-A00,9.1,AUD
122836,2024-03-17T01:13:31,2024-03-17,97,21,Retail,PayPal,COUPON-A9Z,7.79,AUD
122874,2024-03-17T01:54:06,2024-03-17,279,15,Online,Afterpay,COUPON90Z-,15.73,AUD
123124,2024-03-17T16:31:55,2024-03-17,566,11,Retail,Credit Card,COUPONZ0ZA,3.12,AUD
123166,2024-03-17T01:26:58,2024-03-17,425,47,Retail,PayPal,COUPON-Z99,13.72,AUD
123179,2024-03-17T02:20:01,2024-03-17,262,7,Retail,Credit Card,COUPON-Z-9,8.56,AUD
123477,2024-03-17T06:26:00,2024-03-17,142,36,Online,Credit Card,COUPON--Z9,8.21,AUD
123507,2024-03-17T09:00:58,2024-03-17,750,16,Online,Afterpay,COUPON--9A,7.91,AUD
123652,2024-03-17T02:01:49,2024-03-17,443,13,Online,Afterpay,COUPONZ9-9,0.5,AUD
123795,2024-03-17T07:06:45,2024-03-17,278,38,Online,Credit Card,COUPON90Z9,11.28,AUD
123846,2024-03-17T19:48:23,2024-03-17,478,14,Online,Afterpay,COUPON0-0A,6.52,AUD
123929,2024-03-17T07:11:51,2024-03-17,603,27,Retail,PayPal,COUPON99-A,0.39,AUD
124038,2024-03-17T02:24:02,2024-03-17,282,18,Online,Afterpay,COUPON0A00,17.88,AUD
124073,2024-03-17T14:13:35,2024-03-17,253,20,Retail,PayPal,COUPON-AZZ,8.73,AUD
124154,2024-03-17T02:41:35,2024-03-17,507,36,Retail,Afterpay,COUPON00A9,1.8,AUD
124158,2024-03-17T12:50:36,2024-03-17,484,7,Online,Afterpay,COUPON09-A,8.46,AUD
124292,2024-03-17T22:33:04,2024-03-17,543,2,Online,PayPal,COUPON-Z-9,1.8,AUD
124358,2024-03-17T09:51:14,2024-03-17,730,29,Online,Credit Card,COUPON0-90,0.35,AUD
124431,2024-03-17T10:41:43,2024-03-17,56,33,Retail,PayPal,COUPON--0-,13.37,AUD
124489,2024-03-17T15:18:26,2024-03-17,221,41,Retail,Credit Card,COUPON-A-9,3.72,AUD
124549,2024-03-17T20:51:02,2024-03-17,2,7,Online,Credit Card,COUPON009A,0.07,AUD
124949,2024-03-17T00:06:28,2024-03-17,757,32,Retail,Afterpay,COUPON---A,6.46,AUD
125056,2024-03-17T01:29:41,2024-03-17,232,40,Retail,Credit Card,COUPONA9-Z,1.4,AUD
125079,2024-03-17T16:50:50,2024-03-17,88,8,Online,Credit Card,COUPON-9-9,5.8,AUD
125187,2024-03-17T16:59:51,2024-03-17,718,20,Online,Credit Card,COUPONZ9ZA,19.14,AUD
125223,2024-03-17T07:01:48,2024-03-17,279,6,Online,Afterpay,COUPON-Z9-,19.63,AUD
125334,2024-03-17T16:41:02,2024-03-17,709,18,Retail,Credit Card,COUPON09-Z,2.23,AUD
125335,2024-03-17T05:07:23,2024-03-17,267,3,Retail,PayPal,COUPON999Z,18.69,AUD
125561,2024-03-17T19:33:45,2024-03-17,782,13,Online,PayPal,COUPONZ-9-,9.94,AUD
125618,2024-03-17T16:38:41,2024-03-17,573,37,Retail,Afterpay,COUPONZ9--,19.28,AUD
125652,2024-03-17T16:44:00,2024-03-17,561,15,Retail,Credit Card,COUPONZ909,8.62,AUD
125874,2024-03-17T19:32:04,2024-03-17,767,21,Retail,PayPal,COUPON--9Z,13.01,AUD
125962,2024-03-17T19:08:39,2024-03-17,2,40,Retail,PayPal,COUPON--9-,2.68,AUD
126044,2024-03-17T23:59:39,2024-03-17,168,13,Retail,Afterpay,COUPONZ--A,16.61,AUD
126078,2024-03-17T11:47:31,2024-03-17,402,6,Online,Afterpay,COUPON---Z,2.17,AUD
126113,2024-03-17T08:35:27,2024-03-17,282,14,Retail,Credit Card,COUPON99-0,8.27,AUD
126130,2024-03-17T07:07:20,2024-03-17,60,19,Retail,PayPal,COUPON0099,9.83,AUD
126226,2024-03-17T20:20:17,2024-03-17,730,43,Retail,Afterpay,COUPON-9-A,15.7,AUD
126259,2024-03-17T17:35:52,2024-03-17,311,10,Online,Credit Card,COUPONZ-9A,0.07,AUD
126301,2024-03-17T12:29:36,2024-03-17,622,15,Retail,Afterpay,COUPONZ-A9,16.18,AUD
126319,2024-03-17T07:06:11,2024-03-17,331,4,Retail,PayPal,COUPONZ-99,11.99,AUD
126328,2024-03-17T11:00:24,2024-03-17,426,33,Online,Afterpay,COUPONZ9Z0,10.4,AUD
126560,2024-03-17T23:50:29,2024-03-17,729,12,Online,Credit Card,COUPON09AA,16.16,AUD
126662,2024-03-17T02:41:04,2024-03-17,456,35,Online,Credit Card,COUPONA-00,3.24,AUD
126732,2024-03-17T09:41:47,2024-03-17,81,18,Online,Afterpay,COUPON-00Z,13.31,AUD
127030,2024-03-17T19:53:20,2024-03-17,79,25,Online,Credit Card,COUPON--A-,10.94,AUD
127081,2024-03-17T22:36:45,2024-03-17,517,48,Online,Credit Card,COUPONA--9,2.95,AUD
127167,2024-03-17T04:26:26,2024-03-17,160,17,Retail,PayPal,COUPONA-99,12.75,AUD
127241,2024-03-17T00:27:54,2024-03-17,436,10,Retail,Afterpay,COUPON-9-Z,3.05,AUD
127336,2024-03-17T14:02:17,2024-03-17,475,39,Retail,PayPal,COUPON9A--,6.71,AUD
127354,2024-03-17T09:12:13,2024-03-17,175,30,Retail,PayPal,COUPONAA9-,2.72,AUD
127508,2024-03-17T00:28:20,2024-03-17,361,1,Retail,Afterpay,COUPONZ90A,4.26,AUD
127669,2024-03-17T05:19:55,2024-03-17,484,22,Online,Credit Card,COUPONZZA-,4.47,AUD
127681,2024-03-17T05:30:23,2024-03-17,116,33,Retail,PayPal,COUPONZ-Z9,9.43,AUD
127694,2024-03-17T18:45:41,2024-03-17,131,19,Retail,Credit Card,COUPONZZ09,17.62,AUD
127806,2024-03-17T08:00:57,2024-03-17,14,11,Online,Credit Card,COUPONA0Z-,2.33,AUD
127897,2024-03-17T23:35:34,2024-03-17,724,37,Online,PayPal,COUPON-ZZ9,18.84,AUD
127991,2024-03-17T09:34:53,2024-03-17,584,1,Online,Credit Card,COUPONA0ZA,1.23,AUD
128187,2024-03-17T12:41:52,2024-03-17,785,44,Retail,PayPal,COUPON0Z99,5.54,AUD
128285,2024-03-17T23:04:18,2024-03-17,750,36,Online,Credit Card,COUPONAA-0,13.2,AUD
128297,2024-03-17T11:35:15,2024-03-17,538,19,Online,Afterpay,COUPONA-Z0,8.64,AUD
128401,2024-03-17T15:37:31,2024-03-17,16,34,Online,Afterpay,COUPONZ0AZ,17.54,AUD
128564,2024-03-17T07:37:17,2024-03-17,366,17,Retail,Afterpay,COUPON0--A,14.82,AUD
128591,2024-03-17T13:13:50,2024-03-17,425,15,Online,Credit Card,COUPON-9-0,19.16,AUD
128686,2024-03-17T08:16:23,2024-03-17,464,28,Retail,Credit Card,COUPON-A0-,9.22,AUD
128859,2024-03-17T15:34:36,2024-03-17,474,3,Online,PayPal,COUPON0A0-,0.58,AUD
128917,2024-03-17T09:04:51,2024-03-17,452,14,Retail,Afterpay,COUPONZ-0Z,3.21,AUD
128971,2024-03-17T10:43:33,2024-03-17,527,30,Retail,Credit Card,COUPON0900,6.41,AUD
128991,2024-03-17T08:56:01,2024-03-17,612,36,Online,Afterpay,COUPON--A-,17.16,AUD
128998,2024-03-17T15:01:05,2024-03-17,463,27,Online,PayPal,COUPON-A0-,12.93,AUD
129124,2024-03-17T00:42:53,2024-03-17,292,13,Online,Credit Card,COUPONAAZ-,15.34,AUD
129152,2024-03-17T19:56:51,2024-03-17,698,13,Retail,Credit Card,COUPON---A,15.36,AUD
129176,2024-03-17T05:28:57,2024-03-17,287,36,Retail,Afterpay,COUPON----,14.71,AUD
129189,2024-03-17T07:30:32,2024-03-17,162,36,Retail,PayPal,COUPONZZZ0,9.81,AUD
129269,2024-03-17T03:53:38,2024-03-17,270,33,Retail,Credit Card,COUPONZA9-,16.39,AUD
129319,2024-03-17T15:09:22,2024-03-17,206,49,Online,Credit Card,COUPON99Z9,6.49,AUD
129354,2024-03-17T02:12:45,2024-03-17,413,1,Retail,PayPal,COUPON-A9-,6.61,AUD
129370,2024-03-17T20:22:35,2024-03-17,82,34,Online,Afterpay,COUPON9Z0-,2.52,AUD
129480,2024-03-17T03:25:25,2024-03-17,188,29,Online,PayPal,COUPON0A--,10.56,AUD
129519,2024-03-17T07:58:41,2024-03-17,623,13,Retail,PayPal,COUPON99-A,6.76,AUD
129603,2024-03-17T02:06:04,2024-03-17,77,17,Retail,Afterpay,COUPON-909,2.76,AUD
129748,2024-03-17T05:50:48,2024-03-17,21,40,Retail,Credit Card,COUPON9-Z-,15.88,AUD
129823,2024-03-17T10:26:05,2024-03-17,689,14,Online,PayPal,COUPON-A--,7.97,AUD
129828,2024-03-17T01:28:05,2024-03-17,243,7,Online,Credit Card,COUPON--90,2.45,AUD
129873,2024-03-17T22:01:39,2024-03-17,42,12,Online,PayPal,COUPON9AA0,0.06,AUD
129901,2024-03-17T04:57:10,2024-03-17,313,36,Online,Credit Card,COUPON0A09,6.68,AUD
129956,2024-03-17T21:37:25,2024-03-17,663,44,Online,Afterpay,COUPON----,4.87,AUD
129958,2024-03-17T03:30:16,2024-03-17,298,44,Retail,Credit Card,COUPONAAA9,2.23,AUD
130142,2024-03-17T00:17:28,2024-03-17,71,33,Online,PayPal,COUPON-ZZA,17.28,AUD
130279,2024-03-17T13:32:23,2024-03-17,48,38,Online,PayPal,COUPON-Z-Z,19.68,AUD
130297,2024-03-17T14:47:34,2024-03-17,716,46,Online,Afterpay,COUPON-9A0,9.64,AUD
130413,2024-03-17T18:40:29,2024-03-17,763,16,Online,Afterpay,COUPON-9--,6.46,AUD
130484,2024-03-17T06:27:18,2024-03-17,207,48,Retail,Credit Card,COUPON00A9,11.28,AUD
130616,2024-03-17T05:50:35,2024-03-17,166,15,Retail,PayPal,COUPON-Z00,8.17,AUD
130661,2024-03-17T19:31:42,2024-03-17,415,35,Retail,Credit Card,COUPON-Z0-,4.16,AUD
130713,2024-03-17T07:02:39,2024-03-17,712,21,Retail,PayPal,COUPON-0-0,6.68,AUD
130734,2024-03-17T23:45:44,2024-03-17,225,44,Online,Credit Card,COUPONA0Z0,5.32,AUD
130736,2024-03-17T17:15:57,2024-03-17,503,1,Online,Credit Card,COUPONZ0-0,5.61,AUD
130740,2024-03-17T07:41:32,2024-03-17,470,13,Retail,Credit Card,COUPON90Z9,7.91,AUD
130748,2024-03-17T23:08:34,2024-03-17,771,46,Online,PayPal,COUPONA0ZZ,5.31,AUD
130834,2024-03-17T01:03:19,2024-03-17,169,19,Retail,PayPal,COUPONAA0Z,4.26,AUD
131039,2024-03-17T22:43:43,2024-03-17,776,4,Retail,Credit Card,COUPON99Z9,14.15,AUD
131080,2024-03-17T02:34:19,2024-03-17,140,37,Retail,Credit Card,COUPON9-9A,7.44,AUD
131159,2024-03-17T17:53:00,2024-03-17,98,47,Online,Afterpay,COUPON9990,11.76,AUD
131452,2024-03-17T20:49:53,2024-03-17,6,26,Online,PayPal,COUPONZ0--,12.54,AUD
131662,2024-03-17T15:39:24,2024-03-17,96,5,Online,PayPal,COUPONZZA0,7.99,AUD
131728,2024-03-17T17:45:22,2024-03-17,425,41,Retail,Credit Card,COUPONA--A,10.97,AUD
131966,2024-03-17T17:22:25,2024-03-17,586,22,Online,Credit Card,COUPON909-,13.06,AUD
132059,2024-03-17T22:48:31,2024-03-17,171,15,Online,PayPal,COUPON090-,6.03,AUD
132212,2024-03-17T13:18:33,2024-03-17,27,12,Online,Credit Card,COUPON9Z-Z,5.91,AUD
132255,2024-03-17T23:26:13,2024-03-17,139,17,Online,Credit Card,COUPONA0-9,5.57,AUD
132479,2024-03-17T20:06:42,2024-03-17,105,12,Online,Credit Card,COUPON-9-0,3.8,AUD
132494,2024-03-17T11:30:34,2024-03-17,769,45,Retail,Afterpay,COUPON9-99,18.36,AUD
132837,2024-03-17T15:46:37,2024-03-17,306,38,Retail,PayPal,COUPONA0ZZ,16.46,AUD
132846,2024-03-17T10:16:10,2024-03-17,35,24,Online,PayPal,COUPONAZ--,9.32,AUD
132921,2024-03-17T12:28:21,2024-03-17,11,31,Retail,PayPal,COUPONA0-0,16.39,AUD
133087,2024-03-17T12:20:58,2024-03-17,670,45,Online,Credit Card,COUPONZ0--,9.38,AUD
133188,2024-03-17T03:37:55,2024-03-17,495,12,Retail,Afterpay,COUPONA--Z,19.76,AUD
133308,2024-03-17T00:01:53,2024-03-17,68,26,Online,Afterpay,COUPON9-0Z,15.95,AUD
133340,2024-03-17T14:38:23,2024-03-17,687,3,Retail,Afterpay,COUPONA9Z-,10.29,AUD
133345,2024-03-17T17:47:26,2024-03-17,734,3,Retail,Afterpay,COUPON0090,3.16,AUD
133372,2024-03-17T21:04:49,2024-03-17,248,48,Online,PayPal,COUPON-AZ-,16.22,AUD
133444,2024-03-17T08:43:04,2024-03-17,168,10,Retail,Credit Card,COUPONA9A0,9.59,AUD
133538,2024-03-17T15:19:54,2024-03-17,747,40,Online,Afterpay,COUPON9A-9,16.14,AUD
133746,2024-03-17T11:17:31,2024-03-17,20,15,Retail,PayPal,COUPON--0A,18.16,AUD
133800,2024-03-17T22:32:51,2024-03-17,650,11,Retail,Afterpay,COUPON090-,4.56,AUD
133812,2024-03-17T15:10:43,2024-03-17,469,27,Retail,PayPal,COUPON99-9,11.24,AUD
133854,2024-03-17T15:51:18,2024-03-17,277,36,Retail,Afterpay,COUPONZ-90,19.81,AUD
134170,2024-03-17T04:02:10,2024-03-17,465,17,Retail,Credit Card,COUPON09Z-,15.28,AUD
134365,2024-03-17T16:06:22,2024-03-17,338,33,Retail,PayPal,COUPON-90Z,4.81,AUD
134516,2024-03-17T01:15:17,2024-03-17,111,23,Retail,PayPal,COUPON--A-,2.8,AUD
134586,2024-03-17T15:02:19,2024-03-17,757,47,Retail,PayPal,COUPONA0-0,15.18,AUD
134615,2024-03-17T17:07:57,2024-03-17,447,34,Retail,Credit Card,COUPON-A-0,12.43,AUD
134765,2024-03-17T08:42:48,2024-03-17,277,16,Online,PayPal,COUPON0A-A,12.5,AUD
134835,2024-03-17T15:00:24,2024-03-17,724,35,Online,Credit Card,COUPONZ990,10.28,AUD
134850,2024-03-17T08:27:59,2024-03-17,775,40,Online,Afterpay,COUPON9Z-Z,9.81,AUD
134883,2024-03-17T12:34:51,2024-03-17,470,27,Retail,Afterpay,COUPON-A9Z,3.29,AUD
135031,2024-03-17T08:46:33,2024-03-17,379,33,Retail,Afterpay,COUPON-0-Z,6.05,AUD
135254,2024-03-17T18:28:11,2024-03-17,781,43,Online,Afterpay,COUPON00AA,9.72,AUD
135334,2024-03-17T08:02:02,2024-03-17,498,2,Online,PayPal,COUPON-AZA,4.45,AUD
135437,2024-03-17T13:34:12,2024-03-17,396,23,Retail,Afterpay,COUPON-09-,9.19,AUD
135497,2024-03-17T10:45:46,2024-03-17,550,40,Online,Credit Card,COUPON-9--,15.53,AUD
135503,2024-03-17T21:52:49,2024-03-17,690,44,Online,Credit Card,COUPONZ90-,13.55,AUD
135649,2024-03-17T22:20:31,2024-03-17,283,12,Online,Credit Card,COUPON--AA,10.32,AUD
135857,2024-03-17T20:00:38,2024-03-17,105,2,Retail,Afterpay,COUPONA0ZZ,11.41,AUD
135896,2024-03-17T06:51:42,2024-03-17,692,43,Retail,Credit Card,COUPONAA0-,1.49,AUD
135965,2024-03-17T20:50:30,2024-03-17,51,18,Online,Credit Card,COUPON----,14.13,AUD
135969,2024-03-17T05:24:01,2024-03-17,447,34,Retail,Afterpay,COUPON9-Z9,3.44,AUD
136009,2024-03-17T06:11:21,2024-03-17,439,25,Online,Afterpay,COUPONZAA-,0.83,AUD
136158,2024-03-17T23:27:43,2024-03-17,334,2,Online,Credit Card,COUPON----,4.18,AUD
136204,2024-03-17T15:15:30,2024-03-17,512,29,Retail,PayPal,COUPON90-0,10.83,AUD
136521,2024-03-17T12:57:24,2024-03-17,648,44,Retail,Credit Card,COUPONA---,0.12,AUD
136563,2024-03-17T00:08:46,2024-03-17,30,18,Retail,PayPal,COUPON0-99,1.25,AUD
136627,2024-03-17T10:55:54,2024-03-17,579,38,Online,PayPal,COUPON00Z-,19.61,AUD
136629,2024-03-17T14:48:53,2024-03-17,171,40,Retail,Afterpay,COUPON-ZZ-,11.52,AUD
136643,2024-03-17T11:55:03,2024-03-17,457,38,Retail,Credit Card,COUPON09-9,2.33,AUD
136738,2024-03-17T05:56:53,2024-03-17,670,46,Online,Credit Card,COUPON----,5.03,AUD
136876,2024-03-17T16:14:38,2024-03-17,7,12,Online,PayPal,COUPONAAZ0,4.0,AUD
137037,2024-03-17T20:11:30,2024-03-17,142,36,Online,PayPal,COUPONZ-00,8.78,AUD
137062,2024-03-17T02:12:55,2024-03-17,295,12,Retail,Afterpay,COUPON---0,17.42,AUD
137130,2024-03-17T12:00:10,2024-03-17,75,38,Retail,Credit Card,COUPON-Z0-,9.52,AUD
137234,2024-03-17T12:04:04,2024-03-17,764,36,Retail,PayPal,COUPONA99-,19.72,AUD
137238,2024-03-17T12:49:20,2024-03-17,704,23,Retail,Afterpay,COUPON9-A0,17.75,AUD
137249,2024-03-17T01:23:26,2024-03-17,682,18,Retail,PayPal,COUPON9AZ0,11.49,AUD
137480,2024-03-17T20:48:22,2024-03-17,560,3,Online,Credit Card,COUPON9AZZ,11.53,AUD
137481,2024-03-17T21:38:52,2024-03-17,423,22,Retail,Credit Card,COUPONZ0Z-,5.84,AUD
137542,2024-03-17T00:12:16,2024-03-17,374,32,Online,PayPal,COUPON--99,1.61,AUD
137585,2024-03-17T18:22:22,2024-03-17,794,13,Retail,Credit Card,COUPON--00,17.9,AUD
137828,2024-03-17T14:42:28,2024-03-17,208,5,Online,Afterpay,COUPON-Z9-,7.79,AUD
137869,2024-03-17T14:45:21,2024-03-17,555,21,Online,PayPal,COUPON--9-,16.57,AUD
137929,2024-03-17T05:14:11,2024-03-17,707,4,Online,Afterpay,COUPON0-ZZ,19.96,AUD
138102,2024-03-17T16:40:35,2024-03-17,728,49,Online,PayPal,COUPON9Z00,5.68,AUD
138139,2024-03-17T20:51:58,2024-03-17,63,33,Online,PayPal,COUPON-A-9,4.49,AUD
138424,2024-03-17T10:00:32,2024-03-17,794,49,Online,Afterpay,COUPON--Z0,16.09,AUD
138450,2024-03-17T11:50:01,2024-03-17,643,26,Online,Credit Card,COUPONA-0-,16.88,AUD
138466,2024-03-17T17:25:44,2024-03-17,417,12,Online,Afterpay,COUPON--ZZ,15.46,AUD
138509,2024-03-17T00:01:00,2024-03-17,347,25,Online,Afterpay,COUPON-Z--,13.97,AUD
138550,2024-03-17T10:07:35,2024-03-17,798,5,Online,Credit Card,COUPONA-0A,5.78,AUD
138571,2024-03-17T15:27:13,2024-03-17,111,11,Retail,PayPal,COUPON-AAA,7.54,AUD
138596,2024-03-17T13:04:08,2024-03-17,515,24,Retail,Credit Card,COUPON0Z9-,5.0,AUD
138641,2024-03-17T01:05:50,2024-03-17,403,25,Online,Credit Card,COUPON9Z-0,9.52,AUD
138810,2024-03-17T14:14:39,2024-03-17,696,13,Online,Afterpay,COUPON-09A,4.71,AUD
138836,2024-03-17T05:58:14,2024-03-17,700,42,Online,Afterpay,COUPONA--9,17.57,AUD
138923,2024-03-17T20:42:04,2024-03-17,511,12,Retail,PayPal,COUPON-9A0,10.84,AUD
138958,2024-03-17T20:54:38,2024-03-17,362,4,Retail,Afterpay,COUPON9ZA-,2.6,AUD
139046,2024-03-17T01:10:26,2024-03-17,110,45,Online,Credit Card,COUPONAAZZ,7.07,AUD
139080,2024-03-17T08:15:08,2024-03-17,785,8,Retail,PayPal,COUPON90--,15.17,AUD
139133,2024-03-17T05:20:53,2024-03-17,417,15,Online,PayPal,COUPON09Z-,5.88,AUD
139183,2024-03-17T06:53:59,2024-03-17,794,29,Online,Afterpay,COUPON-AA-,0.3,AUD
139272,2024-03-17T08:15:30,2024-03-17,726,17,Retail,PayPal,COUPONZZ-9,8.99,AUD
139276,2024-03-17T15:34:39,2024-03-17,511,5,Retail,Afterpay,COUPONZ9Z9,11.34,AUD
139288,2024-03-17T20:12:03,2024-03-17,574,2,Online,PayPal,COUPON-ZA0,17.06,AUD
139624,2024-03-17T17:31:03,2024-03-17,556,26,Retail,Credit Card,COUPON9-9-,8.03,AUD
139628,2024-03-17T14:10:53,2024-03-17,31,30,Retail,PayPal,COUPONZAZ9,7.12,AUD
139653,2024-03-17T15:03:57,2024-03-17,376,4,Retail,Credit Card,COUPONZ-0Z,7.86,AUD
139897,2024-03-17T22:28:32,2024-03-17,405,36,Retail,Afterpay,COUPON090-,3.79,AUD
139963,2024-03-17T19:29:31,2024-03-17,400,21,Online,PayPal,COUPON090-,3.92,AUD
140068,2024-03-17T19:38:14,2024-03-17,570,20,Online,PayPal,COUPON---9,9.48,AUD
140091,2024-03-17T09:54:01,2024-03-17,342,41,Retail,Credit Card,COUPONA-AZ,18.15,AUD
140094,2024-03-17T04:11:45,2024-03-17,363,37,Online,PayPal,COUPONA0--,7.32,AUD
140117,2024-03-17T22:28:39,2024-03-17,597,39,Retail,Credit Card,COUPON0A9Z,13.87,AUD
140227,2024-03-17T23:00:12,2024-03-17,277,33,Retail,PayPal,COUPON9-99,17.51,AUD
140237,2024-03-17T22:18:13,2024-03-17,507,46,Retail,PayPal,COUPON--A0,2.29,AUD
140355,2024-03-17T00:14:47,2024-03-17,417,32,Retail,Afterpay,COUPON-Z9-,12.86,AUD
140478,2024-03-17T01:22:54,2024-03-17,460,29,Online,PayPal,COUPONZ9--,7.32,AUD
140491,2024-03-17T10:41:14,2024-03-17,159,29,Online,Credit Card,COUPON0A0Z,15.02,AUD
140566,2024-03-17T03:32:29,2024-03-17,366,40,Retail,Credit Card,COUPON99-A,14.8,AUD
140712,2024-03-17T20:12:54,2024-03-17,202,1,Retail,PayPal,COUPON----,17.19,AUD
140789,2024-03-17T17:09:20,2024-03-17,494,27,Online,PayPal,COUPON--90,19.53,AUD
140826,2024-03-17T06:19:00,2024-03-17,418,7,Retail,PayPal,COUPON--A-,4.17,AUD
140833,2024-03-17T10:56:17,2024-03-17,373,9,Retail,Credit Card,COUPON-90-,9.93,AUD
141124,2024-03-17T09:28:33,2024-03-17,92,4,Online,PayPal,COUPON0A--,0.5,AUD
141166,2024-03-17T17:22:19,2024-03-17,91,33,Retail,Credit Card,COUPON0Z-0,11.81,AUD
141215,2024-03-17T09:20:05,2024-03-17,324,21,Retail,Afterpay,COUPON-0ZA,11.87,AUD
141266,2024-03-17T17:38:32,2024-03-17,180,31,Online,PayPal,COUPON9-0A,15.7,AUD
141322,2024-03-17T00:40:00,2024-03-17,47,13,Online,PayPal,COUPON--A-,11.92,AUD
141368,2024-03-17T23:50:24,2024-03-17,729,19,Retail,Afterpay,COUPON-9--,15.36,AUD
141713,2024-03-17T04:16:14,2024-03-17,598,17,Retail,Afterpay,COUPONZ9--,6.11,AUD
141717,2024-03-17T04:55:03,2024-03-17,397,31,Online,Credit Card,COUPON--Z9,11.52,AUD
141719,2024-03-17T11:13:58,2024-03-17,708,17,Retail,PayPal,COUPONZ90A,6.92,AUD
141870,2024-03-17T20:02:38,2024-03-17,392,13,Retail,Afterpay,COUPONZAZZ,10.22,AUD
141882,2024-03-17T11:40:59,2024-03-17,166,41,Online,Afterpay,COUPON0-0-,15.35,AUD
142129,2024-03-17T03:04:32,2024-03-17,489,41,Online,Credit Card,COUPON909Z,4.13,AUD
142281,2024-03-17T01:45:32,2024-03-17,753,27,Online,Credit Card,COUPON-Z-Z,19.24,AUD
142501,2024-03-17T21:31:18,2024-03-17,506,23,Retail,PayPal,COUPONZ-ZZ,6.62,AUD
142553,2024-03-17T13:44:05,2024-03-17,772,22,Retail,Afterpay,COUPONZA9-,2.15,AUD
142647,2024-03-17T09:52:40,2024-03-17,772,25,Retail,Afterpay,COUPON-0--,13.42,AUD
142658,2024-03-17T02:49:19,2024-03-17,515,33,Online,Credit Card,COUPON----,9.42,AUD
142709,2024-03-17T03:08:15,2024-03-17,753,44,Retail,Afterpay,COUPON-0ZZ,19.19,AUD
142723,2024-03-17T01:09:34,2024-03-17,349,49,Retail,Afterpay,COUPON0--Z,8.45,AUD
142834,2024-03-17T03:04:31,2024-03-17,319,5,Retail,PayPal,COUPON0-Z9,18.94,AUD
142916,2024-03-17T03:53:18,2024-03-17,738,42,Online,Credit Card,COUPON0A-A,8.83,AUD
142960,2024-03-17T09:11:22,2024-03-17,724,11,Retail,Afterpay,COUPONZ9-Z,14.42,AUD
143176,2024-03-17T11:43:51,2024-03-17,698,18,Online,Afterpay,COUPONZ--Z,9.83,AUD
143208,2024-03-17T07:33:04,2024-03-17,454,2,Online,PayPal,COUPONZA-0,14.01,AUD
143288,2024-03-17T03:11:53,2024-03-17,687,21,Retail,Credit Card,COUPON9-A9,12.05,AUD
143987,2024-03-17T15:27:17,2024-03-17,43,31,Retail,Credit Card,COUPON9---,10.14,AUD
144019,2024-03-17T06:36:19,2024-03-17,278,6,Retail,Afterpay,COUPON0-00,12.04,AUD
144039,2024-03-17T11:31:40,2024-03-17,684,16,Retail,Afterpay,COUPON-ZZ0,11.92,AUD
144064,2024-03-17T01:30:52,2024-03-17,311,19,Retail,Afterpay,COUPON0AZA,14.8,AUD
144163,2024-03-17T22:01:07,2024-03-17,693,40,Online,Afterpay,COUPON0Z--,11.17,AUD
144175,2024-03-17T12:52:58,2024-03-17,530,29,Online,Afterpay,COUPONA0Z-,13.43,AUD
144177,2024-03-17T21:10:31,2024-03-17,443,16,Retail,Afterpay,COUPON99--,10.17,AUD
144250,2024-03-17T03:42:28,2024-03-17,339,35,Retail,PayPal,COUPON-Z--,13.27,AUD
144262,2024-03-17T07:14:55,2024-03-17,184,2,Online,Credit Card,COUPON9-ZZ,1.81,AUD
144369,2024-03-17T20:12:32,2024-03-17,281,30,Online,Credit Card,COUPONA-0-,13.58,AUD
144628,2024-03-17T03:15:54,2024-03-17,702,40,Retail,Credit Card,COUPONZ00-,16.77,AUD
144721,2024-03-17T21:52:03,2024-03-17,113,38,Retail,PayPal,COUPON0-0-,4.1,AUD
144724,2024-03-17T10:34:13,2024-03-17,696,20,Retail,Afterpay,COUPONZ9AA,16.55,AUD
144783,2024-03-17T13:54:29,2024-03-17,121,2,Retail,PayPal,COUPON-90-,14.69,AUD
145109,2024-03-17T07:36:31,2024-03-17,652,43,Online,PayPal,COUPONZ--9,3.43,AUD
145165,2024-03-17T02:20:51,2024-03-17,161,39,Retail,Afterpay,COUPONZ--A,3.43,AUD
145200,2024-03-17T16:56:39,2024-03-17,533,20,Online,PayPal,COUPON-Z-Z,14.9,AUD
145247,2024-03-17T04:45:14,2024-03-17,687,33,Online,Afterpay,COUPONZZA-,6.33,AUD
145264,2024-03-17T17:51:13,2024-03-17,756,37,Online,Credit Card,COUPONZ--9,4.69,AUD
145267,2024-03-17T06:37:19,2024-03-17,22,42,Online,Afterpay,COUPON9A--,14.7,AUD
145293,2024-03-17T21:59:46,2024-03-17,334,8,Online,Afterpay,COUPONAA00,7.68,AUD
145321,2024-03-17T05:01:03,2024-03-17,669,7,Retail,Credit Card,COUPON00A-,13.12,AUD
145387,2024-03-17T05:41:33,2024-03-17,558,42,Online,PayPal,COUPON---0,13.18,AUD
145491,2024-03-17T21:30:22,2024-03-17,690,25,Online,PayPal,COUPON-Z0A,6.32,AUD
145506,2024-03-17T00:40:35,2024-03-17,162,46,Online,PayPal,COUPON9ZZZ,16.36,AUD
145808,2024-03-17T02:13:54,2024-03-17,673,21,Online,Afterpay,COUPON-A-A,14.79,AUD
145915,2024-03-17T00:15:39,2024-03-17,605,27,Retail,PayPal,COUPON-909,10.03,AUD
146011,2024-03-17T03:04:26,2024-03-17,739,9,Retail,PayPal,COUPON0A9Z,15.81,AUD
146033,2024-03-17T03:41:33,2024-03-17,558,28,Retail,PayPal,COUPON99Z-,7.05,AUD
146166,2024-03-17T23:32:20,2024-03-17,440,31,Retail,Afterpay,COUPON0Z--,5.16,AUD
146172,2024-03-17T21:13:20,2024-03-17,29,12,Online,Afterpay,COUPON90AA,8.75,AUD
146199,2024-03-17T03:11:28,2024-03-17,435,28,Online,PayPal,COUPON--ZZ,4.08,AUD
146358,2024-03-17T02:37:32,2024-03-17,30,45,Online,PayPal,COUPONZ-0Z,17.24,AUD
146550,2024-03-17T15:24:26,2024-03-17,726,4,Retail,Credit Card,COUPON99Z0,11.52,AUD
146603,2024-03-17T19:11:56,2024-03-17,728,22,Retail,Afterpay,COUPON9-A9,12.93,AUD
146605,2024-03-17T02:04:42,2024-03-17,97,35,Online,Afterpay,COUPON090-,17.62,AUD
146837,2024-03-17T16:34:50,2024-03-17,260,18,Retail,PayPal,COUPON9-Z-,12.52,AUD
147004,2024-03-17T14:35:21,2024-03-17,136,20,Online,Afterpay,COUPON0A--,2.27,AUD
147026,2024-03-17T16:12:45,2024-03-17,9,21,Retail,PayPal,COUPONAZ9A,3.92,AUD
147164,2024-03-17T21:55:32,2024-03-17,465,3,Retail,Afterpay,COUPONA9-A,10.6,AUD
147196,2024-03-17T15:59:43,2024-03-17,103,32,Retail,Credit Card,COUPONZZAA,12.15,AUD
147425,2024-03-17T01:40:01,2024-03-17,83,32,Retail,Credit Card,COUPON9--0,14.22,AUD
147434,2024-03-17T13:01:16,2024-03-17,139,1,Retail,Credit Card,COUPON9A0-,8.23,AUD
147634,2024-03-17T04:17:37,2024-03-17,417,32,Online,Afterpay,COUPON----,15.7,AUD
147697,2024-03-17T08:05:23,2024-03-17,283,25,Online,Afterpay,COUPONAAZ-,3.42,AUD
147794,2024-03-17T05:36:19,2024-03-17,373,35,Online,Afterpay,COUPON--A0,17.5,AUD
147860,2024-03-17T18:46:05,2024-03-17,296,43,Online,Credit Card,COUPONZ---,15.34,AUD
148008,2024-03-17T07:32:19,2024-03-17,676,44,Retail,PayPal,COUPONZ-0-,7.68,AUD
148174,2024-03-17T19:16:44,2024-03-17,92,18,Online,Afterpay,COUPONAA99,19.71,AUD
148272,2024-03-17T21:03:08,2024-03-17,457,2,Online,Credit Card,COUPONZZ9-,7.86,AUD
148398,2024-03-17T04:59:21,2024-03-17,500,15,Online,Afterpay,COUPON9-0-,2.06,AUD
148515,2024-03-17T15:24:43,2024-03-17,139,12,Online,PayPal,COUPON---Z,14.39,AUD
148808,2024-03-17T05:57:26,2024-03-17,169,17,Online,Afterpay,COUPONZ-Z-,18.94,AUD
148890,2024-03-17T20:18:40,2024-03-17,184,34,Online,PayPal,COUPON-Z-A,7.62,AUD
148921,2024-03-17T11:52:33,2024-03-17,357,18,Retail,Credit Card,COUPON--9A,15.54,AUD
148978,2024-03-17T15:55:08,2024-03-17,21,3,Online,Credit Card,COUPONZ9ZZ,0.28,AUD
148985,2024-03-17T10:27:13,2024-03-17,199,40,Retail,PayPal,COUPON---0,16.7,AUD
149050,2024-03-17T21:50:51,2024-03-17,408,12,Retail,Afterpay,COUPON-990,7.73,AUD
149111,2024-03-17T09:42:00,2024-03-17,225,49,Retail,Afterpay,COUPON-99Z,8.01,AUD
149377,2024-03-17T07:22:33,2024-03-17,705,31,Retail,Credit Card,COUPON0-99,18.18,AUD
149435,2024-03-17T14:48:39,2024-03-17,58,6,Retail,Afterpay,COUPONA-AA,17.59,AUD
149547,2024-03-17T18:51:41,2024-03-17,651,12,Retail,PayPal,COUPON0-AA,9.29,AUD
149561,2024-03-17T16:45:17,2024-03-17,666,49,Retail,PayPal,COUPON9ZA-,9.59,AUD
149889,2024-03-17T21:13:30,2024-03-17,48,17,Online,Afterpay,COUPON9Z0-,15.67,AUD
149924,2024-03-17T06:04:42,2024-03-17,290,40,Online,PayPal,COUPON9-90,1.01,AUD
150151,2024-03-17T00:23:38,2024-03-17,737,23,Retail,Credit Card,COUPONZ0Z0,7.91,AUD
150212,2024-03-17T10:43:11,2024-03-17,235,12,Online,Credit Card,COUPON00--,3.37,AUD
150250,2024-03-17T04:18:47,2024-03-17,406,8,Retail,Afterpay,COUPON-9Z9,8.9,AUD
150605,2024-03-17T20:51:44,2024-03-17,595,21,Online,Afterpay,COUPON---Z,14.67,AUD
150773,2024-03-17T04:18:04,2024-03-17,132,14,Online,Afterpay,COUPON0-09,12.86,AUD
150820,2024-03-17T12:04:36,2024-03-17,141,38,Retail,Afterpay,COUPON9-Z0,19.48,AUD
150905,2024-03-17T03:59:02,2024-03-17,274,48,Retail,Credit Card,COUPONZ0-0,5.95,AUD
150922,2024-03-17T06:15:57,2024-03-17,347,43,Retail,PayPal,COUPONZ0-9,3.21,AUD
151018,2024-03-17T00:41:10,2024-03-17,344,26,Online,Credit Card,COUPON9--A,9.95,AUD
151264,2024-03-17T03:38:16,2024-03-17,272,38,Online,PayPal,COUPON0A00,19.13,AUD
151371,2024-03-17T09:45:56,2024-03-17,256,28,Retail,Afterpay,COUPONA---,4.09,AUD
151386,2024-03-17T09:48:28,2024-03-17,333,39,Retail,Credit Card,COUPON-0--,7.85,AUD
151443,2024-03-17T06:26:14,2024-03-17,267,45,Online,Credit Card,COUPON-09-,2.79,AUD
151471,2024-03-17T21:01:17,2024-03-17,193,8,Retail,Credit Card,COUPON-0--,19.05,AUD
151502,2024-03-17T08:25:46,2024-03-17,443,27,Online,Credit Card,COUPON9--0,2.6,AUD
151596,2024-03-17T16:31:08,2024-03-17,704,44,Retail,PayPal,COUPONA0-9,3.42,AUD
151669,2024-03-17T00:04:13,2024-03-17,359,5,Retail,PayPal,COUPONA0A0,4.05,AUD
151724,2024-03-17T09:55:04,2024-03-17,655,39,Retail,Afterpay,COUPONZ--0,1.83,AUD
151757,2024-03-17T16:36:55,2024-03-17,40,38,Online,Credit Card,COUPON0--Z,3.73,AUD
151893,2024-03-17T19:07:53,2024-03-17,537,45,Online,Credit Card,COUPON-A0Z,6.47,AUD
151914,2024-03-17T18:36:36,2024-03-17,345,41,Online,Credit Card,COUPON-AA-,15.13,AUD
151955,2024-03-17T03:31:08,2024-03-17,537,15,Retail,PayPal,COUPONA-90,1.64,AUD
152087,2024-03-17T09:20:02,2024-03-17,213,21,Retail,Afterpay,COUPONAAAA,12.76,AUD
152122,2024-03-17T03:00:22,2024-03-17,738,44,Online,PayPal,COUPON0-A0,15.7,AUD
152154,2024-03-17T21:52:28,2024-03-17,574,17,Online,PayPal,COUPON-90-,13.9,AUD
152167,2024-03-17T01:25:53,2024-03-17,716,2,Retail,PayPal,COUPON9A00,11.07,AUD
152240,2024-03-17T10:22:32,2024-03-17,694,45,Online,Credit Card,COUPON-Z00,1.52,AUD
152266,2024-03-17T04:20:48,2024-03-17,356,17,Retail,PayPal,COUPON9--0,7.92,AUD
152294,2024-03-17T13:27:36,2024-03-17,217,2,Online,PayPal,COUPONZ9-A,17.92,AUD
152318,2024-03-17T17:48:09,2024-03-17,208,39,Online,Credit Card,COUPONA-Z0,8.45,AUD
152677,2024-03-17T09:43:52,2024-03-17,90,14,Retail,Afterpay,COUPON0---,7.3,AUD
152681,2024-03-17T09:27:46,2024-03-17,469,18,Retail,PayPal,COUPON09ZA,1.87,AUD
152707,2024-03-17T16:07:41,2024-03-17,143,43,Online,PayPal,COUPON0-9-,2.92,AUD
152748,2024-03-17T05:24:18,2024-03-17,335,43,Retail,Afterpay,COUPONA-Z-,10.32,AUD
152751,2024-03-17T00:12:02,2024-03-17,331,32,Online,Afterpay,COUPONZA90,4.79,AUD
152867,2024-03-17T03:06:33,2024-03-17,236,20,Retail,PayPal,COUPON0A0Z,14.03,AUD
152896,2024-03-17T09:34:25,2024-03-17,617,30,Retail,PayPal,COUPONAA90,9.67,AUD
153117,2024-03-17T07:22:09,2024-03-17,476,15,Online,Credit Card,COUPONZZZ9,15.67,AUD
153154,2024-03-17T07:05:26,2024-03-17,677,16,Retail,Credit Card,COUPON0--A,0.9,AUD
153182,2024-03-17T12:48:05,2024-03-17,489,17,Online,PayPal,COUPON----,5.43,AUD
153223,2024-03-17T13:54:50,2024-03-17,773,4,Online,Afterpay,COUPON--99,8.62,AUD
153326,2024-03-17T05:03:47,2024-03-17,775,29,Online,Afterpay,COUPON9-9-,17.66,AUD
153561,2024-03-17T01:09:24,2024-03-17,739,44,Online,Afterpay,COUPON9Z9-,2.79,AUD
153568,2024-03-17T07:26:57,2024-03-17,641,3,Online,Credit Card,COUPON99Z0,15.35,AUD
153678,2024-03-17T07:08:24,2024-03-17,28,46,Online,PayPal,COUPONAAZ-,10.63,AUD
153717,2024-03-17T20:53:06,2024-03-17,492,38,Retail,Afterpay,COUPON9---,17.41,AUD
153849,2024-03-17T01:41:07,2024-03-17,754,44,Online,Credit Card,COUPON-99-,14.25,AUD
153881,2024-03-17T22:26:54,2024-03-17,690,8,Retail,Afterpay,COUPONZ--Z,5.51,AUD
153890,2024-03-17T04:13:16,2024-03-17,420,32,Online,PayPal,COUPON-AZZ,6.15,AUD
153986,2024-03-17T20:58:57,2024-03-17,100,21,Retail,PayPal,COUPON09ZZ,8.05,AUD
153998,2024-03-17T20:06:55,2024-03-17,421,17,Online,Credit Card,COUPON9A-0,7.84,AUD
154184,2024-03-17T13:05:25,2024-03-17,352,17,Retail,PayPal,COUPON--09,18.73,AUD
154262,2024-03-17T01:11:13,2024-03-17,427,46,Online,Credit Card,COUPON-0-0,11.18,AUD
154280,2024-03-17T21:02:50,2024-03-17,636,13,Retail,Credit Card,COUPON9--0,0.57,AUD
154338,2024-03-17T09:45:50,2024-03-17,204,21,Retail,Afterpay,COUPONA0ZA,4.54,AUD
154416,2024-03-17T09:50:29,2024-03-17,294,33,Online,PayPal,COUPONA-00,14.78,AUD
154439,2024-03-17T19:08:34,2024-03-17,658,22,Retail,Afterpay,COUPON0Z-A,12.57,AUD
154503,2024-03-17T22:52:39,2024-03-17,180,18,Online,Afterpay,COUPON----,19.49,AUD
154537,2024-03-17T08:52:13,2024-03-17,731,5,Retail,Afterpay,COUPON--Z-,2.91,AUD
154636,2024-03-17T08:35:02,2024-03-17,66,21,Retail,PayPal,COUPON0000,3.17,AUD
154651,2024-03-17T03:43:13,2024-03-17,70,28,Online,PayPal,COUPON-Z0Z,3.88,AUD
154792,2024-03-17T08:41:46,2024-03-17,561,12,Online,PayPal,COUPONZ-0Z,12.47,AUD
154877,2024-03-17T00:07:46,2024-03-17,674,31,Retail,Afterpay,COUPON9Z-9,18.51,AUD
154887,2024-03-17T09:59:30,2024-03-17,109,11,Online,Credit Card,COUPON9Z--,5.69,AUD
155000,2024-03-17T13:15:32,2024-03-17,232,49,Retail,PayPal,COUPON---9,5.35,AUD
155149,2024-03-17T16:35:33,2024-03-17,287,29,Online,Afterpay,COUPONA9-0,13.71,AUD
155239,2024-03-17T16:31:28,2024-03-17,36,34,Online,Credit Card,COUPON9--Z,2.78,AUD
155526,2024-03-17T12:57:41,2024-03-17,278,44,Retail,PayPal,COUPONZ-90,8.42,AUD
155551,2024-03-17T12:35:29,2024-03-17,245,5,Retail,PayPal,COUPONZ990,11.37,AUD
155588,2024-03-17T03:14:56,2024-03-17,608,22,Online,Credit Card,COUPONZZA9,15.3,AUD
155610,2024-03-17T19:35:19,2024-03-17,487,1,Retail,Afterpay,COUPONZ9AZ,13.32,AUD
155757,2024-03-17T23:55:40,2024-03-17,132,46,Online,Afterpay,COUPON0-9A,1.21,AUD
155847,2024-03-17T19:54:32,2024-03-17,256,40,Online,Afterpay,COUPON9-9-,14.84,AUD
155886,2024-03-17T04:24:39,2024-03-17,156,29,Online,Afterpay,COUPON---9,16.55,AUD
155907,2024-03-17T10:11:37,2024-03-17,259,1,Retail,Credit Card,COUPON9--Z,12.49,AUD
156074,2024-03-17T20:47:20,2024-03-17,32,19,Online,Afterpay,COUPON-Z-9,8.09,AUD
156185,2024-03-17T03:43:43,2024-03-17,618,26,Online,PayPal,COUPON9Z0A,14.03,AUD
156261,2024-03-17T22:50:16,2024-03-17,614,2,Online,PayPal,COUPON9AA9,8.24,AUD
156328,2024-03-17T06:30:00,2024-03-17,85,24,Online,PayPal,COUPONA9A-,7.62,AUD
156526,2024-03-17T01:09:32,2024-03-17,373,46,Retail,Credit Card,COUPONZ999,16.83,AUD
156578,2024-03-17T18:10:23,2024-03-17,249,39,Retail,Afterpay,COUPON99Z-,1.57,AUD
156631,2024-03-17T04:31:42,2024-03-17,247,5,Retail,Afterpay,COUPON-A-9,16.09,AUD
156688,2024-03-17T19:08:16,2024-03-17,247,45,Retail,PayPal,COUPON0Z9Z,19.15,AUD
156744,2024-03-17T22:00:33,2024-03-17,400,1,Retail,Credit Card,COUPON-ZA-,9.37,AUD
156753,2024-03-17T07:22:20,2024-03-17,272,11,Online,Afterpay,COUPON99--,1.9,AUD
156778,2024-03-17T06:48:29,2024-03-17,20,28,Online,PayPal,COUPONZAA-,13.11,AUD
157061,2024-03-17T04:35:41,2024-03-17,704,48,Online,PayPal,COUPONAZ9-,17.82,AUD
157082,2024-03-17T06:30:22,2024-03-17,175,7,Retail,Credit Card,COUPON--0Z,15.79,AUD
157092,2024-03-17T10:32:22,2024-03-17,72,46,Online,Afterpay,COUPONZZA0,16.4,AUD
157170,2024-03-17T03:05:43,2024-03-17,247,37,Retail,PayPal,COUPON---Z,15.74,AUD
157264,2024-03-17T13:56:33,2024-03-17,287,46,Retail,Afterpay,COUPONA00-,18.0,AUD
157365,2024-03-17T04:06:49,2024-03-17,665,2,Retail,PayPal,COUPON009-,4.87,AUD
157381,2024-03-17T21:05:23,2024-03-17,549,28,Online,Afterpay,COUPON0-A9,10.11,AUD
157469,2024-03-17T12:17:58,2024-03-17,413,8,Retail,Afterpay,COUPONA0A0,2.46,AUD
157682,2024-03-17T07:33:21,2024-03-17,584,43,Online,Credit Card,COUPON9A09,14.84,AUD
157875,2024-03-17T09:40:56,2024-03-17,520,21,Retail,Afterpay,COUPON-900,0.87,AUD
157948,2024-03-17T19:11:19,2024-03-17,268,49,Retail,PayPal,COUPONA09-,8.56,AUD
157963,2024-03-17T03:40:23,2024-03-17,305,49,Online,Credit Card,COUPON---9,10.46,AUD
158048,2024-03-17T05:07:08,2024-03-17,560,20,Online,Credit Card,COUPON-A--,3.39,AUD
158139,2024-03-17T06:12:28,2024-03-17,503,29,Online,Afterpay,COUPON0-A9,1.5,AUD
158256,2024-03-17T08:09:01,2024-03-17,273,32,Online,Credit Card,COUPON90-9,8.7,AUD
158258,2024-03-17T00:09:59,2024-03-17,455,30,Retail,PayPal,COUPON-A-9,13.49,AUD
158324,2024-03-17T07:04:06,2024-03-17,245,27,Online,Credit Card,COUPON-Z00,11.9,AUD
158338,2024-03-17T10:47:39,2024-03-17,61,49,Online,PayPal,COUPONA0--,8.09,AUD
158444,2024-03-17T16:54:46,2024-03-17,681,43,Retail,PayPal,COUPON0---,4.18,AUD
158492,2024-03-17T03:58:09,2024-03-17,428,15,Online,Afterpay,COUPON0ZAA,3.75,AUD
158556,2024-03-17T18:31:19,2024-03-17,756,32,Retail,Credit Card,COUPONZ090,8.9,AUD
158645,2024-03-17T10:32:00,2024-03-17,376,18,Retail,Afterpay,COUPON-9A0,8.94,AUD
158731,2024-03-17T13:28:55,2024-03-17,415,13,Online,Afterpay,COUPONA0--,15.06,AUD
158870,2024-03-17T20:49:48,2024-03-17,628,23,Retail,Credit Card,COUPONZ0Z0,15.79,AUD
158890,2024-03-17T14:33:36,2024-03-17,408,41,Online,Afterpay,COUPONA0--,13.85,AUD
158912,2024-03-17T01:10:11,2024-03-17,788,14,Online,Afterpay,COUPON---Z,12.37,AUD
158916,2024-03-17T10:36:35,2024-03-17,496,12,Online,Afterpay,COUPON9-9-,9.25,AUD
159004,2024-03-17T11:28:26,2024-03-17,585,21,Online,Afterpay,COUPONAA--,2.1,AUD
159006,2024-03-17T02:32:01,2024-03-17,251,13,Online,PayPal,COUPON9Z--,11.71,AUD
159137,2024-03-17T07:00:39,2024-03-17,687,4,Online,Afterpay,COUPON-0ZA,19.65,AUD
159244,2024-03-17T01:22:42,2024-03-17,757,1,Online,Credit Card,COUPON90-0,17.33,AUD
159253,2024-03-17T00:51:01,2024-03-17,236,23,Online,PayPal,COUPON0AA-,4.7,AUD
159287,2024-03-17T05:54:39,2024-03-17,417,17,Retail,Credit Card,COUPON-A--,1.29,AUD
159611,2024-03-17T01:38:25,2024-03-17,650,25,Retail,Credit Card,COUPON-A00,0.47,AUD
159686,2024-03-17T19:09:20,2024-03-17,364,9,Retail,PayPal,COUPON--A-,3.04,AUD
159776,2024-03-17T06:34:12,2024-03-17,181,15,Retail,Credit Card,COUPON-900,13.17,AUD
159795,2024-03-17T07:16:31,2024-03-17,581,33,Online,Afterpay,COUPON-A9-,7.02,AUD
159844,2024-03-17T23:07:26,2024-03-17,397,23,Online,Afterpay,COUPON--0-,8.81,AUD
160348,2024-03-17T12:43:56,2024-03-17,574,24,Online,Afterpay,COUPONZ00Z,6.94,AUD
160398,2024-03-17T03:19:39,2024-03-17,186,38,Online,Afterpay,COUPON-Z-Z,13.85,AUD
160493,2024-03-17T05:50:03,2024-03-17,743,30,Online,Credit Card,COUPONZ-AA,18.81,AUD
160630,2024-03-17T04:18:08,2024-03-17,224,13,Retail,Credit Card,COUPON--99,18.98,AUD
160641,2024-03-17T22:25:22,2024-03-17,4,20,Online,Credit Card,COUPON-90Z,12.28,AUD
160843,2024-03-17T17:54:44,2024-03-17,339,30,Retail,Afterpay,COUPONZ9Z0,3.84,AUD
160863,2024-03-17T04:39:11,2024-03-17,582,40,Retail,PayPal,COUPON0A99,18.87,AUD
160880,2024-03-17T14:58:50,2024-03-17,789,35,Online,Credit Card,COUPON9AZ-,2.65,AUD
160885,2024-03-17T09:59:39,2024-03-17,597,45,Online,Afterpay,COUPON-ZZ9,2.87,AUD
160908,2024-03-17T17:29:27,2024-03-17,583,8,Online,Afterpay,COUPONZ--9,7.28,AUD
161041,2024-03-17T23:32:32,2024-03-17,196,34,Retail,PayPal,COUPON-A9A,9.45,AUD
161044,2024-03-17T18:34:33,2024-03-17,430,25,Retail,PayPal,COUPON-ZZ9,7.55,AUD
161128,2024-03-17T08:55:44,2024-03-17,136,48,Online,Credit Card,COUPON0-Z0,17.97,AUD
161201,2024-03-17T11:27:15,2024-03-17,276,49,Retail,Afterpay,COUPON-A0Z,4.82,AUD
161281,2024-03-17T18:35:24,2024-03-17,151,22,Online,Afterpay,COUPONA-9-,4.67,AUD
161393,2024-03-17T20:12:23,2024-03-17,522,8,Online,Afterpay,COUPON099-,5.29,AUD
161423,2024-03-17T10:24:58,2024-03-17,578,21,Retail,Afterpay,COUPON-0AA,17.12,AUD
161489,2024-03-17T10:18:07,2024-03-17,181,44,Retail,Credit Card,COUPON0Z--,5.52,AUD
161548,2024-03-17T15:25:34,2024-03-17,742,16,Online,PayPal,COUPONZZ-0,0.25,AUD
161650,2024-03-17T21:10:42,2024-03-17,717,47,Retail,Credit Card,COUPONA-00,12.56,AUD
161653,2024-03-17T05:08:43,2024-03-17,502,21,Retail,Credit Card,COUPONZ0AZ,7.14,AUD
161747,2024-03-17T20:45:52,2024-03-17,380,1,Online,PayPal,COUPONAAZ9,6.61,AUD
161768,2024-03-17T22:04:28,2024-03-17,437,41,Retail,PayPal,COUPON-099,1.43,AUD
161900,2024-03-17T09:41:27,2024-03-17,661,4,Online,Afterpay,COUPON-A90,3.84,AUD
161920,2024-03-17T04:56:55,2024-03-17,188,9,Online,PayPal,COUPONZ-9-,15.93,AUD
162067,2024-03-17T01:47:47,2024-03-17,330,49,Online,Afterpay,COUPONA0Z-,9.64,AUD
162386,2024-03-17T20:50:10,2024-03-17,546,26,Retail,Afterpay,COUPON9-AZ,17.19,AUD
162508,2024-03-17T06:36:56,2024-03-17,224,14,Retail,PayPal,COUPON9-0A,8.12,AUD
162535,2024-03-17T06:12:27,2024-03-17,418,24,Retail,Credit Card,COUPONZ-ZA,18.44,AUD
162562,2024-03-17T15:04:41,2024-03-17,128,45,Online,Credit Card,COUPON-A9Z,5.6,AUD
162577,2024-03-17T11:19:13,2024-03-17,587,18,Online,Afterpay,COUPON-90A,8.64,AUD
162578,2024-03-17T09:13:07,2024-03-17,650,8,Retail,Credit Card,COUPON-A-9,11.1,AUD
162589,2024-03-17T05:42:59,2024-03-17,534,20,Online,PayPal,COUPON-0ZA,1.08,AUD
162698,2024-03-17T00:55:07,2024-03-17,407,4,Online,Credit Card,COUPONA0--,18.85,AUD
162798,2024-03-17T03:55:50,2024-03-17,32,21,Retail,Credit Card,COUPONZ9A0,13.33,AUD
162843,2024-03-17T04:57:22,2024-03-17,341,33,Online,Credit Card,COUPON0-A-,10.77,AUD
162848,2024-03-17T12:29:40,2024-03-17,634,39,Online,PayPal,COUPON----,11.37,AUD
162991,2024-03-17T13:51:53,2024-03-17,62,45,Online,PayPal,COUPON0-A-,9.86,AUD
163015,2024-03-17T12:46:37,2024-03-17,340,8,Retail,Credit Card,COUPON-99A,7.57,AUD
163021,2024-03-17T05:16:25,2024-03-17,131,42,Retail,Credit Card,COUPON0A00,4.37,AUD
163052,2024-03-17T15:26:46,2024-03-17,288,23,Retail,PayPal,COUPONAZ--,2.85,AUD
163122,2024-03-17T00:05:58,2024-03-17,332,3,Retail,Afterpay,COUPON-09A,0.91,AUD
163138,2024-03-17T12:47:25,2024-03-17,718,16,Online,Afterpay,COUPON--0-,1.3,AUD
163184,2024-03-17T08:02:11,2024-03-17,368,8,Online,PayPal,COUPON000-,9.21,AUD
163218,2024-03-17T14:01:39,2024-03-17,192,39,Retail,Credit Card,COUPON--Z9,11.11,AUD
163412,2024-03-17T03:03:12,2024-03-17,653,46,Online,PayPal,COUPON99-A,11.25,AUD
163450,2024-03-17T04:37:57,2024-03-17,455,44,Retail,PayPal,COUPON---0,9.58,AUD
163495,2024-03-17T07:34:18,2024-03-17,158,17,Online,Afterpay,COUPON0-99,14.78,AUD
163709,2024-03-17T07:35:04,2024-03-17,164,25,Retail,Credit Card,COUPON---0,19.62,AUD
163751,2024-03-17T11:24:43,2024-03-17,53,44,Retail,PayPal,COUPON9--Z,16.25,AUD
163881,2024-03-17T20:06:25,2024-03-17,157,15,Online,Credit Card,COUPON90ZA,6.95,AUD
163890,2024-03-17T17:18:42,2024-03-17,678,41,Retail,Credit Card,COUPON09--,8.63,AUD
163921,2024-03-17T15:26:57,2024-03-17,80,14,Retail,Afterpay,COUPONZ0--,15.46,AUD
164078,2024-03-17T00:44:47,2024-03-17,719,39,Online,Afterpay,COUPON----,1.1,AUD
164362,2024-03-17T17:55:08,2024-03-17,420,26,Online,PayPal,COUPON-A0-,3.33,AUD
164408,2024-03-17T05:09:39,2024-03-17,595,21,Retail,PayPal,COUPON--A-,19.62,AUD
164465,2024-03-17T21:29:41,2024-03-17,208,42,Online,Afterpay,COUPON9ZZ-,6.82,AUD
164509,2024-03-17T11:07:07,2024-03-17,216,18,Online,PayPal,COUPON90AA,6.28,AUD
164558,2024-03-17T08:00:22,2024-03-17,673,41,Retail,Credit Card,COUPONA00-,0.85,AUD
164580,2024-03-17T23:02:57,2024-03-17,544,32,Online,Credit Card,COUPON0--Z,12.18,AUD
164711,2024-03-17T05:18:18,2024-03-17,383,31,Retail,PayPal,COUPON-AZ-,5.01,AUD
164743,2024-03-17T02:03:38,2024-03-17,754,25,Retail,PayPal,COUPON9-9A,15.03,AUD
164843,2024-03-17T09:10:53,2024-03-17,299,47,Online,PayPal,COUPON-0-0,5.45,AUD
165156,2024-03-17T19:30:45,2024-03-17,787,18,Online,PayPal,COUPON--99,16.42,AUD
165227,2024-03-17T22:25:05,2024-03-17,389,2,Online,PayPal,COUPON---0,15.59,AUD
165592,2024-03-17T07:21:51,2024-03-17,555,7,Retail,Afterpay,COUPON-0AA,1.41,AUD
165609,2024-03-17T01:29:04,2024-03-17,611,43,Retail,PayPal,COUPON0A9-,15.0,AUD
165639,2024-03-17T16:17:05,2024-03-17,320,44,Retail,PayPal,COUPON--A-,11.49,AUD
165654,2024-03-17T07:53:31,2024-03-17,573,49,Retail,Credit Card,COUPONZZ-0,9.99,AUD
165730,2024-03-17T16:36:03,2024-03-17,502,19,Online,Credit Card,COUPON0-A0,0.92,AUD
165744,2024-03-17T18:42:44,2024-03-17,643,7,Online,Afterpay,COUPON0---,5.87,AUD
165935,2024-03-17T12:11:54,2024-03-17,376,13,Retail,Afterpay,COUPONZAA9,19.55,AUD
166053,2024-03-17T16:59:49,2024-03-17,683,47,Online,Credit Card,COUPON0A0-,8.21,AUD
166265,2024-03-17T05:01:35,2024-03-17,628,19,Online,Afterpay,COUPONZ9--,7.68,AUD
166417,2024-03-17T06:23:30,2024-03-17,614,26,Online,Credit Card,COUPON-9-0,2.5,AUD
166615,2024-03-17T22:55:29,2024-03-17,660,31,Online,PayPal,COUPONZ-AA,9.29,AUD
166621,2024-03-17T13:19:36,2024-03-17,453,23,Retail,Credit Card,COUPON9Z0-,13.27,AUD
166676,2024-03-17T16:22:17,2024-03-17,703,44,Retail,PayPal,COUPON9Z0-,0.67,AUD
166679,2024-03-17T02:10:12,2024-03-17,76,8,Online,Credit Card,COUPON99--,0.75,AUD
166743,2024-03-17T10:43:51,2024-03-17,153,22,Online,Credit Card,COUPONZ-0-,12.03,AUD
166882,2024-03-17T18:06:49,2024-03-17,463,7,Retail,PayPal,COUPON-9--,16.02,AUD
166968,2024-03-17T04:32:14,2024-03-17,181,35,Retail,Credit Card,COUPON9AA-,17.57,AUD
166972,2024-03-17T08:14:52,2024-03-17,424,2,Retail,Credit Card,COUPON---9,0.98,AUD
167054,2024-03-17T17:32:26,2024-03-17,326,13,Retail,Credit Card,COUPONZ---,19.24,AUD
167100,2024-03-17T05:34:09,2024-03-17,228,3,Online,Afterpay,COUPON-ZZ0,16.16,AUD
167272,2024-03-17T00:18:14,2024-03-17,81,6,Online,PayPal,COUPON009A,12.47,AUD
167346,2024-03-17T02:43:27,2024-03-17,588,44,Online,Credit Card,COUPON0A00,5.69,AUD
167360,2024-03-17T09:26:37,2024-03-17,684,26,Online,PayPal,COUPON9ZA0,9.26,AUD
167518,2024-03-17T09:54:35,2024-03-17,707,5,Retail,Credit Card,COUPON--AA,0.44,AUD
167612,2024-03-17T12:29:12,2024-03-17,764,46,Retail,Afterpay,COUPONA-99,15.79,AUD
167674,2024-03-17T05:45:57,2024-03-17,404,27,Online,Afterpay,COUPON0-Z9,8.54,AUD
167778,2024-03-17T20:53:40,2024-03-17,61,26,Online,PayPal,COUPONZ0ZZ,11.81,AUD
167805,2024-03-17T10:46:57,2024-03-17,176,35,Retail,PayPal,COUPON0A0-,17.28,AUD
167895,2024-03-17T01:11:07,2024-03-17,344,41,Retail,PayPal,COUPONAZZZ,16.16,AUD
167962,2024-03-17T04:19:15,2024-03-17,227,43,Retail,Credit Card,COUPON9--9,10.04,AUD
168071,2024-03-17T14:39:38,2024-03-17,466,16,Online,PayPal,COUPON-90-,19.41,AUD
168140,2024-03-17T10:59:22,2024-03-17,56,19,Retail,Credit Card,COUPON0A9-,13.42,AUD
168232,2024-03-17T10:18:33,2024-03-17,667,48,Online,PayPal,COUPON--9-,9.05,AUD
168366,2024-03-17T02:55:49,2024-03-17,476,2,Retail,Afterpay,COUPON--0Z,19.65,AUD
168606,2024-03-17T17:35:09,2024-03-17,504,48,Online,PayPal,COUPON--00,7.25,AUD
168621,2024-03-17T15:49:22,2024-03-17,240,8,Online,Afterpay,COUPONAA-Z,9.93,AUD
168645,2024-03-17T06:24:42,2024-03-17,646,40,Online,Afterpay,COUPON-ZA9,16.95,AUD
168791,2024-03-17T21:44:04,2024-03-17,708,31,Retail,PayPal,COUPON0---,10.56,AUD
168802,2024-03-17T18:47:18,2024-03-17,630,22,Retail,Afterpay,COUPON99-9,7.19,AUD
168813,2024-03-17T17:15:19,2024-03-17,530,48,Online,PayPal,COUPON9---,1.09,AUD
168819,2024-03-17T02:35:20,2024-03-17,248,17,Retail,PayPal,COUPON9A09,9.42,AUD
168923,2024-03-17T23:14:58,2024-03-17,399,41,Retail,Credit Card,COUPON--AA,8.99,AUD
168952,2024-03-17T16:56:45,2024-03-17,183,49,Online,Credit Card,COUPON--00,13.68,AUD
168970,2024-03-17T03:56:17,2024-03-17,268,46,Online,PayPal,COUPON900-,7.08,AUD
168990,2024-03-17T17:20:18,2024-03-17,592,25,Retail,Credit Card,COUPON0-Z9,12.61,AUD
169069,2024-03-17T12:51:09,2024-03-17,718,8,Online,Credit Card,COUPONA-Z-,16.46,AUD
169078,2024-03-17T21:24:07,2024-03-17,76,11,Online,PayPal,COUPON0-Z-,19.73,AUD
169142,2024-03-17T04:34:25,2024-03-17,352,38,Online,Afterpay,COUPON-ZZ9,16.73,AUD
169176,2024-03-17T14:04:00,2024-03-17,100,13,Online,PayPal,COUPON9-Z-,3.42,AUD
169220,2024-03-17T22:00:43,2024-03-17,341,17,Online,Credit Card,COUPON00-Z,14.27,AUD
169548,2024-03-17T11:39:48,2024-03-17,687,14,Online,Afterpay,COUPONA-99,19.69,AUD
169568,2024-03-17T13:50:47,2024-03-17,681,46,Online,Credit Card,COUPON9Z-A,19.81,AUD
169730,2024-03-17T00:49:53,2024-03-17,213,47,Online,Credit Card,COUPONZ099,10.55,AUD
169793,2024-03-17T12:52:51,2024-03-17,58,10,Retail,Afterpay,COUPON09Z-,7.91,AUD
169875,2024-03-17T02:18:29,2024-03-17,656,25,Online,Afterpay,COUPON-099,17.0,AUD
170056,2024-03-17T13:08:56,2024-03-17,319,12,Retail,Credit Card,COUPONZ-Z9,3.94,AUD
170071,2024-03-17T06:05:47,2024-03-17,345,3,Retail,PayPal,COUPON--Z9,17.92,AUD
170107,2024-03-17T23:03:07,2024-03-17,745,15,Retail,PayPal,COUPON0-90,3.05,AUD
170111,2024-03-17T07:46:32,2024-03-17,146,28,Online,Credit Card,COUPONZAAZ,19.7,AUD
170131,2024-03-17T12:31:51,2024-03-17,67,9,Online,PayPal,COUPONA0-A,11.02,AUD
170146,2024-03-17T06:30:29,2024-03-17,289,34,Online,Credit Card,COUPONA0Z0,17.46,AUD
170359,2024-03-17T03:50:45,2024-03-17,464,11,Online,PayPal,COUPONZ---,3.68,AUD
170700,2024-03-17T04:21:54,2024-03-17,725,26,Retail,PayPal,COUPON9-0Z,0.63,AUD
170713,2024-03-17T11:00:17,2024-03-17,205,33,Online,PayPal,COUPON99AA,12.39,AUD
170754,2024-03-17T06:51:50,2024-03-17,690,28,Online,Afterpay,COUPON09Z-,16.29,AUD
170799,2024-03-17T13:03:30,2024-03-17,257,36,Retail,Credit Card,COUPON00--,16.26,AUD
170839,2024-03-17T17:19:13,2024-03-17,32,17,Online,Afterpay,COUPONAAZ-,4.88,AUD
170846,2024-03-17T12:50:16,2024-03-17,575,5,Retail,Credit Card,COUPONZZ0-,2.03,AUD
170879,2024-03-17T16:25:41,2024-03-17,132,17,Retail,Credit Card,COUPON900-,5.06,AUD
170929,2024-03-17T22:09:44,2024-03-17,294,7,Online,PayPal,COUPONAA9A,1.83,AUD
170986,2024-03-17T08:28:32,2024-03-17,87,38,Online,Afterpay,COUPON0A--,1.59,AUD
171084,2024-03-17T02:13:55,2024-03-17,467,9,Retail,PayPal,COUPON9ZZ-,18.2,AUD
171088,2024-03-17T23:28:30,2024-03-17,228,20,Online,Credit Card,COUPON0-00,5.57,AUD
171121,2024-03-17T04:25:29,2024-03-17,726,33,Retail,PayPal,COUPON0--Z,7.14,AUD
171407,2024-03-17T06:07:23,2024-03-17,335,23,Retail,Credit Card,COUPON0-0-,8.99,AUD
171459,2024-03-17T11:57:23,2024-03-17,190,36,Online,Credit Card,COUPON0Z0-,7.5,AUD
171576,2024-03-17T00:14:09,2024-03-17,361,21,Online,Afterpay,COUPONA9--,5.35,AUD
171594,2024-03-17T22:42:05,2024-03-17,540,26,Retail,Credit Card,COUPON-9-A,8.06,AUD
171680,2024-03-17T00:03:51,2024-03-17,214,49,Online,PayPal,COUPONA999,19.71,AUD
171700,2024-03-17T16:19:21,2024-03-17,654,13,Retail,Afterpay,COUPON-9--,19.91,AUD
171724,2024-03-17T14:56:53,2024-03-17,16,44,Online,Afterpay,COUPON00Z0,13.8,AUD
171811,2024-03-17T12:48:45,2024-03-17,402,10,Retail,Credit Card,COUPON-Z-Z,8.24,AUD
171991,2024-03-17T06:42:27,2024-03-17,462,35,Online,Afterpay,COUPONZ99Z,9.89,AUD
172012,2024-03-17T00:59:50,2024-03-17,117,28,Retail,Afterpay,COUPON0A-A,18.15,AUD
172092,2024-03-17T23:16:46,2024-03-17,513,48,Online,Afterpay,COUPON9-Z0,2.32,AUD
172125,2024-03-17T06:36:04,2024-03-17,767,3,Online,Credit Card,COUPONZZ--,2.47,AUD
172164,2024-03-17T21:20:04,2024-03-17,157,13,Retail,Afterpay,COUPON9Z--,0.51,AUD
172284,2024-03-17T17:47:06,2024-03-17,334,4,Retail,PayPal,COUPON0999,7.28,AUD
172309,2024-03-17T05:25:49,2024-03-17,185,40,Retail,PayPal,COUPON0Z9-,14.84,AUD
172397,2024-03-17T12:29:52,2024-03-17,33,35,Retail,Afterpay,COUPON99--,5.3,AUD
172466,2024-03-17T01:53:37,2024-03-17,695,13,Retail,Credit Card,COUPON-Z-Z,17.36,AUD
172554,2024-03-17T11:02:03,2024-03-17,86,25,Online,Credit Card,COUPONZAZ-,8.36,AUD
172598,2024-03-17T03:12:04,2024-03-17,274,16,Online,Credit Card,COUPONZ--0,16.47,AUD
172633,2024-03-17T02:57:27,2024-03-17,384,43,Online,PayPal,COUPON9ZA9,15.96,AUD
172743,2024-03-17T10:08:34,2024-03-17,371,33,Online,Credit Card,COUPONZ00-,0.21,AUD
172849,2024-03-17T08:32:14,2024-03-17,466,18,Retail,PayPal,COUPON00AA,9.03,AUD
173073,2024-03-17T02:31:24,2024-03-17,788,25,Retail,PayPal,COUPON-AA-,17.33,AUD
173131,2024-03-17T00:30:03,2024-03-17,488,22,Online,PayPal,COUPON-ZZZ,14.64,AUD
173368,2024-03-17T03:13:56,2024-03-17,569,32,Online,Afterpay,COUPONAZ-0,0.79,AUD
173553,2024-03-17T01:22:38,2024-03-17,388,3,Online,PayPal,COUPON---0,10.39,AUD
173677,2024-03-17T09:11:24,2024-03-17,594,9,Online,Credit Card,COUPON-99-,0.06,AUD
173790,2024-03-17T15:17:41,2024-03-17,669,33,Retail,PayPal,COUPON-AA0,14.34,AUD
173818,2024-03-17T23:11:33,2024-03-17,551,5,Retail,PayPal,COUPONA0A9,18.71,AUD
173861,2024-03-17T01:42:14,2024-03-17,149,17,Online,Afterpay,COUPONZ-00,1.4,AUD
173894,2024-03-17T20:35:17,2024-03-17,563,3,Online,Credit Card,COUPON09A9,9.24,AUD
173925,2024-03-17T18:34:54,2024-03-17,283,17,Online,Credit Card,COUPONA-Z-,9.67,AUD
174060,2024-03-17T13:57:32,2024-03-17,60,12,Retail,Afterpay,COUPONZ9Z-,10.49,AUD
174083,2024-03-17T09:42:19,2024-03-17,738,14,Retail,PayPal,COUPON-A09,11.03,AUD
174128,2024-03-17T23:55:44,2024-03-17,488,38,Retail,Credit Card,COUPON0-9-,2.49,AUD
174156,2024-03-17T01:34:04,2024-03-17,598,41,Online,Credit Card,COUPONZ-0-,3.76,AUD
174208,2024-03-17T05:24:48,2024-03-17,209,12,Online,Afterpay,COUPONAZZA,14.31,AUD
174269,2024-03-17T16:54:30,2024-03-17,537,39,Retail,PayPal,COUPON-9AZ,11.61,AUD
174319,2024-03-17T06:47:15,2024-03-17,105,36,Retail,PayPal,COUPONZA0-,1.79,AUD
174348,2024-03-17T09:44:56,2024-03-17,761,43,Online,PayPal,COUPONZ-Z-,12.41,AUD
174398,2024-03-17T10:23:45,2024-03-17,603,26,Online,Afterpay,COUPONA---,17.9,AUD
174479,2024-03-17T09:54:39,2024-03-17,343,43,Online,PayPal,COUPON-0Z9,8.99,AUD
174541,2024-03-17T07:49:35,2024-03-17,318,31,Retail,PayPal,COUPON0-99,4.64,AUD
174567,2024-03-17T14:18:59,2024-03-17,570,48,Online,Credit Card,COUPONA-ZA,9.7,AUD
174675,2024-03-17T17:09:57,2024-03-17,29,30,Online,Credit Card,COUPON0-9-,12.89,AUD
174688,2024-03-17T23:50:24,2024-03-17,26,23,Retail,Afterpay,COUPONAZ-0,14.41,AUD
174736,2024-03-17T06:37:31,2024-03-17,9,10,Online,PayPal,COUPON9-9A,19.56,AUD
174791,2024-03-17T17:27:54,2024-03-17,363,18,Retail,Credit Card,COUPONAA-0,17.24,AUD
174835,2024-03-17T09:41:01,2024-03-17,747,27,Retail,PayPal,COUPON-AZZ,6.33,AUD
174882,2024-03-17T14:35:45,2024-03-17,702,14,Retail,Credit Card,COUPON0909,13.62,AUD
174911,2024-03-17T16:11:47,2024-03-17,429,33,Online,PayPal,COUPON-A--,8.12,AUD
174986,2024-03-17T17:15:16,2024-03-17,434,7,Retail,Afterpay,COUPON9-90,19.75,AUD
175123,2024-03-17T12:40:00,2024-03-17,326,13,Retail,Afterpay,COUPON-ZAA,1.45,AUD
175142,2024-03-17T19:34:40,2024-03-17,294,7,Online,Afterpay,COUPONZA9Z,4.86,AUD
175182,2024-03-17T13:52:39,2024-03-17,532,48,Online,Credit Card,COUPON9ZZ0,1.1,AUD
175197,2024-03-17T01:31:57,2024-03-17,564,2,Online,Credit Card,COUPON-A9-,10.84,AUD
175226,2024-03-17T01:40:18,2024-03-17,607,4,Retail,PayPal,COUPON-0Z-,0.47,AUD
175330,2024-03-17T14:14:23,2024-03-17,668,42,Retail,PayPal,COUPON0Z-0,12.38,AUD
175450,2024-03-17T00:10:52,2024-03-17,131,17,Online,Afterpay,COUPONAAZ-,19.68,AUD
175457,2024-03-17T06:26:44,2024-03-17,571,8,Online,Afterpay,COUPON0A--,7.68,AUD
175601,2024-03-17T23:08:25,2024-03-17,42,27,Online,PayPal,COUPONAZ9-,13.54,AUD
175713,2024-03-17T00:55:40,2024-03-17,65,42,Online,Credit Card,COUPON-09Z,10.66,AUD
175896,2024-03-17T02:10:03,2024-03-17,36,47,Retail,PayPal,COUPON00ZA,7.89,AUD
175938,2024-03-17T12:08:07,2024-03-17,613,37,Retail,PayPal,COUPON--A-,7.16,AUD
176321,2024-03-17T10:18:18,2024-03-17,698,12,Retail,PayPal,COUPONAZA-,3.72,AUD
176351,2024-03-17T17:49:57,2024-03-17,218,12,Online,Afterpay,COUPON9Z-A,18.94,AUD
176368,2024-03-17T06:29:22,2024-03-17,211,9,Online,Credit Card,COUPON-A0Z,1.38,AUD
176502,2024-03-17T12:33:50,2024-03-17,36,17,Retail,Credit Card,COUPON--90,18.45,AUD
176514,2024-03-17T08:02:54,2024-03-17,516,43,Retail,PayPal,COUPONA09-,2.15,AUD
176614,2024-03-17T17:23:46,2024-03-17,599,20,Retail,PayPal,COUPONZZ9A,11.97,AUD
176720,2024-03-17T02:19:51,2024-03-17,225,3,Online,Credit Card,COUPON0-A-,12.56,AUD
176730,2024-03-17T02:19:57,2024-03-17,36,3,Retail,Afterpay,COUPONZ-9-,4.25,AUD
176753,2024-03-17T19:56:47,2024-03-17,734,22,Online,Credit Card,COUPON0-Z-,13.02,AUD
176811,2024-03-17T06:12:40,2024-03-17,346,7,Online,Credit Card,COUPON-A-A,2.25,AUD
176836,2024-03-17T06:22:26,2024-03-17,166,11,Online,Afterpay,COUPON----,7.68,AUD
176876,2024-03-17T23:06:08,2024-03-17,738,33,Retail,PayPal,COUPONA-0-,17.5,AUD
176988,2024-03-17T08:24:04,2024-03-17,163,44,Online,Credit Card,COUPON--AA,3.13,AUD
177047,2024-03-17T13:46:13,2024-03-17,765,12,Online,PayPal,COUPON0A09,8.16,AUD
177058,2024-03-17T21:33:01,2024-03-17,177,16,Online,PayPal,COUPONA90A,18.56,AUD
177089,2024-03-17T13:51:27,2024-03-17,223,11,Online,PayPal,COUPON9---,12.84,AUD
177294,2024-03-17T09:03:12,2024-03-17,295,17,Online,PayPal,COUPON-09Z,9.34,AUD
177534,2024-03-17T23:46:08,2024-03-17,512,29,Online,Afterpay,COUPON9A-9,19.74,AUD
177603,2024-03-17T03:01:16,2024-03-17,660,26,Online,PayPal,COUPONA-0-,2.68,AUD
177662,2024-03-17T09:02:07,2024-03-17,302,29,Retail,Afterpay,COUPON-0A-,7.49,AUD
177722,2024-03-17T12:02:07,2024-03-17,757,42,Retail,PayPal,COUPON0Z--,13.22,AUD
177780,2024-03-17T19:18:41,2024-03-17,388,9,Online,PayPal,COUPON-90Z,13.24,AUD
177995,2024-03-17T02:46:52,2024-03-17,55,1,Retail,Credit Card,COUPON--99,8.51,AUD
178204,2024-03-17T06:52:51,2024-03-17,713,4,Online,PayPal,COUPON9AZ0,11.18,AUD
178387,2024-03-17T15:18:37,2024-03-17,683,16,Retail,Afterpay,COUPON0-Z0,15.71,AUD
178533,2024-03-17T20:28:57,2024-03-17,288,35,Retail,Credit Card,COUPON-099,17.62,AUD
178562,2024-03-17T22:08:04,2024-03-17,202,8,Online,Credit Card,COUPON9ZZZ,2.4,AUD
178689,2024-03-17T21:06:22,2024-03-17,731,19,Retail,PayPal,COUPON-9--,16.14,AUD
178693,2024-03-17T16:47:12,2024-03-17,218,30,Online,PayPal,COUPONZAZ-,6.12,AUD
178849,2024-03-17T02:00:11,2024-03-17,440,18,Online,Credit Card,COUPON-00A,3.73,AUD
178978,2024-03-17T09:00:40,2024-03-17,252,48,Online,Credit Card,COUPONAA0Z,11.32,AUD
179199,2024-03-17T10:47:10,2024-03-17,178,17,Online,PayPal,COUPON-Z-0,16.69,AUD
179202,2024-03-17T09:56:49,2024-03-17,130,42,Online,Credit Card,COUPON-9--,7.07,AUD
179540,2024-03-17T04:43:31,2024-03-17,707,49,Retail,PayPal,COUPONZ-9-,11.91,AUD
179542,2024-03-17T14:01:59,2024-03-17,351,20,Online,PayPal,COUPON--0A,16.21,AUD
179667,2024-03-17T17:51:22,2024-03-17,336,19,Online,Credit Card,COUPON9-9-,13.34,AUD
179711,2024-03-17T05:03:00,2024-03-17,191,22,Retail,PayPal,COUPON9999,19.32,AUD
179784,2024-03-17T03:03:56,2024-03-17,641,48,Online,Afterpay,COUPON-A0A,6.92,AUD
179825,2024-03-17T01:56:11,2024-03-17,734,8,Retail,PayPal,COUPON9-A9,2.29,AUD
179892,2024-03-17T14:55:39,2024-03-17,493,29,Retail,Afterpay,COUPONZ0--,6.0,AUD
179900,2024-03-17T01:48:03,2024-03-17,229,44,Online,Afterpay,COUPON9AA-,11.62,AUD
179939,2024-03-17T18:46:37,2024-03-17,743,45,Retail,Afterpay,COUPON--A9,1.51,AUD
179984,2024-03-17T21:03:31,2024-03-17,763,18,Retail,Afterpay,COUPONA-0-,2.94,AUD
179985,2024-03-17T02:15:29,2024-03-17,114,34,Online,Credit Card,COUPONZ0-0,19.59,AUD
180108,2024-03-17T08:30:16,2024-03-17,702,11,Retail,PayPal,COUPON9990,18.81,AUD
180337,2024-03-17T13:28:14,2024-03-17,271,7,Retail,Afterpay,COUPONA-A9,16.99,AUD
180344,2024-03-17T23:37:16,2024-03-17,536,41,Online,Credit Card,COUPON0---,10.43,AUD
180348,2024-03-17T20:24:31,2024-03-17,188,16,Online,PayPal,COUPON-0-A,3.55,AUD
180355,2024-03-17T18:52:33,2024-03-17,138,4,Retail,Afterpay,COUPON-999,7.84,AUD
180540,2024-03-17T18:13:53,2024-03-17,479,9,Online,PayPal,COUPONZAAA,11.31,AUD
180568,2024-03-17T20:22:15,2024-03-17,537,39,Retail,Credit Card,COUPON--A-,12.6,AUD
180608,2024-03-17T23:12:57,2024-03-17,732,6,Retail,Afterpay,COUPONA-0Z,18.87,AUD
180617,2024-03-17T08:51:31,2024-03-17,44,15,Retail,Credit Card,COUPON-9-9,18.59,AUD
180661,2024-03-17T05:01:27,2024-03-17,768,4,Retail,Afterpay,COUPON--Z-,12.58,AUD
180782,2024-03-17T19:09:42,2024-03-17,370,30,Retail,PayPal,COUPON-Z-9,11.67,AUD
180942,2024-03-17T13:49:48,2024-03-17,466,12,Online,Credit Card,COUPON9A0-,19.11,AUD
180992,2024-03-17T17:23:23,2024-03-17,325,31,Retail,Afterpay,COUPON-909,2.61,AUD
181064,2024-03-17T20:47:55,2024-03-17,157,42,Online,Afterpay,COUPON-ZZ-,15.86,AUD
181065,2024-03-17T14:20:12,2024-03-17,791,46,Online,Credit Card,COUPON9A90,5.11,AUD
181175,2024-03-17T19:46:41,2024-03-17,144,20,Retail,PayPal,COUPONZ---,9.24,AUD
181323,2024-03-17T18:49:39,2024-03-17,522,11,Online,Afterpay,COUPON-AZA,14.31,AUD
181324,2024-03-17T06:37:57,2024-03-17,10,40,Retail,Credit Card,COUPONAA-9,16.29,AUD
181343,2024-03-17T04:03:56,2024-03-17,489,19,Retail,Credit Card,COUPONA0Z-,12.13,AUD
181415,2024-03-17T15:26:07,2024-03-17,71,40,Retail,PayPal,COUPON90-A,3.1,AUD
181422,2024-03-17T05:04:53,2024-03-17,71,4,Online,Credit Card,COUPON--AZ,6.92,AUD
181427,2024-03-17T15:53:18,2024-03-17,323,17,Retail,Afterpay,COUPON9-09,6.1,AUD
181457,2024-03-17T17:00:05,2024-03-17,76,35,Online,PayPal,COUPON09Z9,13.12,AUD
181471,2024-03-17T08:23:21,2024-03-17,150,6,Online,PayPal,COUPONZ90A,10.2,AUD
181539,2024-03-17T21:12:24,2024-03-17,614,25,Retail,Credit Card,COUPONZ--0,12.11,AUD
181578,2024-03-17T15:04:05,2024-03-17,443,12,Online,Credit Card,COUPONA--Z,9.25,AUD
181580,2024-03-17T14:54:30,2024-03-17,305,22,Online,Credit Card,COUPON-99Z,3.87,AUD
181815,2024-03-17T03:49:50,2024-03-17,577,39,Retail,Afterpay,COUPONAZAZ,2.64,AUD
181943,2024-03-17T12:53:11,2024-03-17,795,17,Retail,PayPal,COUPON-A-Z,5.73,AUD
181997,2024-03-17T07:44:11,2024-03-17,121,43,Online,Credit Card,COUPON0ZA-,12.51,AUD
182009,2024-03-17T03:12:06,2024-03-17,538,10,Retail,Afterpay,COUPON-0Z-,16.97,AUD
182052,2024-03-17T11:53:18,2024-03-17,546,1,Online,PayPal,COUPON---Z,15.23,AUD
182099,2024-03-17T13:51:18,2024-03-17,245,38,Retail,Credit Card,COUPON---9,3.63,AUD
182226,2024-03-17T12:02:53,2024-03-17,110,12,Retail,Credit Card,COUPON-ZZZ,9.51,AUD
182273,2024-03-17T15:29:20,2024-03-17,731,31,Online,PayPal,COUPON009-,19.96,AUD
182365,2024-03-17T06:22:10,2024-03-17,90,23,Online,PayPal,COUPON9-ZA,13.7,AUD
182417,2024-03-17T16:14:55,2024-03-17,121,19,Retail,Credit Card,COUPON09-Z,5.5,AUD
182455,2024-03-17T23:55:11,2024-03-17,277,30,Online,PayPal,COUPON---9,0.52,AUD
182500,2024-03-17T10:33:26,2024-03-17,726,14,Online,Afterpay,COUPONZZZ-,16.74,AUD
182562,2024-03-17T00:26:52,2024-03-17,185,38,Online,PayPal,COUPON9-0A,17.72,AUD
182587,2024-03-17T12:42:24,2024-03-17,535,21,Online,PayPal,COUPON0--Z,19.71,AUD
182589,2024-03-17T21:03:49,2024-03-17,460,25,Online,Credit Card,COUPONZA-A,10.96,AUD
182708,2024-03-17T00:18:48,2024-03-17,308,43,Online,Credit Card,COUPON9ZAZ,15.86,AUD
182775,2024-03-17T16:31:20,2024-03-17,379,6,Online,Afterpay,COUPON90-A,13.93,AUD
182823,2024-03-17T18:33:43,2024-03-17,27,32,Retail,Credit Card,COUPON--Z0,14.72,AUD
182841,2024-03-17T10:11:16,2024-03-17,299,21,Retail,Afterpay,COUPON-Z-Z,15.75,AUD
183236,2024-03-17T21:44:43,2024-03-17,68,39,Retail,Credit Card,COUPONZ0AZ,4.54,AUD
183239,2024-03-17T15:24:58,2024-03-17,224,8,Online,PayPal,COUPONZ--9,0.81,AUD
183261,2024-03-17T18:25:51,2024-03-17,286,19,Retail,PayPal,COUPON-0--,3.8,AUD
183296,2024-03-17T07:58:25,2024-03-17,261,33,Online,Credit Card,COUPON--A-,18.79,AUD
183349,2024-03-17T01:36:45,2024-03-17,583,14,Online,Afterpay,COUPON000A,13.84,AUD
183356,2024-03-17T09:28:05,2024-03-17,603,19,Retail,Credit Card,COUPON----,18.08,AUD
183357,2024-03-17T10:30:27,2024-03-17,712,17,Online,PayPal,COUPONA9--,11.65,AUD
183423,2024-03-17T09:58:26,2024-03-17,197,34,Retail,PayPal,COUPON9--9,3.15,AUD
183440,2024-03-17T11:20:26,2024-03-17,319,5,Online,PayPal,COUPON0-0Z,7.68,AUD
183461,2024-03-17T01:58:03,2024-03-17,572,25,Online,Afterpay,COUPON-00A,16.28,AUD
183470,2024-03-17T21:58:56,2024-03-17,98,24,Retail,PayPal,COUPON-0Z0,16.39,AUD
183493,2024-03-17T06:54:21,2024-03-17,56,32,Retail,PayPal,COUPON---A,1.72,AUD
183585,2024-03-17T22:29:18,2024-03-17,590,8,Online,PayPal,COUPON00-9,0.85,AUD
183650,2024-03-17T00:54:44,2024-03-17,496,10,Online,Afterpay,COUPON--99,5.44,AUD
183694,2024-03-17T10:22:56,2024-03-17,761,37,Online,Credit Card,COUPON--9Z,1.92,AUD
183727,2024-03-17T22:32:30,2024-03-17,439,43,Online,Credit Card,COUPONZ-ZZ,12.71,AUD
183814,2024-03-17T22:41:24,2024-03-17,461,9,Online,PayPal,COUPON-0--,7.39,AUD
183836,2024-03-17T06:47:14,2024-03-17,21,24,Online,Credit Card,COUPONA---,10.27,AUD
183850,2024-03-17T22:28:38,2024-03-17,76,35,Online,Afterpay,COUPONZ---,7.84,AUD
183927,2024-03-17T01:35:32,2024-03-17,274,4,Online,PayPal,COUPONA-9A,3.28,AUD
184041,2024-03-17T01:24:50,2024-03-17,555,40,Retail,Credit Card,COUPON-009,15.78,AUD
184136,2024-03-17T01:40:16,2024-03-17,437,36,Online,Credit Card,COUPON----,15.6,AUD
184172,2024-03-17T19:07:43,2024-03-17,668,7,Retail,Credit Card,COUPON--A9,0.12,AUD
184183,2024-03-17T03:16:42,2024-03-17,128,33,Online,PayPal,COUPON9Z--,15.36,AUD
184451,2024-03-17T14:59:03,2024-03-17,618,7,Retail,Afterpay,COUPON--A0,1.0,AUD
184474,2024-03-17T06:14:21,2024-03-17,350,46,Retail,Afterpay,COUPON--0Z,10.47,AUD
184660,2024-03-17T15:10:42,2024-03-17,15,12,Online,Afterpay,COUPON09A9,11.77,AUD
184919,2024-03-17T17:52:24,2024-03-17,566,2,Online,Afterpay,COUPON-AZZ,4.05,AUD
184921,2024-03-17T15:28:09,2024-03-17,48,23,Online,Afterpay,COUPON9-AZ,11.03,AUD
184966,2024-03-17T01:01:16,2024-03-17,374,28,Retail,Afterpay,COUPON--9-,11.37,AUD
184969,2024-03-17T03:11:56,2024-03-17,16,18,Online,Afterpay,COUPON0AZZ,5.27,AUD
185235,2024-03-17T04:39:55,2024-03-17,734,15,Online,PayPal,COUPONA-0-,9.21,AUD
185350,2024-03-17T23:38:51,2024-03-17,566,6,Online,PayPal,COUPON-9Z0,0.44,AUD
185616,2024-03-17T12:52:32,2024-03-17,664,1,Online,Afterpay,COUPON9ZA-,10.47,AUD
185623,2024-03-17T02:58:49,2024-03-17,321,27,Online,PayPal,COUPON0-9A,14.29,AUD
185641,2024-03-17T00:50:18,2024-03-17,261,12,Online,Credit Card,COUPON0A-9,9.34,AUD
185740,2024-03-17T09:07:34,2024-03-17,86,7,Online,Credit Card,COUPON--Z-,16.44,AUD
185746,2024-03-17T08:32:17,2024-03-17,792,48,Online,Credit Card,COUPON0ZA-,14.25,AUD
185772,2024-03-17T03:41:50,2024-03-17,316,3,Retail,PayPal,COUPON---0,1.9,AUD
185982,2024-03-17T05:54:55,2024-03-17,223,34,Retail,Credit Card,COUPON0-9Z,19.49,AUD
186038,2024-03-17T10:28:36,2024-03-17,663,44,Online,PayPal,COUPON-99-,9.03,AUD
186058,2024-03-17T13:13:28,2024-03-17,55,9,Online,Credit Card,COUPONZ099,19.75,AUD
186060,2024-03-17T23:55:30,2024-03-17,444,42,Retail,PayPal,COUPONZ-A0,7.49,AUD
186113,2024-03-17T04:31:10,2024-03-17,360,18,Retail,Afterpay,COUPONZ0-9,19.0,AUD
186254,2024-03-17T18:18:13,2024-03-17,236,23,Retail,PayPal,COUPON9ZZZ,16.75,AUD
186292,2024-03-17T20:07:44,2024-03-17,67,32,Retail,Credit Card,COUPONA-Z9,11.02,AUD
186314,2024-03-17T13:52:28,2024-03-17,766,48,Retail,Afterpay,COUPON9-00,1.64,AUD
186345,2024-03-17T00:28:48,2024-03-17,454,13,Retail,Credit Card,COUPON-ZA-,18.28,AUD
186655,2024-03-17T03:54:29,2024-03-17,474,42,Online,Credit Card,COUPON-A--,1.69,AUD
186682,2024-03-17T16:50:11,2024-03-17,258,18,Retail,PayPal,COUPON-90-,6.95,AUD
186771,2024-03-17T00:50:56,2024-03-17,513,48,Online,PayPal,COUPONZ9-0,12.07,AUD
186930,2024-03-17T20:07:39,2024-03-17,118,47,Online,Afterpay,COUPONA9Z0,7.11,AUD
186941,2024-03-17T01:48:56,2024-03-17,380,32,Online,Afterpay,COUPON-09A,19.14,AUD
187033,2024-03-17T13:47:05,2024-03-17,392,22,Online,Afterpay,COUPON9AZ0,5.7,AUD
187248,2024-03-17T10:38:55,2024-03-17,738,28,Retail,PayPal,COUPON---0,2.24,AUD
187339,2024-03-17T11:54:29,2024-03-17,553,44,Retail,Credit Card,COUPON099Z,3.17,AUD
187436,2024-03-17T05:42:26,2024-03-17,315,36,Online,Afterpay,COUPON-9ZZ,5.6,AUD
187472,2024-03-17T23:50:50,2024-03-17,59,15,Retail,Afterpay,COUPON-0ZZ,7.17,AUD
187499,2024-03-17T16:54:02,2024-03-17,700,31,Retail,Afterpay,COUPON-ZZ0,7.91,AUD
187593,2024-03-17T23:44:05,2024-03-17,537,20,Online,Afterpay,COUPONA9--,5.58,AUD
187783,2024-03-17T23:04:07,2024-03-17,617,36,Retail,PayPal,COUPON-0-0,1.52,AUD
187915,2024-03-17T16:57:04,2024-03-17,300,28,Retail,Credit Card,COUPON0ZAZ,8.93,AUD
188064,2024-03-17T17:46:42,2024-03-17,479,32,Online,PayPal,COUPONA999,14.84,AUD
188203,2024-03-17T00:20:00,2024-03-17,9,26,Retail,Credit Card,COUPONA9A-,5.12,AUD
188332,2024-03-17T18:20:31,2024-03-17,150,41,Online,Credit Card,COUPON-0-9,19.19,AUD
188359,2024-03-17T18:30:14,2024-03-17,263,18,Retail,Credit Card,COUPON---0,17.24,AUD
188500,2024-03-17T05:06:36,2024-03-17,629,47,Retail,Afterpay,COUPON--Z9,8.76,AUD
188528,2024-03-17T22:49:33,2024-03-17,222,41,Online,PayPal,COUPON-Z-A,19.21,AUD
188556,2024-03-17T00:38:57,2024-03-17,306,38,Retail,PayPal,COUPON-ZZZ,14.06,AUD
188644,2024-03-17T14:54:01,2024-03-17,395,6,Online,Credit Card,COUPON9-0-,18.09,AUD
188674,2024-03-17T10:31:03,2024-03-17,760,48,Online,Afterpay,COUPON---Z,16.82,AUD
188677,2024-03-17T15:59:00,2024-03-17,109,37,Retail,PayPal,COUPON0999,1.37,AUD
188739,2024-03-17T03:25:35,2024-03-17,564,28,Online,Credit Card,COUPON00ZA,12.85,AUD
188796,2024-03-17T06:33:14,2024-03-17,390,21,Retail,Credit Card,COUPON-A--,6.46,AUD
189077,2024-03-17T10:50:57,2024-03-17,334,2,Retail,Afterpay,COUPONA--0,0.32,AUD
189157,2024-03-17T16:29:29,2024-03-17,694,20,Retail,Afterpay,COUPON9-Z0,13.45,AUD
189183,2024-03-17T20:56:06,2024-03-17,595,43,Online,Credit Card,COUPONA-A0,8.26,AUD
189214,2024-03-17T16:47:28,2024-03-17,89,2,Online,Credit Card,COUPON0Z90,5.07,AUD
189330,2024-03-17T15:06:56,2024-03-17,593,48,Retail,PayPal,COUPONAZ90,4.34,AUD
189507,2024-03-17T04:37:25,2024-03-17,391,9,Online,PayPal,COUPON-0-9,12.6,AUD
189539,2024-03-17T05:58:18,2024-03-17,459,28,Online,PayPal,COUPON0Z-0,0.43,AUD
189542,2024-03-17T16:00:47,2024-03-17,238,32,Online,Credit Card,COUPONA9AA,19.48,AUD
189575,2024-03-17T03:57:21,2024-03-17,725,38,Retail,Credit Card,COUPON-Z--,3.41,AUD
189608,2024-03-17T10:57:08,2024-03-17,513,48,Online,Afterpay,COUPON-AZ0,2.72,AUD
189723,2024-03-17T12:00:06,2024-03-17,266,37,Online,Credit Card,COUPONZ--Z,13.61,AUD
189820,2024-03-17T03:53:58,2024-03-17,223,36,Retail,Credit Card,COUPON9-99,9.77,AUD
190006,2024-03-17T22:28:47,2024-03-17,467,14,Online,PayPal,COUPON--ZA,6.14,AUD
190163,2024-03-17T04:44:10,2024-03-17,44,36,Retail,Afterpay,COUPON-A--,2.78,AUD
190537,2024-03-17T03:13:07,2024-03-17,579,16,Retail,Credit Card,COUPONZ-A-,14.6,AUD
190634,2024-03-17T12:41:04,2024-03-17,672,25,Online,Credit Card,COUPONA---,12.73,AUD
190755,2024-03-17T18:44:29,2024-03-17,485,49,Online,Afterpay,COUPON0Z9-,19.25,AUD
190796,2024-03-17T04:07:34,2024-03-17,75,45,Retail,Afterpay,COUPONZ--9,18.41,AUD
190924,2024-03-17T20:32:17,2024-03-17,260,35,Retail,Afterpay,COUPONZ-90,14.93,AUD
190951,2024-03-17T14:45:55,2024-03-17,185,13,Retail,Afterpay,COUPON09-0,14.35,AUD
190993,2024-03-17T20:46:28,2024-03-17,660,41,Retail,Afterpay,COUPON-9-0,3.58,AUD
191103,2024-03-17T14:19:46,2024-03-17,366,7,Retail,Credit Card,COUPON-ZZ9,12.85,AUD
191219,2024-03-17T22:27:32,2024-03-17,61,17,Retail,Afterpay,COUPONZ9A9,8.28,AUD
191224,2024-03-17T01:16:07,2024-03-17,61,26,Online,Credit Card,COUPON0Z9-,1.91,AUD
191250,2024-03-17T07:57:31,2024-03-17,116,12,Retail,Credit Card,COUPONZZZA,2.51,AUD
191461,2024-03-17T04:10:04,2024-03-17,648,44,Retail,PayPal,COUPON-A-9,7.58,AUD
191546,2024-03-17T08:54:39,2024-03-17,350,6,Retail,Afterpay,COUPONAZZ9,8.51,AUD
191548,2024-03-17T11:10:43,2024-03-17,46,48,Retail,Credit Card,COUPON9--0,16.69,AUD
191633,2024-03-17T00:04:56,2024-03-17,381,13,Online,PayPal,COUPON-0ZZ,2.19,AUD
191840,2024-03-17T04:02:47,2024-03-17,612,2,Retail,Afterpay,COUPON-ZA-,19.44,AUD
192014,2024-03-17T02:39:29,2024-03-17,19,28,Retail,Credit Card,COUPONZ0AZ,6.2,AUD
192053,2024-03-17T11:52:29,2024-03-17,448,13,Retail,Credit Card,COUPON9ZAA,12.37,AUD
192056,2024-03-17T02:27:30,2024-03-17,15,35,Retail,Afterpay,COUPONZZZ-,3.51,AUD
192124,2024-03-17T05:24:49,2024-03-17,384,43,Online,PayPal,COUPON--A-,15.76,AUD
192125,2024-03-17T05:54:10,2024-03-17,797,8,Online,PayPal,COUPONA9-A,18.97,AUD
192334,2024-03-17T13:53:30,2024-03-17,46,38,Retail,Credit Card,COUPON-9--,13.85,AUD
192348,2024-03-17T07:17:01,2024-03-17,786,32,Retail,Credit Card,COUPON-ZA9,5.92,AUD
192413,2024-03-17T16:12:33,2024-03-17,223,21,Retail,Afterpay,COUPON-90A,14.55,AUD
192572,2024-03-17T11:01:16,2024-03-17,436,11,Online,Afterpay,COUPON9-9-,12.03,AUD
192577,2024-03-17T08:27:02,2024-03-17,185,43,Retail,Afterpay,COUPON--90,0.76,AUD
192590,2024-03-17T13:06:59,2024-03-17,647,18,Online,Credit Card,COUPON0A-Z,17.74,AUD
192626,2024-03-17T10:16:37,2024-03-17,323,15,Online,PayPal,COUPONAAAZ,10.43,AUD
192693,2024-03-17T02:27:30,2024-03-17,689,1,Online,Credit Card,COUPON--9-,6.89,AUD
192742,2024-03-17T01:57:52,2024-03-17,446,2,Retail,Afterpay,COUPONZ--Z,19.61,AUD
192784,2024-03-17T12:34:08,2024-03-17,175,15,Retail,PayPal,COUPON09-Z,7.71,AUD
192846,2024-03-17T15:02:09,2024-03-17,798,36,Retail,PayPal,COUPONZ9-0,6.81,AUD
192978,2024-03-17T12:42:38,2024-03-17,530,46,Online,PayPal,COUPON--0Z,14.7,AUD
193007,2024-03-17T10:43:34,2024-03-17,143,21,Online,Credit Card,COUPONAA00,3.74,AUD
193267,2024-03-17T22:00:25,2024-03-17,45,6,Online,PayPal,COUPON990-,15.12,AUD
193615,2024-03-17T10:18:13,2024-03-17,163,36,Retail,PayPal,COUPONZ-9A,19.76,AUD
193658,2024-03-17T00:18:43,2024-03-17,537,13,Retail,Afterpay,COUPONZA-Z,6.01,AUD
193660,2024-03-17T23:56:58,2024-03-17,119,8,Online,Afterpay,COUPON--0-,9.71,AUD
193716,2024-03-17T14:11:51,2024-03-17,670,28,Online,Afterpay,COUPONZ9Z0,4.49,AUD
193750,2024-03-17T03:25:52,2024-03-17,396,37,Retail,PayPal,COUPON-090,10.0,AUD
193752,2024-03-17T19:03:12,2024-03-17,118,23,Retail,PayPal,COUPON--9-,3.83,AUD
193789,2024-03-17T05:15:03,2024-03-17,602,34,Retail,Credit Card,COUPON-00-,10.75,AUD
193799,2024-03-17T20:18:28,2024-03-17,32,26,Online,Afterpay,COUPONZZZA,18.75,AUD
193834,2024-03-17T03:01:57,2024-03-17,444,47,Online,PayPal,COUPON-000,1.75,AUD
193922,2024-03-17T13:49:01,2024-03-17,479,41,Online,PayPal,COUPON09-9,16.63,AUD
193937,2024-03-17T11:07:24,2024-03-17,534,42,Online,Credit Card,COUPON---9,5.2,AUD
193978,2024-03-17T04:11:59,2024-03-17,31,40,Retail,Credit Card,COUPONAZ90,12.75,AUD
193995,2024-03-17T21:42:55,2024-03-17,262,6,Retail,Afterpay,COUPON---A,10.93,AUD
194030,2024-03-17T13:47:14,2024-03-17,463,14,Online,Afterpay,COUPON---0,6.31,AUD
194119,2024-03-17T18:31:54,2024-03-17,757,10,Online,PayPal,COUPON-Z9-,2.64,AUD
194144,2024-03-17T18:50:04,2024-03-17,479,38,Online,Credit Card,COUPON9-0-,5.96,AUD
194152,2024-03-17T17:51:25,2024-03-17,444,3,Online,Credit Card,COUPON-999,7.48,AUD
194313,2024-03-17T12:12:12,2024-03-17,82,20,Online,PayPal,COUPON09--,12.04,AUD
194319,2024-03-17T07:35:40,2024-03-17,582,35,Retail,Afterpay,COUPON-A-A,13.9,AUD
194327,2024-03-17T07:17:43,2024-03-17,748,1,Retail,Credit Card,COUPONZZ--,18.79,AUD
194663,2024-03-17T17:50:42,2024-03-17,46,19,Online,Afterpay,COUPONA090,10.11,AUD
194725,2024-03-17T08:48:07,2024-03-17,441,1,Retail,PayPal,COUPONZA9Z,10.55,AUD
194732,2024-03-17T22:29:27,2024-03-17,589,15,Online,Afterpay,COUPON00Z9,4.87,AUD
194952,2024-03-17T16:34:27,2024-03-17,616,6,Online,Afterpay,COUPON-A0-,9.07,AUD
194953,2024-03-17T13:24:38,2024-03-17,359,4,Retail,PayPal,COUPON0Z-A,2.53,AUD
195172,2024-03-17T04:41:41,2024-03-17,519,3,Retail,Afterpay,COUPON0-AA,17.71,AUD
195194,2024-03-17T16:00:32,2024-03-17,738,19,Online,Credit Card,COUPON099-,14.74,AUD
195196,2024-03-17T03:41:16,2024-03-17,41,40,Retail,PayPal,COUPONZ990,18.49,AUD
195261,2024-03-17T09:34:28,2024-03-17,90,22,Online,Afterpay,COUPON999-,9.75,AUD
195396,2024-03-17T17:04:04,2024-03-17,306,41,Retail,Credit Card,COUPON0--Z,1.78,AUD
195551,2024-03-17T07:51:43,2024-03-17,562,7,Online,PayPal,COUPON-A--,11.92,AUD
195594,2024-03-17T15:23:53,2024-03-17,86,16,Online,Afterpay,COUPON-ZA-,14.67,AUD
195722,2024-03-17T08:42:36,2024-03-17,101,26,Retail,PayPal,COUPON--9-,6.69,AUD
195766,2024-03-17T06:11:35,2024-03-17,167,23,Retail,Credit Card,COUPONZ---,1.34,AUD
195867,2024-03-17T09:50:25,2024-03-17,7,20,Online,Credit Card,COUPON99A0,18.56,AUD
196003,2024-03-17T11:01:14,2024-03-17,555,25,Retail,PayPal,COUPONZ--9,3.31,AUD
196036,2024-03-17T16:36:20,2024-03-17,671,20,Online,Afterpay,COUPONA0-0,3.18,AUD
196141,2024-03-17T05:41:47,2024-03-17,319,43,Retail,Credit Card,COUPON-0-A,6.73,AUD
196387,2024-03-17T22:19:19,2024-03-17,264,29,Retail,Afterpay,COUPONZ0AZ,4.51,AUD
196651,2024-03-17T15:25:25,2024-03-17,505,45,Online,Credit Card,COUPONZ9-9,19.68,AUD
196736,2024-03-17T05:20:47,2024-03-17,710,13,Retail,PayPal,COUPON-99A,17.95,AUD
196853,2024-03-17T00:37:12,2024-03-17,148,48,Retail,PayPal,COUPON9-0-,0.66,AUD
196857,2024-03-17T19:37:26,2024-03-17,641,25,Retail,Credit Card,COUPONZ--0,19.37,AUD
196964,2024-03-17T19:45:41,2024-03-17,465,2,Retail,PayPal,COUPON9000,1.63,AUD
197009,2024-03-17T01:06:06,2024-03-17,615,40,Online,PayPal,COUPON090Z,15.34,AUD
197011,2024-03-17T13:04:45,2024-03-17,359,38,Online,Afterpay,COUPON9AZ-,16.5,AUD
197131,2024-03-17T09:54:56,2024-03-17,646,26,Retail,Afterpay,COUPONZ0--,3.61,AUD
197325,2024-03-17T16:03:31,2024-03-17,424,24,Retail,Afterpay,COUPON--0-,3.5,AUD
197574,2024-03-17T06:37:51,2024-03-17,453,3,Online,PayPal,COUPON90-A,10.71,AUD
197712,2024-03-17T04:10:43,2024-03-17,346,35,Online,PayPal,COUPONZ00-,13.34,AUD
197981,2024-03-17T00:22:05,2024-03-17,13,10,Retail,PayPal,COUPONA09A,8.0,AUD
198003,2024-03-17T18:10:21,2024-03-17,29,11,Retail,PayPal,COUPON009-,11.73,AUD
198006,2024-03-17T11:35:28,2024-03-17,658,8,Retail,Credit Card,COUPON9Z-9,0.47,AUD
198062,2024-03-17T00:59:17,2024-03-17,356,19,Online,Credit Card,COUPONA099,18.71,AUD
198086,2024-03-17T14:42:21,2024-03-17,403,32,Retail,PayPal,COUPON9A--,1.45,AUD
198129,2024-03-17T08:49:08,2024-03-17,771,2,Retail,PayPal,COUPONA-00,1.39,AUD
198156,2024-03-17T11:39:36,2024-03-17,704,14,Retail,Afterpay,COUPON-ZZZ,15.81,AUD
198191,2024-03-17T01:59:43,2024-03-17,371,49,Retail,Afterpay,COUPON-A0A,9.7,AUD
198218,2024-03-17T21:29:04,2024-03-17,629,14,Retail,Credit Card,COUPON--9-,0.7,AUD
198499,2024-03-17T21:14:18,2024-03-17,314,33,Online,Credit Card,COUPON-Z9-,10.7,AUD
198531,2024-03-17T23:55:48,2024-03-17,13,31,Online,Afterpay,COUPON9909,18.23,AUD
198609,2024-03-17T03:47:47,2024-03-17,433,17,Online,Credit Card,COUPON-Z0Z,11.44,AUD
199034,2024-03-17T12:01:35,2024-03-17,327,26,Retail,PayPal,COUPON99-0,13.41,AUD
199068,2024-03-17T17:24:50,2024-03-17,120,47,Online,Afterpay,COUPON990-,15.56,AUD
199120,2024-03-17T17:45:08,2024-03-17,290,6,Online,Afterpay,COUPON9Z90,14.48,AUD
199132,2024-03-17T17:05:07,2024-03-17,146,6,Online,Credit Card,COUPONA-Z9,17.47,AUD
199216,2024-03-17T19:53:02,2024-03-17,41,8,Retail,Afterpay,COUPON0-ZA,4.15,AUD
199285,2024-03-17T21:44:33,2024-03-17,746,36,Retail,Credit Card,COUPON0Z-Z,6.25,AUD
199292,2024-03-17T03:16:11,2024-03-17,399,13,Online,Afterpay,COUPONZ9-9,7.13,AUD
199450,2024-03-17T20:58:21,2024-03-17,58,44,Retail,Credit Card,COUPONZ0-Z,19.84,AUD
199544,2024-03-17T09:01:21,2024-03-17,328,35,Online,Credit Card,COUPON-9-Z,14.43,AUD
199625,2024-03-17T00:44:52,2024-03-17,550,47,Retail,Afterpay,COUPONZ99Z,5.64,AUD
199661,2024-03-17T20:33:24,2024-03-17,147,34,Retail,Afterpay,COUPONA--A,6.49,AUD
199739,2024-03-17T08:46:08,2024-03-17,772,43,Retail,Afterpay,COUPON9Z9A,1.66,AUD
199945,2024-03-17T05:26:41,2024-03-17,570,7,Online,Credit Card,COUPONA--9,4.59,AUD
200177,2024-03-17T04:43:30,2024-03-17,776,29,Retail,Afterpay,COUPON9Z90,13.77,AUD
200273,2024-03-17T22:36:29,2024-03-17,780,33,Online,Afterpay,COUPON-A-A,15.39,AUD
200317,2024-03-17T05:56:25,2024-03-17,265,23,Online,PayPal,COUPON---A,14.09,AUD
200366,2024-03-17T13:50:55,2024-03-17,743,46,Online,Credit Card,COUPONA9AA,17.42,AUD
200483,2024-03-17T18:28:19,2024-03-17,288,9,Online,PayPal,COUPON-A0Z,14.69,AUD
200535,2024-03-17T20:29:36,2024-03-17,772,7,Retail,PayPal,COUPON-0A-,6.11,AUD
200556,2024-03-17T09:12:39,2024-03-17,93,44,Retail,PayPal,COUPONA0-Z,14.64,AUD
200641,2024-03-17T09:17:25,2024-03-17,523,14,Retail,Credit Card,COUPON9-9A,19.47,AUD
200684,2024-03-17T00:59:10,2024-03-17,285,8,Online,PayPal,COUPON-Z-A,18.75,AUD
200765,2024-03-17T09:35:37,2024-03-17,519,22,Retail,Afterpay,COUPON0-9Z,13.56,AUD
200896,2024-03-17T23:00:41,2024-03-17,371,10,Online,Credit Card,COUPON-Z-A,6.41,AUD
200909,2024-03-17T09:35:58,2024-03-17,300,18,Online,Credit Card,COUPON-00A,14.56,AUD
201096,2024-03-17T14:17:23,2024-03-17,573,32,Retail,Afterpay,COUPON-9ZA,10.29,AUD
201305,2024-03-17T16:01:38,2024-03-17,48,33,Retail,Afterpay,COUPON-9AA,17.7,AUD
201356,2024-03-17T02:52:52,2024-03-17,793,20,Online,PayPal,COUPON-0-0,5.94,AUD
201357,2024-03-17T05:35:43,2024-03-17,407,20,Retail,PayPal,COUPONA0A-,13.07,AUD
201517,2024-03-17T16:16:23,2024-03-17,668,22,Retail,Afterpay,COUPONZAZ-,11.79,AUD
201585,2024-03-17T22:42:27,2024-03-17,511,39,Online,Credit Card,COUPON0-Z-,18.33,AUD
201603,2024-03-17T07:51:18,2024-03-17,484,6,Retail,Credit Card,COUPONZAZ-,3.09,AUD
201620,2024-03-17T07:04:17,2024-03-17,330,1,Online,Afterpay,COUPON-Z9-,9.75,AUD
201716,2024-03-17T17:58:28,2024-03-17,208,42,Retail,PayPal,COUPON-Z09,12.42,AUD
201807,2024-03-17T04:01:52,2024-03-17,116,10,Retail,Afterpay,COUPONZ99-,19.46,AUD
201902,2024-03-17T11:14:50,2024-03-17,420,10,Retail,Afterpay,COUPON90Z9,1.78,AUD
201910,2024-03-17T12:47:46,2024-03-17,251,45,Retail,Afterpay,COUPONA-00,6.52,AUD
202025,2024-03-17T01:37:57,2024-03-17,230,15,Online,Afterpay,COUPONAZ-Z,15.84,AUD
202089,2024-03-17T14:34:14,2024-03-17,36,25,Retail,Credit Card,COUPON-00A,0.08,AUD
202210,2024-03-17T00:20:15,2024-03-17,245,38,Retail,Credit Card,COUPONZAZ0,0.72,AUD
202432,2024-03-17T12:12:26,2024-03-17,129,7,Retail,Credit Card,COUPON-0Z-,9.76,AUD
202461,2024-03-17T20:52:38,2024-03-17,721,25,Retail,PayPal,COUPON-Z--,10.7,AUD
202544,2024-03-17T13:59:01,2024-03-17,186,14,Retail,Afterpay,COUPONZ0-0,14.98,AUD
202725,2024-03-17T01:07:09,2024-03-17,146,12,Retail,PayPal,COUPON-A-0,11.99,AUD
202745,2024-03-17T07:10:08,2024-03-17,698,28,Online,PayPal,COUPON0-A-,0.69,AUD
202835,2024-03-17T13:10:58,2024-03-17,102,20,Online,PayPal,COUPON-ZA-,3.54,AUD
202841,2024-03-17T12:03:22,2024-03-17,280,16,Online,PayPal,COUPONA-AA,9.31,AUD
202900,2024-03-17T04:42:43,2024-03-17,767,42,Online,Credit Card,COUPON0-0-,17.26,AUD
202908,2024-03-17T02:58:02,2024-03-17,376,36,Online,Afterpay,COUPON9---,15.24,AUD
202956,2024-03-17T12:47:00,2024-03-17,630,26,Online,Afterpay,COUPON99AA,14.95,AUD
202972,2024-03-17T08:03:20,2024-03-17,434,3,Retail,Afterpay,COUPONZ0Z-,8.49,AUD
203003,2024-03-17T22:35:10,2024-03-17,174,37,Retail,PayPal,COUPONA-9-,13.11,AUD
203013,2024-03-17T00:42:31,2024-03-17,295,34,Retail,PayPal,COUPON9009,17.1,AUD
203366,2024-03-17T01:51:33,2024-03-17,438,49,Retail,Credit Card,COUPON909-,18.76,AUD
203497,2024-03-17T21:24:15,2024-03-17,664,35,Online,Afterpay,COUPONA0AA,4.08,AUD
203659,2024-03-17T09:02:05,2024-03-17,280,39,Online,PayPal,COUPONZ-0Z,5.75,AUD
203755,2024-03-17T08:13:34,2024-03-17,601,28,Retail,PayPal,COUPON-9Z-,5.2,AUD
203772,2024-03-17T00:15:05,2024-03-17,263,4,Retail,Afterpay,COUPON--00,10.63,AUD
203798,2024-03-17T07:01:52,2024-03-17,307,16,Online,Afterpay,COUPONZZ--,16.58,AUD
203802,2024-03-17T01:54:14,2024-03-17,85,23,Online,PayPal,COUPON0--A,14.02,AUD
203833,2024-03-17T05:48:34,2024-03-17,287,49,Online,Credit Card,COUPONZ0Z-,13.9,AUD
204048,2024-03-17T19:05:46,2024-03-17,640,14,Online,Credit Card,COUPONZAA0,19.88,AUD
204082,2024-03-17T10:07:54,2024-03-17,403,27,Online,Credit Card,COUPON--AA,16.98,AUD
204265,2024-03-17T22:25:38,2024-03-17,737,17,Online,Credit Card,COUPONA90A,4.37,AUD
204312,2024-03-17T01:06:37,2024-03-17,505,4,Retail,Credit Card,COUPON9Z-A,2.21,AUD
204438,2024-03-17T07:26:29,2024-03-17,113,15,Retail,Credit Card,COUPONAZ--,19.74,AUD
204584,2024-03-17T08:09:31,2024-03-17,254,28,Online,Afterpay,COUPON0-0Z,19.01,AUD
204847,2024-03-17T19:34:01,2024-03-17,696,18,Retail,PayPal,COUPON0-9A,8.24,AUD
204850,2024-03-17T10:33:02,2024-03-17,503,21,Online,Afterpay,COUPONA-90,4.35,AUD
204853,2024-03-17T06:56:58,2024-03-17,602,27,Retail,Afterpay,COUPON000A,15.54,AUD
205020,2024-03-17T19:03:47,2024-03-17,154,27,Online,Credit Card,COUPONAA0-,4.82,AUD
205162,2024-03-17T01:40:26,2024-03-17,582,4,Retail,Credit Card,COUPON9Z0-,1.53,AUD
205353,2024-03-17T14:16:37,2024-03-17,169,3,Online,Credit Card,COUPON-009,13.74,AUD
205397,2024-03-17T03:19:55,2024-03-17,736,40,Retail,Afterpay,COUPONZAA0,0.73,AUD
205519,2024-03-17T07:14:27,2024-03-17,648,28,Online,PayPal,COUPONA-Z0,5.74,AUD
205571,2024-03-17T23:25:03,2024-03-17,792,48,Online,Credit Card,COUPONA---,1.71,AUD
205599,2024-03-17T22:29:16,2024-03-17,673,40,Retail,Credit Card,COUPONZ0Z0,0.78,AUD
205869,2024-03-17T16:56:37,2024-03-17,187,34,Retail,PayPal,COUPON--90,5.62,AUD
206075,2024-03-17T06:59:11,2024-03-17,790,27,Online,PayPal,COUPON0009,2.67,AUD
206094,2024-03-17T15:56:51,2024-03-17,624,12,Retail,Credit Card,COUPON90A0,3.89,AUD
206104,2024-03-17T16:44:26,2024-03-17,522,28,Online,Afterpay,COUPON-9A-,9.73,AUD
206145,2024-03-17T15:45:30,2024-03-17,206,48,Retail,Credit Card,COUPON-Z00,10.3,AUD
206163,2024-03-17T23:42:19,2024-03-17,54,39,Online,Afterpay,COUPONZAZ-,3.37,AUD
206194,2024-03-17T16:01:54,2024-03-17,720,30,Retail,PayPal,COUPON-909,2.74,AUD
206375,2024-03-17T07:12:07,2024-03-17,316,48,Online,Afterpay,COUPON9-A0,13.49,AUD
206377,2024-03-17T12:13:40,2024-03-17,241,1,Online,Credit Card,COUPONZ0A9,2.62,AUD
206496,2024-03-17T20:10:02,2024-03-17,660,41,Online,PayPal,COUPON9-0A,4.27,AUD
206521,2024-03-17T14:53:18,2024-03-17,43,22,Online,Credit Card,COUPON90Z-,4.99,AUD
206547,2024-03-17T18:20:20,2024-03-17,717,33,Online,PayPal,COUPON--AA,19.62,AUD
206657,2024-03-17T04:12:12,2024-03-17,581,27,Retail,Credit Card,COUPON9--9,13.63,AUD
206682,2024-03-17T16:28:57,2024-03-17,543,11,Retail,Credit Card,COUPON9---,3.9,AUD
206706,2024-03-17T03:50:02,2024-03-17,156,4,Retail,Credit Card,COUPON-0-9,8.57,AUD
206734,2024-03-17T12:31:22,2024-03-17,45,7,Retail,Credit Card,COUPON-Z-9,7.47,AUD
206998,2024-03-17T14:57:47,2024-03-17,451,25,Online,Afterpay,COUPONAZA9,18.11,AUD
207026,2024-03-17T04:25:04,2024-03-17,637,23,Online,PayPal,COUPON-00Z,8.39,AUD
207108,2024-03-17T16:53:22,2024-03-17,414,3,Retail,PayPal,COUPONZA-0,3.78,AUD
207116,2024-03-17T03:08:32,2024-03-17,536,6,Online,PayPal,COUPON---0,17.2,AUD
207299,2024-03-17T10:00:14,2024-03-17,575,6,Retail,PayPal,COUPON-00Z,5.17,AUD
207443,2024-03-17T08:34:05,2024-03-17,304,21,Online,Afterpay,COUPONA0A-,15.05,AUD
207486,2024-03-17T14:08:08,2024-03-17,32,24,Online,Afterpay,COUPONA-Z-,12.52,AUD
207556,2024-03-17T13:41:24,2024-03-17,692,2,Online,Credit Card,COUPON-AZ-,6.31,AUD
207588,2024-03-17T13:34:57,2024-03-17,532,46,Retail,Afterpay,COUPONZZ0-,11.23,AUD
207754,2024-03-17T12:19:23,2024-03-17,336,33,Online,Afterpay,COUPON--Z9,3.62,AUD
207816,2024-03-17T00:15:25,2024-03-17,274,29,Retail,PayPal,COUPON-A0-,7.65,AUD
207867,2024-03-17T12:40:28,2024-03-17,11,11,Retail,Afterpay,COUPON-999,10.14,AUD
207879,2024-03-17T06:17:52,2024-03-17,449,3,Online,PayPal,COUPON-ZZ0,7.2,AUD
208312,2024-03-17T05:24:46,2024-03-17,472,46,Online,Afterpay,COUPON990A,6.26,AUD
208322,2024-03-17T12:26:52,2024-03-17,515,2,Retail,Afterpay,COUPONZ--Z,10.54,AUD
208448,2024-03-17T00:46:14,2024-03-17,790,23,Online,Afterpay,COUPON-0-Z,17.98,AUD
208502,2024-03-17T15:46:02,2024-03-17,436,9,Online,PayPal,COUPON0Z0-,18.4,AUD
208513,2024-03-17T23:44:30,2024-03-17,168,33,Retail,Credit Card,COUPON--Z-,9.33,AUD
208536,2024-03-17T19:48:09,2024-03-17,334,38,Online,Afterpay,COUPONA-Z9,6.4,AUD
208716,2024-03-17T21:39:45,2024-03-17,115,12,Retail,PayPal,COUPON99Z-,12.09,AUD
208935,2024-03-17T04:59:54,2024-03-17,280,24,Retail,Afterpay,COUPON9Z-Z,13.03,AUD
208981,2024-03-17T00:01:19,2024-03-17,5,30,Retail,Afterpay,COUPON9Z-0,4.29,AUD
209114,2024-03-17T23:41:48,2024-03-17,466,25,Online,Afterpay,COUPON9-0-,19.33,AUD
209129,2024-03-17T22:12:54,2024-03-17,85,8,Retail,Credit Card,COUPONZZ09,18.3,AUD
209158,2024-03-17T10:02:26,2024-03-17,239,6,Online,PayPal,COUPON9AA0,1.21,AUD
209163,2024-03-17T13:02:45,2024-03-17,365,15,Online,Afterpay,COUPON09Z9,14.81,AUD
209401,2024-03-17T04:07:03,2024-03-17,34,28,Online,Afterpay,COUPON-Z-Z,14.37,AUD
209564,2024-03-17T11:22:18,2024-03-17,280,3,Retail,Afterpay,COUPON0999,6.06,AUD
209602,2024-03-17T21:09:11,2024-03-17,596,27,Retail,PayPal,COUPON-0-9,9.81,AUD
209905,2024-03-17T10:04:52,2024-03-17,778,6,Online,Credit Card,COUPON-Z-0,5.23,AUD
209976,2024-03-17T06:17:23,2024-03-17,248,45,Online,Afterpay,COUPON0-ZZ,8.63,AUD
209977,2024-03-17T15:53:04,2024-03-17,737,39,Online,PayPal,COUPONZ090,4.33,AUD
210010,2024-03-17T08:16:54,2024-03-17,219,26,Online,Credit Card,COUPON-0AZ,4.87,AUD
210149,2024-03-17T08:00:16,2024-03-17,241,7,Online,PayPal,COUPONA-0A,13.91,AUD
210176,2024-03-17T11:21:56,2024-03-17,174,19,Retail,PayPal,COUPON09-9,15.77,AUD
210380,2024-03-17T18:35:33,2024-03-17,356,45,Retail,Afterpay,COUPONA0-9,6.06,AUD
210502,2024-03-17T17:36:12,2024-03-17,547,20,Retail,Credit Card,COUPON-Z--,19.63,AUD
210547,2024-03-17T04:56:43,2024-03-17,457,34,Retail,PayPal,COUPON-ZAA,15.47,AUD
210548,2024-03-17T18:20:40,2024-03-17,565,36,Online,PayPal,COUPON--A9,16.44,AUD
210579,2024-03-17T00:43:36,2024-03-17,550,24,Online,Afterpay,COUPONZ09Z,11.66,AUD
210875,2024-03-17T04:40:37,2024-03-17,472,23,Retail,PayPal,COUPON--0-,15.08,AUD
210935,2024-03-17T11:21:47,2024-03-17,687,47,Online,Afterpay,COUPONZ-AA,2.23,AUD
211076,2024-03-17T23:11:53,2024-03-17,379,30,Online,PayPal,COUPON00-0,11.73,AUD
211121,2024-03-17T02:53:27,2024-03-17,223,49,Online,PayPal,COUPON-A0-,13.51,AUD
211215,2024-03-17T09:35:23,2024-03-17,648,40,Online,Credit Card,COUPONA-Z0,3.44,AUD
211223,2024-03-17T18:41:33,2024-03-17,112,38,Online,Afterpay,COUPONA-Z-,7.04,AUD
211429,2024-03-17T10:19:20,2024-03-17,553,16,Online,Afterpay,COUPON--9-,6.59,AUD
211584,2024-03-17T01:13:25,2024-03-17,330,36,Online,PayPal,COUPON990Z,9.31,AUD
211652,2024-03-17T14:11:05,2024-03-17,270,44,Online,PayPal,COUPON90Z-,8.44,AUD
211679,2024-03-17T06:34:08,2024-03-17,565,16,Online,Credit Card,COUPONA-A-,4.28,AUD
211681,2024-03-17T20:30:10,2024-03-17,492,46,Retail,PayPal,COUPONZ9--,0.01,AUD
211833,2024-03-17T04:28:00,2024-03-17,288,4,Retail,PayPal,COUPON0-AZ,9.02,AUD
211875,2024-03-17T14:15:30,2024-03-17,173,13,Online,PayPal,COUPON-9A0,16.82,AUD
211934,2024-03-17T15:34:33,2024-03-17,368,26,Retail,Afterpay,COUPONZA0-,6.19,AUD
212022,2024-03-17T20:54:21,2024-03-17,183,12,Retail,Credit Card,COUPON0A-A,11.6,AUD
212055,2024-03-17T04:31:09,2024-03-17,185,40,Online,PayPal,COUPON-9--,19.38,AUD
212075,2024-03-17T06:29:16,2024-03-17,325,47,Retail,Afterpay,COUPON--A9,16.83,AUD
212236,2024-03-17T11:32:21,2024-03-17,280,5,Retail,Credit Card,COUPON----,18.11,AUD
212311,2024-03-17T17:12:29,2024-03-17,256,49,Retail,PayPal,COUPON-9Z-,10.68,AUD
212509,2024-03-17T04:51:41,2024-03-17,534,1,Online,PayPal,COUPON---0,19.42,AUD
212724,2024-03-17T13:34:09,2024-03-17,320,2,Retail,Credit Card,COUPON090Z,12.82,AUD
212783,2024-03-17T13:02:50,2024-03-17,718,6,Retail,Credit Card,COUPON---0,10.67,AUD
212879,2024-03-17T10:22:10,2024-03-17,64,30,Online,Afterpay,COUPON-A09,17.64,AUD
213094,2024-03-17T15:46:36,2024-03-17,210,8,Retail,Afterpay,COUPON--0-,12.13,AUD
213126,2024-03-17T03:23:06,2024-03-17,86,49,Online,PayPal,COUPON-Z0A,13.66,AUD
213231,2024-03-17T02:02:16,2024-03-17,475,10,Retail,Afterpay,COUPON9-0-,6.71,AUD
213318,2024-03-17T02:12:47,2024-03-17,574,11,Online,Credit Card,COUPON900-,7.61,AUD
213375,2024-03-17T02:37:09,2024-03-17,263,31,Retail,Credit Card,COUPON99--,1.05,AUD
213440,2024-03-17T09:40:35,2024-03-17,392,17,Retail,Afterpay,COUPON99ZA,8.97,AUD
213441,2024-03-17T00:06:27,2024-03-17,207,20,Online,Credit Card,COUPONA090,3.28,AUD
213442,2024-03-17T23:56:15,2024-03-17,743,35,Retail,PayPal,COUPON9-ZZ,1.35,AUD
213472,2024-03-17T12:53:18,2024-03-17,86,37,Retail,PayPal,COUPON-0ZA,5.35,AUD
213494,2024-03-17T10:52:49,2024-03-17,552,13,Retail,Credit Card,COUPON0---,7.86,AUD
213495,2024-03-17T05:04:13,2024-03-17,407,24,Online,Afterpay,COUPONZZ00,19.29,AUD
213599,2024-03-17T15:44:43,2024-03-17,69,49,Online,Afterpay,COUPON----,18.98,AUD
213676,2024-03-17T16:02:56,2024-03-17,459,27,Online,PayPal,COUPONA9--,1.77,AUD
213679,2024-03-17T18:23:34,2024-03-17,483,20,Online,PayPal,COUPON--9-,18.75,AUD
213795,2024-03-17T16:20:39,2024-03-17,196,14,Retail,Credit Card,COUPONAA--,5.93,AUD
213926,2024-03-17T03:43:01,2024-03-17,367,26,Online,Afterpay,COUPONZ-0Z,1.0,AUD
214028,2024-03-17T06:11:15,2024-03-17,81,1,Online,Credit Card,COUPONZAZZ,8.99,AUD
214096,2024-03-17T11:10:08,2024-03-17,272,43,Online,PayPal,COUPON-AA-,19.84,AUD
214200,2024-03-17T02:20:37,2024-03-17,344,49,Retail,PayPal,COUPONA9ZA,18.43,AUD
214307,2024-03-17T04:07:41,2024-03-17,724,21,Retail,Afterpay,COUPONZA90,0.0,AUD
214453,2024-03-17T21:56:02,2024-03-17,256,26,Online,PayPal,COUPON-0Z9,5.51,AUD
214677,2024-03-17T16:01:26,2024-03-17,217,21,Retail,PayPal,COUPON-0-0,3.6,AUD
214781,2024-03-17T14:50:48,2024-03-17,555,2,Retail,PayPal,COUPON-9A-,6.25,AUD
214789,2024-03-17T22:53:29,2024-03-17,738,29,Retail,PayPal,COUPON-Z--,0.81,AUD
214828,2024-03-17T09:29:28,2024-03-17,517,6,Online,Credit Card,COUPON9-90,3.51,AUD
214845,2024-03-17T09:56:42,2024-03-17,721,49,Retail,PayPal,COUPON-A9A,3.06,AUD
214881,2024-03-17T16:35:50,2024-03-17,424,7,Retail,PayPal,COUPON09AZ,10.23,AUD
214982,2024-03-17T21:56:54,2024-03-17,153,33,Online,Afterpay,COUPONA9Z9,15.05,AUD
215163,2024-03-17T07:42:00,2024-03-17,508,27,Retail,Credit Card,COUPON-0-A,12.64,AUD
215223,2024-03-17T05:39:22,2024-03-17,529,28,Online,Afterpay,COUPON-9AZ,4.96,AUD
215269,2024-03-17T01:56:24,2024-03-17,1,20,Retail,PayPal,COUPON-Z0A,10.3,AUD
215374,2024-03-17T03:36:04,2024-03-17,735,38,Retail,Credit Card,COUPON-Z0-,14.09,AUD
215631,2024-03-17T16:30:04,2024-03-17,773,49,Online,Afterpay,COUPONZ-0-,18.79,AUD
215810,2024-03-17T20:41:14,2024-03-17,789,49,Retail,Credit Card,COUPON-0A9,15.42,AUD
215835,2024-03-17T06:01:53,2024-03-17,734,33,Online,PayPal,COUPON-0--,0.08,AUD
215977,2024-03-17T12:41:29,2024-03-17,715,8,Retail,PayPal,COUPON9AA9,12.84,AUD
216534,2024-03-17T20:05:20,2024-03-17,585,37,Retail,Credit Card,COUPON-AZ0,14.26,AUD
216552,2024-03-17T00:22:22,2024-03-17,100,34,Retail,Credit Card,COUPON---A,19.2,AUD
216559,2024-03-17T02:49:26,2024-03-17,759,46,Online,Afterpay,COUPON0A-A,9.83,AUD
216637,2024-03-17T05:25:43,2024-03-17,647,44,Online,Afterpay,COUPON099-,16.8,AUD
216672,2024-03-17T01:21:02,2024-03-17,346,7,Retail,PayPal,COUPON-9--,11.29,AUD
216692,2024-03-17T07:21:35,2024-03-17,579,21,Online,Credit Card,COUPON--AZ,4.45,AUD
216758,2024-03-17T08:59:40,2024-03-17,626,28,Online,Credit Card,COUPONA-0-,2.93,AUD
216795,2024-03-17T08:14:52,2024-03-17,274,36,Online,PayPal,COUPON-ZA-,9.91,AUD
216807,2024-03-17T00:52:18,2024-03-17,207,14,Retail,PayPal,COUPON-ZA9,2.74,AUD
216815,2024-03-17T21:21:26,2024-03-17,449,29,Online,PayPal,COUPONA0ZA,5.94,AUD
216831,2024-03-17T19:51:21,2024-03-17,632,31,Online,PayPal,COUPON9-Z9,8.16,AUD
216847,2024-03-17T21:37:09,2024-03-17,650,8,Retail,Credit Card,COUPON-0A-,6.74,AUD
216861,2024-03-17T07:51:03,2024-03-17,576,28,Online,Afterpay,COUPON-99Z,15.04,AUD
216910,2024-03-17T12:34:18,2024-03-17,122,20,Retail,Credit Card,COUPON9999,5.71,AUD
217100,2024-03-17T01:18:31,2024-03-17,434,9,Online,Afterpay,COUPON-9--,0.56,AUD
217187,2024-03-17T03:14:25,2024-03-17,558,34,Retail,Afterpay,COUPONZZZZ,13.05,AUD
217216,2024-03-17T16:21:52,2024-03-17,220,13,Online,Afterpay,COUPONZ0Z-,19.21,AUD
217249,2024-03-17T15:22:44,2024-03-17,89,5,Online,PayPal,COUPONZA-9,3.88,AUD
217276,2024-03-17T12:30:56,2024-03-17,580,12,Retail,Afterpay,COUPONA9A-,9.3,AUD
217285,2024-03-17T14:41:44,2024-03-17,556,40,Retail,Afterpay,COUPON-ZZA,9.32,AUD
217399,2024-03-17T02:05:27,2024-03-17,593,23,Retail,PayPal,COUPONAA--,9.98,AUD
217439,2024-03-17T02:18:22,2024-03-17,511,20,Online,Afterpay,COUPONAZ--,1.82,AUD
217546,2024-03-17T13:21:27,2024-03-17,426,12,Online,Credit Card,COUPON0Z09,0.06,AUD
217601,2024-03-17T01:28:41,2024-03-17,536,7,Retail,Afterpay,COUPON909Z,16.08,AUD
217772,2024-03-17T19:04:36,2024-03-17,77,41,Online,Credit Card,COUPON-AZA,19.7,AUD
217797,2024-03-17T21:50:24,2024-03-17,199,16,Retail,PayPal,COUPON-A0Z,7.5,AUD
217825,2024-03-17T16:32:24,2024-03-17,352,11,Online,Credit Card,COUPON0-0A,13.35,AUD
217880,2024-03-17T03:06:26,2024-03-17,759,13,Retail,Afterpay,COUPONA-9Z,1.38,AUD
217915,2024-03-17T22:49:16,2024-03-17,540,13,Online,PayPal,COUPON---0,16.0,AUD
217944,2024-03-17T08:31:36,2024-03-17,608,26,Retail,Credit Card,COUPONZ00-,1.21,AUD
217980,2024-03-17T01:13:26,2024-03-17,320,41,Online,Afterpay,COUPON-0-A,19.49,AUD
217988,2024-03-17T23:49:57,2024-03-17,29,6,Retail,PayPal,COUPONAZAZ,15.44,AUD
218005,2024-03-17T07:35:54,2024-03-17,417,41,Online,Credit Card,COUPONAZ-A,0.02,AUD
218138,2024-03-17T16:02:07,2024-03-17,641,34,Retail,Afterpay,COUPON0-Z-,16.79,AUD
218235,2024-03-17T20:36:58,2024-03-17,508,4,Retail,Credit Card,COUPON---A,19.22,AUD
218348,2024-03-17T10:55:14,2024-03-17,374,21,Online,Credit Card,COUPON0-00,13.75,AUD
218479,2024-03-17T17:05:38,2024-03-17,656,5,Retail,Credit Card,COUPON-A-0,5.23,AUD
218555,2024-03-17T10:52:14,2024-03-17,191,3,Online,Credit Card,COUPONA90-,11.9,AUD
218563,2024-03-17T17:56:50,2024-03-17,239,27,Online,Credit Card,COUPON9-0-,19.0,AUD
218744,2024-03-17T20:19:23,2024-03-17,676,3,Retail,Credit Card,COUPONA-09,6.74,AUD
218871,2024-03-17T03:12:05,2024-03-17,656,49,Online,PayPal,COUPONAA--,19.53,AUD
218979,2024-03-17T23:47:30,2024-03-17,250,17,Retail,PayPal,COUPONZ-Z-,6.17,AUD
219134,2024-03-17T12:44:10,2024-03-17,490,45,Retail,Afterpay,COUPONZ0--,6.49,AUD
219149,2024-03-17T14:33:57,2024-03-17,565,13,Retail,PayPal,COUPONZAZ0,16.24,AUD
219279,2024-03-17T21:37:18,2024-03-17,537,7,Online,Afterpay,COUPONA009,16.25,AUD
219478,2024-03-17T21:12:43,2024-03-17,99,30,Online,Credit Card,COUPONZZZ0,6.71,AUD
219514,2024-03-17T15:33:29,2024-03-17,789,30,Retail,Credit Card,COUPON99-A,6.08,AUD
219563,2024-03-17T21:49:17,2024-03-17,88,19,Online,Credit Card,COUPON0ZZ-,3.95,AUD
219757,2024-03-17T17:22:51,2024-03-17,546,28,Online,PayPal,COUPONA--0,3.56,AUD
219942,2024-03-17T22:29:10,2024-03-17,111,13,Online,PayPal,COUPON-A9Z,14.81,AUD
220022,2024-03-17T05:03:11,2024-03-17,437,11,Retail,Afterpay,COUPON-9-9,5.89,AUD
220216,2024-03-17T18:24:34,2024-03-17,386,34,Online,Afterpay,COUPON-A--,12.52,AUD
220217,2024-03-17T19:14:02,2024-03-17,228,43,Retail,Credit Card,COUPON9A--,18.81,AUD
220256,2024-03-17T12:29:59,2024-03-17,195,25,Online,Afterpay,COUPON0-Z-,2.44,AUD
220289,2024-03-17T04:40:35,2024-03-17,578,16,Retail,Afterpay,COUPON-A-A,7.04,AUD
220481,2024-03-17T05:23:48,2024-03-17,324,27,Online,Afterpay,COUPON-99-,4.73,AUD
220551,2024-03-17T10:20:48,2024-03-17,608,4,Retail,Credit Card,COUPON-9Z0,4.84,AUD
220577,2024-03-17T03:57:26,2024-03-17,485,33,Retail,Afterpay,COUPONZ0-9,10.31,AUD
220705,2024-03-17T02:48:10,2024-03-17,653,49,Retail,Credit Card,COUPONZ0Z-,8.82,AUD
220753,2024-03-17T14:57:50,2024-03-17,556,20,Online,Credit Card,COUPON--9-,15.2,AUD
220970,2024-03-17T10:03:19,2024-03-17,235,22,Online,Credit Card,COUPONAAZ-,1.39,AUD
221238,2024-03-17T12:40:53,2024-03-17,434,19,Online,Credit Card,COUPON-009,17.29,AUD
221448,2024-03-17T04:28:03,2024-03-17,768,4,Online,Afterpay,COUPON0A--,18.54,AUD
221509,2024-03-17T03:45:45,2024-03-17,155,41,Online,Credit Card,COUPONZ0Z-,0.59,AUD
221528,2024-03-17T18:42:58,2024-03-17,402,1,Online,Afterpay,COUPON-AZA,9.58,AUD
221540,2024-03-17T20:01:50,2024-03-17,96,49,Retail,Afterpay,COUPONA-A9,8.97,AUD
221592,2024-03-17T14:49:52,2024-03-17,406,43,Online,Credit Card,COUPON909A,0.3,AUD
221642,2024-03-17T08:10:10,2024-03-17,368,17,Retail,PayPal,COUPONA-09,8.51,AUD
221727,2024-03-17T08:40:55,2024-03-17,782,43,Online,Afterpay,COUPON-A9-,5.79,AUD
221737,2024-03-17T06:09:54,2024-03-17,399,23,Online,Credit Card,COUPONZ090,11.4,AUD
221738,2024-03-17T20:01:06,2024-03-17,590,37,Online,PayPal,COUPON09--,6.87,AUD
221805,2024-03-17T12:24:50,2024-03-17,759,33,Retail,Credit Card,COUPONA9-A,7.74,AUD
221823,2024-03-17T20:10:23,2024-03-17,186,9,Retail,Credit Card,COUPON9-A0,8.66,AUD
221916,2024-03-17T03:40:58,2024-03-17,676,41,Retail,PayPal,COUPONZZ9Z,10.57,AUD
221931,2024-03-17T00:52:09,2024-03-17,511,26,Online,Credit Card,COUPON--ZZ,0.92,AUD
222022,2024-03-17T11:24:03,2024-03-17,157,1,Retail,Afterpay,COUPON9-0Z,15.75,AUD
222057,2024-03-17T09:12:08,2024-03-17,286,20,Online,Afterpay,COUPON-A-9,5.74,AUD
222217,2024-03-17T05:29:28,2024-03-17,111,6,Online,PayPal,COUPONZ0ZZ,7.34,AUD
222265,2024-03-17T18:17:06,2024-03-17,345,46,Retail,PayPal,COUPON0A-Z,9.34,AUD
222469,2024-03-17T21:18:30,2024-03-17,677,27,Retail,PayPal,COUPON-0Z-,13.94,AUD
222535,2024-03-17T09:50:01,2024-03-17,185,13,Online,PayPal,COUPONA-9A,9.07,AUD
222587,2024-03-17T21:30:26,2024-03-17,405,10,Retail,PayPal,COUPONZ09A,10.06,AUD
222724,2024-03-17T17:10:56,2024-03-17,451,37,Online,Afterpay,COUPONA-A0,8.27,AUD
222797,2024-03-17T22:32:44,2024-03-17,730,34,Retail,Credit Card,COUPON0ZA9,13.99,AUD
222959,2024-03-17T11:08:13,2024-03-17,772,45,Retail,Afterpay,COUPON-A0-,1.99,AUD
223004,2024-03-17T03:15:42,2024-03-17,170,28,Online,Credit Card,COUPON999A,18.64,AUD
223041,2024-03-17T12:38:01,2024-03-17,390,3,Online,Afterpay,COUPON9A-A,1.85,AUD
223104,2024-03-17T10:13:59,2024-03-17,389,2,Retail,Credit Card,COUPON9ZZZ,13.85,AUD
223203,2024-03-17T18:24:22,2024-03-17,385,38,Online,Afterpay,COUPON-ZZ-,5.81,AUD
223375,2024-03-17T14:15:55,2024-03-17,705,41,Retail,Credit Card,COUPON-Z-Z,15.85,AUD
223422,2024-03-17T23:39:35,2024-03-17,770,19,Online,Afterpay,COUPON-09Z,18.24,AUD
223577,2024-03-17T11:01:28,2024-03-17,184,20,Retail,PayPal,COUPON-AA0,17.94,AUD
223589,2024-03-17T22:42:34,2024-03-17,528,2,Online,Credit Card,COUPON9AAA,16.3,AUD
223601,2024-03-17T19:13:55,2024-03-17,339,46,Online,Credit Card,COUPON--9-,4.4,AUD
223662,2024-03-17T13:54:46,2024-03-17,606,16,Retail,Credit Card,COUPON--AA,13.25,AUD
223704,2024-03-17T08:44:48,2024-03-17,190,30,Online,PayPal,COUPONA9-9,2.17,AUD
223842,2024-03-17T11:00:14,2024-03-17,92,44,Retail,PayPal,COUPONA-9-,10.44,AUD
223844,2024-03-17T10:33:01,2024-03-17,760,26,Retail,PayPal,COUPON99Z9,1.81,AUD
223872,2024-03-17T15:39:22,2024-03-17,325,31,Online,Credit Card,COUPON0AAA,1.36,AUD
224031,2024-03-17T18:11:47,2024-03-17,14,14,Online,PayPal,COUPONAZ0A,13.66,AUD
224226,2024-03-17T15:40:22,2024-03-17,611,35,Retail,Credit Card,COUPONZ---,14.74,AUD
224252,2024-03-17T00:46:17,2024-03-17,288,14,Online,Afterpay,COUPON0A99,10.11,AUD
224384,2024-03-17T09:47:11,2024-03-17,791,22,Online,Afterpay,COUPON-A0Z,9.26,AUD
224433,2024-03-17T10:39:08,2024-03-17,75,6,Online,Credit Card,COUPON-00Z,12.23,AUD
224529,2024-03-17T16:42:13,2024-03-17,720,10,Retail,Credit Card,COUPON-0--,20.0,AUD
224719,2024-03-17T15:39:01,2024-03-17,747,34,Online,Afterpay,COUPON0000,15.3,AUD
224801,2024-03-17T14:50:31,2024-03-17,457,8,Online,Afterpay,COUPON--ZA,18.82,AUD
224809,2024-03-17T20:27:41,2024-03-17,443,20,Online,Credit Card,COUPON--A-,0.81,AUD
224868,2024-03-17T09:30:35,2024-03-17,605,1,Retail,PayPal,COUPONZ--0,18.3,AUD
224980,2024-03-17T02:47:28,2024-03-17,202,30,Online,Afterpay,COUPONZZ-9,3.1,AUD
225066,2024-03-17T01:14:42,2024-03-17,511,6,Retail,Afterpay,COUPON9-00,12.86,AUD
225147,2024-03-17T00:24:59,2024-03-17,407,25,Retail,Credit Card,COUPON90-Z,16.4,AUD
225227,2024-03-17T18:34:43,2024-03-17,478,33,Retail,Credit Card,COUPONZ--0,12.83,AUD
225295,2024-03-17T15:46:02,2024-03-17,489,45,Retail,Credit Card,COUPONZ--0,10.68,AUD
225654,2024-03-17T14:11:38,2024-03-17,443,33,Online,Credit Card,COUPON-Z--,7.8,AUD
225746,2024-03-17T16:15:29,2024-03-17,260,12,Online,PayPal,COUPON9AZ-,10.65,AUD
225862,2024-03-17T15:32:30,2024-03-17,259,10,Online,Afterpay,COUPON---0,0.16,AUD
225881,2024-03-17T07:15:25,2024-03-17,75,21,Online,PayPal,COUPONAZ-0,13.48,AUD
225984,2024-03-17T20:59:41,2024-03-17,715,43,Retail,Afterpay,COUPONAZ--,9.64,AUD
225985,2024-03-17T13:12:48,2024-03-17,34,26,Online,Afterpay,COUPON-0Z0,8.85,AUD
226006,2024-03-17T21:12:49,2024-03-17,143,47,Retail,PayPal,COUPON-Z--,17.72,AUD
226016,2024-03-17T13:43:36,2024-03-17,343,48,Online,PayPal,COUPON9ZAA,10.18,AUD
226021,2024-03-17T09:58:23,2024-03-17,664,9,Online,PayPal,COUPON-0A9,17.19,AUD
226066,2024-03-17T11:15:04,2024-03-17,783,23,Retail,PayPal,COUPONZA--,16.4,AUD
226224,2024-03-17T08:43:08,2024-03-17,573,6,Retail,Credit Card,COUPON0Z9A,8.39,AUD
226318,2024-03-17T05:26:38,2024-03-17,763,28,Retail,PayPal,COUPONAA-9,6.97,AUD
226323,2024-03-17T03:23:04,2024-03-17,275,16,Retail,PayPal,COUPON90--,10.58,AUD
226359,2024-03-17T20:40:25,2024-03-17,744,2,Retail,Afterpay,COUPONZAZZ,15.93,AUD
226602,2024-03-17T05:18:50,2024-03-17,348,37,Retail,PayPal,COUPON90ZA,6.74,AUD
226616,2024-03-17T04:59:04,2024-03-17,256,39,Online,Afterpay,COUPON9Z--,10.4,AUD
226655,2024-03-17T08:34:28,2024-03-17,744,31,Retail,Credit Card,COUPON99Z0,15.38,AUD
226675,2024-03-17T23:22:51,2024-03-17,764,36,Retail,Afterpay,COUPONA09-,19.89,AUD
226693,2024-03-17T08:28:30,2024-03-17,397,2,Retail,PayPal,COUPONZA--,19.35,AUD
226924,2024-03-17T14:18:44,2024-03-17,595,10,Retail,Credit Card,COUPONZA-Z,7.36,AUD
227068,2024-03-17T04:23:31,2024-03-17,260,23,Retail,Credit Card,COUPON0--A,2.98,AUD
227077,2024-03-17T06:06:31,2024-03-17,588,2,Retail,Credit Card,COUPON-09A,4.25,AUD
227119,2024-03-17T07:08:45,2024-03-17,500,36,Retail,Afterpay,COUPONAZ0A,1.87,AUD
227149,2024-03-17T00:51:36,2024-03-17,363,14,Online,Credit Card,COUPONA--A,5.72,AUD
227165,2024-03-17T20:32:01,2024-03-17,547,7,Online,PayPal,COUPON--9-,4.26,AUD
227249,2024-03-17T10:37:25,2024-03-17,419,44,Retail,Credit Card,COUPONA99Z,12.48,AUD
227263,2024-03-17T13:07:50,2024-03-17,219,44,Online,PayPal,COUPON0A-Z,14.58,AUD
227443,2024-03-17T08:33:36,2024-03-17,538,3,Retail,PayPal,COUPON9Z-9,3.09,AUD
227752,2024-03-17T11:06:03,2024-03-17,180,14,Online,PayPal,COUPONZA-0,1.0,AUD
228015,2024-03-17T05:27:20,2024-03-17,787,18,Retail,Credit Card,COUPON-ZAZ,14.81,AUD
228023,2024-03-17T06:00:33,2024-03-17,174,24,Online,Afterpay,COUPONZA90,14.51,AUD
228240,2024-03-17T18:35:16,2024-03-17,712,39,Retail,Credit Card,COUPONAZ9Z,10.65,AUD
228247,2024-03-17T22:33:08,2024-03-17,66,31,Retail,Afterpay,COUPONA-Z9,4.73,AUD
228274,2024-03-17T08:24:34,2024-03-17,271,49,Online,Credit Card,COUPON--Z0,17.47,AUD
228309,2024-03-17T00:13:16,2024-03-17,85,49,Online,Afterpay,COUPON-9-A,7.97,AUD
228376,2024-03-17T01:29:12,2024-03-17,145,39,Retail,Afterpay,COUPON-Z9-,9.91,AUD
228393,2024-03-17T22:28:35,2024-03-17,465,42,Online,Afterpay,COUPON0Z-0,17.88,AUD
228529,2024-03-17T11:34:28,2024-03-17,598,26,Retail,Afterpay,COUPONA099,3.67,AUD
228612,2024-03-17T11:01:41,2024-03-17,655,22,Online,PayPal,COUPON-A-Z,1.11,AUD
228616,2024-03-17T00:33:38,2024-03-17,533,5,Retail,PayPal,COUPON0Z-Z,4.87,AUD
228664,2024-03-17T21:46:41,2024-03-17,686,8,Online,PayPal,COUPON--Z0,18.1,AUD
228672,2024-03-17T17:47:52,2024-03-17,88,4,Retail,Afterpay,COUPON0Z-Z,6.69,AUD
228698,2024-03-17T05:21:14,2024-03-17,179,21,Retail,Afterpay,COUPON00-9,16.43,AUD
228823,2024-03-17T22:33:51,2024-03-17,156,3,Online,Credit Card,COUPON--0Z,12.24,AUD
228850,2024-03-17T15:32:04,2024-03-17,607,11,Online,Afterpay,COUPON-ZA-,3.38,AUD
228966,2024-03-17T22:56:55,2024-03-17,397,25,Retail,Credit Card,COUPON9-0-,14.02,AUD
228968,2024-03-17T02:02:24,2024-03-17,215,3,Online,Afterpay,COUPON-Z-0,8.19,AUD
229004,2024-03-17T13:33:17,2024-03-17,786,45,Retail,PayPal,COUPON-099,9.09,AUD
229114,2024-03-17T19:28:31,2024-03-17,202,26,Retail,PayPal,COUPON-00Z,15.97,AUD
229134,2024-03-17T08:48:53,2024-03-17,213,1,Online,Credit Card,COUPONZ-Z9,3.2,AUD
229232,2024-03-17T05:50:31,2024-03-17,288,46,Online,Credit Card,COUPONZ-AZ,0.98,AUD
229274,2024-03-17T20:51:55,2024-03-17,360,46,Retail,PayPal,COUPONAA-0,12.8,AUD
229449,2024-03-17T08:38:49,2024-03-17,239,49,Retail,Afterpay,COUPON-99A,6.07,AUD
229465,2024-03-17T06:14:37,2024-03-17,401,42,Retail,PayPal,COUPON--A0,1.08,AUD
229557,2024-03-17T04:47:54,2024-03-17,244,3,Retail,Credit Card,COUPON-99-,10.35,AUD
229696,2024-03-17T10:29:09,2024-03-17,306,16,Retail,Credit Card,COUPONA-ZA,11.18,AUD
229865,2024-03-17T10:38:32,2024-03-17,381,46,Online,Afterpay,COUPON-Z9A,18.84,AUD
229873,2024-03-17T19:19:09,2024-03-17,238,23,Online,Afterpay,COUPON00-Z,19.72,AUD
229985,2024-03-17T06:30:26,2024-03-17,335,16,Retail,Credit Card,COUPONZ-Z9,11.28,AUD
230106,2024-03-17T21:03:02,2024-03-17,274,8,Retail,Credit Card,COUPONAZ09,12.21,AUD
230395,2024-03-17T16:56:52,2024-03-17,429,36,Online,PayPal,COUPONA0Z-,17.36,AUD
230398,2024-03-17T16:01:44,2024-03-17,794,2,Retail,Credit Card,COUPONZ90-,1.08,AUD
230404,2024-03-17T05:46:34,2024-03-17,48,20,Online,PayPal,COUPON0Z0-,7.78,AUD
230415,2024-03-17T01:48:26,2024-03-17,464,13,Retail,Afterpay,COUPONA--0,12.54,AUD
230451,2024-03-17T02:23:57,2024-03-17,556,46,Retail,Credit Card,COUPON--9Z,14.95,AUD
230464,2024-03-17T19:19:44,2024-03-17,489,5,Online,PayPal,COUPON9-0Z,6.61,AUD
230526,2024-03-17T00:10:39,2024-03-17,632,20,Retail,Credit Card,COUPONAZA9,11.43,AUD
230569,2024-03-17T21:13:32,2024-03-17,773,24,Retail,Credit Card,COUPON99A-,4.92,AUD
230581,2024-03-17T10:59:16,2024-03-17,460,9,Retail,Credit Card,COUPONZ-90,0.66,AUD
230752,2024-03-17T03:02:38,2024-03-17,133,45,Retail,Afterpay,COUPONZ-Z0,14.93,AUD
230834,2024-03-17T05:28:28,2024-03-17,481,28,Online,PayPal,COUPON--A0,7.05,AUD
230863,2024-03-17T21:33:08,2024-03-17,365,12,Retail,PayPal,COUPONZAA9,11.04,AUD
230876,2024-03-17T03:40:06,2024-03-17,780,25,Retail,Afterpay,COUPON9A9-,15.22,AUD
230901,2024-03-17T08:45:12,2024-03-17,325,26,Online,PayPal,COUPON00ZA,5.81,AUD
230976,2024-03-17T12:31:49,2024-03-17,433,38,Online,Afterpay,COUPONA9A9,5.33,AUD
230986,2024-03-17T07:20:04,2024-03-17,10,11,Online,Credit Card,COUPONAAAZ,9.7,AUD
231026,2024-03-17T08:52:27,2024-03-17,145,7,Retail,Credit Card,COUPON-9-Z,16.4,AUD
231145,2024-03-17T08:03:33,2024-03-17,739,4,Retail,Afterpay,COUPON-0-0,5.95,AUD
231197,2024-03-17T11:04:43,2024-03-17,389,31,Online,PayPal,COUPON0A--,11.32,AUD
231216,2024-03-17T23:36:38,2024-03-17,523,46,Online,Credit Card,COUPONAAA0,8.59,AUD
231243,2024-03-17T14:17:34,2024-03-17,45,17,Retail,Afterpay,COUPON-9-A,4.25,AUD
231416,2024-03-17T18:08:13,2024-03-17,521,24,Retail,Afterpay,COUPON-A99,11.17,AUD
231612,2024-03-17T17:19:33,2024-03-17,513,45,Retail,Afterpay,COUPON0-0-,17.64,AUD
231718,2024-03-17T07:46:46,2024-03-17,308,20,Online,Afterpay,COUPONZ9A0,15.74,AUD
231824,2024-03-17T15:25:04,2024-03-17,417,15,Retail,Credit Card,COUPON-Z9A,10.26,AUD
231862,2024-03-17T15:27:11,2024-03-17,431,47,Online,Credit Card,COUPON9Z-0,15.83,AUD
231985,2024-03-17T11:09:33,2024-03-17,374,17,Online,PayPal,COUPON-Z-9,7.56,AUD
232045,2024-03-17T07:43:47,2024-03-17,159,17,Retail,Credit Card,COUPON9Z--,3.86,AUD
232179,2024-03-17T03:52:55,2024-03-17,91,7,Retail,Credit Card,COUPON90A0,13.61,AUD
232474,2024-03-17T11:17:39,2024-03-17,336,22,Retail,Afterpay,COUPON-0-9,6.72,AUD
232493,2024-03-17T06:21:07,2024-03-17,141,11,Online,Credit Card,COUPONA9-9,18.54,AUD
232495,2024-03-17T05:51:07,2024-03-17,634,39,Retail,PayPal,COUPON---A,18.92,AUD
232536,2024-03-17T14:38:28,2024-03-17,656,3,Online,Credit Card,COUPON-990,18.12,AUD
232550,2024-03-17T02:16:58,2024-03-17,208,32,Online,PayPal,COUPONZ9ZZ,15.39,AUD
232570,2024-03-17T06:06:51,2024-03-17,710,17,Retail,PayPal,COUPON9-Z9,4.04,AUD
232606,2024-03-17T00:48:24,2024-03-17,19,21,Retail,PayPal,COUPON0A9Z,1.89,AUD
232608,2024-03-17T00:32:30,2024-03-17,547,38,Retail,Afterpay,COUPONZZ-9,11.1,AUD
232812,2024-03-17T09:50:54,2024-03-17,572,48,Retail,Credit Card,COUPON0---,1.69,AUD
232932,2024-03-17T23:22:51,2024-03-17,724,24,Retail,Afterpay,COUPON---A,11.11,AUD
233109,2024-03-17T13:52:55,2024-03-17,132,35,Online,PayPal,COUPONA0A0,4.02,AUD
233309,2024-03-17T11:12:43,2024-03-17,582,35,Online,PayPal,COUPON9990,15.93,AUD
233320,2024-03-17T00:26:38,2024-03-17,107,20,Retail,Credit Card,COUPONAZ9-,18.04,AUD
233384,2024-03-17T05:49:17,2024-03-17,157,14,Online,Afterpay,COUPONZAZ-,3.59,AUD
233471,2024-03-17T03:44:17,2024-03-17,312,42,Retail,PayPal,COUPON0--9,18.29,AUD
233722,2024-03-17T13:52:06,2024-03-17,223,14,Retail,Afterpay,COUPON0A--,1.12,AUD
233803,2024-03-17T20:25:22,2024-03-17,203,16,Online,Afterpay,COUPONZZ--,7.25,AUD
233872,2024-03-17T11:17:24,2024-03-17,288,44,Online,PayPal,COUPON-90A,10.52,AUD
233941,2024-03-17T01:22:13,2024-03-17,95,46,Retail,Afterpay,COUPON--0-,14.64,AUD
233947,2024-03-17T05:40:58,2024-03-17,400,26,Online,PayPal,COUPONZZ0Z,2.36,AUD
233979,2024-03-17T06:18:06,2024-03-17,764,15,Online,PayPal,COUPON9---,0.25,AUD
234267,2024-03-17T10:45:21,2024-03-17,219,24,Online,Credit Card,COUPON-A9Z,5.17,AUD
234386,2024-03-17T03:13:05,2024-03-17,650,17,Online,Afterpay,COUPON0Z--,17.26,AUD
234413,2024-03-17T21:15:45,2024-03-17,776,5,Online,Credit Card,COUPON--ZZ,4.13,AUD
234437,2024-03-17T19:58:07,2024-03-17,204,19,Retail,Afterpay,COUPON90--,16.25,AUD
234516,2024-03-17T04:38:27,2024-03-17,670,6,Online,Credit Card,COUPON0---,6.03,AUD
234719,2024-03-17T14:13:53,2024-03-17,30,38,Retail,Credit Card,COUPON9A99,17.39,AUD
234737,2024-03-17T01:58:25,2024-03-17,753,24,Retail,PayPal,COUPON90-A,4.26,AUD
234765,2024-03-17T11:06:00,2024-03-17,300,36,Retail,Credit Card,COUPONZ0Z-,7.75,AUD
234854,2024-03-17T08:12:15,2024-03-17,97,9,Retail,Afterpay,COUPON--ZA,1.69,AUD
234954,2024-03-17T20:32:02,2024-03-17,497,26,Retail,Credit Card,COUPON0A9-,11.22,AUD
235058,2024-03-17T21:50:28,2024-03-17,513,35,Online,Afterpay,COUPON0AAZ,13.73,AUD
235244,2024-03-17T12:05:17,2024-03-17,419,37,Retail,Credit Card,COUPON----,11.51,AUD
235322,2024-03-17T12:32:47,2024-03-17,328,45,Online,Afterpay,COUPON-9--,13.16,AUD
235455,2024-03-17T19:09:39,2024-03-17,509,25,Online,Afterpay,COUPON--9-,1.03,AUD
235612,2024-03-17T06:46:01,2024-03-17,161,28,Retail,Credit Card,COUPONA-A9,2.35,AUD
235774,2024-03-17T08:33:43,2024-03-17,483,2,Retail,PayPal,COUPONZAA-,4.59,AUD
235780,2024-03-17T17:48:01,2024-03-17,141,49,Retail,PayPal,COUPONAZ--,11.27,AUD
235879,2024-03-17T16:33:49,2024-03-17,72,29,Retail,PayPal,COUPON999-,15.92,AUD
236335,2024-03-17T05:54:39,2024-03-17,573,1,Retail,Credit Card,COUPON--AA,11.98,AUD
236534,2024-03-17T00:04:25,2024-03-17,54,18,Retail,PayPal,COUPON0Z0-,18.2,AUD
236542,2024-03-17T04:53:02,2024-03-17,735,41,Retail,Credit Card,COUPON-Z9Z,10.82,AUD
236567,2024-03-17T00:42:25,2024-03-17,205,4,Online,Credit Card,COUPON0ZZA,1.0,AUD
236653,2024-03-17T07:22:26,2024-03-17,71,25,Retail,Afterpay,COUPONA---,9.89,AUD
236696,2024-03-17T19:37:53,2024-03-17,135,6,Online,Credit Card,COUPONA-9Z,17.6,AUD
236752,2024-03-17T16:06:43,2024-03-17,687,3,Retail,PayPal,COUPONA-0Z,13.4,AUD
236816,2024-03-17T15:07:53,2024-03-17,728,30,Online,PayPal,COUPON90-0,15.16,AUD
236985,2024-03-17T16:47:01,2024-03-17,102,15,Retail,PayPal,COUPON9---,7.66,AUD
237015,2024-03-17T08:48:55,2024-03-17,674,27,Retail,Afterpay,COUPONZ0-Z,15.04,AUD
237139,2024-03-17T08:08:37,2024-03-17,490,5,Retail,Afterpay,COUPONZZZZ,7.02,AUD
237201,2024-03-17T11:52:01,2024-03-17,663,30,Online,Credit Card,COUPON000Z,0.9,AUD
237224,2024-03-17T18:37:28,2024-03-17,501,33,Retail,Credit Card,COUPON0Z-9,8.84,AUD
237282,2024-03-17T07:43:07,2024-03-17,248,20,Retail,Afterpay,COUPON0Z-A,12.16,AUD
237289,2024-03-17T00:11:24,2024-03-17,483,29,Online,Credit Card,COUPON-0A9,9.66,AUD
237301,2024-03-17T19:23:45,2024-03-17,367,8,Online,PayPal,COUPONA-Z-,0.54,AUD
237382,2024-03-17T00:19:51,2024-03-17,319,21,Retail,Credit Card,COUPONZ9--,10.5,AUD
237384,2024-03-17T08:10:40,2024-03-17,443,13,Online,Credit Card,COUPON0-A0,7.1,AUD
237408,2024-03-17T05:02:41,2024-03-17,439,38,Online,Afterpay,COUPON----,15.04,AUD
237592,2024-03-17T17:39:45,2024-03-17,67,45,Online,PayPal,COUPON0-0-,2.04,AUD
237602,2024-03-17T13:06:43,2024-03-17,309,30,Retail,PayPal,COUPON-09-,12.13,AUD
237644,2024-03-17T22:44:04,2024-03-17,411,19,Retail,PayPal,COUPONA90Z,11.8,AUD
237667,2024-03-17T04:13:16,2024-03-17,367,39,Online,Credit Card,COUPON0-9A,8.11,AUD
237768,2024-03-17T16:27:40,2024-03-17,606,47,Online,PayPal,COUPONA0--,13.62,AUD
237806,2024-03-17T16:44:30,2024-03-17,136,15,Online,Credit Card,COUPON0---,6.36,AUD
237811,2024-03-17T02:24:55,2024-03-17,64,16,Online,PayPal,COUPON99AZ,3.76,AUD
237909,2024-03-17T00:28:18,2024-03-17,137,21,Online,PayPal,COUPON99-A,5.69,AUD
237981,2024-03-17T19:33:45,2024-03-17,577,9,Retail,PayPal,COUPON-90A,15.33,AUD
237994,2024-03-17T11:50:45,2024-03-17,543,27,Online,Credit Card,COUPON-AA-,5.0,AUD
237998,2024-03-17T00:33:07,2024-03-17,752,1,Online,Credit Card,COUPONA9--,10.52,AUD
238062,2024-03-17T11:09:32,2024-03-17,33,2,Online,Afterpay,COUPON0-A-,11.04,AUD
238141,2024-03-17T04:24:48,2024-03-17,345,3,Online,Afterpay,COUPON9ZZ-,18.27,AUD
238181,2024-03-17T23:17:53,2024-03-17,42,21,Retail,Afterpay,COUPON-9--,13.83,AUD
238347,2024-03-17T15:06:15,2024-03-17,61,47,Retail,Credit Card,COUPON009Z,19.11,AUD
238394,2024-03-17T08:08:29,2024-03-17,280,35,Online,Credit Card,COUPONZ-9-,15.41,AUD
238420,2024-03-17T03:56:48,2024-03-17,565,22,Retail,Afterpay,COUPONZZZ0,1.97,AUD
238495,2024-03-17T18:31:35,2024-03-17,444,2,Retail,Afterpay,COUPONZ00Z,6.95,AUD
238757,2024-03-17T16:19:39,2024-03-17,462,29,Online,Credit Card,COUPON--A9,19.89,AUD
238801,2024-03-17T04:47:30,2024-03-17,602,35,Online,Credit Card,COUPONA9ZZ,13.61,AUD
238942,2024-03-17T11:36:59,2024-03-17,199,28,Retail,Afterpay,COUPON9090,20.0,AUD
238971,2024-03-17T05:50:56,2024-03-17,448,47,Online,PayPal,COUPON0-AZ,0.02,AUD
239075,2024-03-17T05:35:39,2024-03-17,302,34,Retail,Afterpay,COUPON-Z-A,8.68,AUD
239480,2024-03-17T19:38:03,2024-03-17,318,24,Retail,Credit Card,COUPON-0ZA,10.09,AUD
239559,2024-03-17T09:28:08,2024-03-17,518,47,Online,PayPal,COUPONAAA9,18.0,AUD
239739,2024-03-17T10:16:27,2024-03-17,599,22,Online,Credit Card,COUPON-90A,8.99,AUD
239756,2024-03-17T20:19:05,2024-03-17,302,23,Retail,PayPal,COUPONA-9-,19.77,AUD
240131,2024-03-17T21:41:03,2024-03-17,780,1,Retail,PayPal,COUPON0---,3.14,AUD
240147,2024-03-17T02:40:55,2024-03-17,798,40,Retail,Credit Card,COUPON-00A,18.59,AUD
240177,2024-03-17T22:52:40,2024-03-17,657,13,Online,Afterpay,COUPONA0--,3.75,AUD
240235,2024-03-17T04:19:25,2024-03-17,191,42,Retail,PayPal,COUPON99A0,6.9,AUD
240252,2024-03-17T12:14:11,2024-03-17,105,26,Online,PayPal,COUPON900Z,11.42,AUD
240309,2024-03-17T02:45:12,2024-03-17,636,43,Retail,Afterpay,COUPON-900,15.75,AUD
240388,2024-03-17T00:26:46,2024-03-17,521,40,Online,Credit Card,COUPON-0-Z,13.7,AUD
240406,2024-03-17T12:30:52,2024-03-17,224,32,Retail,Credit Card,COUPON-9Z-,12.36,AUD
240481,2024-03-17T16:20:47,2024-03-17,235,32,Retail,Credit Card,COUPONA90-,3.24,AUD
240664,2024-03-17T15:53:39,2024-03-17,773,34,Online,Afterpay,COUPON-A0A,2.3,AUD
240667,2024-03-17T22:12:07,2024-03-17,35,5,Retail,Afterpay,COUPON0---,11.53,AUD
240702,2024-03-17T16:13:21,2024-03-17,685,5,Online,Credit Card,COUPON-0--,3.84,AUD
240738,2024-03-17T11:57:45,2024-03-17,271,48,Online,Afterpay,COUPON00ZA,5.08,AUD
240794,2024-03-17T01:44:27,2024-03-17,619,45,Retail,Afterpay,COUPONZ-00,9.12,AUD
240847,2024-03-17T17:05:37,2024-03-17,536,43,Online,Afterpay,COUPON-Z00,10.05,AUD
240877,2024-03-17T04:23:12,2024-03-17,621,13,Online,Credit Card,COUPON--0A,3.49,AUD
240949,2024-03-17T10:28:21,2024-03-17,32,19,Retail,Credit Card,COUPON--0A,12.84,AUD
241003,2024-03-17T10:06:32,2024-03-17,784,13,Retail,Afterpay,COUPON9---,6.3,AUD
241112,2024-03-17T17:37:29,2024-03-17,690,39,Retail,PayPal,COUPONZZZA,2.14,AUD
241199,2024-03-17T20:31:27,2024-03-17,120,38,Retail,Credit Card,COUPONA0-A,1.22,AUD
241404,2024-03-17T15:01:26,2024-03-17,581,21,Online,Afterpay,COUPONZA99,3.43,AUD
241426,2024-03-17T21:52:45,2024-03-17,591,32,Online,PayPal,COUPON-9-9,13.73,AUD
241435,2024-03-17T11:51:08,2024-03-17,576,13,Retail,Afterpay,COUPONZ99A,2.9,AUD
241484,2024-03-17T23:41:16,2024-03-17,631,46,Online,Afterpay,COUPONA090,16.78,AUD
241639,2024-03-17T16:20:50,2024-03-17,616,16,Online,Afterpay,COUPON9-9-,10.23,AUD
241642,2024-03-17T13:20:47,2024-03-17,98,38,Retail,PayPal,COUPON0Z-A,12.23,AUD
241666,2024-03-17T23:45:10,2024-03-17,357,1,Retail,Afterpay,COUPON-0Z-,2.8,AUD
241724,2024-03-17T01:52:12,2024-03-17,381,16,Retail,PayPal,COUPON-90A,17.49,AUD
241817,2024-03-17T23:50:41,2024-03-17,576,13,Online,Credit Card,COUPON--09,6.75,AUD
241880,2024-03-17T02:02:42,2024-03-17,288,11,Online,Afterpay,COUPON9-0Z,2.94,AUD
241896,2024-03-17T22:56:52,2024-03-17,545,43,Retail,Credit Card,COUPONZZ9-,15.6,AUD
241971,2024-03-17T02:04:06,2024-03-17,666,33,Online,Afterpay,COUPON9A0Z,1.26,AUD
242016,2024-03-17T09:35:21,2024-03-17,155,15,Retail,Credit Card,COUPONZZ-0,2.37,AUD
242194,2024-03-17T22:46:43,2024-03-17,745,36,Online,Credit Card,COUPONA99A,10.95,AUD
242195,2024-03-17T01:59:08,2024-03-17,171,28,Retail,Credit Card,COUPONZA-A,9.22,AUD
242226,2024-03-17T22:28:23,2024-03-17,442,35,Online,Credit Card,COUPON0000,11.77,AUD
242348,2024-03-17T22:49:25,2024-03-17,527,48,Online,Afterpay,COUPONZAZ0,15.78,AUD
242667,2024-03-17T15:59:04,2024-03-17,561,45,Online,PayPal,COUPON--0A,1.11,AUD
242696,2024-03-17T07:57:36,2024-03-17,481,35,Retail,Afterpay,COUPON9Z-0,18.36,AUD
242709,2024-03-17T08:55:30,2024-03-17,645,9,Retail,PayPal,COUPONZ900,12.7,AUD
242820,2024-03-17T04:00:31,2024-03-17,330,29,Retail,Afterpay,COUPONA9-A,2.79,AUD
242940,2024-03-17T14:03:45,2024-03-17,367,10,Online,Afterpay,COUPON0ZZ9,18.74,AUD
243005,2024-03-17T23:11:27,2024-03-17,610,37,Online,PayPal,COUPON--A-,7.52,AUD
243155,2024-03-17T09:06:55,2024-03-17,543,16,Retail,Credit Card,COUPON0Z9Z,15.41,AUD
243230,2024-03-17T05:36:49,2024-03-17,445,32,Retail,Afterpay,COUPON--AA,6.46,AUD
243232,2024-03-17T00:01:21,2024-03-17,634,24,Online,Credit Card,COUPON0Z0A,3.17,AUD
243374,2024-03-17T18:58:36,2024-03-17,490,16,Retail,Afterpay,COUPON-ZZ-,17.39,AUD
243402,2024-03-17T16:16:26,2024-03-17,754,28,Online,Credit Card,COUPON9-AZ,17.77,AUD
243451,2024-03-17T15:00:11,2024-03-17,374,41,Retail,Afterpay,COUPONZ0A0,10.48,AUD
243606,2024-03-17T13:47:48,2024-03-17,405,31,Retail,Afterpay,COUPONA99Z,6.48,AUD
243649,2024-03-17T21:24:12,2024-03-17,717,3,Retail,Credit Card,COUPONZZ09,17.83,AUD
243718,2024-03-17T21:39:55,2024-03-17,220,35,Retail,Credit Card,COUPONZ-9-,0.43,AUD
243920,2024-03-17T19:20:26,2024-03-17,329,11,Retail,Credit Card,COUPONA-AA,16.91,AUD
244007,2024-03-17T10:01:01,2024-03-17,442,21,Online,Afterpay,COUPONA9ZZ,10.8,AUD
244015,2024-03-17T05:34:00,2024-03-17,399,39,Online,Afterpay,COUPON9AZ-,3.62,AUD
244129,2024-03-17T04:25:48,2024-03-17,216,8,Online,Afterpay,COUPON--9A,9.87,AUD
244131,2024-03-17T15:43:16,2024-03-17,720,12,Retail,Afterpay,COUPON0-90,9.14,AUD
244142,2024-03-17T03:57:54,2024-03-17,434,13,Retail,PayPal,COUPON-A--,0.22,AUD
244191,2024-03-17T00:16:14,2024-03-17,165,16,Retail,PayPal,COUPON-A99,3.28,AUD
244263,2024-03-17T11:41:46,2024-03-17,430,23,Retail,Afterpay,COUPONAZ9Z,14.36,AUD
244281,2024-03-17T12:04:52,2024-03-17,456,19,Online,Credit Card,COUPON-A00,0.05,AUD
244343,2024-03-17T23:13:03,2024-03-17,582,20,Retail,Credit Card,COUPON-Z9-,19.83,AUD
244394,2024-03-17T04:08:59,2024-03-17,797,43,Retail,PayPal,COUPON9--0,4.41,AUD
244428,2024-03-17T11:42:33,2024-03-17,163,46,Retail,Afterpay,COUPON-AZ9,14.5,AUD
244498,2024-03-17T09:33:40,2024-03-17,81,45,Online,Afterpay,COUPONA---,14.33,AUD
244629,2024-03-17T18:15:09,2024-03-17,671,22,Online,Afterpay,COUPON0Z--,15.32,AUD
244636,2024-03-17T06:50:14,2024-03-17,602,1,Online,Afterpay,COUPONZ09-,5.77,AUD
244752,2024-03-17T03:37:58,2024-03-17,203,25,Retail,Afterpay,COUPON-9AZ,15.9,AUD
244806,2024-03-17T16:41:16,2024-03-17,706,11,Retail,Credit Card,COUPON0ZA-,0.86,AUD
244841,2024-03-17T20:04:29,2024-03-17,454,33,Retail,Afterpay,COUPON90Z-,14.82,AUD
244987,2024-03-17T03:51:03,2024-03-17,62,20,Online,PayPal,COUPONA-A9,6.42,AUD
244991,2024-03-17T16:38:16,2024-03-17,188,41,Retail,PayPal,COUPONZA09,9.45,AUD
245037,2024-03-17T02:33:20,2024-03-17,358,49,Retail,Afterpay,COUPONZ-A0,12.17,AUD
245122,2024-03-17T19:22:33,2024-03-17,229,8,Online,Credit Card,COUPON-Z-A,2.18,AUD
245274,2024-03-17T00:39:42,2024-03-17,614,42,Retail,Afterpay,COUPONA---,10.0,AUD
245363,2024-03-17T12:15:26,2024-03-17,126,46,Online,Afterpay,COUPON-0-A,7.31,AUD
245389,2024-03-17T17:12:21,2024-03-17,406,12,Retail,Afterpay,COUPON--Z-,14.57,AUD
245413,2024-03-17T01:21:06,2024-03-17,540,10,Retail,PayPal,COUPON--09,19.71,AUD
245465,2024-03-17T22:55:45,2024-03-17,777,30,Retail,PayPal,COUPON-999,18.53,AUD
245537,2024-03-17T23:46:48,2024-03-17,732,38,Retail,Credit Card,COUPONZ-00,6.93,AUD
245572,2024-03-17T00:41:32,2024-03-17,506,36,Retail,PayPal,COUPON9-Z-,14.15,AUD
245676,2024-03-17T10:02:04,2024-03-17,589,46,Online,PayPal,COUPONZ-A-,6.67,AUD
245697,2024-03-17T15:44:01,2024-03-17,277,18,Online,Afterpay,COUPONZ099,1.99,AUD
245831,2024-03-17T08:03:51,2024-03-17,113,34,Online,Afterpay,COUPON9-Z0,1.18,AUD
245842,2024-03-17T22:25:27,2024-03-17,198,10,Retail,Afterpay,COUPON909-,2.9,AUD
245894,2024-03-17T13:01:48,2024-03-17,144,34,Online,Afterpay,COUPON-0Z0,9.15,AUD
245957,2024-03-17T00:14:20,2024-03-17,620,46,Online,Credit Card,COUPON-00-,0.95,AUD
246009,2024-03-17T16:51:56,2024-03-17,417,1,Retail,PayPal,COUPON9AZ9,5.77,AUD
246175,2024-03-17T10:39:12,2024-03-17,222,5,Retail,Afterpay,COUPON99--,8.19,AUD
246270,2024-03-17T11:55:50,2024-03-17,342,14,Retail,Credit Card,COUPON---0,6.98,AUD
246339,2024-03-17T23:57:58,2024-03-17,421,34,Retail,PayPal,COUPON09-Z,17.96,AUD
246416,2024-03-17T08:00:17,2024-03-17,131,40,Retail,Afterpay,COUPON--00,8.4,AUD
246633,2024-03-17T01:00:37,2024-03-17,634,2,Online,Credit Card,COUPONA-Z9,13.14,AUD
246645,2024-03-17T10:08:44,2024-03-17,403,47,Online,Credit Card,COUPON0-9A,12.88,AUD
246946,2024-03-17T00:49:45,2024-03-17,121,11,Retail,Afterpay,COUPON0-0Z,19.84,AUD
247011,2024-03-17T23:33:04,2024-03-17,603,14,Online,PayPal,COUPONA--A,3.9,AUD
247093,2024-03-17T17:05:28,2024-03-17,194,24,Retail,Afterpay,COUPON9000,14.1,AUD
247202,2024-03-17T20:43:07,2024-03-17,370,9,Online,PayPal,COUPON-Z-A,14.95,AUD
247795,2024-03-17T00:33:54,2024-03-17,365,2,Online,Credit Card,COUPON0---,15.99,AUD
248097,2024-03-17T15:23:41,2024-03-17,441,26,Retail,PayPal,COUPON--A-,4.18,AUD
248120,2024-03-17T21:58:15,2024-03-17,272,23,Online,PayPal,COUPONA-A9,7.19,AUD
248165,2024-03-17T08:52:19,2024-03-17,785,24,Retail,Afterpay,COUPON-0Z-,16.08,AUD
248291,2024-03-17T22:47:54,2024-03-17,701,47,Online,Afterpay,COUPON9Z--,15.79,AUD
248464,2024-03-17T09:23:42,2024-03-17,130,11,Online,Credit Card,COUPONA--0,16.58,AUD
248577,2024-03-17T21:13:47,2024-03-17,557,2,Retail,Afterpay,COUPON9A0-,5.15,AUD
248597,2024-03-17T17:01:15,2024-03-17,124,3,Online,PayPal,COUPON--9A,14.24,AUD
248724,2024-03-17T20:21:46,2024-03-17,589,32,Retail,Credit Card,COUPON--Z9,15.93,AUD
248729,2024-03-17T16:37:25,2024-03-17,487,27,Online,Credit Card,COUPON90-Z,7.7,AUD
248845,2024-03-17T06:09:10,2024-03-17,252,13,Online,Credit Card,COUPON9-Z9,0.56,AUD
248867,2024-03-17T18:47:01,2024-03-17,440,18,Online,PayPal,COUPON-ZZZ,9.87,AUD
248874,2024-03-17T16:04:52,2024-03-17,629,16,Online,PayPal,COUPON-A99,4.37,AUD
248913,2024-03-17T09:46:07,2024-03-17,506,46,Online,Credit Card,COUPON-900,12.43,AUD
248923,2024-03-17T14:04:06,2024-03-17,488,45,Retail,Afterpay,COUPONZ9ZZ,14.54,AUD
248964,2024-03-17T20:24:43,2024-03-17,596,27,Online,PayPal,COUPON90ZZ,14.65,AUD
249053,2024-03-17T15:27:42,2024-03-17,561,39,Retail,Credit Card,COUPON0A9Z,6.69,AUD
249099,2024-03-17T18:32:45,2024-03-17,647,26,Online,PayPal,COUPON-9-0,2.2,AUD
249150,2024-03-17T05:45:41,2024-03-17,269,40,Retail,PayPal,COUPONZ0-0,7.17,AUD
249269,2024-03-17T06:14:02,2024-03-17,87,47,Retail,PayPal,COUPON-ZA0,8.26,AUD
249412,2024-03-17T12:34:28,2024-03-17,512,38,Retail,PayPal,COUPON9AA-,17.7,AUD
249417,2024-03-17T21:48:19,2024-03-17,591,34,Online,Afterpay,COUPON--9Z,12.12,AUD
249667,2024-03-17T18:30:33,2024-03-17,403,14,Retail,Afterpay,COUPON9AZ-,10.15,AUD
249675,2024-03-17T01:32:12,2024-03-17,363,16,Retail,Credit Card,COUPON----,18.93,AUD
249693,2024-03-17T01:47:24,2024-03-17,692,35,Retail,PayPal,COUPONAZA9,15.65,AUD
249903,2024-03-17T10:43:42,2024-03-17,44,22,Retail,Afterpay,COUPON9Z-0,13.31,AUD
250116,2024-03-17T21:22:39,2024-03-17,30,37,Online,PayPal,COUPON-9-0,7.68,AUD
250476,2024-03-17T09:45:51,2024-03-17,29,9,Online,Credit Card,COUPON09Z0,6.95,AUD
250492,2024-03-17T15:53:31,2024-03-17,347,30,Retail,Afterpay,COUPON--A0,9.7,AUD
250580,2024-03-17T17:01:33,2024-03-17,631,5,Retail,PayPal,COUPONA-Z-,12.28,AUD
250607,2024-03-17T00:18:03,2024-03-17,289,1,Online,Afterpay,COUPONA9Z9,1.64,AUD
250609,2024-03-17T13:04:49,2024-03-17,428,44,Online,Afterpay,COUPONAZ-0,16.09,AUD
250685,2024-03-17T02:00:08,2024-03-17,580,25,Retail,Credit Card,COUPON99-A,2.42,AUD
250761,2024-03-17T09:02:39,2024-03-17,326,40,Online,Afterpay,COUPON09-0,12.43,AUD
250828,2024-03-17T13:32:29,2024-03-17,447,9,Retail,Credit Card,COUPONAZ0-,7.96,AUD
250852,2024-03-17T20:55:17,2024-03-17,512,38,Retail,PayPal,COUPON-0A0,19.97,AUD
250871,2024-03-17T14:58:15,2024-03-17,79,23,Online,Afterpay,COUPON-09-,0.81,AUD
250975,2024-03-17T04:53:56,2024-03-17,232,7,Online,Credit Card,COUPON-ZZ9,16.38,AUD
251027,2024-03-17T10:02:43,2024-03-17,158,27,Online,Credit Card,COUPONZZ-A,14.39,AUD
251160,2024-03-17T20:39:13,2024-03-17,359,41,Online,Credit Card,COUPON-09Z,13.77,AUD
251217,2024-03-17T11:11:38,2024-03-17,115,42,Retail,Afterpay,COUPONZZ-Z,7.26,AUD
251254,2024-03-17T22:29:55,2024-03-17,352,16,Online,PayPal,COUPON-909,13.5,AUD
251294,2024-03-17T07:55:47,2024-03-17,601,5,Online,Credit Card,COUPON0-A-,9.69,AUD
251296,2024-03-17T20:56:27,2024-03-17,479,36,Online,Credit Card,COUPON----,9.42,AUD
251433,2024-03-17T02:53:27,2024-03-17,415,17,Online,Afterpay,COUPONZ9-0,6.04,AUD
251465,2024-03-17T02:57:43,2024-03-17,151,2,Retail,PayPal,COUPON0ZZ-,19.86,AUD
251505,2024-03-17T20:48:24,2024-03-17,351,3,Online,Credit Card,COUPONA0AA,4.53,AUD
251510,2024-03-17T02:42:37,2024-03-17,157,7,Online,PayPal,COUPONA9-Z,3.4,AUD
251542,2024-03-17T18:27:23,2024-03-17,552,1,Online,Credit Card,COUPON--A0,19.28,AUD
251570,2024-03-17T20:14:38,2024-03-17,95,46,Online,PayPal,COUPON-AA9,16.22,AUD
251580,2024-03-17T14:45:58,2024-03-17,60,22,Online,Credit Card,COUPONZ0Z0,11.4,AUD
251626,2024-03-17T00:54:38,2024-03-17,619,45,Online,PayPal,COUPON-Z09,10.77,AUD
251658,2024-03-17T16:54:41,2024-03-17,324,28,Retail,Afterpay,COUPON9ZA0,5.91,AUD
251666,2024-03-17T13:00:52,2024-03-17,350,13,Online,Credit Card,COUPONZ-00,9.25,AUD
251756,2024-03-17T21:47:15,2024-03-17,471,26,Online,PayPal,COUPON0--A,14.82,AUD
251767,2024-03-17T00:44:20,2024-03-17,46,7,Online,Credit Card,COUPONZ9--,17.94,AUD
252041,2024-03-17T14:21:53,2024-03-17,270,41,Retail,PayPal,COUPONAZ--,4.03,AUD
252084,2024-03-17T02:09:46,2024-03-17,341,49,Retail,Afterpay,COUPONZZ0-,18.51,AUD
252116,2024-03-17T15:50:05,2024-03-17,633,25,Online,Afterpay,COUPON-0--,3.64,AUD
252135,2024-03-17T09:13:27,2024-03-17,189,17,Retail,PayPal,COUPONA090,7.91,AUD
252138,2024-03-17T21:57:12,2024-03-17,524,20,Online,Credit Card,COUPONZ-0-,11.66,AUD
252148,2024-03-17T06:37:18,2024-03-17,62,4,Online,Credit Card,COUPONAAZ0,6.74,AUD
252158,2024-03-17T17:30:10,2024-03-17,294,16,Retail,Credit Card,COUPONZZ-Z,17.67,AUD
252166,2024-03-17T15:54:55,2024-03-17,652,47,Retail,PayPal,COUPON-A-A,4.41,AUD
252167,2024-03-17T04:52:45,2024-03-17,122,27,Online,Afterpay,COUPON990-,15.49,AUD
252193,2024-03-17T21:16:30,2024-03-17,55,30,Retail,PayPal,COUPON--AZ,18.52,AUD
252210,2024-03-17T12:01:18,2024-03-17,121,21,Online,Afterpay,COUPONAZ99,3.65,AUD
252384,2024-03-17T02:59:12,2024-03-17,488,7,Retail,PayPal,COUPON-0Z-,15.52,AUD
252764,2024-03-17T12:27:53,2024-03-17,297,25,Online,PayPal,COUPON-AA9,5.8,AUD
252779,2024-03-17T10:20:41,2024-03-17,576,27,Online,Afterpay,COUPON---0,3.38,AUD
252852,2024-03-17T20:18:59,2024-03-17,33,41,Online,Credit Card,COUPON0-Z9,17.61,AUD
252877,2024-03-17T09:11:35,2024-03-17,557,12,Online,Credit Card,COUPON-9-Z,19.14,AUD
253027,2024-03-17T21:47:06,2024-03-17,65,36,Retail,Afterpay,COUPON9Z90,14.01,AUD
253339,2024-03-17T20:20:35,2024-03-17,235,2,Online,PayPal,COUPON-A99,15.11,AUD
253395,2024-03-17T19:36:14,2024-03-17,558,6,Online,Credit Card,COUPON99-A,16.06,AUD
253464,2024-03-17T16:30:23,2024-03-17,462,10,Retail,Credit Card,COUPON0Z0A,13.33,AUD
253579,2024-03-17T08:15:21,2024-03-17,665,30,Online,PayPal,COUPON-AZ-,11.75,AUD
253583,2024-03-17T08:13:45,2024-03-17,333,30,Retail,Afterpay,COUPON9009,12.76,AUD
253595,2024-03-17T01:04:18,2024-03-17,215,41,Online,PayPal,COUPONZ0-9,9.24,AUD
253652,2024-03-17T12:57:22,2024-03-17,365,47,Online,Credit Card,COUPON9Z9Z,18.53,AUD
253684,2024-03-17T22:55:54,2024-03-17,24,1,Retail,Afterpay,COUPON0---,11.6,AUD
253779,2024-03-17T23:59:44,2024-03-17,41,20,Online,PayPal,COUPON---0,19.38,AUD
253784,2024-03-17T03:29:11,2024-03-17,54,43,Online,PayPal,COUPON9Z0Z,5.59,AUD
253812,2024-03-17T10:34:01,2024-03-17,469,46,Online,PayPal,COUPONA9Z0,5.86,AUD
253951,2024-03-17T09:31:52,2024-03-17,8,23,Online,Afterpay,COUPON-A90,5.78,AUD
253960,2024-03-17T04:12:08,2024-03-17,720,16,Retail,Afterpay,COUPON9A--,19.36,AUD
253988,2024-03-17T05:33:30,2024-03-17,336,25,Online,PayPal,COUPONA0Z9,13.63,AUD
254033,2024-03-17T20:48:23,2024-03-17,412,16,Online,PayPal,COUPONA---,13.98,AUD
254113,2024-03-17T14:00:07,2024-03-17,716,18,Retail,PayPal,COUPONA9A9,8.78,AUD
254324,2024-03-17T22:22:05,2024-03-17,551,49,Online,Credit Card,COUPONZAA0,6.34,AUD
254407,2024-03-17T00:35:09,2024-03-17,243,26,Retail,PayPal,COUPONAA0-,8.45,AUD
254429,2024-03-17T13:26:01,2024-03-17,691,23,Online,PayPal,COUPONAAA-,9.36,AUD
254490,2024-03-17T01:27:45,2024-03-17,771,12,Retail,PayPal,COUPONA9-Z,11.53,AUD
254533,2024-03-17T17:15:37,2024-03-17,575,34,Online,Afterpay,COUPONA-Z-,3.31,AUD
254684,2024-03-17T19:41:14,2024-03-17,394,4,Retail,Credit Card,COUPON9Z09,15.3,AUD
254714,2024-03-17T09:53:06,2024-03-17,286,25,Retail,PayPal,COUPON-0A-,12.24,AUD
254769,2024-03-17T20:27:35,2024-03-17,585,39,Online,Credit Card,COUPONZ-9-,17.65,AUD
254855,2024-03-17T11:59:43,2024-03-17,121,23,Retail,Credit Card,COUPON-Z-0,9.91,AUD
254908,2024-03-17T10:17:21,2024-03-17,311,12,Retail,Afterpay,COUPON-09Z,1.08,AUD
255020,2024-03-17T00:50:16,2024-03-17,433,10,Online,PayPal,COUPON-990,4.74,AUD
255172,2024-03-17T16:38:31,2024-03-17,131,6,Online,Afterpay,COUPON0999,11.88,AUD
255238,2024-03-17T00:09:23,2024-03-17,499,37,Retail,Afterpay,COUPONA-Z0,2.86,AUD
255390,2024-03-17T14:36:44,2024-03-17,54,14,Retail,Credit Card,COUPON9A-0,14.18,AUD
255409,2024-03-17T06:46:55,2024-03-17,458,36,Retail,Credit Card,COUPON-A-Z,16.44,AUD
255644,2024-03-17T22:43:02,2024-03-17,259,46,Retail,PayPal,COUPONA0--,11.83,AUD
255723,2024-03-17T09:45:52,2024-03-17,614,26,Retail,Afterpay,COUPON-0Z0,18.02,AUD
255744,2024-03-17T16:48:08,2024-03-17,246,25,Online,Afterpay,COUPON99--,12.3,AUD
255833,2024-03-17T14:39:21,2024-03-17,351,26,Online,Afterpay,COUPON-9A-,14.52,AUD
255850,2024-03-17T16:35:48,2024-03-17,512,36,Retail,PayPal,COUPONZ0-9,3.07,AUD
255946,2024-03-17T01:36:44,2024-03-17,799,45,Online,PayPal,COUPON-9-9,12.03,AUD
256002,2024-03-17T22:13:37,2024-03-17,188,41,Online,Afterpay,COUPON9Z--,11.67,AUD
256045,2024-03-17T02:23:10,2024-03-17,282,25,Retail,Credit Card,COUPONZ9Z9,4.75,AUD
256050,2024-03-17T00:51:44,2024-03-17,732,47,Retail,Afterpay,COUPONA0Z-,5.49,AUD
256112,2024-03-17T13:41:24,2024-03-17,219,15,Online,Credit Card,COUPON00--,4.14,AUD
256192,2024-03-17T16:00:27,2024-03-17,393,21,Retail,Afterpay,COUPON9Z-Z,17.96,AUD
256220,2024-03-17T14:41:07,2024-03-17,193,10,Retail,Credit Card,COUPONA--A,2.31,AUD
256284,2024-03-17T05:06:42,2024-03-17,227,23,Online,PayPal,COUPONZ0AZ,5.85,AUD
256403,2024-03-17T14:43:19,2024-03-17,479,27,Online,Credit Card,COUPON--Z-,6.73,AUD
256516,2024-03-17T11:05:52,2024-03-17,91,2,Retail,Afterpay,COUPON--00,6.64,AUD
256574,2024-03-17T02:26:45,2024-03-17,493,36,Online,PayPal,COUPONZAAA,16.91,AUD
256816,2024-03-17T23:18:39,2024-03-17,774,45,Online,Credit Card,COUPONAZ9Z,19.29,AUD
256821,2024-03-17T23:26:54,2024-03-17,520,25,Online,Credit Card,COUPON90-0,5.29,AUD
256832,2024-03-17T08:54:30,2024-03-17,443,38,Online,Credit Card,COUPON0--9,13.48,AUD
256992,2024-03-17T23:02:58,2024-03-17,128,26,Retail,Afterpay,COUPONZ0--,12.16,AUD
257141,2024-03-17T06:08:40,2024-03-17,81,19,Online,Afterpay,COUPON0---,3.48,AUD
257162,2024-03-17T02:39:41,2024-03-17,345,33,Retail,Afterpay,COUPONZA99,7.99,AUD
257229,2024-03-17T13:25:56,2024-03-17,764,37,Retail,Credit Card,COUPONZAZ0,19.56,AUD
257347,2024-03-17T12:28:21,2024-03-17,712,46,Online,Afterpay,COUPON99Z9,13.65,AUD
257404,2024-03-17T08:00:48,2024-03-17,1,35,Online,PayPal,COUPON0AA0,17.12,AUD
257531,2024-03-17T15:23:28,2024-03-17,152,7,Online,Credit Card,COUPON99--,5.53,AUD
257546,2024-03-17T09:44:12,2024-03-17,479,11,Online,Afterpay,COUPONA--A,15.45,AUD
257572,2024-03-17T18:11:31,2024-03-17,554,18,Retail,Credit Card,COUPON--A-,18.23,AUD
257629,2024-03-17T09:19:51,2024-03-17,722,31,Retail,Afterpay,COUPON0-A0,10.34,AUD
257662,2024-03-17T06:45:12,2024-03-17,274,46,Online,PayPal,COUPON----,9.7,AUD
257713,2024-03-17T15:52:30,2024-03-17,128,18,Online,Credit Card,COUPON--90,8.96,AUD
257761,2024-03-17T18:27:54,2024-03-17,702,4,Retail,Afterpay,COUPON-Z0-,16.12,AUD
257791,2024-03-17T11:03:48,2024-03-17,339,28,Retail,Afterpay,COUPON99Z-,16.22,AUD
257810,2024-03-17T07:38:47,2024-03-17,285,41,Retail,Afterpay,COUPONA-AA,0.94,AUD
257916,2024-03-17T06:45:27,2024-03-17,559,30,Retail,PayPal,COUPONA9-9,5.83,AUD
257924,2024-03-17T12:14:19,2024-03-17,367,24,Retail,Credit Card,COUPON--Z-,6.67,AUD
258097,2024-03-17T19:36:06,2024-03-17,618,45,Retail,Credit Card,COUPON----,5.45,AUD
258381,2024-03-17T08:37:21,2024-03-17,68,8,Online,Credit Card,COUPON9-0-,18.83,AUD
258760,2024-03-17T15:43:15,2024-03-17,55,4,Online,PayPal,COUPONZ-00,17.6,AUD
258899,2024-03-17T00:12:02,2024-03-17,359,7,Retail,Afterpay,COUPON-Z0Z,18.34,AUD
259085,2024-03-17T15:12:33,2024-03-17,299,6,Online,PayPal,COUPON9-Z-,18.53,AUD
259101,2024-03-17T03:02:34,2024-03-17,378,40,Online,PayPal,COUPON09-A,7.93,AUD
259128,2024-03-17T12:35:28,2024-03-17,738,19,Online,Afterpay,COUPONAAAA,2.79,AUD
259303,2024-03-17T15:02:17,2024-03-17,664,48,Retail,PayPal,COUPON9Z-0,17.88,AUD
259424,2024-03-17T14:20:34,2024-03-17,515,11,Online,PayPal,COUPON-9-A,13.33,AUD
259523,2024-03-17T10:55:59,2024-03-17,1,22,Retail,Credit Card,COUPONA900,5.3,AUD
259624,2024-03-17T14:14:41,2024-03-17,554,25,Online,PayPal,COUPON0A-A,18.44,AUD
259668,2024-03-17T00:06:30,2024-03-17,34,48,Online,Afterpay,COUPONA-A9,19.48,AUD
259686,2024-03-17T21:06:11,2024-03-17,317,27,Online,Credit Card,COUPONZ9--,10.43,AUD
259732,2024-03-17T17:56:50,2024-03-17,271,8,Retail,PayPal,COUPON-99Z,6.86,AUD
259810,2024-03-17T17:49:00,2024-03-17,715,4,Retail,Credit Card,COUPON9-9A,3.39,AUD
259881,2024-03-17T16:46:28,2024-03-17,694,6,Retail,PayPal,COUPON-9Z0,1.65,AUD
259895,2024-03-17T20:43:58,2024-03-17,582,19,Online,Afterpay,COUPONZA09,8.32,AUD
259923,2024-03-17T08:40:36,2024-03-17,197,13,Retail,Afterpay,COUPON9AAA,19.3,AUD
260044,2024-03-17T10:35:49,2024-03-17,396,19,Retail,Afterpay,COUPON9--0,10.64,AUD
260156,2024-03-17T01:22:09,2024-03-17,88,6,Online,Afterpay,COUPON090-,15.87,AUD
260169,2024-03-17T16:52:53,2024-03-17,730,9,Online,Afterpay,COUPON-AZ-,19.94,AUD
260194,2024-03-17T13:08:48,2024-03-17,705,49,Online,PayPal,COUPON--9-,8.48,AUD
260283,2024-03-17T06:23:51,2024-03-17,793,11,Retail,PayPal,COUPON--9-,0.34,AUD
260299,2024-03-17T21:31:03,2024-03-17,229,18,Online,Afterpay,COUPON0ZA0,13.78,AUD
260361,2024-03-17T07:21:13,2024-03-17,462,40,Retail,Afterpay,COUPON----,3.24,AUD
260431,2024-03-17T10:12:35,2024-03-17,114,11,Retail,Credit Card,COUPON-Z--,1.02,AUD
260510,2024-03-17T16:01:41,2024-03-17,545,10,Online,Credit Card,COUPON0A99,13.02,AUD
260625,2024-03-17T09:36:28,2024-03-17,617,26,Retail,Afterpay,COUPON0-Z0,9.32,AUD
260915,2024-03-17T19:15:33,2024-03-17,416,23,Retail,Afterpay,COUPONZZZ9,19.94,AUD
261025,2024-03-17T01:15:56,2024-03-17,494,6,Retail,PayPal,COUPON---0,16.13,AUD
261075,2024-03-17T03:58:16,2024-03-17,75,5,Retail,PayPal,COUPON0-Z9,16.11,AUD
261093,2024-03-17T16:32:42,2024-03-17,52,44,Retail,Afterpay,COUPONAZ-A,6.74,AUD
261115,2024-03-17T16:06:39,2024-03-17,166,23,Online,Credit Card,COUPONAA-A,4.99,AUD
261121,2024-03-17T11:52:22,2024-03-17,234,2,Online,Afterpay,COUPON9-AZ,12.21,AUD
261141,2024-03-17T01:02:25,2024-03-17,30,11,Retail,PayPal,COUPON-Z00,8.14,AUD
261256,2024-03-17T17:23:23,2024-03-17,711,28,Online,Afterpay,COUPON9---,17.68,AUD
261351,2024-03-17T06:40:47,2024-03-17,761,10,Retail,Credit Card,COUPON99-A,9.62,AUD
261639,2024-03-17T14:39:13,2024-03-17,746,24,Online,PayPal,COUPON--A0,1.41,AUD
261640,2024-03-17T19:10:16,2024-03-17,560,20,Retail,Afterpay,COUPONA0--,10.28,AUD
261678,2024-03-17T15:31:02,2024-03-17,157,37,Online,Afterpay,COUPONAZ-Z,4.63,AUD
261713,2024-03-17T06:50:00,2024-03-17,631,31,Retail,PayPal,COUPON009-,6.35,AUD
261960,2024-03-17T13:27:12,2024-03-17,55,3,Retail,PayPal,COUPONA-90,4.13,AUD
261985,2024-03-17T06:18:39,2024-03-17,578,31,Online,Credit Card,COUPON099-,2.21,AUD
262006,2024-03-17T17:04:44,2024-03-17,151,40,Retail,Afterpay,COUPONZ--0,10.47,AUD
262073,2024-03-17T20:13:24,2024-03-17,193,3,Retail,Credit Card,COUPONA-9A,13.1,AUD
262104,2024-03-17T07:19:56,2024-03-17,735,18,Online,Credit Card,COUPON-99A,10.49,AUD
262221,2024-03-17T22:33:43,2024-03-17,546,13,Online,PayPal,COUPON9--Z,13.23,AUD
262242,2024-03-17T04:27:20,2024-03-17,529,40,Online,PayPal,COUPON-0A-,3.87,AUD
262315,2024-03-17T15:28:03,2024-03-17,464,16,Online,PayPal,COUPON-Z--,3.09,AUD
262316,2024-03-17T17:56:47,2024-03-17,24,4,Online,Afterpay,COUPON9A--,7.25,AUD
262562,2024-03-17T21:25:50,2024-03-17,195,27,Retail,Afterpay,COUPONZAZ-,16.0,AUD
262793,2024-03-17T20:11:04,2024-03-17,537,49,Online,Afterpay,COUPONA999,9.39,AUD
262972,2024-03-17T19:22:51,2024-03-17,261,16,Online,Afterpay,COUPON-AZZ,6.32,AUD
263091,2024-03-17T20:03:25,2024-03-17,691,37,Retail,PayPal,COUPON9--Z,11.11,AUD
263136,2024-03-17T01:19:31,2024-03-17,662,42,Online,Credit Card,COUPON--A-,11.84,AUD
263340,2024-03-17T10:18:06,2024-03-17,388,38,Retail,PayPal,COUPON0Z-9,16.29,AUD
263568,2024-03-17T13:36:54,2024-03-17,563,41,Retail,Credit Card,COUPON--A9,7.5,AUD
263600,2024-03-17T21:39:43,2024-03-17,656,47,Online,PayPal,COUPON--Z9,10.77,AUD
263709,2024-03-17T23:01:44,2024-03-17,536,21,Retail,Credit Card,COUPON---9,10.7,AUD
263757,2024-03-17T06:51:21,2024-03-17,130,12,Retail,Credit Card,COUPONZ-0Z,2.54,AUD
263840,2024-03-17T03:22:17,2024-03-17,87,23,Online,Afterpay,COUPON-ZAZ,14.42,AUD
263888,2024-03-17T19:09:44,2024-03-17,160,47,Online,Credit Card,COUPON90-Z,13.16,AUD
263889,2024-03-17T06:07:08,2024-03-17,212,45,Retail,PayPal,COUPON99Z9,8.05,AUD
263937,2024-03-17T10:22:53,2024-03-17,239,42,Online,PayPal,COUPONZAZ-,11.2,AUD
263959,2024-03-17T20:05:22,2024-03-17,585,3,Online,PayPal,COUPON0A--,3.24,AUD
263987,2024-03-17T06:35:06,2024-03-17,779,26,Online,PayPal,COUPONZ-AA,13.53,AUD
263988,2024-03-17T05:30:12,2024-03-17,5,23,Retail,Credit Card,COUPON-Z-9,8.24,AUD
264012,2024-03-17T03:41:14,2024-03-17,518,12,Online,PayPal,COUPONAZ9-,19.61,AUD
264050,2024-03-17T05:58:03,2024-03-17,326,42,Online,Afterpay,COUPONA-A0,0.2,AUD
264097,2024-03-17T07:37:43,2024-03-17,328,8,Retail,Afterpay,COUPON--A-,9.45,AUD
264160,2024-03-17T17:52:08,2024-03-17,418,20,Online,Afterpay,COUPON9999,18.51,AUD
264211,2024-03-17T18:38:37,2024-03-17,547,41,Online,Credit Card,COUPONA--9,2.77,AUD
264226,2024-03-17T17:16:06,2024-03-17,619,15,Retail,PayPal,COUPON-Z--,8.29,AUD
264283,2024-03-17T17:27:10,2024-03-17,162,18,Retail,Afterpay,COUPON0-Z9,12.62,AUD
264290,2024-03-17T13:34:05,2024-03-17,186,24,Retail,PayPal,COUPONZ-A0,3.0,AUD
264424,2024-03-17T14:42:07,2024-03-17,166,25,Online,PayPal,COUPONAAZ-,6.2,AUD
264487,2024-03-17T19:36:33,2024-03-17,691,2,Online,Afterpay,COUPON0A9A,11.17,AUD
264911,2024-03-17T05:57:18,2024-03-17,12,1,Online,Afterpay,COUPONAZ--,5.85,AUD
265002,2024-03-17T08:13:50,2024-03-17,273,23,Retail,Credit Card,COUPONA-9Z,6.19,AUD
265014,2024-03-17T20:06:33,2024-03-17,149,17,Online,Afterpay,COUPON-9-A,6.83,AUD
265028,2024-03-17T12:11:26,2024-03-17,122,21,Retail,Credit Card,COUPON0--Z,7.98,AUD
265042,2024-03-17T10:50:40,2024-03-17,543,40,Retail,PayPal,COUPON909-,16.65,AUD
265110,2024-03-17T16:41:08,2024-03-17,786,31,Online,Afterpay,COUPONA-9-,2.1,AUD
265156,2024-03-17T07:23:28,2024-03-17,621,11,Retail,Afterpay,COUPON00AA,18.81,AUD
265265,2024-03-17T17:48:00,2024-03-17,62,22,Online,PayPal,COUPON-0Z9,7.03,AUD
265369,2024-03-17T13:30:26,2024-03-17,709,11,Online,Credit Card,COUPON--00,11.97,AUD
265579,2024-03-17T02:17:02,2024-03-17,447,38,Retail,Credit Card,COUPON9Z00,18.32,AUD
265620,2024-03-17T02:17:21,2024-03-17,279,38,Online,Credit Card,COUPON99-0,18.86,AUD
265706,2024-03-17T13:07:01,2024-03-17,28,24,Retail,Afterpay,COUPON9Z--,4.54,AUD
265710,2024-03-17T18:58:26,2024-03-17,194,36,Retail,Credit Card,COUPON-ZA9,9.09,AUD
265798,2024-03-17T04:04:07,2024-03-17,640,13,Retail,PayPal,COUPON-9--,13.67,AUD
265953,2024-03-17T18:31:16,2024-03-17,621,34,Online,PayPal,COUPON-00A,0.7,AUD
265975,2024-03-17T00:11:08,2024-03-17,281,13,Retail,Credit Card,COUPON9Z99,13.29,AUD
265982,2024-03-17T08:26:47,2024-03-17,549,37,Online,PayPal,COUPON0-9A,8.06,AUD
266258,2024-03-17T10:12:21,2024-03-17,600,37,Retail,PayPal,COUPONAA09,18.44,AUD
266637,2024-03-17T19:06:42,2024-03-17,124,46,Online,Afterpay,COUPON-AA-,6.02,AUD
266939,2024-03-17T20:13:58,2024-03-17,615,9,Retail,PayPal,COUPON0AZ-,10.83,AUD
266954,2024-03-17T12:02:26,2024-03-17,708,33,Online,Credit Card,COUPONA9--,4.58,AUD
267006,2024-03-17T12:25:36,2024-03-17,18,49,Online,Credit Card,COUPON9Z-9,15.48,AUD
267082,2024-03-17T02:16:41,2024-03-17,420,37,Retail,PayPal,COUPON-Z9-,8.18,AUD
267086,2024-03-17T06:11:43,2024-03-17,765,29,Online,Credit Card,COUPONZZ-Z,16.71,AUD
267150,2024-03-17T19:05:43,2024-03-17,315,19,Online,PayPal,COUPONZ9--,14.82,AUD
267167,2024-03-17T08:20:13,2024-03-17,288,33,Online,PayPal,COUPON0Z90,13.87,AUD
267264,2024-03-17T16:28:52,2024-03-17,776,47,Online,Credit Card,COUPON-90A,14.33,AUD
267912,2024-03-17T01:42:12,2024-03-17,45,1,Online,PayPal,COUPONA--A,9.94,AUD
267930,2024-03-17T08:30:49,2024-03-17,348,15,Online,Afterpay,COUPON-Z0-,13.3,AUD
268553,2024-03-17T12:11:27,2024-03-17,687,4,Online,Afterpay,COUPON-Z09,4.4,AUD
268674,2024-03-17T16:16:59,2024-03-17,596,43,Retail,Afterpay,COUPONZZ-A,2.2,AUD
268738,2024-03-17T02:49:53,2024-03-17,215,15,Retail,PayPal,COUPON---Z,3.52,AUD
268765,2024-03-17T10:52:50,2024-03-17,505,18,Online,PayPal,COUPON--99,0.86,AUD
268790,2024-03-17T18:09:41,2024-03-17,651,30,Retail,Credit Card,COUPON-9-Z,13.58,AUD
268950,2024-03-17T04:18:16,2024-03-17,161,2,Online,PayPal,COUPON0-0Z,11.87,AUD
269047,2024-03-17T04:04:43,2024-03-17,347,25,Retail,Credit Card,COUPONA9-9,19.0,AUD
269084,2024-03-17T08:39:47,2024-03-17,300,9,Online,Credit Card,COUPON-0A9,19.8,AUD
269100,2024-03-17T20:36:31,2024-03-17,744,40,Online,Credit Card,COUPON99Z9,9.98,AUD
269116,2024-03-17T01:05:17,2024-03-17,560,15,Retail,PayPal,COUPON---Z,0.97,AUD
269121,2024-03-17T12:40:08,2024-03-17,385,44,Retail,Credit Card,COUPON9ZAA,11.51,AUD
269163,2024-03-17T12:23:27,2024-03-17,549,26,Retail,Credit Card,COUPONZ0ZA,3.84,AUD
269180,2024-03-17T07:37:19,2024-03-17,798,39,Retail,Afterpay,COUPON-ZZZ,12.36,AUD
269259,2024-03-17T17:47:19,2024-03-17,274,20,Retail,PayPal,COUPONZ--9,18.67,AUD
269268,2024-03-17T03:19:56,2024-03-17,720,17,Retail,Afterpay,COUPON000-,9.61,AUD
269411,2024-03-17T09:11:39,2024-03-17,197,33,Online,Credit Card,COUPON-Z99,1.75,AUD
269430,2024-03-17T08:58:44,2024-03-17,322,12,Retail,Afterpay,COUPON----,3.37,AUD
269551,2024-03-17T05:08:54,2024-03-17,350,44,Online,Afterpay,COUPON--9A,15.63,AUD
269843,2024-03-17T17:27:22,2024-03-17,604,21,Online,Credit Card,COUPON-009,11.68,AUD
269947,2024-03-17T17:09:32,2024-03-17,351,2,Retail,Credit Card,COUPON--09,9.5,AUD
270132,2024-03-17T00:02:44,2024-03-17,442,14,Retail,Afterpay,COUPON9-99,11.2,AUD
270149,2024-03-17T18:11:18,2024-03-17,451,41,Retail,Afterpay,COUPONA-A9,5.77,AUD
270220,2024-03-17T04:08:16,2024-03-17,223,16,Retail,Afterpay,COUPONZ-A-,5.09,AUD
270400,2024-03-17T05:07:31,2024-03-17,27,49,Online,PayPal,COUPONZ09A,18.94,AUD
270403,2024-03-17T00:38:02,2024-03-17,17,27,Online,PayPal,COUPON-A0-,14.92,AUD
270453,2024-03-17T17:56:50,2024-03-17,236,39,Online,PayPal,COUPONZ0ZA,16.2,AUD
270539,2024-03-17T02:47:35,2024-03-17,119,45,Online,PayPal,COUPON90-9,18.37,AUD
270561,2024-03-17T23:37:25,2024-03-17,331,7,Retail,PayPal,COUPON-A--,3.64,AUD
270582,2024-03-17T10:05:46,2024-03-17,429,43,Retail,Credit Card,COUPON0-9-,2.29,AUD
270648,2024-03-17T09:39:22,2024-03-17,235,5,Online,PayPal,COUPONA09-,11.56,AUD
270721,2024-03-17T20:19:34,2024-03-17,436,48,Retail,Credit Card,COUPONZ-AZ,10.58,AUD
270735,2024-03-17T00:45:08,2024-03-17,209,37,Online,Credit Card,COUPONZ99-,2.59,AUD
270937,2024-03-17T09:48:25,2024-03-17,309,24,Online,Credit Card,COUPONZ9Z0,4.13,AUD
270975,2024-03-17T17:30:22,2024-03-17,305,22,Retail,Credit Card,COUPON0Z0A,7.87,AUD
270993,2024-03-17T19:36:16,2024-03-17,133,20,Retail,Afterpay,COUPON9Z9-,1.09,AUD
271218,2024-03-17T10:03:16,2024-03-17,106,2,Online,Credit Card,COUPONZ--0,0.79,AUD
271223,2024-03-17T07:29:55,2024-03-17,547,25,Retail,Afterpay,COUPON--A-,15.19,AUD
271335,2024-03-17T15:14:58,2024-03-17,387,21,Retail,Credit Card,COUPONA-9-,8.23,AUD
271484,2024-03-17T03:31:58,2024-03-17,633,35,Online,Afterpay,COUPON9--A,17.21,AUD
271517,2024-03-17T07:30:34,2024-03-17,261,19,Online,Afterpay,COUPON0Z-Z,10.07,AUD
271543,2024-03-17T07:57:50,2024-03-17,705,14,Online,Credit Card,COUPONZ-Z-,14.21,AUD
271611,2024-03-17T11:39:20,2024-03-17,627,17,Retail,Afterpay,COUPON--A-,15.99,AUD
271644,2024-03-17T06:27:41,2024-03-17,36,5,Retail,Afterpay,COUPON--09,3.47,AUD
271675,2024-03-17T00:07:27,2024-03-17,46,15,Online,PayPal,COUPON9-ZZ,15.4,AUD
271686,2024-03-17T02:04:40,2024-03-17,177,17,Online,PayPal,COUPON0ZZ-,1.39,AUD
271710,2024-03-17T12:23:16,2024-03-17,484,49,Retail,PayPal,COUPON009-,3.17,AUD
271855,2024-03-17T23:25:09,2024-03-17,209,16,Retail,Afterpay,COUPON---9,15.65,AUD
271922,2024-03-17T16:33:49,2024-03-17,198,47,Online,Credit Card,COUPON-ZZ-,19.64,AUD
271964,2024-03-17T01:27:05,2024-03-17,688,37,Online,Afterpay,COUPON----,9.62,AUD
272058,2024-03-17T17:11:54,2024-03-17,44,29,Online,Credit Card,COUPON-9-Z,16.57,AUD
272085,2024-03-17T16:22:57,2024-03-17,170,35,Online,PayPal,COUPONZ90-,4.33,AUD
272185,2024-03-17T11:22:38,2024-03-17,417,49,Online,Credit Card,COUPON----,19.72,AUD
272234,2024-03-17T07:41:40,2024-03-17,386,7,Retail,PayPal,COUPON909-,19.64,AUD
272262,2024-03-17T20:11:22,2024-03-17,173,1,Retail,PayPal,COUPON9-A9,7.96,AUD
272285,2024-03-17T11:36:40,2024-03-17,414,35,Online,Afterpay,COUPONA-9-,10.6,AUD
272363,2024-03-17T14:49:45,2024-03-17,92,12,Online,Afterpay,COUPON0A-9,14.22,AUD
272562,2024-03-17T07:42:29,2024-03-17,5,34,Online,Afterpay,COUPON90-Z,13.92,AUD
272886,2024-03-17T19:15:22,2024-03-17,135,40,Online,PayPal,COUPON0AAZ,13.04,AUD
273191,2024-03-17T01:13:43,2024-03-17,530,7,Retail,PayPal,COUPON---A,17.96,AUD
273324,2024-03-17T00:01:53,2024-03-17,643,36,Online,Afterpay,COUPONZ--Z,3.13,AUD
273389,2024-03-17T11:21:31,2024-03-17,294,22,Retail,PayPal,COUPON0A0-,9.27,AUD
273608,2024-03-17T23:02:31,2024-03-17,624,39,Online,Afterpay,COUPONAA9A,18.86,AUD
273724,2024-03-17T06:53:40,2024-03-17,283,19,Retail,PayPal,COUPONZ0A0,6.59,AUD
273808,2024-03-17T18:51:18,2024-03-17,614,31,Retail,PayPal,COUPON9-A-,18.7,AUD
273952,2024-03-17T01:56:34,2024-03-17,782,37,Retail,Afterpay,COUPON0AZ9,1.06,AUD
273976,2024-03-17T15:30:52,2024-03-17,232,45,Retail,PayPal,COUPON909Z,14.13,AUD
274063,2024-03-17T01:04:34,2024-03-17,457,10,Online,Afterpay,COUPON0-ZA,2.18,AUD
274093,2024-03-17T12:20:22,2024-03-17,608,9,Retail,PayPal,COUPON90--,13.3,AUD
274123,2024-03-17T06:14:55,2024-03-17,607,6,Online,PayPal,COUPONZ-AZ,12.53,AUD
274223,2024-03-17T12:01:01,2024-03-17,740,6,Online,Credit Card,COUPONZZZA,6.07,AUD
274292,2024-03-17T20:56:36,2024-03-17,51,12,Online,PayPal,COUPON-9A-,15.78,AUD
274338,2024-03-17T03:02:12,2024-03-17,505,14,Retail,PayPal,COUPON9-0Z,9.77,AUD
274464,2024-03-17T10:44:57,2024-03-17,501,28,Retail,Credit Card,COUPON-99-,19.65,AUD
274540,2024-03-17T09:08:13,2024-03-17,468,44,Retail,Credit Card,COUPON99Z-,16.6,AUD
274615,2024-03-17T15:46:40,2024-03-17,624,43,Retail,PayPal,COUPON-9-0,12.26,AUD
274726,2024-03-17T06:52:26,2024-03-17,363,36,Retail,PayPal,COUPONAZZ9,10.43,AUD
274767,2024-03-17T22:18:42,2024-03-17,81,9,Online,Afterpay,COUPON-AA-,4.96,AUD
274997,2024-03-17T00:26:22,2024-03-17,178,17,Online,PayPal,COUPONA---,5.6,AUD
275008,2024-03-17T10:56:42,2024-03-17,759,45,Online,Credit Card,COUPON-AZZ,12.32,AUD
275065,2024-03-17T01:28:07,2024-03-17,136,18,Retail,Afterpay,COUPON9AA9,8.26,AUD
275112,2024-03-17T14:42:46,2024-03-17,624,31,Online,PayPal,COUPON0ZZ9,4.63,AUD
275148,2024-03-17T03:28:16,2024-03-17,150,35,Retail,Credit Card,COUPONA099,3.65,AUD
275168,2024-03-17T15:28:46,2024-03-17,662,32,Retail,PayPal,COUPON----,3.59,AUD
275195,2024-03-17T19:58:18,2024-03-17,478,17,Online,PayPal,COUPON0Z9Z,14.88,AUD
275386,2024-03-17T00:19:35,2024-03-17,105,13,Retail,Credit Card,COUPON--09,1.01,AUD
275454,2024-03-17T07:30:47,2024-03-17,608,2,Online,PayPal,COUPON99-A,4.89,AUD
275455,2024-03-17T06:16:24,2024-03-17,716,33,Online,Credit Card,COUPON-Z9-,2.09,AUD
275473,2024-03-17T16:24:54,2024-03-17,349,24,Retail,Credit Card,COUPON--09,17.72,AUD
275642,2024-03-17T03:31:10,2024-03-17,593,29,Retail,Credit Card,COUPON9-A-,0.47,AUD
275676,2024-03-17T16:55:54,2024-03-17,249,34,Online,Afterpay,COUPON9-A9,0.91,AUD
275707,2024-03-17T11:39:23,2024-03-17,221,21,Retail,Credit Card,COUPON90AA,7.91,AUD
275745,2024-03-17T07:40:30,2024-03-17,181,49,Online,Credit Card,COUPONAZZ-,6.44,AUD
275775,2024-03-17T02:27:06,2024-03-17,151,44,Retail,PayPal,COUPON---9,17.54,AUD
275823,2024-03-17T00:05:38,2024-03-17,577,11,Online,Credit Card,COUPON--0A,2.32,AUD
275825,2024-03-17T04:29:16,2024-03-17,158,44,Retail,PayPal,COUPONZ000,17.68,AUD
275931,2024-03-17T19:13:27,2024-03-17,468,29,Retail,Afterpay,COUPON----,5.03,AUD
275960,2024-03-17T04:41:09,2024-03-17,419,10,Online,Afterpay,COUPONZ---,8.34,AUD
276092,2024-03-17T21:11:16,2024-03-17,143,46,Retail,Afterpay,COUPON-A09,13.35,AUD
276110,2024-03-17T09:00:26,2024-03-17,182,35,Online,Afterpay,COUPONZ--0,7.62,AUD
276185,2024-03-17T22:56:48,2024-03-17,753,46,Online,Credit Card,COUPON00A0,5.83,AUD
276377,2024-03-17T23:02:38,2024-03-17,462,24,Online,PayPal,COUPON0ZZ0,4.5,AUD
276403,2024-03-17T01:11:41,2024-03-17,656,6,Online,Afterpay,COUPON9-99,10.85,AUD
276436,2024-03-17T12:12:47,2024-03-17,179,21,Retail,Afterpay,COUPON0Z00,12.44,AUD
276579,2024-03-17T16:16:34,2024-03-17,152,7,Online,Credit Card,COUPON0-9-,6.52,AUD
276629,2024-03-17T23:44:51,2024-03-17,746,35,Retail,Afterpay,COUPONZ-A0,4.99,AUD
276687,2024-03-17T00:38:19,2024-03-17,637,43,Retail,PayPal,COUPONZ0Z0,11.58,AUD
276757,2024-03-17T10:57:45,2024-03-17,415,15,Retail,Credit Card,COUPON0-0A,0.63,AUD
276786,2024-03-17T09:24:46,2024-03-17,130,15,Retail,Credit Card,COUPONA0ZA,14.44,AUD
276825,2024-03-17T11:47:52,2024-03-17,790,23,Online,Credit Card,COUPONA009,12.02,AUD
276832,2024-03-17T09:31:53,2024-03-17,430,19,Online,Credit Card,COUPON9Z9A,9.54,AUD
277012,2024-03-17T10:59:37,2024-03-17,115,20,Retail,Afterpay,COUPONZ0--,4.59,AUD
277030,2024-03-17T23:35:53,2024-03-17,318,1,Online,Credit Card,COUPONZA9Z,12.41,AUD
277053,2024-03-17T03:47:18,2024-03-17,732,27,Online,Afterpay,COUPONAA9-,18.56,AUD
277103,2024-03-17T11:17:37,2024-03-17,680,46,Online,Credit Card,COUPON--0Z,1.69,AUD
277189,2024-03-17T00:50:26,2024-03-17,169,10,Retail,Credit Card,COUPON900A,11.86,AUD
277268,2024-03-17T12:16:20,2024-03-17,391,42,Online,PayPal,COUPON9-0-,2.83,AUD
277444,2024-03-17T00:15:03,2024-03-17,648,25,Online,Credit Card,COUPONZ9-Z,18.16,AUD
277510,2024-03-17T13:52:13,2024-03-17,688,26,Online,Afterpay,COUPONA-90,14.85,AUD
277525,2024-03-17T00:41:30,2024-03-17,173,41,Retail,Credit Card,COUPON-Z-0,1.37,AUD
277722,2024-03-17T21:51:47,2024-03-17,761,1,Retail,PayPal,COUPONA90A,4.47,AUD
277798,2024-03-17T13:57:00,2024-03-17,704,14,Retail,Afterpay,COUPONZ0Z-,7.78,AUD
277847,2024-03-17T11:33:09,2024-03-17,79,14,Online,Credit Card,COUPON---Z,18.5,AUD
278054,2024-03-17T05:08:37,2024-03-17,293,19,Retail,Credit Card,COUPON-0ZZ,2.41,AUD
278189,2024-03-17T06:35:55,2024-03-17,727,7,Retail,PayPal,COUPONA-99,11.92,AUD
278232,2024-03-17T14:45:56,2024-03-17,393,32,Online,Credit Card,COUPON--0-,18.46,AUD
278296,2024-03-17T11:00:48,2024-03-17,108,37,Online,Credit Card,COUPON0-90,16.7,AUD
278358,2024-03-17T02:08:32,2024-03-17,13,26,Retail,Credit Card,COUPON---0,9.54,AUD
278367,2024-03-17T01:48:40,2024-03-17,202,8,Online,Afterpay,COUPONA0-A,6.4,AUD
278432,2024-03-17T07:33:57,2024-03-17,412,16,Online,Credit Card,COUPON--0-,13.9,AUD
278626,2024-03-17T06:56:52,2024-03-17,542,39,Online,PayPal,COUPONZAA0,0.25,AUD
278631,2024-03-17T13:23:23,2024-03-17,781,38,Online,Credit Card,COUPON-Z-0,7.35,AUD
278733,2024-03-17T00:49:50,2024-03-17,706,39,Retail,PayPal,COUPON-090,10.03,AUD
278810,2024-03-17T01:20:03,2024-03-17,758,19,Retail,Afterpay,COUPONAA-9,17.95,AUD
278815,2024-03-17T13:21:12,2024-03-17,616,30,Online,Credit Card,COUPONAA0A,13.5,AUD
279085,2024-03-17T08:31:21,2024-03-17,573,43,Retail,Afterpay,COUPON0Z0-,9.9,AUD
279091,2024-03-17T05:33:54,2024-03-17,10,2,Online,Credit Card,COUPON0A0-,19.1,AUD
279097,2024-03-17T18:16:04,2024-03-17,342,45,Retail,Afterpay,COUPONZ9Z-,12.55,AUD
279181,2024-03-17T21:32:09,2024-03-17,135,35,Online,Afterpay,COUPON-900,19.58,AUD
279271,2024-03-17T11:12:19,2024-03-17,530,17,Retail,PayPal,COUPON-0-A,17.0,AUD
279357,2024-03-17T03:08:51,2024-03-17,5,46,Retail,Afterpay,COUPON0--9,2.55,AUD
279461,2024-03-17T07:07:54,2024-03-17,26,35,Retail,Afterpay,COUPON0Z9A,4.45,AUD
279691,2024-03-17T06:51:47,2024-03-17,100,9,Online,PayPal,COUPONZ-90,3.76,AUD
279759,2024-03-17T03:12:48,2024-03-17,257,24,Retail,Afterpay,COUPONA0AZ,16.3,AUD
279807,2024-03-17T02:05:18,2024-03-17,212,19,Retail,PayPal,COUPON00--,9.97,AUD
279909,2024-03-17T02:07:14,2024-03-17,293,2,Online,PayPal,COUPON99ZZ,8.5,AUD
280039,2024-03-17T10:00:16,2024-03-17,696,29,Retail,Credit Card,COUPON999Z,9.09,AUD
280156,2024-03-17T16:57:35,2024-03-17,371,49,Retail,Credit Card,COUPON--9Z,10.28,AUD
280228,2024-03-17T12:23:48,2024-03-17,550,48,Retail,PayPal,COUPON9Z00,8.94,AUD
280248,2024-03-17T02:19:24,2024-03-17,322,41,Retail,Credit Card,COUPON999-,7.38,AUD
280299,2024-03-17T00:13:33,2024-03-17,581,20,Retail,Afterpay,COUPON9-Z9,19.25,AUD
280373,2024-03-17T17:12:46,2024-03-17,463,2,Online,PayPal,COUPONZ9AA,0.49,AUD
280442,2024-03-17T07:26:30,2024-03-17,625,42,Online,Afterpay,COUPONZ-AZ,18.93,AUD
280561,2024-03-17T01:12:03,2024-03-17,2,16,Online,Credit Card,COUPON---A,0.83,AUD
280853,2024-03-17T20:36:24,2024-03-17,169,18,Retail,PayPal,COUPON-09Z,13.25,AUD
280958,2024-03-17T10:25:18,2024-03-17,98,19,Online,Afterpay,COUPON-90-,9.44,AUD
280977,2024-03-17T05:53:46,2024-03-17,32,45,Online,Afterpay,COUPONZ90Z,4.15,AUD
281031,2024-03-17T03:14:26,2024-03-17,340,16,Retail,Afterpay,COUPON-A0-,10.09,AUD
281105,2024-03-17T07:44:59,2024-03-17,451,18,Online,PayPal,COUPONZ0A-,18.2,AUD
281107,2024-03-17T05:49:10,2024-03-17,791,32,Online,PayPal,COUPON---Z,17.58,AUD
281188,2024-03-17T06:18:31,2024-03-17,702,43,Online,Credit Card,COUPON009Z,18.17,AUD
281256,2024-03-17T01:59:53,2024-03-17,244,18,Retail,Credit Card,COUPON9AA9,17.57,AUD
281397,2024-03-17T14:11:57,2024-03-17,298,26,Retail,Credit Card,COUPON-Z9Z,9.57,AUD
281468,2024-03-17T18:57:41,2024-03-17,694,27,Retail,Afterpay,COUPONZZA0,1.23,AUD
281537,2024-03-17T13:40:54,2024-03-17,309,40,Online,Credit Card,COUPONZA--,3.22,AUD
281542,2024-03-17T08:19:57,2024-03-17,107,20,Online,PayPal,COUPON0-Z-,6.09,AUD
281548,2024-03-17T09:04:18,2024-03-17,307,21,Online,Credit Card,COUPON90--,2.46,AUD
281582,2024-03-17T13:12:24,2024-03-17,626,31,Retail,Credit Card,COUPON0AZ9,16.12,AUD
281700,2024-03-17T19:16:31,2024-03-17,213,17,Online,Afterpay,COUPON9ZZ9,18.65,AUD
281819,2024-03-17T23:00:30,2024-03-17,499,11,Retail,Afterpay,COUPON9AA-,1.39,AUD
281825,2024-03-17T17:56:34,2024-03-17,721,11,Online,PayPal,COUPON-A--,3.73,AUD
281838,2024-03-17T22:03:26,2024-03-17,55,5,Retail,PayPal,COUPON--9A,19.17,AUD
281863,2024-03-17T17:05:23,2024-03-17,567,44,Retail,Credit Card,COUPONZ9-0,2.78,AUD
281963,2024-03-17T00:55:01,2024-03-17,637,36,Online,Afterpay,COUPONA-Z-,7.1,AUD
281968,2024-03-17T01:04:06,2024-03-17,66,38,Online,Afterpay,COUPON0999,18.06,AUD
281988,2024-03-17T08:27:11,2024-03-17,621,1,Online,Afterpay,COUPONA9-0,0.05,AUD
282023,2024-03-17T09:50:46,2024-03-17,701,29,Retail,Credit Card,COUPON9-9Z,0.35,AUD
282088,2024-03-17T15:46:57,2024-03-17,123,44,Online,Afterpay,COUPON9-0-,13.3,AUD
282137,2024-03-17T15:17:09,2024-03-17,679,26,Retail,Afterpay,COUPONA9-Z,6.95,AUD
282294,2024-03-17T06:40:48,2024-03-17,562,36,Retail,Credit Card,COUPONZZA0,4.61,AUD
282323,2024-03-17T01:01:48,2024-03-17,98,9,Retail,Credit Card,COUPON-0--,16.59,AUD
282354,2024-03-17T20:38:26,2024-03-17,53,28,Retail,PayPal,COUPONZA09,2.32,AUD
282408,2024-03-17T00:53:46,2024-03-17,1,25,Online,Afterpay,COUPON09-Z,3.69,AUD
282518,2024-03-17T20:56:57,2024-03-17,157,30,Retail,PayPal,COUPON900Z,14.66,AUD
282673,2024-03-17T02:08:36,2024-03-17,493,45,Online,Afterpay,COUPONA-9Z,7.19,AUD
282685,2024-03-17T01:18:40,2024-03-17,671,26,Online,PayPal,COUPON09--,3.02,AUD
282688,2024-03-17T09:31:07,2024-03-17,254,29,Online,PayPal,COUPONA---,4.99,AUD
282796,2024-03-17T05:23:07,2024-03-17,238,30,Online,Afterpay,COUPON-9--,13.78,AUD
282855,2024-03-17T11:14:16,2024-03-17,250,39,Online,PayPal,COUPONA9Z-,12.51,AUD
282899,2024-03-17T06:28:44,2024-03-17,544,19,Retail,PayPal,COUPON-0Z0,9.68,AUD
282997,2024-03-17T00:26:17,2024-03-17,100,42,Retail,Afterpay,COUPONAAA-,10.57,AUD
283358,2024-03-17T08:30:51,2024-03-17,756,1,Retail,PayPal,COUPON0ZZ-,15.14,AUD
283378,2024-03-17T06:06:24,2024-03-17,734,47,Online,Credit Card,COUPON9990,7.39,AUD
283478,2024-03-17T10:37:42,2024-03-17,558,13,Online,PayPal,COUPON-0-A,0.24,AUD
283492,2024-03-17T18:55:40,2024-03-17,258,2,Retail,PayPal,COUPON0--A,12.17,AUD
283501,2024-03-17T11:32:30,2024-03-17,155,23,Retail,Credit Card,COUPON-0A-,2.23,AUD
283523,2024-03-17T08:55:48,2024-03-17,416,9,Online,Afterpay,COUPONA9-0,5.42,AUD
283626,2024-03-17T17:58:19,2024-03-17,211,14,Retail,PayPal,COUPONZA9A,1.19,AUD
283688,2024-03-17T15:49:55,2024-03-17,428,40,Online,PayPal,COUPONA9ZA,13.67,AUD
283832,2024-03-17T03:19:55,2024-03-17,220,49,Online,PayPal,COUPON9--9,4.8,AUD
283953,2024-03-17T12:00:04,2024-03-17,488,42,Retail,Credit Card,COUPONAA9-,4.37,AUD
283966,2024-03-17T02:25:14,2024-03-17,551,39,Online,PayPal,COUPON0A-9,2.55,AUD
284127,2024-03-17T18:09:19,2024-03-17,36,11,Retail,Credit Card,COUPONA-ZZ,11.77,AUD
284160,2024-03-17T08:51:02,2024-03-17,209,21,Retail,Credit Card,COUPONZ--A,17.34,AUD
284165,2024-03-17T21:09:39,2024-03-17,325,21,Retail,Credit Card,COUPON-9--,5.34,AUD
284433,2024-03-17T12:24:10,2024-03-17,288,37,Retail,Afterpay,COUPON----,13.23,AUD
284614,2024-03-17T10:54:45,2024-03-17,50,47,Retail,Credit Card,COUPONZZ--,15.27,AUD
284710,2024-03-17T22:47:35,2024-03-17,493,16,Online,Afterpay,COUPON--90,7.77,AUD
284804,2024-03-17T23:04:05,2024-03-17,244,2,Retail,Credit Card,COUPON-AZ-,8.18,AUD
284977,2024-03-17T20:11:43,2024-03-17,363,19,Retail,PayPal,COUPON00A0,9.66,AUD
284989,2024-03-17T09:35:41,2024-03-17,645,6,Online,Credit Card,COUPONZZ00,6.07,AUD
285004,2024-03-17T20:58:36,2024-03-17,426,5,Online,PayPal,COUPON0AZA,6.71,AUD
285062,2024-03-17T18:40:59,2024-03-17,453,46,Retail,Afterpay,COUPONZ-0-,18.71,AUD
285064,2024-03-17T03:02:02,2024-03-17,332,15,Online,Credit Card,COUPON---A,11.41,AUD
285080,2024-03-17T07:20:56,2024-03-17,416,33,Retail,Afterpay,COUPONA9-0,3.79,AUD
285237,2024-03-17T09:49:27,2024-03-17,746,17,Online,Credit Card,COUPON--ZZ,16.97,AUD
285314,2024-03-17T23:14:13,2024-03-17,177,29,Retail,PayPal,COUPON-00-,5.83,AUD
285378,2024-03-17T23:30:06,2024-03-17,331,2,Online,Credit Card,COUPONA9-Z,13.81,AUD
285385,2024-03-17T16:23:00,2024-03-17,779,49,Online,Afterpay,COUPONZA-0,9.88,AUD
285813,2024-03-17T00:31:14,2024-03-17,11,9,Retail,Afterpay,COUPON-ZA-,7.79,AUD
285905,2024-03-17T08:00:44,2024-03-17,109,2,Retail,PayPal,COUPON--AZ,7.85,AUD
286000,2024-03-17T02:19:52,2024-03-17,796,25,Online,PayPal,COUPONA--Z,2.09,AUD
286075,2024-03-17T01:23:52,2024-03-17,440,19,Retail,Credit Card,COUPON-Z99,11.08,AUD
286203,2024-03-17T16:23:10,2024-03-17,640,32,Retail,Credit Card,COUPON-9AA,19.13,AUD
286259,2024-03-17T04:45:22,2024-03-17,409,18,Online,PayPal,COUPON--9-,16.84,AUD
286369,2024-03-17T09:07:53,2024-03-17,255,45,Retail,PayPal,COUPON-A0-,15.65,AUD
286446,2024-03-17T18:12:26,2024-03-17,99,42,Retail,PayPal,COUPON-Z-0,17.82,AUD
286492,2024-03-17T00:19:35,2024-03-17,150,23,Retail,Afterpay,COUPON--9Z,9.9,AUD
286573,2024-03-17T07:31:19,2024-03-17,40,19,Retail,Credit Card,COUPON0Z--,10.74,AUD
286593,2024-03-17T05:10:10,2024-03-17,667,22,Retail,Afterpay,COUPON09Z9,5.08,AUD
286612,2024-03-17T19:24:24,2024-03-17,219,16,Online,PayPal,COUPON-Z-A,3.19,AUD
286680,2024-03-17T13:07:33,2024-03-17,553,48,Retail,Afterpay,COUPON-Z9A,9.02,AUD
286692,2024-03-17T08:58:41,2024-03-17,189,2,Retail,PayPal,COUPONAZ0A,13.35,AUD
286715,2024-03-17T17:44:19,2024-03-17,156,6,Retail,Afterpay,COUPONA-A-,10.16,AUD
286730,2024-03-17T09:35:37,2024-03-17,80,19,Online,Afterpay,COUPON-0-Z,1.39,AUD
286759,2024-03-17T19:14:29,2024-03-17,763,8,Online,Credit Card,COUPON-9Z-,2.29,AUD
286914,2024-03-17T07:14:13,2024-03-17,89,22,Retail,Afterpay,COUPON-A9A,3.03,AUD
286970,2024-03-17T06:17:15,2024-03-17,330,29,Retail,Afterpay,COUPON0-A9,3.74,AUD
287005,2024-03-17T18:14:58,2024-03-17,151,14,Retail,Afterpay,COUPONA-9Z,10.54,AUD
287022,2024-03-17T06:07:14,2024-03-17,340,17,Online,PayPal,COUPON--AA,9.89,AUD
287125,2024-03-17T21:00:57,2024-03-17,275,31,Online,Credit Card,COUPONZ-90,13.23,AUD
287477,2024-03-17T21:23:01,2024-03-17,262,26,Retail,PayPal,COUPON--0A,11.86,AUD
287579,2024-03-17T22:58:40,2024-03-17,474,38,Online,PayPal,COUPON-9-9,17.79,AUD
287621,2024-03-17T07:00:04,2024-03-17,501,35,Retail,Credit Card,COUPON0ZZ9,0.63,AUD
287678,2024-03-17T16:25:20,2024-03-17,313,40,Retail,PayPal,COUPONA-A0,2.69,AUD
287691,2024-03-17T14:59:48,2024-03-17,754,31,Retail,PayPal,COUPONA--0,4.07,AUD
287737,2024-03-17T12:50:31,2024-03-17,426,19,Online,Afterpay,COUPON--A-,8.33,AUD
287821,2024-03-17T09:02:13,2024-03-17,451,21,Online,Credit Card,COUPON00--,18.12,AUD
288188,2024-03-17T09:37:45,2024-03-17,708,7,Retail,PayPal,COUPON-A9Z,8.65,AUD
288263,2024-03-17T01:15:58,2024-03-17,202,15,Retail,PayPal,COUPON-A0-,12.05,AUD
288325,2024-03-17T16:51:00,2024-03-17,490,29,Retail,Afterpay,COUPON0--Z,0.57,AUD
288438,2024-03-17T02:17:18,2024-03-17,332,29,Retail,PayPal,COUPON99-0,7.72,AUD
288534,2024-03-17T03:21:33,2024-03-17,671,19,Retail,Credit Card,COUPON-Z0A,6.69,AUD
288731,2024-03-17T02:32:45,2024-03-17,217,26,Online,Afterpay,COUPONZA-0,9.08,AUD
288737,2024-03-17T17:30:22,2024-03-17,252,24,Online,Afterpay,COUPON--9Z,15.39,AUD
288739,2024-03-17T06:08:10,2024-03-17,471,15,Online,PayPal,COUPON0A-Z,7.46,AUD
288776,2024-03-17T22:24:45,2024-03-17,567,3,Retail,Credit Card,COUPON-ZZA,8.84,AUD
288792,2024-03-17T11:16:15,2024-03-17,564,13,Retail,Afterpay,COUPON-Z9-,18.33,AUD
288804,2024-03-17T15:28:01,2024-03-17,709,42,Retail,Afterpay,COUPON-AZZ,17.18,AUD
289096,2024-03-17T19:51:36,2024-03-17,24,13,Retail,Credit Card,COUPON--Z-,9.98,AUD
289209,2024-03-17T21:02:49,2024-03-17,243,20,Retail,Afterpay,COUPONA---,4.45,AUD
289269,2024-03-17T08:14:18,2024-03-17,120,32,Retail,Afterpay,COUPON-0-0,15.3,AUD
289437,2024-03-17T14:20:45,2024-03-17,550,45,Online,PayPal,COUPONAZA-,1.53,AUD
289444,2024-03-17T01:57:37,2024-03-17,348,38,Retail,Afterpay,COUPONZ0Z-,1.05,AUD
289474,2024-03-17T01:56:09,2024-03-17,466,15,Online,PayPal,COUPON0---,2.77,AUD
289489,2024-03-17T19:41:47,2024-03-17,409,49,Online,PayPal,COUPON-Z-A,9.91,AUD
289675,2024-03-17T11:07:53,2024-03-17,677,9,Online,Afterpay,COUPONZZ00,1.7,AUD
289676,2024-03-17T07:33:32,2024-03-17,300,16,Retail,Credit Card,COUPON0-9-,17.86,AUD
289714,2024-03-17T15:48:33,2024-03-17,460,38,Retail,Afterpay,COUPON90Z-,6.03,AUD
289777,2024-03-17T17:05:45,2024-03-17,235,32,Online,Afterpay,COUPON0A0-,7.3,AUD
289870,2024-03-17T21:52:42,2024-03-17,444,39,Retail,Afterpay,COUPON90--,7.42,AUD
289925,2024-03-17T23:52:55,2024-03-17,173,47,Online,Afterpay,COUPONAAA-,6.15,AUD
289997,2024-03-17T00:25:34,2024-03-17,292,26,Retail,Afterpay,COUPONZ-Z0,9.22,AUD
290186,2024-03-17T04:11:23,2024-03-17,358,44,Retail,Afterpay,COUPONA00Z,1.01,AUD
290191,2024-03-17T14:13:20,2024-03-17,381,6,Retail,PayPal,COUPONZ--0,16.46,AUD
290197,2024-03-17T18:32:59,2024-03-17,499,7,Online,Afterpay,COUPON9A-A,1.22,AUD
290227,2024-03-17T01:49:18,2024-03-17,765,33,Online,Afterpay,COUPON-Z-A,9.26,AUD
290254,2024-03-17T06:46:55,2024-03-17,84,31,Retail,Afterpay,COUPON----,15.92,AUD
290448,2024-03-17T15:29:18,2024-03-17,740,26,Retail,Credit Card,COUPONA-09,14.48,AUD
290507,2024-03-17T06:25:04,2024-03-17,222,14,Retail,PayPal,COUPON--Z-,8.81,AUD
290697,2024-03-17T11:36:10,2024-03-17,206,7,Online,PayPal,COUPON--AZ,3.7,AUD
291037,2024-03-17T04:58:46,2024-03-17,694,11,Online,Credit Card,COUPON-ZZ-,3.86,AUD
291090,2024-03-17T08:04:24,2024-03-17,561,8,Retail,PayPal,COUPONA-99,11.62,AUD
291255,2024-03-17T23:19:19,2024-03-17,582,3,Retail,PayPal,COUPON0A9A,8.59,AUD
291347,2024-03-17T12:03:26,2024-03-17,756,26,Retail,Credit Card,COUPON-ZZA,3.84,AUD
291519,2024-03-17T11:01:18,2024-03-17,725,31,Retail,Afterpay,COUPON--0-,7.98,AUD
291522,2024-03-17T07:53:31,2024-03-17,491,26,Online,Afterpay,COUPONAAZ9,10.16,AUD
291528,2024-03-17T10:19:45,2024-03-17,141,45,Online,Credit Card,COUPON-A-9,2.32,AUD
291534,2024-03-17T05:06:19,2024-03-17,206,9,Retail,Afterpay,COUPONA--9,9.43,AUD
291631,2024-03-17T06:22:45,2024-03-17,41,45,Online,Credit Card,COUPON90A-,5.96,AUD
291710,2024-03-17T17:21:40,2024-03-17,676,42,Online,Credit Card,COUPON9-A-,17.73,AUD
291733,2024-03-17T13:04:52,2024-03-17,109,22,Retail,Credit Card,COUPON-9-A,14.99,AUD
291740,2024-03-17T17:27:01,2024-03-17,715,28,Online,Credit Card,COUPON0-A-,15.74,AUD
291831,2024-03-17T18:40:13,2024-03-17,349,47,Retail,Afterpay,COUPON-99-,14.04,AUD
291855,2024-03-17T08:24:41,2024-03-17,701,14,Online,PayPal,COUPON9-0-,16.79,AUD
291962,2024-03-17T15:07:44,2024-03-17,472,39,Retail,PayPal,COUPON9-A-,0.53,AUD
291968,2024-03-17T12:28:27,2024-03-17,126,11,Retail,Credit Card,COUPON--A-,3.44,AUD
292069,2024-03-17T05:25:41,2024-03-17,595,25,Online,Afterpay,COUPONZA0-,19.64,AUD
292079,2024-03-17T22:12:09,2024-03-17,365,18,Retail,PayPal,COUPON0---,15.54,AUD
292246,2024-03-17T05:11:30,2024-03-17,88,40,Online,Afterpay,COUPONZ--0,18.14,AUD
292786,2024-03-17T16:40:40,2024-03-17,651,43,Retail,Afterpay,COUPON-999,14.79,AUD
293062,2024-03-17T11:11:57,2024-03-17,174,48,Retail,Credit Card,COUPONZ09-,17.44,AUD
293078,2024-03-17T22:29:55,2024-03-17,186,49,Online,Credit Card,COUPON-A-Z,7.48,AUD
293097,2024-03-17T06:02:01,2024-03-17,666,23,Retail,Credit Card,COUPON-00-,16.09,AUD
293246,2024-03-17T09:58:59,2024-03-17,377,16,Online,Credit Card,COUPON9A9A,19.16,AUD
293305,2024-03-17T06:57:08,2024-03-17,522,19,Online,Afterpay,COUPON0AA9,2.22,AUD
293402,2024-03-17T08:01:06,2024-03-17,664,32,Online,Afterpay,COUPONZ--9,13.16,AUD
293602,2024-03-17T03:30:35,2024-03-17,652,13,Online,PayPal,COUPON----,0.65,AUD
293630,2024-03-17T04:59:15,2024-03-17,685,21,Online,Credit Card,COUPON0A-0,7.7,AUD
293672,2024-03-17T07:23:39,2024-03-17,582,48,Retail,Credit Card,COUPON9-ZZ,10.09,AUD
294244,2024-03-17T11:02:07,2024-03-17,53,16,Online,Afterpay,COUPON-9--,2.63,AUD
294248,2024-03-17T23:21:26,2024-03-17,262,43,Online,Afterpay,COUPONA--Z,12.26,AUD
294343,2024-03-17T16:11:33,2024-03-17,538,16,Retail,Credit Card,COUPON-09A,16.12,AUD
294369,2024-03-17T19:11:10,2024-03-17,176,44,Retail,Afterpay,COUPON0---,17.22,AUD
294410,2024-03-17T11:40:45,2024-03-17,101,17,Online,Afterpay,COUPONZZA0,8.6,AUD
294454,2024-03-17T11:00:06,2024-03-17,791,14,Online,PayPal,COUPON9-9-,11.85,AUD
294561,2024-03-17T22:38:23,2024-03-17,425,30,Retail,PayPal,COUPON0Z-A,3.57,AUD
294736,2024-03-17T12:42:08,2024-03-17,763,29,Online,Afterpay,COUPON--Z0,1.2,AUD
295094,2024-03-17T22:16:26,2024-03-17,655,30,Retail,Credit Card,COUPON0--9,12.3,AUD
295142,2024-03-17T02:20:05,2024-03-17,179,39,Online,PayPal,COUPONA--Z,18.32,AUD
295217,2024-03-17T14:33:19,2024-03-17,205,29,Online,Credit Card,COUPONAZ-9,5.91,AUD
295403,2024-03-17T15:31:47,2024-03-17,779,19,Retail,Credit Card,COUPON0-9-,8.97,AUD
295472,2024-03-17T21:03:45,2024-03-17,101,4,Retail,PayPal,COUPONA-9Z,6.42,AUD
295485,2024-03-17T19:12:47,2024-03-17,287,17,Online,PayPal,COUPON-Z-9,7.91,AUD
295577,2024-03-17T07:24:22,2024-03-17,300,22,Retail,PayPal,COUPONZZ-0,7.55,AUD
295693,2024-03-17T12:57:36,2024-03-17,97,43,Retail,PayPal,COUPONAAAZ,4.56,AUD
295777,2024-03-17T07:24:46,2024-03-17,450,13,Retail,Credit Card,COUPONZ--Z,1.49,AUD
295984,2024-03-17T15:25:58,2024-03-17,614,49,Retail,PayPal,COUPON9A90,13.49,AUD
295999,2024-03-17T06:41:53,2024-03-17,359,30,Retail,Credit Card,COUPONA---,10.4,AUD
296237,2024-03-17T09:24:36,2024-03-17,308,6,Retail,PayPal,COUPON00A0,1.91,AUD
296247,2024-03-17T17:57:14,2024-03-17,77,3,Retail,Credit Card,COUPON0Z--,10.83,AUD
296266,2024-03-17T04:21:34,2024-03-17,135,40,Online,PayPal,COUPON00--,17.82,AUD
296355,2024-03-17T16:08:02,2024-03-17,629,46,Online,PayPal,COUPON-9-9,7.31,AUD
296360,2024-03-17T06:44:00,2024-03-17,156,7,Retail,Credit Card,COUPON0AA-,19.49,AUD
296406,2024-03-17T23:29:54,2024-03-17,324,1,Retail,Afterpay,COUPON-AZZ,0.56,AUD
296412,2024-03-17T17:45:14,2024-03-17,125,10,Online,Credit Card,COUPON00A-,10.43,AUD
296531,2024-03-17T17:13:21,2024-03-17,491,34,Online,Afterpay,COUPON90ZZ,1.55,AUD
296557,2024-03-17T22:06:59,2024-03-17,279,38,Retail,Afterpay,COUPON---9,12.14,AUD
296564,2024-03-17T12:46:17,2024-03-17,78,49,Retail,Credit Card,COUPONZ--0,5.02,AUD
296590,2024-03-17T10:18:06,2024-03-17,196,47,Online,PayPal,COUPON-990,0.6,AUD
296981,2024-03-17T21:47:16,2024-03-17,218,32,Retail,Afterpay,COUPON9Z9Z,6.29,AUD
297007,2024-03-17T01:55:37,2024-03-17,316,15,Retail,Credit Card,COUPONA-99,19.08,AUD
297080,2024-03-17T02:39:51,2024-03-17,386,24,Online,Afterpay,COUPON9Z--,7.61,AUD
297119,2024-03-17T20:59:49,2024-03-17,488,23,Online,Credit Card,COUPONZ--A,11.51,AUD
297474,2024-03-17T05:24:49,2024-03-17,251,29,Retail,Credit Card,COUPON0-A9,9.92,AUD
297495,2024-03-17T22:12:31,2024-03-17,711,3,Retail,PayPal,COUPON--ZA,10.36,AUD
297500,2024-03-17T08:17:42,2024-03-17,552,15,Retail,PayPal,COUPONZ-Z-,0.14,AUD
297697,2024-03-17T17:48:45,2024-03-17,68,13,Retail,Credit Card,COUPONZ-90,15.55,AUD
297883,2024-03-17T03:28:58,2024-03-17,273,48,Retail,PayPal,COUPON0Z0-,9.12,AUD
297973,2024-03-17T20:24:08,2024-03-17,602,2,Online,PayPal,COUPON-0--,17.83,AUD
298082,2024-03-17T16:38:19,2024-03-17,151,25,Online,Credit Card,COUPON00Z0,2.55,AUD
298096,2024-03-17T06:55:05,2024-03-17,75,42,Online,Afterpay,COUPONA0A-,8.51,AUD
298306,2024-03-17T10:32:36,2024-03-17,93,40,Online,PayPal,COUPON0---,16.27,AUD
298333,2024-03-17T00:21:52,2024-03-17,777,22,Online,Afterpay,COUPON09-9,17.18,AUD
298455,2024-03-17T01:07:07,2024-03-17,458,17,Online,Credit Card,COUPON-Z0Z,4.65,AUD
298518,2024-03-17T21:45:30,2024-03-17,446,21,Retail,Afterpay,COUPON0ZAZ,4.76,AUD
298564,2024-03-17T16:04:20,2024-03-17,496,15,Online,Afterpay,COUPON9-ZA,7.93,AUD
298632,2024-03-17T23:20:33,2024-03-17,591,1,Retail,Credit Card,COUPON0-9-,9.68,AUD
298645,2024-03-17T10:30:29,2024-03-17,719,6,Retail,Credit Card,COUPON-9-A,2.11,AUD
298847,2024-03-17T09:01:50,2024-03-17,603,7,Online,Afterpay,COUPON99--,19.24,AUD
298921,2024-03-17T15:43:35,2024-03-17,584,36,Retail,Afterpay,COUPON-AA-,19.26,AUD
299016,2024-03-17T21:12:42,2024-03-17,395,40,Retail,Afterpay,COUPON--A-,5.64,AUD
299032,2024-03-17T08:16:06,2024-03-17,777,24,Retail,Afterpay,COUPONZ-0-,17.4,AUD
299068,2024-03-17T06:23:26,2024-03-17,361,31,Online,PayPal,COUPON000-,11.54,AUD
299245,2024-03-17T20:44:28,2024-03-17,687,44,Online,Credit Card,COUPON-999,5.86,AUD
299330,2024-03-17T00:43:19,2024-03-17,243,39,Retail,Afterpay,COUPONA-Z0,17.86,AUD
299332,2024-03-17T19:31:48,2024-03-17,592,29,Retail,PayPal,COUPON90A-,3.59,AUD
299434,2024-03-17T22:52:11,2024-03-17,759,19,Retail,PayPal,COUPON-0--,2.18,AUD
299555,2024-03-17T04:45:49,2024-03-17,517,25,Retail,PayPal,COUPONZ-9-,12.08,AUD
299625,2024-03-17T10:12:55,2024-03-17,275,5,Retail,Afterpay,COUPON--0Z,0.47,AUD
299626,2024-03-17T17:08:42,2024-03-17,618,27,Online,Credit Card,COUPON9ZZ0,13.36,AUD
299703,2024-03-17T16:13:43,2024-03-17,752,35,Online,PayPal,COUPON-A9A,7.37,AUD
299765,2024-03-17T05:22:49,2024-03-17,121,25,Retail,Afterpay,COUPON00-9,9.84,AUD
299781,2024-03-17T02:53:01,2024-03-17,661,5,Online,PayPal,COUPON099Z,10.93,AUD
299959,2024-03-17T00:37:26,2024-03-17,55,34,Online,PayPal,COUPON--0-,7.25,AUD
300257,2024-03-17T00:32:04,2024-03-17,407,16,Retail,Afterpay,COUPON-AA-,3.51,AUD
300278,2024-03-17T21:33:52,2024-03-17,205,36,Online,Credit Card,COUPONA0Z9,15.9,AUD
300315,2024-03-17T01:11:06,2024-03-17,86,47,Retail,Credit Card,COUPON0-0A,11.19,AUD
300575,2024-03-17T15:15:28,2024-03-17,52,46,Online,PayPal,COUPON9ZAA,11.66,AUD
300657,2024-03-17T10:43:35,2024-03-17,656,6,Online,Afterpay,COUPON-A90,0.75,AUD
300714,2024-03-17T09:27:31,2024-03-17,167,11,Online,PayPal,COUPONAA--,17.91,AUD
300772,2024-03-17T02:31:19,2024-03-17,210,5,Retail,Credit Card,COUPONA-9-,15.81,AUD
300892,2024-03-17T14:36:19,2024-03-17,404,29,Online,Afterpay,COUPONZZA9,1.4,AUD
300907,2024-03-17T02:16:38,2024-03-17,691,29,Online,Credit Card,COUPON-Z--,1.12,AUD
301019,2024-03-17T16:58:49,2024-03-17,457,41,Retail,Credit Card,COUPONZ0-9,9.08,AUD
301085,2024-03-17T16:50:54,2024-03-17,563,33,Retail,PayPal,COUPON-0-9,10.75,AUD
301173,2024-03-17T23:49:27,2024-03-17,649,39,Retail,PayPal,COUPONZ-09,8.66,AUD
301536,2024-03-17T14:41:49,2024-03-17,408,21,Online,Credit Card,COUPONAZZZ,13.13,AUD
301648,2024-03-17T16:52:21,2024-03-17,725,17,Retail,PayPal,COUPON9A-A,19.82,AUD
301659,2024-03-17T02:55:49,2024-03-17,255,45,Retail,Credit Card,COUPON0---,0.25,AUD
301757,2024-03-17T12:56:40,2024-03-17,276,24,Online,Credit Card,COUPON90-Z,14.02,AUD
301825,2024-03-17T00:47:42,2024-03-17,722,5,Retail,Credit Card,COUPON-0-Z,11.31,AUD
301961,2024-03-17T16:21:58,2024-03-17,656,38,Online,Credit Card,COUPON-00A,5.04,AUD
301987,2024-03-17T21:36:39,2024-03-17,129,31,Online,Afterpay,COUPON90Z9,5.66,AUD
302253,2024-03-17T06:50:08,2024-03-17,153,11,Online,Afterpay,COUPONZZ--,1.95,AUD
302286,2024-03-17T15:05:16,2024-03-17,240,38,Online,Afterpay,COUPON-Z-A,3.77,AUD
302524,2024-03-17T18:40:17,2024-03-17,672,42,Online,Credit Card,COUPONA9Z9,13.29,AUD
302577,2024-03-17T23:11:56,2024-03-17,644,6,Retail,Afterpay,COUPON0Z99,15.06,AUD
302819,2024-03-17T03:02:37,2024-03-17,579,8,Retail,Afterpay,COUPONZ--9,3.03,AUD
302867,2024-03-17T10:33:05,2024-03-17,315,9,Online,Afterpay,COUPONZZ99,14.27,AUD
302884,2024-03-17T10:47:58,2024-03-17,196,32,Online,Credit Card,COUPON0Z09,1.25,AUD
302952,2024-03-17T17:02:24,2024-03-17,106,39,Retail,Credit Card,COUPON-099,12.71,AUD
303062,2024-03-17T05:42:00,2024-03-17,199,10,Online,Credit Card,COUPON-A9Z,5.47,AUD
303066,2024-03-17T07:09:19,2024-03-17,601,5,Retail,Credit Card,COUPON9A-0,16.58,AUD
303169,2024-03-17T17:33:07,2024-03-17,79,15,Online,Afterpay,COUPON0-A-,2.84,AUD
303261,2024-03-17T23:13:40,2024-03-17,557,8,Retail,Afterpay,COUPON0Z00,15.45,AUD
303287,2024-03-17T19:57:36,2024-03-17,561,17,Retail,Credit Card,COUPON0ZZ-,11.54,AUD
303294,2024-03-17T08:07:13,2024-03-17,95,28,Online,PayPal,COUPON-09A,10.81,AUD
303464,2024-03-17T17:55:00,2024-03-17,409,48,Online,Afterpay,COUPONA999,15.74,AUD
303630,2024-03-17T22:08:10,2024-03-17,709,14,Online,Credit Card,COUPON009-,0.01,AUD
303647,2024-03-17T18:18:18,2024-03-17,116,12,Online,Credit Card,COUPON09AA,19.33,AUD
303772,2024-03-17T07:30:17,2024-03-17,681,41,Online,Credit Card,COUPON-9-Z,14.59,AUD
303790,2024-03-17T00:55:11,2024-03-17,516,43,Online,Credit Card,COUPONZA-Z,9.63,AUD
303801,2024-03-17T18:06:34,2024-03-17,126,33,Retail,Afterpay,COUPON9-0Z,5.74,AUD
304004,2024-03-17T11:36:49,2024-03-17,679,3,Online,PayPal,COUPONZ-A9,11.23,AUD
304057,2024-03-17T14:19:00,2024-03-17,379,22,Retail,Afterpay,COUPON-0-Z,15.8,AUD
304189,2024-03-17T06:36:45,2024-03-17,706,17,Online,Afterpay,COUPON09--,2.18,AUD
304214,2024-03-17T23:30:22,2024-03-17,398,11,Online,Afterpay,COUPON-A-A,19.36,AUD
304280,2024-03-17T07:14:50,2024-03-17,90,26,Retail,PayPal,COUPONA900,14.7,AUD
304283,2024-03-17T22:24:09,2024-03-17,728,33,Retail,PayPal,COUPON-AZ9,5.04,AUD
304539,2024-03-17T18:53:00,2024-03-17,101,22,Retail,Credit Card,COUPONA0A-,17.0,AUD
304572,2024-03-17T11:07:27,2024-03-17,333,12,Retail,PayPal,COUPON-A9A,15.1,AUD
304673,2024-03-17T01:05:12,2024-03-17,442,1,Online,PayPal,COUPON0-0-,0.76,AUD
304750,2024-03-17T10:59:21,2024-03-17,195,47,Retail,PayPal,COUPON09-A,11.35,AUD
304760,2024-03-17T18:39:52,2024-03-17,683,34,Retail,PayPal,COUPONA99-,0.34,AUD
304796,2024-03-17T00:40:41,2024-03-17,572,14,Retail,Credit Card,COUPON-ZA-,19.83,AUD
304969,2024-03-17T02:57:46,2024-03-17,568,47,Retail,PayPal,COUPONZ0-0,4.74,AUD
304992,2024-03-17T04:14:54,2024-03-17,430,37,Retail,PayPal,COUPON0---,1.88,AUD
305029,2024-03-17T00:35:26,2024-03-17,90,43,Retail,PayPal,COUPON0-00,3.37,AUD
305135,2024-03-17T00:24:59,2024-03-17,1,31,Retail,Afterpay,COUPON-Z09,11.18,AUD
305256,2024-03-17T23:21:41,2024-03-17,127,22,Retail,Credit Card,COUPONZ--A,3.82,AUD
305326,2024-03-17T12:17:35,2024-03-17,480,46,Retail,Afterpay,COUPONZ099,10.81,AUD
305348,2024-03-17T04:23:00,2024-03-17,305,12,Retail,PayPal,COUPON-9Z-,2.29,AUD
305503,2024-03-17T21:43:37,2024-03-17,164,15,Retail,Credit Card,COUPONZ0-9,4.28,AUD
305522,2024-03-17T05:36:35,2024-03-17,234,18,Retail,PayPal,COUPON-0-A,15.7,AUD
305581,2024-03-17T14:45:11,2024-03-17,109,9,Online,Credit Card,COUPON9A00,15.91,AUD
305728,2024-03-17T13:24:22,2024-03-17,220,20,Online,Credit Card,COUPONZ-Z0,7.21,AUD
305801,2024-03-17T04:54:15,2024-03-17,593,29,Online,Afterpay,COUPON-AZA,12.3,AUD
305804,2024-03-17T03:06:16,2024-03-17,623,36,Retail,Credit Card,COUPON--Z0,8.74,AUD
305841,2024-03-17T18:14:18,2024-03-17,508,28,Online,Afterpay,COUPON-AZZ,13.31,AUD
305883,2024-03-17T06:30:12,2024-03-17,700,24,Online,Credit Card,COUPON0-Z-,7.98,AUD
305887,2024-03-17T19:38:54,2024-03-17,533,14,Online,Credit Card,COUPON-90-,8.69,AUD
306009,2024-03-17T17:07:43,2024-03-17,228,49,Retail,Afterpay,COUPON0--A,1.15,AUD
306110,2024-03-17T16:18:23,2024-03-17,6,10,Online,PayPal,COUPON9Z99,4.86,AUD
306117,2024-03-17T13:23:36,2024-03-17,709,14,Retail,PayPal,COUPON-Z00,7.93,AUD
306162,2024-03-17T15:33:36,2024-03-17,557,25,Online,PayPal,COUPON-Z9-,20.0,AUD
306193,2024-03-17T22:01:32,2024-03-17,748,43,Retail,Afterpay,COUPON000-,14.95,AUD
306320,2024-03-17T10:58:06,2024-03-17,640,2,Retail,Credit Card,COUPONA009,5.89,AUD
306349,2024-03-17T04:02:43,2024-03-17,594,7,Retail,Afterpay,COUPON99ZA,13.7,AUD
306453,2024-03-17T15:30:07,2024-03-17,615,17,Online,PayPal,COUPON000-,1.24,AUD
306800,2024-03-17T21:36:18,2024-03-17,744,9,Retail,Afterpay,COUPON--09,6.82,AUD
306950,2024-03-17T11:54:35,2024-03-17,489,4,Retail,PayPal,COUPON00-A,2.14,AUD
306999,2024-03-17T08:55:06,2024-03-17,594,23,Online,PayPal,COUPON--0-,2.48,AUD
307210,2024-03-17T21:50:12,2024-03-17,703,10,Online,Credit Card,COUPONZZA9,10.26,AUD
307509,2024-03-17T08:48:37,2024-03-17,296,38,Online,Credit Card,COUPON-99-,6.79,AUD
307513,2024-03-17T13:53:26,2024-03-17,410,17,Retail,Credit Card,COUPON-A0-,6.64,AUD
307518,2024-03-17T06:11:23,2024-03-17,559,25,Retail,Afterpay,COUPON---A,16.83,AUD
307527,2024-03-17T06:37:39,2024-03-17,491,14,Retail,Credit Card,COUPONZ009,1.33,AUD
307589,2024-03-17T00:09:13,2024-03-17,147,31,Online,PayPal,COUPON9A-Z,16.62,AUD
307661,2024-03-17T15:18:48,2024-03-17,300,12,Retail,Credit Card,COUPON0--Z,4.33,AUD
307670,2024-03-17T21:49:54,2024-03-17,552,4,Online,Afterpay,COUPON--A0,0.12,AUD
307763,2024-03-17T16:59:54,2024-03-17,149,16,Online,PayPal,COUPON09Z0,2.8,AUD
307869,2024-03-17T17:52:58,2024-03-17,365,27,Retail,Credit Card,COUPONAAA-,18.58,AUD
307934,2024-03-17T15:53:04,2024-03-17,725,34,Online,PayPal,COUPON0ZZ9,5.92,AUD
307941,2024-03-17T21:34:33,2024-03-17,596,23,Online,Afterpay,COUPONZ0--,1.47,AUD
307973,2024-03-17T22:47:28,2024-03-17,265,24,Retail,Credit Card,COUPON-A0Z,2.0,AUD
307994,2024-03-17T05:14:40,2024-03-17,556,32,Retail,PayPal,COUPON9999,8.02,AUD
307999,2024-03-17T12:05:38,2024-03-17,399,31,Online,Credit Card,COUPONZ9Z-,17.34,AUD
308027,2024-03-17T11:02:12,2024-03-17,633,33,Retail,Credit Card,COUPONA---,4.32,AUD
308048,2024-03-17T17:47:40,2024-03-17,483,23,Online,PayPal,COUPON--90,7.51,AUD
308136,2024-03-17T15:33:22,2024-03-17,443,41,Retail,PayPal,COUPONZ9A-,7.65,AUD
308199,2024-03-17T09:07:41,2024-03-17,657,20,Online,PayPal,COUPON0A0-,16.64,AUD
308326,2024-03-17T10:55:37,2024-03-17,89,47,Online,Credit Card,COUPON0A09,19.81,AUD
308383,2024-03-17T21:02:36,2024-03-17,22,7,Online,PayPal,COUPONZ00A,16.72,AUD
308490,2024-03-17T12:17:56,2024-03-17,185,39,Retail,PayPal,COUPONA-0A,8.95,AUD
308524,2024-03-17T15:16:32,2024-03-17,630,16,Retail,Credit Card,COUPON90Z0,14.34,AUD
308527,2024-03-17T10:04:49,2024-03-17,184,49,Online,Afterpay,COUPONA9Z9,16.06,AUD
308555,2024-03-17T02:03:01,2024-03-17,409,9,Retail,Afterpay,COUPON0---,3.83,AUD
308584,2024-03-17T22:48:19,2024-03-17,64,13,Retail,Afterpay,COUPON0909,6.11,AUD
308639,2024-03-17T08:41:34,2024-03-17,730,11,Online,Credit Card,COUPON-A-0,5.26,AUD
308732,2024-03-17T14:11:24,2024-03-17,698,49,Online,PayPal,COUPON9Z0-,6.5,AUD
308798,2024-03-17T12:21:00,2024-03-17,191,11,Retail,PayPal,COUPONZ-9Z,18.14,AUD
308847,2024-03-17T01:33:59,2024-03-17,533,49,Retail,PayPal,COUPON--A-,4.49,AUD
308867,2024-03-17T01:41:17,2024-03-17,92,3,Online,Credit Card,COUPON9-09,3.73,AUD
308955,2024-03-17T06:39:40,2024-03-17,276,18,Online,Afterpay,COUPON9-ZZ,1.22,AUD
309203,2024-03-17T23:43:02,2024-03-17,312,12,Online,PayPal,COUPON--0-,3.64,AUD
309275,2024-03-17T00:22:42,2024-03-17,254,37,Retail,PayPal,COUPONZ9Z0,4.58,AUD
309356,2024-03-17T23:00:29,2024-03-17,371,19,Online,PayPal,COUPONZ--9,0.86,AUD
309456,2024-03-17T13:53:19,2024-03-17,66,33,Retail,Credit Card,COUPON0000,4.58,AUD
309658,2024-03-17T11:32:39,2024-03-17,109,23,Retail,PayPal,COUPON0-9A,17.74,AUD
309694,2024-03-17T06:27:33,2024-03-17,550,10,Online,Afterpay,COUPONZZ9-,14.78,AUD
310090,2024-03-17T23:49:03,2024-03-17,307,45,Online,Afterpay,COUPON9ZZ-,1.61,AUD
310271,2024-03-17T16:54:43,2024-03-17,40,21,Online,Credit Card,COUPON09-0,14.73,AUD
310284,2024-03-17T11:42:56,2024-03-17,194,30,Online,PayPal,COUPONA-Z-,14.31,AUD
310360,2024-03-17T23:02:16,2024-03-17,599,31,Retail,Afterpay,COUPONZZ0A,18.36,AUD
310471,2024-03-17T19:25:15,2024-03-17,403,24,Online,PayPal,COUPONA9--,9.51,AUD
310716,2024-03-17T19:12:35,2024-03-17,738,8,Retail,PayPal,COUPON0-A9,16.26,AUD
310800,2024-03-17T17:52:42,2024-03-17,703,32,Retail,Credit Card,COUPON---Z,13.58,AUD
310868,2024-03-17T20:54:30,2024-03-17,207,10,Online,Credit Card,COUPON-909,14.17,AUD
310949,2024-03-17T09:30:04,2024-03-17,109,27,Retail,Credit Card,COUPONA-A9,2.48,AUD
311042,2024-03-17T15:42:42,2024-03-17,705,47,Online,Credit Card,COUPONAZAA,7.27,AUD
311134,2024-03-17T08:33:17,2024-03-17,32,49,Online,Credit Card,COUPON--00,16.2,AUD
311247,2024-03-17T08:55:08,2024-03-17,515,15,Retail,Credit Card,COUPON-9ZA,5.44,AUD
311290,2024-03-17T02:31:28,2024-03-17,758,42,Online,PayPal,COUPON9AAA,10.0,AUD
311456,2024-03-17T16:15:39,2024-03-17,571,18,Online,Afterpay,COUPON--99,9.48,AUD
311470,2024-03-17T05:53:41,2024-03-17,546,21,Retail,Credit Card,COUPON-AA0,4.8,AUD
311690,2024-03-17T07:06:07,2024-03-17,53,31,Retail,PayPal,COUPON--ZZ,2.85,AUD
311782,2024-03-17T12:26:16,2024-03-17,506,33,Online,Afterpay,COUPON0-0A,19.84,AUD
311843,2024-03-17T01:22:24,2024-03-17,741,18,Retail,Credit Card,COUPONZ-A-,15.53,AUD
312016,2024-03-17T17:15:55,2024-03-17,771,19,Retail,Afterpay,COUPON-Z-0,17.04,AUD
312185,2024-03-17T15:30:09,2024-03-17,645,35,Online,Afterpay,COUPONAZAZ,1.78,AUD
312434,2024-03-17T01:47:44,2024-03-17,765,6,Retail,Afterpay,COUPON-9--,2.9,AUD
312519,2024-03-17T08:12:06,2024-03-17,513,36,Retail,PayPal,COUPONZ09-,14.27,AUD
312573,2024-03-17T19:20:12,2024-03-17,569,28,Retail,Credit Card,COUPONAAZ0,12.32,AUD
312635,2024-03-17T03:39:21,2024-03-17,229,32,Retail,Afterpay,COUPON-9Z-,17.04,AUD
312677,2024-03-17T03:00:36,2024-03-17,271,27,Online,Credit Card,COUPON-0-A,10.91,AUD
312763,2024-03-17T00:18:36,2024-03-17,785,9,Online,Afterpay,COUPONZZ0A,19.41,AUD
313003,2024-03-17T07:22:20,2024-03-17,51,9,Online,Credit Card,COUPON-0A9,8.55,AUD
313359,2024-03-17T17:42:30,2024-03-17,667,35,Retail,PayPal,COUPON9-A9,4.65,AUD
313361,2024-03-17T18:04:29,2024-03-17,533,39,Retail,Credit Card,COUPON--00,19.24,AUD
313446,2024-03-17T11:27:05,2024-03-17,114,17,Online,PayPal,COUPON0-ZA,13.41,AUD
313614,2024-03-17T22:12:12,2024-03-17,434,41,Online,PayPal,COUPON990Z,7.0,AUD
313676,2024-03-17T06:37:46,2024-03-17,604,19,Online,Credit Card,COUPONA0-A,7.14,AUD
313835,2024-03-17T15:26:41,2024-03-17,41,41,Retail,Afterpay,COUPON0--A,3.46,AUD
313899,2024-03-17T01:15:27,2024-03-17,497,28,Retail,Credit Card,COUPON99-Z,12.8,AUD
314023,2024-03-17T02:48:46,2024-03-17,727,4,Online,Afterpay,COUPONA0--,13.69,AUD
314057,2024-03-17T13:22:56,2024-03-17,725,13,Online,Afterpay,COUPON-Z9-,19.06,AUD
314250,2024-03-17T12:03:20,2024-03-17,731,10,Retail,Credit Card,COUPON0-ZA,10.43,AUD
314260,2024-03-17T17:04:55,2024-03-17,93,44,Retail,PayPal,COUPON00-A,16.05,AUD
314349,2024-03-17T23:25:37,2024-03-17,144,48,Online,PayPal,COUPON-AA0,0.86,AUD
314433,2024-03-17T12:35:26,2024-03-17,634,35,Retail,Afterpay,COUPONA0-Z,9.31,AUD
314573,2024-03-17T11:26:05,2024-03-17,189,33,Online,Afterpay,COUPON0--9,16.24,AUD
314651,2024-03-17T00:41:56,2024-03-17,37,15,Retail,Credit Card,COUPONAZ--,19.26,AUD
314720,2024-03-17T01:04:11,2024-03-17,167,9,Online,PayPal,COUPON0-09,11.65,AUD
314750,2024-03-17T13:41:45,2024-03-17,163,39,Online,PayPal,COUPON-A--,8.37,AUD
314765,2024-03-17T10:46:20,2024-03-17,59,4,Online,Afterpay,COUPON9-09,12.82,AUD
315055,2024-03-17T05:14:34,2024-03-17,344,6,Retail,PayPal,COUPONZ--A,2.02,AUD
315250,2024-03-17T07:26:48,2024-03-17,388,47,Retail,Afterpay,COUPON9-09,13.66,AUD
315304,2024-03-17T00:27:44,2024-03-17,206,45,Online,Afterpay,COUPON-0-9,5.88,AUD
315309,2024-03-17T01:13:42,2024-03-17,787,48,Retail,Afterpay,COUPONZ-A-,15.95,AUD
315450,2024-03-17T19:04:33,2024-03-17,688,24,Retail,Credit Card,COUPON99Z0,9.15,AUD
315498,2024-03-17T22:28:34,2024-03-17,246,16,Online,Afterpay,COUPON-99A,19.22,AUD
315521,2024-03-17T07:23:25,2024-03-17,160,21,Online,Credit Card,COUPON99A9,18.23,AUD
315535,2024-03-17T11:03:23,2024-03-17,616,1,Online,Afterpay,COUPONA0A0,19.42,AUD
315631,2024-03-17T13:37:16,2024-03-17,456,1,Retail,Credit Card,COUPON-A-0,0.33,AUD
315719,2024-03-17T04:18:40,2024-03-17,564,46,Retail,Afterpay,COUPON-9-Z,15.08,AUD
315918,2024-03-17T05:10:40,2024-03-17,607,44,Online,Credit Card,COUPON0Z9-,11.08,AUD
316023,2024-03-17T23:55:55,2024-03-17,666,47,Online,PayPal,COUPON----,2.66,AUD
316389,2024-03-17T20:16:57,2024-03-17,56,26,Online,Credit Card,COUPON0900,19.38,AUD
316605,2024-03-17T00:49:18,2024-03-17,47,11,Retail,Afterpay,COUPON-Z9-,17.49,AUD
316639,2024-03-17T06:30:47,2024-03-17,490,12,Online,Credit Card,COUPON-ZZ-,3.09,AUD
316732,2024-03-17T07:40:34,2024-03-17,614,6,Retail,Credit Card,COUPON0-Z9,6.04,AUD
316811,2024-03-17T05:02:29,2024-03-17,728,26,Online,Credit Card,COUPONA---,9.91,AUD
316855,2024-03-17T07:39:25,2024-03-17,181,34,Retail,PayPal,COUPON-Z9A,10.11,AUD
316871,2024-03-17T02:33:09,2024-03-17,553,8,Online,Credit Card,COUPONZZ-9,5.48,AUD
316886,2024-03-17T14:23:58,2024-03-17,609,29,Retail,PayPal,COUPON---Z,18.68,AUD
317037,2024-03-17T00:13:30,2024-03-17,592,42,Retail,Credit Card,COUPONA00-,10.47,AUD
317327,2024-03-17T10:02:23,2024-03-17,402,9,Retail,Afterpay,COUPONA-00,11.44,AUD
317364,2024-03-17T12:31:33,2024-03-17,245,28,Online,Credit Card,COUPONZ-0Z,1.14,AUD
317375,2024-03-17T06:54:38,2024-03-17,51,32,Online,Afterpay,COUPON-A-Z,7.28,AUD
317388,2024-03-17T06:11:31,2024-03-17,570,38,Online,Afterpay,COUPON--AA,19.06,AUD
317400,2024-03-17T12:05:03,2024-03-17,735,28,Retail,Afterpay,COUPON0--9,14.54,AUD
317531,2024-03-17T19:04:46,2024-03-17,261,25,Retail,PayPal,COUPON-A9-,1.1,AUD
317560,2024-03-17T23:21:16,2024-03-17,446,24,Retail,Credit Card,COUPONA0Z-,13.08,AUD
317573,2024-03-17T08:19:57,2024-03-17,339,2,Retail,Afterpay,COUPONA-9-,16.14,AUD
317623,2024-03-17T20:07:39,2024-03-17,443,23,Retail,Afterpay,COUPON-Z--,5.16,AUD
317752,2024-03-17T05:47:07,2024-03-17,564,28,Retail,PayPal,COUPONAA9-,16.38,AUD
317777,2024-03-17T05:56:10,2024-03-17,555,42,Retail,Credit Card,COUPONAA9-,8.71,AUD
317908,2024-03-17T05:49:02,2024-03-17,536,26,Retail,PayPal,COUPONAZ-Z,7.39,AUD
318092,2024-03-17T13:32:24,2024-03-17,186,26,Retail,Afterpay,COUPON--9A,11.96,AUD
318513,2024-03-17T20:35:32,2024-03-17,733,12,Retail,PayPal,COUPON90-Z,15.32,AUD
318526,2024-03-17T07:12:16,2024-03-17,472,2,Online,Credit Card,COUPON000-,19.42,AUD
318675,2024-03-17T15:11:09,2024-03-17,762,23,Retail,PayPal,COUPON0Z09,7.53,AUD
318830,2024-03-17T12:23:01,2024-03-17,778,40,Online,Credit Card,COUPONZ-AA,1.77,AUD
318831,2024-03-17T22:03:27,2024-03-17,266,4,Online,PayPal,COUPON99-9,10.02,AUD
319041,2024-03-17T19:22:26,2024-03-17,687,4,Retail,Credit Card,COUPON9-0Z,14.73,AUD
319063,2024-03-17T15:28:11,2024-03-17,324,26,Retail,Credit Card,COUPON9-0-,17.85,AUD
319104,2024-03-17T23:18:50,2024-03-17,176,24,Online,Credit Card,COUPONA9-Z,14.06,AUD
319128,2024-03-17T03:31:06,2024-03-17,366,42,Retail,PayPal,COUPONZZ-Z,9.62,AUD
319141,2024-03-17T05:47:41,2024-03-17,546,22,Online,PayPal,COUPON-A9A,1.51,AUD
319263,2024-03-17T21:52:50,2024-03-17,786,21,Retail,PayPal,COUPON-0Z0,5.86,AUD
319538,2024-03-17T05:51:14,2024-03-17,515,46,Retail,Afterpay,COUPON99A0,11.9,AUD
319583,2024-03-17T08:49:15,2024-03-17,240,28,Online,Credit Card,COUPONZ990,6.47,AUD
319607,2024-03-17T00:47:34,2024-03-17,180,35,Retail,Afterpay,COUPON--A9,13.97,AUD
319858,2024-03-17T03:24:39,2024-03-17,793,17,Online,Afterpay,COUPON0---,18.28,AUD
320285,2024-03-17T09:28:10,2024-03-17,488,13,Online,PayPal,COUPON999-,18.2,AUD
320369,2024-03-17T10:24:09,2024-03-17,754,40,Retail,PayPal,COUPONA9--,12.58,AUD
320382,2024-03-17T13:24:49,2024-03-17,792,15,Online,Afterpay,COUPON9--Z,7.13,AUD
320397,2024-03-17T10:06:51,2024-03-17,779,48,Retail,Afterpay,COUPON--99,8.79,AUD
320555,2024-03-17T04:15:25,2024-03-17,447,9,Online,Afterpay,COUPON00-0,14.39,AUD
320630,2024-03-17T08:59:42,2024-03-17,435,35,Retail,Afterpay,COUPON0-0-,10.47,AUD
320639,2024-03-17T03:18:51,2024-03-17,489,43,Online,PayPal,COUPON9---,11.18,AUD
320667,2024-03-17T14:41:54,2024-03-17,334,37,Retail,Afterpay,COUPON-A-0,8.48,AUD
320917,2024-03-17T20:42:55,2024-03-17,53,12,Online,PayPal,COUPON-0A-,8.59,AUD
320940,2024-03-17T07:13:18,2024-03-17,457,19,Retail,Credit Card,COUPONA990,5.29,AUD
321026,2024-03-17T22:01:48,2024-03-17,622,39,Online,Afterpay,COUPONZ9-0,8.49,AUD
321066,2024-03-17T10:11:30,2024-03-17,294,15,Online,Credit Card,COUPONZ--A,17.54,AUD
321189,2024-03-17T02:19:01,2024-03-17,551,28,Retail,Credit Card,COUPON-Z99,10.04,AUD
321279,2024-03-17T22:44:31,2024-03-17,364,41,Online,Credit Card,COUPON9-Z-,6.36,AUD
321326,2024-03-17T13:41:21,2024-03-17,714,27,Retail,Credit Card,COUPON90-Z,9.68,AUD
321470,2024-03-17T22:14:46,2024-03-17,322,48,Online,Afterpay,COUPONZ-A-,8.79,AUD
321489,2024-03-17T19:09:17,2024-03-17,261,8,Online,PayPal,COUPON90--,4.93,AUD
321743,2024-03-17T17:47:35,2024-03-17,352,45,Online,Afterpay,COUPONA9-Z,5.82,AUD
321758,2024-03-17T11:40:38,2024-03-17,462,30,Retail,Credit Card,COUPON0Z--,4.61,AUD
321764,2024-03-17T07:40:50,2024-03-17,293,23,Retail,Credit Card,COUPON-9AZ,11.64,AUD
321847,2024-03-17T17:21:29,2024-03-17,97,41,Retail,Afterpay,COUPON-90-,1.68,AUD
321877,2024-03-17T04:52:11,2024-03-17,698,10,Retail,PayPal,COUPON90AA,7.7,AUD
321883,2024-03-17T14:58:42,2024-03-17,171,23,Online,Afterpay,COUPON-0--,18.79,AUD
322077,2024-03-17T11:02:09,2024-03-17,43,28,Retail,Credit Card,COUPON9Z9-,15.66,AUD
322081,2024-03-17T06:48:44,2024-03-17,269,13,Retail,Credit Card,COUPONA9-0,0.07,AUD
322225,2024-03-17T08:28:59,2024-03-17,159,21,Retail,Credit Card,COUPON-Z0-,3.09,AUD
322373,2024-03-17T01:58:02,2024-03-17,520,38,Online,Credit Card,COUPON--Z9,5.46,AUD
322489,2024-03-17T17:57:32,2024-03-17,40,2,Online,PayPal,COUPON9Z-9,4.65,AUD
322530,2024-03-17T13:13:20,2024-03-17,682,21,Online,Credit Card,COUPON9-ZA,15.29,AUD
322546,2024-03-17T20:08:27,2024-03-17,183,36,Retail,Afterpay,COUPONZ9A-,13.37,AUD
322561,2024-03-17T02:40:23,2024-03-17,784,30,Online,Afterpay,COUPON9-9Z,0.26,AUD
322591,2024-03-17T20:31:00,2024-03-17,795,45,Retail,PayPal,COUPON0--A,7.52,AUD
322596,2024-03-17T19:59:13,2024-03-17,415,21,Retail,Credit Card,COUPON---Z,19.21,AUD
322600,2024-03-17T23:24:36,2024-03-17,198,18,Retail,Afterpay,COUPONZA0Z,6.36,AUD
322665,2024-03-17T16:38:12,2024-03-17,83,4,Online,Afterpay,COUPON--90,3.78,AUD
322875,2024-03-17T16:06:41,2024-03-17,624,37,Retail,Credit Card,COUPONZ0A-,0.5,AUD
322894,2024-03-17T12:55:10,2024-03-17,534,31,Online,Afterpay,COUPONZZ--,5.42,AUD
322901,2024-03-17T14:07:48,2024-03-17,722,17,Online,Credit Card,COUPONZA0-,7.86,AUD
322938,2024-03-17T09:24:31,2024-03-17,116,31,Retail,Afterpay,COUPON999-,5.97,AUD
323092,2024-03-17T10:15:32,2024-03-17,151,34,Retail,PayPal,COUPONAAA9,0.37,AUD
323164,2024-03-17T06:25:18,2024-03-17,327,2,Retail,PayPal,COUPON0-0Z,5.38,AUD
323319,2024-03-17T11:01:23,2024-03-17,271,42,Retail,Credit Card,COUPON00Z-,18.79,AUD
323539,2024-03-17T17:51:48,2024-03-17,271,48,Online,PayPal,COUPONA0-A,5.21,AUD
323638,2024-03-17T11:58:42,2024-03-17,283,29,Retail,PayPal,COUPON9AA0,11.64,AUD
323829,2024-03-17T09:28:50,2024-03-17,412,18,Retail,PayPal,COUPONA9--,9.04,AUD
323921,2024-03-17T07:25:19,2024-03-17,192,5,Retail,Afterpay,COUPON-ZZ0,6.37,AUD
324008,2024-03-17T07:00:15,2024-03-17,543,25,Retail,Credit Card,COUPON-00A,18.39,AUD
324107,2024-03-17T21:57:59,2024-03-17,731,40,Retail,Credit Card,COUPONZZ-Z,4.55,AUD
324150,2024-03-17T04:08:38,2024-03-17,744,11,Online,Afterpay,COUPON9Z0Z,8.55,AUD
324352,2024-03-17T18:46:15,2024-03-17,337,29,Online,Afterpay,COUPONZ--A,1.3,AUD
324598,2024-03-17T08:45:30,2024-03-17,305,25,Online,Afterpay,COUPON0099,9.76,AUD
324664,2024-03-17T03:21:52,2024-03-17,360,34,Online,PayPal,COUPON-A--,0.97,AUD
324752,2024-03-17T06:38:11,2024-03-17,294,34,Online,Afterpay,COUPON-90Z,7.93,AUD
324855,2024-03-17T17:31:18,2024-03-17,254,8,Online,Credit Card,COUPON-9--,14.25,AUD
324863,2024-03-17T23:53:50,2024-03-17,766,37,Retail,Credit Card,COUPONA--Z,15.68,AUD
324874,2024-03-17T07:07:11,2024-03-17,555,4,Online,PayPal,COUPON-A-9,8.79,AUD
324882,2024-03-17T10:23:05,2024-03-17,540,32,Retail,PayPal,COUPONA90-,5.86,AUD
324968,2024-03-17T06:10:17,2024-03-17,335,24,Online,Afterpay,COUPON----,1.32,AUD
325006,2024-03-17T08:07:52,2024-03-17,698,23,Retail,Afterpay,COUPONZZ-9,3.59,AUD
325038,2024-03-17T04:05:03,2024-03-17,361,29,Online,Afterpay,COUPON-ZA0,0.01,AUD
325176,2024-03-17T02:02:25,2024-03-17,291,18,Online,Credit Card,COUPON9Z0-,7.81,AUD
325187,2024-03-17T09:04:22,2024-03-17,101,2,Online,PayPal,COUPONA9-A,4.42,AUD
325191,2024-03-17T11:18:06,2024-03-17,434,37,Online,PayPal,COUPON9A-Z,4.11,AUD
325237,2024-03-17T07:07:08,2024-03-17,398,24,Retail,PayPal,COUPON-Z--,8.39,AUD
325255,2024-03-17T01:23:31,2024-03-17,141,24,Retail,PayPal,COUPON-0--,19.58,AUD
325416,2024-03-17T08:12:52,2024-03-17,39,36,Retail,Credit Card,COUPONA9--,17.49,AUD
325430,2024-03-17T10:11:10,2024-03-17,395,37,Retail,PayPal,COUPON990-,0.12,AUD
325434,2024-03-17T18:45:17,2024-03-17,269,21,Online,Credit Card,COUPONZA-Z,14.53,AUD
325520,2024-03-17T21:11:31,2024-03-17,313,6,Online,PayPal,COUPON-A--,19.74,AUD
325521,2024-03-17T13:05:34,2024-03-17,778,1,Retail,Credit Card,COUPONZ9--,4.19,AUD
325607,2024-03-17T20:35:08,2024-03-17,489,13,Online,Credit Card,COUPONZAZ-,3.69,AUD
325708,2024-03-17T23:33:41,2024-03-17,92,8,Retail,PayPal,COUPON99A9,13.11,AUD
325797,2024-03-17T20:31:51,2024-03-17,587,37,Online,Afterpay,COUPONZ9A0,1.85,AUD
325943,2024-03-17T10:27:54,2024-03-17,94,33,Online,Afterpay,COUPON-9ZA,6.57,AUD
325947,2024-03-17T18:23:54,2024-03-17,689,48,Online,Credit Card,COUPONA9--,6.46,AUD
325971,2024-03-17T20:45:20,2024-03-17,710,26,Retail,Credit Card,COUPON9Z--,8.31,AUD
325980,2024-03-17T03:38:50,2024-03-17,588,24,Retail,PayPal,COUPON0-A-,9.2,AUD
326257,2024-03-17T10:14:50,2024-03-17,706,42,Online,Afterpay,COUPON99--,14.99,AUD
326320,2024-03-17T15:57:46,2024-03-17,654,29,Online,Afterpay,COUPONZ090,13.19,AUD
326366,2024-03-17T13:54:07,2024-03-17,338,3,Online,PayPal,COUPONZ009,12.33,AUD
326433,2024-03-17T00:44:19,2024-03-17,147,39,Online,PayPal,COUPONAA09,14.38,AUD
326676,2024-03-17T19:02:53,2024-03-17,212,15,Retail,PayPal,COUPON0A--,18.72,AUD
326956,2024-03-17T09:05:59,2024-03-17,255,10,Online,PayPal,COUPONZ-AA,18.4,AUD
327047,2024-03-17T18:50:09,2024-03-17,35,3,Online,Afterpay,COUPONZ9Z-,5.41,AUD
327268,2024-03-17T08:06:50,2024-03-17,264,31,Online,Credit Card,COUPON-0A9,17.64,AUD
327324,2024-03-17T07:59:44,2024-03-17,722,41,Online,PayPal,COUPON-90Z,5.77,AUD
327409,2024-03-17T03:37:06,2024-03-17,565,35,Retail,Afterpay,COUPON-A0-,10.58,AUD
327506,2024-03-17T04:02:52,2024-03-17,199,41,Retail,Credit Card,COUPON-0ZZ,11.51,AUD
327693,2024-03-17T00:10:26,2024-03-17,664,3,Retail,PayPal,COUPON-0--,2.29,AUD
327694,2024-03-17T07:07:15,2024-03-17,312,5,Online,Credit Card,COUPONAZ99,7.41,AUD
328103,2024-03-17T08:43:15,2024-03-17,380,4,Retail,Credit Card,COUPON-0-9,11.08,AUD
328171,2024-03-17T21:58:31,2024-03-17,73,4,Online,Credit Card,COUPONA---,0.81,AUD
328375,2024-03-17T01:29:20,2024-03-17,408,18,Online,Afterpay,COUPONZ9-9,5.4,AUD
328405,2024-03-17T01:52:55,2024-03-17,294,10,Online,Credit Card,COUPON0---,17.09,AUD
328562,2024-03-17T03:40:53,2024-03-17,562,33,Online,PayPal,COUPON0ZZ0,9.04,AUD
328572,2024-03-17T22:06:20,2024-03-17,679,46,Online,PayPal,COUPONAZA-,1.28,AUD
328849,2024-03-17T10:33:20,2024-03-17,450,6,Online,PayPal,COUPONZ--Z,4.78,AUD
328875,2024-03-17T07:01:26,2024-03-17,607,48,Online,Afterpay,COUPONZZAA,13.7,AUD
328886,2024-03-17T06:24:13,2024-03-17,77,18,Online,PayPal,COUPONA-Z0,18.91,AUD
329011,2024-03-17T15:46:22,2024-03-17,183,6,Retail,PayPal,COUPON----,15.17,AUD
329239,2024-03-17T16:08:17,2024-03-17,403,21,Retail,PayPal,COUPONA000,10.46,AUD
329253,2024-03-17T03:27:50,2024-03-17,700,31,Retail,Afterpay,COUPON-9-0,3.61,AUD
329349,2024-03-17T19:55:15,2024-03-17,622,44,Retail,PayPal,COUPON9909,16.98,AUD
329605,2024-03-17T21:45:02,2024-03-17,624,40,Online,Credit Card,COUPON-9A9,5.37,AUD
329760,2024-03-17T07:55:45,2024-03-17,547,24,Online,PayPal,COUPON9A--,12.07,AUD
329762,2024-03-17T02:41:14,2024-03-17,753,41,Online,PayPal,COUPON00A9,3.69,AUD
329798,2024-03-17T15:14:03,2024-03-17,250,5,Online,Credit Card,COUPONA-0A,11.87,AUD
329896,2024-03-17T08:00:55,2024-03-17,554,39,Retail,Credit Card,COUPONZ9Z0,8.49,AUD
329994,2024-03-17T10:28:09,2024-03-17,752,40,Online,Afterpay,COUPONZ0Z0,5.55,AUD
330393,2024-03-17T10:13:14,2024-03-17,194,9,Online,PayPal,COUPONA9-9,19.79,AUD
330408,2024-03-17T22:00:39,2024-03-17,463,49,Online,Afterpay,COUPON99-9,14.64,AUD
330454,2024-03-17T22:29:15,2024-03-17,368,17,Retail,Credit Card,COUPON9AZZ,5.42,AUD
330457,2024-03-17T17:37:24,2024-03-17,100,8,Online,Credit Card,COUPON-0A9,18.78,AUD
330635,2024-03-17T04:30:19,2024-03-17,608,3,Online,Credit Card,COUPONA-00,7.11,AUD
330778,2024-03-17T08:55:50,2024-03-17,531,12,Online,Afterpay,COUPON009Z,15.72,AUD
330899,2024-03-17T12:29:05,2024-03-17,295,19,Online,Afterpay,COUPON-0-Z,14.54,AUD
331159,2024-03-17T22:58:37,2024-03-17,237,35,Online,Credit Card,COUPON-0-Z,17.1,AUD
331174,2024-03-17T17:03:35,2024-03-17,710,17,Online,Afterpay,COUPON0900,0.29,AUD
331184,2024-03-17T12:13:54,2024-03-17,334,8,Online,Credit Card,COUPON-A9-,4.1,AUD
331256,2024-03-17T18:15:21,2024-03-17,290,20,Online,PayPal,COUPONA09Z,0.99,AUD
331268,2024-03-17T13:37:19,2024-03-17,331,26,Online,PayPal,COUPON909Z,10.98,AUD
331487,2024-03-17T23:20:14,2024-03-17,133,22,Retail,Afterpay,COUPON0000,11.87,AUD
331574,2024-03-17T14:56:46,2024-03-17,476,46,Online,Afterpay,COUPON-9Z9,11.85,AUD
331580,2024-03-17T07:02:41,2024-03-17,82,5,Online,Afterpay,COUPON9---,5.27,AUD
331724,2024-03-17T03:29:22,2024-03-17,593,43,Online,Credit Card,COUPONA9A-,12.26,AUD
331833,2024-03-17T20:05:42,2024-03-17,471,48,Online,Afterpay,COUPON0-Z9,2.75,AUD
332144,2024-03-17T23:46:48,2024-03-17,635,10,Retail,PayPal,COUPON--AZ,17.35,AUD
332194,2024-03-17T04:47:31,2024-03-17,702,40,Online,PayPal,COUPONA9--,6.9,AUD
332232,2024-03-17T02:29:42,2024-03-17,537,28,Retail,PayPal,COUPON-9A-,9.01,AUD
332246,2024-03-17T16:08:27,2024-03-17,531,42,Online,PayPal,COUPON9ZZ0,17.51,AUD
332350,2024-03-17T10:45:29,2024-03-17,659,12,Online,Credit Card,COUPON-00-,7.94,AUD
332675,2024-03-17T02:55:32,2024-03-17,612,18,Retail,PayPal,COUPON9-Z9,4.02,AUD
332676,2024-03-17T19:36:19,2024-03-17,483,11,Retail,PayPal,COUPON--90,17.05,AUD
332731,2024-03-17T00:38:00,2024-03-17,761,15,Online,Afterpay,COUPONA--0,6.0,AUD
332835,2024-03-17T09:16:40,2024-03-17,284,27,Online,Afterpay,COUPONZZA-,5.64,AUD
333164,2024-03-17T06:12:51,2024-03-17,160,44,Retail,PayPal,COUPONA099,16.95,AUD
333177,2024-03-17T20:26:45,2024-03-17,55,18,Retail,PayPal,COUPONA99Z,19.49,AUD
333235,2024-03-17T21:28:19,2024-03-17,582,41,Online,PayPal,COUPONZZ--,12.68,AUD
333583,2024-03-17T05:37:00,2024-03-17,223,22,Online,Credit Card,COUPONA0ZA,9.42,AUD
333588,2024-03-17T01:57:52,2024-03-17,191,18,Online,Credit Card,COUPON99--,1.28,AUD
333598,2024-03-17T18:45:04,2024-03-17,487,7,Online,PayPal,COUPON0-Z-,13.58,AUD
333611,2024-03-17T05:18:58,2024-03-17,590,16,Retail,Credit Card,COUPONZ--9,3.19,AUD
333626,2024-03-17T19:13:53,2024-03-17,159,45,Online,Credit Card,COUPON--9-,12.73,AUD
333866,2024-03-17T23:15:52,2024-03-17,364,49,Online,PayPal,COUPONZ9Z-,19.15,AUD
333901,2024-03-17T07:43:20,2024-03-17,295,20,Retail,Credit Card,COUPONA9Z9,4.86,AUD
333908,2024-03-17T02:14:56,2024-03-17,290,13,Online,PayPal,COUPON0Z-0,2.06,AUD
334061,2024-03-17T03:36:16,2024-03-17,684,11,Online,Afterpay,COUPON99--,12.9,AUD
334079,2024-03-17T18:29:05,2024-03-17,739,39,Online,Afterpay,COUPONZ-0-,8.08,AUD
334335,2024-03-17T20:04:22,2024-03-17,21,25,Retail,Afterpay,COUPONA-9Z,10.76,AUD
334414,2024-03-17T18:07:47,2024-03-17,546,22,Online,PayPal,COUPON99AA,12.18,AUD
334548,2024-03-17T02:28:00,2024-03-17,221,33,Retail,PayPal,COUPONZ9--,18.53,AUD
334559,2024-03-17T15:51:47,2024-03-17,92,14,Retail,Afterpay,COUPON--9-,3.43,AUD
334585,2024-03-17T23:36:56,2024-03-17,750,5,Online,Credit Card,COUPONAAA-,1.31,AUD
334604,2024-03-17T20:24:54,2024-03-17,487,30,Online,PayPal,COUPONZZ-Z,19.28,AUD
334625,2024-03-17T17:15:00,2024-03-17,4,41,Retail,Afterpay,COUPON-9--,14.31,AUD
334716,2024-03-17T04:58:12,2024-03-17,691,30,Retail,Afterpay,COUPONA0AA,11.99,AUD
334740,2024-03-17T12:09:56,2024-03-17,469,37,Retail,Credit Card,COUPON9-00,14.7,AUD
334769,2024-03-17T22:22:34,2024-03-17,452,19,Retail,Credit Card,COUPON0-ZZ,10.78,AUD
334851,2024-03-17T18:51:25,2024-03-17,548,41,Retail,PayPal,COUPON-0A-,13.41,AUD
334892,2024-03-17T10:05:57,2024-03-17,779,34,Online,Credit Card,COUPONAAAA,10.44,AUD
335000,2024-03-17T19:11:58,2024-03-17,633,1,Online,Credit Card,COUPON00AZ,3.66,AUD
335030,2024-03-17T06:04:17,2024-03-17,92,15,Online,PayPal,COUPON0---,6.72,AUD
335306,2024-03-17T00:00:49,2024-03-17,369,45,Online,Afterpay,COUPON-Z99,2.96,AUD
335466,2024-03-17T12:11:36,2024-03-17,239,30,Online,PayPal,COUPON-009,19.97,AUD
335556,2024-03-17T14:05:23,2024-03-17,451,32,Online,Afterpay,COUPON--A-,16.03,AUD
335559,2024-03-17T07:02:20,2024-03-17,709,36,Online,Afterpay,COUPON-Z90,13.17,AUD
335590,2024-03-17T21:45:46,2024-03-17,379,37,Retail,PayPal,COUPON09AZ,3.51,AUD
335779,2024-03-17T13:01:26,2024-03-17,265,38,Online,PayPal,COUPON99--,17.33,AUD
335791,2024-03-17T03:28:56,2024-03-17,740,43,Online,PayPal,COUPON0-ZA,15.27,AUD
335810,2024-03-17T17:01:51,2024-03-17,685,31,Online,Afterpay,COUPON9-A9,10.84,AUD
335879,2024-03-17T06:38:40,2024-03-17,468,27,Online,Credit Card,COUPON0-0-,13.77,AUD
335899,2024-03-17T00:01:17,2024-03-17,213,39,Retail,PayPal,COUPON00--,4.72,AUD
335923,2024-03-17T23:13:56,2024-03-17,515,24,Online,PayPal,COUPON00-0,2.33,AUD
335992,2024-03-17T18:34:01,2024-03-17,778,45,Retail,Afterpay,COUPON00--,1.72,AUD
336116,2024-03-17T07:41:45,2024-03-17,665,12,Online,PayPal,COUPON990-,10.42,AUD
336165,2024-03-17T17:57:20,2024-03-17,319,25,Online,Afterpay,COUPON0-00,15.6,AUD
336243,2024-03-17T22:30:10,2024-03-17,37,31,Retail,PayPal,COUPON0090,14.86,AUD
336273,2024-03-17T09:25:57,2024-03-17,439,23,Retail,Afterpay,COUPON090Z,4.9,AUD
336283,2024-03-17T11:00:42,2024-03-17,26,12,Retail,Afterpay,COUPON----,13.43,AUD
336290,2024-03-17T13:57:28,2024-03-17,335,1,Online,Afterpay,COUPONZ---,4.66,AUD
336315,2024-03-17T00:10:30,2024-03-17,666,28,Online,PayPal,COUPON9A-A,2.55,AUD
336400,2024-03-17T02:11:30,2024-03-17,588,48,Retail,PayPal,COUPON0--A,16.85,AUD
336423,2024-03-17T00:05:55,2024-03-17,65,36,Online,PayPal,COUPON-00-,6.97,AUD
336458,2024-03-17T20:18:29,2024-03-17,428,12,Retail,Afterpay,COUPONZAAA,6.55,AUD
336586,2024-03-17T00:10:50,2024-03-17,649,44,Online,Credit Card,COUPONZ09-,13.18,AUD
336591,2024-03-17T15:09:11,2024-03-17,278,40,Retail,Afterpay,COUPONA-9Z,11.15,AUD
337003,2024-03-17T18:58:50,2024-03-17,234,41,Retail,PayPal,COUPON0A--,11.37,AUD
337020,2024-03-17T11:13:56,2024-03-17,59,17,Online,Afterpay,COUPON-009,0.13,AUD
337096,2024-03-17T21:59:47,2024-03-17,96,43,Retail,PayPal,COUPON-9-0,11.67,AUD
337139,2024-03-17T12:21:28,2024-03-17,600,32,Retail,Credit Card,COUPONZ---,2.17,AUD
337263,2024-03-17T06:29:13,2024-03-17,596,13,Online,Afterpay,COUPON-00-,15.79,AUD
337344,2024-03-17T07:54:31,2024-03-17,26,19,Retail,Afterpay,COUPONZ-ZZ,4.3,AUD
337372,2024-03-17T06:07:48,2024-03-17,359,9,Retail,Credit Card,COUPON-A-0,7.78,AUD
337634,2024-03-17T02:48:44,2024-03-17,81,24,Online,PayPal,COUPON99-Z,8.86,AUD
337659,2024-03-17T03:41:52,2024-03-17,798,24,Online,Credit Card,COUPON9Z09,17.89,AUD
337723,2024-03-17T14:38:13,2024-03-17,143,18,Online,Afterpay,COUPON0-9-,16.86,AUD
337815,2024-03-17T12:36:11,2024-03-17,236,2,Retail,PayPal,COUPON0Z-9,13.01,AUD
337976,2024-03-17T02:49:46,2024-03-17,393,21,Online,Credit Card,COUPON-0--,15.87,AUD
338001,2024-03-17T15:21:50,2024-03-17,600,35,Online,Credit Card,COUPON-90-,0.02,AUD
338146,2024-03-17T19:06:35,2024-03-17,523,4,Online,PayPal,COUPONA9--,5.6,AUD
338381,2024-03-17T17:06:17,2024-03-17,659,2,Retail,PayPal,COUPON---9,17.48,AUD
338415,2024-03-17T21:33:12,2024-03-17,214,41,Online,PayPal,COUPON-0-0,19.28,AUD
338766,2024-03-17T22:03:15,2024-03-17,402,28,Online,Afterpay,COUPONZ-9A,13.13,AUD
338834,2024-03-17T18:33:48,2024-03-17,558,6,Online,Credit Card,COUPONA9Z0,4.88,AUD
338991,2024-03-17T20:57:43,2024-03-17,772,39,Retail,Afterpay,COUPONZ-9-,9.37,AUD
339082,2024-03-17T04:10:49,2024-03-17,592,37,Online,Credit Card,COUPON90--,2.73,AUD
339729,2024-03-17T07:22:46,2024-03-17,302,2,Online,Credit Card,COUPONA0--,6.25,AUD
339962,2024-03-17T10:46:22,2024-03-17,634,8,Online,Afterpay,COUPON-9-A,19.66,AUD
339992,2024-03-17T05:34:19,2024-03-17,319,36,Online,Credit Card,COUPON009Z,17.53,AUD
340015,2024-03-17T19:37:19,2024-03-17,767,20,Retail,Afterpay,COUPON9---,2.58,AUD
340045,2024-03-17T20:09:23,2024-03-17,642,48,Retail,Credit Card,COUPON00A-,7.47,AUD
340110,2024-03-17T22:35:39,2024-03-17,359,43,Retail,Credit Card,COUPON-Z--,15.75,AUD
340259,2024-03-17T10:13:22,2024-03-17,167,48,Retail,PayPal,COUPON-ZA9,12.07,AUD
340346,2024-03-17T07:43:14,2024-03-17,642,2,Retail,Afterpay,COUPON99--,11.19,AUD
340398,2024-03-17T00:33:40,2024-03-17,555,42,Online,PayPal,COUPON099-,8.31,AUD
340613,2024-03-17T11:40:51,2024-03-17,316,41,Online,PayPal,COUPON-A-9,7.65,AUD
340847,2024-03-17T05:41:24,2024-03-17,363,45,Retail,PayPal,COUPON-A09,5.2,AUD
340914,2024-03-17T10:11:26,2024-03-17,205,42,Online,Afterpay,COUPON0---,11.57,AUD
340927,2024-03-17T07:01:35,2024-03-17,777,38,Online,Credit Card,COUPON--A-,8.27,AUD
340975,2024-03-17T08:04:39,2024-03-17,520,8,Retail,Credit Card,COUPONZ-Z-,9.82,AUD
341075,2024-03-17T01:40:12,2024-03-17,494,18,Retail,PayPal,COUPONZ-A-,16.58,AUD
341079,2024-03-17T01:12:50,2024-03-17,624,23,Retail,Afterpay,COUPONA-A9,17.58,AUD
341173,2024-03-17T14:50:14,2024-03-17,641,1,Online,Afterpay,COUPON-0--,16.25,AUD
341394,2024-03-17T21:05:45,2024-03-17,28,40,Online,Afterpay,COUPON99Z-,15.81,AUD
341432,2024-03-17T12:41:12,2024-03-17,383,47,Retail,Afterpay,COUPON-00Z,1.72,AUD
341482,2024-03-17T18:55:17,2024-03-17,734,8,Online,Credit Card,COUPONA---,1.49,AUD
341556,2024-03-17T20:31:57,2024-03-17,79,4,Online,PayPal,COUPONZ0--,13.4,AUD
341613,2024-03-17T22:42:40,2024-03-17,776,42,Retail,PayPal,COUPON-A0-,15.09,AUD
341631,2024-03-17T23:56:17,2024-03-17,662,21,Retail,PayPal,COUPONZAAA,8.34,AUD
341665,2024-03-17T00:10:54,2024-03-17,252,16,Online,PayPal,COUPON9900,8.14,AUD
341740,2024-03-17T08:11:56,2024-03-17,366,48,Retail,PayPal,COUPON0---,14.2,AUD
341848,2024-03-17T18:26:40,2024-03-17,272,6,Online,PayPal,COUPON0Z-9,4.27,AUD
341954,2024-03-17T17:16:34,2024-03-17,369,49,Online,Credit Card,COUPONZZ-A,7.43,AUD
342080,2024-03-17T05:25:09,2024-03-17,412,49,Online,PayPal,COUPONAZ-Z,2.98,AUD
342186,2024-03-17T17:42:42,2024-03-17,698,11,Retail,Afterpay,COUPON---0,13.77,AUD
342194,2024-03-17T22:19:25,2024-03-17,99,27,Retail,Afterpay,COUPON-0-0,5.27,AUD
342288,2024-03-17T04:33:46,2024-03-17,709,46,Online,Afterpay,COUPON-Z09,5.28,AUD
342399,2024-03-17T11:34:24,2024-03-17,266,34,Online,Credit Card,COUPON0Z9A,15.96,AUD
342402,2024-03-17T16:59:57,2024-03-17,323,6,Retail,Credit Card,COUPON-AA-,5.56,AUD
342453,2024-03-17T20:12:46,2024-03-17,390,36,Retail,PayPal,COUPON--0Z,3.9,AUD
342687,2024-03-17T00:55:45,2024-03-17,200,15,Retail,Credit Card,COUPONA-ZA,15.32,AUD
342689,2024-03-17T20:52:38,2024-03-17,482,26,Online,Credit Card,COUPON9-Z0,14.71,AUD
342823,2024-03-17T17:33:02,2024-03-17,727,47,Online,Afterpay,COUPONZ0ZA,5.8,AUD
343048,2024-03-17T05:39:16,2024-03-17,648,14,Retail,Afterpay,COUPONZA99,7.76,AUD
343120,2024-03-17T15:41:50,2024-03-17,396,40,Retail,Credit Card,COUPON9A0A,1.24,AUD
343183,2024-03-17T04:30:09,2024-03-17,215,20,Online,PayPal,COUPON--99,9.75,AUD
343264,2024-03-17T12:05:01,2024-03-17,511,37,Online,PayPal,COUPON9-A-,17.29,AUD
343424,2024-03-17T00:28:30,2024-03-17,616,11,Online,Credit Card,COUPONZ0ZA,3.62,AUD
343557,2024-03-17T01:23:36,2024-03-17,489,13,Online,Credit Card,COUPON9ZAA,9.37,AUD
343667,2024-03-17T22:22:59,2024-03-17,169,41,Retail,PayPal,COUPON00--,1.3,AUD
343684,2024-03-17T04:22:28,2024-03-17,768,27,Online,PayPal,COUPON---9,8.11,AUD
344144,2024-03-17T06:28:01,2024-03-17,699,39,Retail,Credit Card,COUPON-0Z-,4.32,AUD
344174,2024-03-17T10:28:49,2024-03-17,162,10,Online,PayPal,COUPONAA--,4.38,AUD
344469,2024-03-17T04:18:45,2024-03-17,491,7,Retail,Credit Card,COUPONA9A-,9.7,AUD
344504,2024-03-17T04:28:26,2024-03-17,213,42,Retail,PayPal,COUPONAA--,17.43,AUD
344585,2024-03-17T03:27:27,2024-03-17,684,3,Online,Credit Card,COUPONA9Z9,6.83,AUD
345051,2024-03-17T18:18:38,2024-03-17,356,24,Retail,Afterpay,COUPON---A,16.8,AUD
345061,2024-03-17T19:48:29,2024-03-17,145,14,Retail,Credit Card,COUPONAZ-Z,4.5,AUD
345085,2024-03-17T12:50:42,2024-03-17,285,41,Online,PayPal,COUPONA-0-,11.39,AUD
345126,2024-03-17T15:41:36,2024-03-17,462,40,Retail,PayPal,COUPON-AA-,11.18,AUD
345217,2024-03-17T04:36:19,2024-03-17,586,18,Online,PayPal,COUPON0A09,9.56,AUD
345221,2024-03-17T18:19:21,2024-03-17,666,34,Retail,Afterpay,COUPON99-0,16.8,AUD
345394,2024-03-17T12:34:02,2024-03-17,752,21,Online,Credit Card,COUPONZZZ9,0.44,AUD
345540,2024-03-17T13:07:14,2024-03-17,638,48,Retail,Credit Card,COUPON9-A-,12.92,AUD
345574,2024-03-17T12:37:22,2024-03-17,18,32,Online,Afterpay,COUPON--Z-,18.54,AUD
345575,2024-03-17T03:20:33,2024-03-17,365,8,Retail,Credit Card,COUPON-0-9,17.15,AUD
345631,2024-03-17T22:48:18,2024-03-17,673,12,Online,Afterpay,COUPON--0A,17.86,AUD
345839,2024-03-17T15:37:16,2024-03-17,26,37,Retail,Afterpay,COUPON90A0,13.21,AUD
345943,2024-03-17T14:13:07,2024-03-17,609,49,Online,PayPal,COUPONZAZ9,13.28,AUD
346007,2024-03-17T13:23:39,2024-03-17,246,1,Retail,PayPal,COUPONA-Z-,5.83,AUD
346084,2024-03-17T19:59:59,2024-03-17,296,33,Retail,Credit Card,COUPONZ---,17.31,AUD
346233,2024-03-17T16:33:43,2024-03-17,770,4,Retail,Afterpay,COUPON-099,12.15,AUD
346273,2024-03-17T03:12:12,2024-03-17,437,36,Online,Afterpay,COUPON-9-9,2.33,AUD
346282,2024-03-17T04:53:25,2024-03-17,390,17,Online,Afterpay,COUPON-9--,14.06,AUD
346860,2024-03-17T09:49:26,2024-03-17,589,7,Online,Credit Card,COUPONZ-00,1.75,AUD
347010,2024-03-17T09:28:01,2024-03-17,40,41,Retail,PayPal,COUPONA9--,18.6,AUD
347074,2024-03-17T07:22:59,2024-03-17,140,22,Online,Afterpay,COUPON-Z0-,0.43,AUD
347223,2024-03-17T05:50:09,2024-03-17,660,12,Online,Credit Card,COUPON00Z-,18.7,AUD
347320,2024-03-17T16:17:30,2024-03-17,156,20,Retail,Afterpay,COUPON0ZA-,19.46,AUD
347333,2024-03-17T21:28:11,2024-03-17,91,9,Retail,Credit Card,COUPON9999,10.19,AUD
347382,2024-03-17T02:48:17,2024-03-17,766,44,Retail,Afterpay,COUPONA-Z-,1.32,AUD
347396,2024-03-17T05:27:54,2024-03-17,239,3,Retail,Credit Card,COUPON9-Z9,14.56,AUD
347484,2024-03-17T23:24:44,2024-03-17,189,30,Retail,Afterpay,COUPONA900,6.25,AUD
347516,2024-03-17T12:04:14,2024-03-17,769,29,Retail,Credit Card,COUPON0AAZ,10.81,AUD
347626,2024-03-17T12:15:17,2024-03-17,715,10,Online,Afterpay,COUPONZ0-9,1.49,AUD
347737,2024-03-17T20:43:27,2024-03-17,239,29,Online,Credit Card,COUPON-99Z,5.39,AUD
347809,2024-03-17T01:50:52,2024-03-17,251,1,Retail,PayPal,COUPON9---,14.77,AUD
347828,2024-03-17T04:49:02,2024-03-17,42,29,Retail,Credit Card,COUPON--A9,2.74,AUD
347830,2024-03-17T22:49:55,2024-03-17,313,5,Online,Credit Card,COUPON---0,9.48,AUD
348170,2024-03-17T05:59:31,2024-03-17,590,34,Online,PayPal,COUPON0ZZ9,2.35,AUD
348183,2024-03-17T15:59:23,2024-03-17,132,29,Online,PayPal,COUPON9AZ9,10.3,AUD
348257,2024-03-17T12:02:02,2024-03-17,744,1,Retail,PayPal,COUPON90-A,4.07,AUD
348395,2024-03-17T10:05:17,2024-03-17,428,7,Online,Credit Card,COUPON---A,4.33,AUD
348553,2024-03-17T05:50:04,2024-03-17,44,48,Retail,PayPal,COUPON-Z09,1.66,AUD
348789,2024-03-17T21:05:07,2024-03-17,30,35,Retail,PayPal,COUPON-A-0,8.36,AUD
348808,2024-03-17T03:45:34,2024-03-17,297,37,Retail,Afterpay,COUPONZ90Z,10.83,AUD
348829,2024-03-17T21:48:58,2024-03-17,405,25,Online,Credit Card,COUPON0A-0,9.58,AUD
349011,2024-03-17T04:30:12,2024-03-17,289,25,Online,PayPal,COUPON0-AZ,2.19,AUD
349259,2024-03-17T03:41:24,2024-03-17,160,13,Retail,Credit Card,COUPONZ09-,18.3,AUD
349323,2024-03-17T11:54:48,2024-03-17,477,25,Retail,Afterpay,COUPON99-A,10.72,AUD
349416,2024-03-17T04:13:55,2024-03-17,459,36,Online,PayPal,COUPONZ090,8.81,AUD
349565,2024-03-17T14:54:57,2024-03-17,694,32,Online,PayPal,COUPON9-A0,15.32,AUD
349588,2024-03-17T06:14:28,2024-03-17,299,24,Online,Credit Card,COUPONA--A,11.55,AUD
349618,2024-03-17T15:47:17,2024-03-17,166,24,Online,Afterpay,COUPONZ00-,2.15,AUD
349737,2024-03-17T23:34:06,2024-03-17,712,42,Retail,Credit Card,COUPON90-9,0.12,AUD
349758,2024-03-17T08:05:26,2024-03-17,35,13,Online,Credit Card,COUPON---Z,3.14,AUD
349821,2024-03-17T11:53:26,2024-03-17,338,49,Retail,Credit Card,COUPONZ--9,2.46,AUD
349843,2024-03-17T11:00:11,2024-03-17,285,26,Retail,Afterpay,COUPONZ---,13.71,AUD
349915,2024-03-17T12:24:31,2024-03-17,25,28,Retail,Afterpay,COUPON90A-,1.77,AUD
349996,2024-03-17T04:14:29,2024-03-17,682,6,Retail,Credit Card,COUPON09AZ,13.12,AUD
350068,2024-03-17T19:50:34,2024-03-17,231,18,Online,Credit Card,COUPON0A-Z,19.76,AUD
350076,2024-03-17T15:41:19,2024-03-17,309,43,Retail,PayPal,COUPON-Z09,7.16,AUD
350079,2024-03-17T22:24:17,2024-03-17,161,25,Online,Credit Card,COUPON-00-,8.67,AUD
350146,2024-03-17T06:47:51,2024-03-17,57,23,Retail,PayPal,COUPONZZ--,15.81,AUD
350208,2024-03-17T02:38:38,2024-03-17,337,5,Online,PayPal,COUPON0--9,9.75,AUD
350209,2024-03-17T14:41:25,2024-03-17,564,11,Retail,PayPal,COUPON99A-,18.31,AUD
350302,2024-03-17T11:25:56,2024-03-17,90,12,Retail,Afterpay,COUPON9--A,5.03,AUD
350331,2024-03-17T04:32:26,2024-03-17,678,48,Retail,Afterpay,COUPON99AA,1.24,AUD
350449,2024-03-17T02:24:51,2024-03-17,163,41,Retail,Afterpay,COUPON99-Z,0.37,AUD
350708,2024-03-17T19:11:25,2024-03-17,356,20,Retail,Credit Card,COUPON90--,9.76,AUD
350746,2024-03-17T15:41:35,2024-03-17,476,11,Online,Afterpay,COUPON---0,10.28,AUD
350777,2024-03-17T08:05:43,2024-03-17,9,11,Retail,PayPal,COUPONZ-Z9,14.84,AUD
350778,2024-03-17T07:54:32,2024-03-17,592,28,Online,PayPal,COUPON--Z-,4.75,AUD
350829,2024-03-17T08:21:16,2024-03-17,654,29,Online,Afterpay,COUPONAZAA,18.93,AUD
350854,2024-03-17T10:59:12,2024-03-17,430,32,Online,Afterpay,COUPONA9Z-,8.49,AUD
350957,2024-03-17T08:26:48,2024-03-17,767,26,Retail,PayPal,COUPON9Z0-,14.2,AUD
350972,2024-03-17T09:36:00,2024-03-17,15,27,Retail,Afterpay,COUPON-Z0-,14.92,AUD
351270,2024-03-17T09:07:35,2024-03-17,488,23,Retail,Credit Card,COUPON9Z9-,14.77,AUD
351357,2024-03-17T12:43:34,2024-03-17,580,40,Online,PayPal,COUPON--90,4.18,AUD
351579,2024-03-17T17:24:57,2024-03-17,14,22,Retail,PayPal,COUPON0ZZA,18.26,AUD
351687,2024-03-17T19:54:56,2024-03-17,366,9,Retail,Afterpay,COUPON09A0,15.28,AUD
351706,2024-03-17T07:05:26,2024-03-17,274,31,Online,Credit Card,COUPON09--,0.73,AUD
351721,2024-03-17T15:18:20,2024-03-17,717,1,Online,Credit Card,COUPON0--9,1.41,AUD
351734,2024-03-17T11:48:50,2024-03-17,401,49,Online,Afterpay,COUPON9ZA9,5.45,AUD
351741,2024-03-17T15:51:39,2024-03-17,419,25,Retail,PayPal,COUPON-Z99,10.2,AUD
351794,2024-03-17T03:28:46,2024-03-17,680,11,Online,PayPal,COUPON9Z--,3.3,AUD
351812,2024-03-17T19:38:55,2024-03-17,743,7,Retail,Credit Card,COUPON9-9-,4.32,AUD
351849,2024-03-17T23:33:22,2024-03-17,244,29,Online,PayPal,COUPONZ0--,12.15,AUD
351858,2024-03-17T04:23:21,2024-03-17,369,22,Online,Credit Card,COUPONZ-0Z,2.4,AUD
351913,2024-03-17T02:49:38,2024-03-17,715,47,Online,PayPal,COUPON-Z0A,18.32,AUD
351949,2024-03-17T15:36:13,2024-03-17,211,28,Retail,Afterpay,COUPONZ-90,15.95,AUD
351950,2024-03-17T08:41:37,2024-03-17,304,27,Online,Credit Card,COUPON-ZA0,18.24,AUD
352065,2024-03-17T15:54:16,2024-03-17,501,27,Retail,Afterpay,COUPON9Z00,12.14,AUD
352138,2024-03-17T09:30:42,2024-03-17,234,21,Retail,PayPal,COUPONA--Z,15.79,AUD
352151,2024-03-17T15:01:03,2024-03-17,706,37,Retail,Afterpay,COUPON90A0,10.46,AUD
352416,2024-03-17T09:23:51,2024-03-17,673,3,Retail,Afterpay,COUPON-0A-,1.49,AUD
352511,2024-03-17T05:50:53,2024-03-17,762,42,Retail,PayPal,COUPON9A--,19.12,AUD
352743,2024-03-17T10:02:29,2024-03-17,343,43,Online,Credit Card,COUPON9ZZ0,2.7,AUD
352780,2024-03-17T06:56:09,2024-03-17,171,12,Retail,PayPal,COUPON990Z,12.5,AUD
352928,2024-03-17T06:45:50,2024-03-17,256,25,Retail,Credit Card,COUPONA-AZ,15.07,AUD
353026,2024-03-17T10:11:57,2024-03-17,233,14,Retail,PayPal,COUPON-ZA-,0.34,AUD
353283,2024-03-17T18:14:53,2024-03-17,248,6,Retail,PayPal,COUPONA090,10.38,AUD
353392,2024-03-17T06:56:26,2024-03-17,343,38,Retail,Afterpay,COUPON-AZZ,9.0,AUD
353481,2024-03-17T10:52:19,2024-03-17,546,24,Online,PayPal,COUPON-9Z-,13.52,AUD
353498,2024-03-17T02:58:06,2024-03-17,104,39,Retail,Credit Card,COUPON9AZ9,2.0,AUD
353805,2024-03-17T15:39:23,2024-03-17,544,40,Online,PayPal,COUPON90-9,11.27,AUD
353879,2024-03-17T01:51:34,2024-03-17,271,32,Online,Afterpay,COUPONA9A-,3.69,AUD
353885,2024-03-17T20:26:37,2024-03-17,149,10,Retail,Credit Card,COUPON--9Z,15.28,AUD
353912,2024-03-17T04:31:54,2024-03-17,530,22,Retail,PayPal,COUPONAZ--,18.48,AUD
353961,2024-03-17T19:39:10,2024-03-17,457,25,Online,Credit Card,COUPON0---,3.11,AUD
354215,2024-03-17T11:21:34,2024-03-17,144,43,Online,PayPal,COUPON9AZA,5.64,AUD
354409,2024-03-17T12:13:59,2024-03-17,84,37,Retail,Credit Card,COUPON-ZZ9,5.79,AUD
354490,2024-03-17T16:55:30,2024-03-17,539,45,Retail,PayPal,COUPON----,4.39,AUD
354670,2024-03-17T13:26:58,2024-03-17,556,39,Online,PayPal,COUPONA9-Z,13.2,AUD
354711,2024-03-17T06:45:55,2024-03-17,635,35,Online,Afterpay,COUPON9-A0,8.7,AUD
354801,2024-03-17T03:29:31,2024-03-17,291,13,Online,PayPal,COUPON-Z--,0.94,AUD
354827,2024-03-17T02:46:26,2024-03-17,618,21,Retail,PayPal,COUPON09A9,11.88,AUD
354863,2024-03-17T17:05:41,2024-03-17,616,12,Retail,PayPal,COUPON-ZZ0,2.01,AUD
354912,2024-03-17T08:05:05,2024-03-17,753,46,Online,PayPal,COUPON9--0,10.3,AUD
354925,2024-03-17T15:52:12,2024-03-17,694,31,Retail,Credit Card,COUPON0-ZA,13.58,AUD
354974,2024-03-17T20:04:55,2024-03-17,506,6,Retail,Credit Card,COUPONZA90,1.77,AUD
355061,2024-03-17T03:06:28,2024-03-17,428,11,Online,Credit Card,COUPONA0--,14.71,AUD
355063,2024-03-17T12:14:49,2024-03-17,798,5,Retail,Afterpay,COUPON---A,13.99,AUD
355080,2024-03-17T01:10:34,2024-03-17,7,2,Online,Afterpay,COUPON--A-,19.2,AUD
355083,2024-03-17T07:45:53,2024-03-17,73,11,Retail,Credit Card,COUPONZ009,19.14,AUD
355186,2024-03-17T11:37:41,2024-03-17,184,44,Retail,PayPal,COUPON9AAZ,4.73,AUD
355193,2024-03-17T18:04:59,2024-03-17,258,41,Retail,Credit Card,COUPON0AA-,6.01,AUD
355195,2024-03-17T20:57:32,2024-03-17,136,12,Online,PayPal,COUPON0AZ9,4.16,AUD
355510,2024-03-17T03:15:23,2024-03-17,362,20,Online,Afterpay,COUPON9-A9,0.49,AUD
355575,2024-03-17T07:58:18,2024-03-17,776,24,Retail,Afterpay,COUPON-A9-,11.61,AUD
355998,2024-03-17T09:32:03,2024-03-17,140,42,Retail,Afterpay,COUPONA---,2.04,AUD
356004,2024-03-17T17:54:10,2024-03-17,708,2,Retail,Afterpay,COUPON---A,13.25,AUD
356113,2024-03-17T06:23:19,2024-03-17,219,17,Retail,PayPal,COUPONAZA-,14.73,AUD
356149,2024-03-17T16:07:36,2024-03-17,544,37,Online,PayPal,COUPON0A-0,18.85,AUD
356305,2024-03-17T08:59:28,2024-03-17,83,43,Online,PayPal,COUPON-AZ-,6.75,AUD
356411,2024-03-17T19:54:05,2024-03-17,114,12,Retail,PayPal,COUPON--A9,8.05,AUD
356616,2024-03-17T16:59:58,2024-03-17,314,24,Online,PayPal,COUPONZ09-,1.44,AUD
356648,2024-03-17T03:17:52,2024-03-17,592,15,Online,PayPal,COUPONA0--,14.91,AUD
356729,2024-03-17T09:01:24,2024-03-17,613,33,Retail,PayPal,COUPON99Z-,18.89,AUD
356789,2024-03-17T04:49:09,2024-03-17,722,32,Online,PayPal,COUPONA--9,6.25,AUD
357049,2024-03-17T10:59:29,2024-03-17,369,31,Retail,PayPal,COUPONAZ90,9.14,AUD
357175,2024-03-17T09:51:39,2024-03-17,300,8,Retail,PayPal,COUPON-Z09,19.24,AUD
357189,2024-03-17T21:37:02,2024-03-17,436,23,Online,Credit Card,COUPON-990,13.64,AUD
357236,2024-03-17T04:05:10,2024-03-17,277,16,Online,PayPal,COUPON00--,12.46,AUD
357413,2024-03-17T03:26:12,2024-03-17,635,23,Retail,Credit Card,COUPONA--Z,18.62,AUD
357496,2024-03-17T15:48:09,2024-03-17,579,23,Retail,Afterpay,COUPONA-AA,0.06,AUD
357792,2024-03-17T02:45:38,2024-03-17,659,36,Retail,Credit Card,COUPON0AAZ,8.45,AUD
357807,2024-03-17T09:54:34,2024-03-17,598,46,Retail,Credit Card,COUPON----,0.88,AUD
357942,2024-03-17T19:57:03,2024-03-17,33,47,Online,PayPal,COUPON009-,17.14,AUD
357963,2024-03-17T17:12:34,2024-03-17,43,44,Online,Afterpay,COUPON99A0,11.49,AUD
358104,2024-03-17T22:41:18,2024-03-17,109,33,Online,PayPal,COUPONZ0Z0,5.75,AUD
358152,2024-03-17T04:22:39,2024-03-17,566,2,Online,Afterpay,COUPONZ-99,7.89,AUD
358214,2024-03-17T11:06:35,2024-03-17,509,5,Online,PayPal,COUPON-Z--,12.66,AUD
358446,2024-03-17T04:57:00,2024-03-17,753,39,Retail,Credit Card,COUPON-9-9,1.9,AUD
358453,2024-03-17T02:57:53,2024-03-17,130,41,Online,Credit Card,COUPON-9-9,3.09,AUD
358593,2024-03-17T18:26:44,2024-03-17,707,3,Retail,Afterpay,COUPON--9Z,13.29,AUD
358798,2024-03-17T18:52:28,2024-03-17,512,1,Online,Afterpay,COUPON0ZA9,15.38,AUD
358934,2024-03-17T08:45:21,2024-03-17,507,6,Online,Afterpay,COUPON--90,8.8,AUD
358956,2024-03-17T02:14:51,2024-03-17,313,45,Online,Credit Card,COUPON--Z-,5.03,AUD
359032,2024-03-17T15:21:03,2024-03-17,291,13,Retail,Credit Card,COUPONA0Z9,6.51,AUD
359130,2024-03-17T00:49:31,2024-03-17,570,35,Online,Afterpay,COUPON-A-0,8.18,AUD
359184,2024-03-17T10:13:38,2024-03-17,430,48,Retail,Afterpay,COUPONAA9-,5.96,AUD
359279,2024-03-17T04:56:26,2024-03-17,120,2,Retail,Afterpay,COUPON0Z-Z,3.75,AUD
359408,2024-03-17T19:42:01,2024-03-17,697,47,Online,Afterpay,COUPONZ-Z-,16.3,AUD
359422,2024-03-17T23:53:43,2024-03-17,487,29,Online,Credit Card,COUPON09--,11.26,AUD
359515,2024-03-17T20:29:05,2024-03-17,320,36,Retail,Afterpay,COUPON-ZA9,7.37,AUD
359746,2024-03-17T17:31:50,2024-03-17,297,10,Online,Credit Card,COUPONZ0-0,18.58,AUD
359855,2024-03-17T15:45:54,2024-03-17,63,38,Online,PayPal,COUPON90ZZ,0.49,AUD
359896,2024-03-17T20:13:18,2024-03-17,331,40,Online,Credit Card,COUPONZ0--,18.82,AUD
359898,2024-03-17T11:00:33,2024-03-17,116,15,Retail,Credit Card,COUPONAA9-,17.15,AUD
360014,2024-03-17T03:36:35,2024-03-17,505,48,Online,Credit Card,COUPON0ZZ-,12.55,AUD
360026,2024-03-17T15:56:29,2024-03-17,179,20,Retail,Afterpay,COUPONZA-A,11.11,AUD
360036,2024-03-17T17:43:33,2024-03-17,692,4,Online,Afterpay,COUPON0A--,10.5,AUD
360175,2024-03-17T07:22:09,2024-03-17,198,1,Retail,PayPal,COUPONAZA9,10.54,AUD
360361,2024-03-17T15:26:27,2024-03-17,52,43,Retail,Afterpay,COUPON-99A,17.78,AUD
360442,2024-03-17T16:38:25,2024-03-17,756,22,Online,Afterpay,COUPON9A9-,13.02,AUD
360464,2024-03-17T21:52:20,2024-03-17,793,36,Retail,PayPal,COUPONZ-0-,1.18,AUD
360498,2024-03-17T22:49:33,2024-03-17,407,18,Retail,Credit Card,COUPON0AA-,0.17,AUD
360593,2024-03-17T15:57:13,2024-03-17,639,14,Retail,Credit Card,COUPON-9--,19.63,AUD
360759,2024-03-17T14:06:57,2024-03-17,423,32,Online,Afterpay,COUPON-A0-,11.54,AUD
360919,2024-03-17T08:25:19,2024-03-17,371,26,Retail,Credit Card,COUPON---0,7.58,AUD
361107,2024-03-17T22:07:55,2024-03-17,447,17,Online,Credit Card,COUPON--Z9,1.14,AUD
361109,2024-03-17T15:33:04,2024-03-17,95,21,Retail,Afterpay,COUPONA99Z,9.41,AUD
361358,2024-03-17T16:09:09,2024-03-17,706,37,Online,Credit Card,COUPONZ9-9,2.1,AUD
361362,2024-03-17T14:10:20,2024-03-17,670,35,Retail,Credit Card,COUPON-A--,10.21,AUD
361513,2024-03-17T05:40:46,2024-03-17,684,21,Retail,Credit Card,COUPON-90-,8.78,AUD
361765,2024-03-17T15:51:12,2024-03-17,709,26,Retail,Afterpay,COUPON--9-,8.22,AUD
361772,2024-03-17T12:47:28,2024-03-17,602,27,Online,Credit Card,COUPONZ-9A,4.15,AUD
361786,2024-03-17T23:58:40,2024-03-17,444,40,Online,PayPal,COUPON-Z99,4.21,AUD
361869,2024-03-17T18:16:30,2024-03-17,251,47,Retail,PayPal,COUPON-90A,18.24,AUD
361983,2024-03-17T14:11:37,2024-03-17,564,15,Online,Credit Card,COUPONZ0A-,3.08,AUD
361996,2024-03-17T18:38:22,2024-03-17,436,34,Online,Credit Card,COUPONZ-A-,7.41,AUD
362008,2024-03-17T05:06:20,2024-03-17,739,26,Online,Credit Card,COUPONZ-Z9,3.95,AUD
362090,2024-03-17T01:12:41,2024-03-17,330,40,Online,Afterpay,COUPONA999,12.92,AUD
362357,2024-03-17T20:04:21,2024-03-17,20,45,Retail,Credit Card,COUPONAZA-,8.35,AUD
362569,2024-03-17T07:32:41,2024-03-17,328,20,Online,Credit Card,COUPONAAZA,18.5,AUD
362590,2024-03-17T14:02:53,2024-03-17,635,25,Retail,Credit Card,COUPON-A0Z,1.27,AUD
362668,2024-03-17T20:38:26,2024-03-17,640,38,Online,Afterpay,COUPON0099,10.32,AUD
362833,2024-03-17T10:29:39,2024-03-17,192,38,Online,Afterpay,COUPONAAZZ,7.62,AUD
363055,2024-03-17T15:54:37,2024-03-17,216,34,Retail,Credit Card,COUPON9---,14.46,AUD
363090,2024-03-17T19:43:49,2024-03-17,260,26,Online,Afterpay,COUPON9--9,2.52,AUD
363110,2024-03-17T00:08:19,2024-03-17,783,41,Online,Afterpay,COUPON-99-,16.67,AUD
363226,2024-03-17T17:10:23,2024-03-17,723,14,Retail,Afterpay,COUPON90Z-,7.61,AUD
363230,2024-03-17T10:27:49,2024-03-17,111,15,Online,Afterpay,COUPONA-09,9.48,AUD
363412,2024-03-17T11:01:38,2024-03-17,394,23,Retail,Afterpay,COUPONA-90,1.01,AUD
363470,2024-03-17T16:00:43,2024-03-17,189,34,Online,Afterpay,COUPON-9-9,15.27,AUD
363637,2024-03-17T02:43:16,2024-03-17,665,38,Retail,PayPal,COUPON0-A0,12.09,AUD
363664,2024-03-17T01:51:41,2024-03-17,275,42,Online,Afterpay,COUPON--00,19.04,AUD
363727,2024-03-17T13:24:47,2024-03-17,403,44,Online,Credit Card,COUPONA9-A,5.01,AUD
364024,2024-03-17T05:29:45,2024-03-17,130,4,Online,Afterpay,COUPON99Z-,2.22,AUD
364070,2024-03-17T01:08:24,2024-03-17,381,3,Retail,PayPal,COUPONZ-00,0.38,AUD
364151,2024-03-17T21:49:40,2024-03-17,665,30,Retail,Credit Card,COUPON-A0-,18.18,AUD
364265,2024-03-17T04:11:11,2024-03-17,443,40,Online,PayPal,COUPON-0-Z,19.48,AUD
364375,2024-03-17T09:46:22,2024-03-17,541,30,Retail,Credit Card,COUPON9Z-0,3.3,AUD
364762,2024-03-17T07:09:01,2024-03-17,235,23,Online,Afterpay,COUPON9-A0,18.48,AUD
364931,2024-03-17T09:19:27,2024-03-17,545,31,Retail,PayPal,COUPONAAA9,16.04,AUD
364983,2024-03-17T11:23:27,2024-03-17,258,29,Online,Credit Card,COUPON-9A0,2.09,AUD
365014,2024-03-17T11:09:39,2024-03-17,62,9,Online,Credit Card,COUPON-A0-,4.27,AUD
365045,2024-03-17T06:50:35,2024-03-17,425,19,Retail,Credit Card,COUPONZ999,7.19,AUD
365067,2024-03-17T10:14:42,2024-03-17,628,14,Online,PayPal,COUPON0ZA0,9.41,AUD
365226,2024-03-17T13:08:33,2024-03-17,301,17,Retail,PayPal,COUPON--AZ,17.86,AUD
365295,2024-03-17T16:32:41,2024-03-17,632,12,Retail,Credit Card,COUPON-ZAZ,7.68,AUD
365383,2024-03-17T22:28:39,2024-03-17,281,8,Online,PayPal,COUPON-0--,16.55,AUD
365461,2024-03-17T20:23:38,2024-03-17,700,23,Online,Credit Card,COUPONAZAA,15.16,AUD
365660,2024-03-17T20:15:30,2024-03-17,18,29,Online,Credit Card,COUPON099-,3.54,AUD
365812,2024-03-17T18:53:57,2024-03-17,361,3,Online,PayPal,COUPONA-00,1.79,AUD
365938,2024-03-17T00:59:31,2024-03-17,710,45,Retail,PayPal,COUPON-Z-9,6.74,AUD
366132,2024-03-17T04:04:07,2024-03-17,88,10,Online,PayPal,COUPON-AA-,15.67,AUD
366151,2024-03-17T19:59:05,2024-03-17,189,41,Online,Afterpay,COUPON0-9Z,1.8,AUD
366242,2024-03-17T12:38:39,2024-03-17,283,3,Online,Afterpay,COUPON-AZ9,17.88,AUD
366321,2024-03-17T04:02:29,2024-03-17,22,10,Online,Afterpay,COUPON90--,3.13,AUD
366336,2024-03-17T21:13:43,2024-03-17,549,33,Retail,Credit Card,COUPON-9-A,4.99,AUD
366485,2024-03-17T03:43:54,2024-03-17,344,18,Retail,PayPal,COUPONAA--,6.94,AUD
366742,2024-03-17T18:01:18,2024-03-17,738,35,Online,Afterpay,COUPON0-A0,4.74,AUD
366819,2024-03-17T14:39:53,2024-03-17,610,32,Online,PayPal,COUPON90--,15.32,AUD
366903,2024-03-17T18:18:48,2024-03-17,630,12,Retail,Afterpay,COUPONZAA9,15.86,AUD
367031,2024-03-17T18:06:06,2024-03-17,528,28,Retail,PayPal,COUPONZA-9,8.67,AUD
367046,2024-03-17T23:14:49,2024-03-17,702,4,Retail,Credit Card,COUPONZ9A-,9.0,AUD
367133,2024-03-17T04:02:56,2024-03-17,90,5,Online,PayPal,COUPON999-,4.68,AUD
367157,2024-03-17T13:24:11,2024-03-17,64,46,Online,Afterpay,COUPONZ-9-,12.22,AUD
367334,2024-03-17T20:30:39,2024-03-17,41,45,Retail,PayPal,COUPONA-0A,0.54,AUD
367386,2024-03-17T02:38:15,2024-03-17,570,49,Online,Credit Card,COUPON9AA9,16.47,AUD
367417,2024-03-17T22:52:06,2024-03-17,476,42,Retail,PayPal,COUPONZ9ZZ,12.28,AUD
367435,2024-03-17T11:28:11,2024-03-17,760,14,Retail,Credit Card,COUPON--Z-,3.4,AUD
367534,2024-03-17T02:37:31,2024-03-17,546,15,Online,Credit Card,COUPONZ-A-,16.76,AUD
367740,2024-03-17T16:37:58,2024-03-17,73,39,Retail,Credit Card,COUPONA-99,5.09,AUD
367944,2024-03-17T09:42:53,2024-03-17,577,25,Retail,Afterpay,COUPON99A-,9.93,AUD
367998,2024-03-17T02:32:43,2024-03-17,520,46,Online,Afterpay,COUPONZ9Z-,17.59,AUD
368057,2024-03-17T01:50:58,2024-03-17,540,35,Retail,PayPal,COUPON-Z-9,9.63,AUD
368111,2024-03-17T08:59:22,2024-03-17,468,36,Online,PayPal,COUPON-A0Z,19.47,AUD
368320,2024-03-17T05:20:36,2024-03-17,704,24,Online,Credit Card,COUPONZ00A,5.05,AUD
368475,2024-03-17T06:43:08,2024-03-17,576,21,Retail,Credit Card,COUPONA0AA,12.21,AUD
368528,2024-03-17T14:01:31,2024-03-17,156,16,Retail,PayPal,COUPON9Z-Z,8.98,AUD
368815,2024-03-17T11:12:20,2024-03-17,488,35,Retail,PayPal,COUPON9ZA-,1.99,AUD
368912,2024-03-17T04:35:38,2024-03-17,561,21,Online,Afterpay,COUPON09ZA,4.14,AUD
369011,2024-03-17T14:32:11,2024-03-17,507,30,Retail,Afterpay,COUPONA9-A,9.82,AUD
369024,2024-03-17T15:11:45,2024-03-17,507,29,Retail,Credit Card,COUPONZ-09,6.63,AUD
369033,2024-03-17T11:56:44,2024-03-17,460,42,Retail,PayPal,COUPON--0-,7.16,AUD
369048,2024-03-17T19:40:24,2024-03-17,360,19,Retail,Credit Card,COUPON0-Z-,8.11,AUD
369107,2024-03-17T10:17:22,2024-03-17,375,43,Retail,Credit Card,COUPON--A9,1.65,AUD
369116,2024-03-17T03:42:07,2024-03-17,45,31,Online,Afterpay,COUPON0ZZZ,16.06,AUD
369164,2024-03-17T23:49:01,2024-03-17,442,28,Online,Credit Card,COUPONA09-,17.99,AUD
369171,2024-03-17T22:02:22,2024-03-17,458,47,Retail,PayPal,COUPON---A,18.82,AUD
369283,2024-03-17T05:33:04,2024-03-17,797,40,Retail,Afterpay,COUPONZ-00,16.14,AUD
369305,2024-03-17T02:38:58,2024-03-17,567,20,Retail,Credit Card,COUPONAA--,9.96,AUD
369362,2024-03-17T10:16:40,2024-03-17,681,10,Online,PayPal,COUPON90AZ,6.6,AUD
369373,2024-03-17T01:21:54,2024-03-17,168,41,Retail,Afterpay,COUPONZ990,1.61,AUD
369551,2024-03-17T18:42:22,2024-03-17,469,26,Online,PayPal,COUPONZ-00,15.71,AUD
369620,2024-03-17T00:14:26,2024-03-17,296,37,Retail,Afterpay,COUPONZ-Z0,17.05,AUD
369872,2024-03-17T18:30:42,2024-03-17,254,25,Retail,Credit Card,COUPON-ZZ0,11.84,AUD
370042,2024-03-17T07:25:39,2024-03-17,537,21,Online,Credit Card,COUPON0-AA,8.63,AUD
370063,2024-03-17T04:56:18,2024-03-17,624,31,Online,Credit Card,COUPONAZ-A,15.16,AUD
370101,2024-03-17T07:16:40,2024-03-17,4,43,Online,PayPal,COUPON-0AZ,6.15,AUD
370186,2024-03-17T04:11:23,2024-03-17,233,19,Online,Afterpay,COUPONA999,18.65,AUD
370317,2024-03-17T03:27:03,2024-03-17,329,19,Retail,Credit Card,COUPON009-,4.12,AUD
370467,2024-03-17T07:51:42,2024-03-17,335,28,Retail,Afterpay,COUPONA0-0,7.64,AUD
370471,2024-03-17T00:21:00,2024-03-17,742,25,Online,Credit Card,COUPONZ0-9,17.82,AUD
370565,2024-03-17T19:49:11,2024-03-17,403,34,Online,PayPal,COUPON0-A-,1.85,AUD
370596,2024-03-17T15:21:13,2024-03-17,618,36,Online,Afterpay,COUPON9090,12.45,AUD
370610,2024-03-17T01:51:00,2024-03-17,640,35,Retail,Afterpay,COUPONA0-A,3.01,AUD
370623,2024-03-17T06:59:43,2024-03-17,5,43,Retail,PayPal,COUPON009Z,17.59,AUD
370671,2024-03-17T14:37:34,2024-03-17,213,22,Retail,Afterpay,COUPONA-9Z,1.87,AUD
370867,2024-03-17T13:55:42,2024-03-17,329,40,Online,Credit Card,COUPONA---,14.3,AUD
370880,2024-03-17T06:06:59,2024-03-17,462,41,Retail,PayPal,COUPON0---,13.64,AUD
370921,2024-03-17T19:22:12,2024-03-17,240,40,Online,Credit Card,COUPON00--,18.33,AUD
370988,2024-03-17T00:37:26,2024-03-17,431,48,Online,Afterpay,COUPON9-0Z,17.87,AUD
371010,2024-03-17T09:34:39,2024-03-17,635,31,Retail,Afterpay,COUPONZ0-0,5.86,AUD
371133,2024-03-17T12:29:40,2024-03-17,325,16,Retail,Credit Card,COUPON-9A-,2.44,AUD
371165,2024-03-17T14:28:22,2024-03-17,411,32,Online,Afterpay,COUPONA-AZ,17.15,AUD
371339,2024-03-17T05:07:53,2024-03-17,631,1,Online,Afterpay,COUPONZ09-,0.35,AUD
371520,2024-03-17T15:59:30,2024-03-17,379,13,Online,Afterpay,COUPONZA--,2.7,AUD
371571,2024-03-17T02:17:58,2024-03-17,626,18,Retail,Afterpay,COUPON9---,12.27,AUD
371603,2024-03-17T03:31:32,2024-03-17,384,8,Online,Credit Card,COUPON-0-9,11.58,AUD
371640,2024-03-17T05:24:53,2024-03-17,336,49,Online,Credit Card,COUPONZ-A9,7.56,AUD
371851,2024-03-17T21:35:56,2024-03-17,699,6,Online,PayPal,COUPON--9-,13.18,AUD
371891,2024-03-17T17:21:22,2024-03-17,672,43,Online,PayPal,COUPON0-Z-,14.1,AUD
371925,2024-03-17T19:11:04,2024-03-17,276,46,Online,Afterpay,COUPON-9A0,15.38,AUD
372212,2024-03-17T12:59:22,2024-03-17,145,12,Online,PayPal,COUPONA--9,19.81,AUD
372218,2024-03-17T00:58:34,2024-03-17,55,19,Online,Afterpay,COUPON9--A,5.13,AUD
372269,2024-03-17T21:12:29,2024-03-17,631,18,Retail,PayPal,COUPON-ZAZ,8.98,AUD
372286,2024-03-17T17:11:33,2024-03-17,787,40,Retail,PayPal,COUPON-A9-,15.21,AUD
372852,2024-03-17T17:59:13,2024-03-17,598,10,Retail,Afterpay,COUPON0009,2.42,AUD
372969,2024-03-17T13:35:56,2024-03-17,25,33,Online,Credit Card,COUPON0Z90,3.77,AUD
373115,2024-03-17T06:30:49,2024-03-17,774,39,Online,PayPal,COUPON--9Z,6.78,AUD
373287,2024-03-17T18:52:42,2024-03-17,744,40,Online,Credit Card,COUPON--9-,14.46,AUD
373320,2024-03-17T19:26:56,2024-03-17,416,24,Retail,Credit Card,COUPONZ-0-,11.97,AUD
373344,2024-03-17T19:29:52,2024-03-17,79,20,Online,Credit Card,COUPONZA-9,6.98,AUD
373441,2024-03-17T10:36:23,2024-03-17,151,36,Online,Credit Card,COUPON0A-A,10.13,AUD
373488,2024-03-17T07:13:26,2024-03-17,218,9,Retail,Afterpay,COUPON-Z-Z,11.7,AUD
373629,2024-03-17T10:52:02,2024-03-17,673,22,Online,Afterpay,COUPONZ--0,19.31,AUD
373667,2024-03-17T10:21:53,2024-03-17,161,22,Online,PayPal,COUPON0AA0,4.19,AUD
373708,2024-03-17T02:59:40,2024-03-17,775,25,Retail,PayPal,COUPONA0-Z,8.42,AUD
373716,2024-03-17T16:33:23,2024-03-17,61,3,Online,Afterpay,COUPON9ZZZ,1.74,AUD
373818,2024-03-17T12:01:36,2024-03-17,257,46,Retail,Credit Card,COUPONZ0-0,14.45,AUD
373951,2024-03-17T21:28:43,2024-03-17,473,29,Retail,Credit Card,COUPON--9A,5.91,AUD
373997,2024-03-17T23:23:36,2024-03-17,281,42,Retail,Afterpay,COUPONZ9--,18.36,AUD
374019,2024-03-17T08:11:11,2024-03-17,38,47,Retail,Credit Card,COUPON--9-,7.86,AUD
374033,2024-03-17T02:21:07,2024-03-17,3,35,Online,PayPal,COUPONZA0-,13.36,AUD
374076,2024-03-17T09:39:36,2024-03-17,419,45,Retail,PayPal,COUPON-0--,10.48,AUD
374095,2024-03-17T15:22:05,2024-03-17,629,13,Online,Credit Card,COUPONZ9--,8.34,AUD
374117,2024-03-17T00:41:10,2024-03-17,656,35,Retail,Afterpay,COUPON-Z-9,8.47,AUD
374155,2024-03-17T20:05:22,2024-03-17,746,12,Online,PayPal,COUPON9Z9A,10.21,AUD
374257,2024-03-17T21:58:56,2024-03-17,117,44,Online,PayPal,COUPONZ--9,14.78,AUD
374400,2024-03-17T13:20:48,2024-03-17,783,15,Online,Credit Card,COUPON--ZZ,11.38,AUD
374523,2024-03-17T04:49:24,2024-03-17,288,13,Online,PayPal,COUPONAAZ-,19.43,AUD
374559,2024-03-17T19:05:47,2024-03-17,214,49,Retail,PayPal,COUPONZ0Z-,11.65,AUD
374606,2024-03-17T11:49:16,2024-03-17,110,9,Online,Credit Card,COUPON--9-,6.96,AUD
374661,2024-03-17T23:39:36,2024-03-17,351,28,Online,Credit Card,COUPONA00-,17.97,AUD
374770,2024-03-17T01:23:27,2024-03-17,764,32,Online,Afterpay,COUPON0AA-,18.95,AUD
374882,2024-03-17T11:44:58,2024-03-17,572,13,Retail,Afterpay,COUPONA--A,0.67,AUD
374899,2024-03-17T17:31:21,2024-03-17,531,26,Retail,Credit Card,COUPON90-Z,3.26,AUD
374903,2024-03-17T08:31:20,2024-03-17,350,11,Retail,Afterpay,COUPONA9ZA,4.28,AUD
374971,2024-03-17T22:55:34,2024-03-17,253,13,Retail,Credit Card,COUPON-9Z0,2.56,AUD
374988,2024-03-17T11:47:01,2024-03-17,577,25,Online,PayPal,COUPON-A-A,3.29,AUD
375061,2024-03-17T19:48:32,2024-03-17,110,5,Retail,PayPal,COUPON0AAA,9.05,AUD
375301,2024-03-17T22:19:55,2024-03-17,419,42,Online,Afterpay,COUPON990Z,1.78,AUD
375374,2024-03-17T19:46:16,2024-03-17,623,13,Retail,PayPal,COUPON--A-,17.07,AUD
375441,2024-03-17T18:45:17,2024-03-17,32,40,Retail,Credit Card,COUPON--9-,19.7,AUD
375474,2024-03-17T14:54:02,2024-03-17,644,14,Online,PayPal,COUPON-90A,14.24,AUD
375478,2024-03-17T00:14:37,2024-03-17,583,6,Retail,PayPal,COUPON-A09,4.98,AUD
375514,2024-03-17T23:35:22,2024-03-17,792,32,Retail,PayPal,COUPON90Z-,6.65,AUD
375575,2024-03-17T20:14:16,2024-03-17,148,42,Retail,Credit Card,COUPONZA-A,9.3,AUD
375616,2024-03-17T01:39:40,2024-03-17,142,32,Retail,Afterpay,COUPON9ZAA,10.61,AUD
375704,2024-03-17T11:17:18,2024-03-17,254,30,Retail,Afterpay,COUPON0Z--,18.4,AUD
375792,2024-03-17T02:16:57,2024-03-17,210,26,Retail,Credit Card,COUPON-A--,17.02,AUD
375888,2024-03-17T21:01:31,2024-03-17,463,38,Online,Afterpay,COUPONAZ--,15.11,AUD
375962,2024-03-17T00:24:14,2024-03-17,317,33,Retail,Credit Card,COUPON99--,13.98,AUD
376097,2024-03-17T09:53:59,2024-03-17,79,16,Online,Credit Card,COUPONAA-0,12.61,AUD
376106,2024-03-17T04:20:02,2024-03-17,694,30,Retail,Credit Card,COUPONZ9A-,12.92,AUD
376214,2024-03-17T23:24:19,2024-03-17,204,22,Online,PayPal,COUPON-9--,13.71,AUD
376472,2024-03-17T22:20:16,2024-03-17,613,15,Online,PayPal,COUPONZ00-,9.79,AUD
376530,2024-03-17T23:53:57,2024-03-17,118,22,Online,Credit Card,COUPON-Z9Z,2.23,AUD
376556,2024-03-17T21:29:13,2024-03-17,81,12,Online,Afterpay,COUPON--00,16.76,AUD
376608,2024-03-17T12:04:46,2024-03-17,415,49,Retail,Credit Card,COUPON9-9-,7.55,AUD
376786,2024-03-17T10:29:34,2024-03-17,67,13,Online,Credit Card,COUPONAZ9-,6.08,AUD
376812,2024-03-17T02:45:10,2024-03-17,386,21,Retail,Credit Card,COUPON-A0Z,1.76,AUD
376847,2024-03-17T16:19:52,2024-03-17,659,7,Retail,PayPal,COUPON-ZA-,18.73,AUD
376882,2024-03-17T09:41:23,2024-03-17,784,34,Online,Credit Card,COUPONA99-,2.07,AUD
376963,2024-03-17T00:05:27,2024-03-17,79,8,Retail,Afterpay,COUPON---0,19.75,AUD
377020,2024-03-17T16:14:04,2024-03-17,709,32,Retail,Afterpay,COUPON9-0A,17.97,AUD
377142,2024-03-17T13:35:53,2024-03-17,66,46,Online,Afterpay,COUPONAA-Z,3.84,AUD
377157,2024-03-17T12:11:02,2024-03-17,297,40,Online,Credit Card,COUPONA0ZA,12.32,AUD
377179,2024-03-17T20:12:19,2024-03-17,199,29,Retail,Credit Card,COUPON0AZ-,7.93,AUD
377221,2024-03-17T19:13:35,2024-03-17,313,27,Online,Afterpay,COUPON0-0-,6.98,AUD
377279,2024-03-17T21:16:45,2024-03-17,418,4,Online,PayPal,COUPON-ZA9,15.29,AUD
377357,2024-03-17T23:42:55,2024-03-17,136,49,Online,PayPal,COUPON9Z90,7.87,AUD
377389,2024-03-17T11:55:08,2024-03-17,783,3,Online,PayPal,COUPON--0Z,0.82,AUD
377411,2024-03-17T09:16:55,2024-03-17,688,10,Retail,Afterpay,COUPON099A,8.63,AUD
377754,2024-03-17T22:56:30,2024-03-17,284,18,Online,Credit Card,COUPON-0A9,8.28,AUD
377783,2024-03-17T07:11:20,2024-03-17,360,38,Online,Credit Card,COUPONAZAZ,19.1,AUD
377822,2024-03-17T16:16:52,2024-03-17,122,16,Retail,PayPal,COUPONZZ90,1.37,AUD
377852,2024-03-17T23:19:48,2024-03-17,404,10,Online,Afterpay,COUPON-99-,10.9,AUD
377861,2024-03-17T05:48:43,2024-03-17,107,19,Online,Credit Card,COUPON-AZZ,19.77,AUD
377955,2024-03-17T05:10:22,2024-03-17,70,39,Online,Afterpay,COUPON-0--,10.91,AUD
377973,2024-03-17T06:23:07,2024-03-17,387,23,Online,Credit Card,COUPONZA-Z,2.11,AUD
377987,2024-03-17T04:24:59,2024-03-17,427,34,Retail,Afterpay,COUPON9--0,17.15,AUD
378008,2024-03-17T08:31:30,2024-03-17,789,47,Online,Afterpay,COUPON99Z-,14.76,AUD
378174,2024-03-17T11:40:04,2024-03-17,185,45,Online,Afterpay,COUPON9---,0.96,AUD
378207,2024-03-17T16:25:58,2024-03-17,597,24,Online,Credit Card,COUPON-99Z,3.45,AUD
378252,2024-03-17T03:29:09,2024-03-17,203,30,Retail,Afterpay,COUPON-ZA0,11.89,AUD
378320,2024-03-17T12:06:40,2024-03-17,320,27,Online,Afterpay,COUPON-AA9,10.1,AUD
378339,2024-03-17T03:05:43,2024-03-17,493,45,Retail,Afterpay,COUPON-A0A,5.95,AUD
378360,2024-03-17T06:27:29,2024-03-17,570,45,Retail,Credit Card,COUPONZ09Z,8.66,AUD
378366,2024-03-17T08:04:42,2024-03-17,651,43,Retail,PayPal,COUPON0A0-,7.36,AUD
378463,2024-03-17T13:02:33,2024-03-17,58,31,Retail,PayPal,COUPON0A0Z,0.75,AUD
378535,2024-03-17T16:48:26,2024-03-17,746,49,Retail,Credit Card,COUPONAAA9,13.39,AUD
378601,2024-03-17T19:51:51,2024-03-17,495,41,Online,Credit Card,COUPON0--9,17.59,AUD
378612,2024-03-17T10:55:24,2024-03-17,322,32,Online,Afterpay,COUPON9Z90,5.29,AUD
378620,2024-03-17T19:59:24,2024-03-17,562,31,Retail,PayPal,COUPON0--A,15.27,AUD
378648,2024-03-17T11:53:27,2024-03-17,527,13,Online,Afterpay,COUPONZ-Z-,4.71,AUD
378675,2024-03-17T14:03:56,2024-03-17,679,40,Retail,PayPal,COUPON9Z0-,0.58,AUD
378733,2024-03-17T02:44:24,2024-03-17,654,13,Online,Afterpay,COUPONZ0ZZ,17.06,AUD
378747,2024-03-17T07:34:46,2024-03-17,690,1,Retail,Afterpay,COUPONA---,15.25,AUD
378757,2024-03-17T14:21:23,2024-03-17,334,37,Retail,PayPal,COUPON--0-,4.51,AUD
378784,2024-03-17T11:55:05,2024-03-17,417,32,Retail,Credit Card,COUPONA--9,19.81,AUD
379029,2024-03-17T20:27:13,2024-03-17,695,6,Online,Credit Card,COUPON0A0-,2.46,AUD
379093,2024-03-17T04:04:06,2024-03-17,459,30,Online,Afterpay,COUPON0A90,16.59,AUD
379145,2024-03-17T04:22:25,2024-03-17,259,48,Online,Credit Card,COUPON9ZA0,4.45,AUD
379249,2024-03-17T09:46:32,2024-03-17,186,4,Retail,PayPal,COUPONA9ZA,13.36,AUD
379293,2024-03-17T17:27:46,2024-03-17,456,13,Retail,Afterpay,COUPON9-ZZ,17.68,AUD
379302,2024-03-17T07:02:20,2024-03-17,528,7,Online,Afterpay,COUPON--00,7.1,AUD
379339,2024-03-17T20:46:20,2024-03-17,386,7,Online,Credit Card,COUPON-0A9,1.45,AUD
379662,2024-03-17T04:24:10,2024-03-17,329,30,Retail,Credit Card,COUPON-9A9,4.12,AUD
379869,2024-03-17T17:10:44,2024-03-17,340,28,Online,Afterpay,COUPON-A0-,2.17,AUD
379911,2024-03-17T02:15:57,2024-03-17,446,17,Online,PayPal,COUPONAZ-A,1.83,AUD
380000,2024-03-17T16:01:39,2024-03-17,38,39,Online,Credit Card,COUPON-9-9,7.84,AUD
380300,2024-03-17T10:23:04,2024-03-17,744,43,Retail,PayPal,COUPON909Z,14.68,AUD
380419,2024-03-17T04:06:47,2024-03-17,296,36,Online,PayPal,COUPON-00-,15.06,AUD
380432,2024-03-17T12:34:04,2024-03-17,143,18,Retail,Credit Card,COUPON09A-,14.49,AUD
380434,2024-03-17T09:59:10,2024-03-17,447,48,Retail,Afterpay,COUPON00Z9,13.49,AUD
380456,2024-03-17T00:58:29,2024-03-17,225,30,Retail,PayPal,COUPON-Z-A,10.19,AUD
380481,2024-03-17T17:41:57,2024-03-17,180,45,Retail,PayPal,COUPON9Z-0,17.2,AUD
380543,2024-03-17T12:03:05,2024-03-17,596,28,Retail,Afterpay,COUPONA-Z-,2.87,AUD
380562,2024-03-17T05:42:52,2024-03-17,127,5,Online,Credit Card,COUPON-0-Z,10.01,AUD
380650,2024-03-17T23:57:36,2024-03-17,757,35,Online,Credit Card,COUPON-AAZ,0.6,AUD
380666,2024-03-17T07:32:40,2024-03-17,199,43,Retail,Credit Card,COUPONA9-A,8.07,AUD
380667,2024-03-17T14:00:14,2024-03-17,240,26,Online,Afterpay,COUPONA--Z,18.46,AUD
380678,2024-03-17T18:41:43,2024-03-17,466,32,Retail,PayPal,COUPON0Z90,3.31,AUD
380713,2024-03-17T17:25:45,2024-03-17,313,39,Retail,Afterpay,COUPON009A,17.81,AUD
381022,2024-03-17T16:15:02,2024-03-17,463,44,Online,Credit Card,COUPON-A09,12.9,AUD
381086,2024-03-17T11:22:09,2024-03-17,191,3,Online,PayPal,COUPON0Z-Z,3.78,AUD
381199,2024-03-17T20:47:40,2024-03-17,667,37,Retail,Afterpay,COUPON90-Z,0.87,AUD
381602,2024-03-17T10:35:54,2024-03-17,350,16,Online,Credit Card,COUPONZ0ZZ,16.38,AUD
381875,2024-03-17T05:44:28,2024-03-17,577,24,Retail,PayPal,COUPON-0-Z,10.77,AUD
382134,2024-03-17T10:51:29,2024-03-17,567,18,Retail,PayPal,COUPONZA0-,2.45,AUD
382179,2024-03-17T10:50:51,2024-03-17,269,8,Retail,Credit Card,COUPONA-AZ,15.11,AUD
382327,2024-03-17T06:06:46,2024-03-17,526,9,Online,Afterpay,COUPONAA-Z,0.67,AUD
382333,2024-03-17T05:43:31,2024-03-17,20,31,Online,Credit Card,COUPON-AZ-,7.22,AUD
382334,2024-03-17T07:05:45,2024-03-17,567,9,Retail,Credit Card,COUPONZ-99,13.34,AUD
382348,2024-03-17T04:25:54,2024-03-17,480,39,Online,Afterpay,COUPON--A-,6.21,AUD
382498,2024-03-17T11:57:33,2024-03-17,473,40,Online,Credit Card,COUPONZZ09,9.05,AUD
382558,2024-03-17T00:05:53,2024-03-17,747,43,Retail,PayPal,COUPON0-ZA,11.98,AUD
382593,2024-03-17T02:02:38,2024-03-17,209,43,Online,PayPal,COUPONZ99A,16.22,AUD
382625,2024-03-17T10:34:15,2024-03-17,257,18,Online,PayPal,COUPONZ-0Z,10.41,AUD
382673,2024-03-17T16:28:49,2024-03-17,497,19,Retail,Credit Card,COUPON-Z-Z,12.86,AUD
382699,2024-03-17T05:39:35,2024-03-17,173,13,Online,PayPal,COUPON9-A-,7.1,AUD
382717,2024-03-17T02:36:15,2024-03-17,774,37,Retail,Afterpay,COUPON0A0Z,7.14,AUD
382765,2024-03-17T20:25:17,2024-03-17,594,26,Online,PayPal,COUPON9-Z-,17.72,AUD
382970,2024-03-17T10:24:43,2024-03-17,231,13,Online,Afterpay,COUPON9--A,1.76,AUD
382993,2024-03-17T08:31:57,2024-03-17,117,34,Retail,Credit Card,COUPON0A-Z,2.8,AUD
383024,2024-03-17T01:04:38,2024-03-17,595,26,Retail,Credit Card,COUPON9Z-0,0.8,AUD
383039,2024-03-17T23:54:21,2024-03-17,601,20,Online,PayPal,COUPON0--0,3.14,AUD
383099,2024-03-17T14:27:27,2024-03-17,795,2,Online,PayPal,COUPON---Z,3.85,AUD
383120,2024-03-17T05:00:20,2024-03-17,733,21,Retail,Credit Card,COUPONZ9Z9,8.17,AUD
383194,2024-03-17T16:58:56,2024-03-17,104,6,Retail,Credit Card,COUPONZ0A0,16.83,AUD
383244,2024-03-17T18:32:11,2024-03-17,791,43,Retail,Credit Card,COUPON--A0,19.3,AUD
383451,2024-03-17T05:00:34,2024-03-17,303,18,Online,PayPal,COUPONAZ0-,0.23,AUD
383685,2024-03-17T02:59:40,2024-03-17,626,7,Retail,Credit Card,COUPONZ-00,15.28,AUD
383788,2024-03-17T08:48:37,2024-03-17,185,40,Online,PayPal,COUPON0-A0,18.41,AUD
383871,2024-03-17T22:57:19,2024-03-17,541,34,Online,PayPal,COUPON-900,18.13,AUD
383989,2024-03-17T12:48:24,2024-03-17,101,26,Online,Credit Card,COUPON9--A,2.52,AUD
384049,2024-03-17T02:42:27,2024-03-17,79,49,Retail,Afterpay,COUPONAZ09,4.44,AUD
384100,2024-03-17T16:56:19,2024-03-17,773,30,Retail,Afterpay,COUPON0-AA,6.66,AUD
384106,2024-03-17T08:21:09,2024-03-17,99,30,Online,PayPal,COUPON-Z0Z,4.87,AUD
384175,2024-03-17T14:26:25,2024-03-17,499,35,Online,PayPal,COUPONAZ-Z,1.19,AUD
384201,2024-03-17T18:13:35,2024-03-17,562,39,Online,PayPal,COUPON009A,11.4,AUD
384267,2024-03-17T17:43:18,2024-03-17,119,29,Retail,Credit Card,COUPON--A9,15.05,AUD
384384,2024-03-17T01:24:44,2024-03-17,639,20,Retail,Afterpay,COUPON--00,8.69,AUD
384421,2024-03-17T00:36:47,2024-03-17,477,29,Online,Credit Card,COUPON--9Z,4.19,AUD
384455,2024-03-17T15:18:26,2024-03-17,91,30,Online,PayPal,COUPON0900,7.22,AUD
384487,2024-03-17T15:07:14,2024-03-17,562,21,Online,PayPal,COUPONZZ09,18.01,AUD
384551,2024-03-17T10:20:35,2024-03-17,184,47,Online,PayPal,COUPON0900,4.95,AUD
384573,2024-03-17T01:05:30,2024-03-17,7,18,Retail,Credit Card,COUPON9-A-,2.68,AUD
384664,2024-03-17T08:25:25,2024-03-17,111,44,Retail,PayPal,COUPON-9--,19.7,AUD
384685,2024-03-17T09:53:54,2024-03-17,616,11,Retail,PayPal,COUPON---A,15.11,AUD
384858,2024-03-17T20:51:57,2024-03-17,317,36,Online,PayPal,COUPON99-9,13.73,AUD
384883,2024-03-17T22:18:25,2024-03-17,107,29,Online,Afterpay,COUPON0AA-,3.9,AUD
384937,2024-03-17T04:44:12,2024-03-17,259,11,Online,PayPal,COUPON-AZ-,18.26,AUD
384996,2024-03-17T07:33:18,2024-03-17,124,3,Retail,PayPal,COUPONA999,12.77,AUD
385018,2024-03-17T02:25:14,2024-03-17,760,8,Online,Afterpay,COUPON9--A,15.62,AUD
385147,2024-03-17T01:43:21,2024-03-17,660,32,Online,Afterpay,COUPON00AZ,7.74,AUD
385179,2024-03-17T07:39:01,2024-03-17,566,42,Online,Credit Card,COUPONZ0ZA,9.25,AUD
385213,2024-03-17T18:23:45,2024-03-17,455,8,Retail,PayPal,COUPON0A-9,11.21,AUD
385317,2024-03-17T12:29:51,2024-03-17,638,47,Retail,Afterpay,COUPON-09A,1.26,AUD
385323,2024-03-17T05:29:51,2024-03-17,441,11,Retail,PayPal,COUPONZZ--,6.85,AUD
385473,2024-03-17T01:13:08,2024-03-17,305,47,Retail,Credit Card,COUPONZ9--,15.91,AUD
385560,2024-03-17T16:33:38,2024-03-17,539,43,Retail,Credit Card,COUPON0-9-,10.22,AUD
385595,2024-03-17T08:31:10,2024-03-17,296,26,Online,Afterpay,COUPON---0,12.88,AUD
385656,2024-03-17T09:58:03,2024-03-17,367,17,Online,Afterpay,COUPONZZZ9,10.56,AUD
385733,2024-03-17T01:20:49,2024-03-17,288,26,Retail,Credit Card,COUPONA0Z-,8.25,AUD
385741,2024-03-17T02:23:57,2024-03-17,209,26,Online,PayPal,COUPON-ZZ-,17.92,AUD
385881,2024-03-17T10:12:18,2024-03-17,169,43,Retail,Afterpay,COUPON-A99,7.34,AUD
386380,2024-03-17T02:51:00,2024-03-17,504,25,Online,Afterpay,COUPONAZ9-,8.15,AUD
386420,2024-03-17T20:50:09,2024-03-17,412,1,Retail,Credit Card,COUPON9-Z9,3.4,AUD
386499,2024-03-17T07:48:27,2024-03-17,25,19,Retail,PayPal,COUPON0ZZZ,6.12,AUD
386539,2024-03-17T23:35:00,2024-03-17,145,11,Retail,Credit Card,COUPON00A0,3.6,AUD
386554,2024-03-17T13:13:48,2024-03-17,161,29,Retail,PayPal,COUPONZ-AZ,14.29,AUD
386708,2024-03-17T12:02:28,2024-03-17,13,26,Online,Afterpay,COUPONZ-Z0,13.88,AUD
386731,2024-03-17T22:47:03,2024-03-17,335,19,Retail,Afterpay,COUPON90Z-,2.18,AUD
386764,2024-03-17T13:45:49,2024-03-17,117,37,Online,Credit Card,COUPON0099,11.16,AUD
386881,2024-03-17T21:55:55,2024-03-17,600,24,Retail,Afterpay,COUPON---0,2.09,AUD
386904,2024-03-17T20:33:51,2024-03-17,478,20,Retail,Afterpay,COUPON-A--,11.84,AUD
386964,2024-03-17T17:23:40,2024-03-17,560,39,Retail,Credit Card,COUPON999A,3.15,AUD
387070,2024-03-17T20:03:45,2024-03-17,420,39,Retail,Credit Card,COUPONZ--A,17.67,AUD
387117,2024-03-17T06:20:06,2024-03-17,152,28,Online,Afterpay,COUPONZ9Z9,6.39,AUD
387218,2024-03-17T10:30:35,2024-03-17,28,33,Retail,PayPal,COUPONZZ--,19.12,AUD
387307,2024-03-17T20:08:51,2024-03-17,222,22,Retail,Credit Card,COUPON9Z-9,8.18,AUD
387405,2024-03-17T21:02:01,2024-03-17,420,8,Online,Credit Card,COUPONA-9A,0.6,AUD
387495,2024-03-17T18:52:13,2024-03-17,662,28,Retail,Credit Card,COUPON90ZA,9.1,AUD
387544,2024-03-17T20:37:23,2024-03-17,701,26,Retail,Afterpay,COUPONZ0--,9.22,AUD
387616,2024-03-17T15:18:53,2024-03-17,96,44,Online,PayPal,COUPONZ9A-,3.52,AUD
387635,2024-03-17T05:05:34,2024-03-17,359,24,Retail,PayPal,COUPON-0--,16.27,AUD
387874,2024-03-17T18:20:00,2024-03-17,525,27,Online,PayPal,COUPONA-A-,2.55,AUD
387922,2024-03-17T07:00:04,2024-03-17,347,32,Online,Afterpay,COUPONZ---,10.81,AUD
387995,2024-03-17T04:46:49,2024-03-17,215,11,Retail,PayPal,COUPONA99A,9.17,AUD
388087,2024-03-17T01:19:10,2024-03-17,257,44,Retail,PayPal,COUPON----,5.81,AUD
388106,2024-03-17T23:42:15,2024-03-17,605,2,Online,PayPal,COUPONZ--9,8.98,AUD
388179,2024-03-17T13:01:24,2024-03-17,428,12,Retail,PayPal,COUPON--0Z,17.47,AUD
388197,2024-03-17T10:10:07,2024-03-17,559,23,Retail,Afterpay,COUPON-Z0Z,9.39,AUD
388228,2024-03-17T00:07:34,2024-03-17,41,5,Online,Afterpay,COUPONZAZ-,1.44,AUD
388255,2024-03-17T05:32:59,2024-03-17,264,44,Retail,Afterpay,COUPON0-0Z,13.37,AUD
388294,2024-03-17T22:01:38,2024-03-17,223,6,Retail,PayPal,COUPON0Z-0,6.74,AUD
388312,2024-03-17T15:19:55,2024-03-17,233,45,Online,PayPal,COUPON9Z0Z,0.0,AUD
388435,2024-03-17T17:28:50,2024-03-17,386,14,Online,PayPal,COUPON09-0,16.31,AUD
388456,2024-03-17T06:12:40,2024-03-17,11,28,Retail,PayPal,COUPON-9--,12.22,AUD
388637,2024-03-17T08:13:41,2024-03-17,122,41,Online,Afterpay,COUPONZA-A,9.71,AUD
388736,2024-03-17T09:43:20,2024-03-17,587,16,Retail,Credit Card,COUPONZ-ZA,10.26,AUD
388757,2024-03-17T13:32:24,2024-03-17,483,17,Retail,Afterpay,COUPON-9A9,3.03,AUD
388774,2024-03-17T03:59:07,2024-03-17,305,36,Online,PayPal,COUPON-9A0,6.0,AUD
388835,2024-03-17T04:10:25,2024-03-17,312,38,Retail,Afterpay,COUPON--9Z,6.65,AUD
388909,2024-03-17T11:36:23,2024-03-17,157,41,Retail,Credit Card,COUPONZ0-Z,4.42,AUD
389167,2024-03-17T18:29:00,2024-03-17,753,37,Online,Afterpay,COUPON9A99,15.47,AUD
389475,2024-03-17T09:02:09,2024-03-17,584,44,Online,Afterpay,COUPONZZ-A,16.61,AUD
389489,2024-03-17T22:08:22,2024-03-17,601,2,Retail,Afterpay,COUPON--Z9,14.15,AUD
389649,2024-03-17T17:14:48,2024-03-17,337,6,Retail,PayPal,COUPONZZ00,5.71,AUD
389745,2024-03-17T10:17:14,2024-03-17,11,14,Online,PayPal,COUPON0-AZ,15.13,AUD
389896,2024-03-17T14:57:33,2024-03-17,751,28,Retail,PayPal,COUPON9---,16.51,AUD
389978,2024-03-17T07:01:16,2024-03-17,86,42,Online,Credit Card,COUPON--Z9,1.53,AUD
390334,2024-03-17T03:20:36,2024-03-17,636,14,Retail,PayPal,COUPONAAA9,13.34,AUD
390338,2024-03-17T16:01:38,2024-03-17,613,5,Retail,PayPal,COUPON-90-,15.98,AUD
390341,2024-03-17T23:52:37,2024-03-17,368,43,Retail,Credit Card,COUPON-A-Z,18.99,AUD
390350,2024-03-17T09:22:45,2024-03-17,242,34,Online,Credit Card,COUPONZ00Z,10.2,AUD
390425,2024-03-17T02:20:53,2024-03-17,463,46,Retail,Credit Card,COUPON0-0Z,3.9,AUD
390524,2024-03-17T23:18:01,2024-03-17,136,9,Online,Afterpay,COUPON--0-,4.68,AUD
390624,2024-03-17T04:31:21,2024-03-17,48,9,Retail,PayPal,COUPONA9Z-,2.65,AUD
390773,2024-03-17T14:59:29,2024-03-17,572,45,Online,Afterpay,COUPON99--,8.91,AUD
390981,2024-03-17T22:28:25,2024-03-17,644,3,Online,Afterpay,COUPON-00Z,6.71,AUD
391201,2024-03-17T12:45:58,2024-03-17,593,13,Online,PayPal,COUPON-9Z-,9.85,AUD
391228,2024-03-17T03:13:50,2024-03-17,488,11,Retail,Afterpay,COUPON----,4.44,AUD
391602,2024-03-17T06:47:57,2024-03-17,205,37,Retail,PayPal,COUPON9AA-,8.79,AUD
391871,2024-03-17T17:57:16,2024-03-17,608,40,Retail,Credit Card,COUPON000-,7.25,AUD
392299,2024-03-17T07:55:38,2024-03-17,717,31,Retail,Credit Card,COUPONA9--,5.74,AUD
392457,2024-03-17T12:33:32,2024-03-17,790,5,Retail,PayPal,COUPONAZ-9,0.45,AUD
392504,2024-03-17T20:41:01,2024-03-17,383,44,Retail,PayPal,COUPONA-A9,13.24,AUD
392556,2024-03-17T04:18:40,2024-03-17,417,33,Online,PayPal,COUPONAA--,11.17,AUD
392631,2024-03-17T20:53:56,2024-03-17,637,46,Online,Afterpay,COUPON0-00,9.61,AUD
392677,2024-03-17T20:39:17,2024-03-17,253,19,Retail,Credit Card,COUPONAA-9,9.42,AUD
392680,2024-03-17T21:02:00,2024-03-17,15,45,Retail,Credit Card,COUPON0AA9,13.25,AUD
392685,2024-03-17T15:46:39,2024-03-17,733,15,Online,PayPal,COUPONZZ0A,3.69,AUD
393168,2024-03-17T12:53:48,2024-03-17,161,26,Online,Credit Card,COUPONAAA9,9.17,AUD
393400,2024-03-17T15:15:05,2024-03-17,13,31,Online,Credit Card,COUPON-ZZ-,13.0,AUD
393415,2024-03-17T10:35:00,2024-03-17,81,28,Retail,Afterpay,COUPONZ-99,14.58,AUD
393596,2024-03-17T22:43:34,2024-03-17,410,31,Online,Credit Card,COUPON-90Z,1.48,AUD
393627,2024-03-17T09:45:02,2024-03-17,357,42,Online,Credit Card,COUPONZAZ-,15.3,AUD
393658,2024-03-17T10:13:03,2024-03-17,639,3,Retail,PayPal,COUPON-9-9,5.79,AUD
393695,2024-03-17T20:06:27,2024-03-17,164,15,Online,PayPal,COUPONZZ--,14.36,AUD
393752,2024-03-17T08:31:57,2024-03-17,307,8,Retail,Afterpay,COUPON--Z-,16.46,AUD
393861,2024-03-17T05:34:46,2024-03-17,260,13,Retail,Credit Card,COUPONA99-,18.87,AUD
394088,2024-03-17T18:10:32,2024-03-17,400,23,Retail,Credit Card,COUPON----,6.62,AUD
394118,2024-03-17T16:38:06,2024-03-17,496,41,Retail,Afterpay,COUPONA00-,7.56,AUD
394195,2024-03-17T02:12:57,2024-03-17,722,23,Online,Afterpay,COUPON09A0,9.63,AUD
394243,2024-03-17T15:44:05,2024-03-17,779,39,Retail,Credit Card,COUPON0-Z-,17.48,AUD
394366,2024-03-17T19:19:54,2024-03-17,99,11,Retail,PayPal,COUPON9AA9,15.11,AUD
394574,2024-03-17T15:35:33,2024-03-17,394,11,Online,Credit Card,COUPON-A-9,18.74,AUD
394628,2024-03-17T07:02:19,2024-03-17,726,45,Online,Afterpay,COUPONZA--,2.23,AUD
394632,2024-03-17T07:38:09,2024-03-17,524,6,Online,Credit Card,COUPONZ--9,15.75,AUD
394724,2024-03-17T08:25:22,2024-03-17,713,15,Online,Afterpay,COUPON999-,9.82,AUD
394756,2024-03-17T08:36:12,2024-03-17,544,17,Online,Afterpay,COUPONZ-9-,1.39,AUD
394944,2024-03-17T06:25:44,2024-03-17,451,1,Online,Credit Card,COUPON-A9A,10.78,AUD
395087,2024-03-17T01:05:00,2024-03-17,410,36,Online,Afterpay,COUPON---A,5.48,AUD
395153,2024-03-17T06:02:16,2024-03-17,475,22,Online,PayPal,COUPON0--9,4.77,AUD
395365,2024-03-17T15:15:57,2024-03-17,379,10,Online,PayPal,COUPON-A9-,5.83,AUD
395373,2024-03-17T10:34:43,2024-03-17,188,43,Online,Afterpay,COUPON0--Z,2.76,AUD
395396,2024-03-17T18:22:00,2024-03-17,316,6,Retail,Afterpay,COUPON-AZ-,19.37,AUD
395524,2024-03-17T02:28:05,2024-03-17,589,13,Retail,Afterpay,COUPON-000,19.65,AUD
395632,2024-03-17T08:43:17,2024-03-17,457,16,Online,Afterpay,COUPONZ-09,13.82,AUD
395859,2024-03-17T22:53:10,2024-03-17,213,28,Retail,Afterpay,COUPON90AA,18.62,AUD
395885,2024-03-17T00:14:53,2024-03-17,741,20,Online,Credit Card,COUPONA0Z-,4.42,AUD
395954,2024-03-17T14:32:20,2024-03-17,440,45,Retail,PayPal,COUPON0-99,16.17,AUD
396108,2024-03-17T16:32:46,2024-03-17,305,25,Retail,Afterpay,COUPONA-9-,16.01,AUD
396147,2024-03-17T23:12:42,2024-03-17,116,17,Retail,Credit Card,COUPONA0A-,15.27,AUD
396158,2024-03-17T15:11:55,2024-03-17,734,12,Retail,Credit Card,COUPON9009,13.46,AUD
396293,2024-03-17T19:58:32,2024-03-17,232,38,Online,PayPal,COUPON0ZZ-,10.87,AUD
396319,2024-03-17T15:54:45,2024-03-17,221,18,Retail,Afterpay,COUPONZZAA,11.98,AUD
396467,2024-03-17T00:33:24,2024-03-17,37,7,Retail,PayPal,COUPONZ-A0,6.72,AUD
396518,2024-03-17T07:44:22,2024-03-17,673,4,Retail,PayPal,COUPONA9-A,15.58,AUD
396526,2024-03-17T07:49:58,2024-03-17,652,47,Online,PayPal,COUPONZZZA,18.87,AUD
396633,2024-03-17T21:06:35,2024-03-17,567,14,Retail,Credit Card,COUPON9Z00,4.19,AUD
396645,2024-03-17T07:55:25,2024-03-17,237,16,Online,Credit Card,COUPON--0-,10.65,AUD
396663,2024-03-17T14:51:20,2024-03-17,743,4,Retail,Afterpay,COUPON0Z9-,6.29,AUD
396730,2024-03-17T03:01:00,2024-03-17,428,12,Online,PayPal,COUPON-9-0,8.34,AUD
396742,2024-03-17T20:58:12,2024-03-17,304,49,Retail,Credit Card,COUPON9--9,5.27,AUD
396749,2024-03-17T03:41:25,2024-03-17,696,44,Retail,PayPal,COUPONA0--,19.56,AUD
396785,2024-03-17T19:53:57,2024-03-17,383,38,Retail,Credit Card,COUPONA--Z,19.77,AUD
396854,2024-03-17T22:13:39,2024-03-17,532,14,Online,PayPal,COUPONZ99A,12.74,AUD
396862,2024-03-17T13:27:39,2024-03-17,176,31,Retail,Credit Card,COUPON0ZZ-,5.98,AUD
397072,2024-03-17T14:39:10,2024-03-17,694,44,Retail,Afterpay,COUPON09AZ,0.87,AUD
397092,2024-03-17T10:50:19,2024-03-17,264,39,Online,Afterpay,COUPON-99A,5.26,AUD
397096,2024-03-17T18:15:16,2024-03-17,297,44,Retail,Afterpay,COUPONA-0A,9.76,AUD
397162,2024-03-17T21:57:16,2024-03-17,166,13,Retail,PayPal,COUPONZ99-,15.92,AUD
397254,2024-03-17T04:51:05,2024-03-17,705,22,Retail,Afterpay,COUPON9Z0-,16.84,AUD
397273,2024-03-17T17:15:57,2024-03-17,483,11,Retail,Credit Card,COUPONA099,1.22,AUD
397308,2024-03-17T17:08:16,2024-03-17,755,12,Retail,Afterpay,COUPONZ0AZ,19.74,AUD
397500,2024-03-17T21:57:58,2024-03-17,700,39,Online,PayPal,COUPON---A,12.63,AUD
397694,2024-03-17T17:57:34,2024-03-17,673,22,Online,Credit Card,COUPON-A9Z,16.52,AUD
397886,2024-03-17T22:07:55,2024-03-17,70,8,Online,Afterpay,COUPON909-,11.72,AUD
397889,2024-03-17T14:59:04,2024-03-17,14,2,Online,PayPal,COUPON--Z0,18.44,AUD
397933,2024-03-17T06:34:56,2024-03-17,348,33,Retail,Credit Card,COUPON-09A,6.8,AUD
398013,2024-03-17T15:47:38,2024-03-17,568,46,Retail,Afterpay,COUPONZ-0-,15.46,AUD
398026,2024-03-17T12:42:50,2024-03-17,411,42,Retail,PayPal,COUPON0-Z0,1.38,AUD
398056,2024-03-17T11:00:10,2024-03-17,666,22,Retail,Afterpay,COUPON-Z0Z,0.59,AUD
398190,2024-03-17T01:15:10,2024-03-17,407,5,Online,Credit Card,COUPONZ--0,1.36,AUD
398238,2024-03-17T17:44:56,2024-03-17,483,27,Retail,Credit Card,COUPON9A9-,3.59,AUD
398483,2024-03-17T01:42:55,2024-03-17,227,31,Retail,Afterpay,COUPON-9AA,5.21,AUD
398588,2024-03-17T03:08:26,2024-03-17,259,14,Online,PayPal,COUPON0Z-A,5.44,AUD
398601,2024-03-17T16:46:26,2024-03-17,459,13,Online,Afterpay,COUPON9ZA-,0.8,AUD
398606,2024-03-17T20:11:28,2024-03-17,636,10,Online,Credit Card,COUPON0ZZ0,0.24,AUD
398631,2024-03-17T13:20:54,2024-03-17,430,44,Retail,Credit Card,COUPON-Z--,9.06,AUD
398795,2024-03-17T16:42:17,2024-03-17,504,14,Retail,PayPal,COUPON-999,10.42,AUD
398896,2024-03-17T17:13:00,2024-03-17,483,39,Online,Afterpay,COUPON-AZ-,17.74,AUD
398955,2024-03-17T08:13:15,2024-03-17,344,22,Online,PayPal,COUPONAA-9,10.69,AUD
398976,2024-03-17T02:30:37,2024-03-17,482,19,Retail,Afterpay,COUPONA-Z0,13.78,AUD
399084,2024-03-17T13:25:01,2024-03-17,602,1,Retail,Credit Card,COUPON--A0,13.65,AUD
399109,2024-03-17T05:08:18,2024-03-17,351,13,Online,Afterpay,COUPONA-A-,3.09,AUD
399167,2024-03-17T17:10:01,2024-03-17,522,40,Retail,Afterpay,COUPONA--Z,2.26,AUD
399174,2024-03-17T02:35:37,2024-03-17,199,44,Retail,PayPal,COUPON----,6.11,AUD
399270,2024-03-17T16:01:39,2024-03-17,211,48,Online,PayPal,COUPON9-9Z,0.12,AUD
399330,2024-03-17T01:31:53,2024-03-17,450,24,Retail,Afterpay,COUPON0---,16.66,AUD
399362,2024-03-17T11:07:29,2024-03-17,181,43,Online,Credit Card,COUPON0ZA0,17.85,AUD
399452,2024-03-17T15:39:54,2024-03-17,323,11,Online,Credit Card,COUPON09A0,3.16,AUD
399546,2024-03-17T22:24:11,2024-03-17,626,14,Online,PayPal,COUPON9AZ0,7.91,AUD
399737,2024-03-17T07:23:10,2024-03-17,758,13,Online,PayPal,COUPONAA9A,18.97,AUD
399873,2024-03-17T04:01:26,2024-03-17,51,18,Online,Afterpay,COUPONZ---,11.64,AUD
399987,2024-03-17T20:37:06,2024-03-17,622,49,Retail,PayPal,COUPON0-A0,18.19,AUD
400047,2024-03-17T13:57:05,2024-03-17,423,14,Retail,Credit Card,COUPON-AAA,6.22,AUD
400063,2024-03-17T16:19:22,2024-03-17,267,37,Retail,Credit Card,COUPONA--0,4.34,AUD
400103,2024-03-17T11:52:26,2024-03-17,481,47,Retail,PayPal,COUPON-00A,17.57,AUD
400239,2024-03-17T05:34:46,2024-03-17,14,8,Online,PayPal,COUPON0ZZA,3.15,AUD
400294,2024-03-17T06:30:55,2024-03-17,702,13,Online,Credit Card,COUPON9AAA,8.31,AUD
400354,2024-03-17T04:53:59,2024-03-17,318,22,Online,Credit Card,COUPON0A99,11.88,AUD
400440,2024-03-17T11:11:08,2024-03-17,71,49,Retail,Credit Card,COUPONAZ99,12.34,AUD
400574,2024-03-17T12:52:22,2024-03-17,780,38,Online,PayPal,COUPON--9Z,12.76,AUD
400633,2024-03-17T11:47:52,2024-03-17,357,12,Retail,Credit Card,COUPON----,15.01,AUD
400635,2024-03-17T14:47:18,2024-03-17,779,48,Online,Credit Card,COUPON0A-A,18.42,AUD
400663,2024-03-17T08:27:26,2024-03-17,685,35,Retail,Credit Card,COUPONZ9AZ,1.0,AUD
400758,2024-03-17T00:28:55,2024-03-17,701,11,Retail,PayPal,COUPON90Z-,2.95,AUD
400921,2024-03-17T20:18:55,2024-03-17,457,48,Online,PayPal,COUPON-ZA9,12.63,AUD
400964,2024-03-17T00:53:42,2024-03-17,685,12,Retail,Credit Card,COUPONAZ9Z,9.39,AUD
401023,2024-03-17T11:19:56,2024-03-17,622,43,Retail,PayPal,COUPON-0Z9,2.08,AUD
401088,2024-03-17T15:34:38,2024-03-17,3,4,Retail,Credit Card,COUPONA-9-,15.28,AUD
401090,2024-03-17T14:20:15,2024-03-17,784,15,Retail,PayPal,COUPONAZ9Z,4.26,AUD
401165,2024-03-17T01:43:38,2024-03-17,153,24,Online,PayPal,COUPON-AA-,15.34,AUD
401305,2024-03-17T13:13:27,2024-03-17,100,45,Online,PayPal,COUPONA--0,4.84,AUD
401346,2024-03-17T11:14:14,2024-03-17,64,11,Online,PayPal,COUPON9-0Z,13.15,AUD
401431,2024-03-17T01:30:10,2024-03-17,175,42,Retail,Afterpay,COUPON99-0,4.33,AUD
401454,2024-03-17T02:01:54,2024-03-17,162,36,Retail,PayPal,COUPONZ-0-,13.61,AUD
401555,2024-03-17T17:32:04,2024-03-17,603,15,Online,Afterpay,COUPON-A--,18.44,AUD
401624,2024-03-17T03:38:49,2024-03-17,475,25,Retail,PayPal,COUPONAA0-,17.26,AUD
401670,2024-03-17T19:48:02,2024-03-17,174,40,Retail,Afterpay,COUPON0Z00,14.88,AUD
401749,2024-03-17T06:45:28,2024-03-17,180,16,Retail,Credit Card,COUPON-A--,16.26,AUD
401814,2024-03-17T13:53:28,2024-03-17,763,7,Retail,Credit Card,COUPONZ--0,15.6,AUD
401855,2024-03-17T18:32:22,2024-03-17,137,1,Online,Credit Card,COUPON009A,18.34,AUD
401910,2024-03-17T13:46:39,2024-03-17,297,48,Retail,Afterpay,COUPONA-90,9.68,AUD
402037,2024-03-17T10:37:14,2024-03-17,219,46,Retail,PayPal,COUPON00AZ,8.64,AUD
402307,2024-03-17T22:10:43,2024-03-17,125,1,Online,Afterpay,COUPON90-9,10.89,AUD
402312,2024-03-17T17:29:07,2024-03-17,114,44,Retail,PayPal,COUPON9A0-,8.58,AUD
402382,2024-03-17T03:43:31,2024-03-17,295,40,Retail,Credit Card,COUPON0-9-,19.58,AUD
402432,2024-03-17T10:34:46,2024-03-17,65,44,Retail,Credit Card,COUPON--9Z,14.59,AUD
402442,2024-03-17T22:09:48,2024-03-17,634,10,Retail,PayPal,COUPON9---,15.71,AUD
402610,2024-03-17T18:02:51,2024-03-17,207,32,Online,PayPal,COUPON9A99,18.09,AUD
402613,2024-03-17T12:37:59,2024-03-17,504,4,Retail,Credit Card,COUPON-9--,15.86,AUD
402638,2024-03-17T06:12:01,2024-03-17,30,2,Online,Credit Card,COUPON0A--,13.92,AUD
402643,2024-03-17T15:54:21,2024-03-17,581,18,Online,Afterpay,COUPON0--Z,14.36,AUD
402825,2024-03-17T05:15:52,2024-03-17,662,40,Online,PayPal,COUPONZ---,15.4,AUD
403075,2024-03-17T12:03:32,2024-03-17,517,18,Online,Afterpay,COUPON9-A-,18.28,AUD
403077,2024-03-17T00:32:54,2024-03-17,722,34,Retail,Credit Card,COUPONA--9,3.81,AUD
403082,2024-03-17T20:51:00,2024-03-17,323,19,Retail,Credit Card,COUPON9ZZ-,10.56,AUD
403106,2024-03-17T16:48:10,2024-03-17,223,45,Online,PayPal,COUPON0Z-Z,0.61,AUD
403143,2024-03-17T16:34:19,2024-03-17,364,46,Online,Credit Card,COUPON0--0,0.81,AUD
403205,2024-03-17T12:36:25,2024-03-17,141,15,Online,PayPal,COUPON-A9A,1.64,AUD
403438,2024-03-17T01:18:11,2024-03-17,726,6,Retail,PayPal,COUPON-A0A,9.28,AUD
403487,2024-03-17T17:54:28,2024-03-17,763,7,Online,PayPal,COUPONA9-A,19.93,AUD
403562,2024-03-17T14:52:47,2024-03-17,221,49,Retail,PayPal,COUPONAAZ0,7.8,AUD
403585,2024-03-17T08:26:16,2024-03-17,162,13,Online,Afterpay,COUPON----,10.58,AUD
403667,2024-03-17T21:44:25,2024-03-17,202,36,Online,Credit Card,COUPON0A-0,13.87,AUD
403794,2024-03-17T12:40:59,2024-03-17,9,1,Online,Afterpay,COUPONA99Z,17.93,AUD
403802,2024-03-17T01:54:38,2024-03-17,732,11,Online,PayPal,COUPONAZZ-,16.86,AUD
403885,2024-03-17T15:24:14,2024-03-17,466,18,Online,Afterpay,COUPON9-90,4.27,AUD
403905,2024-03-17T06:08:07,2024-03-17,266,4,Online,Credit Card,COUPON--0A,18.63,AUD
404006,2024-03-17T20:37:25,2024-03-17,535,38,Online,Afterpay,COUPON--9-,18.78,AUD
404058,2024-03-17T02:56:19,2024-03-17,240,47,Online,Credit Card,COUPON0Z-Z,16.07,AUD
404101,2024-03-17T03:06:35,2024-03-17,105,31,Retail,Afterpay,COUPONA-Z9,12.31,AUD
404147,2024-03-17T04:42:31,2024-03-17,503,18,Retail,PayPal,COUPON9900,14.03,AUD
404328,2024-03-17T15:31:19,2024-03-17,395,29,Online,Afterpay,COUPONAZZ9,4.3,AUD
404412,2024-03-17T01:19:08,2024-03-17,609,20,Online,Credit Card,COUPON9Z9-,18.56,AUD
404577,2024-03-17T20:46:35,2024-03-17,639,30,Online,Credit Card,COUPON9Z-A,17.94,AUD
404661,2024-03-17T15:01:01,2024-03-17,304,49,Retail,Credit Card,COUPON-9AA,0.6,AUD
404809,2024-03-17T18:04:55,2024-03-17,296,39,Retail,Credit Card,COUPON--0A,0.08,AUD
404822,2024-03-17T11:39:42,2024-03-17,617,8,Retail,PayPal,COUPONZ-Z9,0.17,AUD
404885,2024-03-17T02:07:26,2024-03-17,161,38,Online,Credit Card,COUPONA0-9,9.98,AUD
405022,2024-03-17T02:38:57,2024-03-17,281,18,Online,PayPal,COUPON-9--,15.11,AUD
405042,2024-03-17T13:03:53,2024-03-17,552,17,Retail,PayPal,COUPON-ZZ-,5.93,AUD
405114,2024-03-17T02:16:04,2024-03-17,495,28,Retail,Afterpay,COUPON--Z9,19.8,AUD
405124,2024-03-17T17:32:06,2024-03-17,461,6,Online,Afterpay,COUPON9---,7.8,AUD
405131,2024-03-17T06:41:06,2024-03-17,156,34,Online,Afterpay,COUPON-0Z0,13.88,AUD
405159,2024-03-17T13:19:33,2024-03-17,656,30,Online,Credit Card,COUPON00A0,12.05,AUD
405185,2024-03-17T01:47:25,2024-03-17,663,33,Online,Credit Card,COUPON9--A,12.84,AUD
405207,2024-03-17T23:09:27,2024-03-17,182,49,Online,PayPal,COUPON--Z-,7.56,AUD
405761,2024-03-17T07:03:16,2024-03-17,401,40,Online,Credit Card,COUPON-90-,8.76,AUD
405769,2024-03-17T00:31:02,2024-03-17,387,48,Online,Afterpay,COUPON-990,12.11,AUD
405929,2024-03-17T01:28:06,2024-03-17,5,13,Retail,Credit Card,COUPON9--0,16.81,AUD
405977,2024-03-17T06:25:23,2024-03-17,275,13,Online,PayPal,COUPON9---,12.67,AUD
406096,2024-03-17T19:15:41,2024-03-17,766,19,Retail,Afterpay,COUPONA09Z,14.62,AUD
406266,2024-03-17T17:26:14,2024-03-17,741,10,Online,Credit Card,COUPON00-Z,2.91,AUD
406389,2024-03-17T13:58:57,2024-03-17,318,16,Online,PayPal,COUPON9-0-,6.76,AUD
406459,2024-03-17T08:33:52,2024-03-17,200,36,Online,PayPal,COUPON99A0,11.87,AUD
406460,2024-03-17T10:34:18,2024-03-17,223,7,Retail,Credit Card,COUPONZ-ZA,11.4,AUD
406702,2024-03-17T00:06:39,2024-03-17,226,45,Online,Credit Card,COUPONZ0-0,16.48,AUD
406775,2024-03-17T14:21:49,2024-03-17,713,48,Retail,Credit Card,COUPONA-A9,6.06,AUD
406866,2024-03-17T23:40:49,2024-03-17,390,13,Retail,PayPal,COUPON-AZ-,6.7,AUD
406918,2024-03-17T20:25:08,2024-03-17,505,26,Retail,Credit Card,COUPONZ-A0,5.64,AUD
407108,2024-03-17T06:32:28,2024-03-17,298,15,Retail,Credit Card,COUPON009-,13.42,AUD
407200,2024-03-17T02:05:58,2024-03-17,741,45,Online,PayPal,COUPONZ--0,17.05,AUD
407610,2024-03-17T07:19:27,2024-03-17,495,30,Retail,Afterpay,COUPON9Z0-,3.37,AUD
407680,2024-03-17T16:50:08,2024-03-17,384,27,Online,PayPal,COUPON-9Z-,8.39,AUD
407684,2024-03-17T21:19:23,2024-03-17,220,6,Retail,Afterpay,COUPON--9-,4.89,AUD
407826,2024-03-17T09:21:29,2024-03-17,520,9,Online,Afterpay,COUPONZZ-A,14.84,AUD
407836,2024-03-17T02:14:02,2024-03-17,734,48,Retail,Credit Card,COUPON0Z0-,5.38,AUD
407865,2024-03-17T11:35:23,2024-03-17,731,31,Online,Afterpay,COUPON--Z-,15.49,AUD
408069,2024-03-17T06:39:44,2024-03-17,420,36,Retail,Afterpay,COUPON-A-9,5.26,AUD
408077,2024-03-17T12:05:10,2024-03-17,460,10,Retail,PayPal,COUPONZ-0-,0.81,AUD
408092,2024-03-17T21:02:11,2024-03-17,76,13,Online,Credit Card,COUPONA9-9,14.81,AUD
408540,2024-03-17T11:44:39,2024-03-17,125,45,Online,PayPal,COUPON-AA9,16.33,AUD
408563,2024-03-17T16:18:32,2024-03-17,386,48,Online,Afterpay,COUPON9Z0-,11.89,AUD
408617,2024-03-17T18:12:16,2024-03-17,34,18,Online,Afterpay,COUPON0A-A,16.19,AUD
408648,2024-03-17T05:33:01,2024-03-17,73,6,Retail,Credit Card,COUPONZZ09,9.37,AUD
408669,2024-03-17T08:11:03,2024-03-17,285,16,Retail,Credit Card,COUPON0-0A,1.25,AUD
408728,2024-03-17T21:39:29,2024-03-17,373,40,Retail,PayPal,COUPONA09-,2.81,AUD
408827,2024-03-17T06:01:10,2024-03-17,210,34,Retail,Afterpay,COUPON0-Z0,6.55,AUD
408910,2024-03-17T15:44:26,2024-03-17,14,43,Online,PayPal,COUPON00A9,7.62,AUD
408943,2024-03-17T22:49:27,2024-03-17,262,23,Online,PayPal,COUPON0-ZZ,9.34,AUD
408962,2024-03-17T07:06:33,2024-03-17,169,40,Retail,PayPal,COUPONZ-ZA,6.94,AUD
409042,2024-03-17T19:49:16,2024-03-17,681,23,Retail,Credit Card,COUPON-A--,11.59,AUD
409145,2024-03-17T00:54:16,2024-03-17,634,16,Online,PayPal,COUPON09ZZ,1.97,AUD
409402,2024-03-17T02:33:07,2024-03-17,41,28,Online,Credit Card,COUPON0--0,13.82,AUD
409492,2024-03-17T12:39:05,2024-03-17,171,22,Retail,Afterpay,COUPONZAZ-,2.22,AUD
409503,2024-03-17T02:36:44,2024-03-17,610,40,Retail,Credit Card,COUPONZ990,12.0,AUD
409530,2024-03-17T22:37:11,2024-03-17,410,17,Retail,Credit Card,COUPON--Z-,12.82,AUD
409548,2024-03-17T20:59:23,2024-03-17,305,22,Online,Credit Card,COUPON-A9-,18.13,AUD
409591,2024-03-17T06:28:35,2024-03-17,602,34,Retail,Afterpay,COUPON0A-9,17.21,AUD
409903,2024-03-17T00:41:37,2024-03-17,436,23,Retail,Afterpay,COUPON9Z-A,19.57,AUD
410084,2024-03-17T15:28:13,2024-03-17,718,49,Online,Afterpay,COUPON---A,4.64,AUD
410091,2024-03-17T06:20:02,2024-03-17,429,36,Retail,Afterpay,COUPON09A-,8.08,AUD
410163,2024-03-17T10:26:55,2024-03-17,224,34,Online,Afterpay,COUPON9-A-,0.98,AUD
410189,2024-03-17T04:09:27,2024-03-17,512,46,Retail,Credit Card,COUPON0-0-,12.04,AUD
410211,2024-03-17T00:28:30,2024-03-17,350,20,Retail,Afterpay,COUPONZZ--,7.24,AUD
410242,2024-03-17T13:16:12,2024-03-17,797,14,Retail,Afterpay,COUPONA09A,8.01,AUD
410278,2024-03-17T05:46:33,2024-03-17,403,2,Online,Credit Card,COUPON0-Z-,12.18,AUD
410456,2024-03-17T05:21:27,2024-03-17,261,27,Retail,PayPal,COUPON-0--,16.54,AUD
410474,2024-03-17T08:42:27,2024-03-17,618,37,Online,Credit Card,COUPON9-9A,4.44,AUD
410487,2024-03-17T13:14:52,2024-03-17,369,15,Online,Afterpay,COUPON--99,19.93,AUD
410578,2024-03-17T22:45:57,2024-03-17,435,33,Retail,Afterpay,COUPON-AA-,12.74,AUD
410598,2024-03-17T15:10:34,2024-03-17,660,2,Online,PayPal,COUPON--A9,4.77,AUD
410678,2024-03-17T21:33:01,2024-03-17,280,25,Online,Credit Card,COUPON9-ZZ,7.71,AUD
410698,2024-03-17T04:52:25,2024-03-17,518,6,Retail,Credit Card,COUPON0-0-,5.65,AUD
410722,2024-03-17T19:46:00,2024-03-17,588,22,Online,Afterpay,COUPON--A0,17.87,AUD
410862,2024-03-17T06:11:32,2024-03-17,258,8,Retail,Credit Card,COUPONA--0,13.48,AUD
410949,2024-03-17T21:11:07,2024-03-17,298,35,Retail,Afterpay,COUPON--0A,7.01,AUD
411144,2024-03-17T07:05:57,2024-03-17,352,23,Retail,PayPal,COUPON-A-Z,17.82,AUD
411375,2024-03-17T08:15:03,2024-03-17,10,46,Retail,Credit Card,COUPONA---,0.12,AUD
411478,2024-03-17T16:38:53,2024-03-17,187,47,Online,Credit Card,COUPON0---,7.83,AUD
411532,2024-03-17T00:30:14,2024-03-17,14,7,Retail,PayPal,COUPON----,11.65,AUD
411713,2024-03-17T02:12:14,2024-03-17,676,17,Retail,PayPal,COUPON---A,11.47,AUD
411733,2024-03-17T11:49:39,2024-03-17,549,14,Retail,PayPal,COUPON-A0-,18.04,AUD
411814,2024-03-17T15:58:08,2024-03-17,7,11,Online,Credit Card,COUPONAZ--,15.85,AUD
412407,2024-03-17T09:21:20,2024-03-17,23,30,Online,Afterpay,COUPON0AAZ,17.28,AUD
412430,2024-03-17T12:13:42,2024-03-17,108,46,Online,PayPal,COUPON---Z,17.87,AUD
412437,2024-03-17T02:12:57,2024-03-17,420,27,Retail,Credit Card,COUPONZ0-Z,15.23,AUD
412468,2024-03-17T05:25:51,2024-03-17,564,9,Retail,PayPal,COUPON--9A,11.14,AUD
412730,2024-03-17T20:37:39,2024-03-17,49,18,Retail,Afterpay,COUPONZ99-,0.52,AUD
412795,2024-03-17T06:04:00,2024-03-17,102,1,Retail,Afterpay,COUPON-AZ-,11.82,AUD
413015,2024-03-17T17:56:53,2024-03-17,386,20,Online,Afterpay,COUPONZ-99,8.55,AUD
413073,2024-03-17T04:01:13,2024-03-17,404,21,Online,PayPal,COUPON900A,18.69,AUD
413077,2024-03-17T16:47:31,2024-03-17,643,38,Retail,Afterpay,COUPON9ZA9,8.82,AUD
413154,2024-03-17T19:42:41,2024-03-17,567,25,Retail,PayPal,COUPON099-,7.53,AUD
413219,2024-03-17T02:43:11,2024-03-17,70,39,Retail,PayPal,COUPON-Z--,6.7,AUD
413433,2024-03-17T20:33:06,2024-03-17,574,36,Online,Afterpay,COUPON----,17.91,AUD
413451,2024-03-17T12:09:17,2024-03-17,712,27,Retail,Afterpay,COUPON09-A,3.75,AUD
413522,2024-03-17T23:18:46,2024-03-17,99,2,Retail,Credit Card,COUPON-9-9,4.68,AUD
413640,2024-03-17T17:19:48,2024-03-17,180,36,Retail,Afterpay,COUPON0A-9,19.6,AUD
414028,2024-03-17T01:43:23,2024-03-17,570,2,Online,Credit Card,COUPON-0A-,14.22,AUD
414080,2024-03-17T02:31:09,2024-03-17,529,11,Retail,Afterpay,COUPON-ZAZ,15.16,AUD
414093,2024-03-17T20:06:57,2024-03-17,381,25,Online,Afterpay,COUPONZ0-0,10.39,AUD
414169,2024-03-17T17:50:29,2024-03-17,736,41,Online,Afterpay,COUPON0-A9,9.67,AUD
414172,2024-03-17T07:37:42,2024-03-17,551,26,Retail,PayPal,COUPONZZ-Z,3.0,AUD
414230,2024-03-17T04:26:47,2024-03-17,750,8,Retail,Afterpay,COUPON9-A-,8.96,AUD
414495,2024-03-17T05:48:53,2024-03-17,772,6,Online,PayPal,COUPONAZ9-,15.45,AUD
414586,2024-03-17T04:03:38,2024-03-17,422,48,Retail,Afterpay,COUPONA0Z0,14.4,AUD
414595,2024-03-17T03:31:06,2024-03-17,644,9,Retail,Afterpay,COUPON--Z-,2.87,AUD
414747,2024-03-17T01:59:15,2024-03-17,31,32,Online,Afterpay,COUPON-A-Z,8.16,AUD
414855,2024-03-17T22:47:04,2024-03-17,422,34,Retail,PayPal,COUPON9---,10.18,AUD
414860,2024-03-17T08:37:57,2024-03-17,155,23,Online,Afterpay,COUPON----,17.17,AUD
414897,2024-03-17T15:48:56,2024-03-17,516,42,Retail,Credit Card,COUPON-9-Z,5.73,AUD
414958,2024-03-17T11:35:16,2024-03-17,541,9,Online,Afterpay,COUPON-909,2.15,AUD
414977,2024-03-17T21:33:01,2024-03-17,376,31,Retail,Credit Card,COUPON90--,6.36,AUD
415010,2024-03-17T14:28:36,2024-03-17,216,16,Retail,Credit Card,COUPON-9Z0,13.8,AUD
415187,2024-03-17T20:33:13,2024-03-17,154,8,Retail,Afterpay,COUPON990-,4.55,AUD
415357,2024-03-17T23:00:18,2024-03-17,204,13,Online,Credit Card,COUPON90-Z,1.34,AUD
415378,2024-03-17T18:25:12,2024-03-17,595,22,Retail,Credit Card,COUPONA-Z-,8.94,AUD
415504,2024-03-17T18:21:42,2024-03-17,240,8,Retail,PayPal,COUPON09--,12.84,AUD
415553,2024-03-17T17:43:32,2024-03-17,108,39,Online,Afterpay,COUPON--A0,12.41,AUD
415561,2024-03-17T19:16:12,2024-03-17,354,5,Retail,PayPal,COUPON9A-9,17.09,AUD
415693,2024-03-17T11:04:44,2024-03-17,244,40,Online,Afterpay,COUPON--09,2.98,AUD
415922,2024-03-17T05:10:15,2024-03-17,102,16,Online,Afterpay,COUPONA9ZA,7.35,AUD
416050,2024-03-17T06:16:32,2024-03-17,340,35,Online,Credit Card,COUPONAAA0,8.42,AUD
416056,2024-03-17T09:03:39,2024-03-17,224,20,Online,Credit Card,COUPONA-AZ,1.32,AUD
416159,2024-03-17T10:16:31,2024-03-17,296,46,Retail,Afterpay,COUPONAZ9-,4.05,AUD
416245,2024-03-17T09:21:59,2024-03-17,331,46,Online,Credit Card,COUPON9-ZZ,17.03,AUD
416389,2024-03-17T18:50:31,2024-03-17,164,11,Online,Credit Card,COUPON--ZZ,17.42,AUD
416450,2024-03-17T09:58:10,2024-03-17,731,24,Online,Credit Card,COUPON0Z9-,17.69,AUD
416461,2024-03-17T06:10:55,2024-03-17,726,27,Retail,Credit Card,COUPON09-Z,8.49,AUD
416514,2024-03-17T07:51:35,2024-03-17,670,33,Online,Credit Card,COUPONA99A,16.98,AUD
416604,2024-03-17T04:47:37,2024-03-17,205,16,Retail,Credit Card,COUPON9990,5.91,AUD
416874,2024-03-17T14:20:42,2024-03-17,611,43,Retail,Credit Card,COUPON-Z-A,19.77,AUD
416938,2024-03-17T13:38:10,2024-03-17,412,30,Online,PayPal,COUPON9-A-,9.66,AUD
416964,2024-03-17T22:55:32,2024-03-17,19,2,Retail,Credit Card,COUPONAAZ9,13.81,AUD
417217,2024-03-17T14:02:16,2024-03-17,316,48,Online,Credit Card,COUPON--A9,5.54,AUD
417252,2024-03-17T23:42:26,2024-03-17,374,12,Retail,Afterpay,COUPONZ-0-,14.49,AUD
417304,2024-03-17T16:41:51,2024-03-17,111,17,Retail,Credit Card,COUPON0-0-,18.39,AUD
417365,2024-03-17T12:29:02,2024-03-17,600,27,Retail,Afterpay,COUPON900Z,9.56,AUD
417433,2024-03-17T20:15:43,2024-03-17,5,16,Retail,Afterpay,COUPON00Z-,15.36,AUD
417481,2024-03-17T17:50:43,2024-03-17,602,34,Online,Afterpay,COUPON0-Z-,0.49,AUD
417535,2024-03-17T13:22:00,2024-03-17,19,6,Retail,Credit Card,COUPONZZ-0,6.72,AUD
417696,2024-03-17T02:02:14,2024-03-17,308,43,Retail,Credit Card,COUPON009A,8.71,AUD
417712,2024-03-17T17:00:28,2024-03-17,788,6,Online,PayPal,COUPON9A9-,11.07,AUD
418005,2024-03-17T17:41:50,2024-03-17,44,14,Retail,Credit Card,COUPON-0AZ,17.8,AUD
418133,2024-03-17T13:49:58,2024-03-17,81,35,Online,Credit Card,COUPON09-Z,17.84,AUD
418329,2024-03-17T16:31:08,2024-03-17,90,17,Online,PayPal,COUPON--Z9,2.3,AUD
418453,2024-03-17T07:52:33,2024-03-17,693,9,Retail,Afterpay,COUPONA-0-,13.09,AUD
418685,2024-03-17T13:12:21,2024-03-17,74,15,Retail,Credit Card,COUPONAZ90,13.75,AUD
418822,2024-03-17T04:55:35,2024-03-17,82,17,Online,PayPal,COUPON-0ZA,19.2,AUD
418858,2024-03-17T17:05:23,2024-03-17,697,15,Online,PayPal,COUPONZ0A9,15.66,AUD
418887,2024-03-17T19:00:10,2024-03-17,271,6,Online,Credit Card,COUPONZA9Z,8.02,AUD
418925,2024-03-17T06:52:53,2024-03-17,397,29,Online,PayPal,COUPON9---,10.94,AUD
419125,2024-03-17T14:12:20,2024-03-17,787,1,Retail,Credit Card,COUPON--0-,15.25,AUD
419281,2024-03-17T20:25:24,2024-03-17,521,46,Online,PayPal,COUPON----,17.36,AUD
419304,2024-03-17T21:32:27,2024-03-17,627,26,Retail,PayPal,COUPON--00,6.73,AUD
419351,2024-03-17T18:40:59,2024-03-17,463,14,Retail,PayPal,COUPONAA9A,19.51,AUD
419357,2024-03-17T01:21:00,2024-03-17,776,13,Retail,Credit Card,COUPONZZ-A,9.37,AUD
419753,2024-03-17T22:08:39,2024-03-17,297,40,Retail,Credit Card,COUPON-Z0Z,17.57,AUD
419889,2024-03-17T04:54:12,2024-03-17,37,26,Online,Credit Card,COUPON0-00,1.21,AUD
419939,2024-03-17T03:09:29,2024-03-17,589,46,Online,Credit Card,COUPONA-A9,7.28,AUD
419997,2024-03-17T03:29:34,2024-03-17,658,47,Retail,PayPal,COUPONZ9-A,18.38,AUD
420023,2024-03-17T13:24:15,2024-03-17,285,30,Retail,PayPal,COUPONZA9-,5.44,AUD
420138,2024-03-17T00:59:26,2024-03-17,771,25,Online,Afterpay,COUPON09Z-,7.86,AUD
420175,2024-03-17T10:52:49,2024-03-17,281,28,Retail,PayPal,COUPONA-9Z,9.28,AUD
420248,2024-03-17T10:31:38,2024-03-17,214,44,Retail,Afterpay,COUPONA-0Z,10.07,AUD
420321,2024-03-17T20:47:42,2024-03-17,712,10,Retail,PayPal,COUPON9-A-,15.59,AUD
420363,2024-03-17T05:50:57,2024-03-17,358,13,Online,Afterpay,COUPONAZZ0,10.75,AUD
420398,2024-03-17T09:30:31,2024-03-17,626,31,Retail,Afterpay,COUPON9A-Z,14.78,AUD
420424,2024-03-17T00:21:43,2024-03-17,780,34,Retail,Credit Card,COUPONZA-0,6.45,AUD
420425,2024-03-17T07:50:59,2024-03-17,383,45,Retail,PayPal,COUPON90Z9,8.34,AUD
420553,2024-03-17T18:16:21,2024-03-17,48,6,Retail,Credit Card,COUPON9A-0,12.25,AUD
420671,2024-03-17T21:55:54,2024-03-17,645,31,Online,Afterpay,COUPON9AZ-,1.64,AUD
420738,2024-03-17T02:19:39,2024-03-17,240,4,Online,Credit Card,COUPON-A0-,4.17,AUD
420844,2024-03-17T05:04:19,2024-03-17,462,35,Online,Afterpay,COUPON-Z-A,17.26,AUD
420913,2024-03-17T08:40:59,2024-03-17,207,18,Online,Afterpay,COUPONA-ZA,1.42,AUD
421129,2024-03-17T10:07:18,2024-03-17,772,45,Online,PayPal,COUPON-9--,18.43,AUD
421135,2024-03-17T14:49:01,2024-03-17,273,22,Online,PayPal,COUPONAZ00,8.27,AUD
421151,2024-03-17T07:11:37,2024-03-17,629,5,Online,PayPal,COUPON09-A,0.53,AUD
421262,2024-03-17T19:12:54,2024-03-17,144,38,Online,Afterpay,COUPON-Z-A,11.28,AUD
421462,2024-03-17T20:04:09,2024-03-17,211,2,Online,Credit Card,COUPON0A9A,8.77,AUD
421502,2024-03-17T08:15:21,2024-03-17,551,25,Retail,Afterpay,COUPON--09,7.78,AUD
421516,2024-03-17T14:58:05,2024-03-17,252,14,Online,Afterpay,COUPON0A-9,19.06,AUD
421747,2024-03-17T11:20:43,2024-03-17,279,5,Online,Credit Card,COUPONZ000,4.75,AUD
421826,2024-03-17T00:49:47,2024-03-17,428,41,Online,Afterpay,COUPON----,6.2,AUD
421942,2024-03-17T23:14:04,2024-03-17,386,41,Online,PayPal,COUPONZ---,12.9,AUD
422098,2024-03-17T16:55:24,2024-03-17,111,21,Retail,Afterpay,COUPONA-00,19.73,AUD
422103,2024-03-17T16:23:25,2024-03-17,175,21,Retail,Credit Card,COUPON-9-A,8.41,AUD
422152,2024-03-17T22:35:20,2024-03-17,253,34,Retail,Credit Card,COUPONZ9Z9,13.94,AUD
422167,2024-03-17T14:45:06,2024-03-17,131,2,Retail,Credit Card,COUPON-ZA0,2.96,AUD
422246,2024-03-17T06:37:29,2024-03-17,422,46,Online,PayPal,COUPONZ--Z,17.35,AUD
422293,2024-03-17T04:42:52,2024-03-17,669,42,Retail,Afterpay,COUPON99AA,7.29,AUD
422325,2024-03-17T12:08:38,2024-03-17,117,12,Online,Afterpay,COUPON9---,6.22,AUD
422455,2024-03-17T16:50:56,2024-03-17,65,41,Online,PayPal,COUPON-Z00,4.64,AUD
422575,2024-03-17T11:52:04,2024-03-17,42,41,Retail,PayPal,COUPON09ZA,5.95,AUD
422638,2024-03-17T00:53:56,2024-03-17,180,39,Online,Credit Card,COUPON9--A,18.32,AUD
422980,2024-03-17T04:54:59,2024-03-17,717,3,Retail,PayPal,COUPON9Z0-,4.08,AUD
423152,2024-03-17T01:49:34,2024-03-17,286,12,Retail,Afterpay,COUPONAZ-Z,17.08,AUD
423284,2024-03-17T03:27:43,2024-03-17,94,33,Online,Afterpay,COUPON---A,1.97,AUD
423293,2024-03-17T19:39:00,2024-03-17,521,24,Retail,Credit Card,COUPON0-9-,18.01,AUD
423379,2024-03-17T19:02:30,2024-03-17,210,32,Retail,Credit Card,COUPON-ZZZ,17.41,AUD
423581,2024-03-17T01:20:19,2024-03-17,346,34,Online,PayPal,COUPON0A09,7.06,AUD
423623,2024-03-17T02:56:08,2024-03-17,157,31,Online,Credit Card,COUPON00-A,11.02,AUD
423670,2024-03-17T06:06:24,2024-03-17,775,45,Retail,PayPal,COUPON0A--,4.46,AUD
423686,2024-03-17T11:37:05,2024-03-17,212,11,Retail,Afterpay,COUPON9Z--,6.3,AUD
423779,2024-03-17T17:26:43,2024-03-17,560,8,Online,Credit Card,COUPON9---,15.66,AUD
423883,2024-03-17T11:14:55,2024-03-17,179,30,Retail,PayPal,COUPON00ZZ,10.96,AUD
423982,2024-03-17T01:34:36,2024-03-17,742,26,Retail,Credit Card,COUPONA-9-,9.6,AUD
424175,2024-03-17T02:11:54,2024-03-17,206,2,Online,PayPal,COUPON9---,8.73,AUD
424401,2024-03-17T21:22:40,2024-03-17,353,14,Online,Afterpay,COUPON0Z00,11.72,AUD
424507,2024-03-17T20:38:55,2024-03-17,558,48,Online,PayPal,COUPON-ZZ0,13.58,AUD
424688,2024-03-17T10:02:15,2024-03-17,515,16,Online,Credit Card,COUPON9--9,14.8,AUD
424700,2024-03-17T18:26:54,2024-03-17,109,42,Online,Afterpay,COUPONZ9ZZ,17.83,AUD
424735,2024-03-17T12:27:39,2024-03-17,56,37,Online,Credit Card,COUPON9A--,10.25,AUD
424935,2024-03-17T19:20:01,2024-03-17,286,42,Retail,PayPal,COUPON-AZ-,18.68,AUD
425108,2024-03-17T12:38:48,2024-03-17,621,1,Retail,PayPal,COUPON0Z99,1.86,AUD
425188,2024-03-17T15:49:38,2024-03-17,530,10,Online,PayPal,COUPON-0-A,2.27,AUD
425194,2024-03-17T14:21:19,2024-03-17,212,38,Retail,Credit Card,COUPON-Z9Z,10.08,AUD
425306,2024-03-17T07:35:15,2024-03-17,514,18,Online,Afterpay,COUPON0-Z-,14.03,AUD
425385,2024-03-17T08:58:36,2024-03-17,596,41,Online,PayPal,COUPON9999,19.65,AUD
425424,2024-03-17T01:53:59,2024-03-17,1,11,Retail,Afterpay,COUPONZ-Z9,11.85,AUD
425634,2024-03-17T15:55:42,2024-03-17,499,7,Online,Afterpay,COUPONA-AZ,9.69,AUD
425841,2024-03-17T05:43:23,2024-03-17,248,35,Online,Afterpay,COUPONZ0Z-,11.07,AUD
426314,2024-03-17T02:54:54,2024-03-17,539,35,Online,Afterpay,COUPON0Z-0,16.6,AUD
426349,2024-03-17T20:41:10,2024-03-17,48,48,Retail,PayPal,COUPON0000,16.26,AUD
426435,2024-03-17T09:54:56,2024-03-17,408,24,Online,PayPal,COUPONZ00-,7.35,AUD
426452,2024-03-17T08:58:41,2024-03-17,691,8,Online,Credit Card,COUPON-09-,2.59,AUD
426811,2024-03-17T09:59:02,2024-03-17,165,21,Retail,Credit Card,COUPON-Z-Z,16.2,AUD
426866,2024-03-17T05:19:40,2024-03-17,728,8,Retail,Afterpay,COUPONA-99,17.6,AUD
427127,2024-03-17T07:04:53,2024-03-17,670,15,Online,PayPal,COUPONAAZA,16.84,AUD
427404,2024-03-17T13:41:50,2024-03-17,494,21,Retail,Credit Card,COUPON-AA9,8.31,AUD
427461,2024-03-17T23:31:34,2024-03-17,689,8,Retail,PayPal,COUPON---0,15.02,AUD
427496,2024-03-17T13:52:16,2024-03-17,468,30,Retail,Credit Card,COUPON0-A-,1.5,AUD
427509,2024-03-17T08:55:26,2024-03-17,367,27,Retail,Credit Card,COUPON-0Z-,4.58,AUD
427578,2024-03-17T02:48:56,2024-03-17,576,42,Online,Credit Card,COUPON0-A0,19.45,AUD
427671,2024-03-17T01:19:22,2024-03-17,582,22,Retail,Afterpay,COUPON9-9A,0.76,AUD
427676,2024-03-17T15:13:39,2024-03-17,53,46,Online,Credit Card,COUPONZ0-Z,0.38,AUD
427729,2024-03-17T21:08:57,2024-03-17,355,47,Online,PayPal,COUPON----,19.4,AUD
427731,2024-03-17T14:11:18,2024-03-17,477,39,Retail,Afterpay,COUPON-A--,8.74,AUD
427809,2024-03-17T10:24:33,2024-03-17,75,27,Online,Afterpay,COUPON0A-A,2.8,AUD
427966,2024-03-17T21:22:23,2024-03-17,665,2,Retail,Credit Card,COUPONZ--9,0.92,AUD
427977,2024-03-17T12:17:50,2024-03-17,680,21,Retail,PayPal,COUPON-90Z,5.03,AUD
428117,2024-03-17T13:46:25,2024-03-17,345,28,Online,Credit Card,COUPON-900,11.91,AUD
428184,2024-03-17T09:10:34,2024-03-17,191,10,Online,Afterpay,COUPONA9-Z,11.88,AUD
428213,2024-03-17T15:02:32,2024-03-17,134,31,Online,Afterpay,COUPONA-ZZ,8.58,AUD
428229,2024-03-17T03:43:53,2024-03-17,113,7,Online,Credit Card,COUPON--Z-,2.66,AUD
428369,2024-03-17T06:51:57,2024-03-17,200,21,Retail,Afterpay,COUPON-9-9,6.03,AUD
428428,2024-03-17T21:09:59,2024-03-17,765,33,Retail,PayPal,COUPON09-0,2.46,AUD
428469,2024-03-17T18:31:12,2024-03-17,10,30,Retail,PayPal,COUPONA-A-,0.86,AUD
428556,2024-03-17T13:11:34,2024-03-17,53,41,Retail,PayPal,COUPONZ0-Z,0.86,AUD
428724,2024-03-17T12:22:32,2024-03-17,591,44,Retail,Credit Card,COUPON99-Z,1.16,AUD
428823,2024-03-17T04:11:51,2024-03-17,720,3,Online,PayPal,COUPON0000,13.76,AUD
428920,2024-03-17T20:26:03,2024-03-17,199,20,Online,Afterpay,COUPON0ZZA,7.86,AUD
428998,2024-03-17T03:04:38,2024-03-17,526,44,Retail,Credit Card,COUPON---0,8.87,AUD
429008,2024-03-17T11:13:08,2024-03-17,533,31,Retail,PayPal,COUPONA0--,1.69,AUD
429060,2024-03-17T18:22:50,2024-03-17,310,25,Online,Afterpay,COUPON--AA,4.66,AUD
429225,2024-03-17T17:10:06,2024-03-17,778,41,Online,PayPal,COUPONAA0A,12.33,AUD
429288,2024-03-17T04:38:29,2024-03-17,376,29,Online,PayPal,COUPONZ0Z0,8.27,AUD
429314,2024-03-17T06:52:08,2024-03-17,494,22,Online,Credit Card,COUPON--ZZ,6.3,AUD
429416,2024-03-17T14:15:26,2024-03-17,135,23,Online,Afterpay,COUPON--A9,5.41,AUD
429513,2024-03-17T13:56:34,2024-03-17,773,21,Online,Credit Card,COUPON9-09,3.52,AUD
429589,2024-03-17T21:26:51,2024-03-17,226,41,Online,Credit Card,COUPON-A9-,7.0,AUD
429668,2024-03-17T10:11:41,2024-03-17,20,14,Online,PayPal,COUPON90-9,4.2,AUD
429699,2024-03-17T07:53:52,2024-03-17,256,22,Retail,PayPal,COUPON90--,17.27,AUD
429807,2024-03-17T22:26:29,2024-03-17,560,34,Online,PayPal,COUPONZA--,17.13,AUD
429904,2024-03-17T02:43:32,2024-03-17,165,12,Online,Afterpay,COUPON-ZZA,4.36,AUD
430334,2024-03-17T10:09:35,2024-03-17,307,4,Online,Credit Card,COUPON-9-Z,4.23,AUD
430375,2024-03-17T05:54:43,2024-03-17,224,23,Retail,Credit Card,COUPON0Z-Z,10.17,AUD
430403,2024-03-17T14:14:02,2024-03-17,627,31,Online,Afterpay,COUPONZ--0,4.04,AUD
430579,2024-03-17T08:15:22,2024-03-17,451,29,Retail,PayPal,COUPON0--A,0.07,AUD
430662,2024-03-17T23:40:51,2024-03-17,746,17,Retail,Afterpay,COUPON--0A,7.74,AUD
430677,2024-03-17T20:44:29,2024-03-17,535,37,Online,Credit Card,COUPONZ9--,1.03,AUD
430805,2024-03-17T09:40:15,2024-03-17,306,47,Online,Credit Card,COUPON00A-,15.8,AUD
430839,2024-03-17T08:39:34,2024-03-17,33,38,Online,Credit Card,COUPON-A-Z,15.81,AUD
431155,2024-03-17T11:51:13,2024-03-17,591,48,Online,Afterpay,COUPONZ90-,11.12,AUD
431514,2024-03-17T06:03:16,2024-03-17,58,13,Online,Afterpay,COUPONAA-9,8.8,AUD
431531,2024-03-17T06:47:02,2024-03-17,435,13,Online,Credit Card,COUPONAZ00,8.79,AUD
431535,2024-03-17T16:43:15,2024-03-17,700,3,Retail,Credit Card,COUPONZ---,9.99,AUD
431564,2024-03-17T20:04:46,2024-03-17,226,22,Online,Afterpay,COUPON-9-Z,15.93,AUD
431594,2024-03-17T22:42:06,2024-03-17,440,5,Online,Afterpay,COUPON9A-A,9.77,AUD
431858,2024-03-17T20:00:36,2024-03-17,84,29,Online,Afterpay,COUPON-ZA-,3.36,AUD
431867,2024-03-17T07:49:43,2024-03-17,179,49,Retail,Afterpay,COUPON9Z-A,8.53,AUD
431925,2024-03-17T01:40:45,2024-03-17,304,38,Online,Credit Card,COUPON-0Z9,8.7,AUD
432028,2024-03-17T21:32:52,2024-03-17,328,41,Retail,PayPal,COUPON90A-,3.51,AUD
432210,2024-03-17T11:08:52,2024-03-17,482,11,Online,Credit Card,COUPONA-Z-,7.83,AUD
432373,2024-03-17T22:58:42,2024-03-17,329,12,Online,Afterpay,COUPON9Z0A,0.85,AUD
432510,2024-03-17T19:44:52,2024-03-17,663,36,Retail,Afterpay,COUPON9ZA-,10.34,AUD
432591,2024-03-17T16:59:11,2024-03-17,41,22,Online,Credit Card,COUPONZ-AZ,0.09,AUD
432645,2024-03-17T02:39:06,2024-03-17,631,2,Online,PayPal,COUPON9Z90,17.89,AUD
432925,2024-03-17T08:28:21,2024-03-17,772,2,Retail,PayPal,COUPONZ0Z-,2.59,AUD
432981,2024-03-17T09:27:30,2024-03-17,330,35,Retail,Credit Card,COUPONZ-Z-,17.88,AUD
433040,2024-03-17T05:59:01,2024-03-17,259,21,Retail,PayPal,COUPON-A-0,1.15,AUD
433091,2024-03-17T03:23:51,2024-03-17,361,25,Online,Credit Card,COUPON---A,19.86,AUD
433111,2024-03-17T14:58:04,2024-03-17,76,25,Online,Credit Card,COUPONZ-Z-,13.69,AUD
433208,2024-03-17T12:23:57,2024-03-17,603,7,Retail,Credit Card,COUPONZ09-,4.88,AUD
433252,2024-03-17T20:02:05,2024-03-17,482,38,Online,PayPal,COUPON9--0,14.69,AUD
433866,2024-03-17T00:42:17,2024-03-17,190,40,Online,PayPal,COUPONA909,16.89,AUD
433946,2024-03-17T20:00:50,2024-03-17,276,19,Online,Afterpay,COUPON-A99,19.56,AUD
433961,2024-03-17T17:46:37,2024-03-17,95,22,Online,Credit Card,COUPON-90-,0.49,AUD
433979,2024-03-17T10:40:58,2024-03-17,453,32,Online,PayPal,COUPON-9ZA,18.07,AUD
434395,2024-03-17T01:32:43,2024-03-17,342,1,Online,PayPal,COUPONZ9-A,3.76,AUD
434465,2024-03-17T09:00:25,2024-03-17,483,47,Retail,Afterpay,COUPONAA90,10.84,AUD
434520,2024-03-17T03:27:39,2024-03-17,187,37,Retail,PayPal,COUPON00-0,4.32,AUD
434540,2024-03-17T06:49:53,2024-03-17,34,39,Retail,Afterpay,COUPON0-9-,1.18,AUD
434543,2024-03-17T08:55:39,2024-03-17,403,2,Retail,PayPal,COUPONAA--,7.92,AUD
434860,2024-03-17T22:01:56,2024-03-17,235,28,Online,PayPal,COUPON0AZ-,2.03,AUD
434869,2024-03-17T03:23:23,2024-03-17,585,45,Online,Credit Card,COUPON9-9-,15.41,AUD
434879,2024-03-17T23:28:46,2024-03-17,161,26,Online,Credit Card,COUPONA-99,3.85,AUD
434965,2024-03-17T18:50:15,2024-03-17,290,20,Retail,PayPal,COUPON--9Z,7.84,AUD
434986,2024-03-17T07:59:50,2024-03-17,461,24,Retail,PayPal,COUPON-0Z9,2.43,AUD
435059,2024-03-17T18:57:49,2024-03-17,24,45,Retail,Credit Card,COUPON---9,12.48,AUD
435096,2024-03-17T19:42:03,2024-03-17,455,17,Online,Afterpay,COUPON-Z9-,1.81,AUD
435114,2024-03-17T21:30:49,2024-03-17,377,28,Retail,PayPal,COUPONA-Z-,2.72,AUD
435157,2024-03-17T17:17:31,2024-03-17,33,14,Online,Afterpay,COUPON0---,19.54,AUD
435237,2024-03-17T20:22:17,2024-03-17,442,12,Online,Credit Card,COUPONZ--9,17.65,AUD
435330,2024-03-17T07:45:50,2024-03-17,189,16,Retail,Afterpay,COUPON0-ZZ,10.73,AUD
435436,2024-03-17T17:20:26,2024-03-17,199,10,Retail,Afterpay,COUPONA--0,15.13,AUD
435523,2024-03-17T15:53:54,2024-03-17,340,25,Retail,PayPal,COUPONA-AZ,18.62,AUD
435552,2024-03-17T11:14:35,2024-03-17,310,30,Online,Afterpay,COUPONZA-A,0.63,AUD
435553,2024-03-17T04:01:35,2024-03-17,304,18,Retail,Afterpay,COUPONZA9-,18.95,AUD
435961,2024-03-17T13:23:43,2024-03-17,242,7,Retail,PayPal,COUPON-99-,15.99,AUD
435962,2024-03-17T00:02:50,2024-03-17,539,43,Online,Credit Card,COUPON90-9,14.1,AUD
435982,2024-03-17T06:02:22,2024-03-17,369,6,Online,PayPal,COUPON-A9A,15.02,AUD
436068,2024-03-17T09:30:07,2024-03-17,422,1,Online,PayPal,COUPONA--0,18.07,AUD
436159,2024-03-17T04:22:46,2024-03-17,686,47,Retail,PayPal,COUPON-9A-,0.13,AUD
436195,2024-03-17T12:38:02,2024-03-17,243,40,Retail,PayPal,COUPONAZ09,12.24,AUD
436256,2024-03-17T02:03:16,2024-03-17,731,25,Retail,Credit Card,COUPON00A-,1.49,AUD
436273,2024-03-17T15:24:44,2024-03-17,678,18,Retail,Credit Card,COUPONAAAZ,1.63,AUD
436300,2024-03-17T19:00:22,2024-03-17,134,45,Retail,Credit Card,COUPONAAZ9,17.26,AUD
436323,2024-03-17T16:10:59,2024-03-17,345,20,Online,Credit Card,COUPON-Z0-,13.8,AUD
436825,2024-03-17T00:27:49,2024-03-17,552,18,Online,PayPal,COUPON-Z-A,19.94,AUD
436845,2024-03-17T07:32:46,2024-03-17,131,25,Online,Credit Card,COUPON-A--,15.47,AUD
436871,2024-03-17T12:01:27,2024-03-17,757,19,Online,PayPal,COUPONAA--,1.99,AUD
437014,2024-03-17T11:49:18,2024-03-17,790,19,Retail,PayPal,COUPON-00-,8.74,AUD
437202,2024-03-17T17:18:20,2024-03-17,479,43,Online,PayPal,COUPONZ009,13.96,AUD
437293,2024-03-17T11:30:55,2024-03-17,14,42,Retail,Credit Card,COUPON----,8.2,AUD
437526,2024-03-17T15:33:56,2024-03-17,298,40,Online,PayPal,COUPON-0ZZ,5.62,AUD
437648,2024-03-17T17:33:43,2024-03-17,65,41,Online,Credit Card,COUPON0---,14.32,AUD
437724,2024-03-17T19:26:07,2024-03-17,271,48,Online,PayPal,COUPONA9-0,16.14,AUD
437776,2024-03-17T08:32:34,2024-03-17,210,29,Retail,Afterpay,COUPONAZ9A,6.55,AUD
438114,2024-03-17T04:56:41,2024-03-17,595,47,Online,Afterpay,COUPON--Z9,18.55,AUD
438215,2024-03-17T10:40:58,2024-03-17,429,35,Retail,Credit Card,COUPONZZ-0,2.56,AUD
438230,2024-03-17T14:25:26,2024-03-17,285,29,Online,Afterpay,COUPON0--0,13.47,AUD
438242,2024-03-17T00:51:06,2024-03-17,249,14,Online,Afterpay,COUPONA-99,7.49,AUD
438249,2024-03-17T01:46:54,2024-03-17,758,26,Online,PayPal,COUPONA999,6.57,AUD
438283,2024-03-17T10:17:37,2024-03-17,485,46,Online,Afterpay,COUPONA---,18.8,AUD
438442,2024-03-17T19:25:21,2024-03-17,53,35,Retail,Afterpay,COUPON00-Z,11.57,AUD
438509,2024-03-17T13:15:25,2024-03-17,86,5,Retail,PayPal,COUPONA--A,1.14,AUD
438535,2024-03-17T05:21:25,2024-03-17,484,37,Retail,Afterpay,COUPON-9-Z,14.13,AUD
438665,2024-03-17T09:32:32,2024-03-17,319,12,Retail,Afterpay,COUPON999A,5.63,AUD
438763,2024-03-17T08:41:43,2024-03-17,470,10,Retail,Credit Card,COUPON--0-,4.39,AUD
438859,2024-03-17T09:59:16,2024-03-17,649,15,Online,Afterpay,COUPONA0-0,8.98,AUD
438872,2024-03-17T14:43:09,2024-03-17,347,33,Retail,PayPal,COUPON---Z,7.93,AUD
438928,2024-03-17T19:08:36,2024-03-17,19,24,Online,Credit Card,COUPONZ09A,18.9,AUD
438995,2024-03-17T21:21:33,2024-03-17,436,26,Retail,Credit Card,COUPON9ZA-,9.09,AUD
439290,2024-03-17T15:28:11,2024-03-17,2,49,Retail,PayPal,COUPON--Z-,8.55,AUD
439301,2024-03-17T03:52:16,2024-03-17,198,40,Retail,Credit Card,COUPON0099,10.12,AUD
439377,2024-03-17T02:28:43,2024-03-17,403,25,Online,Afterpay,COUPON00-A,0.56,AUD
439422,2024-03-17T19:01:50,2024-03-17,383,6,Online,Afterpay,COUPONZAZA,8.95,AUD
439473,2024-03-17T06:04:52,2024-03-17,125,22,Retail,Credit Card,COUPONZ-Z-,16.45,AUD
439489,2024-03-17T15:47:45,2024-03-17,536,26,Retail,Afterpay,COUPON--9Z,15.13,AUD
439494,2024-03-17T06:41:47,2024-03-17,757,40,Online,Credit Card,COUPONAZ00,7.43,AUD
439636,2024-03-17T04:08:44,2024-03-17,467,49,Retail,Credit Card,COUPON9A-A,5.44,AUD
439690,2024-03-17T09:09:14,2024-03-17,17,33,Retail,PayPal,COUPONZ-AA,1.03,AUD
439759,2024-03-17T15:36:10,2024-03-17,269,16,Online,PayPal,COUPON--00,10.2,AUD
439982,2024-03-17T19:24:47,2024-03-17,60,10,Retail,Credit Card,COUPON990-,4.01,AUD
440199,2024-03-17T13:58:22,2024-03-17,534,41,Online,Credit Card,COUPON-0ZA,8.22,AUD
440295,2024-03-17T18:51:57,2024-03-17,592,47,Online,Credit Card,COUPON--Z0,5.39,AUD
440413,2024-03-17T05:42:37,2024-03-17,128,46,Online,PayPal,COUPON-A0Z,11.09,AUD
440487,2024-03-17T03:59:53,2024-03-17,277,37,Retail,PayPal,COUPON----,14.11,AUD
440515,2024-03-17T10:52:31,2024-03-17,594,34,Online,Credit Card,COUPON--Z-,9.09,AUD
440591,2024-03-17T00:54:52,2024-03-17,265,35,Retail,Credit Card,COUPON-9Z-,16.33,AUD
440649,2024-03-17T06:44:44,2024-03-17,461,12,Retail,PayPal,COUPON0-90,1.31,AUD
440663,2024-03-17T01:34:10,2024-03-17,732,40,Retail,Credit Card,COUPON99A9,3.42,AUD
440677,2024-03-17T11:38:22,2024-03-17,231,23,Online,PayPal,COUPONA-00,11.34,AUD
440693,2024-03-17T08:56:29,2024-03-17,128,27,Online,PayPal,COUPON090Z,19.06,AUD
440707,2024-03-17T13:46:58,2024-03-17,689,46,Online,PayPal,COUPON--9Z,13.13,AUD
440715,2024-03-17T15:05:39,2024-03-17,127,36,Retail,Credit Card,COUPONZA09,8.47,AUD
440867,2024-03-17T06:40:12,2024-03-17,672,2,Retail,Credit Card,COUPON9Z--,4.15,AUD
440986,2024-03-17T21:42:13,2024-03-17,258,29,Online,Credit Card,COUPON0--0,17.08,AUD
441073,2024-03-17T02:32:36,2024-03-17,638,47,Online,Afterpay,COUPONZAZZ,2.24,AUD
441454,2024-03-17T10:16:52,2024-03-17,485,24,Online,Credit Card,COUPON9-A-,3.88,AUD
441588,2024-03-17T22:43:44,2024-03-17,160,45,Retail,Credit Card,COUPON90-A,14.97,AUD
441677,2024-03-17T12:29:31,2024-03-17,423,7,Retail,Credit Card,COUPON-ZZZ,18.84,AUD
441753,2024-03-17T05:55:20,2024-03-17,455,13,Online,Credit Card,COUPON0Z-Z,9.33,AUD
442056,2024-03-17T21:58:57,2024-03-17,193,36,Online,Afterpay,COUPON-A-9,1.57,AUD
442150,2024-03-17T12:17:40,2024-03-17,234,37,Retail,PayPal,COUPON900Z,5.79,AUD
442181,2024-03-17T21:05:25,2024-03-17,673,49,Retail,Afterpay,COUPONAZZZ,16.19,AUD
442195,2024-03-17T07:16:26,2024-03-17,2,2,Retail,PayPal,COUPON--99,4.72,AUD
442247,2024-03-17T15:56:22,2024-03-17,654,18,Retail,PayPal,COUPON-0-9,5.15,AUD
442265,2024-03-17T02:09:15,2024-03-17,459,24,Online,Afterpay,COUPONA-90,3.62,AUD
442273,2024-03-17T11:57:25,2024-03-17,522,17,Online,Afterpay,COUPONA-0-,18.1,AUD
442420,2024-03-17T16:42:28,2024-03-17,426,16,Online,Afterpay,COUPONA0-0,18.81,AUD
442436,2024-03-17T11:55:59,2024-03-17,354,14,Retail,PayPal,COUPONZ-9-,7.12,AUD
442592,2024-03-17T07:33:11,2024-03-17,126,11,Online,Credit Card,COUPON-0-A,14.27,AUD
442804,2024-03-17T11:09:26,2024-03-17,137,36,Retail,PayPal,COUPON0Z-Z,2.59,AUD
442900,2024-03-17T22:59:52,2024-03-17,511,29,Online,Credit Card,COUPONZ-0A,13.03,AUD
442942,2024-03-17T00:24:10,2024-03-17,793,23,Online,Credit Card,COUPONZ-Z-,14.55,AUD
442962,2024-03-17T03:20:03,2024-03-17,188,17,Retail,Credit Card,COUPON0A--,8.59,AUD
443009,2024-03-17T17:01:48,2024-03-17,738,9,Online,PayPal,COUPON--09,13.78,AUD
443048,2024-03-17T18:36:47,2024-03-17,353,10,Online,Afterpay,COUPON9-0-,18.56,AUD
443232,2024-03-17T16:08:00,2024-03-17,395,13,Retail,Afterpay,COUPON9-9A,7.51,AUD
443361,2024-03-17T08:45:29,2024-03-17,10,34,Retail,Credit Card,COUPON9AA0,5.14,AUD
443489,2024-03-17T12:14:23,2024-03-17,400,16,Online,Afterpay,COUPON--Z0,0.96,AUD
443499,2024-03-17T01:58:52,2024-03-17,378,21,Retail,Afterpay,COUPON90Z0,6.77,AUD
443730,2024-03-17T16:20:18,2024-03-17,592,44,Retail,Afterpay,COUPONZ-A0,8.16,AUD
443757,2024-03-17T21:31:49,2024-03-17,375,7,Online,Credit Card,COUPON-999,2.85,AUD
443947,2024-03-17T10:22:00,2024-03-17,660,11,Retail,Afterpay,COUPONAAZZ,14.41,AUD
443968,2024-03-17T22:39:25,2024-03-17,298,41,Retail,Credit Card,COUPON00AZ,4.64,AUD
443985,2024-03-17T23:18:35,2024-03-17,397,23,Retail,PayPal,COUPONAA--,18.94,AUD
444059,2024-03-17T05:24:29,2024-03-17,236,6,Retail,Afterpay,COUPON-ZZA,18.77,AUD
444287,2024-03-17T11:50:53,2024-03-17,349,1,Online,Credit Card,COUPON-AA0,6.64,AUD
444362,2024-03-17T11:13:27,2024-03-17,386,49,Online,Afterpay,COUPON0---,11.92,AUD
444436,2024-03-17T11:32:58,2024-03-17,282,4,Online,Afterpay,COUPON9ZA-,10.54,AUD
444461,2024-03-17T11:24:20,2024-03-17,460,7,Online,Afterpay,COUPONZZAA,3.29,AUD
444831,2024-03-17T07:20:28,2024-03-17,462,27,Retail,Credit Card,COUPON0---,10.81,AUD
444857,2024-03-17T04:02:47,2024-03-17,620,25,Retail,Credit Card,COUPON0A00,2.89,AUD
445000,2024-03-17T16:16:29,2024-03-17,705,35,Online,PayPal,COUPONA000,5.5,AUD
445054,2024-03-17T19:42:38,2024-03-17,94,7,Retail,Credit Card,COUPON--0A,6.33,AUD
445471,2024-03-17T11:58:34,2024-03-17,354,9,Online,PayPal,COUPON9A-0,2.21,AUD
445528,2024-03-17T01:29:27,2024-03-17,383,7,Retail,Afterpay,COUPONAZA-,2.73,AUD
445653,2024-03-17T17:18:38,2024-03-17,29,11,Retail,Credit Card,COUPON9ZAA,15.88,AUD
445832,2024-03-17T18:51:54,2024-03-17,416,17,Online,Afterpay,COUPON0Z9Z,6.72,AUD
446006,2024-03-17T01:13:52,2024-03-17,274,26,Retail,PayPal,COUPON---9,13.86,AUD
446016,2024-03-17T16:48:14,2024-03-17,628,44,Online,PayPal,COUPONZ090,13.87,AUD
446148,2024-03-17T17:24:05,2024-03-17,6,9,Retail,Credit Card,COUPONZ0ZA,17.99,AUD
446152,2024-03-17T03:45:39,2024-03-17,385,3,Online,Credit Card,COUPONZA0-,11.88,AUD
446189,2024-03-17T00:52:48,2024-03-17,213,30,Online,Afterpay,COUPONZ-09,8.03,AUD
446232,2024-03-17T02:56:44,2024-03-17,337,38,Retail,Afterpay,COUPON-0ZA,5.61,AUD
446337,2024-03-17T07:25:19,2024-03-17,472,32,Retail,PayPal,COUPON09-9,5.56,AUD
446376,2024-03-17T05:18:54,2024-03-17,753,35,Online,PayPal,COUPONA-9Z,15.31,AUD
446574,2024-03-17T10:20:57,2024-03-17,410,34,Online,Afterpay,COUPONZ0--,2.1,AUD
446739,2024-03-17T12:03:01,2024-03-17,777,2,Online,PayPal,COUPON99-9,5.43,AUD
446764,2024-03-17T13:48:23,2024-03-17,362,11,Retail,Afterpay,COUPON9Z0Z,16.74,AUD
446940,2024-03-17T00:00:26,2024-03-17,394,41,Online,Credit Card,COUPON-0--,19.89,AUD
447068,2024-03-17T22:23:30,2024-03-17,596,34,Retail,PayPal,COUPON9--0,17.71,AUD
447199,2024-03-17T05:48:05,2024-03-17,683,12,Online,Credit Card,COUPONA-ZZ,15.48,AUD
447201,2024-03-17T17:39:16,2024-03-17,641,46,Retail,Afterpay,COUPON0-09,14.96,AUD
447509,2024-03-17T23:41:53,2024-03-17,586,40,Retail,PayPal,COUPON--0-,19.42,AUD
447685,2024-03-17T21:08:48,2024-03-17,152,11,Online,Afterpay,COUPON--0-,13.79,AUD
447894,2024-03-17T01:11:30,2024-03-17,448,15,Retail,PayPal,COUPON9A--,12.62,AUD
447905,2024-03-17T14:32:34,2024-03-17,713,32,Online,PayPal,COUPONZ9Z9,17.2,AUD
447926,2024-03-17T04:19:16,2024-03-17,491,27,Online,PayPal,COUPONZ-AA,15.31,AUD
447965,2024-03-17T03:35:31,2024-03-17,113,17,Retail,Afterpay,COUPONA9-0,5.18,AUD
448401,2024-03-17T18:29:30,2024-03-17,623,40,Retail,PayPal,COUPON--A-,0.76,AUD
448622,2024-03-17T17:03:45,2024-03-17,161,27,Online,PayPal,COUPONAA-0,9.36,AUD
448784,2024-03-17T12:07:17,2024-03-17,264,25,Online,Afterpay,COUPON---9,11.58,AUD
448791,2024-03-17T08:17:22,2024-03-17,262,38,Retail,Credit Card,COUPON9-9-,8.36,AUD
448866,2024-03-17T16:26:32,2024-03-17,180,35,Retail,Afterpay,COUPON9---,14.73,AUD
449180,2024-03-17T16:46:23,2024-03-17,657,37,Online,Afterpay,COUPON9Z9-,0.55,AUD
449390,2024-03-17T23:09:30,2024-03-17,562,22,Retail,Credit Card,COUPON-ZZ0,9.31,AUD
449403,2024-03-17T08:42:08,2024-03-17,710,1,Online,Credit Card,COUPONA0-0,10.61,AUD
449593,2024-03-17T00:10:06,2024-03-17,118,36,Online,PayPal,COUPON0-Z-,11.77,AUD
449661,2024-03-17T05:22:57,2024-03-17,29,20,Retail,PayPal,COUPON--A0,1.54,AUD
449720,2024-03-17T09:09:46,2024-03-17,384,21,Online,Credit Card,COUPON99A0,15.19,AUD
449725,2024-03-17T18:11:15,2024-03-17,674,28,Online,PayPal,COUPON00-A,11.42,AUD
449730,2024-03-17T18:47:02,2024-03-17,19,23,Retail,Credit Card,COUPONZ-9-,6.13,AUD
449764,2024-03-17T13:56:07,2024-03-17,607,15,Online,PayPal,COUPON--90,9.39,AUD
449777,2024-03-17T22:21:45,2024-03-17,347,5,Retail,Afterpay,COUPON----,12.31,AUD
449831,2024-03-17T00:02:30,2024-03-17,493,49,Retail,Credit Card,COUPON-909,10.04,AUD
449936,2024-03-17T02:17:53,2024-03-17,716,3,Online,Afterpay,COUPON9-99,3.58,AUD
449952,2024-03-17T14:40:46,2024-03-17,424,8,Online,Credit Card,COUPON9--0,3.07,AUD
450038,2024-03-17T18:42:54,2024-03-17,324,38,Retail,PayPal,COUPONZ09-,5.27,AUD
450064,2024-03-17T18:56:29,2024-03-17,565,35,Retail,Afterpay,COUPONZ-0-,16.54,AUD
450095,2024-03-17T01:27:04,2024-03-17,168,42,Retail,PayPal,COUPON09Z9,15.76,AUD
450130,2024-03-17T05:09:54,2024-03-17,521,1,Online,Afterpay,COUPON--0-,11.63,AUD
450234,2024-03-17T01:06:13,2024-03-17,388,18,Retail,Credit Card,COUPON-99-,12.94,AUD
450389,2024-03-17T04:43:34,2024-03-17,313,42,Online,PayPal,COUPON-ZZA,0.09,AUD
450401,2024-03-17T21:23:01,2024-03-17,374,9,Retail,Credit Card,COUPON--ZA,11.19,AUD
450423,2024-03-17T23:59:56,2024-03-17,98,33,Retail,Credit Card,COUPON-0Z0,15.64,AUD
450528,2024-03-17T16:06:40,2024-03-17,310,8,Online,PayPal,COUPONA0-Z,0.23,AUD
450672,2024-03-17T23:58:39,2024-03-17,773,36,Online,Afterpay,COUPON909-,17.51,AUD
450893,2024-03-17T23:02:19,2024-03-17,736,21,Retail,PayPal,COUPON-AZ-,6.53,AUD
450966,2024-03-17T05:38:20,2024-03-17,424,29,Online,PayPal,COUPON--9Z,17.23,AUD
451439,2024-03-17T00:50:40,2024-03-17,754,18,Online,PayPal,COUPONA-A-,9.17,AUD
451529,2024-03-17T02:31:45,2024-03-17,486,2,Retail,PayPal,COUPONZ---,11.06,AUD
451551,2024-03-17T02:13:10,2024-03-17,112,45,Retail,PayPal,COUPON--0A,19.01,AUD
451673,2024-03-17T04:12:19,2024-03-17,301,31,Retail,Afterpay,COUPON9Z-A,16.78,AUD
451690,2024-03-17T13:29:57,2024-03-17,447,5,Retail,Afterpay,COUPONAZ99,14.34,AUD
452041,2024-03-17T15:37:02,2024-03-17,410,29,Online,Credit Card,COUPON0A-0,7.22,AUD
452058,2024-03-17T06:33:16,2024-03-17,509,48,Online,PayPal,COUPON9ZZ9,13.84,AUD
452286,2024-03-17T15:25:36,2024-03-17,128,27,Online,Afterpay,COUPON-A0A,8.48,AUD
452359,2024-03-17T13:00:55,2024-03-17,382,31,Online,Credit Card,COUPON9-A-,10.0,AUD
452372,2024-03-17T17:12:51,2024-03-17,165,4,Online,Afterpay,COUPONAA9Z,12.19,AUD
452404,2024-03-17T04:20:24,2024-03-17,123,32,Retail,PayPal,COUPONA-9-,18.48,AUD
452424,2024-03-17T12:36:02,2024-03-17,115,20,Online,PayPal,COUPONA-Z0,10.55,AUD
452437,2024-03-17T00:19:32,2024-03-17,138,3,Online,Afterpay,COUPON----,13.49,AUD
452613,2024-03-17T01:05:40,2024-03-17,412,34,Retail,Credit Card,COUPON----,0.76,AUD
452681,2024-03-17T14:43:57,2024-03-17,548,31,Online,Afterpay,COUPON0ZAZ,11.74,AUD
452747,2024-03-17T15:14:41,2024-03-17,713,29,Online,PayPal,COUPON-9ZA,1.41,AUD
452804,2024-03-17T07:00:33,2024-03-17,601,29,Retail,PayPal,COUPON9-Z-,11.56,AUD
452866,2024-03-17T20:38:54,2024-03-17,652,21,Retail,Afterpay,COUPON00--,0.88,AUD
453096,2024-03-17T15:27:23,2024-03-17,601,40,Online,Credit Card,COUPON-0-0,2.28,AUD
453160,2024-03-17T14:41:35,2024-03-17,170,43,Online,Afterpay,COUPONZ9Z-,12.64,AUD
453208,2024-03-17T06:20:07,2024-03-17,398,5,Online,Credit Card,COUPON9ZZ0,0.47,AUD
453309,2024-03-17T01:37:50,2024-03-17,114,35,Retail,Credit Card,COUPON-AA-,3.51,AUD
453321,2024-03-17T05:27:18,2024-03-17,783,49,Online,Afterpay,COUPONA-A-,15.27,AUD
453342,2024-03-17T05:02:45,2024-03-17,196,16,Online,PayPal,COUPON-Z--,5.02,AUD
453483,2024-03-17T23:55:31,2024-03-17,42,2,Retail,Afterpay,COUPON----,15.62,AUD
453489,2024-03-17T07:52:23,2024-03-17,177,43,Online,PayPal,COUPONAZ9-,7.16,AUD
453680,2024-03-17T22:44:33,2024-03-17,225,6,Online,Credit Card,COUPON0A00,14.02,AUD
453712,2024-03-17T04:01:13,2024-03-17,145,28,Retail,PayPal,COUPONAAA-,15.35,AUD
453832,2024-03-17T03:37:08,2024-03-17,613,4,Retail,PayPal,COUPON-A9-,2.0,AUD
453914,2024-03-17T00:05:36,2024-03-17,268,4,Retail,PayPal,COUPON---Z,17.51,AUD
453923,2024-03-17T04:43:45,2024-03-17,755,24,Retail,PayPal,COUPONAZA-,10.3,AUD
453926,2024-03-17T15:49:57,2024-03-17,701,19,Online,PayPal,COUPONA9--,11.78,AUD
453999,2024-03-17T18:47:03,2024-03-17,26,6,Retail,Afterpay,COUPONA99Z,10.83,AUD
454001,2024-03-17T18:45:42,2024-03-17,199,10,Online,Afterpay,COUPONZ0-0,3.76,AUD
454023,2024-03-17T05:37:32,2024-03-17,507,18,Online,Afterpay,COUPON0-ZZ,7.87,AUD
454384,2024-03-17T06:16:56,2024-03-17,477,21,Online,Credit Card,COUPON09AZ,5.36,AUD
454550,2024-03-17T23:02:26,2024-03-17,520,46,Online,PayPal,COUPONZ0-Z,11.26,AUD
454856,2024-03-17T09:18:03,2024-03-17,60,33,Online,PayPal,COUPONA-9Z,1.97,AUD
454911,2024-03-17T17:14:04,2024-03-17,323,26,Retail,PayPal,COUPON0Z9A,3.67,AUD
454928,2024-03-17T12:51:10,2024-03-17,17,27,Online,PayPal,COUPONZ-0-,2.9,AUD
454942,2024-03-17T08:21:20,2024-03-17,579,1,Online,Afterpay,COUPON-0Z9,5.71,AUD
454963,2024-03-17T10:52:09,2024-03-17,722,33,Retail,Credit Card,COUPONZ0-9,3.34,AUD
455106,2024-03-17T07:12:46,2024-03-17,784,35,Online,Afterpay,COUPON-Z-A,1.99,AUD
455433,2024-03-17T06:49:35,2024-03-17,626,3,Retail,Afterpay,COUPON-A--,11.95,AUD
455467,2024-03-17T07:23:08,2024-03-17,186,34,Online,Credit Card,COUPONZ90-,0.0,AUD
455610,2024-03-17T07:25:02,2024-03-17,628,33,Online,Credit Card,COUPONA00A,17.96,AUD
455714,2024-03-17T01:42:39,2024-03-17,281,44,Retail,Afterpay,COUPON0Z09,16.38,AUD
455774,2024-03-17T07:02:41,2024-03-17,547,33,Online,Credit Card,COUPON9--9,0.77,AUD
455866,2024-03-17T06:01:34,2024-03-17,100,37,Retail,Afterpay,COUPON-0-Z,2.4,AUD
455894,2024-03-17T02:15:47,2024-03-17,223,21,Retail,PayPal,COUPON9Z-Z,3.63,AUD
456139,2024-03-17T23:25:14,2024-03-17,43,14,Online,PayPal,COUPON0A-A,11.65,AUD
456157,2024-03-17T00:17:51,2024-03-17,753,41,Retail,Credit Card,COUPON9AA-,12.68,AUD
456320,2024-03-17T13:07:21,2024-03-17,784,2,Retail,Credit Card,COUPONZ00-,1.33,AUD
456403,2024-03-17T06:32:14,2024-03-17,721,30,Retail,PayPal,COUPON-9-A,3.74,AUD
456529,2024-03-17T00:04:00,2024-03-17,510,45,Retail,Credit Card,COUPONA-0A,8.87,AUD
456778,2024-03-17T00:13:20,2024-03-17,108,3,Online,Afterpay,COUPONA--0,5.86,AUD
456831,2024-03-17T17:14:10,2024-03-17,284,21,Online,Credit Card,COUPONAA0-,7.4,AUD
456856,2024-03-17T05:17:10,2024-03-17,238,34,Online,Credit Card,COUPON-A-0,10.07,AUD
456942,2024-03-17T11:34:00,2024-03-17,788,31,Retail,PayPal,COUPONAA0-,3.45,AUD
456968,2024-03-17T11:34:23,2024-03-17,164,21,Retail,Credit Card,COUPONAZ--,6.84,AUD
456979,2024-03-17T21:37:54,2024-03-17,789,24,Retail,Afterpay,COUPON9-Z-,9.22,AUD
457051,2024-03-17T16:02:24,2024-03-17,332,47,Online,Credit Card,COUPON90Z0,4.99,AUD
457182,2024-03-17T11:00:49,2024-03-17,451,21,Online,Afterpay,COUPONZ-Z-,6.09,AUD
457248,2024-03-17T03:34:40,2024-03-17,123,16,Online,PayPal,COUPONA0A9,0.52,AUD
457421,2024-03-17T10:20:00,2024-03-17,489,18,Online,Credit Card,COUPON-9--,16.14,AUD
457472,2024-03-17T20:06:51,2024-03-17,314,33,Online,Credit Card,COUPON--Z-,19.26,AUD
457637,2024-03-17T19:50:53,2024-03-17,697,2,Retail,Afterpay,COUPON--00,3.52,AUD
457738,2024-03-17T10:52:00,2024-03-17,168,38,Online,PayPal,COUPON9AAZ,14.61,AUD
457963,2024-03-17T05:06:17,2024-03-17,525,16,Retail,Afterpay,COUPONZ000,18.57,AUD
457978,2024-03-17T10:51:46,2024-03-17,682,39,Online,Afterpay,COUPON9A-Z,10.87,AUD
458367,2024-03-17T11:19:43,2024-03-17,123,36,Online,Afterpay,COUPONZ0-0,6.75,AUD
458529,2024-03-17T17:50:47,2024-03-17,785,46,Online,Afterpay,COUPON---Z,19.71,AUD
458588,2024-03-17T04:39:56,2024-03-17,253,24,Retail,PayPal,COUPON0ZA0,4.64,AUD
458594,2024-03-17T07:06:59,2024-03-17,534,36,Online,Afterpay,COUPONZ0-9,16.38,AUD
458670,2024-03-17T23:26:46,2024-03-17,182,18,Online,Afterpay,COUPON9--0,4.31,AUD
458792,2024-03-17T04:08:40,2024-03-17,153,43,Retail,Afterpay,COUPON-0-A,19.17,AUD
458898,2024-03-17T07:19:28,2024-03-17,703,47,Online,Afterpay,COUPON--A-,18.11,AUD
458955,2024-03-17T10:58:21,2024-03-17,406,3,Online,Afterpay,COUPON-9-Z,19.28,AUD
459046,2024-03-17T01:56:47,2024-03-17,157,17,Retail,PayPal,COUPON90-9,17.67,AUD
459137,2024-03-17T11:21:08,2024-03-17,686,17,Retail,Afterpay,COUPON-A0-,2.83,AUD
459225,2024-03-17T15:00:00,2024-03-17,385,35,Retail,PayPal,COUPON-ZAA,0.73,AUD
459363,2024-03-17T17:14:03,2024-03-17,740,41,Online,Credit Card,COUPON0A-Z,15.18,AUD
459655,2024-03-17T05:38:24,2024-03-17,470,36,Retail,Credit Card,COUPON-AZZ,19.3,AUD
459671,2024-03-17T10:59:16,2024-03-17,632,23,Online,PayPal,COUPONA-99,14.99,AUD
459728,2024-03-17T21:47:54,2024-03-17,382,34,Retail,PayPal,COUPON-Z00,18.56,AUD
459787,2024-03-17T04:06:12,2024-03-17,116,14,Online,Afterpay,COUPONZ-0-,9.88,AUD
459795,2024-03-17T11:50:12,2024-03-17,782,49,Online,PayPal,COUPON-Z-9,10.13,AUD
459802,2024-03-17T22:23:06,2024-03-17,318,33,Retail,Credit Card,COUPONA0Z0,15.97,AUD
459834,2024-03-17T01:00:10,2024-03-17,31,9,Online,PayPal,COUPONAZAZ,18.44,AUD
459841,2024-03-17T03:03:31,2024-03-17,755,19,Online,PayPal,COUPONZ-0-,8.28,AUD
459855,2024-03-17T13:19:05,2024-03-17,647,24,Retail,PayPal,COUPON9-9-,9.74,AUD
459865,2024-03-17T05:00:24,2024-03-17,97,29,Retail,Afterpay,COUPON--99,18.54,AUD
459881,2024-03-17T18:42:11,2024-03-17,614,10,Retail,Credit Card,COUPONZZ90,8.26,AUD
459884,2024-03-17T10:09:00,2024-03-17,794,41,Retail,Credit Card,COUPONA-AA,9.67,AUD
459958,2024-03-17T17:30:47,2024-03-17,566,3,Retail,PayPal,COUPON--A0,0.2,AUD
460071,2024-03-17T18:19:56,2024-03-17,14,27,Online,Credit Card,COUPONZ-9A,9.75,AUD
460072,2024-03-17T10:34:34,2024-03-17,648,14,Online,PayPal,COUPONA--9,2.09,AUD
460147,2024-03-17T07:06:32,2024-03-17,611,49,Online,Afterpay,COUPON00-0,13.72,AUD
460179,2024-03-17T19:42:29,2024-03-17,109,15,Retail,PayPal,COUPONA--A,7.75,AUD
460344,2024-03-17T09:00:46,2024-03-17,551,13,Online,Afterpay,COUPONA9A-,9.57,AUD
460460,2024-03-17T13:05:36,2024-03-17,111,24,Retail,PayPal,COUPON--9-,19.81,AUD
460644,2024-03-17T21:43:39,2024-03-17,287,21,Online,Afterpay,COUPONZ9-0,0.92,AUD
460704,2024-03-17T07:56:41,2024-03-17,595,26,Retail,Afterpay,COUPON99A9,6.11,AUD
460771,2024-03-17T17:33:06,2024-03-17,606,15,Online,PayPal,COUPON09-9,9.91,AUD
460791,2024-03-17T19:42:53,2024-03-17,497,19,Retail,Credit Card,COUPON9ZZ9,0.26,AUD
460824,2024-03-17T07:13:24,2024-03-17,350,5,Online,PayPal,COUPONZ0Z-,18.45,AUD
460939,2024-03-17T09:06:14,2024-03-17,135,7,Online,Credit Card,COUPON990-,14.56,AUD
460948,2024-03-17T04:53:01,2024-03-17,777,17,Online,Credit Card,COUPON-909,13.11,AUD
461016,2024-03-17T18:16:26,2024-03-17,760,19,Retail,PayPal,COUPONA0Z9,1.52,AUD
461079,2024-03-17T02:51:07,2024-03-17,484,15,Retail,Credit Card,COUPON0-0-,3.35,AUD
461172,2024-03-17T05:37:19,2024-03-17,61,27,Online,PayPal,COUPONA-A0,3.11,AUD
461200,2024-03-17T02:55:02,2024-03-17,591,38,Retail,Afterpay,COUPON--ZZ,3.07,AUD
461375,2024-03-17T04:39:05,2024-03-17,584,10,Online,Afterpay,COUPON---0,13.9,AUD
461376,2024-03-17T07:18:10,2024-03-17,601,29,Online,PayPal,COUPON-Z9-,1.24,AUD
461489,2024-03-17T22:23:36,2024-03-17,567,15,Online,Credit Card,COUPON-AAZ,9.34,AUD
461536,2024-03-17T02:39:34,2024-03-17,729,23,Retail,Afterpay,COUPON-9Z9,2.75,AUD
461588,2024-03-17T10:54:09,2024-03-17,717,19,Retail,Credit Card,COUPONZ9-Z,14.75,AUD
461644,2024-03-17T07:12:13,2024-03-17,64,21,Retail,Afterpay,COUPON--A-,9.81,AUD
461679,2024-03-17T17:10:01,2024-03-17,333,41,Online,Credit Card,COUPONZA--,14.07,AUD
461790,2024-03-17T20:01:36,2024-03-17,8,37,Online,Afterpay,COUPON90A-,10.2,AUD
461828,2024-03-17T11:46:09,2024-03-17,144,25,Online,Afterpay,COUPON-A-Z,9.61,AUD
461834,2024-03-17T18:07:09,2024-03-17,759,41,Online,Credit Card,COUPON0-9-,9.81,AUD
461859,2024-03-17T06:22:59,2024-03-17,610,25,Online,PayPal,COUPONZ99A,7.05,AUD
461955,2024-03-17T10:43:35,2024-03-17,541,30,Online,Credit Card,COUPON-0A0,19.03,AUD
462176,2024-03-17T09:16:52,2024-03-17,237,47,Retail,Afterpay,COUPON-Z-0,1.51,AUD
462351,2024-03-17T21:53:42,2024-03-17,249,17,Retail,Afterpay,COUPON--09,18.54,AUD
462509,2024-03-17T12:14:53,2024-03-17,437,9,Retail,Credit Card,COUPONZ9-9,16.84,AUD
462529,2024-03-17T01:40:38,2024-03-17,619,12,Retail,Afterpay,COUPON9Z-0,16.27,AUD
462541,2024-03-17T17:01:12,2024-03-17,171,23,Retail,Afterpay,COUPON-A99,1.64,AUD
462715,2024-03-17T03:14:05,2024-03-17,572,25,Online,Afterpay,COUPON0Z9Z,17.25,AUD
462731,2024-03-17T01:19:59,2024-03-17,516,8,Online,Afterpay,COUPON-A-9,15.21,AUD
462811,2024-03-17T06:31:08,2024-03-17,740,41,Online,PayPal,COUPONZA9Z,2.24,AUD
462839,2024-03-17T11:19:28,2024-03-17,472,17,Online,Credit Card,COUPON0AZ-,5.89,AUD
462842,2024-03-17T00:01:52,2024-03-17,6,10,Online,Credit Card,COUPON90Z9,9.08,AUD
462889,2024-03-17T09:54:21,2024-03-17,395,45,Retail,Afterpay,COUPON-999,6.4,AUD
462897,2024-03-17T02:01:57,2024-03-17,110,20,Online,PayPal,COUPONZZA-,18.81,AUD
462900,2024-03-17T08:07:13,2024-03-17,412,11,Retail,Afterpay,COUPONZZ-0,19.16,AUD
462954,2024-03-17T02:30:37,2024-03-17,288,17,Retail,Credit Card,COUPONZ-Z-,19.93,AUD
463027,2024-03-17T16:17:47,2024-03-17,70,39,Retail,Credit Card,COUPON09-Z,1.42,AUD
463244,2024-03-17T19:13:50,2024-03-17,191,20,Retail,PayPal,COUPONA-9-,18.1,AUD
463286,2024-03-17T11:41:38,2024-03-17,111,26,Online,Credit Card,COUPON-90-,1.97,AUD
463296,2024-03-17T22:28:05,2024-03-17,196,47,Retail,Credit Card,COUPONA--9,1.86,AUD
463317,2024-03-17T12:55:28,2024-03-17,431,3,Online,PayPal,COUPONZ-9-,8.61,AUD
463407,2024-03-17T22:08:20,2024-03-17,603,36,Online,PayPal,COUPONZ-A9,16.8,AUD
463618,2024-03-17T18:56:32,2024-03-17,700,24,Retail,PayPal,COUPON9AZA,8.38,AUD
463641,2024-03-17T03:02:12,2024-03-17,247,4,Retail,Afterpay,COUPON9A0Z,12.18,AUD
463666,2024-03-17T06:54:06,2024-03-17,83,36,Online,Afterpay,COUPON0--Z,11.34,AUD
463700,2024-03-17T18:23:44,2024-03-17,343,22,Retail,PayPal,COUPON-AZ-,7.7,AUD
463758,2024-03-17T05:45:36,2024-03-17,540,35,Retail,Afterpay,COUPON-A9-,0.42,AUD
463868,2024-03-17T07:48:55,2024-03-17,529,36,Online,PayPal,COUPON9-Z-,2.2,AUD
463964,2024-03-17T22:01:24,2024-03-17,791,38,Online,Afterpay,COUPONA90-,5.05,AUD
464058,2024-03-17T14:50:53,2024-03-17,357,17,Online,PayPal,COUPON000-,18.65,AUD
464106,2024-03-17T21:46:12,2024-03-17,285,39,Retail,Afterpay,COUPON--A-,14.72,AUD
464199,2024-03-17T09:12:15,2024-03-17,657,40,Online,Afterpay,COUPON-A-0,9.95,AUD
464242,2024-03-17T17:34:51,2024-03-17,50,6,Online,Afterpay,COUPON9AAA,5.35,AUD
464271,2024-03-17T18:33:51,2024-03-17,353,39,Retail,Credit Card,COUPONAZ-9,18.85,AUD
464325,2024-03-17T11:54:23,2024-03-17,143,11,Retail,Credit Card,COUPON09-Z,9.9,AUD
464341,2024-03-17T14:50:16,2024-03-17,62,48,Retail,Credit Card,COUPONA-0Z,7.37,AUD
464491,2024-03-17T10:50:57,2024-03-17,163,17,Online,Afterpay,COUPON00-Z,1.25,AUD
464548,2024-03-17T02:57:31,2024-03-17,206,18,Online,Credit Card,COUPON99A-,12.62,AUD
464699,2024-03-17T17:03:16,2024-03-17,226,33,Online,PayPal,COUPON9A00,12.89,AUD
464772,2024-03-17T20:35:05,2024-03-17,756,14,Retail,Credit Card,COUPON0-00,3.76,AUD
464882,2024-03-17T22:01:20,2024-03-17,35,6,Online,PayPal,COUPON-A9A,5.97,AUD
464958,2024-03-17T02:38:41,2024-03-17,278,14,Online,Afterpay,COUPON-00-,15.17,AUD
465147,2024-03-17T13:34:47,2024-03-17,289,7,Online,PayPal,COUPONA-9-,4.72,AUD
465170,2024-03-17T06:40:31,2024-03-17,209,49,Online,Credit Card,COUPON9---,7.77,AUD
465171,2024-03-17T02:01:04,2024-03-17,311,44,Retail,PayPal,COUPONAA99,13.3,AUD
465248,2024-03-17T19:18:57,2024-03-17,97,33,Online,Afterpay,COUPON99AZ,12.82,AUD
465362,2024-03-17T16:27:14,2024-03-17,609,16,Retail,PayPal,COUPONAZ-9,2.24,AUD
465375,2024-03-17T03:23:13,2024-03-17,607,23,Online,Afterpay,COUPON-ZZZ,2.83,AUD
465494,2024-03-17T23:52:41,2024-03-17,697,16,Retail,Afterpay,COUPON-9--,9.86,AUD
465517,2024-03-17T02:36:26,2024-03-17,774,2,Retail,Credit Card,COUPON-Z99,7.79,AUD
465597,2024-03-17T13:10:42,2024-03-17,420,28,Online,Credit Card,COUPON0AZ-,7.95,AUD
465719,2024-03-17T02:14:49,2024-03-17,258,11,Retail,Credit Card,COUPON9ZA-,16.02,AUD
465726,2024-03-17T22:25:23,2024-03-17,130,18,Retail,Afterpay,COUPONZ0Z-,16.8,AUD
465778,2024-03-17T04:21:18,2024-03-17,57,2,Retail,PayPal,COUPONAA0-,12.84,AUD
465861,2024-03-17T17:55:01,2024-03-17,451,47,Online,Credit Card,COUPON-AZ-,9.07,AUD
465943,2024-03-17T19:08:18,2024-03-17,102,16,Retail,Credit Card,COUPON9A-A,11.48,AUD
466134,2024-03-17T14:06:09,2024-03-17,389,35,Online,PayPal,COUPONZA0A,19.15,AUD
466169,2024-03-17T01:41:22,2024-03-17,560,49,Retail,PayPal,COUPON-A--,12.04,AUD
466351,2024-03-17T19:49:17,2024-03-17,169,16,Online,PayPal,COUPONAAZA,10.44,AUD
466370,2024-03-17T21:19:47,2024-03-17,218,28,Retail,Afterpay,COUPON--0-,5.46,AUD
466404,2024-03-17T03:44:24,2024-03-17,737,11,Retail,PayPal,COUPON90Z-,4.51,AUD
466474,2024-03-17T07:59:58,2024-03-17,572,4,Retail,Credit Card,COUPONZ-9A,1.9,AUD
466499,2024-03-17T23:53:26,2024-03-17,359,43,Online,Afterpay,COUPONZ-A9,19.63,AUD
466524,2024-03-17T06:51:23,2024-03-17,397,15,Retail,Credit Card,COUPON--Z0,9.51,AUD
466532,2024-03-17T23:55:43,2024-03-17,731,18,Online,PayPal,COUPONZ-0Z,14.56,AUD
466601,2024-03-17T08:16:53,2024-03-17,50,24,Online,PayPal,COUPONZ---,0.69,AUD
466732,2024-03-17T20:14:06,2024-03-17,733,48,Retail,PayPal,COUPON---A,10.98,AUD
466764,2024-03-17T02:40:15,2024-03-17,708,37,Retail,PayPal,COUPON-Z00,13.54,AUD
466784,2024-03-17T03:38:01,2024-03-17,691,49,Online,Credit Card,COUPON0--0,1.64,AUD
466947,2024-03-17T12:24:53,2024-03-17,354,6,Retail,PayPal,COUPON-ZZ9,17.56,AUD
467023,2024-03-17T08:11:13,2024-03-17,129,4,Retail,PayPal,COUPONZAZZ,14.63,AUD
467031,2024-03-17T13:31:31,2024-03-17,419,8,Retail,Afterpay,COUPON-0ZZ,9.54,AUD
467032,2024-03-17T03:57:42,2024-03-17,277,20,Online,Afterpay,COUPON9090,17.51,AUD
467119,2024-03-17T13:06:29,2024-03-17,648,25,Retail,PayPal,COUPONA--9,17.28,AUD
467629,2024-03-17T01:21:50,2024-03-17,166,10,Retail,Credit Card,COUPON09Z0,6.74,AUD
467688,2024-03-17T08:28:33,2024-03-17,708,35,Online,Afterpay,COUPON0Z99,10.79,AUD
467697,2024-03-17T22:07:38,2024-03-17,63,10,Online,PayPal,COUPON-AZ0,18.01,AUD
467833,2024-03-17T02:23:00,2024-03-17,534,14,Retail,Afterpay,COUPON0-ZA,12.33,AUD
468004,2024-03-17T17:23:51,2024-03-17,22,23,Retail,PayPal,COUPON0ZAA,12.84,AUD
468185,2024-03-17T20:29:23,2024-03-17,721,7,Online,Afterpay,COUPON-Z-Z,2.11,AUD
468280,2024-03-17T14:36:00,2024-03-17,678,26,Retail,PayPal,COUPON0Z0A,0.96,AUD
468282,2024-03-17T09:13:24,2024-03-17,250,42,Retail,Credit Card,COUPONA9-0,5.67,AUD
468309,2024-03-17T18:40:24,2024-03-17,371,1,Retail,Afterpay,COUPON-9-Z,12.38,AUD
468468,2024-03-17T09:52:00,2024-03-17,306,33,Online,PayPal,COUPONZ-A-,16.44,AUD
468543,2024-03-17T11:40:44,2024-03-17,257,43,Online,Credit Card,COUPON-9A-,18.98,AUD
468571,2024-03-17T01:41:29,2024-03-17,345,18,Retail,Afterpay,COUPON0Z09,13.41,AUD
468743,2024-03-17T19:55:39,2024-03-17,201,27,Retail,Credit Card,COUPONA9Z-,3.2,AUD
468790,2024-03-17T16:15:06,2024-03-17,579,2,Online,Afterpay,COUPON0Z0-,17.79,AUD
468793,2024-03-17T21:22:26,2024-03-17,175,5,Online,Credit Card,COUPONA00Z,17.64,AUD
468835,2024-03-17T21:26:25,2024-03-17,160,35,Online,Credit Card,COUPONA009,5.47,AUD
468862,2024-03-17T06:58:52,2024-03-17,65,1,Retail,Credit Card,COUPON--9-,1.84,AUD
468898,2024-03-17T10:45:28,2024-03-17,307,30,Online,Credit Card,COUPON0Z-A,10.47,AUD
468972,2024-03-17T18:44:06,2024-03-17,692,11,Online,Credit Card,COUPON0--A,10.65,AUD
469065,2024-03-17T02:45:21,2024-03-17,722,35,Online,PayPal,COUPONAAAZ,0.53,AUD
469086,2024-03-17T02:26:23,2024-03-17,642,28,Retail,Afterpay,COUPON-9-0,17.71,AUD
469101,2024-03-17T18:48:38,2024-03-17,69,12,Online,Credit Card,COUPON--99,4.2,AUD
469138,2024-03-17T15:53:28,2024-03-17,74,35,Retail,Credit Card,COUPON9---,8.54,AUD
469144,2024-03-17T19:33:45,2024-03-17,272,23,Online,Credit Card,COUPON-9--,2.77,AUD
469239,2024-03-17T20:51:26,2024-03-17,257,3,Online,PayPal,COUPON0-0-,11.02,AUD
469273,2024-03-17T22:14:03,2024-03-17,731,6,Online,PayPal,COUPON99-9,7.47,AUD
469293,2024-03-17T15:42:18,2024-03-17,433,13,Online,Afterpay,COUPON9-99,13.27,AUD
469322,2024-03-17T17:10:03,2024-03-17,753,2,Online,Afterpay,COUPON-ZAZ,2.03,AUD
469382,2024-03-17T19:58:18,2024-03-17,781,3,Retail,Credit Card,COUPONA-Z9,13.61,AUD
469631,2024-03-17T11:58:19,2024-03-17,577,35,Online,Afterpay,COUPON0ZA-,18.97,AUD
470053,2024-03-17T04:46:42,2024-03-17,383,2,Retail,Afterpay,COUPON-9ZZ,12.99,AUD
470115,2024-03-17T03:18:03,2024-03-17,162,9,Retail,Afterpay,COUPON90Z0,0.25,AUD
470158,2024-03-17T05:10:59,2024-03-17,603,44,Retail,Afterpay,COUPON9Z99,8.02,AUD
470252,2024-03-17T09:04:33,2024-03-17,540,33,Online,Credit Card,COUPONZ9Z9,5.03,AUD
470338,2024-03-17T04:04:41,2024-03-17,227,10,Online,Credit Card,COUPON-Z-A,7.48,AUD
470430,2024-03-17T08:41:36,2024-03-17,232,25,Online,PayPal,COUPON9-9-,0.01,AUD
470443,2024-03-17T11:59:44,2024-03-17,418,10,Online,Credit Card,COUPONZ9ZA,10.64,AUD
470472,2024-03-17T21:26:10,2024-03-17,511,45,Retail,Credit Card,COUPON-9AA,10.66,AUD
470489,2024-03-17T22:00:27,2024-03-17,240,16,Retail,Credit Card,COUPON--9-,18.54,AUD
470509,2024-03-17T01:28:07,2024-03-17,397,34,Online,Credit Card,COUPON9A-0,19.11,AUD
470529,2024-03-17T17:50:31,2024-03-17,242,47,Online,Afterpay,COUPONA---,18.9,AUD
470553,2024-03-17T13:07:58,2024-03-17,138,11,Online,Afterpay,COUPON00ZA,1.35,AUD
470649,2024-03-17T12:35:08,2024-03-17,685,41,Retail,Credit Card,COUPONA9-A,3.87,AUD
470916,2024-03-17T14:58:29,2024-03-17,220,19,Retail,Credit Card,COUPON-90Z,18.89,AUD
470958,2024-03-17T00:07:05,2024-03-17,515,27,Retail,Credit Card,COUPONAZA9,17.65,AUD
471168,2024-03-17T13:31:37,2024-03-17,742,16,Retail,Credit Card,COUPON9A-9,5.43,AUD
471290,2024-03-17T05:23:54,2024-03-17,685,9,Online,Credit Card,COUPON9AZ-,17.5,AUD
471322,2024-03-17T05:40:32,2024-03-17,512,26,Online,Credit Card,COUPONAZ-A,11.95,AUD
471565,2024-03-17T13:04:52,2024-03-17,626,30,Retail,Credit Card,COUPON-0-Z,11.02,AUD
471606,2024-03-17T22:07:13,2024-03-17,281,45,Online,PayPal,COUPON-A90,16.54,AUD
471713,2024-03-17T04:23:13,2024-03-17,231,46,Online,PayPal,COUPON99Z0,4.04,AUD
471790,2024-03-17T14:38:38,2024-03-17,721,30,Retail,Credit Card,COUPON00AA,6.07,AUD
471809,2024-03-17T00:24:59,2024-03-17,757,19,Online,PayPal,COUPON-A9Z,19.54,AUD
471817,2024-03-17T06:28:43,2024-03-17,102,22,Retail,PayPal,COUPON99A9,3.8,AUD
471879,2024-03-17T10:39:14,2024-03-17,372,2,Online,PayPal,COUPON00--,12.23,AUD
472032,2024-03-17T18:11:18,2024-03-17,764,43,Online,Afterpay,COUPON-9--,12.74,AUD
472116,2024-03-17T17:09:03,2024-03-17,205,41,Online,Afterpay,COUPONZ0-0,7.47,AUD
472127,2024-03-17T08:16:29,2024-03-17,629,8,Retail,PayPal,COUPONZ---,18.09,AUD
472301,2024-03-17T22:00:13,2024-03-17,512,18,Online,Credit Card,COUPONA9Z-,4.54,AUD
472324,2024-03-17T22:22:17,2024-03-17,226,5,Retail,Afterpay,COUPON----,2.76,AUD
472605,2024-03-17T02:09:32,2024-03-17,478,14,Online,Credit Card,COUPON9ZAA,11.37,AUD
472652,2024-03-17T17:05:22,2024-03-17,594,33,Online,Credit Card,COUPON-9--,7.62,AUD
472768,2024-03-17T09:34:00,2024-03-17,674,37,Online,Afterpay,COUPONZA--,15.49,AUD
472978,2024-03-17T11:19:36,2024-03-17,14,9,Retail,Afterpay,COUPONA-9-,5.83,AUD
473034,2024-03-17T01:13:48,2024-03-17,10,28,Online,Afterpay,COUPON--A-,19.63,AUD
473118,2024-03-17T16:16:05,2024-03-17,12,10,Retail,PayPal,COUPON-0AZ,16.47,AUD
473207,2024-03-17T19:21:48,2024-03-17,697,14,Online,PayPal,COUPON--09,3.31,AUD
473249,2024-03-17T13:26:45,2024-03-17,679,29,Retail,Afterpay,COUPON9A9-,16.38,AUD
473250,2024-03-17T13:38:34,2024-03-17,385,42,Online,Credit Card,COUPON-0ZA,9.61,AUD
474018,2024-03-17T02:20:10,2024-03-17,254,38,Retail,PayPal,COUPON9A9-,19.83,AUD
474151,2024-03-17T22:33:59,2024-03-17,135,43,Retail,PayPal,COUPONZZ0A,9.53,AUD
474276,2024-03-17T23:02:14,2024-03-17,713,18,Retail,Afterpay,COUPONZ0A0,18.73,AUD
474303,2024-03-17T22:30:55,2024-03-17,291,18,Online,PayPal,COUPONZ9AA,11.7,AUD
474364,2024-03-17T02:03:06,2024-03-17,463,21,Online,Credit Card,COUPONZ--9,3.47,AUD
474737,2024-03-17T17:52:56,2024-03-17,728,29,Online,PayPal,COUPON-9A-,3.38,AUD
474920,2024-03-17T19:40:19,2024-03-17,180,35,Online,Credit Card,COUPON--A-,17.49,AUD
474942,2024-03-17T01:05:10,2024-03-17,26,28,Online,PayPal,COUPON9A-9,9.67,AUD
474981,2024-03-17T03:12:30,2024-03-17,573,30,Retail,Credit Card,COUPON-9A9,9.68,AUD
475045,2024-03-17T22:23:22,2024-03-17,475,28,Online,PayPal,COUPON--9-,15.34,AUD
475073,2024-03-17T18:55:37,2024-03-17,712,21,Retail,Afterpay,COUPON-AAA,8.14,AUD
475286,2024-03-17T10:02:17,2024-03-17,196,33,Retail,Credit Card,COUPON0A--,18.34,AUD
475287,2024-03-17T00:07:03,2024-03-17,771,11,Online,Afterpay,COUPON-9ZA,13.62,AUD
475518,2024-03-17T11:50:02,2024-03-17,14,9,Online,Afterpay,COUPON-0-9,7.36,AUD
476036,2024-03-17T13:14:06,2024-03-17,429,42,Online,Afterpay,COUPONA-00,14.96,AUD
476189,2024-03-17T14:33:47,2024-03-17,243,43,Retail,Afterpay,COUPON009A,1.19,AUD
476334,2024-03-17T17:30:32,2024-03-17,436,17,Online,Afterpay,COUPON-A9-,19.69,AUD
476419,2024-03-17T19:29:59,2024-03-17,580,30,Online,Afterpay,COUPONZ0-Z,15.81,AUD
476429,2024-03-17T10:59:30,2024-03-17,219,47,Online,Credit Card,COUPONZ0-A,2.46,AUD
476495,2024-03-17T03:17:47,2024-03-17,515,43,Retail,Credit Card,COUPON9-09,17.82,AUD
476646,2024-03-17T21:28:42,2024-03-17,62,29,Retail,Credit Card,COUPON0-Z0,17.5,AUD
476713,2024-03-17T23:49:08,2024-03-17,264,25,Online,Credit Card,COUPONZ--9,4.71,AUD
476766,2024-03-17T21:20:39,2024-03-17,292,21,Online,Credit Card,COUPONAA99,16.8,AUD
476798,2024-03-17T04:54:48,2024-03-17,329,38,Online,Afterpay,COUPON00A-,18.02,AUD
476816,2024-03-17T01:38:41,2024-03-17,675,2,Online,PayPal,COUPON90ZZ,1.09,AUD
476842,2024-03-17T13:45:06,2024-03-17,548,45,Online,Credit Card,COUPON-99A,3.21,AUD
476888,2024-03-17T08:14:22,2024-03-17,340,11,Online,PayPal,COUPONZ9A9,4.6,AUD
477201,2024-03-17T06:48:12,2024-03-17,147,16,Retail,Afterpay,COUPON-9A0,12.41,AUD
477431,2024-03-17T01:58:40,2024-03-17,339,10,Retail,Credit Card,COUPON-00-,17.58,AUD
477520,2024-03-17T02:41:27,2024-03-17,510,6,Retail,Afterpay,COUPONA--0,2.09,AUD
477587,2024-03-17T01:19:50,2024-03-17,96,40,Retail,PayPal,COUPON0Z-9,0.0,AUD
477605,2024-03-17T07:38:13,2024-03-17,724,39,Online,Credit Card,COUPON0Z--,4.89,AUD
477686,2024-03-17T03:06:45,2024-03-17,277,42,Online,Afterpay,COUPON09-9,7.77,AUD
478086,2024-03-17T09:11:00,2024-03-17,180,29,Retail,PayPal,COUPON-Z-0,15.96,AUD
478156,2024-03-17T03:07:49,2024-03-17,427,19,Online,PayPal,COUPONA0ZA,17.93,AUD
478185,2024-03-17T17:02:32,2024-03-17,26,2,Online,PayPal,COUPONAA--,19.65,AUD
478195,2024-03-17T17:21:28,2024-03-17,654,29,Retail,Credit Card,COUPON99A-,5.0,AUD
478236,2024-03-17T18:42:30,2024-03-17,2,8,Retail,PayPal,COUPONA90-,8.44,AUD
478396,2024-03-17T12:15:00,2024-03-17,90,31,Online,PayPal,COUPON90Z0,6.45,AUD
478437,2024-03-17T22:09:11,2024-03-17,91,25,Retail,Afterpay,COUPONA9-0,11.9,AUD
478441,2024-03-17T21:29:49,2024-03-17,506,45,Online,PayPal,COUPON00--,1.3,AUD
478717,2024-03-17T06:30:59,2024-03-17,634,30,Retail,Credit Card,COUPON-00-,16.28,AUD
478778,2024-03-17T18:42:52,2024-03-17,158,40,Retail,PayPal,COUPONZZZA,19.22,AUD
478995,2024-03-17T02:36:18,2024-03-17,88,38,Online,Afterpay,COUPON--A-,9.41,AUD
479285,2024-03-17T18:05:06,2024-03-17,433,23,Retail,Afterpay,COUPONA-00,17.62,AUD
479554,2024-03-17T10:44:13,2024-03-17,623,6,Retail,PayPal,COUPON-A0A,4.58,AUD
479636,2024-03-17T12:44:50,2024-03-17,695,43,Retail,Afterpay,COUPON99Z-,3.55,AUD
479680,2024-03-17T15:28:02,2024-03-17,375,43,Online,Afterpay,COUPON-A--,5.95,AUD
479890,2024-03-17T18:40:28,2024-03-17,130,13,Retail,PayPal,COUPON--0-,9.44,AUD
479907,2024-03-17T09:51:03,2024-03-17,744,8,Online,Credit Card,COUPON0--A,9.28,AUD
479996,2024-03-17T19:52:37,2024-03-17,301,38,Retail,Afterpay,COUPON0-0-,8.0,AUD
480067,2024-03-17T03:46:43,2024-03-17,225,45,Retail,Credit Card,COUPONZZA0,17.17,AUD
480069,2024-03-17T08:37:29,2024-03-17,13,29,Online,Afterpay,COUPON-AZ0,7.56,AUD
480146,2024-03-17T07:15:39,2024-03-17,497,15,Retail,Afterpay,COUPON-Z0-,3.82,AUD
480299,2024-03-17T18:06:13,2024-03-17,44,5,Retail,PayPal,COUPON----,3.29,AUD
480369,2024-03-17T17:46:26,2024-03-17,3,31,Online,PayPal,COUPON00-9,4.2,AUD
480504,2024-03-17T10:17:31,2024-03-17,243,17,Retail,Afterpay,COUPON0ZAA,8.81,AUD
480753,2024-03-17T11:45:18,2024-03-17,706,41,Retail,Afterpay,COUPON-A09,2.7,AUD
480805,2024-03-17T17:41:43,2024-03-17,315,7,Retail,Credit Card,COUPONAA-9,8.94,AUD
480841,2024-03-17T22:59:31,2024-03-17,241,43,Online,PayPal,COUPONAZ-A,5.99,AUD
481023,2024-03-17T13:38:49,2024-03-17,169,47,Retail,PayPal,COUPONZ9ZZ,2.85,AUD
481133,2024-03-17T22:48:16,2024-03-17,251,8,Online,Afterpay,COUPON0---,9.71,AUD
481274,2024-03-17T11:49:59,2024-03-17,793,23,Online,PayPal,COUPON-0--,16.8,AUD
481397,2024-03-17T04:41:45,2024-03-17,86,4,Online,Credit Card,COUPON9Z99,7.12,AUD
481562,2024-03-17T04:38:38,2024-03-17,493,33,Retail,Afterpay,COUPON9--Z,5.78,AUD
481887,2024-03-17T20:11:02,2024-03-17,475,38,Online,PayPal,COUPONAA9-,15.72,AUD
481908,2024-03-17T09:12:51,2024-03-17,73,38,Online,PayPal,COUPON0000,4.53,AUD
481966,2024-03-17T13:01:06,2024-03-17,50,19,Online,PayPal,COUPON9-09,9.31,AUD
482054,2024-03-17T20:08:41,2024-03-17,74,19,Retail,Afterpay,COUPONZ99A,9.7,AUD
482082,2024-03-17T13:52:46,2024-03-17,101,45,Online,Credit Card,COUPON-999,14.7,AUD
482116,2024-03-17T09:29:05,2024-03-17,343,48,Online,Credit Card,COUPONZ9--,1.25,AUD
482329,2024-03-17T10:15:38,2024-03-17,739,17,Online,Credit Card,COUPON-0AZ,3.96,AUD
482344,2024-03-17T00:15:55,2024-03-17,708,5,Online,Credit Card,COUPONAZ0Z,11.96,AUD
482399,2024-03-17T23:33:12,2024-03-17,779,35,Online,Credit Card,COUPON0--0,1.14,AUD
482415,2024-03-17T01:24:28,2024-03-17,566,29,Online,PayPal,COUPONZ-09,8.99,AUD
482476,2024-03-17T06:03:22,2024-03-17,22,32,Online,Afterpay,COUPONA-0Z,5.7,AUD
482560,2024-03-17T08:20:46,2024-03-17,560,38,Retail,Credit Card,COUPON--AA,18.8,AUD
482572,2024-03-17T17:37:33,2024-03-17,178,25,Retail,Credit Card,COUPONA-9-,5.34,AUD
482589,2024-03-17T17:25:43,2024-03-17,491,12,Retail,PayPal,COUPONA0Z-,10.72,AUD
482783,2024-03-17T16:15:35,2024-03-17,446,13,Retail,Credit Card,COUPON99--,4.97,AUD
483214,2024-03-17T05:15:30,2024-03-17,515,41,Online,Afterpay,COUPON00--,4.89,AUD
483233,2024-03-17T00:16:54,2024-03-17,583,49,Online,Afterpay,COUPON0-Z0,7.44,AUD
483246,2024-03-17T14:27:06,2024-03-17,345,11,Online,Credit Card,COUPON-ZA9,0.98,AUD
483402,2024-03-17T02:35:10,2024-03-17,719,13,Online,Credit Card,COUPON9AZ0,7.95,AUD
483595,2024-03-17T14:41:18,2024-03-17,56,41,Retail,Afterpay,COUPON0Z0-,17.76,AUD
483701,2024-03-17T12:12:48,2024-03-17,625,12,Online,Credit Card,COUPON-990,16.29,AUD
483740,2024-03-17T02:24:17,2024-03-17,80,11,Retail,PayPal,COUPONAZAZ,19.84,AUD
483791,2024-03-17T13:43:15,2024-03-17,593,22,Retail,Afterpay,COUPONAZA0,1.98,AUD
484222,2024-03-17T08:43:56,2024-03-17,739,32,Online,PayPal,COUPONZ9Z-,1.07,AUD
484234,2024-03-17T06:44:20,2024-03-17,176,42,Online,Afterpay,COUPONA-AZ,9.03,AUD
484360,2024-03-17T23:08:52,2024-03-17,4,45,Retail,PayPal,COUPON99ZZ,11.97,AUD
484585,2024-03-17T18:16:35,2024-03-17,431,17,Online,Credit Card,COUPON-Z0A,2.83,AUD
484659,2024-03-17T00:07:19,2024-03-17,531,42,Retail,PayPal,COUPONAZA9,5.98,AUD
484707,2024-03-17T05:21:40,2024-03-17,157,6,Online,Credit Card,COUPONA--9,3.99,AUD
484800,2024-03-17T14:43:06,2024-03-17,748,42,Retail,Afterpay,COUPON-Z9Z,18.79,AUD
484828,2024-03-17T19:12:34,2024-03-17,593,45,Retail,Credit Card,COUPON909-,14.05,AUD
484833,2024-03-17T16:35:14,2024-03-17,200,20,Retail,Afterpay,COUPONZ0--,1.26,AUD
485003,2024-03-17T05:04:58,2024-03-17,484,17,Retail,Credit Card,COUPON--A-,7.0,AUD
485009,2024-03-17T00:10:12,2024-03-17,730,36,Retail,Credit Card,COUPONA-ZZ,16.84,AUD
485112,2024-03-17T15:46:29,2024-03-17,457,28,Retail,Credit Card,COUPONZA00,17.53,AUD
485115,2024-03-17T12:47:50,2024-03-17,519,48,Online,PayPal,COUPON9ZA0,16.91,AUD
485206,2024-03-17T08:31:29,2024-03-17,744,5,Retail,Afterpay,COUPON-AZ-,13.69,AUD
485229,2024-03-17T17:29:50,2024-03-17,277,17,Online,Credit Card,COUPON0-09,15.74,AUD
485316,2024-03-17T14:32:22,2024-03-17,454,47,Online,Afterpay,COUPON0-0-,12.12,AUD
485409,2024-03-17T10:23:40,2024-03-17,60,41,Retail,PayPal,COUPON--0-,11.9,AUD
485647,2024-03-17T01:32:43,2024-03-17,160,12,Retail,PayPal,COUPON-Z0-,3.51,AUD
485690,2024-03-17T16:21:59,2024-03-17,405,13,Retail,Afterpay,COUPON0--0,2.46,AUD
485761,2024-03-17T17:16:43,2024-03-17,708,25,Online,Credit Card,COUPON-9--,10.85,AUD
486012,2024-03-17T22:45:35,2024-03-17,720,42,Online,Afterpay,COUPON-0AA,18.91,AUD
486029,2024-03-17T19:35:00,2024-03-17,348,17,Retail,Credit Card,COUPONA90-,5.55,AUD
486067,2024-03-17T10:34:49,2024-03-17,381,19,Online,Afterpay,COUPON99-0,0.79,AUD
486661,2024-03-17T15:12:46,2024-03-17,573,38,Online,Credit Card,COUPON-A-0,15.58,AUD
486701,2024-03-17T17:56:24,2024-03-17,407,28,Online,PayPal,COUPONZAZ-,3.51,AUD
486732,2024-03-17T08:11:28,2024-03-17,458,27,Retail,PayPal,COUPON9ZA-,9.15,AUD
486810,2024-03-17T00:58:01,2024-03-17,733,49,Retail,Afterpay,COUPONA-9Z,9.66,AUD
486864,2024-03-17T23:13:52,2024-03-17,114,26,Online,Afterpay,COUPON9A99,12.15,AUD
486868,2024-03-17T21:32:36,2024-03-17,334,8,Retail,Credit Card,COUPON0ZA-,15.7,AUD
486934,2024-03-17T20:28:33,2024-03-17,79,42,Online,Credit Card,COUPON-990,0.88,AUD
486947,2024-03-17T15:42:54,2024-03-17,102,38,Retail,Credit Card,COUPON-A--,11.39,AUD
486957,2024-03-17T04:48:45,2024-03-17,49,35,Online,Credit Card,COUPONA9Z-,17.68,AUD
486997,2024-03-17T20:32:33,2024-03-17,477,6,Online,Afterpay,COUPON900A,18.84,AUD
487044,2024-03-17T21:08:15,2024-03-17,321,35,Retail,PayPal,COUPON09Z0,17.48,AUD
487131,2024-03-17T15:33:37,2024-03-17,288,47,Online,PayPal,COUPON-A-A,4.33,AUD
487133,2024-03-17T05:43:04,2024-03-17,576,38,Retail,PayPal,COUPONZ-0Z,7.5,AUD
487142,2024-03-17T22:15:31,2024-03-17,216,49,Retail,Afterpay,COUPON9-99,1.42,AUD
487180,2024-03-17T17:01:53,2024-03-17,419,32,Online,PayPal,COUPON9A0A,8.12,AUD
487410,2024-03-17T18:32:02,2024-03-17,64,39,Retail,Afterpay,COUPON9--0,10.71,AUD
487420,2024-03-17T01:03:16,2024-03-17,231,31,Online,Afterpay,COUPON-9-Z,15.51,AUD
487479,2024-03-17T07:39:09,2024-03-17,505,36,Retail,Credit Card,COUPON9Z-9,7.3,AUD
487496,2024-03-17T04:13:45,2024-03-17,320,6,Retail,Credit Card,COUPON---0,0.73,AUD
487664,2024-03-17T14:14:39,2024-03-17,571,32,Retail,PayPal,COUPONA0-0,14.38,AUD
487742,2024-03-17T14:09:37,2024-03-17,765,6,Retail,Afterpay,COUPON-090,1.59,AUD
487919,2024-03-17T20:03:52,2024-03-17,27,21,Online,PayPal,COUPON09-0,12.69,AUD
487992,2024-03-17T15:43:28,2024-03-17,4,1,Online,PayPal,COUPON0AZA,0.68,AUD
488409,2024-03-17T16:09:30,2024-03-17,213,12,Retail,PayPal,COUPONZA--,6.09,AUD
488413,2024-03-17T08:24:22,2024-03-17,535,37,Online,PayPal,COUPON-A0A,18.96,AUD
488468,2024-03-17T16:12:07,2024-03-17,739,32,Online,PayPal,COUPONA9A-,9.33,AUD
488649,2024-03-17T09:23:36,2024-03-17,374,14,Online,PayPal,COUPON99Z0,13.64,AUD
488805,2024-03-17T19:18:55,2024-03-17,128,43,Online,Credit Card,COUPONZ0ZZ,2.24,AUD
488831,2024-03-17T07:55:45,2024-03-17,485,4,Online,Afterpay,COUPONZA-0,2.44,AUD
489327,2024-03-17T06:59:15,2024-03-17,402,4,Retail,Afterpay,COUPONZZ0-,4.98,AUD
489391,2024-03-17T10:12:10,2024-03-17,152,48,Online,Afterpay,COUPONA0Z9,5.98,AUD
489470,2024-03-17T14:26:45,2024-03-17,274,42,Retail,Afterpay,COUPON9Z--,17.64,AUD
489644,2024-03-17T07:52:52,2024-03-17,364,28,Retail,Afterpay,COUPON0A0A,6.52,AUD
489672,2024-03-17T18:14:30,2024-03-17,61,6,Online,Credit Card,COUPONZAZ-,8.29,AUD
489745,2024-03-17T07:28:22,2024-03-17,248,24,Online,PayPal,COUPONAA99,7.33,AUD
490057,2024-03-17T23:45:10,2024-03-17,475,33,Retail,PayPal,COUPONZ09A,8.14,AUD
490062,2024-03-17T05:50:44,2024-03-17,61,48,Online,Afterpay,COUPON0ZZA,8.29,AUD
490127,2024-03-17T00:34:04,2024-03-17,633,22,Retail,Afterpay,COUPON0990,14.35,AUD
490372,2024-03-17T23:47:22,2024-03-17,589,5,Retail,PayPal,COUPON99-0,12.13,AUD
490473,2024-03-17T09:34:27,2024-03-17,38,45,Retail,Afterpay,COUPON9A9-,10.07,AUD
490579,2024-03-17T04:01:37,2024-03-17,672,35,Retail,PayPal,COUPONZ9-A,8.34,AUD
490719,2024-03-17T18:47:48,2024-03-17,51,18,Online,PayPal,COUPON0AZ-,10.82,AUD
490766,2024-03-17T07:26:50,2024-03-17,434,41,Online,Afterpay,COUPON--Z-,11.05,AUD
490793,2024-03-17T21:42:02,2024-03-17,54,47,Online,Credit Card,COUPON-0-Z,16.5,AUD
490846,2024-03-17T23:41:48,2024-03-17,711,48,Online,Credit Card,COUPONZ-09,9.73,AUD
490883,2024-03-17T04:08:32,2024-03-17,159,38,Online,PayPal,COUPONZZ00,7.12,AUD
491082,2024-03-17T15:04:14,2024-03-17,765,20,Online,Afterpay,COUPON-9--,10.16,AUD
491119,2024-03-17T10:42:55,2024-03-17,181,13,Online,Credit Card,COUPON-9A9,13.38,AUD
491121,2024-03-17T13:08:47,2024-03-17,71,45,Retail,Credit Card,COUPON0--0,1.96,AUD
491328,2024-03-17T08:00:09,2024-03-17,257,41,Retail,Afterpay,COUPONZA--,10.24,AUD
491348,2024-03-17T09:05:09,2024-03-17,227,46,Retail,PayPal,COUPON99-0,10.83,AUD
491464,2024-03-17T10:17:38,2024-03-17,354,49,Retail,Afterpay,COUPONA-Z-,14.09,AUD
491555,2024-03-17T23:22:04,2024-03-17,281,36,Online,Afterpay,COUPON0-Z-,0.11,AUD
491581,2024-03-17T03:59:23,2024-03-17,313,10,Retail,Credit Card,COUPON99Z-,3.76,AUD
491595,2024-03-17T05:16:15,2024-03-17,492,19,Online,Afterpay,COUPON--90,5.08,AUD
491695,2024-03-17T20:23:10,2024-03-17,265,23,Online,PayPal,COUPON0-9A,14.3,AUD
491759,2024-03-17T19:53:08,2024-03-17,530,38,Retail,Credit Card,COUPONAAZ9,4.17,AUD
491830,2024-03-17T20:17:47,2024-03-17,697,23,Online,Afterpay,COUPON-AZ-,16.17,AUD
491855,2024-03-17T05:45:06,2024-03-17,286,8,Online,Afterpay,COUPONA9AZ,2.86,AUD
491864,2024-03-17T07:08:17,2024-03-17,453,32,Online,Credit Card,COUPONZ9--,6.56,AUD
491886,2024-03-17T16:26:44,2024-03-17,682,10,Retail,PayPal,COUPON--9-,12.22,AUD
491970,2024-03-17T14:54:19,2024-03-17,399,19,Online,Credit Card,COUPONZZZZ,11.77,AUD
491974,2024-03-17T15:35:46,2024-03-17,65,42,Retail,Afterpay,COUPON00AZ,8.53,AUD
492039,2024-03-17T18:42:37,2024-03-17,726,29,Online,Credit Card,COUPON9-0A,0.95,AUD
492334,2024-03-17T03:34:14,2024-03-17,374,7,Online,Credit Card,COUPON---A,8.05,AUD
492359,2024-03-17T14:41:20,2024-03-17,231,25,Online,Afterpay,COUPON---A,18.92,AUD
492492,2024-03-17T20:19:17,2024-03-17,84,37,Retail,Credit Card,COUPON9A-9,3.52,AUD
492670,2024-03-17T19:18:12,2024-03-17,258,48,Online,Afterpay,COUPON-00A,6.26,AUD
492678,2024-03-17T02:12:00,2024-03-17,679,41,Retail,Afterpay,COUPON-Z0-,15.28,AUD
492769,2024-03-17T21:55:09,2024-03-17,267,5,Retail,Credit Card,COUPONZ-09,9.5,AUD
492796,2024-03-17T07:17:30,2024-03-17,382,40,Online,Credit Card,COUPON0Z9Z,12.57,AUD
492823,2024-03-17T13:17:03,2024-03-17,346,34,Retail,Credit Card,COUPON9Z9-,15.55,AUD
492850,2024-03-17T17:52:15,2024-03-17,145,7,Online,Credit Card,COUPONA09-,16.93,AUD
492859,2024-03-17T01:36:54,2024-03-17,757,34,Retail,Afterpay,COUPON9AAZ,7.65,AUD
493387,2024-03-17T06:12:42,2024-03-17,135,42,Retail,Credit Card,COUPON0AA0,1.77,AUD
493404,2024-03-17T21:11:55,2024-03-17,636,10,Retail,PayPal,COUPON--9Z,13.62,AUD
493446,2024-03-17T22:54:34,2024-03-17,719,31,Retail,Credit Card,COUPON--90,4.31,AUD
493489,2024-03-17T09:43:54,2024-03-17,653,11,Retail,Afterpay,COUPONA90Z,9.84,AUD
493513,2024-03-17T11:19:54,2024-03-17,644,20,Online,Credit Card,COUPONA09Z,10.72,AUD
493566,2024-03-17T08:30:47,2024-03-17,173,35,Retail,Afterpay,COUPONZAZA,3.2,AUD
493603,2024-03-17T07:42:53,2024-03-17,374,24,Retail,Afterpay,COUPONZ9--,12.88,AUD
493651,2024-03-17T00:24:09,2024-03-17,223,38,Retail,Afterpay,COUPONZ---,18.39,AUD
493681,2024-03-17T00:15:27,2024-03-17,307,28,Retail,Credit Card,COUPONZ0-Z,7.47,AUD
493722,2024-03-17T20:41:35,2024-03-17,682,14,Retail,Afterpay,COUPON9-Z-,19.45,AUD
493767,2024-03-17T13:09:33,2024-03-17,370,35,Online,Credit Card,COUPON--00,2.64,AUD
493773,2024-03-17T10:42:48,2024-03-17,599,46,Retail,PayPal,COUPON9A9-,2.55,AUD
493775,2024-03-17T11:07:03,2024-03-17,357,3,Retail,Credit Card,COUPONZ-ZZ,11.99,AUD
493777,2024-03-17T19:59:32,2024-03-17,128,46,Retail,Credit Card,COUPONAA-0,8.23,AUD
493948,2024-03-17T18:55:09,2024-03-17,600,48,Retail,Credit Card,COUPONZ99A,11.85,AUD
494012,2024-03-17T22:43:02,2024-03-17,337,35,Retail,PayPal,COUPON0-0-,8.15,AUD
494092,2024-03-17T15:34:36,2024-03-17,245,49,Online,Afterpay,COUPONA9Z9,12.7,AUD
494096,2024-03-17T16:15:04,2024-03-17,323,47,Retail,PayPal,COUPONZ-0-,1.92,AUD
494223,2024-03-17T10:14:27,2024-03-17,595,10,Online,Credit Card,COUPONZ9ZA,15.1,AUD
494369,2024-03-17T19:57:32,2024-03-17,500,40,Retail,Credit Card,COUPON9ZZ0,5.01,AUD
494375,2024-03-17T01:04:57,2024-03-17,292,24,Retail,Afterpay,COUPON9-Z-,0.87,AUD
494395,2024-03-17T02:11:04,2024-03-17,393,6,Retail,Afterpay,COUPON-Z-Z,19.15,AUD
494467,2024-03-17T10:12:37,2024-03-17,671,21,Online,PayPal,COUPONAZA-,19.53,AUD
494554,2024-03-17T13:03:14,2024-03-17,479,2,Online,Credit Card,COUPON-99Z,11.83,AUD
494606,2024-03-17T10:15:44,2024-03-17,443,24,Retail,PayPal,COUPONZAZ9,7.42,AUD
494805,2024-03-17T08:22:52,2024-03-17,539,39,Retail,Credit Card,COUPONZZA0,3.87,AUD
494845,2024-03-17T14:22:12,2024-03-17,547,10,Online,Afterpay,COUPONA0ZA,5.35,AUD
494887,2024-03-17T13:44:40,2024-03-17,472,16,Retail,PayPal,COUPON-Z-A,14.24,AUD
494970,2024-03-17T14:17:54,2024-03-17,640,47,Retail,Afterpay,COUPON0A90,8.16,AUD
495027,2024-03-17T20:00:32,2024-03-17,121,4,Online,Credit Card,COUPON9-00,11.17,AUD
495050,2024-03-17T07:16:12,2024-03-17,495,26,Retail,Credit Card,COUPON-A-A,15.03,AUD
495170,2024-03-17T16:30:00,2024-03-17,467,12,Online,Credit Card,COUPON-Z--,16.75,AUD
495190,2024-03-17T03:48:26,2024-03-17,631,47,Online,Credit Card,COUPONZ-A-,1.08,AUD
495206,2024-03-17T09:58:03,2024-03-17,717,19,Retail,PayPal,COUPON9A--,6.39,AUD
495336,2024-03-17T14:46:40,2024-03-17,297,5,Retail,Afterpay,COUPON90A-,17.64,AUD
495368,2024-03-17T04:57:29,2024-03-17,426,15,Online,Afterpay,COUPONZ-90,15.0,AUD
495758,2024-03-17T17:34:12,2024-03-17,209,13,Retail,PayPal,COUPONZ--9,18.82,AUD
495867,2024-03-17T09:21:44,2024-03-17,89,45,Online,Credit Card,COUPON9AA9,4.26,AUD
495868,2024-03-17T09:33:33,2024-03-17,89,1,Retail,Afterpay,COUPONZ-ZZ,14.89,AUD
495981,2024-03-17T11:22:06,2024-03-17,409,19,Online,Afterpay,COUPONA---,3.44,AUD
496055,2024-03-17T15:45:41,2024-03-17,756,33,Online,Credit Card,COUPON09--,16.43,AUD
496232,2024-03-17T08:40:27,2024-03-17,601,49,Online,Afterpay,COUPON900A,18.65,AUD
496245,2024-03-17T11:09:32,2024-03-17,42,16,Online,PayPal,COUPONZ---,11.55,AUD
496298,2024-03-17T15:55:11,2024-03-17,134,30,Online,PayPal,COUPON-A00,13.73,AUD
496347,2024-03-17T03:03:47,2024-03-17,240,1,Retail,Credit Card,COUPONA-AZ,18.92,AUD
496403,2024-03-17T23:06:00,2024-03-17,623,10,Online,Afterpay,COUPONZ-ZZ,1.18,AUD
496653,2024-03-17T06:15:23,2024-03-17,192,45,Retail,Credit Card,COUPONAA--,19.29,AUD
496665,2024-03-17T11:42:48,2024-03-17,88,15,Retail,Credit Card,COUPON0Z0-,12.69,AUD
496857,2024-03-17T13:50:33,2024-03-17,244,40,Online,PayPal,COUPONZ--A,10.34,AUD
496897,2024-03-17T19:31:51,2024-03-17,381,19,Online,Credit Card,COUPON-A09,16.15,AUD
496899,2024-03-17T09:57:04,2024-03-17,713,39,Retail,Credit Card,COUPON99A-,0.81,AUD
497084,2024-03-17T10:32:42,2024-03-17,282,22,Retail,PayPal,COUPON9A9-,19.42,AUD
497240,2024-03-17T06:17:47,2024-03-17,30,18,Retail,PayPal,COUPON-ZZZ,9.43,AUD
497271,2024-03-17T15:29:12,2024-03-17,82,8,Retail,Afterpay,COUPON0-A9,18.61,AUD
497381,2024-03-17T08:37:13,2024-03-17,460,10,Online,PayPal,COUPON-90A,13.16,AUD
497393,2024-03-17T15:06:11,2024-03-17,507,20,Online,Afterpay,COUPONA-99,2.34,AUD
497436,2024-03-17T11:53:38,2024-03-17,736,29,Online,PayPal,COUPON0AAZ,11.34,AUD
497545,2024-03-17T13:23:09,2024-03-17,295,14,Retail,PayPal,COUPON-99-,5.12,AUD
497560,2024-03-17T22:57:56,2024-03-17,364,48,Online,Afterpay,COUPON9ZA9,13.12,AUD
497592,2024-03-17T15:19:36,2024-03-17,160,40,Retail,Afterpay,COUPONZ-Z-,8.57,AUD
497637,2024-03-17T16:25:18,2024-03-17,180,29,Online,Afterpay,COUPON999Z,4.61,AUD
497645,2024-03-17T21:23:55,2024-03-17,696,36,Retail,PayPal,COUPON99ZZ,1.19,AUD
497804,2024-03-17T07:31:52,2024-03-17,3,25,Online,Credit Card,COUPONA-09,0.56,AUD
497866,2024-03-17T21:25:29,2024-03-17,182,15,Online,PayPal,COUPON-0-A,12.3,AUD
497935,2024-03-17T23:58:52,2024-03-17,797,8,Online,Afterpay,COUPON-AA9,19.98,AUD
497955,2024-03-17T06:33:36,2024-03-17,538,14,Online,Afterpay,COUPON--Z-,13.29,AUD
498146,2024-03-17T23:12:14,2024-03-17,16,27,Online,Credit Card,COUPONZ-A9,0.15,AUD
498402,2024-03-17T05:45:42,2024-03-17,791,26,Online,Afterpay,COUPON9-A0,4.75,AUD
498736,2024-03-17T13:56:27,2024-03-17,511,13,Retail,Credit Card,COUPON9--0,10.83,AUD
498896,2024-03-17T23:28:24,2024-03-17,636,7,Retail,Credit Card,COUPON9Z-Z,3.61,AUD
498961,2024-03-17T05:40:04,2024-03-17,581,18,Online,Afterpay,COUPON-ZZA,7.85,AUD
498990,2024-03-17T09:41:48,2024-03-17,664,21,Online,Afterpay,COUPON0A-0,19.87,AUD
499003,2024-03-17T02:22:26,2024-03-17,166,44,Online,Credit Card,COUPON9-ZZ,16.81,AUD
499005,2024-03-17T10:04:56,2024-03-17,157,24,Retail,Afterpay,COUPON--90,1.06,AUD
499020,2024-03-17T20:08:01,2024-03-17,141,27,Online,Afterpay,COUPON-A--,6.4,AUD
499022,2024-03-17T02:03:18,2024-03-17,386,15,Online,Credit Card,COUPONA0Z-,1.41,AUD
499046,2024-03-17T07:25:45,2024-03-17,542,47,Retail,Credit Card,COUPON9A0-,17.65,AUD
499126,2024-03-17T20:03:04,2024-03-17,623,48,Online,Credit Card,COUPONAZ-9,11.11,AUD
499146,2024-03-17T00:16:11,2024-03-17,170,26,Online,Credit Card,COUPON0AZ-,1.23,AUD
499231,2024-03-17T13:11:34,2024-03-17,183,9,Online,PayPal,COUPONZ0A9,18.75,AUD
499253,2024-03-17T21:39:15,2024-03-17,712,42,Retail,Credit Card,COUPON--9Z,14.3,AUD
499308,2024-03-17T08:27:23,2024-03-17,466,2,Online,PayPal,COUPON--ZZ,14.03,AUD
499337,2024-03-17T02:53:48,2024-03-17,320,37,Online,Credit Card,COUPON9--9,16.47,AUD
499386,2024-03-17T08:07:48,2024-03-17,497,12,Online,PayPal,COUPONZZ9-,1.49,AUD
499416,2024-03-17T05:23:06,2024-03-17,292,25,Retail,Afterpay,COUPONZ9--,2.77,AUD
499431,2024-03-17T03:14:12,2024-03-17,567,37,Online,Credit Card,COUPONZ9ZA,5.74,AUD
499465,2024-03-17T01:05:53,2024-03-17,764,12,Online,Credit Card,COUPON--AA,6.3,AUD
499618,2024-03-17T02:46:31,2024-03-17,305,22,Online,Afterpay,COUPON9ZZ-,19.57,AUD
499651,2024-03-17T21:43:21,2024-03-17,480,8,Online,Afterpay,COUPON90-0,18.68,AUD
499710,2024-03-17T00:42:57,2024-03-17,723,17,Online,Credit Card,COUPONZA--,12.95,AUD
499774,2024-03-17T13:27:54,2024-03-17,68,29,Online,Credit Card,COUPONA00A,18.97,AUD
499777,2024-03-17T14:28:19,2024-03-17,227,34,Online,Afterpay,COUPON00Z-,11.53,AUD
499853,2024-03-17T06:39:34,2024-03-17,549,21,Online,PayPal,COUPONZAZA,12.99,AUD
500016,2024-03-17T13:43:59,2024-03-17,500,31,Retail,Credit Card,COUPONAZZZ,10.46,AUD
500229,2024-03-17T16:46:33,2024-03-17,771,3,Online,Afterpay,COUPON9-0Z,12.1,AUD
500342,2024-03-17T01:36:42,2024-03-17,253,37,Retail,Credit Card,COUPON---0,19.38,AUD
500386,2024-03-17T19:02:34,2024-03-17,782,39,Retail,PayPal,COUPONA0-9,13.41,AUD
500403,2024-03-17T07:27:30,2024-03-17,706,27,Retail,PayPal,COUPONA0--,15.66,AUD
500688,2024-03-17T08:47:22,2024-03-17,87,37,Retail,Credit Card,COUPONA9Z-,7.69,AUD
500933,2024-03-17T07:16:22,2024-03-17,479,22,Retail,Credit Card,COUPON0AZZ,18.09,AUD
501184,2024-03-17T00:12:49,2024-03-17,766,41,Retail,Afterpay,COUPON0-A-,14.4,AUD
501270,2024-03-17T23:36:31,2024-03-17,525,19,Retail,Afterpay,COUPON-0Z-,19.64,AUD
501305,2024-03-17T06:21:13,2024-03-17,161,32,Retail,PayPal,COUPONZ9--,19.8,AUD
501318,2024-03-17T07:40:32,2024-03-17,101,28,Retail,Credit Card,COUPONZ-Z9,7.42,AUD
501320,2024-03-17T04:39:25,2024-03-17,408,32,Retail,Credit Card,COUPONZAZZ,7.67,AUD
501443,2024-03-17T04:32:00,2024-03-17,791,16,Online,Afterpay,COUPON-9ZA,4.07,AUD
501444,2024-03-17T02:00:29,2024-03-17,378,28,Retail,PayPal,COUPONZAAZ,6.88,AUD
501499,2024-03-17T12:36:12,2024-03-17,516,17,Online,PayPal,COUPONA0--,2.25,AUD
501520,2024-03-17T06:16:39,2024-03-17,30,15,Retail,Afterpay,COUPON-AAZ,0.73,AUD
501675,2024-03-17T04:29:23,2024-03-17,253,11,Retail,PayPal,COUPONZ9Z0,15.74,AUD
501795,2024-03-17T21:36:47,2024-03-17,319,44,Online,Afterpay,COUPONZZ09,14.47,AUD
501886,2024-03-17T13:22:47,2024-03-17,21,41,Online,PayPal,COUPON-Z--,0.43,AUD
502008,2024-03-17T19:49:06,2024-03-17,432,26,Retail,Afterpay,COUPON-A9Z,6.99,AUD
502033,2024-03-17T12:48:12,2024-03-17,472,34,Retail,Afterpay,COUPONZ-AZ,11.57,AUD
502112,2024-03-17T12:48:46,2024-03-17,305,33,Retail,Afterpay,COUPON99Z-,1.75,AUD
502129,2024-03-17T22:27:53,2024-03-17,262,35,Online,Afterpay,COUPON---0,17.34,AUD
502217,2024-03-17T14:32:01,2024-03-17,249,23,Retail,PayPal,COUPON-99A,12.76,AUD
502247,2024-03-17T07:42:41,2024-03-17,772,3,Online,Credit Card,COUPON00ZZ,2.36,AUD
502790,2024-03-17T02:57:50,2024-03-17,529,20,Online,Afterpay,COUPON--0-,13.11,AUD
502831,2024-03-17T22:26:42,2024-03-17,675,28,Retail,PayPal,COUPONAA9Z,2.77,AUD
502832,2024-03-17T15:08:33,2024-03-17,38,49,Retail,Afterpay,COUPON-0-9,13.65,AUD
502836,2024-03-17T03:08:37,2024-03-17,472,21,Online,PayPal,COUPON--9-,0.77,AUD
502909,2024-03-17T07:40:37,2024-03-17,219,39,Online,Afterpay,COUPON0--9,5.91,AUD
502956,2024-03-17T13:34:50,2024-03-17,411,33,Online,PayPal,COUPON--9-,13.01,AUD
502965,2024-03-17T20:40:41,2024-03-17,339,9,Online,Afterpay,COUPON--0-,5.42,AUD
503000,2024-03-17T14:35:55,2024-03-17,540,8,Retail,Afterpay,COUPON9-9Z,5.65,AUD
503084,2024-03-17T16:47:59,2024-03-17,1,44,Retail,Credit Card,COUPONAAA9,11.04,AUD
503185,2024-03-17T04:31:13,2024-03-17,326,12,Online,Credit Card,COUPON9A0-,2.77,AUD
503216,2024-03-17T22:35:35,2024-03-17,609,23,Retail,PayPal,COUPON-A-9,11.31,AUD
503230,2024-03-17T19:30:39,2024-03-17,506,34,Retail,Afterpay,COUPON-A9-,7.61,AUD
503316,2024-03-17T06:43:02,2024-03-17,135,8,Retail,Credit Card,COUPONZ-Z0,6.84,AUD
503498,2024-03-17T22:25:36,2024-03-17,243,19,Retail,Credit Card,COUPON0Z--,12.93,AUD
503572,2024-03-17T07:27:32,2024-03-17,279,35,Online,Credit Card,COUPON-09Z,17.47,AUD
503584,2024-03-17T18:14:28,2024-03-17,549,39,Retail,Credit Card,COUPON---A,13.25,AUD
503673,2024-03-17T10:43:22,2024-03-17,563,19,Retail,PayPal,COUPON9ZA0,7.23,AUD
503727,2024-03-17T07:17:14,2024-03-17,352,42,Retail,PayPal,COUPON--9-,14.68,AUD
503749,2024-03-17T03:46:56,2024-03-17,73,27,Retail,Credit Card,COUPONAZ-0,4.28,AUD
503789,2024-03-17T09:48:13,2024-03-17,689,47,Online,PayPal,COUPON----,8.89,AUD
504057,2024-03-17T03:06:04,2024-03-17,440,30,Online,Credit Card,COUPON0Z-9,15.5,AUD
504176,2024-03-17T15:54:14,2024-03-17,85,30,Online,Afterpay,COUPONA9-A,1.12,AUD
504236,2024-03-17T12:52:55,2024-03-17,766,15,Online,Afterpay,COUPON90-A,0.66,AUD
504251,2024-03-17T21:20:10,2024-03-17,369,25,Retail,Credit Card,COUPON9-ZA,1.02,AUD
504402,2024-03-17T04:09:46,2024-03-17,116,4,Online,Credit Card,COUPON0Z9-,16.18,AUD
504676,2024-03-17T04:44:43,2024-03-17,321,5,Online,Credit Card,COUPON99A0,14.91,AUD
504683,2024-03-17T02:15:00,2024-03-17,429,21,Retail,Afterpay,COUPON-AZ-,19.29,AUD
504773,2024-03-17T15:25:04,2024-03-17,139,36,Retail,Credit Card,COUPON--90,15.03,AUD
504896,2024-03-17T12:15:05,2024-03-17,406,49,Online,Credit Card,COUPON09--,16.9,AUD
504951,2024-03-17T08:20:15,2024-03-17,288,48,Online,Afterpay,COUPON-0-9,9.45,AUD
505030,2024-03-17T11:52:11,2024-03-17,354,35,Online,Afterpay,COUPONZZ0-,11.2,AUD
505038,2024-03-17T21:30:09,2024-03-17,359,28,Online,Afterpay,COUPON-9Z0,13.96,AUD
505148,2024-03-17T13:43:21,2024-03-17,358,28,Online,Afterpay,COUPON0A0-,19.87,AUD
505457,2024-03-17T22:57:34,2024-03-17,640,9,Retail,Credit Card,COUPON9-00,5.84,AUD
505562,2024-03-17T12:43:26,2024-03-17,726,23,Retail,Credit Card,COUPONA0-Z,11.55,AUD
505570,2024-03-17T14:54:03,2024-03-17,86,22,Retail,Afterpay,COUPON--ZA,10.88,AUD
505715,2024-03-17T14:50:24,2024-03-17,535,41,Online,Afterpay,COUPON9A99,13.59,AUD
505901,2024-03-17T02:49:39,2024-03-17,737,24,Retail,Credit Card,COUPONZ9A-,2.31,AUD
505930,2024-03-17T15:40:19,2024-03-17,374,29,Retail,PayPal,COUPON0ZAZ,4.43,AUD
506309,2024-03-17T01:27:54,2024-03-17,678,3,Online,PayPal,COUPON9-0-,15.59,AUD
506370,2024-03-17T09:39:55,2024-03-17,700,24,Retail,Credit Card,COUPON99--,15.19,AUD
506372,2024-03-17T06:04:57,2024-03-17,499,10,Online,Afterpay,COUPON--A9,13.79,AUD
506653,2024-03-17T23:41:12,2024-03-17,574,37,Online,Afterpay,COUPONZ-9-,14.38,AUD
506718,2024-03-17T20:14:26,2024-03-17,663,43,Retail,PayPal,COUPON90--,1.52,AUD
506907,2024-03-17T23:57:10,2024-03-17,787,45,Online,Credit Card,COUPONA99A,6.59,AUD
506925,2024-03-17T08:36:52,2024-03-17,608,10,Online,PayPal,COUPON0900,5.63,AUD
507058,2024-03-17T20:47:07,2024-03-17,650,26,Online,PayPal,COUPONZ-A0,2.82,AUD
507134,2024-03-17T22:50:18,2024-03-17,706,45,Retail,Credit Card,COUPONZ9--,1.76,AUD
507329,2024-03-17T23:19:40,2024-03-17,754,34,Online,Credit Card,COUPON-0-A,6.22,AUD
507785,2024-03-17T05:34:29,2024-03-17,90,49,Online,Afterpay,COUPONZZ9Z,6.41,AUD
507821,2024-03-17T07:35:55,2024-03-17,140,44,Retail,PayPal,COUPON-AA-,0.25,AUD
507849,2024-03-17T00:27:37,2024-03-17,646,6,Retail,Credit Card,COUPONZZ09,12.16,AUD
507909,2024-03-17T00:42:14,2024-03-17,688,41,Retail,Afterpay,COUPONZ9-A,3.54,AUD
507989,2024-03-17T05:57:47,2024-03-17,292,39,Retail,Afterpay,COUPON-90A,17.68,AUD
508189,2024-03-17T19:22:13,2024-03-17,476,24,Retail,Credit Card,COUPON---0,1.27,AUD
508275,2024-03-17T04:08:08,2024-03-17,797,6,Retail,Credit Card,COUPON0A-9,4.42,AUD
508310,2024-03-17T05:10:14,2024-03-17,269,15,Online,Afterpay,COUPONZ9Z0,3.42,AUD
508679,2024-03-17T16:50:36,2024-03-17,272,13,Online,Credit Card,COUPONZ0--,11.86,AUD
508718,2024-03-17T03:15:04,2024-03-17,24,19,Retail,Credit Card,COUPON-ZZ0,11.91,AUD
508866,2024-03-17T05:47:41,2024-03-17,530,44,Retail,Afterpay,COUPON-AA0,9.94,AUD
508986,2024-03-17T16:35:35,2024-03-17,194,32,Online,PayPal,COUPONZZ-A,12.12,AUD
509070,2024-03-17T20:39:50,2024-03-17,50,6,Retail,Credit Card,COUPON----,18.98,AUD
509295,2024-03-17T04:03:27,2024-03-17,268,46,Retail,Afterpay,COUPON-99A,11.09,AUD
509512,2024-03-17T20:46:50,2024-03-17,540,47,Online,PayPal,COUPON0-0A,1.99,AUD
509649,2024-03-17T22:12:57,2024-03-17,559,45,Online,Afterpay,COUPON0AZ-,8.53,AUD
509664,2024-03-17T09:46:31,2024-03-17,203,3,Online,Credit Card,COUPON-Z9-,10.01,AUD
509950,2024-03-17T07:56:48,2024-03-17,632,27,Retail,PayPal,COUPON9A--,17.02,AUD
510164,2024-03-17T06:33:11,2024-03-17,202,1,Online,Credit Card,COUPONA---,7.95,AUD
510209,2024-03-17T20:27:18,2024-03-17,763,19,Retail,Afterpay,COUPONZ09Z,15.35,AUD
510391,2024-03-17T02:50:47,2024-03-17,668,29,Online,Afterpay,COUPON-AA9,6.27,AUD
510426,2024-03-17T22:55:50,2024-03-17,253,48,Retail,PayPal,COUPONZZ09,3.66,AUD
510565,2024-03-17T02:17:21,2024-03-17,796,26,Online,Credit Card,COUPONA--9,6.11,AUD
510771,2024-03-17T14:30:12,2024-03-17,248,12,Retail,PayPal,COUPON0A--,18.8,AUD
510825,2024-03-17T06:43:06,2024-03-17,542,42,Retail,PayPal,COUPONAA0Z,11.07,AUD
510833,2024-03-17T03:04:46,2024-03-17,720,17,Retail,Credit Card,COUPONA9-A,7.92,AUD
510987,2024-03-17T02:19:36,2024-03-17,480,39,Online,PayPal,COUPONZ0A9,9.95,AUD
510998,2024-03-17T02:14:03,2024-03-17,384,42,Online,Credit Card,COUPONZ--9,2.52,AUD
511177,2024-03-17T04:21:29,2024-03-17,524,46,Online,Afterpay,COUPON-ZZZ,7.62,AUD
511292,2024-03-17T02:09:05,2024-03-17,400,2,Retail,PayPal,COUPON--Z-,18.97,AUD
511348,2024-03-17T14:56:14,2024-03-17,131,5,Retail,Credit Card,COUPONZZ9A,10.14,AUD
511541,2024-03-17T06:12:27,2024-03-17,118,18,Online,PayPal,COUPON-0ZA,14.82,AUD
511664,2024-03-17T03:34:05,2024-03-17,262,48,Online,Credit Card,COUPONZ--0,12.6,AUD
511687,2024-03-17T01:23:20,2024-03-17,366,1,Retail,Credit Card,COUPONAAZA,1.57,AUD
511905,2024-03-17T11:36:48,2024-03-17,350,32,Online,Credit Card,COUPON--99,16.12,AUD
512004,2024-03-17T12:47:53,2024-03-17,309,11,Online,Afterpay,COUPON-ZZZ,1.59,AUD
512075,2024-03-17T04:04:15,2024-03-17,58,16,Retail,PayPal,COUPONZ9-9,5.21,AUD
512191,2024-03-17T00:11:00,2024-03-17,76,12,Online,PayPal,COUPON---A,12.09,AUD
512252,2024-03-17T06:33:55,2024-03-17,406,28,Online,Credit Card,COUPON-Z0Z,19.04,AUD
512439,2024-03-17T15:54:19,2024-03-17,213,48,Retail,PayPal,COUPON---A,7.14,AUD
512810,2024-03-17T09:43:54,2024-03-17,370,23,Retail,Credit Card,COUPON0-A-,14.05,AUD
512981,2024-03-17T10:24:20,2024-03-17,761,39,Retail,PayPal,COUPONAZ-9,0.69,AUD
513075,2024-03-17T05:12:35,2024-03-17,591,48,Retail,Credit Card,COUPON9--0,1.96,AUD
513098,2024-03-17T23:38:47,2024-03-17,541,24,Retail,PayPal,COUPON099-,8.33,AUD
513285,2024-03-17T06:56:31,2024-03-17,81,6,Online,PayPal,COUPONA-0A,7.81,AUD
513339,2024-03-17T01:21:49,2024-03-17,245,29,Online,Credit Card,COUPON0--0,15.29,AUD
513478,2024-03-17T09:28:41,2024-03-17,28,28,Retail,Afterpay,COUPONA--9,17.17,AUD
513495,2024-03-17T08:30:22,2024-03-17,425,12,Online,Credit Card,COUPON-ZZ-,9.9,AUD
513540,2024-03-17T19:14:24,2024-03-17,549,38,Online,Credit Card,COUPONA-9Z,15.69,AUD
513588,2024-03-17T22:38:34,2024-03-17,222,31,Retail,Afterpay,COUPONA-A0,5.49,AUD
513721,2024-03-17T17:05:49,2024-03-17,510,32,Retail,Afterpay,COUPONAZ-A,16.28,AUD
513944,2024-03-17T14:10:03,2024-03-17,604,27,Online,PayPal,COUPONA9Z0,13.6,AUD
513975,2024-03-17T04:15:58,2024-03-17,741,43,Online,Afterpay,COUPON90A0,19.71,AUD
513990,2024-03-17T23:59:13,2024-03-17,707,2,Online,Credit Card,COUPONZZZ9,17.85,AUD
514034,2024-03-17T12:40:18,2024-03-17,716,29,Retail,Afterpay,COUPON9--A,16.98,AUD
514209,2024-03-17T10:21:11,2024-03-17,620,10,Retail,PayPal,COUPON9-Z-,7.7,AUD
514231,2024-03-17T18:44:31,2024-03-17,545,3,Retail,PayPal,COUPONZ---,1.56,AUD
514270,2024-03-17T19:16:15,2024-03-17,245,38,Online,PayPal,COUPONZ9A-,12.2,AUD
514272,2024-03-17T18:09:13,2024-03-17,169,17,Retail,PayPal,COUPON00A0,1.71,AUD
514358,2024-03-17T09:40:26,2024-03-17,795,3,Online,Credit Card,COUPON9ZZ-,15.11,AUD
514365,2024-03-17T22:23:17,2024-03-17,237,23,Retail,Afterpay,COUPON-9--,4.71,AUD
514393,2024-03-17T23:09:14,2024-03-17,738,17,Retail,PayPal,COUPON--A-,0.68,AUD
514485,2024-03-17T13:53:09,2024-03-17,239,4,Retail,Afterpay,COUPON0-99,13.86,AUD
514528,2024-03-17T13:15:57,2024-03-17,521,10,Retail,Afterpay,COUPONA0-A,6.78,AUD
514561,2024-03-17T03:00:01,2024-03-17,360,41,Retail,Afterpay,COUPONZ--Z,11.76,AUD
514682,2024-03-17T10:07:46,2024-03-17,283,42,Retail,Afterpay,COUPON0909,2.54,AUD
514743,2024-03-17T06:53:14,2024-03-17,213,2,Retail,PayPal,COUPON9--9,15.92,AUD
514809,2024-03-17T13:56:01,2024-03-17,739,10,Retail,Credit Card,COUPONZA09,2.57,AUD
515126,2024-03-17T00:44:08,2024-03-17,702,20,Online,Afterpay,COUPON--ZA,2.89,AUD
515200,2024-03-17T12:02:59,2024-03-17,727,28,Retail,Credit Card,COUPON00AZ,17.17,AUD
515255,2024-03-17T06:40:01,2024-03-17,640,6,Retail,Afterpay,COUPONA---,12.8,AUD
515442,2024-03-17T11:12:26,2024-03-17,691,35,Retail,PayPal,COUPONZZ-A,10.73,AUD
515479,2024-03-17T06:40:16,2024-03-17,661,41,Retail,Credit Card,COUPON-ZA-,18.26,AUD
515520,2024-03-17T02:13:14,2024-03-17,368,31,Retail,Afterpay,COUPON-Z-0,19.15,AUD
515531,2024-03-17T18:32:20,2024-03-17,282,48,Retail,PayPal,COUPONA0ZA,5.57,AUD
515542,2024-03-17T16:32:27,2024-03-17,548,16,Retail,Credit Card,COUPON-Z--,8.47,AUD
515874,2024-03-17T15:23:47,2024-03-17,207,26,Retail,Credit Card,COUPONZ-AA,7.46,AUD
515970,2024-03-17T14:50:24,2024-03-17,298,19,Retail,Afterpay,COUPON0A-9,1.58,AUD
516038,2024-03-17T22:04:21,2024-03-17,681,37,Online,Credit Card,COUPON---0,16.69,AUD
516134,2024-03-17T21:10:37,2024-03-17,795,40,Online,Afterpay,COUPON-A--,19.43,AUD
516306,2024-03-17T06:42:00,2024-03-17,791,8,Retail,PayPal,COUPON9Z09,13.96,AUD
516309,2024-03-17T17:27:00,2024-03-17,423,2,Retail,Credit Card,COUPON--9Z,19.05,AUD
516433,2024-03-17T02:40:56,2024-03-17,682,12,Online,Afterpay,COUPON90Z9,15.5,AUD
516559,2024-03-17T04:52:09,2024-03-17,491,11,Online,Afterpay,COUPON9-90,6.02,AUD
516669,2024-03-17T22:41:02,2024-03-17,66,12,Retail,PayPal,COUPONZZ--,6.78,AUD
516774,2024-03-17T13:29:38,2024-03-17,304,43,Online,PayPal,COUPONZ-99,0.23,AUD
516952,2024-03-17T10:38:38,2024-03-17,687,45,Online,Afterpay,COUPONA0A-,4.68,AUD
517042,2024-03-17T00:39:24,2024-03-17,41,36,Online,PayPal,COUPONZA99,18.11,AUD
517142,2024-03-17T17:23:21,2024-03-17,29,8,Online,Credit Card,COUPONA0ZA,0.18,AUD
517280,2024-03-17T23:30:45,2024-03-17,449,1,Online,Afterpay,COUPON--AA,0.85,AUD
517289,2024-03-17T15:54:52,2024-03-17,704,33,Online,Afterpay,COUPON-A-0,15.7,AUD
517295,2024-03-17T03:50:20,2024-03-17,486,34,Retail,PayPal,COUPON--A0,9.63,AUD
517349,2024-03-17T04:47:35,2024-03-17,529,20,Retail,PayPal,COUPONAAZ-,13.7,AUD
517533,2024-03-17T05:23:46,2024-03-17,637,14,Online,PayPal,COUPON9-A-,19.54,AUD
517548,2024-03-17T10:21:45,2024-03-17,5,34,Retail,PayPal,COUPON--A0,15.26,AUD
517604,2024-03-17T15:52:41,2024-03-17,346,30,Retail,Afterpay,COUPONA-9A,9.8,AUD
517634,2024-03-17T06:29:05,2024-03-17,383,30,Online,PayPal,COUPONZA00,7.4,AUD
517677,2024-03-17T03:33:08,2024-03-17,211,11,Retail,PayPal,COUPONA9A-,11.51,AUD
517793,2024-03-17T18:05:28,2024-03-17,788,12,Online,Credit Card,COUPONZA-Z,9.33,AUD
517802,2024-03-17T02:47:27,2024-03-17,148,42,Retail,Afterpay,COUPON-0--,7.08,AUD
517967,2024-03-17T16:24:58,2024-03-17,88,5,Online,PayPal,COUPONZ-AZ,16.06,AUD
518165,2024-03-17T19:10:13,2024-03-17,771,17,Online,PayPal,COUPON0-99,18.07,AUD
518198,2024-03-17T14:49:06,2024-03-17,629,29,Retail,Afterpay,COUPON9-Z-,4.24,AUD
518216,2024-03-17T11:01:51,2024-03-17,342,49,Online,PayPal,COUPONZ-9A,3.08,AUD
518225,2024-03-17T00:20:09,2024-03-17,635,15,Online,PayPal,COUPONAA9A,3.51,AUD
518237,2024-03-17T21:55:41,2024-03-17,162,9,Online,PayPal,COUPON-Z--,6.64,AUD
518432,2024-03-17T15:06:24,2024-03-17,431,31,Online,Credit Card,COUPON0-9A,12.73,AUD
518448,2024-03-17T01:00:17,2024-03-17,415,41,Online,Afterpay,COUPONZ-A-,1.91,AUD
518546,2024-03-17T18:59:05,2024-03-17,786,41,Retail,Afterpay,COUPON-ZZ0,0.28,AUD
518678,2024-03-17T17:37:49,2024-03-17,780,4,Retail,PayPal,COUPONZA-0,16.4,AUD
519020,2024-03-17T04:59:22,2024-03-17,129,42,Online,PayPal,COUPONA---,16.29,AUD
519081,2024-03-17T22:26:57,2024-03-17,386,10,Online,Credit Card,COUPONZZZA,9.09,AUD
519096,2024-03-17T05:52:09,2024-03-17,662,21,Retail,PayPal,COUPON-ZZA,19.03,AUD
519118,2024-03-17T22:22:18,2024-03-17,219,28,Online,PayPal,COUPON-A--,9.12,AUD
519333,2024-03-17T04:29:14,2024-03-17,588,28,Retail,PayPal,COUPON--ZZ,9.61,AUD
519498,2024-03-17T22:50:37,2024-03-17,366,20,Online,PayPal,COUPON--9Z,4.8,AUD
519512,2024-03-17T21:42:32,2024-03-17,511,38,Online,Credit Card,COUPON9-A9,15.58,AUD
519545,2024-03-17T05:48:05,2024-03-17,755,1,Retail,Afterpay,COUPONZZ-Z,14.3,AUD
519787,2024-03-17T11:14:57,2024-03-17,470,36,Online,Credit Card,COUPON--0A,18.79,AUD
519935,2024-03-17T19:17:41,2024-03-17,566,11,Online,Afterpay,COUPON-9-Z,2.2,AUD
520206,2024-03-17T12:36:17,2024-03-17,680,36,Online,PayPal,COUPON9AZ9,2.35,AUD
520327,2024-03-17T02:40:22,2024-03-17,356,31,Retail,Credit Card,COUPONA-Z9,14.21,AUD
520383,2024-03-17T19:04:33,2024-03-17,515,35,Retail,Credit Card,COUPON--Z-,2.81,AUD
520411,2024-03-17T12:28:28,2024-03-17,64,28,Online,Credit Card,COUPONZA-0,3.37,AUD
520501,2024-03-17T18:23:33,2024-03-17,263,5,Online,PayPal,COUPON0Z--,15.8,AUD
520599,2024-03-17T19:59:20,2024-03-17,511,30,Retail,Afterpay,COUPON--Z-,11.33,AUD
520637,2024-03-17T22:36:09,2024-03-17,713,28,Retail,Credit Card,COUPON---A,11.29,AUD
520886,2024-03-17T01:48:48,2024-03-17,250,23,Retail,Afterpay,COUPON-ZA-,4.93,AUD
520975,2024-03-17T00:38:58,2024-03-17,163,15,Retail,Credit Card,COUPON-AZZ,10.35,AUD
521168,2024-03-17T03:50:14,2024-03-17,686,18,Online,Credit Card,COUPON--0Z,14.6,AUD
521237,2024-03-17T19:54:17,2024-03-17,330,16,Retail,PayPal,COUPON999-,12.47,AUD
521280,2024-03-17T03:43:24,2024-03-17,219,40,Retail,Credit Card,COUPON00--,9.41,AUD
521448,2024-03-17T07:02:54,2024-03-17,771,47,Online,Afterpay,COUPON-9A9,12.44,AUD
521836,2024-03-17T04:30:07,2024-03-17,391,9,Online,PayPal,COUPONZ-90,19.55,AUD
521855,2024-03-17T02:42:19,2024-03-17,412,38,Online,Credit Card,COUPON9ZZA,1.92,AUD
521935,2024-03-17T17:45:01,2024-03-17,610,10,Retail,Credit Card,COUPON----,15.11,AUD
522074,2024-03-17T16:38:01,2024-03-17,242,22,Online,Credit Card,COUPON9A00,15.45,AUD
522129,2024-03-17T22:46:25,2024-03-17,540,31,Retail,Credit Card,COUPON9--A,12.91,AUD
522151,2024-03-17T16:01:30,2024-03-17,521,49,Online,Afterpay,COUPONA--9,12.78,AUD
522187,2024-03-17T13:30:14,2024-03-17,502,36,Online,Afterpay,COUPON----,5.14,AUD
522452,2024-03-17T22:00:02,2024-03-17,254,8,Online,Credit Card,COUPON-0Z9,1.88,AUD
522454,2024-03-17T13:44:39,2024-03-17,69,39,Online,Credit Card,COUPONZA-9,6.69,AUD
522470,2024-03-17T01:22:03,2024-03-17,797,45,Online,PayPal,COUPON--A-,4.5,AUD
522473,2024-03-17T01:18:43,2024-03-17,733,40,Retail,PayPal,COUPON---A,7.65,AUD
522541,2024-03-17T19:38:37,2024-03-17,166,38,Retail,Credit Card,COUPON-0A0,16.28,AUD
522583,2024-03-17T21:51:41,2024-03-17,316,15,Retail,PayPal,COUPON9-90,10.47,AUD
522755,2024-03-17T15:43:15,2024-03-17,552,34,Online,Afterpay,COUPON-0-0,14.61,AUD
523105,2024-03-17T11:43:38,2024-03-17,689,15,Online,Credit Card,COUPONA-99,19.96,AUD
523154,2024-03-17T22:36:52,2024-03-17,625,47,Online,Afterpay,COUPON0AAZ,12.22,AUD
523194,2024-03-17T12:39:56,2024-03-17,24,49,Retail,PayPal,COUPONA0--,6.28,AUD
523223,2024-03-17T02:54:50,2024-03-17,39,29,Retail,PayPal,COUPON-0Z9,17.04,AUD
523377,2024-03-17T17:03:38,2024-03-17,609,1,Retail,PayPal,COUPON-A-0,11.23,AUD
523386,2024-03-17T17:15:45,2024-03-17,235,34,Online,PayPal,COUPON9Z-9,3.26,AUD
523526,2024-03-17T16:44:39,2024-03-17,261,28,Retail,Afterpay,COUPONZAZ9,13.18,AUD
523544,2024-03-17T05:12:54,2024-03-17,596,6,Online,Afterpay,COUPONA--Z,16.5,AUD
523565,2024-03-17T02:47:20,2024-03-17,297,2,Retail,Credit Card,COUPON99ZA,8.97,AUD
523579,2024-03-17T23:13:54,2024-03-17,179,15,Online,PayPal,COUPON-A9A,17.41,AUD
523953,2024-03-17T06:41:31,2024-03-17,479,20,Retail,Credit Card,COUPON99-A,6.53,AUD
523962,2024-03-17T20:26:58,2024-03-17,697,17,Online,PayPal,COUPON0-9Z,1.41,AUD
523965,2024-03-17T17:52:59,2024-03-17,241,40,Retail,Afterpay,COUPON0A09,14.08,AUD
524027,2024-03-17T23:13:16,2024-03-17,628,39,Retail,Credit Card,COUPON-Z--,12.99,AUD
524207,2024-03-17T02:27:41,2024-03-17,108,28,Retail,Credit Card,COUPON-9-0,16.44,AUD
524503,2024-03-17T19:53:42,2024-03-17,392,46,Retail,Credit Card,COUPON909-,8.02,AUD
524653,2024-03-17T01:29:26,2024-03-17,247,20,Retail,PayPal,COUPONZ-9-,9.26,AUD
524673,2024-03-17T08:44:08,2024-03-17,598,45,Online,PayPal,COUPON-A00,2.87,AUD
524707,2024-03-17T14:11:22,2024-03-17,661,30,Online,Afterpay,COUPON-AZ-,13.94,AUD
524855,2024-03-17T02:37:22,2024-03-17,529,5,Retail,PayPal,COUPON--Z-,6.06,AUD
524903,2024-03-17T23:48:25,2024-03-17,269,6,Online,PayPal,COUPON99--,18.49,AUD
524939,2024-03-17T15:58:00,2024-03-17,97,26,Online,Credit Card,COUPON0AZ9,2.47,AUD
524961,2024-03-17T18:32:22,2024-03-17,283,11,Online,Afterpay,COUPON09-9,3.85,AUD
524980,2024-03-17T03:32:26,2024-03-17,137,33,Retail,Afterpay,COUPON9A0Z,10.38,AUD
525004,2024-03-17T17:46:15,2024-03-17,507,20,Online,Credit Card,COUPON-A9-,14.54,AUD
525312,2024-03-17T00:18:40,2024-03-17,598,7,Online,PayPal,COUPONZ9-Z,0.17,AUD
525418,2024-03-17T19:06:50,2024-03-17,73,14,Online,Credit Card,COUPON-09A,19.86,AUD
525451,2024-03-17T01:48:42,2024-03-17,483,12,Online,Afterpay,COUPON----,13.49,AUD
525461,2024-03-17T16:11:19,2024-03-17,796,32,Retail,Afterpay,COUPONZAZ0,12.53,AUD
525479,2024-03-17T06:11:51,2024-03-17,608,32,Online,Afterpay,COUPONZ-0Z,11.93,AUD
525838,2024-03-17T15:36:18,2024-03-17,187,26,Online,PayPal,COUPON9AZ-,18.51,AUD
525988,2024-03-17T09:21:04,2024-03-17,711,21,Online,PayPal,COUPON-Z0Z,19.5,AUD
526252,2024-03-17T08:57:57,2024-03-17,703,26,Retail,Afterpay,COUPONAAZ9,0.05,AUD
526310,2024-03-17T04:20:18,2024-03-17,534,20,Retail,Credit Card,COUPONZ0--,14.58,AUD
526353,2024-03-17T15:00:23,2024-03-17,513,10,Retail,Credit Card,COUPONA999,17.0,AUD
526591,2024-03-17T03:51:14,2024-03-17,382,18,Online,Credit Card,COUPON9-0-,8.08,AUD
526891,2024-03-17T10:50:07,2024-03-17,234,25,Online,Afterpay,COUPON-A0Z,16.05,AUD
526900,2024-03-17T10:09:35,2024-03-17,25,45,Online,PayPal,COUPON09A9,8.64,AUD
526936,2024-03-17T19:13:48,2024-03-17,459,31,Retail,Afterpay,COUPON-9--,1.24,AUD
527023,2024-03-17T06:14:52,2024-03-17,380,3,Retail,PayPal,COUPONA000,2.01,AUD
527220,2024-03-17T11:36:15,2024-03-17,208,16,Retail,Afterpay,COUPON-AZ9,19.99,AUD
527268,2024-03-17T23:19:13,2024-03-17,37,48,Retail,Afterpay,COUPON-0-9,11.37,AUD
527363,2024-03-17T07:55:20,2024-03-17,331,16,Retail,Afterpay,COUPON09-9,14.98,AUD
527367,2024-03-17T08:44:39,2024-03-17,40,41,Online,Credit Card,COUPON0--Z,9.45,AUD
527412,2024-03-17T06:19:13,2024-03-17,430,44,Online,Credit Card,COUPON-9--,18.74,AUD
527662,2024-03-17T07:55:59,2024-03-17,176,28,Retail,Afterpay,COUPON--Z-,18.95,AUD
527711,2024-03-17T11:22:56,2024-03-17,287,26,Retail,Afterpay,COUPONZ-A0,5.57,AUD
527794,2024-03-17T16:41:31,2024-03-17,735,16,Online,Afterpay,COUPON-Z90,19.76,AUD
527832,2024-03-17T02:11:10,2024-03-17,445,33,Retail,PayPal,COUPON-A--,12.02,AUD
528185,2024-03-17T07:41:39,2024-03-17,350,35,Online,PayPal,COUPON-0-A,18.72,AUD
528307,2024-03-17T14:47:49,2024-03-17,181,34,Online,PayPal,COUPONA-0-,14.47,AUD
528407,2024-03-17T04:23:09,2024-03-17,34,13,Retail,Afterpay,COUPONA90-,9.78,AUD
528441,2024-03-17T14:10:47,2024-03-17,169,4,Retail,Credit Card,COUPON0ZZZ,6.06,AUD
528611,2024-03-17T06:20:13,2024-03-17,677,18,Retail,PayPal,COUPON---9,5.18,AUD
528760,2024-03-17T17:55:03,2024-03-17,555,43,Online,Credit Card,COUPON-ZA-,17.9,AUD
528777,2024-03-17T08:49:38,2024-03-17,414,49,Retail,PayPal,COUPONZ-00,6.29,AUD
528778,2024-03-17T15:00:52,2024-03-17,308,47,Retail,Credit Card,COUPONZ-AZ,5.39,AUD
528806,2024-03-17T11:30:13,2024-03-17,146,8,Retail,Afterpay,COUPON0A9A,7.78,AUD
528839,2024-03-17T16:16:43,2024-03-17,281,47,Retail,Afterpay,COUPONZ-0-,13.01,AUD
528910,2024-03-17T23:22:14,2024-03-17,788,47,Online,Afterpay,COUPON-ZZZ,19.88,AUD
528948,2024-03-17T14:23:18,2024-03-17,448,37,Retail,Credit Card,COUPONZZ-0,8.46,AUD
529049,2024-03-17T15:23:31,2024-03-17,154,27,Online,Credit Card,COUPON-A9-,4.66,AUD
529077,2024-03-17T20:52:41,2024-03-17,1,22,Online,Afterpay,COUPON----,11.61,AUD
529099,2024-03-17T20:26:24,2024-03-17,611,34,Retail,PayPal,COUPONA-99,8.7,AUD
529193,2024-03-17T05:08:09,2024-03-17,510,20,Retail,PayPal,COUPON--9-,2.88,AUD
529262,2024-03-17T22:02:34,2024-03-17,49,3,Online,Credit Card,COUPONAA-0,15.26,AUD
529356,2024-03-17T23:42:42,2024-03-17,419,12,Online,Credit Card,COUPONA-09,7.15,AUD
529500,2024-03-17T15:33:06,2024-03-17,332,1,Online,Credit Card,COUPON-Z-Z,8.07,AUD
529565,2024-03-17T21:09:58,2024-03-17,656,45,Retail,PayPal,COUPON000Z,3.78,AUD
529606,2024-03-17T10:21:41,2024-03-17,303,3,Retail,Credit Card,COUPONA-A-,17.74,AUD
529632,2024-03-17T22:01:18,2024-03-17,607,23,Retail,Afterpay,COUPON09-9,8.94,AUD
529654,2024-03-17T16:41:48,2024-03-17,337,43,Retail,Credit Card,COUPON0Z00,0.44,AUD
529659,2024-03-17T04:14:30,2024-03-17,701,18,Online,Afterpay,COUPON-0--,17.83,AUD
529702,2024-03-17T13:00:39,2024-03-17,19,24,Online,Credit Card,COUPON-A-Z,9.11,AUD
529732,2024-03-17T14:22:00,2024-03-17,666,10,Online,Credit Card,COUPON-9-Z,4.76,AUD
529756,2024-03-17T12:59:12,2024-03-17,301,29,Online,Credit Card,COUPON-ZZZ,3.56,AUD
529781,2024-03-17T10:54:29,2024-03-17,480,7,Retail,Credit Card,COUPON0-09,18.79,AUD
529919,2024-03-17T14:41:58,2024-03-17,652,27,Online,Afterpay,COUPONZ0Z-,4.38,AUD
530077,2024-03-17T14:00:32,2024-03-17,585,6,Online,Afterpay,COUPON--9Z,3.14,AUD
530393,2024-03-17T11:31:27,2024-03-17,69,21,Retail,Credit Card,COUPON0999,13.7,AUD
530534,2024-03-17T06:58:31,2024-03-17,621,14,Retail,PayPal,COUPON0Z-0,13.4,AUD
530606,2024-03-17T05:23:25,2024-03-17,581,29,Online,Credit Card,COUPON-A-9,19.88,AUD
530719,2024-03-17T13:45:16,2024-03-17,353,48,Online,Afterpay,COUPON0--A,15.27,AUD
530766,2024-03-17T10:11:46,2024-03-17,406,13,Retail,Afterpay,COUPONAZA-,12.56,AUD
530875,2024-03-17T12:49:24,2024-03-17,188,39,Retail,Credit Card,COUPONZ-AZ,7.32,AUD
530931,2024-03-17T22:46:53,2024-03-17,87,34,Online,Afterpay,COUPON---A,19.4,AUD
531003,2024-03-17T03:26:24,2024-03-17,369,48,Retail,Afterpay,COUPON---Z,2.33,AUD
531042,2024-03-17T13:46:34,2024-03-17,745,1,Retail,Afterpay,COUPONZAAZ,5.43,AUD
531188,2024-03-17T00:34:21,2024-03-17,566,37,Retail,Afterpay,COUPONA---,1.16,AUD
531264,2024-03-17T08:19:18,2024-03-17,22,47,Retail,PayPal,COUPON-A--,17.33,AUD
531305,2024-03-17T19:56:47,2024-03-17,575,44,Online,Credit Card,COUPON--Z0,10.8,AUD
531352,2024-03-17T08:57:45,2024-03-17,198,30,Online,Credit Card,COUPONA09-,9.19,AUD
531612,2024-03-17T13:59:04,2024-03-17,228,40,Retail,PayPal,COUPON-ZA-,2.15,AUD
531648,2024-03-17T14:00:15,2024-03-17,754,24,Online,Afterpay,COUPON-00A,3.6,AUD
531756,2024-03-17T05:27:28,2024-03-17,664,23,Online,Afterpay,COUPONZA0-,5.05,AUD
531834,2024-03-17T09:01:25,2024-03-17,96,10,Retail,PayPal,COUPON--9-,13.98,AUD
531999,2024-03-17T21:43:54,2024-03-17,486,14,Online,PayPal,COUPON00A-,15.79,AUD
532185,2024-03-17T10:21:11,2024-03-17,228,41,Retail,Credit Card,COUPON-ZZA,19.07,AUD
532186,2024-03-17T16:16:11,2024-03-17,423,49,Online,PayPal,COUPON--0-,5.57,AUD
532281,2024-03-17T15:36:50,2024-03-17,750,4,Online,Afterpay,COUPON9Z-A,5.92,AUD
532381,2024-03-17T10:16:32,2024-03-17,751,10,Online,Afterpay,COUPONAZ9-,0.67,AUD
532407,2024-03-17T01:51:08,2024-03-17,507,9,Online,Afterpay,COUPONA9A-,7.89,AUD
532521,2024-03-17T23:55:44,2024-03-17,644,23,Online,Credit Card,COUPONA0--,9.95,AUD
533001,2024-03-17T16:29:08,2024-03-17,3,31,Retail,Credit Card,COUPONA9ZZ,11.05,AUD
533039,2024-03-17T13:30:18,2024-03-17,372,26,Retail,Afterpay,COUPON--ZA,10.2,AUD
533047,2024-03-17T12:16:37,2024-03-17,377,27,Online,PayPal,COUPON0-Z-,16.94,AUD
533184,2024-03-17T07:47:15,2024-03-17,650,7,Retail,Credit Card,COUPON-A9-,7.67,AUD
533185,2024-03-17T10:22:23,2024-03-17,151,25,Online,Credit Card,COUPONZ9Z-,12.58,AUD
533211,2024-03-17T10:50:13,2024-03-17,5,1,Retail,Afterpay,COUPON--A9,14.16,AUD
533224,2024-03-17T10:19:59,2024-03-17,363,6,Retail,PayPal,COUPON--0-,0.15,AUD
533415,2024-03-17T20:32:57,2024-03-17,726,2,Retail,Afterpay,COUPON-ZZ-,1.59,AUD
533529,2024-03-17T12:25:05,2024-03-17,360,2,Retail,Afterpay,COUPON0-A-,10.56,AUD
533640,2024-03-17T12:09:01,2024-03-17,491,7,Online,Credit Card,COUPON0999,16.27,AUD
533838,2024-03-17T12:26:32,2024-03-17,566,21,Online,PayPal,COUPON--A9,17.27,AUD
533915,2024-03-17T08:25:56,2024-03-17,394,37,Retail,Afterpay,COUPONZ-09,14.11,AUD
534044,2024-03-17T19:47:29,2024-03-17,71,37,Retail,PayPal,COUPONA--Z,17.9,AUD
534154,2024-03-17T01:53:53,2024-03-17,708,21,Retail,PayPal,COUPON-9Z0,12.1,AUD
534276,2024-03-17T18:16:55,2024-03-17,227,10,Retail,Credit Card,COUPONAA0A,11.61,AUD
534361,2024-03-17T15:32:48,2024-03-17,422,11,Online,PayPal,COUPON--Z-,8.15,AUD
534436,2024-03-17T13:48:07,2024-03-17,255,37,Retail,Afterpay,COUPON--9A,13.84,AUD
534495,2024-03-17T08:00:35,2024-03-17,787,16,Online,PayPal,COUPONZAA-,18.34,AUD
534510,2024-03-17T18:07:23,2024-03-17,715,37,Retail,PayPal,COUPON-99A,14.03,AUD
534613,2024-03-17T21:00:31,2024-03-17,413,23,Online,Credit Card,COUPON0Z--,6.82,AUD
534694,2024-03-17T03:18:49,2024-03-17,543,42,Retail,Afterpay,COUPON9Z-Z,5.44,AUD
534700,2024-03-17T15:16:57,2024-03-17,61,36,Online,Credit Card,COUPON009A,1.09,AUD
534906,2024-03-17T20:46:38,2024-03-17,37,40,Retail,PayPal,COUPON0--Z,0.32,AUD
535030,2024-03-17T09:54:50,2024-03-17,703,36,Online,Credit Card,COUPON9--9,4.41,AUD
535079,2024-03-17T04:55:06,2024-03-17,112,46,Online,Afterpay,COUPON9--0,6.41,AUD
535240,2024-03-17T16:10:11,2024-03-17,550,4,Online,Afterpay,COUPON9A--,13.89,AUD
535286,2024-03-17T23:34:52,2024-03-17,784,32,Online,PayPal,COUPON-9-9,17.48,AUD
535289,2024-03-17T22:45:54,2024-03-17,761,45,Online,PayPal,COUPONA---,12.99,AUD
535393,2024-03-17T18:12:24,2024-03-17,99,9,Retail,PayPal,COUPON-0Z-,14.9,AUD
535404,2024-03-17T11:19:53,2024-03-17,610,3,Retail,Afterpay,COUPONZ9-0,11.6,AUD
535474,2024-03-17T19:36:51,2024-03-17,553,2,Retail,PayPal,COUPONZ0ZZ,15.57,AUD
535584,2024-03-17T06:36:06,2024-03-17,710,49,Online,PayPal,COUPONZZ-A,17.78,AUD
535640,2024-03-17T12:13:01,2024-03-17,54,4,Retail,Credit Card,COUPON-9Z-,16.0,AUD
535818,2024-03-17T08:13:17,2024-03-17,138,1,Retail,Afterpay,COUPONZZ0-,9.83,AUD
535946,2024-03-17T01:14:53,2024-03-17,165,9,Retail,Credit Card,COUPONAZ-0,10.7,AUD
536145,2024-03-17T00:22:30,2024-03-17,466,46,Online,PayPal,COUPONA-9-,13.49,AUD
536216,2024-03-17T11:26:34,2024-03-17,354,37,Retail,Afterpay,COUPONZ--A,3.27,AUD
536217,2024-03-17T03:43:15,2024-03-17,416,17,Online,Afterpay,COUPONAA00,9.13,AUD
536219,2024-03-17T05:21:05,2024-03-17,57,31,Online,PayPal,COUPONA099,15.61,AUD
536343,2024-03-17T18:13:46,2024-03-17,172,29,Retail,Credit Card,COUPON-Z-A,16.1,AUD
536380,2024-03-17T03:03:50,2024-03-17,24,32,Retail,Credit Card,COUPON---0,10.05,AUD
536453,2024-03-17T12:22:59,2024-03-17,647,9,Retail,Credit Card,COUPON--99,15.13,AUD
536481,2024-03-17T22:44:00,2024-03-17,563,32,Retail,Afterpay,COUPON0Z9Z,4.62,AUD
536621,2024-03-17T12:10:18,2024-03-17,554,26,Online,Credit Card,COUPONZ909,13.97,AUD
536671,2024-03-17T12:33:35,2024-03-17,710,26,Online,PayPal,COUPONA09-,14.21,AUD
536677,2024-03-17T07:45:57,2024-03-17,344,22,Online,PayPal,COUPONA9-9,11.27,AUD
536779,2024-03-17T01:11:49,2024-03-17,502,21,Online,Credit Card,COUPONZ99-,13.63,AUD
536925,2024-03-17T06:59:10,2024-03-17,421,17,Retail,PayPal,COUPON9--A,15.03,AUD
537012,2024-03-17T03:21:14,2024-03-17,782,4,Online,Credit Card,COUPONA090,5.37,AUD
537112,2024-03-17T01:40:49,2024-03-17,741,3,Retail,Afterpay,COUPON9Z-9,6.1,AUD
537113,2024-03-17T21:15:07,2024-03-17,17,48,Online,Afterpay,COUPON-9Z-,2.13,AUD
537177,2024-03-17T18:43:52,2024-03-17,274,36,Retail,PayPal,COUPON-Z--,10.42,AUD
537269,2024-03-17T14:24:32,2024-03-17,128,1,Online,Afterpay,COUPON-A-Z,5.78,AUD
537275,2024-03-17T02:37:14,2024-03-17,563,49,Online,Credit Card,COUPONZ-0-,4.63,AUD
537311,2024-03-17T22:35:40,2024-03-17,647,49,Retail,Credit Card,COUPON9---,0.97,AUD
537364,2024-03-17T03:42:35,2024-03-17,705,6,Retail,Afterpay,COUPONA---,0.47,AUD
537540,2024-03-17T17:27:42,2024-03-17,518,33,Retail,PayPal,COUPONZ-0-,13.27,AUD
537587,2024-03-17T01:12:58,2024-03-17,716,27,Retail,Credit Card,COUPONZ99Z,2.36,AUD
537810,2024-03-17T23:41:45,2024-03-17,264,34,Retail,Afterpay,COUPONZ--Z,3.64,AUD
537832,2024-03-17T08:19:26,2024-03-17,752,13,Online,Credit Card,COUPONA-A-,9.53,AUD
537834,2024-03-17T21:30:52,2024-03-17,633,16,Online,Credit Card,COUPONZ9-A,17.21,AUD
537848,2024-03-17T07:56:35,2024-03-17,194,3,Online,PayPal,COUPON000-,14.71,AUD
538044,2024-03-17T22:51:09,2024-03-17,413,29,Retail,Afterpay,COUPONAZ00,16.53,AUD
538073,2024-03-17T15:04:18,2024-03-17,23,25,Online,Credit Card,COUPON0A09,8.64,AUD
538236,2024-03-17T16:37:58,2024-03-17,471,40,Retail,Afterpay,COUPON-Z--,3.2,AUD
538345,2024-03-17T08:59:26,2024-03-17,226,3,Online,Afterpay,COUPON-ZA-,9.45,AUD
538585,2024-03-17T16:58:35,2024-03-17,215,27,Retail,PayPal,COUPONA-0-,15.04,AUD
538743,2024-03-17T07:18:18,2024-03-17,220,45,Retail,Afterpay,COUPONZ99A,14.75,AUD
538855,2024-03-17T00:45:11,2024-03-17,206,49,Online,Credit Card,COUPON--ZA,19.82,AUD
538984,2024-03-17T19:26:52,2024-03-17,541,45,Online,PayPal,COUPON-0-Z,10.72,AUD
539007,2024-03-17T20:24:42,2024-03-17,652,20,Retail,PayPal,COUPON0Z99,7.55,AUD
539120,2024-03-17T12:48:47,2024-03-17,155,31,Online,Afterpay,COUPONZ--A,19.72,AUD
539383,2024-03-17T19:04:50,2024-03-17,522,29,Retail,Credit Card,COUPON---0,0.51,AUD
539555,2024-03-17T22:26:06,2024-03-17,91,2,Retail,Afterpay,COUPON---9,9.98,AUD
539604,2024-03-17T20:17:32,2024-03-17,640,5,Retail,PayPal,COUPON900-,19.55,AUD
539623,2024-03-17T03:28:47,2024-03-17,574,15,Online,Credit Card,COUPON0-A-,8.81,AUD
539731,2024-03-17T21:53:33,2024-03-17,692,47,Retail,PayPal,COUPON-Z9-,2.41,AUD
539746,2024-03-17T16:08:48,2024-03-17,626,40,Online,PayPal,COUPON-A-9,14.42,AUD
539857,2024-03-17T23:06:05,2024-03-17,329,41,Online,Afterpay,COUPON0-ZA,3.61,AUD
539873,2024-03-17T09:16:10,2024-03-17,1,6,Retail,PayPal,COUPONZ-AZ,4.02,AUD
539932,2024-03-17T08:07:08,2024-03-17,646,1,Retail,Credit Card,COUPON---9,10.68,AUD
539953,2024-03-17T08:12:29,2024-03-17,230,9,Retail,PayPal,COUPONA---,7.56,AUD
540170,2024-03-17T15:28:15,2024-03-17,774,8,Online,PayPal,COUPON0ZZ0,0.65,AUD
540300,2024-03-17T12:09:11,2024-03-17,775,41,Online,Credit Card,COUPON-Z-Z,6.27,AUD
540310,2024-03-17T23:18:34,2024-03-17,454,33,Online,PayPal,COUPONA-0A,0.83,AUD
540331,2024-03-17T22:44:16,2024-03-17,694,36,Online,PayPal,COUPON99-A,0.62,AUD
540342,2024-03-17T07:43:25,2024-03-17,198,7,Online,PayPal,COUPON-9AA,8.25,AUD
540346,2024-03-17T07:55:36,2024-03-17,253,5,Retail,Afterpay,COUPONZ-9Z,1.89,AUD
540592,2024-03-17T02:57:45,2024-03-17,118,10,Online,PayPal,COUPON-9-0,17.57,AUD
540625,2024-03-17T06:35:24,2024-03-17,155,42,Online,Afterpay,COUPON--Z0,11.48,AUD
540668,2024-03-17T19:51:50,2024-03-17,14,1,Online,Afterpay,COUPONA0ZZ,9.33,AUD
540673,2024-03-17T14:50:55,2024-03-17,514,31,Online,Credit Card,COUPON-09-,11.35,AUD
540716,2024-03-17T19:21:33,2024-03-17,297,38,Retail,PayPal,COUPON9Z9Z,14.61,AUD
540814,2024-03-17T06:49:01,2024-03-17,119,46,Online,PayPal,COUPON9-A9,15.3,AUD
540826,2024-03-17T22:33:52,2024-03-17,708,29,Retail,PayPal,COUPONA-00,4.47,AUD
540989,2024-03-17T06:50:32,2024-03-17,730,22,Online,Credit Card,COUPONA9Z0,11.27,AUD
541007,2024-03-17T13:01:42,2024-03-17,754,23,Online,PayPal,COUPON-Z0-,9.03,AUD
541008,2024-03-17T13:57:14,2024-03-17,131,27,Retail,PayPal,COUPONZA9-,4.68,AUD
541100,2024-03-17T10:55:33,2024-03-17,258,25,Retail,Credit Card,COUPONA-9-,18.75,AUD
541442,2024-03-17T01:57:22,2024-03-17,576,1,Online,Afterpay,COUPONZ-AZ,11.92,AUD
541528,2024-03-17T15:48:25,2024-03-17,159,9,Retail,Credit Card,COUPON---Z,14.64,AUD
541622,2024-03-17T16:58:52,2024-03-17,11,31,Online,Afterpay,COUPON09Z0,16.76,AUD
541623,2024-03-17T17:36:08,2024-03-17,283,12,Retail,Afterpay,COUPON--99,16.43,AUD
541657,2024-03-17T12:26:57,2024-03-17,561,49,Online,PayPal,COUPON---9,0.62,AUD
541686,2024-03-17T06:27:56,2024-03-17,612,18,Retail,Credit Card,COUPON---9,14.93,AUD
541804,2024-03-17T17:34:10,2024-03-17,760,46,Retail,Credit Card,COUPONZA-0,10.99,AUD
542013,2024-03-17T01:22:10,2024-03-17,782,36,Online,Credit Card,COUPON0A-Z,4.77,AUD
542116,2024-03-17T03:10:27,2024-03-17,770,18,Retail,Afterpay,COUPON0--0,11.68,AUD
542143,2024-03-17T10:11:34,2024-03-17,24,18,Online,Afterpay,COUPONZ--Z,5.22,AUD
542198,2024-03-17T01:21:58,2024-03-17,250,43,Retail,Afterpay,COUPON-0Z9,9.78,AUD
542222,2024-03-17T00:36:14,2024-03-17,680,43,Retail,Afterpay,COUPON-90A,2.66,AUD
542492,2024-03-17T17:14:26,2024-03-17,799,40,Retail,PayPal,COUPON-ZAA,17.46,AUD
542493,2024-03-17T22:53:33,2024-03-17,503,4,Online,PayPal,COUPONZ9--,12.94,AUD
542597,2024-03-17T01:30:49,2024-03-17,555,5,Retail,Afterpay,COUPON9--9,3.36,AUD
542805,2024-03-17T10:42:50,2024-03-17,127,43,Retail,Afterpay,COUPON9A9Z,13.93,AUD
542956,2024-03-17T23:10:30,2024-03-17,628,41,Retail,Credit Card,COUPON---Z,9.62,AUD
542996,2024-03-17T05:04:48,2024-03-17,645,3,Retail,Credit Card,COUPON0-AA,16.83,AUD
543183,2024-03-17T05:23:42,2024-03-17,87,16,Online,Credit Card,COUPON9A-Z,12.27,AUD
543261,2024-03-17T06:23:05,2024-03-17,267,49,Online,PayPal,COUPONZZAZ,9.33,AUD
543266,2024-03-17T12:54:48,2024-03-17,464,3,Retail,Credit Card,COUPONZ-0Z,15.35,AUD
543285,2024-03-17T04:55:32,2024-03-17,77,24,Online,Afterpay,COUPON09-Z,15.89,AUD
543329,2024-03-17T05:02:55,2024-03-17,459,25,Retail,PayPal,COUPONAAZ9,10.75,AUD
543352,2024-03-17T15:48:55,2024-03-17,19,24,Retail,PayPal,COUPONZA09,13.9,AUD
543459,2024-03-17T02:48:37,2024-03-17,421,8,Retail,Credit Card,COUPONZ-Z-,17.9,AUD
543497,2024-03-17T18:16:39,2024-03-17,707,11,Online,Afterpay,COUPON9ZA9,1.69,AUD
543520,2024-03-17T05:41:01,2024-03-17,306,18,Retail,Afterpay,COUPON9-A9,15.93,AUD
543589,2024-03-17T03:35:57,2024-03-17,752,47,Retail,Credit Card,COUPON-9--,15.42,AUD
543687,2024-03-17T18:45:33,2024-03-17,115,10,Online,PayPal,COUPON09-0,17.4,AUD
543723,2024-03-17T12:47:56,2024-03-17,471,1,Retail,Afterpay,COUPONZ90A,12.18,AUD
543729,2024-03-17T20:00:29,2024-03-17,251,19,Retail,PayPal,COUPON-AA-,7.69,AUD
543736,2024-03-17T21:14:19,2024-03-17,239,49,Online,Afterpay,COUPON0-Z9,1.75,AUD
543738,2024-03-17T02:26:33,2024-03-17,667,29,Retail,Afterpay,COUPON00--,3.58,AUD
543767,2024-03-17T08:45:30,2024-03-17,568,11,Online,Credit Card,COUPON-ZZ-,10.86,AUD
544028,2024-03-17T13:30:04,2024-03-17,754,13,Online,Afterpay,COUPON0ZZ-,16.29,AUD
544284,2024-03-17T00:09:41,2024-03-17,130,20,Retail,Afterpay,COUPON-ZA0,7.16,AUD
544444,2024-03-17T10:52:02,2024-03-17,306,46,Online,Afterpay,COUPON0A90,3.79,AUD
544558,2024-03-17T12:17:42,2024-03-17,650,49,Retail,PayPal,COUPONAZ9A,5.7,AUD
544565,2024-03-17T02:48:11,2024-03-17,99,31,Online,Afterpay,COUPONAZZ9,1.65,AUD
544576,2024-03-17T17:38:16,2024-03-17,741,17,Retail,PayPal,COUPONA90-,9.31,AUD
544612,2024-03-17T14:14:35,2024-03-17,377,8,Online,Credit Card,COUPONZAZA,19.33,AUD
544637,2024-03-17T16:08:00,2024-03-17,178,5,Retail,Credit Card,COUPONA---,19.35,AUD
544813,2024-03-17T10:23:32,2024-03-17,290,35,Retail,Afterpay,COUPON-Z0-,9.64,AUD
544898,2024-03-17T15:35:51,2024-03-17,365,30,Retail,Credit Card,COUPON0-A9,2.01,AUD
544981,2024-03-17T15:20:53,2024-03-17,794,48,Online,Credit Card,COUPONZ90Z,13.49,AUD
544983,2024-03-17T13:21:40,2024-03-17,446,24,Retail,PayPal,COUPON9-9Z,9.78,AUD
545231,2024-03-17T08:23:13,2024-03-17,551,24,Online,Afterpay,COUPONZA9-,13.54,AUD
545285,2024-03-17T16:52:57,2024-03-17,536,23,Retail,Credit Card,COUPON-9--,17.65,AUD
545344,2024-03-17T09:18:05,2024-03-17,149,44,Retail,Afterpay,COUPONZ0Z-,6.72,AUD
545400,2024-03-17T14:19:50,2024-03-17,486,14,Retail,Afterpay,COUPONZ9AZ,11.15,AUD
545432,2024-03-17T04:26:31,2024-03-17,569,9,Online,PayPal,COUPON9-A-,8.82,AUD
545443,2024-03-17T10:41:57,2024-03-17,410,41,Online,PayPal,COUPONA909,6.01,AUD
545582,2024-03-17T16:55:44,2024-03-17,260,3,Online,Credit Card,COUPON0A-0,8.33,AUD
545598,2024-03-17T07:30:44,2024-03-17,619,36,Retail,Afterpay,COUPON-Z--,9.01,AUD
545629,2024-03-17T08:10:05,2024-03-17,273,31,Retail,Credit Card,COUPON0Z0A,12.62,AUD
545835,2024-03-17T03:58:35,2024-03-17,91,49,Online,Credit Card,COUPONA-ZZ,7.87,AUD
545928,2024-03-17T06:10:46,2024-03-17,731,6,Retail,PayPal,COUPON9ZZ9,11.61,AUD
545982,2024-03-17T22:59:49,2024-03-17,262,25,Online,Credit Card,COUPON-0ZZ,15.47,AUD
546079,2024-03-17T09:05:40,2024-03-17,692,37,Retail,Credit Card,COUPON0--0,13.08,AUD
546152,2024-03-17T04:38:21,2024-03-17,615,11,Online,Afterpay,COUPONZ---,19.03,AUD
546234,2024-03-17T23:40:56,2024-03-17,514,5,Online,Credit Card,COUPON-A--,15.19,AUD
546290,2024-03-17T04:51:28,2024-03-17,143,5,Retail,PayPal,COUPONZZ09,6.35,AUD
546300,2024-03-17T08:52:32,2024-03-17,239,48,Online,Afterpay,COUPON9--0,0.46,AUD
546418,2024-03-17T14:14:28,2024-03-17,773,38,Online,Credit Card,COUPON-ZZ0,19.82,AUD
546465,2024-03-17T09:42:01,2024-03-17,310,37,Retail,Credit Card,COUPON-ZZ-,16.56,AUD
546496,2024-03-17T20:41:41,2024-03-17,559,37,Retail,Credit Card,COUPON-0AA,3.15,AUD
546609,2024-03-17T10:48:00,2024-03-17,203,25,Retail,Credit Card,COUPONZ--0,3.37,AUD
546634,2024-03-17T03:57:45,2024-03-17,598,26,Retail,Afterpay,COUPONA0Z-,5.18,AUD
546758,2024-03-17T02:05:44,2024-03-17,705,31,Online,PayPal,COUPONZZZ9,4.64,AUD
546762,2024-03-17T15:47:22,2024-03-17,507,49,Retail,Afterpay,COUPONA099,8.11,AUD
546893,2024-03-17T16:11:26,2024-03-17,399,25,Online,Afterpay,COUPON-0-Z,3.22,AUD
546918,2024-03-17T15:03:25,2024-03-17,168,42,Retail,Credit Card,COUPON0Z09,0.02,AUD
546922,2024-03-17T09:30:12,2024-03-17,39,35,Online,Afterpay,COUPONZ900,2.54,AUD
547095,2024-03-17T00:42:15,2024-03-17,780,22,Retail,PayPal,COUPONA-ZZ,17.99,AUD
547129,2024-03-17T02:49:30,2024-03-17,586,41,Retail,PayPal,COUPON-AZA,0.05,AUD
547130,2024-03-17T13:30:57,2024-03-17,631,1,Retail,PayPal,COUPONZA-Z,0.41,AUD
547156,2024-03-17T13:54:46,2024-03-17,91,29,Online,PayPal,COUPON09--,17.98,AUD
547209,2024-03-17T05:04:53,2024-03-17,736,13,Online,Credit Card,COUPON0Z99,18.13,AUD
547282,2024-03-17T09:02:31,2024-03-17,565,27,Online,Afterpay,COUPON0Z0Z,4.67,AUD
547383,2024-03-17T13:14:17,2024-03-17,98,40,Online,Afterpay,COUPONZ0A0,17.19,AUD
547493,2024-03-17T12:57:46,2024-03-17,616,29,Online,Afterpay,COUPON09-Z,6.57,AUD
547515,2024-03-17T23:13:13,2024-03-17,610,6,Retail,Credit Card,COUPONA00A,8.18,AUD
547642,2024-03-17T15:05:37,2024-03-17,144,10,Online,Credit Card,COUPONZ-0A,18.17,AUD
547857,2024-03-17T04:28:53,2024-03-17,436,29,Retail,PayPal,COUPON-Z9A,0.12,AUD
547928,2024-03-17T20:49:35,2024-03-17,485,49,Retail,Credit Card,COUPON0-0-,0.85,AUD
547942,2024-03-17T02:14:29,2024-03-17,767,31,Retail,Credit Card,COUPONZ-9Z,14.95,AUD
548024,2024-03-17T05:20:13,2024-03-17,164,13,Retail,Credit Card,COUPON0Z--,2.14,AUD
548164,2024-03-17T02:18:47,2024-03-17,15,28,Online,Afterpay,COUPON-0-0,19.79,AUD
548471,2024-03-17T03:54:10,2024-03-17,371,43,Retail,Afterpay,COUPONAZ--,19.14,AUD
548660,2024-03-17T10:10:51,2024-03-17,703,30,Online,PayPal,COUPON09ZA,10.36,AUD
548747,2024-03-17T05:40:29,2024-03-17,429,40,Online,Afterpay,COUPON0-AA,11.86,AUD
548779,2024-03-17T09:45:23,2024-03-17,745,11,Online,PayPal,COUPONAZ9A,0.68,AUD
548868,2024-03-17T15:42:17,2024-03-17,21,46,Online,Afterpay,COUPONZ9--,17.13,AUD
549032,2024-03-17T19:51:14,2024-03-17,34,31,Retail,PayPal,COUPON----,17.36,AUD
549138,2024-03-17T07:24:37,2024-03-17,527,49,Retail,Credit Card,COUPON9-90,9.06,AUD
549177,2024-03-17T22:28:33,2024-03-17,510,43,Retail,Afterpay,COUPONA---,4.81,AUD
549235,2024-03-17T10:56:33,2024-03-17,279,27,Online,PayPal,COUPON-0AA,12.62,AUD
549324,2024-03-17T00:38:17,2024-03-17,73,10,Online,Credit Card,COUPON---0,12.18,AUD
549383,2024-03-17T10:43:37,2024-03-17,596,5,Retail,Afterpay,COUPON--0-,12.45,AUD
549415,2024-03-17T16:17:31,2024-03-17,501,20,Retail,Afterpay,COUPON-A-9,13.58,AUD
549516,2024-03-17T19:14:25,2024-03-17,321,31,Online,Credit Card,COUPONA0-Z,17.27,AUD
549743,2024-03-17T19:53:32,2024-03-17,108,31,Retail,PayPal,COUPON9Z0-,4.65,AUD
549773,2024-03-17T11:29:32,2024-03-17,171,45,Online,PayPal,COUPON-09A,3.09,AUD
549777,2024-03-17T00:05:36,2024-03-17,121,41,Online,PayPal,COUPONAA90,5.29,AUD
549958,2024-03-17T09:28:05,2024-03-17,201,2,Retail,Afterpay,COUPONZZ-A,6.82,AUD
549976,2024-03-17T19:15:58,2024-03-17,372,17,Online,Afterpay,COUPON-99-,2.66,AUD
550187,2024-03-17T14:48:34,2024-03-17,728,23,Online,Credit Card,COUPONAAA9,12.17,AUD
550259,2024-03-17T10:38:50,2024-03-17,531,4,Retail,Afterpay,COUPON-0ZZ,8.93,AUD
550293,2024-03-17T12:50:37,2024-03-17,343,17,Online,Credit Card,COUPON9--Z,15.96,AUD
550337,2024-03-17T01:31:18,2024-03-17,784,44,Online,Credit Card,COUPON0--0,5.15,AUD
550480,2024-03-17T12:12:47,2024-03-17,622,19,Retail,Credit Card,COUPON0ZA9,0.82,AUD
550498,2024-03-17T21:11:53,2024-03-17,252,18,Retail,Afterpay,COUPON9ZZ-,18.64,AUD
550505,2024-03-17T21:31:42,2024-03-17,668,8,Online,Afterpay,COUPONA--Z,16.0,AUD
550698,2024-03-17T12:13:13,2024-03-17,168,29,Online,PayPal,COUPON9A-A,3.54,AUD
550726,2024-03-17T09:21:42,2024-03-17,93,23,Retail,PayPal,COUPONA-0A,12.95,AUD
550820,2024-03-17T11:42:57,2024-03-17,474,43,Online,PayPal,COUPONZ9Z-,15.97,AUD
550864,2024-03-17T20:14:47,2024-03-17,99,47,Online,PayPal,COUPONZ-00,7.54,AUD
550927,2024-03-17T03:07:05,2024-03-17,239,30,Retail,Credit Card,COUPONZ000,4.58,AUD
550942,2024-03-17T05:35:47,2024-03-17,614,49,Retail,Afterpay,COUPONA00-,9.06,AUD
551000,2024-03-17T04:47:36,2024-03-17,194,29,Retail,Credit Card,COUPON09Z9,5.91,AUD
551001,2024-03-17T01:55:23,2024-03-17,14,7,Retail,PayPal,COUPON-A--,17.45,AUD
551072,2024-03-17T18:49:22,2024-03-17,606,17,Online,PayPal,COUPONA-AZ,18.21,AUD
551112,2024-03-17T02:17:11,2024-03-17,541,16,Online,Credit Card,COUPON--Z9,10.32,AUD
551179,2024-03-17T04:26:13,2024-03-17,420,25,Retail,Afterpay,COUPON-0--,9.95,AUD
551359,2024-03-17T02:33:25,2024-03-17,378,9,Online,PayPal,COUPON-Z9Z,12.87,AUD
551367,2024-03-17T01:07:23,2024-03-17,444,41,Retail,Credit Card,COUPON09-0,6.92,AUD
551406,2024-03-17T05:44:12,2024-03-17,733,12,Online,Credit Card,COUPON-0A-,15.44,AUD
551460,2024-03-17T10:53:45,2024-03-17,487,6,Retail,Afterpay,COUPON-9--,4.95,AUD
551804,2024-03-17T06:08:18,2024-03-17,789,30,Online,Afterpay,COUPONZ0A-,1.05,AUD
551859,2024-03-17T01:17:06,2024-03-17,212,40,Online,Credit Card,COUPON-0-0,6.04,AUD
552151,2024-03-17T16:55:10,2024-03-17,283,39,Online,Afterpay,COUPON-0Z0,0.15,AUD
552156,2024-03-17T07:12:53,2024-03-17,215,2,Retail,Credit Card,COUPON9AA-,3.94,AUD
552259,2024-03-17T04:36:53,2024-03-17,676,36,Online,PayPal,COUPON-990,17.1,AUD
552328,2024-03-17T22:00:52,2024-03-17,314,44,Retail,Credit Card,COUPON0ZA0,1.8,AUD
552411,2024-03-17T18:31:47,2024-03-17,426,30,Retail,Credit Card,COUPON-990,0.39,AUD
552415,2024-03-17T11:59:21,2024-03-17,592,47,Online,PayPal,COUPON9Z0-,14.69,AUD
552587,2024-03-17T19:39:14,2024-03-17,709,48,Retail,Credit Card,COUPON0AAA,10.06,AUD
552674,2024-03-17T22:00:52,2024-03-17,639,2,Retail,Credit Card,COUPON--90,15.15,AUD
552708,2024-03-17T06:20:32,2024-03-17,104,18,Online,PayPal,COUPON-0A-,12.72,AUD
552976,2024-03-17T12:53:58,2024-03-17,330,7,Online,Afterpay,COUPON0--0,19.4,AUD
553180,2024-03-17T01:07:32,2024-03-17,94,42,Online,Afterpay,COUPON9-A0,19.77,AUD
553232,2024-03-17T03:26:37,2024-03-17,631,34,Retail,PayPal,COUPON9-0A,9.65,AUD
553292,2024-03-17T04:23:17,2024-03-17,445,31,Online,PayPal,COUPON00Z0,19.68,AUD
553319,2024-03-17T03:00:10,2024-03-17,52,30,Online,Afterpay,COUPONAA0-,4.37,AUD
553343,2024-03-17T05:05:52,2024-03-17,164,9,Retail,Credit Card,COUPONA0AA,5.82,AUD
553518,2024-03-17T04:11:11,2024-03-17,55,45,Online,Afterpay,COUPON0-0Z,15.55,AUD
553622,2024-03-17T20:20:13,2024-03-17,356,12,Retail,Afterpay,COUPON--Z-,13.75,AUD
553637,2024-03-17T01:23:00,2024-03-17,537,49,Retail,Credit Card,COUPONA---,5.34,AUD
553653,2024-03-17T17:00:27,2024-03-17,520,7,Retail,Credit Card,COUPON0-Z0,16.67,AUD
553941,2024-03-17T01:08:39,2024-03-17,221,45,Online,PayPal,COUPONZ9-9,3.79,AUD
553962,2024-03-17T05:45:09,2024-03-17,327,49,Online,PayPal,COUPON-0--,17.99,AUD
554042,2024-03-17T08:15:24,2024-03-17,601,22,Retail,PayPal,COUPON0-ZA,19.65,AUD
554105,2024-03-17T19:32:56,2024-03-17,33,2,Online,Afterpay,COUPONZ-Z-,19.97,AUD
554219,2024-03-17T08:35:14,2024-03-17,723,30,Retail,PayPal,COUPON--0Z,8.86,AUD
554237,2024-03-17T22:47:39,2024-03-17,138,34,Online,Afterpay,COUPONZ-00,3.52,AUD
554255,2024-03-17T12:22:58,2024-03-17,32,8,Retail,PayPal,COUPONAAZ9,16.79,AUD
554299,2024-03-17T14:24:25,2024-03-17,563,40,Retail,Afterpay,COUPON-909,9.04,AUD
554438,2024-03-17T11:43:43,2024-03-17,26,48,Online,Afterpay,COUPONZ9Z-,18.13,AUD
554566,2024-03-17T19:45:05,2024-03-17,621,33,Online,Credit Card,COUPON-0--,2.59,AUD
554588,2024-03-17T11:37:00,2024-03-17,706,9,Online,Afterpay,COUPON9-0Z,0.66,AUD
554685,2024-03-17T10:37:41,2024-03-17,442,4,Online,Credit Card,COUPON-Z0A,15.18,AUD
554689,2024-03-17T22:46:02,2024-03-17,480,7,Online,Credit Card,COUPONZZA-,10.46,AUD
554747,2024-03-17T12:45:20,2024-03-17,295,43,Online,Afterpay,COUPON-9--,7.88,AUD
554785,2024-03-17T10:57:22,2024-03-17,142,2,Online,PayPal,COUPON-09-,4.76,AUD
554814,2024-03-17T00:18:58,2024-03-17,677,18,Online,PayPal,COUPON-099,17.24,AUD
554930,2024-03-17T19:22:23,2024-03-17,251,49,Online,Afterpay,COUPON0-90,19.84,AUD
554960,2024-03-17T05:17:48,2024-03-17,109,28,Online,Afterpay,COUPONZA00,1.95,AUD
554972,2024-03-17T08:58:59,2024-03-17,661,31,Retail,Afterpay,COUPONAAZ-,13.54,AUD
554991,2024-03-17T21:30:44,2024-03-17,570,34,Retail,Credit Card,COUPON9A9-,15.09,AUD
555050,2024-03-17T05:17:00,2024-03-17,395,39,Retail,Afterpay,COUPON0--9,15.72,AUD
555145,2024-03-17T18:57:27,2024-03-17,554,6,Online,Afterpay,COUPON-A-9,11.52,AUD
555352,2024-03-17T16:59:54,2024-03-17,508,43,Retail,PayPal,COUPON-AZ-,0.28,AUD
555477,2024-03-17T21:51:38,2024-03-17,128,8,Retail,PayPal,COUPON-0A0,12.97,AUD
555569,2024-03-17T22:38:07,2024-03-17,196,12,Online,Credit Card,COUPON0-9-,13.48,AUD
555623,2024-03-17T18:51:51,2024-03-17,207,37,Retail,PayPal,COUPONA-AA,15.57,AUD
555681,2024-03-17T04:00:33,2024-03-17,256,38,Online,Credit Card,COUPON-0-Z,0.49,AUD
555709,2024-03-17T13:55:12,2024-03-17,376,24,Online,PayPal,COUPONZ-Z-,13.16,AUD
555776,2024-03-17T12:03:11,2024-03-17,737,21,Retail,PayPal,COUPON99-Z,10.64,AUD
555901,2024-03-17T19:34:56,2024-03-17,320,35,Retail,Afterpay,COUPON-Z9-,12.83,AUD
556047,2024-03-17T22:41:16,2024-03-17,53,3,Retail,Credit Card,COUPONZ-ZZ,19.72,AUD
556063,2024-03-17T18:22:00,2024-03-17,566,10,Online,PayPal,COUPONA90-,12.87,AUD
556102,2024-03-17T22:11:11,2024-03-17,334,27,Retail,PayPal,COUPON--AZ,7.63,AUD
556141,2024-03-17T17:34:14,2024-03-17,535,33,Online,Afterpay,COUPON--ZZ,4.71,AUD
556150,2024-03-17T09:57:23,2024-03-17,176,41,Online,Credit Card,COUPON0A9A,10.78,AUD
556193,2024-03-17T14:48:35,2024-03-17,236,1,Retail,Credit Card,COUPONA090,15.25,AUD
556236,2024-03-17T20:14:59,2024-03-17,173,42,Online,Afterpay,COUPON-Z-Z,18.39,AUD
556374,2024-03-17T05:39:17,2024-03-17,556,13,Online,Afterpay,COUPON-09-,17.85,AUD
556418,2024-03-17T06:01:43,2024-03-17,111,41,Retail,PayPal,COUPON-Z0Z,18.33,AUD
556429,2024-03-17T07:58:43,2024-03-17,300,35,Online,Afterpay,COUPON0---,10.91,AUD
556618,2024-03-17T00:14:27,2024-03-17,66,44,Online,PayPal,COUPONZA-A,16.53,AUD
557035,2024-03-17T07:10:56,2024-03-17,426,23,Retail,Afterpay,COUPON-ZZA,5.93,AUD
557073,2024-03-17T05:20:16,2024-03-17,296,39,Online,Afterpay,COUPON90A-,2.84,AUD
557174,2024-03-17T12:02:18,2024-03-17,543,3,Online,PayPal,COUPON99--,15.93,AUD
557315,2024-03-17T23:38:41,2024-03-17,466,25,Online,Afterpay,COUPON-AAA,1.9,AUD
557533,2024-03-17T23:33:38,2024-03-17,412,46,Online,Credit Card,COUPON--A9,1.48,AUD
557632,2024-03-17T04:47:09,2024-03-17,535,28,Retail,PayPal,COUPONA099,13.47,AUD
557713,2024-03-17T21:36:51,2024-03-17,157,41,Retail,PayPal,COUPON99Z9,5.01,AUD
557901,2024-03-17T01:29:39,2024-03-17,771,23,Online,PayPal,COUPON0ZA-,11.79,AUD
557903,2024-03-17T01:41:42,2024-03-17,397,6,Online,Credit Card,COUPON0Z00,17.19,AUD
557933,2024-03-17T03:06:27,2024-03-17,179,47,Retail,Credit Card,COUPON9--0,11.24,AUD
558004,2024-03-17T15:23:16,2024-03-17,763,46,Retail,PayPal,COUPON00Z-,4.55,AUD
558081,2024-03-17T09:51:26,2024-03-17,10,37,Online,Afterpay,COUPONZ9-0,7.25,AUD
558123,2024-03-17T20:41:02,2024-03-17,134,11,Retail,Afterpay,COUPON9-99,19.6,AUD
558227,2024-03-17T08:30:52,2024-03-17,240,28,Online,Afterpay,COUPON90Z0,8.53,AUD
558271,2024-03-17T09:08:40,2024-03-17,696,23,Online,Credit Card,COUPON---A,4.34,AUD
558417,2024-03-17T08:50:10,2024-03-17,171,2,Retail,Credit Card,COUPON--9-,2.65,AUD
558430,2024-03-17T16:56:18,2024-03-17,476,49,Online,Afterpay,COUPON-A0-,7.01,AUD
558575,2024-03-17T00:26:32,2024-03-17,544,12,Online,PayPal,COUPON0-Z0,11.86,AUD
558625,2024-03-17T15:41:56,2024-03-17,606,31,Retail,PayPal,COUPON0Z9Z,15.93,AUD
558776,2024-03-17T05:48:32,2024-03-17,56,33,Retail,PayPal,COUPON9-0-,8.92,AUD
558779,2024-03-17T09:31:25,2024-03-17,767,44,Online,Afterpay,COUPON9A-A,13.13,AUD
558951,2024-03-17T02:29:58,2024-03-17,38,17,Retail,Afterpay,COUPON9AZ9,7.46,AUD
559075,2024-03-17T23:44:49,2024-03-17,229,49,Online,Credit Card,COUPON-A09,9.05,AUD
559126,2024-03-17T02:20:44,2024-03-17,214,30,Online,Credit Card,COUPON-Z--,11.38,AUD
559133,2024-03-17T00:22:03,2024-03-17,61,33,Retail,PayPal,COUPON09-A,15.49,AUD
559197,2024-03-17T21:33:31,2024-03-17,209,11,Online,PayPal,COUPON-ZZZ,4.89,AUD
559533,2024-03-17T09:05:04,2024-03-17,251,32,Retail,PayPal,COUPONAZ-A,10.17,AUD
559762,2024-03-17T15:41:58,2024-03-17,493,39,Retail,PayPal,COUPON-90A,3.45,AUD
560054,2024-03-17T08:09:50,2024-03-17,336,18,Online,Credit Card,COUPON0A-A,2.52,AUD
560068,2024-03-17T05:58:55,2024-03-17,279,33,Retail,PayPal,COUPON9Z-0,4.61,AUD
560416,2024-03-17T17:40:24,2024-03-17,517,8,Retail,Afterpay,COUPON-Z99,3.49,AUD
560471,2024-03-17T04:46:13,2024-03-17,24,42,Online,Afterpay,COUPON9--9,0.61,AUD
560477,2024-03-17T14:04:30,2024-03-17,616,16,Retail,Credit Card,COUPONA0A-,1.78,AUD
560650,2024-03-17T08:25:56,2024-03-17,639,5,Online,Credit Card,COUPON---9,6.07,AUD
560672,2024-03-17T09:08:20,2024-03-17,535,37,Retail,Credit Card,COUPON9-9A,10.3,AUD
560843,2024-03-17T23:07:46,2024-03-17,734,1,Retail,PayPal,COUPON9090,9.4,AUD
560945,2024-03-17T21:44:08,2024-03-17,471,19,Online,Credit Card,COUPON-A0Z,11.85,AUD
561172,2024-03-17T12:09:53,2024-03-17,79,14,Online,PayPal,COUPONZ09-,12.82,AUD
561186,2024-03-17T08:40:21,2024-03-17,307,5,Online,Credit Card,COUPON99Z-,15.93,AUD
561289,2024-03-17T13:23:32,2024-03-17,361,48,Retail,Afterpay,COUPONZ-9-,6.75,AUD
561348,2024-03-17T13:01:24,2024-03-17,55,5,Retail,Credit Card,COUPON---0,18.36,AUD
561412,2024-03-17T04:08:44,2024-03-17,517,40,Retail,Credit Card,COUPON0-ZA,2.45,AUD
561556,2024-03-17T06:20:27,2024-03-17,43,24,Retail,Afterpay,COUPONZ0--,13.59,AUD
561599,2024-03-17T16:53:19,2024-03-17,580,15,Online,Afterpay,COUPONZ-90,1.1,AUD
561659,2024-03-17T14:34:14,2024-03-17,326,47,Retail,Credit Card,COUPON--A-,5.7,AUD
561696,2024-03-17T16:37:12,2024-03-17,385,16,Online,Afterpay,COUPONA---,0.9,AUD
561744,2024-03-17T07:24:12,2024-03-17,190,34,Retail,Afterpay,COUPONA90-,18.87,AUD
561868,2024-03-17T17:32:58,2024-03-17,280,31,Retail,PayPal,COUPON90AA,8.37,AUD
561994,2024-03-17T04:59:20,2024-03-17,660,5,Online,Afterpay,COUPON00-A,19.5,AUD
562053,2024-03-17T06:28:18,2024-03-17,607,36,Online,Credit Card,COUPONA09-,12.13,AUD
562447,2024-03-17T18:53:15,2024-03-17,161,22,Online,Afterpay,COUPON0Z-Z,1.19,AUD
562531,2024-03-17T13:31:42,2024-03-17,270,44,Online,Credit Card,COUPONA-90,4.31,AUD
562533,2024-03-17T00:26:18,2024-03-17,331,2,Retail,PayPal,COUPON9Z09,17.86,AUD
562588,2024-03-17T13:07:43,2024-03-17,389,1,Retail,Credit Card,COUPON-99-,0.56,AUD
562723,2024-03-17T01:51:02,2024-03-17,260,33,Online,Afterpay,COUPON-A-A,17.01,AUD
562774,2024-03-17T01:05:44,2024-03-17,717,6,Online,Credit Card,COUPON0Z-A,14.0,AUD
562787,2024-03-17T11:44:57,2024-03-17,293,2,Online,Afterpay,COUPON99Z9,4.83,AUD
562840,2024-03-17T19:53:39,2024-03-17,322,16,Retail,PayPal,COUPONZ0--,19.86,AUD
563036,2024-03-17T20:00:29,2024-03-17,103,34,Online,Credit Card,COUPON0-Z9,9.5,AUD
563122,2024-03-17T15:45:46,2024-03-17,161,19,Online,PayPal,COUPONZA-0,16.67,AUD
563125,2024-03-17T01:40:11,2024-03-17,775,41,Retail,PayPal,COUPON090-,16.98,AUD
563165,2024-03-17T12:23:33,2024-03-17,122,24,Retail,Afterpay,COUPONA-Z9,15.08,AUD
563439,2024-03-17T05:31:14,2024-03-17,511,16,Online,PayPal,COUPONZ-90,11.94,AUD
563541,2024-03-17T02:21:13,2024-03-17,469,37,Online,Credit Card,COUPONA90Z,18.07,AUD
563574,2024-03-17T08:21:29,2024-03-17,580,23,Online,PayPal,COUPONZZ0-,5.55,AUD
563874,2024-03-17T03:14:44,2024-03-17,49,21,Retail,Afterpay,COUPON09Z9,13.88,AUD
563904,2024-03-17T01:43:05,2024-03-17,589,2,Online,PayPal,COUPON-0A-,15.8,AUD
563911,2024-03-17T21:51:08,2024-03-17,45,48,Retail,PayPal,COUPON90Z-,1.11,AUD
564073,2024-03-17T18:40:42,2024-03-17,361,32,Online,PayPal,COUPONZ-9A,18.13,AUD
564198,2024-03-17T09:35:28,2024-03-17,48,25,Online,Credit Card,COUPON-A-A,17.15,AUD
564246,2024-03-17T15:50:21,2024-03-17,722,8,Online,Afterpay,COUPON000-,16.18,AUD
564262,2024-03-17T16:31:44,2024-03-17,313,9,Retail,Credit Card,COUPON0-0A,6.99,AUD
564436,2024-03-17T12:28:34,2024-03-17,596,8,Retail,PayPal,COUPON09-0,8.02,AUD
564619,2024-03-17T14:22:35,2024-03-17,283,1,Retail,Credit Card,COUPON9Z90,3.66,AUD
564697,2024-03-17T13:02:11,2024-03-17,734,2,Online,Afterpay,COUPON-ZZ0,1.2,AUD
564698,2024-03-17T02:50:26,2024-03-17,607,32,Retail,Afterpay,COUPON---9,18.37,AUD
564709,2024-03-17T10:09:23,2024-03-17,521,41,Online,PayPal,COUPON-AAZ,9.25,AUD
564760,2024-03-17T17:00:27,2024-03-17,164,30,Retail,Credit Card,COUPONZ--Z,13.79,AUD
564886,2024-03-17T01:48:36,2024-03-17,463,27,Retail,Credit Card,COUPON9-0Z,6.75,AUD
565044,2024-03-17T18:51:39,2024-03-17,640,18,Retail,Afterpay,COUPONZZZZ,3.17,AUD
565086,2024-03-17T08:25:41,2024-03-17,77,49,Online,Afterpay,COUPONAA99,7.94,AUD
565163,2024-03-17T22:22:55,2024-03-17,422,8,Retail,Credit Card,COUPON0000,16.48,AUD
565182,2024-03-17T11:45:13,2024-03-17,210,39,Retail,Afterpay,COUPON-09-,6.65,AUD
565216,2024-03-17T21:02:20,2024-03-17,150,40,Retail,Afterpay,COUPON0Z-0,0.18,AUD
565268,2024-03-17T04:01:33,2024-03-17,367,43,Retail,Credit Card,COUPON-Z-A,3.22,AUD
565536,2024-03-17T16:29:21,2024-03-17,665,39,Online,Credit Card,COUPON--9A,4.06,AUD
565623,2024-03-17T13:10:09,2024-03-17,69,41,Online,Credit Card,COUPONA909,17.78,AUD
565762,2024-03-17T21:02:44,2024-03-17,706,19,Online,PayPal,COUPON0Z0-,14.69,AUD
565778,2024-03-17T12:50:16,2024-03-17,733,41,Online,Afterpay,COUPONZ-A-,7.34,AUD
565900,2024-03-17T12:06:00,2024-03-17,679,15,Retail,Afterpay,COUPON0999,2.29,AUD
565947,2024-03-17T15:46:10,2024-03-17,312,30,Online,Afterpay,COUPON0-A-,6.44,AUD
566039,2024-03-17T07:07:41,2024-03-17,115,16,Retail,Credit Card,COUPON9-9-,17.38,AUD
566114,2024-03-17T09:14:00,2024-03-17,332,4,Retail,PayPal,COUPON09Z0,7.81,AUD
566197,2024-03-17T17:51:00,2024-03-17,778,27,Retail,PayPal,COUPON-AAZ,3.89,AUD
566275,2024-03-17T00:13:35,2024-03-17,58,38,Retail,Afterpay,COUPON----,2.83,AUD
566394,2024-03-17T23:06:47,2024-03-17,440,48,Online,Credit Card,COUPON9--A,12.54,AUD
566619,2024-03-17T00:33:33,2024-03-17,387,30,Online,PayPal,COUPON--0-,13.22,AUD
566812,2024-03-17T16:02:34,2024-03-17,402,35,Online,Afterpay,COUPONAZ-0,12.96,AUD
567003,2024-03-17T21:39:52,2024-03-17,534,18,Online,Credit Card,COUPON9ZZ9,6.34,AUD
567405,2024-03-17T20:50:28,2024-03-17,238,10,Retail,Credit Card,COUPON0A-9,13.31,AUD
567528,2024-03-17T14:25:45,2024-03-17,207,13,Online,Afterpay,COUPON-A9A,3.18,AUD
567543,2024-03-17T12:38:14,2024-03-17,756,42,Retail,PayPal,COUPON9A9-,4.35,AUD
567563,2024-03-17T13:11:11,2024-03-17,247,45,Retail,Afterpay,COUPONAZZ-,3.15,AUD
567637,2024-03-17T23:24:42,2024-03-17,333,10,Retail,Afterpay,COUPON-9-0,4.85,AUD
567709,2024-03-17T13:47:11,2024-03-17,515,47,Retail,Credit Card,COUPONAAA-,3.76,AUD
567727,2024-03-17T00:21:15,2024-03-17,434,30,Online,Afterpay,COUPON9Z-9,5.81,AUD
567900,2024-03-17T20:31:49,2024-03-17,432,21,Online,Credit Card,COUPON9-Z0,9.28,AUD
567989,2024-03-17T22:58:07,2024-03-17,569,23,Retail,Afterpay,COUPON9-ZZ,2.8,AUD
568070,2024-03-17T19:29:21,2024-03-17,269,6,Online,Afterpay,COUPON0-09,17.41,AUD
568136,2024-03-17T01:47:24,2024-03-17,307,39,Retail,Credit Card,COUPON9--9,7.19,AUD
568176,2024-03-17T17:59:44,2024-03-17,118,48,Retail,PayPal,COUPONZA09,17.23,AUD
568234,2024-03-17T23:30:35,2024-03-17,31,47,Online,Afterpay,COUPONA0-9,15.52,AUD
568319,2024-03-17T19:01:17,2024-03-17,710,42,Online,Credit Card,COUPONZ909,19.1,AUD
568336,2024-03-17T20:32:20,2024-03-17,100,14,Online,Credit Card,COUPON9A-0,13.63,AUD
568650,2024-03-17T11:49:43,2024-03-17,280,21,Retail,Credit Card,COUPON--09,19.88,AUD
568673,2024-03-17T22:20:42,2024-03-17,665,32,Retail,Credit Card,COUPON--ZA,9.42,AUD
568776,2024-03-17T21:09:02,2024-03-17,377,6,Retail,Afterpay,COUPON09-9,9.08,AUD
568965,2024-03-17T06:10:22,2024-03-17,532,43,Retail,Afterpay,COUPON-A--,15.68,AUD
568979,2024-03-17T02:09:22,2024-03-17,211,44,Online,Afterpay,COUPONZ0AZ,14.33,AUD
569010,2024-03-17T08:49:25,2024-03-17,693,31,Online,PayPal,COUPON009A,8.9,AUD
569080,2024-03-17T08:43:32,2024-03-17,272,47,Retail,Afterpay,COUPONZA0Z,7.52,AUD
569144,2024-03-17T07:19:51,2024-03-17,420,11,Retail,Credit Card,COUPONZ9-0,18.74,AUD
569279,2024-03-17T09:11:49,2024-03-17,178,39,Online,Credit Card,COUPONZ--Z,11.16,AUD
569588,2024-03-17T19:34:10,2024-03-17,746,39,Online,Afterpay,COUPON-A--,19.86,AUD
569636,2024-03-17T22:37:48,2024-03-17,279,7,Retail,Credit Card,COUPON-99-,17.69,AUD
569691,2024-03-17T03:48:48,2024-03-17,654,12,Retail,Afterpay,COUPON-9--,16.79,AUD
569726,2024-03-17T00:24:13,2024-03-17,457,17,Retail,PayPal,COUPON90AZ,13.71,AUD
569785,2024-03-17T06:45:02,2024-03-17,753,30,Retail,Credit Card,COUPON--90,5.02,AUD
569798,2024-03-17T00:15:42,2024-03-17,58,48,Retail,PayPal,COUPON-Z-Z,18.89,AUD
569835,2024-03-17T10:13:23,2024-03-17,96,23,Online,Credit Card,COUPONZ--0,10.63,AUD
569910,2024-03-17T21:04:06,2024-03-17,627,4,Online,PayPal,COUPON90ZZ,12.07,AUD
569973,2024-03-17T16:58:39,2024-03-17,732,3,Online,PayPal,COUPON-A0Z,12.74,AUD
570056,2024-03-17T11:05:32,2024-03-17,177,3,Online,PayPal,COUPON--90,1.82,AUD
570081,2024-03-17T08:31:32,2024-03-17,338,4,Online,Afterpay,COUPON-0-0,17.26,AUD
570129,2024-03-17T16:33:56,2024-03-17,685,40,Retail,PayPal,COUPON09-Z,16.15,AUD
570143,2024-03-17T10:18:41,2024-03-17,601,24,Retail,PayPal,COUPONAZZ0,3.52,AUD
570568,2024-03-17T18:55:28,2024-03-17,201,36,Retail,Afterpay,COUPON-0-A,9.37,AUD
570637,2024-03-17T18:35:54,2024-03-17,531,1,Retail,Afterpay,COUPON-A9-,14.23,AUD
570738,2024-03-17T23:11:01,2024-03-17,509,38,Retail,Afterpay,COUPON---A,1.95,AUD
570776,2024-03-17T20:46:13,2024-03-17,376,14,Retail,Credit Card,COUPON99-Z,14.02,AUD
570807,2024-03-17T00:05:57,2024-03-17,276,14,Online,Afterpay,COUPON99-9,3.0,AUD
570905,2024-03-17T14:53:46,2024-03-17,46,46,Retail,PayPal,COUPON----,9.23,AUD
571190,2024-03-17T19:35:18,2024-03-17,421,8,Retail,Afterpay,COUPON009-,2.71,AUD
571307,2024-03-17T07:00:10,2024-03-17,353,46,Online,Afterpay,COUPON9AA-,9.4,AUD
571458,2024-03-17T22:31:45,2024-03-17,390,15,Online,PayPal,COUPONAAZA,13.28,AUD
571563,2024-03-17T15:57:07,2024-03-17,433,19,Retail,Afterpay,COUPONZ--A,15.36,AUD
571773,2024-03-17T06:45:02,2024-03-17,511,18,Retail,PayPal,COUPON00Z9,15.55,AUD
571969,2024-03-17T02:45:37,2024-03-17,568,38,Online,Credit Card,COUPON----,19.71,AUD
572045,2024-03-17T17:57:15,2024-03-17,696,46,Online,Afterpay,COUPONA90A,7.07,AUD
572072,2024-03-17T03:28:52,2024-03-17,76,42,Retail,Afterpay,COUPON-9--,14.28,AUD
572095,2024-03-17T00:06:34,2024-03-17,55,44,Retail,PayPal,COUPONZAZ0,4.91,AUD
572154,2024-03-17T18:05:36,2024-03-17,315,1,Online,Credit Card,COUPONA-00,0.47,AUD
572238,2024-03-17T18:08:15,2024-03-17,302,22,Online,Credit Card,COUPON--0-,9.34,AUD
572378,2024-03-17T09:42:04,2024-03-17,340,40,Retail,Credit Card,COUPON---9,2.88,AUD
572379,2024-03-17T07:26:08,2024-03-17,166,46,Online,Afterpay,COUPONZ99Z,12.91,AUD
572516,2024-03-17T00:42:12,2024-03-17,421,27,Retail,PayPal,COUPON-00Z,6.88,AUD
572631,2024-03-17T00:33:48,2024-03-17,318,30,Online,Afterpay,COUPONZ09Z,10.12,AUD
572690,2024-03-17T01:18:17,2024-03-17,781,4,Retail,Afterpay,COUPON--ZZ,10.64,AUD
572708,2024-03-17T21:26:28,2024-03-17,591,48,Retail,PayPal,COUPON--9-,8.77,AUD
572736,2024-03-17T16:47:01,2024-03-17,646,49,Retail,Afterpay,COUPONA--A,14.12,AUD
572780,2024-03-17T16:27:12,2024-03-17,339,44,Online,PayPal,COUPON0--A,7.15,AUD
572789,2024-03-17T21:29:12,2024-03-17,84,5,Retail,Afterpay,COUPON9-90,14.12,AUD
573000,2024-03-17T05:08:59,2024-03-17,421,42,Retail,PayPal,COUPON9A--,18.18,AUD
573035,2024-03-17T03:29:11,2024-03-17,480,29,Online,Afterpay,COUPON--Z-,9.8,AUD
573050,2024-03-17T00:58:52,2024-03-17,163,27,Retail,Afterpay,COUPON---Z,11.33,AUD
573121,2024-03-17T03:25:52,2024-03-17,135,24,Online,Credit Card,COUPON-A09,19.97,AUD
573160,2024-03-17T00:06:14,2024-03-17,346,29,Online,Credit Card,COUPON-ZAA,4.91,AUD
573205,2024-03-17T04:20:19,2024-03-17,70,31,Online,Afterpay,COUPON-AZ-,8.65,AUD
573410,2024-03-17T09:53:06,2024-03-17,308,16,Retail,Afterpay,COUPON00A9,0.33,AUD
573420,2024-03-17T10:55:50,2024-03-17,207,4,Retail,Afterpay,COUPON-0--,4.96,AUD
573446,2024-03-17T16:02:30,2024-03-17,419,35,Retail,Credit Card,COUPON--09,12.33,AUD
573455,2024-03-17T18:29:39,2024-03-17,274,9,Online,Afterpay,COUPON-9-A,19.06,AUD
573518,2024-03-17T06:07:24,2024-03-17,360,43,Retail,Afterpay,COUPONZ9AA,15.16,AUD
573627,2024-03-17T08:44:18,2024-03-17,83,38,Online,Afterpay,COUPONZ-A-,6.12,AUD
573880,2024-03-17T08:57:06,2024-03-17,707,48,Retail,Credit Card,COUPON0--9,0.31,AUD
574019,2024-03-17T20:23:46,2024-03-17,555,43,Online,Afterpay,COUPON-ZZ-,12.57,AUD
574057,2024-03-17T16:19:27,2024-03-17,61,22,Online,Credit Card,COUPONZ---,8.52,AUD
574274,2024-03-17T17:40:50,2024-03-17,453,24,Online,Afterpay,COUPON-Z0Z,16.79,AUD
574284,2024-03-17T07:43:20,2024-03-17,19,30,Retail,Credit Card,COUPON-A09,18.76,AUD
574354,2024-03-17T03:33:40,2024-03-17,141,47,Retail,PayPal,COUPON-0ZZ,14.62,AUD
574493,2024-03-17T15:41:11,2024-03-17,564,41,Retail,Afterpay,COUPONZ99A,5.91,AUD
574606,2024-03-17T23:15:33,2024-03-17,379,13,Retail,Credit Card,COUPON0-Z-,8.42,AUD
574650,2024-03-17T02:57:13,2024-03-17,276,36,Retail,PayPal,COUPONA--0,2.46,AUD
574660,2024-03-17T08:45:02,2024-03-17,325,27,Retail,PayPal,COUPON0ZZA,6.0,AUD
574731,2024-03-17T21:33:04,2024-03-17,242,2,Retail,Afterpay,COUPON0ZA-,18.03,AUD
574740,2024-03-17T11:41:38,2024-03-17,141,5,Retail,Credit Card,COUPON--00,5.42,AUD
574768,2024-03-17T14:06:39,2024-03-17,230,48,Retail,Afterpay,COUPONZAZA,8.12,AUD
574774,2024-03-17T23:30:28,2024-03-17,464,6,Retail,Credit Card,COUPON0-A-,4.54,AUD
574812,2024-03-17T13:50:53,2024-03-17,146,23,Online,Afterpay,COUPON-990,17.05,AUD
574872,2024-03-17T12:23:43,2024-03-17,57,33,Online,PayPal,COUPON90-0,1.81,AUD
574938,2024-03-17T12:16:49,2024-03-17,349,5,Retail,Credit Card,COUPON-A0Z,9.28,AUD
575092,2024-03-17T19:25:05,2024-03-17,227,38,Online,Afterpay,COUPON--AA,7.83,AUD
575270,2024-03-17T01:24:58,2024-03-17,698,24,Retail,PayPal,COUPON-999,16.06,AUD
575324,2024-03-17T01:18:09,2024-03-17,389,6,Online,Credit Card,COUPONZ00-,8.98,AUD
575477,2024-03-17T17:30:59,2024-03-17,722,7,Online,Credit Card,COUPON99ZA,6.07,AUD
575493,2024-03-17T12:45:24,2024-03-17,517,10,Retail,Credit Card,COUPON--9Z,7.3,AUD
575535,2024-03-17T07:58:34,2024-03-17,574,39,Retail,PayPal,COUPON9-00,18.92,AUD
575560,2024-03-17T22:44:09,2024-03-17,645,5,Online,Afterpay,COUPON990A,17.43,AUD
575641,2024-03-17T08:53:20,2024-03-17,74,33,Online,PayPal,COUPONA-AA,12.06,AUD
575697,2024-03-17T00:39:20,2024-03-17,354,5,Online,Afterpay,COUPON-Z0Z,16.69,AUD
575708,2024-03-17T02:29:48,2024-03-17,543,33,Online,PayPal,COUPON9A0Z,4.17,AUD
575710,2024-03-17T14:40:51,2024-03-17,444,21,Retail,PayPal,COUPON9Z--,13.05,AUD
575725,2024-03-17T03:13:35,2024-03-17,422,38,Retail,PayPal,COUPONAA9A,8.41,AUD
576044,2024-03-17T05:25:33,2024-03-17,377,14,Online,Afterpay,COUPON-Z-9,10.33,AUD
576201,2024-03-17T23:00:16,2024-03-17,450,22,Online,PayPal,COUPONA---,19.57,AUD
576249,2024-03-17T02:27:38,2024-03-17,444,2,Retail,PayPal,COUPONZ-AA,6.84,AUD
576314,2024-03-17T20:09:49,2024-03-17,105,12,Online,PayPal,COUPON-009,6.61,AUD
576344,2024-03-17T03:22:45,2024-03-17,351,17,Retail,PayPal,COUPON-0AZ,18.89,AUD
576455,2024-03-17T06:22:38,2024-03-17,755,32,Online,Afterpay,COUPON9AAA,8.49,AUD
576543,2024-03-17T20:53:14,2024-03-17,100,23,Online,PayPal,COUPON-Z-0,6.23,AUD
576598,2024-03-17T03:55:39,2024-03-17,342,42,Retail,Credit Card,COUPON-Z-A,18.95,AUD
576693,2024-03-17T07:46:46,2024-03-17,55,34,Online,Afterpay,COUPONAZ-A,12.29,AUD
576722,2024-03-17T07:15:35,2024-03-17,374,49,Retail,Afterpay,COUPONAA0-,2.54,AUD
576904,2024-03-17T21:34:06,2024-03-17,117,23,Retail,PayPal,COUPON-A-9,2.92,AUD
577011,2024-03-17T00:14:21,2024-03-17,151,41,Online,Credit Card,COUPON9009,11.93,AUD
577116,2024-03-17T03:34:25,2024-03-17,725,38,Retail,PayPal,COUPON-A-0,9.99,AUD
577361,2024-03-17T20:15:13,2024-03-17,579,19,Online,PayPal,COUPON----,15.49,AUD
577378,2024-03-17T10:14:02,2024-03-17,709,22,Online,PayPal,COUPONA-9-,17.8,AUD
577381,2024-03-17T11:03:35,2024-03-17,676,33,Retail,PayPal,COUPON9ZA9,16.79,AUD
577443,2024-03-17T15:23:22,2024-03-17,38,17,Online,Credit Card,COUPON0-Z-,15.3,AUD
577482,2024-03-17T01:14:23,2024-03-17,403,24,Retail,Afterpay,COUPON--A9,12.39,AUD
577563,2024-03-17T03:29:23,2024-03-17,646,10,Retail,Afterpay,COUPONAZ9Z,1.72,AUD
577788,2024-03-17T05:18:20,2024-03-17,363,23,Online,Afterpay,COUPON-Z9-,9.16,AUD
577849,2024-03-17T23:50:50,2024-03-17,642,47,Retail,Afterpay,COUPON9-A9,15.26,AUD
577883,2024-03-17T16:13:20,2024-03-17,346,26,Online,Credit Card,COUPON-90-,12.44,AUD
578015,2024-03-17T11:33:03,2024-03-17,198,29,Retail,PayPal,COUPON--ZZ,18.74,AUD
578113,2024-03-17T05:15:34,2024-03-17,424,7,Retail,Credit Card,COUPONZ-0-,7.07,AUD
578120,2024-03-17T04:41:50,2024-03-17,108,15,Retail,Credit Card,COUPONZZA-,8.53,AUD
578140,2024-03-17T21:58:27,2024-03-17,224,39,Online,PayPal,COUPON-9Z9,1.06,AUD
578142,2024-03-17T07:56:08,2024-03-17,723,7,Retail,Afterpay,COUPON-0ZA,16.53,AUD
578291,2024-03-17T20:47:17,2024-03-17,303,10,Online,Afterpay,COUPON0-Z-,10.47,AUD
578318,2024-03-17T02:06:51,2024-03-17,737,5,Retail,Afterpay,COUPON9-0Z,2.83,AUD
578333,2024-03-17T12:22:33,2024-03-17,330,22,Online,Credit Card,COUPON0--A,17.09,AUD
578418,2024-03-17T14:08:15,2024-03-17,465,2,Retail,PayPal,COUPON-9ZZ,2.74,AUD
578424,2024-03-17T01:45:18,2024-03-17,506,35,Retail,PayPal,COUPONA--9,1.99,AUD
578602,2024-03-17T07:25:04,2024-03-17,453,32,Retail,Afterpay,COUPON9ZAZ,13.52,AUD
578800,2024-03-17T07:26:06,2024-03-17,538,31,Online,Credit Card,COUPON0Z-Z,7.57,AUD
578923,2024-03-17T21:21:21,2024-03-17,20,22,Online,Credit Card,COUPONA9-A,16.08,AUD
579109,2024-03-17T13:43:05,2024-03-17,410,21,Retail,Afterpay,COUPON9-A-,12.18,AUD
579199,2024-03-17T04:25:41,2024-03-17,165,40,Online,Afterpay,COUPON-090,19.23,AUD
579269,2024-03-17T00:29:32,2024-03-17,173,19,Online,PayPal,COUPON9---,4.13,AUD
579513,2024-03-17T10:39:58,2024-03-17,676,32,Retail,Credit Card,COUPON--Z-,12.54,AUD
579629,2024-03-17T23:20:20,2024-03-17,397,7,Retail,Credit Card,COUPONZ009,3.95,AUD
579737,2024-03-17T02:31:00,2024-03-17,325,41,Retail,Credit Card,COUPON90-A,17.75,AUD
579795,2024-03-17T11:27:21,2024-03-17,39,48,Online,Credit Card,COUPON-0Z0,4.72,AUD
579886,2024-03-17T05:55:11,2024-03-17,197,2,Online,Credit Card,COUPONAZZA,12.02,AUD
579925,2024-03-17T08:44:21,2024-03-17,533,17,Online,PayPal,COUPONZ0AA,4.39,AUD
579953,2024-03-17T08:39:12,2024-03-17,332,13,Online,PayPal,COUPON-AA9,18.24,AUD
579962,2024-03-17T09:55:11,2024-03-17,639,40,Retail,Credit Card,COUPON-00-,12.78,AUD
580015,2024-03-17T10:59:30,2024-03-17,264,32,Retail,Credit Card,COUPON-0-Z,13.49,AUD
580041,2024-03-17T01:46:03,2024-03-17,200,35,Retail,PayPal,COUPON-0ZA,7.95,AUD
580049,2024-03-17T13:25:00,2024-03-17,15,12,Retail,Afterpay,COUPON-9-A,8.74,AUD
580217,2024-03-17T23:22:10,2024-03-17,338,30,Retail,PayPal,COUPONZ0ZZ,3.27,AUD
580330,2024-03-17T12:42:32,2024-03-17,194,31,Retail,Afterpay,COUPON9-90,19.68,AUD
580388,2024-03-17T14:41:42,2024-03-17,779,33,Online,Afterpay,COUPON0-A9,7.91,AUD
580404,2024-03-17T13:09:19,2024-03-17,386,9,Retail,PayPal,COUPON990-,14.64,AUD
580428,2024-03-17T20:05:51,2024-03-17,3,4,Online,Credit Card,COUPON-A-A,4.72,AUD
580442,2024-03-17T15:18:42,2024-03-17,83,26,Online,Credit Card,COUPON99A-,2.6,AUD
580448,2024-03-17T22:51:15,2024-03-17,12,18,Online,Afterpay,COUPON-AAZ,5.52,AUD
580520,2024-03-17T19:09:48,2024-03-17,762,26,Online,PayPal,COUPON-09A,16.48,AUD
580599,2024-03-17T00:02:00,2024-03-17,283,21,Retail,Credit Card,COUPONA9Z0,3.61,AUD
580672,2024-03-17T19:46:12,2024-03-17,694,48,Online,PayPal,COUPONA0--,18.6,AUD
580750,2024-03-17T22:57:08,2024-03-17,160,20,Online,Afterpay,COUPONA-A0,19.67,AUD
580776,2024-03-17T04:42:28,2024-03-17,348,31,Retail,Credit Card,COUPONZZ9A,5.57,AUD
580799,2024-03-17T13:02:16,2024-03-17,119,21,Retail,Afterpay,COUPONZA9A,5.43,AUD
580838,2024-03-17T11:25:49,2024-03-17,142,36,Retail,Credit Card,COUPONAA9A,13.06,AUD
580872,2024-03-17T09:53:44,2024-03-17,433,9,Retail,PayPal,COUPONZ90A,4.86,AUD
580966,2024-03-17T16:42:39,2024-03-17,263,16,Online,PayPal,COUPON9A-Z,4.49,AUD
580982,2024-03-17T15:59:16,2024-03-17,171,33,Retail,PayPal,COUPONA-0-,19.01,AUD
581065,2024-03-17T03:00:57,2024-03-17,650,2,Retail,PayPal,COUPON90Z-,18.72,AUD
581088,2024-03-17T15:06:50,2024-03-17,474,11,Retail,Afterpay,COUPON9-00,8.32,AUD
581099,2024-03-17T18:09:06,2024-03-17,170,25,Retail,Credit Card,COUPON-ZZ0,15.97,AUD
581375,2024-03-17T06:21:42,2024-03-17,448,9,Online,Afterpay,COUPONZ990,6.14,AUD
581377,2024-03-17T14:36:11,2024-03-17,661,43,Online,PayPal,COUPON--99,12.78,AUD
581708,2024-03-17T16:57:43,2024-03-17,240,33,Retail,Credit Card,COUPONZ-9A,15.68,AUD
581715,2024-03-17T14:40:02,2024-03-17,227,42,Online,Credit Card,COUPON--0Z,12.83,AUD
581882,2024-03-17T06:00:44,2024-03-17,80,42,Online,PayPal,COUPONZ-Z0,8.82,AUD
581908,2024-03-17T00:24:51,2024-03-17,405,16,Retail,PayPal,COUPON099Z,18.54,AUD
581959,2024-03-17T04:17:48,2024-03-17,312,27,Online,Afterpay,COUPON0-A0,3.15,AUD
582062,2024-03-17T04:03:06,2024-03-17,504,47,Retail,Credit Card,COUPON---0,0.02,AUD
582125,2024-03-17T01:28:56,2024-03-17,657,44,Online,PayPal,COUPON9Z-0,13.96,AUD
582149,2024-03-17T11:26:50,2024-03-17,743,28,Retail,Credit Card,COUPON--Z0,2.94,AUD
582171,2024-03-17T23:18:49,2024-03-17,198,47,Online,PayPal,COUPON-Z9-,17.03,AUD
582220,2024-03-17T19:22:21,2024-03-17,607,14,Retail,Credit Card,COUPONZZ9-,15.31,AUD
582458,2024-03-17T22:59:36,2024-03-17,383,45,Retail,PayPal,COUPON0-A-,0.92,AUD
582695,2024-03-17T18:05:02,2024-03-17,663,49,Online,Credit Card,COUPON9---,6.87,AUD
583293,2024-03-17T15:49:00,2024-03-17,233,24,Online,Credit Card,COUPON---0,0.11,AUD
583321,2024-03-17T08:29:28,2024-03-17,241,1,Retail,PayPal,COUPON-9-Z,5.82,AUD
583571,2024-03-17T14:32:26,2024-03-17,125,16,Online,PayPal,COUPON-AA-,8.74,AUD
583611,2024-03-17T13:33:02,2024-03-17,326,38,Online,PayPal,COUPON9A--,8.41,AUD
583664,2024-03-17T23:00:19,2024-03-17,21,14,Retail,Credit Card,COUPON0A-9,6.65,AUD
583706,2024-03-17T09:06:07,2024-03-17,496,40,Online,PayPal,COUPON990A,5.51,AUD
583912,2024-03-17T00:41:56,2024-03-17,30,36,Retail,PayPal,COUPON0-0A,19.12,AUD
584378,2024-03-17T03:19:13,2024-03-17,722,13,Online,Credit Card,COUPONAZ-9,14.54,AUD
584384,2024-03-17T09:33:49,2024-03-17,541,29,Online,Afterpay,COUPON0A-0,18.88,AUD
584399,2024-03-17T23:06:43,2024-03-17,117,21,Online,Afterpay,COUPONZ-9A,16.95,AUD
584483,2024-03-17T10:14:02,2024-03-17,595,31,Online,PayPal,COUPON0AZ9,0.72,AUD
584514,2024-03-17T20:29:17,2024-03-17,547,31,Retail,PayPal,COUPON9A0-,19.79,AUD
584518,2024-03-17T13:51:59,2024-03-17,55,6,Retail,PayPal,COUPON0-A-,2.11,AUD
584550,2024-03-17T09:06:54,2024-03-17,384,13,Online,Credit Card,COUPONA-0-,10.11,AUD
584591,2024-03-17T05:31:36,2024-03-17,466,47,Retail,PayPal,COUPON-ZA-,3.63,AUD
584706,2024-03-17T08:38:21,2024-03-17,678,20,Retail,PayPal,COUPONA0A-,0.39,AUD
584756,2024-03-17T02:37:18,2024-03-17,646,23,Retail,PayPal,COUPON9-99,8.91,AUD
584790,2024-03-17T16:45:33,2024-03-17,509,22,Retail,Credit Card,COUPON0A09,14.2,AUD
584836,2024-03-17T07:12:27,2024-03-17,608,26,Online,PayPal,COUPON---9,19.57,AUD
584914,2024-03-17T06:09:47,2024-03-17,233,26,Online,PayPal,COUPON9---,0.28,AUD
585030,2024-03-17T05:41:40,2024-03-17,260,24,Retail,Credit Card,COUPON9Z-0,4.47,AUD
585114,2024-03-17T21:41:10,2024-03-17,56,11,Retail,Afterpay,COUPON0AA9,11.38,AUD
585115,2024-03-17T22:48:51,2024-03-17,370,32,Retail,Credit Card,COUPON9A--,7.88,AUD
585321,2024-03-17T05:00:45,2024-03-17,279,36,Online,PayPal,COUPONZ-9Z,12.74,AUD
585377,2024-03-17T15:53:45,2024-03-17,380,45,Retail,Credit Card,COUPON9Z-A,6.49,AUD
585385,2024-03-17T03:50:14,2024-03-17,323,48,Online,Credit Card,COUPON0--Z,3.04,AUD
585461,2024-03-17T07:35:48,2024-03-17,354,42,Online,Afterpay,COUPON0--A,5.38,AUD
585523,2024-03-17T20:17:54,2024-03-17,121,43,Retail,PayPal,COUPON9AA-,18.67,AUD
585541,2024-03-17T12:46:02,2024-03-17,140,40,Online,Credit Card,COUPON---A,5.08,AUD
585546,2024-03-17T03:40:20,2024-03-17,371,39,Retail,Credit Card,COUPONZ0-0,1.14,AUD
585884,2024-03-17T15:35:05,2024-03-17,179,40,Online,Afterpay,COUPONZ-AZ,14.74,AUD
585953,2024-03-17T14:36:30,2024-03-17,597,26,Retail,PayPal,COUPONZ-9Z,6.31,AUD
586111,2024-03-17T05:15:15,2024-03-17,120,37,Retail,Afterpay,COUPON9AAZ,18.23,AUD
586178,2024-03-17T14:00:22,2024-03-17,212,43,Online,PayPal,COUPON9---,13.97,AUD
586209,2024-03-17T18:59:10,2024-03-17,667,37,Retail,Afterpay,COUPON-A-0,11.6,AUD
586500,2024-03-17T05:35:55,2024-03-17,689,23,Retail,PayPal,COUPONZZ-A,10.88,AUD
586527,2024-03-17T12:46:52,2024-03-17,595,38,Online,PayPal,COUPON0-0A,15.15,AUD
586648,2024-03-17T21:37:48,2024-03-17,33,44,Online,PayPal,COUPON-9AZ,5.79,AUD
586685,2024-03-17T01:59:24,2024-03-17,12,14,Retail,Afterpay,COUPONZ9-Z,1.24,AUD
586832,2024-03-17T22:14:38,2024-03-17,531,12,Online,PayPal,COUPON090Z,3.32,AUD
587231,2024-03-17T23:57:30,2024-03-17,62,22,Online,PayPal,COUPON9---,10.1,AUD
587312,2024-03-17T07:05:55,2024-03-17,652,20,Retail,Credit Card,COUPON-Z0A,6.65,AUD
587408,2024-03-17T02:54:11,2024-03-17,716,26,Retail,Afterpay,COUPON-9--,7.81,AUD
587499,2024-03-17T10:42:31,2024-03-17,335,49,Online,PayPal,COUPON00--,0.98,AUD
587608,2024-03-17T05:03:08,2024-03-17,393,37,Online,Afterpay,COUPON-ZAZ,13.37,AUD
587634,2024-03-17T12:36:56,2024-03-17,125,38,Online,PayPal,COUPONZ0AZ,17.68,AUD
587728,2024-03-17T01:12:32,2024-03-17,475,48,Retail,Credit Card,COUPON-A9Z,2.46,AUD
588080,2024-03-17T10:43:44,2024-03-17,505,8,Online,PayPal,COUPONZ999,15.65,AUD
588091,2024-03-17T18:50:02,2024-03-17,41,24,Online,PayPal,COUPON099A,3.38,AUD
588141,2024-03-17T08:27:17,2024-03-17,673,27,Online,Afterpay,COUPONAA9-,11.5,AUD
588269,2024-03-17T10:38:40,2024-03-17,555,28,Retail,Afterpay,COUPON9-0Z,6.72,AUD
588316,2024-03-17T00:25:14,2024-03-17,516,29,Online,Afterpay,COUPON9Z-9,13.57,AUD
588449,2024-03-17T19:22:46,2024-03-17,337,26,Online,Afterpay,COUPON----,14.55,AUD
588483,2024-03-17T07:47:25,2024-03-17,148,5,Online,Credit Card,COUPON0A--,2.91,AUD
588590,2024-03-17T08:40:18,2024-03-17,1,47,Retail,PayPal,COUPON9Z-Z,17.3,AUD
588671,2024-03-17T09:55:42,2024-03-17,183,36,Retail,Credit Card,COUPON9AZ9,12.35,AUD
588712,2024-03-17T20:17:54,2024-03-17,499,37,Online,Afterpay,COUPON---0,16.24,AUD
589221,2024-03-17T07:07:34,2024-03-17,753,5,Retail,PayPal,COUPON00A-,8.46,AUD
589267,2024-03-17T02:46:39,2024-03-17,509,13,Retail,PayPal,COUPONZ-00,16.65,AUD
589285,2024-03-17T05:57:57,2024-03-17,713,15,Online,Credit Card,COUPON--ZA,13.45,AUD
589372,2024-03-17T21:47:43,2024-03-17,565,16,Retail,Afterpay,COUPONA-A-,2.91,AUD
589535,2024-03-17T10:41:28,2024-03-17,618,27,Online,Afterpay,COUPON90--,4.55,AUD
589608,2024-03-17T19:00:53,2024-03-17,222,26,Retail,Afterpay,COUPON-09-,0.81,AUD
589612,2024-03-17T08:53:55,2024-03-17,654,15,Retail,Credit Card,COUPONAZZZ,9.48,AUD
589629,2024-03-17T21:08:57,2024-03-17,738,13,Online,PayPal,COUPON990-,5.59,AUD
589705,2024-03-17T18:19:49,2024-03-17,214,9,Online,PayPal,COUPONA0A-,12.35,AUD
589773,2024-03-17T13:13:18,2024-03-17,375,48,Retail,Afterpay,COUPONZ0--,1.55,AUD
589966,2024-03-17T18:15:43,2024-03-17,161,7,Retail,PayPal,COUPON--0-,2.63,AUD
589988,2024-03-17T05:11:04,2024-03-17,679,20,Retail,Credit Card,COUPON--Z9,10.02,AUD
590256,2024-03-17T20:13:15,2024-03-17,666,43,Retail,Credit Card,COUPON0Z-Z,19.16,AUD
590327,2024-03-17T22:27:52,2024-03-17,791,16,Online,Credit Card,COUPONZ--A,4.16,AUD
590408,2024-03-17T16:40:34,2024-03-17,171,22,Online,Credit Card,COUPON-Z99,14.6,AUD
590446,2024-03-17T20:59:47,2024-03-17,506,14,Retail,Credit Card,COUPON9-9-,3.91,AUD
590492,2024-03-17T13:48:55,2024-03-17,440,38,Online,Afterpay,COUPON-9A-,11.97,AUD
590578,2024-03-17T06:08:50,2024-03-17,209,48,Retail,Credit Card,COUPONZZ-0,9.95,AUD
590814,2024-03-17T09:16:44,2024-03-17,66,29,Online,PayPal,COUPON-9-9,10.14,AUD
590824,2024-03-17T05:41:28,2024-03-17,254,40,Online,PayPal,COUPON0A9A,0.0,AUD
590992,2024-03-17T04:33:39,2024-03-17,296,19,Online,PayPal,COUPON999Z,5.46,AUD
590998,2024-03-17T08:21:31,2024-03-17,599,13,Retail,Afterpay,COUPON---0,19.47,AUD
591089,2024-03-17T22:08:02,2024-03-17,788,8,Retail,Afterpay,COUPON9---,0.4,AUD
591422,2024-03-17T18:42:03,2024-03-17,402,39,Online,PayPal,COUPONA009,15.5,AUD
591480,2024-03-17T23:27:54,2024-03-17,200,38,Online,Afterpay,COUPON9A-0,0.63,AUD
591847,2024-03-17T19:30:15,2024-03-17,547,21,Retail,Credit Card,COUPON-ZA-,7.31,AUD
591872,2024-03-17T01:24:22,2024-03-17,206,14,Online,PayPal,COUPON9-Z-,3.81,AUD
591882,2024-03-17T11:17:37,2024-03-17,304,43,Retail,PayPal,COUPON9Z-A,0.17,AUD
591907,2024-03-17T12:12:30,2024-03-17,13,1,Retail,PayPal,COUPONA9--,14.53,AUD
591952,2024-03-17T02:58:32,2024-03-17,710,42,Retail,PayPal,COUPON-A9-,7.5,AUD
591974,2024-03-17T05:10:44,2024-03-17,261,38,Online,PayPal,COUPON----,10.08,AUD
592001,2024-03-17T03:24:38,2024-03-17,524,23,Online,PayPal,COUPON-ZA-,3.09,AUD
592024,2024-03-17T01:51:06,2024-03-17,427,25,Online,PayPal,COUPON-A-9,19.55,AUD
592096,2024-03-17T15:11:09,2024-03-17,124,16,Online,Afterpay,COUPON9-ZA,6.21,AUD
592159,2024-03-17T11:47:52,2024-03-17,17,37,Retail,PayPal,COUPONZ90A,2.0,AUD
592375,2024-03-17T11:24:15,2024-03-17,763,17,Retail,Credit Card,COUPON---A,0.51,AUD
592641,2024-03-17T18:59:24,2024-03-17,754,16,Online,PayPal,COUPONZ-99,6.55,AUD
592646,2024-03-17T10:11:35,2024-03-17,458,13,Retail,PayPal,COUPON0Z09,11.61,AUD
592772,2024-03-17T18:21:57,2024-03-17,11,37,Online,Credit Card,COUPONZZ9-,15.69,AUD
592920,2024-03-17T10:28:13,2024-03-17,176,37,Retail,PayPal,COUPON9A0A,19.1,AUD
593261,2024-03-17T00:05:28,2024-03-17,318,13,Online,PayPal,COUPON9-9-,12.56,AUD
593302,2024-03-17T06:27:18,2024-03-17,410,49,Online,Credit Card,COUPON-A0-,11.17,AUD
593403,2024-03-17T05:57:38,2024-03-17,28,8,Retail,Credit Card,COUPON--AA,8.62,AUD
593423,2024-03-17T14:05:55,2024-03-17,445,7,Online,PayPal,COUPON9-0-,11.07,AUD
593488,2024-03-17T08:22:11,2024-03-17,467,42,Online,Afterpay,COUPON-ZZ-,3.21,AUD
593529,2024-03-17T09:38:13,2024-03-17,342,26,Retail,Credit Card,COUPON--0-,16.79,AUD
593655,2024-03-17T08:53:35,2024-03-17,129,18,Retail,PayPal,COUPON--ZZ,10.02,AUD
593737,2024-03-17T00:26:10,2024-03-17,37,24,Retail,Credit Card,COUPON9AAA,17.35,AUD
593775,2024-03-17T02:12:01,2024-03-17,170,24,Retail,Afterpay,COUPONZ-Z0,13.15,AUD
593811,2024-03-17T23:51:11,2024-03-17,200,23,Retail,Credit Card,COUPON-9AA,5.57,AUD
593934,2024-03-17T07:13:05,2024-03-17,416,42,Online,Afterpay,COUPON-0A-,7.02,AUD
594220,2024-03-17T17:44:04,2024-03-17,396,43,Online,Credit Card,COUPONA--A,19.66,AUD
594240,2024-03-17T04:36:37,2024-03-17,767,27,Retail,PayPal,COUPON-Z-Z,8.92,AUD
594463,2024-03-17T08:04:14,2024-03-17,298,34,Online,Credit Card,COUPON--99,3.07,AUD
594720,2024-03-17T18:43:33,2024-03-17,273,11,Retail,Afterpay,COUPON-0Z0,10.96,AUD
594971,2024-03-17T01:45:55,2024-03-17,749,7,Online,Afterpay,COUPON0ZZA,11.66,AUD
595021,2024-03-17T08:31:03,2024-03-17,789,35,Retail,PayPal,COUPON-A9-,0.54,AUD
595026,2024-03-17T10:17:11,2024-03-17,760,4,Retail,PayPal,COUPON--AZ,19.24,AUD
595081,2024-03-17T22:30:38,2024-03-17,765,40,Online,Credit Card,COUPONZZZA,1.69,AUD
595100,2024-03-17T03:56:29,2024-03-17,715,31,Retail,Credit Card,COUPON0-ZZ,17.05,AUD
595313,2024-03-17T13:08:05,2024-03-17,596,1,Online,Credit Card,COUPONAA0A,1.65,AUD
595374,2024-03-17T07:30:40,2024-03-17,360,43,Online,Credit Card,COUPONZZ90,16.57,AUD
595579,2024-03-17T15:54:19,2024-03-17,533,5,Online,PayPal,COUPONZ0-9,9.95,AUD
595655,2024-03-17T19:48:27,2024-03-17,242,15,Online,Credit Card,COUPONZZ--,0.43,AUD
595683,2024-03-17T17:08:48,2024-03-17,716,30,Online,Credit Card,COUPON9Z0A,16.52,AUD
595701,2024-03-17T14:32:36,2024-03-17,563,26,Retail,Afterpay,COUPONZ-AA,6.55,AUD
595877,2024-03-17T00:25:46,2024-03-17,247,18,Retail,Afterpay,COUPON9Z9Z,6.1,AUD
595940,2024-03-17T11:27:58,2024-03-17,272,2,Online,Credit Card,COUPONA-AA,2.8,AUD
596074,2024-03-17T23:43:14,2024-03-17,121,43,Retail,PayPal,COUPONAZA-,10.02,AUD
596320,2024-03-17T13:11:11,2024-03-17,474,3,Retail,PayPal,COUPON0-9A,8.96,AUD
596379,2024-03-17T19:40:37,2024-03-17,384,30,Online,Credit Card,COUPON9-A-,17.91,AUD
596391,2024-03-17T11:20:19,2024-03-17,519,26,Retail,PayPal,COUPONZ--Z,13.56,AUD
596425,2024-03-17T15:13:24,2024-03-17,255,5,Retail,PayPal,COUPON90-A,0.17,AUD
596550,2024-03-17T20:59:39,2024-03-17,699,21,Online,PayPal,COUPON99-9,7.42,AUD
596752,2024-03-17T07:20:32,2024-03-17,8,44,Retail,Afterpay,COUPON-AZ9,18.88,AUD
596839,2024-03-17T17:47:37,2024-03-17,361,10,Retail,PayPal,COUPON--9-,19.25,AUD
596879,2024-03-17T09:35:01,2024-03-17,350,21,Online,PayPal,COUPONZ900,17.35,AUD
596959,2024-03-17T11:59:30,2024-03-17,698,40,Online,PayPal,COUPON0-A0,7.05,AUD
597019,2024-03-17T17:08:35,2024-03-17,632,7,Online,PayPal,COUPONAA09,8.71,AUD
597024,2024-03-17T09:23:38,2024-03-17,520,48,Retail,PayPal,COUPONA-0-,19.99,AUD
597138,2024-03-17T22:36:38,2024-03-17,499,19,Retail,PayPal,COUPON0--A,16.35,AUD
597185,2024-03-17T07:50:27,2024-03-17,592,17,Online,Credit Card,COUPON-Z--,5.47,AUD
597234,2024-03-17T18:30:38,2024-03-17,708,29,Retail,Afterpay,COUPON9ZZ-,19.76,AUD
597243,2024-03-17T08:03:56,2024-03-17,555,49,Online,Credit Card,COUPONA--Z,19.15,AUD
597297,2024-03-17T16:05:25,2024-03-17,255,4,Online,Credit Card,COUPON----,0.44,AUD
597334,2024-03-17T01:56:48,2024-03-17,408,25,Online,Afterpay,COUPONA0Z-,9.56,AUD
597352,2024-03-17T16:11:21,2024-03-17,270,33,Retail,PayPal,COUPON0990,2.95,AUD
597362,2024-03-17T03:48:57,2024-03-17,321,15,Retail,Credit Card,COUPONAA--,14.19,AUD
597526,2024-03-17T03:34:51,2024-03-17,579,36,Retail,Afterpay,COUPONA9AZ,0.69,AUD
597559,2024-03-17T10:03:01,2024-03-17,273,6,Retail,PayPal,COUPONA9-Z,8.51,AUD
597617,2024-03-17T19:11:01,2024-03-17,707,33,Online,Credit Card,COUPON00AZ,11.31,AUD
597851,2024-03-17T12:35:34,2024-03-17,680,39,Online,PayPal,COUPONA-00,10.05,AUD
598047,2024-03-17T05:45:12,2024-03-17,271,24,Online,Afterpay,COUPONA9A0,2.03,AUD
598246,2024-03-17T00:21:05,2024-03-17,151,13,Online,Credit Card,COUPON---Z,10.7,AUD
598265,2024-03-17T07:33:51,2024-03-17,67,8,Retail,Credit Card,COUPONZA--,7.63,AUD
598339,2024-03-17T00:16:26,2024-03-17,234,40,Online,Credit Card,COUPONZZZA,1.43,AUD
598359,2024-03-17T19:56:03,2024-03-17,450,43,Retail,Credit Card,COUPON0Z-A,0.07,AUD
598391,2024-03-17T08:59:21,2024-03-17,168,34,Online,Credit Card,COUPONA--A,18.36,AUD
598392,2024-03-17T22:44:17,2024-03-17,698,10,Online,PayPal,COUPON90A-,8.79,AUD
598556,2024-03-17T03:09:34,2024-03-17,595,10,Retail,Afterpay,COUPON900Z,2.4,AUD
598607,2024-03-17T22:55:14,2024-03-17,153,33,Retail,PayPal,COUPON0--A,5.96,AUD
598635,2024-03-17T14:36:02,2024-03-17,644,2,Retail,PayPal,COUPONA9-0,10.56,AUD
598665,2024-03-17T02:11:04,2024-03-17,359,47,Online,Afterpay,COUPONA---,9.87,AUD
598722,2024-03-17T18:21:20,2024-03-17,247,33,Online,Credit Card,COUPON-A0-,7.97,AUD
598882,2024-03-17T15:23:10,2024-03-17,318,8,Retail,Credit Card,COUPON----,3.31,AUD
598995,2024-03-17T14:43:47,2024-03-17,227,14,Online,Credit Card,COUPONZ-90,6.46,AUD
599111,2024-03-17T19:06:24,2024-03-17,62,22,Online,Afterpay,COUPON9---,5.66,AUD
599616,2024-03-17T14:26:39,2024-03-17,652,42,Retail,Credit Card,COUPON990-,3.08,AUD
599631,2024-03-17T19:11:00,2024-03-17,789,14,Online,Afterpay,COUPON090A,5.48,AUD
599637,2024-03-17T17:13:13,2024-03-17,295,39,Retail,PayPal,COUPON---A,18.28,AUD
599816,2024-03-17T04:05:00,2024-03-17,616,26,Online,PayPal,COUPON-AA9,15.77,AUD
599826,2024-03-17T15:27:07,2024-03-17,273,22,Retail,Credit Card,COUPON909Z,2.06,AUD
599854,2024-03-17T19:46:28,2024-03-17,554,13,Retail,Credit Card,COUPON---A,14.97,AUD
599908,2024-03-17T07:29:28,2024-03-17,445,8,Online,Afterpay,COUPONZ9--,9.63,AUD
600048,2024-03-17T20:09:39,2024-03-17,767,44,Retail,Credit Card,COUPON---9,12.68,AUD
600161,2024-03-17T04:25:04,2024-03-17,782,30,Online,PayPal,COUPON--0Z,16.4,AUD
600229,2024-03-17T13:17:24,2024-03-17,715,47,Online,Credit Card,COUPON-9-Z,0.71,AUD
600282,2024-03-17T13:51:22,2024-03-17,661,11,Retail,Credit Card,COUPON-9--,12.85,AUD
600298,2024-03-17T06:31:24,2024-03-17,201,37,Online,PayPal,COUPON--A-,15.88,AUD
600354,2024-03-17T01:51:08,2024-03-17,421,1,Online,PayPal,COUPON00ZA,13.07,AUD
600378,2024-03-17T14:30:42,2024-03-17,616,47,Online,Afterpay,COUPON09ZA,15.29,AUD
600390,2024-03-17T06:53:09,2024-03-17,95,38,Online,PayPal,COUPONAZZ-,3.78,AUD
600407,2024-03-17T14:20:13,2024-03-17,499,24,Retail,PayPal,COUPONAAA-,7.68,AUD
600471,2024-03-17T09:17:43,2024-03-17,384,17,Retail,Credit Card,COUPONZZA-,17.8,AUD
600594,2024-03-17T17:47:09,2024-03-17,145,6,Online,Afterpay,COUPON09-Z,6.08,AUD
600596,2024-03-17T23:52:03,2024-03-17,701,1,Online,Credit Card,COUPON0-ZA,7.32,AUD
600610,2024-03-17T01:21:05,2024-03-17,353,18,Retail,Credit Card,COUPON9-0-,9.52,AUD
600678,2024-03-17T03:52:08,2024-03-17,80,7,Retail,Credit Card,COUPONZ00A,0.32,AUD
600841,2024-03-17T16:57:15,2024-03-17,785,40,Online,Credit Card,COUPON0---,18.75,AUD
600863,2024-03-17T10:19:35,2024-03-17,32,37,Online,Afterpay,COUPONZZAA,10.96,AUD
600872,2024-03-17T05:19:36,2024-03-17,578,4,Online,Credit Card,COUPONZ-0-,3.7,AUD
601022,2024-03-17T11:00:03,2024-03-17,709,15,Retail,Afterpay,COUPON99--,11.7,AUD
601160,2024-03-17T04:10:42,2024-03-17,652,41,Retail,Credit Card,COUPONA-0A,16.71,AUD
601187,2024-03-17T19:22:07,2024-03-17,124,37,Online,Credit Card,COUPONZ990,5.08,AUD
601271,2024-03-17T09:09:59,2024-03-17,409,36,Online,Afterpay,COUPONZ09-,15.23,AUD
601362,2024-03-17T00:27:04,2024-03-17,614,26,Retail,Afterpay,COUPON0-Z9,16.06,AUD
601363,2024-03-17T23:06:13,2024-03-17,230,6,Retail,Afterpay,COUPONZ-A9,0.73,AUD
601393,2024-03-17T12:11:30,2024-03-17,55,26,Retail,PayPal,COUPON-A-A,9.78,AUD
601584,2024-03-17T17:43:20,2024-03-17,680,5,Online,Afterpay,COUPON-Z9-,13.35,AUD
601712,2024-03-17T01:39:59,2024-03-17,330,47,Online,Credit Card,COUPONZ-A0,13.93,AUD
601753,2024-03-17T02:45:50,2024-03-17,450,12,Online,Credit Card,COUPONAAA-,18.96,AUD
601797,2024-03-17T03:36:43,2024-03-17,487,38,Online,Afterpay,COUPON-Z90,12.67,AUD
601880,2024-03-17T16:31:38,2024-03-17,740,19,Online,Credit Card,COUPONZ0--,17.63,AUD
601976,2024-03-17T18:37:44,2024-03-17,443,18,Retail,Credit Card,COUPON-990,14.13,AUD
602210,2024-03-17T07:23:50,2024-03-17,348,42,Retail,Credit Card,COUPON-9ZZ,13.79,AUD
602232,2024-03-17T07:10:34,2024-03-17,211,12,Retail,PayPal,COUPON0AZ0,19.84,AUD
602247,2024-03-17T10:07:09,2024-03-17,663,49,Online,Credit Card,COUPON----,17.92,AUD
602317,2024-03-17T15:25:02,2024-03-17,491,40,Online,Afterpay,COUPON-0Z-,13.61,AUD
602350,2024-03-17T15:59:19,2024-03-17,566,27,Retail,PayPal,COUPONAZ--,4.14,AUD
602366,2024-03-17T14:32:01,2024-03-17,64,44,Retail,Afterpay,COUPON009A,18.76,AUD
602639,2024-03-17T00:12:29,2024-03-17,304,28,Online,Credit Card,COUPON-A90,18.86,AUD
602671,2024-03-17T13:51:48,2024-03-17,163,1,Retail,Afterpay,COUPONZ99-,17.55,AUD
602697,2024-03-17T08:57:56,2024-03-17,153,18,Retail,Credit Card,COUPON-Z09,20.0,AUD
602746,2024-03-17T22:43:46,2024-03-17,570,1,Online,Credit Card,COUPONA-A9,19.36,AUD
602811,2024-03-17T08:24:43,2024-03-17,256,23,Retail,PayPal,COUPON-Z--,2.45,AUD
603100,2024-03-17T20:32:59,2024-03-17,669,29,Online,Afterpay,COUPON-000,19.43,AUD
603153,2024-03-17T10:35:16,2024-03-17,763,6,Retail,Credit Card,COUPON-0Z-,5.65,AUD
603279,2024-03-17T09:21:44,2024-03-17,187,22,Online,Afterpay,COUPON0AAZ,4.64,AUD
603453,2024-03-17T10:28:34,2024-03-17,716,19,Online,Credit Card,COUPON-A-Z,2.06,AUD
603463,2024-03-17T03:18:00,2024-03-17,598,18,Retail,Afterpay,COUPON----,5.68,AUD
603477,2024-03-17T12:24:38,2024-03-17,79,37,Retail,Afterpay,COUPONZA0Z,4.58,AUD
603646,2024-03-17T09:11:44,2024-03-17,55,23,Online,Afterpay,COUPON--9A,14.26,AUD
603702,2024-03-17T11:55:15,2024-03-17,7,19,Retail,Credit Card,COUPON-9Z0,8.81,AUD
603843,2024-03-17T12:51:41,2024-03-17,643,28,Retail,Credit Card,COUPON0A9-,17.46,AUD
603989,2024-03-17T08:32:27,2024-03-17,499,49,Online,Credit Card,COUPON-9Z9,18.93,AUD
604092,2024-03-17T13:24:37,2024-03-17,200,32,Retail,Credit Card,COUPON-Z0-,17.77,AUD
604099,2024-03-17T05:50:25,2024-03-17,232,27,Online,Credit Card,COUPON9AZ-,1.09,AUD
604141,2024-03-17T15:54:18,2024-03-17,419,33,Online,Credit Card,COUPONZ-0Z,0.79,AUD
604458,2024-03-17T06:39:02,2024-03-17,311,41,Online,Credit Card,COUPON0A--,3.43,AUD
604500,2024-03-17T15:18:51,2024-03-17,746,33,Online,Credit Card,COUPON-999,8.39,AUD
604562,2024-03-17T11:23:18,2024-03-17,236,40,Retail,Afterpay,COUPONAA0Z,11.86,AUD
604636,2024-03-17T07:43:58,2024-03-17,433,46,Online,Credit Card,COUPON--AA,2.25,AUD
604732,2024-03-17T23:01:58,2024-03-17,351,25,Online,Credit Card,COUPON--A0,11.47,AUD
604789,2024-03-17T04:01:16,2024-03-17,784,34,Retail,Credit Card,COUPON0A9Z,15.54,AUD
604952,2024-03-17T05:21:25,2024-03-17,61,22,Online,Credit Card,COUPONZ--A,13.94,AUD
605038,2024-03-17T05:38:19,2024-03-17,216,13,Retail,PayPal,COUPONA-A0,14.2,AUD
605117,2024-03-17T08:09:39,2024-03-17,539,45,Online,Credit Card,COUPON-9AA,16.29,AUD
605129,2024-03-17T18:48:10,2024-03-17,696,25,Online,Afterpay,COUPON-Z-0,10.57,AUD
605190,2024-03-17T04:03:34,2024-03-17,676,27,Retail,Afterpay,COUPON9Z-A,7.37,AUD
605217,2024-03-17T11:16:53,2024-03-17,691,48,Online,PayPal,COUPON9-A9,3.53,AUD
605274,2024-03-17T11:35:45,2024-03-17,690,46,Online,Credit Card,COUPONZZ9-,18.42,AUD
605278,2024-03-17T16:03:51,2024-03-17,755,15,Retail,Credit Card,COUPONZZ0Z,0.54,AUD
605406,2024-03-17T20:36:17,2024-03-17,265,24,Retail,Credit Card,COUPONA9ZA,17.39,AUD
605537,2024-03-17T15:56:17,2024-03-17,625,15,Retail,Afterpay,COUPON0-9-,6.24,AUD
605676,2024-03-17T17:52:24,2024-03-17,627,29,Online,Afterpay,COUPON0Z-A,2.99,AUD
605973,2024-03-17T08:44:13,2024-03-17,199,31,Online,PayPal,COUPON99-Z,2.84,AUD
606006,2024-03-17T07:16:35,2024-03-17,138,11,Online,Afterpay,COUPONA99A,1.58,AUD
606277,2024-03-17T23:15:07,2024-03-17,20,18,Online,Credit Card,COUPON09-0,18.41,AUD
606454,2024-03-17T21:58:18,2024-03-17,221,10,Retail,Afterpay,COUPON-A-A,12.58,AUD
606564,2024-03-17T13:56:29,2024-03-17,52,42,Retail,PayPal,COUPONZ--Z,1.96,AUD
606567,2024-03-17T12:33:12,2024-03-17,354,6,Online,PayPal,COUPON-0A0,8.82,AUD
606784,2024-03-17T11:44:08,2024-03-17,401,39,Retail,Credit Card,COUPONA909,15.99,AUD
607182,2024-03-17T05:12:27,2024-03-17,600,24,Online,Afterpay,COUPON-ZA0,15.03,AUD
607361,2024-03-17T17:42:12,2024-03-17,369,28,Online,Afterpay,COUPONZ0-A,5.13,AUD
607539,2024-03-17T16:11:22,2024-03-17,467,3,Retail,PayPal,COUPONZ0Z-,8.68,AUD
607547,2024-03-17T23:46:54,2024-03-17,362,1,Online,Credit Card,COUPONZ-Z0,4.84,AUD
607554,2024-03-17T08:04:39,2024-03-17,64,11,Online,PayPal,COUPON-ZAA,14.27,AUD
607572,2024-03-17T06:43:18,2024-03-17,739,7,Retail,PayPal,COUPON-A--,17.46,AUD
607624,2024-03-17T19:46:50,2024-03-17,131,25,Online,PayPal,COUPON-09-,4.85,AUD
607628,2024-03-17T18:42:36,2024-03-17,373,1,Online,PayPal,COUPON-Z9Z,7.62,AUD
607813,2024-03-17T21:20:39,2024-03-17,785,40,Online,Afterpay,COUPONZ9AZ,4.66,AUD
607878,2024-03-17T01:56:12,2024-03-17,220,7,Online,PayPal,COUPON9Z-0,14.68,AUD
607961,2024-03-17T18:57:32,2024-03-17,74,37,Retail,Credit Card,COUPONA-0A,13.13,AUD
608028,2024-03-17T09:50:38,2024-03-17,153,16,Online,Credit Card,COUPONZ0-9,0.26,AUD
608070,2024-03-17T10:48:10,2024-03-17,138,25,Online,Credit Card,COUPONZ0-9,18.74,AUD
608103,2024-03-17T10:21:50,2024-03-17,324,26,Online,PayPal,COUPONZZ09,13.87,AUD
608139,2024-03-17T03:08:54,2024-03-17,671,11,Online,Afterpay,COUPON-AA-,5.15,AUD
608239,2024-03-17T17:18:03,2024-03-17,709,47,Retail,Credit Card,COUPON0A--,6.37,AUD
608242,2024-03-17T05:08:09,2024-03-17,14,41,Retail,PayPal,COUPON-Z-9,5.12,AUD
608500,2024-03-17T07:14:39,2024-03-17,764,25,Online,PayPal,COUPONA090,6.02,AUD
608590,2024-03-17T22:12:05,2024-03-17,195,12,Retail,Afterpay,COUPON--00,15.72,AUD
608650,2024-03-17T13:46:37,2024-03-17,331,40,Retail,Credit Card,COUPON0-99,15.35,AUD
608707,2024-03-17T01:46:03,2024-03-17,625,38,Retail,Afterpay,COUPON000-,18.48,AUD
608718,2024-03-17T23:37:08,2024-03-17,161,8,Online,PayPal,COUPONZ9--,2.74,AUD
608883,2024-03-17T15:56:57,2024-03-17,299,42,Retail,PayPal,COUPON0--9,6.58,AUD
608991,2024-03-17T02:25:31,2024-03-17,446,15,Online,PayPal,COUPONZ--9,11.87,AUD
608993,2024-03-17T01:02:24,2024-03-17,243,41,Retail,PayPal,COUPON---A,15.68,AUD
609081,2024-03-17T11:22:26,2024-03-17,109,8,Retail,Afterpay,COUPON---A,7.42,AUD
609443,2024-03-17T00:04:01,2024-03-17,162,22,Online,Afterpay,COUPON--99,8.36,AUD
609516,2024-03-17T20:51:46,2024-03-17,251,31,Retail,Credit Card,COUPON900-,9.84,AUD
609526,2024-03-17T19:08:47,2024-03-17,297,8,Online,Credit Card,COUPON9-Z-,7.23,AUD
609759,2024-03-17T20:21:24,2024-03-17,388,24,Online,Credit Card,COUPONZ-A-,1.66,AUD
609933,2024-03-17T16:53:34,2024-03-17,607,4,Retail,PayPal,COUPON99A-,10.64,AUD
610010,2024-03-17T18:49:32,2024-03-17,215,5,Online,Afterpay,COUPON-AA-,2.05,AUD
610131,2024-03-17T01:01:01,2024-03-17,681,3,Retail,Credit Card,COUPON--0A,14.47,AUD
610221,2024-03-17T22:37:12,2024-03-17,796,47,Online,PayPal,COUPONA9-A,13.39,AUD
610243,2024-03-17T00:16:35,2024-03-17,173,12,Retail,Credit Card,COUPON--99,14.8,AUD
610258,2024-03-17T12:08:15,2024-03-17,308,13,Retail,Credit Card,COUPONA-9A,12.37,AUD
610271,2024-03-17T08:14:03,2024-03-17,162,40,Online,Credit Card,COUPONZA90,3.07,AUD
610283,2024-03-17T03:43:52,2024-03-17,611,15,Retail,Afterpay,COUPON--0-,8.35,AUD
610425,2024-03-17T12:31:08,2024-03-17,690,23,Online,Credit Card,COUPON0Z--,2.76,AUD
610528,2024-03-17T01:59:59,2024-03-17,293,33,Online,PayPal,COUPONZA-0,19.95,AUD
610675,2024-03-17T13:31:07,2024-03-17,754,46,Online,Credit Card,COUPONZ0--,5.85,AUD
610683,2024-03-17T01:05:39,2024-03-17,530,38,Retail,PayPal,COUPONA00-,14.95,AUD
610766,2024-03-17T10:00:05,2024-03-17,431,10,Retail,Credit Card,COUPON09A0,0.44,AUD
610839,2024-03-17T15:18:54,2024-03-17,511,36,Retail,Credit Card,COUPON99-Z,12.45,AUD
610862,2024-03-17T11:23:46,2024-03-17,638,7,Retail,PayPal,COUPONA00Z,9.17,AUD
610924,2024-03-17T16:04:12,2024-03-17,610,20,Retail,Afterpay,COUPON-Z90,5.34,AUD
610975,2024-03-17T22:35:31,2024-03-17,411,2,Online,PayPal,COUPONAZZ-,14.21,AUD
611020,2024-03-17T20:17:09,2024-03-17,331,42,Online,PayPal,COUPON00-0,9.75,AUD
611434,2024-03-17T17:40:59,2024-03-17,553,14,Retail,Credit Card,COUPON-0A-,19.49,AUD
611505,2024-03-17T10:04:04,2024-03-17,399,6,Online,Credit Card,COUPON-Z-9,12.55,AUD
611595,2024-03-17T12:34:09,2024-03-17,374,29,Online,PayPal,COUPONA9A0,15.35,AUD
611689,2024-03-17T04:37:10,2024-03-17,761,45,Retail,Afterpay,COUPON0099,19.99,AUD
611758,2024-03-17T07:08:10,2024-03-17,24,38,Online,Credit Card,COUPONA9-9,6.22,AUD
611777,2024-03-17T03:52:45,2024-03-17,256,7,Retail,PayPal,COUPON-9--,6.27,AUD
611840,2024-03-17T03:12:44,2024-03-17,353,22,Online,Afterpay,COUPONAAZ0,11.17,AUD
611874,2024-03-17T05:00:45,2024-03-17,642,43,Online,PayPal,COUPON-Z9Z,18.77,AUD
611887,2024-03-17T21:33:02,2024-03-17,14,15,Online,Credit Card,COUPONZ00A,7.84,AUD
611888,2024-03-17T04:18:49,2024-03-17,138,44,Online,Afterpay,COUPONA0A-,1.46,AUD
611921,2024-03-17T23:42:35,2024-03-17,468,5,Retail,PayPal,COUPONA-9A,10.35,AUD
612171,2024-03-17T07:26:37,2024-03-17,145,6,Retail,PayPal,COUPON-A-0,9.17,AUD
612200,2024-03-17T10:33:47,2024-03-17,397,41,Online,Credit Card,COUPONA09A,2.1,AUD
612291,2024-03-17T14:08:01,2024-03-17,384,27,Online,Afterpay,COUPON-AA9,0.08,AUD
612329,2024-03-17T01:31:34,2024-03-17,188,19,Retail,Afterpay,COUPON00-0,14.18,AUD
612419,2024-03-17T00:47:34,2024-03-17,100,38,Online,PayPal,COUPON-AZ-,5.78,AUD
612571,2024-03-17T17:06:17,2024-03-17,165,40,Retail,PayPal,COUPON--00,15.4,AUD
612581,2024-03-17T23:33:47,2024-03-17,576,10,Online,Credit Card,COUPON-ZAZ,18.1,AUD
612722,2024-03-17T03:04:34,2024-03-17,308,5,Retail,PayPal,COUPON-9ZZ,19.43,AUD
612776,2024-03-17T07:37:08,2024-03-17,464,3,Retail,PayPal,COUPON--AA,0.43,AUD
612802,2024-03-17T17:12:19,2024-03-17,229,21,Retail,PayPal,COUPON-A9-,15.47,AUD
612820,2024-03-17T09:45:47,2024-03-17,287,1,Online,Afterpay,COUPONAZZ-,4.65,AUD
612852,2024-03-17T21:08:09,2024-03-17,90,17,Online,Credit Card,COUPON9A09,18.78,AUD
612876,2024-03-17T16:26:45,2024-03-17,639,33,Retail,Afterpay,COUPON0AZ9,17.7,AUD
612951,2024-03-17T14:46:04,2024-03-17,106,15,Retail,Credit Card,COUPON--9-,19.38,AUD
612980,2024-03-17T14:34:15,2024-03-17,743,3,Retail,PayPal,COUPONAZZ-,1.9,AUD
612991,2024-03-17T08:49:26,2024-03-17,414,13,Retail,Afterpay,COUPON90A-,10.97,AUD
613021,2024-03-17T20:51:10,2024-03-17,121,5,Retail,PayPal,COUPON-A--,7.21,AUD
613029,2024-03-17T18:29:30,2024-03-17,193,27,Online,PayPal,COUPON-A-9,18.11,AUD
613035,2024-03-17T18:58:57,2024-03-17,584,37,Online,PayPal,COUPONAZA9,6.48,AUD
613116,2024-03-17T12:30:33,2024-03-17,13,28,Retail,PayPal,COUPONA--9,14.93,AUD
613150,2024-03-17T04:06:15,2024-03-17,59,29,Online,Afterpay,COUPONA099,12.75,AUD
613183,2024-03-17T21:17:49,2024-03-17,323,37,Retail,Afterpay,COUPON-Z-9,15.7,AUD
613223,2024-03-17T09:10:28,2024-03-17,245,25,Online,Afterpay,COUPONA0-0,3.73,AUD
613229,2024-03-17T09:59:06,2024-03-17,243,44,Online,PayPal,COUPON0-0A,6.57,AUD
613262,2024-03-17T05:58:57,2024-03-17,310,7,Retail,Afterpay,COUPONA--0,17.52,AUD
613440,2024-03-17T05:12:33,2024-03-17,579,14,Retail,PayPal,COUPONZA0Z,6.25,AUD
613500,2024-03-17T12:26:33,2024-03-17,158,11,Online,Credit Card,COUPON-A9-,1.66,AUD
613514,2024-03-17T03:27:30,2024-03-17,573,34,Online,Credit Card,COUPONAA0-,9.81,AUD
613637,2024-03-17T03:21:10,2024-03-17,478,29,Online,Credit Card,COUPON-09-,3.63,AUD
613677,2024-03-17T19:53:57,2024-03-17,345,12,Online,Afterpay,COUPONZ-Z-,6.43,AUD
613737,2024-03-17T10:44:54,2024-03-17,502,27,Online,Credit Card,COUPON-Z--,12.61,AUD
613747,2024-03-17T16:21:14,2024-03-17,653,4,Retail,PayPal,COUPONZ--9,13.2,AUD
613911,2024-03-17T10:48:32,2024-03-17,244,39,Retail,PayPal,COUPON09--,0.11,AUD
613981,2024-03-17T04:03:03,2024-03-17,512,23,Retail,Credit Card,COUPON-9--,10.63,AUD
614019,2024-03-17T06:39:59,2024-03-17,44,10,Retail,Credit Card,COUPONZ-A9,0.77,AUD
614063,2024-03-17T07:43:20,2024-03-17,67,24,Retail,Credit Card,COUPON9---,7.17,AUD
614260,2024-03-17T07:45:30,2024-03-17,672,12,Online,Afterpay,COUPON9-AZ,11.22,AUD
614322,2024-03-17T11:42:10,2024-03-17,337,49,Online,PayPal,COUPONA9-A,7.04,AUD
614711,2024-03-17T15:39:28,2024-03-17,676,39,Online,Afterpay,COUPONA0A0,12.3,AUD
614736,2024-03-17T17:03:23,2024-03-17,690,10,Online,PayPal,COUPON-AA0,5.49,AUD
614855,2024-03-17T19:07:24,2024-03-17,213,30,Online,Afterpay,COUPON-09-,6.53,AUD
614877,2024-03-17T00:21:04,2024-03-17,342,32,Retail,Afterpay,COUPON09Z9,7.61,AUD
614950,2024-03-17T10:18:29,2024-03-17,677,15,Retail,PayPal,COUPON09-9,19.08,AUD
615109,2024-03-17T07:24:01,2024-03-17,779,19,Online,Credit Card,COUPON90Z9,1.59,AUD
615162,2024-03-17T18:03:06,2024-03-17,763,34,Retail,Credit Card,COUPON9AA-,16.49,AUD
615203,2024-03-17T03:58:18,2024-03-17,656,19,Retail,Afterpay,COUPONAAZZ,14.94,AUD
615409,2024-03-17T18:29:45,2024-03-17,418,2,Retail,Afterpay,COUPON-Z-9,13.54,AUD
615508,2024-03-17T15:39:55,2024-03-17,120,25,Retail,PayPal,COUPONZ-0-,2.73,AUD
615688,2024-03-17T16:27:59,2024-03-17,305,26,Retail,Afterpay,COUPON0A0-,17.01,AUD
615897,2024-03-17T06:23:34,2024-03-17,743,6,Online,Afterpay,COUPON--Z9,11.14,AUD
615990,2024-03-17T01:15:53,2024-03-17,501,26,Retail,Credit Card,COUPONAZAZ,2.48,AUD
616009,2024-03-17T15:24:47,2024-03-17,390,8,Online,Credit Card,COUPONA90-,2.18,AUD
616114,2024-03-17T21:45:03,2024-03-17,38,40,Online,PayPal,COUPON-9-0,12.33,AUD
616436,2024-03-17T10:56:54,2024-03-17,327,47,Online,PayPal,COUPON--A-,4.95,AUD
616506,2024-03-17T22:47:21,2024-03-17,580,16,Retail,PayPal,COUPONA---,4.43,AUD
616583,2024-03-17T07:27:12,2024-03-17,270,24,Online,PayPal,COUPONA0-0,2.59,AUD
616704,2024-03-17T15:18:32,2024-03-17,642,29,Retail,PayPal,COUPON0-Z-,2.27,AUD
616733,2024-03-17T13:25:43,2024-03-17,402,28,Retail,Credit Card,COUPON0-0A,15.97,AUD
616764,2024-03-17T03:03:36,2024-03-17,1,32,Online,PayPal,COUPONAA--,4.5,AUD
616819,2024-03-17T16:56:04,2024-03-17,21,19,Retail,PayPal,COUPON--9A,15.94,AUD
617050,2024-03-17T09:04:28,2024-03-17,639,1,Online,Afterpay,COUPONA9Z-,8.34,AUD
617054,2024-03-17T17:25:41,2024-03-17,263,4,Retail,Afterpay,COUPONAZ09,9.92,AUD
617056,2024-03-17T22:50:21,2024-03-17,185,39,Retail,Credit Card,COUPONZA90,2.41,AUD
617186,2024-03-17T05:47:38,2024-03-17,364,38,Retail,PayPal,COUPON-0Z-,6.63,AUD
617225,2024-03-17T07:52:21,2024-03-17,289,22,Retail,Credit Card,COUPONA-99,0.92,AUD
617407,2024-03-17T07:32:08,2024-03-17,82,12,Online,PayPal,COUPON--Z-,10.22,AUD
617440,2024-03-17T09:32:17,2024-03-17,225,36,Online,Credit Card,COUPON-99A,9.53,AUD
617611,2024-03-17T15:10:25,2024-03-17,253,17,Retail,Credit Card,COUPONA-Z-,11.9,AUD
617673,2024-03-17T18:18:38,2024-03-17,377,48,Online,Credit Card,COUPON-Z0-,14.76,AUD
617709,2024-03-17T14:40:18,2024-03-17,365,23,Online,Credit Card,COUPON9A9-,3.7,AUD
617774,2024-03-17T23:26:35,2024-03-17,135,48,Retail,Credit Card,COUPON0ZA-,14.11,AUD
617874,2024-03-17T20:49:12,2024-03-17,33,1,Online,Afterpay,COUPON--Z-,15.61,AUD
617896,2024-03-17T10:23:41,2024-03-17,536,45,Online,PayPal,COUPONAZZA,7.1,AUD
617998,2024-03-17T23:10:59,2024-03-17,495,5,Online,Afterpay,COUPON-0Z9,1.26,AUD
618037,2024-03-17T17:27:16,2024-03-17,770,15,Retail,PayPal,COUPONA---,14.67,AUD
618063,2024-03-17T19:22:45,2024-03-17,169,23,Online,Afterpay,COUPONZ9-9,17.81,AUD
618114,2024-03-17T11:03:36,2024-03-17,588,13,Retail,Afterpay,COUPONA0ZZ,3.06,AUD
618339,2024-03-17T07:00:38,2024-03-17,587,31,Online,PayPal,COUPON--0Z,19.48,AUD
618398,2024-03-17T23:01:57,2024-03-17,272,10,Retail,Credit Card,COUPON0Z-Z,11.66,AUD
618420,2024-03-17T18:30:56,2024-03-17,495,11,Retail,Credit Card,COUPONAA-A,9.69,AUD
618440,2024-03-17T23:04:42,2024-03-17,292,21,Retail,Afterpay,COUPON009A,7.78,AUD
618465,2024-03-17T12:09:48,2024-03-17,314,9,Online,PayPal,COUPON9Z9A,6.69,AUD
618562,2024-03-17T23:45:57,2024-03-17,258,16,Retail,Afterpay,COUPON-9Z9,2.35,AUD
618595,2024-03-17T06:01:27,2024-03-17,355,49,Online,Credit Card,COUPON9Z--,3.35,AUD
618802,2024-03-17T23:12:54,2024-03-17,457,40,Online,PayPal,COUPON90--,10.73,AUD
618889,2024-03-17T13:43:05,2024-03-17,636,26,Online,Credit Card,COUPON0A-Z,3.91,AUD
619103,2024-03-17T09:11:57,2024-03-17,752,2,Retail,Credit Card,COUPON-AZ-,16.0,AUD
619125,2024-03-17T17:30:15,2024-03-17,774,15,Retail,Afterpay,COUPON9A-Z,5.73,AUD
619369,2024-03-17T21:55:19,2024-03-17,107,34,Retail,Credit Card,COUPONA9-A,19.59,AUD
619431,2024-03-17T01:59:41,2024-03-17,72,22,Online,Credit Card,COUPONZZ0Z,18.91,AUD
619467,2024-03-17T16:57:39,2024-03-17,670,37,Online,Credit Card,COUPON09-9,6.84,AUD
619477,2024-03-17T17:00:13,2024-03-17,668,4,Online,Afterpay,COUPON-Z9A,8.95,AUD
619589,2024-03-17T22:03:34,2024-03-17,288,27,Retail,PayPal,COUPON-0-9,7.12,AUD
619677,2024-03-17T05:11:39,2024-03-17,291,1,Online,Afterpay,COUPON9AAZ,6.17,AUD
619757,2024-03-17T01:19:33,2024-03-17,568,3,Online,Afterpay,COUPON00-0,8.23,AUD
619840,2024-03-17T14:33:26,2024-03-17,413,45,Retail,PayPal,COUPONA0ZA,15.05,AUD
619869,2024-03-17T02:34:00,2024-03-17,498,45,Retail,PayPal,COUPON0099,4.3,AUD
619984,2024-03-17T17:52:21,2024-03-17,701,16,Online,PayPal,COUPON009-,12.34,AUD
619988,2024-03-17T08:27:38,2024-03-17,723,34,Retail,Credit Card,COUPON-A9-,17.45,AUD
620030,2024-03-17T05:08:41,2024-03-17,369,30,Online,Afterpay,COUPON-A--,8.35,AUD
620052,2024-03-17T21:25:27,2024-03-17,183,39,Online,PayPal,COUPONA9--,18.52,AUD
620197,2024-03-17T06:03:07,2024-03-17,140,37,Online,Afterpay,COUPON0-9A,2.78,AUD
620374,2024-03-17T05:07:24,2024-03-17,594,15,Retail,Credit Card,COUPON-99Z,10.13,AUD
620386,2024-03-17T21:15:40,2024-03-17,88,15,Online,Afterpay,COUPONZ-Z9,10.73,AUD
620634,2024-03-17T23:01:18,2024-03-17,122,37,Retail,PayPal,COUPONZAZA,19.47,AUD
620757,2024-03-17T17:49:53,2024-03-17,448,24,Retail,PayPal,COUPONAA0Z,5.61,AUD
620927,2024-03-17T04:52:31,2024-03-17,257,24,Online,PayPal,COUPON0Z0A,7.17,AUD
620953,2024-03-17T13:19:04,2024-03-17,80,23,Online,Credit Card,COUPON99Z-,8.38,AUD
621162,2024-03-17T09:38:40,2024-03-17,63,40,Retail,PayPal,COUPONA0--,9.36,AUD
621210,2024-03-17T21:52:32,2024-03-17,181,15,Online,Credit Card,COUPON9-09,15.98,AUD
621372,2024-03-17T04:18:33,2024-03-17,485,23,Retail,PayPal,COUPON---A,1.17,AUD
621376,2024-03-17T23:22:50,2024-03-17,102,12,Retail,Afterpay,COUPON0AZA,3.1,AUD
621398,2024-03-17T09:26:02,2024-03-17,615,43,Retail,Credit Card,COUPONZZ-0,1.11,AUD
621489,2024-03-17T11:40:01,2024-03-17,683,22,Online,PayPal,COUPON0-9-,4.79,AUD
621532,2024-03-17T23:18:36,2024-03-17,594,17,Retail,PayPal,COUPON---9,3.93,AUD
621710,2024-03-17T05:41:27,2024-03-17,770,38,Retail,Credit Card,COUPON--9-,1.24,AUD
622054,2024-03-17T03:44:38,2024-03-17,778,17,Retail,Credit Card,COUPON9A--,14.62,AUD
622148,2024-03-17T15:01:54,2024-03-17,6,21,Retail,Afterpay,COUPONA0A9,14.6,AUD
622175,2024-03-17T15:28:53,2024-03-17,298,9,Online,Afterpay,COUPON9-0A,19.91,AUD
622464,2024-03-17T03:46:26,2024-03-17,322,11,Online,Afterpay,COUPON-9-A,17.54,AUD
622678,2024-03-17T19:19:55,2024-03-17,469,43,Retail,PayPal,COUPON-90Z,4.55,AUD
622711,2024-03-17T11:08:48,2024-03-17,33,7,Retail,Afterpay,COUPON-9-Z,10.4,AUD
622749,2024-03-17T01:27:57,2024-03-17,292,10,Retail,Afterpay,COUPON0090,7.25,AUD
622813,2024-03-17T10:32:24,2024-03-17,616,39,Online,Credit Card,COUPON-0-0,4.46,AUD
622848,2024-03-17T19:11:32,2024-03-17,783,43,Online,Credit Card,COUPONA---,8.74,AUD
622910,2024-03-17T12:36:44,2024-03-17,77,37,Online,PayPal,COUPON---0,14.31,AUD
622999,2024-03-17T15:22:53,2024-03-17,150,45,Online,PayPal,COUPON0--Z,11.54,AUD
623212,2024-03-17T18:04:39,2024-03-17,290,21,Online,Afterpay,COUPON0--9,0.42,AUD
623294,2024-03-17T05:10:51,2024-03-17,486,26,Retail,PayPal,COUPON-ZA-,12.71,AUD
623808,2024-03-17T07:32:32,2024-03-17,490,29,Online,Credit Card,COUPONA-99,1.11,AUD
623811,2024-03-17T01:30:44,2024-03-17,271,1,Retail,Afterpay,COUPON0AAA,8.43,AUD
623831,2024-03-17T07:19:46,2024-03-17,146,6,Online,Credit Card,COUPONA-ZZ,3.23,AUD
623980,2024-03-17T22:44:44,2024-03-17,579,45,Online,Credit Card,COUPONZ0AA,19.43,AUD
624020,2024-03-17T21:56:34,2024-03-17,129,31,Online,PayPal,COUPON9--Z,13.31,AUD
624248,2024-03-17T21:38:57,2024-03-17,210,35,Online,PayPal,COUPON-A9-,4.64,AUD
624250,2024-03-17T08:22:17,2024-03-17,314,3,Online,Afterpay,COUPON0--9,5.58,AUD
624267,2024-03-17T17:53:10,2024-03-17,196,42,Online,PayPal,COUPONZA0A,1.42,AUD
624320,2024-03-17T20:42:03,2024-03-17,614,14,Retail,Afterpay,COUPON---Z,0.05,AUD
624344,2024-03-17T11:36:07,2024-03-17,416,29,Retail,Afterpay,COUPON0AAA,9.67,AUD
624359,2024-03-17T21:02:11,2024-03-17,689,38,Retail,Afterpay,COUPON9---,7.99,AUD
624361,2024-03-17T13:16:42,2024-03-17,264,44,Retail,PayPal,COUPONA-00,11.28,AUD
624390,2024-03-17T20:01:16,2024-03-17,605,35,Online,PayPal,COUPONZ9Z0,14.24,AUD
624394,2024-03-17T11:06:57,2024-03-17,19,26,Retail,PayPal,COUPONZ-ZA,15.67,AUD
624415,2024-03-17T12:24:35,2024-03-17,384,9,Online,Credit Card,COUPON-09Z,3.56,AUD
624679,2024-03-17T09:58:07,2024-03-17,600,35,Retail,Credit Card,COUPONAA9-,0.1,AUD
624765,2024-03-17T19:15:37,2024-03-17,328,39,Retail,Credit Card,COUPONA0-9,19.34,AUD
624855,2024-03-17T07:10:11,2024-03-17,268,31,Retail,Credit Card,COUPON--0-,12.07,AUD
624872,2024-03-17T20:07:39,2024-03-17,406,14,Retail,PayPal,COUPONA-0-,9.27,AUD
625117,2024-03-17T14:36:12,2024-03-17,411,35,Online,Afterpay,COUPON90ZA,0.76,AUD
625128,2024-03-17T13:36:36,2024-03-17,200,11,Online,Afterpay,COUPONZ-Z0,2.22,AUD
625141,2024-03-17T22:19:08,2024-03-17,208,10,Retail,PayPal,COUPON9ZZA,13.23,AUD
625268,2024-03-17T21:39:23,2024-03-17,50,9,Retail,Credit Card,COUPONA099,1.83,AUD
625350,2024-03-17T07:06:16,2024-03-17,152,25,Online,PayPal,COUPON-9--,1.8,AUD
625535,2024-03-17T12:04:24,2024-03-17,585,42,Online,Credit Card,COUPON-ZA-,3.33,AUD
625727,2024-03-17T20:11:41,2024-03-17,56,48,Online,Afterpay,COUPON9Z9-,4.64,AUD
626023,2024-03-17T06:50:26,2024-03-17,297,43,Retail,Afterpay,COUPON0AZ-,5.78,AUD
626064,2024-03-17T08:01:41,2024-03-17,618,2,Online,Afterpay,COUPON-Z9-,7.08,AUD
626134,2024-03-17T10:00:22,2024-03-17,120,42,Retail,Afterpay,COUPONZ--Z,10.9,AUD
626152,2024-03-17T10:08:46,2024-03-17,561,27,Retail,PayPal,COUPON9Z9Z,0.92,AUD
626236,2024-03-17T21:52:34,2024-03-17,400,35,Online,Afterpay,COUPON0-99,6.76,AUD
626377,2024-03-17T17:54:40,2024-03-17,299,21,Online,Credit Card,COUPON----,7.07,AUD
626426,2024-03-17T14:39:07,2024-03-17,795,23,Online,PayPal,COUPONZ099,5.58,AUD
626667,2024-03-17T00:44:34,2024-03-17,9,47,Retail,Credit Card,COUPONA--Z,14.97,AUD
627029,2024-03-17T07:30:05,2024-03-17,289,14,Online,Credit Card,COUPON00-A,16.43,AUD
627070,2024-03-17T17:12:10,2024-03-17,597,20,Online,PayPal,COUPON0-Z-,4.75,AUD
627425,2024-03-17T23:54:28,2024-03-17,27,23,Retail,Afterpay,COUPON-90Z,2.84,AUD
627576,2024-03-17T06:52:21,2024-03-17,747,29,Retail,PayPal,COUPONA99-,0.48,AUD
627703,2024-03-17T01:27:48,2024-03-17,121,23,Retail,Credit Card,COUPONAZAZ,1.87,AUD
627792,2024-03-17T08:33:06,2024-03-17,80,28,Retail,Afterpay,COUPONZ-90,6.09,AUD
627918,2024-03-17T13:11:36,2024-03-17,591,49,Retail,Afterpay,COUPONA-00,11.26,AUD
628159,2024-03-17T13:41:04,2024-03-17,696,44,Retail,Afterpay,COUPON-ZAA,15.58,AUD
628166,2024-03-17T07:13:55,2024-03-17,623,41,Online,Afterpay,COUPON-9A-,4.69,AUD
628196,2024-03-17T04:12:17,2024-03-17,517,32,Retail,PayPal,COUPON-ZZ9,13.04,AUD
628246,2024-03-17T01:00:33,2024-03-17,522,22,Retail,Credit Card,COUPON-Z0-,15.92,AUD
628289,2024-03-17T10:04:55,2024-03-17,612,33,Retail,Credit Card,COUPONZ99-,1.42,AUD
628341,2024-03-17T00:40:06,2024-03-17,424,23,Online,Credit Card,COUPON0ZAZ,0.04,AUD
628384,2024-03-17T12:37:09,2024-03-17,134,19,Online,Credit Card,COUPONA---,17.49,AUD
628551,2024-03-17T18:50:19,2024-03-17,562,29,Retail,Credit Card,COUPON0---,19.5,AUD
628584,2024-03-17T03:29:57,2024-03-17,163,30,Retail,Credit Card,COUPONAA-A,14.56,AUD
628629,2024-03-17T18:44:13,2024-03-17,365,47,Retail,Afterpay,COUPON-90Z,16.39,AUD
628634,2024-03-17T10:01:47,2024-03-17,649,19,Retail,Afterpay,COUPON9-9-,16.93,AUD
628967,2024-03-17T09:57:28,2024-03-17,324,28,Retail,PayPal,COUPON9Z-Z,12.61,AUD
629014,2024-03-17T02:22:28,2024-03-17,173,15,Online,Afterpay,COUPONA9-Z,10.5,AUD
629029,2024-03-17T21:39:08,2024-03-17,660,33,Retail,Credit Card,COUPON09ZA,9.26,AUD
629166,2024-03-17T11:33:26,2024-03-17,23,14,Online,PayPal,COUPON-Z0Z,6.79,AUD
629384,2024-03-17T01:42:27,2024-03-17,749,24,Retail,PayPal,COUPONZ09Z,7.4,AUD
629556,2024-03-17T09:55:22,2024-03-17,627,4,Retail,Afterpay,COUPON-ZA-,11.89,AUD
629753,2024-03-17T00:26:47,2024-03-17,574,9,Online,PayPal,COUPON0-Z9,0.44,AUD
629811,2024-03-17T18:09:47,2024-03-17,759,12,Retail,Afterpay,COUPONAAZ0,18.57,AUD
629836,2024-03-17T12:08:57,2024-03-17,103,23,Retail,PayPal,COUPON-0-A,11.86,AUD
629917,2024-03-17T23:01:11,2024-03-17,343,10,Online,PayPal,COUPON-Z9Z,15.27,AUD
629932,2024-03-17T02:43:53,2024-03-17,34,3,Retail,Afterpay,COUPONA-90,1.08,AUD
630041,2024-03-17T19:49:37,2024-03-17,260,49,Retail,Afterpay,COUPON-A90,18.33,AUD
630091,2024-03-17T20:56:46,2024-03-17,635,4,Retail,Credit Card,COUPONA-A9,8.74,AUD
630134,2024-03-17T04:00:11,2024-03-17,756,23,Online,PayPal,COUPONZ9A-,3.74,AUD
630187,2024-03-17T11:12:55,2024-03-17,328,40,Online,Afterpay,COUPON0-Z-,11.47,AUD
630274,2024-03-17T13:51:32,2024-03-17,694,12,Online,Credit Card,COUPONZ-Z0,17.79,AUD
630363,2024-03-17T17:29:34,2024-03-17,13,33,Retail,Afterpay,COUPONA0A-,17.3,AUD
630425,2024-03-17T03:08:02,2024-03-17,761,23,Online,Credit Card,COUPON9--A,7.8,AUD
630542,2024-03-17T19:21:54,2024-03-17,613,37,Online,PayPal,COUPON----,14.45,AUD
630609,2024-03-17T04:03:51,2024-03-17,32,25,Online,PayPal,COUPON0ZA9,6.01,AUD
630679,2024-03-17T00:04:46,2024-03-17,444,20,Retail,Afterpay,COUPONA-99,13.13,AUD
630770,2024-03-17T23:05:35,2024-03-17,441,20,Online,PayPal,COUPON9Z00,1.6,AUD
630822,2024-03-17T19:25:52,2024-03-17,668,30,Online,PayPal,COUPON-A99,15.35,AUD
630927,2024-03-17T19:46:27,2024-03-17,701,21,Retail,PayPal,COUPON-000,10.5,AUD
630972,2024-03-17T02:28:07,2024-03-17,764,49,Retail,Afterpay,COUPONAZAA,13.08,AUD
631358,2024-03-17T05:50:24,2024-03-17,344,41,Online,Afterpay,COUPONZ0A-,10.55,AUD
631559,2024-03-17T13:35:27,2024-03-17,402,7,Online,Credit Card,COUPON--0A,7.42,AUD
631939,2024-03-17T13:44:14,2024-03-17,461,9,Retail,Afterpay,COUPONAA0-,2.83,AUD
632066,2024-03-17T01:31:12,2024-03-17,643,41,Online,Afterpay,COUPON--AA,19.93,AUD
632080,2024-03-17T22:26:48,2024-03-17,141,2,Retail,Credit Card,COUPON90A0,12.94,AUD
632116,2024-03-17T11:36:20,2024-03-17,74,12,Retail,Afterpay,COUPON90A9,13.5,AUD
632164,2024-03-17T17:02:59,2024-03-17,674,5,Online,PayPal,COUPONZA-0,17.37,AUD
632443,2024-03-17T18:13:31,2024-03-17,699,8,Online,Credit Card,COUPON-9Z-,13.69,AUD
632457,2024-03-17T11:13:45,2024-03-17,78,30,Retail,Credit Card,COUPON-99Z,5.41,AUD
632554,2024-03-17T22:12:33,2024-03-17,25,24,Retail,PayPal,COUPONAA--,18.64,AUD
632694,2024-03-17T12:26:47,2024-03-17,580,3,Retail,PayPal,COUPONZAA9,17.81,AUD
633007,2024-03-17T12:55:03,2024-03-17,1,43,Online,PayPal,COUPONZ99-,1.49,AUD
633092,2024-03-17T01:42:40,2024-03-17,33,21,Retail,Credit Card,COUPON9-90,1.7,AUD
633261,2024-03-17T13:02:02,2024-03-17,26,5,Retail,Afterpay,COUPONZ90Z,12.92,AUD
633311,2024-03-17T11:35:12,2024-03-17,673,17,Online,Afterpay,COUPON--ZZ,13.18,AUD
633485,2024-03-17T04:48:49,2024-03-17,636,1,Online,PayPal,COUPON9Z-Z,18.73,AUD
633534,2024-03-17T08:04:19,2024-03-17,679,29,Online,PayPal,COUPON0Z90,19.4,AUD
633845,2024-03-17T11:35:41,2024-03-17,693,6,Retail,PayPal,COUPON99A9,17.66,AUD
634251,2024-03-17T15:25:07,2024-03-17,421,17,Retail,Credit Card,COUPONAA-9,17.19,AUD
634315,2024-03-17T15:27:37,2024-03-17,727,10,Online,Credit Card,COUPON-9-Z,2.01,AUD
634415,2024-03-17T07:47:11,2024-03-17,362,3,Retail,Afterpay,COUPON0-Z0,3.53,AUD
634453,2024-03-17T23:44:07,2024-03-17,199,11,Online,Credit Card,COUPON0ZA9,3.08,AUD
634711,2024-03-17T04:27:41,2024-03-17,577,18,Online,PayPal,COUPON--Z-,15.22,AUD
634806,2024-03-17T11:13:42,2024-03-17,693,45,Online,PayPal,COUPON99ZA,10.1,AUD
634837,2024-03-17T10:02:56,2024-03-17,509,24,Retail,PayPal,COUPON-AA9,10.08,AUD
635105,2024-03-17T17:44:09,2024-03-17,419,29,Online,Credit Card,COUPON-9--,16.13,AUD
635126,2024-03-17T03:52:13,2024-03-17,197,35,Retail,PayPal,COUPONZA0-,7.21,AUD
635209,2024-03-17T06:52:50,2024-03-17,42,13,Online,Afterpay,COUPON-Z-0,5.11,AUD
635456,2024-03-17T20:56:13,2024-03-17,275,20,Online,PayPal,COUPON90--,2.16,AUD
635494,2024-03-17T12:44:51,2024-03-17,460,24,Retail,Credit Card,COUPON90-A,9.51,AUD
635716,2024-03-17T09:48:15,2024-03-17,556,31,Retail,Afterpay,COUPON0-0Z,13.78,AUD
635871,2024-03-17T02:24:37,2024-03-17,168,23,Online,Afterpay,COUPON-Z--,16.66,AUD
635932,2024-03-17T01:37:24,2024-03-17,680,30,Online,PayPal,COUPON--90,5.87,AUD
636155,2024-03-17T22:58:49,2024-03-17,252,8,Retail,Afterpay,COUPONZA00,10.72,AUD
636170,2024-03-17T20:21:39,2024-03-17,471,20,Online,PayPal,COUPON-99A,2.35,AUD
636203,2024-03-17T13:59:10,2024-03-17,475,5,Retail,Afterpay,COUPON0-9A,7.82,AUD
636209,2024-03-17T03:58:56,2024-03-17,408,13,Online,Afterpay,COUPON0---,16.97,AUD
636227,2024-03-17T19:57:33,2024-03-17,83,16,Retail,Credit Card,COUPON0090,3.22,AUD
636242,2024-03-17T14:49:59,2024-03-17,300,35,Online,PayPal,COUPONZ9AA,4.03,AUD
636246,2024-03-17T12:33:29,2024-03-17,785,31,Retail,Afterpay,COUPON9-09,13.6,AUD
636294,2024-03-17T23:53:54,2024-03-17,731,44,Online,PayPal,COUPON0-Z0,16.22,AUD
636313,2024-03-17T05:39:53,2024-03-17,780,16,Online,Afterpay,COUPON-Z--,13.45,AUD
636376,2024-03-17T01:44:18,2024-03-17,159,38,Retail,Afterpay,COUPONA---,12.84,AUD
636489,2024-03-17T12:28:38,2024-03-17,546,4,Retail,Credit Card,COUPON9-A-,13.66,AUD
636690,2024-03-17T18:51:35,2024-03-17,501,14,Online,PayPal,COUPON--9Z,17.12,AUD
637052,2024-03-17T05:46:46,2024-03-17,566,44,Online,Credit Card,COUPONZ0A0,14.46,AUD
637219,2024-03-17T14:08:28,2024-03-17,644,31,Retail,PayPal,COUPON0---,15.02,AUD
637226,2024-03-17T15:09:01,2024-03-17,715,40,Online,PayPal,COUPON-09Z,11.84,AUD
637415,2024-03-17T05:07:17,2024-03-17,762,6,Retail,Credit Card,COUPON9A-0,14.64,AUD
637543,2024-03-17T11:48:36,2024-03-17,65,47,Online,Credit Card,COUPON-ZZA,15.37,AUD
637624,2024-03-17T11:25:51,2024-03-17,476,18,Online,Credit Card,COUPON-0-0,14.51,AUD
637716,2024-03-17T13:24:36,2024-03-17,312,44,Retail,Afterpay,COUPON0Z-A,16.55,AUD
637930,2024-03-17T19:23:36,2024-03-17,177,49,Online,Credit Card,COUPON09-Z,6.48,AUD
637974,2024-03-17T17:56:26,2024-03-17,117,8,Retail,Credit Card,COUPONZ0ZZ,0.16,AUD
638076,2024-03-17T20:19:40,2024-03-17,664,12,Online,PayPal,COUPON0Z--,6.78,AUD
638123,2024-03-17T10:59:33,2024-03-17,473,47,Online,PayPal,COUPONA0Z9,4.64,AUD
638157,2024-03-17T13:26:29,2024-03-17,255,34,Retail,Credit Card,COUPONA-Z-,14.29,AUD
638168,2024-03-17T06:34:59,2024-03-17,633,32,Online,Credit Card,COUPON0Z9-,11.17,AUD
638189,2024-03-17T05:20:04,2024-03-17,795,33,Retail,PayPal,COUPON-9--,1.88,AUD
638294,2024-03-17T19:41:59,2024-03-17,607,36,Online,Credit Card,COUPON--0-,13.14,AUD
638637,2024-03-17T02:56:55,2024-03-17,236,19,Online,PayPal,COUPONAA--,12.83,AUD
638665,2024-03-17T20:19:20,2024-03-17,122,35,Retail,PayPal,COUPONA0-0,16.68,AUD
638722,2024-03-17T10:13:46,2024-03-17,479,13,Retail,Credit Card,COUPONA-Z9,9.74,AUD
638830,2024-03-17T11:15:15,2024-03-17,598,34,Online,Afterpay,COUPON---0,13.34,AUD
638839,2024-03-17T21:08:35,2024-03-17,726,37,Retail,Credit Card,COUPON999Z,17.73,AUD
638967,2024-03-17T02:27:44,2024-03-17,271,40,Online,Afterpay,COUPON-A-Z,18.45,AUD
639183,2024-03-17T19:03:40,2024-03-17,386,19,Retail,Afterpay,COUPONZ-A9,10.96,AUD
639196,2024-03-17T18:12:45,2024-03-17,53,28,Online,Afterpay,COUPON9-Z-,12.0,AUD
639330,2024-03-17T03:47:16,2024-03-17,642,7,Online,Afterpay,COUPON9-90,18.47,AUD
639512,2024-03-17T02:06:36,2024-03-17,753,33,Retail,Afterpay,COUPONZ9Z9,10.89,AUD
639693,2024-03-17T16:42:53,2024-03-17,227,13,Retail,Credit Card,COUPONZZ-0,14.85,AUD
639922,2024-03-17T02:42:18,2024-03-17,176,23,Retail,PayPal,COUPON---A,1.13,AUD
640003,2024-03-17T09:10:39,2024-03-17,236,12,Online,Credit Card,COUPON90--,10.43,AUD
640031,2024-03-17T04:32:21,2024-03-17,498,22,Retail,Credit Card,COUPONA0--,11.58,AUD
640171,2024-03-17T10:57:17,2024-03-17,104,30,Retail,PayPal,COUPON0000,6.9,AUD
640172,2024-03-17T17:18:02,2024-03-17,510,40,Online,Afterpay,COUPONA-9-,14.95,AUD
640472,2024-03-17T23:21:36,2024-03-17,239,11,Retail,Afterpay,COUPON-0-A,11.61,AUD
640505,2024-03-17T22:42:03,2024-03-17,465,15,Retail,Credit Card,COUPON----,17.6,AUD
640548,2024-03-17T08:08:24,2024-03-17,461,7,Online,Afterpay,COUPON9A-0,15.26,AUD
640649,2024-03-17T11:43:30,2024-03-17,482,1,Online,Credit Card,COUPON0--A,10.96,AUD
640842,2024-03-17T20:52:30,2024-03-17,456,13,Online,PayPal,COUPONAA9-,14.28,AUD
641082,2024-03-17T10:21:46,2024-03-17,128,42,Online,Afterpay,COUPON-Z-Z,2.72,AUD
641387,2024-03-17T10:42:37,2024-03-17,26,27,Retail,PayPal,COUPON9-90,18.87,AUD
641391,2024-03-17T18:29:30,2024-03-17,141,42,Retail,Afterpay,COUPON0-9Z,19.03,AUD
641433,2024-03-17T17:10:41,2024-03-17,675,44,Online,Credit Card,COUPON-ZA0,12.3,AUD
641638,2024-03-17T14:42:51,2024-03-17,476,12,Retail,Afterpay,COUPON-0--,8.39,AUD
641803,2024-03-17T05:45:10,2024-03-17,687,18,Retail,PayPal,COUPON0A-Z,19.52,AUD
641894,2024-03-17T05:11:49,2024-03-17,356,17,Retail,Afterpay,COUPON--9Z,1.67,AUD
641916,2024-03-17T03:11:43,2024-03-17,221,11,Retail,PayPal,COUPONZZ9Z,15.21,AUD
641962,2024-03-17T09:17:04,2024-03-17,203,11,Retail,Credit Card,COUPON-9--,16.87,AUD
641976,2024-03-17T23:49:40,2024-03-17,416,9,Online,Afterpay,COUPON0ZZ9,13.22,AUD
641995,2024-03-17T04:21:42,2024-03-17,499,39,Online,Credit Card,COUPON0--9,14.95,AUD
642037,2024-03-17T19:45:15,2024-03-17,292,35,Retail,Credit Card,COUPON0A9A,11.08,AUD
642256,2024-03-17T08:22:35,2024-03-17,574,13,Online,Credit Card,COUPON09--,0.32,AUD
642330,2024-03-17T02:13:02,2024-03-17,88,18,Retail,PayPal,COUPON-AAA,10.86,AUD
642350,2024-03-17T02:13:11,2024-03-17,402,38,Retail,Afterpay,COUPON-0A-,4.11,AUD
642492,2024-03-17T07:00:36,2024-03-17,155,18,Online,Afterpay,COUPONAZ0Z,13.71,AUD
642805,2024-03-17T14:45:34,2024-03-17,565,36,Online,PayPal,COUPON9ZZ-,8.39,AUD
643081,2024-03-17T00:40:43,2024-03-17,717,22,Retail,Credit Card,COUPON9-9A,6.72,AUD
643254,2024-03-17T03:31:23,2024-03-17,257,14,Retail,Afterpay,COUPONZ-0Z,6.41,AUD
643331,2024-03-17T21:45:22,2024-03-17,295,32,Retail,PayPal,COUPON9Z9-,6.49,AUD
643384,2024-03-17T04:31:37,2024-03-17,105,10,Online,Afterpay,COUPON--Z0,13.28,AUD
643455,2024-03-17T18:05:37,2024-03-17,591,42,Online,Afterpay,COUPONA9--,8.46,AUD
643767,2024-03-17T04:45:56,2024-03-17,530,38,Online,Afterpay,COUPON-9Z0,14.84,AUD
643773,2024-03-17T03:46:51,2024-03-17,95,11,Retail,Credit Card,COUPONAA0A,8.05,AUD
643892,2024-03-17T11:18:01,2024-03-17,648,21,Retail,Afterpay,COUPONA--9,2.57,AUD
644013,2024-03-17T02:45:17,2024-03-17,642,48,Retail,Credit Card,COUPON---A,3.77,AUD
644042,2024-03-17T06:24:49,2024-03-17,95,17,Retail,Credit Card,COUPON00--,17.11,AUD
644369,2024-03-17T17:53:22,2024-03-17,414,30,Online,Afterpay,COUPON--0-,13.22,AUD
644502,2024-03-17T23:07:13,2024-03-17,142,29,Retail,Credit Card,COUPONZ999,6.34,AUD
644503,2024-03-17T00:26:15,2024-03-17,336,10,Retail,Credit Card,COUPONZ9ZZ,18.02,AUD
644559,2024-03-17T23:43:29,2024-03-17,567,7,Online,Credit Card,COUPONAA9A,7.69,AUD
644657,2024-03-17T14:12:15,2024-03-17,775,10,Online,Afterpay,COUPON-090,15.38,AUD
644838,2024-03-17T19:11:13,2024-03-17,386,39,Online,PayPal,COUPON-A0-,11.62,AUD
644905,2024-03-17T20:22:47,2024-03-17,648,9,Online,Credit Card,COUPON----,9.67,AUD
644981,2024-03-17T17:56:54,2024-03-17,9,2,Online,Afterpay,COUPONZ9-9,18.89,AUD
645010,2024-03-17T19:43:57,2024-03-17,711,25,Online,Afterpay,COUPON-AZA,12.37,AUD
645143,2024-03-17T12:47:12,2024-03-17,97,5,Retail,PayPal,COUPON99AA,7.29,AUD
645202,2024-03-17T07:27:18,2024-03-17,785,37,Online,Afterpay,COUPONZ9--,5.26,AUD
645217,2024-03-17T08:25:59,2024-03-17,268,9,Online,Credit Card,COUPON--A-,0.7,AUD
645490,2024-03-17T10:42:43,2024-03-17,259,17,Online,Credit Card,COUPON0090,17.29,AUD
645611,2024-03-17T13:21:47,2024-03-17,371,4,Online,Afterpay,COUPON00-A,18.62,AUD
645616,2024-03-17T18:20:17,2024-03-17,294,39,Retail,Afterpay,COUPONZ999,2.87,AUD
645648,2024-03-17T22:35:07,2024-03-17,685,47,Online,PayPal,COUPON0AA9,16.1,AUD
645667,2024-03-17T14:09:10,2024-03-17,323,44,Retail,Afterpay,COUPON-9A-,6.76,AUD
645685,2024-03-17T03:15:44,2024-03-17,270,38,Retail,PayPal,COUPON9-9A,12.67,AUD
646097,2024-03-17T10:52:50,2024-03-17,737,46,Retail,Afterpay,COUPON0-00,11.82,AUD
646191,2024-03-17T09:02:47,2024-03-17,554,34,Online,Afterpay,COUPONZ0--,13.88,AUD
646243,2024-03-17T01:19:03,2024-03-17,554,24,Retail,PayPal,COUPON9AZ-,4.28,AUD
646512,2024-03-17T11:55:07,2024-03-17,217,27,Online,PayPal,COUPON9Z-Z,1.2,AUD
646628,2024-03-17T16:31:59,2024-03-17,421,12,Retail,PayPal,COUPON00--,12.07,AUD
646876,2024-03-17T01:36:07,2024-03-17,703,41,Online,Afterpay,COUPON9AAA,1.23,AUD
646891,2024-03-17T09:36:34,2024-03-17,389,25,Online,PayPal,COUPON-AAZ,10.56,AUD
646953,2024-03-17T13:45:15,2024-03-17,618,6,Retail,PayPal,COUPONA--0,5.68,AUD
646987,2024-03-17T09:35:40,2024-03-17,1,8,Retail,Afterpay,COUPON--99,11.0,AUD
646997,2024-03-17T12:25:06,2024-03-17,725,10,Online,Credit Card,COUPON00ZA,13.98,AUD
647053,2024-03-17T03:26:36,2024-03-17,55,22,Retail,Afterpay,COUPONAZ--,19.7,AUD
647124,2024-03-17T07:47:08,2024-03-17,193,5,Online,PayPal,COUPONZ-99,4.98,AUD
647212,2024-03-17T19:03:51,2024-03-17,547,3,Retail,Afterpay,COUPONZ99Z,17.4,AUD
647235,2024-03-17T17:31:34,2024-03-17,485,45,Retail,Credit Card,COUPON--ZA,0.86,AUD
647314,2024-03-17T00:50:31,2024-03-17,609,27,Online,Credit Card,COUPON-Z-9,4.42,AUD
647344,2024-03-17T07:05:36,2024-03-17,51,32,Online,PayPal,COUPONZZZZ,10.54,AUD
647348,2024-03-17T05:16:08,2024-03-17,510,17,Online,PayPal,COUPON-Z-A,3.03,AUD
647389,2024-03-17T14:24:53,2024-03-17,203,39,Retail,Afterpay,COUPON90-9,7.48,AUD
647447,2024-03-17T07:03:29,2024-03-17,644,36,Online,PayPal,COUPON-0AA,15.57,AUD
647575,2024-03-17T13:46:26,2024-03-17,635,3,Retail,Credit Card,COUPON-A--,8.39,AUD
647635,2024-03-17T03:13:00,2024-03-17,463,32,Retail,Afterpay,COUPON9Z00,19.69,AUD
647656,2024-03-17T03:01:30,2024-03-17,413,29,Retail,Credit Card,COUPONA-Z9,15.84,AUD
647865,2024-03-17T10:53:12,2024-03-17,272,44,Online,Credit Card,COUPON---9,13.66,AUD
647939,2024-03-17T17:53:27,2024-03-17,583,43,Retail,PayPal,COUPON0-0A,10.91,AUD
648233,2024-03-17T18:00:43,2024-03-17,693,39,Retail,PayPal,COUPONZ--Z,17.92,AUD
648309,2024-03-17T02:34:36,2024-03-17,282,21,Retail,PayPal,COUPON00--,18.43,AUD
648330,2024-03-17T11:56:57,2024-03-17,735,42,Retail,Afterpay,COUPON--ZA,6.7,AUD
648505,2024-03-17T02:45:27,2024-03-17,131,5,Retail,Afterpay,COUPON-A-0,1.89,AUD
648633,2024-03-17T14:16:23,2024-03-17,479,47,Online,Credit Card,COUPONZAAA,2.83,AUD
648774,2024-03-17T06:32:33,2024-03-17,70,6,Retail,PayPal,COUPONA0-Z,14.48,AUD
648839,2024-03-17T12:40:26,2024-03-17,100,2,Retail,Afterpay,COUPONZ-ZZ,11.32,AUD
648894,2024-03-17T14:54:38,2024-03-17,9,32,Retail,Afterpay,COUPON-Z0-,19.17,AUD
648932,2024-03-17T23:05:57,2024-03-17,706,9,Online,PayPal,COUPON-090,7.32,AUD
648951,2024-03-17T05:50:27,2024-03-17,789,43,Online,Afterpay,COUPONZ---,13.19,AUD
649177,2024-03-17T07:39:37,2024-03-17,411,29,Retail,PayPal,COUPON-9Z9,7.85,AUD
649211,2024-03-17T17:52:20,2024-03-17,168,11,Online,Afterpay,COUPON---Z,3.25,AUD
649340,2024-03-17T17:08:47,2024-03-17,466,48,Online,Credit Card,COUPONZA9-,17.58,AUD
649407,2024-03-17T02:21:36,2024-03-17,136,39,Retail,PayPal,COUPON--AA,9.12,AUD
649456,2024-03-17T03:25:21,2024-03-17,281,30,Retail,PayPal,COUPONZA-Z,5.29,AUD
649506,2024-03-17T21:58:05,2024-03-17,188,4,Retail,Afterpay,COUPON90-A,1.53,AUD
649508,2024-03-17T03:29:02,2024-03-17,700,2,Retail,Afterpay,COUPONA---,17.27,AUD
649513,2024-03-17T03:59:22,2024-03-17,475,3,Online,Credit Card,COUPON----,18.04,AUD
649640,2024-03-17T12:59:04,2024-03-17,327,20,Retail,Credit Card,COUPON---Z,11.39,AUD
649658,2024-03-17T03:36:18,2024-03-17,682,12,Online,Afterpay,COUPONZ999,10.87,AUD
649698,2024-03-17T21:56:06,2024-03-17,573,23,Online,Credit Card,COUPON---9,10.15,AUD
649811,2024-03-17T10:26:33,2024-03-17,734,41,Online,PayPal,COUPON9A0-,15.4,AUD
649866,2024-03-17T23:03:18,2024-03-17,1,19,Retail,PayPal,COUPON-9-A,4.96,AUD
649901,2024-03-17T15:57:51,2024-03-17,485,37,Online,Credit Card,COUPONA0--,14.94,AUD
649907,2024-03-17T07:59:31,2024-03-17,215,48,Retail,Credit Card,COUPON0A0-,7.05,AUD
649988,2024-03-17T23:17:21,2024-03-17,386,37,Online,Credit Card,COUPONZ99Z,13.59,AUD
650047,2024-03-17T07:21:55,2024-03-17,629,33,Retail,Credit Card,COUPON9-99,2.98,AUD
650126,2024-03-17T12:24:52,2024-03-17,303,43,Retail,Credit Card,COUPON0Z00,14.81,AUD
650237,2024-03-17T12:29:34,2024-03-17,205,2,Online,Credit Card,COUPON00Z-,1.49,AUD
650297,2024-03-17T21:21:47,2024-03-17,179,49,Online,Credit Card,COUPONZ-00,7.95,AUD
650303,2024-03-17T08:27:10,2024-03-17,149,38,Retail,Afterpay,COUPON0A-A,8.09,AUD
650560,2024-03-17T20:31:05,2024-03-17,451,9,Online,PayPal,COUPONZ--0,13.08,AUD
650611,2024-03-17T07:46:22,2024-03-17,178,10,Retail,PayPal,COUPONZ-A-,2.81,AUD
650680,2024-03-17T08:04:32,2024-03-17,57,19,Online,Credit Card,COUPONZ-A9,5.72,AUD
650906,2024-03-17T04:13:00,2024-03-17,695,10,Retail,Credit Card,COUPON-A--,4.73,AUD
650922,2024-03-17T12:24:22,2024-03-17,683,44,Online,PayPal,COUPON9AA0,11.3,AUD
651014,2024-03-17T06:21:12,2024-03-17,413,37,Retail,Credit Card,COUPON-Z-0,12.75,AUD
651106,2024-03-17T07:00:26,2024-03-17,19,27,Online,Afterpay,COUPON0-A0,4.47,AUD
651156,2024-03-17T21:00:04,2024-03-17,425,36,Retail,Afterpay,COUPONA9Z-,13.91,AUD
651236,2024-03-17T03:06:39,2024-03-17,726,33,Retail,Credit Card,COUPON-Z0-,2.81,AUD
651242,2024-03-17T10:33:40,2024-03-17,360,23,Online,Afterpay,COUPON-A0-,6.72,AUD
651312,2024-03-17T06:27:51,2024-03-17,788,28,Online,PayPal,COUPONA--Z,0.48,AUD
651364,2024-03-17T00:26:07,2024-03-17,772,49,Online,Credit Card,COUPON9Z--,15.61,AUD
651473,2024-03-17T08:08:34,2024-03-17,361,8,Retail,Credit Card,COUPON-AAZ,13.98,AUD
651639,2024-03-17T07:11:48,2024-03-17,350,42,Online,Credit Card,COUPON9-A-,16.15,AUD
651826,2024-03-17T18:21:14,2024-03-17,312,45,Online,PayPal,COUPON9909,10.31,AUD
651889,2024-03-17T07:06:04,2024-03-17,232,14,Online,PayPal,COUPON-9AZ,16.67,AUD
652129,2024-03-17T22:39:05,2024-03-17,223,3,Online,PayPal,COUPONZ-9-,1.77,AUD
652300,2024-03-17T17:05:34,2024-03-17,150,47,Online,Credit Card,COUPON9A9-,19.91,AUD
652398,2024-03-17T01:48:49,2024-03-17,446,16,Online,Credit Card,COUPON-A-9,10.73,AUD
652453,2024-03-17T05:19:47,2024-03-17,135,19,Online,PayPal,COUPONZ-A0,2.01,AUD
652456,2024-03-17T05:02:59,2024-03-17,30,19,Retail,Afterpay,COUPONZZ09,15.35,AUD
652482,2024-03-17T00:27:47,2024-03-17,355,43,Retail,PayPal,COUPON--AA,10.24,AUD
652739,2024-03-17T20:40:59,2024-03-17,427,22,Retail,PayPal,COUPON0--A,9.81,AUD
652819,2024-03-17T15:15:01,2024-03-17,324,9,Retail,Afterpay,COUPON000Z,6.28,AUD
652866,2024-03-17T22:49:14,2024-03-17,519,10,Online,PayPal,COUPON0-0-,0.52,AUD
652912,2024-03-17T12:53:00,2024-03-17,356,7,Online,PayPal,COUPONAZZ0,18.92,AUD
653051,2024-03-17T19:36:46,2024-03-17,550,26,Retail,PayPal,COUPON9099,0.73,AUD
653156,2024-03-17T19:34:50,2024-03-17,373,8,Retail,PayPal,COUPONA---,10.55,AUD
653218,2024-03-17T17:35:56,2024-03-17,508,22,Online,Credit Card,COUPON9-AA,4.93,AUD
653509,2024-03-17T03:35:55,2024-03-17,323,27,Online,Credit Card,COUPON9Z-9,4.71,AUD
653519,2024-03-17T01:50:09,2024-03-17,42,30,Retail,Afterpay,COUPON0-00,8.44,AUD
653681,2024-03-17T16:23:25,2024-03-17,554,29,Retail,Credit Card,COUPONA9-9,2.97,AUD
653685,2024-03-17T21:52:22,2024-03-17,193,20,Retail,PayPal,COUPON-Z--,13.62,AUD
654085,2024-03-17T03:01:53,2024-03-17,641,8,Retail,Afterpay,COUPON-0Z-,13.74,AUD
654239,2024-03-17T17:09:17,2024-03-17,541,22,Online,Credit Card,COUPON9-90,18.33,AUD
654298,2024-03-17T16:54:43,2024-03-17,114,8,Online,Credit Card,COUPONZ99A,1.49,AUD
654316,2024-03-17T22:01:31,2024-03-17,723,47,Online,Afterpay,COUPON-09Z,5.34,AUD
654609,2024-03-17T14:45:38,2024-03-17,129,41,Online,Afterpay,COUPON--9-,13.15,AUD
654708,2024-03-17T02:03:12,2024-03-17,333,39,Online,Credit Card,COUPON999-,0.01,AUD
654774,2024-03-17T21:23:16,2024-03-17,15,31,Retail,Credit Card,COUPON--9-,3.98,AUD
654791,2024-03-17T02:39:09,2024-03-17,25,12,Online,Afterpay,COUPON-9--,13.46,AUD
654869,2024-03-17T13:09:31,2024-03-17,558,24,Online,Credit Card,COUPON9-9A,16.67,AUD
654926,2024-03-17T00:07:08,2024-03-17,287,11,Retail,Afterpay,COUPONZZZA,2.68,AUD
655178,2024-03-17T05:46:19,2024-03-17,540,44,Online,Credit Card,COUPON--A0,19.57,AUD
655223,2024-03-17T16:22:21,2024-03-17,318,30,Retail,Credit Card,COUPONZA-A,16.88,AUD
655375,2024-03-17T20:56:05,2024-03-17,575,45,Online,Afterpay,COUPON0Z00,10.58,AUD
655603,2024-03-17T17:25:45,2024-03-17,46,22,Retail,Credit Card,COUPON-A00,10.31,AUD
655676,2024-03-17T15:56:04,2024-03-17,398,38,Retail,Credit Card,COUPONA---,2.3,AUD
655679,2024-03-17T03:27:31,2024-03-17,115,13,Online,Afterpay,COUPONA--A,17.29,AUD
655758,2024-03-17T22:45:02,2024-03-17,330,1,Retail,Afterpay,COUPON--Z-,8.39,AUD
655849,2024-03-17T00:05:41,2024-03-17,290,34,Retail,PayPal,COUPON-00A,14.63,AUD
655904,2024-03-17T21:32:49,2024-03-17,791,45,Retail,Credit Card,COUPON0ZA0,18.33,AUD
656019,2024-03-17T17:08:17,2024-03-17,707,3,Retail,PayPal,COUPON9ZZ0,16.48,AUD
656028,2024-03-17T15:00:20,2024-03-17,116,13,Online,Credit Card,COUPON-Z-9,4.55,AUD
656045,2024-03-17T06:20:05,2024-03-17,624,35,Online,Credit Card,COUPON99Z9,0.86,AUD
656102,2024-03-17T20:27:15,2024-03-17,3,30,Retail,Afterpay,COUPONA-ZA,4.49,AUD
656247,2024-03-17T20:41:53,2024-03-17,770,46,Retail,Credit Card,COUPON0A9-,12.3,AUD
656250,2024-03-17T04:34:32,2024-03-17,421,5,Online,Credit Card,COUPON9AA-,6.52,AUD
656362,2024-03-17T09:06:54,2024-03-17,196,13,Retail,Afterpay,COUPON-A9Z,11.61,AUD
656505,2024-03-17T01:54:10,2024-03-17,95,18,Online,Afterpay,COUPON0-A-,7.96,AUD
656560,2024-03-17T05:46:28,2024-03-17,651,29,Online,PayPal,COUPONAZ--,5.28,AUD
656595,2024-03-17T11:35:25,2024-03-17,306,1,Online,Afterpay,COUPONAA-0,9.03,AUD
656730,2024-03-17T08:20:37,2024-03-17,69,3,Online,PayPal,COUPON-Z--,18.17,AUD
656783,2024-03-17T00:35:28,2024-03-17,244,4,Retail,Afterpay,COUPON0AZ0,7.74,AUD
657032,2024-03-17T01:16:33,2024-03-17,595,26,Retail,Afterpay,COUPON90A-,1.64,AUD
657194,2024-03-17T16:13:01,2024-03-17,399,41,Online,PayPal,COUPONZ0-Z,18.25,AUD
657249,2024-03-17T18:52:37,2024-03-17,307,2,Retail,Credit Card,COUPONZA9-,16.12,AUD
657360,2024-03-17T13:57:38,2024-03-17,368,28,Retail,Credit Card,COUPONA0AZ,9.17,AUD
657501,2024-03-17T00:48:02,2024-03-17,391,45,Online,Credit Card,COUPONA9A0,14.41,AUD
657604,2024-03-17T05:35:31,2024-03-17,563,20,Retail,Afterpay,COUPON--9-,10.42,AUD
657745,2024-03-17T13:23:11,2024-03-17,786,8,Retail,PayPal,COUPONAA-0,4.81,AUD
657781,2024-03-17T08:52:37,2024-03-17,124,24,Online,Afterpay,COUPON0-0A,18.24,AUD
657795,2024-03-17T21:40:57,2024-03-17,735,49,Retail,PayPal,COUPON-AZZ,4.94,AUD
657849,2024-03-17T14:50:19,2024-03-17,101,36,Online,PayPal,COUPON-A-0,10.74,AUD
658009,2024-03-17T00:46:41,2024-03-17,564,49,Online,PayPal,COUPON-9A-,12.71,AUD
658126,2024-03-17T13:57:40,2024-03-17,636,37,Retail,Credit Card,COUPON0--A,16.49,AUD
658132,2024-03-17T14:34:20,2024-03-17,280,40,Online,Credit Card,COUPON-999,16.96,AUD
658205,2024-03-17T05:32:16,2024-03-17,177,25,Retail,Credit Card,COUPON9-Z-,19.43,AUD
658429,2024-03-17T15:57:19,2024-03-17,345,19,Retail,Afterpay,COUPONAZZ9,8.54,AUD
658491,2024-03-17T23:07:25,2024-03-17,133,45,Retail,PayPal,COUPON0Z-Z,18.91,AUD
658647,2024-03-17T23:29:30,2024-03-17,197,29,Online,Credit Card,COUPON-ZZ0,6.98,AUD
658661,2024-03-17T20:38:22,2024-03-17,56,46,Online,Credit Card,COUPONZ9ZA,5.39,AUD
658675,2024-03-17T18:28:50,2024-03-17,422,31,Online,Credit Card,COUPON9A-9,10.02,AUD
658714,2024-03-17T04:06:14,2024-03-17,613,16,Online,Afterpay,COUPON9Z9Z,3.05,AUD
659033,2024-03-17T21:24:45,2024-03-17,208,47,Online,Afterpay,COUPON0ZZ9,1.65,AUD
659318,2024-03-17T07:41:40,2024-03-17,52,8,Online,Afterpay,COUPON9--9,3.09,AUD
659416,2024-03-17T16:31:08,2024-03-17,107,38,Online,PayPal,COUPON-Z0-,16.99,AUD
659463,2024-03-17T22:05:37,2024-03-17,680,12,Online,Credit Card,COUPON--AA,14.25,AUD
659535,2024-03-17T23:28:38,2024-03-17,251,40,Retail,PayPal,COUPON9-9-,7.77,AUD
659537,2024-03-17T07:11:14,2024-03-17,496,12,Retail,PayPal,COUPON09Z9,15.08,AUD
659682,2024-03-17T10:07:39,2024-03-17,495,38,Retail,Afterpay,COUPONZ--Z,0.04,AUD
659791,2024-03-17T18:36:08,2024-03-17,366,24,Retail,PayPal,COUPONAZA-,5.96,AUD
659794,2024-03-17T10:12:04,2024-03-17,707,15,Online,PayPal,COUPON-ZZZ,7.72,AUD
659832,2024-03-17T09:07:14,2024-03-17,608,12,Online,Credit Card,COUPON0AA-,8.57,AUD
659893,2024-03-17T07:55:11,2024-03-17,546,27,Online,Afterpay,COUPONZ-Z-,1.73,AUD
659960,2024-03-17T05:53:43,2024-03-17,167,21,Online,Afterpay,COUPON-9A9,18.93,AUD
660004,2024-03-17T01:37:12,2024-03-17,466,36,Retail,PayPal,COUPONAA-Z,5.38,AUD
660020,2024-03-17T12:51:03,2024-03-17,130,4,Retail,Credit Card,COUPONA0A-,11.26,AUD
660137,2024-03-17T09:39:50,2024-03-17,557,24,Retail,Credit Card,COUPON00Z-,8.16,AUD
660165,2024-03-17T19:13:08,2024-03-17,434,48,Retail,Credit Card,COUPON99--,12.97,AUD
660381,2024-03-17T21:43:20,2024-03-17,655,9,Retail,Afterpay,COUPON-Z9-,18.47,AUD
660430,2024-03-17T14:46:02,2024-03-17,629,39,Online,Credit Card,COUPONAAZ-,6.69,AUD
660501,2024-03-17T00:54:08,2024-03-17,623,18,Online,Afterpay,COUPONA00-,11.08,AUD
660543,2024-03-17T14:04:03,2024-03-17,647,35,Retail,PayPal,COUPON-00A,14.14,AUD
660546,2024-03-17T02:11:01,2024-03-17,213,25,Online,PayPal,COUPON-AZ-,3.24,AUD
660713,2024-03-17T22:18:59,2024-03-17,392,30,Retail,Afterpay,COUPON0ZZ-,0.44,AUD
660858,2024-03-17T17:25:28,2024-03-17,589,24,Retail,Credit Card,COUPON-ZAZ,12.47,AUD
660991,2024-03-17T13:45:50,2024-03-17,472,39,Online,PayPal,COUPON0009,10.66,AUD
661020,2024-03-17T21:47:04,2024-03-17,596,13,Online,Afterpay,COUPONZZ--,14.98,AUD
661151,2024-03-17T19:36:56,2024-03-17,63,37,Online,Afterpay,COUPONAZ--,7.66,AUD
661205,2024-03-17T14:09:52,2024-03-17,84,41,Online,Credit Card,COUPON-A9-,7.14,AUD
661278,2024-03-17T18:54:31,2024-03-17,789,1,Retail,PayPal,COUPON-A0Z,15.56,AUD
661724,2024-03-17T12:05:55,2024-03-17,430,8,Online,Afterpay,COUPONZ9-Z,13.62,AUD
661777,2024-03-17T04:08:53,2024-03-17,314,12,Retail,Afterpay,COUPON0AZ0,12.07,AUD
661878,2024-03-17T22:06:12,2024-03-17,342,31,Retail,Credit Card,COUPON9ZAZ,7.77,AUD
661883,2024-03-17T10:54:09,2024-03-17,670,44,Retail,Credit Card,COUPONZ-0Z,7.86,AUD
662060,2024-03-17T21:23:17,2024-03-17,675,46,Retail,PayPal,COUPON0A9Z,11.83,AUD
662138,2024-03-17T12:27:21,2024-03-17,77,10,Online,Credit Card,COUPON-AZ-,1.51,AUD
662193,2024-03-17T04:12:57,2024-03-17,787,39,Retail,Credit Card,COUPONA9ZA,18.01,AUD
662514,2024-03-17T00:02:25,2024-03-17,25,27,Online,PayPal,COUPONZZA-,3.7,AUD
662541,2024-03-17T04:23:39,2024-03-17,635,46,Online,Afterpay,COUPON-9Z9,14.75,AUD
662569,2024-03-17T06:26:03,2024-03-17,789,44,Retail,Credit Card,COUPONA9-0,10.56,AUD
662600,2024-03-17T10:19:56,2024-03-17,772,42,Online,PayPal,COUPON-ZZ9,2.34,AUD
662735,2024-03-17T01:29:27,2024-03-17,70,25,Online,Credit Card,COUPON-0Z-,18.47,AUD
662742,2024-03-17T09:03:01,2024-03-17,783,44,Online,PayPal,COUPON-AA-,1.52,AUD
662759,2024-03-17T14:38:16,2024-03-17,624,29,Retail,Afterpay,COUPON-Z9-,9.72,AUD
662814,2024-03-17T18:37:58,2024-03-17,784,37,Online,Afterpay,COUPONAA0-,13.34,AUD
662838,2024-03-17T13:47:58,2024-03-17,719,17,Retail,Afterpay,COUPON--Z-,9.3,AUD
662984,2024-03-17T11:49:15,2024-03-17,158,15,Retail,Afterpay,COUPON--Z9,9.07,AUD
663040,2024-03-17T11:28:28,2024-03-17,6,24,Retail,PayPal,COUPON--9-,16.98,AUD
663170,2024-03-17T21:00:14,2024-03-17,401,7,Online,Credit Card,COUPON-9Z0,17.29,AUD
663460,2024-03-17T06:40:37,2024-03-17,333,23,Retail,PayPal,COUPON-00-,2.86,AUD
663500,2024-03-17T03:43:30,2024-03-17,238,48,Retail,Afterpay,COUPON-Z-A,7.85,AUD
663634,2024-03-17T11:49:28,2024-03-17,171,20,Retail,PayPal,COUPONA-90,14.54,AUD
663654,2024-03-17T01:29:56,2024-03-17,661,39,Online,PayPal,COUPON0--9,9.23,AUD
663747,2024-03-17T07:52:36,2024-03-17,6,1,Retail,PayPal,COUPONZ9ZZ,12.87,AUD
663888,2024-03-17T16:43:10,2024-03-17,490,33,Online,Afterpay,COUPON9AZ9,1.94,AUD
663889,2024-03-17T01:56:51,2024-03-17,544,22,Retail,Afterpay,COUPON-0AZ,16.93,AUD
663978,2024-03-17T08:47:11,2024-03-17,292,48,Retail,Afterpay,COUPON9--9,18.35,AUD
664036,2024-03-17T20:00:06,2024-03-17,452,37,Retail,Credit Card,COUPON9-9Z,4.2,AUD
664216,2024-03-17T09:18:14,2024-03-17,144,41,Online,PayPal,COUPONAA--,1.2,AUD
664237,2024-03-17T12:21:08,2024-03-17,229,28,Online,Afterpay,COUPON---A,6.31,AUD
664343,2024-03-17T17:58:26,2024-03-17,344,10,Online,Credit Card,COUPONZ990,8.41,AUD
664390,2024-03-17T17:38:33,2024-03-17,796,49,Online,Afterpay,COUPONA00A,5.16,AUD
664534,2024-03-17T04:40:58,2024-03-17,766,20,Retail,PayPal,COUPON0A9A,7.41,AUD
664758,2024-03-17T01:28:34,2024-03-17,682,44,Online,Credit Card,COUPON--9-,16.9,AUD
664887,2024-03-17T04:21:54,2024-03-17,166,8,Retail,Afterpay,COUPON0Z99,10.0,AUD
664910,2024-03-17T12:50:45,2024-03-17,465,12,Retail,Credit Card,COUPON9AA0,9.1,AUD
664984,2024-03-17T15:15:25,2024-03-17,74,36,Retail,Credit Card,COUPON90AA,16.2,AUD
665062,2024-03-17T00:33:52,2024-03-17,709,10,Retail,Afterpay,COUPONZ-9A,2.75,AUD
665101,2024-03-17T05:22:57,2024-03-17,74,19,Online,Afterpay,COUPONZ99-,4.89,AUD
665135,2024-03-17T14:19:05,2024-03-17,53,43,Retail,Afterpay,COUPONZZZ0,0.03,AUD
665364,2024-03-17T15:13:56,2024-03-17,146,47,Retail,Afterpay,COUPONZ-99,18.62,AUD
665430,2024-03-17T07:31:14,2024-03-17,302,27,Online,Credit Card,COUPON99A9,2.53,AUD
665643,2024-03-17T13:18:05,2024-03-17,59,16,Online,PayPal,COUPON----,10.67,AUD
665656,2024-03-17T08:25:21,2024-03-17,175,2,Retail,Credit Card,COUPON9-A-,11.03,AUD
665746,2024-03-17T08:27:15,2024-03-17,438,6,Online,PayPal,COUPON0ZZZ,19.99,AUD
665785,2024-03-17T05:48:15,2024-03-17,236,23,Online,PayPal,COUPONA-00,13.65,AUD
665878,2024-03-17T02:02:26,2024-03-17,301,45,Retail,PayPal,COUPON00Z0,2.85,AUD
666019,2024-03-17T03:17:35,2024-03-17,734,16,Online,Afterpay,COUPON---0,0.73,AUD
666249,2024-03-17T22:01:53,2024-03-17,109,43,Online,Afterpay,COUPON----,17.95,AUD
666285,2024-03-17T13:43:23,2024-03-17,558,26,Retail,PayPal,COUPONZA-0,0.1,AUD
666346,2024-03-17T15:57:41,2024-03-17,703,49,Online,Credit Card,COUPON00-9,0.07,AUD
666466,2024-03-17T12:03:28,2024-03-17,246,48,Retail,PayPal,COUPONZA-Z,3.56,AUD
666566,2024-03-17T10:15:15,2024-03-17,671,40,Online,Credit Card,COUPONA0A9,15.93,AUD
666881,2024-03-17T12:09:21,2024-03-17,155,26,Online,PayPal,COUPON9A--,2.96,AUD
666884,2024-03-17T03:51:46,2024-03-17,507,48,Online,PayPal,COUPON0Z--,5.2,AUD
666992,2024-03-17T16:45:43,2024-03-17,451,10,Retail,Credit Card,COUPON9990,11.71,AUD
667331,2024-03-17T18:23:06,2024-03-17,109,42,Online,Afterpay,COUPON---0,1.55,AUD
667445,2024-03-17T19:40:54,2024-03-17,98,28,Retail,Afterpay,COUPON9AAZ,8.77,AUD
667454,2024-03-17T19:07:49,2024-03-17,308,21,Online,Afterpay,COUPON99Z-,19.52,AUD
667539,2024-03-17T15:34:11,2024-03-17,466,49,Online,Credit Card,COUPONA9-A,0.42,AUD
667547,2024-03-17T01:34:24,2024-03-17,792,47,Online,PayPal,COUPONA-ZA,7.11,AUD
667559,2024-03-17T15:17:58,2024-03-17,298,21,Online,Afterpay,COUPONZA--,19.18,AUD
667575,2024-03-17T14:45:13,2024-03-17,752,3,Online,Afterpay,COUPON0A09,14.23,AUD
667997,2024-03-17T04:41:27,2024-03-17,503,45,Retail,Afterpay,COUPONZ-99,17.64,AUD
668215,2024-03-17T18:03:50,2024-03-17,88,40,Online,Credit Card,COUPON--Z-,2.19,AUD
668532,2024-03-17T19:04:51,2024-03-17,125,25,Retail,PayPal,COUPONZ-9-,15.52,AUD
668560,2024-03-17T09:10:50,2024-03-17,16,4,Retail,Credit Card,COUPON9---,1.14,AUD
668727,2024-03-17T17:06:07,2024-03-17,507,4,Retail,Afterpay,COUPONA9-Z,10.34,AUD
668765,2024-03-17T04:31:47,2024-03-17,630,16,Online,Credit Card,COUPON0Z0Z,3.42,AUD
668918,2024-03-17T03:32:10,2024-03-17,372,32,Retail,Afterpay,COUPONAA--,18.41,AUD
669229,2024-03-17T03:42:11,2024-03-17,303,48,Online,Credit Card,COUPON-900,15.46,AUD
669261,2024-03-17T05:02:01,2024-03-17,110,25,Retail,PayPal,COUPON09A9,8.97,AUD
669316,2024-03-17T19:47:37,2024-03-17,287,6,Online,Afterpay,COUPONA-ZZ,19.07,AUD
669330,2024-03-17T14:22:43,2024-03-17,212,11,Retail,Credit Card,COUPON--9Z,18.38,AUD
669376,2024-03-17T08:45:51,2024-03-17,102,49,Online,PayPal,COUPON00Z-,2.28,AUD
669382,2024-03-17T03:36:06,2024-03-17,374,46,Online,Credit Card,COUPON--A-,5.1,AUD
669404,2024-03-17T21:01:15,2024-03-17,138,2,Retail,PayPal,COUPON000Z,1.48,AUD
669434,2024-03-17T04:59:34,2024-03-17,761,27,Retail,Credit Card,COUPON9ZA9,16.26,AUD
669440,2024-03-17T10:56:43,2024-03-17,708,8,Retail,Afterpay,COUPON990-,1.75,AUD
669472,2024-03-17T03:11:50,2024-03-17,483,44,Online,Afterpay,COUPON9A-9,9.09,AUD
669523,2024-03-17T12:25:28,2024-03-17,340,20,Retail,Afterpay,COUPON-9-Z,15.33,AUD
669524,2024-03-17T14:38:35,2024-03-17,435,9,Online,Credit Card,COUPON-Z-0,17.42,AUD
669689,2024-03-17T00:39:31,2024-03-17,512,22,Retail,Afterpay,COUPON-Z-9,11.02,AUD
669813,2024-03-17T08:59:24,2024-03-17,219,27,Retail,Afterpay,COUPON----,11.78,AUD
670103,2024-03-17T06:45:27,2024-03-17,422,19,Online,PayPal,COUPON99-Z,15.29,AUD
670233,2024-03-17T22:08:37,2024-03-17,330,6,Retail,PayPal,COUPON-A90,11.15,AUD
670291,2024-03-17T03:17:44,2024-03-17,214,42,Retail,Afterpay,COUPONA00-,2.99,AUD
670376,2024-03-17T09:55:00,2024-03-17,287,1,Retail,PayPal,COUPON0Z-0,1.18,AUD
670453,2024-03-17T12:12:52,2024-03-17,589,32,Online,Credit Card,COUPONZ--9,19.66,AUD
670526,2024-03-17T00:34:13,2024-03-17,624,48,Retail,PayPal,COUPONZA-Z,19.11,AUD
670552,2024-03-17T19:54:01,2024-03-17,740,9,Online,Afterpay,COUPON-A00,17.14,AUD
670726,2024-03-17T23:01:25,2024-03-17,573,19,Retail,Credit Card,COUPONZ---,11.97,AUD
670758,2024-03-17T18:22:55,2024-03-17,732,32,Retail,Credit Card,COUPON0Z-9,17.77,AUD
671003,2024-03-17T17:09:51,2024-03-17,133,8,Retail,Afterpay,COUPON999-,5.36,AUD
671030,2024-03-17T13:55:05,2024-03-17,589,36,Online,PayPal,COUPON99--,5.14,AUD
671060,2024-03-17T03:26:20,2024-03-17,565,38,Online,Afterpay,COUPON9-ZZ,0.14,AUD
671116,2024-03-17T05:22:46,2024-03-17,651,22,Retail,PayPal,COUPON00-9,9.41,AUD
671157,2024-03-17T17:06:46,2024-03-17,512,32,Retail,Afterpay,COUPON90A-,2.36,AUD
671179,2024-03-17T04:14:21,2024-03-17,514,9,Online,Afterpay,COUPONA0A9,8.89,AUD
671275,2024-03-17T20:02:06,2024-03-17,636,45,Retail,Credit Card,COUPONZ-99,12.2,AUD
671412,2024-03-17T03:24:27,2024-03-17,343,11,Online,PayPal,COUPON-AA-,17.54,AUD
671541,2024-03-17T22:05:59,2024-03-17,405,7,Online,Credit Card,COUPON-9AZ,1.52,AUD
671613,2024-03-17T02:16:04,2024-03-17,697,2,Retail,Afterpay,COUPON9--0,16.1,AUD
671792,2024-03-17T23:39:44,2024-03-17,665,4,Retail,PayPal,COUPON-Z-Z,18.08,AUD
671864,2024-03-17T09:55:03,2024-03-17,204,25,Online,Credit Card,COUPON9-0A,13.57,AUD
671922,2024-03-17T18:28:15,2024-03-17,726,5,Retail,Afterpay,COUPON--Z-,15.1,AUD
672061,2024-03-17T02:50:26,2024-03-17,315,10,Online,Afterpay,COUPON0-ZZ,13.63,AUD
672287,2024-03-17T20:26:28,2024-03-17,416,12,Online,Afterpay,COUPON0-Z9,7.63,AUD
672342,2024-03-17T14:03:53,2024-03-17,662,48,Online,Afterpay,COUPONAZ-9,14.17,AUD
672441,2024-03-17T23:29:19,2024-03-17,228,4,Online,Credit Card,COUPON0ZA-,12.98,AUD
672531,2024-03-17T02:17:04,2024-03-17,206,1,Online,Credit Card,COUPON-09-,17.94,AUD
672665,2024-03-17T01:25:42,2024-03-17,263,48,Retail,Afterpay,COUPON00--,6.12,AUD
672686,2024-03-17T20:28:51,2024-03-17,217,17,Retail,Afterpay,COUPON0-ZZ,1.62,AUD
672773,2024-03-17T16:19:36,2024-03-17,581,17,Online,PayPal,COUPONZ0--,16.25,AUD
673537,2024-03-17T20:16:56,2024-03-17,652,30,Online,Credit Card,COUPON0-AZ,6.53,AUD
673559,2024-03-17T16:46:43,2024-03-17,268,19,Retail,Afterpay,COUPON9A9-,2.09,AUD
673695,2024-03-17T00:42:08,2024-03-17,757,49,Retail,PayPal,COUPON0Z0Z,10.38,AUD
673714,2024-03-17T19:52:00,2024-03-17,367,26,Online,Afterpay,COUPONZZ-Z,4.9,AUD
673750,2024-03-17T07:29:20,2024-03-17,221,34,Online,PayPal,COUPONZA-9,7.19,AUD
673947,2024-03-17T15:13:31,2024-03-17,533,14,Retail,Afterpay,COUPON90ZZ,13.62,AUD
673981,2024-03-17T13:29:47,2024-03-17,588,37,Online,PayPal,COUPON990A,16.04,AUD
674033,2024-03-17T21:54:38,2024-03-17,465,22,Online,PayPal,COUPON0A0Z,16.36,AUD
674177,2024-03-17T03:34:17,2024-03-17,593,2,Online,Afterpay,COUPON0099,18.88,AUD
674618,2024-03-17T05:20:07,2024-03-17,553,38,Retail,PayPal,COUPON--Z-,10.05,AUD
674816,2024-03-17T14:53:21,2024-03-17,123,14,Retail,PayPal,COUPON-A9A,6.72,AUD
674843,2024-03-17T20:43:58,2024-03-17,173,10,Online,Afterpay,COUPON0---,7.27,AUD
674962,2024-03-17T10:31:35,2024-03-17,45,44,Retail,Afterpay,COUPONZ-0A,18.26,AUD
675083,2024-03-17T23:47:16,2024-03-17,344,2,Retail,Afterpay,COUPON---0,18.19,AUD
675096,2024-03-17T07:44:43,2024-03-17,306,1,Retail,PayPal,COUPON-Z9A,5.1,AUD
675099,2024-03-17T23:29:35,2024-03-17,771,32,Online,Afterpay,COUPON90--,1.97,AUD
675122,2024-03-17T23:57:37,2024-03-17,51,14,Retail,Afterpay,COUPON-99Z,6.37,AUD
675209,2024-03-17T07:04:01,2024-03-17,700,20,Retail,PayPal,COUPON9--A,18.86,AUD
675263,2024-03-17T05:21:23,2024-03-17,757,32,Online,Credit Card,COUPON-0ZA,14.12,AUD
675414,2024-03-17T23:30:23,2024-03-17,144,5,Online,PayPal,COUPONZA-9,1.56,AUD
675550,2024-03-17T03:41:17,2024-03-17,686,22,Online,PayPal,COUPONZ-0A,0.57,AUD
675730,2024-03-17T09:06:30,2024-03-17,723,29,Online,PayPal,COUPON-9-Z,18.24,AUD
675743,2024-03-17T02:20:22,2024-03-17,454,45,Retail,Credit Card,COUPON9-9-,16.5,AUD
675812,2024-03-17T16:40:48,2024-03-17,198,45,Online,Afterpay,COUPONA90Z,14.95,AUD
675820,2024-03-17T03:43:45,2024-03-17,115,36,Retail,PayPal,COUPON--00,16.63,AUD
675831,2024-03-17T18:53:33,2024-03-17,714,23,Retail,Credit Card,COUPON9A-A,9.48,AUD
675949,2024-03-17T05:01:42,2024-03-17,291,12,Online,Afterpay,COUPONAA-9,17.03,AUD
675963,2024-03-17T05:41:11,2024-03-17,21,30,Retail,Credit Card,COUPON--A0,16.38,AUD
676025,2024-03-17T06:35:18,2024-03-17,577,42,Online,PayPal,COUPONZAA9,4.52,AUD
676046,2024-03-17T14:19:53,2024-03-17,692,14,Online,Credit Card,COUPON--Z-,2.39,AUD
676086,2024-03-17T20:35:14,2024-03-17,290,32,Retail,Afterpay,COUPON-AZA,5.57,AUD
676150,2024-03-17T22:12:34,2024-03-17,539,20,Retail,Credit Card,COUPONZZA9,11.03,AUD
676159,2024-03-17T05:12:37,2024-03-17,638,7,Online,Afterpay,COUPON9---,5.3,AUD
676248,2024-03-17T20:16:07,2024-03-17,236,1,Retail,PayPal,COUPONA-9Z,4.65,AUD
676365,2024-03-17T20:18:04,2024-03-17,532,20,Online,Afterpay,COUPON0Z-A,5.58,AUD
676406,2024-03-17T00:45:08,2024-03-17,19,30,Online,PayPal,COUPON-9Z0,11.79,AUD
676433,2024-03-17T13:45:26,2024-03-17,192,28,Online,Afterpay,COUPON9-9-,19.31,AUD
676628,2024-03-17T04:36:23,2024-03-17,416,21,Online,PayPal,COUPON--9-,6.78,AUD
676695,2024-03-17T07:05:03,2024-03-17,538,45,Retail,PayPal,COUPONZZ0A,4.61,AUD
676738,2024-03-17T00:02:29,2024-03-17,231,9,Retail,PayPal,COUPONZ---,2.82,AUD
676798,2024-03-17T18:12:04,2024-03-17,333,11,Online,Credit Card,COUPON9A-0,13.89,AUD
676803,2024-03-17T06:01:40,2024-03-17,788,20,Retail,Afterpay,COUPON-9AZ,4.88,AUD
676884,2024-03-17T21:49:44,2024-03-17,399,38,Online,PayPal,COUPON-99Z,19.38,AUD
676976,2024-03-17T02:28:49,2024-03-17,478,46,Online,Credit Card,COUPONZ9-0,15.67,AUD
677012,2024-03-17T23:17:35,2024-03-17,570,8,Online,Credit Card,COUPONA-09,17.07,AUD
677084,2024-03-17T10:05:45,2024-03-17,250,37,Retail,PayPal,COUPON-0A0,11.94,AUD
677134,2024-03-17T18:48:30,2024-03-17,244,43,Online,Afterpay,COUPON0-A-,11.88,AUD
677185,2024-03-17T10:11:56,2024-03-17,290,22,Retail,Afterpay,COUPON9AZ-,8.24,AUD
677217,2024-03-17T11:06:46,2024-03-17,767,13,Retail,PayPal,COUPON---A,9.32,AUD
677351,2024-03-17T15:13:16,2024-03-17,124,8,Online,Credit Card,COUPON---A,5.95,AUD
677443,2024-03-17T07:28:28,2024-03-17,148,26,Online,PayPal,COUPON0099,14.97,AUD
677602,2024-03-17T00:38:52,2024-03-17,695,37,Online,PayPal,COUPON-9Z-,7.19,AUD
677639,2024-03-17T09:52:14,2024-03-17,426,44,Online,Credit Card,COUPONA-00,3.29,AUD
677748,2024-03-17T23:07:58,2024-03-17,76,23,Retail,Credit Card,COUPON-90A,9.82,AUD
677863,2024-03-17T02:48:13,2024-03-17,55,40,Retail,Afterpay,COUPONZZ0Z,7.76,AUD
678147,2024-03-17T18:20:21,2024-03-17,722,32,Online,PayPal,COUPONAAA-,6.52,AUD
678238,2024-03-17T22:34:07,2024-03-17,691,49,Online,Afterpay,COUPON-0-A,19.01,AUD
678316,2024-03-17T20:48:26,2024-03-17,89,19,Retail,Afterpay,COUPONZZZ0,1.07,AUD
678338,2024-03-17T01:48:28,2024-03-17,50,2,Retail,PayPal,COUPON-ZZ-,9.6,AUD
678366,2024-03-17T19:11:34,2024-03-17,312,32,Retail,PayPal,COUPON00--,0.86,AUD
678433,2024-03-17T16:07:09,2024-03-17,57,25,Retail,PayPal,COUPONA--A,14.29,AUD
678704,2024-03-17T02:50:52,2024-03-17,178,33,Online,Afterpay,COUPONA0A0,2.59,AUD
678932,2024-03-17T05:30:43,2024-03-17,399,1,Retail,Credit Card,COUPON9A90,19.79,AUD
678968,2024-03-17T22:25:37,2024-03-17,62,25,Retail,Afterpay,COUPON-9A-,18.99,AUD
679111,2024-03-17T17:23:06,2024-03-17,488,27,Retail,Afterpay,COUPON0-ZZ,2.54,AUD
679142,2024-03-17T04:10:05,2024-03-17,290,47,Online,Afterpay,COUPON9---,8.07,AUD
679340,2024-03-17T04:17:38,2024-03-17,125,35,Online,PayPal,COUPON-Z90,18.39,AUD
679376,2024-03-17T14:41:12,2024-03-17,322,45,Retail,Credit Card,COUPON9Z--,19.09,AUD
679416,2024-03-17T21:40:43,2024-03-17,402,49,Retail,PayPal,COUPONZ-9Z,19.62,AUD
679558,2024-03-17T01:44:54,2024-03-17,757,1,Retail,PayPal,COUPON9Z9Z,14.74,AUD
679571,2024-03-17T04:44:30,2024-03-17,442,9,Retail,Credit Card,COUPON-9ZA,14.42,AUD
679620,2024-03-17T08:15:36,2024-03-17,107,42,Online,Credit Card,COUPONZ---,9.16,AUD
679671,2024-03-17T08:04:00,2024-03-17,100,7,Online,Afterpay,COUPON0999,6.8,AUD
679711,2024-03-17T05:29:09,2024-03-17,334,23,Retail,PayPal,COUPONZA90,15.37,AUD
679736,2024-03-17T19:26:27,2024-03-17,454,13,Online,PayPal,COUPON-Z0Z,19.28,AUD
679930,2024-03-17T00:51:51,2024-03-17,438,40,Retail,PayPal,COUPONZZ-9,15.21,AUD
679973,2024-03-17T23:30:12,2024-03-17,126,28,Retail,Afterpay,COUPON---A,11.29,AUD
680004,2024-03-17T16:31:36,2024-03-17,554,39,Online,Credit Card,COUPONA09-,7.25,AUD
680042,2024-03-17T20:26:51,2024-03-17,534,24,Online,PayPal,COUPON-90-,6.91,AUD
680055,2024-03-17T18:51:36,2024-03-17,305,40,Retail,PayPal,COUPONA-Z-,16.31,AUD
680099,2024-03-17T23:18:15,2024-03-17,17,46,Online,Afterpay,COUPONZ-AA,10.01,AUD
680100,2024-03-17T03:41:07,2024-03-17,288,34,Online,Credit Card,COUPONA0ZZ,12.57,AUD
680266,2024-03-17T22:45:32,2024-03-17,304,29,Retail,PayPal,COUPON-99A,16.88,AUD
680270,2024-03-17T10:06:51,2024-03-17,450,12,Online,PayPal,COUPON9-9-,7.82,AUD
680291,2024-03-17T01:30:33,2024-03-17,9,37,Retail,Credit Card,COUPONZA-0,14.82,AUD
680451,2024-03-17T01:34:25,2024-03-17,269,34,Retail,Afterpay,COUPON-A9-,18.56,AUD
680548,2024-03-17T05:50:06,2024-03-17,619,48,Retail,PayPal,COUPONZA--,4.42,AUD
680668,2024-03-17T09:10:11,2024-03-17,778,11,Retail,Afterpay,COUPON09--,0.65,AUD
680684,2024-03-17T20:46:00,2024-03-17,297,14,Online,PayPal,COUPON-Z--,13.36,AUD
680697,2024-03-17T14:57:37,2024-03-17,6,20,Retail,Credit Card,COUPON-AA9,19.82,AUD
680793,2024-03-17T12:31:03,2024-03-17,447,19,Retail,Afterpay,COUPON--AA,7.25,AUD
680872,2024-03-17T19:16:51,2024-03-17,537,43,Retail,Credit Card,COUPON0099,19.01,AUD
680897,2024-03-17T21:08:19,2024-03-17,184,39,Online,Credit Card,COUPON9-0Z,18.19,AUD
681119,2024-03-17T19:48:24,2024-03-17,207,43,Online,Credit Card,COUPON-0-Z,11.1,AUD
681278,2024-03-17T19:19:15,2024-03-17,675,35,Online,Credit Card,COUPON-0Z-,19.07,AUD
681287,2024-03-17T08:40:49,2024-03-17,496,34,Online,Credit Card,COUPON-99A,19.49,AUD
681575,2024-03-17T19:14:43,2024-03-17,561,20,Online,Afterpay,COUPON-9A0,6.62,AUD
681890,2024-03-17T23:07:20,2024-03-17,538,21,Online,Credit Card,COUPONA0ZA,17.32,AUD
681941,2024-03-17T11:13:35,2024-03-17,196,19,Retail,Credit Card,COUPON-Z-Z,13.47,AUD
682028,2024-03-17T15:20:04,2024-03-17,779,10,Retail,PayPal,COUPON99Z-,16.21,AUD
682035,2024-03-17T18:25:19,2024-03-17,332,28,Retail,PayPal,COUPON9ZA-,13.43,AUD
682139,2024-03-17T07:46:28,2024-03-17,516,40,Retail,Credit Card,COUPONA-09,10.8,AUD
682183,2024-03-17T14:13:48,2024-03-17,537,21,Online,Credit Card,COUPON0ZA0,16.15,AUD
682219,2024-03-17T02:58:02,2024-03-17,467,36,Online,Credit Card,COUPONAAA-,7.05,AUD
682289,2024-03-17T20:22:50,2024-03-17,219,47,Online,Credit Card,COUPON-9A0,11.12,AUD
682296,2024-03-17T22:59:46,2024-03-17,710,41,Retail,Afterpay,COUPONZZ--,6.93,AUD
682392,2024-03-17T22:03:47,2024-03-17,522,30,Retail,PayPal,COUPONA-0-,8.85,AUD
682426,2024-03-17T09:55:16,2024-03-17,593,17,Online,Credit Card,COUPON-0A0,16.52,AUD
682482,2024-03-17T22:35:28,2024-03-17,689,46,Retail,PayPal,COUPON--0-,2.5,AUD
682586,2024-03-17T16:17:08,2024-03-17,189,2,Online,PayPal,COUPONA--Z,2.29,AUD
682636,2024-03-17T00:50:59,2024-03-17,55,29,Retail,PayPal,COUPONA-9Z,0.31,AUD
682704,2024-03-17T11:31:30,2024-03-17,546,43,Online,Credit Card,COUPON-00Z,9.09,AUD
682719,2024-03-17T02:41:47,2024-03-17,379,36,Retail,Afterpay,COUPONA--9,12.12,AUD
682797,2024-03-17T11:27:00,2024-03-17,168,43,Retail,Credit Card,COUPON9Z--,6.28,AUD
682989,2024-03-17T02:34:05,2024-03-17,703,48,Online,Afterpay,COUPON-Z--,8.23,AUD
683129,2024-03-17T17:52:55,2024-03-17,538,25,Online,Credit Card,COUPON-9--,19.6,AUD
683608,2024-03-17T02:31:17,2024-03-17,327,45,Retail,Afterpay,COUPON000Z,9.23,AUD
683619,2024-03-17T10:31:57,2024-03-17,207,36,Retail,PayPal,COUPON-09-,3.65,AUD
683642,2024-03-17T11:30:43,2024-03-17,104,23,Online,Afterpay,COUPONZ--0,12.7,AUD
683652,2024-03-17T14:14:57,2024-03-17,420,21,Online,Afterpay,COUPONA0Z9,10.22,AUD
683691,2024-03-17T00:01:36,2024-03-17,678,36,Retail,PayPal,COUPON0-0Z,12.23,AUD
683724,2024-03-17T15:20:10,2024-03-17,469,14,Online,Credit Card,COUPONZ09-,16.77,AUD
683730,2024-03-17T15:40:28,2024-03-17,282,44,Retail,Afterpay,COUPON--AA,0.33,AUD
683835,2024-03-17T07:34:25,2024-03-17,697,8,Retail,Credit Card,COUPON-0--,19.04,AUD
684010,2024-03-17T06:14:14,2024-03-17,489,11,Online,Afterpay,COUPONAZZ-,4.39,AUD
684043,2024-03-17T23:39:18,2024-03-17,417,37,Online,PayPal,COUPONA9--,7.49,AUD
684063,2024-03-17T22:52:46,2024-03-17,696,37,Retail,PayPal,COUPON0-Z9,18.64,AUD
684148,2024-03-17T13:34:24,2024-03-17,160,11,Retail,Afterpay,COUPON-99A,10.47,AUD
684205,2024-03-17T17:36:49,2024-03-17,117,1,Online,Afterpay,COUPONA9ZZ,12.25,AUD
684306,2024-03-17T00:38:33,2024-03-17,690,39,Retail,PayPal,COUPON0-09,10.83,AUD
684392,2024-03-17T04:35:18,2024-03-17,660,30,Online,Credit Card,COUPON-90A,18.14,AUD
684503,2024-03-17T10:08:56,2024-03-17,161,7,Online,PayPal,COUPONA099,19.8,AUD
684800,2024-03-17T21:26:21,2024-03-17,311,40,Online,Credit Card,COUPON-Z-0,8.94,AUD
684946,2024-03-17T15:14:53,2024-03-17,224,18,Retail,Credit Card,COUPONZ0--,6.81,AUD
684954,2024-03-17T09:39:02,2024-03-17,388,6,Retail,Afterpay,COUPON0ZA-,16.9,AUD
685131,2024-03-17T14:54:40,2024-03-17,222,36,Retail,PayPal,COUPONZ-Z9,9.66,AUD
685312,2024-03-17T11:38:03,2024-03-17,531,21,Online,Credit Card,COUPON-0--,11.05,AUD
685331,2024-03-17T18:42:51,2024-03-17,392,23,Retail,Afterpay,COUPON-9A-,7.96,AUD
685605,2024-03-17T20:04:50,2024-03-17,568,28,Online,Credit Card,COUPON0009,8.86,AUD
685733,2024-03-17T12:46:14,2024-03-17,406,21,Retail,PayPal,COUPON-AAZ,13.65,AUD
685737,2024-03-17T21:13:51,2024-03-17,761,10,Retail,PayPal,COUPON0--A,18.72,AUD
685779,2024-03-17T11:52:40,2024-03-17,487,49,Retail,PayPal,COUPONAA99,2.82,AUD
685795,2024-03-17T20:16:00,2024-03-17,168,25,Retail,Credit Card,COUPON09-A,11.97,AUD
685883,2024-03-17T01:58:47,2024-03-17,548,22,Online,PayPal,COUPON-Z--,12.46,AUD
686010,2024-03-17T20:38:45,2024-03-17,172,27,Online,Credit Card,COUPON-99A,14.13,AUD
686078,2024-03-17T06:08:25,2024-03-17,46,40,Retail,Credit Card,COUPONZ0ZZ,8.38,AUD
686513,2024-03-17T15:12:17,2024-03-17,735,39,Online,Credit Card,COUPON9Z-0,2.13,AUD
686515,2024-03-17T23:40:13,2024-03-17,100,8,Online,PayPal,COUPON--9Z,3.42,AUD
686518,2024-03-17T07:47:09,2024-03-17,305,36,Retail,Credit Card,COUPON9Z9A,16.85,AUD
686614,2024-03-17T07:26:36,2024-03-17,146,41,Online,PayPal,COUPONA00-,4.05,AUD
686681,2024-03-17T19:12:09,2024-03-17,731,11,Retail,Credit Card,COUPONAAZA,15.78,AUD
686706,2024-03-17T18:38:09,2024-03-17,294,2,Retail,PayPal,COUPON9Z0Z,11.21,AUD
686722,2024-03-17T08:54:43,2024-03-17,450,39,Online,Afterpay,COUPON-9A9,4.15,AUD
686774,2024-03-17T09:23:46,2024-03-17,223,6,Retail,PayPal,COUPONA-90,15.24,AUD
686823,2024-03-17T03:19:16,2024-03-17,315,4,Retail,Afterpay,COUPON-9AA,3.5,AUD
686864,2024-03-17T11:30:06,2024-03-17,473,23,Retail,Credit Card,COUPON-Z-9,17.76,AUD
686940,2024-03-17T14:27:17,2024-03-17,762,49,Online,Afterpay,COUPON0--A,12.94,AUD
687007,2024-03-17T09:36:11,2024-03-17,278,16,Retail,PayPal,COUPONZZZ0,0.47,AUD
687156,2024-03-17T12:33:26,2024-03-17,453,5,Online,Afterpay,COUPON-0AZ,6.22,AUD
687388,2024-03-17T23:16:12,2024-03-17,228,42,Retail,PayPal,COUPONZ9AA,11.05,AUD
687501,2024-03-17T16:59:05,2024-03-17,227,19,Online,Credit Card,COUPONA0--,14.84,AUD
687589,2024-03-17T21:37:07,2024-03-17,710,6,Online,Credit Card,COUPON---Z,4.92,AUD
687679,2024-03-17T15:29:37,2024-03-17,191,31,Online,Credit Card,COUPON9A0A,13.82,AUD
687808,2024-03-17T16:41:46,2024-03-17,597,11,Retail,Afterpay,COUPON00-9,1.04,AUD
688035,2024-03-17T00:19:31,2024-03-17,504,35,Retail,PayPal,COUPONAA0-,18.1,AUD
688094,2024-03-17T17:35:58,2024-03-17,482,25,Retail,Afterpay,COUPONZA9Z,6.09,AUD
688191,2024-03-17T00:43:33,2024-03-17,779,1,Online,Afterpay,COUPONAZ-9,19.53,AUD
688246,2024-03-17T17:14:32,2024-03-17,218,43,Online,Afterpay,COUPON-999,12.89,AUD
688261,2024-03-17T11:29:33,2024-03-17,721,10,Online,Credit Card,COUPON90-Z,15.81,AUD
688471,2024-03-17T13:41:51,2024-03-17,629,24,Retail,PayPal,COUPON9--9,6.38,AUD
688555,2024-03-17T12:08:36,2024-03-17,33,8,Retail,Afterpay,COUPON9000,17.12,AUD
688572,2024-03-17T13:49:23,2024-03-17,27,34,Online,PayPal,COUPON--0Z,10.56,AUD
688632,2024-03-17T08:55:07,2024-03-17,180,47,Online,Credit Card,COUPON--Z0,7.59,AUD
688828,2024-03-17T13:20:17,2024-03-17,154,21,Retail,Credit Card,COUPON-0Z-,7.88,AUD
688853,2024-03-17T18:35:08,2024-03-17,698,22,Online,PayPal,COUPON-09A,9.41,AUD
688894,2024-03-17T21:57:44,2024-03-17,438,12,Online,Afterpay,COUPON9---,7.26,AUD
688922,2024-03-17T19:15:00,2024-03-17,688,24,Online,Afterpay,COUPON0ZZ-,14.05,AUD
688934,2024-03-17T23:41:30,2024-03-17,282,21,Retail,PayPal,COUPONZZA0,1.13,AUD
688941,2024-03-17T00:23:49,2024-03-17,565,10,Retail,PayPal,COUPONA0A9,7.55,AUD
688943,2024-03-17T22:36:29,2024-03-17,472,9,Retail,Afterpay,COUPON990-,19.21,AUD
689058,2024-03-17T21:15:07,2024-03-17,697,40,Online,Credit Card,COUPON0-0-,3.08,AUD
689071,2024-03-17T04:16:31,2024-03-17,391,43,Online,Credit Card,COUPON-0-0,10.01,AUD
689087,2024-03-17T00:55:05,2024-03-17,334,47,Online,Afterpay,COUPON900-,9.05,AUD
689203,2024-03-17T15:45:21,2024-03-17,471,3,Retail,PayPal,COUPON00Z-,7.73,AUD
689227,2024-03-17T17:24:34,2024-03-17,513,33,Online,Afterpay,COUPON--9A,7.5,AUD
689245,2024-03-17T19:23:25,2024-03-17,426,43,Online,Afterpay,COUPON0--Z,5.84,AUD
689248,2024-03-17T20:25:00,2024-03-17,734,44,Online,Afterpay,COUPONZ---,8.67,AUD
689348,2024-03-17T13:20:47,2024-03-17,173,29,Retail,PayPal,COUPON-A00,10.22,AUD
689398,2024-03-17T02:25:00,2024-03-17,738,21,Online,Afterpay,COUPON0-0-,8.7,AUD
689489,2024-03-17T16:42:47,2024-03-17,778,31,Retail,Afterpay,COUPON0-AZ,19.93,AUD
689526,2024-03-17T20:45:56,2024-03-17,715,33,Online,PayPal,COUPONA-A-,12.54,AUD
689746,2024-03-17T21:52:38,2024-03-17,155,11,Online,PayPal,COUPON0AZZ,5.27,AUD
690038,2024-03-17T15:28:46,2024-03-17,773,28,Online,Afterpay,COUPON0-99,10.25,AUD
690252,2024-03-17T22:23:09,2024-03-17,646,43,Retail,PayPal,COUPONZ-99,3.59,AUD
690402,2024-03-17T20:16:07,2024-03-17,697,10,Online,Credit Card,COUPON-Z00,10.02,AUD
690482,2024-03-17T11:30:55,2024-03-17,233,31,Online,Credit Card,COUPON--0-,16.97,AUD
690547,2024-03-17T01:52:59,2024-03-17,203,24,Online,Afterpay,COUPON---0,11.54,AUD
690585,2024-03-17T20:03:36,2024-03-17,669,24,Online,Afterpay,COUPON--AZ,18.95,AUD
690663,2024-03-17T12:37:39,2024-03-17,510,16,Online,PayPal,COUPON000Z,6.89,AUD
690740,2024-03-17T19:14:36,2024-03-17,742,33,Retail,Afterpay,COUPON90AA,11.37,AUD
690820,2024-03-17T19:12:12,2024-03-17,110,23,Retail,PayPal,COUPON--0Z,18.61,AUD
691016,2024-03-17T08:07:24,2024-03-17,93,42,Retail,Afterpay,COUPON-099,5.19,AUD
691062,2024-03-17T15:31:40,2024-03-17,487,38,Retail,Credit Card,COUPON9-Z-,18.19,AUD
691212,2024-03-17T22:20:30,2024-03-17,425,31,Retail,Afterpay,COUPON-9-A,6.88,AUD
691223,2024-03-17T04:51:51,2024-03-17,499,23,Retail,Afterpay,COUPON--A0,8.75,AUD
691423,2024-03-17T16:45:58,2024-03-17,625,34,Retail,PayPal,COUPON-0-Z,17.49,AUD
691541,2024-03-17T11:41:35,2024-03-17,288,18,Retail,Credit Card,COUPON00A0,18.13,AUD
691648,2024-03-17T06:23:56,2024-03-17,16,45,Retail,Afterpay,COUPON--0-,16.92,AUD
691766,2024-03-17T02:05:07,2024-03-17,699,20,Retail,Afterpay,COUPON-9Z-,19.83,AUD
691835,2024-03-17T04:38:20,2024-03-17,549,3,Retail,Credit Card,COUPONA-AZ,14.46,AUD
691986,2024-03-17T22:03:59,2024-03-17,293,32,Retail,Credit Card,COUPON-AAZ,19.19,AUD
692080,2024-03-17T02:44:23,2024-03-17,717,27,Retail,Afterpay,COUPONA-9Z,0.49,AUD
692197,2024-03-17T05:06:37,2024-03-17,163,47,Retail,PayPal,COUPON-9AA,10.39,AUD
692277,2024-03-17T16:57:38,2024-03-17,337,9,Online,Credit Card,COUPON0ZAZ,10.8,AUD
692415,2024-03-17T16:52:32,2024-03-17,570,27,Online,Afterpay,COUPON-0-0,4.29,AUD
692417,2024-03-17T10:33:06,2024-03-17,363,35,Online,PayPal,COUPON---0,8.46,AUD
692457,2024-03-17T08:58:09,2024-03-17,778,38,Online,Afterpay,COUPON9-A-,18.24,AUD
692767,2024-03-17T22:30:25,2024-03-17,299,6,Online,Credit Card,COUPON9ZA-,13.58,AUD
692821,2024-03-17T06:06:26,2024-03-17,105,22,Online,Afterpay,COUPON-ZZ-,6.61,AUD
692838,2024-03-17T22:35:01,2024-03-17,634,22,Retail,Credit Card,COUPON-ZZZ,9.93,AUD
692850,2024-03-17T01:20:11,2024-03-17,18,18,Retail,Credit Card,COUPON--AA,18.63,AUD
692918,2024-03-17T16:39:43,2024-03-17,472,36,Retail,Afterpay,COUPON-00A,2.56,AUD
693303,2024-03-17T16:28:36,2024-03-17,231,37,Online,Afterpay,COUPON9A00,5.95,AUD
693379,2024-03-17T23:18:30,2024-03-17,113,42,Online,Credit Card,COUPON9Z-A,12.42,AUD
693428,2024-03-17T01:13:48,2024-03-17,300,47,Online,Afterpay,COUPON--99,19.3,AUD
693494,2024-03-17T08:14:28,2024-03-17,150,30,Online,PayPal,COUPONA90-,10.67,AUD
693561,2024-03-17T04:02:33,2024-03-17,791,11,Online,Afterpay,COUPON0--A,9.29,AUD
693587,2024-03-17T00:36:58,2024-03-17,11,26,Retail,Credit Card,COUPON0A90,9.54,AUD
693597,2024-03-17T07:09:03,2024-03-17,77,1,Retail,PayPal,COUPON--90,10.4,AUD
693749,2024-03-17T13:51:22,2024-03-17,779,24,Retail,Afterpay,COUPON-A--,10.86,AUD
693790,2024-03-17T05:38:20,2024-03-17,144,7,Retail,Afterpay,COUPON--Z-,2.2,AUD
693808,2024-03-17T23:15:47,2024-03-17,761,37,Online,Credit Card,COUPON09-A,7.04,AUD
693867,2024-03-17T14:36:16,2024-03-17,604,26,Online,Credit Card,COUPONAA09,1.15,AUD
693914,2024-03-17T06:07:32,2024-03-17,780,40,Retail,Credit Card,COUPONAA-A,10.35,AUD
693927,2024-03-17T06:26:17,2024-03-17,210,16,Retail,Credit Card,COUPON-9Z-,0.9,AUD
694021,2024-03-17T18:36:04,2024-03-17,38,5,Online,PayPal,COUPON-9-0,12.8,AUD
694204,2024-03-17T16:52:18,2024-03-17,421,35,Online,PayPal,COUPON0ZA0,16.66,AUD
694271,2024-03-17T19:28:08,2024-03-17,463,23,Online,Credit Card,COUPON--A0,12.83,AUD
694409,2024-03-17T06:12:02,2024-03-17,41,32,Retail,Credit Card,COUPONZZ--,3.07,AUD
694494,2024-03-17T17:48:57,2024-03-17,550,28,Online,Credit Card,COUPON--0-,17.49,AUD
694558,2024-03-17T20:49:22,2024-03-17,789,8,Retail,Credit Card,COUPONA-09,2.6,AUD
694595,2024-03-17T07:42:57,2024-03-17,227,6,Online,PayPal,COUPON-9-0,7.21,AUD
694622,2024-03-17T04:50:08,2024-03-17,350,46,Online,Credit Card,COUPON090-,17.19,AUD
694710,2024-03-17T12:46:32,2024-03-17,127,28,Online,Credit Card,COUPON0-09,19.92,AUD
694764,2024-03-17T12:19:28,2024-03-17,407,17,Online,Afterpay,COUPONA099,16.36,AUD
695174,2024-03-17T02:53:30,2024-03-17,575,7,Online,PayPal,COUPON0-0Z,9.04,AUD
695285,2024-03-17T12:18:03,2024-03-17,460,10,Online,Afterpay,COUPONA0--,14.48,AUD
695500,2024-03-17T17:14:07,2024-03-17,739,49,Online,PayPal,COUPON00--,5.65,AUD
695512,2024-03-17T20:27:01,2024-03-17,656,38,Online,PayPal,COUPON0AZ-,11.68,AUD
695635,2024-03-17T01:16:10,2024-03-17,370,20,Retail,PayPal,COUPON--9-,5.48,AUD
695659,2024-03-17T19:38:15,2024-03-17,487,36,Retail,Afterpay,COUPONZ--Z,5.16,AUD
695752,2024-03-17T06:55:31,2024-03-17,622,1,Retail,Afterpay,COUPON-Z--,13.28,AUD
695815,2024-03-17T08:07:07,2024-03-17,302,26,Online,PayPal,COUPON0-Z0,14.48,AUD
695823,2024-03-17T09:06:43,2024-03-17,286,48,Online,Afterpay,COUPON09AZ,0.7,AUD
695840,2024-03-17T06:49:23,2024-03-17,791,21,Online,Afterpay,COUPON-9A-,15.88,AUD
695913,2024-03-17T14:38:42,2024-03-17,717,15,Online,PayPal,COUPON-900,18.89,AUD
695964,2024-03-17T06:37:30,2024-03-17,183,18,Online,Afterpay,COUPON9---,1.21,AUD
696128,2024-03-17T09:23:53,2024-03-17,441,4,Online,PayPal,COUPONA9A0,7.16,AUD
696351,2024-03-17T09:54:35,2024-03-17,100,11,Retail,Afterpay,COUPON9ZA-,17.65,AUD
696378,2024-03-17T10:12:07,2024-03-17,582,31,Retail,PayPal,COUPON9-0Z,3.43,AUD
696430,2024-03-17T06:42:07,2024-03-17,30,48,Retail,PayPal,COUPON--A-,17.49,AUD
696571,2024-03-17T03:05:17,2024-03-17,334,20,Retail,Credit Card,COUPON-0--,6.57,AUD
696578,2024-03-17T18:02:56,2024-03-17,473,9,Retail,Credit Card,COUPON00-A,7.52,AUD
696595,2024-03-17T10:47:53,2024-03-17,654,34,Retail,Credit Card,COUPON9Z9-,7.28,AUD
696673,2024-03-17T14:05:04,2024-03-17,536,33,Retail,Afterpay,COUPON0--9,9.61,AUD
696675,2024-03-17T21:56:39,2024-03-17,582,7,Online,Afterpay,COUPON0-AA,0.38,AUD
696788,2024-03-17T06:01:12,2024-03-17,272,2,Retail,Credit Card,COUPON-9-0,19.38,AUD
696826,2024-03-17T02:30:18,2024-03-17,145,6,Online,Afterpay,COUPON0-ZA,14.1,AUD
697025,2024-03-17T17:16:53,2024-03-17,781,16,Retail,PayPal,COUPON-09-,8.85,AUD
697076,2024-03-17T21:36:32,2024-03-17,793,3,Online,Afterpay,COUPON99--,3.91,AUD
697079,2024-03-17T21:19:04,2024-03-17,122,7,Online,Credit Card,COUPON00--,11.96,AUD
697090,2024-03-17T07:12:29,2024-03-17,542,21,Online,Credit Card,COUPON9-A-,19.61,AUD
697429,2024-03-17T20:41:08,2024-03-17,252,17,Retail,Afterpay,COUPON0ZZA,17.82,AUD
697463,2024-03-17T04:29:05,2024-03-17,360,19,Online,Afterpay,COUPONZAA-,13.9,AUD
697536,2024-03-17T15:47:20,2024-03-17,269,40,Online,Credit Card,COUPONZ9ZA,0.27,AUD
697595,2024-03-17T01:45:10,2024-03-17,217,44,Online,Afterpay,COUPONA-A0,17.23,AUD
697783,2024-03-17T11:17:11,2024-03-17,258,9,Retail,Afterpay,COUPONZZ-A,7.42,AUD
697821,2024-03-17T15:26:04,2024-03-17,448,1,Online,Afterpay,COUPONAA--,6.26,AUD
697898,2024-03-17T07:59:22,2024-03-17,40,15,Online,PayPal,COUPONAAZZ,14.01,AUD
697994,2024-03-17T15:15:41,2024-03-17,517,48,Online,Credit Card,COUPONA-AZ,17.18,AUD
698005,2024-03-17T09:12:09,2024-03-17,14,19,Online,Credit Card,COUPONZ-Z9,4.94,AUD
698085,2024-03-17T10:27:03,2024-03-17,159,33,Online,Afterpay,COUPON---A,15.05,AUD
698300,2024-03-17T11:37:44,2024-03-17,289,34,Retail,Afterpay,COUPONA--9,17.8,AUD
698336,2024-03-17T21:54:46,2024-03-17,798,31,Online,PayPal,COUPON0-9-,6.26,AUD
698375,2024-03-17T18:59:05,2024-03-17,157,33,Online,PayPal,COUPON-0A-,17.42,AUD
698533,2024-03-17T22:12:12,2024-03-17,443,43,Online,Afterpay,COUPON99Z-,4.09,AUD
698571,2024-03-17T03:17:12,2024-03-17,531,26,Retail,Afterpay,COUPON9-A0,19.33,AUD
698632,2024-03-17T21:08:04,2024-03-17,198,43,Retail,PayPal,COUPON00-9,5.3,AUD
698669,2024-03-17T05:47:29,2024-03-17,476,7,Retail,PayPal,COUPON0Z0A,18.15,AUD
698684,2024-03-17T14:54:04,2024-03-17,656,36,Retail,Afterpay,COUPON-AZZ,4.41,AUD
698811,2024-03-17T06:04:55,2024-03-17,762,2,Retail,PayPal,COUPONZA0-,13.47,AUD
699019,2024-03-17T04:26:46,2024-03-17,761,13,Online,Credit Card,COUPONZ-A-,9.11,AUD
699100,2024-03-17T14:24:29,2024-03-17,91,7,Online,Afterpay,COUPONZ--0,3.32,AUD
699194,2024-03-17T23:36:00,2024-03-17,251,7,Retail,Afterpay,COUPONAA0A,1.91,AUD
699326,2024-03-17T01:39:57,2024-03-17,721,27,Retail,Credit Card,COUPONZ-A9,7.26,AUD
699351,2024-03-17T08:24:35,2024-03-17,127,27,Online,PayPal,COUPON-ZA0,0.84,AUD
699359,2024-03-17T21:55:13,2024-03-17,423,8,Online,Afterpay,COUPON-09-,18.14,AUD
699404,2024-03-17T19:04:55,2024-03-17,372,48,Retail,Credit Card,COUPON0-Z9,15.3,AUD
699417,2024-03-17T22:58:39,2024-03-17,320,35,Retail,PayPal,COUPON90AZ,0.92,AUD
699474,2024-03-17T00:30:16,2024-03-17,535,42,Online,PayPal,COUPONA909,1.44,AUD
699518,2024-03-17T19:38:16,2024-03-17,7,36,Online,Credit Card,COUPONZ-00,13.49,AUD
699542,2024-03-17T23:26:52,2024-03-17,771,27,Online,Credit Card,COUPON--09,9.37,AUD
699605,2024-03-17T00:31:52,2024-03-17,27,13,Online,Afterpay,COUPON0---,16.95,AUD
699612,2024-03-17T19:41:19,2024-03-17,773,7,Online,Credit Card,COUPON9--Z,13.49,AUD
699728,2024-03-17T15:45:51,2024-03-17,9,14,Retail,Credit Card,COUPON-9-0,19.33,AUD
699762,2024-03-17T04:00:13,2024-03-17,484,38,Online,PayPal,COUPON--Z9,19.66,AUD
699906,2024-03-17T03:25:45,2024-03-17,99,14,Retail,Afterpay,COUPON---9,13.94,AUD
700016,2024-03-17T13:11:51,2024-03-17,230,40,Online,Credit Card,COUPON-9-A,12.31,AUD
700157,2024-03-17T18:14:47,2024-03-17,354,4,Online,Afterpay,COUPONA9AA,8.89,AUD
700163,2024-03-17T17:33:39,2024-03-17,622,28,Online,PayPal,COUPON9A0-,0.6,AUD
700330,2024-03-17T07:30:59,2024-03-17,642,48,Retail,Credit Card,COUPONZ0Z0,2.66,AUD
700371,2024-03-17T22:50:41,2024-03-17,197,1,Online,PayPal,COUPON09Z9,16.51,AUD
700461,2024-03-17T21:01:49,2024-03-17,46,39,Online,PayPal,COUPON09AZ,10.35,AUD
700523,2024-03-17T17:35:47,2024-03-17,669,4,Online,PayPal,COUPONA-A-,8.66,AUD
700542,2024-03-17T19:50:46,2024-03-17,92,32,Retail,PayPal,COUPON-A90,14.21,AUD
700554,2024-03-17T05:20:39,2024-03-17,794,44,Online,Credit Card,COUPONZ-0Z,15.65,AUD
700630,2024-03-17T03:49:29,2024-03-17,155,47,Retail,Credit Card,COUPON0990,11.7,AUD
700635,2024-03-17T19:16:46,2024-03-17,165,6,Online,PayPal,COUPON9AAA,8.27,AUD
700943,2024-03-17T08:58:47,2024-03-17,799,30,Retail,Afterpay,COUPON0Z9-,8.66,AUD
700994,2024-03-17T20:21:37,2024-03-17,522,40,Online,PayPal,COUPONAZZ-,6.01,AUD
701034,2024-03-17T22:49:02,2024-03-17,566,25,Online,PayPal,COUPON0-A0,15.24,AUD
701178,2024-03-17T04:54:21,2024-03-17,614,47,Retail,Credit Card,COUPONA9-Z,1.2,AUD
701183,2024-03-17T07:05:44,2024-03-17,227,47,Retail,Afterpay,COUPONA---,10.26,AUD
701260,2024-03-17T23:22:01,2024-03-17,401,30,Online,Afterpay,COUPON9-0-,12.64,AUD
701331,2024-03-17T17:50:24,2024-03-17,292,48,Retail,Afterpay,COUPONA--0,10.1,AUD
701421,2024-03-17T16:17:46,2024-03-17,517,35,Retail,Credit Card,COUPON--A9,17.32,AUD
701650,2024-03-17T00:10:23,2024-03-17,441,35,Retail,Credit Card,COUPON09-9,17.04,AUD
701660,2024-03-17T03:16:11,2024-03-17,400,19,Retail,PayPal,COUPONA9-Z,6.12,AUD
701720,2024-03-17T11:29:44,2024-03-17,571,22,Retail,Afterpay,COUPON99A9,11.9,AUD
701898,2024-03-17T01:09:31,2024-03-17,569,20,Retail,PayPal,COUPONA0--,3.96,AUD
701974,2024-03-17T00:24:41,2024-03-17,136,44,Online,PayPal,COUPON-AZ0,8.15,AUD
702783,2024-03-17T16:45:33,2024-03-17,508,27,Retail,Afterpay,COUPON99ZA,2.86,AUD
702909,2024-03-17T20:40:44,2024-03-17,431,31,Online,PayPal,COUPON-Z00,15.64,AUD
703114,2024-03-17T17:21:22,2024-03-17,252,6,Online,Credit Card,COUPON-Z-A,11.4,AUD
703180,2024-03-17T04:33:55,2024-03-17,530,40,Online,Afterpay,COUPON--0Z,10.22,AUD
703207,2024-03-17T05:41:05,2024-03-17,543,8,Retail,PayPal,COUPON9-ZZ,3.58,AUD
703449,2024-03-17T19:57:48,2024-03-17,29,20,Retail,Credit Card,COUPONA-00,19.81,AUD
703484,2024-03-17T06:35:11,2024-03-17,430,36,Online,PayPal,COUPON--AZ,15.43,AUD
703507,2024-03-17T04:43:50,2024-03-17,274,5,Retail,PayPal,COUPON--0-,2.05,AUD
703561,2024-03-17T15:51:16,2024-03-17,150,15,Online,Credit Card,COUPON9-A-,5.87,AUD
703639,2024-03-17T16:02:52,2024-03-17,701,17,Online,Afterpay,COUPON---0,6.39,AUD
703738,2024-03-17T05:33:30,2024-03-17,114,49,Retail,PayPal,COUPON9-0-,14.3,AUD
703779,2024-03-17T22:23:35,2024-03-17,570,43,Retail,Afterpay,COUPON-Z99,19.65,AUD
703883,2024-03-17T00:52:24,2024-03-17,6,43,Retail,Credit Card,COUPON90A9,3.12,AUD
703979,2024-03-17T10:19:31,2024-03-17,561,21,Online,PayPal,COUPON---9,14.38,AUD
704063,2024-03-17T04:48:40,2024-03-17,26,6,Online,PayPal,COUPONZA9Z,2.78,AUD
704367,2024-03-17T17:09:15,2024-03-17,600,25,Online,Credit Card,COUPONAZ0Z,7.2,AUD
704498,2024-03-17T15:18:41,2024-03-17,289,3,Online,PayPal,COUPONZA90,6.22,AUD
704567,2024-03-17T06:56:00,2024-03-17,130,3,Online,PayPal,COUPON--0Z,8.38,AUD
704591,2024-03-17T02:40:07,2024-03-17,565,1,Retail,Afterpay,COUPON90Z-,19.91,AUD
704740,2024-03-17T07:32:28,2024-03-17,514,26,Online,PayPal,COUPONZ0Z-,8.69,AUD
704839,2024-03-17T08:20:27,2024-03-17,281,7,Retail,Afterpay,COUPONA0A-,7.43,AUD
704967,2024-03-17T17:48:00,2024-03-17,42,38,Online,Afterpay,COUPON-09-,16.32,AUD
704980,2024-03-17T19:24:39,2024-03-17,248,42,Online,Afterpay,COUPON-9-A,14.15,AUD
705022,2024-03-17T00:54:35,2024-03-17,570,19,Online,PayPal,COUPONAZ--,10.96,AUD
705042,2024-03-17T10:22:20,2024-03-17,188,46,Online,Credit Card,COUPONAZ9-,5.86,AUD
705057,2024-03-17T22:15:54,2024-03-17,423,19,Online,PayPal,COUPON0-A-,11.02,AUD
705106,2024-03-17T14:42:51,2024-03-17,743,1,Retail,Credit Card,COUPON--A0,3.31,AUD
705115,2024-03-17T03:41:48,2024-03-17,375,49,Retail,Afterpay,COUPON9Z-0,6.29,AUD
705253,2024-03-17T03:57:28,2024-03-17,683,21,Online,PayPal,COUPON0---,7.33,AUD
705268,2024-03-17T00:01:24,2024-03-17,463,34,Retail,Credit Card,COUPONZA9-,19.7,AUD
705418,2024-03-17T05:36:13,2024-03-17,781,43,Retail,Credit Card,COUPONAA0Z,6.28,AUD
705603,2024-03-17T22:44:51,2024-03-17,555,22,Online,Afterpay,COUPONZ0AZ,0.74,AUD
705627,2024-03-17T09:59:56,2024-03-17,682,46,Online,Credit Card,COUPONZ--Z,18.85,AUD
705726,2024-03-17T09:23:24,2024-03-17,146,23,Online,Afterpay,COUPON---A,10.52,AUD
705788,2024-03-17T05:09:53,2024-03-17,780,8,Online,PayPal,COUPON00--,4.12,AUD
705837,2024-03-17T13:57:31,2024-03-17,122,20,Retail,Credit Card,COUPON--90,9.36,AUD
705883,2024-03-17T23:21:00,2024-03-17,755,12,Retail,Credit Card,COUPON0AZ-,12.91,AUD
705926,2024-03-17T06:08:51,2024-03-17,562,39,Retail,Afterpay,COUPON9--A,0.83,AUD
706334,2024-03-17T13:31:23,2024-03-17,39,26,Online,PayPal,COUPONA9-Z,14.35,AUD
706511,2024-03-17T10:20:20,2024-03-17,388,35,Online,Afterpay,COUPON90-0,18.83,AUD
706527,2024-03-17T03:16:39,2024-03-17,35,4,Online,PayPal,COUPON-ZAA,7.67,AUD
706604,2024-03-17T21:43:21,2024-03-17,41,3,Online,PayPal,COUPONA9-Z,11.33,AUD
706646,2024-03-17T19:57:05,2024-03-17,193,8,Retail,Afterpay,COUPONZ99A,7.13,AUD
706718,2024-03-17T04:57:37,2024-03-17,173,6,Retail,Credit Card,COUPON0-Z0,7.01,AUD
706871,2024-03-17T07:42:36,2024-03-17,760,11,Retail,PayPal,COUPON0990,8.45,AUD
706951,2024-03-17T17:33:47,2024-03-17,32,10,Online,Credit Card,COUPONAZ--,7.87,AUD
707084,2024-03-17T04:50:22,2024-03-17,303,18,Retail,Afterpay,COUPON9ZZA,12.89,AUD
707164,2024-03-17T21:57:15,2024-03-17,669,41,Online,Credit Card,COUPON-AAA,15.19,AUD
707463,2024-03-17T14:23:21,2024-03-17,767,39,Retail,Credit Card,COUPON---9,1.15,AUD
707498,2024-03-17T00:27:45,2024-03-17,317,25,Retail,Credit Card,COUPON-00-,7.65,AUD
707611,2024-03-17T04:22:47,2024-03-17,657,29,Retail,Afterpay,COUPON-Z--,6.77,AUD
707657,2024-03-17T06:58:46,2024-03-17,117,31,Online,PayPal,COUPON--Z0,13.59,AUD
708039,2024-03-17T23:35:16,2024-03-17,138,33,Retail,Afterpay,COUPONA-0-,7.27,AUD
708046,2024-03-17T23:56:43,2024-03-17,5,37,Online,PayPal,COUPON0--0,13.29,AUD
708313,2024-03-17T06:23:22,2024-03-17,548,35,Online,PayPal,COUPON--AA,14.55,AUD
708615,2024-03-17T01:01:52,2024-03-17,58,42,Retail,Credit Card,COUPON-9-Z,2.46,AUD
708919,2024-03-17T06:19:46,2024-03-17,182,36,Retail,PayPal,COUPON--ZA,8.47,AUD
709141,2024-03-17T00:09:11,2024-03-17,160,25,Retail,Credit Card,COUPONZ9A9,2.71,AUD
709281,2024-03-17T18:44:00,2024-03-17,358,11,Retail,PayPal,COUPON0-9Z,19.24,AUD
709370,2024-03-17T11:44:30,2024-03-17,178,28,Online,Credit Card,COUPONZ-0Z,5.4,AUD
709377,2024-03-17T22:37:46,2024-03-17,99,46,Retail,Afterpay,COUPON009-,12.29,AUD
709530,2024-03-17T07:00:36,2024-03-17,707,11,Retail,Credit Card,COUPON0ZA0,3.71,AUD
709532,2024-03-17T01:22:54,2024-03-17,657,34,Retail,Afterpay,COUPON9-0-,18.52,AUD
709679,2024-03-17T15:29:59,2024-03-17,68,16,Online,PayPal,COUPON---A,18.17,AUD
709841,2024-03-17T06:38:22,2024-03-17,218,3,Retail,PayPal,COUPON---A,5.46,AUD
709883,2024-03-17T05:20:30,2024-03-17,377,32,Retail,Credit Card,COUPON-AZA,16.12,AUD
709896,2024-03-17T11:33:59,2024-03-17,297,35,Retail,Credit Card,COUPON----,14.54,AUD
709937,2024-03-17T01:58:45,2024-03-17,30,2,Retail,Afterpay,COUPON090A,3.77,AUD
709997,2024-03-17T06:14:22,2024-03-17,577,15,Retail,PayPal,COUPONA-AZ,0.34,AUD
710172,2024-03-17T15:15:50,2024-03-17,134,37,Online,Afterpay,COUPON--9-,16.16,AUD
710290,2024-03-17T21:57:34,2024-03-17,412,48,Online,Credit Card,COUPON9Z0-,4.55,AUD
710393,2024-03-17T06:33:55,2024-03-17,573,23,Retail,Credit Card,COUPONZ-9A,15.93,AUD
710445,2024-03-17T19:51:46,2024-03-17,593,32,Retail,Credit Card,COUPON-9ZA,15.9,AUD
710590,2024-03-17T19:25:27,2024-03-17,291,47,Retail,PayPal,COUPONAZ0Z,11.82,AUD
710623,2024-03-17T20:11:20,2024-03-17,604,30,Retail,PayPal,COUPON9-9A,2.71,AUD
710693,2024-03-17T01:51:20,2024-03-17,20,35,Online,PayPal,COUPON-Z0-,5.7,AUD
710752,2024-03-17T15:47:38,2024-03-17,253,20,Online,Credit Card,COUPON0ZZA,11.25,AUD
710781,2024-03-17T14:44:21,2024-03-17,563,20,Online,PayPal,COUPONA-9A,12.66,AUD
710786,2024-03-17T19:31:12,2024-03-17,717,6,Online,Afterpay,COUPON-0Z-,11.04,AUD
710851,2024-03-17T14:10:02,2024-03-17,174,12,Online,PayPal,COUPON0-0-,0.79,AUD
710941,2024-03-17T07:39:51,2024-03-17,685,20,Retail,Credit Card,COUPONA0--,10.15,AUD
711031,2024-03-17T01:35:46,2024-03-17,196,49,Online,Credit Card,COUPON0--0,0.92,AUD
711087,2024-03-17T10:02:23,2024-03-17,63,31,Retail,Credit Card,COUPON-0ZA,14.79,AUD
711254,2024-03-17T23:14:33,2024-03-17,490,29,Online,PayPal,COUPON00--,6.53,AUD
711406,2024-03-17T06:22:31,2024-03-17,516,39,Retail,Credit Card,COUPON00ZA,9.2,AUD
711413,2024-03-17T05:22:08,2024-03-17,765,8,Online,PayPal,COUPON-Z9A,4.45,AUD
711438,2024-03-17T20:14:35,2024-03-17,63,17,Online,Credit Card,COUPON--A-,7.33,AUD
711454,2024-03-17T19:38:59,2024-03-17,144,2,Online,PayPal,COUPON-09Z,3.43,AUD
711580,2024-03-17T17:08:35,2024-03-17,344,39,Retail,Credit Card,COUPONA0-Z,16.72,AUD
711687,2024-03-17T21:46:57,2024-03-17,110,42,Online,Afterpay,COUPON9A9Z,15.69,AUD
711748,2024-03-17T08:21:09,2024-03-17,794,19,Retail,Afterpay,COUPON99Z9,4.14,AUD
711842,2024-03-17T04:33:52,2024-03-17,299,19,Retail,Credit Card,COUPON0AZA,14.4,AUD
711985,2024-03-17T12:42:01,2024-03-17,667,19,Retail,Afterpay,COUPON9AAZ,18.47,AUD
712028,2024-03-17T09:01:57,2024-03-17,213,43,Retail,Credit Card,COUPONAAZ-,7.94,AUD
712064,2024-03-17T08:00:43,2024-03-17,67,27,Retail,Credit Card,COUPON---9,3.1,AUD
712197,2024-03-17T11:50:00,2024-03-17,393,31,Online,Afterpay,COUPON-9A-,0.42,AUD
712265,2024-03-17T16:35:12,2024-03-17,323,23,Online,Afterpay,COUPON---Z,17.65,AUD
712546,2024-03-17T17:39:56,2024-03-17,220,27,Online,Afterpay,COUPONZ-Z-,5.51,AUD
712556,2024-03-17T00:05:21,2024-03-17,15,1,Online,PayPal,COUPONAA9-,6.77,AUD
712591,2024-03-17T14:30:42,2024-03-17,200,31,Online,Afterpay,COUPONZAA-,18.35,AUD
712687,2024-03-17T02:59:27,2024-03-17,69,6,Retail,Credit Card,COUPON---9,12.45,AUD
712722,2024-03-17T10:07:50,2024-03-17,163,22,Retail,PayPal,COUPON99Z-,13.54,AUD
712763,2024-03-17T14:58:34,2024-03-17,161,7,Retail,Credit Card,COUPON9--0,19.87,AUD
712772,2024-03-17T13:37:33,2024-03-17,212,16,Online,PayPal,COUPON0Z--,19.14,AUD
712784,2024-03-17T07:56:38,2024-03-17,295,12,Retail,PayPal,COUPONZA-A,1.59,AUD
712821,2024-03-17T16:25:45,2024-03-17,356,10,Online,Credit Card,COUPONZ990,10.41,AUD
712829,2024-03-17T00:50:43,2024-03-17,203,38,Retail,Afterpay,COUPON0Z9-,12.93,AUD
713006,2024-03-17T00:31:03,2024-03-17,362,3,Online,Afterpay,COUPON-A0-,14.52,AUD
713026,2024-03-17T09:43:21,2024-03-17,262,36,Online,Afterpay,COUPON-Z-9,16.22,AUD
713048,2024-03-17T14:48:14,2024-03-17,106,48,Retail,Credit Card,COUPON-9--,10.86,AUD
713105,2024-03-17T17:30:18,2024-03-17,111,20,Retail,PayPal,COUPON-0Z0,7.95,AUD
713271,2024-03-17T21:32:48,2024-03-17,583,16,Retail,Afterpay,COUPON-A9Z,14.63,AUD
713286,2024-03-17T15:13:01,2024-03-17,547,35,Online,Credit Card,COUPON9--9,16.4,AUD
713287,2024-03-17T14:47:46,2024-03-17,751,28,Online,PayPal,COUPON9Z00,18.49,AUD
713373,2024-03-17T10:59:10,2024-03-17,24,27,Online,Afterpay,COUPON0A-0,18.75,AUD
713471,2024-03-17T17:16:29,2024-03-17,790,17,Retail,Credit Card,COUPON99A9,14.56,AUD
713807,2024-03-17T13:31:54,2024-03-17,153,47,Retail,Credit Card,COUPON0-ZZ,12.51,AUD
713885,2024-03-17T15:28:31,2024-03-17,595,9,Online,PayPal,COUPONAAA0,9.15,AUD
713922,2024-03-17T07:06:33,2024-03-17,543,35,Retail,PayPal,COUPONA--0,12.48,AUD
714088,2024-03-17T11:22:16,2024-03-17,781,26,Retail,Afterpay,COUPON0---,15.5,AUD
714139,2024-03-17T00:15:49,2024-03-17,204,24,Online,Credit Card,COUPON990Z,3.07,AUD
714170,2024-03-17T21:10:12,2024-03-17,212,24,Online,Afterpay,COUPON--9-,16.57,AUD
714377,2024-03-17T09:08:25,2024-03-17,245,45,Online,Credit Card,COUPONA990,11.07,AUD
714411,2024-03-17T11:31:04,2024-03-17,601,12,Retail,Credit Card,COUPONZ-AA,7.21,AUD
714560,2024-03-17T20:49:08,2024-03-17,553,5,Retail,Afterpay,COUPONA0A9,0.15,AUD
714751,2024-03-17T02:12:28,2024-03-17,151,19,Retail,Afterpay,COUPONZ9--,2.37,AUD
714796,2024-03-17T07:53:27,2024-03-17,268,44,Online,PayPal,COUPON--09,18.57,AUD
714839,2024-03-17T12:35:02,2024-03-17,513,13,Online,Afterpay,COUPON-A-9,6.53,AUD
715015,2024-03-17T06:41:13,2024-03-17,497,20,Retail,Credit Card,COUPONAZ09,4.63,AUD
715037,2024-03-17T08:00:19,2024-03-17,43,5,Retail,Credit Card,COUPON-Z09,2.89,AUD
715054,2024-03-17T02:33:56,2024-03-17,388,40,Online,Afterpay,COUPON-Z0Z,16.8,AUD
715140,2024-03-17T11:18:15,2024-03-17,8,45,Retail,Credit Card,COUPON---Z,10.55,AUD
715144,2024-03-17T02:16:34,2024-03-17,645,12,Retail,Credit Card,COUPON0900,0.98,AUD
715165,2024-03-17T18:50:29,2024-03-17,631,14,Retail,Credit Card,COUPONAZ0A,4.24,AUD
715249,2024-03-17T05:28:31,2024-03-17,41,38,Retail,Afterpay,COUPONZAA0,9.98,AUD
715498,2024-03-17T09:01:29,2024-03-17,356,15,Online,PayPal,COUPON-90-,17.71,AUD
715576,2024-03-17T17:26:01,2024-03-17,281,9,Online,Afterpay,COUPON-9-0,9.11,AUD
715757,2024-03-17T03:12:03,2024-03-17,25,34,Online,Afterpay,COUPON0Z9Z,15.26,AUD
715851,2024-03-17T12:21:26,2024-03-17,140,4,Online,Afterpay,COUPON-090,18.81,AUD
715924,2024-03-17T09:25:05,2024-03-17,201,29,Retail,Afterpay,COUPONZ-9A,9.38,AUD
715985,2024-03-17T14:15:04,2024-03-17,395,27,Retail,PayPal,COUPONZ0-Z,12.41,AUD
716035,2024-03-17T13:15:39,2024-03-17,368,23,Retail,Credit Card,COUPONA--Z,9.15,AUD
716108,2024-03-17T16:05:25,2024-03-17,271,34,Retail,Afterpay,COUPON90-A,10.88,AUD
716158,2024-03-17T08:17:32,2024-03-17,129,43,Online,Afterpay,COUPON----,10.22,AUD
716717,2024-03-17T01:16:14,2024-03-17,652,2,Online,Credit Card,COUPONZ90Z,8.46,AUD
716750,2024-03-17T01:59:12,2024-03-17,344,11,Online,Credit Card,COUPONAZ--,8.93,AUD
716823,2024-03-17T06:48:50,2024-03-17,691,42,Retail,Credit Card,COUPONAA--,19.22,AUD
717126,2024-03-17T02:03:07,2024-03-17,300,28,Retail,PayPal,COUPONA9-Z,16.81,AUD
717239,2024-03-17T16:25:13,2024-03-17,697,17,Retail,Credit Card,COUPON-9A0,2.45,AUD
717287,2024-03-17T02:09:49,2024-03-17,598,4,Online,PayPal,COUPONA--9,13.12,AUD
717702,2024-03-17T05:32:55,2024-03-17,399,22,Retail,PayPal,COUPON099-,19.67,AUD
717922,2024-03-17T04:51:07,2024-03-17,347,30,Online,Credit Card,COUPON0AZ0,3.66,AUD
717966,2024-03-17T06:37:18,2024-03-17,357,44,Retail,Afterpay,COUPONZZ-9,0.14,AUD
717984,2024-03-17T21:34:52,2024-03-17,275,36,Retail,PayPal,COUPON9A09,7.87,AUD
718000,2024-03-17T22:48:48,2024-03-17,510,3,Retail,Afterpay,COUPON0--A,4.88,AUD
718025,2024-03-17T14:57:40,2024-03-17,26,49,Retail,Credit Card,COUPON0Z-9,0.56,AUD
718140,2024-03-17T09:49:09,2024-03-17,111,25,Retail,PayPal,COUPON9--0,2.56,AUD
718186,2024-03-17T10:28:06,2024-03-17,478,47,Online,Afterpay,COUPONZ--9,5.83,AUD
718266,2024-03-17T12:37:17,2024-03-17,755,15,Online,Afterpay,COUPONAAZZ,7.08,AUD
718429,2024-03-17T03:17:06,2024-03-17,449,45,Retail,Credit Card,COUPONA090,19.93,AUD
718504,2024-03-17T23:24:30,2024-03-17,619,6,Retail,PayPal,COUPON0Z0A,15.61,AUD
718642,2024-03-17T12:38:03,2024-03-17,332,14,Retail,PayPal,COUPONA---,14.18,AUD
718706,2024-03-17T03:57:26,2024-03-17,191,7,Retail,Credit Card,COUPON00-A,15.89,AUD
718891,2024-03-17T18:26:10,2024-03-17,384,3,Retail,Afterpay,COUPONAZ--,0.25,AUD
718960,2024-03-17T07:02:46,2024-03-17,101,43,Retail,PayPal,COUPON--Z-,5.51,AUD
719018,2024-03-17T07:38:24,2024-03-17,464,1,Retail,Afterpay,COUPON-9-A,19.98,AUD
719095,2024-03-17T15:44:11,2024-03-17,181,18,Online,Afterpay,COUPON-009,19.13,AUD
719096,2024-03-17T07:19:43,2024-03-17,566,30,Online,Credit Card,COUPON-99Z,17.03,AUD
719139,2024-03-17T00:46:15,2024-03-17,523,14,Retail,Afterpay,COUPON9-ZZ,18.9,AUD
719176,2024-03-17T11:57:13,2024-03-17,24,1,Retail,Credit Card,COUPON-900,8.78,AUD
719404,2024-03-17T05:16:05,2024-03-17,200,2,Retail,Credit Card,COUPONZ--0,19.94,AUD
719765,2024-03-17T20:15:58,2024-03-17,522,10,Retail,Afterpay,COUPONA000,14.42,AUD
719804,2024-03-17T20:36:28,2024-03-17,229,30,Online,PayPal,COUPON09-0,11.85,AUD
719855,2024-03-17T04:26:07,2024-03-17,764,33,Online,Afterpay,COUPON0A90,3.74,AUD
719884,2024-03-17T09:32:08,2024-03-17,533,45,Retail,Credit Card,COUPONA9ZA,5.74,AUD
719943,2024-03-17T21:34:09,2024-03-17,652,47,Online,Credit Card,COUPON--99,3.83,AUD
720013,2024-03-17T19:24:31,2024-03-17,451,21,Retail,Credit Card,COUPONZ9-Z,0.87,AUD
720115,2024-03-17T08:12:22,2024-03-17,435,44,Online,PayPal,COUPON00A-,7.33,AUD
720176,2024-03-17T05:24:16,2024-03-17,288,11,Online,Afterpay,COUPONAZA-,9.89,AUD
720188,2024-03-17T08:08:31,2024-03-17,65,46,Online,PayPal,COUPON9-99,0.84,AUD
720223,2024-03-17T18:22:43,2024-03-17,598,47,Online,Credit Card,COUPON9ZA-,8.45,AUD
720404,2024-03-17T19:04:55,2024-03-17,5,6,Retail,Afterpay,COUPON-99-,15.36,AUD
720534,2024-03-17T14:34:13,2024-03-17,209,15,Online,PayPal,COUPONZ--A,9.2,AUD
720536,2024-03-17T04:55:05,2024-03-17,391,32,Retail,Afterpay,COUPON-9Z-,15.8,AUD
720616,2024-03-17T16:49:18,2024-03-17,558,46,Retail,Credit Card,COUPON-Z9A,6.81,AUD
720627,2024-03-17T06:24:03,2024-03-17,18,17,Online,PayPal,COUPONZ-99,7.83,AUD
720744,2024-03-17T01:39:13,2024-03-17,90,18,Retail,Afterpay,COUPONA0A9,6.6,AUD
720847,2024-03-17T15:03:27,2024-03-17,277,45,Online,Afterpay,COUPON-099,5.36,AUD
721029,2024-03-17T22:18:51,2024-03-17,369,10,Online,Afterpay,COUPON--90,16.34,AUD
721034,2024-03-17T08:24:20,2024-03-17,38,13,Online,Credit Card,COUPON---9,11.17,AUD
721044,2024-03-17T13:08:07,2024-03-17,794,12,Online,Afterpay,COUPONA---,9.19,AUD
721307,2024-03-17T12:51:19,2024-03-17,699,17,Retail,Credit Card,COUPONZ-ZZ,1.12,AUD
721424,2024-03-17T03:28:56,2024-03-17,602,15,Online,PayPal,COUPON090-,6.2,AUD
721487,2024-03-17T15:31:51,2024-03-17,275,22,Retail,Afterpay,COUPON0Z0A,7.35,AUD
721512,2024-03-17T02:07:36,2024-03-17,745,22,Retail,PayPal,COUPON0A--,17.63,AUD
721631,2024-03-17T17:53:36,2024-03-17,157,35,Online,Credit Card,COUPONZ0Z0,17.31,AUD
721665,2024-03-17T07:56:13,2024-03-17,660,32,Online,Credit Card,COUPON9Z9Z,10.95,AUD
721750,2024-03-17T18:22:41,2024-03-17,590,5,Online,Credit Card,COUPONAA0-,7.0,AUD
721877,2024-03-17T15:28:01,2024-03-17,405,12,Retail,Afterpay,COUPON--Z0,7.98,AUD
721926,2024-03-17T15:39:20,2024-03-17,306,25,Retail,Credit Card,COUPON-0A-,14.56,AUD
722084,2024-03-17T17:21:01,2024-03-17,393,4,Online,PayPal,COUPON-A--,14.17,AUD
722111,2024-03-17T13:35:22,2024-03-17,725,40,Online,Credit Card,COUPON99--,4.61,AUD
722129,2024-03-17T17:53:25,2024-03-17,103,44,Retail,PayPal,COUPON--99,2.42,AUD
722204,2024-03-17T13:08:15,2024-03-17,108,36,Retail,Afterpay,COUPON9--Z,3.18,AUD
722403,2024-03-17T13:34:50,2024-03-17,386,48,Online,PayPal,COUPON-9Z9,13.51,AUD
722406,2024-03-17T15:04:34,2024-03-17,565,29,Retail,Afterpay,COUPON9AAZ,17.9,AUD
722489,2024-03-17T00:02:43,2024-03-17,425,33,Retail,Credit Card,COUPONAA-0,6.12,AUD
722491,2024-03-17T03:20:47,2024-03-17,1,47,Online,Credit Card,COUPON99ZZ,17.28,AUD
722523,2024-03-17T11:19:53,2024-03-17,172,34,Retail,PayPal,COUPON9--A,14.06,AUD
722532,2024-03-17T17:43:45,2024-03-17,203,29,Online,Credit Card,COUPON---Z,13.17,AUD
722569,2024-03-17T04:02:10,2024-03-17,629,46,Online,Credit Card,COUPON--AZ,16.2,AUD
722707,2024-03-17T23:30:30,2024-03-17,114,4,Online,Credit Card,COUPON-9--,14.76,AUD
722716,2024-03-17T11:37:34,2024-03-17,367,2,Retail,PayPal,COUPONAZ9-,11.74,AUD
722773,2024-03-17T17:03:40,2024-03-17,64,4,Online,Credit Card,COUPON-09-,7.34,AUD
722787,2024-03-17T22:03:13,2024-03-17,605,8,Retail,Credit Card,COUPONA0-0,14.6,AUD
722841,2024-03-17T01:05:37,2024-03-17,95,31,Online,Afterpay,COUPON9-AZ,12.4,AUD
722866,2024-03-17T14:02:42,2024-03-17,157,35,Online,PayPal,COUPON-ZA-,0.81,AUD
722899,2024-03-17T08:21:17,2024-03-17,408,4,Online,Afterpay,COUPON-AZZ,19.36,AUD
723119,2024-03-17T20:54:13,2024-03-17,284,48,Online,Credit Card,COUPON9A09,13.5,AUD
723347,2024-03-17T13:28:17,2024-03-17,437,40,Online,PayPal,COUPON--ZA,14.94,AUD
723471,2024-03-17T06:19:58,2024-03-17,655,2,Online,Afterpay,COUPON-0Z-,5.14,AUD
723857,2024-03-17T14:03:50,2024-03-17,723,47,Retail,Afterpay,COUPON0Z-0,4.75,AUD
723860,2024-03-17T19:34:25,2024-03-17,624,27,Retail,Credit Card,COUPONZ-90,4.92,AUD
723891,2024-03-17T15:16:55,2024-03-17,450,45,Retail,Credit Card,COUPONA0-9,5.75,AUD
723914,2024-03-17T22:28:44,2024-03-17,707,48,Retail,Afterpay,COUPON-9Z0,18.68,AUD
723993,2024-03-17T10:21:00,2024-03-17,684,49,Online,PayPal,COUPON0Z--,17.08,AUD
724020,2024-03-17T03:27:41,2024-03-17,176,28,Retail,PayPal,COUPON00-0,17.31,AUD
724057,2024-03-17T10:42:14,2024-03-17,311,20,Online,Afterpay,COUPON99Z-,11.99,AUD
724082,2024-03-17T12:16:46,2024-03-17,576,10,Online,Credit Card,COUPONZ990,1.68,AUD
724097,2024-03-17T18:00:38,2024-03-17,634,33,Retail,PayPal,COUPON-A-9,17.18,AUD
724109,2024-03-17T01:43:54,2024-03-17,751,24,Retail,PayPal,COUPONAZZ-,3.77,AUD
724121,2024-03-17T16:57:56,2024-03-17,12,43,Retail,Afterpay,COUPON9AA0,12.09,AUD
724200,2024-03-17T04:45:54,2024-03-17,664,19,Online,PayPal,COUPON90-A,3.93,AUD
724209,2024-03-17T01:40:02,2024-03-17,538,38,Retail,Afterpay,COUPONA9Z-,4.12,AUD
724328,2024-03-17T22:02:12,2024-03-17,514,15,Online,Credit Card,COUPON0ZAZ,0.71,AUD
724421,2024-03-17T09:03:00,2024-03-17,380,38,Online,PayPal,COUPON-A--,5.85,AUD
724524,2024-03-17T16:34:10,2024-03-17,668,10,Online,Afterpay,COUPON990-,16.96,AUD
724660,2024-03-17T22:17:48,2024-03-17,275,3,Retail,Afterpay,COUPON09Z-,0.29,AUD
724713,2024-03-17T02:39:51,2024-03-17,561,28,Retail,Credit Card,COUPONZA9A,5.18,AUD
724737,2024-03-17T17:56:28,2024-03-17,796,15,Retail,Afterpay,COUPON0-Z-,8.34,AUD
724808,2024-03-17T16:13:30,2024-03-17,58,23,Retail,Afterpay,COUPONA0--,15.57,AUD
724845,2024-03-17T11:37:37,2024-03-17,313,2,Online,Credit Card,COUPONA-Z0,14.88,AUD
724905,2024-03-17T06:39:55,2024-03-17,533,45,Retail,Credit Card,COUPONAAZ-,12.56,AUD
724913,2024-03-17T04:38:03,2024-03-17,764,9,Online,PayPal,COUPON-A9Z,19.2,AUD
724918,2024-03-17T13:15:15,2024-03-17,771,30,Online,PayPal,COUPON0ZZ9,6.31,AUD
725143,2024-03-17T19:25:49,2024-03-17,376,32,Retail,Afterpay,COUPON90ZA,4.28,AUD
725154,2024-03-17T10:56:23,2024-03-17,617,12,Retail,Credit Card,COUPON-90-,10.49,AUD
725289,2024-03-17T20:07:46,2024-03-17,638,11,Retail,Credit Card,COUPONA-ZZ,18.61,AUD
725398,2024-03-17T17:42:49,2024-03-17,372,3,Retail,Afterpay,COUPONA9-0,0.87,AUD
725538,2024-03-17T23:30:37,2024-03-17,89,32,Online,Afterpay,COUPONZ---,0.92,AUD
725557,2024-03-17T00:40:52,2024-03-17,562,22,Retail,Credit Card,COUPON0-0Z,12.6,AUD
725691,2024-03-17T21:13:04,2024-03-17,791,15,Online,Afterpay,COUPONA9A0,3.42,AUD
725809,2024-03-17T23:47:34,2024-03-17,610,8,Retail,Credit Card,COUPON-9--,2.77,AUD
725872,2024-03-17T03:15:57,2024-03-17,776,12,Online,PayPal,COUPON----,17.41,AUD
725978,2024-03-17T17:26:00,2024-03-17,416,14,Retail,Afterpay,COUPONA909,1.55,AUD
726003,2024-03-17T04:55:11,2024-03-17,141,27,Online,Credit Card,COUPON00Z-,18.32,AUD
726327,2024-03-17T20:26:33,2024-03-17,313,44,Online,PayPal,COUPON0---,13.13,AUD
726343,2024-03-17T11:24:00,2024-03-17,271,39,Online,Afterpay,COUPON--Z-,7.66,AUD
726453,2024-03-17T08:19:18,2024-03-17,581,28,Online,PayPal,COUPON0-09,5.62,AUD
726580,2024-03-17T09:18:27,2024-03-17,261,10,Retail,Afterpay,COUPON0Z-A,12.66,AUD
726650,2024-03-17T10:38:18,2024-03-17,653,28,Retail,Credit Card,COUPON0Z9A,8.3,AUD
726708,2024-03-17T22:56:59,2024-03-17,588,34,Online,PayPal,COUPONA9-A,18.22,AUD
726709,2024-03-17T19:09:51,2024-03-17,502,40,Retail,Afterpay,COUPONAZZA,15.34,AUD
726854,2024-03-17T05:17:27,2024-03-17,750,1,Retail,PayPal,COUPON9-9-,3.73,AUD
726869,2024-03-17T05:42:06,2024-03-17,581,10,Retail,Credit Card,COUPON90Z-,9.58,AUD
726950,2024-03-17T04:37:37,2024-03-17,33,35,Retail,PayPal,COUPON-ZA-,2.95,AUD
727162,2024-03-17T05:41:35,2024-03-17,292,27,Online,PayPal,COUPON-Z--,2.27,AUD
727195,2024-03-17T04:50:23,2024-03-17,386,48,Retail,Credit Card,COUPONA-9-,5.18,AUD
727285,2024-03-17T03:52:46,2024-03-17,193,27,Retail,PayPal,COUPON-9Z9,18.49,AUD
727294,2024-03-17T22:38:19,2024-03-17,796,32,Retail,Credit Card,COUPON0990,14.1,AUD
727323,2024-03-17T19:23:17,2024-03-17,713,28,Retail,Credit Card,COUPONZ9ZZ,1.61,AUD
727475,2024-03-17T07:53:14,2024-03-17,72,47,Online,PayPal,COUPON-ZA9,8.42,AUD
727519,2024-03-17T18:48:41,2024-03-17,396,23,Retail,PayPal,COUPON9--Z,11.49,AUD
727561,2024-03-17T05:40:38,2024-03-17,106,47,Retail,Afterpay,COUPONAA-9,0.71,AUD
727576,2024-03-17T00:49:40,2024-03-17,481,25,Online,Credit Card,COUPON-9A9,8.44,AUD
727597,2024-03-17T04:29:43,2024-03-17,555,40,Online,Afterpay,COUPON--0-,8.59,AUD
727753,2024-03-17T18:53:26,2024-03-17,500,15,Retail,Afterpay,COUPON0AZ-,0.08,AUD
727915,2024-03-17T02:44:34,2024-03-17,109,40,Online,PayPal,COUPON00-9,14.22,AUD
728131,2024-03-17T21:04:22,2024-03-17,707,42,Online,Afterpay,COUPON----,0.78,AUD
728238,2024-03-17T11:01:18,2024-03-17,467,30,Retail,PayPal,COUPON-ZAZ,3.28,AUD
728242,2024-03-17T17:03:53,2024-03-17,170,5,Retail,Afterpay,COUPON9-90,4.53,AUD
728338,2024-03-17T17:38:25,2024-03-17,721,42,Online,Afterpay,COUPON-0-A,18.73,AUD
728392,2024-03-17T16:47:46,2024-03-17,250,44,Online,Credit Card,COUPON0A--,2.59,AUD
728442,2024-03-17T19:49:18,2024-03-17,284,26,Retail,Credit Card,COUPONA090,14.3,AUD
728527,2024-03-17T06:56:39,2024-03-17,615,23,Online,Afterpay,COUPON9ZZ-,10.63,AUD
728652,2024-03-17T10:27:15,2024-03-17,643,1,Online,Afterpay,COUPON9099,19.72,AUD
728743,2024-03-17T12:07:40,2024-03-17,295,39,Retail,Credit Card,COUPONAZA0,19.23,AUD
728788,2024-03-17T01:40:12,2024-03-17,17,20,Retail,PayPal,COUPON00AA,5.48,AUD
728804,2024-03-17T09:38:31,2024-03-17,351,34,Retail,Afterpay,COUPON-A00,4.36,AUD
728891,2024-03-17T02:57:30,2024-03-17,332,45,Online,PayPal,COUPON-AZZ,4.12,AUD
728955,2024-03-17T23:33:52,2024-03-17,531,24,Retail,Credit Card,COUPONZA--,13.2,AUD
728993,2024-03-17T01:04:59,2024-03-17,490,14,Online,Afterpay,COUPON--0-,19.09,AUD
729283,2024-03-17T16:39:49,2024-03-17,576,45,Online,PayPal,COUPON9-0A,17.61,AUD
729404,2024-03-17T14:36:30,2024-03-17,84,26,Retail,Credit Card,COUPON900-,15.6,AUD
729668,2024-03-17T01:56:56,2024-03-17,421,41,Retail,PayPal,COUPON90-0,15.9,AUD
729686,2024-03-17T11:55:51,2024-03-17,467,14,Online,Credit Card,COUPON-0ZA,2.17,AUD
729754,2024-03-17T21:24:46,2024-03-17,751,16,Retail,PayPal,COUPON--AZ,8.86,AUD
729786,2024-03-17T21:05:08,2024-03-17,62,11,Online,Credit Card,COUPONZ-9Z,11.09,AUD
730031,2024-03-17T23:57:54,2024-03-17,504,44,Online,Afterpay,COUPON--0Z,14.06,AUD
730085,2024-03-17T03:37:57,2024-03-17,116,21,Online,Afterpay,COUPON00--,6.16,AUD
730089,2024-03-17T18:19:26,2024-03-17,155,16,Online,Credit Card,COUPONA9Z-,2.54,AUD
730160,2024-03-17T00:51:46,2024-03-17,671,29,Online,Credit Card,COUPON-A0Z,5.51,AUD
730204,2024-03-17T03:58:39,2024-03-17,465,3,Retail,PayPal,COUPON----,12.04,AUD
730332,2024-03-17T22:23:06,2024-03-17,479,38,Retail,Credit Card,COUPONA9Z-,11.4,AUD
730526,2024-03-17T20:05:12,2024-03-17,596,16,Online,Afterpay,COUPON---Z,15.29,AUD
730631,2024-03-17T10:26:31,2024-03-17,174,45,Online,Credit Card,COUPON000-,0.24,AUD
730723,2024-03-17T18:43:01,2024-03-17,382,35,Retail,Credit Card,COUPON-AZA,0.23,AUD
730762,2024-03-17T19:21:05,2024-03-17,239,15,Retail,Afterpay,COUPON-0A-,5.56,AUD
730800,2024-03-17T00:24:38,2024-03-17,476,42,Retail,PayPal,COUPONZ9Z-,4.32,AUD
730901,2024-03-17T17:59:08,2024-03-17,109,40,Online,PayPal,COUPON9-9Z,5.99,AUD
730907,2024-03-17T10:46:29,2024-03-17,164,38,Online,PayPal,COUPON--90,11.36,AUD
730943,2024-03-17T10:06:47,2024-03-17,127,32,Online,PayPal,COUPON99A-,6.58,AUD
731014,2024-03-17T21:23:59,2024-03-17,638,44,Online,Credit Card,COUPONA-0A,16.71,AUD
731182,2024-03-17T19:32:20,2024-03-17,193,12,Retail,Afterpay,COUPONZA00,15.75,AUD
731344,2024-03-17T09:31:10,2024-03-17,392,14,Retail,Credit Card,COUPONAA-A,7.48,AUD
731477,2024-03-17T17:23:53,2024-03-17,161,5,Retail,Afterpay,COUPONZZ9-,14.35,AUD
731482,2024-03-17T13:59:44,2024-03-17,195,15,Online,Afterpay,COUPONZZ99,6.3,AUD
731557,2024-03-17T04:55:30,2024-03-17,386,10,Retail,PayPal,COUPON-Z-A,12.2,AUD
731667,2024-03-17T06:20:47,2024-03-17,686,21,Online,Credit Card,COUPON0AA0,8.8,AUD
731793,2024-03-17T10:35:20,2024-03-17,785,2,Online,Credit Card,COUPONA-AA,1.12,AUD
731852,2024-03-17T22:30:01,2024-03-17,278,40,Retail,Afterpay,COUPON09-Z,7.67,AUD
731862,2024-03-17T15:24:00,2024-03-17,525,15,Retail,Credit Card,COUPON---Z,18.82,AUD
731953,2024-03-17T08:10:20,2024-03-17,157,35,Retail,PayPal,COUPON0-9-,10.79,AUD
732102,2024-03-17T22:45:06,2024-03-17,322,35,Online,Afterpay,COUPONZ0-9,11.47,AUD
732263,2024-03-17T17:50:04,2024-03-17,621,31,Online,Afterpay,COUPON0090,9.65,AUD
732277,2024-03-17T20:08:29,2024-03-17,431,20,Retail,PayPal,COUPON-9--,10.48,AUD
732425,2024-03-17T23:07:18,2024-03-17,477,3,Retail,PayPal,COUPONZ-99,15.64,AUD
732541,2024-03-17T07:51:57,2024-03-17,779,30,Retail,PayPal,COUPON-9-A,1.41,AUD
732581,2024-03-17T01:28:46,2024-03-17,553,27,Online,Afterpay,COUPON-9-A,1.7,AUD
732721,2024-03-17T01:09:26,2024-03-17,210,38,Retail,Afterpay,COUPON-0A0,4.99,AUD
732777,2024-03-17T15:38:23,2024-03-17,378,22,Online,Afterpay,COUPON-A-9,9.79,AUD
732815,2024-03-17T06:08:27,2024-03-17,522,10,Retail,Afterpay,COUPON---0,4.16,AUD
732839,2024-03-17T10:04:17,2024-03-17,662,5,Retail,Afterpay,COUPON9A0A,6.83,AUD
732970,2024-03-17T17:22:26,2024-03-17,178,13,Retail,PayPal,COUPON-A9-,16.65,AUD
733125,2024-03-17T08:42:45,2024-03-17,277,48,Online,PayPal,COUPON-909,12.37,AUD
733259,2024-03-17T01:53:37,2024-03-17,701,9,Retail,PayPal,COUPONZ-ZZ,6.56,AUD
733461,2024-03-17T06:10:27,2024-03-17,216,39,Retail,PayPal,COUPON-90A,12.5,AUD
733494,2024-03-17T02:00:46,2024-03-17,455,46,Retail,Afterpay,COUPON--Z-,19.0,AUD
733559,2024-03-17T16:06:51,2024-03-17,688,22,Online,PayPal,COUPON09-9,12.56,AUD
733648,2024-03-17T02:02:24,2024-03-17,655,19,Retail,PayPal,COUPON-A-A,2.42,AUD
733674,2024-03-17T08:14:56,2024-03-17,14,6,Online,Afterpay,COUPONZ09-,8.33,AUD
733724,2024-03-17T03:29:57,2024-03-17,37,43,Online,Credit Card,COUPONZ---,13.45,AUD
733733,2024-03-17T17:47:12,2024-03-17,566,9,Retail,PayPal,COUPONZZZ0,14.66,AUD
733747,2024-03-17T21:21:26,2024-03-17,181,27,Online,Afterpay,COUPON-0Z-,15.74,AUD
733888,2024-03-17T09:39:00,2024-03-17,12,2,Online,PayPal,COUPONZA9Z,13.59,AUD
733898,2024-03-17T18:09:31,2024-03-17,349,39,Retail,Afterpay,COUPON90--,12.7,AUD
733913,2024-03-17T07:20:02,2024-03-17,643,28,Online,PayPal,COUPON-Z9A,4.14,AUD
734065,2024-03-17T09:13:24,2024-03-17,424,49,Retail,Afterpay,COUPONA-A-,18.07,AUD
734160,2024-03-17T07:08:53,2024-03-17,767,28,Retail,PayPal,COUPON0-9Z,6.74,AUD
734259,2024-03-17T18:04:27,2024-03-17,739,22,Online,Afterpay,COUPON0Z9-,17.72,AUD
734518,2024-03-17T11:53:58,2024-03-17,647,44,Retail,PayPal,COUPON-Z9A,15.42,AUD
734602,2024-03-17T03:39:32,2024-03-17,408,20,Online,Credit Card,COUPON--90,3.13,AUD
734603,2024-03-17T10:11:32,2024-03-17,102,3,Retail,PayPal,COUPON0-ZZ,18.62,AUD
734652,2024-03-17T02:24:51,2024-03-17,627,16,Online,PayPal,COUPONA-00,18.57,AUD
734772,2024-03-17T05:37:17,2024-03-17,36,45,Retail,Credit Card,COUPON9ZZA,9.88,AUD
734825,2024-03-17T21:06:58,2024-03-17,654,45,Retail,PayPal,COUPON-Z-9,13.66,AUD
734830,2024-03-17T11:43:02,2024-03-17,221,16,Online,PayPal,COUPONAZ0A,10.81,AUD
734891,2024-03-17T11:42:09,2024-03-17,586,11,Online,Afterpay,COUPONA-A9,11.11,AUD
734960,2024-03-17T17:11:30,2024-03-17,24,32,Online,PayPal,COUPON--0A,17.14,AUD
735110,2024-03-17T19:51:10,2024-03-17,30,31,Retail,Credit Card,COUPON9--9,2.16,AUD
735154,2024-03-17T11:30:59,2024-03-17,320,23,Retail,Credit Card,COUPON99Z9,3.7,AUD
735174,2024-03-17T21:26:14,2024-03-17,120,46,Online,Credit Card,COUPONA---,2.94,AUD
735254,2024-03-17T02:35:11,2024-03-17,563,4,Retail,PayPal,COUPON9---,6.32,AUD
735330,2024-03-17T06:53:04,2024-03-17,163,46,Retail,Credit Card,COUPONZ-Z-,17.06,AUD
735521,2024-03-17T11:41:44,2024-03-17,470,42,Online,Credit Card,COUPON99-9,15.5,AUD
735837,2024-03-17T06:46:31,2024-03-17,603,29,Retail,PayPal,COUPON9---,18.05,AUD
735849,2024-03-17T10:38:04,2024-03-17,629,49,Retail,PayPal,COUPON0Z90,2.12,AUD
735892,2024-03-17T14:33:53,2024-03-17,546,40,Retail,Credit Card,COUPON90ZZ,4.85,AUD
735942,2024-03-17T14:38:11,2024-03-17,638,31,Retail,Afterpay,COUPONZZ9-,16.96,AUD
735954,2024-03-17T21:56:30,2024-03-17,405,41,Online,Afterpay,COUPONZ-99,6.65,AUD
735999,2024-03-17T06:58:25,2024-03-17,729,43,Online,Credit Card,COUPON0---,18.65,AUD
736088,2024-03-17T03:15:50,2024-03-17,272,43,Online,PayPal,COUPON-9-Z,3.27,AUD
736406,2024-03-17T16:48:04,2024-03-17,774,42,Online,PayPal,COUPONZ900,10.32,AUD
736484,2024-03-17T08:28:34,2024-03-17,785,37,Retail,Afterpay,COUPONA-Z9,5.02,AUD
736505,2024-03-17T21:02:29,2024-03-17,569,7,Online,Credit Card,COUPONA0ZA,11.57,AUD
736691,2024-03-17T19:26:09,2024-03-17,72,9,Retail,Credit Card,COUPON9Z-0,11.62,AUD
736849,2024-03-17T21:25:37,2024-03-17,126,7,Online,Afterpay,COUPONZ0-0,16.9,AUD
736878,2024-03-17T01:56:44,2024-03-17,490,28,Online,Afterpay,COUPON--ZZ,12.14,AUD
736899,2024-03-17T03:36:35,2024-03-17,279,15,Online,Credit Card,COUPONZ-0A,10.46,AUD
737103,2024-03-17T20:22:00,2024-03-17,442,2,Retail,Credit Card,COUPON9A-A,5.38,AUD
737417,2024-03-17T04:04:29,2024-03-17,171,22,Retail,Afterpay,COUPON--9Z,17.51,AUD
737447,2024-03-17T23:47:55,2024-03-17,642,47,Retail,PayPal,COUPONA--0,13.91,AUD
737540,2024-03-17T00:35:54,2024-03-17,241,38,Retail,PayPal,COUPON----,8.64,AUD
737717,2024-03-17T02:09:13,2024-03-17,393,27,Retail,PayPal,COUPON0009,8.39,AUD
737735,2024-03-17T03:56:38,2024-03-17,558,34,Retail,Credit Card,COUPON---0,19.76,AUD
737841,2024-03-17T09:13:48,2024-03-17,602,41,Online,PayPal,COUPONZ-09,7.55,AUD
737893,2024-03-17T14:52:39,2024-03-17,246,29,Retail,Afterpay,COUPON99A-,0.54,AUD
737934,2024-03-17T05:48:20,2024-03-17,529,44,Online,PayPal,COUPON-9-A,17.18,AUD
738071,2024-03-17T04:18:45,2024-03-17,703,4,Online,PayPal,COUPON--A0,15.83,AUD
738112,2024-03-17T10:00:27,2024-03-17,280,5,Online,PayPal,COUPON9ZAZ,2.65,AUD
738148,2024-03-17T17:54:18,2024-03-17,55,35,Retail,PayPal,COUPON0ZZZ,9.45,AUD
738237,2024-03-17T09:11:23,2024-03-17,211,4,Online,PayPal,COUPON-9-0,10.15,AUD
738356,2024-03-17T22:41:33,2024-03-17,587,12,Retail,PayPal,COUPON0090,19.95,AUD
738407,2024-03-17T12:48:32,2024-03-17,556,28,Retail,Credit Card,COUPON9999,11.85,AUD
738452,2024-03-17T00:21:38,2024-03-17,567,9,Retail,PayPal,COUPON-A0Z,17.45,AUD
738552,2024-03-17T00:41:15,2024-03-17,627,13,Online,PayPal,COUPONA--0,5.13,AUD
738561,2024-03-17T15:28:50,2024-03-17,144,1,Online,PayPal,COUPONZA09,5.8,AUD
738600,2024-03-17T23:50:18,2024-03-17,146,37,Online,Credit Card,COUPONA9A0,6.3,AUD
738615,2024-03-17T10:03:33,2024-03-17,717,13,Retail,Credit Card,COUPON9-ZA,0.48,AUD
738939,2024-03-17T17:12:37,2024-03-17,2,1,Online,PayPal,COUPONA-AZ,9.56,AUD
739085,2024-03-17T18:17:17,2024-03-17,618,3,Retail,PayPal,COUPON-09Z,6.54,AUD
739209,2024-03-17T16:06:23,2024-03-17,136,26,Online,Afterpay,COUPON0Z-A,17.67,AUD
739395,2024-03-17T01:03:18,2024-03-17,149,10,Retail,PayPal,COUPON-Z0-,3.84,AUD
739422,2024-03-17T21:15:35,2024-03-17,733,28,Online,PayPal,COUPONZ9ZZ,7.32,AUD
739562,2024-03-17T16:40:26,2024-03-17,537,48,Retail,Afterpay,COUPON-9--,0.42,AUD
739664,2024-03-17T04:09:21,2024-03-17,41,39,Retail,Afterpay,COUPON-00A,11.49,AUD
739774,2024-03-17T22:22:40,2024-03-17,776,48,Online,PayPal,COUPON-Z0A,7.58,AUD
739783,2024-03-17T01:02:02,2024-03-17,539,34,Online,Afterpay,COUPON9Z--,14.9,AUD
739956,2024-03-17T16:18:07,2024-03-17,75,24,Online,Credit Card,COUPONA--A,4.16,AUD
739964,2024-03-17T12:15:30,2024-03-17,237,10,Retail,Afterpay,COUPON9AA9,17.75,AUD
739966,2024-03-17T20:24:26,2024-03-17,603,6,Online,Afterpay,COUPONZA-9,12.54,AUD
739978,2024-03-17T19:09:34,2024-03-17,348,42,Retail,Credit Card,COUPONAZ--,19.1,AUD
740155,2024-03-17T06:35:30,2024-03-17,538,3,Retail,Afterpay,COUPON090-,7.97,AUD
740204,2024-03-17T23:27:23,2024-03-17,357,12,Retail,PayPal,COUPON-A00,9.11,AUD
740259,2024-03-17T13:05:49,2024-03-17,65,4,Retail,PayPal,COUPONAZ9-,4.3,AUD
740286,2024-03-17T07:27:36,2024-03-17,411,27,Online,Afterpay,COUPON-Z0A,6.19,AUD
740332,2024-03-17T09:27:29,2024-03-17,304,2,Online,Afterpay,COUPONZ0Z-,12.0,AUD
740387,2024-03-17T13:37:34,2024-03-17,133,1,Retail,PayPal,COUPONAAA-,14.68,AUD
740416,2024-03-17T10:25:34,2024-03-17,417,31,Online,PayPal,COUPON-ZA-,0.27,AUD
740474,2024-03-17T01:19:23,2024-03-17,392,43,Online,PayPal,COUPONZ0Z0,1.08,AUD
740602,2024-03-17T08:24:29,2024-03-17,120,2,Retail,Afterpay,COUPON90--,3.31,AUD
740610,2024-03-17T16:21:12,2024-03-17,694,39,Online,PayPal,COUPONA000,3.06,AUD
740936,2024-03-17T02:53:31,2024-03-17,664,2,Retail,Afterpay,COUPONA900,1.31,AUD
741033,2024-03-17T08:18:23,2024-03-17,122,29,Retail,Afterpay,COUPON-9A9,16.32,AUD
741093,2024-03-17T16:44:46,2024-03-17,431,42,Online,Afterpay,COUPON-A--,15.68,AUD
741175,2024-03-17T10:35:56,2024-03-17,440,43,Online,Afterpay,COUPONA9A-,5.12,AUD
741219,2024-03-17T05:16:16,2024-03-17,540,27,Online,Afterpay,COUPON-A0Z,8.05,AUD
741259,2024-03-17T20:48:29,2024-03-17,415,23,Retail,PayPal,COUPONZ00-,0.05,AUD
741383,2024-03-17T04:15:38,2024-03-17,134,47,Online,Credit Card,COUPON-099,17.32,AUD
741435,2024-03-17T23:33:38,2024-03-17,77,28,Retail,PayPal,COUPON-909,6.68,AUD
741436,2024-03-17T21:25:52,2024-03-17,643,33,Retail,Credit Card,COUPONZ-AA,12.37,AUD
741454,2024-03-17T15:41:13,2024-03-17,739,4,Online,PayPal,COUPON-90Z,11.86,AUD
741460,2024-03-17T23:14:10,2024-03-17,699,11,Online,Afterpay,COUPONZ9AA,2.63,AUD
741520,2024-03-17T04:56:01,2024-03-17,566,20,Online,PayPal,COUPON9A--,9.84,AUD
741543,2024-03-17T23:51:02,2024-03-17,215,42,Retail,Credit Card,COUPON0-9Z,15.01,AUD
741548,2024-03-17T16:54:12,2024-03-17,152,22,Online,PayPal,COUPON---9,16.61,AUD
741638,2024-03-17T10:41:54,2024-03-17,294,21,Retail,PayPal,COUPONA9A0,15.08,AUD
741665,2024-03-17T19:35:39,2024-03-17,455,17,Online,PayPal,COUPON9ZZA,9.87,AUD
741739,2024-03-17T01:47:54,2024-03-17,146,48,Online,PayPal,COUPONA0A0,19.13,AUD
741796,2024-03-17T00:16:38,2024-03-17,182,37,Online,PayPal,COUPON0-Z0,19.21,AUD
741827,2024-03-17T15:05:55,2024-03-17,508,32,Retail,Afterpay,COUPONZ990,12.79,AUD
741919,2024-03-17T12:57:56,2024-03-17,553,5,Retail,Credit Card,COUPON0ZAA,9.81,AUD
742067,2024-03-17T09:27:11,2024-03-17,160,28,Online,Afterpay,COUPONZ0-0,13.08,AUD
742157,2024-03-17T18:32:44,2024-03-17,82,18,Online,Afterpay,COUPON0-A-,4.56,AUD
742286,2024-03-17T07:15:16,2024-03-17,90,6,Online,Credit Card,COUPON-00Z,16.95,AUD
742495,2024-03-17T16:09:14,2024-03-17,464,29,Retail,PayPal,COUPONZ-99,8.78,AUD
742624,2024-03-17T11:23:29,2024-03-17,741,6,Retail,Afterpay,COUPON999-,13.97,AUD
742641,2024-03-17T12:32:52,2024-03-17,265,18,Online,PayPal,COUPON-AA0,8.37,AUD
742654,2024-03-17T19:46:08,2024-03-17,141,10,Online,Credit Card,COUPON---Z,11.46,AUD
742708,2024-03-17T18:36:55,2024-03-17,338,16,Retail,Afterpay,COUPON0-0A,13.49,AUD
742767,2024-03-17T23:40:45,2024-03-17,387,21,Online,Afterpay,COUPON-90-,12.47,AUD
742825,2024-03-17T05:04:30,2024-03-17,621,19,Retail,Credit Card,COUPON-A-Z,3.44,AUD
743171,2024-03-17T08:32:33,2024-03-17,150,17,Retail,Credit Card,COUPONZ--Z,14.94,AUD
743180,2024-03-17T15:47:23,2024-03-17,492,5,Retail,Afterpay,COUPONZ-A-,7.21,AUD
743231,2024-03-17T17:27:53,2024-03-17,408,23,Online,Credit Card,COUPONZAZA,9.82,AUD
743254,2024-03-17T23:02:40,2024-03-17,452,12,Online,Credit Card,COUPON-90Z,7.17,AUD
743292,2024-03-17T05:39:39,2024-03-17,681,20,Retail,Credit Card,COUPONZ9A-,19.35,AUD
743342,2024-03-17T07:13:43,2024-03-17,654,12,Retail,Credit Card,COUPON0AZ9,14.28,AUD
743409,2024-03-17T16:19:41,2024-03-17,667,1,Online,Afterpay,COUPONA9-9,0.93,AUD
743758,2024-03-17T06:48:53,2024-03-17,731,35,Retail,Afterpay,COUPON0AAZ,19.18,AUD
743835,2024-03-17T11:23:39,2024-03-17,760,37,Online,Afterpay,COUPON90Z9,5.64,AUD
744164,2024-03-17T07:08:27,2024-03-17,738,28,Online,Afterpay,COUPONA---,11.84,AUD
744233,2024-03-17T15:22:50,2024-03-17,693,26,Online,Credit Card,COUPONA-00,12.7,AUD
744480,2024-03-17T15:43:43,2024-03-17,214,33,Online,PayPal,COUPONA0A9,17.51,AUD
744529,2024-03-17T18:40:29,2024-03-17,41,11,Online,Credit Card,COUPON09A-,6.77,AUD
744565,2024-03-17T14:42:34,2024-03-17,158,35,Online,Credit Card,COUPON--0-,12.52,AUD
744709,2024-03-17T20:20:07,2024-03-17,735,3,Online,Credit Card,COUPON0A--,2.1,AUD
744752,2024-03-17T16:58:54,2024-03-17,530,45,Retail,PayPal,COUPONA0-9,18.65,AUD
744758,2024-03-17T03:21:34,2024-03-17,505,47,Online,PayPal,COUPON09-9,14.46,AUD
745150,2024-03-17T00:46:45,2024-03-17,463,6,Retail,PayPal,COUPON09Z-,18.09,AUD
745211,2024-03-17T23:34:35,2024-03-17,238,42,Retail,PayPal,COUPONZ0--,9.67,AUD
745236,2024-03-17T09:18:20,2024-03-17,301,27,Online,PayPal,COUPONZ--0,8.29,AUD
745238,2024-03-17T05:48:06,2024-03-17,709,44,Retail,Credit Card,COUPON--AZ,19.01,AUD
745252,2024-03-17T06:11:37,2024-03-17,665,38,Retail,Credit Card,COUPON-9A0,9.38,AUD
745278,2024-03-17T09:28:49,2024-03-17,419,31,Online,Afterpay,COUPON---0,12.52,AUD
745320,2024-03-17T04:20:09,2024-03-17,43,5,Online,PayPal,COUPONA0Z-,18.46,AUD
745402,2024-03-17T15:53:07,2024-03-17,749,11,Retail,PayPal,COUPON0000,18.7,AUD
745673,2024-03-17T02:48:57,2024-03-17,228,29,Retail,PayPal,COUPON9---,14.36,AUD
745939,2024-03-17T10:36:46,2024-03-17,735,19,Online,PayPal,COUPONA000,9.76,AUD
746197,2024-03-17T22:13:19,2024-03-17,745,16,Online,PayPal,COUPON9A9A,15.17,AUD
746208,2024-03-17T04:37:43,2024-03-17,396,1,Retail,PayPal,COUPON9-A9,13.56,AUD
746228,2024-03-17T12:25:35,2024-03-17,56,36,Online,Credit Card,COUPON9AA9,19.92,AUD
746467,2024-03-17T06:16:22,2024-03-17,31,8,Online,Afterpay,COUPONAA-9,13.11,AUD
746498,2024-03-17T10:24:26,2024-03-17,418,12,Retail,PayPal,COUPONA9-9,16.25,AUD
746529,2024-03-17T04:30:36,2024-03-17,235,22,Online,Credit Card,COUPON-09-,6.63,AUD
746853,2024-03-17T18:44:19,2024-03-17,492,18,Retail,Credit Card,COUPONA-ZA,11.89,AUD
746878,2024-03-17T23:07:48,2024-03-17,773,46,Retail,Afterpay,COUPONZ000,1.56,AUD
746902,2024-03-17T21:09:19,2024-03-17,332,40,Retail,Afterpay,COUPON-A-0,13.55,AUD
746905,2024-03-17T02:29:57,2024-03-17,523,3,Retail,Afterpay,COUPONZ-0Z,17.52,AUD
746998,2024-03-17T02:59:26,2024-03-17,589,18,Online,PayPal,COUPON-ZA-,16.12,AUD
747010,2024-03-17T00:10:44,2024-03-17,273,3,Retail,PayPal,COUPON-A90,0.12,AUD
747173,2024-03-17T09:57:24,2024-03-17,594,33,Online,PayPal,COUPONZ00Z,13.64,AUD
747363,2024-03-17T20:49:04,2024-03-17,507,13,Online,PayPal,COUPON9ZZ-,19.08,AUD
747512,2024-03-17T19:19:32,2024-03-17,173,46,Retail,PayPal,COUPON90-A,17.54,AUD
747674,2024-03-17T02:27:09,2024-03-17,414,38,Retail,PayPal,COUPON-AZ-,9.93,AUD
747794,2024-03-17T18:21:29,2024-03-17,343,7,Online,Afterpay,COUPON--AA,8.8,AUD
747950,2024-03-17T10:40:04,2024-03-17,21,14,Online,Credit Card,COUPONA909,6.08,AUD
747952,2024-03-17T06:30:08,2024-03-17,190,26,Retail,Credit Card,COUPONZZ-Z,12.28,AUD
747960,2024-03-17T01:47:12,2024-03-17,629,6,Retail,Afterpay,COUPON---9,19.9,AUD
748010,2024-03-17T07:31:39,2024-03-17,91,42,Retail,Credit Card,COUPONZ9-Z,10.19,AUD
748296,2024-03-17T05:39:03,2024-03-17,20,18,Online,Credit Card,COUPONA0-Z,9.78,AUD
748508,2024-03-17T17:42:01,2024-03-17,461,7,Retail,Credit Card,COUPONZZ99,19.8,AUD
748518,2024-03-17T20:43:03,2024-03-17,342,27,Online,PayPal,COUPON----,10.5,AUD
748543,2024-03-17T05:14:42,2024-03-17,406,43,Retail,Afterpay,COUPON9A-A,7.07,AUD
748549,2024-03-17T17:16:09,2024-03-17,250,4,Retail,Credit Card,COUPON0Z--,2.7,AUD
748597,2024-03-17T07:14:59,2024-03-17,769,3,Retail,PayPal,COUPON-A-Z,2.18,AUD
749200,2024-03-17T13:32:19,2024-03-17,602,35,Online,Credit Card,COUPONZ--Z,7.62,AUD
749234,2024-03-17T19:23:47,2024-03-17,655,39,Retail,Afterpay,COUPON-AA-,12.18,AUD
749276,2024-03-17T13:55:32,2024-03-17,146,2,Online,Afterpay,COUPON-Z-0,2.17,AUD
749367,2024-03-17T00:42:17,2024-03-17,543,6,Retail,Afterpay,COUPON09Z-,13.34,AUD
749418,2024-03-17T16:19:28,2024-03-17,284,4,Retail,Credit Card,COUPONZZAZ,17.82,AUD
749511,2024-03-17T05:53:46,2024-03-17,220,42,Online,PayPal,COUPONZ9-A,9.31,AUD
749518,2024-03-17T17:34:49,2024-03-17,658,15,Online,Credit Card,COUPONA9-9,11.18,AUD
749542,2024-03-17T12:21:50,2024-03-17,241,23,Retail,PayPal,COUPON-ZZA,1.26,AUD
749668,2024-03-17T10:15:11,2024-03-17,240,33,Online,Afterpay,COUPON00A9,3.42,AUD
749777,2024-03-17T21:58:13,2024-03-17,322,5,Retail,Credit Card,COUPON-99Z,4.06,AUD
749844,2024-03-17T03:12:22,2024-03-17,638,31,Online,Credit Card,COUPON-0A0,13.32,AUD
749899,2024-03-17T17:33:25,2024-03-17,414,30,Retail,PayPal,COUPON-A-9,6.47,AUD
750060,2024-03-17T04:29:14,2024-03-17,226,29,Online,PayPal,COUPON-0-Z,0.52,AUD
750149,2024-03-17T16:48:19,2024-03-17,2,47,Retail,PayPal,COUPONZAAA,7.66,AUD
750392,2024-03-17T09:49:56,2024-03-17,514,11,Online,Afterpay,COUPON--Z-,1.79,AUD
750476,2024-03-17T20:32:36,2024-03-17,352,11,Retail,Credit Card,COUPONA990,19.27,AUD
750587,2024-03-17T08:59:45,2024-03-17,652,18,Online,Afterpay,COUPON--90,14.78,AUD
750736,2024-03-17T03:22:30,2024-03-17,655,34,Retail,Afterpay,COUPONAZ-A,1.87,AUD
750811,2024-03-17T21:19:26,2024-03-17,745,12,Online,Afterpay,COUPON----,10.5,AUD
750832,2024-03-17T17:45:26,2024-03-17,96,32,Retail,PayPal,COUPONAA-9,8.53,AUD
750872,2024-03-17T03:15:26,2024-03-17,310,49,Online,Credit Card,COUPONA--A,17.83,AUD
750910,2024-03-17T18:17:00,2024-03-17,640,43,Online,PayPal,COUPON9099,3.27,AUD
750916,2024-03-17T02:24:33,2024-03-17,443,25,Retail,Afterpay,COUPON9Z09,15.51,AUD
751076,2024-03-17T14:50:12,2024-03-17,373,35,Online,Afterpay,COUPON9---,16.41,AUD
751129,2024-03-17T03:49:55,2024-03-17,138,25,Retail,Afterpay,COUPONAZZ-,16.12,AUD
751169,2024-03-17T09:39:53,2024-03-17,563,30,Online,Credit Card,COUPON-Z-0,18.25,AUD
751193,2024-03-17T23:02:59,2024-03-17,114,20,Retail,Afterpay,COUPON999-,13.2,AUD
751201,2024-03-17T04:48:40,2024-03-17,607,32,Online,Afterpay,COUPON0-0-,3.92,AUD
751302,2024-03-17T21:54:53,2024-03-17,385,16,Online,Afterpay,COUPONA00-,1.13,AUD
751310,2024-03-17T08:15:09,2024-03-17,70,33,Retail,Credit Card,COUPON-AA-,12.76,AUD
751348,2024-03-17T18:53:38,2024-03-17,376,26,Online,Credit Card,COUPON990-,17.59,AUD
751405,2024-03-17T21:55:27,2024-03-17,413,20,Retail,PayPal,COUPON9-0-,19.12,AUD
751523,2024-03-17T15:11:00,2024-03-17,637,30,Online,Afterpay,COUPONZ--0,2.92,AUD
751561,2024-03-17T13:44:13,2024-03-17,504,33,Retail,Afterpay,COUPON-0ZZ,16.31,AUD
751891,2024-03-17T17:39:21,2024-03-17,642,1,Retail,PayPal,COUPONA0-Z,5.72,AUD
751923,2024-03-17T06:44:43,2024-03-17,11,10,Retail,Credit Card,COUPON9AZ0,8.88,AUD
751939,2024-03-17T09:04:28,2024-03-17,270,44,Online,PayPal,COUPON9---,9.4,AUD
751990,2024-03-17T23:52:38,2024-03-17,565,23,Online,Credit Card,COUPON-A--,2.46,AUD
752141,2024-03-17T07:04:24,2024-03-17,798,34,Retail,Afterpay,COUPON00ZA,2.8,AUD
752246,2024-03-17T00:25:00,2024-03-17,360,4,Online,Credit Card,COUPON009-,4.5,AUD
752250,2024-03-17T05:15:18,2024-03-17,123,11,Retail,PayPal,COUPON9---,10.03,AUD
752469,2024-03-17T03:54:24,2024-03-17,7,20,Retail,PayPal,COUPONA00-,13.96,AUD
752498,2024-03-17T00:10:11,2024-03-17,192,14,Online,Credit Card,COUPON0-9Z,13.85,AUD
752639,2024-03-17T17:35:21,2024-03-17,587,23,Online,PayPal,COUPON--Z-,17.25,AUD
752770,2024-03-17T14:50:55,2024-03-17,601,42,Retail,PayPal,COUPON9ZA-,14.1,AUD
752911,2024-03-17T16:26:04,2024-03-17,623,21,Retail,Credit Card,COUPONZ0-9,15.29,AUD
752933,2024-03-17T05:10:41,2024-03-17,285,13,Online,Credit Card,COUPON9-A0,5.35,AUD
753063,2024-03-17T16:54:30,2024-03-17,274,42,Retail,PayPal,COUPON9--A,2.75,AUD
753076,2024-03-17T11:29:59,2024-03-17,67,48,Online,PayPal,COUPON-AA-,15.19,AUD
753115,2024-03-17T09:38:29,2024-03-17,159,29,Retail,Credit Card,COUPONAZZZ,1.94,AUD
753242,2024-03-17T08:29:57,2024-03-17,624,2,Retail,Credit Card,COUPON90Z-,8.26,AUD
753369,2024-03-17T08:50:03,2024-03-17,428,38,Retail,PayPal,COUPON-AAA,18.41,AUD
753438,2024-03-17T09:09:49,2024-03-17,723,22,Online,PayPal,COUPON0Z9-,3.98,AUD
753639,2024-03-17T01:06:41,2024-03-17,329,5,Retail,PayPal,COUPON-A00,8.81,AUD
753746,2024-03-17T14:54:06,2024-03-17,381,23,Retail,PayPal,COUPON-9AZ,9.88,AUD
753919,2024-03-17T19:21:01,2024-03-17,643,27,Retail,Credit Card,COUPONZ0-9,12.66,AUD
753940,2024-03-17T11:15:33,2024-03-17,752,2,Online,PayPal,COUPON99-A,12.58,AUD
753989,2024-03-17T13:41:10,2024-03-17,307,48,Online,PayPal,COUPONAA09,13.57,AUD
754038,2024-03-17T08:24:06,2024-03-17,99,22,Online,PayPal,COUPONZ09-,5.66,AUD
754050,2024-03-17T05:13:01,2024-03-17,573,4,Online,Afterpay,COUPON---A,0.61,AUD
754130,2024-03-17T16:44:24,2024-03-17,41,47,Online,PayPal,COUPONA0-A,5.26,AUD
754143,2024-03-17T20:19:16,2024-03-17,642,49,Retail,Afterpay,COUPON0A-0,13.71,AUD
754151,2024-03-17T15:24:14,2024-03-17,461,4,Online,Credit Card,COUPONAA0-,4.29,AUD
754165,2024-03-17T12:19:04,2024-03-17,329,8,Online,Afterpay,COUPONA90-,17.32,AUD
754398,2024-03-17T07:28:24,2024-03-17,290,26,Retail,PayPal,COUPON0--A,5.68,AUD
754533,2024-03-17T17:53:12,2024-03-17,440,26,Retail,Credit Card,COUPON9-Z9,13.86,AUD
754581,2024-03-17T13:32:07,2024-03-17,134,24,Online,Afterpay,COUPON--9A,8.85,AUD
754616,2024-03-17T03:12:22,2024-03-17,83,19,Retail,Credit Card,COUPON090-,13.27,AUD
754697,2024-03-17T23:55:25,2024-03-17,260,35,Retail,Credit Card,COUPON-ZA0,19.65,AUD
754823,2024-03-17T06:22:04,2024-03-17,270,34,Online,PayPal,COUPON--Z9,1.6,AUD
755063,2024-03-17T18:55:50,2024-03-17,133,17,Retail,Credit Card,COUPONA000,1.68,AUD
755153,2024-03-17T20:00:29,2024-03-17,600,26,Online,PayPal,COUPON09-A,16.77,AUD
755214,2024-03-17T11:41:42,2024-03-17,781,24,Retail,Afterpay,COUPON0-90,8.62,AUD
755250,2024-03-17T02:59:55,2024-03-17,247,4,Online,PayPal,COUPONZA9-,9.61,AUD
755297,2024-03-17T23:02:47,2024-03-17,684,24,Online,PayPal,COUPON0Z09,8.06,AUD
755303,2024-03-17T11:55:49,2024-03-17,678,27,Retail,Credit Card,COUPONA-0-,2.22,AUD
755423,2024-03-17T19:27:44,2024-03-17,652,46,Online,Credit Card,COUPON9-99,10.85,AUD
755586,2024-03-17T14:16:33,2024-03-17,784,2,Online,Afterpay,COUPONA-Z0,18.99,AUD
755597,2024-03-17T02:05:45,2024-03-17,275,39,Retail,Credit Card,COUPON999Z,17.33,AUD
755680,2024-03-17T20:29:45,2024-03-17,562,32,Retail,PayPal,COUPON0---,15.66,AUD
755726,2024-03-17T19:14:45,2024-03-17,344,5,Retail,PayPal,COUPON-0--,14.23,AUD
755950,2024-03-17T03:01:31,2024-03-17,599,17,Retail,Credit Card,COUPONA-9Z,3.1,AUD
756054,2024-03-17T23:41:53,2024-03-17,524,31,Retail,PayPal,COUPON99Z0,7.88,AUD
756108,2024-03-17T01:53:09,2024-03-17,752,1,Retail,Afterpay,COUPONA909,17.42,AUD
756134,2024-03-17T05:23:03,2024-03-17,166,32,Retail,PayPal,COUPON0Z--,0.93,AUD
756163,2024-03-17T23:13:42,2024-03-17,620,38,Online,PayPal,COUPON09--,0.63,AUD
756270,2024-03-17T02:25:59,2024-03-17,93,38,Online,Afterpay,COUPONZ99A,7.84,AUD
756308,2024-03-17T23:22:40,2024-03-17,484,32,Online,Credit Card,COUPON-AAA,9.9,AUD
756365,2024-03-17T20:02:37,2024-03-17,23,5,Retail,PayPal,COUPONZZ-Z,7.63,AUD
756393,2024-03-17T05:56:09,2024-03-17,134,14,Online,Afterpay,COUPON0-Z-,5.61,AUD
756493,2024-03-17T20:49:32,2024-03-17,750,21,Retail,Afterpay,COUPONAA09,5.78,AUD
756608,2024-03-17T07:59:01,2024-03-17,676,37,Online,Afterpay,COUPONZ9-A,5.21,AUD
756704,2024-03-17T12:40:56,2024-03-17,344,9,Retail,PayPal,COUPONZ---,16.94,AUD
756895,2024-03-17T19:46:18,2024-03-17,269,31,Online,Credit Card,COUPON-909,10.18,AUD
757061,2024-03-17T00:10:58,2024-03-17,494,42,Online,Afterpay,COUPON-090,17.16,AUD
757101,2024-03-17T08:41:46,2024-03-17,248,15,Retail,Credit Card,COUPON-9Z-,7.58,AUD
757117,2024-03-17T05:26:31,2024-03-17,138,31,Retail,PayPal,COUPON9--Z,3.68,AUD
757126,2024-03-17T03:14:49,2024-03-17,676,13,Online,PayPal,COUPONAZ90,17.15,AUD
757401,2024-03-17T13:08:58,2024-03-17,3,2,Retail,Credit Card,COUPONZZ-Z,2.56,AUD
757438,2024-03-17T01:18:53,2024-03-17,568,13,Retail,Afterpay,COUPONAZ-9,2.73,AUD
757451,2024-03-17T04:22:25,2024-03-17,443,37,Retail,PayPal,COUPON9099,6.36,AUD
757452,2024-03-17T18:19:12,2024-03-17,433,16,Retail,Afterpay,COUPONZ9-9,19.13,AUD
757671,2024-03-17T20:02:36,2024-03-17,763,45,Online,Afterpay,COUPONZ--9,5.21,AUD
757712,2024-03-17T09:48:39,2024-03-17,105,8,Online,PayPal,COUPON-AZA,17.09,AUD
757726,2024-03-17T13:54:06,2024-03-17,214,34,Online,PayPal,COUPON0-A0,16.86,AUD
757746,2024-03-17T22:03:54,2024-03-17,540,49,Online,Afterpay,COUPONZZ--,8.91,AUD
757827,2024-03-17T00:42:12,2024-03-17,651,21,Retail,Credit Card,COUPON09-Z,1.85,AUD
758035,2024-03-17T22:05:24,2024-03-17,399,16,Retail,PayPal,COUPON---A,8.36,AUD
758100,2024-03-17T03:21:32,2024-03-17,84,5,Retail,Afterpay,COUPON---A,7.68,AUD
758196,2024-03-17T11:03:27,2024-03-17,568,18,Online,PayPal,COUPONA-9-,8.78,AUD
758207,2024-03-17T21:26:21,2024-03-17,222,6,Online,Afterpay,COUPON--Z0,15.85,AUD
758310,2024-03-17T03:08:16,2024-03-17,254,36,Online,PayPal,COUPONAZ-0,15.57,AUD
758373,2024-03-17T17:15:57,2024-03-17,501,14,Retail,PayPal,COUPON-A-Z,0.05,AUD
758421,2024-03-17T11:38:12,2024-03-17,66,19,Retail,Credit Card,COUPONA9-A,7.05,AUD
758465,2024-03-17T00:38:54,2024-03-17,298,48,Online,Credit Card,COUPON--09,2.53,AUD
758641,2024-03-17T00:10:34,2024-03-17,759,5,Online,Afterpay,COUPON99-9,10.52,AUD
758642,2024-03-17T00:38:50,2024-03-17,46,13,Retail,Afterpay,COUPONZAA9,7.06,AUD
758698,2024-03-17T16:49:34,2024-03-17,742,38,Retail,Afterpay,COUPONZZ0Z,19.43,AUD
758793,2024-03-17T06:09:56,2024-03-17,661,40,Retail,PayPal,COUPONZ-AA,17.65,AUD
759000,2024-03-17T21:38:00,2024-03-17,680,43,Online,PayPal,COUPON--ZZ,6.28,AUD
759014,2024-03-17T20:57:34,2024-03-17,549,2,Online,PayPal,COUPON-9ZA,6.11,AUD
759115,2024-03-17T04:07:13,2024-03-17,380,25,Retail,PayPal,COUPON9-0-,1.31,AUD
759185,2024-03-17T09:45:31,2024-03-17,349,43,Retail,Credit Card,COUPON--0-,19.39,AUD
759428,2024-03-17T21:07:12,2024-03-17,622,23,Online,Afterpay,COUPONZ90A,18.54,AUD
759438,2024-03-17T11:16:30,2024-03-17,239,34,Online,Afterpay,COUPONA9-0,4.82,AUD
759504,2024-03-17T23:11:22,2024-03-17,667,35,Retail,Credit Card,COUPON9-ZA,13.29,AUD
759647,2024-03-17T23:03:17,2024-03-17,750,28,Online,Credit Card,COUPON-99Z,18.01,AUD
760106,2024-03-17T00:26:51,2024-03-17,792,37,Retail,PayPal,COUPON----,4.88,AUD
760208,2024-03-17T11:35:04,2024-03-17,202,14,Retail,PayPal,COUPON--AA,13.07,AUD
760240,2024-03-17T02:44:21,2024-03-17,35,4,Retail,Afterpay,COUPONA00A,8.58,AUD
760330,2024-03-17T05:39:53,2024-03-17,797,10,Online,Credit Card,COUPONAZ--,9.1,AUD
760429,2024-03-17T14:01:10,2024-03-17,32,33,Online,Afterpay,COUPON-0A-,12.73,AUD
760438,2024-03-17T15:00:37,2024-03-17,466,36,Online,PayPal,COUPON0-0-,17.2,AUD
760490,2024-03-17T05:38:42,2024-03-17,178,27,Retail,Afterpay,COUPON9AZ-,5.64,AUD
760576,2024-03-17T11:50:06,2024-03-17,303,20,Retail,PayPal,COUPON-A09,8.5,AUD
760590,2024-03-17T10:51:29,2024-03-17,561,18,Online,PayPal,COUPON0ZAA,7.16,AUD
760596,2024-03-17T06:31:00,2024-03-17,788,46,Retail,Credit Card,COUPONZ---,7.95,AUD
760733,2024-03-17T09:13:16,2024-03-17,465,44,Online,PayPal,COUPON-9-Z,15.57,AUD
760776,2024-03-17T06:38:54,2024-03-17,778,40,Online,Afterpay,COUPONA0-0,11.74,AUD
760979,2024-03-17T00:20:27,2024-03-17,328,34,Online,Afterpay,COUPON-99-,16.84,AUD
760980,2024-03-17T22:58:24,2024-03-17,362,29,Online,Credit Card,COUPON-9-0,3.32,AUD
761056,2024-03-17T11:04:56,2024-03-17,10,47,Retail,Credit Card,COUPON-A--,14.09,AUD
761098,2024-03-17T05:27:14,2024-03-17,46,26,Online,PayPal,COUPON0000,17.81,AUD
761132,2024-03-17T00:09:57,2024-03-17,662,33,Retail,Credit Card,COUPON--0-,7.36,AUD
761186,2024-03-17T01:01:13,2024-03-17,452,33,Online,PayPal,COUPON9-A-,14.0,AUD
761248,2024-03-17T16:15:12,2024-03-17,44,29,Online,PayPal,COUPONA9-9,17.99,AUD
761258,2024-03-17T19:14:44,2024-03-17,331,45,Retail,Afterpay,COUPON-9-A,4.57,AUD
761388,2024-03-17T17:54:22,2024-03-17,369,36,Retail,PayPal,COUPON-A90,3.52,AUD
761415,2024-03-17T15:44:29,2024-03-17,461,44,Online,Credit Card,COUPON--9-,16.66,AUD
761454,2024-03-17T10:50:02,2024-03-17,195,45,Retail,Credit Card,COUPON--0A,2.2,AUD
761560,2024-03-17T22:45:08,2024-03-17,612,31,Retail,PayPal,COUPON-A9-,10.84,AUD
761562,2024-03-17T02:12:39,2024-03-17,777,22,Online,Credit Card,COUPON-9ZA,8.47,AUD
761638,2024-03-17T17:10:48,2024-03-17,588,17,Online,Afterpay,COUPON-A-Z,2.74,AUD
761667,2024-03-17T18:38:24,2024-03-17,26,33,Retail,PayPal,COUPONA-Z9,7.66,AUD
761679,2024-03-17T14:16:50,2024-03-17,118,35,Retail,Afterpay,COUPON0-9Z,12.49,AUD
761701,2024-03-17T04:39:49,2024-03-17,3,11,Online,Afterpay,COUPONA---,9.28,AUD
761909,2024-03-17T19:16:00,2024-03-17,382,34,Retail,PayPal,COUPONA9A9,14.36,AUD
762163,2024-03-17T16:22:03,2024-03-17,175,15,Online,PayPal,COUPON--ZA,19.53,AUD
762450,2024-03-17T02:58:06,2024-03-17,738,16,Online,Credit Card,COUPON0A--,7.23,AUD
762504,2024-03-17T23:43:48,2024-03-17,75,3,Online,PayPal,COUPONZAZ-,16.68,AUD
762518,2024-03-17T04:19:10,2024-03-17,71,48,Retail,Afterpay,COUPON--9-,2.96,AUD
762534,2024-03-17T14:47:22,2024-03-17,655,3,Retail,Credit Card,COUPON9-Z0,14.92,AUD
762741,2024-03-17T02:07:46,2024-03-17,68,46,Online,Credit Card,COUPONAZ9Z,19.37,AUD
762860,2024-03-17T00:00:45,2024-03-17,547,39,Retail,Afterpay,COUPONA9A9,7.45,AUD
762955,2024-03-17T09:48:21,2024-03-17,223,10,Online,Afterpay,COUPONA-9-,8.68,AUD
763094,2024-03-17T07:22:37,2024-03-17,360,27,Retail,PayPal,COUPON-A9-,6.69,AUD
763108,2024-03-17T01:55:49,2024-03-17,158,11,Retail,PayPal,COUPON9AZ0,5.18,AUD
763120,2024-03-17T17:02:12,2024-03-17,733,45,Online,Afterpay,COUPON--00,17.22,AUD
763164,2024-03-17T12:06:03,2024-03-17,479,42,Retail,PayPal,COUPONA0--,5.47,AUD
763231,2024-03-17T10:50:13,2024-03-17,572,21,Retail,Credit Card,COUPON09A9,1.39,AUD
763254,2024-03-17T00:08:38,2024-03-17,105,46,Online,Credit Card,COUPON-ZA9,8.57,AUD
763277,2024-03-17T22:52:10,2024-03-17,687,44,Retail,Afterpay,COUPON09A-,7.3,AUD
763513,2024-03-17T06:41:25,2024-03-17,51,40,Online,Credit Card,COUPON0ZAA,19.4,AUD
763535,2024-03-17T11:31:43,2024-03-17,562,44,Online,PayPal,COUPON0Z-0,5.21,AUD
763702,2024-03-17T18:28:09,2024-03-17,661,8,Retail,PayPal,COUPON--AA,19.95,AUD
763832,2024-03-17T14:32:07,2024-03-17,654,8,Retail,Afterpay,COUPONAZ-Z,19.0,AUD
763849,2024-03-17T04:35:48,2024-03-17,462,44,Online,Credit Card,COUPONA-90,4.77,AUD
763956,2024-03-17T12:24:46,2024-03-17,407,31,Online,Afterpay,COUPONZ9Z9,17.52,AUD
763995,2024-03-17T20:29:50,2024-03-17,691,33,Retail,Afterpay,COUPONA--0,3.46,AUD
764089,2024-03-17T13:37:59,2024-03-17,94,32,Retail,Credit Card,COUPONAA9-,7.87,AUD
764114,2024-03-17T14:58:38,2024-03-17,494,17,Online,PayPal,COUPON0A0-,18.4,AUD
764140,2024-03-17T01:03:01,2024-03-17,620,37,Online,Credit Card,COUPONZ--0,4.46,AUD
764215,2024-03-17T17:39:40,2024-03-17,125,25,Retail,Afterpay,COUPONAA-Z,15.28,AUD
764420,2024-03-17T02:47:59,2024-03-17,51,7,Retail,Afterpay,COUPON9-A0,0.74,AUD
764524,2024-03-17T15:39:45,2024-03-17,452,15,Online,PayPal,COUPON-0ZZ,12.99,AUD
764558,2024-03-17T17:30:32,2024-03-17,30,16,Online,Afterpay,COUPONZ-AA,19.09,AUD
764643,2024-03-17T16:58:19,2024-03-17,418,20,Retail,Credit Card,COUPON--09,6.1,AUD
764724,2024-03-17T18:00:54,2024-03-17,256,12,Retail,Afterpay,COUPON990-,7.86,AUD
764727,2024-03-17T08:09:40,2024-03-17,54,38,Online,Afterpay,COUPON--Z0,3.19,AUD
764803,2024-03-17T04:37:27,2024-03-17,232,37,Retail,Credit Card,COUPON---Z,1.43,AUD
764863,2024-03-17T05:02:42,2024-03-17,762,25,Online,Afterpay,COUPONA90-,1.38,AUD
765088,2024-03-17T07:52:54,2024-03-17,441,32,Retail,PayPal,COUPON9Z9-,11.68,AUD
765130,2024-03-17T22:40:44,2024-03-17,402,24,Retail,Credit Card,COUPON-ZZ9,9.74,AUD
765143,2024-03-17T00:20:00,2024-03-17,380,14,Online,Credit Card,COUPONZZ00,14.92,AUD
765162,2024-03-17T06:20:08,2024-03-17,785,26,Online,Credit Card,COUPON--ZZ,9.09,AUD
765172,2024-03-17T14:44:11,2024-03-17,163,17,Online,Afterpay,COUPON9-ZZ,10.44,AUD
765345,2024-03-17T19:00:09,2024-03-17,290,2,Retail,Credit Card,COUPONA9-9,6.72,AUD
765439,2024-03-17T02:27:29,2024-03-17,87,21,Online,Afterpay,COUPON--Z-,1.52,AUD
765493,2024-03-17T19:37:52,2024-03-17,260,18,Online,Afterpay,COUPON-AZ9,8.57,AUD
765521,2024-03-17T11:03:06,2024-03-17,315,32,Retail,PayPal,COUPON-A-9,16.3,AUD
765584,2024-03-17T05:45:47,2024-03-17,5,29,Retail,Afterpay,COUPON99-A,13.68,AUD
765773,2024-03-17T20:00:35,2024-03-17,164,22,Retail,Afterpay,COUPON0ZA-,15.04,AUD
765927,2024-03-17T03:21:22,2024-03-17,133,9,Online,PayPal,COUPONA99A,11.83,AUD
766125,2024-03-17T03:54:17,2024-03-17,52,35,Retail,PayPal,COUPONZ0-9,14.64,AUD
766151,2024-03-17T14:59:08,2024-03-17,431,9,Retail,Afterpay,COUPON-9ZZ,1.79,AUD
766212,2024-03-17T08:21:13,2024-03-17,473,26,Retail,Afterpay,COUPON9-0-,16.96,AUD
767134,2024-03-17T06:48:37,2024-03-17,405,1,Retail,Credit Card,COUPON---A,10.85,AUD
767284,2024-03-17T13:30:37,2024-03-17,444,12,Online,Afterpay,COUPON-Z-0,9.72,AUD
767331,2024-03-17T20:46:43,2024-03-17,698,32,Online,Credit Card,COUPONAA90,8.59,AUD
767337,2024-03-17T13:21:15,2024-03-17,786,17,Online,Afterpay,COUPON0999,13.28,AUD
767588,2024-03-17T06:07:23,2024-03-17,778,49,Retail,Credit Card,COUPON--A9,10.37,AUD
767625,2024-03-17T17:16:19,2024-03-17,563,14,Retail,Credit Card,COUPONA00Z,14.0,AUD
767736,2024-03-17T05:46:59,2024-03-17,570,18,Online,PayPal,COUPON09-0,9.35,AUD
767887,2024-03-17T18:59:30,2024-03-17,655,19,Online,Afterpay,COUPONA00-,9.77,AUD
767993,2024-03-17T23:15:27,2024-03-17,567,18,Online,PayPal,COUPONA-9A,12.67,AUD
768252,2024-03-17T17:38:26,2024-03-17,512,5,Retail,Credit Card,COUPONA90A,12.28,AUD
768369,2024-03-17T22:45:23,2024-03-17,249,29,Online,PayPal,COUPONAZZZ,18.43,AUD
768532,2024-03-17T07:44:29,2024-03-17,150,6,Online,Afterpay,COUPON-Z0A,4.07,AUD
768652,2024-03-17T19:29:41,2024-03-17,329,6,Retail,Afterpay,COUPONZ0AA,5.01,AUD
768687,2024-03-17T08:20:58,2024-03-17,356,46,Retail,Credit Card,COUPON9A90,1.49,AUD
768700,2024-03-17T14:09:43,2024-03-17,18,29,Retail,Afterpay,COUPON-Z90,16.81,AUD
768718,2024-03-17T22:35:36,2024-03-17,183,7,Online,PayPal,COUPONA9-A,0.06,AUD
768738,2024-03-17T06:33:34,2024-03-17,332,49,Retail,Credit Card,COUPON-0--,18.97,AUD
768747,2024-03-17T19:53:24,2024-03-17,773,18,Retail,PayPal,COUPONZ0--,11.1,AUD
768972,2024-03-17T09:29:13,2024-03-17,503,44,Online,Credit Card,COUPONA-A-,4.72,AUD
768976,2024-03-17T04:46:36,2024-03-17,671,23,Online,Afterpay,COUPON9Z-9,16.09,AUD
769056,2024-03-17T09:58:34,2024-03-17,267,24,Retail,PayPal,COUPON-9ZA,15.12,AUD
769087,2024-03-17T01:14:23,2024-03-17,780,17,Online,Credit Card,COUPONAA-0,15.67,AUD
769123,2024-03-17T00:50:21,2024-03-17,29,32,Online,Afterpay,COUPONZA0A,12.04,AUD
769212,2024-03-17T15:37:33,2024-03-17,107,29,Retail,Credit Card,COUPON--A9,13.65,AUD
769286,2024-03-17T19:57:31,2024-03-17,301,17,Online,PayPal,COUPON-9A9,4.95,AUD
769342,2024-03-17T03:12:44,2024-03-17,45,39,Online,Afterpay,COUPON900-,10.81,AUD
769455,2024-03-17T21:03:15,2024-03-17,50,17,Online,Afterpay,COUPONA9--,8.72,AUD
769474,2024-03-17T17:00:34,2024-03-17,708,28,Online,PayPal,COUPONZ---,12.04,AUD
769608,2024-03-17T17:09:38,2024-03-17,740,16,Retail,Afterpay,COUPON--A9,1.93,AUD
769705,2024-03-17T13:50:45,2024-03-17,761,22,Online,Afterpay,COUPON-9ZA,5.25,AUD
769765,2024-03-17T11:31:01,2024-03-17,606,26,Online,Afterpay,COUPON-A-A,10.55,AUD
770119,2024-03-17T16:44:45,2024-03-17,759,4,Online,Afterpay,COUPON--AA,0.42,AUD
770289,2024-03-17T09:52:36,2024-03-17,730,6,Online,Afterpay,COUPON--ZA,2.34,AUD
770332,2024-03-17T23:23:25,2024-03-17,70,20,Online,Credit Card,COUPON0Z9Z,4.44,AUD
770354,2024-03-17T19:53:21,2024-03-17,380,10,Retail,Afterpay,COUPONAZZZ,18.45,AUD
770409,2024-03-17T22:01:27,2024-03-17,192,12,Online,PayPal,COUPON---Z,15.48,AUD
770487,2024-03-17T23:25:49,2024-03-17,185,31,Online,PayPal,COUPON-00-,6.97,AUD
770505,2024-03-17T01:50:17,2024-03-17,406,49,Retail,Afterpay,COUPONZ-Z9,8.42,AUD
770714,2024-03-17T11:32:16,2024-03-17,253,26,Online,PayPal,COUPONA--0,1.35,AUD
770749,2024-03-17T23:52:20,2024-03-17,484,10,Retail,PayPal,COUPON-0-0,7.32,AUD
770750,2024-03-17T17:57:28,2024-03-17,105,31,Retail,Afterpay,COUPON00Z0,7.38,AUD
770783,2024-03-17T19:07:55,2024-03-17,277,25,Retail,PayPal,COUPONA9Z9,11.38,AUD
770808,2024-03-17T14:04:14,2024-03-17,258,13,Retail,PayPal,COUPON-0-0,18.56,AUD
771078,2024-03-17T15:15:19,2024-03-17,419,20,Online,Credit Card,COUPON-AZ9,9.56,AUD
771111,2024-03-17T10:54:41,2024-03-17,16,36,Online,PayPal,COUPON9ZZ-,10.16,AUD
771205,2024-03-17T18:37:47,2024-03-17,530,46,Online,Credit Card,COUPON0ZA9,11.3,AUD
771391,2024-03-17T07:00:47,2024-03-17,450,45,Retail,PayPal,COUPON-09-,11.59,AUD
771401,2024-03-17T20:32:57,2024-03-17,547,32,Retail,Credit Card,COUPON9A--,6.51,AUD
771447,2024-03-17T02:13:14,2024-03-17,58,22,Online,Credit Card,COUPONZ-09,8.49,AUD
771521,2024-03-17T02:37:34,2024-03-17,621,12,Retail,Credit Card,COUPON-Z90,7.26,AUD
771528,2024-03-17T09:43:49,2024-03-17,362,15,Retail,Afterpay,COUPON--99,11.75,AUD
771570,2024-03-17T02:04:06,2024-03-17,388,39,Online,Credit Card,COUPONZ--Z,5.24,AUD
771645,2024-03-17T12:29:58,2024-03-17,152,17,Retail,Credit Card,COUPON-ZA-,19.49,AUD
771675,2024-03-17T15:15:10,2024-03-17,406,4,Online,PayPal,COUPON--Z-,10.71,AUD
771762,2024-03-17T18:40:31,2024-03-17,169,5,Retail,PayPal,COUPONA--0,12.26,AUD
771793,2024-03-17T07:48:34,2024-03-17,177,4,Online,Afterpay,COUPON----,9.16,AUD
771948,2024-03-17T06:14:33,2024-03-17,516,10,Online,Afterpay,COUPON--0A,1.77,AUD
771989,2024-03-17T19:48:16,2024-03-17,788,18,Online,PayPal,COUPON0Z-A,10.84,AUD
772011,2024-03-17T11:24:19,2024-03-17,31,9,Online,Credit Card,COUPON-Z-Z,6.04,AUD
772021,2024-03-17T14:35:28,2024-03-17,711,8,Online,Credit Card,COUPON-A--,19.46,AUD
772113,2024-03-17T00:06:16,2024-03-17,560,4,Retail,Afterpay,COUPON99A0,3.6,AUD
772124,2024-03-17T23:32:04,2024-03-17,280,34,Retail,Afterpay,COUPON---Z,14.91,AUD
772138,2024-03-17T03:50:54,2024-03-17,165,20,Retail,Afterpay,COUPON-90A,9.1,AUD
772143,2024-03-17T23:34:56,2024-03-17,108,28,Online,Credit Card,COUPON--9-,14.17,AUD
772172,2024-03-17T14:24:27,2024-03-17,55,13,Online,Afterpay,COUPONZZ-Z,10.89,AUD
772672,2024-03-17T06:10:17,2024-03-17,119,29,Retail,Afterpay,COUPON9-0-,16.71,AUD
772729,2024-03-17T00:46:36,2024-03-17,164,12,Online,Afterpay,COUPON90-A,1.01,AUD
772824,2024-03-17T03:32:48,2024-03-17,450,26,Online,PayPal,COUPON-ZA-,17.78,AUD
772828,2024-03-17T02:44:30,2024-03-17,567,19,Retail,Credit Card,COUPON09ZA,15.14,AUD
772829,2024-03-17T08:32:08,2024-03-17,619,32,Online,PayPal,COUPON--Z-,19.21,AUD
772891,2024-03-17T23:27:58,2024-03-17,276,26,Retail,Credit Card,COUPON---Z,0.21,AUD
773111,2024-03-17T11:35:39,2024-03-17,71,4,Online,PayPal,COUPONA-99,2.55,AUD
773174,2024-03-17T12:01:25,2024-03-17,401,10,Online,Credit Card,COUPONZ0-A,9.48,AUD
773202,2024-03-17T08:56:45,2024-03-17,682,9,Retail,Afterpay,COUPON9-A0,1.95,AUD
773354,2024-03-17T17:27:39,2024-03-17,75,16,Retail,Afterpay,COUPONA0-Z,14.64,AUD
773394,2024-03-17T06:10:44,2024-03-17,556,8,Online,Afterpay,COUPON9A--,2.77,AUD
773439,2024-03-17T14:01:37,2024-03-17,540,3,Retail,PayPal,COUPON--0A,8.15,AUD
773456,2024-03-17T15:52:17,2024-03-17,228,9,Online,Credit Card,COUPON---Z,12.15,AUD
773629,2024-03-17T00:25:31,2024-03-17,368,7,Retail,PayPal,COUPON99--,8.39,AUD
773638,2024-03-17T00:13:22,2024-03-17,128,48,Retail,PayPal,COUPONA-A-,3.48,AUD
773760,2024-03-17T06:58:08,2024-03-17,505,21,Online,Afterpay,COUPONZ09-,2.74,AUD
773928,2024-03-17T04:47:55,2024-03-17,528,36,Retail,Afterpay,COUPON0A--,12.25,AUD
773977,2024-03-17T13:26:36,2024-03-17,722,43,Retail,Afterpay,COUPON-Z--,0.7,AUD
774041,2024-03-17T15:09:25,2024-03-17,94,28,Online,PayPal,COUPONZ-Z0,13.53,AUD
774102,2024-03-17T10:15:55,2024-03-17,775,39,Online,Afterpay,COUPONAA0A,13.88,AUD
774118,2024-03-17T10:53:45,2024-03-17,33,40,Retail,Afterpay,COUPONZ--0,12.7,AUD
774238,2024-03-17T03:24:18,2024-03-17,720,2,Retail,PayPal,COUPON-9-0,8.26,AUD
774253,2024-03-17T20:16:30,2024-03-17,238,1,Online,Credit Card,COUPONZZZ9,14.88,AUD
774494,2024-03-17T07:20:16,2024-03-17,771,22,Retail,Credit Card,COUPON00A9,16.24,AUD
774838,2024-03-17T22:17:23,2024-03-17,253,14,Online,Credit Card,COUPON---Z,15.05,AUD
774897,2024-03-17T21:14:05,2024-03-17,330,20,Online,Credit Card,COUPON--90,12.57,AUD
775042,2024-03-17T06:16:31,2024-03-17,163,43,Online,PayPal,COUPON0Z-Z,2.92,AUD
775164,2024-03-17T22:44:57,2024-03-17,432,35,Retail,Credit Card,COUPON9Z0A,15.79,AUD
775189,2024-03-17T10:34:37,2024-03-17,628,39,Retail,Afterpay,COUPONZA0A,3.34,AUD
775386,2024-03-17T16:37:21,2024-03-17,79,21,Retail,Credit Card,COUPON09-Z,13.94,AUD
775397,2024-03-17T23:58:52,2024-03-17,639,9,Retail,Afterpay,COUPON009-,18.18,AUD
775412,2024-03-17T01:51:09,2024-03-17,795,10,Online,PayPal,COUPON9AZA,1.04,AUD
775514,2024-03-17T10:12:57,2024-03-17,794,33,Online,Credit Card,COUPONZ0AA,8.85,AUD
775607,2024-03-17T22:08:38,2024-03-17,85,18,Retail,Afterpay,COUPONA-0Z,1.2,AUD
775775,2024-03-17T10:57:33,2024-03-17,573,13,Retail,Afterpay,COUPONAA9Z,13.89,AUD
775851,2024-03-17T22:27:52,2024-03-17,305,12,Retail,Credit Card,COUPON-0-9,5.42,AUD
776271,2024-03-17T16:43:54,2024-03-17,559,24,Online,PayPal,COUPON9-0Z,16.97,AUD
776310,2024-03-17T22:29:26,2024-03-17,105,12,Retail,PayPal,COUPON0---,18.49,AUD
776596,2024-03-17T04:06:18,2024-03-17,256,40,Online,Credit Card,COUPON--9A,7.14,AUD
776803,2024-03-17T11:16:36,2024-03-17,631,4,Online,PayPal,COUPONA--Z,16.31,AUD
776831,2024-03-17T18:16:28,2024-03-17,773,13,Retail,Credit Card,COUPON---0,5.43,AUD
776966,2024-03-17T21:36:49,2024-03-17,486,46,Online,Credit Card,COUPON00Z9,2.47,AUD
776981,2024-03-17T03:45:34,2024-03-17,384,26,Online,PayPal,COUPONZ9-0,2.7,AUD
777166,2024-03-17T08:29:45,2024-03-17,593,48,Online,PayPal,COUPON--ZA,6.64,AUD
777304,2024-03-17T17:02:27,2024-03-17,120,10,Online,Afterpay,COUPON-0-Z,0.33,AUD
777380,2024-03-17T01:16:43,2024-03-17,558,21,Retail,PayPal,COUPON9ZAZ,12.71,AUD
777417,2024-03-17T00:22:17,2024-03-17,469,44,Online,Afterpay,COUPONA9-Z,16.91,AUD
777524,2024-03-17T23:18:54,2024-03-17,532,41,Retail,PayPal,COUPON0000,0.04,AUD
777538,2024-03-17T10:02:58,2024-03-17,781,34,Retail,Afterpay,COUPON-ZAZ,16.15,AUD
777555,2024-03-17T08:31:07,2024-03-17,323,44,Online,Credit Card,COUPON0Z99,11.78,AUD
777577,2024-03-17T06:44:54,2024-03-17,582,24,Online,Afterpay,COUPON99-Z,19.88,AUD
777608,2024-03-17T09:49:58,2024-03-17,598,11,Retail,PayPal,COUPON9Z-A,13.04,AUD
777652,2024-03-17T06:26:47,2024-03-17,671,12,Online,Credit Card,COUPONZA-Z,14.62,AUD
777983,2024-03-17T09:36:33,2024-03-17,701,47,Retail,PayPal,COUPON-A00,10.57,AUD
778017,2024-03-17T11:09:29,2024-03-17,619,27,Retail,Credit Card,COUPON-A--,8.02,AUD
778184,2024-03-17T01:07:53,2024-03-17,133,19,Retail,Credit Card,COUPON0ZZA,15.41,AUD
778255,2024-03-17T16:57:53,2024-03-17,22,37,Online,PayPal,COUPON-Z-Z,2.6,AUD
778317,2024-03-17T09:22:45,2024-03-17,686,12,Online,PayPal,COUPON0-Z9,12.64,AUD
778537,2024-03-17T13:57:08,2024-03-17,298,24,Online,PayPal,COUPON-AZA,5.13,AUD
778604,2024-03-17T01:49:09,2024-03-17,253,42,Retail,Credit Card,COUPON--0A,15.86,AUD
778855,2024-03-17T16:20:26,2024-03-17,557,48,Retail,Credit Card,COUPONAA-9,16.08,AUD
778907,2024-03-17T19:01:30,2024-03-17,465,13,Online,Credit Card,COUPON-ZZ-,18.97,AUD
779001,2024-03-17T21:29:58,2024-03-17,239,48,Retail,PayPal,COUPONAZ9-,14.58,AUD
779063,2024-03-17T01:26:52,2024-03-17,501,8,Retail,PayPal,COUPONZ9-Z,16.27,AUD
779153,2024-03-17T23:02:38,2024-03-17,710,23,Retail,PayPal,COUPON-0Z0,12.18,AUD
779667,2024-03-17T12:51:58,2024-03-17,364,21,Retail,PayPal,COUPON-Z9-,1.72,AUD
779679,2024-03-17T16:22:04,2024-03-17,490,3,Retail,Afterpay,COUPON-9ZZ,18.82,AUD
779706,2024-03-17T11:45:38,2024-03-17,38,32,Online,PayPal,COUPONZ--0,7.76,AUD
779727,2024-03-17T12:05:56,2024-03-17,659,37,Retail,Afterpay,COUPON-0--,19.93,AUD
779822,2024-03-17T19:24:38,2024-03-17,248,8,Retail,Credit Card,COUPONZ-9Z,1.43,AUD
779840,2024-03-17T17:06:39,2024-03-17,443,23,Retail,Afterpay,COUPON-A--,11.81,AUD
779956,2024-03-17T16:25:29,2024-03-17,158,31,Retail,Afterpay,COUPON----,16.6,AUD
780065,2024-03-17T04:39:59,2024-03-17,785,37,Online,Afterpay,COUPON9-A0,19.09,AUD
780187,2024-03-17T06:10:54,2024-03-17,558,6,Online,Afterpay,COUPON09AZ,11.7,AUD
780210,2024-03-17T13:19:00,2024-03-17,349,18,Online,Credit Card,COUPON--0-,3.73,AUD
780303,2024-03-17T05:58:38,2024-03-17,701,49,Retail,Afterpay,COUPONZA-A,13.19,AUD
780615,2024-03-17T07:22:04,2024-03-17,142,35,Retail,Credit Card,COUPONZ---,6.15,AUD
780877,2024-03-17T16:47:41,2024-03-17,67,45,Retail,Credit Card,COUPONZ09Z,10.86,AUD
780940,2024-03-17T15:00:59,2024-03-17,710,14,Online,PayPal,COUPONZ-0-,17.69,AUD
780945,2024-03-17T13:56:01,2024-03-17,40,34,Online,Credit Card,COUPONAA-A,11.95,AUD
780970,2024-03-17T10:20:55,2024-03-17,789,5,Online,Credit Card,COUPON09AZ,6.4,AUD
780997,2024-03-17T10:55:57,2024-03-17,788,4,Retail,PayPal,COUPON9-00,7.81,AUD
781020,2024-03-17T04:15:26,2024-03-17,575,17,Online,Afterpay,COUPON---9,19.77,AUD
781087,2024-03-17T14:58:17,2024-03-17,135,25,Online,PayPal,COUPONZ0-Z,3.5,AUD
781094,2024-03-17T15:50:13,2024-03-17,762,35,Online,Credit Card,COUPON--Z-,2.66,AUD
781119,2024-03-17T10:19:05,2024-03-17,294,37,Online,Afterpay,COUPONZ-0A,0.19,AUD
781194,2024-03-17T04:53:43,2024-03-17,767,46,Retail,Credit Card,COUPON9--0,16.6,AUD
781393,2024-03-17T08:46:45,2024-03-17,11,32,Online,Afterpay,COUPON9--A,3.1,AUD
781519,2024-03-17T15:55:14,2024-03-17,16,34,Retail,Afterpay,COUPONZZ0-,2.61,AUD
781530,2024-03-17T14:32:08,2024-03-17,49,8,Retail,PayPal,COUPON-9-9,7.42,AUD
781727,2024-03-17T21:03:03,2024-03-17,450,30,Retail,PayPal,COUPON0AAZ,17.54,AUD
781765,2024-03-17T17:47:51,2024-03-17,704,44,Online,PayPal,COUPON9Z9A,8.88,AUD
781911,2024-03-17T11:27:02,2024-03-17,498,40,Online,Afterpay,COUPONA-Z-,17.95,AUD
781955,2024-03-17T08:57:26,2024-03-17,8,44,Online,PayPal,COUPONZAAZ,1.52,AUD
782079,2024-03-17T02:25:05,2024-03-17,266,38,Online,PayPal,COUPON99ZZ,8.31,AUD
782134,2024-03-17T19:46:35,2024-03-17,611,5,Online,Credit Card,COUPONA-0-,14.87,AUD
782178,2024-03-17T20:34:57,2024-03-17,681,16,Online,Afterpay,COUPON-09A,3.1,AUD
782216,2024-03-17T01:36:38,2024-03-17,480,11,Online,PayPal,COUPONZ9--,4.19,AUD
782281,2024-03-17T21:22:33,2024-03-17,119,7,Retail,Credit Card,COUPON-9--,19.09,AUD
782462,2024-03-17T17:42:43,2024-03-17,688,12,Online,PayPal,COUPON-0A0,6.26,AUD
782556,2024-03-17T17:09:08,2024-03-17,286,21,Retail,PayPal,COUPON-990,9.86,AUD
782605,2024-03-17T05:18:36,2024-03-17,122,21,Online,Credit Card,COUPON-0ZZ,16.82,AUD
782633,2024-03-17T19:17:54,2024-03-17,373,49,Retail,PayPal,COUPON-900,11.92,AUD
782744,2024-03-17T22:05:47,2024-03-17,213,32,Online,Credit Card,COUPON-A-0,16.66,AUD
783155,2024-03-17T19:15:33,2024-03-17,554,33,Online,Afterpay,COUPON9Z0-,12.57,AUD
783167,2024-03-17T21:34:23,2024-03-17,191,28,Online,Credit Card,COUPON0A99,11.91,AUD
783301,2024-03-17T12:05:14,2024-03-17,156,27,Online,PayPal,COUPONA--0,7.42,AUD
783392,2024-03-17T06:37:21,2024-03-17,562,43,Online,Afterpay,COUPON9A09,5.08,AUD
783420,2024-03-17T03:36:33,2024-03-17,5,2,Retail,Credit Card,COUPON-Z-0,11.69,AUD
783481,2024-03-17T17:00:26,2024-03-17,456,21,Online,Afterpay,COUPON--09,18.92,AUD
783541,2024-03-17T11:13:25,2024-03-17,138,43,Online,Afterpay,COUPONZA99,3.3,AUD
783572,2024-03-17T03:12:17,2024-03-17,466,3,Online,Credit Card,COUPON--99,18.42,AUD
783745,2024-03-17T04:10:59,2024-03-17,63,21,Retail,Credit Card,COUPON09--,12.28,AUD
783752,2024-03-17T13:01:39,2024-03-17,364,49,Online,PayPal,COUPON09AA,7.68,AUD
783803,2024-03-17T11:43:51,2024-03-17,674,41,Retail,PayPal,COUPONAAA9,5.63,AUD
784218,2024-03-17T14:09:00,2024-03-17,259,36,Online,Afterpay,COUPONAA-A,14.0,AUD
784334,2024-03-17T13:00:32,2024-03-17,152,25,Retail,PayPal,COUPON--00,4.03,AUD
784352,2024-03-17T13:35:59,2024-03-17,177,38,Retail,PayPal,COUPONZ--A,0.34,AUD
784420,2024-03-17T03:14:06,2024-03-17,138,31,Online,PayPal,COUPON-990,15.22,AUD
784455,2024-03-17T23:03:34,2024-03-17,688,16,Retail,Credit Card,COUPON009A,17.05,AUD
784522,2024-03-17T05:21:32,2024-03-17,8,14,Online,Afterpay,COUPON-A-9,11.87,AUD
784550,2024-03-17T12:45:46,2024-03-17,7,7,Online,PayPal,COUPON9-AA,4.44,AUD
784742,2024-03-17T06:42:19,2024-03-17,374,2,Retail,Credit Card,COUPONZ9Z9,5.61,AUD
784806,2024-03-17T18:19:17,2024-03-17,229,39,Online,Credit Card,COUPON-AAZ,17.68,AUD
784818,2024-03-17T17:34:22,2024-03-17,554,4,Retail,Afterpay,COUPON0-A-,7.17,AUD
784967,2024-03-17T11:20:07,2024-03-17,400,18,Retail,Credit Card,COUPON99-A,18.64,AUD
785007,2024-03-17T16:11:08,2024-03-17,423,28,Retail,Credit Card,COUPONAA9A,9.93,AUD
785465,2024-03-17T17:37:09,2024-03-17,200,21,Online,Credit Card,COUPON-9-A,3.47,AUD
785686,2024-03-17T17:42:59,2024-03-17,622,16,Online,Credit Card,COUPON--9-,7.15,AUD
785762,2024-03-17T01:54:45,2024-03-17,333,34,Online,Credit Card,COUPONA--Z,16.58,AUD
785782,2024-03-17T23:27:55,2024-03-17,744,6,Online,PayPal,COUPON-AZA,18.44,AUD
785825,2024-03-17T10:35:26,2024-03-17,374,30,Online,Credit Card,COUPONA0-Z,6.23,AUD
785850,2024-03-17T20:20:06,2024-03-17,367,15,Online,Credit Card,COUPONAZ0Z,2.88,AUD
785956,2024-03-17T11:54:08,2024-03-17,6,11,Retail,Credit Card,COUPON00AA,18.8,AUD
785976,2024-03-17T06:40:31,2024-03-17,254,37,Online,Credit Card,COUPON000-,13.85,AUD
785999,2024-03-17T10:33:41,2024-03-17,680,35,Online,Afterpay,COUPON9ZA0,3.58,AUD
786018,2024-03-17T15:50:05,2024-03-17,261,15,Online,PayPal,COUPON--00,2.34,AUD
786166,2024-03-17T06:08:57,2024-03-17,658,43,Online,Afterpay,COUPON0Z-9,2.82,AUD
786421,2024-03-17T06:22:24,2024-03-17,384,38,Online,Afterpay,COUPON00A0,16.94,AUD
786593,2024-03-17T18:01:42,2024-03-17,216,37,Online,Credit Card,COUPON--Z9,3.21,AUD
786655,2024-03-17T14:50:40,2024-03-17,400,28,Retail,Credit Card,COUPON00--,6.18,AUD
786793,2024-03-17T13:21:57,2024-03-17,322,7,Online,Credit Card,COUPON-AAA,14.49,AUD
787042,2024-03-17T16:29:26,2024-03-17,740,23,Online,Afterpay,COUPON09-A,18.2,AUD
787081,2024-03-17T19:07:38,2024-03-17,551,15,Retail,Afterpay,COUPONA-AA,13.69,AUD
787168,2024-03-17T03:34:45,2024-03-17,576,26,Online,Credit Card,COUPON-ZAA,1.66,AUD
787318,2024-03-17T19:05:57,2024-03-17,122,39,Retail,Credit Card,COUPONZ090,18.23,AUD
787453,2024-03-17T15:31:41,2024-03-17,302,45,Retail,Credit Card,COUPON-9--,3.4,AUD
787493,2024-03-17T18:32:20,2024-03-17,91,4,Retail,Afterpay,COUPONZZZ-,15.93,AUD
787501,2024-03-17T22:00:01,2024-03-17,404,13,Retail,Credit Card,COUPON0Z-9,2.99,AUD
787625,2024-03-17T20:40:52,2024-03-17,345,30,Retail,Credit Card,COUPON---A,11.93,AUD
787675,2024-03-17T13:39:48,2024-03-17,525,20,Retail,Afterpay,COUPONAZA9,1.74,AUD
787873,2024-03-17T00:32:50,2024-03-17,598,11,Online,PayPal,COUPONZ99-,7.54,AUD
787953,2024-03-17T14:30:11,2024-03-17,254,30,Online,Credit Card,COUPONZ900,11.91,AUD
787966,2024-03-17T19:08:32,2024-03-17,599,6,Retail,Credit Card,COUPONZA-Z,5.93,AUD
788112,2024-03-17T12:37:05,2024-03-17,147,32,Retail,PayPal,COUPON--A0,4.71,AUD
788462,2024-03-17T04:05:15,2024-03-17,107,44,Online,Credit Card,COUPON-0-Z,2.69,AUD
788527,2024-03-17T04:04:50,2024-03-17,592,36,Retail,Credit Card,COUPON-ZZ9,4.99,AUD
788636,2024-03-17T08:04:09,2024-03-17,678,44,Retail,PayPal,COUPON-A-Z,6.13,AUD
788745,2024-03-17T22:24:16,2024-03-17,141,32,Retail,Afterpay,COUPON9A-0,13.82,AUD
788802,2024-03-17T13:41:30,2024-03-17,33,21,Online,PayPal,COUPON9-A-,0.09,AUD
788878,2024-03-17T15:05:31,2024-03-17,180,3,Online,Afterpay,COUPON-0-Z,0.93,AUD
788925,2024-03-17T04:58:08,2024-03-17,197,22,Online,Credit Card,COUPON0-ZA,15.91,AUD
789026,2024-03-17T04:33:32,2024-03-17,143,12,Online,Credit Card,COUPON990A,13.88,AUD
789076,2024-03-17T05:40:26,2024-03-17,707,26,Online,Afterpay,COUPON99ZA,19.42,AUD
789101,2024-03-17T06:56:47,2024-03-17,475,32,Retail,Credit Card,COUPONA0Z-,0.05,AUD
789311,2024-03-17T15:12:29,2024-03-17,255,38,Online,Afterpay,COUPON-AA0,7.22,AUD
789332,2024-03-17T19:39:26,2024-03-17,744,8,Retail,Credit Card,COUPON9--0,6.95,AUD
789372,2024-03-17T09:34:49,2024-03-17,412,47,Online,Afterpay,COUPON9Z-9,7.86,AUD
789432,2024-03-17T14:33:09,2024-03-17,395,49,Online,Credit Card,COUPONZZ0A,13.14,AUD
789529,2024-03-17T11:10:58,2024-03-17,442,9,Retail,PayPal,COUPONAA00,4.56,AUD
789571,2024-03-17T09:50:50,2024-03-17,756,42,Retail,PayPal,COUPON0Z-A,18.62,AUD
789714,2024-03-17T02:54:17,2024-03-17,761,25,Retail,Credit Card,COUPON-9A-,1.81,AUD
789824,2024-03-17T13:04:51,2024-03-17,602,8,Retail,PayPal,COUPON--ZA,1.24,AUD
789988,2024-03-17T22:32:04,2024-03-17,430,23,Retail,Credit Card,COUPONAZ09,11.29,AUD
790018,2024-03-17T16:46:02,2024-03-17,418,44,Retail,Credit Card,COUPON9Z-0,5.26,AUD
790031,2024-03-17T07:39:20,2024-03-17,226,32,Online,PayPal,COUPONAZ9-,15.4,AUD
790066,2024-03-17T12:55:52,2024-03-17,307,13,Retail,PayPal,COUPONZZZ-,2.16,AUD
790071,2024-03-17T20:35:26,2024-03-17,598,32,Online,Credit Card,COUPON9-99,6.62,AUD
790085,2024-03-17T02:12:08,2024-03-17,100,34,Retail,Afterpay,COUPONZ---,5.59,AUD
790151,2024-03-17T11:38:03,2024-03-17,158,31,Retail,PayPal,COUPONZ--Z,9.79,AUD
790191,2024-03-17T01:11:53,2024-03-17,47,7,Retail,Credit Card,COUPON-AZA,12.55,AUD
790434,2024-03-17T11:40:53,2024-03-17,731,2,Retail,Afterpay,COUPONZ-99,15.13,AUD
790493,2024-03-17T19:46:19,2024-03-17,472,49,Online,Credit Card,COUPON0ZA-,0.61,AUD
790555,2024-03-17T15:53:48,2024-03-17,516,8,Retail,Credit Card,COUPONZA--,3.94,AUD
790600,2024-03-17T18:13:39,2024-03-17,713,28,Retail,Credit Card,COUPON-0A0,2.48,AUD
790811,2024-03-17T03:57:48,2024-03-17,398,28,Retail,Credit Card,COUPON90AZ,12.83,AUD
790893,2024-03-17T04:26:21,2024-03-17,766,34,Online,Credit Card,COUPON-90A,5.55,AUD
790931,2024-03-17T08:59:05,2024-03-17,674,9,Online,PayPal,COUPONZ-A-,2.97,AUD
791061,2024-03-17T19:31:08,2024-03-17,151,24,Retail,Afterpay,COUPONAAZZ,7.4,AUD
791077,2024-03-17T19:54:50,2024-03-17,659,25,Online,Afterpay,COUPON--0-,10.15,AUD
791208,2024-03-17T08:58:12,2024-03-17,186,40,Retail,Credit Card,COUPON-ZZ-,14.26,AUD
791229,2024-03-17T03:30:24,2024-03-17,343,34,Retail,PayPal,COUPON-000,15.99,AUD
791456,2024-03-17T19:59:56,2024-03-17,290,26,Online,Credit Card,COUPONA-0A,2.76,AUD
791483,2024-03-17T17:49:48,2024-03-17,77,21,Retail,Afterpay,COUPONZZA-,13.5,AUD
791521,2024-03-17T20:12:07,2024-03-17,147,31,Online,Credit Card,COUPONA-99,4.64,AUD
791554,2024-03-17T00:57:03,2024-03-17,101,34,Retail,Credit Card,COUPON-9--,1.91,AUD
791602,2024-03-17T18:18:00,2024-03-17,468,14,Online,PayPal,COUPON00--,0.83,AUD
791619,2024-03-17T07:34:43,2024-03-17,213,49,Retail,Afterpay,COUPONA09Z,0.28,AUD
791657,2024-03-17T02:03:25,2024-03-17,203,6,Online,Afterpay,COUPON----,11.26,AUD
791663,2024-03-17T19:13:45,2024-03-17,509,25,Retail,Credit Card,COUPON--09,13.77,AUD
791718,2024-03-17T15:57:55,2024-03-17,739,1,Retail,Afterpay,COUPON-09A,9.3,AUD
791765,2024-03-17T20:41:11,2024-03-17,128,46,Retail,PayPal,COUPONZ-Z0,15.81,AUD
791814,2024-03-17T19:53:39,2024-03-17,265,11,Online,Credit Card,COUPON90ZA,12.87,AUD
791823,2024-03-17T12:59:04,2024-03-17,173,25,Online,Credit Card,COUPON-A-A,18.46,AUD
791865,2024-03-17T07:54:01,2024-03-17,109,19,Online,Afterpay,COUPONA0-0,9.7,AUD
791939,2024-03-17T04:49:43,2024-03-17,363,18,Retail,Credit Card,COUPON9-9Z,5.81,AUD
792008,2024-03-17T18:33:50,2024-03-17,121,22,Online,PayPal,COUPON-AZ-,8.51,AUD
792144,2024-03-17T23:22:52,2024-03-17,749,47,Retail,Credit Card,COUPON-09A,12.61,AUD
792219,2024-03-17T01:33:03,2024-03-17,54,25,Online,Afterpay,COUPONA9--,17.75,AUD
792265,2024-03-17T09:19:23,2024-03-17,627,20,Online,Afterpay,COUPON0-ZA,18.31,AUD
792460,2024-03-17T02:25:48,2024-03-17,538,1,Online,Credit Card,COUPON09--,4.58,AUD
792507,2024-03-17T04:45:44,2024-03-17,233,8,Retail,Afterpay,COUPON--0-,11.02,AUD
792545,2024-03-17T20:03:22,2024-03-17,217,14,Online,Afterpay,COUPON-Z9-,0.14,AUD
792622,2024-03-17T09:21:45,2024-03-17,600,40,Online,PayPal,COUPON9-ZZ,1.02,AUD
792944,2024-03-17T06:10:22,2024-03-17,42,26,Retail,PayPal,COUPON0Z--,9.82,AUD
792966,2024-03-17T12:23:37,2024-03-17,17,5,Retail,Afterpay,COUPON-0-9,4.33,AUD
793077,2024-03-17T20:55:04,2024-03-17,461,41,Online,Credit Card,COUPONZZ90,16.1,AUD
793095,2024-03-17T05:56:26,2024-03-17,723,15,Retail,Credit Card,COUPON0A90,17.26,AUD
793104,2024-03-17T20:24:28,2024-03-17,88,33,Online,Afterpay,COUPONA990,4.66,AUD
793191,2024-03-17T08:24:59,2024-03-17,130,38,Online,Credit Card,COUPONAA-Z,14.07,AUD
793286,2024-03-17T03:44:44,2024-03-17,409,2,Online,Afterpay,COUPON09Z0,5.91,AUD
793315,2024-03-17T06:13:16,2024-03-17,138,9,Online,Afterpay,COUPON9A9A,1.76,AUD
793357,2024-03-17T18:40:13,2024-03-17,8,30,Online,PayPal,COUPONZ-AZ,1.3,AUD
793387,2024-03-17T09:49:22,2024-03-17,596,11,Retail,Afterpay,COUPON--A0,1.41,AUD
793462,2024-03-17T21:54:49,2024-03-17,91,24,Online,PayPal,COUPON0AZ-,14.13,AUD
793474,2024-03-17T20:50:53,2024-03-17,470,32,Retail,Afterpay,COUPON-9-Z,19.41,AUD
793602,2024-03-17T05:42:42,2024-03-17,308,7,Online,PayPal,COUPON---9,9.66,AUD
793625,2024-03-17T23:33:15,2024-03-17,344,12,Online,Afterpay,COUPON0ZA-,7.9,AUD
793713,2024-03-17T20:05:30,2024-03-17,573,30,Retail,Credit Card,COUPON-Z-A,16.91,AUD
793747,2024-03-17T22:14:57,2024-03-17,148,12,Retail,Credit Card,COUPONZ-AA,3.44,AUD
793845,2024-03-17T16:18:54,2024-03-17,579,29,Retail,Credit Card,COUPON90ZZ,13.67,AUD
793866,2024-03-17T23:03:24,2024-03-17,408,38,Online,PayPal,COUPONZ-ZA,2.13,AUD
794152,2024-03-17T15:48:33,2024-03-17,7,21,Retail,PayPal,COUPON--9A,13.75,AUD
794202,2024-03-17T17:47:38,2024-03-17,68,5,Online,Afterpay,COUPONAA0-,6.17,AUD
794206,2024-03-17T06:57:20,2024-03-17,781,19,Online,Afterpay,COUPON--ZZ,2.48,AUD
794255,2024-03-17T07:28:26,2024-03-17,268,36,Online,Afterpay,COUPON-ZZ-,3.15,AUD
794406,2024-03-17T11:33:17,2024-03-17,116,18,Online,Afterpay,COUPONAA-0,19.65,AUD
794450,2024-03-17T22:22:45,2024-03-17,270,29,Retail,Credit Card,COUPON9AZ9,12.57,AUD
794604,2024-03-17T12:35:31,2024-03-17,239,23,Retail,Afterpay,COUPONZZZA,14.22,AUD
794663,2024-03-17T08:12:22,2024-03-17,365,44,Online,PayPal,COUPON0--9,3.9,AUD
794712,2024-03-17T13:52:26,2024-03-17,495,36,Online,PayPal,COUPON-9Z0,14.05,AUD
794828,2024-03-17T01:49:36,2024-03-17,367,12,Online,Afterpay,COUPON00A9,7.79,AUD
794995,2024-03-17T12:04:35,2024-03-17,116,8,Online,PayPal,COUPONA---,0.84,AUD
795135,2024-03-17T15:56:29,2024-03-17,59,22,Online,Credit Card,COUPON---A,16.07,AUD
795159,2024-03-17T15:50:54,2024-03-17,405,33,Online,PayPal,COUPON9-9A,19.66,AUD
795209,2024-03-17T01:51:29,2024-03-17,428,35,Retail,Credit Card,COUPON09-9,0.9,AUD
795451,2024-03-17T04:14:55,2024-03-17,263,20,Retail,Afterpay,COUPONZA-0,18.0,AUD
795464,2024-03-17T16:37:46,2024-03-17,295,25,Online,PayPal,COUPON-0A-,8.8,AUD
795556,2024-03-17T22:44:23,2024-03-17,399,26,Online,Afterpay,COUPONA9AA,10.02,AUD
795628,2024-03-17T09:02:26,2024-03-17,90,44,Online,PayPal,COUPON0A0-,15.0,AUD
795837,2024-03-17T17:06:23,2024-03-17,547,36,Online,Afterpay,COUPONZ-AZ,13.03,AUD
795911,2024-03-17T06:36:46,2024-03-17,220,24,Retail,Afterpay,COUPON-A--,19.88,AUD
795930,2024-03-17T14:19:41,2024-03-17,658,17,Retail,PayPal,COUPON-0-Z,10.08,AUD
796011,2024-03-17T23:13:13,2024-03-17,383,17,Online,Credit Card,COUPON99--,15.54,AUD
796022,2024-03-17T03:42:01,2024-03-17,742,34,Online,PayPal,COUPON-90-,7.1,AUD
796041,2024-03-17T02:27:00,2024-03-17,565,11,Retail,PayPal,COUPONZZZZ,7.8,AUD
796135,2024-03-17T17:27:16,2024-03-17,180,22,Online,Afterpay,COUPON-9--,17.4,AUD
796238,2024-03-17T12:50:25,2024-03-17,765,8,Retail,PayPal,COUPON--Z-,4.19,AUD
796309,2024-03-17T22:44:57,2024-03-17,195,7,Retail,PayPal,COUPONZ-A9,2.12,AUD
796610,2024-03-17T03:51:54,2024-03-17,488,11,Retail,Afterpay,COUPON-Z09,12.94,AUD
796763,2024-03-17T19:22:23,2024-03-17,759,37,Retail,PayPal,COUPONAZ99,10.58,AUD
796782,2024-03-17T11:03:33,2024-03-17,147,3,Retail,PayPal,COUPON--9-,5.97,AUD
796823,2024-03-17T22:00:16,2024-03-17,29,7,Online,Afterpay,COUPON---9,11.51,AUD
796873,2024-03-17T11:08:33,2024-03-17,696,13,Retail,Credit Card,COUPONAA-0,1.6,AUD
796965,2024-03-17T13:39:29,2024-03-17,685,47,Retail,Afterpay,COUPON--ZA,8.97,AUD
797009,2024-03-17T12:17:25,2024-03-17,237,21,Retail,Credit Card,COUPON-Z99,18.82,AUD
797063,2024-03-17T13:24:18,2024-03-17,710,24,Retail,PayPal,COUPONZAA0,11.28,AUD
797273,2024-03-17T12:25:27,2024-03-17,663,38,Online,Credit Card,COUPON90Z9,17.44,AUD
797709,2024-03-17T04:06:16,2024-03-17,374,30,Retail,PayPal,COUPON-Z0-,2.41,AUD
797740,2024-03-17T06:14:57,2024-03-17,462,39,Retail,Credit Card,COUPON90Z-,15.69,AUD
797840,2024-03-17T14:54:02,2024-03-17,697,35,Retail,Afterpay,COUPON090-,18.77,AUD
797910,2024-03-17T10:56:16,2024-03-17,78,10,Retail,Credit Card,COUPON--AZ,6.16,AUD
797990,2024-03-17T15:40:44,2024-03-17,7,17,Online,Afterpay,COUPON0-AZ,18.77,AUD
798131,2024-03-17T12:10:38,2024-03-17,606,13,Online,Afterpay,COUPON0A09,7.09,AUD
798164,2024-03-17T04:45:50,2024-03-17,116,32,Retail,PayPal,COUPON-Z9A,12.6,AUD
798240,2024-03-17T17:35:15,2024-03-17,515,49,Retail,Afterpay,COUPONA000,12.85,AUD
798291,2024-03-17T02:20:06,2024-03-17,280,1,Online,PayPal,COUPONZ--0,8.49,AUD
798306,2024-03-17T14:19:43,2024-03-17,384,29,Online,Afterpay,COUPON90ZA,18.83,AUD
798321,2024-03-17T08:27:26,2024-03-17,465,25,Online,PayPal,COUPON--Z-,2.9,AUD
798324,2024-03-17T16:03:14,2024-03-17,355,40,Retail,PayPal,COUPONZA90,14.15,AUD
798735,2024-03-17T01:25:48,2024-03-17,56,22,Online,PayPal,COUPON-ZZA,1.67,AUD
798845,2024-03-17T21:43:27,2024-03-17,750,9,Retail,PayPal,COUPONZ-9A,0.91,AUD
798855,2024-03-17T22:07:02,2024-03-17,749,35,Online,PayPal,COUPONZAZ-,9.58,AUD
799111,2024-03-17T22:48:29,2024-03-17,699,28,Online,Credit Card,COUPON-0--,14.45,AUD
799142,2024-03-17T10:55:11,2024-03-17,225,19,Online,Afterpay,COUPON9AZ0,9.46,AUD
799160,2024-03-17T00:49:16,2024-03-17,302,18,Online,PayPal,COUPON9-ZA,2.97,AUD
799161,2024-03-17T19:00:32,2024-03-17,666,34,Retail,Credit Card,COUPON099A,11.85,AUD
799178,2024-03-17T12:51:08,2024-03-17,118,21,Retail,Afterpay,COUPON--A0,3.39,AUD
799488,2024-03-17T19:54:36,2024-03-17,60,13,Retail,Credit Card,COUPON909A,15.1,AUD
799507,2024-03-17T08:19:44,2024-03-17,478,7,Retail,Afterpay,COUPON0---,0.59,AUD
799551,2024-03-17T17:14:49,2024-03-17,8,43,Online,Afterpay,COUPON-9-9,1.99,AUD
799556,2024-03-17T16:49:52,2024-03-17,665,17,Retail,Credit Card,COUPONZ-A0,5.18,AUD
799627,2024-03-17T18:29:32,2024-03-17,81,35,Retail,Afterpay,COUPON0099,19.76,AUD
799787,2024-03-17T09:32:33,2024-03-17,754,22,Retail,Afterpay,COUPON0A-0,6.32,AUD
799964,2024-03-17T21:28:57,2024-03-17,583,30,Retail,PayPal,COUPON-0A-,1.66,AUD
800049,2024-03-17T12:04:21,2024-03-17,531,1,Retail,PayPal,COUPON-99A,3.64,AUD
800059,2024-03-17T06:09:08,2024-03-17,544,26,Retail,Credit Card,COUPON-9ZZ,18.65,AUD
800060,2024-03-17T09:25:27,2024-03-17,120,20,Retail,Afterpay,COUPON0--9,7.08,AUD
800340,2024-03-17T15:42:35,2024-03-17,314,30,Online,Credit Card,COUPONAZ-0,18.31,AUD
800457,2024-03-17T09:39:49,2024-03-17,73,1,Retail,PayPal,COUPON--9Z,6.88,AUD
800470,2024-03-17T23:07:06,2024-03-17,52,45,Retail,Credit Card,COUPON99ZZ,9.99,AUD
800595,2024-03-17T18:15:08,2024-03-17,209,1,Retail,Credit Card,COUPON-ZZA,11.89,AUD
800984,2024-03-17T03:52:54,2024-03-17,438,29,Retail,PayPal,COUPON--ZZ,4.36,AUD
801041,2024-03-17T03:07:57,2024-03-17,456,5,Online,PayPal,COUPONA0--,3.42,AUD
801128,2024-03-17T14:29:51,2024-03-17,256,17,Retail,PayPal,COUPON0AZ9,8.29,AUD
801163,2024-03-17T02:55:12,2024-03-17,388,37,Online,Credit Card,COUPON9-0-,11.75,AUD
801345,2024-03-17T15:57:11,2024-03-17,370,7,Online,Afterpay,COUPON9A00,18.07,AUD
801488,2024-03-17T20:04:47,2024-03-17,149,41,Online,PayPal,COUPONZ-Z-,18.29,AUD
801740,2024-03-17T16:50:19,2024-03-17,71,13,Online,Credit Card,COUPONZ-A0,10.41,AUD
802054,2024-03-17T05:36:44,2024-03-17,750,2,Online,Credit Card,COUPON9--0,4.76,AUD
802245,2024-03-17T13:43:40,2024-03-17,692,19,Online,Credit Card,COUPONZAAA,19.59,AUD
802246,2024-03-17T22:41:26,2024-03-17,300,4,Retail,Credit Card,COUPONZ0-0,5.12,AUD
802418,2024-03-17T09:28:18,2024-03-17,43,9,Online,Afterpay,COUPONZ-A9,11.96,AUD
802435,2024-03-17T03:29:08,2024-03-17,163,38,Online,Afterpay,COUPON-Z--,9.71,AUD
802534,2024-03-17T07:25:32,2024-03-17,185,46,Online,PayPal,COUPONZZ0-,10.04,AUD
802671,2024-03-17T18:46:09,2024-03-17,744,11,Online,Credit Card,COUPONZ9Z0,6.64,AUD
802719,2024-03-17T06:08:33,2024-03-17,258,42,Retail,Credit Card,COUPON99--,17.65,AUD
802739,2024-03-17T21:11:04,2024-03-17,299,33,Online,Credit Card,COUPON9-99,9.54,AUD
802822,2024-03-17T12:44:53,2024-03-17,717,40,Retail,Credit Card,COUPONZ-9-,14.97,AUD
802872,2024-03-17T15:31:55,2024-03-17,198,18,Retail,Afterpay,COUPON0--9,18.93,AUD
802949,2024-03-17T16:31:39,2024-03-17,597,16,Online,Afterpay,COUPON0A-Z,17.4,AUD
803016,2024-03-17T21:27:25,2024-03-17,470,35,Online,Credit Card,COUPONZ09A,17.64,AUD
803158,2024-03-17T08:46:47,2024-03-17,115,42,Online,Afterpay,COUPON-9-9,4.12,AUD
803194,2024-03-17T08:18:38,2024-03-17,20,5,Online,PayPal,COUPON09--,3.55,AUD
803291,2024-03-17T12:17:02,2024-03-17,602,18,Online,PayPal,COUPON9-90,0.33,AUD
803370,2024-03-17T19:40:46,2024-03-17,790,5,Online,PayPal,COUPONAZ-9,1.14,AUD
803547,2024-03-17T16:18:28,2024-03-17,199,43,Retail,Credit Card,COUPONZ-Z-,19.17,AUD
803630,2024-03-17T09:21:44,2024-03-17,730,47,Online,Afterpay,COUPON09Z9,8.31,AUD
803692,2024-03-17T03:57:25,2024-03-17,132,48,Online,PayPal,COUPONA0Z0,7.65,AUD
803724,2024-03-17T07:15:38,2024-03-17,307,19,Retail,PayPal,COUPON-A-A,6.76,AUD
803860,2024-03-17T23:13:03,2024-03-17,130,11,Retail,Afterpay,COUPON90-A,0.55,AUD
803980,2024-03-17T08:05:55,2024-03-17,627,1,Online,Credit Card,COUPONAZZ-,17.4,AUD
803985,2024-03-17T18:18:10,2024-03-17,669,47,Retail,Afterpay,COUPON9--9,14.12,AUD
804022,2024-03-17T09:05:29,2024-03-17,689,47,Retail,Afterpay,COUPON09-A,19.59,AUD
804201,2024-03-17T02:18:49,2024-03-17,49,26,Online,Afterpay,COUPON9--0,2.1,AUD
804224,2024-03-17T21:29:54,2024-03-17,106,29,Online,Afterpay,COUPON0--0,12.06,AUD
804415,2024-03-17T04:52:22,2024-03-17,588,31,Online,PayPal,COUPONA-0-,3.01,AUD
804496,2024-03-17T03:12:38,2024-03-17,550,38,Retail,Afterpay,COUPON---A,19.26,AUD
804507,2024-03-17T05:24:43,2024-03-17,684,6,Online,Afterpay,COUPONZ9Z0,0.79,AUD
804577,2024-03-17T16:18:38,2024-03-17,701,10,Retail,PayPal,COUPONA---,3.04,AUD
804603,2024-03-17T03:08:15,2024-03-17,14,10,Online,Afterpay,COUPON9A-Z,17.8,AUD
804634,2024-03-17T16:09:01,2024-03-17,377,22,Retail,Afterpay,COUPONZ-90,15.99,AUD
804747,2024-03-17T14:59:47,2024-03-17,566,17,Retail,PayPal,COUPON009-,13.06,AUD
804765,2024-03-17T22:17:46,2024-03-17,368,31,Online,Credit Card,COUPON9990,7.11,AUD
804897,2024-03-17T08:25:15,2024-03-17,134,36,Online,Credit Card,COUPON9A-0,9.85,AUD
805010,2024-03-17T10:59:37,2024-03-17,21,20,Online,Afterpay,COUPONZ-A0,3.27,AUD
805146,2024-03-17T17:06:20,2024-03-17,577,26,Retail,PayPal,COUPONZ9--,15.94,AUD
805250,2024-03-17T09:32:12,2024-03-17,292,44,Online,Credit Card,COUPONZ9A-,6.93,AUD
805363,2024-03-17T02:46:09,2024-03-17,621,35,Retail,Afterpay,COUPON-900,11.37,AUD
805392,2024-03-17T18:22:36,2024-03-17,41,16,Online,PayPal,COUPONA090,7.37,AUD
805476,2024-03-17T11:33:23,2024-03-17,466,26,Retail,Afterpay,COUPONA--Z,9.2,AUD
805548,2024-03-17T08:20:40,2024-03-17,120,15,Retail,Afterpay,COUPON-A--,16.05,AUD
805573,2024-03-17T06:17:52,2024-03-17,705,32,Retail,Afterpay,COUPON9-A0,7.69,AUD
805662,2024-03-17T11:36:14,2024-03-17,734,13,Retail,Credit Card,COUPON-9ZA,4.65,AUD
805726,2024-03-17T10:40:56,2024-03-17,182,44,Retail,Afterpay,COUPONA-99,9.82,AUD
805814,2024-03-17T07:53:58,2024-03-17,375,38,Retail,Credit Card,COUPONZ-ZA,10.56,AUD
805899,2024-03-17T11:53:28,2024-03-17,216,44,Retail,PayPal,COUPON-00-,15.08,AUD
805978,2024-03-17T01:13:36,2024-03-17,774,49,Retail,Credit Card,COUPONZ0-0,11.38,AUD
806027,2024-03-17T06:30:34,2024-03-17,520,42,Online,Credit Card,COUPON-9AA,10.03,AUD
806059,2024-03-17T13:44:06,2024-03-17,211,44,Retail,Credit Card,COUPON-A9-,2.35,AUD
806127,2024-03-17T01:32:10,2024-03-17,292,25,Retail,PayPal,COUPON-90-,12.89,AUD
806173,2024-03-17T18:00:33,2024-03-17,54,21,Online,Credit Card,COUPON--90,17.47,AUD
806301,2024-03-17T14:00:27,2024-03-17,542,29,Retail,Credit Card,COUPONAZ0Z,10.85,AUD
806529,2024-03-17T21:51:27,2024-03-17,172,9,Online,Afterpay,COUPONZAA0,16.04,AUD
806649,2024-03-17T11:28:03,2024-03-17,734,37,Retail,Afterpay,COUPON--9-,14.48,AUD
806744,2024-03-17T04:59:36,2024-03-17,19,40,Retail,Credit Card,COUPON0---,17.13,AUD
806745,2024-03-17T23:34:04,2024-03-17,397,35,Online,Credit Card,COUPON0ZZ-,19.52,AUD
806753,2024-03-17T06:53:40,2024-03-17,534,8,Online,Afterpay,COUPON--A0,4.15,AUD
806974,2024-03-17T06:54:10,2024-03-17,105,33,Retail,Credit Card,COUPONZ0Z9,10.18,AUD
806997,2024-03-17T05:40:07,2024-03-17,20,45,Online,Afterpay,COUPON-00-,15.37,AUD
807024,2024-03-17T09:59:21,2024-03-17,89,37,Retail,PayPal,COUPONAAAZ,0.94,AUD
807037,2024-03-17T16:29:59,2024-03-17,6,10,Online,PayPal,COUPONZA-Z,3.7,AUD
807135,2024-03-17T12:52:09,2024-03-17,144,24,Online,Afterpay,COUPON0900,19.39,AUD
807205,2024-03-17T12:39:03,2024-03-17,364,43,Retail,Afterpay,COUPON000-,14.82,AUD
807266,2024-03-17T01:02:55,2024-03-17,190,37,Online,PayPal,COUPON-9-Z,6.71,AUD
807292,2024-03-17T01:30:52,2024-03-17,15,19,Online,Credit Card,COUPON----,5.16,AUD
807309,2024-03-17T20:48:09,2024-03-17,736,47,Online,Credit Card,COUPONA-AZ,15.9,AUD
807316,2024-03-17T18:43:42,2024-03-17,241,6,Online,Afterpay,COUPONZ0--,0.3,AUD
807509,2024-03-17T10:28:32,2024-03-17,302,1,Retail,Afterpay,COUPON9AZA,19.23,AUD
807559,2024-03-17T00:03:09,2024-03-17,190,12,Retail,Credit Card,COUPON--9-,16.63,AUD
807616,2024-03-17T13:54:34,2024-03-17,363,26,Online,Afterpay,COUPON0-9A,4.86,AUD
807880,2024-03-17T22:36:49,2024-03-17,35,26,Retail,Credit Card,COUPON00Z-,4.6,AUD
807965,2024-03-17T10:57:07,2024-03-17,628,14,Online,Credit Card,COUPON--A9,4.45,AUD
807976,2024-03-17T12:36:27,2024-03-17,592,42,Retail,Afterpay,COUPON0000,3.67,AUD
807989,2024-03-17T23:05:17,2024-03-17,643,47,Online,Afterpay,COUPON-09A,12.63,AUD
808195,2024-03-17T16:24:47,2024-03-17,283,36,Online,Credit Card,COUPONZ-ZZ,7.04,AUD
808210,2024-03-17T21:36:29,2024-03-17,124,38,Online,Afterpay,COUPONZ--9,18.03,AUD
808383,2024-03-17T17:11:54,2024-03-17,298,23,Online,Credit Card,COUPON09-9,5.19,AUD
808392,2024-03-17T15:34:37,2024-03-17,204,41,Online,Afterpay,COUPON--99,12.73,AUD
808424,2024-03-17T15:48:51,2024-03-17,184,3,Retail,PayPal,COUPON0-9-,11.97,AUD
808616,2024-03-17T07:03:33,2024-03-17,765,48,Retail,Credit Card,COUPON-AZA,18.75,AUD
808717,2024-03-17T22:24:20,2024-03-17,291,48,Online,Afterpay,COUPON-AA9,8.08,AUD
808839,2024-03-17T02:40:08,2024-03-17,326,9,Retail,PayPal,COUPON-90-,2.78,AUD
808840,2024-03-17T18:15:46,2024-03-17,464,42,Retail,PayPal,COUPONA-00,11.47,AUD
808960,2024-03-17T07:48:13,2024-03-17,202,47,Online,Afterpay,COUPON9---,7.26,AUD
808962,2024-03-17T11:09:33,2024-03-17,44,16,Retail,PayPal,COUPON--0-,0.28,AUD
809041,2024-03-17T03:26:20,2024-03-17,557,11,Online,PayPal,COUPONAZAA,16.09,AUD
809143,2024-03-17T21:33:44,2024-03-17,109,1,Retail,Credit Card,COUPON9-AA,9.22,AUD
809217,2024-03-17T17:17:07,2024-03-17,218,10,Online,Credit Card,COUPONZ--0,10.13,AUD
809301,2024-03-17T17:29:05,2024-03-17,393,39,Online,Credit Card,COUPONZ0-A,12.73,AUD
809908,2024-03-17T20:23:18,2024-03-17,45,46,Online,Afterpay,COUPON09Z-,10.84,AUD
810135,2024-03-17T14:02:39,2024-03-17,279,37,Retail,Credit Card,COUPON-0-0,18.14,AUD
810337,2024-03-17T10:40:10,2024-03-17,723,37,Retail,PayPal,COUPONA0A-,19.71,AUD
810365,2024-03-17T15:05:33,2024-03-17,467,3,Retail,PayPal,COUPONZA0-,7.61,AUD
810372,2024-03-17T09:23:34,2024-03-17,754,30,Online,Afterpay,COUPON9A9A,3.06,AUD
810477,2024-03-17T02:42:17,2024-03-17,427,35,Retail,PayPal,COUPONZA-Z,14.88,AUD
810523,2024-03-17T20:49:10,2024-03-17,53,16,Online,PayPal,COUPONZ00A,9.52,AUD
810663,2024-03-17T04:09:42,2024-03-17,687,23,Retail,Credit Card,COUPON9A90,1.41,AUD
810742,2024-03-17T10:14:53,2024-03-17,113,18,Retail,PayPal,COUPON-0Z-,9.18,AUD
810814,2024-03-17T04:17:04,2024-03-17,472,16,Online,PayPal,COUPON09-9,11.29,AUD
810827,2024-03-17T14:35:59,2024-03-17,147,39,Online,Credit Card,COUPON00ZZ,16.26,AUD
810844,2024-03-17T13:23:29,2024-03-17,753,46,Retail,Credit Card,COUPON9A00,18.24,AUD
810866,2024-03-17T04:54:27,2024-03-17,133,30,Retail,Afterpay,COUPON9009,3.9,AUD
810920,2024-03-17T21:43:31,2024-03-17,463,13,Retail,Credit Card,COUPON-ZZ-,6.17,AUD
810964,2024-03-17T06:08:53,2024-03-17,333,24,Online,Afterpay,COUPON---0,10.65,AUD
810971,2024-03-17T13:27:36,2024-03-17,655,49,Retail,Credit Card,COUPON9AZ9,14.97,AUD
810976,2024-03-17T17:48:56,2024-03-17,492,6,Online,Credit Card,COUPON-9AA,16.88,AUD
811063,2024-03-17T23:52:04,2024-03-17,516,45,Retail,PayPal,COUPONZA-9,10.82,AUD
811064,2024-03-17T10:31:41,2024-03-17,229,44,Online,Afterpay,COUPONA0--,3.45,AUD
811170,2024-03-17T20:58:31,2024-03-17,365,13,Online,PayPal,COUPONA-ZA,1.58,AUD
811340,2024-03-17T13:23:53,2024-03-17,344,18,Online,Afterpay,COUPONZZ-A,17.26,AUD
811361,2024-03-17T11:30:58,2024-03-17,371,34,Retail,Afterpay,COUPON0--Z,13.3,AUD
811397,2024-03-17T18:41:14,2024-03-17,377,5,Online,Afterpay,COUPON---0,0.74,AUD
811450,2024-03-17T16:39:43,2024-03-17,715,30,Online,Credit Card,COUPON0AZ-,12.91,AUD
811597,2024-03-17T08:23:24,2024-03-17,674,6,Online,Credit Card,COUPON--0-,17.87,AUD
811599,2024-03-17T11:56:57,2024-03-17,676,18,Retail,Afterpay,COUPON009A,14.06,AUD
811694,2024-03-17T15:18:32,2024-03-17,401,5,Retail,PayPal,COUPONZ0-Z,1.57,AUD
811695,2024-03-17T14:45:54,2024-03-17,788,40,Retail,Afterpay,COUPON-0--,12.72,AUD
811989,2024-03-17T00:20:38,2024-03-17,188,21,Retail,Afterpay,COUPON0-09,11.59,AUD
812157,2024-03-17T04:49:52,2024-03-17,190,42,Online,Credit Card,COUPON99--,19.71,AUD
812230,2024-03-17T14:09:30,2024-03-17,768,25,Retail,Afterpay,COUPON9ZAZ,1.79,AUD
812299,2024-03-17T20:52:18,2024-03-17,717,36,Online,PayPal,COUPONZ-0-,2.98,AUD
812360,2024-03-17T18:51:33,2024-03-17,633,37,Online,Afterpay,COUPONZ-Z-,19.98,AUD
812366,2024-03-17T13:30:15,2024-03-17,503,23,Retail,PayPal,COUPON-0--,0.92,AUD
812430,2024-03-17T22:03:24,2024-03-17,510,21,Retail,Afterpay,COUPON-090,14.79,AUD
812507,2024-03-17T22:43:48,2024-03-17,563,23,Retail,PayPal,COUPON-0-9,4.96,AUD
812562,2024-03-17T03:35:18,2024-03-17,645,13,Online,Credit Card,COUPON--A-,11.83,AUD
812652,2024-03-17T08:29:08,2024-03-17,711,12,Online,Afterpay,COUPONAA-9,18.87,AUD
812731,2024-03-17T11:44:47,2024-03-17,381,33,Retail,Credit Card,COUPONA9-9,16.48,AUD
812792,2024-03-17T17:42:49,2024-03-17,720,42,Retail,Credit Card,COUPONA099,13.28,AUD
812802,2024-03-17T16:06:40,2024-03-17,88,8,Retail,PayPal,COUPON-900,0.92,AUD
812804,2024-03-17T13:42:35,2024-03-17,31,16,Retail,Credit Card,COUPON0-Z9,4.75,AUD
812863,2024-03-17T00:30:09,2024-03-17,158,41,Retail,PayPal,COUPON0-Z-,10.94,AUD
812879,2024-03-17T03:46:31,2024-03-17,482,23,Online,Credit Card,COUPON-999,19.9,AUD
812913,2024-03-17T05:12:55,2024-03-17,601,24,Retail,PayPal,COUPON9999,5.86,AUD
812920,2024-03-17T01:23:15,2024-03-17,81,14,Online,Credit Card,COUPON09A-,4.49,AUD
812924,2024-03-17T17:08:46,2024-03-17,133,33,Online,PayPal,COUPON9-9-,17.04,AUD
813037,2024-03-17T10:55:30,2024-03-17,90,18,Retail,PayPal,COUPONAZ-0,1.61,AUD
813099,2024-03-17T15:20:16,2024-03-17,263,48,Online,Afterpay,COUPON099-,15.23,AUD
813160,2024-03-17T11:34:57,2024-03-17,294,28,Retail,Afterpay,COUPON090Z,2.8,AUD
813167,2024-03-17T11:32:59,2024-03-17,744,8,Retail,PayPal,COUPONA99-,2.9,AUD
813171,2024-03-17T14:29:19,2024-03-17,328,3,Online,PayPal,COUPON9-9-,8.46,AUD
813275,2024-03-17T01:34:16,2024-03-17,384,35,Online,PayPal,COUPON00Z-,11.6,AUD
813563,2024-03-17T15:36:36,2024-03-17,390,6,Retail,Credit Card,COUPON-A9Z,17.71,AUD
813583,2024-03-17T19:51:34,2024-03-17,612,25,Online,Credit Card,COUPONA---,10.48,AUD
813667,2024-03-17T11:12:39,2024-03-17,90,45,Online,Afterpay,COUPON90--,16.25,AUD
813756,2024-03-17T04:14:15,2024-03-17,616,44,Online,Afterpay,COUPONAZZA,16.56,AUD
813834,2024-03-17T23:14:16,2024-03-17,271,26,Online,Afterpay,COUPONZ---,0.54,AUD
814060,2024-03-17T12:39:54,2024-03-17,3,38,Online,Afterpay,COUPON0AZ-,12.72,AUD
814194,2024-03-17T19:22:54,2024-03-17,520,40,Retail,Credit Card,COUPON-A0A,1.69,AUD
814360,2024-03-17T20:11:25,2024-03-17,133,26,Online,Credit Card,COUPON-ZZ0,13.32,AUD
814453,2024-03-17T00:28:16,2024-03-17,159,36,Online,Credit Card,COUPONZ000,16.29,AUD
814464,2024-03-17T09:03:42,2024-03-17,29,48,Retail,PayPal,COUPON--AZ,10.45,AUD
814662,2024-03-17T22:00:41,2024-03-17,83,30,Retail,Afterpay,COUPON9A90,7.13,AUD
814672,2024-03-17T06:59:16,2024-03-17,380,44,Retail,PayPal,COUPONZA-0,16.4,AUD
814913,2024-03-17T11:55:47,2024-03-17,731,29,Online,Afterpay,COUPONZ-A-,17.29,AUD
814924,2024-03-17T11:27:15,2024-03-17,204,24,Retail,Credit Card,COUPON---A,7.01,AUD
814960,2024-03-17T11:50:10,2024-03-17,310,22,Retail,Credit Card,COUPONZZ--,4.0,AUD
814995,2024-03-17T16:44:11,2024-03-17,201,15,Retail,Credit Card,COUPON-9-A,10.97,AUD
815000,2024-03-17T18:10:06,2024-03-17,57,35,Online,Afterpay,COUPONZ-A-,7.68,AUD
815032,2024-03-17T10:37:53,2024-03-17,140,8,Online,Afterpay,COUPON--Z9,4.69,AUD
815062,2024-03-17T21:31:23,2024-03-17,265,16,Online,Credit Card,COUPONA-A-,14.36,AUD
815301,2024-03-17T16:08:23,2024-03-17,232,48,Online,PayPal,COUPON----,16.47,AUD
815368,2024-03-17T02:46:21,2024-03-17,556,30,Retail,Afterpay,COUPON0---,18.86,AUD
815430,2024-03-17T10:01:47,2024-03-17,281,47,Retail,Afterpay,COUPON0ZZZ,2.9,AUD
815469,2024-03-17T09:05:46,2024-03-17,511,47,Online,Credit Card,COUPON9ZZ0,1.25,AUD
815570,2024-03-17T07:19:52,2024-03-17,742,42,Retail,Credit Card,COUPON--Z-,8.06,AUD
815674,2024-03-17T01:30:46,2024-03-17,198,30,Retail,Afterpay,COUPON9AZA,17.46,AUD
815687,2024-03-17T22:09:00,2024-03-17,8,28,Retail,Afterpay,COUPON0AZA,8.59,AUD
815693,2024-03-17T22:03:49,2024-03-17,167,2,Online,Credit Card,COUPON-Z--,9.62,AUD
815756,2024-03-17T09:35:25,2024-03-17,751,26,Retail,Credit Card,COUPON--ZA,19.36,AUD
815763,2024-03-17T22:26:25,2024-03-17,785,37,Retail,Credit Card,COUPON9A--,3.57,AUD
815837,2024-03-17T10:51:58,2024-03-17,754,17,Online,Afterpay,COUPON990Z,16.53,AUD
815855,2024-03-17T17:40:53,2024-03-17,344,26,Retail,Credit Card,COUPONA9A9,5.19,AUD
815857,2024-03-17T15:05:23,2024-03-17,454,26,Retail,Afterpay,COUPON9Z9-,0.18,AUD
815870,2024-03-17T20:19:10,2024-03-17,20,12,Retail,Afterpay,COUPON9-Z-,9.11,AUD
815969,2024-03-17T02:56:09,2024-03-17,177,1,Online,Afterpay,COUPON9-AZ,14.8,AUD
815994,2024-03-17T18:57:38,2024-03-17,255,29,Online,Credit Card,COUPON--9Z,17.28,AUD
816119,2024-03-17T02:33:24,2024-03-17,663,35,Retail,PayPal,COUPON00-Z,16.22,AUD
816297,2024-03-17T11:22:56,2024-03-17,494,14,Retail,Credit Card,COUPON0-AA,0.39,AUD
816549,2024-03-17T19:48:02,2024-03-17,725,34,Retail,PayPal,COUPONZAA-,14.72,AUD
816628,2024-03-17T03:50:29,2024-03-17,502,16,Online,PayPal,COUPON--00,13.08,AUD
816706,2024-03-17T17:53:42,2024-03-17,480,30,Online,PayPal,COUPON0A9-,6.81,AUD
816746,2024-03-17T18:16:10,2024-03-17,536,28,Online,Afterpay,COUPONZ-0Z,13.65,AUD
816788,2024-03-17T22:34:56,2024-03-17,251,45,Retail,Credit Card,COUPON09-0,13.68,AUD
816946,2024-03-17T16:04:07,2024-03-17,84,37,Online,Credit Card,COUPON9AZ-,8.02,AUD
817034,2024-03-17T04:19:15,2024-03-17,206,19,Online,Credit Card,COUPON--9A,12.77,AUD
817300,2024-03-17T22:38:03,2024-03-17,555,19,Retail,PayPal,COUPONAA-9,2.24,AUD
817553,2024-03-17T07:42:20,2024-03-17,568,20,Online,Credit Card,COUPON---9,11.25,AUD
817594,2024-03-17T02:36:35,2024-03-17,299,31,Retail,Afterpay,COUPONA---,6.97,AUD
817615,2024-03-17T14:04:50,2024-03-17,25,25,Online,PayPal,COUPONZA90,11.38,AUD
817696,2024-03-17T23:51:47,2024-03-17,123,17,Retail,Afterpay,COUPON----,8.82,AUD
817707,2024-03-17T16:27:00,2024-03-17,92,37,Retail,Credit Card,COUPON9A-Z,7.37,AUD
817813,2024-03-17T11:47:11,2024-03-17,346,25,Online,PayPal,COUPON--A-,1.58,AUD
817946,2024-03-17T05:48:24,2024-03-17,464,37,Retail,PayPal,COUPON9A-0,15.28,AUD
817963,2024-03-17T16:55:04,2024-03-17,632,39,Retail,Credit Card,COUPONZAZ0,0.93,AUD
818106,2024-03-17T02:04:10,2024-03-17,243,47,Online,Afterpay,COUPON-0--,9.58,AUD
818147,2024-03-17T19:29:55,2024-03-17,503,32,Online,Credit Card,COUPON-Z-0,8.45,AUD
818327,2024-03-17T12:28:52,2024-03-17,667,11,Retail,Afterpay,COUPON0A90,18.36,AUD
818359,2024-03-17T14:25:24,2024-03-17,29,46,Online,Credit Card,COUPON90ZZ,0.09,AUD
818399,2024-03-17T01:16:06,2024-03-17,252,32,Retail,PayPal,COUPON-Z0Z,2.7,AUD
818646,2024-03-17T17:25:41,2024-03-17,184,21,Retail,Afterpay,COUPONZ--A,19.98,AUD
818673,2024-03-17T22:26:23,2024-03-17,718,31,Online,Afterpay,COUPON--Z0,13.65,AUD
818687,2024-03-17T10:21:23,2024-03-17,549,10,Retail,PayPal,COUPONZ0--,16.83,AUD
818836,2024-03-17T06:40:24,2024-03-17,591,31,Online,Credit Card,COUPON0A-Z,18.14,AUD
818846,2024-03-17T11:20:42,2024-03-17,547,37,Retail,PayPal,COUPON0-AA,10.1,AUD
819231,2024-03-17T02:40:16,2024-03-17,62,39,Online,PayPal,COUPON9-ZA,0.15,AUD
819235,2024-03-17T08:35:28,2024-03-17,305,18,Online,PayPal,COUPONZ9--,19.73,AUD
819251,2024-03-17T20:52:19,2024-03-17,211,29,Retail,Credit Card,COUPONA-ZA,3.25,AUD
819403,2024-03-17T22:17:09,2024-03-17,495,16,Retail,PayPal,COUPONAZZ9,10.04,AUD
819486,2024-03-17T03:25:12,2024-03-17,506,30,Online,Credit Card,COUPONZ090,13.78,AUD
819528,2024-03-17T22:08:17,2024-03-17,239,1,Online,Credit Card,COUPON-9--,1.94,AUD
819651,2024-03-17T10:35:35,2024-03-17,278,20,Retail,PayPal,COUPON----,18.24,AUD
819658,2024-03-17T19:00:58,2024-03-17,210,4,Online,Credit Card,COUPON-9A9,11.47,AUD
819742,2024-03-17T01:40:48,2024-03-17,291,18,Retail,Credit Card,COUPONAAZZ,19.51,AUD
819804,2024-03-17T13:09:58,2024-03-17,794,20,Retail,Credit Card,COUPON9-0-,10.09,AUD
819854,2024-03-17T12:36:17,2024-03-17,421,3,Retail,Afterpay,COUPON-Z-A,16.88,AUD
819882,2024-03-17T01:31:37,2024-03-17,95,31,Retail,PayPal,COUPONA0-0,11.93,AUD
819914,2024-03-17T19:48:13,2024-03-17,789,29,Retail,Afterpay,COUPON-0ZZ,18.42,AUD
819946,2024-03-17T04:55:42,2024-03-17,651,17,Online,Credit Card,COUPON-A0-,16.15,AUD
819972,2024-03-17T02:01:04,2024-03-17,140,39,Retail,PayPal,COUPON9-09,12.15,AUD
820120,2024-03-17T22:10:59,2024-03-17,631,14,Online,Afterpay,COUPON0--9,7.3,AUD
820123,2024-03-17T16:37:47,2024-03-17,352,17,Online,Afterpay,COUPONA0AA,12.56,AUD
820125,2024-03-17T18:44:43,2024-03-17,423,7,Retail,PayPal,COUPON-0Z9,7.76,AUD
820201,2024-03-17T15:44:16,2024-03-17,300,30,Retail,PayPal,COUPON-AA-,13.12,AUD
820394,2024-03-17T13:55:47,2024-03-17,44,27,Online,PayPal,COUPONZAZA,10.17,AUD
820406,2024-03-17T13:51:40,2024-03-17,648,29,Online,Credit Card,COUPON9---,4.57,AUD
820407,2024-03-17T10:36:00,2024-03-17,727,3,Online,PayPal,COUPON0ZZ9,3.5,AUD
820417,2024-03-17T19:01:26,2024-03-17,685,22,Retail,Credit Card,COUPON0A90,1.52,AUD
820565,2024-03-17T14:10:49,2024-03-17,244,27,Online,Afterpay,COUPON9AZ9,1.5,AUD
820700,2024-03-17T14:41:34,2024-03-17,508,23,Online,Credit Card,COUPONZ-A-,18.74,AUD
820714,2024-03-17T04:31:50,2024-03-17,717,23,Online,Afterpay,COUPON-00-,9.16,AUD
820720,2024-03-17T21:35:35,2024-03-17,107,30,Online,Afterpay,COUPON0-Z9,12.24,AUD
820756,2024-03-17T10:12:39,2024-03-17,154,18,Retail,PayPal,COUPON09-0,0.52,AUD
820971,2024-03-17T10:47:20,2024-03-17,352,24,Online,Credit Card,COUPON-ZA0,5.1,AUD
821007,2024-03-17T22:31:11,2024-03-17,36,35,Online,PayPal,COUPON-00-,15.78,AUD
821101,2024-03-17T02:53:59,2024-03-17,517,35,Retail,PayPal,COUPONA-A-,16.86,AUD
821157,2024-03-17T23:11:06,2024-03-17,444,6,Online,Afterpay,COUPON-Z9-,6.04,AUD
821443,2024-03-17T12:06:57,2024-03-17,270,18,Online,Credit Card,COUPONA0-Z,18.83,AUD
821568,2024-03-17T20:44:06,2024-03-17,456,46,Online,Credit Card,COUPON9Z-A,10.99,AUD
821634,2024-03-17T16:47:55,2024-03-17,50,4,Retail,Afterpay,COUPON09-0,0.55,AUD
821736,2024-03-17T21:45:51,2024-03-17,336,29,Retail,Afterpay,COUPONZ-90,14.11,AUD
821769,2024-03-17T22:54:34,2024-03-17,286,24,Online,Afterpay,COUPON9-ZZ,1.81,AUD
821930,2024-03-17T01:02:10,2024-03-17,277,48,Retail,Afterpay,COUPON999Z,5.18,AUD
821961,2024-03-17T16:59:50,2024-03-17,21,35,Online,Credit Card,COUPON--09,7.86,AUD
822011,2024-03-17T06:41:57,2024-03-17,408,38,Retail,Credit Card,COUPONZ9-0,0.24,AUD
822027,2024-03-17T04:53:50,2024-03-17,761,10,Online,Credit Card,COUPON9Z99,10.66,AUD
822141,2024-03-17T12:33:27,2024-03-17,96,37,Online,Credit Card,COUPONZ9-Z,17.41,AUD
822173,2024-03-17T06:40:19,2024-03-17,47,38,Retail,Credit Card,COUPON-A-0,0.8,AUD
822189,2024-03-17T08:55:49,2024-03-17,403,13,Retail,Credit Card,COUPON-0-A,18.35,AUD
822266,2024-03-17T12:42:44,2024-03-17,416,28,Online,Credit Card,COUPON9A00,19.65,AUD
822442,2024-03-17T22:59:36,2024-03-17,569,16,Online,PayPal,COUPONA9-Z,6.14,AUD
822658,2024-03-17T13:52:05,2024-03-17,767,2,Retail,Afterpay,COUPON--09,18.78,AUD
822745,2024-03-17T14:42:41,2024-03-17,251,2,Retail,Credit Card,COUPON-0--,17.0,AUD
822850,2024-03-17T23:20:02,2024-03-17,217,37,Retail,Credit Card,COUPON0-9-,16.59,AUD
822964,2024-03-17T21:02:40,2024-03-17,662,8,Retail,Credit Card,COUPON9-Z-,19.51,AUD
823046,2024-03-17T05:30:45,2024-03-17,529,12,Retail,Credit Card,COUPON-0-A,12.78,AUD
823353,2024-03-17T05:33:20,2024-03-17,734,4,Online,Credit Card,COUPON-9--,16.1,AUD
823636,2024-03-17T11:17:18,2024-03-17,144,39,Retail,Credit Card,COUPON99AZ,10.5,AUD
823680,2024-03-17T10:08:08,2024-03-17,531,48,Retail,Credit Card,COUPONAZ0A,6.62,AUD
823780,2024-03-17T04:27:49,2024-03-17,395,12,Online,PayPal,COUPON-9-A,2.2,AUD
824002,2024-03-17T16:19:15,2024-03-17,150,17,Online,Credit Card,COUPON99-A,13.04,AUD
824051,2024-03-17T09:59:49,2024-03-17,759,20,Online,Afterpay,COUPON0-A-,19.14,AUD
824136,2024-03-17T19:41:04,2024-03-17,662,10,Online,Credit Card,COUPON9--Z,18.75,AUD
824213,2024-03-17T18:27:42,2024-03-17,106,48,Online,PayPal,COUPON-Z9-,14.53,AUD
824393,2024-03-17T16:27:45,2024-03-17,639,37,Online,Afterpay,COUPONA--9,6.6,AUD
824446,2024-03-17T14:26:52,2024-03-17,531,1,Retail,Credit Card,COUPON90--,17.84,AUD
824662,2024-03-17T13:22:23,2024-03-17,591,16,Online,Afterpay,COUPON0Z-Z,13.14,AUD
824738,2024-03-17T13:44:28,2024-03-17,127,34,Online,PayPal,COUPONZ9A9,9.88,AUD
824817,2024-03-17T00:55:24,2024-03-17,177,42,Online,Credit Card,COUPON0A-A,14.51,AUD
824829,2024-03-17T06:49:52,2024-03-17,425,13,Retail,PayPal,COUPON0Z09,0.3,AUD
824832,2024-03-17T19:09:33,2024-03-17,277,24,Online,Credit Card,COUPONA0A0,3.98,AUD
824863,2024-03-17T22:20:40,2024-03-17,493,17,Online,Credit Card,COUPON----,2.96,AUD
824927,2024-03-17T20:43:11,2024-03-17,319,11,Online,Afterpay,COUPON9ZA0,16.89,AUD
824968,2024-03-17T06:10:53,2024-03-17,135,47,Retail,PayPal,COUPON0-9A,14.13,AUD
824984,2024-03-17T10:45:59,2024-03-17,731,46,Retail,Credit Card,COUPONA---,10.55,AUD
825150,2024-03-17T13:27:34,2024-03-17,782,7,Retail,Credit Card,COUPON-A0-,14.97,AUD
825191,2024-03-17T12:25:11,2024-03-17,625,2,Online,Afterpay,COUPON90ZZ,19.92,AUD
825263,2024-03-17T00:34:13,2024-03-17,631,38,Online,PayPal,COUPON99ZZ,11.19,AUD
825374,2024-03-17T14:00:45,2024-03-17,217,48,Online,PayPal,COUPONZ-Z-,14.07,AUD
825395,2024-03-17T18:19:38,2024-03-17,105,1,Online,PayPal,COUPON0A9-,14.98,AUD
825518,2024-03-17T07:14:39,2024-03-17,483,3,Retail,Credit Card,COUPON-Z0A,0.05,AUD
825533,2024-03-17T15:23:12,2024-03-17,639,24,Online,PayPal,COUPON-A0Z,12.82,AUD
825600,2024-03-17T13:59:31,2024-03-17,658,49,Retail,Credit Card,COUPON99-9,1.18,AUD
825719,2024-03-17T10:40:54,2024-03-17,755,31,Retail,PayPal,COUPONZ0ZA,16.19,AUD
825770,2024-03-17T12:56:13,2024-03-17,319,40,Retail,Afterpay,COUPON9--9,0.48,AUD
825871,2024-03-17T22:52:20,2024-03-17,595,45,Online,Afterpay,COUPON---A,18.68,AUD
825962,2024-03-17T08:12:28,2024-03-17,748,27,Online,Credit Card,COUPONA-ZA,14.2,AUD
825973,2024-03-17T22:55:47,2024-03-17,5,40,Online,Afterpay,COUPON0---,9.45,AUD
826077,2024-03-17T04:55:32,2024-03-17,723,8,Retail,Credit Card,COUPON-A0A,7.36,AUD
826100,2024-03-17T08:14:12,2024-03-17,28,47,Online,Credit Card,COUPON9--A,19.55,AUD
826223,2024-03-17T09:19:26,2024-03-17,124,47,Online,PayPal,COUPON--A-,19.81,AUD
826230,2024-03-17T16:58:20,2024-03-17,623,44,Online,Afterpay,COUPON0Z-0,5.88,AUD
826268,2024-03-17T19:36:51,2024-03-17,784,26,Retail,Credit Card,COUPON9-0-,16.23,AUD
826436,2024-03-17T18:32:06,2024-03-17,33,16,Retail,Afterpay,COUPONA-AZ,1.82,AUD
826456,2024-03-17T02:13:32,2024-03-17,60,45,Retail,Credit Card,COUPONAZZ0,17.05,AUD
826650,2024-03-17T17:43:42,2024-03-17,392,15,Online,Afterpay,COUPONA--0,19.42,AUD
826728,2024-03-17T10:55:47,2024-03-17,103,34,Online,Afterpay,COUPONA-ZA,10.76,AUD
826763,2024-03-17T22:04:27,2024-03-17,460,47,Online,Credit Card,COUPON--Z9,9.32,AUD
826789,2024-03-17T01:18:40,2024-03-17,696,40,Retail,Credit Card,COUPON0---,14.66,AUD
826826,2024-03-17T16:01:54,2024-03-17,391,38,Retail,PayPal,COUPONZ-9A,0.83,AUD
826908,2024-03-17T11:59:59,2024-03-17,191,21,Retail,PayPal,COUPON--9-,19.71,AUD
827065,2024-03-17T10:30:57,2024-03-17,737,41,Online,PayPal,COUPON9A--,12.73,AUD
827176,2024-03-17T08:26:50,2024-03-17,745,31,Retail,Afterpay,COUPON-0Z-,5.32,AUD
827212,2024-03-17T04:23:39,2024-03-17,589,22,Online,Afterpay,COUPON00--,5.94,AUD
827452,2024-03-17T09:09:04,2024-03-17,664,32,Online,Credit Card,COUPON0-90,6.22,AUD
827477,2024-03-17T22:42:36,2024-03-17,206,24,Online,PayPal,COUPONAZZ0,9.21,AUD
827947,2024-03-17T17:55:10,2024-03-17,617,10,Retail,Afterpay,COUPONA-A-,13.36,AUD
827954,2024-03-17T03:41:32,2024-03-17,749,46,Retail,PayPal,COUPONA-ZZ,14.97,AUD
827961,2024-03-17T15:49:45,2024-03-17,148,1,Online,Afterpay,COUPON--AZ,1.79,AUD
828006,2024-03-17T00:41:34,2024-03-17,711,46,Retail,PayPal,COUPON0--A,3.7,AUD
828166,2024-03-17T04:52:17,2024-03-17,193,26,Retail,Afterpay,COUPONA--0,3.71,AUD
828261,2024-03-17T14:55:28,2024-03-17,640,12,Online,Afterpay,COUPONZ---,7.13,AUD
828370,2024-03-17T09:13:51,2024-03-17,79,16,Retail,Afterpay,COUPON00-9,12.29,AUD
828703,2024-03-17T00:02:34,2024-03-17,262,27,Retail,Credit Card,COUPONZ-ZA,16.38,AUD
828767,2024-03-17T15:25:47,2024-03-17,541,15,Retail,Credit Card,COUPON--0-,18.45,AUD
828889,2024-03-17T15:32:58,2024-03-17,270,21,Retail,PayPal,COUPONA-9A,19.84,AUD
828924,2024-03-17T06:48:29,2024-03-17,722,41,Retail,Credit Card,COUPON--09,13.18,AUD
828957,2024-03-17T03:50:23,2024-03-17,774,7,Online,Credit Card,COUPON-Z--,18.82,AUD
829015,2024-03-17T23:35:37,2024-03-17,494,46,Online,Afterpay,COUPON-ZA9,3.97,AUD
829091,2024-03-17T05:25:02,2024-03-17,390,33,Online,Credit Card,COUPON0---,14.94,AUD
829092,2024-03-17T19:35:27,2024-03-17,532,44,Retail,PayPal,COUPONZ--0,18.54,AUD
829386,2024-03-17T13:36:44,2024-03-17,721,31,Online,Afterpay,COUPON-90Z,9.06,AUD
829463,2024-03-17T16:41:16,2024-03-17,343,1,Online,Credit Card,COUPONZ9-0,11.24,AUD
829504,2024-03-17T08:51:22,2024-03-17,281,20,Online,PayPal,COUPON-99Z,2.74,AUD
829527,2024-03-17T03:36:40,2024-03-17,404,8,Online,Credit Card,COUPONZ-0-,1.02,AUD
829628,2024-03-17T08:24:51,2024-03-17,341,3,Retail,PayPal,COUPONA9Z-,11.22,AUD
829680,2024-03-17T22:29:38,2024-03-17,441,31,Retail,PayPal,COUPON99-9,3.77,AUD
829840,2024-03-17T09:15:55,2024-03-17,328,35,Retail,Afterpay,COUPON0-A-,10.46,AUD
829874,2024-03-17T23:56:41,2024-03-17,301,20,Retail,Credit Card,COUPON-0-0,6.54,AUD
829948,2024-03-17T18:38:18,2024-03-17,259,21,Retail,PayPal,COUPON0A-0,13.82,AUD
829988,2024-03-17T03:58:23,2024-03-17,347,40,Retail,PayPal,COUPON-AZA,4.4,AUD
830059,2024-03-17T17:47:52,2024-03-17,372,28,Retail,Afterpay,COUPONA-90,2.86,AUD
830072,2024-03-17T13:21:28,2024-03-17,646,31,Retail,Afterpay,COUPON-90A,6.75,AUD
830235,2024-03-17T19:15:23,2024-03-17,114,43,Retail,Afterpay,COUPONZA-A,16.58,AUD
830273,2024-03-17T06:08:29,2024-03-17,329,39,Retail,Credit Card,COUPON-0A9,16.73,AUD
830337,2024-03-17T07:34:42,2024-03-17,735,6,Online,Afterpay,COUPON9A99,3.82,AUD
830350,2024-03-17T05:36:56,2024-03-17,718,17,Online,PayPal,COUPONAAA0,15.64,AUD
830397,2024-03-17T14:24:59,2024-03-17,504,29,Online,PayPal,COUPONA--A,12.07,AUD
830426,2024-03-17T01:28:08,2024-03-17,330,9,Online,Credit Card,COUPON9-ZA,6.3,AUD
830439,2024-03-17T12:26:58,2024-03-17,264,23,Online,Credit Card,COUPON0-00,2.02,AUD
830618,2024-03-17T03:31:24,2024-03-17,145,10,Retail,Afterpay,COUPONZ-9A,8.52,AUD
830979,2024-03-17T08:39:44,2024-03-17,638,34,Online,Afterpay,COUPON-9-Z,11.2,AUD
831267,2024-03-17T12:35:32,2024-03-17,635,40,Retail,Afterpay,COUPON-90-,6.34,AUD
831367,2024-03-17T05:34:54,2024-03-17,643,2,Online,Credit Card,COUPON-A--,8.54,AUD
831397,2024-03-17T22:54:17,2024-03-17,24,27,Retail,PayPal,COUPON--0-,17.05,AUD
831421,2024-03-17T02:18:12,2024-03-17,191,33,Online,Credit Card,COUPONZ-A-,6.28,AUD
831444,2024-03-17T07:56:01,2024-03-17,54,14,Online,Credit Card,COUPON----,5.64,AUD
831583,2024-03-17T20:56:34,2024-03-17,270,5,Online,Afterpay,COUPON----,10.84,AUD
831664,2024-03-17T03:09:40,2024-03-17,331,30,Retail,Afterpay,COUPON9090,0.1,AUD
831730,2024-03-17T21:27:53,2024-03-17,46,7,Retail,Credit Card,COUPONAZ0Z,18.93,AUD
831785,2024-03-17T01:01:13,2024-03-17,716,7,Retail,Afterpay,COUPON9AZA,7.47,AUD
831816,2024-03-17T02:45:07,2024-03-17,611,4,Retail,Credit Card,COUPONZAA9,18.64,AUD
832083,2024-03-17T20:13:33,2024-03-17,470,47,Retail,Credit Card,COUPONZ---,5.2,AUD
832140,2024-03-17T20:43:13,2024-03-17,683,11,Retail,PayPal,COUPON0Z0A,16.03,AUD
832175,2024-03-17T12:18:33,2024-03-17,473,23,Online,Credit Card,COUPON999Z,1.23,AUD
832202,2024-03-17T22:49:49,2024-03-17,251,9,Retail,Afterpay,COUPONA0AZ,5.98,AUD
832433,2024-03-17T23:08:56,2024-03-17,513,14,Online,PayPal,COUPON9---,9.52,AUD
832439,2024-03-17T21:36:12,2024-03-17,368,49,Online,PayPal,COUPON-Z-A,16.19,AUD
832457,2024-03-17T12:01:43,2024-03-17,120,38,Online,Credit Card,COUPON90-Z,7.42,AUD
832580,2024-03-17T16:37:18,2024-03-17,596,43,Online,Credit Card,COUPON0-Z9,6.49,AUD
832706,2024-03-17T23:20:33,2024-03-17,552,4,Online,Afterpay,COUPON--Z0,14.97,AUD
833227,2024-03-17T14:44:43,2024-03-17,620,6,Online,PayPal,COUPONZA-0,1.61,AUD
833269,2024-03-17T22:17:34,2024-03-17,407,4,Online,Afterpay,COUPONZ--0,5.18,AUD
833282,2024-03-17T12:39:05,2024-03-17,768,1,Online,PayPal,COUPONZ-0-,2.61,AUD
833369,2024-03-17T00:16:07,2024-03-17,160,49,Online,Afterpay,COUPON-Z9A,14.47,AUD
833411,2024-03-17T20:12:31,2024-03-17,736,35,Retail,PayPal,COUPON---A,17.22,AUD
833418,2024-03-17T13:28:04,2024-03-17,279,37,Online,Afterpay,COUPON--0A,12.39,AUD
833504,2024-03-17T22:22:07,2024-03-17,30,3,Online,PayPal,COUPONAZZA,1.06,AUD
833534,2024-03-17T09:13:26,2024-03-17,713,3,Retail,PayPal,COUPON999-,13.35,AUD
833551,2024-03-17T16:30:45,2024-03-17,403,26,Online,Afterpay,COUPON00A0,0.54,AUD
833579,2024-03-17T01:00:47,2024-03-17,166,32,Retail,PayPal,COUPON0-9-,8.91,AUD
833629,2024-03-17T10:39:53,2024-03-17,508,49,Online,Afterpay,COUPON90Z-,0.19,AUD
833835,2024-03-17T06:33:06,2024-03-17,619,35,Retail,PayPal,COUPON00Z0,14.79,AUD
833841,2024-03-17T06:42:22,2024-03-17,601,41,Retail,PayPal,COUPONAAZZ,0.12,AUD
833897,2024-03-17T01:29:27,2024-03-17,188,11,Online,Credit Card,COUPON00A-,18.66,AUD
833908,2024-03-17T07:08:38,2024-03-17,585,12,Retail,PayPal,COUPONA-0Z,4.36,AUD
833962,2024-03-17T08:07:06,2024-03-17,596,36,Online,Credit Card,COUPONZZ--,17.59,AUD
834010,2024-03-17T06:38:33,2024-03-17,502,26,Online,Afterpay,COUPONZ9AA,10.67,AUD
834133,2024-03-17T05:41:04,2024-03-17,301,25,Retail,Afterpay,COUPON----,6.54,AUD
834158,2024-03-17T07:02:45,2024-03-17,132,48,Retail,Afterpay,COUPONZAA-,6.07,AUD
834251,2024-03-17T07:35:12,2024-03-17,639,14,Retail,PayPal,COUPON-AAZ,0.65,AUD
834443,2024-03-17T06:10:06,2024-03-17,666,47,Online,Afterpay,COUPON---A,14.46,AUD
834717,2024-03-17T14:40:47,2024-03-17,377,14,Retail,PayPal,COUPON99--,14.4,AUD
834814,2024-03-17T04:45:54,2024-03-17,714,34,Online,Afterpay,COUPON-Z00,4.8,AUD
834822,2024-03-17T09:13:48,2024-03-17,449,1,Retail,Credit Card,COUPON9A0-,1.49,AUD
834903,2024-03-17T01:24:18,2024-03-17,35,39,Retail,Afterpay,COUPONAA9-,4.9,AUD
835180,2024-03-17T06:51:12,2024-03-17,798,42,Online,Credit Card,COUPON-09A,1.0,AUD
835281,2024-03-17T18:52:14,2024-03-17,108,5,Retail,PayPal,COUPONA9Z-,5.95,AUD
835297,2024-03-17T03:30:08,2024-03-17,499,8,Retail,PayPal,COUPONZ-AA,17.68,AUD
835345,2024-03-17T04:22:29,2024-03-17,469,48,Online,Afterpay,COUPON----,7.45,AUD
835385,2024-03-17T23:38:02,2024-03-17,126,42,Retail,Afterpay,COUPON--AZ,1.36,AUD
835430,2024-03-17T14:34:14,2024-03-17,223,26,Retail,Credit Card,COUPON00-9,14.81,AUD
835458,2024-03-17T12:28:21,2024-03-17,743,36,Online,PayPal,COUPON-099,3.28,AUD
835551,2024-03-17T08:51:45,2024-03-17,157,28,Retail,PayPal,COUPONZ0A-,11.78,AUD
835590,2024-03-17T21:53:30,2024-03-17,477,34,Online,Credit Card,COUPONA---,14.8,AUD
835733,2024-03-17T17:12:59,2024-03-17,409,31,Retail,Afterpay,COUPON0-90,14.25,AUD
835878,2024-03-17T20:18:11,2024-03-17,511,22,Retail,PayPal,COUPONZ990,1.12,AUD
835910,2024-03-17T12:10:04,2024-03-17,258,12,Retail,Afterpay,COUPONAZ--,5.65,AUD
835971,2024-03-17T17:37:27,2024-03-17,409,1,Online,PayPal,COUPON---Z,12.09,AUD
836388,2024-03-17T21:20:58,2024-03-17,380,11,Retail,Credit Card,COUPON0---,9.54,AUD
836462,2024-03-17T17:42:09,2024-03-17,602,10,Online,Credit Card,COUPONAZ--,17.39,AUD
836478,2024-03-17T19:17:02,2024-03-17,765,7,Online,PayPal,COUPONA--0,3.1,AUD
836558,2024-03-17T04:44:16,2024-03-17,17,26,Retail,Credit Card,COUPON9--9,6.3,AUD
836563,2024-03-17T09:54:20,2024-03-17,387,3,Retail,Afterpay,COUPONZ9ZA,7.61,AUD
836607,2024-03-17T22:01:55,2024-03-17,392,8,Retail,PayPal,COUPON-A0-,4.62,AUD
836684,2024-03-17T07:58:01,2024-03-17,321,45,Retail,Credit Card,COUPON9--0,17.07,AUD
836908,2024-03-17T10:49:07,2024-03-17,82,2,Retail,Credit Card,COUPON90-A,0.35,AUD
836974,2024-03-17T18:19:01,2024-03-17,140,35,Retail,PayPal,COUPON-9A9,11.03,AUD
837137,2024-03-17T05:31:21,2024-03-17,341,32,Retail,PayPal,COUPON9-Z-,19.29,AUD
837286,2024-03-17T06:29:56,2024-03-17,685,48,Online,Credit Card,COUPON-9--,11.33,AUD
837326,2024-03-17T07:41:03,2024-03-17,439,43,Online,PayPal,COUPONA00Z,16.75,AUD
837401,2024-03-17T02:24:52,2024-03-17,575,40,Retail,Afterpay,COUPON--90,7.19,AUD
837486,2024-03-17T00:16:13,2024-03-17,419,48,Retail,Credit Card,COUPONA9--,18.37,AUD
837581,2024-03-17T15:46:59,2024-03-17,396,12,Retail,Credit Card,COUPON909-,1.86,AUD
837592,2024-03-17T01:20:07,2024-03-17,148,14,Online,PayPal,COUPON990-,10.96,AUD
837643,2024-03-17T18:33:30,2024-03-17,503,32,Online,Afterpay,COUPONAA--,14.93,AUD
837691,2024-03-17T21:14:14,2024-03-17,12,36,Retail,Credit Card,COUPON-ZZ-,2.56,AUD
837861,2024-03-17T19:03:35,2024-03-17,58,33,Retail,PayPal,COUPON----,14.78,AUD
838148,2024-03-17T21:44:22,2024-03-17,211,35,Retail,PayPal,COUPONZ--9,13.61,AUD
838157,2024-03-17T07:23:33,2024-03-17,515,41,Retail,Credit Card,COUPON-99-,3.0,AUD
838193,2024-03-17T05:37:43,2024-03-17,397,44,Online,PayPal,COUPON--Z-,16.9,AUD
838246,2024-03-17T18:06:38,2024-03-17,118,13,Retail,PayPal,COUPON--0A,16.97,AUD
838291,2024-03-17T16:08:19,2024-03-17,377,27,Retail,PayPal,COUPON--ZA,7.55,AUD
838357,2024-03-17T09:52:17,2024-03-17,171,49,Online,PayPal,COUPONZ-9A,14.88,AUD
838369,2024-03-17T20:15:30,2024-03-17,561,32,Online,Credit Card,COUPON00A-,4.24,AUD
838460,2024-03-17T10:42:08,2024-03-17,734,1,Retail,Credit Card,COUPON--AZ,13.96,AUD
838546,2024-03-17T01:24:10,2024-03-17,112,46,Retail,Afterpay,COUPON-0AA,5.46,AUD
838592,2024-03-17T13:58:32,2024-03-17,683,28,Online,Credit Card,COUPON9---,5.05,AUD
838796,2024-03-17T17:07:58,2024-03-17,482,23,Online,PayPal,COUPONA-Z9,2.2,AUD
838970,2024-03-17T06:32:50,2024-03-17,298,44,Online,Credit Card,COUPONA0--,1.67,AUD
839000,2024-03-17T23:39:43,2024-03-17,113,30,Online,Afterpay,COUPONZAA-,18.03,AUD
839020,2024-03-17T19:54:17,2024-03-17,216,16,Online,Afterpay,COUPON-0-0,7.43,AUD
839265,2024-03-17T17:40:08,2024-03-17,571,32,Retail,Credit Card,COUPON9Z-0,5.75,AUD
839315,2024-03-17T22:18:27,2024-03-17,349,2,Online,Credit Card,COUPON999-,3.49,AUD
839340,2024-03-17T12:05:38,2024-03-17,453,40,Online,Credit Card,COUPON--A-,0.03,AUD
839612,2024-03-17T14:46:52,2024-03-17,3,33,Online,Credit Card,COUPONA9AA,9.96,AUD
839648,2024-03-17T06:58:44,2024-03-17,110,30,Retail,Credit Card,COUPON-9-0,9.0,AUD
839791,2024-03-17T13:37:08,2024-03-17,581,27,Retail,PayPal,COUPON-000,10.41,AUD
839797,2024-03-17T07:28:06,2024-03-17,122,48,Online,Credit Card,COUPONZA0A,9.83,AUD
839889,2024-03-17T23:06:21,2024-03-17,738,11,Online,PayPal,COUPON9-9Z,10.83,AUD
839956,2024-03-17T13:39:59,2024-03-17,506,23,Online,Credit Card,COUPONZ9AZ,8.26,AUD
840016,2024-03-17T20:26:59,2024-03-17,670,18,Retail,PayPal,COUPON-9AZ,18.65,AUD
840345,2024-03-17T11:39:55,2024-03-17,441,27,Retail,PayPal,COUPON0-0Z,3.83,AUD
840540,2024-03-17T17:14:15,2024-03-17,64,43,Retail,Credit Card,COUPON-ZZ0,2.83,AUD
840547,2024-03-17T01:23:58,2024-03-17,675,12,Online,PayPal,COUPONA---,13.02,AUD
840630,2024-03-17T22:14:28,2024-03-17,525,34,Online,Credit Card,COUPONA-Z-,1.85,AUD
840755,2024-03-17T05:57:56,2024-03-17,663,38,Online,Credit Card,COUPON---Z,6.06,AUD
840758,2024-03-17T17:54:52,2024-03-17,742,30,Online,PayPal,COUPON-0Z-,13.41,AUD
840776,2024-03-17T10:08:13,2024-03-17,191,20,Retail,Afterpay,COUPON99AA,16.3,AUD
840793,2024-03-17T13:08:56,2024-03-17,193,42,Online,Afterpay,COUPON0-0-,13.18,AUD
840804,2024-03-17T04:12:14,2024-03-17,698,24,Retail,Afterpay,COUPON-AZA,7.83,AUD
840821,2024-03-17T17:35:28,2024-03-17,153,46,Retail,Credit Card,COUPONZ9-0,16.99,AUD
840871,2024-03-17T07:46:12,2024-03-17,502,25,Retail,Afterpay,COUPON--ZA,9.59,AUD
840934,2024-03-17T09:40:46,2024-03-17,776,29,Online,Afterpay,COUPON00-0,10.91,AUD
840975,2024-03-17T03:48:15,2024-03-17,766,27,Retail,Credit Card,COUPON-9--,19.16,AUD
841235,2024-03-17T01:43:35,2024-03-17,515,36,Retail,Credit Card,COUPON0-09,17.23,AUD
841261,2024-03-17T00:29:04,2024-03-17,684,36,Online,Credit Card,COUPON-ZA-,17.92,AUD
841291,2024-03-17T01:15:40,2024-03-17,121,42,Online,Credit Card,COUPON0A-0,3.98,AUD
841371,2024-03-17T12:09:14,2024-03-17,56,25,Retail,PayPal,COUPON--00,13.23,AUD
841434,2024-03-17T20:47:18,2024-03-17,266,46,Online,PayPal,COUPON-09A,15.46,AUD
841446,2024-03-17T00:37:08,2024-03-17,355,4,Online,Credit Card,COUPONZA0-,8.48,AUD
841478,2024-03-17T02:03:52,2024-03-17,587,25,Online,PayPal,COUPON9Z9-,10.92,AUD
841492,2024-03-17T00:12:25,2024-03-17,382,21,Retail,Credit Card,COUPON---0,9.83,AUD
841655,2024-03-17T07:42:20,2024-03-17,606,36,Retail,Afterpay,COUPONZ9--,13.51,AUD
841706,2024-03-17T23:46:57,2024-03-17,160,45,Retail,Credit Card,COUPONZ-9Z,7.05,AUD
841755,2024-03-17T17:49:41,2024-03-17,393,11,Online,PayPal,COUPON9-A0,14.71,AUD
841816,2024-03-17T20:36:18,2024-03-17,55,11,Online,Afterpay,COUPONZZA-,18.9,AUD
841901,2024-03-17T16:04:47,2024-03-17,507,33,Online,Afterpay,COUPON-099,9.63,AUD
841941,2024-03-17T15:15:12,2024-03-17,171,16,Retail,Credit Card,COUPON-0-9,18.13,AUD
842060,2024-03-17T15:01:41,2024-03-17,331,36,Online,Afterpay,COUPON9--0,14.93,AUD
842468,2024-03-17T14:42:51,2024-03-17,271,15,Retail,Credit Card,COUPON9---,11.53,AUD
842477,2024-03-17T15:39:10,2024-03-17,639,18,Retail,Afterpay,COUPON0AZ-,10.84,AUD
842533,2024-03-17T20:48:22,2024-03-17,45,29,Online,Afterpay,COUPON90-9,0.65,AUD
842541,2024-03-17T13:57:55,2024-03-17,646,14,Retail,PayPal,COUPONAA--,0.89,AUD
842558,2024-03-17T02:36:58,2024-03-17,487,38,Retail,Credit Card,COUPON-Z00,4.65,AUD
842621,2024-03-17T19:00:54,2024-03-17,96,48,Retail,Afterpay,COUPON----,3.79,AUD
842640,2024-03-17T09:23:42,2024-03-17,410,37,Online,PayPal,COUPON9Z9A,8.08,AUD
842729,2024-03-17T11:58:09,2024-03-17,456,33,Retail,PayPal,COUPON-Z-Z,17.78,AUD
842774,2024-03-17T11:02:30,2024-03-17,505,40,Retail,Credit Card,COUPON--A-,18.74,AUD
842860,2024-03-17T15:58:36,2024-03-17,175,8,Online,PayPal,COUPON9ZA-,0.47,AUD
842861,2024-03-17T00:19:31,2024-03-17,364,32,Online,Credit Card,COUPONAZAZ,18.77,AUD
842916,2024-03-17T14:31:01,2024-03-17,706,33,Retail,PayPal,COUPON9A-Z,18.89,AUD
842951,2024-03-17T05:32:22,2024-03-17,283,43,Online,Afterpay,COUPONZ9-9,0.81,AUD
843058,2024-03-17T08:19:05,2024-03-17,82,7,Retail,PayPal,COUPONZ0-Z,19.55,AUD
843272,2024-03-17T12:50:03,2024-03-17,43,35,Online,PayPal,COUPONZ-0A,15.66,AUD
843391,2024-03-17T03:33:41,2024-03-17,566,48,Retail,Afterpay,COUPONZA0-,3.58,AUD
843493,2024-03-17T05:50:34,2024-03-17,543,2,Online,Afterpay,COUPONAZA0,6.32,AUD
843654,2024-03-17T01:20:45,2024-03-17,290,14,Online,PayPal,COUPON-A0Z,1.74,AUD
843928,2024-03-17T15:13:55,2024-03-17,606,23,Retail,PayPal,COUPON9ZA-,18.66,AUD
844172,2024-03-17T08:27:59,2024-03-17,137,23,Retail,Afterpay,COUPON--Z-,18.05,AUD
844788,2024-03-17T06:45:56,2024-03-17,253,29,Online,PayPal,COUPON0-0A,19.26,AUD
844916,2024-03-17T22:19:29,2024-03-17,340,17,Retail,Afterpay,COUPONAA9Z,11.07,AUD
844923,2024-03-17T00:52:25,2024-03-17,81,9,Online,Credit Card,COUPON99Z9,13.76,AUD
844938,2024-03-17T01:39:43,2024-03-17,684,23,Online,Afterpay,COUPON---0,11.53,AUD
845117,2024-03-17T09:03:51,2024-03-17,766,18,Retail,PayPal,COUPONZZ9Z,17.47,AUD
845212,2024-03-17T09:08:12,2024-03-17,656,23,Online,Credit Card,COUPON-0ZA,3.87,AUD
845244,2024-03-17T12:25:08,2024-03-17,95,47,Online,Credit Card,COUPON0---,14.27,AUD
845251,2024-03-17T04:04:11,2024-03-17,239,34,Online,Afterpay,COUPON9A-A,10.59,AUD
845290,2024-03-17T06:11:00,2024-03-17,122,3,Retail,Credit Card,COUPON-0A-,9.24,AUD
845372,2024-03-17T00:08:54,2024-03-17,412,44,Retail,PayPal,COUPON0Z9-,1.72,AUD
845376,2024-03-17T03:35:47,2024-03-17,708,16,Online,Afterpay,COUPON0--A,15.09,AUD
845587,2024-03-17T20:39:06,2024-03-17,74,3,Online,Afterpay,COUPON9A--,3.27,AUD
845654,2024-03-17T23:42:45,2024-03-17,95,39,Online,Afterpay,COUPON0-AA,13.63,AUD
845657,2024-03-17T18:21:42,2024-03-17,761,7,Retail,Credit Card,COUPON0--A,10.02,AUD
845689,2024-03-17T12:57:53,2024-03-17,596,38,Online,Afterpay,COUPONA--9,13.41,AUD
845694,2024-03-17T22:22:15,2024-03-17,647,26,Online,PayPal,COUPON-ZZZ,1.49,AUD
845787,2024-03-17T17:15:35,2024-03-17,685,27,Retail,Credit Card,COUPON-AA-,11.96,AUD
845898,2024-03-17T20:12:57,2024-03-17,42,36,Online,Afterpay,COUPON999-,6.72,AUD
846091,2024-03-17T08:17:22,2024-03-17,690,17,Retail,Afterpay,COUPON---0,2.31,AUD
846098,2024-03-17T02:44:02,2024-03-17,505,41,Retail,Afterpay,COUPON9-ZZ,15.18,AUD
846132,2024-03-17T17:27:11,2024-03-17,325,11,Retail,Credit Card,COUPON0ZZ-,19.08,AUD
846320,2024-03-17T20:43:33,2024-03-17,84,14,Online,Afterpay,COUPON99Z-,8.65,AUD
846327,2024-03-17T21:14:30,2024-03-17,335,5,Online,Credit Card,COUPON-A--,5.45,AUD
846386,2024-03-17T11:06:26,2024-03-17,119,40,Retail,Afterpay,COUPON-AA0,13.99,AUD
846448,2024-03-17T00:25:12,2024-03-17,611,17,Online,Afterpay,COUPON99A9,0.42,AUD
846524,2024-03-17T21:55:34,2024-03-17,339,30,Online,Afterpay,COUPONZA--,11.49,AUD
846561,2024-03-17T19:45:26,2024-03-17,423,14,Retail,Credit Card,COUPON-A--,11.32,AUD
846657,2024-03-17T23:23:28,2024-03-17,773,10,Retail,Afterpay,COUPON-AZ0,9.93,AUD
846710,2024-03-17T08:51:11,2024-03-17,649,41,Online,Afterpay,COUPONAA-0,8.81,AUD
846863,2024-03-17T07:20:14,2024-03-17,631,12,Retail,Afterpay,COUPONZZ9-,1.59,AUD
846902,2024-03-17T05:47:10,2024-03-17,391,9,Online,Credit Card,COUPONZ0--,10.97,AUD
846936,2024-03-17T18:28:06,2024-03-17,555,35,Online,Credit Card,COUPON099Z,19.11,AUD
847066,2024-03-17T23:32:24,2024-03-17,320,9,Online,Afterpay,COUPON99--,4.68,AUD
847233,2024-03-17T17:44:58,2024-03-17,684,18,Retail,Afterpay,COUPONAA09,7.92,AUD
847445,2024-03-17T23:04:59,2024-03-17,396,48,Online,Afterpay,COUPON-90-,1.53,AUD
847490,2024-03-17T16:02:13,2024-03-17,72,40,Retail,PayPal,COUPON9-Z0,5.66,AUD
847541,2024-03-17T17:52:49,2024-03-17,343,21,Retail,PayPal,COUPON--9Z,3.93,AUD
847553,2024-03-17T00:11:13,2024-03-17,682,31,Online,Afterpay,COUPON9--9,8.58,AUD
847618,2024-03-17T19:34:30,2024-03-17,400,12,Online,Afterpay,COUPON--Z0,5.93,AUD
847631,2024-03-17T00:59:28,2024-03-17,371,15,Online,Credit Card,COUPONZ-00,6.44,AUD
847702,2024-03-17T08:51:08,2024-03-17,458,6,Retail,Afterpay,COUPON-99-,16.84,AUD
847769,2024-03-17T00:50:13,2024-03-17,556,23,Online,PayPal,COUPON--9A,1.85,AUD
847775,2024-03-17T12:58:08,2024-03-17,396,8,Online,PayPal,COUPON-A-Z,11.55,AUD
848083,2024-03-17T03:44:46,2024-03-17,689,4,Retail,PayPal,COUPON-ZA0,7.32,AUD
848127,2024-03-17T05:37:13,2024-03-17,714,38,Online,PayPal,COUPONZ-9-,10.94,AUD
848136,2024-03-17T17:31:44,2024-03-17,50,27,Retail,Credit Card,COUPON9-9A,10.67,AUD
848256,2024-03-17T18:07:48,2024-03-17,106,46,Retail,PayPal,COUPON0A-Z,15.55,AUD
848703,2024-03-17T07:02:30,2024-03-17,190,9,Online,Credit Card,COUPON--A0,0.83,AUD
848754,2024-03-17T12:47:45,2024-03-17,151,37,Retail,PayPal,COUPON9-09,8.06,AUD
848848,2024-03-17T20:32:32,2024-03-17,248,9,Online,Afterpay,COUPON0Z9A,5.43,AUD
848854,2024-03-17T05:29:30,2024-03-17,606,1,Online,Credit Card,COUPON0ZA9,5.94,AUD
848891,2024-03-17T08:52:19,2024-03-17,380,25,Retail,Credit Card,COUPONZA-Z,13.03,AUD
849077,2024-03-17T18:13:59,2024-03-17,208,40,Retail,Afterpay,COUPONAZZ9,18.05,AUD
849357,2024-03-17T14:55:46,2024-03-17,64,33,Retail,Afterpay,COUPONA-Z9,3.47,AUD
849393,2024-03-17T20:16:38,2024-03-17,403,14,Retail,PayPal,COUPON0AAZ,2.14,AUD
849412,2024-03-17T16:53:38,2024-03-17,450,39,Retail,Afterpay,COUPON9A-A,14.49,AUD
849443,2024-03-17T10:12:31,2024-03-17,77,36,Online,PayPal,COUPONZZZ-,1.01,AUD
849483,2024-03-17T23:52:29,2024-03-17,298,37,Retail,Afterpay,COUPONA-A9,5.84,AUD
849496,2024-03-17T08:56:52,2024-03-17,557,32,Online,Credit Card,COUPON0-0-,4.16,AUD
849566,2024-03-17T07:25:42,2024-03-17,230,3,Retail,Afterpay,COUPON-Z00,5.71,AUD
849594,2024-03-17T23:11:02,2024-03-17,70,14,Online,Credit Card,COUPON0ZAZ,8.61,AUD
849601,2024-03-17T00:42:44,2024-03-17,160,36,Retail,PayPal,COUPON-0A9,12.78,AUD
849616,2024-03-17T11:33:09,2024-03-17,715,43,Online,Afterpay,COUPONZ--Z,5.94,AUD
849632,2024-03-17T03:40:46,2024-03-17,29,6,Retail,Credit Card,COUPONZ99Z,8.65,AUD
849845,2024-03-17T20:13:51,2024-03-17,664,31,Online,Afterpay,COUPON--00,17.2,AUD
849855,2024-03-17T13:49:16,2024-03-17,677,41,Retail,Afterpay,COUPON0-99,19.86,AUD
849877,2024-03-17T05:59:02,2024-03-17,492,41,Online,PayPal,COUPON0-9-,5.54,AUD
849952,2024-03-17T16:21:45,2024-03-17,619,36,Online,PayPal,COUPON9Z--,5.16,AUD
849977,2024-03-17T17:46:16,2024-03-17,552,47,Retail,PayPal,COUPON-9--,18.23,AUD
850164,2024-03-17T17:50:38,2024-03-17,668,3,Online,PayPal,COUPON0ZZ0,8.45,AUD
850429,2024-03-17T09:43:32,2024-03-17,604,47,Retail,PayPal,COUPONZ-9-,11.96,AUD
850651,2024-03-17T08:42:54,2024-03-17,128,7,Retail,PayPal,COUPON-A-A,5.87,AUD
850739,2024-03-17T18:13:12,2024-03-17,461,14,Retail,PayPal,COUPONA9Z-,8.74,AUD
850868,2024-03-17T09:11:37,2024-03-17,783,36,Online,Afterpay,COUPONZ-0-,13.97,AUD
850970,2024-03-17T21:39:38,2024-03-17,424,4,Retail,Credit Card,COUPON0-9A,9.67,AUD
851122,2024-03-17T11:02:18,2024-03-17,639,33,Retail,Afterpay,COUPONZ9A0,19.37,AUD
851140,2024-03-17T02:58:49,2024-03-17,351,49,Online,Credit Card,COUPON---Z,12.16,AUD
851252,2024-03-17T09:10:48,2024-03-17,481,26,Retail,PayPal,COUPON-0-0,6.68,AUD
851322,2024-03-17T21:33:21,2024-03-17,729,18,Retail,Afterpay,COUPON0-0-,8.24,AUD
851370,2024-03-17T06:30:12,2024-03-17,324,19,Retail,PayPal,COUPON9Z-A,16.67,AUD
851448,2024-03-17T08:27:53,2024-03-17,570,46,Online,PayPal,COUPON9-99,9.64,AUD
851496,2024-03-17T11:50:48,2024-03-17,662,42,Retail,Credit Card,COUPON--Z0,0.85,AUD
851593,2024-03-17T21:33:14,2024-03-17,427,5,Online,PayPal,COUPON0--9,18.01,AUD
851659,2024-03-17T11:52:28,2024-03-17,316,37,Retail,Afterpay,COUPON0A0Z,10.59,AUD
851661,2024-03-17T19:27:12,2024-03-17,308,11,Retail,Afterpay,COUPONZ9--,11.73,AUD
851698,2024-03-17T17:21:34,2024-03-17,33,16,Retail,Credit Card,COUPONAZ0Z,6.85,AUD
851838,2024-03-17T20:57:26,2024-03-17,632,7,Retail,PayPal,COUPON9009,8.53,AUD
851880,2024-03-17T11:01:08,2024-03-17,8,11,Retail,Afterpay,COUPON99A9,14.23,AUD
851921,2024-03-17T02:02:50,2024-03-17,482,45,Retail,PayPal,COUPON-0-Z,13.35,AUD
852104,2024-03-17T10:33:54,2024-03-17,197,13,Online,Afterpay,COUPON--A-,9.64,AUD
852145,2024-03-17T03:06:57,2024-03-17,134,18,Retail,Afterpay,COUPON99-0,8.95,AUD
852222,2024-03-17T16:51:33,2024-03-17,81,32,Online,Credit Card,COUPONA9--,6.8,AUD
852256,2024-03-17T16:56:41,2024-03-17,469,27,Online,Credit Card,COUPON-0AZ,13.56,AUD
852373,2024-03-17T02:59:02,2024-03-17,273,36,Online,Credit Card,COUPON99-9,1.97,AUD
852741,2024-03-17T03:41:42,2024-03-17,756,31,Online,Afterpay,COUPON-9AA,18.73,AUD
852745,2024-03-17T18:06:43,2024-03-17,281,11,Retail,Credit Card,COUPONZZ--,3.86,AUD
852834,2024-03-17T12:53:56,2024-03-17,551,4,Online,Credit Card,COUPON9Z09,10.61,AUD
852940,2024-03-17T19:49:41,2024-03-17,275,43,Retail,Credit Card,COUPONA-ZZ,4.18,AUD
853165,2024-03-17T06:09:21,2024-03-17,504,39,Online,Credit Card,COUPON0-9-,14.79,AUD
853180,2024-03-17T20:31:31,2024-03-17,774,29,Online,Afterpay,COUPON9---,9.8,AUD
853312,2024-03-17T14:27:22,2024-03-17,201,31,Online,Afterpay,COUPON-ZA0,17.11,AUD
853335,2024-03-17T20:13:20,2024-03-17,273,9,Online,Credit Card,COUPON-009,18.67,AUD
853531,2024-03-17T18:54:22,2024-03-17,637,22,Retail,PayPal,COUPON0Z9A,9.67,AUD
853595,2024-03-17T09:07:50,2024-03-17,669,5,Retail,Afterpay,COUPONZ0-0,11.02,AUD
853678,2024-03-17T01:55:09,2024-03-17,409,46,Retail,Afterpay,COUPONA9-Z,4.67,AUD
853811,2024-03-17T22:42:22,2024-03-17,584,36,Online,Credit Card,COUPON0A-A,14.33,AUD
853825,2024-03-17T10:08:56,2024-03-17,753,15,Retail,PayPal,COUPON-9AZ,13.8,AUD
853940,2024-03-17T21:38:57,2024-03-17,227,16,Retail,Afterpay,COUPONA-99,8.67,AUD
853951,2024-03-17T01:22:17,2024-03-17,3,23,Online,PayPal,COUPONZ000,11.49,AUD
853975,2024-03-17T11:33:50,2024-03-17,216,34,Retail,Afterpay,COUPON--A0,4.41,AUD
854011,2024-03-17T05:18:45,2024-03-17,447,49,Online,PayPal,COUPONZZ-A,7.08,AUD
854114,2024-03-17T23:07:49,2024-03-17,174,5,Retail,Credit Card,COUPON--A0,18.96,AUD
854407,2024-03-17T11:46:45,2024-03-17,342,26,Retail,Credit Card,COUPON----,7.34,AUD
854432,2024-03-17T04:32:22,2024-03-17,303,44,Retail,Afterpay,COUPON-Z0A,18.59,AUD
854559,2024-03-17T01:14:29,2024-03-17,10,7,Retail,Credit Card,COUPONA-0-,14.22,AUD
854611,2024-03-17T14:05:08,2024-03-17,649,29,Online,PayPal,COUPON-Z-Z,16.48,AUD
854731,2024-03-17T15:31:49,2024-03-17,799,9,Online,Credit Card,COUPONA--0,9.98,AUD
854866,2024-03-17T19:43:00,2024-03-17,201,34,Online,Afterpay,COUPONAZ00,18.32,AUD
854929,2024-03-17T09:36:17,2024-03-17,120,19,Retail,PayPal,COUPON9---,8.38,AUD
855144,2024-03-17T13:59:11,2024-03-17,727,44,Online,Credit Card,COUPONZZ--,5.85,AUD
855151,2024-03-17T09:00:51,2024-03-17,24,2,Retail,Credit Card,COUPON0A-A,14.23,AUD
855227,2024-03-17T06:42:41,2024-03-17,504,32,Online,Afterpay,COUPON90-A,9.0,AUD
855391,2024-03-17T17:02:09,2024-03-17,41,23,Online,PayPal,COUPONZA9A,1.68,AUD
855613,2024-03-17T10:46:42,2024-03-17,46,47,Online,PayPal,COUPON-0--,13.68,AUD
855646,2024-03-17T02:41:37,2024-03-17,14,37,Online,Afterpay,COUPONAZ--,11.65,AUD
855738,2024-03-17T04:37:11,2024-03-17,741,30,Retail,Credit Card,COUPON9-A9,8.76,AUD
855759,2024-03-17T18:28:17,2024-03-17,647,9,Retail,Afterpay,COUPON-Z--,8.12,AUD
855788,2024-03-17T21:12:55,2024-03-17,45,32,Online,Credit Card,COUPONAAZ0,6.22,AUD
856244,2024-03-17T17:51:47,2024-03-17,97,26,Online,PayPal,COUPON-00-,7.29,AUD
856271,2024-03-17T08:38:03,2024-03-17,408,39,Retail,Afterpay,COUPONA0-Z,10.82,AUD
856309,2024-03-17T16:15:48,2024-03-17,311,5,Retail,PayPal,COUPONA-09,7.86,AUD
856363,2024-03-17T06:33:02,2024-03-17,434,44,Online,PayPal,COUPONZ909,10.88,AUD
856486,2024-03-17T12:12:02,2024-03-17,545,23,Online,Afterpay,COUPON9-09,17.15,AUD
856548,2024-03-17T12:59:35,2024-03-17,26,27,Online,Afterpay,COUPON----,17.77,AUD
856554,2024-03-17T13:43:22,2024-03-17,794,13,Online,Afterpay,COUPON09-Z,1.74,AUD
856565,2024-03-17T19:24:10,2024-03-17,104,35,Online,Afterpay,COUPON--A0,2.98,AUD
856570,2024-03-17T02:45:22,2024-03-17,342,35,Retail,Credit Card,COUPON9A00,12.21,AUD
856653,2024-03-17T16:11:22,2024-03-17,161,4,Retail,Credit Card,COUPONZ--A,7.12,AUD
856656,2024-03-17T21:17:25,2024-03-17,771,12,Online,PayPal,COUPONZZ-0,12.53,AUD
856723,2024-03-17T06:08:47,2024-03-17,704,41,Retail,PayPal,COUPON9AA9,3.47,AUD
856728,2024-03-17T00:38:47,2024-03-17,331,9,Online,Afterpay,COUPON990-,12.22,AUD
856751,2024-03-17T15:22:37,2024-03-17,443,7,Retail,Afterpay,COUPON-AZZ,1.22,AUD
856767,2024-03-17T23:10:59,2024-03-17,688,20,Online,PayPal,COUPONZ9--,7.57,AUD
856816,2024-03-17T10:50:38,2024-03-17,654,6,Retail,Credit Card,COUPONZ-A-,1.09,AUD
856854,2024-03-17T14:31:52,2024-03-17,292,24,Online,PayPal,COUPON--0Z,5.31,AUD
856893,2024-03-17T07:28:15,2024-03-17,59,20,Online,Afterpay,COUPON0--A,16.88,AUD
856957,2024-03-17T00:55:29,2024-03-17,641,36,Online,PayPal,COUPONA9--,13.0,AUD
857013,2024-03-17T23:33:37,2024-03-17,14,43,Retail,PayPal,COUPONZ9Z9,12.68,AUD
857207,2024-03-17T10:02:06,2024-03-17,301,39,Online,Credit Card,COUPON0000,7.03,AUD
857287,2024-03-17T23:13:11,2024-03-17,98,2,Online,PayPal,COUPONZ9ZZ,2.37,AUD
857540,2024-03-17T01:27:32,2024-03-17,318,26,Online,PayPal,COUPONA990,8.24,AUD
857582,2024-03-17T00:12:52,2024-03-17,759,4,Online,Afterpay,COUPONZ-0-,19.75,AUD
857616,2024-03-17T11:22:07,2024-03-17,344,31,Retail,Afterpay,COUPON----,10.34,AUD
857629,2024-03-17T07:02:04,2024-03-17,336,17,Online,Afterpay,COUPONAZ0Z,8.7,AUD
857673,2024-03-17T20:43:56,2024-03-17,131,37,Online,PayPal,COUPONAZ0A,10.02,AUD
857827,2024-03-17T15:03:12,2024-03-17,691,9,Retail,PayPal,COUPON-0Z0,3.97,AUD
857856,2024-03-17T14:21:17,2024-03-17,629,18,Retail,PayPal,COUPON-00A,10.85,AUD
857888,2024-03-17T18:25:44,2024-03-17,629,35,Retail,PayPal,COUPON-Z9Z,8.02,AUD
857890,2024-03-17T10:48:11,2024-03-17,441,13,Online,Afterpay,COUPON-ZA-,4.21,AUD
858137,2024-03-17T05:41:17,2024-03-17,203,10,Retail,PayPal,COUPON9Z9-,16.55,AUD
858325,2024-03-17T20:40:06,2024-03-17,181,1,Online,Credit Card,COUPON-ZA-,6.48,AUD
858401,2024-03-17T22:48:21,2024-03-17,430,12,Retail,Credit Card,COUPON-099,10.43,AUD
858430,2024-03-17T09:15:40,2024-03-17,647,36,Retail,PayPal,COUPONZA0A,5.61,AUD
858640,2024-03-17T22:32:47,2024-03-17,264,46,Retail,Credit Card,COUPONAZ0-,10.68,AUD
858740,2024-03-17T02:02:08,2024-03-17,386,4,Retail,Afterpay,COUPONA-0-,12.34,AUD
858767,2024-03-17T02:45:40,2024-03-17,779,3,Retail,Credit Card,COUPON0A0Z,11.12,AUD
858859,2024-03-17T20:43:28,2024-03-17,652,28,Online,PayPal,COUPONZAZZ,19.49,AUD
858987,2024-03-17T02:08:28,2024-03-17,287,34,Retail,Afterpay,COUPON-0--,16.05,AUD
859035,2024-03-17T22:03:22,2024-03-17,211,23,Retail,Credit Card,COUPON--A-,1.09,AUD
859129,2024-03-17T20:38:11,2024-03-17,720,28,Online,Credit Card,COUPONA09A,7.75,AUD
859180,2024-03-17T14:28:29,2024-03-17,785,26,Online,PayPal,COUPONZ0ZZ,6.56,AUD
859292,2024-03-17T14:09:40,2024-03-17,711,35,Online,Afterpay,COUPON--AZ,14.89,AUD
859473,2024-03-17T15:23:14,2024-03-17,17,14,Retail,Afterpay,COUPON0-A-,12.5,AUD
859557,2024-03-17T00:56:59,2024-03-17,523,18,Online,PayPal,COUPONZ00Z,12.22,AUD
859614,2024-03-17T10:56:38,2024-03-17,708,5,Retail,Credit Card,COUPON0-A0,12.33,AUD
859953,2024-03-17T22:26:23,2024-03-17,670,4,Online,Credit Card,COUPON0-Z0,0.95,AUD
859989,2024-03-17T07:42:58,2024-03-17,398,42,Retail,Afterpay,COUPON-900,13.2,AUD
860015,2024-03-17T20:23:24,2024-03-17,658,28,Retail,Credit Card,COUPONA-Z-,10.54,AUD
860116,2024-03-17T20:11:11,2024-03-17,78,19,Retail,Afterpay,COUPON0--0,12.04,AUD
860473,2024-03-17T17:37:22,2024-03-17,298,41,Retail,Credit Card,COUPON--9-,8.65,AUD
860478,2024-03-17T20:50:43,2024-03-17,537,28,Retail,Afterpay,COUPONZ-9-,18.93,AUD
860514,2024-03-17T10:05:46,2024-03-17,194,30,Retail,PayPal,COUPONZA99,8.34,AUD
860634,2024-03-17T13:30:49,2024-03-17,726,47,Retail,Credit Card,COUPON99--,4.44,AUD
860644,2024-03-17T14:22:59,2024-03-17,353,27,Retail,Credit Card,COUPON--ZA,18.69,AUD
860691,2024-03-17T02:22:57,2024-03-17,146,45,Retail,Credit Card,COUPON--0Z,13.68,AUD
860733,2024-03-17T04:19:04,2024-03-17,681,38,Retail,Afterpay,COUPON-9-Z,11.79,AUD
860774,2024-03-17T07:04:24,2024-03-17,189,17,Retail,Afterpay,COUPONZ9-9,1.14,AUD
861245,2024-03-17T06:57:29,2024-03-17,633,8,Online,Afterpay,COUPON99Z0,6.66,AUD
861271,2024-03-17T14:56:45,2024-03-17,285,36,Online,Credit Card,COUPON0-AA,11.59,AUD
861769,2024-03-17T00:24:18,2024-03-17,196,21,Retail,Credit Card,COUPON99-A,1.45,AUD
861834,2024-03-17T22:56:42,2024-03-17,469,40,Online,PayPal,COUPON9-ZA,13.97,AUD
861991,2024-03-17T18:13:01,2024-03-17,669,22,Retail,Afterpay,COUPON0-9Z,19.04,AUD
862163,2024-03-17T11:41:47,2024-03-17,490,38,Retail,Credit Card,COUPON---A,12.29,AUD
862170,2024-03-17T10:33:29,2024-03-17,320,14,Online,PayPal,COUPON0ZAZ,15.28,AUD
862216,2024-03-17T22:47:39,2024-03-17,659,49,Retail,Afterpay,COUPON--00,10.24,AUD
862271,2024-03-17T03:26:46,2024-03-17,407,20,Retail,Credit Card,COUPONA09A,8.13,AUD
862301,2024-03-17T18:36:24,2024-03-17,95,11,Online,Afterpay,COUPON0Z-Z,15.32,AUD
862477,2024-03-17T05:26:33,2024-03-17,42,37,Retail,PayPal,COUPON-09-,5.3,AUD
862608,2024-03-17T10:05:46,2024-03-17,64,12,Online,PayPal,COUPONA00-,4.37,AUD
862989,2024-03-17T10:14:37,2024-03-17,609,39,Retail,PayPal,COUPONA-0Z,16.27,AUD
863035,2024-03-17T17:05:16,2024-03-17,345,8,Online,Credit Card,COUPONZ99-,2.26,AUD
863372,2024-03-17T13:52:52,2024-03-17,554,36,Online,Credit Card,COUPON9-AZ,19.82,AUD
863420,2024-03-17T17:17:38,2024-03-17,289,8,Online,Afterpay,COUPONA-0A,8.45,AUD
863455,2024-03-17T23:18:52,2024-03-17,303,20,Retail,Credit Card,COUPON-Z-0,7.56,AUD
863501,2024-03-17T07:26:35,2024-03-17,695,49,Retail,Credit Card,COUPON0Z0-,15.58,AUD
863510,2024-03-17T15:51:48,2024-03-17,764,46,Retail,Afterpay,COUPONAZ9-,8.03,AUD
863720,2024-03-17T16:22:29,2024-03-17,419,20,Retail,Afterpay,COUPON990-,7.37,AUD
863728,2024-03-17T08:56:22,2024-03-17,94,41,Retail,Credit Card,COUPONAZ--,0.25,AUD
864174,2024-03-17T18:18:55,2024-03-17,610,40,Retail,PayPal,COUPON0-9-,18.07,AUD
864181,2024-03-17T01:21:17,2024-03-17,5,8,Online,Credit Card,COUPON0--Z,17.48,AUD
864189,2024-03-17T01:40:36,2024-03-17,477,37,Online,PayPal,COUPON-9-0,10.41,AUD
864339,2024-03-17T18:35:40,2024-03-17,230,31,Online,Credit Card,COUPON9-A-,6.48,AUD
864580,2024-03-17T01:07:11,2024-03-17,10,31,Retail,Afterpay,COUPON9A0-,1.15,AUD
864730,2024-03-17T11:16:32,2024-03-17,571,32,Retail,Credit Card,COUPON9A-0,17.62,AUD
864798,2024-03-17T14:13:46,2024-03-17,558,45,Online,PayPal,COUPONZ-A-,8.19,AUD
864899,2024-03-17T05:36:50,2024-03-17,392,18,Online,Credit Card,COUPON0AZ-,1.43,AUD
865065,2024-03-17T04:05:18,2024-03-17,62,15,Online,Afterpay,COUPON--9-,8.64,AUD
865342,2024-03-17T13:47:35,2024-03-17,613,33,Retail,Afterpay,COUPONA0-A,13.87,AUD
865381,2024-03-17T14:16:50,2024-03-17,94,46,Online,Credit Card,COUPONZA-A,14.1,AUD
865430,2024-03-17T16:22:59,2024-03-17,50,1,Retail,Credit Card,COUPON9Z--,8.32,AUD
865474,2024-03-17T10:51:40,2024-03-17,767,17,Retail,Afterpay,COUPON-99-,13.27,AUD
865534,2024-03-17T05:59:30,2024-03-17,607,4,Retail,PayPal,COUPON9Z-Z,11.08,AUD
865584,2024-03-17T11:36:03,2024-03-17,79,8,Retail,Afterpay,COUPONZZ--,7.54,AUD
865715,2024-03-17T13:24:08,2024-03-17,779,23,Online,PayPal,COUPONAZ9Z,10.8,AUD
865790,2024-03-17T05:48:05,2024-03-17,419,4,Online,Credit Card,COUPONZ--9,0.44,AUD
865902,2024-03-17T22:29:40,2024-03-17,647,13,Retail,Afterpay,COUPON9ZZ9,2.98,AUD
866028,2024-03-17T20:54:47,2024-03-17,289,42,Retail,PayPal,COUPON009Z,1.03,AUD
866155,2024-03-17T07:47:43,2024-03-17,273,7,Online,PayPal,COUPON-ZAZ,6.69,AUD
866288,2024-03-17T04:18:54,2024-03-17,630,36,Retail,Afterpay,COUPON9Z0A,12.87,AUD
866366,2024-03-17T13:16:34,2024-03-17,65,44,Online,PayPal,COUPON099-,9.78,AUD
866374,2024-03-17T00:06:06,2024-03-17,271,1,Online,Afterpay,COUPONZAZA,9.75,AUD
866552,2024-03-17T23:08:54,2024-03-17,474,22,Online,PayPal,COUPON9-0Z,4.52,AUD
866703,2024-03-17T18:45:48,2024-03-17,127,32,Online,Afterpay,COUPONA0A9,2.48,AUD
866704,2024-03-17T08:22:46,2024-03-17,648,3,Retail,Afterpay,COUPON0-Z-,7.7,AUD
866734,2024-03-17T09:55:13,2024-03-17,93,3,Online,Afterpay,COUPON0--A,14.57,AUD
866821,2024-03-17T21:54:30,2024-03-17,360,37,Retail,Credit Card,COUPONZ---,13.67,AUD
866846,2024-03-17T00:07:43,2024-03-17,237,7,Online,Afterpay,COUPON-9AZ,8.46,AUD
866897,2024-03-17T12:52:44,2024-03-17,417,29,Online,Credit Card,COUPON-0AZ,3.34,AUD
866932,2024-03-17T19:06:07,2024-03-17,263,4,Online,PayPal,COUPON99ZZ,11.11,AUD
866944,2024-03-17T00:40:31,2024-03-17,408,16,Retail,Credit Card,COUPON0-9A,17.98,AUD
867187,2024-03-17T08:00:28,2024-03-17,140,15,Online,Credit Card,COUPON--Z-,14.52,AUD
867265,2024-03-17T15:20:10,2024-03-17,246,44,Retail,Afterpay,COUPONZ0--,10.01,AUD
867307,2024-03-17T04:48:04,2024-03-17,673,23,Online,PayPal,COUPON0ZA9,11.68,AUD
867391,2024-03-17T22:51:03,2024-03-17,132,19,Retail,PayPal,COUPON-AA0,5.47,AUD
867589,2024-03-17T21:33:29,2024-03-17,484,24,Retail,Afterpay,COUPON00A0,17.41,AUD
867621,2024-03-17T17:24:04,2024-03-17,383,36,Online,PayPal,COUPON9Z90,10.53,AUD
867742,2024-03-17T19:47:31,2024-03-17,765,4,Online,Credit Card,COUPONZZ-A,5.78,AUD
867775,2024-03-17T05:57:32,2024-03-17,572,1,Retail,Credit Card,COUPON-0-Z,10.08,AUD
867795,2024-03-17T22:28:33,2024-03-17,65,22,Online,PayPal,COUPON90A-,10.49,AUD
867845,2024-03-17T06:55:56,2024-03-17,423,15,Online,PayPal,COUPON0990,0.84,AUD
867917,2024-03-17T06:40:55,2024-03-17,255,30,Retail,Credit Card,COUPON-A9-,6.7,AUD
868056,2024-03-17T02:53:25,2024-03-17,444,44,Online,Afterpay,COUPONA-A0,17.46,AUD
868205,2024-03-17T04:34:01,2024-03-17,359,4,Retail,PayPal,COUPONZ-99,14.29,AUD
868215,2024-03-17T17:30:16,2024-03-17,589,39,Retail,Afterpay,COUPONAZ0A,18.19,AUD
868227,2024-03-17T23:57:11,2024-03-17,449,46,Retail,Afterpay,COUPON-009,6.5,AUD
868477,2024-03-17T12:22:24,2024-03-17,695,20,Online,Credit Card,COUPON0--A,15.47,AUD
868492,2024-03-17T16:35:33,2024-03-17,673,24,Retail,Afterpay,COUPON-00A,12.1,AUD
868889,2024-03-17T03:14:39,2024-03-17,334,21,Retail,PayPal,COUPONA9ZZ,13.6,AUD
869010,2024-03-17T20:37:22,2024-03-17,412,36,Online,Credit Card,COUPONZA00,11.42,AUD
869329,2024-03-17T15:00:37,2024-03-17,241,6,Retail,Credit Card,COUPON0AA-,7.98,AUD
869347,2024-03-17T07:15:41,2024-03-17,385,2,Retail,PayPal,COUPONAA09,7.9,AUD
869423,2024-03-17T07:19:33,2024-03-17,250,15,Online,PayPal,COUPON--09,11.17,AUD
869430,2024-03-17T21:45:56,2024-03-17,758,7,Retail,Credit Card,COUPONA--A,2.38,AUD
869588,2024-03-17T05:42:38,2024-03-17,133,37,Online,PayPal,COUPONZ-AA,4.44,AUD
869601,2024-03-17T00:18:07,2024-03-17,10,5,Online,PayPal,COUPONZ0ZZ,10.76,AUD
869602,2024-03-17T08:13:21,2024-03-17,122,37,Retail,Credit Card,COUPON--A9,16.48,AUD
869611,2024-03-17T04:19:47,2024-03-17,435,34,Online,Afterpay,COUPONA0ZZ,10.31,AUD
869706,2024-03-17T20:20:42,2024-03-17,510,35,Online,PayPal,COUPON-090,8.92,AUD
869771,2024-03-17T04:20:35,2024-03-17,595,21,Online,Credit Card,COUPON9ZZ0,11.37,AUD
870198,2024-03-17T03:12:32,2024-03-17,21,17,Retail,Afterpay,COUPON-0-0,14.56,AUD
870272,2024-03-17T05:43:59,2024-03-17,173,5,Online,PayPal,COUPON-0-A,11.44,AUD
870620,2024-03-17T00:52:42,2024-03-17,599,4,Retail,Credit Card,COUPONZAZ-,8.96,AUD
870710,2024-03-17T10:49:39,2024-03-17,345,21,Online,Credit Card,COUPON0A0A,6.48,AUD
870953,2024-03-17T06:52:17,2024-03-17,627,37,Online,Afterpay,COUPONA0Z0,14.61,AUD
871010,2024-03-17T14:33:56,2024-03-17,175,42,Online,Afterpay,COUPON0-09,15.91,AUD
871026,2024-03-17T05:15:51,2024-03-17,131,46,Online,Afterpay,COUPON--9-,2.55,AUD
871381,2024-03-17T15:24:08,2024-03-17,624,49,Online,Credit Card,COUPON0A-0,9.17,AUD
871483,2024-03-17T04:06:44,2024-03-17,54,9,Retail,Credit Card,COUPON90--,18.3,AUD
871819,2024-03-17T05:18:34,2024-03-17,605,48,Retail,PayPal,COUPON-099,0.02,AUD
872076,2024-03-17T05:37:04,2024-03-17,619,8,Retail,PayPal,COUPON9Z90,14.42,AUD
872105,2024-03-17T19:18:04,2024-03-17,51,35,Online,PayPal,COUPONA-AA,18.44,AUD
872239,2024-03-17T14:04:23,2024-03-17,587,12,Retail,Afterpay,COUPONA-ZA,9.5,AUD
872287,2024-03-17T17:32:32,2024-03-17,471,30,Retail,Afterpay,COUPON0-99,16.75,AUD
872311,2024-03-17T12:05:49,2024-03-17,230,5,Retail,Afterpay,COUPON-AZZ,7.94,AUD
872337,2024-03-17T22:42:14,2024-03-17,318,40,Retail,PayPal,COUPON-Z0Z,12.08,AUD
872418,2024-03-17T05:58:29,2024-03-17,393,13,Retail,Afterpay,COUPONA--9,10.78,AUD
872551,2024-03-17T21:55:30,2024-03-17,533,15,Retail,PayPal,COUPON0--A,15.38,AUD
872822,2024-03-17T13:07:06,2024-03-17,707,29,Online,PayPal,COUPON0---,14.74,AUD
872838,2024-03-17T15:07:39,2024-03-17,22,5,Retail,PayPal,COUPON-A-9,11.94,AUD
873211,2024-03-17T13:23:30,2024-03-17,643,27,Online,Credit Card,COUPON---0,13.19,AUD
873230,2024-03-17T02:08:49,2024-03-17,696,49,Retail,Afterpay,COUPON-ZZ-,0.97,AUD
873456,2024-03-17T22:15:01,2024-03-17,40,41,Online,PayPal,COUPON9-0-,14.72,AUD
873540,2024-03-17T15:34:04,2024-03-17,134,42,Online,Credit Card,COUPON9-99,2.9,AUD
873560,2024-03-17T07:58:32,2024-03-17,751,21,Online,PayPal,COUPONZAA0,13.69,AUD
873585,2024-03-17T08:34:37,2024-03-17,645,14,Online,Credit Card,COUPON90-A,2.73,AUD
873983,2024-03-17T12:51:11,2024-03-17,578,23,Retail,PayPal,COUPONZAZ-,15.24,AUD
874080,2024-03-17T14:30:46,2024-03-17,692,14,Online,Afterpay,COUPON99Z0,4.74,AUD
874084,2024-03-17T14:10:16,2024-03-17,358,24,Online,Afterpay,COUPON--Z0,18.83,AUD
874100,2024-03-17T14:31:52,2024-03-17,69,14,Retail,Afterpay,COUPON---0,17.32,AUD
874272,2024-03-17T00:34:59,2024-03-17,512,20,Online,Afterpay,COUPONZ-90,4.06,AUD
874336,2024-03-17T06:00:00,2024-03-17,314,8,Retail,Afterpay,COUPON9-A9,15.99,AUD
874596,2024-03-17T08:15:58,2024-03-17,115,19,Online,Afterpay,COUPON-AZ0,14.82,AUD
874643,2024-03-17T12:35:38,2024-03-17,149,2,Online,PayPal,COUPON9999,0.91,AUD
874834,2024-03-17T01:51:58,2024-03-17,381,18,Retail,Credit Card,COUPONAA--,5.17,AUD
874858,2024-03-17T01:05:50,2024-03-17,432,9,Retail,Credit Card,COUPONAZ99,2.78,AUD
874876,2024-03-17T20:08:32,2024-03-17,571,34,Retail,PayPal,COUPON9-AA,13.72,AUD
874945,2024-03-17T09:40:39,2024-03-17,347,33,Online,PayPal,COUPON-0AZ,7.35,AUD
875115,2024-03-17T11:37:20,2024-03-17,316,1,Retail,PayPal,COUPONZ---,1.96,AUD
875222,2024-03-17T11:55:12,2024-03-17,321,8,Online,Credit Card,COUPONZ09Z,9.68,AUD
875350,2024-03-17T23:37:58,2024-03-17,209,5,Retail,PayPal,COUPONAAA9,19.83,AUD
875828,2024-03-17T01:27:23,2024-03-17,714,17,Online,Credit Card,COUPON-0--,19.67,AUD
875833,2024-03-17T10:31:59,2024-03-17,429,12,Online,Afterpay,COUPON---A,16.8,AUD
875846,2024-03-17T08:37:59,2024-03-17,601,22,Online,PayPal,COUPONZ0-A,13.79,AUD
875883,2024-03-17T05:27:33,2024-03-17,457,35,Retail,PayPal,COUPONA9-9,15.06,AUD
875937,2024-03-17T05:13:56,2024-03-17,73,13,Retail,PayPal,COUPON90--,13.43,AUD
876169,2024-03-17T22:31:55,2024-03-17,786,45,Retail,Afterpay,COUPON0Z-9,6.26,AUD
876229,2024-03-17T08:00:22,2024-03-17,190,4,Online,PayPal,COUPON-09Z,11.49,AUD
876237,2024-03-17T18:28:05,2024-03-17,332,7,Online,Afterpay,COUPON-9-9,17.37,AUD
876332,2024-03-17T17:00:15,2024-03-17,556,25,Online,Credit Card,COUPON9-A9,5.59,AUD
876462,2024-03-17T07:07:49,2024-03-17,197,23,Retail,Afterpay,COUPONA0-A,3.78,AUD
876590,2024-03-17T07:58:52,2024-03-17,412,2,Online,Credit Card,COUPON90-A,3.39,AUD
876612,2024-03-17T21:26:32,2024-03-17,454,36,Online,Afterpay,COUPON0-Z-,1.38,AUD
876843,2024-03-17T09:08:36,2024-03-17,643,39,Online,PayPal,COUPONAA--,19.12,AUD
876849,2024-03-17T21:46:09,2024-03-17,177,27,Retail,Afterpay,COUPON9-A-,10.99,AUD
876880,2024-03-17T18:12:20,2024-03-17,187,23,Retail,PayPal,COUPONA-Z9,13.9,AUD
876995,2024-03-17T01:06:10,2024-03-17,666,19,Online,PayPal,COUPONA0Z0,15.59,AUD
877011,2024-03-17T14:40:10,2024-03-17,257,48,Online,Afterpay,COUPONAAAZ,13.75,AUD
877020,2024-03-17T22:14:30,2024-03-17,740,33,Retail,Credit Card,COUPON99A-,17.51,AUD
877284,2024-03-17T08:45:35,2024-03-17,254,36,Retail,Credit Card,COUPONAZ09,7.01,AUD
877576,2024-03-17T07:24:09,2024-03-17,652,24,Retail,PayPal,COUPON--00,3.66,AUD
877643,2024-03-17T11:02:14,2024-03-17,12,12,Retail,Afterpay,COUPON---A,8.82,AUD
877699,2024-03-17T17:33:09,2024-03-17,494,2,Online,Credit Card,COUPONA0A-,18.27,AUD
877799,2024-03-17T05:56:26,2024-03-17,316,47,Online,PayPal,COUPONA-09,3.82,AUD
877963,2024-03-17T09:46:33,2024-03-17,48,30,Retail,PayPal,COUPON--Z-,4.24,AUD
878012,2024-03-17T12:23:28,2024-03-17,501,1,Online,PayPal,COUPONAZ9A,8.18,AUD
878014,2024-03-17T23:31:01,2024-03-17,522,36,Retail,PayPal,COUPONZ--A,9.27,AUD
878075,2024-03-17T17:18:17,2024-03-17,779,5,Retail,Afterpay,COUPON0-Z9,11.41,AUD
878265,2024-03-17T21:00:42,2024-03-17,763,46,Online,Afterpay,COUPONZ---,9.95,AUD
878326,2024-03-17T12:17:51,2024-03-17,579,46,Retail,PayPal,COUPON--0Z,15.67,AUD
878401,2024-03-17T04:35:08,2024-03-17,183,3,Online,Credit Card,COUPON-00-,10.24,AUD
878458,2024-03-17T01:30:44,2024-03-17,16,15,Online,Credit Card,COUPON9A0-,9.64,AUD
878470,2024-03-17T12:05:24,2024-03-17,444,19,Retail,Afterpay,COUPON-0-9,5.19,AUD
878556,2024-03-17T22:27:02,2024-03-17,674,18,Retail,PayPal,COUPONZ--9,10.4,AUD
878558,2024-03-17T20:42:44,2024-03-17,246,34,Retail,Afterpay,COUPON0--A,14.18,AUD
878603,2024-03-17T01:48:24,2024-03-17,106,10,Retail,Afterpay,COUPON9A90,6.41,AUD
878604,2024-03-17T18:11:12,2024-03-17,73,15,Online,Credit Card,COUPONZZ-0,12.63,AUD
878830,2024-03-17T01:22:24,2024-03-17,129,27,Online,Credit Card,COUPON9---,4.69,AUD
879058,2024-03-17T21:58:45,2024-03-17,512,48,Retail,Credit Card,COUPON9Z-9,5.37,AUD
879163,2024-03-17T19:54:15,2024-03-17,259,4,Retail,Credit Card,COUPONA9-Z,11.21,AUD
879312,2024-03-17T21:41:54,2024-03-17,795,19,Online,Afterpay,COUPON--Z9,9.38,AUD
879352,2024-03-17T06:30:31,2024-03-17,740,28,Online,Credit Card,COUPON90-A,9.75,AUD
879379,2024-03-17T13:56:50,2024-03-17,593,35,Retail,Afterpay,COUPONA90-,18.33,AUD
879413,2024-03-17T04:40:07,2024-03-17,166,9,Online,PayPal,COUPON0ZAA,9.23,AUD
879452,2024-03-17T09:58:44,2024-03-17,409,31,Retail,Afterpay,COUPONZAA-,5.55,AUD
879495,2024-03-17T01:15:37,2024-03-17,599,20,Retail,Afterpay,COUPONZ9Z9,1.48,AUD
879663,2024-03-17T11:01:36,2024-03-17,307,16,Online,Credit Card,COUPON-9-9,8.0,AUD
879740,2024-03-17T17:47:41,2024-03-17,665,18,Online,PayPal,COUPON09ZA,2.01,AUD
879894,2024-03-17T22:09:32,2024-03-17,281,1,Online,Credit Card,COUPON-90-,1.19,AUD
879902,2024-03-17T08:29:13,2024-03-17,34,7,Retail,Credit Card,COUPON0A-0,16.31,AUD
879992,2024-03-17T03:14:54,2024-03-17,481,13,Retail,PayPal,COUPON0Z-0,10.24,AUD
880076,2024-03-17T10:00:40,2024-03-17,474,29,Online,Credit Card,COUPON990Z,18.56,AUD
880237,2024-03-17T19:00:44,2024-03-17,495,23,Retail,Credit Card,COUPONZZAZ,0.83,AUD
880238,2024-03-17T06:52:37,2024-03-17,446,35,Online,PayPal,COUPON-0-Z,1.49,AUD
880271,2024-03-17T06:43:21,2024-03-17,143,48,Online,Credit Card,COUPON00ZZ,10.36,AUD
880480,2024-03-17T23:57:44,2024-03-17,422,16,Retail,PayPal,COUPONZ-9A,2.43,AUD
880496,2024-03-17T01:22:46,2024-03-17,308,38,Retail,Credit Card,COUPON0ZA0,0.19,AUD
880550,2024-03-17T08:49:23,2024-03-17,65,8,Retail,Credit Card,COUPON-Z09,0.37,AUD
880590,2024-03-17T21:32:42,2024-03-17,627,1,Retail,PayPal,COUPON-A-0,12.11,AUD
880640,2024-03-17T10:48:48,2024-03-17,91,39,Online,Credit Card,COUPON--AZ,17.02,AUD
880708,2024-03-17T13:54:47,2024-03-17,795,3,Retail,Credit Card,COUPON0-9A,12.7,AUD
880794,2024-03-17T15:42:38,2024-03-17,487,3,Online,PayPal,COUPON--9A,2.25,AUD
880928,2024-03-17T21:17:29,2024-03-17,164,41,Online,PayPal,COUPON0-A0,1.82,AUD
881003,2024-03-17T22:55:34,2024-03-17,161,11,Retail,PayPal,COUPONA009,3.79,AUD
881249,2024-03-17T07:09:42,2024-03-17,265,33,Online,Credit Card,COUPON-ZAA,7.87,AUD
881270,2024-03-17T04:57:37,2024-03-17,573,40,Retail,Afterpay,COUPON-Z-A,15.93,AUD
881273,2024-03-17T12:07:51,2024-03-17,575,37,Retail,Afterpay,COUPON0--Z,13.93,AUD
881484,2024-03-17T03:27:43,2024-03-17,12,21,Online,Credit Card,COUPON0ZZA,2.77,AUD
881533,2024-03-17T19:04:10,2024-03-17,719,10,Online,Afterpay,COUPON09-Z,9.74,AUD
881541,2024-03-17T08:01:08,2024-03-17,15,17,Online,Afterpay,COUPON0---,2.29,AUD
881971,2024-03-17T23:32:02,2024-03-17,1,28,Online,Credit Card,COUPON----,9.15,AUD
882031,2024-03-17T19:44:01,2024-03-17,601,36,Online,Credit Card,COUPON-09Z,16.63,AUD
882062,2024-03-17T23:52:42,2024-03-17,469,7,Online,Afterpay,COUPON--9Z,18.74,AUD
882145,2024-03-17T16:37:20,2024-03-17,792,25,Online,Afterpay,COUPON-Z0A,13.22,AUD
882159,2024-03-17T12:18:50,2024-03-17,220,43,Retail,PayPal,COUPON9Z-Z,8.91,AUD
882308,2024-03-17T22:24:21,2024-03-17,540,49,Retail,Afterpay,COUPONZ00-,8.27,AUD
882572,2024-03-17T02:56:10,2024-03-17,718,37,Online,PayPal,COUPONZ0A-,9.75,AUD
882621,2024-03-17T14:09:01,2024-03-17,175,42,Online,PayPal,COUPONZA--,5.16,AUD
882669,2024-03-17T04:45:47,2024-03-17,723,2,Retail,Afterpay,COUPONZ9--,12.89,AUD
882692,2024-03-17T19:42:49,2024-03-17,318,49,Retail,PayPal,COUPON-0--,3.76,AUD
882725,2024-03-17T16:51:34,2024-03-17,338,26,Online,Afterpay,COUPON0Z9-,12.76,AUD
882744,2024-03-17T15:58:59,2024-03-17,315,6,Online,Afterpay,COUPON-99A,6.07,AUD
882772,2024-03-17T06:12:56,2024-03-17,305,13,Online,Credit Card,COUPONA-0Z,2.89,AUD
882874,2024-03-17T11:39:44,2024-03-17,611,36,Online,Credit Card,COUPON-Z-A,6.6,AUD
882908,2024-03-17T07:06:31,2024-03-17,728,25,Retail,Afterpay,COUPON0Z09,14.74,AUD
883001,2024-03-17T03:16:30,2024-03-17,400,4,Retail,PayPal,COUPON-A9A,1.32,AUD
883013,2024-03-17T12:05:46,2024-03-17,274,32,Online,Afterpay,COUPONZ-Z9,4.03,AUD
883088,2024-03-17T16:44:44,2024-03-17,275,11,Online,Afterpay,COUPONA-A-,10.83,AUD
883178,2024-03-17T21:50:36,2024-03-17,778,28,Retail,Credit Card,COUPON--0-,5.46,AUD
883395,2024-03-17T17:53:57,2024-03-17,599,39,Online,Afterpay,COUPON9-0-,8.73,AUD
883456,2024-03-17T02:44:19,2024-03-17,653,39,Retail,PayPal,COUPON90-A,6.48,AUD
883506,2024-03-17T22:46:50,2024-03-17,196,13,Retail,Credit Card,COUPON9AAA,2.43,AUD
883668,2024-03-17T18:02:25,2024-03-17,569,13,Retail,PayPal,COUPONZZ-A,11.48,AUD
884670,2024-03-17T10:19:57,2024-03-17,771,38,Retail,Credit Card,COUPON-ZA-,5.93,AUD
884680,2024-03-17T06:35:54,2024-03-17,318,7,Online,Credit Card,COUPON9-ZA,1.36,AUD
884729,2024-03-17T18:07:05,2024-03-17,112,35,Retail,Afterpay,COUPON-0Z9,18.05,AUD
884810,2024-03-17T07:58:11,2024-03-17,262,21,Retail,Credit Card,COUPONA-9A,16.35,AUD
884938,2024-03-17T02:09:35,2024-03-17,340,35,Online,PayPal,COUPON-0Z-,15.52,AUD
885159,2024-03-17T20:06:04,2024-03-17,701,40,Retail,Credit Card,COUPON0AZZ,9.72,AUD
885226,2024-03-17T13:32:48,2024-03-17,794,20,Online,PayPal,COUPON-9-Z,5.18,AUD
885251,2024-03-17T18:29:50,2024-03-17,97,28,Retail,Afterpay,COUPONZ-0Z,15.78,AUD
885275,2024-03-17T12:52:21,2024-03-17,700,28,Online,Afterpay,COUPON-A99,2.93,AUD
885284,2024-03-17T08:01:21,2024-03-17,237,4,Online,Afterpay,COUPON-AZ9,19.87,AUD
885292,2024-03-17T01:52:08,2024-03-17,45,9,Online,Afterpay,COUPON-A9A,9.69,AUD
885305,2024-03-17T06:20:55,2024-03-17,608,4,Online,Afterpay,COUPONZ-Z-,11.02,AUD
885528,2024-03-17T17:40:05,2024-03-17,520,28,Retail,Afterpay,COUPON-0-Z,3.25,AUD
885568,2024-03-17T23:52:44,2024-03-17,405,22,Online,Afterpay,COUPON90-Z,10.62,AUD
885599,2024-03-17T05:36:52,2024-03-17,114,38,Retail,Credit Card,COUPONAA-0,19.39,AUD
885611,2024-03-17T17:45:48,2024-03-17,408,39,Retail,PayPal,COUPON-ZZA,7.33,AUD
885730,2024-03-17T05:13:07,2024-03-17,736,28,Online,Afterpay,COUPON-A0-,4.74,AUD
885788,2024-03-17T20:24:10,2024-03-17,239,45,Online,Afterpay,COUPON-Z--,7.36,AUD
885823,2024-03-17T01:36:11,2024-03-17,152,8,Online,Afterpay,COUPON90Z0,3.61,AUD
885846,2024-03-17T23:28:23,2024-03-17,457,8,Online,Credit Card,COUPON---Z,11.12,AUD
885953,2024-03-17T11:39:12,2024-03-17,9,14,Online,Credit Card,COUPONZ00Z,4.1,AUD
886223,2024-03-17T20:05:29,2024-03-17,558,40,Online,Afterpay,COUPON9-0-,15.24,AUD
886324,2024-03-17T13:45:50,2024-03-17,679,19,Online,PayPal,COUPON9---,17.55,AUD
886463,2024-03-17T23:43:01,2024-03-17,519,11,Retail,Credit Card,COUPON0A9-,7.81,AUD
886481,2024-03-17T19:14:29,2024-03-17,308,16,Online,PayPal,COUPON0A-Z,6.6,AUD
886610,2024-03-17T03:12:12,2024-03-17,251,11,Retail,PayPal,COUPON--90,18.12,AUD
886746,2024-03-17T07:14:43,2024-03-17,551,17,Retail,Afterpay,COUPON9--Z,12.74,AUD
886925,2024-03-17T19:59:58,2024-03-17,754,16,Retail,Afterpay,COUPON0Z-0,5.21,AUD
886950,2024-03-17T17:31:31,2024-03-17,387,25,Retail,Credit Card,COUPON0A09,1.59,AUD
886962,2024-03-17T14:59:44,2024-03-17,512,8,Retail,Afterpay,COUPONZ9A-,18.76,AUD
886979,2024-03-17T04:43:55,2024-03-17,284,24,Retail,Credit Card,COUPONZ-Z0,4.91,AUD
887033,2024-03-17T04:10:13,2024-03-17,638,23,Retail,PayPal,COUPON-Z0A,4.39,AUD
887067,2024-03-17T16:53:11,2024-03-17,752,35,Retail,PayPal,COUPON0Z--,14.35,AUD
887081,2024-03-17T08:29:41,2024-03-17,169,2,Online,Credit Card,COUPON--0-,18.13,AUD
887132,2024-03-17T08:09:17,2024-03-17,48,10,Online,Afterpay,COUPON9---,7.48,AUD
887405,2024-03-17T13:41:25,2024-03-17,378,37,Retail,Credit Card,COUPON90--,18.77,AUD
887416,2024-03-17T13:07:40,2024-03-17,488,37,Retail,PayPal,COUPON9-A9,6.04,AUD
887609,2024-03-17T02:47:52,2024-03-17,261,31,Retail,PayPal,COUPON-9-9,18.55,AUD
887763,2024-03-17T23:58:15,2024-03-17,625,30,Retail,PayPal,COUPONAAZZ,4.08,AUD
887819,2024-03-17T11:00:20,2024-03-17,494,49,Retail,PayPal,COUPONZZ0-,3.25,AUD
887950,2024-03-17T16:28:07,2024-03-17,702,41,Retail,Credit Card,COUPONAA00,10.67,AUD
887994,2024-03-17T03:14:26,2024-03-17,378,46,Retail,PayPal,COUPON9A-A,17.27,AUD
888090,2024-03-17T07:09:06,2024-03-17,778,48,Retail,Credit Card,COUPONZ9Z9,18.19,AUD
888470,2024-03-17T12:35:54,2024-03-17,513,37,Retail,Credit Card,COUPON0-A-,9.05,AUD
888473,2024-03-17T17:32:40,2024-03-17,469,2,Retail,Afterpay,COUPON090Z,4.82,AUD
888544,2024-03-17T01:21:22,2024-03-17,31,32,Retail,PayPal,COUPON-9Z9,14.19,AUD
888593,2024-03-17T21:06:46,2024-03-17,777,21,Online,Credit Card,COUPON0Z99,3.72,AUD
888609,2024-03-17T22:12:12,2024-03-17,181,44,Online,PayPal,COUPON-99-,15.27,AUD
888615,2024-03-17T19:02:27,2024-03-17,493,9,Online,Afterpay,COUPONA9-0,12.75,AUD
888630,2024-03-17T01:57:27,2024-03-17,220,42,Online,Credit Card,COUPON0Z0A,16.43,AUD
888637,2024-03-17T02:07:56,2024-03-17,117,11,Retail,PayPal,COUPON0AA0,16.15,AUD
888658,2024-03-17T20:35:01,2024-03-17,154,20,Online,Afterpay,COUPONZ-ZA,5.51,AUD
888717,2024-03-17T20:07:29,2024-03-17,795,22,Online,Credit Card,COUPONA9-Z,14.66,AUD
888744,2024-03-17T19:31:17,2024-03-17,413,29,Retail,Credit Card,COUPON09-0,0.62,AUD
888771,2024-03-17T15:57:06,2024-03-17,759,14,Retail,Credit Card,COUPON---9,7.96,AUD
888795,2024-03-17T19:12:12,2024-03-17,777,18,Retail,Afterpay,COUPON9A-Z,1.74,AUD
888825,2024-03-17T03:27:20,2024-03-17,368,41,Retail,Afterpay,COUPONA-Z0,3.09,AUD
888846,2024-03-17T05:31:14,2024-03-17,420,27,Online,Afterpay,COUPON0A9-,3.68,AUD
888926,2024-03-17T05:57:55,2024-03-17,359,27,Retail,Credit Card,COUPON90--,6.99,AUD
889122,2024-03-17T06:28:10,2024-03-17,726,15,Retail,PayPal,COUPON--99,10.52,AUD
889222,2024-03-17T06:12:13,2024-03-17,21,9,Online,Afterpay,COUPON--A-,1.48,AUD
889476,2024-03-17T02:05:37,2024-03-17,109,22,Online,Afterpay,COUPONA0AA,4.64,AUD
889514,2024-03-17T22:47:13,2024-03-17,139,25,Retail,Credit Card,COUPONZ-9-,1.25,AUD
889516,2024-03-17T17:17:13,2024-03-17,221,20,Retail,PayPal,COUPONZA90,4.38,AUD
889683,2024-03-17T20:59:39,2024-03-17,174,3,Retail,Afterpay,COUPON-0AZ,17.82,AUD
889723,2024-03-17T13:01:08,2024-03-17,97,8,Retail,Afterpay,COUPONA99Z,15.47,AUD
889730,2024-03-17T10:05:13,2024-03-17,388,21,Online,Afterpay,COUPONZAA9,6.55,AUD
889763,2024-03-17T02:21:25,2024-03-17,126,42,Retail,Afterpay,COUPONA--9,3.23,AUD
889812,2024-03-17T23:28:12,2024-03-17,628,30,Retail,PayPal,COUPON0--9,0.26,AUD
889907,2024-03-17T06:09:28,2024-03-17,101,3,Retail,PayPal,COUPON0-09,5.03,AUD
889928,2024-03-17T20:12:49,2024-03-17,4,13,Retail,Credit Card,COUPON-0A-,18.71,AUD
890109,2024-03-17T21:46:41,2024-03-17,9,11,Online,PayPal,COUPON0A-Z,19.77,AUD
890365,2024-03-17T13:01:00,2024-03-17,170,41,Retail,Afterpay,COUPON---9,0.37,AUD
890605,2024-03-17T22:56:21,2024-03-17,177,4,Online,Credit Card,COUPON99A-,11.55,AUD
890643,2024-03-17T09:00:22,2024-03-17,239,27,Retail,PayPal,COUPON0AA-,3.93,AUD
890688,2024-03-17T23:21:33,2024-03-17,412,32,Online,Afterpay,COUPON90-9,19.03,AUD
890782,2024-03-17T00:02:42,2024-03-17,140,17,Online,PayPal,COUPONZ90Z,17.78,AUD
890811,2024-03-17T23:52:56,2024-03-17,72,4,Online,Afterpay,COUPONZ-AZ,11.37,AUD
890832,2024-03-17T21:39:02,2024-03-17,299,12,Online,Afterpay,COUPONZ-ZZ,13.28,AUD
890948,2024-03-17T09:03:55,2024-03-17,718,33,Online,PayPal,COUPONZ0-A,5.86,AUD
891042,2024-03-17T19:14:15,2024-03-17,338,29,Online,Afterpay,COUPONZ90-,0.75,AUD
891129,2024-03-17T10:47:00,2024-03-17,689,41,Retail,PayPal,COUPON9Z99,14.12,AUD
891261,2024-03-17T13:08:34,2024-03-17,622,31,Online,PayPal,COUPONA-0A,11.94,AUD
891359,2024-03-17T19:26:11,2024-03-17,288,37,Retail,PayPal,COUPON-9--,7.64,AUD
891439,2024-03-17T17:05:07,2024-03-17,503,46,Online,Credit Card,COUPON--09,10.16,AUD
891446,2024-03-17T04:52:10,2024-03-17,109,9,Retail,PayPal,COUPON0Z9Z,3.2,AUD
891469,2024-03-17T11:57:48,2024-03-17,686,6,Online,Afterpay,COUPON---0,9.02,AUD
891685,2024-03-17T18:30:17,2024-03-17,446,25,Retail,Credit Card,COUPON-A9-,2.07,AUD
891696,2024-03-17T23:15:12,2024-03-17,539,29,Online,Afterpay,COUPONA-Z-,1.28,AUD
891801,2024-03-17T02:39:22,2024-03-17,165,49,Retail,Afterpay,COUPONZ-90,4.84,AUD
891862,2024-03-17T20:05:41,2024-03-17,191,30,Online,Credit Card,COUPON-0A0,13.88,AUD
892021,2024-03-17T07:39:23,2024-03-17,502,24,Retail,Credit Card,COUPON-A9-,15.08,AUD
892022,2024-03-17T09:25:36,2024-03-17,770,46,Retail,Afterpay,COUPONA0Z9,2.71,AUD
892067,2024-03-17T05:41:21,2024-03-17,1,32,Retail,PayPal,COUPON0---,9.53,AUD
892070,2024-03-17T03:23:16,2024-03-17,687,9,Retail,Afterpay,COUPON09--,4.73,AUD
892156,2024-03-17T12:03:43,2024-03-17,37,9,Online,Afterpay,COUPON09A9,4.16,AUD
892315,2024-03-17T12:01:14,2024-03-17,254,45,Online,Credit Card,COUPON90-A,12.29,AUD
892631,2024-03-17T22:59:44,2024-03-17,618,35,Retail,Credit Card,COUPONA-0A,14.55,AUD
892643,2024-03-17T00:50:35,2024-03-17,732,11,Retail,Credit Card,COUPON-9-A,11.16,AUD
892660,2024-03-17T19:13:40,2024-03-17,281,14,Retail,PayPal,COUPON0--Z,3.53,AUD
892841,2024-03-17T11:35:18,2024-03-17,756,5,Online,Afterpay,COUPON0--Z,12.91,AUD
892949,2024-03-17T19:44:24,2024-03-17,768,24,Retail,Credit Card,COUPON--00,16.92,AUD
893012,2024-03-17T10:06:02,2024-03-17,282,36,Online,Afterpay,COUPON9Z9-,16.67,AUD
893059,2024-03-17T00:48:21,2024-03-17,95,36,Retail,Afterpay,COUPONA-9-,6.19,AUD
893385,2024-03-17T19:36:09,2024-03-17,332,38,Online,Credit Card,COUPON9--0,5.5,AUD
893413,2024-03-17T13:05:14,2024-03-17,303,1,Retail,Credit Card,COUPON---9,2.73,AUD
893429,2024-03-17T05:20:12,2024-03-17,33,44,Retail,Credit Card,COUPONZ-Z-,2.17,AUD
893669,2024-03-17T14:53:04,2024-03-17,200,5,Online,Credit Card,COUPON090-,16.05,AUD
893709,2024-03-17T04:44:44,2024-03-17,238,28,Retail,Afterpay,COUPONZ-A-,11.1,AUD
893827,2024-03-17T16:43:12,2024-03-17,608,11,Online,Credit Card,COUPON9099,2.88,AUD
893891,2024-03-17T17:39:11,2024-03-17,30,28,Online,Afterpay,COUPON99-A,6.02,AUD
893956,2024-03-17T22:25:41,2024-03-17,663,9,Online,Credit Card,COUPON-AZZ,5.49,AUD
894094,2024-03-17T08:50:23,2024-03-17,561,26,Online,Credit Card,COUPON-0ZA,5.84,AUD
894169,2024-03-17T19:24:33,2024-03-17,787,23,Online,Credit Card,COUPON-AA-,15.86,AUD
894192,2024-03-17T06:44:51,2024-03-17,217,40,Online,PayPal,COUPONZZ-9,18.74,AUD
894372,2024-03-17T19:17:00,2024-03-17,630,12,Online,Afterpay,COUPONAA-9,3.53,AUD
894387,2024-03-17T06:19:55,2024-03-17,613,43,Retail,Credit Card,COUPON-9--,5.48,AUD
894470,2024-03-17T16:33:04,2024-03-17,457,3,Online,Credit Card,COUPON9-ZZ,6.41,AUD
894514,2024-03-17T16:15:00,2024-03-17,669,30,Online,Afterpay,COUPON9AA-,17.36,AUD
894533,2024-03-17T21:11:12,2024-03-17,326,32,Online,PayPal,COUPON9-AZ,7.01,AUD
894697,2024-03-17T17:37:14,2024-03-17,790,11,Online,PayPal,COUPON0--0,17.84,AUD
894719,2024-03-17T15:31:30,2024-03-17,683,6,Online,PayPal,COUPON-AA-,1.52,AUD
894824,2024-03-17T08:51:51,2024-03-17,64,25,Retail,Credit Card,COUPONZA0-,12.17,AUD
895067,2024-03-17T18:02:18,2024-03-17,125,45,Online,Afterpay,COUPON9---,2.94,AUD
895221,2024-03-17T14:15:22,2024-03-17,356,1,Online,Credit Card,COUPON900-,12.78,AUD
895239,2024-03-17T05:32:30,2024-03-17,782,19,Online,Credit Card,COUPON9Z9A,3.78,AUD
895278,2024-03-17T07:42:04,2024-03-17,303,22,Online,Afterpay,COUPON-ZZZ,6.53,AUD
895294,2024-03-17T04:24:11,2024-03-17,523,48,Retail,Afterpay,COUPONZ99Z,6.62,AUD
895532,2024-03-17T02:46:06,2024-03-17,674,23,Retail,PayPal,COUPONZ-A9,8.53,AUD
895550,2024-03-17T22:46:56,2024-03-17,139,17,Online,Afterpay,COUPON-A9A,17.8,AUD
895555,2024-03-17T19:05:19,2024-03-17,403,23,Retail,Credit Card,COUPONZ-A-,16.14,AUD
895655,2024-03-17T02:42:29,2024-03-17,726,2,Retail,Credit Card,COUPON-Z-A,14.33,AUD
895724,2024-03-17T09:36:25,2024-03-17,411,22,Online,Afterpay,COUPONZAZ-,11.47,AUD
895777,2024-03-17T11:37:22,2024-03-17,602,23,Online,Credit Card,COUPON9A9-,5.34,AUD
895813,2024-03-17T22:08:40,2024-03-17,422,27,Online,Credit Card,COUPON0Z-A,0.87,AUD
896063,2024-03-17T06:08:43,2024-03-17,480,18,Retail,PayPal,COUPON99-0,5.81,AUD
896083,2024-03-17T21:50:21,2024-03-17,752,6,Retail,Afterpay,COUPON--A-,1.59,AUD
896209,2024-03-17T04:55:20,2024-03-17,62,21,Retail,PayPal,COUPON99-Z,11.6,AUD
896236,2024-03-17T20:51:53,2024-03-17,423,9,Online,PayPal,COUPON-Z--,14.15,AUD
896427,2024-03-17T22:12:41,2024-03-17,663,41,Retail,Credit Card,COUPONZ0--,19.61,AUD
896452,2024-03-17T01:11:24,2024-03-17,431,12,Retail,Afterpay,COUPON--A-,7.65,AUD
896465,2024-03-17T04:08:49,2024-03-17,84,43,Retail,PayPal,COUPON0AZZ,19.62,AUD
896615,2024-03-17T12:34:35,2024-03-17,682,42,Online,Credit Card,COUPONA9Z0,3.27,AUD
896624,2024-03-17T05:25:57,2024-03-17,269,8,Retail,Credit Card,COUPON0A-A,15.21,AUD
896697,2024-03-17T01:02:53,2024-03-17,620,36,Retail,Afterpay,COUPON-AZ0,18.65,AUD
896835,2024-03-17T03:07:02,2024-03-17,206,43,Retail,Credit Card,COUPONZ---,19.78,AUD
896908,2024-03-17T15:18:00,2024-03-17,46,31,Retail,Credit Card,COUPON0--0,10.45,AUD
896923,2024-03-17T02:10:32,2024-03-17,607,49,Online,Afterpay,COUPON-AAA,4.28,AUD
896931,2024-03-17T03:53:30,2024-03-17,584,12,Retail,PayPal,COUPON-ZZ-,12.85,AUD
896976,2024-03-17T00:33:16,2024-03-17,43,34,Online,Afterpay,COUPON-0-0,16.09,AUD
896982,2024-03-17T09:13:46,2024-03-17,146,8,Online,Credit Card,COUPON0-9-,2.38,AUD
897008,2024-03-17T21:07:59,2024-03-17,454,13,Retail,PayPal,COUPON---A,2.14,AUD
897097,2024-03-17T21:08:01,2024-03-17,537,13,Retail,Afterpay,COUPON0ZZ-,4.81,AUD
897112,2024-03-17T02:10:25,2024-03-17,452,18,Retail,Credit Card,COUPON-9A9,7.39,AUD
897122,2024-03-17T00:10:52,2024-03-17,489,47,Retail,Afterpay,COUPON--A9,2.45,AUD
897303,2024-03-17T15:56:14,2024-03-17,791,1,Retail,Afterpay,COUPON0A9Z,19.08,AUD
897319,2024-03-17T18:37:41,2024-03-17,792,32,Online,Afterpay,COUPON---A,14.64,AUD
897361,2024-03-17T10:31:27,2024-03-17,44,20,Retail,PayPal,COUPON0999,16.02,AUD
897430,2024-03-17T12:21:31,2024-03-17,199,41,Online,PayPal,COUPON0AAA,15.33,AUD
897555,2024-03-17T06:11:32,2024-03-17,397,34,Online,Afterpay,COUPON0-0-,12.28,AUD
897576,2024-03-17T06:06:24,2024-03-17,203,22,Online,Credit Card,COUPON9-A9,18.88,AUD
897643,2024-03-17T00:02:00,2024-03-17,473,15,Retail,PayPal,COUPON9Z0Z,8.26,AUD
897674,2024-03-17T20:21:43,2024-03-17,215,42,Retail,Afterpay,COUPON-Z9A,4.98,AUD
897734,2024-03-17T19:34:05,2024-03-17,176,25,Online,Credit Card,COUPON-0A-,6.86,AUD
898019,2024-03-17T10:18:44,2024-03-17,578,17,Online,Afterpay,COUPON--00,5.85,AUD
898293,2024-03-17T21:16:58,2024-03-17,403,39,Online,Afterpay,COUPON----,0.42,AUD
898379,2024-03-17T13:36:55,2024-03-17,178,29,Retail,PayPal,COUPON00-0,1.98,AUD
898554,2024-03-17T17:36:01,2024-03-17,151,12,Retail,PayPal,COUPONAA--,1.03,AUD
898597,2024-03-17T22:04:50,2024-03-17,540,2,Online,Credit Card,COUPON-990,15.1,AUD
898719,2024-03-17T09:15:50,2024-03-17,725,27,Online,PayPal,COUPON99Z0,13.36,AUD
898849,2024-03-17T14:14:44,2024-03-17,498,45,Online,Credit Card,COUPON-A0A,7.52,AUD
899052,2024-03-17T23:00:59,2024-03-17,752,21,Online,Afterpay,COUPONAZZ0,4.59,AUD
899063,2024-03-17T04:24:41,2024-03-17,382,33,Retail,PayPal,COUPON---9,13.95,AUD
899182,2024-03-17T22:03:19,2024-03-17,397,30,Online,Afterpay,COUPON-A-A,13.61,AUD
899309,2024-03-17T12:22:40,2024-03-17,359,40,Retail,Afterpay,COUPON09--,7.46,AUD
899412,2024-03-17T06:38:57,2024-03-17,496,13,Retail,Credit Card,COUPON-ZZZ,3.64,AUD
899466,2024-03-17T23:03:18,2024-03-17,650,49,Online,PayPal,COUPON0-A-,12.45,AUD
899601,2024-03-17T22:45:07,2024-03-17,145,47,Retail,PayPal,COUPON--ZZ,1.35,AUD
899694,2024-03-17T20:32:18,2024-03-17,295,33,Retail,PayPal,COUPON-9-A,11.43,AUD
899723,2024-03-17T16:07:04,2024-03-17,345,23,Online,Credit Card,COUPON-Z0Z,8.5,AUD
899800,2024-03-17T10:22:59,2024-03-17,471,22,Online,Afterpay,COUPON0A-9,10.19,AUD
899886,2024-03-17T01:23:53,2024-03-17,23,10,Retail,Afterpay,COUPON--Z9,11.86,AUD
899900,2024-03-17T05:41:15,2024-03-17,242,34,Online,Credit Card,COUPON--9A,6.93,AUD
900023,2024-03-17T06:21:09,2024-03-17,461,24,Retail,Credit Card,COUPONZ---,8.24,AUD
900228,2024-03-17T08:31:33,2024-03-17,288,17,Retail,Credit Card,COUPON09-Z,3.0,AUD
900312,2024-03-17T20:24:33,2024-03-17,351,45,Online,PayPal,COUPON---9,11.17,AUD
900313,2024-03-17T18:06:37,2024-03-17,702,47,Online,Credit Card,COUPONZ0-A,3.05,AUD
900322,2024-03-17T20:09:44,2024-03-17,12,8,Retail,Afterpay,COUPONZ990,0.38,AUD
900378,2024-03-17T05:50:44,2024-03-17,656,37,Retail,Afterpay,COUPONZ90-,17.02,AUD
900448,2024-03-17T17:49:36,2024-03-17,343,34,Online,PayPal,COUPON-00-,12.71,AUD
900455,2024-03-17T04:59:32,2024-03-17,197,15,Retail,Afterpay,COUPON90-Z,2.34,AUD
900537,2024-03-17T01:25:16,2024-03-17,94,7,Retail,Afterpay,COUPON0Z-0,13.99,AUD
900702,2024-03-17T03:29:41,2024-03-17,606,48,Online,Afterpay,COUPONZ99Z,3.02,AUD
900749,2024-03-17T16:41:58,2024-03-17,630,26,Retail,Credit Card,COUPON-Z09,4.97,AUD
900798,2024-03-17T12:50:51,2024-03-17,109,26,Online,Credit Card,COUPON9AAA,11.33,AUD
900819,2024-03-17T14:22:26,2024-03-17,85,16,Retail,Afterpay,COUPONAZ-9,3.09,AUD
900821,2024-03-17T15:25:49,2024-03-17,622,16,Retail,PayPal,COUPON99Z9,1.97,AUD
900918,2024-03-17T08:10:52,2024-03-17,488,8,Retail,Afterpay,COUPONZ099,7.91,AUD
901101,2024-03-17T16:47:45,2024-03-17,297,48,Retail,Afterpay,COUPONA00-,13.74,AUD
901161,2024-03-17T11:30:41,2024-03-17,602,30,Online,Credit Card,COUPONA--Z,19.54,AUD
901196,2024-03-17T13:20:07,2024-03-17,518,1,Online,PayPal,COUPON-Z9-,1.65,AUD
901323,2024-03-17T22:57:57,2024-03-17,12,31,Retail,Afterpay,COUPON0-09,14.39,AUD
901340,2024-03-17T14:16:26,2024-03-17,281,7,Online,Afterpay,COUPON-ZA9,13.38,AUD
901350,2024-03-17T03:18:07,2024-03-17,479,43,Online,Credit Card,COUPONZ-ZA,19.19,AUD
901401,2024-03-17T04:43:07,2024-03-17,261,12,Online,Credit Card,COUPON0ZZA,6.03,AUD
901430,2024-03-17T03:05:26,2024-03-17,553,24,Retail,PayPal,COUPONA-AA,15.06,AUD
901490,2024-03-17T12:09:29,2024-03-17,9,11,Online,Afterpay,COUPON-0-Z,12.2,AUD
901553,2024-03-17T23:15:31,2024-03-17,177,41,Retail,Afterpay,COUPONZ99Z,5.08,AUD
901557,2024-03-17T21:06:48,2024-03-17,224,26,Online,Afterpay,COUPONAAAZ,5.94,AUD
901708,2024-03-17T05:34:08,2024-03-17,438,18,Online,PayPal,COUPON0A--,12.43,AUD
901843,2024-03-17T00:36:01,2024-03-17,677,28,Retail,PayPal,COUPON-Z-0,12.22,AUD
902181,2024-03-17T03:00:51,2024-03-17,78,45,Online,Afterpay,COUPONZA-9,8.65,AUD
902217,2024-03-17T16:46:46,2024-03-17,134,26,Online,Afterpay,COUPON--0Z,0.0,AUD
902393,2024-03-17T12:44:58,2024-03-17,187,5,Retail,Credit Card,COUPONZ-A-,4.9,AUD
902617,2024-03-17T04:18:56,2024-03-17,103,18,Retail,Credit Card,COUPON-0A-,15.06,AUD
902641,2024-03-17T13:39:46,2024-03-17,301,18,Online,Credit Card,COUPON--A-,7.76,AUD
902644,2024-03-17T14:37:14,2024-03-17,570,12,Retail,Credit Card,COUPONZ0ZA,5.86,AUD
902841,2024-03-17T11:02:44,2024-03-17,623,40,Retail,Afterpay,COUPONA9-A,14.62,AUD
902867,2024-03-17T12:35:32,2024-03-17,382,10,Retail,Credit Card,COUPON009-,11.44,AUD
902979,2024-03-17T16:41:50,2024-03-17,220,27,Retail,Afterpay,COUPON--09,7.37,AUD
903127,2024-03-17T01:44:29,2024-03-17,728,6,Retail,Afterpay,COUPON-99Z,1.71,AUD
903317,2024-03-17T06:29:29,2024-03-17,323,26,Online,PayPal,COUPONZ9Z-,2.29,AUD
903471,2024-03-17T16:50:05,2024-03-17,293,11,Retail,Credit Card,COUPON0900,13.48,AUD
903578,2024-03-17T21:44:22,2024-03-17,664,20,Retail,Afterpay,COUPON0-A0,6.71,AUD
903595,2024-03-17T17:29:27,2024-03-17,533,31,Retail,PayPal,COUPONZ9-Z,3.54,AUD
903646,2024-03-17T08:24:57,2024-03-17,569,46,Online,Credit Card,COUPONA-00,19.8,AUD
903850,2024-03-17T08:54:20,2024-03-17,592,21,Online,PayPal,COUPON990A,11.52,AUD
903910,2024-03-17T15:06:05,2024-03-17,227,32,Retail,PayPal,COUPONA-00,10.52,AUD
903912,2024-03-17T14:01:51,2024-03-17,685,3,Retail,Afterpay,COUPON0--0,0.95,AUD
904011,2024-03-17T18:01:06,2024-03-17,231,29,Retail,Credit Card,COUPON0Z0A,13.12,AUD
904027,2024-03-17T14:13:49,2024-03-17,532,13,Online,Afterpay,COUPON-9Z-,2.36,AUD
904037,2024-03-17T21:00:23,2024-03-17,646,24,Retail,Afterpay,COUPON09AA,6.74,AUD
904071,2024-03-17T07:10:20,2024-03-17,652,26,Online,Credit Card,COUPONA9ZA,3.36,AUD
904303,2024-03-17T05:39:12,2024-03-17,506,12,Online,Credit Card,COUPON00A9,7.79,AUD
904326,2024-03-17T16:29:21,2024-03-17,175,14,Online,PayPal,COUPON-9-Z,13.99,AUD
904434,2024-03-17T15:09:29,2024-03-17,211,39,Retail,Afterpay,COUPONA-A0,16.07,AUD
904439,2024-03-17T16:02:20,2024-03-17,241,32,Retail,Afterpay,COUPONZ9-9,17.61,AUD
904575,2024-03-17T14:56:37,2024-03-17,712,5,Online,Credit Card,COUPONAZ-Z,10.47,AUD
904587,2024-03-17T17:06:36,2024-03-17,37,28,Online,Afterpay,COUPON90--,1.5,AUD
904677,2024-03-17T05:43:12,2024-03-17,483,11,Retail,PayPal,COUPON-A90,18.15,AUD
904777,2024-03-17T01:08:14,2024-03-17,282,9,Online,Credit Card,COUPONA0-0,3.72,AUD
904903,2024-03-17T17:07:22,2024-03-17,88,36,Retail,PayPal,COUPON909Z,13.64,AUD
904908,2024-03-17T23:44:19,2024-03-17,644,1,Retail,Credit Card,COUPONA---,18.75,AUD
905018,2024-03-17T11:33:56,2024-03-17,431,18,Online,PayPal,COUPON--00,2.95,AUD
905240,2024-03-17T10:43:33,2024-03-17,147,37,Online,PayPal,COUPON----,13.12,AUD
905272,2024-03-17T17:54:19,2024-03-17,368,13,Retail,PayPal,COUPON0---,7.43,AUD
905275,2024-03-17T17:18:45,2024-03-17,639,8,Online,Afterpay,COUPONA99-,9.14,AUD
905288,2024-03-17T04:58:45,2024-03-17,401,18,Online,Afterpay,COUPON0009,3.6,AUD
905374,2024-03-17T07:45:46,2024-03-17,439,26,Retail,Credit Card,COUPONZ---,1.21,AUD
905410,2024-03-17T19:16:01,2024-03-17,603,23,Retail,Credit Card,COUPON-AZA,0.82,AUD
905487,2024-03-17T22:25:28,2024-03-17,441,13,Online,Credit Card,COUPON-Z--,9.1,AUD
905537,2024-03-17T07:17:53,2024-03-17,667,7,Retail,PayPal,COUPON9Z00,19.34,AUD
905547,2024-03-17T15:03:51,2024-03-17,526,18,Online,PayPal,COUPON0---,15.56,AUD
905654,2024-03-17T23:54:18,2024-03-17,195,20,Online,PayPal,COUPONA--9,19.34,AUD
905725,2024-03-17T06:59:58,2024-03-17,495,12,Online,Afterpay,COUPONZZZZ,16.13,AUD
905730,2024-03-17T12:50:07,2024-03-17,617,18,Retail,Credit Card,COUPON0--Z,17.25,AUD
906017,2024-03-17T09:51:00,2024-03-17,106,14,Online,Credit Card,COUPON----,3.76,AUD
906037,2024-03-17T06:06:50,2024-03-17,689,28,Retail,Credit Card,COUPONZ9A-,0.08,AUD
906068,2024-03-17T00:11:17,2024-03-17,84,24,Online,Afterpay,COUPON-9--,0.94,AUD
906199,2024-03-17T00:44:34,2024-03-17,217,18,Retail,Credit Card,COUPONZ-AZ,2.26,AUD
906288,2024-03-17T17:35:56,2024-03-17,6,31,Online,Credit Card,COUPON--A9,11.4,AUD
906348,2024-03-17T08:32:12,2024-03-17,425,4,Retail,Credit Card,COUPONA9--,17.97,AUD
906371,2024-03-17T15:55:04,2024-03-17,771,11,Retail,PayPal,COUPON-AZZ,2.25,AUD
906402,2024-03-17T16:06:47,2024-03-17,58,38,Retail,PayPal,COUPON9--9,16.91,AUD
906510,2024-03-17T00:10:28,2024-03-17,528,3,Retail,PayPal,COUPON0Z--,8.18,AUD
906582,2024-03-17T06:02:15,2024-03-17,317,40,Retail,Credit Card,COUPON9-0Z,6.28,AUD
906687,2024-03-17T08:33:12,2024-03-17,267,29,Retail,Credit Card,COUPON-0A-,6.22,AUD
906769,2024-03-17T18:03:45,2024-03-17,636,26,Retail,PayPal,COUPON--90,4.82,AUD
906801,2024-03-17T11:04:51,2024-03-17,276,8,Retail,PayPal,COUPON099-,3.17,AUD
906962,2024-03-17T01:06:06,2024-03-17,86,14,Online,Credit Card,COUPON9--0,17.76,AUD
907002,2024-03-17T02:18:42,2024-03-17,331,35,Online,Credit Card,COUPON0-99,8.75,AUD
907004,2024-03-17T09:02:45,2024-03-17,616,16,Retail,PayPal,COUPON-AZ0,12.74,AUD
907140,2024-03-17T21:59:26,2024-03-17,568,9,Online,Afterpay,COUPON-ZZ-,13.91,AUD
907558,2024-03-17T14:05:27,2024-03-17,219,41,Online,Afterpay,COUPONA009,10.8,AUD
907608,2024-03-17T01:58:34,2024-03-17,130,41,Online,PayPal,COUPONZ0ZA,7.08,AUD
907613,2024-03-17T18:52:27,2024-03-17,606,4,Retail,Credit Card,COUPON--09,0.39,AUD
907673,2024-03-17T10:51:23,2024-03-17,37,36,Retail,PayPal,COUPON-0--,8.91,AUD
907802,2024-03-17T08:31:58,2024-03-17,596,47,Retail,Credit Card,COUPONAZ-Z,12.85,AUD
907835,2024-03-17T00:41:31,2024-03-17,108,34,Retail,PayPal,COUPON-Z-A,2.98,AUD
907924,2024-03-17T05:38:44,2024-03-17,549,14,Retail,PayPal,COUPON---9,1.67,AUD
908075,2024-03-17T17:35:45,2024-03-17,62,11,Online,Credit Card,COUPON9-ZZ,18.73,AUD
908200,2024-03-17T13:48:18,2024-03-17,509,49,Online,PayPal,COUPON0---,6.72,AUD
908259,2024-03-17T01:01:31,2024-03-17,761,25,Online,Credit Card,COUPONA9Z9,11.26,AUD
908353,2024-03-17T14:52:42,2024-03-17,789,9,Retail,Afterpay,COUPON9AA9,4.26,AUD
908477,2024-03-17T00:27:17,2024-03-17,554,9,Retail,Credit Card,COUPONZ--Z,3.14,AUD
908517,2024-03-17T02:14:38,2024-03-17,34,16,Online,Credit Card,COUPONZZA-,18.97,AUD
908648,2024-03-17T11:29:39,2024-03-17,104,44,Retail,Afterpay,COUPON9-A-,12.81,AUD
908690,2024-03-17T10:02:24,2024-03-17,679,22,Online,PayPal,COUPONA--0,13.09,AUD
908889,2024-03-17T08:10:00,2024-03-17,264,49,Retail,Afterpay,COUPON-0Z-,3.24,AUD
908981,2024-03-17T22:09:37,2024-03-17,348,20,Retail,PayPal,COUPON-Z0-,17.99,AUD
909154,2024-03-17T06:42:33,2024-03-17,159,7,Retail,Afterpay,COUPON9-9Z,9.51,AUD
909234,2024-03-17T02:00:41,2024-03-17,613,14,Online,Credit Card,COUPON---Z,15.93,AUD
909366,2024-03-17T08:48:28,2024-03-17,668,35,Online,Credit Card,COUPON----,19.71,AUD
909384,2024-03-17T08:07:32,2024-03-17,100,36,Online,PayPal,COUPON--0A,6.28,AUD
909468,2024-03-17T13:41:25,2024-03-17,436,1,Retail,PayPal,COUPON0-Z-,16.26,AUD
909522,2024-03-17T22:51:28,2024-03-17,692,39,Online,PayPal,COUPON-0--,4.24,AUD
909534,2024-03-17T12:17:01,2024-03-17,443,47,Online,Afterpay,COUPON099-,12.87,AUD
909582,2024-03-17T04:21:20,2024-03-17,521,20,Retail,Credit Card,COUPONA--Z,4.8,AUD
909702,2024-03-17T00:55:26,2024-03-17,684,1,Online,Credit Card,COUPONZ990,1.08,AUD
909710,2024-03-17T09:36:06,2024-03-17,431,31,Online,PayPal,COUPONZZ00,12.32,AUD
909732,2024-03-17T15:32:02,2024-03-17,649,43,Retail,Afterpay,COUPON9Z9A,15.01,AUD
909961,2024-03-17T00:38:28,2024-03-17,418,30,Online,Afterpay,COUPON99-Z,1.27,AUD
909965,2024-03-17T20:20:27,2024-03-17,259,17,Retail,PayPal,COUPON9--A,0.25,AUD
910194,2024-03-17T23:49:27,2024-03-17,679,23,Retail,PayPal,COUPON---9,19.81,AUD
910419,2024-03-17T14:02:28,2024-03-17,773,46,Retail,PayPal,COUPON-090,16.88,AUD
910720,2024-03-17T02:29:00,2024-03-17,218,21,Retail,Credit Card,COUPON09--,17.62,AUD
910760,2024-03-17T17:46:25,2024-03-17,233,33,Retail,Afterpay,COUPONA99Z,4.43,AUD
910802,2024-03-17T08:55:08,2024-03-17,286,23,Retail,PayPal,COUPONAA0Z,7.42,AUD
910911,2024-03-17T19:34:03,2024-03-17,293,38,Online,PayPal,COUPON--0A,9.33,AUD
910956,2024-03-17T08:48:07,2024-03-17,222,48,Online,Afterpay,COUPONAZ0A,9.07,AUD
911417,2024-03-17T17:59:15,2024-03-17,45,16,Online,Credit Card,COUPON099-,8.96,AUD
911418,2024-03-17T19:29:51,2024-03-17,140,28,Online,Afterpay,COUPONAAAA,5.14,AUD
911424,2024-03-17T08:31:32,2024-03-17,28,37,Retail,Credit Card,COUPON-9A9,8.14,AUD
911475,2024-03-17T16:28:34,2024-03-17,284,18,Online,Credit Card,COUPON9000,18.66,AUD
911506,2024-03-17T04:07:58,2024-03-17,705,3,Online,Afterpay,COUPON90A-,1.06,AUD
911536,2024-03-17T23:13:01,2024-03-17,646,2,Retail,PayPal,COUPON-ZAZ,6.71,AUD
911579,2024-03-17T20:22:29,2024-03-17,501,39,Retail,PayPal,COUPONA-A-,18.83,AUD
911857,2024-03-17T02:44:24,2024-03-17,265,27,Online,PayPal,COUPON-09A,11.67,AUD
911901,2024-03-17T05:41:31,2024-03-17,5,20,Retail,PayPal,COUPONAA-9,11.72,AUD
911950,2024-03-17T09:43:14,2024-03-17,458,32,Online,Credit Card,COUPONZZZA,2.12,AUD
911983,2024-03-17T17:53:34,2024-03-17,506,48,Online,Credit Card,COUPONAA09,0.87,AUD
912017,2024-03-17T16:02:22,2024-03-17,207,16,Retail,Credit Card,COUPON9---,0.03,AUD
912603,2024-03-17T21:02:17,2024-03-17,177,10,Online,Afterpay,COUPON--9-,8.03,AUD
912654,2024-03-17T10:57:20,2024-03-17,438,34,Retail,Afterpay,COUPON0---,11.57,AUD
912696,2024-03-17T22:14:17,2024-03-17,151,16,Online,Afterpay,COUPONA9A9,18.63,AUD
913208,2024-03-17T07:26:57,2024-03-17,784,41,Online,Credit Card,COUPON-00Z,3.03,AUD
913279,2024-03-17T01:15:56,2024-03-17,437,36,Retail,Credit Card,COUPON0---,2.1,AUD
913419,2024-03-17T03:04:10,2024-03-17,284,28,Online,Credit Card,COUPON9ZZA,13.76,AUD
913489,2024-03-17T09:47:53,2024-03-17,298,6,Online,Afterpay,COUPONAZAZ,2.69,AUD
913665,2024-03-17T00:30:05,2024-03-17,214,48,Online,PayPal,COUPON09Z0,15.49,AUD
913729,2024-03-17T11:10:10,2024-03-17,70,2,Retail,Afterpay,COUPON-9--,2.4,AUD
913808,2024-03-17T21:09:51,2024-03-17,158,3,Online,Credit Card,COUPONZ0-9,13.05,AUD
914201,2024-03-17T00:17:43,2024-03-17,345,2,Online,Afterpay,COUPONAA9-,9.45,AUD
914410,2024-03-17T05:21:18,2024-03-17,560,16,Online,Credit Card,COUPON0AA-,1.78,AUD
914562,2024-03-17T09:19:46,2024-03-17,297,10,Online,PayPal,COUPONA0AA,17.73,AUD
914601,2024-03-17T05:22:27,2024-03-17,309,21,Online,Afterpay,COUPON--09,9.46,AUD
914665,2024-03-17T04:37:55,2024-03-17,186,31,Retail,Afterpay,COUPON9--A,6.39,AUD
914829,2024-03-17T13:59:18,2024-03-17,485,29,Retail,Credit Card,COUPON-90-,1.18,AUD
914862,2024-03-17T18:57:24,2024-03-17,501,3,Online,PayPal,COUPONZA--,9.49,AUD
914972,2024-03-17T21:28:05,2024-03-17,491,1,Retail,PayPal,COUPON9-0-,19.29,AUD
915070,2024-03-17T17:09:55,2024-03-17,404,30,Online,PayPal,COUPON90-9,7.61,AUD
915192,2024-03-17T13:11:20,2024-03-17,562,31,Retail,Credit Card,COUPONA-AA,1.83,AUD
915204,2024-03-17T19:47:37,2024-03-17,360,35,Retail,Credit Card,COUPON0A-Z,16.54,AUD
915218,2024-03-17T03:04:13,2024-03-17,545,37,Online,Credit Card,COUPON0Z-9,8.13,AUD
915228,2024-03-17T09:07:00,2024-03-17,578,45,Retail,PayPal,COUPONZA09,2.74,AUD
915255,2024-03-17T14:34:42,2024-03-17,351,40,Online,Afterpay,COUPON9Z-A,0.85,AUD
915320,2024-03-17T15:12:10,2024-03-17,759,1,Retail,Afterpay,COUPONZ-AZ,12.88,AUD
915324,2024-03-17T23:22:42,2024-03-17,749,47,Online,PayPal,COUPON-9A9,1.89,AUD
915346,2024-03-17T13:40:15,2024-03-17,580,1,Retail,Credit Card,COUPON90A-,7.47,AUD
915434,2024-03-17T21:41:41,2024-03-17,88,40,Retail,Credit Card,COUPON0A00,14.79,AUD
915654,2024-03-17T08:03:13,2024-03-17,615,26,Retail,Afterpay,COUPON9---,13.89,AUD
915656,2024-03-17T04:02:09,2024-03-17,305,32,Retail,PayPal,COUPONA--9,8.61,AUD
915762,2024-03-17T10:03:36,2024-03-17,725,33,Online,Afterpay,COUPONAZ-9,12.3,AUD
915880,2024-03-17T17:29:56,2024-03-17,72,10,Online,Credit Card,COUPON099Z,19.19,AUD
916049,2024-03-17T16:39:00,2024-03-17,246,35,Online,Afterpay,COUPON9Z0-,6.54,AUD
916248,2024-03-17T22:15:10,2024-03-17,775,18,Online,Credit Card,COUPONA0Z9,9.24,AUD
916251,2024-03-17T04:00:28,2024-03-17,15,24,Retail,PayPal,COUPONAA-9,19.3,AUD
916325,2024-03-17T14:22:13,2024-03-17,225,16,Online,Afterpay,COUPON--99,12.16,AUD
916366,2024-03-17T11:20:17,2024-03-17,759,17,Retail,Credit Card,COUPON9-99,0.12,AUD
916461,2024-03-17T01:24:26,2024-03-17,460,36,Online,Afterpay,COUPON-Z0Z,3.96,AUD
916476,2024-03-17T04:34:21,2024-03-17,439,14,Online,Afterpay,COUPONZ---,15.2,AUD
916536,2024-03-17T20:26:36,2024-03-17,94,4,Retail,Credit Card,COUPONZA0-,6.16,AUD
916656,2024-03-17T09:13:46,2024-03-17,673,14,Retail,Credit Card,COUPONZ990,7.08,AUD
916698,2024-03-17T17:18:54,2024-03-17,214,33,Retail,PayPal,COUPON0AA9,11.16,AUD
916716,2024-03-17T15:38:39,2024-03-17,720,9,Online,PayPal,COUPONA-90,6.01,AUD
916830,2024-03-17T00:04:33,2024-03-17,129,41,Retail,Afterpay,COUPON09Z-,3.41,AUD
917088,2024-03-17T03:32:17,2024-03-17,236,43,Online,PayPal,COUPONZ-AA,17.9,AUD
917286,2024-03-17T08:35:00,2024-03-17,426,47,Online,PayPal,COUPON00--,6.23,AUD
917417,2024-03-17T13:13:31,2024-03-17,112,20,Online,Afterpay,COUPONZZ9-,5.31,AUD
917548,2024-03-17T06:34:31,2024-03-17,80,23,Online,Afterpay,COUPON9--Z,0.41,AUD
917720,2024-03-17T03:59:56,2024-03-17,669,21,Online,PayPal,COUPON-009,12.25,AUD
917941,2024-03-17T10:03:14,2024-03-17,249,14,Retail,Credit Card,COUPON9A--,4.5,AUD
917960,2024-03-17T08:46:09,2024-03-17,126,19,Retail,Afterpay,COUPON9-AA,8.88,AUD
918015,2024-03-17T14:03:56,2024-03-17,635,10,Online,Afterpay,COUPONA9-A,13.91,AUD
918394,2024-03-17T07:26:40,2024-03-17,393,32,Retail,Afterpay,COUPONZ0-A,18.16,AUD
918490,2024-03-17T00:34:03,2024-03-17,87,18,Retail,Afterpay,COUPON--9-,15.39,AUD
918579,2024-03-17T07:19:03,2024-03-17,6,1,Retail,Afterpay,COUPON-9-9,0.85,AUD
918627,2024-03-17T01:29:46,2024-03-17,487,35,Retail,Credit Card,COUPON00Z-,1.6,AUD
918628,2024-03-17T15:18:23,2024-03-17,343,13,Retail,Afterpay,COUPONAA90,12.97,AUD
918690,2024-03-17T08:53:07,2024-03-17,798,47,Retail,PayPal,COUPONZ--9,9.58,AUD
918842,2024-03-17T06:57:58,2024-03-17,250,10,Retail,PayPal,COUPON9ZA-,4.68,AUD
918892,2024-03-17T03:34:10,2024-03-17,530,27,Online,Credit Card,COUPON-9AA,7.14,AUD
918905,2024-03-17T03:08:19,2024-03-17,797,31,Retail,Credit Card,COUPON0---,11.2,AUD
918945,2024-03-17T15:07:00,2024-03-17,520,2,Online,PayPal,COUPONZA--,4.99,AUD
919187,2024-03-17T18:38:03,2024-03-17,123,10,Online,PayPal,COUPONA-0-,14.42,AUD
919234,2024-03-17T03:04:33,2024-03-17,572,20,Online,PayPal,COUPON-ZA-,5.18,AUD
919245,2024-03-17T02:35:29,2024-03-17,262,35,Retail,Afterpay,COUPONZ-A-,11.94,AUD
919366,2024-03-17T23:29:49,2024-03-17,654,45,Online,Credit Card,COUPON-990,9.55,AUD
919580,2024-03-17T08:39:19,2024-03-17,426,13,Retail,PayPal,COUPON0-AZ,1.3,AUD
919633,2024-03-17T07:07:33,2024-03-17,749,34,Online,PayPal,COUPON9--9,16.67,AUD
919804,2024-03-17T15:05:46,2024-03-17,50,2,Retail,PayPal,COUPONZ9Z-,11.59,AUD
919833,2024-03-17T01:44:31,2024-03-17,51,20,Online,PayPal,COUPON9A9A,6.88,AUD
919932,2024-03-17T06:42:31,2024-03-17,436,27,Retail,PayPal,COUPON0-0A,12.02,AUD
920157,2024-03-17T05:06:57,2024-03-17,273,27,Online,Afterpay,COUPON9Z-9,9.42,AUD
920159,2024-03-17T23:05:30,2024-03-17,220,8,Retail,Credit Card,COUPON0A0-,12.04,AUD
920424,2024-03-17T20:01:59,2024-03-17,546,19,Retail,PayPal,COUPONA---,9.72,AUD
920639,2024-03-17T11:17:48,2024-03-17,257,33,Retail,PayPal,COUPON99Z-,13.08,AUD
920840,2024-03-17T21:44:23,2024-03-17,728,8,Online,Credit Card,COUPON--9-,2.13,AUD
920864,2024-03-17T03:34:28,2024-03-17,489,17,Retail,PayPal,COUPON0Z9Z,11.16,AUD
920882,2024-03-17T08:06:01,2024-03-17,311,31,Retail,PayPal,COUPONZ-ZA,1.82,AUD
920921,2024-03-17T23:05:30,2024-03-17,703,39,Retail,PayPal,COUPON009A,18.3,AUD
921024,2024-03-17T04:15:58,2024-03-17,282,47,Online,Credit Card,COUPON0-AA,9.03,AUD
921216,2024-03-17T16:22:05,2024-03-17,409,37,Online,Credit Card,COUPON-Z-A,10.94,AUD
921223,2024-03-17T19:28:11,2024-03-17,676,11,Online,Afterpay,COUPON----,13.01,AUD
921318,2024-03-17T20:28:33,2024-03-17,72,35,Retail,PayPal,COUPON9Z-Z,18.85,AUD
921380,2024-03-17T11:32:14,2024-03-17,637,8,Online,Credit Card,COUPON9--Z,8.21,AUD
921492,2024-03-17T16:35:35,2024-03-17,525,13,Online,Credit Card,COUPONA-A-,1.68,AUD
921642,2024-03-17T08:39:44,2024-03-17,694,8,Retail,Credit Card,COUPON0--9,15.93,AUD
921759,2024-03-17T05:59:12,2024-03-17,264,2,Online,Credit Card,COUPON9Z90,11.58,AUD
921956,2024-03-17T02:31:51,2024-03-17,490,10,Online,PayPal,COUPON9-0-,17.76,AUD
922072,2024-03-17T22:58:27,2024-03-17,384,27,Retail,Credit Card,COUPON99-Z,1.58,AUD
922074,2024-03-17T20:37:12,2024-03-17,174,11,Online,PayPal,COUPON0Z-0,19.0,AUD
922265,2024-03-17T11:42:55,2024-03-17,581,2,Online,PayPal,COUPON90-9,5.41,AUD
922347,2024-03-17T21:46:33,2024-03-17,118,2,Retail,Credit Card,COUPONA-Z-,8.89,AUD
922419,2024-03-17T20:24:21,2024-03-17,275,6,Retail,PayPal,COUPON-00A,12.76,AUD
922463,2024-03-17T16:44:36,2024-03-17,711,15,Online,PayPal,COUPONA-0-,19.84,AUD
922693,2024-03-17T22:17:58,2024-03-17,102,48,Retail,Credit Card,COUPON-AZ0,9.46,AUD
922717,2024-03-17T23:29:57,2024-03-17,313,7,Retail,PayPal,COUPONA090,16.98,AUD
922727,2024-03-17T11:06:13,2024-03-17,201,20,Online,PayPal,COUPONZ09-,16.97,AUD
922751,2024-03-17T09:08:05,2024-03-17,622,17,Retail,PayPal,COUPONZ-9-,16.98,AUD
922792,2024-03-17T16:32:27,2024-03-17,379,46,Retail,Afterpay,COUPON-9A0,17.19,AUD
922835,2024-03-17T23:17:54,2024-03-17,570,35,Retail,Credit Card,COUPON00-Z,7.72,AUD
922939,2024-03-17T21:59:51,2024-03-17,223,14,Retail,PayPal,COUPON-9Z-,6.67,AUD
923057,2024-03-17T21:45:22,2024-03-17,439,4,Online,PayPal,COUPONA-AA,13.67,AUD
923131,2024-03-17T21:11:34,2024-03-17,253,6,Retail,Credit Card,COUPONZ-99,16.74,AUD
923469,2024-03-17T21:49:01,2024-03-17,249,8,Online,Credit Card,COUPONAA--,0.12,AUD
923492,2024-03-17T10:15:32,2024-03-17,319,43,Retail,Credit Card,COUPON9AAZ,5.7,AUD
923718,2024-03-17T02:25:36,2024-03-17,642,47,Online,PayPal,COUPONZ-A-,0.85,AUD
923915,2024-03-17T07:48:57,2024-03-17,322,6,Retail,PayPal,COUPON90--,4.11,AUD
923965,2024-03-17T07:40:27,2024-03-17,270,13,Online,PayPal,COUPON-99-,0.21,AUD
924010,2024-03-17T03:31:34,2024-03-17,612,32,Online,PayPal,COUPONZZ-9,15.96,AUD
924012,2024-03-17T16:29:53,2024-03-17,341,11,Retail,Afterpay,COUPON-0ZZ,0.8,AUD
924036,2024-03-17T01:35:52,2024-03-17,292,29,Online,Credit Card,COUPON--9-,11.82,AUD
924082,2024-03-17T07:39:15,2024-03-17,683,37,Retail,Credit Card,COUPONZ-AZ,15.85,AUD
924155,2024-03-17T23:50:50,2024-03-17,708,11,Online,Afterpay,COUPON--00,6.91,AUD
924287,2024-03-17T00:32:22,2024-03-17,353,5,Retail,Afterpay,COUPON-AZ0,15.36,AUD
924309,2024-03-17T08:06:29,2024-03-17,381,38,Online,PayPal,COUPON-9-9,14.78,AUD
924512,2024-03-17T06:27:38,2024-03-17,190,19,Retail,Afterpay,COUPON-A-0,1.32,AUD
924843,2024-03-17T22:48:08,2024-03-17,631,1,Online,Credit Card,COUPON9909,8.62,AUD
924859,2024-03-17T20:08:53,2024-03-17,525,24,Online,Afterpay,COUPON-0-Z,10.66,AUD
924935,2024-03-17T21:40:36,2024-03-17,245,36,Online,Afterpay,COUPON--AA,4.22,AUD
924937,2024-03-17T19:50:35,2024-03-17,85,2,Retail,PayPal,COUPONZ09-,13.23,AUD
925003,2024-03-17T14:43:18,2024-03-17,688,28,Online,Credit Card,COUPON-99A,6.09,AUD
925005,2024-03-17T16:42:28,2024-03-17,51,29,Retail,PayPal,COUPONZ-90,5.44,AUD
925166,2024-03-17T04:00:01,2024-03-17,765,3,Online,Afterpay,COUPON0--A,3.8,AUD
925177,2024-03-17T09:35:48,2024-03-17,509,12,Online,Credit Card,COUPON9AAA,3.37,AUD
925185,2024-03-17T15:04:16,2024-03-17,251,13,Online,PayPal,COUPON--0-,0.57,AUD
925227,2024-03-17T06:30:12,2024-03-17,438,47,Online,Credit Card,COUPONZZ9-,5.57,AUD
925466,2024-03-17T02:11:41,2024-03-17,29,12,Online,PayPal,COUPON-0A-,15.41,AUD
925599,2024-03-17T16:16:32,2024-03-17,38,14,Retail,Credit Card,COUPONZ--Z,14.28,AUD
925872,2024-03-17T02:47:50,2024-03-17,55,18,Retail,Credit Card,COUPON-90A,11.32,AUD
925961,2024-03-17T19:55:52,2024-03-17,15,34,Retail,Credit Card,COUPON0ZAA,13.75,AUD
926061,2024-03-17T19:56:51,2024-03-17,126,41,Online,PayPal,COUPONZ--9,7.19,AUD
926295,2024-03-17T05:32:36,2024-03-17,467,13,Online,PayPal,COUPON--9A,12.9,AUD
926313,2024-03-17T21:27:43,2024-03-17,236,33,Retail,PayPal,COUPONAA-0,1.79,AUD
926450,2024-03-17T23:55:05,2024-03-17,611,49,Retail,Credit Card,COUPON9--9,0.61,AUD
926468,2024-03-17T19:01:38,2024-03-17,661,29,Retail,PayPal,COUPON-9A-,10.32,AUD
926593,2024-03-17T14:19:00,2024-03-17,308,49,Online,Afterpay,COUPON-Z-0,16.41,AUD
926688,2024-03-17T04:00:37,2024-03-17,617,19,Online,Afterpay,COUPONA-90,11.29,AUD
926736,2024-03-17T14:56:25,2024-03-17,617,42,Online,PayPal,COUPONZZAZ,2.77,AUD
926768,2024-03-17T02:49:10,2024-03-17,680,31,Online,Credit Card,COUPONZZ-9,9.65,AUD
926927,2024-03-17T18:00:13,2024-03-17,695,11,Online,Credit Card,COUPONAZAA,18.51,AUD
927073,2024-03-17T04:18:04,2024-03-17,485,31,Online,Afterpay,COUPONA909,6.76,AUD
927141,2024-03-17T06:39:17,2024-03-17,471,47,Online,PayPal,COUPON9909,13.62,AUD
927214,2024-03-17T20:14:53,2024-03-17,95,3,Retail,PayPal,COUPONAAZ9,8.16,AUD
927240,2024-03-17T08:34:25,2024-03-17,289,27,Online,Afterpay,COUPONZA-9,9.84,AUD
927245,2024-03-17T22:05:04,2024-03-17,627,9,Retail,Afterpay,COUPON-0Z-,7.08,AUD
927369,2024-03-17T09:36:32,2024-03-17,529,13,Retail,Afterpay,COUPONAZ-0,1.93,AUD
927376,2024-03-17T14:42:16,2024-03-17,344,40,Online,Credit Card,COUPON9-ZA,19.25,AUD
927629,2024-03-17T20:58:14,2024-03-17,90,7,Online,Afterpay,COUPON00-A,3.02,AUD
927657,2024-03-17T15:26:13,2024-03-17,212,21,Retail,PayPal,COUPON-A--,11.12,AUD
927662,2024-03-17T09:49:59,2024-03-17,149,32,Online,Credit Card,COUPON-AA0,8.26,AUD
927792,2024-03-17T21:52:07,2024-03-17,24,33,Online,Credit Card,COUPON09ZZ,19.98,AUD
927864,2024-03-17T14:53:16,2024-03-17,111,26,Retail,Afterpay,COUPON9A--,15.03,AUD
927935,2024-03-17T09:41:37,2024-03-17,669,33,Online,Credit Card,COUPONAZA-,17.23,AUD
928060,2024-03-17T18:48:51,2024-03-17,235,12,Online,Credit Card,COUPON9AZ-,6.32,AUD
928080,2024-03-17T10:17:51,2024-03-17,601,21,Online,PayPal,COUPONZ999,3.96,AUD
928143,2024-03-17T21:08:42,2024-03-17,629,4,Online,Afterpay,COUPON00ZZ,15.96,AUD
928182,2024-03-17T10:57:39,2024-03-17,419,30,Online,PayPal,COUPONA--0,6.22,AUD
928273,2024-03-17T20:20:34,2024-03-17,149,32,Online,Credit Card,COUPON--00,0.35,AUD
928347,2024-03-17T17:57:02,2024-03-17,383,29,Online,PayPal,COUPON--A-,4.1,AUD
928448,2024-03-17T20:43:35,2024-03-17,126,16,Online,Credit Card,COUPON9Z99,11.5,AUD
928458,2024-03-17T05:18:22,2024-03-17,743,35,Online,Afterpay,COUPON-99-,8.12,AUD
928571,2024-03-17T14:30:30,2024-03-17,590,16,Online,PayPal,COUPONZ90Z,10.35,AUD
928677,2024-03-17T13:03:35,2024-03-17,49,5,Online,Credit Card,COUPON90--,11.54,AUD
928702,2024-03-17T09:03:25,2024-03-17,89,25,Retail,Afterpay,COUPON-9Z0,15.88,AUD
928918,2024-03-17T05:51:49,2024-03-17,27,23,Online,PayPal,COUPON0---,15.44,AUD
928940,2024-03-17T10:53:46,2024-03-17,174,21,Retail,PayPal,COUPONZZZZ,0.69,AUD
929119,2024-03-17T06:17:04,2024-03-17,24,33,Retail,Afterpay,COUPONZ0-0,1.85,AUD
929223,2024-03-17T16:46:44,2024-03-17,533,42,Online,Credit Card,COUPON-0-9,3.98,AUD
929297,2024-03-17T00:46:43,2024-03-17,409,40,Retail,Afterpay,COUPON9-0-,5.17,AUD
929348,2024-03-17T16:40:46,2024-03-17,567,28,Online,PayPal,COUPON0ZAZ,13.42,AUD
929374,2024-03-17T19:01:46,2024-03-17,683,48,Retail,Credit Card,COUPONZ990,0.3,AUD
929450,2024-03-17T14:40:33,2024-03-17,299,20,Online,Afterpay,COUPON-Z0Z,12.52,AUD
929487,2024-03-17T21:44:40,2024-03-17,460,9,Retail,Afterpay,COUPON0-A0,1.75,AUD
929695,2024-03-17T03:51:43,2024-03-17,91,1,Online,PayPal,COUPONAZ-Z,12.69,AUD
929814,2024-03-17T14:18:01,2024-03-17,162,13,Online,Credit Card,COUPON--A-,7.3,AUD
929905,2024-03-17T11:57:43,2024-03-17,123,19,Online,PayPal,COUPON0A09,5.82,AUD
930066,2024-03-17T00:23:05,2024-03-17,784,49,Retail,Afterpay,COUPONA-A9,1.57,AUD
930550,2024-03-17T14:39:36,2024-03-17,48,26,Online,Afterpay,COUPON99A9,18.8,AUD
930772,2024-03-17T01:18:14,2024-03-17,632,25,Retail,Credit Card,COUPON--ZA,17.86,AUD
930897,2024-03-17T15:26:42,2024-03-17,22,5,Online,PayPal,COUPON9A-Z,5.06,AUD
931060,2024-03-17T07:26:34,2024-03-17,469,17,Retail,Credit Card,COUPON90AA,17.03,AUD
931167,2024-03-17T21:05:38,2024-03-17,14,47,Online,PayPal,COUPON9Z0-,1.49,AUD
931227,2024-03-17T14:36:49,2024-03-17,90,15,Online,Credit Card,COUPON0-09,17.73,AUD
931246,2024-03-17T15:37:06,2024-03-17,260,11,Retail,Afterpay,COUPONA-AA,17.55,AUD
931294,2024-03-17T08:41:38,2024-03-17,381,49,Retail,PayPal,COUPON----,13.04,AUD
931350,2024-03-17T23:58:45,2024-03-17,760,15,Retail,Credit Card,COUPON-ZAA,16.4,AUD
931448,2024-03-17T23:55:51,2024-03-17,28,19,Retail,PayPal,COUPON---Z,6.81,AUD
931511,2024-03-17T21:05:46,2024-03-17,197,14,Retail,Afterpay,COUPON-909,15.93,AUD
931627,2024-03-17T06:46:09,2024-03-17,684,43,Retail,Afterpay,COUPON09--,3.52,AUD
931646,2024-03-17T11:53:55,2024-03-17,78,16,Retail,Credit Card,COUPONAZ-Z,6.55,AUD
931689,2024-03-17T13:04:39,2024-03-17,253,41,Retail,Credit Card,COUPON-9Z0,1.91,AUD
931771,2024-03-17T05:05:47,2024-03-17,374,48,Online,Credit Card,COUPON090-,9.2,AUD
931788,2024-03-17T01:05:41,2024-03-17,271,9,Retail,Afterpay,COUPON-90-,1.74,AUD
931832,2024-03-17T17:28:29,2024-03-17,431,6,Online,Afterpay,COUPON--00,16.29,AUD
931833,2024-03-17T18:19:33,2024-03-17,697,24,Retail,Afterpay,COUPON0-0-,19.57,AUD
932075,2024-03-17T02:46:37,2024-03-17,492,39,Online,PayPal,COUPONZ0A-,15.75,AUD
932263,2024-03-17T14:43:32,2024-03-17,191,11,Retail,Afterpay,COUPON-999,19.56,AUD
932321,2024-03-17T00:29:57,2024-03-17,686,42,Retail,PayPal,COUPON9--9,9.69,AUD
932365,2024-03-17T21:19:41,2024-03-17,658,29,Online,PayPal,COUPON00ZA,13.14,AUD
932381,2024-03-17T19:17:17,2024-03-17,50,27,Retail,PayPal,COUPON9-Z-,9.98,AUD
932405,2024-03-17T11:25:04,2024-03-17,508,28,Retail,PayPal,COUPON099-,1.16,AUD
932539,2024-03-17T00:55:49,2024-03-17,171,33,Retail,PayPal,COUPON9-Z0,6.61,AUD
932566,2024-03-17T11:42:03,2024-03-17,207,23,Retail,Credit Card,COUPONZ00Z,18.93,AUD
932788,2024-03-17T10:49:10,2024-03-17,397,41,Retail,Afterpay,COUPONA-0-,4.8,AUD
932827,2024-03-17T05:59:29,2024-03-17,793,14,Retail,Afterpay,COUPON990A,14.87,AUD
933050,2024-03-17T18:31:24,2024-03-17,428,38,Online,Credit Card,COUPON-A-Z,13.25,AUD
933334,2024-03-17T17:25:33,2024-03-17,82,36,Retail,Afterpay,COUPON90Z9,1.81,AUD
933375,2024-03-17T18:03:11,2024-03-17,773,22,Online,Credit Card,COUPONZ-9A,15.03,AUD
933419,2024-03-17T12:47:09,2024-03-17,191,44,Online,PayPal,COUPON00AA,15.58,AUD
933565,2024-03-17T08:21:29,2024-03-17,149,28,Retail,Afterpay,COUPON-A-0,5.16,AUD
933699,2024-03-17T06:47:25,2024-03-17,187,36,Online,Afterpay,COUPON-000,12.59,AUD
933819,2024-03-17T09:15:00,2024-03-17,550,39,Retail,Credit Card,COUPON09-Z,16.18,AUD
934011,2024-03-17T16:16:28,2024-03-17,191,20,Retail,PayPal,COUPON9ZAA,0.52,AUD
934096,2024-03-17T09:00:53,2024-03-17,707,44,Online,Credit Card,COUPON9-Z-,9.63,AUD
934120,2024-03-17T02:30:58,2024-03-17,184,49,Retail,Credit Card,COUPONZAZ0,2.51,AUD
934210,2024-03-17T05:04:23,2024-03-17,518,38,Online,Credit Card,COUPONZ-0-,17.21,AUD
934280,2024-03-17T14:28:21,2024-03-17,637,16,Retail,Credit Card,COUPON0Z90,0.32,AUD
934407,2024-03-17T07:57:59,2024-03-17,268,46,Online,Afterpay,COUPON-0A0,18.81,AUD
934446,2024-03-17T15:18:35,2024-03-17,569,34,Online,Afterpay,COUPON--90,3.07,AUD
934482,2024-03-17T06:19:37,2024-03-17,766,2,Online,Credit Card,COUPON90-Z,3.91,AUD
934512,2024-03-17T21:24:34,2024-03-17,263,12,Retail,Credit Card,COUPONA-9-,2.1,AUD
934656,2024-03-17T19:46:04,2024-03-17,324,1,Retail,PayPal,COUPON--ZZ,2.47,AUD
934691,2024-03-17T21:51:46,2024-03-17,702,17,Retail,Afterpay,COUPON-A0A,2.69,AUD
934701,2024-03-17T17:28:39,2024-03-17,507,27,Retail,PayPal,COUPON--A-,1.44,AUD
934906,2024-03-17T19:48:10,2024-03-17,784,43,Online,Afterpay,COUPON-9Z-,7.25,AUD
935008,2024-03-17T18:21:40,2024-03-17,341,1,Retail,PayPal,COUPON-A-A,19.74,AUD
935172,2024-03-17T05:58:26,2024-03-17,2,10,Online,PayPal,COUPONZ-0-,17.68,AUD
935224,2024-03-17T04:12:35,2024-03-17,232,6,Online,Credit Card,COUPON--99,7.62,AUD
935462,2024-03-17T12:46:57,2024-03-17,227,27,Online,Afterpay,COUPONA0-A,3.03,AUD
935518,2024-03-17T18:54:34,2024-03-17,726,17,Online,Credit Card,COUPON-Z-A,17.3,AUD
935778,2024-03-17T21:44:39,2024-03-17,486,28,Online,Credit Card,COUPONA-AA,7.14,AUD
935832,2024-03-17T09:42:38,2024-03-17,125,44,Retail,Afterpay,COUPON-0A9,10.53,AUD
935897,2024-03-17T12:34:53,2024-03-17,649,4,Online,Credit Card,COUPONZ0AA,11.67,AUD
935907,2024-03-17T02:00:07,2024-03-17,695,17,Retail,Credit Card,COUPON0AA-,14.91,AUD
936053,2024-03-17T14:49:49,2024-03-17,559,40,Retail,PayPal,COUPON-090,16.16,AUD
936056,2024-03-17T13:05:53,2024-03-17,4,43,Online,Afterpay,COUPONA-Z-,0.42,AUD
936107,2024-03-17T01:57:11,2024-03-17,41,26,Online,Afterpay,COUPON0AA-,13.65,AUD
936308,2024-03-17T06:04:50,2024-03-17,165,20,Retail,Credit Card,COUPON0A-0,12.87,AUD
936339,2024-03-17T00:05:16,2024-03-17,714,15,Online,Afterpay,COUPON-0ZA,8.76,AUD
936367,2024-03-17T12:01:46,2024-03-17,646,33,Online,PayPal,COUPONA-A0,13.7,AUD
936405,2024-03-17T04:29:22,2024-03-17,329,45,Online,Credit Card,COUPON0--Z,18.57,AUD
936417,2024-03-17T15:47:17,2024-03-17,310,47,Online,Afterpay,COUPON9Z0Z,18.9,AUD
936437,2024-03-17T01:15:04,2024-03-17,61,42,Retail,Credit Card,COUPONA9--,12.31,AUD
936534,2024-03-17T19:31:21,2024-03-17,139,31,Retail,Credit Card,COUPON----,5.47,AUD
936557,2024-03-17T07:50:31,2024-03-17,491,48,Online,PayPal,COUPON-Z00,19.47,AUD
936639,2024-03-17T19:08:14,2024-03-17,367,12,Online,Credit Card,COUPONZA99,4.47,AUD
936971,2024-03-17T19:00:58,2024-03-17,708,8,Online,Afterpay,COUPONZ0A-,13.31,AUD
937005,2024-03-17T08:34:29,2024-03-17,534,27,Retail,Afterpay,COUPON9AAA,18.66,AUD
937052,2024-03-17T19:58:04,2024-03-17,331,44,Online,Credit Card,COUPONAZ-9,4.57,AUD
937129,2024-03-17T08:27:54,2024-03-17,182,2,Retail,PayPal,COUPON-990,19.21,AUD
937151,2024-03-17T16:05:27,2024-03-17,624,32,Online,Credit Card,COUPONZ-9-,10.01,AUD
937244,2024-03-17T20:49:21,2024-03-17,160,28,Retail,Credit Card,COUPON00A-,6.56,AUD
937257,2024-03-17T06:55:03,2024-03-17,294,21,Online,Credit Card,COUPON9AZA,12.25,AUD
937353,2024-03-17T12:01:25,2024-03-17,295,42,Online,Credit Card,COUPON-9AA,8.17,AUD
937410,2024-03-17T08:08:35,2024-03-17,108,5,Retail,Afterpay,COUPON-A09,7.63,AUD
937465,2024-03-17T10:09:02,2024-03-17,616,38,Online,Afterpay,COUPONA--0,6.68,AUD
937542,2024-03-17T11:10:34,2024-03-17,724,16,Retail,Afterpay,COUPONZ--Z,3.77,AUD
937562,2024-03-17T14:52:18,2024-03-17,450,38,Retail,Afterpay,COUPON-A-A,10.28,AUD
937633,2024-03-17T07:37:20,2024-03-17,534,14,Retail,PayPal,COUPONZ-0A,8.73,AUD
937694,2024-03-17T03:50:39,2024-03-17,569,34,Online,Afterpay,COUPON9-Z-,14.49,AUD
937814,2024-03-17T09:23:10,2024-03-17,118,21,Retail,Credit Card,COUPON90Z0,8.96,AUD
937870,2024-03-17T08:36:55,2024-03-17,29,45,Retail,PayPal,COUPONA-0-,10.01,AUD
937932,2024-03-17T23:53:37,2024-03-17,34,24,Retail,PayPal,COUPONA-A-,12.48,AUD
938036,2024-03-17T13:45:01,2024-03-17,554,3,Online,Afterpay,COUPON00A-,9.51,AUD
938038,2024-03-17T02:49:48,2024-03-17,584,35,Online,PayPal,COUPON99--,8.85,AUD
938043,2024-03-17T21:03:45,2024-03-17,670,1,Retail,Credit Card,COUPON0AAZ,1.34,AUD
938126,2024-03-17T20:39:03,2024-03-17,313,18,Online,PayPal,COUPONAAZ9,4.99,AUD
938155,2024-03-17T17:53:19,2024-03-17,562,29,Online,Credit Card,COUPONAZ0A,19.89,AUD
938230,2024-03-17T02:59:07,2024-03-17,501,27,Retail,PayPal,COUPON99--,4.57,AUD
938243,2024-03-17T20:57:22,2024-03-17,467,34,Retail,PayPal,COUPON-0ZA,11.21,AUD
938407,2024-03-17T15:27:36,2024-03-17,444,13,Online,Afterpay,COUPON990A,15.78,AUD
938431,2024-03-17T11:49:43,2024-03-17,288,32,Online,Credit Card,COUPON9Z0-,13.88,AUD
938629,2024-03-17T12:17:20,2024-03-17,562,9,Retail,Credit Card,COUPON00-A,7.81,AUD
938703,2024-03-17T20:47:11,2024-03-17,115,20,Retail,PayPal,COUPON-AAA,4.18,AUD
938817,2024-03-17T13:59:04,2024-03-17,764,38,Online,Credit Card,COUPON90Z9,8.87,AUD
938867,2024-03-17T23:09:02,2024-03-17,420,34,Retail,Credit Card,COUPONAAZ-,18.56,AUD
938997,2024-03-17T05:48:47,2024-03-17,394,15,Retail,PayPal,COUPON-Z-0,9.52,AUD
939035,2024-03-17T18:58:54,2024-03-17,25,45,Retail,Afterpay,COUPONAAZZ,10.48,AUD
939097,2024-03-17T06:36:26,2024-03-17,3,38,Online,Credit Card,COUPONA-00,11.79,AUD
939132,2024-03-17T13:03:01,2024-03-17,485,46,Online,Afterpay,COUPONAZ-Z,4.44,AUD
939157,2024-03-17T03:49:05,2024-03-17,416,29,Online,PayPal,COUPONA9A-,16.31,AUD
939311,2024-03-17T10:39:05,2024-03-17,126,41,Retail,Credit Card,COUPON0Z-Z,3.7,AUD
939338,2024-03-17T09:26:57,2024-03-17,307,38,Online,PayPal,COUPON-09Z,0.46,AUD
939370,2024-03-17T03:59:18,2024-03-17,228,21,Online,Credit Card,COUPON-Z9-,17.97,AUD
939502,2024-03-17T12:20:36,2024-03-17,89,3,Retail,Afterpay,COUPON0A9Z,4.7,AUD
939598,2024-03-17T23:05:57,2024-03-17,365,24,Retail,Afterpay,COUPON-AA0,16.08,AUD
939612,2024-03-17T06:04:46,2024-03-17,217,8,Online,PayPal,COUPON0-9-,19.65,AUD
939720,2024-03-17T01:11:30,2024-03-17,502,39,Online,PayPal,COUPON-A-9,15.01,AUD
939759,2024-03-17T18:59:35,2024-03-17,686,17,Retail,Afterpay,COUPON-90-,8.3,AUD
939895,2024-03-17T13:42:24,2024-03-17,799,48,Online,PayPal,COUPON9--Z,9.52,AUD
939933,2024-03-17T20:38:42,2024-03-17,606,4,Online,Credit Card,COUPON-Z-A,3.18,AUD
940041,2024-03-17T08:32:17,2024-03-17,320,32,Online,Afterpay,COUPON0Z--,18.5,AUD
940084,2024-03-17T20:46:39,2024-03-17,256,26,Retail,PayPal,COUPONA-99,3.24,AUD
940239,2024-03-17T06:30:41,2024-03-17,427,47,Online,Credit Card,COUPON-A0A,13.07,AUD
940243,2024-03-17T19:29:38,2024-03-17,630,17,Retail,Credit Card,COUPON0--0,4.62,AUD
940263,2024-03-17T05:47:43,2024-03-17,475,43,Retail,PayPal,COUPON--09,1.16,AUD
940346,2024-03-17T13:05:49,2024-03-17,411,13,Online,Afterpay,COUPON9A--,1.13,AUD
940373,2024-03-17T10:56:53,2024-03-17,64,43,Online,Afterpay,COUPON090-,5.92,AUD
940392,2024-03-17T14:43:58,2024-03-17,485,20,Retail,Afterpay,COUPON9-9Z,10.58,AUD
940584,2024-03-17T07:54:57,2024-03-17,646,15,Retail,Afterpay,COUPON90ZZ,5.48,AUD
940625,2024-03-17T17:03:39,2024-03-17,424,49,Retail,PayPal,COUPON--Z-,12.42,AUD
940666,2024-03-17T18:59:24,2024-03-17,283,33,Online,Afterpay,COUPONAZ9-,6.79,AUD
941021,2024-03-17T17:04:29,2024-03-17,251,2,Online,PayPal,COUPON09A9,15.28,AUD
941099,2024-03-17T11:44:07,2024-03-17,582,9,Retail,PayPal,COUPON9ZA-,11.23,AUD
941180,2024-03-17T13:48:58,2024-03-17,492,34,Retail,Credit Card,COUPONZAZ-,18.93,AUD
941252,2024-03-17T20:35:31,2024-03-17,394,2,Retail,Credit Card,COUPON--0A,15.41,AUD
941364,2024-03-17T03:18:40,2024-03-17,134,13,Online,Credit Card,COUPON99--,16.74,AUD
941463,2024-03-17T08:00:19,2024-03-17,741,27,Online,Afterpay,COUPON9A--,17.45,AUD
941482,2024-03-17T21:55:21,2024-03-17,284,40,Retail,Credit Card,COUPON-AZA,7.71,AUD
941505,2024-03-17T16:21:32,2024-03-17,20,43,Online,PayPal,COUPON000A,8.54,AUD
941643,2024-03-17T15:00:45,2024-03-17,87,22,Online,Afterpay,COUPON-A-0,13.27,AUD
941645,2024-03-17T12:11:45,2024-03-17,290,1,Online,PayPal,COUPON-AZA,0.01,AUD
941679,2024-03-17T22:54:36,2024-03-17,361,7,Online,PayPal,COUPON9A--,10.16,AUD
941861,2024-03-17T22:51:08,2024-03-17,30,47,Online,Credit Card,COUPON-9A0,12.47,AUD
941877,2024-03-17T02:59:29,2024-03-17,438,47,Retail,PayPal,COUPONA0ZA,11.73,AUD
941931,2024-03-17T11:00:54,2024-03-17,238,23,Retail,Credit Card,COUPON9Z90,9.52,AUD
942259,2024-03-17T00:13:31,2024-03-17,565,12,Retail,PayPal,COUPON---0,17.33,AUD
942262,2024-03-17T17:07:38,2024-03-17,752,8,Retail,PayPal,COUPON-0Z-,13.36,AUD
942294,2024-03-17T06:10:04,2024-03-17,675,49,Retail,Afterpay,COUPONA9-0,16.92,AUD
942298,2024-03-17T02:35:01,2024-03-17,667,13,Online,PayPal,COUPON-Z-A,13.65,AUD
942407,2024-03-17T12:12:21,2024-03-17,87,12,Online,Credit Card,COUPON-9-0,17.16,AUD
942430,2024-03-17T02:19:03,2024-03-17,485,34,Retail,PayPal,COUPONA--A,19.56,AUD
942444,2024-03-17T02:03:00,2024-03-17,666,32,Retail,Afterpay,COUPONZAZ0,8.24,AUD
942531,2024-03-17T13:43:00,2024-03-17,372,21,Online,Credit Card,COUPONZ9--,10.59,AUD
942698,2024-03-17T00:16:24,2024-03-17,589,15,Retail,Afterpay,COUPONZZ--,15.91,AUD
942707,2024-03-17T16:42:44,2024-03-17,573,16,Online,PayPal,COUPONA-Z9,15.48,AUD
942772,2024-03-17T22:55:41,2024-03-17,440,43,Online,Afterpay,COUPON--Z-,5.02,AUD
942970,2024-03-17T11:23:19,2024-03-17,183,17,Retail,PayPal,COUPONZ0--,9.87,AUD
943000,2024-03-17T19:28:02,2024-03-17,36,17,Retail,PayPal,COUPONZ99-,7.27,AUD
943137,2024-03-17T16:54:38,2024-03-17,663,47,Online,Credit Card,COUPONA--0,12.28,AUD
943288,2024-03-17T04:02:03,2024-03-17,614,6,Retail,PayPal,COUPONA099,14.71,AUD
943355,2024-03-17T03:27:35,2024-03-17,612,46,Online,PayPal,COUPONAZ09,10.01,AUD
943506,2024-03-17T07:29:35,2024-03-17,241,40,Retail,Credit Card,COUPON-9A-,18.67,AUD
943676,2024-03-17T23:46:01,2024-03-17,109,28,Retail,Credit Card,COUPONZA--,2.96,AUD
943707,2024-03-17T03:45:21,2024-03-17,599,12,Online,Credit Card,COUPON09Z9,9.2,AUD
943723,2024-03-17T19:09:49,2024-03-17,174,25,Online,Credit Card,COUPONAA0A,7.06,AUD
943726,2024-03-17T03:43:00,2024-03-17,307,35,Online,Afterpay,COUPON-Z0Z,6.53,AUD
943778,2024-03-17T17:49:14,2024-03-17,408,17,Retail,Afterpay,COUPON--AA,15.18,AUD
943898,2024-03-17T11:56:31,2024-03-17,595,25,Online,PayPal,COUPON0ZZ9,10.25,AUD
943943,2024-03-17T23:36:09,2024-03-17,640,7,Retail,Credit Card,COUPON-0AZ,12.83,AUD
944268,2024-03-17T05:56:20,2024-03-17,728,18,Retail,Afterpay,COUPON-90-,3.71,AUD
944391,2024-03-17T04:35:06,2024-03-17,20,8,Retail,PayPal,COUPON0A--,18.7,AUD
944434,2024-03-17T16:36:57,2024-03-17,171,7,Retail,PayPal,COUPONZ-9-,7.84,AUD
944463,2024-03-17T16:45:40,2024-03-17,267,10,Retail,Afterpay,COUPONAA9-,3.33,AUD
944511,2024-03-17T07:26:27,2024-03-17,444,22,Online,Credit Card,COUPON9A-Z,15.33,AUD
944542,2024-03-17T16:58:19,2024-03-17,88,16,Retail,Credit Card,COUPONZ99Z,14.1,AUD
944572,2024-03-17T02:53:30,2024-03-17,583,5,Online,PayPal,COUPON-909,4.1,AUD
944677,2024-03-17T16:41:40,2024-03-17,568,46,Online,Credit Card,COUPON---9,5.7,AUD
944726,2024-03-17T02:38:33,2024-03-17,687,45,Retail,Afterpay,COUPON9Z9-,4.45,AUD
944834,2024-03-17T12:53:42,2024-03-17,12,24,Retail,Credit Card,COUPONZ--Z,7.96,AUD
944887,2024-03-17T00:56:15,2024-03-17,761,18,Online,Credit Card,COUPON9--Z,6.89,AUD
944888,2024-03-17T05:43:55,2024-03-17,364,36,Retail,Credit Card,COUPON-A--,9.52,AUD
945045,2024-03-17T05:16:35,2024-03-17,652,8,Online,Credit Card,COUPON90Z0,9.56,AUD
945143,2024-03-17T02:02:09,2024-03-17,146,28,Retail,Afterpay,COUPON-9ZZ,15.94,AUD
945354,2024-03-17T22:04:11,2024-03-17,710,13,Retail,PayPal,COUPONZ9-A,10.95,AUD
945573,2024-03-17T00:16:34,2024-03-17,42,42,Retail,Credit Card,COUPON-9A0,4.74,AUD
945607,2024-03-17T18:19:41,2024-03-17,520,34,Online,PayPal,COUPONA909,1.56,AUD
945809,2024-03-17T18:11:18,2024-03-17,282,26,Online,Credit Card,COUPON99-Z,9.5,AUD
945989,2024-03-17T05:33:06,2024-03-17,338,43,Retail,Credit Card,COUPONA-Z9,0.42,AUD
946065,2024-03-17T07:38:14,2024-03-17,520,24,Online,PayPal,COUPON9A99,16.99,AUD
946082,2024-03-17T10:13:30,2024-03-17,775,8,Retail,PayPal,COUPON9Z09,5.1,AUD
946087,2024-03-17T11:35:09,2024-03-17,180,39,Online,Credit Card,COUPONA--0,4.91,AUD
946267,2024-03-17T05:52:12,2024-03-17,472,24,Retail,Afterpay,COUPON-0--,8.85,AUD
946348,2024-03-17T02:16:18,2024-03-17,759,36,Retail,PayPal,COUPON9-A9,5.79,AUD
946369,2024-03-17T05:38:18,2024-03-17,96,37,Retail,PayPal,COUPON-0A9,11.94,AUD
946421,2024-03-17T07:57:16,2024-03-17,297,48,Retail,PayPal,COUPON0-00,7.23,AUD
946472,2024-03-17T06:13:36,2024-03-17,66,9,Online,PayPal,COUPON-09Z,11.53,AUD
946490,2024-03-17T18:07:54,2024-03-17,130,31,Online,Credit Card,COUPON-0A0,17.66,AUD
946638,2024-03-17T10:30:33,2024-03-17,564,25,Retail,Credit Card,COUPON009-,17.8,AUD
946714,2024-03-17T00:08:40,2024-03-17,381,36,Retail,Afterpay,COUPON-0-A,13.13,AUD
946786,2024-03-17T20:30:26,2024-03-17,591,21,Retail,Afterpay,COUPONZ9--,7.15,AUD
946787,2024-03-17T12:03:27,2024-03-17,350,1,Retail,Credit Card,COUPON0-Z-,19.16,AUD
947068,2024-03-17T02:50:00,2024-03-17,529,40,Retail,Afterpay,COUPON--ZA,9.54,AUD
947180,2024-03-17T10:46:21,2024-03-17,389,27,Retail,PayPal,COUPONZZA-,3.1,AUD
947326,2024-03-17T15:01:22,2024-03-17,567,4,Online,Credit Card,COUPONZ0--,1.66,AUD
947348,2024-03-17T09:09:26,2024-03-17,141,19,Retail,Credit Card,COUPON-A-9,10.16,AUD
947528,2024-03-17T18:26:43,2024-03-17,772,41,Retail,Credit Card,COUPON--90,6.62,AUD
947608,2024-03-17T21:48:52,2024-03-17,645,5,Online,Afterpay,COUPON----,10.35,AUD
947610,2024-03-17T17:39:21,2024-03-17,174,34,Retail,Afterpay,COUPON000-,12.13,AUD
947725,2024-03-17T00:27:37,2024-03-17,230,16,Retail,Afterpay,COUPON---A,1.96,AUD
947798,2024-03-17T11:28:28,2024-03-17,348,2,Online,PayPal,COUPON-Z99,5.84,AUD
947957,2024-03-17T03:08:45,2024-03-17,29,36,Retail,PayPal,COUPON-ZZ9,1.67,AUD
948016,2024-03-17T10:41:27,2024-03-17,772,12,Retail,Afterpay,COUPONZAA0,10.82,AUD
948136,2024-03-17T00:57:51,2024-03-17,311,45,Online,PayPal,COUPON90--,8.48,AUD
948228,2024-03-17T07:29:54,2024-03-17,204,2,Retail,Afterpay,COUPON0-00,13.88,AUD
948322,2024-03-17T17:59:41,2024-03-17,434,38,Retail,Afterpay,COUPONA-9-,3.13,AUD
948378,2024-03-17T11:02:37,2024-03-17,714,24,Retail,PayPal,COUPON9-99,12.73,AUD
948459,2024-03-17T14:21:13,2024-03-17,78,21,Online,PayPal,COUPON-9Z-,6.5,AUD
948504,2024-03-17T18:18:32,2024-03-17,468,38,Online,PayPal,COUPONZ-Z0,7.98,AUD
948613,2024-03-17T22:03:33,2024-03-17,439,40,Retail,PayPal,COUPON00A-,2.65,AUD
948632,2024-03-17T09:03:01,2024-03-17,115,24,Online,Afterpay,COUPON-9Z-,10.56,AUD
948812,2024-03-17T12:01:52,2024-03-17,98,26,Retail,Credit Card,COUPON0-AZ,13.81,AUD
948867,2024-03-17T14:07:24,2024-03-17,1,25,Online,Credit Card,COUPONAZA-,6.57,AUD
949019,2024-03-17T13:36:48,2024-03-17,600,27,Online,PayPal,COUPON-A0-,10.53,AUD
949033,2024-03-17T19:10:27,2024-03-17,709,24,Online,Afterpay,COUPON99-Z,6.52,AUD
949034,2024-03-17T22:10:04,2024-03-17,382,26,Retail,Afterpay,COUPON-Z0-,7.38,AUD
949286,2024-03-17T18:35:36,2024-03-17,561,46,Retail,PayPal,COUPON--A0,19.14,AUD
949346,2024-03-17T16:00:45,2024-03-17,708,44,Retail,PayPal,COUPONAAZA,16.55,AUD
949576,2024-03-17T23:37:19,2024-03-17,663,19,Retail,PayPal,COUPONA--9,2.56,AUD
949649,2024-03-17T15:15:57,2024-03-17,134,37,Online,Credit Card,COUPON--A0,19.06,AUD
949654,2024-03-17T13:59:10,2024-03-17,531,20,Online,PayPal,COUPON9A--,10.41,AUD
949745,2024-03-17T21:20:41,2024-03-17,271,40,Online,PayPal,COUPON0-A9,0.08,AUD
949827,2024-03-17T06:51:56,2024-03-17,449,30,Online,Credit Card,COUPON9-0Z,1.27,AUD
949843,2024-03-17T23:59:57,2024-03-17,689,21,Online,PayPal,COUPONZ-A0,9.71,AUD
949849,2024-03-17T18:08:05,2024-03-17,246,25,Retail,PayPal,COUPON-Z9Z,2.19,AUD
949886,2024-03-17T19:16:50,2024-03-17,10,26,Retail,Credit Card,COUPONA---,13.37,AUD
949962,2024-03-17T18:00:38,2024-03-17,725,11,Retail,Credit Card,COUPON-AAZ,9.55,AUD
950072,2024-03-17T22:51:52,2024-03-17,92,21,Retail,Credit Card,COUPONZZ-A,15.48,AUD
950127,2024-03-17T09:53:12,2024-03-17,708,18,Online,PayPal,COUPON9-A9,18.95,AUD
950161,2024-03-17T14:01:46,2024-03-17,341,34,Retail,Afterpay,COUPON9-0Z,14.49,AUD
950511,2024-03-17T04:50:13,2024-03-17,347,25,Retail,Credit Card,COUPONAZ9-,0.55,AUD
950597,2024-03-17T08:39:13,2024-03-17,198,13,Online,PayPal,COUPON9-99,15.53,AUD
950612,2024-03-17T17:19:04,2024-03-17,202,36,Retail,Credit Card,COUPON0--9,14.31,AUD
950725,2024-03-17T05:44:31,2024-03-17,704,46,Retail,Afterpay,COUPONA-0A,1.35,AUD
950814,2024-03-17T21:27:06,2024-03-17,641,38,Retail,PayPal,COUPONZA99,2.32,AUD
950965,2024-03-17T18:49:43,2024-03-17,299,20,Retail,PayPal,COUPONA--9,0.62,AUD
951026,2024-03-17T21:53:11,2024-03-17,204,41,Online,Afterpay,COUPON-Z00,6.38,AUD
951155,2024-03-17T22:12:59,2024-03-17,764,19,Retail,Afterpay,COUPON-909,14.11,AUD
951187,2024-03-17T21:54:48,2024-03-17,38,38,Online,PayPal,COUPONZ-90,16.37,AUD
951239,2024-03-17T21:57:45,2024-03-17,54,4,Retail,PayPal,COUPON-0Z-,2.81,AUD
951346,2024-03-17T18:17:03,2024-03-17,221,48,Retail,Credit Card,COUPON-9A0,0.77,AUD
951604,2024-03-17T20:33:24,2024-03-17,629,10,Online,Credit Card,COUPONZ9AA,8.66,AUD
951827,2024-03-17T11:02:17,2024-03-17,352,17,Online,Credit Card,COUPONZ-00,8.18,AUD
952004,2024-03-17T18:44:50,2024-03-17,747,40,Online,PayPal,COUPON090-,3.23,AUD
952029,2024-03-17T20:44:29,2024-03-17,184,33,Online,Afterpay,COUPONA-9-,14.79,AUD
952092,2024-03-17T21:05:19,2024-03-17,222,22,Retail,Credit Card,COUPON-09-,13.37,AUD
952114,2024-03-17T08:52:23,2024-03-17,17,46,Online,PayPal,COUPONZ9-Z,0.76,AUD
952131,2024-03-17T19:27:57,2024-03-17,130,17,Retail,Credit Card,COUPONZ-9-,0.08,AUD
952136,2024-03-17T15:08:08,2024-03-17,290,41,Online,Afterpay,COUPON-A9Z,19.32,AUD
952302,2024-03-17T01:32:11,2024-03-17,199,30,Online,Afterpay,COUPON---Z,7.93,AUD
952308,2024-03-17T15:28:06,2024-03-17,593,25,Online,PayPal,COUPONA099,8.43,AUD
952316,2024-03-17T16:28:44,2024-03-17,359,30,Online,Credit Card,COUPON-Z-9,0.38,AUD
952351,2024-03-17T23:15:07,2024-03-17,68,40,Retail,PayPal,COUPONZZ-A,3.47,AUD
952400,2024-03-17T05:34:23,2024-03-17,579,7,Online,PayPal,COUPONZ00A,11.07,AUD
952555,2024-03-17T01:27:52,2024-03-17,392,25,Retail,PayPal,COUPONZ00Z,1.66,AUD
952570,2024-03-17T17:36:35,2024-03-17,684,29,Online,PayPal,COUPONZ0Z-,16.47,AUD
952636,2024-03-17T04:00:54,2024-03-17,151,1,Online,Credit Card,COUPON-099,10.89,AUD
952740,2024-03-17T08:45:39,2024-03-17,743,6,Retail,PayPal,COUPON-0Z-,0.46,AUD
952793,2024-03-17T17:35:50,2024-03-17,360,49,Online,Credit Card,COUPON-ZZA,15.34,AUD
952941,2024-03-17T07:45:26,2024-03-17,462,40,Retail,Credit Card,COUPON9A-9,4.81,AUD
952954,2024-03-17T18:29:27,2024-03-17,30,16,Retail,Credit Card,COUPON-99-,18.86,AUD
953037,2024-03-17T20:47:25,2024-03-17,755,38,Retail,Credit Card,COUPON0-99,7.44,AUD
953298,2024-03-17T08:22:25,2024-03-17,61,13,Online,Credit Card,COUPON0--0,12.62,AUD
953341,2024-03-17T07:55:24,2024-03-17,465,25,Online,Afterpay,COUPON--AA,3.79,AUD
953427,2024-03-17T03:21:39,2024-03-17,152,17,Retail,Credit Card,COUPONA--A,2.78,AUD
953470,2024-03-17T10:32:36,2024-03-17,227,15,Retail,Credit Card,COUPON909-,9.62,AUD
953478,2024-03-17T11:47:48,2024-03-17,570,28,Online,Credit Card,COUPON9---,8.96,AUD
953538,2024-03-17T11:26:26,2024-03-17,693,3,Retail,Afterpay,COUPON--ZZ,10.79,AUD
953633,2024-03-17T08:20:02,2024-03-17,165,35,Retail,Afterpay,COUPON---9,5.5,AUD
953685,2024-03-17T23:50:21,2024-03-17,674,14,Retail,Credit Card,COUPON0000,9.6,AUD
953756,2024-03-17T11:34:52,2024-03-17,487,21,Online,Afterpay,COUPON00ZZ,9.3,AUD
953799,2024-03-17T14:41:03,2024-03-17,117,20,Online,Credit Card,COUPON0---,12.79,AUD
953840,2024-03-17T11:23:28,2024-03-17,323,45,Online,Credit Card,COUPON0A--,1.97,AUD
954137,2024-03-17T18:47:51,2024-03-17,152,11,Retail,Afterpay,COUPON09Z-,4.51,AUD
954187,2024-03-17T09:58:32,2024-03-17,54,40,Online,Afterpay,COUPON-AA9,2.56,AUD
954209,2024-03-17T02:47:15,2024-03-17,729,39,Retail,PayPal,COUPONZ--9,1.19,AUD
954247,2024-03-17T06:38:41,2024-03-17,766,23,Online,Credit Card,COUPON-09Z,0.56,AUD
954264,2024-03-17T17:42:16,2024-03-17,37,48,Online,PayPal,COUPON0A-A,9.01,AUD
954365,2024-03-17T06:24:13,2024-03-17,690,4,Retail,PayPal,COUPON0A00,15.63,AUD
954501,2024-03-17T21:44:08,2024-03-17,32,40,Retail,PayPal,COUPONA---,1.88,AUD
954542,2024-03-17T03:21:31,2024-03-17,181,18,Online,Credit Card,COUPON9---,16.93,AUD
954648,2024-03-17T19:08:26,2024-03-17,71,46,Online,Afterpay,COUPONZA9A,5.0,AUD
954697,2024-03-17T15:41:03,2024-03-17,734,20,Retail,PayPal,COUPON---Z,2.47,AUD
954850,2024-03-17T23:47:11,2024-03-17,640,37,Online,Credit Card,COUPON9-0Z,1.21,AUD
954891,2024-03-17T16:02:14,2024-03-17,453,3,Retail,PayPal,COUPONZ-AZ,18.67,AUD
954969,2024-03-17T11:59:31,2024-03-17,771,5,Retail,PayPal,COUPONZA-Z,4.06,AUD
954975,2024-03-17T05:03:16,2024-03-17,128,19,Retail,Afterpay,COUPON--9-,11.49,AUD
955122,2024-03-17T08:41:15,2024-03-17,305,41,Retail,Afterpay,COUPON09Z0,17.03,AUD
955132,2024-03-17T13:34:33,2024-03-17,790,48,Retail,Afterpay,COUPON-9A0,8.53,AUD
955219,2024-03-17T13:05:34,2024-03-17,128,19,Online,Credit Card,COUPON-99Z,1.86,AUD
955230,2024-03-17T17:30:35,2024-03-17,42,5,Online,Afterpay,COUPON-AA9,12.28,AUD
955418,2024-03-17T16:48:38,2024-03-17,190,46,Retail,Afterpay,COUPONZA-0,8.14,AUD
955524,2024-03-17T14:17:38,2024-03-17,732,6,Online,Credit Card,COUPONZ-AA,15.46,AUD
955715,2024-03-17T22:13:10,2024-03-17,721,18,Retail,PayPal,COUPON990-,7.84,AUD
955928,2024-03-17T13:33:54,2024-03-17,241,3,Online,Afterpay,COUPONZ-9A,3.54,AUD
955979,2024-03-17T10:48:37,2024-03-17,294,17,Retail,PayPal,COUPON9---,0.38,AUD
956000,2024-03-17T11:52:40,2024-03-17,333,1,Online,Credit Card,COUPON--A-,16.24,AUD
956407,2024-03-17T07:02:52,2024-03-17,607,45,Retail,PayPal,COUPON0--0,12.21,AUD
956481,2024-03-17T22:11:30,2024-03-17,89,38,Online,PayPal,COUPON----,7.93,AUD
956492,2024-03-17T23:59:16,2024-03-17,732,3,Retail,Afterpay,COUPON00-9,4.6,AUD
956510,2024-03-17T12:30:38,2024-03-17,102,7,Online,Credit Card,COUPON--Z-,8.19,AUD
956590,2024-03-17T16:44:11,2024-03-17,558,3,Online,PayPal,COUPON9-9-,10.91,AUD
956677,2024-03-17T01:44:02,2024-03-17,713,11,Online,Credit Card,COUPON0A-0,5.84,AUD
956752,2024-03-17T05:27:21,2024-03-17,444,15,Online,Credit Card,COUPONAA90,1.28,AUD
956942,2024-03-17T14:05:21,2024-03-17,319,14,Retail,Afterpay,COUPON0-A-,12.87,AUD
956974,2024-03-17T12:30:23,2024-03-17,599,23,Retail,PayPal,COUPON-Z-A,2.96,AUD
957039,2024-03-17T00:20:57,2024-03-17,785,6,Online,PayPal,COUPON9--9,4.73,AUD
957084,2024-03-17T14:27:14,2024-03-17,66,29,Retail,PayPal,COUPON0-Z-,3.44,AUD
957304,2024-03-17T11:32:17,2024-03-17,241,19,Online,Credit Card,COUPON0AZZ,8.75,AUD
957457,2024-03-17T12:09:16,2024-03-17,668,25,Online,Credit Card,COUPON--0Z,1.59,AUD
957587,2024-03-17T15:12:41,2024-03-17,306,32,Retail,PayPal,COUPON-0A0,6.41,AUD
957640,2024-03-17T09:20:01,2024-03-17,719,43,Retail,Credit Card,COUPONZ-Z-,0.7,AUD
958044,2024-03-17T23:32:19,2024-03-17,230,20,Retail,PayPal,COUPON0-ZA,11.48,AUD
958215,2024-03-17T17:55:39,2024-03-17,697,47,Online,Afterpay,COUPONAAZ9,6.86,AUD
958221,2024-03-17T18:55:52,2024-03-17,283,32,Retail,Afterpay,COUPON-ZZA,8.56,AUD
958244,2024-03-17T15:10:56,2024-03-17,571,17,Online,Afterpay,COUPON-ZZ-,0.17,AUD
958333,2024-03-17T17:57:41,2024-03-17,460,30,Retail,Afterpay,COUPONA0-9,5.51,AUD
958362,2024-03-17T01:17:08,2024-03-17,487,20,Retail,Afterpay,COUPON9--0,7.32,AUD
958650,2024-03-17T12:27:29,2024-03-17,135,40,Retail,Afterpay,COUPON-ZA-,17.84,AUD
958678,2024-03-17T14:31:13,2024-03-17,15,41,Retail,Credit Card,COUPON99-A,6.19,AUD
958731,2024-03-17T18:32:32,2024-03-17,131,49,Retail,Credit Card,COUPON909A,5.01,AUD
958809,2024-03-17T23:02:36,2024-03-17,345,14,Retail,PayPal,COUPON9A-9,10.5,AUD
958867,2024-03-17T18:13:32,2024-03-17,58,15,Retail,PayPal,COUPONZ---,12.48,AUD
958904,2024-03-17T14:25:05,2024-03-17,680,4,Retail,Credit Card,COUPON-900,10.78,AUD
959081,2024-03-17T06:31:22,2024-03-17,140,3,Online,Afterpay,COUPON9ZZ-,3.86,AUD
959092,2024-03-17T10:57:46,2024-03-17,461,33,Retail,Afterpay,COUPONA-A0,9.39,AUD
959330,2024-03-17T00:25:51,2024-03-17,461,25,Online,Afterpay,COUPONAZA9,0.34,AUD
959430,2024-03-17T00:26:42,2024-03-17,792,30,Online,Credit Card,COUPON0A9-,16.2,AUD
959482,2024-03-17T02:16:22,2024-03-17,45,48,Retail,Afterpay,COUPONZ-0Z,13.9,AUD
959497,2024-03-17T05:13:36,2024-03-17,119,14,Online,PayPal,COUPON-0Z-,17.33,AUD
959516,2024-03-17T23:04:27,2024-03-17,213,48,Online,Afterpay,COUPON-9AA,17.6,AUD
959717,2024-03-17T08:47:13,2024-03-17,709,31,Retail,Afterpay,COUPON-AA9,15.65,AUD
959887,2024-03-17T15:15:26,2024-03-17,652,40,Online,PayPal,COUPON9A--,16.88,AUD
960049,2024-03-17T04:15:03,2024-03-17,428,45,Retail,Credit Card,COUPON---A,13.75,AUD
960102,2024-03-17T11:50:36,2024-03-17,307,28,Retail,PayPal,COUPON-A--,6.84,AUD
960158,2024-03-17T22:51:43,2024-03-17,180,38,Retail,Credit Card,COUPONA009,9.64,AUD
960197,2024-03-17T07:19:52,2024-03-17,60,21,Retail,PayPal,COUPONAZ99,1.16,AUD
960211,2024-03-17T12:20:27,2024-03-17,774,41,Retail,Credit Card,COUPON-9--,19.92,AUD
960392,2024-03-17T13:39:02,2024-03-17,424,7,Online,Credit Card,COUPON--09,1.91,AUD
960512,2024-03-17T16:10:27,2024-03-17,79,27,Retail,Afterpay,COUPON9ZA-,16.26,AUD
960559,2024-03-17T09:27:55,2024-03-17,196,38,Online,Afterpay,COUPON9A-Z,17.61,AUD
960566,2024-03-17T16:04:02,2024-03-17,192,42,Online,Credit Card,COUPONZ---,0.67,AUD
960878,2024-03-17T19:13:11,2024-03-17,269,21,Retail,PayPal,COUPON990A,7.57,AUD
960905,2024-03-17T09:28:16,2024-03-17,204,37,Online,PayPal,COUPONZ-ZA,12.31,AUD
961007,2024-03-17T07:52:43,2024-03-17,147,48,Retail,Credit Card,COUPON-9A0,12.01,AUD
961165,2024-03-17T05:05:23,2024-03-17,666,40,Online,Credit Card,COUPON09-0,14.89,AUD
961336,2024-03-17T02:22:59,2024-03-17,129,49,Retail,Afterpay,COUPON90Z-,3.81,AUD
961528,2024-03-17T23:30:43,2024-03-17,390,9,Online,Afterpay,COUPONZ0--,18.69,AUD
961537,2024-03-17T11:27:02,2024-03-17,700,7,Retail,PayPal,COUPON0Z-Z,8.32,AUD
961627,2024-03-17T09:47:05,2024-03-17,73,6,Retail,PayPal,COUPONZ990,15.68,AUD
961629,2024-03-17T21:16:15,2024-03-17,767,47,Retail,PayPal,COUPONA9A0,10.3,AUD
961783,2024-03-17T09:42:42,2024-03-17,274,6,Retail,Afterpay,COUPON--A0,4.09,AUD
961894,2024-03-17T18:48:49,2024-03-17,554,14,Retail,Afterpay,COUPON0ZA-,3.63,AUD
962050,2024-03-17T14:19:47,2024-03-17,167,41,Retail,Afterpay,COUPON----,1.65,AUD
962059,2024-03-17T09:34:22,2024-03-17,734,16,Retail,Afterpay,COUPON0AZ-,12.41,AUD
962085,2024-03-17T18:41:10,2024-03-17,687,43,Retail,PayPal,COUPONZ0-0,5.5,AUD
962162,2024-03-17T08:54:07,2024-03-17,754,24,Online,Afterpay,COUPON00AA,3.47,AUD
962167,2024-03-17T13:43:13,2024-03-17,405,18,Online,Afterpay,COUPON99-9,14.71,AUD
962343,2024-03-17T14:15:58,2024-03-17,538,46,Online,PayPal,COUPONAZZ9,7.21,AUD
962385,2024-03-17T07:12:18,2024-03-17,9,42,Online,Afterpay,COUPONA-Z0,6.71,AUD
962577,2024-03-17T06:02:57,2024-03-17,160,33,Retail,PayPal,COUPON9A-A,16.82,AUD
962583,2024-03-17T06:15:06,2024-03-17,294,43,Online,Credit Card,COUPON--00,0.26,AUD
962877,2024-03-17T22:14:33,2024-03-17,151,6,Online,Afterpay,COUPON-A-Z,10.26,AUD
962883,2024-03-17T14:01:28,2024-03-17,100,40,Retail,Afterpay,COUPON--0Z,11.56,AUD
963004,2024-03-17T08:45:11,2024-03-17,167,39,Online,Credit Card,COUPON-0Z-,16.44,AUD
963091,2024-03-17T09:46:51,2024-03-17,349,13,Online,Afterpay,COUPONZ-A9,14.2,AUD
963142,2024-03-17T11:42:02,2024-03-17,224,43,Online,Credit Card,COUPON----,9.56,AUD
963453,2024-03-17T13:37:11,2024-03-17,447,42,Retail,Credit Card,COUPON--A-,5.61,AUD
963577,2024-03-17T10:20:48,2024-03-17,756,42,Online,Afterpay,COUPON--9-,6.27,AUD
963675,2024-03-17T02:55:19,2024-03-17,60,17,Retail,Credit Card,COUPON-Z0A,8.44,AUD
964086,2024-03-17T02:59:00,2024-03-17,699,22,Online,PayPal,COUPON-ZAA,17.01,AUD
964105,2024-03-17T22:34:18,2024-03-17,385,8,Online,Afterpay,COUPON0---,10.28,AUD
964106,2024-03-17T10:16:10,2024-03-17,719,23,Retail,Afterpay,COUPONAZA-,17.73,AUD
964120,2024-03-17T15:21:53,2024-03-17,554,45,Retail,Credit Card,COUPON--00,13.67,AUD
964345,2024-03-17T14:17:23,2024-03-17,265,27,Online,PayPal,COUPON9000,15.3,AUD
964373,2024-03-17T21:55:19,2024-03-17,174,30,Retail,Afterpay,COUPON00ZA,2.07,AUD
964399,2024-03-17T12:06:32,2024-03-17,603,5,Retail,PayPal,COUPON0ZAZ,15.34,AUD
964487,2024-03-17T02:17:39,2024-03-17,3,37,Retail,PayPal,COUPON000-,3.23,AUD
964500,2024-03-17T01:24:36,2024-03-17,89,24,Online,Credit Card,COUPON--00,15.67,AUD
964582,2024-03-17T20:20:59,2024-03-17,639,21,Retail,Credit Card,COUPON-0-9,0.69,AUD
964620,2024-03-17T05:41:00,2024-03-17,268,21,Online,PayPal,COUPON--Z-,12.98,AUD
964725,2024-03-17T02:28:24,2024-03-17,83,45,Online,PayPal,COUPON-0-Z,4.3,AUD
964742,2024-03-17T03:32:17,2024-03-17,765,47,Retail,Afterpay,COUPON-ZA9,6.14,AUD
964805,2024-03-17T16:57:21,2024-03-17,520,44,Retail,Credit Card,COUPONZ9Z0,7.47,AUD
964837,2024-03-17T13:23:33,2024-03-17,93,38,Retail,PayPal,COUPON----,1.44,AUD
965133,2024-03-17T14:54:22,2024-03-17,397,16,Online,Credit Card,COUPON-Z-Z,2.88,AUD
965139,2024-03-17T23:36:07,2024-03-17,507,4,Online,Afterpay,COUPONA0-Z,15.95,AUD
965145,2024-03-17T14:38:45,2024-03-17,590,2,Online,PayPal,COUPON0-0-,7.57,AUD
965178,2024-03-17T02:13:33,2024-03-17,569,41,Online,PayPal,COUPON09-9,1.45,AUD
965245,2024-03-17T00:38:24,2024-03-17,332,5,Retail,PayPal,COUPON0-09,3.54,AUD
965351,2024-03-17T21:06:24,2024-03-17,494,32,Retail,Afterpay,COUPON--9-,9.63,AUD
965384,2024-03-17T20:17:32,2024-03-17,214,48,Online,Afterpay,COUPON-9-9,15.85,AUD
965468,2024-03-17T12:14:30,2024-03-17,686,11,Retail,PayPal,COUPONAZ00,3.42,AUD
965516,2024-03-17T07:14:55,2024-03-17,43,47,Retail,Credit Card,COUPON--A0,7.14,AUD
965657,2024-03-17T07:10:33,2024-03-17,797,18,Online,Credit Card,COUPON-A--,16.85,AUD
965725,2024-03-17T21:36:15,2024-03-17,470,38,Retail,PayPal,COUPON--9A,11.26,AUD
965912,2024-03-17T13:26:19,2024-03-17,298,21,Retail,Credit Card,COUPON----,10.59,AUD
966005,2024-03-17T21:28:25,2024-03-17,287,14,Retail,Credit Card,COUPONZ00-,17.29,AUD
966053,2024-03-17T01:01:42,2024-03-17,464,44,Retail,Afterpay,COUPON9-AA,5.81,AUD
966358,2024-03-17T02:36:02,2024-03-17,484,4,Retail,PayPal,COUPON0-A-,1.86,AUD
966443,2024-03-17T07:09:23,2024-03-17,496,30,Retail,Afterpay,COUPON-AA0,2.18,AUD
966523,2024-03-17T08:22:36,2024-03-17,404,46,Online,Credit Card,COUPON9--A,6.55,AUD
966654,2024-03-17T00:33:20,2024-03-17,760,4,Online,Afterpay,COUPON-009,8.94,AUD
966667,2024-03-17T16:39:23,2024-03-17,378,23,Retail,Credit Card,COUPON90A0,3.86,AUD
966673,2024-03-17T01:03:30,2024-03-17,31,30,Online,PayPal,COUPONA-Z0,17.55,AUD
966680,2024-03-17T07:54:55,2024-03-17,56,41,Retail,Credit Card,COUPONA--Z,11.94,AUD
966746,2024-03-17T12:10:11,2024-03-17,238,9,Retail,Credit Card,COUPONZZA0,11.83,AUD
967058,2024-03-17T07:53:40,2024-03-17,420,40,Online,Credit Card,COUPONAA-9,8.51,AUD
967118,2024-03-17T20:29:09,2024-03-17,108,1,Online,PayPal,COUPON09--,3.08,AUD
967216,2024-03-17T16:48:35,2024-03-17,739,13,Online,Afterpay,COUPONZ-Z0,10.67,AUD
967537,2024-03-17T12:28:52,2024-03-17,448,20,Online,Credit Card,COUPONZZ09,1.61,AUD
967816,2024-03-17T10:36:58,2024-03-17,237,20,Online,Credit Card,COUPON-9--,5.65,AUD
967931,2024-03-17T01:32:41,2024-03-17,226,38,Retail,PayPal,COUPON0A-Z,18.23,AUD
967979,2024-03-17T05:07:58,2024-03-17,299,7,Retail,Afterpay,COUPON0Z0Z,15.85,AUD
967984,2024-03-17T11:31:28,2024-03-17,790,27,Online,PayPal,COUPONZAZZ,9.23,AUD
968106,2024-03-17T14:00:52,2024-03-17,100,33,Retail,Afterpay,COUPONZ909,1.57,AUD
968139,2024-03-17T12:55:39,2024-03-17,672,8,Online,Credit Card,COUPON-AA0,14.44,AUD
968296,2024-03-17T15:14:40,2024-03-17,224,30,Online,Afterpay,COUPON-Z-Z,15.91,AUD
968326,2024-03-17T08:40:44,2024-03-17,418,31,Retail,Afterpay,COUPON90-Z,10.81,AUD
968331,2024-03-17T14:15:29,2024-03-17,553,3,Retail,Credit Card,COUPONZ-AA,10.41,AUD
968356,2024-03-17T11:05:52,2024-03-17,266,14,Retail,PayPal,COUPON0-ZA,16.66,AUD
968372,2024-03-17T22:27:05,2024-03-17,386,41,Online,PayPal,COUPON9990,12.92,AUD
968637,2024-03-17T05:28:07,2024-03-17,177,41,Online,PayPal,COUPONA-9-,15.42,AUD
968676,2024-03-17T11:09:27,2024-03-17,663,29,Online,PayPal,COUPON900-,9.52,AUD
968712,2024-03-17T21:45:38,2024-03-17,705,47,Online,Afterpay,COUPON000-,19.47,AUD
968838,2024-03-17T09:45:21,2024-03-17,454,37,Online,PayPal,COUPONAAA-,2.81,AUD
968915,2024-03-17T05:31:34,2024-03-17,692,12,Online,Credit Card,COUPON909Z,15.8,AUD
968941,2024-03-17T23:02:32,2024-03-17,753,46,Retail,Afterpay,COUPONZZ00,5.03,AUD
968961,2024-03-17T00:55:39,2024-03-17,532,7,Online,Credit Card,COUPON0--Z,15.93,AUD
969216,2024-03-17T16:02:19,2024-03-17,558,6,Online,PayPal,COUPONZ-A-,15.94,AUD
969358,2024-03-17T04:18:35,2024-03-17,620,5,Retail,Credit Card,COUPONA-Z9,19.32,AUD
969375,2024-03-17T23:01:15,2024-03-17,45,17,Online,Credit Card,COUPONZZ-Z,16.81,AUD
969469,2024-03-17T18:51:15,2024-03-17,398,24,Retail,Afterpay,COUPON----,14.22,AUD
969664,2024-03-17T04:49:21,2024-03-17,781,11,Online,PayPal,COUPON--Z-,17.5,AUD
969678,2024-03-17T02:27:06,2024-03-17,34,20,Retail,Credit Card,COUPONA0-0,3.51,AUD
969779,2024-03-17T09:14:57,2024-03-17,195,12,Online,Afterpay,COUPON990A,3.63,AUD
969806,2024-03-17T04:09:39,2024-03-17,751,41,Retail,Credit Card,COUPON0-AA,14.56,AUD
969862,2024-03-17T03:57:39,2024-03-17,364,27,Retail,Afterpay,COUPON-AZ-,3.58,AUD
969941,2024-03-17T00:48:16,2024-03-17,469,32,Online,Credit Card,COUPON09-Z,19.63,AUD
969971,2024-03-17T09:44:00,2024-03-17,28,49,Online,PayPal,COUPONZ90-,6.39,AUD
969985,2024-03-17T05:59:41,2024-03-17,639,24,Online,Credit Card,COUPONZ9A-,13.64,AUD
970081,2024-03-17T17:09:32,2024-03-17,193,39,Retail,PayPal,COUPON-AA-,7.76,AUD
970085,2024-03-17T14:27:23,2024-03-17,94,14,Online,Afterpay,COUPON-AA-,19.89,AUD
970187,2024-03-17T14:57:30,2024-03-17,365,33,Retail,Afterpay,COUPON09A-,12.88,AUD
970191,2024-03-17T04:38:48,2024-03-17,290,27,Online,Credit Card,COUPON-0A-,9.12,AUD
970427,2024-03-17T08:41:51,2024-03-17,189,33,Retail,Credit Card,COUPONAZ--,2.52,AUD
970506,2024-03-17T03:20:10,2024-03-17,720,21,Online,Afterpay,COUPONA---,13.29,AUD
970568,2024-03-17T15:53:22,2024-03-17,117,17,Online,PayPal,COUPONAAZA,3.18,AUD
970608,2024-03-17T10:21:02,2024-03-17,285,3,Retail,Credit Card,COUPON-90-,17.22,AUD
970756,2024-03-17T01:08:25,2024-03-17,695,39,Retail,PayPal,COUPON0--9,11.3,AUD
970854,2024-03-17T19:46:20,2024-03-17,6,41,Online,Credit Card,COUPON9-0Z,13.85,AUD
971028,2024-03-17T17:47:53,2024-03-17,481,41,Online,Credit Card,COUPON--0-,16.87,AUD
971116,2024-03-17T08:49:18,2024-03-17,594,13,Retail,Credit Card,COUPON09A-,1.85,AUD
971168,2024-03-17T21:05:07,2024-03-17,76,15,Online,Afterpay,COUPON-A9-,6.36,AUD
971192,2024-03-17T18:46:22,2024-03-17,498,4,Online,Afterpay,COUPON-9-A,13.94,AUD
971197,2024-03-17T23:00:06,2024-03-17,644,37,Retail,Afterpay,COUPON0ZZZ,6.5,AUD
971273,2024-03-17T15:32:30,2024-03-17,755,35,Online,Credit Card,COUPON-A0-,13.15,AUD
971337,2024-03-17T07:07:48,2024-03-17,230,29,Online,Afterpay,COUPONA0Z-,11.87,AUD
971591,2024-03-17T10:32:47,2024-03-17,323,32,Retail,Credit Card,COUPONA--9,5.98,AUD
971606,2024-03-17T13:21:39,2024-03-17,567,9,Online,PayPal,COUPON00-A,18.36,AUD
971675,2024-03-17T14:34:21,2024-03-17,775,38,Online,Credit Card,COUPONZA-0,13.24,AUD
971962,2024-03-17T14:41:21,2024-03-17,486,46,Online,Afterpay,COUPON09Z-,2.26,AUD
972041,2024-03-17T15:00:35,2024-03-17,364,18,Retail,Credit Card,COUPONZZZ-,16.51,AUD
972120,2024-03-17T14:15:20,2024-03-17,468,48,Retail,PayPal,COUPON-9-0,17.22,AUD
972168,2024-03-17T17:34:44,2024-03-17,730,29,Retail,Credit Card,COUPONAZ-A,2.81,AUD
972320,2024-03-17T14:58:06,2024-03-17,233,34,Online,PayPal,COUPON09AA,19.4,AUD
972328,2024-03-17T12:50:35,2024-03-17,155,24,Retail,PayPal,COUPONA00-,11.01,AUD
972401,2024-03-17T17:27:58,2024-03-17,58,30,Retail,PayPal,COUPON-90-,6.99,AUD
972411,2024-03-17T07:59:34,2024-03-17,114,1,Retail,Afterpay,COUPON---9,10.05,AUD
972427,2024-03-17T04:46:32,2024-03-17,43,39,Retail,PayPal,COUPON99--,5.97,AUD
972469,2024-03-17T08:14:13,2024-03-17,54,34,Online,Afterpay,COUPON-Z--,10.79,AUD
972505,2024-03-17T04:18:07,2024-03-17,575,37,Retail,PayPal,COUPON---0,16.07,AUD
972644,2024-03-17T05:14:54,2024-03-17,672,41,Retail,Credit Card,COUPON-Z--,1.94,AUD
972682,2024-03-17T15:22:21,2024-03-17,724,15,Online,Credit Card,COUPON-9-0,18.15,AUD
972730,2024-03-17T19:33:24,2024-03-17,544,36,Retail,Credit Card,COUPON0ZA-,18.12,AUD
972752,2024-03-17T17:56:26,2024-03-17,695,28,Retail,Afterpay,COUPON--00,0.2,AUD
972905,2024-03-17T05:25:05,2024-03-17,6,40,Online,Afterpay,COUPON-90-,19.59,AUD
972960,2024-03-17T13:15:59,2024-03-17,33,16,Retail,Afterpay,COUPON90--,5.21,AUD
973110,2024-03-17T07:35:07,2024-03-17,210,31,Retail,Afterpay,COUPON9A-A,4.98,AUD
973160,2024-03-17T00:45:35,2024-03-17,479,43,Online,Afterpay,COUPON99--,5.3,AUD
973295,2024-03-17T03:44:54,2024-03-17,369,40,Online,PayPal,COUPON909A,18.77,AUD
973503,2024-03-17T07:35:54,2024-03-17,149,38,Online,Credit Card,COUPONA0Z0,15.34,AUD
973567,2024-03-17T14:08:15,2024-03-17,671,9,Online,Afterpay,COUPONZZ--,2.41,AUD
973570,2024-03-17T09:32:13,2024-03-17,387,16,Online,Afterpay,COUPONZZAZ,6.37,AUD
973602,2024-03-17T12:57:48,2024-03-17,304,14,Online,PayPal,COUPONZ---,13.32,AUD
973729,2024-03-17T05:52:13,2024-03-17,79,2,Retail,Credit Card,COUPON---9,19.14,AUD
973757,2024-03-17T06:37:32,2024-03-17,27,15,Online,PayPal,COUPONZAA-,5.11,AUD
973957,2024-03-17T00:20:18,2024-03-17,94,30,Retail,PayPal,COUPONA00Z,0.32,AUD
973982,2024-03-17T06:05:48,2024-03-17,169,26,Retail,Afterpay,COUPON9A99,15.05,AUD
974163,2024-03-17T05:07:35,2024-03-17,592,27,Retail,Afterpay,COUPON0-Z9,12.56,AUD
974392,2024-03-17T16:05:11,2024-03-17,735,29,Retail,Afterpay,COUPONAZZ0,15.42,AUD
974462,2024-03-17T07:34:20,2024-03-17,35,15,Retail,Afterpay,COUPON-Z-9,3.45,AUD
974497,2024-03-17T02:16:15,2024-03-17,340,36,Online,Credit Card,COUPON---9,5.3,AUD
974564,2024-03-17T23:59:54,2024-03-17,264,20,Online,Credit Card,COUPON-Z--,6.31,AUD
974606,2024-03-17T12:04:54,2024-03-17,613,22,Retail,PayPal,COUPONAA00,0.72,AUD
974641,2024-03-17T05:10:02,2024-03-17,514,43,Retail,PayPal,COUPONAZ99,16.46,AUD
974685,2024-03-17T04:12:26,2024-03-17,704,17,Online,Credit Card,COUPONZ0-9,14.31,AUD
974749,2024-03-17T09:34:53,2024-03-17,437,30,Online,Credit Card,COUPON909-,0.66,AUD
974764,2024-03-17T04:08:21,2024-03-17,59,36,Retail,Credit Card,COUPON09-0,6.07,AUD
974770,2024-03-17T01:44:12,2024-03-17,531,6,Online,Afterpay,COUPON9--0,7.08,AUD
975027,2024-03-17T10:50:03,2024-03-17,81,26,Online,Credit Card,COUPON09-9,10.65,AUD
975056,2024-03-17T01:24:06,2024-03-17,710,12,Retail,Credit Card,COUPONA0-9,15.61,AUD
975075,2024-03-17T11:32:03,2024-03-17,138,21,Retail,Afterpay,COUPON-9--,5.11,AUD
975089,2024-03-17T12:00:33,2024-03-17,269,41,Online,Afterpay,COUPON-990,14.45,AUD
975159,2024-03-17T02:32:32,2024-03-17,415,39,Online,Afterpay,COUPONAAZ0,6.93,AUD
975208,2024-03-17T20:29:12,2024-03-17,503,28,Retail,Credit Card,COUPONZ-99,13.05,AUD
975348,2024-03-17T09:34:06,2024-03-17,500,32,Online,Afterpay,COUPON9A9Z,16.11,AUD
975664,2024-03-17T17:20:48,2024-03-17,778,45,Online,Afterpay,COUPON-ZA-,6.39,AUD
975862,2024-03-17T00:19:22,2024-03-17,564,44,Online,Afterpay,COUPON0Z--,7.27,AUD
975959,2024-03-17T21:29:23,2024-03-17,730,28,Retail,Credit Card,COUPON0AZ0,8.75,AUD
975999,2024-03-17T22:03:09,2024-03-17,405,4,Retail,Afterpay,COUPON---0,2.17,AUD
976015,2024-03-17T03:17:37,2024-03-17,294,47,Retail,PayPal,COUPON99-Z,17.48,AUD
976117,2024-03-17T22:34:20,2024-03-17,498,37,Online,Afterpay,COUPONZ0AZ,8.62,AUD
976170,2024-03-17T13:27:22,2024-03-17,107,13,Online,Credit Card,COUPON9-9-,5.98,AUD
976197,2024-03-17T19:08:34,2024-03-17,355,30,Retail,Afterpay,COUPON-9Z0,5.45,AUD
976384,2024-03-17T10:10:06,2024-03-17,181,1,Retail,Afterpay,COUPON-AA9,3.54,AUD
976500,2024-03-17T15:56:30,2024-03-17,483,32,Retail,Credit Card,COUPONA9-Z,8.39,AUD
976570,2024-03-17T13:02:38,2024-03-17,111,38,Retail,PayPal,COUPON---Z,1.28,AUD
976877,2024-03-17T03:27:03,2024-03-17,34,46,Online,Afterpay,COUPON-9Z0,4.68,AUD
976891,2024-03-17T04:56:02,2024-03-17,190,33,Online,PayPal,COUPON--9-,2.67,AUD
977058,2024-03-17T07:52:51,2024-03-17,507,34,Retail,Credit Card,COUPON90Z0,8.25,AUD
977292,2024-03-17T14:45:15,2024-03-17,737,12,Online,PayPal,COUPONZ0--,1.22,AUD
977485,2024-03-17T04:36:54,2024-03-17,42,17,Online,Credit Card,COUPON-09Z,17.1,AUD
977499,2024-03-17T12:58:42,2024-03-17,106,5,Retail,Credit Card,COUPONAA-Z,16.86,AUD
977766,2024-03-17T20:30:58,2024-03-17,781,31,Retail,Credit Card,COUPON0-AZ,9.86,AUD
977911,2024-03-17T01:06:48,2024-03-17,70,12,Online,Credit Card,COUPONA9-A,9.74,AUD
977945,2024-03-17T00:56:10,2024-03-17,122,21,Online,Credit Card,COUPON--A-,12.5,AUD
978120,2024-03-17T14:29:12,2024-03-17,591,9,Retail,Afterpay,COUPON--90,4.76,AUD
978131,2024-03-17T02:22:52,2024-03-17,781,2,Retail,Credit Card,COUPON--9-,14.73,AUD
978283,2024-03-17T02:53:23,2024-03-17,344,20,Online,PayPal,COUPON-A--,15.42,AUD
978376,2024-03-17T17:50:16,2024-03-17,325,47,Online,Afterpay,COUPON00-9,1.61,AUD
978477,2024-03-17T01:06:20,2024-03-17,739,27,Retail,Credit Card,COUPONZAAA,16.97,AUD
978739,2024-03-17T08:06:35,2024-03-17,59,14,Online,PayPal,COUPONZ-90,17.87,AUD
978840,2024-03-17T14:34:34,2024-03-17,544,45,Retail,Afterpay,COUPON0A9Z,0.65,AUD
979039,2024-03-17T11:26:57,2024-03-17,519,3,Online,Credit Card,COUPONA-90,12.72,AUD
979066,2024-03-17T15:54:15,2024-03-17,727,38,Online,Afterpay,COUPON-A9Z,1.95,AUD
979108,2024-03-17T12:08:18,2024-03-17,546,38,Retail,PayPal,COUPONA9Z-,15.85,AUD
979110,2024-03-17T18:21:46,2024-03-17,654,11,Online,Afterpay,COUPONA---,10.39,AUD
979145,2024-03-17T16:24:17,2024-03-17,202,49,Retail,Credit Card,COUPON-0--,19.01,AUD
979217,2024-03-17T20:32:13,2024-03-17,637,46,Retail,PayPal,COUPON-Z--,15.91,AUD
979557,2024-03-17T15:32:06,2024-03-17,282,44,Online,Afterpay,COUPON0A0A,17.01,AUD
979586,2024-03-17T04:05:06,2024-03-17,99,21,Online,PayPal,COUPON9---,9.38,AUD
979612,2024-03-17T22:47:58,2024-03-17,603,46,Retail,Afterpay,COUPON9A--,4.03,AUD
979740,2024-03-17T07:05:22,2024-03-17,517,17,Retail,Credit Card,COUPON0Z--,11.37,AUD
979806,2024-03-17T23:08:51,2024-03-17,23,16,Online,PayPal,COUPONAZZ-,14.69,AUD
979892,2024-03-17T16:23:12,2024-03-17,607,37,Online,Credit Card,COUPONZ-0Z,3.16,AUD
980027,2024-03-17T01:08:34,2024-03-17,669,37,Retail,PayPal,COUPONA0-Z,11.14,AUD
980086,2024-03-17T14:49:23,2024-03-17,241,3,Retail,Credit Card,COUPON00--,3.84,AUD
980323,2024-03-17T00:15:37,2024-03-17,497,26,Online,Credit Card,COUPONA-A0,17.25,AUD
980403,2024-03-17T16:57:32,2024-03-17,477,35,Retail,Credit Card,COUPON9Z-9,9.22,AUD
980527,2024-03-17T05:55:54,2024-03-17,521,23,Online,PayPal,COUPON9-A-,4.0,AUD
980592,2024-03-17T17:56:36,2024-03-17,777,5,Online,PayPal,COUPONZ0AZ,9.15,AUD
980604,2024-03-17T10:42:28,2024-03-17,17,45,Online,Afterpay,COUPON---Z,5.97,AUD
980613,2024-03-17T14:37:34,2024-03-17,170,40,Retail,PayPal,COUPONAA--,16.3,AUD
980650,2024-03-17T16:50:40,2024-03-17,387,3,Online,Credit Card,COUPON9-90,7.43,AUD
980664,2024-03-17T05:34:20,2024-03-17,255,16,Retail,Credit Card,COUPONZ9Z0,10.69,AUD
980778,2024-03-17T04:29:42,2024-03-17,457,34,Online,Afterpay,COUPON-9-0,19.1,AUD
980826,2024-03-17T14:26:34,2024-03-17,730,9,Retail,Afterpay,COUPON-A99,13.96,AUD
981097,2024-03-17T17:41:27,2024-03-17,368,32,Online,PayPal,COUPON-9-A,2.88,AUD
981261,2024-03-17T08:08:21,2024-03-17,473,2,Online,PayPal,COUPON---Z,17.52,AUD
981335,2024-03-17T16:33:20,2024-03-17,570,46,Retail,Credit Card,COUPON9A00,5.35,AUD
981391,2024-03-17T21:42:35,2024-03-17,746,4,Retail,Credit Card,COUPON0909,7.89,AUD
981545,2024-03-17T06:15:06,2024-03-17,63,6,Retail,Afterpay,COUPON0-90,12.55,AUD
981563,2024-03-17T02:41:19,2024-03-17,308,9,Retail,PayPal,COUPON99-Z,14.31,AUD
981875,2024-03-17T21:27:38,2024-03-17,383,7,Retail,Afterpay,COUPON0AZ0,12.53,AUD
982109,2024-03-17T06:19:57,2024-03-17,452,28,Retail,PayPal,COUPON-Z-0,8.56,AUD
982120,2024-03-17T09:37:50,2024-03-17,525,15,Retail,PayPal,COUPONAZZA,7.11,AUD
982315,2024-03-17T17:50:27,2024-03-17,266,4,Retail,Afterpay,COUPON-09-,0.0,AUD
982441,2024-03-17T14:24:04,2024-03-17,610,19,Retail,Credit Card,COUPONA099,14.9,AUD
982515,2024-03-17T11:14:09,2024-03-17,577,3,Retail,Credit Card,COUPON-ZAA,1.54,AUD
982622,2024-03-17T08:34:27,2024-03-17,721,34,Retail,Credit Card,COUPON-Z-9,19.12,AUD
982804,2024-03-17T09:10:05,2024-03-17,388,31,Online,Credit Card,COUPONZ--Z,10.57,AUD
982946,2024-03-17T05:45:45,2024-03-17,462,8,Retail,PayPal,COUPON0-0-,1.57,AUD
983031,2024-03-17T02:12:55,2024-03-17,537,45,Retail,PayPal,COUPON---0,19.22,AUD
983464,2024-03-17T22:42:03,2024-03-17,390,2,Retail,Credit Card,COUPON99AZ,9.67,AUD
983539,2024-03-17T09:13:55,2024-03-17,303,14,Online,PayPal,COUPON0Z9Z,10.34,AUD
983602,2024-03-17T13:44:45,2024-03-17,133,21,Online,Credit Card,COUPONAA-0,4.68,AUD
983632,2024-03-17T10:57:30,2024-03-17,720,29,Online,Credit Card,COUPONA--Z,9.92,AUD
983679,2024-03-17T08:03:42,2024-03-17,145,48,Retail,Afterpay,COUPON-Z0A,9.59,AUD
983711,2024-03-17T23:59:36,2024-03-17,429,6,Online,Afterpay,COUPON0-A-,16.71,AUD
983719,2024-03-17T03:02:44,2024-03-17,466,30,Online,Credit Card,COUPON0A00,18.39,AUD
983810,2024-03-17T22:00:00,2024-03-17,162,3,Online,Credit Card,COUPON0A--,2.97,AUD
983822,2024-03-17T11:00:46,2024-03-17,430,38,Retail,Afterpay,COUPON900-,0.77,AUD
983978,2024-03-17T03:55:32,2024-03-17,96,15,Retail,Afterpay,COUPON9-09,8.59,AUD
983998,2024-03-17T23:02:55,2024-03-17,532,29,Online,Afterpay,COUPON0099,12.98,AUD
984017,2024-03-17T16:16:08,2024-03-17,583,22,Online,Afterpay,COUPON9--9,10.41,AUD
984042,2024-03-17T06:38:14,2024-03-17,612,39,Online,Afterpay,COUPON-Z-A,11.92,AUD
984053,2024-03-17T05:19:59,2024-03-17,701,20,Online,Credit Card,COUPON099-,14.81,AUD
984063,2024-03-17T23:49:10,2024-03-17,285,40,Online,PayPal,COUPON-AA-,15.08,AUD
984149,2024-03-17T01:16:00,2024-03-17,28,25,Online,PayPal,COUPON--A0,1.32,AUD
984266,2024-03-17T20:47:56,2024-03-17,731,22,Online,PayPal,COUPONA-0-,3.53,AUD
984338,2024-03-17T06:06:01,2024-03-17,374,23,Online,PayPal,COUPON90Z-,16.7,AUD
984351,2024-03-17T10:43:59,2024-03-17,635,39,Online,Afterpay,COUPONAA--,3.53,AUD
984472,2024-03-17T08:31:26,2024-03-17,339,43,Online,Credit Card,COUPONZ-Z-,4.05,AUD
984544,2024-03-17T07:21:26,2024-03-17,67,34,Retail,Credit Card,COUPONZ9-0,3.11,AUD
984606,2024-03-17T14:52:58,2024-03-17,356,31,Online,PayPal,COUPONZ0-9,14.54,AUD
984668,2024-03-17T20:52:58,2024-03-17,25,19,Online,Credit Card,COUPON9-A0,19.84,AUD
984835,2024-03-17T03:35:21,2024-03-17,567,18,Online,Credit Card,COUPON-Z00,16.97,AUD
984846,2024-03-17T20:23:04,2024-03-17,339,43,Online,Afterpay,COUPONZ099,14.08,AUD
984878,2024-03-17T22:51:45,2024-03-17,629,27,Retail,Credit Card,COUPON0Z00,19.1,AUD
984879,2024-03-17T15:31:45,2024-03-17,478,17,Retail,Credit Card,COUPON-A-Z,17.5,AUD
984999,2024-03-17T04:33:14,2024-03-17,185,26,Retail,Credit Card,COUPON---0,16.36,AUD
985033,2024-03-17T23:19:15,2024-03-17,707,48,Retail,Credit Card,COUPON-0-9,12.47,AUD
985120,2024-03-17T08:44:48,2024-03-17,439,24,Retail,Credit Card,COUPONA00A,4.85,AUD
985152,2024-03-17T09:19:55,2024-03-17,422,31,Retail,Credit Card,COUPON-909,8.7,AUD
985256,2024-03-17T12:41:08,2024-03-17,347,31,Retail,Afterpay,COUPONA009,8.42,AUD
985347,2024-03-17T09:47:35,2024-03-17,447,20,Online,Afterpay,COUPON9-A-,2.99,AUD
985374,2024-03-17T15:02:07,2024-03-17,61,47,Retail,Afterpay,COUPON--A-,8.43,AUD
985400,2024-03-17T08:17:30,2024-03-17,45,37,Retail,Credit Card,COUPONZ0--,1.5,AUD
985440,2024-03-17T09:47:44,2024-03-17,116,49,Retail,PayPal,COUPON-A0-,14.06,AUD
985775,2024-03-17T13:14:56,2024-03-17,28,33,Retail,Afterpay,COUPON90ZA,6.73,AUD
985898,2024-03-17T01:35:23,2024-03-17,160,26,Retail,Afterpay,COUPON---A,4.8,AUD
985954,2024-03-17T10:11:58,2024-03-17,329,44,Online,Credit Card,COUPON-0Z9,7.59,AUD
986114,2024-03-17T03:20:43,2024-03-17,15,20,Retail,Credit Card,COUPONZ-ZA,2.44,AUD
986141,2024-03-17T08:12:21,2024-03-17,36,33,Online,PayPal,COUPONAZ00,16.29,AUD
986208,2024-03-17T09:44:12,2024-03-17,466,16,Online,Credit Card,COUPON999Z,6.53,AUD
986286,2024-03-17T08:42:34,2024-03-17,488,35,Retail,PayPal,COUPON--Z9,5.85,AUD
986301,2024-03-17T21:28:48,2024-03-17,422,45,Online,Afterpay,COUPONZ--Z,1.19,AUD
986305,2024-03-17T22:08:33,2024-03-17,189,27,Online,Afterpay,COUPON---Z,17.39,AUD
986371,2024-03-17T07:12:38,2024-03-17,411,47,Online,Credit Card,COUPON9-9Z,9.85,AUD
986489,2024-03-17T12:31:34,2024-03-17,603,48,Retail,PayPal,COUPON9A09,13.76,AUD
986613,2024-03-17T15:48:21,2024-03-17,737,20,Retail,Credit Card,COUPONZ0--,14.84,AUD
986762,2024-03-17T05:15:27,2024-03-17,260,23,Retail,PayPal,COUPON-Z-0,10.91,AUD
986850,2024-03-17T18:41:05,2024-03-17,441,14,Online,Afterpay,COUPON00A0,13.34,AUD
986854,2024-03-17T01:49:48,2024-03-17,642,9,Online,Afterpay,COUPONZA--,4.9,AUD
986892,2024-03-17T19:30:20,2024-03-17,108,3,Retail,Afterpay,COUPON9A9Z,12.02,AUD
986914,2024-03-17T15:11:31,2024-03-17,698,41,Retail,Credit Card,COUPON9-Z-,19.64,AUD
986938,2024-03-17T10:38:37,2024-03-17,347,42,Online,Credit Card,COUPON-0-0,0.24,AUD
987110,2024-03-17T15:31:31,2024-03-17,538,14,Retail,Afterpay,COUPON----,2.55,AUD
987138,2024-03-17T02:13:09,2024-03-17,620,26,Online,PayPal,COUPONAZZ-,3.95,AUD
987335,2024-03-17T01:37:27,2024-03-17,246,37,Online,Credit Card,COUPONZA-0,6.96,AUD
987347,2024-03-17T11:40:25,2024-03-17,231,9,Retail,Credit Card,COUPON-0-Z,2.92,AUD
987685,2024-03-17T16:57:18,2024-03-17,782,27,Retail,Afterpay,COUPONAZ-9,7.35,AUD
987725,2024-03-17T08:40:26,2024-03-17,108,28,Retail,PayPal,COUPON00-9,15.08,AUD
987818,2024-03-17T23:48:56,2024-03-17,657,6,Online,Credit Card,COUPON9-AA,17.1,AUD
987963,2024-03-17T02:42:18,2024-03-17,58,15,Online,Afterpay,COUPON0--Z,0.42,AUD
988003,2024-03-17T04:53:33,2024-03-17,436,20,Online,Credit Card,COUPONZ-9A,2.76,AUD
988010,2024-03-17T11:31:49,2024-03-17,711,23,Retail,Credit Card,COUPON9---,11.17,AUD
988106,2024-03-17T04:44:37,2024-03-17,380,25,Online,Afterpay,COUPON-Z-Z,3.06,AUD
988317,2024-03-17T04:36:32,2024-03-17,689,17,Online,PayPal,COUPON--AA,17.64,AUD
988487,2024-03-17T20:53:34,2024-03-17,427,18,Retail,PayPal,COUPONZ--Z,2.35,AUD
988496,2024-03-17T05:37:27,2024-03-17,284,42,Online,Afterpay,COUPON-90-,5.01,AUD
988682,2024-03-17T22:32:16,2024-03-17,476,15,Retail,Afterpay,COUPON--0-,6.86,AUD
988722,2024-03-17T18:27:07,2024-03-17,175,5,Online,Afterpay,COUPON--A9,14.62,AUD
988823,2024-03-17T05:19:31,2024-03-17,707,42,Retail,PayPal,COUPON9-09,7.4,AUD
988886,2024-03-17T05:17:56,2024-03-17,582,34,Online,Credit Card,COUPON0--Z,18.29,AUD
988996,2024-03-17T20:51:35,2024-03-17,402,5,Online,Credit Card,COUPON-AZZ,4.22,AUD
989033,2024-03-17T14:13:32,2024-03-17,391,13,Online,Afterpay,COUPON99--,16.79,AUD
989075,2024-03-17T23:29:55,2024-03-17,598,16,Online,Credit Card,COUPON090Z,2.83,AUD
989185,2024-03-17T13:52:00,2024-03-17,617,36,Retail,Credit Card,COUPON99--,13.14,AUD
989199,2024-03-17T21:46:01,2024-03-17,85,42,Online,Afterpay,COUPONZ--Z,13.3,AUD
989339,2024-03-17T03:11:56,2024-03-17,769,3,Online,PayPal,COUPON9A0-,3.02,AUD
989386,2024-03-17T16:30:55,2024-03-17,780,11,Online,Afterpay,COUPON-A-A,9.02,AUD
989473,2024-03-17T10:43:55,2024-03-17,38,47,Online,PayPal,COUPONZ---,14.3,AUD
989481,2024-03-17T06:59:18,2024-03-17,347,8,Retail,Afterpay,COUPON00Z-,5.72,AUD
989503,2024-03-17T09:40:05,2024-03-17,74,34,Retail,Afterpay,COUPON90Z-,10.19,AUD
989721,2024-03-17T14:27:28,2024-03-17,619,2,Retail,PayPal,COUPON-00A,11.64,AUD
989901,2024-03-17T15:33:42,2024-03-17,141,20,Online,PayPal,COUPONZA99,5.6,AUD
990113,2024-03-17T21:09:46,2024-03-17,714,10,Retail,Afterpay,COUPON0A-9,17.49,AUD
990218,2024-03-17T03:04:01,2024-03-17,243,40,Online,Afterpay,COUPONZ-9-,14.28,AUD
990220,2024-03-17T08:31:59,2024-03-17,450,41,Retail,Afterpay,COUPON0Z-9,17.2,AUD
990227,2024-03-17T12:02:58,2024-03-17,41,31,Retail,PayPal,COUPON9ZZ-,9.6,AUD
990248,2024-03-17T01:53:01,2024-03-17,368,2,Online,Credit Card,COUPON----,9.2,AUD
990481,2024-03-17T11:44:34,2024-03-17,48,44,Online,Afterpay,COUPONZ---,7.59,AUD
990482,2024-03-17T22:45:14,2024-03-17,209,5,Retail,PayPal,COUPON0Z99,13.56,AUD
990674,2024-03-17T07:46:51,2024-03-17,198,34,Online,PayPal,COUPON9Z00,19.44,AUD
990835,2024-03-17T08:45:24,2024-03-17,316,40,Retail,Afterpay,COUPON---Z,10.97,AUD
990951,2024-03-17T18:04:39,2024-03-17,16,21,Retail,PayPal,COUPON---Z,8.68,AUD
991005,2024-03-17T03:29:34,2024-03-17,740,42,Retail,Afterpay,COUPON-AA9,15.92,AUD
991021,2024-03-17T20:45:45,2024-03-17,193,44,Online,Afterpay,COUPON---A,16.97,AUD
991025,2024-03-17T04:00:44,2024-03-17,80,16,Online,PayPal,COUPONA9Z-,2.77,AUD
991389,2024-03-17T19:08:47,2024-03-17,799,16,Retail,Credit Card,COUPON-A00,18.82,AUD
991488,2024-03-17T11:57:28,2024-03-17,616,7,Retail,PayPal,COUPONA-Z-,16.6,AUD
991758,2024-03-17T01:20:59,2024-03-17,1,26,Retail,Credit Card,COUPON90A9,8.44,AUD
991848,2024-03-17T02:29:20,2024-03-17,107,21,Retail,PayPal,COUPON-Z-0,5.22,AUD
991849,2024-03-17T12:42:27,2024-03-17,550,1,Online,Afterpay,COUPON-Z0Z,0.85,AUD
991908,2024-03-17T01:04:51,2024-03-17,253,20,Retail,Credit Card,COUPON9A-A,10.31,AUD
992189,2024-03-17T04:36:28,2024-03-17,539,46,Online,Afterpay,COUPON0-ZA,7.47,AUD
992232,2024-03-17T00:21:36,2024-03-17,180,20,Online,PayPal,COUPON-9-9,15.21,AUD
992262,2024-03-17T17:25:45,2024-03-17,467,49,Retail,Afterpay,COUPON0A9Z,14.92,AUD
992263,2024-03-17T23:46:14,2024-03-17,122,44,Online,Afterpay,COUPON-AA-,5.03,AUD
992333,2024-03-17T09:09:31,2024-03-17,455,32,Retail,PayPal,COUPONA9-0,17.12,AUD
992418,2024-03-17T00:06:47,2024-03-17,722,3,Online,Credit Card,COUPONZ--Z,11.47,AUD
992505,2024-03-17T17:05:51,2024-03-17,3,30,Retail,Afterpay,COUPON0Z-0,12.53,AUD
992597,2024-03-17T06:32:28,2024-03-17,151,47,Online,PayPal,COUPONZZ--,2.88,AUD
992676,2024-03-17T16:59:03,2024-03-17,278,40,Retail,PayPal,COUPONA9AA,8.51,AUD
992692,2024-03-17T12:26:20,2024-03-17,515,24,Retail,Credit Card,COUPON-A-A,8.47,AUD
992748,2024-03-17T04:07:54,2024-03-17,127,44,Retail,Credit Card,COUPONA0--,11.41,AUD
992793,2024-03-17T14:41:09,2024-03-17,639,28,Online,PayPal,COUPON-AZ-,15.65,AUD
992803,2024-03-17T14:07:52,2024-03-17,208,49,Online,Afterpay,COUPONA--0,3.04,AUD
993042,2024-03-17T11:04:52,2024-03-17,145,26,Retail,Credit Card,COUPONZ-0A,3.74,AUD
993051,2024-03-17T07:48:41,2024-03-17,516,11,Online,Credit Card,COUPON0-Z0,4.8,AUD
993053,2024-03-17T22:59:29,2024-03-17,247,19,Online,PayPal,COUPON09Z0,19.76,AUD
993054,2024-03-17T11:54:36,2024-03-17,201,28,Retail,PayPal,COUPONA-Z0,17.71,AUD
993985,2024-03-17T13:41:51,2024-03-17,460,21,Online,PayPal,COUPON-ZZ-,15.16,AUD
993986,2024-03-17T17:00:08,2024-03-17,747,1,Online,Credit Card,COUPON-Z9-,7.98,AUD
994030,2024-03-17T22:28:56,2024-03-17,9,23,Retail,Credit Card,COUPON-0-A,17.5,AUD
994378,2024-03-17T13:03:58,2024-03-17,285,29,Retail,Afterpay,COUPON9--A,17.81,AUD
994465,2024-03-17T13:48:39,2024-03-17,17,31,Online,Afterpay,COUPON9--A,7.89,AUD
994526,2024-03-17T03:20:24,2024-03-17,499,22,Retail,Afterpay,COUPON099A,14.43,AUD
994536,2024-03-17T20:16:12,2024-03-17,623,36,Retail,Credit Card,COUPON-Z-0,19.29,AUD
994764,2024-03-17T07:18:18,2024-03-17,59,48,Online,Afterpay,COUPONZ9-9,3.73,AUD
994779,2024-03-17T05:27:14,2024-03-17,726,21,Retail,PayPal,COUPONZ900,2.81,AUD
994945,2024-03-17T08:57:32,2024-03-17,678,19,Online,Credit Card,COUPON9Z-9,18.37,AUD
994947,2024-03-17T22:33:46,2024-03-17,31,35,Retail,Afterpay,COUPONZ0-A,2.7,AUD
995250,2024-03-17T02:57:20,2024-03-17,300,41,Online,Afterpay,COUPON0090,6.75,AUD
995311,2024-03-17T13:10:51,2024-03-17,156,34,Retail,PayPal,COUPONA-A-,17.42,AUD
995439,2024-03-17T11:04:37,2024-03-17,146,16,Online,Credit Card,COUPON9-9-,3.09,AUD
995531,2024-03-17T12:33:12,2024-03-17,480,12,Retail,Credit Card,COUPON0--A,11.04,AUD
995650,2024-03-17T01:12:19,2024-03-17,613,1,Online,Credit Card,COUPONA-0A,2.32,AUD
995745,2024-03-17T08:55:53,2024-03-17,44,49,Retail,PayPal,COUPON-Z-0,15.41,AUD
995751,2024-03-17T05:40:40,2024-03-17,263,28,Retail,PayPal,COUPONA0Z0,18.59,AUD
995811,2024-03-17T13:47:28,2024-03-17,69,38,Online,Afterpay,COUPON--ZZ,10.78,AUD
995959,2024-03-17T09:14:59,2024-03-17,613,30,Retail,PayPal,COUPONA-A-,18.45,AUD
996111,2024-03-17T06:59:38,2024-03-17,652,45,Online,Credit Card,COUPON0--9,18.5,AUD
996288,2024-03-17T10:47:45,2024-03-17,453,42,Online,PayPal,COUPON-Z-0,14.66,AUD
996385,2024-03-17T10:09:54,2024-03-17,120,4,Online,PayPal,COUPON-0AZ,7.63,AUD
996510,2024-03-17T14:06:54,2024-03-17,58,10,Retail,Afterpay,COUPON-0A-,14.53,AUD
996551,2024-03-17T11:20:20,2024-03-17,124,38,Retail,Credit Card,COUPON9ZZA,15.16,AUD
996595,2024-03-17T00:14:33,2024-03-17,311,49,Retail,PayPal,COUPON999-,2.05,AUD
996737,2024-03-17T08:20:42,2024-03-17,681,13,Retail,Credit Card,COUPONZ-9-,11.56,AUD
996827,2024-03-17T19:49:36,2024-03-17,130,16,Online,PayPal,COUPON0-A-,12.67,AUD
996881,2024-03-17T20:59:55,2024-03-17,343,34,Retail,Afterpay,COUPON0Z-9,10.06,AUD
996991,2024-03-17T07:16:44,2024-03-17,770,18,Online,Afterpay,COUPON000-,12.14,AUD
997029,2024-03-17T12:51:34,2024-03-17,459,25,Retail,Afterpay,COUPONAA9-,14.99,AUD
997091,2024-03-17T01:35:00,2024-03-17,773,45,Retail,Credit Card,COUPONZ-ZZ,18.33,AUD
997142,2024-03-17T05:33:14,2024-03-17,255,7,Retail,Credit Card,COUPON--9-,9.55,AUD
997169,2024-03-17T04:26:22,2024-03-17,461,1,Online,PayPal,COUPONZ--Z,9.67,AUD
997289,2024-03-17T07:50:20,2024-03-17,194,11,Retail,Afterpay,COUPON0---,19.74,AUD
997299,2024-03-17T08:06:20,2024-03-17,456,17,Online,Credit Card,COUPON---9,2.45,AUD
997407,2024-03-17T01:53:39,2024-03-17,515,1,Online,PayPal,COUPONZZ90,14.32,AUD
997610,2024-03-17T03:31:13,2024-03-17,365,14,Online,PayPal,COUPONZ99Z,9.42,AUD
997619,2024-03-17T05:39:16,2024-03-17,784,11,Retail,PayPal,COUPONA0--,6.25,AUD
997760,2024-03-17T08:25:39,2024-03-17,348,38,Retail,Credit Card,COUPON--A-,2.28,AUD
997956,2024-03-17T02:30:10,2024-03-17,776,24,Online,Credit Card,COUPON0Z90,14.96,AUD
997958,2024-03-17T18:09:28,2024-03-17,42,8,Online,Afterpay,COUPON-Z0-,19.93,AUD
998079,2024-03-17T21:08:48,2024-03-17,549,45,Retail,Credit Card,COUPON-9AZ,18.18,AUD
998138,2024-03-17T11:49:39,2024-03-17,588,23,Retail,Afterpay,COUPON90Z-,3.71,AUD
998158,2024-03-17T21:43:54,2024-03-17,18,18,Retail,Credit Card,COUPON--0-,2.21,AUD
998183,2024-03-17T17:20:12,2024-03-17,781,33,Online,Afterpay,COUPONAAAZ,3.88,AUD
998406,2024-03-17T16:34:47,2024-03-17,321,25,Online,Afterpay,COUPON0-Z0,10.06,AUD
998438,2024-03-17T00:09:48,2024-03-17,373,33,Online,Credit Card,COUPON-A--,7.96,AUD
998519,2024-03-17T15:06:31,2024-03-17,100,5,Online,PayPal,COUPON-AA-,3.2,AUD
998527,2024-03-17T23:29:44,2024-03-17,688,24,Retail,PayPal,COUPON---0,6.06,AUD
998595,2024-03-17T08:25:13,2024-03-17,794,23,Online,Afterpay,COUPONA--0,15.08,AUD
998690,2024-03-17T14:53:18,2024-03-17,710,6,Online,Credit Card,COUPON-A09,1.92,AUD
998777,2024-03-17T04:07:17,2024-03-17,36,5,Retail,Credit Card,COUPON009Z,6.34,AUD
998791,2024-03-17T09:57:54,2024-03-17,472,18,Retail,PayPal,COUPONA-00,18.59,AUD
998905,2024-03-17T18:33:11,2024-03-17,141,47,Retail,PayPal,COUPONZZ-9,1.68,AUD
999030,2024-03-17T16:17:58,2024-03-17,657,32,Retail,PayPal,COUPON-90A,7.43,AUD
999076,2024-03-17T21:31:38,2024-03-17,41,13,Retail,Afterpay,COUPONZ--0,12.62,AUD
999160,2024-03-17T22:23:47,2024-03-17,665,48,Online,Afterpay,COUPONZ--A,10.9,AUD
999285,2024-03-17T05:42:48,2024-03-17,483,23,Online,Credit Card,COUPON-A-9,6.56,AUD
999455,2024-03-17T00:29:20,2024-03-17,76,17,Retail,PayPal,COUPON-Z-0,2.57,AUD
999526,2024-03-17T14:05:23,2024-03-17,451,32,Online,Afterpay,COUPON--A-,16.03,AUD
999662,2024-03-17T07:14:00,2024-03-17,883,149,Retail,PayPal,COUPONA00-,13.3,AUD
999683,2024-03-17T16:30:38,2024-03-17,511,32,Online,PayPal,COUPON---Z,18.25,AUD
999724,2024-03-17T08:46:47,2024-03-17,115,42,Online,Afterpay,COUPON-9-9,4.12,AUD
999812,2024-03-17T10:12:37,2024-03-17,671,21,Online,PayPal,COUPONAZA-,19.53,AUD
999828,2024-03-17T14:41:21,2024-03-17,486,46,Online,Afterpay,COUPON09Z-,2.26,AUD
999976,2024-03-17T14:09:27,2024-03-17,258,18,Retail,Afterpay,COUPON00--,9.36,AUD
