order_id,order_ts,order_dt_local,customer_id,store_id,channel,payment_method,coupon_code,shipping_fee,currency
14,2024-01-06T03:49:17,2024-01-06,880,146,Online,PayPal,COUPON9Z9-,17.68,AUD
36,2024-01-06T16:20:11,2024-01-06,853,104,Online,PayPal,COUPON0909,2.72,AUD
57,2024-01-06T05:36:20,2024-01-06,847,133,Retail,PayPal,COUPONA-9A,6.88,AUD
77,2024-01-06T04:53:33,2024-01-06,852,101,Online,Credit Card,COUPONA-ZZ,5.25,AUD
87,2024-01-06T06:08:31,2024-01-06,836,121,Retail,Credit Card,COUPONA0ZZ,8.91,AUD
150,2024-01-06T21:43:15,2024-01-06,821,55,Online,Afterpay,COUPON9A--,14.31,AUD
225,2024-01-06T08:49:59,2024-01-06,891,90,Online,Credit Card,COUPON0Z--,8.41,AUD
323,2024-01-06T10:10:39,2024-01-06,802,67,Online,Afterpay,COUPON--9-,8.7,AUD
341,2024-01-06T03:25:53,2024-01-06,812,149,Online,PayPal,COUPONAZ0-,13.35,AUD
827,2024-01-06T05:41:13,2024-01-06,818,134,Retail,PayPal,COUPON09Z-,5.29,AUD
965,2024-01-06T01:53:56,2024-01-06,827,111,Retail,Afterpay,COUPON-00Z,1.46,AUD
1000,2024-01-06T07:30:03,2024-01-06,881,88,Online,Credit Card,COUPON--Z0,5.89,AUD
1124,2024-01-06T01:46:24,2024-01-06,863,95,Online,Credit Card,COUPON9Z9-,8.49,AUD
1180,2024-01-06T04:54:17,2024-01-06,866,83,Online,PayPal,COUPON-90-,1.25,AUD
1302,2024-01-06T23:19:20,2024-01-06,898,79,Retail,Afterpay,COUPON9Z--,4.38,AUD
1647,2024-01-06T01:16:09,2024-01-06,833,95,Retail,Credit Card,COUPONA9-Z,11.83,AUD
1744,2024-01-06T17:21:37,2024-01-06,818,62,Retail,PayPal,COUPONZ9Z0,3.65,AUD
1824,2024-01-06T20:00:34,2024-01-06,802,99,Online,Afterpay,COUPON-0-0,5.36,AUD
1852,2024-01-06T20:18:07,2024-01-06,807,117,Retail,Credit Card,COUPON9A--,5.29,AUD
2074,2024-01-06T16:51:52,2024-01-06,886,84,Online,Afterpay,COUPON9ZAZ,1.76,AUD
2087,2024-01-06T09:10:41,2024-01-06,851,124,Retail,Credit Card,COUPONZ--A,17.73,AUD
2301,2024-01-06T08:27:50,2024-01-06,812,139,Online,PayPal,COUPON909-,0.04,AUD
2302,2024-01-06T02:26:18,2024-01-06,834,77,Online,PayPal,COUPON000-,6.13,AUD
2365,2024-01-06T16:39:39,2024-01-06,820,98,Retail,PayPal,COUPONA99A,3.13,AUD
2372,2024-01-06T10:26:31,2024-01-06,827,60,Retail,Afterpay,COUPON0--0,0.91,AUD
2441,2024-01-06T04:16:42,2024-01-06,854,56,Online,PayPal,COUPON99ZZ,13.24,AUD
2499,2024-01-06T23:02:46,2024-01-06,812,63,Online,Credit Card,COUPON09--,5.42,AUD
2560,2024-01-06T10:53:47,2024-01-06,878,105,Retail,Credit Card,COUPON0-00,0.63,AUD
2621,2024-01-06T15:19:40,2024-01-06,863,130,Retail,Credit Card,COUPON---0,17.34,AUD
2727,2024-01-06T15:01:38,2024-01-06,816,119,Retail,Afterpay,COUPON----,11.5,AUD
2753,2024-01-06T20:17:16,2024-01-06,880,119,Online,Afterpay,COUPON--00,15.27,AUD
2994,2024-01-06T22:52:16,2024-01-06,827,52,Online,PayPal,COUPONA0-9,12.55,AUD
3041,2024-01-06T06:00:16,2024-01-06,891,89,Online,Credit Card,COUPON00-0,16.19,AUD
3143,2024-01-06T14:33:12,2024-01-06,887,101,Online,Afterpay,COUPON0---,6.18,AUD
3261,2024-01-06T18:25:20,2024-01-06,838,132,Online,Afterpay,COUPONA09Z,11.74,AUD
3346,2024-01-06T12:05:38,2024-01-06,849,116,Retail,PayPal,COUPON--00,2.48,AUD
3552,2024-01-06T15:44:47,2024-01-06,850,109,Online,PayPal,COUPON9A-Z,19.4,AUD
3592,2024-01-06T07:25:52,2024-01-06,846,91,Online,Afterpay,COUPONA0-0,11.68,AUD
3612,2024-01-06T04:13:57,2024-01-06,832,107,Online,Afterpay,COUPONA--9,0.04,AUD
3637,2024-01-06T16:32:30,2024-01-06,879,52,Online,PayPal,COUPON-Z--,4.04,AUD
3785,2024-01-06T07:04:27,2024-01-06,801,119,Retail,Afterpay,COUPON0--Z,8.82,AUD
3878,2024-01-06T02:29:35,2024-01-06,881,61,Online,Afterpay,COUPON0-A-,12.77,AUD
3904,2024-01-06T06:12:37,2024-01-06,826,60,Retail,Credit Card,COUPON9Z9Z,15.6,AUD
4077,2024-01-06T05:35:16,2024-01-06,878,139,Online,PayPal,COUPON-ZZA,2.87,AUD
4122,2024-01-06T17:06:52,2024-01-06,824,128,Retail,Afterpay,COUPONAAA-,7.42,AUD
4159,2024-01-06T07:10:34,2024-01-06,890,129,Retail,Credit Card,COUPON9Z-0,10.22,AUD
4272,2024-01-06T05:31:21,2024-01-06,801,107,Online,PayPal,COUPON00-0,7.17,AUD
4285,2024-01-06T17:05:58,2024-01-06,856,108,Retail,Credit Card,COUPON0---,12.9,AUD
4442,2024-01-06T19:57:15,2024-01-06,870,120,Online,Afterpay,COUPON9--Z,5.59,AUD
4446,2024-01-06T12:51:47,2024-01-06,874,126,Retail,PayPal,COUPONAZ00,18.48,AUD
4997,2024-01-06T21:20:05,2024-01-06,867,89,Retail,PayPal,COUPON0-Z0,13.97,AUD
5132,2024-01-06T22:38:19,2024-01-06,821,137,Online,Credit Card,COUPONZ---,2.48,AUD
5388,2024-01-06T19:21:27,2024-01-06,824,68,Online,Credit Card,COUPON-AZ-,10.86,AUD
5508,2024-01-06T09:40:13,2024-01-06,864,75,Online,Afterpay,COUPONAA--,19.72,AUD
5535,2024-01-06T14:24:23,2024-01-06,863,105,Retail,Credit Card,COUPON0A9A,19.09,AUD
5667,2024-01-06T16:23:51,2024-01-06,864,58,Online,PayPal,COUPON00-9,18.84,AUD
5861,2024-01-06T05:50:13,2024-01-06,838,85,Online,PayPal,COUPON-9-A,13.26,AUD
5886,2024-01-06T09:16:27,2024-01-06,892,98,Online,PayPal,COUPON00Z9,8.85,AUD
5919,2024-01-06T11:48:27,2024-01-06,885,52,Online,Afterpay,COUPONAA0Z,3.09,AUD
5927,2024-01-06T11:54:59,2024-01-06,804,85,Retail,PayPal,COUPON0A--,10.8,AUD
6002,2024-01-06T02:33:58,2024-01-06,874,77,Retail,PayPal,COUPON---Z,18.34,AUD
6027,2024-01-06T23:56:00,2024-01-06,891,124,Retail,Credit Card,COUPON-9--,2.17,AUD
6195,2024-01-06T10:05:01,2024-01-06,843,149,Online,Credit Card,COUPON99-0,15.05,AUD
6294,2024-01-06T09:13:14,2024-01-06,858,71,Retail,Credit Card,COUPONZ9Z9,1.45,AUD
6346,2024-01-06T11:37:52,2024-01-06,820,101,Online,Afterpay,COUPON000Z,8.24,AUD
6411,2024-01-06T05:55:18,2024-01-06,808,143,Online,Afterpay,COUPON-0AA,4.39,AUD
6520,2024-01-06T16:45:46,2024-01-06,840,122,Online,Afterpay,COUPONA99A,2.34,AUD
6554,2024-01-06T11:02:20,2024-01-06,834,130,Online,Credit Card,COUPON-Z--,6.92,AUD
6571,2024-01-06T00:05:33,2024-01-06,800,130,Retail,PayPal,COUPON---9,1.14,AUD
6612,2024-01-06T14:33:58,2024-01-06,859,134,Online,Afterpay,COUPONZ-9Z,19.81,AUD
6694,2024-01-06T14:16:50,2024-01-06,842,114,Retail,Credit Card,COUPON9-00,10.58,AUD
6742,2024-01-06T01:48:53,2024-01-06,892,100,Online,Afterpay,COUPONZ90A,19.79,AUD
6835,2024-01-06T02:03:23,2024-01-06,834,143,Online,PayPal,COUPON0-0A,5.21,AUD
6966,2024-01-06T06:12:57,2024-01-06,836,58,Online,Credit Card,COUPON--Z-,7.01,AUD
7029,2024-01-06T18:08:11,2024-01-06,865,131,Online,Afterpay,COUPONA-A-,13.06,AUD
7047,2024-01-06T08:00:22,2024-01-06,815,141,Online,Afterpay,COUPON9A0Z,5.65,AUD
7064,2024-01-06T13:01:57,2024-01-06,842,53,Retail,Afterpay,COUPON0-A-,7.06,AUD
7400,2024-01-06T06:10:26,2024-01-06,846,87,Online,Credit Card,COUPONA-ZA,0.93,AUD
7496,2024-01-06T04:23:17,2024-01-06,836,130,Retail,Afterpay,COUPON0-Z-,6.98,AUD
7689,2024-01-06T23:40:51,2024-01-06,851,88,Retail,PayPal,COUPON0-A-,13.42,AUD
7785,2024-01-06T02:04:23,2024-01-06,887,126,Online,Afterpay,COUPON0Z9Z,4.67,AUD
7838,2024-01-06T07:43:52,2024-01-06,824,133,Retail,Afterpay,COUPON09A-,19.47,AUD
7934,2024-01-06T11:34:49,2024-01-06,874,98,Online,Credit Card,COUPONZ9-A,6.93,AUD
8269,2024-01-06T04:33:09,2024-01-06,836,96,Online,Credit Card,COUPON9Z--,4.6,AUD
8286,2024-01-06T09:39:50,2024-01-06,879,108,Retail,Afterpay,COUPON0-00,13.42,AUD
8392,2024-01-06T06:17:31,2024-01-06,821,118,Online,Credit Card,COUPONZ-0A,11.56,AUD
8466,2024-01-06T17:27:58,2024-01-06,832,64,Retail,Credit Card,COUPON9Z--,3.88,AUD
8794,2024-01-06T10:32:11,2024-01-06,832,120,Online,Credit Card,COUPON0-90,11.06,AUD
8908,2024-01-06T22:37:05,2024-01-06,813,141,Online,Afterpay,COUPON-ZA-,4.27,AUD
8927,2024-01-06T04:16:32,2024-01-06,889,97,Retail,Credit Card,COUPONZ--9,4.95,AUD
9135,2024-01-06T03:41:18,2024-01-06,822,125,Retail,Afterpay,COUPONA--9,2.06,AUD
9180,2024-01-06T19:22:52,2024-01-06,833,118,Online,PayPal,COUPON0-99,16.34,AUD
9345,2024-01-06T11:31:23,2024-01-06,820,100,Online,Credit Card,COUPON---A,5.53,AUD
9581,2024-01-06T09:53:21,2024-01-06,839,84,Retail,Credit Card,COUPON-Z--,14.2,AUD
9677,2024-01-06T23:58:59,2024-01-06,817,122,Online,PayPal,COUPON90Z-,12.34,AUD
9731,2024-01-06T15:02:54,2024-01-06,898,96,Online,PayPal,COUPON0AZ-,12.74,AUD
9825,2024-01-06T04:23:16,2024-01-06,808,83,Retail,Credit Card,COUPON-A-A,12.45,AUD
10002,2024-01-06T20:00:37,2024-01-06,147,16,Online,Afterpay,COUPON-9--,15.66,AUD
10029,2024-01-06T10:28:47,2024-01-06,606,22,Online,PayPal,COUPON0Z9-,17.15,AUD
10125,2024-01-06T11:35:38,2024-01-06,176,43,Retail,Credit Card,COUPONZ-Z-,10.39,AUD
10183,2024-01-06T21:31:00,2024-01-06,171,22,Online,Afterpay,COUPONZ---,11.79,AUD
10235,2024-01-06T06:23:58,2024-01-06,329,15,Retail,PayPal,COUPONZZZ0,8.51,AUD
10302,2024-01-06T17:22:52,2024-01-06,209,38,Retail,Credit Card,COUPON99-9,9.56,AUD
10388,2024-01-06T17:29:08,2024-01-06,117,45,Online,Afterpay,COUPONA-99,3.41,AUD
10493,2024-01-06T10:58:57,2024-01-06,9,3,Online,Credit Card,COUPON-0-Z,16.21,AUD
10557,2024-01-06T01:40:30,2024-01-06,483,45,Online,Credit Card,COUPON-A-A,4.85,AUD
10599,2024-01-06T14:52:38,2024-01-06,341,48,Retail,Credit Card,COUPON--9-,7.16,AUD
10609,2024-01-06T14:53:16,2024-01-06,399,25,Online,Credit Card,COUPON-99Z,2.69,AUD
10664,2024-01-06T09:46:57,2024-01-06,691,16,Online,Credit Card,COUPON-0AZ,5.99,AUD
10682,2024-01-06T02:52:50,2024-01-06,381,15,Online,Afterpay,COUPONA-9A,2.27,AUD
10702,2024-01-06T22:35:54,2024-01-06,245,25,Online,PayPal,COUPON-9--,4.66,AUD
10737,2024-01-06T06:04:15,2024-01-06,12,24,Retail,PayPal,COUPON-9Z9,9.44,AUD
10747,2024-01-06T18:51:21,2024-01-06,215,34,Online,Afterpay,COUPON-A0-,15.96,AUD
10917,2024-01-06T14:55:39,2024-01-06,717,46,Retail,PayPal,COUPON--ZZ,2.79,AUD
11186,2024-01-06T08:21:54,2024-01-06,732,48,Online,Afterpay,COUPON099-,11.98,AUD
11242,2024-01-06T20:05:17,2024-01-06,92,45,Online,Afterpay,COUPONA9Z0,15.13,AUD
11250,2024-01-06T10:35:27,2024-01-06,462,28,Online,Afterpay,COUPON-90-,11.25,AUD
11287,2024-01-06T06:42:43,2024-01-06,403,44,Retail,Afterpay,COUPON-ZZ0,5.96,AUD
11323,2024-01-06T19:05:20,2024-01-06,323,49,Retail,PayPal,COUPON--9-,0.55,AUD
11386,2024-01-06T05:28:33,2024-01-06,749,25,Retail,Credit Card,COUPON90--,7.96,AUD
11467,2024-01-06T19:09:02,2024-01-06,483,21,Retail,PayPal,COUPON09ZA,9.2,AUD
11483,2024-01-06T02:53:29,2024-01-06,791,38,Retail,PayPal,COUPON0-0-,6.87,AUD
11673,2024-01-06T22:41:50,2024-01-06,98,22,Retail,Afterpay,COUPONA0-0,7.24,AUD
11775,2024-01-06T13:46:26,2024-01-06,794,25,Retail,Credit Card,COUPONAA99,1.13,AUD
11791,2024-01-06T19:48:04,2024-01-06,517,20,Retail,Afterpay,COUPONA-0Z,6.98,AUD
11832,2024-01-06T01:14:21,2024-01-06,482,20,Retail,Credit Card,COUPON----,2.45,AUD
11836,2024-01-06T17:28:37,2024-01-06,388,20,Online,PayPal,COUPON--9-,6.36,AUD
11908,2024-01-06T03:34:06,2024-01-06,301,26,Retail,Credit Card,COUPONZ-ZA,1.91,AUD
12003,2024-01-06T12:25:35,2024-01-06,766,5,Retail,Afterpay,COUPONA-0Z,0.01,AUD
12055,2024-01-06T11:50:20,2024-01-06,363,3,Retail,Afterpay,COUPON---9,18.37,AUD
12197,2024-01-06T13:18:57,2024-01-06,768,11,Online,PayPal,COUPON-9A-,7.86,AUD
12292,2024-01-06T15:03:11,2024-01-06,684,15,Online,PayPal,COUPONA09-,8.68,AUD
12378,2024-01-06T08:42:03,2024-01-06,304,26,Online,Afterpay,COUPON00-A,4.95,AUD
12458,2024-01-06T00:40:22,2024-01-06,55,7,Online,PayPal,COUPONZ0Z-,2.42,AUD
12774,2024-01-06T14:43:34,2024-01-06,740,17,Retail,Credit Card,COUPON0-Z-,0.01,AUD
12853,2024-01-06T19:02:08,2024-01-06,237,37,Retail,PayPal,COUPON-9A0,11.35,AUD
12866,2024-01-06T17:57:00,2024-01-06,366,35,Retail,Credit Card,COUPON0-0-,4.25,AUD
12901,2024-01-06T01:39:20,2024-01-06,286,30,Retail,Credit Card,COUPONAA0Z,15.46,AUD
13134,2024-01-06T21:00:58,2024-01-06,394,2,Retail,Credit Card,COUPON099Z,3.38,AUD
13151,2024-01-06T20:49:10,2024-01-06,539,35,Online,Afterpay,COUPON9-9-,15.33,AUD
13177,2024-01-06T20:34:14,2024-01-06,188,15,Retail,PayPal,COUPON-Z9A,8.72,AUD
13276,2024-01-06T10:21:41,2024-01-06,162,34,Retail,Afterpay,COUPONZ-0Z,9.48,AUD
13360,2024-01-06T07:43:58,2024-01-06,278,44,Retail,PayPal,COUPON0-ZZ,19.88,AUD
13543,2024-01-06T06:00:03,2024-01-06,230,37,Retail,PayPal,COUPON0-Z-,12.98,AUD
13545,2024-01-06T21:26:27,2024-01-06,338,31,Online,PayPal,COUPONZ-0-,5.68,AUD
13882,2024-01-06T08:33:33,2024-01-06,429,28,Online,PayPal,COUPON0-A9,14.62,AUD
13913,2024-01-06T13:19:08,2024-01-06,570,16,Online,PayPal,COUPONZ-A-,14.9,AUD
14043,2024-01-06T07:03:16,2024-01-06,193,22,Retail,Afterpay,COUPON-A9A,15.83,AUD
14128,2024-01-06T12:01:12,2024-01-06,464,42,Retail,PayPal,COUPON9ZA0,12.97,AUD
14200,2024-01-06T06:07:27,2024-01-06,698,6,Retail,PayPal,COUPON--ZZ,0.21,AUD
14348,2024-01-06T00:33:02,2024-01-06,446,15,Online,Credit Card,COUPON-9Z-,9.15,AUD
14419,2024-01-06T08:20:41,2024-01-06,318,42,Online,PayPal,COUPON9-Z9,10.2,AUD
14421,2024-01-06T23:28:57,2024-01-06,418,32,Online,PayPal,COUPONZ000,5.08,AUD
14769,2024-01-06T09:36:20,2024-01-06,352,44,Online,PayPal,COUPON99--,1.14,AUD
14775,2024-01-06T19:28:34,2024-01-06,427,44,Online,Afterpay,COUPON-Z00,15.73,AUD
14813,2024-01-06T02:56:04,2024-01-06,393,22,Online,Afterpay,COUPON-A90,0.37,AUD
14925,2024-01-06T14:49:29,2024-01-06,758,49,Retail,PayPal,COUPONZZ0-,18.63,AUD
15054,2024-01-06T21:35:07,2024-01-06,781,46,Retail,PayPal,COUPON-Z9Z,17.55,AUD
15101,2024-01-06T04:16:44,2024-01-06,790,33,Retail,Credit Card,COUPON99--,17.31,AUD
15153,2024-01-06T01:23:29,2024-01-06,70,18,Online,Credit Card,COUPON-0-0,19.87,AUD
15352,2024-01-06T04:58:03,2024-01-06,589,29,Online,PayPal,COUPONZ9Z-,12.14,AUD
15538,2024-01-06T18:20:19,2024-01-06,178,11,Online,Credit Card,COUPON-Z9Z,1.22,AUD
15611,2024-01-06T02:15:05,2024-01-06,526,26,Online,PayPal,COUPON-90A,1.48,AUD
15911,2024-01-06T05:51:36,2024-01-06,292,25,Retail,Afterpay,COUPONZ--0,0.75,AUD
16173,2024-01-06T22:58:23,2024-01-06,317,35,Online,Credit Card,COUPON---A,13.52,AUD
16269,2024-01-06T19:09:31,2024-01-06,626,8,Retail,Credit Card,COUPON9--A,5.83,AUD
16471,2024-01-06T20:04:55,2024-01-06,634,42,Online,PayPal,COUPON-A--,1.08,AUD
16487,2024-01-06T13:22:49,2024-01-06,291,37,Online,Afterpay,COUPON-A09,13.04,AUD
16537,2024-01-06T20:05:01,2024-01-06,275,45,Retail,Afterpay,COUPON--A0,6.58,AUD
17018,2024-01-06T10:05:34,2024-01-06,614,30,Retail,Afterpay,COUPONZA9-,14.32,AUD
17057,2024-01-06T14:50:08,2024-01-06,535,32,Online,Credit Card,COUPON-A-Z,10.85,AUD
17183,2024-01-06T01:54:59,2024-01-06,291,34,Online,PayPal,COUPON0A9-,3.49,AUD
17242,2024-01-06T12:15:12,2024-01-06,7,40,Retail,Credit Card,COUPON99-0,2.49,AUD
17273,2024-01-06T19:03:44,2024-01-06,568,43,Online,PayPal,COUPON-0--,16.89,AUD
17627,2024-01-06T15:39:55,2024-01-06,675,41,Retail,PayPal,COUPONA99-,10.82,AUD
17658,2024-01-06T16:48:02,2024-01-06,532,44,Retail,PayPal,COUPONA---,5.91,AUD
17880,2024-01-06T14:10:17,2024-01-06,754,16,Retail,PayPal,COUPON0999,11.27,AUD
17881,2024-01-06T01:51:21,2024-01-06,74,38,Retail,Afterpay,COUPONAZZA,17.13,AUD
18590,2024-01-06T06:01:13,2024-01-06,272,6,Online,PayPal,COUPON09ZZ,13.31,AUD
18663,2024-01-06T07:06:23,2024-01-06,271,8,Online,PayPal,COUPON-ZZ0,17.34,AUD
18725,2024-01-06T09:41:57,2024-01-06,584,8,Online,Afterpay,COUPONZ---,15.09,AUD
19076,2024-01-06T22:31:38,2024-01-06,466,43,Retail,Afterpay,COUPON-ZZ0,13.78,AUD
19104,2024-01-06T08:46:25,2024-01-06,260,46,Online,PayPal,COUPON00A9,9.34,AUD
19338,2024-01-06T08:34:31,2024-01-06,687,33,Online,Afterpay,COUPONA-9-,0.01,AUD
19404,2024-01-06T10:36:06,2024-01-06,240,38,Online,Afterpay,COUPONZ-Z-,10.79,AUD
19419,2024-01-06T15:43:13,2024-01-06,425,45,Online,PayPal,COUPON9-0-,14.05,AUD
19557,2024-01-06T02:20:34,2024-01-06,153,30,Online,Credit Card,COUPON0-09,16.99,AUD
19612,2024-01-06T16:36:15,2024-01-06,50,18,Retail,Credit Card,COUPON-ZZ-,5.94,AUD
19619,2024-01-06T17:34:57,2024-01-06,646,33,Online,Afterpay,COUPON-Z--,4.6,AUD
19726,2024-01-06T05:50:27,2024-01-06,5,21,Online,PayPal,COUPON0Z9-,3.73,AUD
19881,2024-01-06T09:47:18,2024-01-06,750,17,Online,PayPal,COUPON9-A-,19.14,AUD
19915,2024-01-06T18:23:11,2024-01-06,511,28,Retail,Afterpay,COUPON9Z-A,5.93,AUD
19956,2024-01-06T00:47:40,2024-01-06,480,40,Online,Afterpay,COUPONA9AA,2.1,AUD
20177,2024-01-06T04:07:23,2024-01-06,592,26,Online,PayPal,COUPON9A9-,11.66,AUD
20274,2024-01-06T08:46:52,2024-01-06,488,3,Retail,Credit Card,COUPON--ZZ,1.77,AUD
20304,2024-01-06T09:57:13,2024-01-06,508,42,Retail,Credit Card,COUPON--00,5.94,AUD
20348,2024-01-06T05:41:04,2024-01-06,348,44,Retail,PayPal,COUPON9-Z0,6.88,AUD
20512,2024-01-06T19:05:07,2024-01-06,249,1,Online,PayPal,COUPON--09,7.03,AUD
20662,2024-01-06T12:12:01,2024-01-06,81,38,Online,PayPal,COUPON9AAA,13.89,AUD
20716,2024-01-06T02:02:04,2024-01-06,736,34,Online,Credit Card,COUPONZ--0,0.56,AUD
20799,2024-01-06T10:48:37,2024-01-06,372,45,Online,Afterpay,COUPON09-9,3.56,AUD
20892,2024-01-06T01:26:48,2024-01-06,715,4,Retail,Credit Card,COUPON0-Z-,15.17,AUD
20921,2024-01-06T10:40:43,2024-01-06,245,1,Online,Credit Card,COUPONZ9Z0,15.02,AUD
20990,2024-01-06T23:34:22,2024-01-06,157,22,Online,Afterpay,COUPONA00-,7.08,AUD
21011,2024-01-06T13:37:19,2024-01-06,227,4,Retail,Afterpay,COUPON-AZZ,12.24,AUD
21082,2024-01-06T18:47:11,2024-01-06,369,13,Retail,PayPal,COUPONAA-9,15.19,AUD
21113,2024-01-06T17:11:34,2024-01-06,371,3,Online,Credit Card,COUPONAAZ9,0.81,AUD
21164,2024-01-06T06:01:41,2024-01-06,794,4,Retail,PayPal,COUPON90-0,19.72,AUD
21236,2024-01-06T20:24:35,2024-01-06,320,7,Online,Credit Card,COUPON-A-0,1.53,AUD
21479,2024-01-06T17:26:21,2024-01-06,303,17,Retail,Afterpay,COUPON9-ZZ,19.03,AUD
21594,2024-01-06T02:37:13,2024-01-06,415,17,Online,Credit Card,COUPONZ00-,8.45,AUD
21689,2024-01-06T20:11:32,2024-01-06,382,15,Online,Credit Card,COUPON0A9-,12.1,AUD
21918,2024-01-06T05:06:48,2024-01-06,634,29,Online,PayPal,COUPON-AZ0,8.12,AUD
21967,2024-01-06T03:26:26,2024-01-06,613,2,Retail,PayPal,COUPON-0ZA,18.55,AUD
22026,2024-01-06T21:00:37,2024-01-06,287,17,Retail,PayPal,COUPON0A00,2.33,AUD
22184,2024-01-06T10:04:47,2024-01-06,213,29,Online,Credit Card,COUPON9ZA0,6.57,AUD
22219,2024-01-06T04:48:47,2024-01-06,312,25,Retail,Credit Card,COUPON9--9,8.77,AUD
22563,2024-01-06T04:12:19,2024-01-06,392,12,Retail,PayPal,COUPONAZ90,1.31,AUD
22608,2024-01-06T05:17:08,2024-01-06,632,7,Online,PayPal,COUPONZA-Z,11.29,AUD
22635,2024-01-06T22:09:44,2024-01-06,369,6,Online,Afterpay,COUPON9Z-9,18.57,AUD
22955,2024-01-06T02:02:47,2024-01-06,355,19,Retail,Afterpay,COUPON9A0A,4.66,AUD
23146,2024-01-06T22:40:00,2024-01-06,272,38,Online,PayPal,COUPONZ-90,16.6,AUD
23224,2024-01-06T22:55:28,2024-01-06,576,8,Retail,PayPal,COUPON0--9,6.54,AUD
23258,2024-01-06T19:56:04,2024-01-06,521,49,Retail,Credit Card,COUPON-9--,3.01,AUD
23295,2024-01-06T13:41:41,2024-01-06,724,34,Retail,Afterpay,COUPON0---,15.95,AUD
23299,2024-01-06T13:43:14,2024-01-06,308,24,Online,Credit Card,COUPON-A9-,6.73,AUD
23321,2024-01-06T13:49:25,2024-01-06,622,28,Retail,Afterpay,COUPON----,15.72,AUD
23338,2024-01-06T23:18:04,2024-01-06,225,8,Retail,Afterpay,COUPON0ZAZ,15.88,AUD
23410,2024-01-06T11:45:05,2024-01-06,756,24,Online,Afterpay,COUPONZZ0-,1.86,AUD
23437,2024-01-06T07:56:01,2024-01-06,185,3,Online,PayPal,COUPONAZ09,4.78,AUD
23505,2024-01-06T06:32:48,2024-01-06,344,25,Retail,Credit Card,COUPON-ZZ9,8.11,AUD
23516,2024-01-06T23:31:42,2024-01-06,195,45,Online,Afterpay,COUPON9A09,2.54,AUD
23552,2024-01-06T15:16:01,2024-01-06,494,19,Retail,Afterpay,COUPON9---,3.3,AUD
23672,2024-01-06T11:06:17,2024-01-06,338,28,Online,Afterpay,COUPONA0Z-,4.31,AUD
23711,2024-01-06T00:25:21,2024-01-06,343,35,Online,PayPal,COUPON--9Z,18.27,AUD
23850,2024-01-06T08:27:06,2024-01-06,199,12,Retail,Afterpay,COUPON--Z0,12.62,AUD
23861,2024-01-06T13:15:19,2024-01-06,458,37,Retail,Credit Card,COUPON---0,9.88,AUD
24041,2024-01-06T05:37:55,2024-01-06,321,35,Online,Afterpay,COUPONZ99A,16.89,AUD
24160,2024-01-06T15:43:28,2024-01-06,689,40,Online,Afterpay,COUPON----,15.93,AUD
24196,2024-01-06T15:20:17,2024-01-06,393,7,Online,Afterpay,COUPON090A,3.42,AUD
24214,2024-01-06T05:14:52,2024-01-06,144,12,Online,Afterpay,COUPON-9A0,5.55,AUD
24334,2024-01-06T09:57:16,2024-01-06,229,40,Retail,PayPal,COUPON90A-,14.98,AUD
24367,2024-01-06T09:34:07,2024-01-06,779,31,Online,PayPal,COUPON0-9A,15.51,AUD
24410,2024-01-06T10:43:30,2024-01-06,90,17,Retail,Credit Card,COUPON0-AZ,5.16,AUD
24448,2024-01-06T18:46:42,2024-01-06,246,29,Retail,PayPal,COUPON--Z9,18.12,AUD
24533,2024-01-06T21:42:14,2024-01-06,171,9,Retail,Credit Card,COUPONAZZ-,16.66,AUD
24597,2024-01-06T05:05:48,2024-01-06,609,17,Retail,Afterpay,COUPON--9A,16.96,AUD
24716,2024-01-06T09:49:24,2024-01-06,276,28,Online,Credit Card,COUPONAAA0,13.03,AUD
24746,2024-01-06T20:00:12,2024-01-06,262,9,Online,Afterpay,COUPON-909,9.72,AUD
24859,2024-01-06T05:00:31,2024-01-06,773,34,Online,PayPal,COUPON-ZZ-,9.49,AUD
25027,2024-01-06T19:54:21,2024-01-06,357,19,Retail,PayPal,COUPON-0-9,17.05,AUD
25030,2024-01-06T10:12:59,2024-01-06,272,29,Retail,Credit Card,COUPON0-A0,13.79,AUD
25127,2024-01-06T09:00:44,2024-01-06,651,14,Retail,PayPal,COUPONA0-9,15.91,AUD
25279,2024-01-06T06:57:40,2024-01-06,320,3,Online,Afterpay,COUPON9AZ-,6.01,AUD
25293,2024-01-06T14:33:08,2024-01-06,163,18,Retail,Credit Card,COUPON-0Z0,13.13,AUD
25334,2024-01-06T15:25:59,2024-01-06,605,9,Retail,PayPal,COUPONZZ-Z,3.8,AUD
25455,2024-01-06T23:13:25,2024-01-06,454,3,Online,Credit Card,COUPONA0Z-,11.15,AUD
25521,2024-01-06T03:14:05,2024-01-06,238,18,Retail,Afterpay,COUPONA-0-,17.52,AUD
25640,2024-01-06T16:35:23,2024-01-06,567,46,Retail,PayPal,COUPONA0--,19.8,AUD
25755,2024-01-06T08:18:11,2024-01-06,545,23,Online,PayPal,COUPONZA-0,19.25,AUD
25769,2024-01-06T20:21:57,2024-01-06,87,26,Online,Credit Card,COUPON-ZA9,9.64,AUD
26071,2024-01-06T18:56:03,2024-01-06,242,36,Online,Credit Card,COUPON-00-,12.1,AUD
26111,2024-01-06T14:38:39,2024-01-06,360,5,Online,Afterpay,COUPON0ZZA,4.21,AUD
26131,2024-01-06T17:06:42,2024-01-06,192,9,Retail,PayPal,COUPONA9-Z,0.67,AUD
26150,2024-01-06T11:47:36,2024-01-06,3,40,Online,Afterpay,COUPONZA9-,11.96,AUD
26354,2024-01-06T18:11:57,2024-01-06,496,3,Online,Afterpay,COUPON-99Z,9.73,AUD
26472,2024-01-06T14:53:12,2024-01-06,211,40,Online,PayPal,COUPON--90,16.92,AUD
26507,2024-01-06T22:40:56,2024-01-06,450,5,Retail,PayPal,COUPON0Z-Z,17.72,AUD
26523,2024-01-06T04:43:24,2024-01-06,232,5,Online,Credit Card,COUPONAA-A,17.31,AUD
26565,2024-01-06T01:08:35,2024-01-06,318,29,Online,PayPal,COUPON90-A,0.78,AUD
26702,2024-01-06T18:18:26,2024-01-06,768,27,Retail,Afterpay,COUPONA-0-,14.53,AUD
26815,2024-01-06T22:30:46,2024-01-06,772,13,Online,Credit Card,COUPON-9-Z,0.13,AUD
26850,2024-01-06T20:21:29,2024-01-06,479,40,Online,Afterpay,COUPON0A9-,19.86,AUD
27107,2024-01-06T06:02:17,2024-01-06,215,23,Retail,Afterpay,COUPONZ--A,12.74,AUD
27129,2024-01-06T10:48:08,2024-01-06,770,42,Online,Credit Card,COUPON-0Z-,8.41,AUD
27169,2024-01-06T19:27:59,2024-01-06,687,26,Online,Credit Card,COUPON-0A0,14.43,AUD
27172,2024-01-06T09:00:06,2024-01-06,410,16,Online,Afterpay,COUPONZZAZ,0.04,AUD
27205,2024-01-06T20:40:23,2024-01-06,724,25,Retail,Afterpay,COUPONZA0Z,3.92,AUD
27416,2024-01-06T04:28:21,2024-01-06,297,45,Online,Credit Card,COUPONA-99,1.37,AUD
27553,2024-01-06T23:49:47,2024-01-06,189,23,Retail,Afterpay,COUPON--Z9,18.66,AUD
27621,2024-01-06T15:02:44,2024-01-06,436,11,Retail,Credit Card,COUPON---0,6.85,AUD
28250,2024-01-06T05:15:29,2024-01-06,587,31,Online,PayPal,COUPON9A-0,19.47,AUD
28282,2024-01-06T14:59:26,2024-01-06,584,31,Online,Afterpay,COUPONZ---,9.52,AUD
28301,2024-01-06T20:01:32,2024-01-06,414,18,Retail,Credit Card,COUPONAZ0-,2.57,AUD
28650,2024-01-06T17:45:46,2024-01-06,112,14,Retail,Afterpay,COUPON---Z,17.3,AUD
28793,2024-01-06T18:48:56,2024-01-06,406,44,Online,Credit Card,COUPONZZ9-,9.92,AUD
29127,2024-01-06T04:04:11,2024-01-06,244,35,Retail,Afterpay,COUPON099Z,9.09,AUD
29188,2024-01-06T05:24:01,2024-01-06,273,44,Online,Afterpay,COUPONAZ00,16.55,AUD
29233,2024-01-06T19:37:54,2024-01-06,493,1,Retail,Credit Card,COUPON9-00,9.1,AUD
29429,2024-01-06T08:32:00,2024-01-06,396,36,Online,Credit Card,COUPON0AAA,11.63,AUD
29540,2024-01-06T23:25:10,2024-01-06,300,24,Online,Credit Card,COUPONZ-A-,13.47,AUD
29602,2024-01-06T03:09:26,2024-01-06,708,14,Online,Afterpay,COUPON-0AA,12.89,AUD
29686,2024-01-06T02:35:50,2024-01-06,141,4,Retail,PayPal,COUPON-0Z-,2.91,AUD
29704,2024-01-06T10:23:12,2024-01-06,387,5,Retail,Afterpay,COUPON99Z-,16.72,AUD
29836,2024-01-06T17:10:27,2024-01-06,759,28,Retail,Afterpay,COUPON909Z,11.47,AUD
29988,2024-01-06T18:31:52,2024-01-06,235,28,Online,Afterpay,COUPONZZA9,13.66,AUD
30130,2024-01-06T02:19:50,2024-01-06,127,30,Online,Afterpay,COUPON9A09,7.39,AUD
30166,2024-01-06T04:35:34,2024-01-06,654,7,Retail,PayPal,COUPONAZZ-,19.57,AUD
30433,2024-01-06T05:47:28,2024-01-06,81,1,Online,Afterpay,COUPON-A9-,5.26,AUD
30546,2024-01-06T20:36:46,2024-01-06,123,12,Retail,Afterpay,COUPON9Z90,13.85,AUD
30639,2024-01-06T00:27:46,2024-01-06,38,43,Retail,Afterpay,COUPON0-Z-,15.96,AUD
30655,2024-01-06T21:52:40,2024-01-06,566,4,Retail,PayPal,COUPON-A-Z,14.51,AUD
30719,2024-01-06T01:16:16,2024-01-06,646,2,Online,PayPal,COUPON99Z9,9.64,AUD
30741,2024-01-06T08:05:11,2024-01-06,552,6,Retail,Afterpay,COUPON-9Z0,19.7,AUD
30747,2024-01-06T04:13:53,2024-01-06,191,8,Online,Afterpay,COUPONA9-A,6.9,AUD
30761,2024-01-06T01:45:29,2024-01-06,389,25,Online,Afterpay,COUPON-0Z9,18.04,AUD
30806,2024-01-06T05:25:51,2024-01-06,402,32,Online,PayPal,COUPON0999,1.42,AUD
30933,2024-01-06T21:00:30,2024-01-06,605,28,Online,PayPal,COUPONZ-ZA,6.98,AUD
30977,2024-01-06T02:12:24,2024-01-06,15,12,Online,Afterpay,COUPONZ--9,13.1,AUD
31050,2024-01-06T11:22:08,2024-01-06,207,34,Retail,Credit Card,COUPON0-ZZ,9.6,AUD
31224,2024-01-06T21:50:16,2024-01-06,81,38,Retail,Credit Card,COUPONZA9-,18.13,AUD
31264,2024-01-06T04:06:28,2024-01-06,514,4,Retail,Credit Card,COUPONZ0-9,1.66,AUD
31273,2024-01-06T20:07:05,2024-01-06,123,17,Online,Afterpay,COUPONA--0,18.8,AUD
31339,2024-01-06T10:28:40,2024-01-06,513,13,Online,Credit Card,COUPON09--,12.6,AUD
31445,2024-01-06T20:55:59,2024-01-06,241,38,Online,Afterpay,COUPON0-ZA,17.79,AUD
31825,2024-01-06T08:20:46,2024-01-06,285,1,Retail,Credit Card,COUPON00--,3.59,AUD
31847,2024-01-06T15:51:18,2024-01-06,396,11,Online,Afterpay,COUPON9A90,8.48,AUD
31854,2024-01-06T20:59:41,2024-01-06,213,30,Online,Credit Card,COUPON99Z-,9.33,AUD
31880,2024-01-06T14:30:42,2024-01-06,626,23,Retail,Credit Card,COUPON0Z--,0.71,AUD
31983,2024-01-06T22:06:04,2024-01-06,703,16,Online,PayPal,COUPONA09Z,1.56,AUD
31996,2024-01-06T14:11:55,2024-01-06,354,38,Online,Afterpay,COUPONZZ--,16.67,AUD
32020,2024-01-06T18:28:49,2024-01-06,473,35,Retail,PayPal,COUPONZZA-,8.19,AUD
32526,2024-01-06T03:56:39,2024-01-06,294,16,Retail,Afterpay,COUPONZAZ0,14.48,AUD
32529,2024-01-06T08:07:34,2024-01-06,115,10,Retail,PayPal,COUPONA-AZ,12.58,AUD
32597,2024-01-06T03:14:55,2024-01-06,554,12,Online,Credit Card,COUPON-Z9Z,4.09,AUD
32598,2024-01-06T20:02:32,2024-01-06,293,31,Retail,Credit Card,COUPON009-,5.8,AUD
32738,2024-01-06T01:30:22,2024-01-06,685,48,Retail,Afterpay,COUPON0Z-Z,3.75,AUD
32833,2024-01-06T06:56:25,2024-01-06,331,16,Retail,PayPal,COUPONA9ZA,5.39,AUD
32995,2024-01-06T12:39:38,2024-01-06,596,11,Retail,Afterpay,COUPON0A00,13.81,AUD
33044,2024-01-06T05:11:43,2024-01-06,431,12,Retail,Afterpay,COUPONAZ9-,17.45,AUD
33132,2024-01-06T18:28:16,2024-01-06,352,5,Retail,Afterpay,COUPON0AZ-,9.46,AUD
33337,2024-01-06T07:18:53,2024-01-06,229,37,Online,Credit Card,COUPONAZ--,14.39,AUD
33404,2024-01-06T22:09:17,2024-01-06,706,19,Retail,PayPal,COUPONA909,12.93,AUD
33523,2024-01-06T23:30:32,2024-01-06,417,4,Online,Afterpay,COUPON0A90,11.49,AUD
33748,2024-01-06T23:42:03,2024-01-06,359,8,Online,Credit Card,COUPONA---,14.1,AUD
33790,2024-01-06T08:46:41,2024-01-06,753,4,Retail,Afterpay,COUPON0--Z,18.31,AUD
34034,2024-01-06T12:50:09,2024-01-06,46,24,Retail,Afterpay,COUPON9-ZZ,3.27,AUD
34259,2024-01-06T04:24:38,2024-01-06,20,21,Retail,Credit Card,COUPONZ---,9.83,AUD
34268,2024-01-06T16:37:41,2024-01-06,394,4,Retail,PayPal,COUPONA-Z-,11.96,AUD
34312,2024-01-06T01:26:55,2024-01-06,577,41,Online,PayPal,COUPONA-A0,4.92,AUD
34372,2024-01-06T11:01:13,2024-01-06,605,4,Retail,Credit Card,COUPON-Z-A,6.36,AUD
34422,2024-01-06T00:05:05,2024-01-06,48,27,Online,PayPal,COUPON-9--,12.83,AUD
34496,2024-01-06T06:22:24,2024-01-06,690,4,Retail,Afterpay,COUPON990-,9.46,AUD
34569,2024-01-06T19:30:33,2024-01-06,21,14,Online,PayPal,COUPONZZZ0,17.2,AUD
34773,2024-01-06T11:16:25,2024-01-06,445,21,Retail,Credit Card,COUPON-AZ-,5.8,AUD
34851,2024-01-06T04:41:18,2024-01-06,776,17,Online,PayPal,COUPON9Z0-,5.49,AUD
35148,2024-01-06T03:23:00,2024-01-06,745,37,Online,PayPal,COUPON--Z0,1.01,AUD
35275,2024-01-06T01:56:58,2024-01-06,22,21,Online,PayPal,COUPONAAAA,4.94,AUD
35352,2024-01-06T10:24:23,2024-01-06,70,40,Online,PayPal,COUPON9--A,8.59,AUD
35523,2024-01-06T20:14:48,2024-01-06,664,3,Retail,PayPal,COUPON-Z-9,16.75,AUD
35643,2024-01-06T20:51:07,2024-01-06,743,24,Retail,Afterpay,COUPON-Z--,19.32,AUD
35737,2024-01-06T18:46:41,2024-01-06,754,38,Retail,Credit Card,COUPON0Z0-,10.48,AUD
35805,2024-01-06T12:22:45,2024-01-06,754,6,Retail,Credit Card,COUPON9A9A,6.84,AUD
35824,2024-01-06T21:44:32,2024-01-06,78,20,Retail,PayPal,COUPON-9A-,18.02,AUD
35837,2024-01-06T07:29:59,2024-01-06,61,39,Retail,Credit Card,COUPON9AZ9,3.71,AUD
35879,2024-01-06T04:41:59,2024-01-06,43,49,Retail,PayPal,COUPONA0Z-,10.61,AUD
36073,2024-01-06T06:09:47,2024-01-06,590,10,Retail,Credit Card,COUPON90ZZ,2.87,AUD
36103,2024-01-06T09:07:23,2024-01-06,576,45,Retail,PayPal,COUPON99-Z,18.65,AUD
36427,2024-01-06T23:58:56,2024-01-06,613,13,Online,Credit Card,COUPONA-99,18.26,AUD
36502,2024-01-06T18:06:07,2024-01-06,77,9,Online,PayPal,COUPON-A9A,5.59,AUD
36541,2024-01-06T05:19:35,2024-01-06,15,9,Retail,Afterpay,COUPON-90-,10.95,AUD
36796,2024-01-06T22:26:38,2024-01-06,768,39,Online,Credit Card,COUPONZ-ZZ,15.94,AUD
36876,2024-01-06T20:06:52,2024-01-06,743,28,Retail,Afterpay,COUPON-A-A,1.78,AUD
36895,2024-01-06T12:13:26,2024-01-06,479,3,Retail,Credit Card,COUPON90--,2.69,AUD
36978,2024-01-06T06:31:19,2024-01-06,438,15,Retail,Afterpay,COUPON0000,10.15,AUD
37032,2024-01-06T13:29:07,2024-01-06,45,3,Retail,Credit Card,COUPONA-9-,1.42,AUD
37151,2024-01-06T17:43:53,2024-01-06,60,44,Retail,PayPal,COUPONA99-,9.99,AUD
37174,2024-01-06T05:25:20,2024-01-06,667,20,Retail,Afterpay,COUPONA990,14.32,AUD
37413,2024-01-06T08:52:33,2024-01-06,436,14,Retail,PayPal,COUPONAAZ0,13.12,AUD
37532,2024-01-06T03:52:29,2024-01-06,240,42,Retail,Afterpay,COUPONA9A-,16.41,AUD
37560,2024-01-06T03:38:10,2024-01-06,10,24,Retail,PayPal,COUPONZ9--,4.15,AUD
37657,2024-01-06T07:33:02,2024-01-06,169,21,Online,PayPal,COUPON0-90,1.6,AUD
37752,2024-01-06T16:06:03,2024-01-06,641,49,Online,Afterpay,COUPON9-Z0,14.49,AUD
37773,2024-01-06T02:24:25,2024-01-06,626,20,Online,PayPal,COUPON0-9-,11.6,AUD
37981,2024-01-06T10:54:32,2024-01-06,619,20,Online,Afterpay,COUPON-A-A,13.04,AUD
38015,2024-01-06T16:24:20,2024-01-06,785,32,Online,PayPal,COUPON--ZZ,15.03,AUD
38074,2024-01-06T23:57:48,2024-01-06,82,6,Online,Credit Card,COUPON0--0,2.6,AUD
38080,2024-01-06T13:29:20,2024-01-06,727,17,Retail,Afterpay,COUPON--00,10.48,AUD
38130,2024-01-06T06:10:26,2024-01-06,224,45,Online,Credit Card,COUPONZ-ZZ,3.62,AUD
38151,2024-01-06T13:20:36,2024-01-06,329,42,Retail,Afterpay,COUPON-AAA,7.77,AUD
38158,2024-01-06T14:16:07,2024-01-06,289,36,Online,PayPal,COUPONZA9A,12.6,AUD
38355,2024-01-06T21:28:17,2024-01-06,138,11,Retail,Afterpay,COUPON9A-Z,11.6,AUD
38553,2024-01-06T00:22:45,2024-01-06,525,24,Retail,Afterpay,COUPON09--,4.83,AUD
38654,2024-01-06T03:35:23,2024-01-06,694,4,Retail,Credit Card,COUPON-9-A,11.74,AUD
38695,2024-01-06T10:32:16,2024-01-06,699,38,Retail,Afterpay,COUPONA0A9,16.01,AUD
38797,2024-01-06T02:58:27,2024-01-06,120,24,Online,PayPal,COUPONZ9A0,4.28,AUD
38933,2024-01-06T04:25:13,2024-01-06,375,45,Retail,Credit Card,COUPON9A99,19.82,AUD
39074,2024-01-06T15:49:49,2024-01-06,690,32,Online,Credit Card,COUPON9AZ9,10.59,AUD
39104,2024-01-06T10:35:38,2024-01-06,660,13,Retail,Afterpay,COUPONAZ--,15.47,AUD
39391,2024-01-06T03:52:51,2024-01-06,781,24,Retail,PayPal,COUPON0Z9Z,4.55,AUD
39442,2024-01-06T21:37:41,2024-01-06,26,4,Online,PayPal,COUPON--Z9,8.99,AUD
40254,2024-01-06T20:31:58,2024-01-06,566,42,Online,PayPal,COUPON90AA,14.28,AUD
40308,2024-01-06T08:04:26,2024-01-06,269,3,Online,PayPal,COUPONZZ9-,3.99,AUD
40317,2024-01-06T11:41:19,2024-01-06,55,28,Retail,Afterpay,COUPON-9Z0,5.5,AUD
40685,2024-01-06T12:15:24,2024-01-06,646,2,Online,Afterpay,COUPON900-,14.58,AUD
40731,2024-01-06T13:34:52,2024-01-06,411,16,Retail,PayPal,COUPON0-ZZ,7.55,AUD
40933,2024-01-06T17:41:48,2024-01-06,712,27,Online,Afterpay,COUPON0-9A,16.28,AUD
40982,2024-01-06T10:59:41,2024-01-06,222,47,Online,Credit Card,COUPON0A-A,3.33,AUD
41071,2024-01-06T02:51:24,2024-01-06,326,27,Retail,PayPal,COUPON9-Z-,2.8,AUD
41176,2024-01-06T17:56:44,2024-01-06,244,26,Retail,Afterpay,COUPONZ-Z9,11.35,AUD
41178,2024-01-06T12:30:24,2024-01-06,625,37,Online,Afterpay,COUPONA-AZ,13.07,AUD
41200,2024-01-06T11:40:09,2024-01-06,523,20,Retail,Credit Card,COUPONZ99A,12.03,AUD
41332,2024-01-06T02:56:57,2024-01-06,543,29,Online,Credit Card,COUPON-ZZ-,8.23,AUD
41474,2024-01-06T08:30:34,2024-01-06,364,44,Retail,Afterpay,COUPON--0A,9.76,AUD
41482,2024-01-06T05:12:42,2024-01-06,398,23,Online,Credit Card,COUPON9Z--,17.18,AUD
41624,2024-01-06T18:26:56,2024-01-06,780,19,Online,PayPal,COUPON--AA,1.77,AUD
41712,2024-01-06T14:46:44,2024-01-06,197,32,Online,Credit Card,COUPON0Z9-,8.84,AUD
41790,2024-01-06T21:22:49,2024-01-06,117,41,Retail,PayPal,COUPON-99-,11.86,AUD
41892,2024-01-06T04:15:29,2024-01-06,786,24,Online,PayPal,COUPON9A9Z,6.85,AUD
42047,2024-01-06T04:53:22,2024-01-06,422,40,Online,Afterpay,COUPON990Z,11.65,AUD
42068,2024-01-06T20:02:24,2024-01-06,468,1,Online,PayPal,COUPONZ09-,0.08,AUD
42177,2024-01-06T00:47:34,2024-01-06,702,45,Retail,Credit Card,COUPON--0A,6.86,AUD
42178,2024-01-06T03:12:52,2024-01-06,586,23,Retail,PayPal,COUPON-00-,16.57,AUD
42558,2024-01-06T22:55:05,2024-01-06,176,8,Online,Afterpay,COUPON-00-,1.66,AUD
42586,2024-01-06T18:06:25,2024-01-06,31,39,Retail,PayPal,COUPON-000,13.17,AUD
42601,2024-01-06T09:58:28,2024-01-06,744,20,Online,Afterpay,COUPON-ZAA,1.94,AUD
42717,2024-01-06T05:08:36,2024-01-06,435,46,Retail,Credit Card,COUPON-A--,16.0,AUD
42727,2024-01-06T13:21:53,2024-01-06,724,2,Online,Credit Card,COUPONZA-A,4.83,AUD
42799,2024-01-06T18:04:01,2024-01-06,786,28,Online,Credit Card,COUPONAAAZ,5.41,AUD
42806,2024-01-06T01:54:29,2024-01-06,67,9,Retail,Credit Card,COUPONAZ-A,11.65,AUD
43207,2024-01-06T00:13:07,2024-01-06,80,32,Retail,Afterpay,COUPON-Z-A,5.32,AUD
43348,2024-01-06T02:42:00,2024-01-06,644,44,Retail,PayPal,COUPON9Z99,14.26,AUD
43384,2024-01-06T06:45:17,2024-01-06,575,29,Online,PayPal,COUPON0--0,13.87,AUD
43495,2024-01-06T13:00:50,2024-01-06,217,8,Online,PayPal,COUPONZ-Z-,3.84,AUD
43538,2024-01-06T17:32:08,2024-01-06,527,13,Online,PayPal,COUPON-AA0,18.63,AUD
43554,2024-01-06T01:12:35,2024-01-06,431,20,Retail,Afterpay,COUPON9900,0.33,AUD
43642,2024-01-06T22:13:30,2024-01-06,31,24,Online,Credit Card,COUPONZA--,9.23,AUD
43696,2024-01-06T17:21:09,2024-01-06,584,41,Online,Afterpay,COUPON0--A,12.05,AUD
43753,2024-01-06T23:22:48,2024-01-06,440,33,Online,Credit Card,COUPON00A0,9.24,AUD
43815,2024-01-06T06:47:08,2024-01-06,246,18,Retail,PayPal,COUPON9-9-,8.29,AUD
44125,2024-01-06T10:15:39,2024-01-06,228,48,Online,Afterpay,COUPON----,5.53,AUD
44159,2024-01-06T02:49:13,2024-01-06,612,26,Online,Credit Card,COUPONZ0--,10.77,AUD
44224,2024-01-06T02:08:59,2024-01-06,666,3,Online,PayPal,COUPONZ-0-,8.16,AUD
44266,2024-01-06T20:59:45,2024-01-06,105,36,Online,PayPal,COUPON---9,6.29,AUD
44448,2024-01-06T20:41:12,2024-01-06,467,29,Retail,PayPal,COUPON90A9,14.38,AUD
44627,2024-01-06T03:04:59,2024-01-06,54,18,Online,Credit Card,COUPONZ-Z-,15.14,AUD
45051,2024-01-06T19:32:08,2024-01-06,670,42,Online,PayPal,COUPONAA--,6.69,AUD
45281,2024-01-06T09:15:11,2024-01-06,288,48,Online,Afterpay,COUPON--99,8.83,AUD
45290,2024-01-06T20:16:03,2024-01-06,548,12,Retail,PayPal,COUPON9--0,9.53,AUD
45304,2024-01-06T04:31:28,2024-01-06,399,47,Online,Credit Card,COUPON0A-Z,9.14,AUD
45338,2024-01-06T20:56:47,2024-01-06,659,7,Retail,PayPal,COUPON9A0-,4.83,AUD
45366,2024-01-06T19:22:23,2024-01-06,99,35,Online,Afterpay,COUPON9Z--,18.69,AUD
45448,2024-01-06T00:00:12,2024-01-06,583,1,Retail,PayPal,COUPON-99Z,10.12,AUD
45476,2024-01-06T23:21:57,2024-01-06,1,22,Online,Credit Card,COUPONA---,14.73,AUD
45479,2024-01-06T17:53:20,2024-01-06,691,42,Retail,Afterpay,COUPONZ-A9,2.96,AUD
45621,2024-01-06T14:56:54,2024-01-06,110,17,Online,PayPal,COUPON--99,15.68,AUD
45673,2024-01-06T23:58:17,2024-01-06,274,49,Retail,Credit Card,COUPON----,1.9,AUD
45674,2024-01-06T16:37:32,2024-01-06,674,12,Retail,Credit Card,COUPON--9Z,4.54,AUD
45682,2024-01-06T19:54:22,2024-01-06,367,17,Retail,Afterpay,COUPON0-Z0,12.8,AUD
45718,2024-01-06T05:05:38,2024-01-06,295,18,Retail,Credit Card,COUPON00--,16.83,AUD
45769,2024-01-06T10:33:24,2024-01-06,247,40,Retail,Credit Card,COUPON90A-,15.97,AUD
45870,2024-01-06T22:07:33,2024-01-06,244,10,Online,Afterpay,COUPON-900,1.88,AUD
45960,2024-01-06T15:15:48,2024-01-06,784,12,Retail,PayPal,COUPON----,2.27,AUD
46132,2024-01-06T19:57:47,2024-01-06,380,16,Retail,Credit Card,COUPON--90,15.45,AUD
46291,2024-01-06T16:18:37,2024-01-06,43,46,Retail,PayPal,COUPONZ--9,0.41,AUD
46294,2024-01-06T09:57:29,2024-01-06,334,47,Online,Credit Card,COUPON--A-,15.61,AUD
46307,2024-01-06T19:48:05,2024-01-06,594,11,Retail,PayPal,COUPONZ-ZZ,17.29,AUD
46412,2024-01-06T12:20:10,2024-01-06,196,31,Online,Credit Card,COUPON9ZZ-,14.96,AUD
46657,2024-01-06T03:04:27,2024-01-06,289,30,Retail,Credit Card,COUPONZ0Z-,7.54,AUD
46725,2024-01-06T05:25:23,2024-01-06,38,7,Online,Afterpay,COUPON9---,11.92,AUD
46772,2024-01-06T17:25:59,2024-01-06,363,5,Retail,Credit Card,COUPON9ZA9,11.89,AUD
46778,2024-01-06T19:16:07,2024-01-06,408,41,Online,Credit Card,COUPONZ99Z,18.84,AUD
46781,2024-01-06T00:09:31,2024-01-06,395,30,Retail,Afterpay,COUPONA-09,3.5,AUD
46993,2024-01-06T16:11:14,2024-01-06,731,7,Online,Afterpay,COUPON-Z90,0.73,AUD
47002,2024-01-06T17:11:21,2024-01-06,494,39,Online,PayPal,COUPONZ09Z,1.62,AUD
47035,2024-01-06T05:15:19,2024-01-06,554,41,Online,Credit Card,COUPON--Z0,15.63,AUD
47087,2024-01-06T06:42:08,2024-01-06,635,5,Online,Credit Card,COUPON0-Z0,1.13,AUD
47228,2024-01-06T16:21:02,2024-01-06,556,32,Retail,Afterpay,COUPON-9-Z,3.37,AUD
47325,2024-01-06T22:51:16,2024-01-06,364,37,Retail,Credit Card,COUPON0-0Z,2.57,AUD
47351,2024-01-06T07:57:01,2024-01-06,655,13,Online,Credit Card,COUPON-0ZZ,3.59,AUD
47429,2024-01-06T05:58:09,2024-01-06,691,24,Retail,Credit Card,COUPON99--,3.64,AUD
47674,2024-01-06T00:13:12,2024-01-06,646,3,Retail,PayPal,COUPON--AA,16.23,AUD
47707,2024-01-06T08:52:47,2024-01-06,646,14,Online,PayPal,COUPON0AA-,0.25,AUD
47774,2024-01-06T08:35:14,2024-01-06,526,26,Online,Afterpay,COUPONA-Z-,16.44,AUD
47787,2024-01-06T14:44:31,2024-01-06,57,24,Online,Credit Card,COUPON---Z,2.16,AUD
47853,2024-01-06T04:16:43,2024-01-06,733,24,Retail,Credit Card,COUPON0Z9Z,3.59,AUD
47892,2024-01-06T04:52:48,2024-01-06,92,11,Online,Afterpay,COUPON-Z--,2.27,AUD
47999,2024-01-06T16:34:56,2024-01-06,640,12,Retail,Credit Card,COUPON9A-0,9.71,AUD
48076,2024-01-06T01:38:35,2024-01-06,322,20,Online,PayPal,COUPONZ9-0,14.56,AUD
48228,2024-01-06T03:40:28,2024-01-06,196,32,Online,Credit Card,COUPON0-Z-,9.87,AUD
48423,2024-01-06T06:03:55,2024-01-06,149,14,Online,PayPal,COUPONAZZ-,5.49,AUD
48527,2024-01-06T23:32:50,2024-01-06,513,47,Retail,Afterpay,COUPON0-0A,7.96,AUD
48652,2024-01-06T00:12:13,2024-01-06,726,19,Online,PayPal,COUPON--Z-,0.11,AUD
48872,2024-01-06T13:53:47,2024-01-06,387,8,Online,PayPal,COUPONZ-0Z,12.67,AUD
48919,2024-01-06T10:12:21,2024-01-06,66,47,Retail,Credit Card,COUPON-Z00,15.24,AUD
49178,2024-01-06T03:35:09,2024-01-06,346,34,Retail,Afterpay,COUPON-A00,0.12,AUD
49198,2024-01-06T16:38:12,2024-01-06,486,30,Online,Credit Card,COUPONAA9-,7.84,AUD
49355,2024-01-06T16:20:26,2024-01-06,124,34,Retail,Credit Card,COUPON0---,19.89,AUD
49430,2024-01-06T11:17:37,2024-01-06,448,46,Retail,PayPal,COUPON990A,17.15,AUD
49550,2024-01-06T22:34:59,2024-01-06,668,14,Retail,Credit Card,COUPON90-Z,7.55,AUD
49587,2024-01-06T15:26:18,2024-01-06,494,44,Online,PayPal,COUPON---Z,6.12,AUD
49767,2024-01-06T16:29:52,2024-01-06,695,36,Online,PayPal,COUPON9-09,10.78,AUD
49892,2024-01-06T06:00:38,2024-01-06,172,14,Online,Credit Card,COUPONZ00Z,17.19,AUD
49966,2024-01-06T01:18:28,2024-01-06,639,12,Online,PayPal,COUPON-ZAZ,10.25,AUD
50018,2024-01-06T23:14:04,2024-01-06,122,42,Retail,Afterpay,COUPON0---,6.31,AUD
50099,2024-01-06T15:24:13,2024-01-06,516,34,Retail,Credit Card,COUPON--09,4.09,AUD
50158,2024-01-06T09:38:42,2024-01-06,665,47,Online,PayPal,COUPON9Z--,16.34,AUD
50298,2024-01-06T16:15:34,2024-01-06,774,40,Retail,PayPal,COUPONZ0ZZ,10.89,AUD
50342,2024-01-06T00:05:42,2024-01-06,84,39,Retail,PayPal,COUPON9---,17.15,AUD
50392,2024-01-06T14:22:03,2024-01-06,12,6,Online,Afterpay,COUPON0-Z-,19.4,AUD
50405,2024-01-06T16:01:43,2024-01-06,638,33,Online,Afterpay,COUPON90Z-,2.42,AUD
50598,2024-01-06T12:45:26,2024-01-06,81,26,Online,Credit Card,COUPON----,5.86,AUD
50601,2024-01-06T21:50:05,2024-01-06,17,21,Online,PayPal,COUPON90Z-,1.18,AUD
50621,2024-01-06T17:50:01,2024-01-06,73,12,Retail,Credit Card,COUPONZ9-9,2.1,AUD
50630,2024-01-06T21:45:14,2024-01-06,791,32,Online,Credit Card,COUPON000A,18.21,AUD
50673,2024-01-06T13:36:03,2024-01-06,29,22,Retail,Credit Card,COUPONZA--,11.9,AUD
50685,2024-01-06T19:58:46,2024-01-06,622,22,Retail,PayPal,COUPON--90,4.02,AUD
50693,2024-01-06T03:13:51,2024-01-06,231,42,Online,PayPal,COUPON0-AA,18.54,AUD
50695,2024-01-06T20:32:39,2024-01-06,432,1,Retail,Credit Card,COUPON-0A9,16.73,AUD
50708,2024-01-06T16:15:45,2024-01-06,497,26,Retail,Afterpay,COUPONZ9A9,13.67,AUD
50764,2024-01-06T07:37:36,2024-01-06,95,11,Retail,PayPal,COUPON-9-9,18.45,AUD
50790,2024-01-06T01:21:05,2024-01-06,360,49,Online,Credit Card,COUPONA-90,19.73,AUD
50981,2024-01-06T06:12:02,2024-01-06,363,17,Online,Credit Card,COUPONZ9ZZ,1.18,AUD
51013,2024-01-06T00:05:58,2024-01-06,193,2,Online,PayPal,COUPONA9A0,16.1,AUD
51424,2024-01-06T20:18:29,2024-01-06,375,37,Online,Credit Card,COUPON-9--,3.87,AUD
51694,2024-01-06T07:51:37,2024-01-06,786,31,Retail,Credit Card,COUPON-A--,15.44,AUD
51781,2024-01-06T18:23:06,2024-01-06,446,17,Online,Credit Card,COUPONZ000,7.91,AUD
51857,2024-01-06T05:17:45,2024-01-06,763,12,Online,PayPal,COUPON0ZZ9,13.39,AUD
51904,2024-01-06T22:46:23,2024-01-06,358,49,Online,Afterpay,COUPONZZ-Z,16.75,AUD
51987,2024-01-06T07:23:32,2024-01-06,85,46,Retail,PayPal,COUPON--A9,17.31,AUD
52162,2024-01-06T10:25:28,2024-01-06,680,28,Retail,Afterpay,COUPON-Z--,6.92,AUD
52191,2024-01-06T17:44:43,2024-01-06,181,16,Online,PayPal,COUPON0-Z-,6.36,AUD
52202,2024-01-06T22:59:01,2024-01-06,681,2,Online,Afterpay,COUPON-Z9-,17.02,AUD
52484,2024-01-06T14:45:07,2024-01-06,256,47,Retail,Credit Card,COUPON0-Z-,7.06,AUD
52665,2024-01-06T05:27:39,2024-01-06,206,41,Online,Credit Card,COUPON0000,7.16,AUD
52676,2024-01-06T09:07:41,2024-01-06,334,42,Online,PayPal,COUPON----,1.06,AUD
52738,2024-01-06T13:51:20,2024-01-06,433,29,Online,PayPal,COUPON00-A,15.26,AUD
52789,2024-01-06T15:15:49,2024-01-06,466,4,Online,PayPal,COUPON-9--,14.27,AUD
52908,2024-01-06T14:34:03,2024-01-06,549,15,Retail,PayPal,COUPON---0,13.69,AUD
52993,2024-01-06T12:01:12,2024-01-06,619,1,Retail,Afterpay,COUPON-A0-,2.31,AUD
53035,2024-01-06T11:14:10,2024-01-06,479,36,Retail,PayPal,COUPON-A9-,13.8,AUD
53468,2024-01-06T13:49:34,2024-01-06,148,40,Retail,PayPal,COUPON-ZZ9,15.99,AUD
53552,2024-01-06T04:37:22,2024-01-06,482,27,Online,Afterpay,COUPON9A--,3.3,AUD
53656,2024-01-06T07:20:43,2024-01-06,340,25,Retail,Afterpay,COUPON9---,4.89,AUD
53667,2024-01-06T16:58:34,2024-01-06,439,13,Retail,PayPal,COUPON--AA,9.78,AUD
53710,2024-01-06T02:03:22,2024-01-06,419,2,Retail,Credit Card,COUPONZ--0,17.42,AUD
53721,2024-01-06T21:00:34,2024-01-06,381,43,Online,Afterpay,COUPON9-00,5.1,AUD
53918,2024-01-06T21:11:39,2024-01-06,658,38,Online,PayPal,COUPON0AA-,13.37,AUD
53949,2024-01-06T16:10:57,2024-01-06,458,28,Retail,Credit Card,COUPONA--0,17.88,AUD
53982,2024-01-06T10:40:10,2024-01-06,342,38,Online,Credit Card,COUPON9A-9,1.1,AUD
54081,2024-01-06T10:58:52,2024-01-06,25,37,Online,Credit Card,COUPON0--A,1.38,AUD
54161,2024-01-06T04:23:08,2024-01-06,304,11,Online,Credit Card,COUPONA-Z0,3.83,AUD
54338,2024-01-06T16:43:45,2024-01-06,614,28,Retail,Credit Card,COUPON9-0Z,0.5,AUD
54361,2024-01-06T18:43:09,2024-01-06,43,31,Retail,PayPal,COUPONAA0-,16.13,AUD
54365,2024-01-06T12:44:15,2024-01-06,726,29,Online,PayPal,COUPONZ--A,3.21,AUD
54374,2024-01-06T02:42:28,2024-01-06,564,49,Online,PayPal,COUPON9Z-A,14.46,AUD
54421,2024-01-06T13:39:40,2024-01-06,158,41,Online,Credit Card,COUPON-0A-,11.23,AUD
54459,2024-01-06T08:14:48,2024-01-06,516,27,Retail,Afterpay,COUPONZ-Z9,9.26,AUD
54597,2024-01-06T15:34:12,2024-01-06,616,28,Online,Credit Card,COUPON9-AZ,7.18,AUD
54602,2024-01-06T09:10:17,2024-01-06,372,28,Retail,PayPal,COUPONZ-AA,3.78,AUD
54742,2024-01-06T00:25:18,2024-01-06,745,9,Online,Afterpay,COUPONZ-00,2.9,AUD
54924,2024-01-06T02:18:45,2024-01-06,575,2,Retail,Credit Card,COUPONA-99,7.91,AUD
55018,2024-01-06T07:22:35,2024-01-06,93,2,Retail,Credit Card,COUPON0AZ-,13.22,AUD
55037,2024-01-06T19:32:20,2024-01-06,341,2,Online,Afterpay,COUPON0-AA,2.26,AUD
55258,2024-01-06T01:25:16,2024-01-06,419,41,Retail,PayPal,COUPON-9ZA,0.95,AUD
55417,2024-01-06T08:19:05,2024-01-06,324,1,Online,Afterpay,COUPON0A-0,14.8,AUD
55464,2024-01-06T14:43:54,2024-01-06,5,23,Online,Credit Card,COUPONA-99,2.7,AUD
55480,2024-01-06T08:46:50,2024-01-06,643,44,Retail,Credit Card,COUPON9-Z9,17.5,AUD
55506,2024-01-06T13:49:56,2024-01-06,549,49,Online,PayPal,COUPON-AA-,10.48,AUD
55549,2024-01-06T17:20:27,2024-01-06,358,29,Online,Afterpay,COUPON9Z--,11.74,AUD
55670,2024-01-06T17:38:28,2024-01-06,710,25,Retail,Credit Card,COUPON--09,9.6,AUD
55836,2024-01-06T08:44:59,2024-01-06,566,1,Retail,PayPal,COUPON--00,4.39,AUD
55937,2024-01-06T11:30:36,2024-01-06,757,47,Retail,Credit Card,COUPON-Z-Z,4.8,AUD
56041,2024-01-06T19:22:23,2024-01-06,416,24,Online,PayPal,COUPON-9A0,12.72,AUD
56076,2024-01-06T04:43:40,2024-01-06,621,32,Retail,Credit Card,COUPON--0Z,16.18,AUD
56096,2024-01-06T04:49:33,2024-01-06,323,12,Online,PayPal,COUPON9Z9A,12.86,AUD
56223,2024-01-06T04:22:50,2024-01-06,470,23,Online,Afterpay,COUPONZ--A,2.26,AUD
56310,2024-01-06T09:52:55,2024-01-06,404,49,Retail,Afterpay,COUPONAA-Z,5.05,AUD
56381,2024-01-06T14:24:16,2024-01-06,410,4,Retail,Credit Card,COUPON--A-,4.72,AUD
56493,2024-01-06T17:08:15,2024-01-06,535,30,Retail,PayPal,COUPON9A0A,4.92,AUD
56514,2024-01-06T21:08:58,2024-01-06,418,23,Retail,PayPal,COUPON0000,2.8,AUD
56530,2024-01-06T00:26:22,2024-01-06,588,20,Online,PayPal,COUPON-9-0,11.2,AUD
56563,2024-01-06T03:50:02,2024-01-06,583,22,Online,Afterpay,COUPONZZ9Z,3.03,AUD
56724,2024-01-06T06:18:12,2024-01-06,100,20,Online,PayPal,COUPON-0Z-,6.77,AUD
56727,2024-01-06T19:09:07,2024-01-06,659,25,Retail,Afterpay,COUPON-0--,4.98,AUD
56772,2024-01-06T15:50:06,2024-01-06,612,37,Online,Credit Card,COUPON909A,14.0,AUD
57325,2024-01-06T12:19:16,2024-01-06,596,49,Online,PayPal,COUPONZ--Z,3.07,AUD
57423,2024-01-06T20:11:15,2024-01-06,464,24,Retail,PayPal,COUPON-0--,8.76,AUD
57437,2024-01-06T10:19:34,2024-01-06,27,37,Online,Afterpay,COUPON-0-A,1.75,AUD
57471,2024-01-06T00:08:01,2024-01-06,280,49,Online,PayPal,COUPONA9-9,3.67,AUD
57707,2024-01-06T15:15:50,2024-01-06,556,19,Retail,PayPal,COUPONZ-Z9,12.99,AUD
57830,2024-01-06T18:33:49,2024-01-06,99,9,Retail,PayPal,COUPONA--A,14.99,AUD
57838,2024-01-06T19:06:14,2024-01-06,293,29,Online,Credit Card,COUPON99-A,15.9,AUD
57943,2024-01-06T20:38:02,2024-01-06,656,29,Retail,Afterpay,COUPON--99,19.52,AUD
58127,2024-01-06T14:01:07,2024-01-06,348,16,Retail,PayPal,COUPON-Z90,0.61,AUD
58177,2024-01-06T20:36:56,2024-01-06,435,4,Online,Afterpay,COUPON-A-Z,5.51,AUD
58184,2024-01-06T09:07:33,2024-01-06,511,47,Retail,Afterpay,COUPON9Z99,10.6,AUD
58385,2024-01-06T13:36:27,2024-01-06,463,28,Retail,Afterpay,COUPONAZZ0,2.72,AUD
58443,2024-01-06T21:56:06,2024-01-06,405,43,Online,Afterpay,COUPON-9-9,10.45,AUD
58508,2024-01-06T00:47:55,2024-01-06,564,8,Retail,Afterpay,COUPON0A-0,8.19,AUD
58607,2024-01-06T02:05:36,2024-01-06,303,6,Retail,PayPal,COUPONZ-99,18.64,AUD
58727,2024-01-06T12:30:58,2024-01-06,150,38,Retail,Afterpay,COUPON9Z00,9.29,AUD
59137,2024-01-06T10:22:07,2024-01-06,291,36,Retail,Afterpay,COUPONZZ-A,15.75,AUD
59190,2024-01-06T23:57:01,2024-01-06,680,3,Retail,Credit Card,COUPON0-Z0,6.05,AUD
59229,2024-01-06T11:56:30,2024-01-06,77,31,Retail,Credit Card,COUPON0Z9-,0.67,AUD
59280,2024-01-06T00:23:50,2024-01-06,327,19,Online,Credit Card,COUPON0Z00,1.81,AUD
59525,2024-01-06T05:53:59,2024-01-06,491,49,Retail,Credit Card,COUPON--00,19.37,AUD
59770,2024-01-06T11:06:37,2024-01-06,646,4,Online,Credit Card,COUPON9---,3.95,AUD
59921,2024-01-06T11:01:05,2024-01-06,176,17,Retail,Credit Card,COUPONAA-0,7.05,AUD
60399,2024-01-06T11:30:13,2024-01-06,206,35,Online,PayPal,COUPON-9-0,0.46,AUD
60476,2024-01-06T12:11:04,2024-01-06,406,18,Retail,PayPal,COUPON-9A0,5.67,AUD
60666,2024-01-06T03:55:50,2024-01-06,18,13,Online,Afterpay,COUPON-99-,12.95,AUD
60700,2024-01-06T07:31:15,2024-01-06,329,33,Online,Afterpay,COUPONZ009,10.98,AUD
60710,2024-01-06T22:29:28,2024-01-06,188,18,Online,Afterpay,COUPON--0Z,2.19,AUD
60728,2024-01-06T19:36:40,2024-01-06,761,40,Retail,PayPal,COUPON0AA-,7.37,AUD
60771,2024-01-06T23:58:31,2024-01-06,799,35,Online,Credit Card,COUPON9-Z9,3.62,AUD
60799,2024-01-06T11:04:47,2024-01-06,11,5,Retail,Afterpay,COUPON-9A0,4.83,AUD
60822,2024-01-06T12:20:03,2024-01-06,779,35,Online,Afterpay,COUPON9Z-0,14.15,AUD
60856,2024-01-06T13:53:59,2024-01-06,446,17,Retail,Afterpay,COUPON-Z9-,10.5,AUD
60887,2024-01-06T21:33:37,2024-01-06,772,24,Online,Credit Card,COUPON0---,1.98,AUD
60923,2024-01-06T12:53:21,2024-01-06,249,24,Online,PayPal,COUPONZ-09,4.51,AUD
61100,2024-01-06T10:20:56,2024-01-06,138,44,Retail,Afterpay,COUPON9ZZA,15.94,AUD
61139,2024-01-06T09:37:42,2024-01-06,309,27,Retail,Afterpay,COUPON-9ZA,8.3,AUD
61165,2024-01-06T20:07:47,2024-01-06,475,34,Retail,PayPal,COUPONZ9Z0,10.13,AUD
61269,2024-01-06T14:43:23,2024-01-06,178,28,Online,PayPal,COUPON-Z-A,1.29,AUD
61345,2024-01-06T17:51:40,2024-01-06,45,13,Retail,Credit Card,COUPON-9A-,0.7,AUD
61375,2024-01-06T06:24:55,2024-01-06,408,12,Retail,Credit Card,COUPONA-A-,3.74,AUD
61477,2024-01-06T16:54:59,2024-01-06,518,21,Online,Credit Card,COUPON-9-Z,12.71,AUD
61678,2024-01-06T15:49:28,2024-01-06,165,14,Retail,PayPal,COUPON-A9-,14.59,AUD
61816,2024-01-06T18:41:19,2024-01-06,325,34,Online,Credit Card,COUPONA00A,6.54,AUD
61835,2024-01-06T01:20:59,2024-01-06,701,3,Online,PayPal,COUPONZ9A-,18.7,AUD
61924,2024-01-06T04:51:05,2024-01-06,322,11,Retail,Afterpay,COUPON-A--,15.14,AUD
61959,2024-01-06T12:37:42,2024-01-06,393,26,Online,Afterpay,COUPONZZZZ,5.82,AUD
62118,2024-01-06T10:23:52,2024-01-06,152,15,Online,Afterpay,COUPON0-Z9,12.26,AUD
62180,2024-01-06T16:10:46,2024-01-06,280,7,Retail,Credit Card,COUPONAZ0-,14.22,AUD
62193,2024-01-06T15:30:11,2024-01-06,672,7,Online,Afterpay,COUPON09A9,11.11,AUD
62627,2024-01-06T19:51:02,2024-01-06,44,25,Online,Afterpay,COUPON0009,6.22,AUD
62690,2024-01-06T10:13:23,2024-01-06,634,41,Retail,Afterpay,COUPON999-,3.63,AUD
62701,2024-01-06T04:05:58,2024-01-06,751,26,Online,Credit Card,COUPON0--A,0.7,AUD
62780,2024-01-06T11:08:52,2024-01-06,548,46,Online,PayPal,COUPON090Z,6.66,AUD
62987,2024-01-06T00:12:52,2024-01-06,477,11,Online,Credit Card,COUPON-0A-,8.86,AUD
63029,2024-01-06T21:34:00,2024-01-06,312,2,Online,Afterpay,COUPON--A9,1.5,AUD
63033,2024-01-06T17:49:47,2024-01-06,776,47,Retail,PayPal,COUPONZZ--,6.24,AUD
63196,2024-01-06T06:38:53,2024-01-06,588,13,Retail,Credit Card,COUPON000Z,0.39,AUD
63360,2024-01-06T19:25:26,2024-01-06,30,5,Retail,Afterpay,COUPON-009,3.73,AUD
63465,2024-01-06T11:23:12,2024-01-06,65,46,Online,PayPal,COUPONZ---,0.05,AUD
63730,2024-01-06T05:57:41,2024-01-06,530,42,Online,Afterpay,COUPON--9A,4.79,AUD
63735,2024-01-06T13:20:21,2024-01-06,601,3,Online,Afterpay,COUPON9-Z9,6.52,AUD
63787,2024-01-06T07:21:27,2024-01-06,392,27,Retail,Credit Card,COUPONZZ-0,4.12,AUD
63834,2024-01-06T05:46:59,2024-01-06,13,35,Retail,Credit Card,COUPON9900,0.03,AUD
63979,2024-01-06T07:33:26,2024-01-06,56,18,Online,Credit Card,COUPON0A0-,6.06,AUD
64006,2024-01-06T20:05:00,2024-01-06,194,47,Online,Afterpay,COUPON0--9,6.17,AUD
64298,2024-01-06T22:37:23,2024-01-06,457,45,Online,Credit Card,COUPONAA00,6.75,AUD
64494,2024-01-06T12:40:49,2024-01-06,474,26,Retail,Credit Card,COUPON-0--,10.09,AUD
64551,2024-01-06T07:51:34,2024-01-06,337,12,Retail,Afterpay,COUPON0--A,8.79,AUD
64658,2024-01-06T08:55:23,2024-01-06,62,19,Online,PayPal,COUPON0ZZ9,19.9,AUD
64755,2024-01-06T19:10:21,2024-01-06,414,21,Online,Credit Card,COUPONAZ90,3.19,AUD
64836,2024-01-06T15:34:50,2024-01-06,792,15,Online,Afterpay,COUPONA9-0,12.6,AUD
64898,2024-01-06T09:40:51,2024-01-06,136,42,Retail,Afterpay,COUPONAZ9A,10.96,AUD
64948,2024-01-06T14:42:59,2024-01-06,320,20,Retail,Afterpay,COUPON9-0Z,12.35,AUD
64980,2024-01-06T16:39:16,2024-01-06,313,21,Online,Credit Card,COUPON09AA,11.7,AUD
65155,2024-01-06T17:04:06,2024-01-06,473,3,Online,Afterpay,COUPON-Z9A,10.53,AUD
65275,2024-01-06T12:20:33,2024-01-06,146,25,Online,Afterpay,COUPON-Z--,6.22,AUD
65285,2024-01-06T03:22:44,2024-01-06,602,26,Retail,Credit Card,COUPONA0--,15.79,AUD
65367,2024-01-06T10:03:54,2024-01-06,354,48,Online,PayPal,COUPON09-0,11.57,AUD
65437,2024-01-06T12:05:58,2024-01-06,745,34,Online,Afterpay,COUPONZ90Z,14.46,AUD
65494,2024-01-06T13:18:01,2024-01-06,672,19,Retail,Afterpay,COUPONZZAA,13.41,AUD
65508,2024-01-06T23:00:14,2024-01-06,762,24,Retail,Afterpay,COUPON9A-9,13.34,AUD
65518,2024-01-06T05:13:36,2024-01-06,487,10,Retail,Afterpay,COUPON0A--,17.97,AUD
65523,2024-01-06T07:18:54,2024-01-06,567,11,Online,Afterpay,COUPON00-0,12.57,AUD
65635,2024-01-06T00:53:57,2024-01-06,731,5,Retail,PayPal,COUPON-0-9,12.26,AUD
65642,2024-01-06T05:34:42,2024-01-06,620,3,Online,Credit Card,COUPON-9ZZ,12.41,AUD
65670,2024-01-06T18:34:40,2024-01-06,129,46,Online,PayPal,COUPONZA0-,4.9,AUD
65688,2024-01-06T14:21:02,2024-01-06,433,1,Retail,Credit Card,COUPON909-,10.22,AUD
65704,2024-01-06T03:48:35,2024-01-06,456,33,Online,Credit Card,COUPON--A9,11.37,AUD
65762,2024-01-06T14:19:45,2024-01-06,607,17,Retail,PayPal,COUPONZ-Z9,8.64,AUD
65837,2024-01-06T04:09:22,2024-01-06,535,8,Online,Credit Card,COUPON--AZ,15.67,AUD
65919,2024-01-06T09:26:33,2024-01-06,759,39,Online,Credit Card,COUPON-0-9,9.8,AUD
66046,2024-01-06T02:58:57,2024-01-06,126,7,Online,Credit Card,COUPON0--A,0.37,AUD
66142,2024-01-06T00:47:45,2024-01-06,610,49,Retail,Afterpay,COUPONA9A9,17.38,AUD
66151,2024-01-06T22:01:15,2024-01-06,209,43,Retail,Credit Card,COUPON9ZZ-,8.95,AUD
66156,2024-01-06T17:15:38,2024-01-06,670,45,Online,Credit Card,COUPON0--0,17.92,AUD
66171,2024-01-06T09:51:07,2024-01-06,483,49,Retail,Credit Card,COUPONA9AZ,3.11,AUD
66189,2024-01-06T13:30:15,2024-01-06,149,39,Retail,Credit Card,COUPONA9--,4.81,AUD
66327,2024-01-06T10:19:28,2024-01-06,340,32,Retail,Credit Card,COUPON--A0,2.59,AUD
66440,2024-01-06T23:06:00,2024-01-06,402,8,Online,Credit Card,COUPON99-0,15.81,AUD
66508,2024-01-06T12:02:56,2024-01-06,537,36,Retail,PayPal,COUPON-009,8.4,AUD
66582,2024-01-06T22:28:52,2024-01-06,487,29,Retail,PayPal,COUPON0-A-,16.46,AUD
66586,2024-01-06T20:22:08,2024-01-06,619,31,Online,PayPal,COUPONA---,2.39,AUD
66639,2024-01-06T00:25:27,2024-01-06,797,21,Retail,Credit Card,COUPONAZ-Z,2.93,AUD
66653,2024-01-06T17:23:20,2024-01-06,409,48,Online,Afterpay,COUPON0-A9,2.58,AUD
66654,2024-01-06T04:49:36,2024-01-06,174,43,Online,Credit Card,COUPON-0-9,8.77,AUD
66707,2024-01-06T16:24:16,2024-01-06,457,24,Online,PayPal,COUPON-A9Z,15.08,AUD
66739,2024-01-06T23:40:05,2024-01-06,183,1,Online,Credit Card,COUPON-A-A,5.61,AUD
66829,2024-01-06T09:21:29,2024-01-06,318,38,Retail,Afterpay,COUPON999A,7.71,AUD
67083,2024-01-06T22:38:32,2024-01-06,702,9,Online,Credit Card,COUPON909A,14.18,AUD
67155,2024-01-06T11:40:13,2024-01-06,601,39,Retail,Credit Card,COUPON0-A-,6.55,AUD
67176,2024-01-06T11:17:23,2024-01-06,313,14,Online,Credit Card,COUPON-9A9,14.21,AUD
67260,2024-01-06T17:01:06,2024-01-06,354,8,Online,Credit Card,COUPON9-Z-,14.4,AUD
67289,2024-01-06T16:37:20,2024-01-06,576,46,Retail,Afterpay,COUPON9---,0.68,AUD
67345,2024-01-06T18:46:26,2024-01-06,30,7,Retail,Afterpay,COUPON-9-0,6.89,AUD
67366,2024-01-06T08:50:37,2024-01-06,324,11,Retail,Afterpay,COUPON99--,17.3,AUD
67426,2024-01-06T21:58:27,2024-01-06,651,17,Online,Afterpay,COUPON---Z,19.46,AUD
67748,2024-01-06T13:08:55,2024-01-06,434,5,Online,Credit Card,COUPON000Z,4.25,AUD
67785,2024-01-06T23:28:42,2024-01-06,164,18,Retail,PayPal,COUPONAAZ9,13.62,AUD
67844,2024-01-06T14:31:30,2024-01-06,324,20,Retail,PayPal,COUPONZ-9-,1.25,AUD
67921,2024-01-06T04:38:48,2024-01-06,72,20,Retail,Credit Card,COUPONZ---,10.87,AUD
68173,2024-01-06T06:52:15,2024-01-06,115,9,Online,Afterpay,COUPON9Z--,11.96,AUD
68321,2024-01-06T20:07:14,2024-01-06,397,27,Retail,Credit Card,COUPONA-9A,10.12,AUD
68512,2024-01-06T10:45:14,2024-01-06,278,12,Online,Credit Card,COUPON-AA9,6.32,AUD
68579,2024-01-06T08:11:52,2024-01-06,283,3,Online,PayPal,COUPONA-Z-,1.64,AUD
68623,2024-01-06T10:18:00,2024-01-06,374,28,Retail,Credit Card,COUPON--0Z,14.95,AUD
68740,2024-01-06T03:51:10,2024-01-06,144,10,Retail,Credit Card,COUPON00-Z,12.56,AUD
69026,2024-01-06T00:12:30,2024-01-06,38,5,Retail,Credit Card,COUPON-AZ0,11.62,AUD
69145,2024-01-06T08:28:09,2024-01-06,20,46,Online,Credit Card,COUPONZ999,10.01,AUD
69148,2024-01-06T00:22:30,2024-01-06,298,1,Retail,PayPal,COUPON09--,17.78,AUD
69201,2024-01-06T03:17:46,2024-01-06,582,14,Online,Afterpay,COUPON90-9,16.11,AUD
69289,2024-01-06T17:12:56,2024-01-06,90,6,Online,Credit Card,COUPONZ990,3.85,AUD
69368,2024-01-06T21:36:48,2024-01-06,240,45,Retail,Afterpay,COUPON9-Z0,11.19,AUD
69409,2024-01-06T12:57:11,2024-01-06,208,6,Online,Credit Card,COUPONAA-9,7.59,AUD
69410,2024-01-06T18:34:54,2024-01-06,526,23,Online,Afterpay,COUPON-ZA9,12.46,AUD
69482,2024-01-06T10:00:18,2024-01-06,14,47,Online,PayPal,COUPONZA9A,1.13,AUD
69698,2024-01-06T01:32:29,2024-01-06,715,39,Retail,Afterpay,COUPON-0--,10.08,AUD
69766,2024-01-06T03:34:47,2024-01-06,134,30,Online,PayPal,COUPON99ZZ,0.43,AUD
69853,2024-01-06T00:02:53,2024-01-06,149,43,Retail,Credit Card,COUPON9--0,10.35,AUD
69899,2024-01-06T02:53:29,2024-01-06,447,37,Retail,Credit Card,COUPONA-ZA,8.45,AUD
69929,2024-01-06T10:10:44,2024-01-06,761,13,Online,Afterpay,COUPON9-A9,9.58,AUD
70070,2024-01-06T11:40:57,2024-01-06,299,1,Online,Credit Card,COUPONZZ-0,17.23,AUD
70428,2024-01-06T06:41:15,2024-01-06,270,15,Online,Afterpay,COUPON--ZZ,2.94,AUD
70489,2024-01-06T01:21:15,2024-01-06,75,41,Retail,Afterpay,COUPONA-Z-,9.22,AUD
70602,2024-01-06T14:35:21,2024-01-06,421,12,Retail,PayPal,COUPONZ0--,12.38,AUD
71119,2024-01-06T23:51:45,2024-01-06,495,32,Online,PayPal,COUPON-Z0-,16.26,AUD
71179,2024-01-06T14:20:54,2024-01-06,52,46,Online,Afterpay,COUPON-Z00,11.48,AUD
71197,2024-01-06T10:39:26,2024-01-06,720,2,Online,Afterpay,COUPONZA0-,3.05,AUD
71377,2024-01-06T08:53:53,2024-01-06,72,14,Retail,Credit Card,COUPON-ZZ-,8.24,AUD
71503,2024-01-06T18:16:33,2024-01-06,493,38,Retail,Afterpay,COUPON--0-,6.3,AUD
71516,2024-01-06T05:23:23,2024-01-06,599,14,Online,Afterpay,COUPON-9A9,6.04,AUD
71615,2024-01-06T05:41:18,2024-01-06,429,46,Online,Afterpay,COUPON--ZA,16.07,AUD
71622,2024-01-06T09:11:51,2024-01-06,604,39,Online,Afterpay,COUPON99Z-,9.71,AUD
71705,2024-01-06T17:14:13,2024-01-06,488,25,Retail,Credit Card,COUPONZZ-0,8.7,AUD
71780,2024-01-06T00:55:54,2024-01-06,386,20,Online,Credit Card,COUPON0-Z0,14.82,AUD
71817,2024-01-06T17:09:06,2024-01-06,86,22,Online,PayPal,COUPON9ZZZ,11.72,AUD
71833,2024-01-06T10:25:43,2024-01-06,150,1,Retail,PayPal,COUPONZZAZ,5.46,AUD
71993,2024-01-06T23:56:20,2024-01-06,791,20,Online,Afterpay,COUPONZAA0,13.39,AUD
72078,2024-01-06T08:47:40,2024-01-06,399,32,Online,Credit Card,COUPON-900,0.94,AUD
72087,2024-01-06T06:30:34,2024-01-06,208,31,Retail,PayPal,COUPON--09,0.64,AUD
72106,2024-01-06T05:56:12,2024-01-06,622,8,Retail,Credit Card,COUPONA9Z0,12.67,AUD
72129,2024-01-06T00:41:37,2024-01-06,335,20,Online,Afterpay,COUPON-AZ0,1.37,AUD
72152,2024-01-06T22:56:53,2024-01-06,457,49,Online,Credit Card,COUPON0-0-,8.43,AUD
72211,2024-01-06T03:40:10,2024-01-06,770,37,Retail,PayPal,COUPON00AZ,10.0,AUD
72256,2024-01-06T15:25:19,2024-01-06,684,37,Retail,PayPal,COUPONZ-Z9,18.62,AUD
72299,2024-01-06T03:54:15,2024-01-06,548,42,Online,PayPal,COUPONA-Z0,15.87,AUD
72315,2024-01-06T11:11:32,2024-01-06,606,32,Online,Afterpay,COUPON-90-,17.08,AUD
72350,2024-01-06T10:20:12,2024-01-06,213,47,Online,PayPal,COUPON90-Z,13.23,AUD
72529,2024-01-06T18:08:24,2024-01-06,438,5,Retail,Credit Card,COUPON-99Z,7.3,AUD
72650,2024-01-06T20:53:07,2024-01-06,790,49,Retail,PayPal,COUPON90A9,3.62,AUD
72745,2024-01-06T15:14:01,2024-01-06,454,6,Retail,Afterpay,COUPON--Z0,8.59,AUD
72887,2024-01-06T01:25:57,2024-01-06,764,5,Online,Credit Card,COUPONZ--0,5.9,AUD
72898,2024-01-06T22:33:22,2024-01-06,576,10,Retail,Afterpay,COUPON--AA,15.04,AUD
72919,2024-01-06T04:53:18,2024-01-06,80,49,Online,Credit Card,COUPON---A,11.41,AUD
73062,2024-01-06T18:59:07,2024-01-06,158,30,Online,Afterpay,COUPONA-0A,17.65,AUD
73091,2024-01-06T23:25:46,2024-01-06,422,13,Online,Afterpay,COUPON9AZ0,19.46,AUD
73130,2024-01-06T00:54:35,2024-01-06,410,16,Online,Credit Card,COUPON-ZZ-,5.88,AUD
73158,2024-01-06T20:55:55,2024-01-06,65,39,Online,Credit Card,COUPON0-9Z,7.73,AUD
73447,2024-01-06T09:24:04,2024-01-06,468,25,Online,Afterpay,COUPON90-9,11.23,AUD
73505,2024-01-06T13:08:12,2024-01-06,72,7,Online,Credit Card,COUPON-A-9,19.28,AUD
73685,2024-01-06T00:56:02,2024-01-06,418,49,Online,PayPal,COUPONZ-99,17.94,AUD
73750,2024-01-06T18:26:58,2024-01-06,331,3,Retail,PayPal,COUPON9-Z-,6.37,AUD
73921,2024-01-06T04:44:59,2024-01-06,457,18,Online,Credit Card,COUPON-Z90,11.26,AUD
73941,2024-01-06T22:17:13,2024-01-06,161,3,Retail,Credit Card,COUPON99Z9,6.15,AUD
74011,2024-01-06T23:51:04,2024-01-06,130,9,Retail,Afterpay,COUPON09--,6.86,AUD
74340,2024-01-06T17:00:25,2024-01-06,25,35,Online,Afterpay,COUPON-0A-,11.77,AUD
74485,2024-01-06T22:11:05,2024-01-06,92,10,Online,PayPal,COUPON900A,14.93,AUD
74530,2024-01-06T20:31:23,2024-01-06,259,25,Retail,Credit Card,COUPON90-Z,12.22,AUD
74701,2024-01-06T19:51:53,2024-01-06,81,11,Retail,Afterpay,COUPONZ90A,4.07,AUD
74755,2024-01-06T00:04:42,2024-01-06,702,5,Online,Afterpay,COUPON9A-A,18.9,AUD
75045,2024-01-06T23:00:24,2024-01-06,393,3,Retail,PayPal,COUPON-A0A,15.62,AUD
75113,2024-01-06T21:07:11,2024-01-06,428,42,Retail,Credit Card,COUPON09--,0.83,AUD
75305,2024-01-06T01:09:27,2024-01-06,366,31,Retail,Afterpay,COUPON--Z-,10.27,AUD
75559,2024-01-06T20:01:59,2024-01-06,489,25,Online,Credit Card,COUPON9--A,14.15,AUD
75716,2024-01-06T07:50:08,2024-01-06,354,14,Retail,PayPal,COUPON-AA9,13.93,AUD
75757,2024-01-06T20:25:21,2024-01-06,238,45,Online,Afterpay,COUPON----,17.44,AUD
75815,2024-01-06T09:44:27,2024-01-06,689,32,Retail,Afterpay,COUPON-9Z-,2.17,AUD
75816,2024-01-06T12:43:24,2024-01-06,400,4,Online,PayPal,COUPONA9Z0,5.53,AUD
75880,2024-01-06T19:46:16,2024-01-06,527,4,Retail,PayPal,COUPONA9A0,14.88,AUD
75949,2024-01-06T08:53:50,2024-01-06,456,14,Retail,Afterpay,COUPONA9-0,0.37,AUD
75981,2024-01-06T02:02:45,2024-01-06,334,22,Online,Afterpay,COUPONA9--,8.83,AUD
76089,2024-01-06T01:45:43,2024-01-06,238,34,Online,Afterpay,COUPON9A0Z,19.44,AUD
76100,2024-01-06T15:07:23,2024-01-06,654,34,Online,PayPal,COUPONZ9-A,8.51,AUD
76332,2024-01-06T09:14:19,2024-01-06,618,35,Online,PayPal,COUPON9-A0,2.47,AUD
76413,2024-01-06T15:43:06,2024-01-06,203,39,Online,Afterpay,COUPON-9AA,1.13,AUD
76459,2024-01-06T08:28:02,2024-01-06,707,21,Retail,Credit Card,COUPON909-,9.62,AUD
76486,2024-01-06T07:13:13,2024-01-06,121,29,Online,PayPal,COUPONA90A,17.41,AUD
76497,2024-01-06T11:51:28,2024-01-06,404,4,Online,Afterpay,COUPON--99,1.76,AUD
76569,2024-01-06T10:54:06,2024-01-06,118,12,Online,Afterpay,COUPON-Z-A,0.41,AUD
76610,2024-01-06T16:17:52,2024-01-06,651,45,Retail,PayPal,COUPON9A9Z,9.87,AUD
76620,2024-01-06T12:42:03,2024-01-06,220,34,Online,PayPal,COUPON09ZA,15.98,AUD
76623,2024-01-06T04:33:07,2024-01-06,189,6,Online,Afterpay,COUPON00-Z,4.42,AUD
76628,2024-01-06T23:55:37,2024-01-06,64,42,Online,Credit Card,COUPON-A-Z,7.51,AUD
76629,2024-01-06T22:36:10,2024-01-06,671,31,Retail,PayPal,COUPON--90,15.75,AUD
76677,2024-01-06T03:13:58,2024-01-06,710,36,Online,Afterpay,COUPONAA-Z,9.28,AUD
76711,2024-01-06T15:02:26,2024-01-06,56,19,Retail,Credit Card,COUPONA-9-,13.92,AUD
76901,2024-01-06T05:09:14,2024-01-06,196,18,Online,PayPal,COUPON--09,15.23,AUD
76906,2024-01-06T00:30:59,2024-01-06,399,40,Retail,Afterpay,COUPONA---,8.74,AUD
77124,2024-01-06T07:33:07,2024-01-06,287,14,Retail,Afterpay,COUPON90--,19.64,AUD
77276,2024-01-06T04:38:44,2024-01-06,491,41,Online,PayPal,COUPON-0A0,8.81,AUD
77381,2024-01-06T20:47:45,2024-01-06,440,40,Online,Credit Card,COUPONA9--,6.77,AUD
77474,2024-01-06T11:37:19,2024-01-06,56,23,Retail,Afterpay,COUPON9099,8.96,AUD
77558,2024-01-06T04:40:08,2024-01-06,267,1,Online,PayPal,COUPONZZAZ,9.68,AUD
77583,2024-01-06T02:23:03,2024-01-06,117,12,Online,PayPal,COUPONA9A-,11.81,AUD
77810,2024-01-06T14:55:30,2024-01-06,209,26,Retail,PayPal,COUPON-9-9,4.53,AUD
77822,2024-01-06T19:35:50,2024-01-06,607,21,Retail,Afterpay,COUPON0Z--,13.7,AUD
77963,2024-01-06T19:28:43,2024-01-06,257,25,Online,Afterpay,COUPONZ-0-,10.56,AUD
78112,2024-01-06T03:08:11,2024-01-06,140,45,Retail,PayPal,COUPONZZ9A,6.65,AUD
78229,2024-01-06T17:58:55,2024-01-06,780,13,Retail,PayPal,COUPON--AA,3.87,AUD
78303,2024-01-06T03:21:50,2024-01-06,76,19,Online,Afterpay,COUPONZ0--,6.24,AUD
78453,2024-01-06T05:08:54,2024-01-06,502,17,Retail,Credit Card,COUPONZ9--,2.69,AUD
78603,2024-01-06T17:06:46,2024-01-06,747,30,Online,Credit Card,COUPON-99-,12.34,AUD
78609,2024-01-06T07:36:42,2024-01-06,512,30,Retail,PayPal,COUPON9909,15.55,AUD
78851,2024-01-06T19:21:25,2024-01-06,318,26,Online,Afterpay,COUPON00-0,17.15,AUD
78975,2024-01-06T05:48:32,2024-01-06,639,4,Online,Afterpay,COUPONZA-9,17.7,AUD
79024,2024-01-06T02:14:41,2024-01-06,387,28,Online,PayPal,COUPON--A0,12.62,AUD
79192,2024-01-06T16:32:21,2024-01-06,145,45,Online,PayPal,COUPON90ZZ,7.6,AUD
79292,2024-01-06T09:34:50,2024-01-06,333,46,Online,Afterpay,COUPON-Z--,17.62,AUD
79405,2024-01-06T14:09:32,2024-01-06,321,35,Online,Afterpay,COUPONA-Z-,1.43,AUD
79446,2024-01-06T15:34:53,2024-01-06,551,32,Retail,Afterpay,COUPON-0--,1.23,AUD
79470,2024-01-06T06:51:23,2024-01-06,114,27,Retail,PayPal,COUPON--A-,6.49,AUD
79577,2024-01-06T15:10:11,2024-01-06,161,10,Online,PayPal,COUPONZZ-0,16.0,AUD
79624,2024-01-06T10:32:26,2024-01-06,325,35,Online,Afterpay,COUPONAZ0-,11.28,AUD
79666,2024-01-06T21:00:28,2024-01-06,780,20,Retail,Credit Card,COUPON-09Z,5.08,AUD
79697,2024-01-06T03:18:41,2024-01-06,505,41,Retail,PayPal,COUPONZ0-Z,17.34,AUD
79700,2024-01-06T17:01:14,2024-01-06,789,44,Online,Afterpay,COUPON0-0-,10.81,AUD
80098,2024-01-06T15:30:01,2024-01-06,645,11,Retail,Afterpay,COUPONZ-Z9,9.64,AUD
80124,2024-01-06T21:11:13,2024-01-06,138,46,Retail,Afterpay,COUPON-99-,1.69,AUD
80434,2024-01-06T23:46:27,2024-01-06,226,26,Retail,Afterpay,COUPONZA0Z,16.66,AUD
80580,2024-01-06T06:03:04,2024-01-06,269,29,Retail,PayPal,COUPON-A0Z,13.61,AUD
80628,2024-01-06T20:32:36,2024-01-06,574,31,Retail,Credit Card,COUPON-9Z-,15.42,AUD
80685,2024-01-06T11:08:19,2024-01-06,158,43,Retail,PayPal,COUPON-00A,7.61,AUD
80795,2024-01-06T05:31:01,2024-01-06,556,36,Retail,Afterpay,COUPONA-Z-,9.67,AUD
80815,2024-01-06T04:51:52,2024-01-06,774,24,Online,PayPal,COUPON---A,14.66,AUD
80836,2024-01-06T15:08:35,2024-01-06,703,18,Retail,Afterpay,COUPONZA-Z,17.57,AUD
80841,2024-01-06T20:33:28,2024-01-06,47,5,Retail,Credit Card,COUPON00--,17.11,AUD
80845,2024-01-06T10:28:37,2024-01-06,702,37,Retail,PayPal,COUPONA--A,10.59,AUD
80882,2024-01-06T16:18:15,2024-01-06,465,34,Online,Afterpay,COUPON-9-9,5.62,AUD
81006,2024-01-06T09:54:41,2024-01-06,248,16,Online,PayPal,COUPON0-A-,17.78,AUD
81046,2024-01-06T01:47:25,2024-01-06,43,46,Retail,PayPal,COUPON9--0,2.54,AUD
81126,2024-01-06T11:56:39,2024-01-06,117,3,Online,PayPal,COUPON9Z00,6.27,AUD
81146,2024-01-06T13:27:07,2024-01-06,592,30,Online,PayPal,COUPON---9,6.88,AUD
81157,2024-01-06T14:37:01,2024-01-06,171,45,Online,Afterpay,COUPON-ZAA,3.96,AUD
81192,2024-01-06T08:49:03,2024-01-06,651,1,Online,Credit Card,COUPON09A0,2.53,AUD
81214,2024-01-06T14:55:37,2024-01-06,702,34,Retail,PayPal,COUPON090-,15.91,AUD
81271,2024-01-06T03:11:25,2024-01-06,649,21,Retail,PayPal,COUPONAZZA,2.1,AUD
81401,2024-01-06T15:45:06,2024-01-06,72,31,Retail,Afterpay,COUPON-AA-,5.57,AUD
81587,2024-01-06T12:41:16,2024-01-06,263,6,Retail,PayPal,COUPON00--,16.41,AUD
81813,2024-01-06T00:48:35,2024-01-06,293,9,Online,Afterpay,COUPON-0Z0,8.34,AUD
82147,2024-01-06T17:35:13,2024-01-06,305,19,Online,Afterpay,COUPONA---,14.91,AUD
82163,2024-01-06T16:56:59,2024-01-06,657,30,Retail,Credit Card,COUPONAZA-,1.68,AUD
82248,2024-01-06T22:47:31,2024-01-06,631,10,Retail,Credit Card,COUPON9-9-,12.38,AUD
82259,2024-01-06T23:28:59,2024-01-06,84,28,Online,Afterpay,COUPON9Z90,3.29,AUD
82644,2024-01-06T13:47:16,2024-01-06,39,18,Retail,Afterpay,COUPON-ZZ0,10.17,AUD
82656,2024-01-06T12:26:51,2024-01-06,625,3,Online,Credit Card,COUPONZAA-,17.6,AUD
82700,2024-01-06T08:26:55,2024-01-06,126,48,Retail,Credit Card,COUPONAZA-,12.5,AUD
82756,2024-01-06T13:59:27,2024-01-06,616,17,Retail,Afterpay,COUPON-9A-,13.34,AUD
82831,2024-01-06T01:26:27,2024-01-06,137,49,Retail,Afterpay,COUPON-A0-,10.15,AUD
82848,2024-01-06T12:21:04,2024-01-06,793,5,Retail,PayPal,COUPON0A0-,16.04,AUD
83031,2024-01-06T13:42:30,2024-01-06,781,38,Retail,Afterpay,COUPON-Z9A,15.24,AUD
83082,2024-01-06T15:31:07,2024-01-06,516,37,Online,Credit Card,COUPON00ZA,7.33,AUD
83163,2024-01-06T10:38:13,2024-01-06,468,45,Retail,Afterpay,COUPON9Z-A,4.97,AUD
83189,2024-01-06T08:51:19,2024-01-06,257,10,Retail,Afterpay,COUPON--ZA,2.32,AUD
83402,2024-01-06T23:06:44,2024-01-06,226,36,Online,Credit Card,COUPON-9--,10.09,AUD
83418,2024-01-06T11:23:46,2024-01-06,98,23,Retail,Credit Card,COUPON9AZ-,1.4,AUD
83577,2024-01-06T02:53:47,2024-01-06,474,14,Retail,Afterpay,COUPON9A90,13.15,AUD
83585,2024-01-06T06:29:00,2024-01-06,362,36,Retail,Credit Card,COUPON-A00,3.9,AUD
83649,2024-01-06T01:44:54,2024-01-06,283,42,Retail,Afterpay,COUPONZ0-9,17.0,AUD
83684,2024-01-06T19:00:42,2024-01-06,609,4,Retail,Afterpay,COUPON-A9Z,10.91,AUD
83992,2024-01-06T15:17:14,2024-01-06,296,26,Online,Afterpay,COUPON--9-,5.31,AUD
84001,2024-01-06T01:52:33,2024-01-06,344,37,Online,Credit Card,COUPON0009,7.64,AUD
84063,2024-01-06T04:20:29,2024-01-06,275,27,Retail,Credit Card,COUPON-9A9,16.63,AUD
84094,2024-01-06T08:49:11,2024-01-06,412,7,Retail,Credit Card,COUPON99ZZ,1.06,AUD
84201,2024-01-06T22:20:25,2024-01-06,747,12,Retail,Afterpay,COUPON0AZ-,3.24,AUD
84302,2024-01-06T06:14:49,2024-01-06,533,23,Retail,Afterpay,COUPON9-9-,18.43,AUD
84336,2024-01-06T19:55:27,2024-01-06,434,34,Retail,Afterpay,COUPON9900,14.37,AUD
84445,2024-01-06T06:09:17,2024-01-06,353,19,Retail,Credit Card,COUPONZ-A-,14.6,AUD
84523,2024-01-06T21:05:30,2024-01-06,475,45,Online,Afterpay,COUPON00Z-,12.51,AUD
84793,2024-01-06T00:42:27,2024-01-06,24,43,Retail,Credit Card,COUPON9-Z-,5.22,AUD
85052,2024-01-06T22:03:52,2024-01-06,703,47,Retail,Afterpay,COUPONZ90Z,1.2,AUD
85130,2024-01-06T00:53:14,2024-01-06,112,1,Online,PayPal,COUPON9ZA9,8.67,AUD
85183,2024-01-06T17:16:12,2024-01-06,480,39,Online,Afterpay,COUPON99ZZ,5.42,AUD
85313,2024-01-06T07:57:05,2024-01-06,145,49,Online,Afterpay,COUPON-0Z-,11.18,AUD
85555,2024-01-06T12:04:24,2024-01-06,120,30,Online,PayPal,COUPON-09-,5.17,AUD
85784,2024-01-06T18:54:28,2024-01-06,23,48,Retail,Credit Card,COUPON-99-,17.2,AUD
85894,2024-01-06T13:03:12,2024-01-06,318,37,Online,Credit Card,COUPONZ-9-,6.6,AUD
86095,2024-01-06T17:58:44,2024-01-06,542,7,Online,Afterpay,COUPON99Z0,14.14,AUD
86154,2024-01-06T07:00:07,2024-01-06,382,49,Retail,PayPal,COUPONA--A,3.04,AUD
86380,2024-01-06T14:09:33,2024-01-06,143,8,Online,Credit Card,COUPON-AA-,5.21,AUD
86402,2024-01-06T00:08:33,2024-01-06,399,48,Retail,Afterpay,COUPON-9-0,14.95,AUD
86665,2024-01-06T15:36:18,2024-01-06,338,14,Retail,PayPal,COUPON9A9-,0.93,AUD
86854,2024-01-06T09:40:37,2024-01-06,521,5,Online,Credit Card,COUPONAA9Z,14.87,AUD
87031,2024-01-06T11:43:51,2024-01-06,300,14,Retail,Credit Card,COUPONA9Z9,4.46,AUD
87033,2024-01-06T02:23:49,2024-01-06,176,44,Retail,PayPal,COUPON09ZA,6.32,AUD
87084,2024-01-06T15:34:15,2024-01-06,446,42,Online,Credit Card,COUPON0A-Z,16.04,AUD
87136,2024-01-06T13:07:40,2024-01-06,427,20,Retail,Credit Card,COUPON-AA-,3.44,AUD
87149,2024-01-06T15:22:17,2024-01-06,650,39,Retail,Credit Card,COUPON-09-,7.54,AUD
87237,2024-01-06T01:52:58,2024-01-06,62,44,Online,Afterpay,COUPON--9-,10.56,AUD
87306,2024-01-06T10:34:23,2024-01-06,366,23,Retail,PayPal,COUPONA0A0,14.36,AUD
87320,2024-01-06T21:43:53,2024-01-06,556,17,Online,PayPal,COUPON-A--,7.05,AUD
87442,2024-01-06T07:33:25,2024-01-06,69,20,Retail,Afterpay,COUPONZA99,7.2,AUD
87484,2024-01-06T09:45:03,2024-01-06,755,38,Online,Credit Card,COUPON0Z-9,12.15,AUD
87547,2024-01-06T15:53:25,2024-01-06,140,43,Retail,PayPal,COUPON--AA,14.98,AUD
87560,2024-01-06T12:51:43,2024-01-06,795,19,Retail,Credit Card,COUPON-9A0,9.73,AUD
87561,2024-01-06T18:29:52,2024-01-06,71,6,Retail,Credit Card,COUPON-0-9,3.12,AUD
87634,2024-01-06T18:57:10,2024-01-06,743,3,Online,Afterpay,COUPON-Z-9,4.19,AUD
87977,2024-01-06T02:46:26,2024-01-06,201,5,Retail,PayPal,COUPONZZZ-,19.62,AUD
88025,2024-01-06T21:48:01,2024-01-06,740,35,Retail,Credit Card,COUPON0999,2.25,AUD
88054,2024-01-06T14:49:39,2024-01-06,106,46,Retail,Credit Card,COUPON-ZZ0,3.98,AUD
88085,2024-01-06T00:57:38,2024-01-06,766,2,Online,Afterpay,COUPONA09-,12.29,AUD
88125,2024-01-06T00:25:25,2024-01-06,591,43,Retail,PayPal,COUPON----,9.48,AUD
88171,2024-01-06T05:40:39,2024-01-06,787,3,Online,Credit Card,COUPONZA9-,8.44,AUD
88184,2024-01-06T19:49:42,2024-01-06,404,42,Retail,PayPal,COUPONZZA0,19.19,AUD
88397,2024-01-06T01:00:05,2024-01-06,570,46,Retail,Credit Card,COUPON-9Z9,11.63,AUD
88433,2024-01-06T12:09:53,2024-01-06,245,21,Online,PayPal,COUPONZ---,4.69,AUD
88475,2024-01-06T04:58:27,2024-01-06,693,47,Online,PayPal,COUPONAZ--,18.01,AUD
88485,2024-01-06T02:48:13,2024-01-06,365,43,Retail,Credit Card,COUPONZ-A0,10.5,AUD
88534,2024-01-06T14:48:27,2024-01-06,779,15,Online,Afterpay,COUPON--90,16.78,AUD
88565,2024-01-06T01:30:55,2024-01-06,31,31,Online,Afterpay,COUPON9A0Z,18.2,AUD
88891,2024-01-06T04:32:43,2024-01-06,743,34,Online,Credit Card,COUPONA90Z,11.74,AUD
88926,2024-01-06T02:08:30,2024-01-06,68,32,Retail,Afterpay,COUPONA9Z0,10.2,AUD
88976,2024-01-06T11:21:33,2024-01-06,196,31,Retail,PayPal,COUPONAZZZ,11.52,AUD
89026,2024-01-06T01:40:11,2024-01-06,116,31,Online,Credit Card,COUPONA-0-,15.81,AUD
89086,2024-01-06T01:18:14,2024-01-06,718,8,Retail,PayPal,COUPON-Z9-,6.86,AUD
89254,2024-01-06T20:28:41,2024-01-06,527,2,Retail,Credit Card,COUPON9--9,11.81,AUD
89284,2024-01-06T11:52:30,2024-01-06,621,5,Retail,Credit Card,COUPON99A9,11.93,AUD
89323,2024-01-06T05:39:01,2024-01-06,415,15,Retail,PayPal,COUPON99-9,12.08,AUD
89342,2024-01-06T15:51:16,2024-01-06,41,25,Retail,Afterpay,COUPON---9,17.21,AUD
89660,2024-01-06T06:15:38,2024-01-06,49,7,Online,Afterpay,COUPON-ZZA,8.71,AUD
89730,2024-01-06T05:43:32,2024-01-06,357,16,Retail,PayPal,COUPONA-Z-,6.63,AUD
89759,2024-01-06T11:51:40,2024-01-06,324,16,Online,Afterpay,COUPON-9-0,16.99,AUD
89787,2024-01-06T14:31:38,2024-01-06,269,6,Online,Credit Card,COUPON09--,1.39,AUD
89831,2024-01-06T08:22:32,2024-01-06,781,14,Online,PayPal,COUPON9Z90,9.34,AUD
89838,2024-01-06T15:56:14,2024-01-06,194,4,Online,PayPal,COUPONA0ZA,14.94,AUD
89891,2024-01-06T04:46:47,2024-01-06,478,1,Online,Credit Card,COUPON09-9,14.22,AUD
90054,2024-01-06T06:50:15,2024-01-06,350,2,Online,PayPal,COUPONA0ZA,12.56,AUD
90198,2024-01-06T17:31:36,2024-01-06,565,7,Retail,Credit Card,COUPON99-A,1.69,AUD
90287,2024-01-06T22:42:38,2024-01-06,524,19,Retail,Afterpay,COUPON0909,17.14,AUD
90402,2024-01-06T06:12:10,2024-01-06,103,26,Online,Credit Card,COUPONZ--Z,9.35,AUD
90569,2024-01-06T08:13:52,2024-01-06,495,11,Online,PayPal,COUPON-009,16.33,AUD
90577,2024-01-06T13:45:19,2024-01-06,9,36,Retail,PayPal,COUPONZ0Z-,8.42,AUD
90607,2024-01-06T08:37:22,2024-01-06,639,1,Retail,Afterpay,COUPONZ9-Z,2.71,AUD
90639,2024-01-06T22:31:41,2024-01-06,518,49,Retail,PayPal,COUPONZZ-0,9.57,AUD
90889,2024-01-06T06:01:45,2024-01-06,599,3,Online,PayPal,COUPONA--0,5.22,AUD
91011,2024-01-06T11:52:59,2024-01-06,625,40,Online,Credit Card,COUPON-AA0,3.74,AUD
91017,2024-01-06T00:07:09,2024-01-06,487,31,Retail,Credit Card,COUPON--A0,18.99,AUD
91030,2024-01-06T22:43:48,2024-01-06,442,1,Online,Credit Card,COUPON0ZZZ,9.0,AUD
91176,2024-01-06T04:53:01,2024-01-06,38,22,Retail,Credit Card,COUPON9-9A,7.94,AUD
91228,2024-01-06T12:53:22,2024-01-06,84,27,Online,PayPal,COUPON90--,14.76,AUD
91234,2024-01-06T17:23:26,2024-01-06,728,43,Online,Credit Card,COUPON---0,6.19,AUD
91241,2024-01-06T04:14:18,2024-01-06,582,9,Online,PayPal,COUPON0909,6.46,AUD
91249,2024-01-06T17:14:00,2024-01-06,27,5,Retail,Afterpay,COUPON0A-9,5.07,AUD
91286,2024-01-06T15:56:14,2024-01-06,171,22,Online,Afterpay,COUPON---A,19.62,AUD
91438,2024-01-06T18:28:03,2024-01-06,642,10,Retail,PayPal,COUPON-ZZ9,16.68,AUD
91460,2024-01-06T02:34:21,2024-01-06,394,45,Online,Afterpay,COUPON-AA9,13.16,AUD
91484,2024-01-06T19:16:10,2024-01-06,711,35,Online,Credit Card,COUPON-AA9,11.61,AUD
91503,2024-01-06T20:47:36,2024-01-06,388,7,Retail,PayPal,COUPONZZZZ,7.57,AUD
91780,2024-01-06T18:17:08,2024-01-06,88,33,Online,Afterpay,COUPON0Z-A,5.03,AUD
91799,2024-01-06T10:39:23,2024-01-06,758,41,Online,Credit Card,COUPON--0-,6.85,AUD
91835,2024-01-06T15:11:55,2024-01-06,266,23,Online,Afterpay,COUPONZ-Z0,17.9,AUD
91840,2024-01-06T02:56:24,2024-01-06,258,48,Online,Credit Card,COUPONZ0Z0,11.95,AUD
91958,2024-01-06T22:22:54,2024-01-06,515,20,Online,PayPal,COUPONZZAA,13.46,AUD
92042,2024-01-06T05:48:40,2024-01-06,662,34,Retail,Credit Card,COUPON0A09,15.14,AUD
92046,2024-01-06T18:32:24,2024-01-06,70,47,Retail,Credit Card,COUPON---A,7.78,AUD
92098,2024-01-06T17:38:38,2024-01-06,120,34,Retail,Afterpay,COUPONZ--Z,10.41,AUD
92135,2024-01-06T09:11:50,2024-01-06,197,32,Retail,Credit Card,COUPON9A-0,0.11,AUD
92184,2024-01-06T19:39:34,2024-01-06,423,36,Online,Credit Card,COUPON9-0-,14.97,AUD
92237,2024-01-06T07:52:54,2024-01-06,63,33,Online,Afterpay,COUPONZ---,9.97,AUD
92769,2024-01-06T21:18:23,2024-01-06,289,21,Online,Afterpay,COUPONZ0Z0,15.57,AUD
92777,2024-01-06T01:37:58,2024-01-06,794,5,Online,Afterpay,COUPON-0Z0,17.34,AUD
92819,2024-01-06T14:15:49,2024-01-06,232,35,Retail,PayPal,COUPON0--9,0.88,AUD
92860,2024-01-06T09:55:24,2024-01-06,778,39,Retail,Credit Card,COUPON99ZZ,12.15,AUD
92868,2024-01-06T20:18:25,2024-01-06,55,43,Retail,Credit Card,COUPONAAZZ,11.9,AUD
93236,2024-01-06T18:09:03,2024-01-06,471,41,Online,Credit Card,COUPON9Z9-,13.46,AUD
93443,2024-01-06T20:46:42,2024-01-06,660,36,Retail,Afterpay,COUPON00--,9.39,AUD
93540,2024-01-06T06:29:05,2024-01-06,4,38,Online,Afterpay,COUPON-0--,0.37,AUD
93557,2024-01-06T09:51:36,2024-01-06,586,28,Online,PayPal,COUPON-0-A,12.34,AUD
93684,2024-01-06T18:18:21,2024-01-06,202,29,Retail,PayPal,COUPON0900,19.69,AUD
93755,2024-01-06T09:25:12,2024-01-06,544,24,Online,Afterpay,COUPON0-Z-,3.37,AUD
93762,2024-01-06T16:24:29,2024-01-06,750,6,Retail,PayPal,COUPONA09-,18.5,AUD
93796,2024-01-06T18:09:10,2024-01-06,324,41,Online,Afterpay,COUPON-A0Z,8.2,AUD
93820,2024-01-06T23:20:31,2024-01-06,707,39,Online,Afterpay,COUPON-A--,16.54,AUD
93956,2024-01-06T11:02:44,2024-01-06,305,18,Online,PayPal,COUPON-9Z9,19.06,AUD
94020,2024-01-06T04:48:24,2024-01-06,760,28,Online,Credit Card,COUPON-9-A,11.28,AUD
94068,2024-01-06T03:41:44,2024-01-06,367,23,Online,PayPal,COUPONZ0ZZ,7.05,AUD
94167,2024-01-06T14:25:09,2024-01-06,386,18,Online,Afterpay,COUPONZ90Z,8.11,AUD
94258,2024-01-06T04:35:33,2024-01-06,62,26,Retail,Afterpay,COUPON9A-0,1.85,AUD
94448,2024-01-06T08:18:06,2024-01-06,184,24,Retail,Afterpay,COUPON0A9-,1.59,AUD
94468,2024-01-06T12:00:13,2024-01-06,745,21,Online,Credit Card,COUPON-Z9-,19.81,AUD
94555,2024-01-06T18:12:04,2024-01-06,83,45,Retail,Credit Card,COUPONA--A,17.66,AUD
94579,2024-01-06T09:05:48,2024-01-06,409,34,Online,Afterpay,COUPON--AZ,13.75,AUD
94702,2024-01-06T06:42:44,2024-01-06,738,11,Retail,PayPal,COUPON-09A,3.15,AUD
94708,2024-01-06T14:33:28,2024-01-06,687,39,Retail,Afterpay,COUPON-099,11.2,AUD
94936,2024-01-06T08:57:44,2024-01-06,619,33,Retail,PayPal,COUPON0--9,10.65,AUD
95008,2024-01-06T10:47:05,2024-01-06,413,30,Online,Afterpay,COUPON9-AA,13.33,AUD
95014,2024-01-06T10:26:08,2024-01-06,494,38,Retail,PayPal,COUPON0AA-,18.96,AUD
95348,2024-01-06T16:13:35,2024-01-06,735,30,Retail,Credit Card,COUPON-Z-A,14.78,AUD
95575,2024-01-06T19:04:37,2024-01-06,148,16,Online,PayPal,COUPON9-Z9,7.56,AUD
95617,2024-01-06T15:46:09,2024-01-06,47,37,Online,Credit Card,COUPONA0ZZ,15.28,AUD
95696,2024-01-06T13:01:39,2024-01-06,16,2,Retail,Afterpay,COUPONAA-A,8.38,AUD
96056,2024-01-06T19:11:30,2024-01-06,81,19,Retail,Credit Card,COUPON9ZZ-,13.49,AUD
96117,2024-01-06T17:23:50,2024-01-06,754,14,Online,Afterpay,COUPONZ9AZ,11.02,AUD
96340,2024-01-06T14:33:54,2024-01-06,422,12,Retail,PayPal,COUPONAA-Z,18.49,AUD
96356,2024-01-06T16:23:34,2024-01-06,66,21,Retail,PayPal,COUPONA0AZ,11.54,AUD
96381,2024-01-06T08:12:58,2024-01-06,507,25,Online,Credit Card,COUPON-0-A,6.31,AUD
96464,2024-01-06T22:47:47,2024-01-06,592,44,Retail,PayPal,COUPON99Z-,0.9,AUD
96485,2024-01-06T03:03:46,2024-01-06,199,3,Retail,Afterpay,COUPONA--A,17.61,AUD
96616,2024-01-06T03:21:11,2024-01-06,58,31,Online,PayPal,COUPONA-0Z,4.97,AUD
96644,2024-01-06T06:01:59,2024-01-06,275,25,Retail,PayPal,COUPON--00,4.59,AUD
96913,2024-01-06T22:43:36,2024-01-06,68,21,Online,PayPal,COUPON0-9-,17.14,AUD
96915,2024-01-06T12:20:28,2024-01-06,405,3,Online,Afterpay,COUPONAZZZ,5.07,AUD
97063,2024-01-06T09:10:03,2024-01-06,156,29,Retail,Afterpay,COUPON9A--,13.34,AUD
97127,2024-01-06T21:12:47,2024-01-06,435,28,Online,Afterpay,COUPONZZ-0,5.99,AUD
97278,2024-01-06T13:14:21,2024-01-06,637,44,Online,PayPal,COUPONA---,17.08,AUD
97287,2024-01-06T21:56:55,2024-01-06,256,6,Online,Credit Card,COUPON0-Z9,4.05,AUD
97333,2024-01-06T18:32:49,2024-01-06,374,29,Online,Afterpay,COUPONZ--9,13.33,AUD
97348,2024-01-06T17:51:44,2024-01-06,235,43,Online,PayPal,COUPON0Z--,10.01,AUD
97350,2024-01-06T05:18:53,2024-01-06,321,3,Retail,PayPal,COUPON0AZ-,11.51,AUD
97663,2024-01-06T23:47:05,2024-01-06,358,4,Online,Credit Card,COUPON999Z,18.12,AUD
97702,2024-01-06T03:58:11,2024-01-06,532,26,Online,PayPal,COUPON900A,7.92,AUD
97845,2024-01-06T12:06:29,2024-01-06,493,26,Online,Afterpay,COUPON-Z-0,17.79,AUD
97984,2024-01-06T06:15:03,2024-01-06,791,11,Online,Credit Card,COUPON09Z-,7.14,AUD
98012,2024-01-06T10:41:25,2024-01-06,725,32,Online,Afterpay,COUPON----,19.59,AUD
98063,2024-01-06T05:45:23,2024-01-06,323,8,Retail,Credit Card,COUPON----,8.26,AUD
98291,2024-01-06T22:12:10,2024-01-06,667,37,Online,PayPal,COUPONZZ99,8.71,AUD
98306,2024-01-06T00:03:57,2024-01-06,334,26,Retail,PayPal,COUPON0Z99,8.1,AUD
98343,2024-01-06T18:55:10,2024-01-06,438,45,Online,Credit Card,COUPON9Z--,2.86,AUD
98356,2024-01-06T21:39:55,2024-01-06,523,16,Online,Afterpay,COUPON-Z9-,4.19,AUD
98577,2024-01-06T09:51:37,2024-01-06,490,42,Online,Credit Card,COUPON0Z9A,0.25,AUD
98634,2024-01-06T19:10:24,2024-01-06,76,1,Retail,PayPal,COUPON009Z,17.95,AUD
98640,2024-01-06T03:13:50,2024-01-06,173,35,Retail,Credit Card,COUPONAA--,8.84,AUD
98940,2024-01-06T05:22:58,2024-01-06,26,43,Online,Afterpay,COUPON--9A,4.6,AUD
98969,2024-01-06T15:58:19,2024-01-06,355,9,Online,Afterpay,COUPON0AAA,18.39,AUD
98983,2024-01-06T06:56:29,2024-01-06,329,4,Retail,Credit Card,COUPONZZ-9,19.33,AUD
98987,2024-01-06T22:53:25,2024-01-06,346,4,Retail,Afterpay,COUPON9-00,14.99,AUD
99088,2024-01-06T14:13:45,2024-01-06,130,40,Retail,PayPal,COUPON0---,17.33,AUD
99114,2024-01-06T18:34:47,2024-01-06,637,43,Retail,Afterpay,COUPONZ---,7.44,AUD
99163,2024-01-06T14:02:04,2024-01-06,251,23,Retail,PayPal,COUPONA-99,18.17,AUD
99294,2024-01-06T03:35:08,2024-01-06,189,12,Retail,PayPal,COUPON0Z99,6.26,AUD
99439,2024-01-06T06:55:31,2024-01-06,40,9,Retail,Afterpay,COUPON-Z-0,9.17,AUD
99470,2024-01-06T16:02:59,2024-01-06,210,22,Online,Afterpay,COUPONZ0--,11.74,AUD
99471,2024-01-06T18:50:52,2024-01-06,686,27,Online,PayPal,COUPON0ZA9,19.76,AUD
99635,2024-01-06T13:23:35,2024-01-06,776,20,Retail,PayPal,COUPON----,13.24,AUD
99658,2024-01-06T04:42:33,2024-01-06,285,26,Online,PayPal,COUPON99A-,17.55,AUD
99700,2024-01-06T00:03:42,2024-01-06,47,19,Online,Afterpay,COUPON0A--,14.09,AUD
99846,2024-01-06T08:27:17,2024-01-06,765,15,Online,Afterpay,COUPON-Z99,19.73,AUD
99897,2024-01-06T06:10:20,2024-01-06,487,4,Retail,Afterpay,COUPONZ-9Z,18.07,AUD
99953,2024-01-06T15:28:58,2024-01-06,584,48,Online,Credit Card,COUPONAZ--,0.27,AUD
99990,2024-01-06T19:58:35,2024-01-06,314,35,Online,Afterpay,COUPON0990,4.78,AUD
100142,2024-01-06T07:27:46,2024-01-06,648,7,Online,Afterpay,COUPONA999,14.34,AUD
100241,2024-01-06T08:02:37,2024-01-06,407,2,Online,Credit Card,COUPON99Z-,11.46,AUD
100263,2024-01-06T00:12:30,2024-01-06,626,10,Retail,Credit Card,COUPON9ZZ9,5.84,AUD
100289,2024-01-06T06:57:33,2024-01-06,191,40,Retail,Afterpay,COUPON99Z9,10.81,AUD
100314,2024-01-06T07:53:50,2024-01-06,283,42,Retail,PayPal,COUPONZ-Z-,4.52,AUD
100403,2024-01-06T21:39:49,2024-01-06,289,18,Online,Credit Card,COUPON0-0-,17.4,AUD
100424,2024-01-06T03:08:44,2024-01-06,508,5,Online,PayPal,COUPON--9-,1.32,AUD
100547,2024-01-06T06:56:22,2024-01-06,174,44,Online,PayPal,COUPON0A0Z,4.73,AUD
100596,2024-01-06T00:19:27,2024-01-06,401,28,Online,Afterpay,COUPONZ09-,10.14,AUD
100636,2024-01-06T22:53:55,2024-01-06,626,27,Retail,PayPal,COUPON--99,8.07,AUD
100637,2024-01-06T23:13:58,2024-01-06,499,30,Retail,Afterpay,COUPONA-A0,19.59,AUD
100971,2024-01-06T08:51:43,2024-01-06,336,40,Online,Credit Card,COUPON0-9Z,18.22,AUD
100987,2024-01-06T01:32:19,2024-01-06,198,9,Online,Credit Card,COUPONZ0ZZ,12.13,AUD
101313,2024-01-06T10:33:11,2024-01-06,758,48,Retail,PayPal,COUPONZ-ZZ,17.58,AUD
101345,2024-01-06T13:21:04,2024-01-06,682,36,Online,Credit Card,COUPONA-Z-,17.74,AUD
101613,2024-01-06T11:28:06,2024-01-06,519,43,Retail,Credit Card,COUPON9-AZ,14.29,AUD
101627,2024-01-06T02:06:54,2024-01-06,498,46,Retail,Credit Card,COUPONA9-Z,11.89,AUD
102048,2024-01-06T02:16:28,2024-01-06,204,19,Retail,Credit Card,COUPON99-9,11.6,AUD
102202,2024-01-06T14:01:24,2024-01-06,743,11,Online,Afterpay,COUPON--0A,18.4,AUD
102366,2024-01-06T02:19:13,2024-01-06,118,46,Online,Credit Card,COUPON-ZZ9,13.47,AUD
102619,2024-01-06T21:41:38,2024-01-06,599,39,Retail,Afterpay,COUPON-9-9,7.5,AUD
102660,2024-01-06T00:09:19,2024-01-06,547,29,Online,Credit Card,COUPON--09,8.4,AUD
102664,2024-01-06T16:40:23,2024-01-06,696,24,Retail,Credit Card,COUPON0A-Z,19.26,AUD
102681,2024-01-06T21:43:38,2024-01-06,46,37,Retail,Afterpay,COUPON9Z09,7.87,AUD
102734,2024-01-06T10:38:26,2024-01-06,520,25,Online,Afterpay,COUPON00-9,1.43,AUD
102853,2024-01-06T06:00:02,2024-01-06,265,16,Retail,Afterpay,COUPON09ZZ,19.07,AUD
102870,2024-01-06T19:22:24,2024-01-06,51,4,Online,PayPal,COUPON0Z-0,2.41,AUD
103011,2024-01-06T06:59:36,2024-01-06,392,30,Retail,Credit Card,COUPON9AAA,1.72,AUD
103158,2024-01-06T18:15:57,2024-01-06,32,1,Online,Credit Card,COUPON-9Z0,12.06,AUD
103338,2024-01-06T14:02:21,2024-01-06,521,43,Retail,Credit Card,COUPON9ZA0,4.64,AUD
103405,2024-01-06T20:10:08,2024-01-06,143,48,Online,Afterpay,COUPON9-9-,16.65,AUD
103516,2024-01-06T02:42:16,2024-01-06,494,7,Retail,PayPal,COUPON-9--,1.59,AUD
103677,2024-01-06T16:09:49,2024-01-06,290,37,Online,Credit Card,COUPON-Z--,13.5,AUD
103717,2024-01-06T00:29:21,2024-01-06,28,5,Online,Credit Card,COUPONZ--0,12.13,AUD
103718,2024-01-06T03:29:17,2024-01-06,630,28,Retail,Afterpay,COUPONZ-A-,3.79,AUD
103950,2024-01-06T01:29:52,2024-01-06,115,47,Online,Credit Card,COUPONZA9Z,12.73,AUD
104066,2024-01-06T14:52:18,2024-01-06,37,16,Online,Credit Card,COUPON9Z-0,13.14,AUD
104275,2024-01-06T13:32:51,2024-01-06,603,26,Retail,PayPal,COUPONAZ-0,18.46,AUD
104346,2024-01-06T16:38:07,2024-01-06,395,24,Retail,Afterpay,COUPONZ9AA,13.65,AUD
104479,2024-01-06T03:09:04,2024-01-06,277,17,Retail,Afterpay,COUPON-9-Z,6.17,AUD
104522,2024-01-06T20:01:27,2024-01-06,71,10,Retail,Credit Card,COUPON-09Z,11.94,AUD
104602,2024-01-06T08:39:52,2024-01-06,113,43,Online,Afterpay,COUPONA--Z,16.57,AUD
104662,2024-01-06T05:57:11,2024-01-06,7,28,Online,Afterpay,COUPONZAZ9,0.16,AUD
104672,2024-01-06T22:25:43,2024-01-06,116,19,Online,Afterpay,COUPONA-0-,11.35,AUD
104765,2024-01-06T22:55:11,2024-01-06,469,8,Online,PayPal,COUPON--A-,3.64,AUD
104806,2024-01-06T02:35:28,2024-01-06,278,19,Retail,PayPal,COUPONAA-9,2.74,AUD
104908,2024-01-06T20:28:31,2024-01-06,38,26,Retail,Afterpay,COUPON-Z0A,2.35,AUD
105002,2024-01-06T08:15:05,2024-01-06,114,31,Retail,Afterpay,COUPON-9ZA,18.9,AUD
105140,2024-01-06T22:21:53,2024-01-06,768,42,Online,Credit Card,COUPON0-A9,14.74,AUD
105163,2024-01-06T09:22:55,2024-01-06,255,23,Online,PayPal,COUPONZZ0-,8.14,AUD
105251,2024-01-06T18:44:30,2024-01-06,603,44,Online,PayPal,COUPON-9ZZ,18.62,AUD
105386,2024-01-06T11:44:56,2024-01-06,365,11,Online,Credit Card,COUPON-9-Z,2.05,AUD
105531,2024-01-06T13:45:43,2024-01-06,694,14,Retail,PayPal,COUPON--0A,11.9,AUD
105575,2024-01-06T02:41:12,2024-01-06,706,29,Retail,Credit Card,COUPON9Z--,15.96,AUD
105619,2024-01-06T10:30:58,2024-01-06,203,1,Retail,Credit Card,COUPON-9Z-,15.72,AUD
105789,2024-01-06T23:28:45,2024-01-06,171,41,Online,Credit Card,COUPON0-99,1.52,AUD
105908,2024-01-06T12:37:32,2024-01-06,388,9,Online,Credit Card,COUPON0-Z9,5.43,AUD
105942,2024-01-06T12:11:12,2024-01-06,476,31,Online,Afterpay,COUPONZ9A9,13.73,AUD
106009,2024-01-06T16:32:16,2024-01-06,32,3,Retail,PayPal,COUPON--Z-,18.36,AUD
106037,2024-01-06T06:41:35,2024-01-06,359,34,Retail,PayPal,COUPON--99,6.79,AUD
106069,2024-01-06T12:31:50,2024-01-06,550,37,Retail,Afterpay,COUPONZ999,8.25,AUD
106206,2024-01-06T21:06:54,2024-01-06,727,1,Retail,Credit Card,COUPONAAZ-,6.37,AUD
106218,2024-01-06T06:57:35,2024-01-06,484,43,Retail,Afterpay,COUPON900-,6.68,AUD
106251,2024-01-06T06:26:15,2024-01-06,532,37,Retail,Credit Card,COUPONZ-0A,19.85,AUD
106417,2024-01-06T14:00:04,2024-01-06,677,46,Online,Afterpay,COUPON0-AA,6.92,AUD
106594,2024-01-06T04:12:46,2024-01-06,378,12,Retail,Credit Card,COUPON----,1.06,AUD
106658,2024-01-06T11:11:49,2024-01-06,290,40,Retail,Credit Card,COUPONAAZ9,8.26,AUD
106686,2024-01-06T01:34:11,2024-01-06,346,35,Retail,PayPal,COUPON--0Z,12.97,AUD
106692,2024-01-06T01:15:43,2024-01-06,325,13,Online,Afterpay,COUPON--9-,13.02,AUD
106891,2024-01-06T05:24:57,2024-01-06,130,3,Online,Credit Card,COUPON9AA-,12.65,AUD
107003,2024-01-06T12:17:30,2024-01-06,357,31,Online,PayPal,COUPON90--,14.37,AUD
107052,2024-01-06T15:52:51,2024-01-06,786,48,Retail,Afterpay,COUPONA-Z-,8.5,AUD
107200,2024-01-06T17:05:23,2024-01-06,645,29,Retail,PayPal,COUPON909Z,7.63,AUD
107340,2024-01-06T04:05:56,2024-01-06,420,22,Retail,PayPal,COUPON-A0Z,6.97,AUD
107346,2024-01-06T11:27:14,2024-01-06,755,27,Online,PayPal,COUPON--AA,17.85,AUD
107355,2024-01-06T19:55:18,2024-01-06,362,49,Online,Credit Card,COUPON9A--,19.82,AUD
107441,2024-01-06T02:05:25,2024-01-06,445,22,Retail,PayPal,COUPONZ0Z9,6.64,AUD
107450,2024-01-06T21:53:52,2024-01-06,165,17,Online,Credit Card,COUPON----,10.48,AUD
107522,2024-01-06T01:55:44,2024-01-06,425,4,Retail,PayPal,COUPONZ90A,9.83,AUD
107575,2024-01-06T17:16:45,2024-01-06,632,41,Retail,PayPal,COUPON9-Z0,1.41,AUD
108034,2024-01-06T08:24:21,2024-01-06,361,14,Retail,PayPal,COUPON-9ZZ,14.58,AUD
108093,2024-01-06T20:22:21,2024-01-06,256,35,Online,Afterpay,COUPON99ZA,18.81,AUD
108110,2024-01-06T18:44:30,2024-01-06,142,39,Online,Afterpay,COUPONA000,8.15,AUD
108133,2024-01-06T10:49:25,2024-01-06,40,3,Retail,PayPal,COUPON9--Z,0.68,AUD
108157,2024-01-06T12:40:57,2024-01-06,117,12,Online,Credit Card,COUPON--0A,2.7,AUD
108360,2024-01-06T22:51:57,2024-01-06,686,24,Retail,Afterpay,COUPONAAZ-,5.98,AUD
108382,2024-01-06T03:57:27,2024-01-06,445,33,Retail,PayPal,COUPONZ00-,15.58,AUD
108495,2024-01-06T14:12:25,2024-01-06,349,34,Online,PayPal,COUPON--9-,9.03,AUD
108625,2024-01-06T08:55:16,2024-01-06,128,37,Retail,Credit Card,COUPON9ZZ9,15.33,AUD
108967,2024-01-06T12:17:51,2024-01-06,303,22,Retail,PayPal,COUPON-990,16.65,AUD
109126,2024-01-06T16:19:51,2024-01-06,384,47,Online,Credit Card,COUPONA-9Z,0.65,AUD
109145,2024-01-06T12:31:44,2024-01-06,566,20,Retail,Credit Card,COUPON-9AZ,3.05,AUD
109247,2024-01-06T11:44:35,2024-01-06,101,45,Online,Afterpay,COUPONZ-ZZ,12.72,AUD
109329,2024-01-06T12:55:52,2024-01-06,413,34,Retail,Afterpay,COUPONA-A9,16.44,AUD
109460,2024-01-06T15:23:14,2024-01-06,692,22,Online,Credit Card,COUPONAZZ0,1.35,AUD
109533,2024-01-06T19:30:02,2024-01-06,491,43,Online,Afterpay,COUPON0090,3.5,AUD
109568,2024-01-06T20:25:42,2024-01-06,197,18,Retail,Credit Card,COUPON-Z-Z,14.79,AUD
109574,2024-01-06T23:16:14,2024-01-06,137,22,Online,Afterpay,COUPON9--Z,7.26,AUD
109665,2024-01-06T21:37:26,2024-01-06,115,48,Retail,PayPal,COUPON9---,15.32,AUD
109683,2024-01-06T14:18:16,2024-01-06,627,34,Retail,Credit Card,COUPONAZAA,19.5,AUD
109726,2024-01-06T14:08:40,2024-01-06,407,6,Retail,Credit Card,COUPON-0-9,8.96,AUD
109762,2024-01-06T14:40:35,2024-01-06,499,42,Retail,Afterpay,COUPON9Z-A,10.84,AUD
109784,2024-01-06T13:55:30,2024-01-06,136,35,Retail,PayPal,COUPONA-0-,6.99,AUD
109839,2024-01-06T14:14:28,2024-01-06,98,34,Retail,Credit Card,COUPON-0-A,8.9,AUD
109909,2024-01-06T06:58:23,2024-01-06,62,48,Online,Credit Card,COUPONA-A-,0.8,AUD
109983,2024-01-06T11:28:39,2024-01-06,554,3,Retail,Credit Card,COUPON-A--,11.13,AUD
110003,2024-01-06T11:05:08,2024-01-06,214,41,Retail,Credit Card,COUPON0-Z-,4.37,AUD
110089,2024-01-06T23:02:08,2024-01-06,491,32,Retail,Afterpay,COUPONA-Z0,8.41,AUD
110150,2024-01-06T07:09:51,2024-01-06,176,35,Online,Afterpay,COUPONZZZA,7.31,AUD
110160,2024-01-06T04:50:58,2024-01-06,450,46,Retail,PayPal,COUPON0Z0Z,3.85,AUD
110261,2024-01-06T02:54:33,2024-01-06,69,12,Online,Credit Card,COUPONZ0-Z,1.26,AUD
110311,2024-01-06T23:15:09,2024-01-06,194,49,Retail,Afterpay,COUPONA-Z-,19.77,AUD
110437,2024-01-06T01:30:12,2024-01-06,37,42,Online,PayPal,COUPON-A-A,4.99,AUD
110492,2024-01-06T00:41:52,2024-01-06,743,31,Retail,Credit Card,COUPONA0--,8.31,AUD
110585,2024-01-06T17:50:08,2024-01-06,585,11,Retail,Credit Card,COUPONAZA-,14.6,AUD
110777,2024-01-06T13:50:25,2024-01-06,797,41,Retail,PayPal,COUPON0A--,2.02,AUD
111196,2024-01-06T19:39:02,2024-01-06,274,43,Retail,PayPal,COUPON--00,7.08,AUD
111359,2024-01-06T01:10:36,2024-01-06,298,40,Retail,PayPal,COUPON-Z-0,6.87,AUD
111387,2024-01-06T04:46:06,2024-01-06,159,46,Retail,Credit Card,COUPON99Z0,1.14,AUD
111426,2024-01-06T05:09:50,2024-01-06,234,43,Online,PayPal,COUPONAA0A,18.91,AUD
111456,2024-01-06T21:37:03,2024-01-06,410,17,Retail,Afterpay,COUPON-ZZ0,14.51,AUD
111626,2024-01-06T20:51:42,2024-01-06,85,38,Online,Credit Card,COUPON0-ZA,11.26,AUD
111657,2024-01-06T18:19:42,2024-01-06,141,16,Retail,Afterpay,COUPON0---,9.76,AUD
111732,2024-01-06T20:40:36,2024-01-06,110,39,Retail,Credit Card,COUPON0---,3.89,AUD
111752,2024-01-06T19:16:37,2024-01-06,301,4,Online,PayPal,COUPON00Z0,11.09,AUD
111862,2024-01-06T13:28:29,2024-01-06,4,40,Retail,Afterpay,COUPON-A--,2.93,AUD
111973,2024-01-06T23:49:55,2024-01-06,281,44,Retail,Afterpay,COUPONA---,17.29,AUD
112271,2024-01-06T09:37:48,2024-01-06,752,21,Retail,Credit Card,COUPON9099,16.7,AUD
112448,2024-01-06T05:25:06,2024-01-06,8,43,Retail,Afterpay,COUPON0099,13.53,AUD
112506,2024-01-06T23:54:53,2024-01-06,588,47,Online,Credit Card,COUPON9A00,16.39,AUD
112583,2024-01-06T07:22:23,2024-01-06,751,23,Online,Credit Card,COUPON99-9,17.83,AUD
112801,2024-01-06T20:11:14,2024-01-06,580,16,Online,Afterpay,COUPON-90-,11.58,AUD
112857,2024-01-06T07:46:04,2024-01-06,302,47,Retail,Credit Card,COUPONZ0-Z,19.31,AUD
112921,2024-01-06T01:03:47,2024-01-06,719,21,Retail,Credit Card,COUPON---A,8.13,AUD
112981,2024-01-06T08:46:12,2024-01-06,702,3,Retail,Credit Card,COUPONA-Z-,16.33,AUD
112982,2024-01-06T15:50:56,2024-01-06,518,13,Online,PayPal,COUPON9-A0,2.9,AUD
113012,2024-01-06T02:54:29,2024-01-06,224,45,Retail,Credit Card,COUPONA0Z9,17.85,AUD
113019,2024-01-06T05:12:52,2024-01-06,259,32,Retail,PayPal,COUPON-0Z9,7.79,AUD
113397,2024-01-06T10:48:16,2024-01-06,660,7,Retail,Credit Card,COUPONZ00Z,0.41,AUD
113399,2024-01-06T19:24:13,2024-01-06,423,17,Retail,Afterpay,COUPON09--,13.19,AUD
113509,2024-01-06T07:24:43,2024-01-06,108,37,Online,Afterpay,COUPON---A,14.66,AUD
113514,2024-01-06T23:08:11,2024-01-06,692,19,Online,Afterpay,COUPON909A,11.88,AUD
113542,2024-01-06T02:29:40,2024-01-06,204,22,Online,Afterpay,COUPONAA-Z,3.57,AUD
113645,2024-01-06T05:35:54,2024-01-06,535,35,Online,Credit Card,COUPON0A09,2.99,AUD
113748,2024-01-06T14:04:24,2024-01-06,22,48,Retail,Afterpay,COUPON0990,10.21,AUD
113857,2024-01-06T08:03:44,2024-01-06,21,36,Online,PayPal,COUPON900-,0.25,AUD
113909,2024-01-06T14:12:13,2024-01-06,462,1,Online,Credit Card,COUPON-909,7.7,AUD
113950,2024-01-06T18:18:06,2024-01-06,733,26,Retail,PayPal,COUPON0900,0.43,AUD
113965,2024-01-06T21:35:08,2024-01-06,785,5,Online,Afterpay,COUPONZA0A,18.71,AUD
114062,2024-01-06T21:50:52,2024-01-06,39,7,Retail,Credit Card,COUPONZA-Z,10.33,AUD
114184,2024-01-06T08:52:52,2024-01-06,333,41,Online,Credit Card,COUPON9-A0,17.53,AUD
114213,2024-01-06T20:49:32,2024-01-06,468,25,Retail,PayPal,COUPON0-ZZ,13.5,AUD
114347,2024-01-06T10:15:50,2024-01-06,686,37,Retail,Afterpay,COUPON909-,5.03,AUD
114575,2024-01-06T00:20:03,2024-01-06,756,38,Online,Afterpay,COUPON099Z,4.65,AUD
114670,2024-01-06T14:58:22,2024-01-06,684,13,Online,Credit Card,COUPON0--A,11.84,AUD
114697,2024-01-06T16:00:41,2024-01-06,548,48,Retail,Afterpay,COUPON9Z9-,14.56,AUD
114825,2024-01-06T17:29:19,2024-01-06,712,28,Online,Afterpay,COUPONA-9Z,15.31,AUD
115018,2024-01-06T16:49:54,2024-01-06,386,42,Online,Credit Card,COUPON-AA9,19.59,AUD
115076,2024-01-06T18:53:55,2024-01-06,271,37,Retail,PayPal,COUPONZ--0,5.64,AUD
115403,2024-01-06T04:08:27,2024-01-06,728,6,Retail,Afterpay,COUPON0-9-,18.06,AUD
115409,2024-01-06T01:20:07,2024-01-06,206,25,Online,PayPal,COUPON--A-,14.66,AUD
115534,2024-01-06T12:37:32,2024-01-06,427,8,Retail,Afterpay,COUPON09--,6.32,AUD
115779,2024-01-06T23:08:23,2024-01-06,312,42,Retail,PayPal,COUPON0ZA9,18.92,AUD
115791,2024-01-06T18:32:36,2024-01-06,251,1,Online,Afterpay,COUPONAZ00,16.14,AUD
116043,2024-01-06T21:26:16,2024-01-06,325,37,Online,Credit Card,COUPON9Z9A,9.66,AUD
116198,2024-01-06T07:28:24,2024-01-06,396,33,Online,PayPal,COUPON----,4.4,AUD
116367,2024-01-06T08:04:25,2024-01-06,193,6,Online,PayPal,COUPON-AZ-,1.99,AUD
116444,2024-01-06T12:22:42,2024-01-06,544,28,Retail,Credit Card,COUPON-9-0,18.21,AUD
116478,2024-01-06T21:28:58,2024-01-06,664,10,Retail,PayPal,COUPON0--9,11.36,AUD
116787,2024-01-06T19:52:54,2024-01-06,17,22,Retail,PayPal,COUPONZ-A9,0.63,AUD
116843,2024-01-06T09:48:45,2024-01-06,364,22,Retail,PayPal,COUPONA-A-,3.98,AUD
116865,2024-01-06T16:07:40,2024-01-06,169,18,Retail,Afterpay,COUPON-A--,1.25,AUD
116901,2024-01-06T04:30:55,2024-01-06,408,11,Online,Afterpay,COUPON0ZZZ,9.84,AUD
117027,2024-01-06T05:19:00,2024-01-06,652,4,Online,Credit Card,COUPON-A-Z,12.13,AUD
117125,2024-01-06T02:46:52,2024-01-06,676,39,Online,Afterpay,COUPONZ0Z9,15.63,AUD
117262,2024-01-06T01:59:32,2024-01-06,81,1,Online,Credit Card,COUPON099-,14.67,AUD
117347,2024-01-06T20:39:35,2024-01-06,741,13,Online,Afterpay,COUPON9-A0,1.92,AUD
117368,2024-01-06T12:06:46,2024-01-06,343,24,Online,Afterpay,COUPON90-A,11.38,AUD
117840,2024-01-06T15:13:30,2024-01-06,147,31,Retail,PayPal,COUPON00A-,2.73,AUD
117915,2024-01-06T02:20:24,2024-01-06,314,35,Online,Credit Card,COUPON-ZZZ,8.41,AUD
117963,2024-01-06T03:23:43,2024-01-06,689,4,Online,Credit Card,COUPONA9A-,4.61,AUD
117967,2024-01-06T18:27:26,2024-01-06,498,23,Retail,Afterpay,COUPONA00-,6.76,AUD
118090,2024-01-06T10:25:59,2024-01-06,739,7,Retail,Afterpay,COUPON--09,8.0,AUD
118388,2024-01-06T02:29:40,2024-01-06,536,45,Online,Afterpay,COUPON-A99,17.17,AUD
118434,2024-01-06T02:19:09,2024-01-06,147,7,Retail,PayPal,COUPONZZA0,11.67,AUD
118453,2024-01-06T03:52:49,2024-01-06,652,6,Retail,Credit Card,COUPON-9ZZ,9.14,AUD
118540,2024-01-06T03:07:39,2024-01-06,670,10,Retail,Afterpay,COUPONA99A,9.13,AUD
118726,2024-01-06T00:20:13,2024-01-06,117,25,Retail,PayPal,COUPONA9--,10.39,AUD
118761,2024-01-06T17:23:24,2024-01-06,5,48,Online,Afterpay,COUPON9-09,9.2,AUD
118817,2024-01-06T16:56:37,2024-01-06,756,20,Online,Credit Card,COUPON9Z--,5.93,AUD
118898,2024-01-06T15:40:42,2024-01-06,160,27,Retail,Credit Card,COUPON9Z--,18.62,AUD
118974,2024-01-06T15:49:07,2024-01-06,597,38,Online,PayPal,COUPON9AZ-,0.01,AUD
118983,2024-01-06T12:03:33,2024-01-06,532,29,Retail,Afterpay,COUPON-AAA,17.74,AUD
119016,2024-01-06T02:03:11,2024-01-06,629,17,Online,PayPal,COUPON9-9Z,17.61,AUD
119073,2024-01-06T21:54:04,2024-01-06,14,36,Online,Credit Card,COUPON9-9-,12.52,AUD
119114,2024-01-06T07:23:36,2024-01-06,111,2,Online,Credit Card,COUPON-Z-9,6.84,AUD
119115,2024-01-06T00:06:27,2024-01-06,769,8,Retail,Afterpay,COUPONA0ZZ,16.29,AUD
119121,2024-01-06T05:18:10,2024-01-06,82,34,Online,PayPal,COUPONA9Z0,6.51,AUD
119244,2024-01-06T06:49:47,2024-01-06,579,11,Retail,Credit Card,COUPON0Z-9,1.67,AUD
119283,2024-01-06T13:34:50,2024-01-06,52,5,Retail,Afterpay,COUPON-AZ-,1.18,AUD
119292,2024-01-06T14:14:32,2024-01-06,13,29,Online,Credit Card,COUPONA-Z-,5.64,AUD
119301,2024-01-06T10:44:19,2024-01-06,304,36,Retail,PayPal,COUPON00-0,9.09,AUD
119350,2024-01-06T23:27:18,2024-01-06,780,34,Retail,PayPal,COUPON-A--,6.17,AUD
119372,2024-01-06T06:13:51,2024-01-06,388,1,Online,Afterpay,COUPONAA99,16.9,AUD
119385,2024-01-06T16:03:47,2024-01-06,451,40,Retail,Credit Card,COUPON-9--,8.54,AUD
119388,2024-01-06T07:42:24,2024-01-06,221,23,Retail,PayPal,COUPON--00,3.56,AUD
119481,2024-01-06T05:01:03,2024-01-06,532,5,Online,Afterpay,COUPONZAZZ,14.07,AUD
119601,2024-01-06T01:32:42,2024-01-06,488,1,Online,PayPal,COUPON099-,11.2,AUD
119699,2024-01-06T10:32:08,2024-01-06,493,2,Online,Afterpay,COUPONZ-9A,14.29,AUD
119770,2024-01-06T14:13:53,2024-01-06,204,39,Retail,Afterpay,COUPONZ-00,14.54,AUD
119914,2024-01-06T23:36:01,2024-01-06,541,33,Online,PayPal,COUPONZ0--,8.55,AUD
120027,2024-01-06T01:15:05,2024-01-06,438,21,Retail,PayPal,COUPONZZZ-,11.27,AUD
120037,2024-01-06T04:16:12,2024-01-06,284,38,Retail,Afterpay,COUPONAA-A,3.81,AUD
120113,2024-01-06T05:38:09,2024-01-06,512,13,Online,Credit Card,COUPON9-Z-,19.59,AUD
120162,2024-01-06T03:19:40,2024-01-06,245,27,Online,Afterpay,COUPONZZ-0,9.57,AUD
120187,2024-01-06T05:30:32,2024-01-06,450,25,Retail,PayPal,COUPON-9AA,7.87,AUD
120365,2024-01-06T09:09:59,2024-01-06,73,49,Online,Afterpay,COUPON-AAZ,0.61,AUD
120442,2024-01-06T12:58:43,2024-01-06,747,34,Retail,Afterpay,COUPONA99A,13.66,AUD
120456,2024-01-06T00:00:16,2024-01-06,779,29,Online,Afterpay,COUPON9-9Z,11.99,AUD
120658,2024-01-06T05:23:44,2024-01-06,94,26,Retail,PayPal,COUPON09-0,11.55,AUD
120705,2024-01-06T15:44:17,2024-01-06,799,4,Retail,Credit Card,COUPONZ99Z,18.27,AUD
120753,2024-01-06T15:39:50,2024-01-06,274,1,Retail,Credit Card,COUPONA99-,0.33,AUD
120836,2024-01-06T03:29:19,2024-01-06,340,6,Online,Afterpay,COUPON0-A9,7.46,AUD
120930,2024-01-06T20:39:38,2024-01-06,763,24,Retail,Credit Card,COUPON9-9A,5.31,AUD
120972,2024-01-06T02:06:39,2024-01-06,334,3,Online,PayPal,COUPON0A0-,16.99,AUD
121010,2024-01-06T07:48:59,2024-01-06,639,25,Retail,Credit Card,COUPON00--,14.05,AUD
121313,2024-01-06T08:54:46,2024-01-06,552,5,Retail,Credit Card,COUPON90Z-,12.38,AUD
121327,2024-01-06T07:17:37,2024-01-06,616,39,Online,Afterpay,COUPONA9-0,0.29,AUD
121625,2024-01-06T20:40:34,2024-01-06,65,8,Online,Afterpay,COUPON09Z0,9.72,AUD
121819,2024-01-06T18:34:47,2024-01-06,752,9,Online,PayPal,COUPON----,3.99,AUD
121845,2024-01-06T18:19:18,2024-01-06,328,5,Online,Credit Card,COUPONAZAZ,16.17,AUD
121882,2024-01-06T03:39:05,2024-01-06,236,10,Retail,PayPal,COUPONZAZ9,9.28,AUD
121919,2024-01-06T02:11:19,2024-01-06,395,15,Online,Afterpay,COUPONZ9Z0,11.73,AUD
122116,2024-01-06T18:49:05,2024-01-06,684,9,Online,Credit Card,COUPONZA9Z,5.97,AUD
122134,2024-01-06T17:48:28,2024-01-06,74,34,Retail,Credit Card,COUPON-9--,18.77,AUD
122328,2024-01-06T07:59:58,2024-01-06,59,11,Online,PayPal,COUPONA-Z-,9.83,AUD
122380,2024-01-06T07:05:51,2024-01-06,142,47,Retail,Credit Card,COUPON0-9-,0.64,AUD
122513,2024-01-06T06:56:17,2024-01-06,268,13,Online,PayPal,COUPONA--9,2.52,AUD
122593,2024-01-06T08:32:59,2024-01-06,623,44,Retail,PayPal,COUPONA-9Z,2.95,AUD
122925,2024-01-06T11:27:44,2024-01-06,306,12,Retail,Credit Card,COUPON-9Z0,3.46,AUD
122953,2024-01-06T00:36:30,2024-01-06,473,31,Online,Credit Card,COUPON-9AZ,17.6,AUD
122988,2024-01-06T12:04:07,2024-01-06,283,33,Online,PayPal,COUPON0-Z-,14.73,AUD
123248,2024-01-06T13:49:29,2024-01-06,407,33,Retail,Afterpay,COUPON9-09,0.83,AUD
123267,2024-01-06T09:29:29,2024-01-06,70,17,Retail,PayPal,COUPON0ZZZ,10.49,AUD
123311,2024-01-06T22:30:02,2024-01-06,5,16,Retail,PayPal,COUPON---Z,1.23,AUD
123439,2024-01-06T12:43:33,2024-01-06,304,26,Retail,Credit Card,COUPON0AA9,2.43,AUD
123474,2024-01-06T14:19:20,2024-01-06,470,27,Online,PayPal,COUPON-Z-0,11.46,AUD
123605,2024-01-06T08:47:01,2024-01-06,229,32,Online,PayPal,COUPON009-,8.9,AUD
123672,2024-01-06T07:09:22,2024-01-06,695,2,Online,PayPal,COUPON0Z90,6.15,AUD
124084,2024-01-06T08:16:09,2024-01-06,300,18,Retail,PayPal,COUPON--9A,19.39,AUD
124090,2024-01-06T02:34:22,2024-01-06,162,5,Online,Credit Card,COUPON---A,2.1,AUD
124179,2024-01-06T03:09:40,2024-01-06,141,17,Online,Credit Card,COUPONAA9-,2.93,AUD
124192,2024-01-06T05:59:28,2024-01-06,57,33,Online,Afterpay,COUPONAZ9A,3.96,AUD
124208,2024-01-06T14:18:23,2024-01-06,60,23,Online,PayPal,COUPONA---,19.15,AUD
124318,2024-01-06T06:49:00,2024-01-06,409,33,Online,Afterpay,COUPON9A-0,3.22,AUD
124335,2024-01-06T11:46:11,2024-01-06,50,25,Retail,Afterpay,COUPON-0--,6.59,AUD
124364,2024-01-06T12:18:56,2024-01-06,236,25,Online,Credit Card,COUPONAAZ-,7.75,AUD
124453,2024-01-06T08:54:50,2024-01-06,294,38,Online,Afterpay,COUPON-AA-,6.56,AUD
124494,2024-01-06T18:41:38,2024-01-06,312,15,Retail,PayPal,COUPON09--,1.74,AUD
124536,2024-01-06T00:17:56,2024-01-06,571,15,Retail,Afterpay,COUPON099Z,12.85,AUD
124548,2024-01-06T22:56:44,2024-01-06,678,7,Online,Credit Card,COUPONZA90,16.37,AUD
124731,2024-01-06T09:41:44,2024-01-06,776,2,Retail,PayPal,COUPON-0A9,12.44,AUD
124820,2024-01-06T16:35:28,2024-01-06,469,22,Retail,Credit Card,COUPONZ-A0,15.63,AUD
124876,2024-01-06T23:49:20,2024-01-06,364,5,Online,PayPal,COUPON-Z-0,11.74,AUD
124997,2024-01-06T09:19:32,2024-01-06,770,30,Online,Credit Card,COUPONZ99A,5.73,AUD
125055,2024-01-06T17:18:12,2024-01-06,563,24,Retail,Credit Card,COUPON-A--,12.39,AUD
125122,2024-01-06T18:55:40,2024-01-06,90,13,Retail,PayPal,COUPON-0-0,7.31,AUD
125157,2024-01-06T01:47:52,2024-01-06,520,10,Online,Credit Card,COUPONZA-Z,1.21,AUD
125245,2024-01-06T03:17:51,2024-01-06,278,7,Online,Credit Card,COUPON-0-0,4.58,AUD
125270,2024-01-06T16:46:23,2024-01-06,635,6,Online,Credit Card,COUPON-ZZ-,1.96,AUD
125292,2024-01-06T07:59:36,2024-01-06,661,7,Online,PayPal,COUPONZZ--,0.59,AUD
125304,2024-01-06T20:52:57,2024-01-06,622,48,Retail,Credit Card,COUPONA-Z9,11.55,AUD
125343,2024-01-06T07:48:15,2024-01-06,185,22,Retail,Credit Card,COUPON9099,19.17,AUD
125381,2024-01-06T13:34:09,2024-01-06,56,28,Online,PayPal,COUPON9-Z-,5.55,AUD
125384,2024-01-06T13:03:38,2024-01-06,157,1,Online,Afterpay,COUPON0--0,14.83,AUD
125600,2024-01-06T09:45:57,2024-01-06,634,12,Online,Credit Card,COUPONAZ90,10.31,AUD
125641,2024-01-06T04:51:52,2024-01-06,461,12,Retail,PayPal,COUPON-000,2.08,AUD
125894,2024-01-06T04:03:54,2024-01-06,176,42,Retail,Afterpay,COUPON--AA,6.66,AUD
125944,2024-01-06T02:51:36,2024-01-06,266,18,Online,Afterpay,COUPON-9-A,6.14,AUD
126100,2024-01-06T00:05:55,2024-01-06,580,15,Retail,Credit Card,COUPON009-,19.96,AUD
126139,2024-01-06T11:10:14,2024-01-06,293,3,Retail,Afterpay,COUPON009-,4.17,AUD
126369,2024-01-06T06:17:28,2024-01-06,630,23,Retail,Afterpay,COUPON--0-,13.37,AUD
126466,2024-01-06T22:41:23,2024-01-06,447,23,Online,PayPal,COUPON-0Z-,5.66,AUD
126489,2024-01-06T05:37:35,2024-01-06,484,23,Online,PayPal,COUPON-0Z-,2.09,AUD
126491,2024-01-06T02:05:30,2024-01-06,1,5,Online,PayPal,COUPON-AZ-,13.09,AUD
126578,2024-01-06T06:43:59,2024-01-06,164,14,Online,PayPal,COUPON9ZA-,14.03,AUD
126779,2024-01-06T07:06:16,2024-01-06,361,12,Retail,Credit Card,COUPON90Z0,3.65,AUD
126781,2024-01-06T10:13:28,2024-01-06,257,11,Retail,Credit Card,COUPON-0--,16.11,AUD
126937,2024-01-06T01:55:56,2024-01-06,414,32,Online,Afterpay,COUPONZ0ZA,14.27,AUD
126990,2024-01-06T20:38:29,2024-01-06,326,32,Online,Afterpay,COUPON-A-9,9.14,AUD
127036,2024-01-06T02:05:41,2024-01-06,87,20,Online,Credit Card,COUPONZA0A,15.95,AUD
127067,2024-01-06T07:50:13,2024-01-06,474,11,Retail,PayPal,COUPONA0-Z,19.64,AUD
127113,2024-01-06T22:01:43,2024-01-06,201,18,Retail,PayPal,COUPON0900,10.68,AUD
127248,2024-01-06T17:30:08,2024-01-06,736,24,Retail,Credit Card,COUPON-Z-9,8.7,AUD
127254,2024-01-06T01:41:37,2024-01-06,532,35,Online,PayPal,COUPONA-ZZ,14.18,AUD
127408,2024-01-06T10:25:51,2024-01-06,200,31,Online,Afterpay,COUPON9A9Z,6.84,AUD
127411,2024-01-06T12:13:49,2024-01-06,231,29,Online,PayPal,COUPON0--Z,0.53,AUD
127495,2024-01-06T16:56:30,2024-01-06,714,31,Online,PayPal,COUPONA--Z,3.03,AUD
127561,2024-01-06T01:51:25,2024-01-06,4,35,Online,PayPal,COUPON90A0,5.07,AUD
127566,2024-01-06T13:00:19,2024-01-06,117,37,Online,PayPal,COUPON0ZZ0,5.49,AUD
127582,2024-01-06T04:03:24,2024-01-06,107,7,Retail,Credit Card,COUPONZ0ZZ,17.59,AUD
127650,2024-01-06T20:02:28,2024-01-06,343,34,Retail,Credit Card,COUPON0099,15.01,AUD
127670,2024-01-06T19:04:49,2024-01-06,764,23,Retail,Credit Card,COUPON0ZZ-,5.25,AUD
127672,2024-01-06T13:50:13,2024-01-06,792,33,Retail,PayPal,COUPON009A,2.83,AUD
127839,2024-01-06T23:27:03,2024-01-06,284,29,Online,Afterpay,COUPON--0-,13.5,AUD
127907,2024-01-06T04:01:59,2024-01-06,567,20,Online,Credit Card,COUPON900-,4.13,AUD
127911,2024-01-06T19:41:25,2024-01-06,515,28,Online,PayPal,COUPON0--Z,7.04,AUD
127923,2024-01-06T09:50:57,2024-01-06,535,27,Retail,Afterpay,COUPON9-AZ,12.36,AUD
128004,2024-01-06T11:40:10,2024-01-06,102,35,Retail,Credit Card,COUPONZ--9,16.17,AUD
128123,2024-01-06T09:52:37,2024-01-06,398,30,Retail,Credit Card,COUPON-999,7.8,AUD
128135,2024-01-06T06:44:47,2024-01-06,47,21,Retail,Afterpay,COUPONZA-0,16.23,AUD
128322,2024-01-06T12:55:59,2024-01-06,426,18,Online,Credit Card,COUPON090Z,14.46,AUD
128481,2024-01-06T15:23:53,2024-01-06,357,45,Online,Credit Card,COUPON09ZZ,5.41,AUD
128486,2024-01-06T18:27:55,2024-01-06,515,46,Online,Credit Card,COUPON--Z9,16.22,AUD
128492,2024-01-06T20:20:16,2024-01-06,182,5,Online,Credit Card,COUPONA090,0.92,AUD
128716,2024-01-06T13:49:05,2024-01-06,230,40,Online,Afterpay,COUPON009A,12.95,AUD
128758,2024-01-06T16:11:24,2024-01-06,457,48,Online,PayPal,COUPON000-,10.94,AUD
128799,2024-01-06T06:02:34,2024-01-06,797,6,Retail,Credit Card,COUPONZ0A9,14.2,AUD
128830,2024-01-06T02:56:00,2024-01-06,411,42,Retail,PayPal,COUPONAZ-Z,10.39,AUD
128853,2024-01-06T08:50:36,2024-01-06,484,17,Online,Credit Card,COUPONA9-9,0.9,AUD
129020,2024-01-06T07:32:57,2024-01-06,97,4,Retail,PayPal,COUPON--9-,8.68,AUD
129229,2024-01-06T22:59:39,2024-01-06,635,9,Retail,Credit Card,COUPON090-,15.71,AUD
129285,2024-01-06T04:39:14,2024-01-06,118,14,Online,Afterpay,COUPON9-AZ,6.11,AUD
129360,2024-01-06T06:24:14,2024-01-06,420,8,Retail,PayPal,COUPON9Z-Z,18.81,AUD
129431,2024-01-06T03:10:58,2024-01-06,301,19,Retail,Afterpay,COUPONZ00-,1.15,AUD
129451,2024-01-06T23:17:22,2024-01-06,782,11,Retail,PayPal,COUPON0--Z,15.16,AUD
129460,2024-01-06T18:39:57,2024-01-06,272,28,Online,PayPal,COUPONA9-Z,14.6,AUD
129518,2024-01-06T15:18:16,2024-01-06,582,28,Retail,PayPal,COUPON0-ZA,12.03,AUD
129597,2024-01-06T19:12:22,2024-01-06,198,36,Online,Credit Card,COUPON-A--,16.59,AUD
129906,2024-01-06T03:38:39,2024-01-06,751,21,Online,PayPal,COUPON-A--,16.46,AUD
129953,2024-01-06T21:07:51,2024-01-06,71,22,Retail,Afterpay,COUPON----,1.83,AUD
129957,2024-01-06T00:03:56,2024-01-06,302,38,Online,Credit Card,COUPON---0,2.05,AUD
130035,2024-01-06T01:40:45,2024-01-06,750,40,Online,Credit Card,COUPONAAA0,13.01,AUD
130043,2024-01-06T20:37:41,2024-01-06,104,13,Retail,PayPal,COUPON--9-,9.63,AUD
130054,2024-01-06T04:48:26,2024-01-06,593,20,Online,PayPal,COUPONZ99-,14.37,AUD
130072,2024-01-06T10:04:51,2024-01-06,651,6,Online,Credit Card,COUPON09Z-,4.56,AUD
130087,2024-01-06T23:52:42,2024-01-06,365,42,Retail,Credit Card,COUPON9A-Z,14.27,AUD
130090,2024-01-06T09:48:18,2024-01-06,726,38,Online,PayPal,COUPON0-00,16.75,AUD
130296,2024-01-06T18:19:54,2024-01-06,12,5,Online,PayPal,COUPON-0--,10.76,AUD
130314,2024-01-06T09:23:24,2024-01-06,796,43,Retail,Credit Card,COUPON0-ZZ,19.91,AUD
130561,2024-01-06T23:30:31,2024-01-06,551,4,Retail,PayPal,COUPON09-0,1.59,AUD
130654,2024-01-06T16:42:30,2024-01-06,459,29,Online,PayPal,COUPON-9-0,0.65,AUD
130680,2024-01-06T05:58:55,2024-01-06,24,3,Online,Afterpay,COUPON9---,9.75,AUD
130686,2024-01-06T19:12:27,2024-01-06,122,33,Retail,Afterpay,COUPONAZAA,0.45,AUD
130810,2024-01-06T06:16:48,2024-01-06,98,20,Online,PayPal,COUPON0-A0,18.63,AUD
130883,2024-01-06T15:23:21,2024-01-06,57,8,Retail,Afterpay,COUPON--9-,16.22,AUD
130945,2024-01-06T05:09:27,2024-01-06,112,47,Retail,Credit Card,COUPON99-0,16.31,AUD
130974,2024-01-06T03:47:52,2024-01-06,601,6,Retail,PayPal,COUPON--9-,9.05,AUD
131058,2024-01-06T03:05:00,2024-01-06,240,15,Retail,PayPal,COUPONA--0,17.46,AUD
131206,2024-01-06T03:18:45,2024-01-06,223,13,Online,Credit Card,COUPONZZ-Z,19.37,AUD
131382,2024-01-06T08:39:43,2024-01-06,30,28,Online,Credit Card,COUPON-9AZ,19.39,AUD
131499,2024-01-06T01:10:36,2024-01-06,72,18,Retail,PayPal,COUPONZA9A,3.34,AUD
131539,2024-01-06T15:24:36,2024-01-06,546,9,Retail,Credit Card,COUPON00A-,16.4,AUD
131825,2024-01-06T10:12:10,2024-01-06,331,28,Online,Credit Card,COUPONA0A9,15.19,AUD
131920,2024-01-06T15:14:00,2024-01-06,637,5,Retail,Afterpay,COUPONZ-A-,16.56,AUD
132141,2024-01-06T07:23:18,2024-01-06,39,25,Online,Credit Card,COUPON-99-,13.59,AUD
132221,2024-01-06T05:12:08,2024-01-06,89,6,Retail,Credit Card,COUPONZ-0Z,13.79,AUD
132352,2024-01-06T03:58:40,2024-01-06,496,35,Online,PayPal,COUPON-0AZ,19.99,AUD
132510,2024-01-06T22:57:27,2024-01-06,561,28,Retail,PayPal,COUPON--ZZ,2.28,AUD
132591,2024-01-06T21:02:47,2024-01-06,532,10,Retail,Afterpay,COUPON9---,18.91,AUD
133083,2024-01-06T15:29:35,2024-01-06,748,28,Retail,Credit Card,COUPON-09-,19.19,AUD
133118,2024-01-06T16:35:35,2024-01-06,238,36,Retail,Credit Card,COUPON9A0-,14.75,AUD
133130,2024-01-06T01:31:20,2024-01-06,500,12,Online,Credit Card,COUPONA-A9,5.08,AUD
133282,2024-01-06T18:06:42,2024-01-06,554,36,Retail,PayPal,COUPON----,2.0,AUD
133567,2024-01-06T13:05:32,2024-01-06,278,15,Retail,Afterpay,COUPONZZZ-,5.89,AUD
133909,2024-01-06T17:22:18,2024-01-06,262,34,Retail,Afterpay,COUPON9Z-0,11.11,AUD
133993,2024-01-06T20:17:33,2024-01-06,67,18,Retail,PayPal,COUPON--0-,13.59,AUD
134046,2024-01-06T13:28:06,2024-01-06,727,41,Online,Afterpay,COUPON9--0,6.97,AUD
134094,2024-01-06T21:54:27,2024-01-06,593,48,Retail,Afterpay,COUPONAA-A,10.44,AUD
134114,2024-01-06T13:04:53,2024-01-06,338,19,Retail,Credit Card,COUPON-AZZ,14.43,AUD
134406,2024-01-06T02:06:07,2024-01-06,28,36,Retail,Credit Card,COUPON-Z0Z,17.49,AUD
134556,2024-01-06T09:24:13,2024-01-06,387,31,Retail,Afterpay,COUPONZ9-Z,11.56,AUD
134791,2024-01-06T14:22:47,2024-01-06,375,42,Retail,Afterpay,COUPONZA09,10.43,AUD
134815,2024-01-06T22:30:29,2024-01-06,277,36,Retail,Credit Card,COUPON--99,19.08,AUD
135140,2024-01-06T11:53:50,2024-01-06,329,13,Online,Credit Card,COUPON0ZA9,17.72,AUD
135162,2024-01-06T03:41:47,2024-01-06,168,28,Online,Afterpay,COUPON9--A,12.65,AUD
135193,2024-01-06T19:13:32,2024-01-06,594,41,Online,Afterpay,COUPONZ-0-,6.14,AUD
135299,2024-01-06T03:18:18,2024-01-06,788,41,Retail,PayPal,COUPONA-ZA,11.48,AUD
135681,2024-01-06T05:01:23,2024-01-06,673,4,Retail,Credit Card,COUPON---Z,17.47,AUD
135727,2024-01-06T01:37:59,2024-01-06,63,24,Online,PayPal,COUPON---Z,7.78,AUD
135740,2024-01-06T09:22:34,2024-01-06,265,4,Online,PayPal,COUPONZZA-,17.67,AUD
135817,2024-01-06T17:29:08,2024-01-06,320,47,Online,Afterpay,COUPON--0-,18.02,AUD
135836,2024-01-06T05:32:33,2024-01-06,390,41,Online,PayPal,COUPON00Z-,16.8,AUD
135981,2024-01-06T17:09:06,2024-01-06,396,37,Retail,PayPal,COUPON--A-,16.54,AUD
136118,2024-01-06T05:35:05,2024-01-06,648,19,Retail,PayPal,COUPON99-Z,8.55,AUD
136224,2024-01-06T22:31:22,2024-01-06,353,30,Retail,Credit Card,COUPONZA-9,6.68,AUD
136373,2024-01-06T09:27:11,2024-01-06,653,6,Online,PayPal,COUPON--Z9,9.76,AUD
136414,2024-01-06T18:39:11,2024-01-06,328,20,Online,PayPal,COUPONAA0Z,5.84,AUD
136466,2024-01-06T16:21:33,2024-01-06,37,18,Online,Credit Card,COUPON9-09,13.49,AUD
136637,2024-01-06T13:32:04,2024-01-06,27,25,Online,Credit Card,COUPON99A-,3.42,AUD
136717,2024-01-06T03:47:08,2024-01-06,419,28,Online,PayPal,COUPON--90,17.15,AUD
136846,2024-01-06T18:01:42,2024-01-06,140,20,Online,Credit Card,COUPON00--,14.06,AUD
136867,2024-01-06T01:13:19,2024-01-06,76,26,Online,Afterpay,COUPON-A-Z,12.36,AUD
136869,2024-01-06T15:10:31,2024-01-06,22,39,Retail,PayPal,COUPONZ9-A,7.74,AUD
136942,2024-01-06T18:00:54,2024-01-06,23,2,Retail,Afterpay,COUPON90A0,15.35,AUD
136970,2024-01-06T09:21:16,2024-01-06,706,26,Retail,Afterpay,COUPON-Z-0,17.85,AUD
137098,2024-01-06T20:05:15,2024-01-06,644,9,Retail,Afterpay,COUPON9-A-,15.62,AUD
137181,2024-01-06T07:47:46,2024-01-06,160,18,Retail,PayPal,COUPONA9A-,18.78,AUD
137188,2024-01-06T23:51:39,2024-01-06,67,31,Online,Credit Card,COUPON-ZZZ,10.58,AUD
137210,2024-01-06T07:43:55,2024-01-06,200,34,Retail,Afterpay,COUPON-ZAZ,3.49,AUD
137294,2024-01-06T04:03:14,2024-01-06,316,31,Retail,Credit Card,COUPONAA--,1.31,AUD
137348,2024-01-06T08:01:22,2024-01-06,164,39,Retail,Credit Card,COUPON0AZ9,4.93,AUD
137562,2024-01-06T17:51:32,2024-01-06,134,12,Online,PayPal,COUPON-9-A,7.37,AUD
137689,2024-01-06T17:14:13,2024-01-06,315,44,Online,Afterpay,COUPONAZZ0,18.93,AUD
137696,2024-01-06T21:36:39,2024-01-06,748,12,Retail,PayPal,COUPON9---,4.93,AUD
137741,2024-01-06T07:13:15,2024-01-06,72,12,Retail,Credit Card,COUPON9AA-,0.82,AUD
137841,2024-01-06T19:58:09,2024-01-06,793,37,Online,PayPal,COUPON-9A9,14.05,AUD
137850,2024-01-06T17:39:46,2024-01-06,163,36,Online,Credit Card,COUPONA00Z,5.57,AUD
137898,2024-01-06T14:22:25,2024-01-06,582,3,Retail,Credit Card,COUPON0A-Z,0.59,AUD
137965,2024-01-06T12:39:37,2024-01-06,496,27,Retail,PayPal,COUPON--Z-,13.62,AUD
138193,2024-01-06T23:00:19,2024-01-06,129,22,Online,PayPal,COUPON0-AZ,12.14,AUD
138211,2024-01-06T11:42:41,2024-01-06,392,28,Retail,PayPal,COUPON---Z,12.27,AUD
138216,2024-01-06T11:02:11,2024-01-06,693,41,Online,Afterpay,COUPON-AA9,10.06,AUD
138341,2024-01-06T07:30:35,2024-01-06,67,31,Retail,Credit Card,COUPON-900,17.5,AUD
138369,2024-01-06T17:57:02,2024-01-06,592,16,Retail,Afterpay,COUPON09ZZ,7.61,AUD
138542,2024-01-06T05:23:10,2024-01-06,385,26,Online,Afterpay,COUPONZ0A-,14.09,AUD
138611,2024-01-06T15:54:54,2024-01-06,737,34,Retail,Credit Card,COUPONA0-9,1.37,AUD
139217,2024-01-06T18:36:30,2024-01-06,398,21,Retail,Afterpay,COUPON99-9,5.38,AUD
139219,2024-01-06T07:48:04,2024-01-06,162,26,Online,Afterpay,COUPON-0--,9.0,AUD
139290,2024-01-06T22:39:13,2024-01-06,646,36,Retail,Credit Card,COUPONZZZ0,18.22,AUD
139441,2024-01-06T12:53:01,2024-01-06,626,45,Retail,Credit Card,COUPONZZZ-,18.49,AUD
139468,2024-01-06T04:47:48,2024-01-06,305,2,Online,PayPal,COUPON-Z--,9.73,AUD
139540,2024-01-06T04:16:46,2024-01-06,675,10,Online,Credit Card,COUPON0---,16.96,AUD
139981,2024-01-06T19:30:57,2024-01-06,383,40,Online,Afterpay,COUPONZZ-Z,12.92,AUD
140278,2024-01-06T19:54:26,2024-01-06,338,26,Online,Afterpay,COUPON900-,15.23,AUD
140361,2024-01-06T05:45:36,2024-01-06,80,38,Retail,Afterpay,COUPONAZ0-,5.32,AUD
140362,2024-01-06T16:26:17,2024-01-06,393,39,Retail,Afterpay,COUPON-Z9-,6.96,AUD
140445,2024-01-06T00:54:44,2024-01-06,693,28,Retail,Afterpay,COUPON0-0Z,9.18,AUD
140457,2024-01-06T08:06:27,2024-01-06,262,47,Online,Afterpay,COUPON9-09,7.3,AUD
140476,2024-01-06T18:21:04,2024-01-06,270,22,Online,PayPal,COUPON0Z--,7.99,AUD
140507,2024-01-06T06:06:37,2024-01-06,421,39,Online,Afterpay,COUPON9--9,19.21,AUD
140518,2024-01-06T10:28:20,2024-01-06,414,45,Retail,PayPal,COUPON9-AZ,4.18,AUD
140534,2024-01-06T14:39:34,2024-01-06,332,43,Retail,Credit Card,COUPON-9A-,2.91,AUD
140614,2024-01-06T06:09:45,2024-01-06,502,2,Online,Afterpay,COUPON0AZ0,2.43,AUD
140845,2024-01-06T05:33:24,2024-01-06,230,48,Retail,Credit Card,COUPON9990,8.14,AUD
141134,2024-01-06T06:38:18,2024-01-06,205,9,Retail,Credit Card,COUPON----,13.88,AUD
141270,2024-01-06T22:34:08,2024-01-06,233,15,Online,Credit Card,COUPONA0-9,17.24,AUD
141338,2024-01-06T14:15:50,2024-01-06,626,18,Online,Afterpay,COUPON0-AZ,19.3,AUD
141342,2024-01-06T20:58:50,2024-01-06,112,46,Online,PayPal,COUPON---9,8.0,AUD
141513,2024-01-06T23:32:19,2024-01-06,296,18,Online,Credit Card,COUPON009-,12.25,AUD
141546,2024-01-06T08:09:36,2024-01-06,13,40,Online,Credit Card,COUPON0A-9,17.06,AUD
141761,2024-01-06T02:02:42,2024-01-06,331,14,Online,Credit Card,COUPON--09,5.49,AUD
141794,2024-01-06T06:18:06,2024-01-06,612,44,Retail,PayPal,COUPON-9A-,10.35,AUD
141795,2024-01-06T23:17:47,2024-01-06,125,37,Retail,PayPal,COUPONZA09,0.62,AUD
141853,2024-01-06T21:31:37,2024-01-06,689,8,Online,Credit Card,COUPONZAZ-,18.62,AUD
142121,2024-01-06T00:02:05,2024-01-06,290,36,Online,Afterpay,COUPONA9-9,1.98,AUD
142250,2024-01-06T21:52:35,2024-01-06,139,36,Retail,PayPal,COUPONZA--,4.4,AUD
142388,2024-01-06T06:22:42,2024-01-06,393,40,Retail,Afterpay,COUPON9A9-,9.47,AUD
142406,2024-01-06T05:36:49,2024-01-06,775,11,Retail,PayPal,COUPONA--Z,4.85,AUD
142487,2024-01-06T18:05:40,2024-01-06,139,15,Retail,PayPal,COUPONA-9A,12.42,AUD
142502,2024-01-06T12:04:39,2024-01-06,179,40,Retail,PayPal,COUPON09ZZ,6.76,AUD
142556,2024-01-06T20:36:51,2024-01-06,651,49,Online,PayPal,COUPON0-ZA,1.22,AUD
142712,2024-01-06T13:37:56,2024-01-06,651,14,Online,PayPal,COUPON---0,11.75,AUD
142728,2024-01-06T17:17:48,2024-01-06,177,28,Online,Afterpay,COUPON0--A,17.2,AUD
142757,2024-01-06T15:19:54,2024-01-06,104,23,Online,PayPal,COUPON---9,8.01,AUD
142774,2024-01-06T11:08:56,2024-01-06,498,28,Online,Afterpay,COUPON--0-,15.34,AUD
142827,2024-01-06T22:47:37,2024-01-06,643,8,Retail,PayPal,COUPON0A--,13.26,AUD
142838,2024-01-06T18:42:03,2024-01-06,316,37,Online,Credit Card,COUPONA99-,5.46,AUD
142888,2024-01-06T01:19:58,2024-01-06,410,12,Retail,PayPal,COUPONZA9Z,12.89,AUD
143211,2024-01-06T14:09:37,2024-01-06,93,11,Online,Credit Card,COUPON0--Z,11.06,AUD
143354,2024-01-06T21:31:04,2024-01-06,627,33,Retail,Credit Card,COUPON--9Z,16.54,AUD
143573,2024-01-06T00:18:21,2024-01-06,218,8,Online,PayPal,COUPONAZ0Z,8.9,AUD
143711,2024-01-06T00:22:45,2024-01-06,345,22,Online,Afterpay,COUPON0-A-,0.55,AUD
143850,2024-01-06T09:53:55,2024-01-06,198,43,Retail,Afterpay,COUPONZ-0-,2.91,AUD
143876,2024-01-06T10:23:57,2024-01-06,13,24,Retail,Afterpay,COUPON-A09,2.32,AUD
143926,2024-01-06T15:54:07,2024-01-06,183,41,Online,PayPal,COUPON0AZ9,6.98,AUD
144026,2024-01-06T18:57:29,2024-01-06,729,43,Online,Credit Card,COUPON0ZAZ,1.65,AUD
144029,2024-01-06T06:10:26,2024-01-06,143,11,Retail,Credit Card,COUPON99A0,8.49,AUD
144102,2024-01-06T18:04:08,2024-01-06,700,45,Retail,Credit Card,COUPON0A9-,11.05,AUD
144112,2024-01-06T19:46:03,2024-01-06,250,44,Online,Credit Card,COUPON0-A-,6.66,AUD
144263,2024-01-06T16:25:15,2024-01-06,439,48,Online,PayPal,COUPON90A9,14.31,AUD
144280,2024-01-06T16:04:10,2024-01-06,411,34,Online,Credit Card,COUPONAAZZ,12.74,AUD
144332,2024-01-06T23:55:46,2024-01-06,274,49,Retail,PayPal,COUPONA9--,6.69,AUD
144387,2024-01-06T05:47:42,2024-01-06,10,1,Online,Afterpay,COUPONZ-A-,1.0,AUD
144438,2024-01-06T22:45:37,2024-01-06,731,33,Online,PayPal,COUPON00Z-,10.24,AUD
144469,2024-01-06T19:50:01,2024-01-06,779,25,Retail,Afterpay,COUPON-Z9A,10.81,AUD
144533,2024-01-06T07:55:25,2024-01-06,673,48,Retail,Afterpay,COUPONA-0-,11.06,AUD
144736,2024-01-06T05:34:05,2024-01-06,361,20,Online,PayPal,COUPON--ZZ,2.2,AUD
144793,2024-01-06T08:33:59,2024-01-06,265,25,Retail,PayPal,COUPON-99A,3.66,AUD
144815,2024-01-06T02:48:30,2024-01-06,99,34,Retail,PayPal,COUPON-0A9,15.16,AUD
144835,2024-01-06T07:53:04,2024-01-06,693,33,Retail,Credit Card,COUPON0AZZ,7.33,AUD
144837,2024-01-06T14:17:07,2024-01-06,516,35,Retail,Afterpay,COUPONAZ0A,10.11,AUD
144959,2024-01-06T10:31:35,2024-01-06,757,48,Online,PayPal,COUPON-9--,9.38,AUD
144974,2024-01-06T13:18:14,2024-01-06,143,44,Online,Credit Card,COUPON009Z,6.65,AUD
145010,2024-01-06T14:57:38,2024-01-06,525,31,Online,PayPal,COUPON---9,18.82,AUD
145378,2024-01-06T07:53:38,2024-01-06,320,11,Retail,Afterpay,COUPON0-9-,8.87,AUD
145426,2024-01-06T13:13:14,2024-01-06,79,42,Online,Afterpay,COUPONZ-09,13.85,AUD
145471,2024-01-06T22:01:08,2024-01-06,397,47,Online,PayPal,COUPON0Z9-,1.5,AUD
145780,2024-01-06T23:50:40,2024-01-06,711,21,Retail,Credit Card,COUPONA9--,12.82,AUD
145810,2024-01-06T13:32:18,2024-01-06,254,36,Retail,PayPal,COUPON--ZA,13.22,AUD
145960,2024-01-06T00:28:33,2024-01-06,628,35,Retail,Afterpay,COUPON0909,18.82,AUD
146020,2024-01-06T11:29:37,2024-01-06,674,4,Online,Afterpay,COUPON0-0Z,15.25,AUD
146116,2024-01-06T19:00:19,2024-01-06,306,19,Retail,Credit Card,COUPONZ--Z,2.16,AUD
146170,2024-01-06T13:45:33,2024-01-06,629,22,Retail,Credit Card,COUPON--AZ,5.55,AUD
146244,2024-01-06T01:46:20,2024-01-06,81,37,Retail,Afterpay,COUPON-090,3.6,AUD
146357,2024-01-06T08:19:25,2024-01-06,527,9,Retail,Afterpay,COUPONZZ0Z,8.28,AUD
146400,2024-01-06T06:14:15,2024-01-06,753,39,Retail,PayPal,COUPON00A9,15.03,AUD
146741,2024-01-06T22:36:28,2024-01-06,465,27,Retail,Afterpay,COUPON-90A,5.15,AUD
146959,2024-01-06T10:06:38,2024-01-06,554,24,Retail,PayPal,COUPONA09-,13.52,AUD
146967,2024-01-06T09:38:39,2024-01-06,584,28,Online,PayPal,COUPON0---,15.8,AUD
147230,2024-01-06T09:40:58,2024-01-06,121,40,Retail,PayPal,COUPON-0ZA,2.2,AUD
147319,2024-01-06T09:44:41,2024-01-06,39,17,Online,PayPal,COUPON-AA9,8.77,AUD
147709,2024-01-06T13:02:51,2024-01-06,793,31,Online,Credit Card,COUPONZ---,17.71,AUD
147843,2024-01-06T09:46:48,2024-01-06,764,25,Online,Credit Card,COUPONA-Z0,13.11,AUD
147927,2024-01-06T03:21:17,2024-01-06,38,24,Retail,Credit Card,COUPON9-9A,18.33,AUD
147932,2024-01-06T14:27:39,2024-01-06,519,45,Online,Credit Card,COUPON-9Z-,1.55,AUD
147989,2024-01-06T10:21:58,2024-01-06,250,6,Online,PayPal,COUPON9--9,6.04,AUD
148036,2024-01-06T15:18:11,2024-01-06,457,1,Online,PayPal,COUPONZ-0-,15.17,AUD
148041,2024-01-06T07:56:38,2024-01-06,648,13,Online,PayPal,COUPON0--Z,10.07,AUD
148067,2024-01-06T20:02:57,2024-01-06,424,40,Retail,Credit Card,COUPON-9-Z,1.94,AUD
148102,2024-01-06T07:32:44,2024-01-06,406,33,Retail,PayPal,COUPON---9,13.68,AUD
148213,2024-01-06T09:08:21,2024-01-06,405,43,Online,Credit Card,COUPON9A--,6.14,AUD
148251,2024-01-06T14:30:02,2024-01-06,681,23,Online,PayPal,COUPON-0--,4.86,AUD
148259,2024-01-06T08:54:57,2024-01-06,258,6,Online,PayPal,COUPONZAZZ,19.63,AUD
148331,2024-01-06T01:52:27,2024-01-06,235,11,Online,Credit Card,COUPON909-,5.61,AUD
148385,2024-01-06T03:30:45,2024-01-06,358,47,Online,Credit Card,COUPON9Z--,13.62,AUD
148464,2024-01-06T18:20:43,2024-01-06,595,7,Online,Credit Card,COUPON0-ZA,7.42,AUD
148480,2024-01-06T17:52:26,2024-01-06,597,11,Retail,PayPal,COUPON-0-9,3.96,AUD
148482,2024-01-06T12:01:48,2024-01-06,775,8,Online,Credit Card,COUPON-A--,18.86,AUD
148576,2024-01-06T20:22:19,2024-01-06,55,6,Online,Credit Card,COUPON-0-Z,14.22,AUD
148593,2024-01-06T14:06:36,2024-01-06,721,26,Online,Credit Card,COUPON0-ZZ,16.15,AUD
148640,2024-01-06T00:28:08,2024-01-06,298,26,Retail,Afterpay,COUPON-ZA-,6.75,AUD
148671,2024-01-06T08:09:35,2024-01-06,534,39,Online,Credit Card,COUPONZ---,18.52,AUD
148699,2024-01-06T00:43:35,2024-01-06,601,16,Retail,Afterpay,COUPON--Z0,5.08,AUD
148977,2024-01-06T08:25:42,2024-01-06,568,1,Online,Credit Card,COUPON-A99,14.78,AUD
149074,2024-01-06T12:37:03,2024-01-06,701,26,Retail,Afterpay,COUPON--A0,10.25,AUD
149169,2024-01-06T08:32:15,2024-01-06,525,35,Retail,Afterpay,COUPONZ990,6.63,AUD
149263,2024-01-06T07:16:45,2024-01-06,137,26,Online,Afterpay,COUPON-A-A,1.36,AUD
149422,2024-01-06T08:50:49,2024-01-06,401,23,Online,Afterpay,COUPON0ZAZ,2.11,AUD
149611,2024-01-06T15:08:53,2024-01-06,282,29,Retail,Afterpay,COUPONZ0-Z,19.31,AUD
149632,2024-01-06T09:40:19,2024-01-06,445,31,Online,PayPal,COUPON009-,18.25,AUD
149758,2024-01-06T04:45:54,2024-01-06,783,1,Retail,Afterpay,COUPON9-Z-,7.17,AUD
149918,2024-01-06T07:33:21,2024-01-06,459,19,Online,Credit Card,COUPON-A-Z,3.88,AUD
149976,2024-01-06T03:43:43,2024-01-06,664,32,Online,Credit Card,COUPON-A--,4.04,AUD
150008,2024-01-06T20:24:46,2024-01-06,763,1,Retail,PayPal,COUPON09--,7.14,AUD
150107,2024-01-06T21:56:36,2024-01-06,695,33,Online,Afterpay,COUPON9---,19.48,AUD
150121,2024-01-06T02:04:27,2024-01-06,150,44,Retail,Afterpay,COUPON00Z-,19.28,AUD
150685,2024-01-06T14:16:05,2024-01-06,494,6,Online,Credit Card,COUPON-A9-,2.52,AUD
150918,2024-01-06T09:44:50,2024-01-06,663,39,Online,PayPal,COUPON-9-Z,13.92,AUD
150945,2024-01-06T16:30:27,2024-01-06,194,18,Online,Credit Card,COUPON-Z--,11.76,AUD
151025,2024-01-06T10:59:06,2024-01-06,391,44,Retail,Afterpay,COUPONZ-A9,19.73,AUD
151083,2024-01-06T12:08:30,2024-01-06,280,31,Retail,PayPal,COUPON--9-,14.12,AUD
151307,2024-01-06T14:23:26,2024-01-06,408,46,Online,Credit Card,COUPON---9,3.33,AUD
151357,2024-01-06T23:13:03,2024-01-06,469,3,Online,PayPal,COUPON0ZA-,17.83,AUD
151394,2024-01-06T04:49:13,2024-01-06,728,5,Retail,PayPal,COUPONZZZ-,2.13,AUD
151487,2024-01-06T09:28:45,2024-01-06,754,43,Retail,PayPal,COUPONA-0A,6.31,AUD
151938,2024-01-06T01:30:57,2024-01-06,44,28,Online,Credit Card,COUPONA--Z,10.38,AUD
151942,2024-01-06T23:31:41,2024-01-06,260,26,Online,PayPal,COUPON--A0,12.51,AUD
152076,2024-01-06T06:17:05,2024-01-06,290,2,Retail,Afterpay,COUPON999A,5.29,AUD
152116,2024-01-06T08:37:03,2024-01-06,48,46,Retail,Afterpay,COUPON99-Z,0.8,AUD
152137,2024-01-06T18:28:16,2024-01-06,558,40,Retail,PayPal,COUPON9---,9.76,AUD
152163,2024-01-06T20:28:38,2024-01-06,275,33,Retail,Credit Card,COUPON9Z-Z,6.65,AUD
152221,2024-01-06T00:50:52,2024-01-06,346,2,Online,Afterpay,COUPON-090,15.52,AUD
152286,2024-01-06T19:19:14,2024-01-06,399,47,Retail,Credit Card,COUPON9AZZ,14.38,AUD
152366,2024-01-06T07:01:06,2024-01-06,446,2,Online,Afterpay,COUPON9900,5.7,AUD
152511,2024-01-06T01:04:48,2024-01-06,656,5,Retail,Credit Card,COUPONAZA9,1.83,AUD
152556,2024-01-06T10:24:34,2024-01-06,589,36,Retail,Credit Card,COUPON-A09,4.16,AUD
152724,2024-01-06T22:22:14,2024-01-06,694,20,Retail,Credit Card,COUPON900-,1.32,AUD
152738,2024-01-06T05:02:30,2024-01-06,63,33,Online,Afterpay,COUPON-A--,6.4,AUD
152873,2024-01-06T03:11:09,2024-01-06,486,42,Retail,Credit Card,COUPON-A-9,19.18,AUD
153065,2024-01-06T19:38:32,2024-01-06,131,35,Online,Credit Card,COUPON-A--,7.53,AUD
153216,2024-01-06T18:33:42,2024-01-06,165,6,Retail,PayPal,COUPON00Z9,13.01,AUD
153380,2024-01-06T22:28:10,2024-01-06,414,1,Online,Afterpay,COUPON0--Z,18.94,AUD
153639,2024-01-06T12:16:39,2024-01-06,332,6,Retail,Afterpay,COUPON---Z,9.97,AUD
153659,2024-01-06T15:39:51,2024-01-06,80,20,Retail,PayPal,COUPON-9-A,14.26,AUD
153785,2024-01-06T02:15:22,2024-01-06,58,33,Retail,Afterpay,COUPON9Z99,17.74,AUD
154038,2024-01-06T04:55:58,2024-01-06,35,31,Retail,Credit Card,COUPONA0Z9,0.15,AUD
154043,2024-01-06T03:52:15,2024-01-06,727,13,Online,PayPal,COUPON-A00,18.99,AUD
154240,2024-01-06T14:53:07,2024-01-06,432,25,Online,Credit Card,COUPONA9-Z,9.84,AUD
154299,2024-01-06T20:15:27,2024-01-06,604,41,Online,Afterpay,COUPON0ZZ0,13.53,AUD
154315,2024-01-06T08:05:03,2024-01-06,615,26,Online,Afterpay,COUPON--A-,16.63,AUD
154344,2024-01-06T07:44:54,2024-01-06,643,49,Online,PayPal,COUPONZ-ZZ,19.06,AUD
154436,2024-01-06T23:19:48,2024-01-06,198,8,Online,Credit Card,COUPON-9A-,18.83,AUD
154462,2024-01-06T06:29:07,2024-01-06,419,44,Online,PayPal,COUPON0-0-,10.8,AUD
154469,2024-01-06T16:25:51,2024-01-06,602,49,Online,PayPal,COUPON0-Z0,18.51,AUD
154534,2024-01-06T22:26:48,2024-01-06,60,20,Retail,Afterpay,COUPONZ-ZA,0.19,AUD
154675,2024-01-06T12:36:51,2024-01-06,321,40,Retail,Credit Card,COUPON-AZ-,12.63,AUD
154686,2024-01-06T22:44:45,2024-01-06,759,46,Online,Credit Card,COUPON00-A,8.52,AUD
154782,2024-01-06T14:57:32,2024-01-06,682,22,Online,Afterpay,COUPON9-Z-,19.55,AUD
154788,2024-01-06T14:29:27,2024-01-06,137,33,Online,PayPal,COUPON99Z-,18.7,AUD
154915,2024-01-06T21:29:24,2024-01-06,334,32,Retail,PayPal,COUPONAA0-,11.54,AUD
154961,2024-01-06T08:53:30,2024-01-06,115,9,Online,PayPal,COUPONZA-9,17.09,AUD
154969,2024-01-06T06:24:16,2024-01-06,366,2,Retail,PayPal,COUPONA00Z,11.49,AUD
154978,2024-01-06T09:31:52,2024-01-06,113,36,Online,Credit Card,COUPON-Z9A,19.6,AUD
155164,2024-01-06T14:46:51,2024-01-06,399,29,Online,Afterpay,COUPON0ZAZ,14.95,AUD
155496,2024-01-06T17:01:43,2024-01-06,330,26,Online,Afterpay,COUPON090-,7.67,AUD
155534,2024-01-06T14:56:19,2024-01-06,76,1,Retail,Afterpay,COUPONZ0ZZ,2.27,AUD
155648,2024-01-06T15:52:05,2024-01-06,346,30,Online,PayPal,COUPONA-ZA,16.11,AUD
155699,2024-01-06T02:26:41,2024-01-06,230,15,Online,PayPal,COUPONA-ZA,3.02,AUD
155905,2024-01-06T06:05:02,2024-01-06,223,41,Online,Credit Card,COUPON00-9,14.99,AUD
155909,2024-01-06T23:12:59,2024-01-06,542,41,Online,Afterpay,COUPONA0A0,18.06,AUD
155933,2024-01-06T15:39:22,2024-01-06,240,25,Online,Credit Card,COUPONA--Z,7.1,AUD
155991,2024-01-06T06:17:35,2024-01-06,376,47,Retail,Credit Card,COUPON-0-Z,15.07,AUD
156032,2024-01-06T04:46:46,2024-01-06,50,7,Retail,Credit Card,COUPONAZZ-,15.6,AUD
156102,2024-01-06T00:06:29,2024-01-06,685,38,Online,Credit Card,COUPON-Z-A,16.61,AUD
156224,2024-01-06T20:27:18,2024-01-06,196,14,Online,Afterpay,COUPONA0AA,0.04,AUD
156228,2024-01-06T23:15:38,2024-01-06,281,44,Online,Afterpay,COUPON0000,12.16,AUD
156298,2024-01-06T11:18:27,2024-01-06,366,16,Retail,Afterpay,COUPONA0Z-,0.52,AUD
156316,2024-01-06T21:58:20,2024-01-06,645,24,Online,Afterpay,COUPONZZ9Z,7.26,AUD
156326,2024-01-06T00:44:10,2024-01-06,89,29,Retail,Afterpay,COUPON009-,18.12,AUD
156445,2024-01-06T17:34:43,2024-01-06,641,49,Online,Credit Card,COUPON0-Z-,16.44,AUD
156485,2024-01-06T20:43:20,2024-01-06,441,6,Online,Credit Card,COUPON-0A9,12.36,AUD
156540,2024-01-06T13:02:01,2024-01-06,99,24,Online,Credit Card,COUPON0Z0Z,17.33,AUD
156583,2024-01-06T21:39:08,2024-01-06,600,11,Retail,Afterpay,COUPONZ0-Z,14.23,AUD
156715,2024-01-06T02:13:04,2024-01-06,630,43,Online,Credit Card,COUPONZA9A,17.25,AUD
156801,2024-01-06T18:04:55,2024-01-06,69,42,Retail,PayPal,COUPON0-0-,13.97,AUD
156903,2024-01-06T11:28:46,2024-01-06,520,15,Retail,PayPal,COUPON---A,12.62,AUD
156913,2024-01-06T09:38:20,2024-01-06,523,18,Retail,PayPal,COUPON000-,2.24,AUD
157331,2024-01-06T15:02:41,2024-01-06,521,15,Online,Credit Card,COUPON9-ZA,14.92,AUD
157434,2024-01-06T22:10:59,2024-01-06,567,40,Retail,PayPal,COUPON0-Z-,7.31,AUD
157761,2024-01-06T14:19:12,2024-01-06,419,45,Retail,PayPal,COUPON00A-,19.91,AUD
157884,2024-01-06T10:59:49,2024-01-06,430,13,Online,Afterpay,COUPON0-Z0,14.21,AUD
158019,2024-01-06T08:55:41,2024-01-06,592,30,Retail,Afterpay,COUPON-Z--,19.12,AUD
158074,2024-01-06T06:58:41,2024-01-06,424,27,Retail,PayPal,COUPON--9-,17.32,AUD
158246,2024-01-06T17:08:47,2024-01-06,2,25,Retail,Credit Card,COUPON0-0-,4.84,AUD
158316,2024-01-06T22:21:10,2024-01-06,169,34,Online,Afterpay,COUPON000-,5.45,AUD
158437,2024-01-06T11:43:42,2024-01-06,485,21,Retail,Afterpay,COUPONZ9--,1.17,AUD
158487,2024-01-06T12:49:46,2024-01-06,768,39,Online,Credit Card,COUPON-0Z-,14.56,AUD
158488,2024-01-06T13:42:58,2024-01-06,152,40,Retail,Credit Card,COUPONZ9AA,17.94,AUD
158512,2024-01-06T07:46:47,2024-01-06,489,38,Retail,Credit Card,COUPON-0AA,4.1,AUD
158587,2024-01-06T17:21:38,2024-01-06,98,16,Online,Credit Card,COUPON0Z--,1.85,AUD
158622,2024-01-06T20:51:02,2024-01-06,386,21,Retail,PayPal,COUPON---9,15.6,AUD
158640,2024-01-06T06:44:29,2024-01-06,57,18,Online,PayPal,COUPON---0,8.53,AUD
158749,2024-01-06T02:05:20,2024-01-06,750,23,Online,Credit Card,COUPON9-Z-,16.75,AUD
158760,2024-01-06T14:51:29,2024-01-06,334,41,Retail,PayPal,COUPONAZ--,13.28,AUD
158835,2024-01-06T00:20:54,2024-01-06,24,30,Online,Afterpay,COUPON-A90,8.26,AUD
159054,2024-01-06T05:48:53,2024-01-06,696,40,Online,Afterpay,COUPONZ9Z-,12.93,AUD
159319,2024-01-06T02:45:43,2024-01-06,527,18,Online,Afterpay,COUPON-Z-A,19.38,AUD
159372,2024-01-06T12:27:04,2024-01-06,176,22,Retail,Afterpay,COUPON0Z9A,16.13,AUD
159496,2024-01-06T04:50:46,2024-01-06,489,32,Retail,Afterpay,COUPON--0Z,15.02,AUD
159510,2024-01-06T13:20:02,2024-01-06,226,42,Online,PayPal,COUPON-0ZZ,2.84,AUD
159580,2024-01-06T17:58:31,2024-01-06,490,39,Retail,PayPal,COUPON0AA9,6.65,AUD
159586,2024-01-06T02:56:29,2024-01-06,178,15,Online,PayPal,COUPON0A-A,3.09,AUD
159589,2024-01-06T12:46:43,2024-01-06,190,20,Retail,Credit Card,COUPON0ZA-,7.07,AUD
159650,2024-01-06T13:04:32,2024-01-06,53,24,Retail,PayPal,COUPON9ZAA,7.16,AUD
159773,2024-01-06T07:59:01,2024-01-06,45,11,Online,PayPal,COUPONA9Z0,17.43,AUD
159872,2024-01-06T13:44:33,2024-01-06,596,10,Online,PayPal,COUPONAA0-,11.81,AUD
159924,2024-01-06T13:09:04,2024-01-06,320,36,Online,Credit Card,COUPON-09-,10.22,AUD
160110,2024-01-06T03:48:42,2024-01-06,132,7,Retail,PayPal,COUPONZ9A9,1.14,AUD
160161,2024-01-06T15:41:03,2024-01-06,288,19,Online,Afterpay,COUPONAA00,13.25,AUD
160230,2024-01-06T23:12:37,2024-01-06,79,15,Online,Afterpay,COUPON9Z--,11.55,AUD
160422,2024-01-06T09:40:20,2024-01-06,218,25,Retail,Credit Card,COUPONZ0--,11.16,AUD
160513,2024-01-06T08:55:45,2024-01-06,20,5,Online,Credit Card,COUPONZZ99,9.88,AUD
160526,2024-01-06T09:54:24,2024-01-06,511,3,Online,PayPal,COUPON--Z-,18.02,AUD
160758,2024-01-06T18:47:38,2024-01-06,486,8,Online,Afterpay,COUPONZ9Z9,9.39,AUD
161027,2024-01-06T07:15:09,2024-01-06,57,28,Online,PayPal,COUPONZ9Z-,7.5,AUD
161066,2024-01-06T04:36:03,2024-01-06,798,33,Online,PayPal,COUPONZZA-,0.07,AUD
161409,2024-01-06T14:27:31,2024-01-06,298,2,Online,PayPal,COUPON0-0A,13.24,AUD
161443,2024-01-06T21:09:20,2024-01-06,405,1,Retail,PayPal,COUPON99A-,12.1,AUD
161702,2024-01-06T07:04:28,2024-01-06,250,11,Retail,PayPal,COUPONZZ90,13.42,AUD
161743,2024-01-06T01:57:47,2024-01-06,671,18,Retail,Afterpay,COUPON9Z90,15.87,AUD
161766,2024-01-06T16:31:58,2024-01-06,372,7,Retail,Credit Card,COUPON0A--,9.31,AUD
161858,2024-01-06T20:22:58,2024-01-06,504,40,Online,Credit Card,COUPON-A-9,2.03,AUD
161883,2024-01-06T20:36:02,2024-01-06,275,4,Retail,Credit Card,COUPON--9A,13.46,AUD
162053,2024-01-06T01:50:31,2024-01-06,522,48,Online,Afterpay,COUPON9--9,9.71,AUD
162184,2024-01-06T19:34:40,2024-01-06,616,6,Online,Afterpay,COUPON00--,11.78,AUD
162355,2024-01-06T15:31:17,2024-01-06,499,3,Online,Afterpay,COUPONZ0-Z,18.29,AUD
162480,2024-01-06T09:03:22,2024-01-06,341,37,Online,Credit Card,COUPONA-9-,10.63,AUD
162487,2024-01-06T07:26:08,2024-01-06,591,3,Retail,PayPal,COUPONZZ-A,10.22,AUD
162594,2024-01-06T14:39:23,2024-01-06,116,24,Retail,Afterpay,COUPONA0A-,12.19,AUD
162780,2024-01-06T06:42:00,2024-01-06,486,16,Retail,PayPal,COUPON-9--,10.28,AUD
162854,2024-01-06T18:04:07,2024-01-06,208,6,Online,Afterpay,COUPON-9-0,4.03,AUD
162943,2024-01-06T20:35:29,2024-01-06,635,31,Online,PayPal,COUPONZ-90,17.26,AUD
163231,2024-01-06T19:03:24,2024-01-06,297,2,Online,PayPal,COUPON-900,7.9,AUD
163484,2024-01-06T22:58:49,2024-01-06,421,32,Retail,PayPal,COUPON-9ZZ,11.39,AUD
163582,2024-01-06T05:20:07,2024-01-06,689,49,Online,PayPal,COUPON-00-,14.66,AUD
163597,2024-01-06T03:03:07,2024-01-06,389,24,Retail,Afterpay,COUPON0-AZ,8.47,AUD
163688,2024-01-06T23:26:00,2024-01-06,182,10,Retail,Afterpay,COUPONZ--A,0.42,AUD
163858,2024-01-06T06:37:57,2024-01-06,656,26,Online,Afterpay,COUPON09-9,13.1,AUD
163883,2024-01-06T08:49:51,2024-01-06,646,19,Online,Credit Card,COUPON-A00,7.03,AUD
163897,2024-01-06T02:55:42,2024-01-06,675,2,Retail,PayPal,COUPON90A9,3.62,AUD
164018,2024-01-06T12:56:21,2024-01-06,131,23,Retail,Credit Card,COUPONZ0A-,0.92,AUD
164099,2024-01-06T06:09:27,2024-01-06,628,10,Retail,Credit Card,COUPON90ZA,11.01,AUD
164127,2024-01-06T10:29:46,2024-01-06,199,12,Retail,PayPal,COUPONAZ-9,0.91,AUD
164189,2024-01-06T03:38:44,2024-01-06,675,41,Retail,Credit Card,COUPONA9-Z,17.71,AUD
164258,2024-01-06T18:17:03,2024-01-06,203,9,Retail,Afterpay,COUPONA9Z-,14.04,AUD
164298,2024-01-06T17:37:21,2024-01-06,389,22,Online,Afterpay,COUPON-0-A,8.34,AUD
164365,2024-01-06T04:28:13,2024-01-06,732,21,Retail,Afterpay,COUPON----,11.47,AUD
164557,2024-01-06T15:19:00,2024-01-06,45,40,Online,PayPal,COUPONAZ-9,5.98,AUD
164708,2024-01-06T10:57:07,2024-01-06,487,33,Retail,Credit Card,COUPON9-A-,10.85,AUD
164811,2024-01-06T05:03:13,2024-01-06,652,47,Online,Afterpay,COUPON---A,7.97,AUD
164890,2024-01-06T07:58:21,2024-01-06,713,34,Online,Credit Card,COUPONAZ-Z,11.98,AUD
164943,2024-01-06T01:35:21,2024-01-06,94,46,Online,Credit Card,COUPON9-AZ,15.97,AUD
164997,2024-01-06T00:33:20,2024-01-06,597,2,Retail,Afterpay,COUPON--ZA,6.42,AUD
165043,2024-01-06T19:15:30,2024-01-06,699,2,Retail,Afterpay,COUPON-0AA,18.36,AUD
165068,2024-01-06T02:49:18,2024-01-06,266,10,Online,Credit Card,COUPON9Z-0,8.6,AUD
165471,2024-01-06T18:43:53,2024-01-06,523,17,Retail,Credit Card,COUPON90-Z,11.98,AUD
165547,2024-01-06T08:48:10,2024-01-06,460,22,Retail,Credit Card,COUPON0Z-Z,16.8,AUD
165584,2024-01-06T23:22:10,2024-01-06,323,5,Online,Afterpay,COUPON-Z0A,15.57,AUD
165681,2024-01-06T05:05:43,2024-01-06,165,15,Retail,Afterpay,COUPON0-00,13.67,AUD
165732,2024-01-06T11:49:38,2024-01-06,743,3,Online,Credit Card,COUPON9AA9,3.49,AUD
165986,2024-01-06T11:43:00,2024-01-06,28,23,Online,Credit Card,COUPONZZ-A,12.75,AUD
166118,2024-01-06T11:59:07,2024-01-06,752,21,Retail,PayPal,COUPONAZ--,17.44,AUD
166136,2024-01-06T22:43:43,2024-01-06,62,20,Online,PayPal,COUPONZ-0A,12.25,AUD
166303,2024-01-06T23:40:17,2024-01-06,504,6,Retail,PayPal,COUPON00-0,15.84,AUD
166322,2024-01-06T03:20:45,2024-01-06,234,28,Retail,Afterpay,COUPONA9-Z,10.65,AUD
166478,2024-01-06T23:40:04,2024-01-06,152,7,Online,Afterpay,COUPON9-9-,5.2,AUD
166507,2024-01-06T08:09:52,2024-01-06,24,6,Online,Afterpay,COUPONZ---,8.76,AUD
166577,2024-01-06T21:27:01,2024-01-06,354,34,Online,Credit Card,COUPON9AA-,8.81,AUD
166607,2024-01-06T16:07:32,2024-01-06,732,47,Retail,Credit Card,COUPON99AA,6.86,AUD
166633,2024-01-06T00:48:25,2024-01-06,553,45,Online,PayPal,COUPON--Z0,15.51,AUD
166693,2024-01-06T12:37:36,2024-01-06,125,10,Online,PayPal,COUPON9Z90,3.9,AUD
166778,2024-01-06T11:55:13,2024-01-06,580,26,Online,Credit Card,COUPON090A,7.77,AUD
166837,2024-01-06T06:57:14,2024-01-06,301,17,Online,PayPal,COUPON00-9,18.34,AUD
166844,2024-01-06T20:51:11,2024-01-06,374,36,Retail,PayPal,COUPON--0-,1.6,AUD
167023,2024-01-06T17:21:31,2024-01-06,57,34,Online,Credit Card,COUPON0---,16.4,AUD
167116,2024-01-06T12:54:52,2024-01-06,589,14,Online,Credit Card,COUPONZ-90,1.44,AUD
167281,2024-01-06T04:37:32,2024-01-06,149,13,Online,Credit Card,COUPON--A-,18.4,AUD
167289,2024-01-06T06:03:17,2024-01-06,581,28,Online,PayPal,COUPON0-ZZ,10.01,AUD
167296,2024-01-06T21:54:20,2024-01-06,263,47,Retail,Afterpay,COUPONZ-00,13.63,AUD
167412,2024-01-06T05:05:52,2024-01-06,657,20,Retail,Credit Card,COUPONZZZ-,12.83,AUD
167569,2024-01-06T01:24:17,2024-01-06,451,44,Retail,Credit Card,COUPON--Z-,12.04,AUD
167641,2024-01-06T02:31:42,2024-01-06,712,21,Online,Afterpay,COUPONZA--,15.55,AUD
167669,2024-01-06T16:07:59,2024-01-06,357,10,Retail,Afterpay,COUPONA9A-,11.8,AUD
167910,2024-01-06T18:08:43,2024-01-06,26,26,Retail,PayPal,COUPON09Z-,0.71,AUD
167976,2024-01-06T03:02:36,2024-01-06,144,17,Retail,PayPal,COUPON9-Z9,6.53,AUD
168062,2024-01-06T12:00:23,2024-01-06,622,43,Retail,Credit Card,COUPON00--,12.15,AUD
168240,2024-01-06T09:50:17,2024-01-06,589,38,Online,PayPal,COUPON--Z-,19.04,AUD
168290,2024-01-06T09:55:58,2024-01-06,513,8,Online,PayPal,COUPON9-09,1.6,AUD
168410,2024-01-06T22:59:25,2024-01-06,544,6,Online,Afterpay,COUPON-0Z-,6.59,AUD
168411,2024-01-06T15:35:32,2024-01-06,206,47,Online,Credit Card,COUPON--9A,6.31,AUD
168461,2024-01-06T02:15:32,2024-01-06,52,11,Retail,Afterpay,COUPON--9Z,6.28,AUD
168512,2024-01-06T01:36:39,2024-01-06,485,18,Retail,Afterpay,COUPONA9AZ,3.74,AUD
168565,2024-01-06T03:08:23,2024-01-06,134,7,Retail,PayPal,COUPON0---,5.81,AUD
168636,2024-01-06T14:11:36,2024-01-06,112,33,Retail,Credit Card,COUPONA---,6.88,AUD
168763,2024-01-06T13:24:53,2024-01-06,27,13,Retail,PayPal,COUPON9--9,15.3,AUD
168827,2024-01-06T05:26:37,2024-01-06,162,24,Online,PayPal,COUPON-9-A,3.63,AUD
168967,2024-01-06T13:30:11,2024-01-06,162,32,Online,PayPal,COUPON-AA9,2.5,AUD
168968,2024-01-06T04:14:43,2024-01-06,28,36,Retail,Credit Card,COUPON9000,12.54,AUD
168978,2024-01-06T12:04:27,2024-01-06,664,16,Online,Afterpay,COUPON0-9Z,7.18,AUD
169029,2024-01-06T13:39:41,2024-01-06,326,27,Online,PayPal,COUPON9A9Z,8.43,AUD
169081,2024-01-06T08:17:44,2024-01-06,344,6,Retail,Credit Card,COUPON-09Z,1.91,AUD
169227,2024-01-06T18:39:38,2024-01-06,274,20,Online,PayPal,COUPONA--9,4.8,AUD
169300,2024-01-06T11:57:55,2024-01-06,197,29,Online,Afterpay,COUPON-00A,12.3,AUD
169307,2024-01-06T03:11:14,2024-01-06,336,22,Retail,PayPal,COUPONZZ9-,6.96,AUD
169425,2024-01-06T19:49:20,2024-01-06,217,22,Online,PayPal,COUPONAZAZ,18.54,AUD
169466,2024-01-06T21:45:42,2024-01-06,129,11,Online,PayPal,COUPON9ZZ0,1.89,AUD
169555,2024-01-06T05:49:20,2024-01-06,492,27,Online,PayPal,COUPON-0-Z,0.85,AUD
169639,2024-01-06T14:38:48,2024-01-06,478,12,Retail,Credit Card,COUPON-AA-,1.24,AUD
169652,2024-01-06T22:43:46,2024-01-06,580,39,Retail,Afterpay,COUPON-AA0,14.27,AUD
169673,2024-01-06T01:59:44,2024-01-06,266,16,Retail,Afterpay,COUPON-900,8.17,AUD
169984,2024-01-06T14:23:32,2024-01-06,768,23,Online,Afterpay,COUPONAZ9-,16.38,AUD
170095,2024-01-06T06:19:49,2024-01-06,510,29,Retail,PayPal,COUPONZ0--,8.21,AUD
170167,2024-01-06T11:03:59,2024-01-06,583,42,Retail,Afterpay,COUPON-AZ-,16.51,AUD
170181,2024-01-06T17:09:11,2024-01-06,70,23,Online,Credit Card,COUPON9--A,3.42,AUD
170217,2024-01-06T02:39:22,2024-01-06,692,5,Online,Afterpay,COUPON-AZZ,3.07,AUD
170218,2024-01-06T16:53:29,2024-01-06,438,21,Retail,Afterpay,COUPON9Z-0,15.45,AUD
170244,2024-01-06T16:30:10,2024-01-06,49,9,Retail,PayPal,COUPON0--0,15.27,AUD
170300,2024-01-06T14:22:26,2024-01-06,277,7,Online,PayPal,COUPON-AZ-,3.23,AUD
170301,2024-01-06T23:09:53,2024-01-06,740,3,Online,Credit Card,COUPONZ-0Z,15.9,AUD
170534,2024-01-06T13:05:04,2024-01-06,28,36,Online,PayPal,COUPON---9,14.95,AUD
170614,2024-01-06T17:26:47,2024-01-06,517,39,Retail,Afterpay,COUPONAZAZ,11.96,AUD
170762,2024-01-06T19:50:06,2024-01-06,295,41,Online,PayPal,COUPON9--0,10.26,AUD
170815,2024-01-06T03:22:39,2024-01-06,195,28,Online,Credit Card,COUPONA0Z-,2.48,AUD
170921,2024-01-06T03:06:46,2024-01-06,584,2,Online,Afterpay,COUPON00A-,9.75,AUD
170967,2024-01-06T15:23:45,2024-01-06,89,40,Retail,Afterpay,COUPON0--9,17.06,AUD
171156,2024-01-06T18:39:35,2024-01-06,204,13,Retail,Afterpay,COUPONZ00A,7.93,AUD
171192,2024-01-06T11:55:45,2024-01-06,152,25,Retail,Credit Card,COUPONZZ9Z,5.11,AUD
171235,2024-01-06T19:58:41,2024-01-06,250,6,Online,Credit Card,COUPONZ-90,16.17,AUD
171248,2024-01-06T02:58:28,2024-01-06,671,17,Online,PayPal,COUPON-9Z-,5.32,AUD
171279,2024-01-06T06:32:45,2024-01-06,532,47,Retail,Afterpay,COUPON-900,0.17,AUD
171413,2024-01-06T01:13:14,2024-01-06,663,21,Retail,Credit Card,COUPON9A09,4.23,AUD
171523,2024-01-06T08:42:48,2024-01-06,334,18,Retail,Afterpay,COUPON90--,5.77,AUD
171554,2024-01-06T02:35:49,2024-01-06,681,31,Retail,PayPal,COUPON-A0A,4.92,AUD
171733,2024-01-06T11:18:31,2024-01-06,179,43,Retail,Afterpay,COUPON-90A,4.31,AUD
171760,2024-01-06T18:14:18,2024-01-06,438,27,Retail,PayPal,COUPON-9--,19.43,AUD
171823,2024-01-06T21:43:25,2024-01-06,145,6,Online,Afterpay,COUPON900A,18.53,AUD
171927,2024-01-06T12:00:03,2024-01-06,622,14,Online,Afterpay,COUPONA909,16.18,AUD
172199,2024-01-06T00:52:09,2024-01-06,183,7,Online,Credit Card,COUPON-A9Z,10.82,AUD
172239,2024-01-06T21:37:57,2024-01-06,250,28,Online,PayPal,COUPON0Z99,5.67,AUD
172267,2024-01-06T17:12:29,2024-01-06,458,25,Retail,Afterpay,COUPON0ZZZ,4.68,AUD
172481,2024-01-06T05:06:06,2024-01-06,185,4,Retail,Afterpay,COUPON0-00,6.26,AUD
172533,2024-01-06T22:20:10,2024-01-06,497,10,Online,Afterpay,COUPON-AZ9,7.03,AUD
172538,2024-01-06T11:18:52,2024-01-06,465,1,Retail,Afterpay,COUPON99--,5.55,AUD
172548,2024-01-06T18:09:22,2024-01-06,746,21,Retail,Credit Card,COUPON-0--,6.71,AUD
172617,2024-01-06T21:19:03,2024-01-06,483,25,Retail,Credit Card,COUPON-AZ-,9.45,AUD
172646,2024-01-06T18:30:49,2024-01-06,90,3,Online,Afterpay,COUPON-Z0A,2.57,AUD
172728,2024-01-06T12:44:19,2024-01-06,8,44,Retail,PayPal,COUPON9-A-,15.66,AUD
172815,2024-01-06T11:24:05,2024-01-06,126,11,Online,Credit Card,COUPONZ0Z-,15.98,AUD
172957,2024-01-06T20:57:26,2024-01-06,379,1,Online,PayPal,COUPONA-9A,13.98,AUD
172981,2024-01-06T20:35:11,2024-01-06,518,23,Online,Credit Card,COUPONZ99A,2.51,AUD
173016,2024-01-06T13:27:09,2024-01-06,704,18,Online,Credit Card,COUPON0-A0,0.79,AUD
173229,2024-01-06T17:15:33,2024-01-06,98,2,Retail,Afterpay,COUPON--ZA,3.96,AUD
173250,2024-01-06T17:29:14,2024-01-06,85,17,Retail,Credit Card,COUPON---Z,9.7,AUD
173539,2024-01-06T19:17:11,2024-01-06,569,31,Retail,Afterpay,COUPONA-A9,4.95,AUD
173556,2024-01-06T15:00:38,2024-01-06,291,30,Online,PayPal,COUPONA99-,12.08,AUD
173667,2024-01-06T17:50:11,2024-01-06,503,48,Online,Credit Card,COUPON0-A0,2.09,AUD
173896,2024-01-06T10:47:55,2024-01-06,227,7,Online,Credit Card,COUPON99ZA,10.6,AUD
173903,2024-01-06T17:34:18,2024-01-06,632,32,Online,Credit Card,COUPONZ90-,4.6,AUD
173959,2024-01-06T00:40:22,2024-01-06,775,18,Retail,PayPal,COUPONA9-Z,0.99,AUD
174132,2024-01-06T05:04:06,2024-01-06,419,17,Retail,Credit Card,COUPON0A0A,16.21,AUD
174503,2024-01-06T02:06:10,2024-01-06,756,15,Retail,Afterpay,COUPONZ90A,3.24,AUD
174865,2024-01-06T10:24:11,2024-01-06,406,9,Retail,Afterpay,COUPON9Z0A,14.7,AUD
175018,2024-01-06T18:16:46,2024-01-06,705,37,Retail,PayPal,COUPON--0-,10.33,AUD
175174,2024-01-06T08:07:11,2024-01-06,680,12,Retail,Credit Card,COUPON-0-A,6.68,AUD
175225,2024-01-06T19:33:44,2024-01-06,242,43,Retail,Afterpay,COUPONAA-Z,0.34,AUD
175332,2024-01-06T08:09:45,2024-01-06,480,17,Online,Afterpay,COUPON9---,12.52,AUD
175348,2024-01-06T15:11:09,2024-01-06,444,27,Retail,Afterpay,COUPON-99-,1.07,AUD
175467,2024-01-06T01:21:06,2024-01-06,328,8,Online,PayPal,COUPONZ0--,1.66,AUD
175492,2024-01-06T18:42:16,2024-01-06,267,19,Online,Afterpay,COUPON-A-9,12.0,AUD
175539,2024-01-06T16:02:18,2024-01-06,378,4,Online,Afterpay,COUPON--00,5.36,AUD
175567,2024-01-06T11:54:42,2024-01-06,112,43,Online,PayPal,COUPON-9-9,5.36,AUD
175628,2024-01-06T08:17:58,2024-01-06,57,6,Online,PayPal,COUPON0Z--,8.84,AUD
175639,2024-01-06T06:47:25,2024-01-06,684,31,Retail,PayPal,COUPONA99-,14.46,AUD
175869,2024-01-06T01:03:56,2024-01-06,536,12,Online,PayPal,COUPON990A,6.96,AUD
175903,2024-01-06T18:15:17,2024-01-06,225,20,Online,Afterpay,COUPON-Z9A,19.7,AUD
175979,2024-01-06T17:18:14,2024-01-06,504,43,Online,PayPal,COUPONZ9--,8.57,AUD
176004,2024-01-06T17:41:00,2024-01-06,592,11,Online,PayPal,COUPONZ-9-,1.11,AUD
176188,2024-01-06T12:10:31,2024-01-06,155,24,Online,Afterpay,COUPON-9ZA,14.3,AUD
176231,2024-01-06T13:44:14,2024-01-06,175,22,Retail,Credit Card,COUPONZ90-,19.41,AUD
176320,2024-01-06T08:25:15,2024-01-06,148,12,Online,Credit Card,COUPON9-ZZ,19.96,AUD
176506,2024-01-06T19:32:40,2024-01-06,253,8,Online,PayPal,COUPONAAAZ,16.33,AUD
176571,2024-01-06T01:02:02,2024-01-06,729,1,Retail,PayPal,COUPONAAA9,10.29,AUD
176625,2024-01-06T15:13:58,2024-01-06,81,36,Online,Afterpay,COUPONZ-A-,11.16,AUD
177116,2024-01-06T03:32:19,2024-01-06,145,19,Retail,Credit Card,COUPONA9-9,3.85,AUD
177156,2024-01-06T10:02:40,2024-01-06,25,17,Retail,Credit Card,COUPON0--9,9.35,AUD
177173,2024-01-06T16:52:19,2024-01-06,504,44,Online,Credit Card,COUPON-0ZA,6.35,AUD
177183,2024-01-06T12:11:53,2024-01-06,480,18,Retail,Credit Card,COUPON--Z-,0.16,AUD
177214,2024-01-06T21:08:34,2024-01-06,460,27,Online,Credit Card,COUPON0-A9,17.47,AUD
177216,2024-01-06T21:16:23,2024-01-06,143,31,Online,PayPal,COUPONZ--0,0.83,AUD
177260,2024-01-06T09:36:07,2024-01-06,512,19,Online,Credit Card,COUPON99Z-,17.19,AUD
177357,2024-01-06T06:49:55,2024-01-06,34,7,Retail,Afterpay,COUPON-9A-,15.86,AUD
177393,2024-01-06T20:40:50,2024-01-06,333,5,Online,PayPal,COUPON-A00,9.28,AUD
177474,2024-01-06T12:21:06,2024-01-06,417,28,Retail,PayPal,COUPON--AA,14.13,AUD
177577,2024-01-06T02:27:56,2024-01-06,457,16,Online,Credit Card,COUPON--A0,7.98,AUD
177602,2024-01-06T02:43:28,2024-01-06,641,18,Retail,Afterpay,COUPON-A--,4.89,AUD
177605,2024-01-06T08:04:01,2024-01-06,109,33,Online,Credit Card,COUPON--Z9,8.65,AUD
177747,2024-01-06T13:49:35,2024-01-06,773,46,Online,Credit Card,COUPONAA99,5.61,AUD
177841,2024-01-06T23:32:23,2024-01-06,96,30,Retail,Credit Card,COUPONZ-Z-,10.95,AUD
177851,2024-01-06T23:42:42,2024-01-06,96,39,Online,Credit Card,COUPON---A,11.23,AUD
177903,2024-01-06T11:51:45,2024-01-06,708,33,Online,Afterpay,COUPONZ---,6.56,AUD
177977,2024-01-06T12:46:43,2024-01-06,119,43,Online,Credit Card,COUPON90Z-,2.36,AUD
178051,2024-01-06T15:02:57,2024-01-06,48,45,Online,Afterpay,COUPON-99Z,7.66,AUD
178056,2024-01-06T02:06:22,2024-01-06,1,6,Retail,Afterpay,COUPON-90-,3.2,AUD
178358,2024-01-06T13:57:16,2024-01-06,607,41,Retail,Credit Card,COUPON9-09,19.28,AUD
178411,2024-01-06T00:08:30,2024-01-06,377,42,Online,Credit Card,COUPON0AAZ,19.21,AUD
178560,2024-01-06T22:29:43,2024-01-06,447,25,Online,PayPal,COUPON9---,1.31,AUD
178617,2024-01-06T18:45:32,2024-01-06,488,31,Online,PayPal,COUPONA-0A,2.14,AUD
178660,2024-01-06T10:20:44,2024-01-06,258,44,Retail,Afterpay,COUPON9-A-,3.34,AUD
178691,2024-01-06T00:23:46,2024-01-06,61,4,Online,Afterpay,COUPONZZZ-,19.49,AUD
178720,2024-01-06T07:52:08,2024-01-06,438,18,Online,Credit Card,COUPONZZA-,6.97,AUD
178836,2024-01-06T18:56:40,2024-01-06,84,43,Retail,PayPal,COUPON0-Z9,10.11,AUD
178850,2024-01-06T20:54:07,2024-01-06,423,42,Retail,Afterpay,COUPON990Z,6.39,AUD
178853,2024-01-06T10:50:23,2024-01-06,226,8,Retail,Afterpay,COUPON-9--,5.0,AUD
178889,2024-01-06T06:43:02,2024-01-06,650,42,Retail,Credit Card,COUPON0A-9,1.97,AUD
179186,2024-01-06T09:54:18,2024-01-06,579,16,Retail,Credit Card,COUPON0A99,6.41,AUD
179231,2024-01-06T05:24:56,2024-01-06,645,11,Retail,Afterpay,COUPONA-00,18.94,AUD
179297,2024-01-06T18:23:55,2024-01-06,725,41,Online,Afterpay,COUPON--AA,10.07,AUD
179305,2024-01-06T12:00:12,2024-01-06,467,4,Online,Credit Card,COUPONA0Z-,9.29,AUD
179315,2024-01-06T16:25:21,2024-01-06,487,31,Online,Credit Card,COUPONA--9,14.92,AUD
179382,2024-01-06T15:16:38,2024-01-06,451,38,Retail,Afterpay,COUPON9ZZ0,0.85,AUD
179398,2024-01-06T21:21:53,2024-01-06,472,24,Online,PayPal,COUPON-909,2.38,AUD
179453,2024-01-06T21:11:35,2024-01-06,173,24,Online,Credit Card,COUPONZ-09,9.4,AUD
179496,2024-01-06T17:24:58,2024-01-06,601,9,Retail,PayPal,COUPON0-9-,15.67,AUD
179506,2024-01-06T00:59:35,2024-01-06,494,17,Retail,Afterpay,COUPONZ9--,9.75,AUD
179810,2024-01-06T13:13:50,2024-01-06,16,10,Retail,PayPal,COUPON9ZA-,1.13,AUD
179834,2024-01-06T01:28:28,2024-01-06,242,34,Online,PayPal,COUPON--9-,4.67,AUD
179862,2024-01-06T03:58:53,2024-01-06,704,48,Retail,Credit Card,COUPON--ZZ,4.67,AUD
179864,2024-01-06T00:16:34,2024-01-06,726,39,Online,PayPal,COUPON0--9,10.92,AUD
179872,2024-01-06T19:04:02,2024-01-06,340,47,Online,PayPal,COUPONZZ0-,15.2,AUD
179887,2024-01-06T06:59:55,2024-01-06,719,37,Online,PayPal,COUPON09A-,12.65,AUD
179898,2024-01-06T06:04:42,2024-01-06,210,19,Retail,Afterpay,COUPON--Z9,1.62,AUD
179901,2024-01-06T09:30:32,2024-01-06,305,48,Online,Afterpay,COUPONA90-,10.15,AUD
180168,2024-01-06T05:54:42,2024-01-06,388,26,Online,Afterpay,COUPON09-0,3.32,AUD
180370,2024-01-06T22:48:57,2024-01-06,500,25,Online,Credit Card,COUPON-AZ0,10.56,AUD
180396,2024-01-06T10:04:59,2024-01-06,452,12,Online,PayPal,COUPON99-A,12.73,AUD
180414,2024-01-06T05:36:33,2024-01-06,224,28,Retail,PayPal,COUPON--A-,6.69,AUD
180452,2024-01-06T04:22:13,2024-01-06,297,15,Retail,Afterpay,COUPON900A,14.83,AUD
180711,2024-01-06T03:03:00,2024-01-06,742,26,Online,Afterpay,COUPON-9-A,0.52,AUD
180781,2024-01-06T13:39:08,2024-01-06,410,27,Online,Credit Card,COUPONZ09-,16.98,AUD
180804,2024-01-06T23:30:41,2024-01-06,327,29,Retail,Credit Card,COUPONA0--,5.12,AUD
180974,2024-01-06T03:25:28,2024-01-06,661,40,Online,Afterpay,COUPON-09-,17.74,AUD
181258,2024-01-06T16:44:17,2024-01-06,509,9,Online,Afterpay,COUPONZ-A0,10.46,AUD
181303,2024-01-06T01:35:49,2024-01-06,496,44,Online,Credit Card,COUPON-Z-Z,19.16,AUD
181326,2024-01-06T04:48:08,2024-01-06,708,29,Retail,Credit Card,COUPON---9,3.85,AUD
181347,2024-01-06T00:53:25,2024-01-06,243,48,Retail,PayPal,COUPON-9-0,13.47,AUD
181384,2024-01-06T17:29:12,2024-01-06,782,18,Retail,Credit Card,COUPONZ--9,0.93,AUD
181542,2024-01-06T20:26:17,2024-01-06,317,23,Online,PayPal,COUPON-9AZ,6.37,AUD
181623,2024-01-06T03:12:44,2024-01-06,104,42,Online,PayPal,COUPON--09,2.7,AUD
181836,2024-01-06T23:47:24,2024-01-06,565,34,Online,Afterpay,COUPON99ZA,6.33,AUD
181845,2024-01-06T06:48:36,2024-01-06,228,45,Online,Afterpay,COUPON--ZZ,15.02,AUD
181954,2024-01-06T17:10:10,2024-01-06,649,11,Online,Afterpay,COUPONA9-0,0.51,AUD
181978,2024-01-06T18:36:37,2024-01-06,640,28,Retail,Afterpay,COUPONA90A,13.0,AUD
182016,2024-01-06T17:59:38,2024-01-06,673,3,Retail,PayPal,COUPON--9A,16.74,AUD
182044,2024-01-06T06:19:26,2024-01-06,736,46,Retail,Credit Card,COUPONA0Z0,11.87,AUD
182109,2024-01-06T10:15:04,2024-01-06,593,16,Retail,Credit Card,COUPONA0-9,4.62,AUD
182120,2024-01-06T01:24:17,2024-01-06,415,33,Retail,Credit Card,COUPON9Z--,6.79,AUD
182133,2024-01-06T16:56:20,2024-01-06,79,19,Retail,Afterpay,COUPON0Z--,15.26,AUD
182231,2024-01-06T14:12:37,2024-01-06,103,24,Online,PayPal,COUPON--09,2.66,AUD
182410,2024-01-06T14:41:55,2024-01-06,644,11,Online,Afterpay,COUPON-90Z,11.66,AUD
182436,2024-01-06T13:09:14,2024-01-06,770,30,Online,Afterpay,COUPONAZAA,16.59,AUD
182470,2024-01-06T07:11:33,2024-01-06,553,1,Retail,PayPal,COUPON-Z-Z,19.27,AUD
182601,2024-01-06T21:10:24,2024-01-06,796,34,Retail,PayPal,COUPON--9-,5.28,AUD
182618,2024-01-06T09:49:10,2024-01-06,23,31,Online,Afterpay,COUPON-Z-Z,14.08,AUD
182722,2024-01-06T05:02:34,2024-01-06,751,40,Online,PayPal,COUPON9A-9,11.78,AUD
182740,2024-01-06T15:54:00,2024-01-06,580,31,Online,Credit Card,COUPON--0A,2.27,AUD
182767,2024-01-06T23:55:05,2024-01-06,720,27,Online,PayPal,COUPON0-A0,5.32,AUD
182996,2024-01-06T00:57:27,2024-01-06,512,27,Retail,Afterpay,COUPON9---,0.11,AUD
183011,2024-01-06T04:02:48,2024-01-06,499,23,Retail,Afterpay,COUPON-Z9A,6.33,AUD
183121,2024-01-06T04:35:51,2024-01-06,651,27,Online,Afterpay,COUPONAA90,11.45,AUD
183386,2024-01-06T02:41:30,2024-01-06,530,43,Online,Afterpay,COUPON--Z-,19.02,AUD
183399,2024-01-06T08:04:48,2024-01-06,139,42,Retail,Credit Card,COUPONA0Z9,6.17,AUD
183422,2024-01-06T17:07:06,2024-01-06,219,13,Retail,PayPal,COUPON0---,13.53,AUD
183657,2024-01-06T20:13:31,2024-01-06,767,29,Online,PayPal,COUPONA-0Z,2.45,AUD
183706,2024-01-06T14:00:13,2024-01-06,584,10,Online,Credit Card,COUPON90-9,2.32,AUD
183745,2024-01-06T14:34:03,2024-01-06,514,32,Retail,PayPal,COUPONAA99,19.85,AUD
183771,2024-01-06T19:52:06,2024-01-06,725,3,Online,PayPal,COUPON--0-,10.4,AUD
183789,2024-01-06T21:14:55,2024-01-06,332,10,Online,Afterpay,COUPONA0--,6.8,AUD
183865,2024-01-06T15:08:20,2024-01-06,144,34,Retail,PayPal,COUPONZA--,1.32,AUD
183901,2024-01-06T07:22:16,2024-01-06,710,43,Online,Afterpay,COUPON9A9Z,6.97,AUD
184045,2024-01-06T10:43:34,2024-01-06,295,6,Online,Afterpay,COUPONA--0,16.85,AUD
184255,2024-01-06T22:35:53,2024-01-06,317,20,Retail,Credit Card,COUPON-90-,0.35,AUD
184283,2024-01-06T08:32:32,2024-01-06,698,9,Retail,PayPal,COUPON---9,17.56,AUD
184359,2024-01-06T10:56:44,2024-01-06,368,17,Retail,Credit Card,COUPONZZZ-,10.73,AUD
184413,2024-01-06T15:28:45,2024-01-06,766,21,Retail,Afterpay,COUPON9A-0,7.07,AUD
184502,2024-01-06T02:55:54,2024-01-06,297,47,Online,Afterpay,COUPON0ZAZ,9.11,AUD
184564,2024-01-06T13:26:48,2024-01-06,158,1,Online,Afterpay,COUPON-9ZZ,10.38,AUD
184909,2024-01-06T13:53:45,2024-01-06,159,2,Online,Afterpay,COUPON090A,4.67,AUD
185016,2024-01-06T05:22:56,2024-01-06,23,13,Retail,Afterpay,COUPON-9AA,11.28,AUD
185041,2024-01-06T23:43:37,2024-01-06,74,12,Online,Afterpay,COUPON-AA9,5.94,AUD
185097,2024-01-06T18:29:06,2024-01-06,24,33,Online,PayPal,COUPONAZ-A,5.56,AUD
185127,2024-01-06T22:00:02,2024-01-06,420,6,Retail,Afterpay,COUPON--A0,6.25,AUD
185265,2024-01-06T00:22:27,2024-01-06,127,27,Retail,Credit Card,COUPON-90Z,19.76,AUD
185339,2024-01-06T21:03:13,2024-01-06,754,26,Online,Afterpay,COUPONZZ00,19.01,AUD
185375,2024-01-06T16:29:41,2024-01-06,612,45,Online,Credit Card,COUPONZAZ0,9.06,AUD
185387,2024-01-06T12:57:54,2024-01-06,442,23,Retail,Afterpay,COUPONAA9-,16.86,AUD
185458,2024-01-06T06:38:12,2024-01-06,672,8,Retail,PayPal,COUPON--Z9,1.04,AUD
185504,2024-01-06T05:03:51,2024-01-06,270,33,Retail,Afterpay,COUPON-A09,0.23,AUD
185827,2024-01-06T02:59:14,2024-01-06,110,30,Retail,Afterpay,COUPON9---,0.08,AUD
185835,2024-01-06T14:55:01,2024-01-06,786,39,Online,PayPal,COUPONZZ9-,16.03,AUD
185853,2024-01-06T10:59:58,2024-01-06,494,6,Retail,Credit Card,COUPON0000,0.54,AUD
185878,2024-01-06T03:39:14,2024-01-06,226,17,Online,Credit Card,COUPON0Z0Z,12.87,AUD
185910,2024-01-06T00:36:51,2024-01-06,168,19,Retail,Credit Card,COUPONZA-Z,2.56,AUD
186157,2024-01-06T06:00:07,2024-01-06,317,37,Retail,PayPal,COUPON-9Z-,10.09,AUD
186162,2024-01-06T17:54:00,2024-01-06,328,36,Online,Credit Card,COUPON99--,5.13,AUD
186219,2024-01-06T07:11:20,2024-01-06,700,19,Retail,Afterpay,COUPON00-A,1.36,AUD
186246,2024-01-06T03:57:23,2024-01-06,608,37,Retail,Credit Card,COUPONA99-,17.71,AUD
186277,2024-01-06T00:20:05,2024-01-06,31,14,Online,Afterpay,COUPON9A--,12.69,AUD
186311,2024-01-06T04:46:53,2024-01-06,546,49,Retail,Credit Card,COUPON--ZZ,14.36,AUD
186338,2024-01-06T01:18:34,2024-01-06,383,10,Retail,Afterpay,COUPONZZ9-,11.62,AUD
186480,2024-01-06T14:36:45,2024-01-06,785,19,Online,Credit Card,COUPONZZ--,9.26,AUD
186491,2024-01-06T19:25:18,2024-01-06,538,28,Online,Afterpay,COUPONAZ-0,11.78,AUD
186651,2024-01-06T03:51:59,2024-01-06,545,3,Online,Credit Card,COUPONZ--9,13.11,AUD
186895,2024-01-06T11:46:49,2024-01-06,63,6,Retail,Afterpay,COUPON00--,6.34,AUD
186957,2024-01-06T16:02:55,2024-01-06,470,43,Retail,Credit Card,COUPONA0--,8.07,AUD
187070,2024-01-06T07:23:47,2024-01-06,711,11,Retail,PayPal,COUPONZ---,1.73,AUD
187141,2024-01-06T07:43:57,2024-01-06,441,10,Retail,Credit Card,COUPONZ-9A,14.91,AUD
187200,2024-01-06T20:29:13,2024-01-06,325,15,Online,Credit Card,COUPON---0,16.67,AUD
187255,2024-01-06T12:39:42,2024-01-06,154,37,Retail,Credit Card,COUPON0A--,17.32,AUD
187377,2024-01-06T11:37:19,2024-01-06,678,26,Online,Credit Card,COUPONZZ--,1.81,AUD
187448,2024-01-06T01:49:50,2024-01-06,104,34,Retail,PayPal,COUPONZ--A,13.24,AUD
187523,2024-01-06T22:20:05,2024-01-06,651,40,Retail,PayPal,COUPON9A9-,0.73,AUD
187546,2024-01-06T00:04:07,2024-01-06,394,33,Online,PayPal,COUPON00-0,11.93,AUD
187632,2024-01-06T21:23:08,2024-01-06,259,48,Retail,PayPal,COUPON--0A,6.9,AUD
187726,2024-01-06T06:23:07,2024-01-06,523,39,Retail,Credit Card,COUPON--ZA,3.89,AUD
187747,2024-01-06T12:34:12,2024-01-06,587,41,Online,PayPal,COUPONZZ0-,13.03,AUD
187790,2024-01-06T20:18:53,2024-01-06,316,30,Online,PayPal,COUPON-00-,0.2,AUD
187806,2024-01-06T11:48:22,2024-01-06,502,43,Retail,PayPal,COUPON-0-0,0.02,AUD
187988,2024-01-06T23:43:00,2024-01-06,266,42,Retail,Afterpay,COUPON-90A,2.14,AUD
188022,2024-01-06T10:48:44,2024-01-06,625,14,Online,Afterpay,COUPON-9-Z,8.4,AUD
188071,2024-01-06T14:22:19,2024-01-06,353,17,Retail,Credit Card,COUPONA0ZA,8.25,AUD
188157,2024-01-06T02:31:06,2024-01-06,213,35,Retail,PayPal,COUPONA---,1.81,AUD
188181,2024-01-06T03:43:13,2024-01-06,103,19,Online,Afterpay,COUPON00A-,18.48,AUD
188319,2024-01-06T15:27:15,2024-01-06,212,23,Retail,Afterpay,COUPON-A--,10.98,AUD
188448,2024-01-06T18:54:16,2024-01-06,60,12,Online,PayPal,COUPONZZ-A,2.88,AUD
188676,2024-01-06T19:11:15,2024-01-06,237,6,Retail,Credit Card,COUPON-9-0,18.79,AUD
188679,2024-01-06T23:00:37,2024-01-06,315,38,Retail,Afterpay,COUPON00--,0.71,AUD
188753,2024-01-06T16:07:44,2024-01-06,215,47,Online,Credit Card,COUPONZAZZ,12.23,AUD
188799,2024-01-06T18:32:34,2024-01-06,168,39,Online,Afterpay,COUPON9ZZ-,17.09,AUD
188838,2024-01-06T17:21:44,2024-01-06,732,21,Retail,Credit Card,COUPONAZZA,1.11,AUD
188982,2024-01-06T09:01:01,2024-01-06,716,30,Retail,PayPal,COUPON-9A9,11.12,AUD
189284,2024-01-06T17:48:05,2024-01-06,317,43,Online,Afterpay,COUPON-A--,17.01,AUD
189288,2024-01-06T22:04:23,2024-01-06,794,21,Retail,Credit Card,COUPON-Z0-,5.27,AUD
189296,2024-01-06T21:40:59,2024-01-06,582,46,Retail,Afterpay,COUPONZ---,18.22,AUD
189302,2024-01-06T06:04:57,2024-01-06,523,43,Retail,Afterpay,COUPONAA0-,6.92,AUD
189388,2024-01-06T11:06:28,2024-01-06,54,6,Online,PayPal,COUPON-A-Z,7.2,AUD
189444,2024-01-06T22:40:19,2024-01-06,41,33,Retail,Credit Card,COUPON--0Z,16.94,AUD
189445,2024-01-06T12:35:38,2024-01-06,743,5,Online,PayPal,COUPONAA9-,11.76,AUD
189544,2024-01-06T02:38:29,2024-01-06,68,28,Online,Afterpay,COUPON099-,9.71,AUD
189623,2024-01-06T22:04:42,2024-01-06,163,37,Retail,Credit Card,COUPON-0--,14.19,AUD
189714,2024-01-06T16:33:09,2024-01-06,77,4,Retail,PayPal,COUPON90A-,7.61,AUD
189790,2024-01-06T02:06:54,2024-01-06,1,36,Online,Afterpay,COUPONZ-ZA,13.95,AUD
189799,2024-01-06T11:03:10,2024-01-06,244,28,Online,PayPal,COUPON--Z-,0.63,AUD
189954,2024-01-06T09:56:42,2024-01-06,409,37,Retail,Credit Card,COUPONAZAA,5.39,AUD
189995,2024-01-06T16:52:45,2024-01-06,161,23,Retail,Afterpay,COUPONZ--0,13.86,AUD
190070,2024-01-06T15:52:34,2024-01-06,87,16,Retail,Afterpay,COUPONAZZ9,1.16,AUD
190071,2024-01-06T10:05:47,2024-01-06,249,46,Retail,PayPal,COUPON9-AA,16.15,AUD
190109,2024-01-06T06:35:45,2024-01-06,219,21,Online,Afterpay,COUPON9--9,8.45,AUD
190144,2024-01-06T15:35:56,2024-01-06,425,9,Online,Afterpay,COUPON-Z0-,3.59,AUD
190151,2024-01-06T12:36:46,2024-01-06,472,8,Online,Afterpay,COUPON9AZA,14.15,AUD
190161,2024-01-06T21:25:17,2024-01-06,442,13,Online,PayPal,COUPON-0-0,6.02,AUD
190246,2024-01-06T01:07:14,2024-01-06,531,34,Retail,Credit Card,COUPON-90A,15.82,AUD
190378,2024-01-06T13:47:26,2024-01-06,31,26,Online,PayPal,COUPON999Z,12.96,AUD
190561,2024-01-06T20:37:18,2024-01-06,380,37,Retail,PayPal,COUPON-009,4.81,AUD
190684,2024-01-06T23:34:26,2024-01-06,242,24,Online,PayPal,COUPON0AAA,18.46,AUD
190905,2024-01-06T05:39:56,2024-01-06,488,16,Online,PayPal,COUPON9-A9,16.88,AUD
190949,2024-01-06T10:38:19,2024-01-06,24,5,Online,Afterpay,COUPONZ9-A,8.57,AUD
191051,2024-01-06T18:11:35,2024-01-06,585,47,Retail,Afterpay,COUPONA0-9,2.21,AUD
191147,2024-01-06T13:21:51,2024-01-06,28,47,Retail,Afterpay,COUPON9--A,2.05,AUD
191166,2024-01-06T01:10:53,2024-01-06,503,1,Online,Credit Card,COUPONZ-9-,9.82,AUD
191172,2024-01-06T15:55:43,2024-01-06,503,18,Retail,Credit Card,COUPON9--9,7.36,AUD
191606,2024-01-06T01:15:23,2024-01-06,518,13,Retail,Afterpay,COUPON-00A,8.41,AUD
191833,2024-01-06T01:46:49,2024-01-06,316,2,Retail,Credit Card,COUPON-AZ0,9.65,AUD
191846,2024-01-06T15:49:02,2024-01-06,597,5,Retail,PayPal,COUPON009A,11.48,AUD
191938,2024-01-06T21:45:44,2024-01-06,293,17,Online,Afterpay,COUPON0-A9,11.93,AUD
192067,2024-01-06T05:29:45,2024-01-06,681,39,Retail,PayPal,COUPON0A0-,9.6,AUD
192080,2024-01-06T17:22:09,2024-01-06,477,49,Retail,PayPal,COUPON-9Z9,17.76,AUD
192346,2024-01-06T16:46:11,2024-01-06,299,15,Retail,Credit Card,COUPON90Z-,11.7,AUD
192553,2024-01-06T01:03:17,2024-01-06,794,4,Online,Credit Card,COUPONAAZ-,3.39,AUD
192566,2024-01-06T05:45:11,2024-01-06,191,4,Retail,Credit Card,COUPONZ09-,5.38,AUD
192571,2024-01-06T23:29:31,2024-01-06,401,44,Retail,Credit Card,COUPONAZZ-,12.89,AUD
192624,2024-01-06T00:09:52,2024-01-06,465,5,Online,Credit Card,COUPON-AA-,19.4,AUD
192745,2024-01-06T12:51:36,2024-01-06,483,23,Retail,Credit Card,COUPON0A9A,5.89,AUD
192860,2024-01-06T06:57:16,2024-01-06,594,9,Online,Afterpay,COUPON-9Z9,0.81,AUD
192953,2024-01-06T22:40:46,2024-01-06,322,3,Retail,Afterpay,COUPON-0-Z,14.13,AUD
192964,2024-01-06T17:49:17,2024-01-06,211,41,Retail,PayPal,COUPON9-AZ,7.47,AUD
193081,2024-01-06T08:04:33,2024-01-06,483,17,Online,Afterpay,COUPON9-A-,15.99,AUD
193361,2024-01-06T19:23:47,2024-01-06,329,21,Online,Credit Card,COUPONA9-Z,5.45,AUD
193422,2024-01-06T12:52:48,2024-01-06,178,20,Online,Credit Card,COUPON0Z90,2.22,AUD
193645,2024-01-06T14:49:58,2024-01-06,772,8,Online,PayPal,COUPON9999,8.63,AUD
193735,2024-01-06T13:30:28,2024-01-06,608,44,Online,PayPal,COUPON0-9Z,5.28,AUD
193868,2024-01-06T18:57:17,2024-01-06,671,20,Retail,Afterpay,COUPON-Z90,12.54,AUD
193945,2024-01-06T05:15:11,2024-01-06,711,21,Online,Credit Card,COUPON0A-0,0.06,AUD
193980,2024-01-06T20:04:36,2024-01-06,694,11,Online,Afterpay,COUPON-0AA,14.3,AUD
194057,2024-01-06T00:33:39,2024-01-06,660,27,Online,Credit Card,COUPONZZ--,8.53,AUD
194162,2024-01-06T06:55:26,2024-01-06,748,35,Retail,Afterpay,COUPON9-Z0,10.94,AUD
194246,2024-01-06T16:43:20,2024-01-06,233,35,Online,Credit Card,COUPON-Z0A,0.38,AUD
194430,2024-01-06T13:22:17,2024-01-06,679,12,Retail,PayPal,COUPON-0-A,15.81,AUD
194503,2024-01-06T12:38:42,2024-01-06,192,8,Retail,PayPal,COUPON9-00,5.15,AUD
194522,2024-01-06T10:57:55,2024-01-06,65,41,Online,Credit Card,COUPONZ0--,6.75,AUD
194564,2024-01-06T09:04:13,2024-01-06,721,33,Online,Afterpay,COUPON-AZA,13.4,AUD
194634,2024-01-06T22:32:39,2024-01-06,184,19,Online,PayPal,COUPON-ZA0,3.7,AUD
194823,2024-01-06T21:34:36,2024-01-06,137,30,Retail,Credit Card,COUPON009Z,13.1,AUD
194860,2024-01-06T23:15:55,2024-01-06,599,47,Online,Afterpay,COUPONZAZ9,9.74,AUD
195033,2024-01-06T14:55:48,2024-01-06,372,20,Online,PayPal,COUPONA9--,13.26,AUD
195198,2024-01-06T12:46:08,2024-01-06,445,42,Retail,PayPal,COUPONA-AA,17.28,AUD
195244,2024-01-06T01:20:38,2024-01-06,131,31,Online,Afterpay,COUPONZ--0,4.35,AUD
195336,2024-01-06T00:12:41,2024-01-06,374,44,Retail,Afterpay,COUPON0--0,13.34,AUD
195649,2024-01-06T04:08:26,2024-01-06,599,43,Retail,PayPal,COUPONA--0,3.73,AUD
195683,2024-01-06T16:21:33,2024-01-06,27,5,Online,Afterpay,COUPONZ9-A,16.34,AUD
195757,2024-01-06T12:58:45,2024-01-06,512,21,Online,PayPal,COUPONZZA-,12.41,AUD
195919,2024-01-06T15:43:51,2024-01-06,330,12,Online,Credit Card,COUPON-900,8.42,AUD
195987,2024-01-06T10:21:08,2024-01-06,87,42,Retail,Credit Card,COUPON---A,2.6,AUD
195994,2024-01-06T20:26:16,2024-01-06,151,19,Online,Credit Card,COUPON--99,16.93,AUD
196104,2024-01-06T10:56:03,2024-01-06,228,15,Retail,Credit Card,COUPONA-0-,2.16,AUD
196124,2024-01-06T16:14:29,2024-01-06,599,34,Online,Afterpay,COUPON9-99,17.26,AUD
196348,2024-01-06T07:45:54,2024-01-06,178,31,Online,Credit Card,COUPONZ-ZA,4.37,AUD
196389,2024-01-06T19:09:30,2024-01-06,737,40,Online,Afterpay,COUPON-A-A,14.33,AUD
196423,2024-01-06T21:36:33,2024-01-06,418,18,Retail,Afterpay,COUPON09ZZ,16.03,AUD
196477,2024-01-06T07:14:35,2024-01-06,635,43,Online,Afterpay,COUPON90-Z,4.77,AUD
196639,2024-01-06T15:34:38,2024-01-06,614,48,Retail,Afterpay,COUPONZZ-A,5.38,AUD
196870,2024-01-06T01:37:05,2024-01-06,108,28,Retail,Afterpay,COUPONAZ90,15.73,AUD
197038,2024-01-06T17:31:08,2024-01-06,109,24,Retail,Credit Card,COUPONA--9,16.4,AUD
197499,2024-01-06T10:50:19,2024-01-06,440,21,Retail,PayPal,COUPON900-,17.19,AUD
197506,2024-01-06T04:49:42,2024-01-06,679,27,Retail,Credit Card,COUPON-9AA,11.77,AUD
197582,2024-01-06T15:04:19,2024-01-06,567,41,Online,Afterpay,COUPON0-9-,16.47,AUD
197816,2024-01-06T07:21:29,2024-01-06,491,6,Retail,PayPal,COUPONA-9A,8.11,AUD
198087,2024-01-06T13:35:36,2024-01-06,557,34,Online,Credit Card,COUPON09-9,17.59,AUD
198090,2024-01-06T08:48:29,2024-01-06,636,28,Retail,PayPal,COUPON-A--,7.22,AUD
198169,2024-01-06T07:50:30,2024-01-06,234,23,Retail,Credit Card,COUPON0ZZ9,11.22,AUD
198197,2024-01-06T09:11:22,2024-01-06,277,11,Online,Afterpay,COUPON--0Z,18.92,AUD
198347,2024-01-06T03:39:34,2024-01-06,484,20,Online,Afterpay,COUPON-0ZZ,10.54,AUD
198407,2024-01-06T18:15:01,2024-01-06,57,10,Retail,Afterpay,COUPONA0--,4.18,AUD
198476,2024-01-06T16:11:16,2024-01-06,695,29,Retail,Credit Card,COUPON-90-,10.03,AUD
198918,2024-01-06T20:41:48,2024-01-06,479,41,Retail,PayPal,COUPON-0--,14.43,AUD
198929,2024-01-06T10:15:11,2024-01-06,311,30,Online,Afterpay,COUPON-Z-9,6.24,AUD
198958,2024-01-06T03:23:33,2024-01-06,740,17,Online,PayPal,COUPON-0--,8.48,AUD
199013,2024-01-06T02:49:03,2024-01-06,407,1,Retail,PayPal,COUPON-ZAZ,9.33,AUD
199161,2024-01-06T03:31:57,2024-01-06,234,36,Retail,Afterpay,COUPONAAAA,15.29,AUD
199223,2024-01-06T00:03:27,2024-01-06,477,11,Online,Credit Card,COUPON-9--,10.38,AUD
199323,2024-01-06T07:54:16,2024-01-06,279,18,Online,PayPal,COUPON9A-9,1.77,AUD
199354,2024-01-06T05:59:37,2024-01-06,11,11,Online,Credit Card,COUPON-0A0,14.09,AUD
199360,2024-01-06T13:57:46,2024-01-06,51,33,Retail,PayPal,COUPONAZ--,3.19,AUD
199395,2024-01-06T14:31:57,2024-01-06,549,11,Retail,Credit Card,COUPONZ---,12.47,AUD
199396,2024-01-06T06:27:46,2024-01-06,201,10,Online,Credit Card,COUPON---Z,11.79,AUD
199418,2024-01-06T23:56:38,2024-01-06,495,35,Online,Afterpay,COUPON-09A,10.57,AUD
199452,2024-01-06T05:36:12,2024-01-06,750,13,Online,Credit Card,COUPON-Z09,19.31,AUD
199488,2024-01-06T11:22:35,2024-01-06,431,11,Online,PayPal,COUPON-9--,9.7,AUD
199574,2024-01-06T17:42:16,2024-01-06,377,13,Retail,PayPal,COUPON-9--,15.86,AUD
199591,2024-01-06T11:31:36,2024-01-06,109,8,Retail,Afterpay,COUPON90Z-,4.83,AUD
199637,2024-01-06T16:35:17,2024-01-06,508,17,Retail,Afterpay,COUPON--0-,4.73,AUD
199684,2024-01-06T06:35:38,2024-01-06,340,18,Retail,Credit Card,COUPON0-ZA,1.65,AUD
199728,2024-01-06T20:58:46,2024-01-06,299,42,Online,PayPal,COUPON---0,11.8,AUD
199979,2024-01-06T02:07:59,2024-01-06,546,41,Retail,PayPal,COUPON--9-,0.65,AUD
200108,2024-01-06T03:24:29,2024-01-06,97,15,Retail,PayPal,COUPON-99-,18.42,AUD
200254,2024-01-06T20:17:27,2024-01-06,213,40,Retail,Credit Card,COUPONA9-0,13.16,AUD
200385,2024-01-06T19:05:23,2024-01-06,345,16,Online,Afterpay,COUPON-9-Z,1.4,AUD
200554,2024-01-06T02:45:19,2024-01-06,333,45,Online,Afterpay,COUPON00-Z,15.65,AUD
200723,2024-01-06T00:37:39,2024-01-06,583,36,Online,PayPal,COUPONA-0-,14.44,AUD
200913,2024-01-06T21:54:27,2024-01-06,610,34,Online,Afterpay,COUPON-Z0A,9.89,AUD
201102,2024-01-06T15:38:31,2024-01-06,780,40,Retail,Afterpay,COUPON0--A,8.47,AUD
201189,2024-01-06T23:48:00,2024-01-06,368,20,Retail,Afterpay,COUPON90ZZ,13.32,AUD
201218,2024-01-06T16:42:08,2024-01-06,633,5,Retail,Credit Card,COUPON0ZA0,1.89,AUD
201238,2024-01-06T22:15:50,2024-01-06,675,29,Retail,Afterpay,COUPON-0--,17.2,AUD
201281,2024-01-06T20:29:20,2024-01-06,244,41,Online,PayPal,COUPONA0--,14.19,AUD
201367,2024-01-06T19:38:06,2024-01-06,702,6,Online,Credit Card,COUPONA-A9,1.57,AUD
201391,2024-01-06T13:15:53,2024-01-06,351,33,Retail,Credit Card,COUPON0ZA-,14.64,AUD
201445,2024-01-06T02:47:04,2024-01-06,481,38,Retail,PayPal,COUPON0--Z,1.14,AUD
201484,2024-01-06T22:01:55,2024-01-06,139,8,Retail,Afterpay,COUPON0ZAZ,6.59,AUD
201539,2024-01-06T04:04:37,2024-01-06,699,31,Retail,Credit Card,COUPON-Z-Z,16.05,AUD
201586,2024-01-06T21:56:58,2024-01-06,242,23,Online,Credit Card,COUPON---0,1.54,AUD
201635,2024-01-06T19:44:49,2024-01-06,188,29,Online,Credit Card,COUPONZA99,4.45,AUD
201824,2024-01-06T19:22:13,2024-01-06,194,37,Online,PayPal,COUPONZ-Z9,6.91,AUD
201837,2024-01-06T06:11:30,2024-01-06,259,10,Retail,Afterpay,COUPONA9ZA,15.93,AUD
201933,2024-01-06T20:15:25,2024-01-06,318,25,Online,Credit Card,COUPON--9-,13.04,AUD
202098,2024-01-06T04:02:37,2024-01-06,52,28,Online,Credit Card,COUPON--9-,9.6,AUD
202201,2024-01-06T12:58:20,2024-01-06,651,39,Online,Afterpay,COUPON-Z0-,12.6,AUD
202217,2024-01-06T03:24:13,2024-01-06,273,45,Online,Afterpay,COUPON999A,8.87,AUD
202223,2024-01-06T08:40:52,2024-01-06,96,24,Online,Credit Card,COUPON-A-9,1.02,AUD
202229,2024-01-06T18:14:39,2024-01-06,501,14,Online,Credit Card,COUPONZZZZ,9.87,AUD
202317,2024-01-06T12:30:18,2024-01-06,136,20,Retail,PayPal,COUPON00-A,16.61,AUD
202436,2024-01-06T15:55:58,2024-01-06,188,11,Retail,Afterpay,COUPON-ZZ-,14.35,AUD
202449,2024-01-06T03:38:20,2024-01-06,687,30,Retail,PayPal,COUPONA---,16.66,AUD
202542,2024-01-06T22:33:07,2024-01-06,509,16,Retail,Credit Card,COUPON9-0-,9.77,AUD
202660,2024-01-06T05:13:15,2024-01-06,125,28,Online,Credit Card,COUPON9Z--,8.27,AUD
202990,2024-01-06T03:50:23,2024-01-06,237,39,Online,Afterpay,COUPONZZ--,17.99,AUD
203047,2024-01-06T20:35:33,2024-01-06,184,42,Online,PayPal,COUPONZ--0,19.94,AUD
203062,2024-01-06T14:03:18,2024-01-06,770,40,Online,PayPal,COUPONZ9-9,1.69,AUD
203161,2024-01-06T15:47:38,2024-01-06,294,48,Online,Afterpay,COUPON-Z-Z,7.33,AUD
203347,2024-01-06T20:58:50,2024-01-06,755,23,Online,PayPal,COUPONZA9Z,4.53,AUD
203542,2024-01-06T19:57:11,2024-01-06,40,9,Online,Credit Card,COUPON--A-,8.96,AUD
203791,2024-01-06T08:35:54,2024-01-06,442,39,Online,Afterpay,COUPON9A0-,17.69,AUD
203793,2024-01-06T01:18:13,2024-01-06,272,42,Online,PayPal,COUPON-Z09,0.56,AUD
203888,2024-01-06T16:26:51,2024-01-06,3,19,Online,PayPal,COUPON-0A-,11.84,AUD
203923,2024-01-06T03:05:05,2024-01-06,296,4,Retail,Afterpay,COUPON9Z9-,6.11,AUD
204163,2024-01-06T15:23:58,2024-01-06,532,19,Online,Afterpay,COUPON0ZZ-,3.59,AUD
204417,2024-01-06T17:28:57,2024-01-06,37,3,Retail,PayPal,COUPONZ90Z,5.47,AUD
204587,2024-01-06T05:45:27,2024-01-06,676,7,Retail,PayPal,COUPON-099,3.87,AUD
204720,2024-01-06T23:49:48,2024-01-06,622,30,Retail,Afterpay,COUPON9A--,4.49,AUD
204778,2024-01-06T20:33:26,2024-01-06,242,15,Online,Credit Card,COUPON--0A,13.63,AUD
204869,2024-01-06T08:27:30,2024-01-06,302,13,Online,PayPal,COUPON--A9,11.46,AUD
204872,2024-01-06T09:07:17,2024-01-06,226,33,Retail,PayPal,COUPON9Z-0,14.76,AUD
204918,2024-01-06T06:57:56,2024-01-06,673,37,Retail,Credit Card,COUPONA-0-,5.39,AUD
204922,2024-01-06T13:46:12,2024-01-06,159,15,Retail,Afterpay,COUPONZ-Z-,8.67,AUD
205063,2024-01-06T02:10:33,2024-01-06,332,22,Retail,Afterpay,COUPONZA-0,13.51,AUD
205075,2024-01-06T22:01:52,2024-01-06,491,12,Retail,Afterpay,COUPON9990,6.37,AUD
205135,2024-01-06T03:52:30,2024-01-06,153,11,Retail,Credit Card,COUPON-9-0,4.05,AUD
205256,2024-01-06T23:00:03,2024-01-06,548,2,Retail,Credit Card,COUPONZ-09,11.05,AUD
205400,2024-01-06T13:42:36,2024-01-06,528,35,Online,PayPal,COUPON0A9-,4.58,AUD
205529,2024-01-06T02:24:38,2024-01-06,244,23,Online,PayPal,COUPONA-Z0,13.24,AUD
205747,2024-01-06T02:04:55,2024-01-06,408,6,Retail,Credit Card,COUPON-9-0,7.65,AUD
205793,2024-01-06T03:07:57,2024-01-06,190,4,Retail,Afterpay,COUPONAZZ-,4.75,AUD
205809,2024-01-06T04:06:02,2024-01-06,623,37,Online,Credit Card,COUPONAZZ9,7.37,AUD
205954,2024-01-06T20:46:06,2024-01-06,24,12,Online,PayPal,COUPONZ99-,11.85,AUD
206072,2024-01-06T01:35:39,2024-01-06,667,18,Retail,Afterpay,COUPON909A,14.66,AUD
206076,2024-01-06T13:49:03,2024-01-06,396,25,Online,Afterpay,COUPON-90Z,10.42,AUD
206095,2024-01-06T14:47:39,2024-01-06,224,40,Online,PayPal,COUPON0-Z-,17.69,AUD
206195,2024-01-06T17:14:10,2024-01-06,194,38,Online,PayPal,COUPON---9,9.35,AUD
206288,2024-01-06T17:32:59,2024-01-06,417,38,Retail,PayPal,COUPONZZ-Z,19.19,AUD
206311,2024-01-06T08:37:30,2024-01-06,257,32,Online,Credit Card,COUPONAZZZ,16.61,AUD
206322,2024-01-06T21:05:09,2024-01-06,392,6,Online,PayPal,COUPON--Z9,9.46,AUD
206491,2024-01-06T04:05:38,2024-01-06,107,23,Retail,PayPal,COUPON9-Z0,2.51,AUD
206544,2024-01-06T06:56:21,2024-01-06,427,34,Online,Credit Card,COUPONZ-AZ,17.51,AUD
206585,2024-01-06T20:47:56,2024-01-06,375,19,Online,Credit Card,COUPON0ZZZ,6.3,AUD
206624,2024-01-06T01:00:44,2024-01-06,551,15,Online,Afterpay,COUPONA-0Z,15.77,AUD
206809,2024-01-06T10:44:17,2024-01-06,232,20,Retail,Afterpay,COUPON-00-,10.91,AUD
207107,2024-01-06T22:35:31,2024-01-06,331,29,Online,Credit Card,COUPON--0-,4.58,AUD
207123,2024-01-06T12:47:27,2024-01-06,536,6,Retail,Afterpay,COUPON--90,1.99,AUD
207189,2024-01-06T14:41:09,2024-01-06,217,2,Online,Credit Card,COUPON-AAA,2.2,AUD
207214,2024-01-06T23:31:48,2024-01-06,307,18,Online,Afterpay,COUPON-0Z9,9.12,AUD
207228,2024-01-06T05:49:10,2024-01-06,496,24,Online,Credit Card,COUPONA0--,7.73,AUD
207237,2024-01-06T07:41:31,2024-01-06,590,17,Online,Credit Card,COUPONA000,1.9,AUD
207243,2024-01-06T01:04:53,2024-01-06,497,20,Retail,Credit Card,COUPON0-ZZ,10.87,AUD
207260,2024-01-06T03:34:21,2024-01-06,601,42,Retail,Credit Card,COUPON909Z,4.3,AUD
207432,2024-01-06T17:43:01,2024-01-06,214,43,Online,Afterpay,COUPONA--A,5.23,AUD
207522,2024-01-06T23:16:06,2024-01-06,649,33,Online,Credit Card,COUPON-0Z-,1.75,AUD
207531,2024-01-06T03:23:22,2024-01-06,496,5,Online,Afterpay,COUPON9-Z-,3.75,AUD
207734,2024-01-06T23:42:05,2024-01-06,657,32,Retail,Credit Card,COUPON-99A,9.13,AUD
207769,2024-01-06T11:21:04,2024-01-06,144,43,Retail,Credit Card,COUPONZ0A-,0.08,AUD
207788,2024-01-06T06:02:14,2024-01-06,315,15,Retail,PayPal,COUPON90ZA,13.79,AUD
207790,2024-01-06T00:24:27,2024-01-06,304,3,Retail,Afterpay,COUPON-090,12.74,AUD
207902,2024-01-06T14:59:36,2024-01-06,100,39,Online,Credit Card,COUPONAA90,6.18,AUD
207962,2024-01-06T01:42:17,2024-01-06,553,48,Online,Afterpay,COUPON--00,16.76,AUD
208049,2024-01-06T22:29:47,2024-01-06,478,18,Online,Afterpay,COUPONZ-A0,6.42,AUD
208227,2024-01-06T05:25:37,2024-01-06,614,4,Online,PayPal,COUPON0Z--,2.82,AUD
208356,2024-01-06T12:43:07,2024-01-06,153,44,Retail,Afterpay,COUPONZ---,12.01,AUD
208413,2024-01-06T12:09:12,2024-01-06,452,14,Retail,Credit Card,COUPON0A-Z,5.35,AUD
208432,2024-01-06T02:41:56,2024-01-06,618,11,Retail,Credit Card,COUPON-AZZ,1.28,AUD
208569,2024-01-06T21:08:37,2024-01-06,86,20,Retail,PayPal,COUPONZZ-9,14.92,AUD
208623,2024-01-06T12:13:48,2024-01-06,538,7,Online,PayPal,COUPON-Z0-,10.53,AUD
208676,2024-01-06T20:59:46,2024-01-06,762,31,Online,Credit Card,COUPONA0-Z,7.18,AUD
208706,2024-01-06T20:14:17,2024-01-06,535,16,Online,Credit Card,COUPON9A--,4.26,AUD
208742,2024-01-06T17:49:53,2024-01-06,108,43,Retail,PayPal,COUPON-9-Z,11.46,AUD
208770,2024-01-06T12:46:04,2024-01-06,707,12,Retail,Credit Card,COUPON--0A,3.64,AUD
208904,2024-01-06T22:48:52,2024-01-06,280,5,Online,PayPal,COUPONZ-90,9.17,AUD
208930,2024-01-06T03:27:42,2024-01-06,597,12,Online,Credit Card,COUPONAA-0,14.52,AUD
208971,2024-01-06T18:34:28,2024-01-06,364,33,Retail,PayPal,COUPON-0AA,7.31,AUD
209272,2024-01-06T13:41:19,2024-01-06,657,44,Retail,Afterpay,COUPON--A9,14.75,AUD
209316,2024-01-06T08:52:15,2024-01-06,418,43,Online,Afterpay,COUPON-909,3.08,AUD
209325,2024-01-06T00:30:21,2024-01-06,374,29,Online,Credit Card,COUPON-ZA9,5.35,AUD
209459,2024-01-06T03:09:05,2024-01-06,634,24,Retail,Credit Card,COUPONAZZ9,1.54,AUD
209487,2024-01-06T02:10:09,2024-01-06,377,19,Online,PayPal,COUPON9A0-,3.98,AUD
209733,2024-01-06T12:12:10,2024-01-06,520,39,Online,Afterpay,COUPON9Z-Z,8.84,AUD
209745,2024-01-06T14:34:07,2024-01-06,777,34,Retail,Afterpay,COUPON0-Z9,5.8,AUD
209796,2024-01-06T06:35:21,2024-01-06,526,41,Online,Credit Card,COUPON009-,0.12,AUD
209863,2024-01-06T15:01:58,2024-01-06,510,31,Online,Credit Card,COUPON----,3.86,AUD
209885,2024-01-06T13:31:08,2024-01-06,255,28,Online,Credit Card,COUPONA--9,11.21,AUD
210182,2024-01-06T02:04:14,2024-01-06,26,49,Retail,Credit Card,COUPON-09A,0.55,AUD
210303,2024-01-06T08:23:53,2024-01-06,774,41,Online,PayPal,COUPON0Z90,19.87,AUD
210334,2024-01-06T09:59:48,2024-01-06,410,34,Retail,PayPal,COUPON---A,9.68,AUD
210357,2024-01-06T20:59:53,2024-01-06,254,8,Online,Credit Card,COUPONAZ9Z,15.62,AUD
210724,2024-01-06T19:42:49,2024-01-06,175,5,Online,Afterpay,COUPON0Z-0,9.37,AUD
210751,2024-01-06T03:38:06,2024-01-06,382,21,Online,PayPal,COUPON-9-9,6.24,AUD
210992,2024-01-06T23:36:52,2024-01-06,219,13,Online,Credit Card,COUPONZ09Z,11.24,AUD
211125,2024-01-06T18:06:19,2024-01-06,718,22,Online,Credit Card,COUPON-Z-Z,13.1,AUD
211298,2024-01-06T08:02:55,2024-01-06,651,32,Online,Afterpay,COUPONA-Z-,11.97,AUD
211346,2024-01-06T17:47:54,2024-01-06,196,23,Retail,Credit Card,COUPON-A09,9.57,AUD
211436,2024-01-06T06:38:56,2024-01-06,37,40,Retail,Credit Card,COUPON00Z0,17.91,AUD
211595,2024-01-06T23:41:29,2024-01-06,336,26,Online,Credit Card,COUPON9Z-0,9.05,AUD
211663,2024-01-06T01:05:06,2024-01-06,745,13,Retail,PayPal,COUPON9990,4.81,AUD
211704,2024-01-06T02:34:34,2024-01-06,486,36,Online,Credit Card,COUPONZZZ-,7.62,AUD
211709,2024-01-06T23:22:59,2024-01-06,747,47,Retail,Afterpay,COUPON--A0,5.98,AUD
211747,2024-01-06T16:36:37,2024-01-06,609,33,Online,Afterpay,COUPON9--9,10.42,AUD
211874,2024-01-06T14:15:38,2024-01-06,144,4,Retail,PayPal,COUPONZ--A,14.16,AUD
211885,2024-01-06T04:55:31,2024-01-06,382,14,Online,Credit Card,COUPON-AA-,15.56,AUD
211987,2024-01-06T09:43:14,2024-01-06,788,22,Online,PayPal,COUPON-AZ-,19.34,AUD
212117,2024-01-06T09:20:51,2024-01-06,98,8,Online,Afterpay,COUPON0-0-,18.12,AUD
212121,2024-01-06T00:02:34,2024-01-06,177,15,Retail,Afterpay,COUPON---0,15.11,AUD
212243,2024-01-06T01:02:26,2024-01-06,124,6,Online,PayPal,COUPONA999,6.38,AUD
212309,2024-01-06T13:51:09,2024-01-06,118,12,Online,Credit Card,COUPONA9-0,7.07,AUD
212389,2024-01-06T09:04:49,2024-01-06,434,40,Retail,Afterpay,COUPONZ90-,0.22,AUD
212513,2024-01-06T23:15:29,2024-01-06,566,4,Online,PayPal,COUPON-9ZZ,6.76,AUD
212565,2024-01-06T06:31:59,2024-01-06,757,21,Retail,Credit Card,COUPON-0A0,6.82,AUD
212631,2024-01-06T09:06:29,2024-01-06,489,1,Online,Credit Card,COUPON---0,6.82,AUD
212762,2024-01-06T11:38:02,2024-01-06,10,13,Retail,Credit Card,COUPON-9-A,18.39,AUD
212840,2024-01-06T01:45:41,2024-01-06,690,29,Online,Credit Card,COUPON999Z,9.11,AUD
212853,2024-01-06T21:21:29,2024-01-06,148,44,Retail,Afterpay,COUPON--99,10.5,AUD
212858,2024-01-06T17:07:13,2024-01-06,472,5,Retail,Afterpay,COUPONZ-Z0,3.07,AUD
212873,2024-01-06T08:47:25,2024-01-06,521,12,Retail,PayPal,COUPON-0-Z,16.92,AUD
213028,2024-01-06T18:24:22,2024-01-06,736,18,Retail,Credit Card,COUPONZA-0,3.82,AUD
213216,2024-01-06T07:48:16,2024-01-06,434,46,Retail,PayPal,COUPONA99-,15.14,AUD
213334,2024-01-06T10:02:03,2024-01-06,106,12,Retail,Credit Card,COUPON9AZZ,7.31,AUD
213411,2024-01-06T09:20:49,2024-01-06,673,36,Retail,Afterpay,COUPON-90-,15.44,AUD
213554,2024-01-06T16:55:20,2024-01-06,469,26,Online,PayPal,COUPON--Z-,4.64,AUD
213719,2024-01-06T14:27:57,2024-01-06,138,5,Online,PayPal,COUPON-ZZZ,16.0,AUD
213761,2024-01-06T17:38:19,2024-01-06,113,14,Online,Credit Card,COUPON-Z00,0.63,AUD
213800,2024-01-06T01:58:27,2024-01-06,662,9,Online,PayPal,COUPON-9-9,14.93,AUD
213902,2024-01-06T16:42:17,2024-01-06,68,3,Online,PayPal,COUPON-90-,0.14,AUD
213930,2024-01-06T01:03:26,2024-01-06,419,49,Retail,Credit Card,COUPONA--9,18.5,AUD
214248,2024-01-06T08:09:18,2024-01-06,460,41,Retail,Afterpay,COUPON09-Z,5.01,AUD
214410,2024-01-06T03:22:40,2024-01-06,470,2,Retail,PayPal,COUPON99-Z,3.82,AUD
214487,2024-01-06T18:10:03,2024-01-06,396,21,Online,Afterpay,COUPONAZ--,1.65,AUD
214533,2024-01-06T12:21:36,2024-01-06,16,10,Online,PayPal,COUPON9AZZ,14.52,AUD
214633,2024-01-06T18:02:32,2024-01-06,638,35,Retail,Credit Card,COUPON-0--,6.22,AUD
214916,2024-01-06T10:35:01,2024-01-06,221,39,Online,Afterpay,COUPONAZ--,3.22,AUD
214934,2024-01-06T03:32:29,2024-01-06,605,21,Online,PayPal,COUPON--AZ,2.62,AUD
214948,2024-01-06T21:28:42,2024-01-06,91,2,Online,Afterpay,COUPON-990,8.06,AUD
215034,2024-01-06T00:49:25,2024-01-06,93,18,Online,Credit Card,COUPON0-90,14.59,AUD
215144,2024-01-06T12:51:59,2024-01-06,735,25,Online,Credit Card,COUPON0-0-,16.12,AUD
215183,2024-01-06T21:01:34,2024-01-06,312,23,Online,Afterpay,COUPON--09,5.29,AUD
215260,2024-01-06T16:36:05,2024-01-06,645,21,Online,Credit Card,COUPON9-Z0,7.93,AUD
215333,2024-01-06T06:07:58,2024-01-06,732,28,Online,Afterpay,COUPON99AZ,0.74,AUD
215363,2024-01-06T22:10:22,2024-01-06,118,14,Retail,Credit Card,COUPON-09-,5.41,AUD
215676,2024-01-06T22:06:41,2024-01-06,744,14,Retail,Credit Card,COUPON-0-9,6.79,AUD
215710,2024-01-06T11:05:21,2024-01-06,766,6,Retail,PayPal,COUPON009-,3.31,AUD
215898,2024-01-06T12:38:24,2024-01-06,189,7,Online,Credit Card,COUPONZ9-9,5.58,AUD
215906,2024-01-06T02:17:19,2024-01-06,261,40,Online,PayPal,COUPONZ9-9,19.55,AUD
216029,2024-01-06T22:47:37,2024-01-06,686,45,Retail,Afterpay,COUPONZAAZ,1.9,AUD
216112,2024-01-06T01:00:07,2024-01-06,297,46,Online,Credit Card,COUPONA0Z-,3.14,AUD
216141,2024-01-06T00:17:56,2024-01-06,721,32,Online,Afterpay,COUPON-9Z-,2.18,AUD
216183,2024-01-06T00:49:01,2024-01-06,740,8,Online,Afterpay,COUPONAZ--,12.62,AUD
216197,2024-01-06T14:57:20,2024-01-06,129,15,Retail,Afterpay,COUPONAAZ0,18.86,AUD
216217,2024-01-06T03:58:09,2024-01-06,330,36,Retail,Afterpay,COUPON-0A9,8.08,AUD
216297,2024-01-06T00:49:07,2024-01-06,145,38,Online,Afterpay,COUPON0AZ0,3.57,AUD
216492,2024-01-06T18:44:45,2024-01-06,78,10,Retail,Afterpay,COUPON-ZZA,8.22,AUD
216533,2024-01-06T22:23:56,2024-01-06,698,31,Retail,PayPal,COUPON0A9-,16.89,AUD
216791,2024-01-06T06:15:01,2024-01-06,467,4,Retail,Credit Card,COUPON--Z9,14.6,AUD
216946,2024-01-06T18:03:00,2024-01-06,736,23,Online,Credit Card,COUPON0--Z,19.23,AUD
217279,2024-01-06T12:27:21,2024-01-06,692,18,Retail,Afterpay,COUPON0Z00,1.59,AUD
217344,2024-01-06T23:11:55,2024-01-06,300,19,Retail,Credit Card,COUPON---A,18.28,AUD
217384,2024-01-06T17:31:32,2024-01-06,456,27,Retail,Afterpay,COUPON9---,11.88,AUD
217464,2024-01-06T02:52:17,2024-01-06,331,13,Online,Afterpay,COUPON-09A,18.17,AUD
217541,2024-01-06T00:03:10,2024-01-06,36,17,Retail,PayPal,COUPON90Z-,10.47,AUD
217608,2024-01-06T22:08:01,2024-01-06,455,18,Retail,Afterpay,COUPONZ0-9,2.12,AUD
217616,2024-01-06T00:57:48,2024-01-06,427,23,Retail,Afterpay,COUPON----,7.91,AUD
217653,2024-01-06T20:01:22,2024-01-06,683,33,Online,Credit Card,COUPONZ9AZ,18.08,AUD
217775,2024-01-06T13:48:11,2024-01-06,646,24,Retail,Credit Card,COUPON00A-,11.21,AUD
217911,2024-01-06T18:17:02,2024-01-06,240,6,Retail,PayPal,COUPON-AA-,12.35,AUD
217917,2024-01-06T23:22:07,2024-01-06,639,7,Retail,Afterpay,COUPON0AAA,16.91,AUD
218003,2024-01-06T15:18:15,2024-01-06,78,48,Retail,Credit Card,COUPON99Z-,7.29,AUD
218075,2024-01-06T23:49:09,2024-01-06,111,31,Online,PayPal,COUPON9-0-,19.34,AUD
218103,2024-01-06T08:29:08,2024-01-06,602,43,Online,Afterpay,COUPON--0-,0.69,AUD
218175,2024-01-06T07:23:07,2024-01-06,746,49,Retail,Credit Card,COUPON--00,13.74,AUD
218322,2024-01-06T23:15:28,2024-01-06,310,34,Online,PayPal,COUPONAAZ0,14.72,AUD
218469,2024-01-06T20:55:51,2024-01-06,616,29,Online,Afterpay,COUPON090A,0.56,AUD
218496,2024-01-06T05:41:59,2024-01-06,18,43,Online,Credit Card,COUPON99-0,18.94,AUD
218503,2024-01-06T07:40:45,2024-01-06,283,38,Online,PayPal,COUPON-0--,16.98,AUD
218707,2024-01-06T14:30:35,2024-01-06,85,40,Retail,Afterpay,COUPONA90A,16.93,AUD
218759,2024-01-06T08:22:07,2024-01-06,417,43,Online,Afterpay,COUPON9-Z-,0.92,AUD
219050,2024-01-06T14:02:56,2024-01-06,684,21,Online,Afterpay,COUPONZ-A9,18.46,AUD
219294,2024-01-06T03:27:33,2024-01-06,650,32,Online,Credit Card,COUPONZ9A0,9.98,AUD
219314,2024-01-06T18:39:23,2024-01-06,263,23,Retail,Afterpay,COUPON90--,12.54,AUD
219386,2024-01-06T12:13:25,2024-01-06,410,11,Online,PayPal,COUPON--AA,1.22,AUD
219472,2024-01-06T02:40:27,2024-01-06,666,2,Retail,PayPal,COUPON-9A9,15.04,AUD
219503,2024-01-06T00:13:54,2024-01-06,498,15,Retail,PayPal,COUPON0--0,17.8,AUD
219525,2024-01-06T01:27:40,2024-01-06,501,32,Online,PayPal,COUPON09-0,7.5,AUD
219550,2024-01-06T06:16:04,2024-01-06,144,24,Online,PayPal,COUPON9--A,7.73,AUD
219897,2024-01-06T00:45:31,2024-01-06,298,20,Retail,Afterpay,COUPONA0ZZ,0.31,AUD
219961,2024-01-06T05:02:15,2024-01-06,391,28,Retail,Credit Card,COUPONZA09,16.79,AUD
219984,2024-01-06T03:27:20,2024-01-06,771,10,Retail,PayPal,COUPONAZA9,11.06,AUD
220025,2024-01-06T02:40:06,2024-01-06,291,43,Retail,Afterpay,COUPON-AZ0,11.13,AUD
220144,2024-01-06T12:52:57,2024-01-06,277,22,Retail,Afterpay,COUPONZ-00,16.76,AUD
220154,2024-01-06T00:31:59,2024-01-06,565,10,Online,PayPal,COUPON0-A-,5.6,AUD
220162,2024-01-06T02:06:01,2024-01-06,760,45,Online,Credit Card,COUPON9--Z,19.74,AUD
220328,2024-01-06T00:53:12,2024-01-06,302,7,Online,Credit Card,COUPON-Z-Z,8.12,AUD
220330,2024-01-06T10:09:41,2024-01-06,587,25,Retail,PayPal,COUPONAZ00,13.88,AUD
220359,2024-01-06T08:21:32,2024-01-06,457,35,Retail,Credit Card,COUPON-9Z9,3.37,AUD
220386,2024-01-06T06:49:04,2024-01-06,82,43,Online,PayPal,COUPONA-ZA,18.53,AUD
220564,2024-01-06T08:04:04,2024-01-06,54,28,Online,Afterpay,COUPON990-,3.61,AUD
220596,2024-01-06T06:04:57,2024-01-06,795,1,Retail,Afterpay,COUPON-9AA,16.41,AUD
220687,2024-01-06T06:59:59,2024-01-06,388,1,Online,PayPal,COUPON09AZ,2.95,AUD
221096,2024-01-06T22:39:28,2024-01-06,73,10,Retail,Afterpay,COUPONAZA-,6.51,AUD
221102,2024-01-06T18:34:19,2024-01-06,336,10,Online,Credit Card,COUPONA9A9,11.19,AUD
221203,2024-01-06T03:21:16,2024-01-06,731,25,Retail,PayPal,COUPON--A-,14.06,AUD
221298,2024-01-06T21:13:44,2024-01-06,656,12,Retail,Afterpay,COUPON90-0,13.02,AUD
221325,2024-01-06T20:21:52,2024-01-06,212,40,Online,Credit Card,COUPONZZ--,0.6,AUD
221586,2024-01-06T02:36:49,2024-01-06,562,17,Retail,Afterpay,COUPON-0--,15.94,AUD
221600,2024-01-06T10:44:00,2024-01-06,511,35,Retail,PayPal,COUPONAA90,18.09,AUD
221633,2024-01-06T18:17:03,2024-01-06,788,7,Online,Credit Card,COUPON-Z-0,15.05,AUD
221644,2024-01-06T15:48:26,2024-01-06,279,39,Retail,Afterpay,COUPONA90Z,9.96,AUD
221714,2024-01-06T05:47:43,2024-01-06,35,23,Online,Credit Card,COUPONZ99Z,19.99,AUD
221715,2024-01-06T18:27:41,2024-01-06,248,40,Retail,PayPal,COUPON0A0-,17.94,AUD
221781,2024-01-06T04:59:51,2024-01-06,583,11,Online,Credit Card,COUPONAA9A,0.91,AUD
221943,2024-01-06T17:42:19,2024-01-06,355,33,Online,Afterpay,COUPON-09-,11.7,AUD
221982,2024-01-06T06:02:32,2024-01-06,521,19,Retail,Afterpay,COUPONZ-Z-,1.47,AUD
222130,2024-01-06T00:57:46,2024-01-06,575,17,Online,PayPal,COUPON--A-,10.38,AUD
222216,2024-01-06T13:08:39,2024-01-06,354,2,Online,Afterpay,COUPONAZA9,8.77,AUD
222296,2024-01-06T09:06:12,2024-01-06,220,9,Online,Afterpay,COUPONA--0,5.47,AUD
222309,2024-01-06T02:40:44,2024-01-06,571,1,Retail,PayPal,COUPONAZ-9,3.01,AUD
222330,2024-01-06T10:31:12,2024-01-06,119,8,Retail,Credit Card,COUPON0AZ-,3.31,AUD
222406,2024-01-06T13:33:48,2024-01-06,327,33,Online,PayPal,COUPON-9-Z,4.59,AUD
222523,2024-01-06T05:47:38,2024-01-06,34,39,Retail,Afterpay,COUPON-9A-,5.79,AUD
222611,2024-01-06T06:17:35,2024-01-06,257,34,Retail,PayPal,COUPONAA-Z,3.29,AUD
222791,2024-01-06T02:15:25,2024-01-06,549,19,Retail,PayPal,COUPON00-0,0.49,AUD
222808,2024-01-06T21:32:49,2024-01-06,231,2,Online,Afterpay,COUPON----,6.22,AUD
222882,2024-01-06T06:54:02,2024-01-06,387,19,Online,Afterpay,COUPON90-Z,8.97,AUD
222887,2024-01-06T13:17:49,2024-01-06,357,20,Retail,Credit Card,COUPON9-AA,19.86,AUD
222888,2024-01-06T07:15:21,2024-01-06,228,46,Retail,Credit Card,COUPONAA0-,15.87,AUD
222899,2024-01-06T02:19:19,2024-01-06,264,24,Online,Credit Card,COUPON0A9-,3.87,AUD
223000,2024-01-06T18:52:33,2024-01-06,44,18,Online,Afterpay,COUPON-9--,15.29,AUD
223036,2024-01-06T04:31:59,2024-01-06,44,7,Retail,PayPal,COUPON-Z--,8.84,AUD
223039,2024-01-06T19:57:37,2024-01-06,62,25,Online,Credit Card,COUPON-Z0Z,9.72,AUD
223182,2024-01-06T12:55:37,2024-01-06,799,25,Retail,PayPal,COUPON9-0A,13.74,AUD
223271,2024-01-06T23:48:25,2024-01-06,416,33,Online,Credit Card,COUPON-A-9,3.7,AUD
223279,2024-01-06T15:49:24,2024-01-06,194,7,Online,Afterpay,COUPON-0-9,14.29,AUD
223423,2024-01-06T05:12:49,2024-01-06,264,2,Retail,PayPal,COUPONAAA0,11.05,AUD
223442,2024-01-06T02:54:23,2024-01-06,21,14,Retail,Afterpay,COUPON-Z-9,5.66,AUD
223463,2024-01-06T05:41:44,2024-01-06,439,42,Online,Afterpay,COUPON-A--,18.2,AUD
223608,2024-01-06T08:23:28,2024-01-06,370,34,Online,Afterpay,COUPONZ0ZA,4.84,AUD
223767,2024-01-06T08:59:47,2024-01-06,382,28,Online,Afterpay,COUPON0Z9-,8.39,AUD
223794,2024-01-06T21:39:35,2024-01-06,286,13,Retail,Credit Card,COUPON0-ZA,8.1,AUD
223955,2024-01-06T03:35:54,2024-01-06,428,31,Online,PayPal,COUPONZ-90,7.02,AUD
224019,2024-01-06T06:08:51,2024-01-06,351,23,Online,Afterpay,COUPONA0A0,13.9,AUD
224102,2024-01-06T02:35:50,2024-01-06,92,23,Online,Afterpay,COUPONZ0AA,6.57,AUD
224110,2024-01-06T17:45:40,2024-01-06,14,12,Retail,Credit Card,COUPONZZ00,11.0,AUD
224149,2024-01-06T19:42:32,2024-01-06,218,23,Online,Credit Card,COUPON9Z--,17.18,AUD
224262,2024-01-06T19:32:33,2024-01-06,441,42,Retail,PayPal,COUPON-AZ-,3.76,AUD
224285,2024-01-06T21:25:00,2024-01-06,716,42,Online,PayPal,COUPON-Z-Z,19.48,AUD
224414,2024-01-06T18:59:59,2024-01-06,560,36,Retail,Credit Card,COUPON0A99,13.84,AUD
224494,2024-01-06T14:18:12,2024-01-06,413,25,Retail,Afterpay,COUPON0--0,2.87,AUD
224676,2024-01-06T16:50:47,2024-01-06,226,3,Online,Afterpay,COUPONZ09A,8.84,AUD
224716,2024-01-06T20:19:50,2024-01-06,482,20,Online,Afterpay,COUPON000Z,19.24,AUD
224718,2024-01-06T10:06:02,2024-01-06,144,39,Retail,Afterpay,COUPON90A9,8.38,AUD
224763,2024-01-06T18:23:05,2024-01-06,449,27,Online,Afterpay,COUPONAA0A,4.9,AUD
224862,2024-01-06T14:34:37,2024-01-06,765,42,Retail,Credit Card,COUPONA9--,10.64,AUD
224890,2024-01-06T16:24:54,2024-01-06,220,2,Online,Afterpay,COUPON-ZA0,3.46,AUD
224939,2024-01-06T04:33:41,2024-01-06,40,35,Retail,Afterpay,COUPON-Z9-,15.83,AUD
225078,2024-01-06T22:40:11,2024-01-06,78,15,Online,Afterpay,COUPON---Z,1.85,AUD
225561,2024-01-06T08:43:46,2024-01-06,704,15,Retail,PayPal,COUPON-990,14.76,AUD
226009,2024-01-06T23:07:13,2024-01-06,22,9,Retail,Credit Card,COUPON-99A,13.52,AUD
226060,2024-01-06T08:57:40,2024-01-06,619,9,Retail,PayPal,COUPON9-9Z,16.85,AUD
226136,2024-01-06T06:02:16,2024-01-06,192,21,Retail,Afterpay,COUPON-0-Z,10.77,AUD
226399,2024-01-06T12:00:20,2024-01-06,411,47,Retail,PayPal,COUPON-9-0,12.05,AUD
226447,2024-01-06T09:58:15,2024-01-06,58,27,Online,PayPal,COUPONA9AZ,9.98,AUD
226528,2024-01-06T12:34:10,2024-01-06,637,28,Retail,Afterpay,COUPONZ-A-,1.04,AUD
226726,2024-01-06T11:23:29,2024-01-06,636,4,Retail,PayPal,COUPON0AZ0,10.15,AUD
226733,2024-01-06T16:53:29,2024-01-06,376,37,Retail,Afterpay,COUPON9-9-,11.67,AUD
226741,2024-01-06T18:44:56,2024-01-06,549,44,Online,PayPal,COUPON-0A0,18.17,AUD
226748,2024-01-06T14:05:57,2024-01-06,214,3,Online,Afterpay,COUPONZ-A-,7.18,AUD
226874,2024-01-06T03:29:15,2024-01-06,447,8,Retail,Credit Card,COUPON--Z9,6.52,AUD
226896,2024-01-06T17:15:39,2024-01-06,189,29,Retail,PayPal,COUPON9-A-,3.14,AUD
226897,2024-01-06T01:29:35,2024-01-06,378,35,Retail,PayPal,COUPON-99Z,8.15,AUD
226922,2024-01-06T09:48:50,2024-01-06,194,1,Online,PayPal,COUPONA-09,19.61,AUD
226993,2024-01-06T12:00:15,2024-01-06,225,35,Retail,Credit Card,COUPON0ZZZ,19.72,AUD
227009,2024-01-06T19:12:52,2024-01-06,718,40,Online,Afterpay,COUPON-A-0,8.41,AUD
227021,2024-01-06T07:49:33,2024-01-06,80,15,Online,Afterpay,COUPON0Z0-,2.58,AUD
227106,2024-01-06T02:42:22,2024-01-06,554,40,Online,Afterpay,COUPON-0-A,0.57,AUD
227107,2024-01-06T07:00:04,2024-01-06,298,30,Online,Credit Card,COUPON90A-,18.0,AUD
227117,2024-01-06T16:49:41,2024-01-06,492,36,Online,PayPal,COUPONA-ZZ,9.19,AUD
227124,2024-01-06T13:10:37,2024-01-06,666,24,Online,Afterpay,COUPON9-0-,16.5,AUD
227292,2024-01-06T02:41:15,2024-01-06,166,45,Online,Afterpay,COUPONZ--Z,9.48,AUD
227345,2024-01-06T01:29:34,2024-01-06,75,4,Retail,PayPal,COUPON-Z--,6.1,AUD
227449,2024-01-06T05:30:11,2024-01-06,431,9,Online,Afterpay,COUPON-999,0.68,AUD
227533,2024-01-06T11:33:09,2024-01-06,465,35,Retail,PayPal,COUPONZ-ZZ,16.91,AUD
227848,2024-01-06T05:22:24,2024-01-06,350,10,Retail,PayPal,COUPON-ZZZ,16.45,AUD
228042,2024-01-06T03:19:36,2024-01-06,671,15,Retail,Afterpay,COUPONZ9Z9,14.94,AUD
228239,2024-01-06T17:23:25,2024-01-06,597,36,Retail,Credit Card,COUPONAAZ-,5.02,AUD
228265,2024-01-06T05:58:24,2024-01-06,442,2,Retail,Afterpay,COUPON009A,16.21,AUD
228444,2024-01-06T00:16:28,2024-01-06,432,42,Online,Afterpay,COUPONZ---,0.36,AUD
228582,2024-01-06T13:43:45,2024-01-06,584,22,Online,PayPal,COUPON-AA0,4.07,AUD
228609,2024-01-06T23:23:59,2024-01-06,16,39,Online,Credit Card,COUPON0-99,15.25,AUD
228718,2024-01-06T08:42:36,2024-01-06,656,40,Online,PayPal,COUPON--A-,4.4,AUD
229043,2024-01-06T03:52:41,2024-01-06,544,22,Online,Credit Card,COUPONZ-9Z,18.39,AUD
229183,2024-01-06T09:36:44,2024-01-06,718,8,Retail,PayPal,COUPONAAZ0,10.73,AUD
229376,2024-01-06T08:25:49,2024-01-06,637,10,Online,Afterpay,COUPONAA-0,2.23,AUD
229405,2024-01-06T07:29:28,2024-01-06,55,4,Online,Afterpay,COUPONAZ--,2.51,AUD
229442,2024-01-06T04:37:18,2024-01-06,213,31,Online,Credit Card,COUPON----,19.06,AUD
229582,2024-01-06T18:22:06,2024-01-06,516,39,Retail,Credit Card,COUPONZ-09,13.82,AUD
229623,2024-01-06T00:18:24,2024-01-06,136,34,Retail,PayPal,COUPONZ0A9,12.29,AUD
229791,2024-01-06T01:42:45,2024-01-06,398,20,Retail,PayPal,COUPONZ9A9,10.54,AUD
230045,2024-01-06T20:53:45,2024-01-06,361,5,Online,Credit Card,COUPON9-9-,9.69,AUD
230326,2024-01-06T17:03:36,2024-01-06,45,34,Online,Afterpay,COUPONA-90,12.69,AUD
230437,2024-01-06T15:16:47,2024-01-06,694,29,Retail,Credit Card,COUPON0ZA9,13.48,AUD
230551,2024-01-06T20:26:47,2024-01-06,188,43,Online,PayPal,COUPON-Z-9,8.91,AUD
230625,2024-01-06T17:52:28,2024-01-06,634,26,Online,Credit Card,COUPONA-0-,13.89,AUD
230690,2024-01-06T02:34:19,2024-01-06,715,30,Online,PayPal,COUPON99AZ,3.71,AUD
230744,2024-01-06T06:46:21,2024-01-06,528,29,Retail,PayPal,COUPON-Z--,8.57,AUD
230768,2024-01-06T19:32:57,2024-01-06,608,48,Online,Credit Card,COUPON-A--,10.08,AUD
230803,2024-01-06T20:31:58,2024-01-06,330,28,Retail,Credit Card,COUPON00AA,8.97,AUD
230810,2024-01-06T19:48:41,2024-01-06,479,13,Online,Afterpay,COUPONZ0ZZ,18.84,AUD
230828,2024-01-06T22:09:49,2024-01-06,303,22,Retail,Credit Card,COUPONZ--0,3.24,AUD
230902,2024-01-06T15:30:44,2024-01-06,284,38,Retail,Afterpay,COUPONZZZ0,13.58,AUD
230953,2024-01-06T13:28:19,2024-01-06,500,8,Online,Afterpay,COUPON9-ZA,2.79,AUD
231087,2024-01-06T22:44:50,2024-01-06,658,27,Retail,Credit Card,COUPON0AZ-,13.66,AUD
231109,2024-01-06T01:35:38,2024-01-06,285,11,Retail,Credit Card,COUPONZ09-,13.12,AUD
231353,2024-01-06T23:45:16,2024-01-06,355,44,Online,Credit Card,COUPON--0A,5.04,AUD
231541,2024-01-06T16:42:24,2024-01-06,222,16,Online,Afterpay,COUPON-9ZZ,19.39,AUD
231724,2024-01-06T05:13:15,2024-01-06,589,7,Online,Credit Card,COUPONZ-9-,19.25,AUD
231876,2024-01-06T12:14:06,2024-01-06,593,21,Online,Afterpay,COUPON-A9Z,13.12,AUD
231914,2024-01-06T09:05:23,2024-01-06,744,40,Online,PayPal,COUPONZ-0Z,2.55,AUD
232001,2024-01-06T05:54:58,2024-01-06,587,8,Online,Credit Card,COUPONA9Z-,4.56,AUD
232029,2024-01-06T08:49:41,2024-01-06,689,26,Retail,PayPal,COUPON-AZ0,3.64,AUD
232131,2024-01-06T10:22:53,2024-01-06,441,8,Retail,PayPal,COUPON0A99,19.3,AUD
232274,2024-01-06T10:42:19,2024-01-06,234,44,Retail,PayPal,COUPONZ--A,8.08,AUD
232865,2024-01-06T09:31:31,2024-01-06,584,1,Retail,PayPal,COUPON09ZA,18.8,AUD
232903,2024-01-06T20:14:28,2024-01-06,478,4,Online,Credit Card,COUPON0-A0,14.47,AUD
232943,2024-01-06T06:29:48,2024-01-06,515,31,Online,Credit Card,COUPON-00Z,8.72,AUD
233070,2024-01-06T12:57:57,2024-01-06,344,24,Retail,Credit Card,COUPON0090,0.74,AUD
233159,2024-01-06T09:47:21,2024-01-06,161,37,Retail,PayPal,COUPONZ-0A,10.95,AUD
233197,2024-01-06T06:08:58,2024-01-06,23,11,Retail,PayPal,COUPON00--,7.03,AUD
233263,2024-01-06T17:31:47,2024-01-06,145,16,Retail,Afterpay,COUPON-Z99,18.63,AUD
233354,2024-01-06T16:23:49,2024-01-06,448,38,Retail,Afterpay,COUPONZ0-A,16.88,AUD
233421,2024-01-06T08:21:22,2024-01-06,95,32,Retail,Afterpay,COUPON00-Z,6.04,AUD
233535,2024-01-06T12:23:58,2024-01-06,667,31,Online,Credit Card,COUPON--90,3.43,AUD
233848,2024-01-06T22:33:01,2024-01-06,418,47,Retail,Afterpay,COUPONZAZZ,15.7,AUD
233914,2024-01-06T01:55:36,2024-01-06,408,4,Online,PayPal,COUPONZ-Z9,8.95,AUD
233920,2024-01-06T05:54:01,2024-01-06,464,39,Retail,Afterpay,COUPON-9-9,0.67,AUD
234193,2024-01-06T20:28:22,2024-01-06,462,33,Online,PayPal,COUPON0AA9,6.83,AUD
234478,2024-01-06T03:24:52,2024-01-06,532,40,Retail,PayPal,COUPONAZ-Z,3.3,AUD
234504,2024-01-06T19:11:15,2024-01-06,444,40,Online,Afterpay,COUPON-AAZ,11.25,AUD
234607,2024-01-06T21:19:54,2024-01-06,121,12,Online,Credit Card,COUPON-Z0-,13.09,AUD
234637,2024-01-06T05:47:38,2024-01-06,545,38,Retail,Credit Card,COUPON90-A,4.84,AUD
234671,2024-01-06T05:44:00,2024-01-06,544,13,Online,PayPal,COUPON-0-A,0.42,AUD
234892,2024-01-06T06:59:43,2024-01-06,334,45,Online,PayPal,COUPONA---,13.23,AUD
235070,2024-01-06T10:04:04,2024-01-06,258,44,Retail,Afterpay,COUPONA9-Z,16.05,AUD
235216,2024-01-06T06:24:38,2024-01-06,228,18,Retail,PayPal,COUPONAA9A,6.63,AUD
235225,2024-01-06T11:55:02,2024-01-06,138,39,Online,PayPal,COUPON-Z9Z,7.68,AUD
235537,2024-01-06T11:17:08,2024-01-06,19,30,Online,Credit Card,COUPON0---,5.6,AUD
235619,2024-01-06T08:59:24,2024-01-06,374,32,Online,Credit Card,COUPON-ZZ-,11.21,AUD
235729,2024-01-06T23:19:17,2024-01-06,491,48,Retail,PayPal,COUPON099Z,18.42,AUD
235733,2024-01-06T06:18:14,2024-01-06,152,24,Retail,Credit Card,COUPON---Z,8.75,AUD
235772,2024-01-06T11:22:14,2024-01-06,358,43,Retail,Afterpay,COUPONZ--Z,8.38,AUD
236084,2024-01-06T08:31:13,2024-01-06,304,45,Retail,Credit Card,COUPONA--0,8.63,AUD
236124,2024-01-06T15:09:50,2024-01-06,535,35,Retail,PayPal,COUPON---9,7.62,AUD
236141,2024-01-06T22:25:22,2024-01-06,562,25,Online,Credit Card,COUPON9ZA-,0.16,AUD
236292,2024-01-06T06:57:24,2024-01-06,623,18,Retail,Afterpay,COUPONZZ99,16.95,AUD
236458,2024-01-06T03:04:24,2024-01-06,686,26,Retail,Afterpay,COUPON90-0,13.17,AUD
236474,2024-01-06T18:45:13,2024-01-06,538,26,Online,PayPal,COUPON0AA0,9.19,AUD
236523,2024-01-06T16:16:52,2024-01-06,396,24,Retail,Credit Card,COUPON-A--,2.29,AUD
236718,2024-01-06T21:55:30,2024-01-06,370,16,Retail,PayPal,COUPONA-9-,12.06,AUD
236741,2024-01-06T04:56:40,2024-01-06,468,15,Retail,Afterpay,COUPON0--A,10.02,AUD
236761,2024-01-06T05:52:37,2024-01-06,621,36,Retail,Credit Card,COUPON9ZA9,0.87,AUD
236835,2024-01-06T01:38:45,2024-01-06,317,32,Online,Credit Card,COUPON-Z9A,14.62,AUD
236897,2024-01-06T17:04:18,2024-01-06,749,11,Online,Credit Card,COUPONZ99-,7.0,AUD
236905,2024-01-06T12:32:56,2024-01-06,778,24,Online,PayPal,COUPONA909,16.23,AUD
236992,2024-01-06T03:10:14,2024-01-06,341,12,Online,PayPal,COUPON-AZZ,9.86,AUD
237041,2024-01-06T13:07:44,2024-01-06,462,47,Online,PayPal,COUPONZA-A,11.08,AUD
237116,2024-01-06T16:52:18,2024-01-06,515,41,Online,Afterpay,COUPON-009,2.48,AUD
237135,2024-01-06T11:42:56,2024-01-06,217,38,Online,PayPal,COUPON--A-,13.31,AUD
237380,2024-01-06T09:06:35,2024-01-06,541,23,Retail,Afterpay,COUPON0Z-A,17.6,AUD
237512,2024-01-06T10:32:37,2024-01-06,780,16,Retail,PayPal,COUPON0ZA0,8.25,AUD
237525,2024-01-06T20:13:15,2024-01-06,728,17,Online,Credit Card,COUPON9ZA-,2.05,AUD
237567,2024-01-06T13:25:20,2024-01-06,172,41,Online,Afterpay,COUPON--0Z,7.69,AUD
237595,2024-01-06T20:46:54,2024-01-06,154,17,Retail,PayPal,COUPON-000,1.29,AUD
237636,2024-01-06T00:47:13,2024-01-06,439,23,Retail,PayPal,COUPON-0-Z,6.18,AUD
237925,2024-01-06T10:45:44,2024-01-06,50,32,Online,Afterpay,COUPON-0-0,8.68,AUD
238034,2024-01-06T09:04:18,2024-01-06,299,22,Retail,Credit Card,COUPON-99-,18.23,AUD
238084,2024-01-06T01:44:42,2024-01-06,232,31,Online,Afterpay,COUPONZ9Z0,10.81,AUD
238110,2024-01-06T10:51:25,2024-01-06,18,39,Retail,Afterpay,COUPON--09,4.61,AUD
238239,2024-01-06T17:51:16,2024-01-06,756,39,Retail,Credit Card,COUPONZ9-0,8.64,AUD
238323,2024-01-06T14:04:30,2024-01-06,665,27,Retail,PayPal,COUPONA-0-,10.54,AUD
238361,2024-01-06T01:31:51,2024-01-06,698,38,Online,Afterpay,COUPONA900,11.45,AUD
238371,2024-01-06T09:31:15,2024-01-06,182,48,Online,PayPal,COUPONA---,16.47,AUD
238505,2024-01-06T15:13:57,2024-01-06,294,7,Retail,Afterpay,COUPON99AZ,17.9,AUD
238693,2024-01-06T07:31:34,2024-01-06,317,8,Retail,Afterpay,COUPONA-9A,6.97,AUD
238731,2024-01-06T17:30:55,2024-01-06,775,5,Online,Afterpay,COUPON0-0Z,0.91,AUD
238738,2024-01-06T13:11:26,2024-01-06,483,11,Retail,Afterpay,COUPON-ZA0,9.3,AUD
238967,2024-01-06T04:23:01,2024-01-06,605,47,Retail,PayPal,COUPON-AZ-,10.75,AUD
239198,2024-01-06T19:19:19,2024-01-06,366,3,Online,PayPal,COUPONZ-AA,13.49,AUD
239267,2024-01-06T22:32:39,2024-01-06,441,23,Retail,Afterpay,COUPON9-A0,17.17,AUD
239329,2024-01-06T11:00:47,2024-01-06,94,33,Retail,PayPal,COUPONAZ0A,18.5,AUD
239407,2024-01-06T19:50:50,2024-01-06,387,20,Retail,Afterpay,COUPON9ZZ0,7.31,AUD
239435,2024-01-06T17:21:16,2024-01-06,45,27,Retail,Credit Card,COUPON099-,4.91,AUD
239470,2024-01-06T11:40:31,2024-01-06,772,24,Retail,Afterpay,COUPON-Z0Z,11.42,AUD
239741,2024-01-06T07:34:52,2024-01-06,390,39,Retail,PayPal,COUPON---9,15.94,AUD
239768,2024-01-06T06:32:50,2024-01-06,522,12,Online,Credit Card,COUPON--9-,2.45,AUD
239797,2024-01-06T18:06:35,2024-01-06,174,8,Online,Afterpay,COUPON--99,9.21,AUD
239977,2024-01-06T00:10:29,2024-01-06,689,3,Online,PayPal,COUPONZ0A-,2.06,AUD
240070,2024-01-06T01:46:14,2024-01-06,2,18,Retail,Afterpay,COUPONZ9Z0,4.77,AUD
240101,2024-01-06T02:12:51,2024-01-06,752,10,Online,Afterpay,COUPON0A9-,2.15,AUD
240105,2024-01-06T10:16:41,2024-01-06,658,22,Retail,PayPal,COUPONZ9--,10.74,AUD
240152,2024-01-06T10:01:07,2024-01-06,446,30,Retail,PayPal,COUPON9ZZ0,5.06,AUD
240239,2024-01-06T01:01:13,2024-01-06,327,25,Retail,Credit Card,COUPON--9-,4.86,AUD
240368,2024-01-06T10:46:45,2024-01-06,703,28,Retail,Afterpay,COUPON-Z9-,6.28,AUD
240371,2024-01-06T23:19:36,2024-01-06,590,29,Online,Credit Card,COUPON0ZA-,11.75,AUD
240635,2024-01-06T11:57:47,2024-01-06,413,19,Retail,PayPal,COUPONZ99-,8.11,AUD
240913,2024-01-06T14:20:57,2024-01-06,607,13,Retail,PayPal,COUPON9--Z,5.61,AUD
241101,2024-01-06T01:25:33,2024-01-06,106,34,Retail,PayPal,COUPON--9-,2.16,AUD
241168,2024-01-06T07:58:30,2024-01-06,312,41,Retail,PayPal,COUPON--90,9.6,AUD
241201,2024-01-06T03:54:37,2024-01-06,231,38,Online,Credit Card,COUPON-Z9-,15.31,AUD
241238,2024-01-06T21:42:06,2024-01-06,596,21,Online,Credit Card,COUPONA9--,2.96,AUD
241351,2024-01-06T21:23:48,2024-01-06,661,30,Retail,Afterpay,COUPON9-9-,0.07,AUD
241716,2024-01-06T18:08:16,2024-01-06,608,47,Online,PayPal,COUPON0009,2.95,AUD
241722,2024-01-06T20:29:00,2024-01-06,328,47,Online,PayPal,COUPON9-A-,2.38,AUD
241890,2024-01-06T07:53:49,2024-01-06,693,32,Retail,Credit Card,COUPONA--9,10.57,AUD
242037,2024-01-06T07:31:50,2024-01-06,541,41,Online,Credit Card,COUPON09A0,7.71,AUD
242192,2024-01-06T04:06:22,2024-01-06,143,38,Retail,Credit Card,COUPON--0-,1.72,AUD
242210,2024-01-06T05:52:07,2024-01-06,240,7,Retail,PayPal,COUPONA0Z-,17.71,AUD
242300,2024-01-06T22:46:43,2024-01-06,270,6,Online,Credit Card,COUPON-AZ-,18.75,AUD
242354,2024-01-06T03:55:47,2024-01-06,225,20,Online,Credit Card,COUPONAZ-9,6.58,AUD
242397,2024-01-06T12:10:28,2024-01-06,330,21,Retail,PayPal,COUPON0A00,19.98,AUD
242400,2024-01-06T10:27:56,2024-01-06,26,11,Online,Credit Card,COUPON9AAZ,14.59,AUD
242440,2024-01-06T17:36:27,2024-01-06,316,41,Retail,PayPal,COUPON-Z9-,4.11,AUD
242446,2024-01-06T07:57:02,2024-01-06,108,40,Online,PayPal,COUPONA00Z,5.22,AUD
242647,2024-01-06T22:08:40,2024-01-06,799,28,Retail,Credit Card,COUPON-0--,14.84,AUD
242794,2024-01-06T10:23:09,2024-01-06,311,17,Online,Afterpay,COUPON0---,1.74,AUD
242858,2024-01-06T06:29:44,2024-01-06,585,9,Online,Afterpay,COUPONA0ZZ,2.9,AUD
243010,2024-01-06T22:43:32,2024-01-06,281,8,Retail,Credit Card,COUPON-Z9A,10.17,AUD
243026,2024-01-06T10:26:03,2024-01-06,451,23,Retail,Credit Card,COUPON90Z9,7.28,AUD
243046,2024-01-06T09:57:42,2024-01-06,161,19,Retail,PayPal,COUPON009-,18.95,AUD
243061,2024-01-06T21:34:50,2024-01-06,285,4,Retail,Credit Card,COUPON-9Z-,14.58,AUD
243143,2024-01-06T19:54:37,2024-01-06,629,1,Online,Credit Card,COUPONZ--0,18.82,AUD
243173,2024-01-06T01:24:21,2024-01-06,663,44,Online,PayPal,COUPON-0AZ,8.17,AUD
243184,2024-01-06T02:57:16,2024-01-06,300,45,Retail,PayPal,COUPON99Z9,18.5,AUD
243433,2024-01-06T20:35:25,2024-01-06,443,2,Online,Afterpay,COUPON09ZA,6.3,AUD
243605,2024-01-06T19:14:55,2024-01-06,536,14,Retail,Afterpay,COUPON0Z--,17.05,AUD
243896,2024-01-06T17:51:15,2024-01-06,430,29,Retail,Afterpay,COUPON--9-,16.18,AUD
244099,2024-01-06T17:01:58,2024-01-06,30,28,Retail,PayPal,COUPON--90,0.91,AUD
244210,2024-01-06T22:13:01,2024-01-06,255,16,Online,Afterpay,COUPON9--0,11.72,AUD
244432,2024-01-06T19:01:14,2024-01-06,39,22,Retail,Credit Card,COUPONZ-ZZ,6.12,AUD
244585,2024-01-06T15:45:47,2024-01-06,771,18,Online,Credit Card,COUPON9A0Z,0.5,AUD
244677,2024-01-06T17:48:33,2024-01-06,492,7,Online,PayPal,COUPON0Z-9,3.5,AUD
244688,2024-01-06T02:35:42,2024-01-06,628,12,Retail,Credit Card,COUPON0AZ-,7.5,AUD
244756,2024-01-06T16:47:10,2024-01-06,601,39,Online,Afterpay,COUPON-Z--,13.46,AUD
244785,2024-01-06T22:20:36,2024-01-06,755,37,Online,PayPal,COUPON9-0-,17.03,AUD
244853,2024-01-06T10:36:58,2024-01-06,542,13,Retail,Credit Card,COUPON0AA-,4.96,AUD
244854,2024-01-06T18:38:35,2024-01-06,46,16,Retail,PayPal,COUPON090-,11.92,AUD
245178,2024-01-06T04:49:59,2024-01-06,762,46,Retail,PayPal,COUPON-0-0,10.54,AUD
245183,2024-01-06T16:36:36,2024-01-06,415,3,Online,Credit Card,COUPON-A-9,6.59,AUD
245323,2024-01-06T23:12:45,2024-01-06,113,38,Retail,Afterpay,COUPON0-9Z,12.69,AUD
245393,2024-01-06T09:45:36,2024-01-06,184,1,Online,Afterpay,COUPON9-0Z,1.56,AUD
245415,2024-01-06T13:46:52,2024-01-06,264,49,Retail,Afterpay,COUPON-9AA,14.96,AUD
245449,2024-01-06T04:07:46,2024-01-06,232,31,Retail,Credit Card,COUPON0--0,6.24,AUD
245510,2024-01-06T07:03:56,2024-01-06,334,1,Online,Credit Card,COUPON-ZAZ,17.49,AUD
245535,2024-01-06T08:32:55,2024-01-06,781,24,Online,Credit Card,COUPON9--9,12.57,AUD
245545,2024-01-06T22:19:54,2024-01-06,341,26,Retail,Afterpay,COUPON0A-A,19.93,AUD
245558,2024-01-06T04:23:36,2024-01-06,196,31,Retail,Afterpay,COUPON--A9,14.59,AUD
245744,2024-01-06T17:50:05,2024-01-06,402,25,Retail,PayPal,COUPON0A0Z,16.51,AUD
245965,2024-01-06T17:31:15,2024-01-06,397,17,Retail,PayPal,COUPON9A09,14.14,AUD
245989,2024-01-06T14:01:06,2024-01-06,773,9,Retail,Afterpay,COUPON--AZ,13.67,AUD
245991,2024-01-06T14:47:19,2024-01-06,677,39,Retail,Credit Card,COUPON-9A-,5.49,AUD
246033,2024-01-06T03:15:31,2024-01-06,155,15,Retail,Credit Card,COUPON-00-,6.8,AUD
246239,2024-01-06T19:07:49,2024-01-06,199,41,Online,Afterpay,COUPON-A-0,15.97,AUD
246242,2024-01-06T02:17:46,2024-01-06,537,24,Online,Afterpay,COUPON-0Z-,10.01,AUD
246251,2024-01-06T05:27:54,2024-01-06,770,19,Retail,PayPal,COUPON-Z-9,3.74,AUD
246286,2024-01-06T00:55:19,2024-01-06,468,38,Online,PayPal,COUPON090A,14.19,AUD
246329,2024-01-06T11:10:08,2024-01-06,482,24,Online,Afterpay,COUPON0--0,5.12,AUD
246490,2024-01-06T13:42:48,2024-01-06,547,43,Online,Afterpay,COUPONZZZ-,12.25,AUD
246550,2024-01-06T04:17:25,2024-01-06,123,25,Online,PayPal,COUPONZ-0A,13.68,AUD
246556,2024-01-06T10:58:14,2024-01-06,387,12,Online,Credit Card,COUPON9-AA,0.74,AUD
246578,2024-01-06T18:05:31,2024-01-06,774,45,Retail,Afterpay,COUPON--00,17.56,AUD
246651,2024-01-06T13:50:03,2024-01-06,607,30,Retail,Credit Card,COUPON-0--,10.81,AUD
246668,2024-01-06T23:48:13,2024-01-06,680,7,Online,PayPal,COUPON-A0-,8.97,AUD
246719,2024-01-06T07:44:16,2024-01-06,197,22,Retail,PayPal,COUPON-Z9Z,18.44,AUD
246770,2024-01-06T23:43:10,2024-01-06,720,15,Online,Credit Card,COUPON--0A,12.71,AUD
246775,2024-01-06T22:44:26,2024-01-06,76,21,Online,Afterpay,COUPONZ0-0,14.05,AUD
246920,2024-01-06T15:26:51,2024-01-06,60,5,Online,PayPal,COUPON0ZZA,10.3,AUD
246956,2024-01-06T21:22:35,2024-01-06,124,40,Retail,Afterpay,COUPON99-0,3.56,AUD
246994,2024-01-06T11:11:34,2024-01-06,354,30,Retail,Credit Card,COUPON--A-,5.23,AUD
247016,2024-01-06T08:28:41,2024-01-06,88,3,Online,Credit Card,COUPONAAAA,13.76,AUD
247056,2024-01-06T16:36:54,2024-01-06,485,2,Retail,PayPal,COUPON-Z00,3.81,AUD
247247,2024-01-06T10:42:13,2024-01-06,444,34,Retail,Credit Card,COUPONZ0A-,19.37,AUD
247307,2024-01-06T21:49:25,2024-01-06,425,31,Online,Afterpay,COUPON0AZA,16.06,AUD
247315,2024-01-06T10:40:17,2024-01-06,684,42,Online,Credit Card,COUPONZZ9-,1.49,AUD
247321,2024-01-06T16:21:21,2024-01-06,307,29,Online,Credit Card,COUPONZ-9-,4.95,AUD
247333,2024-01-06T22:07:19,2024-01-06,431,15,Retail,Credit Card,COUPON9A9-,13.54,AUD
247680,2024-01-06T22:04:15,2024-01-06,168,21,Retail,Afterpay,COUPON-9A9,17.55,AUD
247718,2024-01-06T03:55:57,2024-01-06,188,47,Retail,Credit Card,COUPON-0--,13.84,AUD
247869,2024-01-06T02:41:56,2024-01-06,794,28,Online,PayPal,COUPON-0--,7.84,AUD
247874,2024-01-06T19:15:41,2024-01-06,799,3,Online,PayPal,COUPON-AZ9,18.7,AUD
247952,2024-01-06T11:30:51,2024-01-06,593,15,Retail,Afterpay,COUPON9--9,8.83,AUD
248130,2024-01-06T15:27:45,2024-01-06,613,24,Retail,Credit Card,COUPON---A,13.86,AUD
248156,2024-01-06T13:50:05,2024-01-06,119,29,Online,Credit Card,COUPONZ909,14.1,AUD
248207,2024-01-06T07:21:26,2024-01-06,487,12,Retail,PayPal,COUPON0AZ-,18.4,AUD
248369,2024-01-06T02:39:34,2024-01-06,327,3,Retail,Credit Card,COUPON-Z09,17.5,AUD
248415,2024-01-06T13:31:23,2024-01-06,675,44,Online,PayPal,COUPON9---,8.69,AUD
248544,2024-01-06T04:45:32,2024-01-06,717,27,Retail,Afterpay,COUPONZ--Z,15.55,AUD
248628,2024-01-06T15:31:26,2024-01-06,657,19,Online,Credit Card,COUPONAZ0-,11.06,AUD
248634,2024-01-06T06:46:23,2024-01-06,789,9,Retail,PayPal,COUPON99-0,15.12,AUD
248640,2024-01-06T04:57:37,2024-01-06,452,47,Retail,Credit Card,COUPON-A00,11.89,AUD
248673,2024-01-06T16:48:58,2024-01-06,644,1,Online,Afterpay,COUPON--A0,11.43,AUD
248840,2024-01-06T00:53:51,2024-01-06,224,39,Online,Credit Card,COUPONA99-,5.01,AUD
249033,2024-01-06T07:42:02,2024-01-06,354,7,Online,PayPal,COUPON0--0,8.2,AUD
249079,2024-01-06T04:02:11,2024-01-06,86,25,Online,PayPal,COUPON-ZZA,3.96,AUD
249134,2024-01-06T11:41:42,2024-01-06,468,8,Retail,PayPal,COUPONA009,0.86,AUD
249434,2024-01-06T11:10:53,2024-01-06,130,36,Online,Credit Card,COUPON--0Z,5.35,AUD
249444,2024-01-06T11:30:00,2024-01-06,55,47,Retail,Credit Card,COUPONA9-Z,14.99,AUD
249739,2024-01-06T06:39:51,2024-01-06,98,5,Retail,Credit Card,COUPONA0ZA,7.39,AUD
249934,2024-01-06T15:46:39,2024-01-06,772,6,Online,PayPal,COUPON-0A0,9.3,AUD
249954,2024-01-06T18:31:11,2024-01-06,25,2,Online,Afterpay,COUPON-9--,9.75,AUD
250021,2024-01-06T09:41:04,2024-01-06,82,17,Retail,Credit Card,COUPONAZ0Z,11.99,AUD
250025,2024-01-06T06:51:55,2024-01-06,239,19,Retail,PayPal,COUPONA00-,17.52,AUD
250034,2024-01-06T05:04:35,2024-01-06,130,27,Online,Credit Card,COUPON-ZA-,14.43,AUD
250111,2024-01-06T13:27:16,2024-01-06,799,15,Retail,PayPal,COUPON-9-0,16.82,AUD
250201,2024-01-06T14:32:07,2024-01-06,435,37,Online,PayPal,COUPON-009,12.53,AUD
250257,2024-01-06T05:46:08,2024-01-06,440,15,Online,Credit Card,COUPONZAA-,17.72,AUD
250434,2024-01-06T01:40:55,2024-01-06,758,35,Retail,Afterpay,COUPON9Z00,18.85,AUD
250795,2024-01-06T07:27:34,2024-01-06,620,41,Retail,Afterpay,COUPON-Z--,4.13,AUD
250806,2024-01-06T14:50:20,2024-01-06,299,11,Online,Credit Card,COUPON99--,6.78,AUD
250821,2024-01-06T10:16:35,2024-01-06,427,12,Online,Credit Card,COUPON--0-,4.38,AUD
250968,2024-01-06T03:21:46,2024-01-06,242,49,Retail,PayPal,COUPON9-Z9,17.85,AUD
251015,2024-01-06T08:42:17,2024-01-06,329,33,Online,PayPal,COUPONAAA9,2.44,AUD
251184,2024-01-06T06:48:36,2024-01-06,284,41,Online,PayPal,COUPON-Z0A,18.98,AUD
251186,2024-01-06T01:22:48,2024-01-06,522,15,Online,Credit Card,COUPON-9-A,11.76,AUD
251266,2024-01-06T11:36:27,2024-01-06,452,21,Online,Afterpay,COUPON-900,2.43,AUD
251270,2024-01-06T04:18:44,2024-01-06,40,40,Online,Afterpay,COUPON99--,0.01,AUD
251427,2024-01-06T13:01:18,2024-01-06,591,45,Online,PayPal,COUPON0---,13.81,AUD
251547,2024-01-06T10:32:58,2024-01-06,235,47,Online,Afterpay,COUPONA09A,14.46,AUD
251740,2024-01-06T12:27:58,2024-01-06,469,42,Retail,Credit Card,COUPON0Z-9,15.25,AUD
251748,2024-01-06T04:59:54,2024-01-06,405,15,Retail,PayPal,COUPON0990,9.63,AUD
251973,2024-01-06T22:51:18,2024-01-06,617,31,Online,Credit Card,COUPON-ZZZ,9.71,AUD
252004,2024-01-06T00:24:57,2024-01-06,596,6,Online,Credit Card,COUPON-0ZA,12.69,AUD
252156,2024-01-06T18:09:43,2024-01-06,582,13,Online,Afterpay,COUPON-AZ0,12.95,AUD
252169,2024-01-06T04:03:02,2024-01-06,39,24,Online,Credit Card,COUPONAA--,3.63,AUD
252242,2024-01-06T03:25:33,2024-01-06,544,21,Retail,Afterpay,COUPON0-AA,7.07,AUD
252327,2024-01-06T15:18:42,2024-01-06,419,16,Online,Afterpay,COUPON00ZZ,14.38,AUD
252362,2024-01-06T20:21:09,2024-01-06,16,26,Retail,Credit Card,COUPON0--Z,3.46,AUD
252416,2024-01-06T02:00:42,2024-01-06,11,46,Online,Credit Card,COUPON0-Z9,13.51,AUD
252571,2024-01-06T10:41:44,2024-01-06,738,28,Retail,PayPal,COUPONA9-A,2.45,AUD
252608,2024-01-06T17:55:11,2024-01-06,377,20,Retail,PayPal,COUPONA0-A,6.37,AUD
252622,2024-01-06T07:27:42,2024-01-06,516,4,Retail,Afterpay,COUPON---9,12.14,AUD
252701,2024-01-06T21:38:07,2024-01-06,475,47,Online,PayPal,COUPON-9A0,8.26,AUD
252713,2024-01-06T11:51:24,2024-01-06,735,46,Online,PayPal,COUPON9A-9,0.59,AUD
252849,2024-01-06T07:42:59,2024-01-06,164,40,Online,Credit Card,COUPONZ9-A,2.48,AUD
252934,2024-01-06T12:30:57,2024-01-06,222,47,Online,PayPal,COUPON-990,10.77,AUD
252953,2024-01-06T09:05:37,2024-01-06,503,43,Online,Afterpay,COUPON-00A,14.62,AUD
252968,2024-01-06T12:12:45,2024-01-06,322,33,Online,Credit Card,COUPONA099,12.51,AUD
252989,2024-01-06T13:48:31,2024-01-06,95,32,Retail,PayPal,COUPON9---,18.36,AUD
252998,2024-01-06T18:54:59,2024-01-06,221,11,Online,PayPal,COUPON0A09,0.09,AUD
253199,2024-01-06T16:50:45,2024-01-06,163,39,Online,Credit Card,COUPON-9-A,2.03,AUD
253201,2024-01-06T17:01:14,2024-01-06,529,10,Retail,Credit Card,COUPON-A-9,5.62,AUD
253243,2024-01-06T15:11:25,2024-01-06,181,31,Retail,Credit Card,COUPONZA--,1.12,AUD
253479,2024-01-06T06:07:09,2024-01-06,790,24,Online,Credit Card,COUPON--ZA,2.54,AUD
253522,2024-01-06T21:21:05,2024-01-06,579,28,Online,PayPal,COUPON090A,1.96,AUD
253723,2024-01-06T06:34:24,2024-01-06,183,31,Online,Afterpay,COUPON-0-Z,8.63,AUD
253747,2024-01-06T00:09:58,2024-01-06,513,39,Online,PayPal,COUPONZ-0A,18.13,AUD
253860,2024-01-06T14:50:45,2024-01-06,243,42,Retail,Afterpay,COUPON-9--,6.21,AUD
254037,2024-01-06T13:46:43,2024-01-06,41,1,Retail,Afterpay,COUPON909A,1.36,AUD
254055,2024-01-06T03:42:28,2024-01-06,707,21,Retail,PayPal,COUPONA9A-,11.55,AUD
254274,2024-01-06T02:23:29,2024-01-06,447,39,Retail,Credit Card,COUPONA-9Z,7.65,AUD
254558,2024-01-06T18:54:23,2024-01-06,213,28,Online,Credit Card,COUPON90-Z,3.45,AUD
254657,2024-01-06T17:23:59,2024-01-06,303,32,Online,Credit Card,COUPONZ9--,6.14,AUD
254732,2024-01-06T13:18:09,2024-01-06,730,17,Retail,Credit Card,COUPONAA-0,3.65,AUD
254789,2024-01-06T21:02:42,2024-01-06,96,20,Retail,Afterpay,COUPON09Z-,9.42,AUD
254947,2024-01-06T20:50:30,2024-01-06,529,44,Online,PayPal,COUPON9Z0Z,10.4,AUD
254951,2024-01-06T18:03:31,2024-01-06,401,16,Online,Credit Card,COUPON9-0A,1.61,AUD
255040,2024-01-06T05:53:39,2024-01-06,163,21,Online,Afterpay,COUPONZZ0-,12.41,AUD
255131,2024-01-06T02:08:32,2024-01-06,664,1,Online,Credit Card,COUPONAA-0,14.91,AUD
255278,2024-01-06T11:53:23,2024-01-06,711,40,Retail,Afterpay,COUPON0ZZ0,9.68,AUD
255315,2024-01-06T11:21:07,2024-01-06,327,29,Retail,PayPal,COUPON0ZZ-,6.87,AUD
255364,2024-01-06T08:43:47,2024-01-06,258,47,Retail,Afterpay,COUPON---0,9.33,AUD
255438,2024-01-06T21:57:55,2024-01-06,211,39,Retail,Credit Card,COUPON----,18.68,AUD
255885,2024-01-06T16:51:18,2024-01-06,13,28,Retail,Credit Card,COUPON9ZA0,2.35,AUD
256095,2024-01-06T08:49:08,2024-01-06,573,28,Retail,Afterpay,COUPON-9-0,0.55,AUD
256151,2024-01-06T10:43:02,2024-01-06,507,49,Retail,PayPal,COUPONA0--,7.28,AUD
256176,2024-01-06T02:56:06,2024-01-06,350,7,Retail,PayPal,COUPONZZ90,18.27,AUD
256253,2024-01-06T19:07:38,2024-01-06,312,12,Online,Credit Card,COUPON0-Z9,0.22,AUD
256357,2024-01-06T16:20:24,2024-01-06,588,23,Online,Afterpay,COUPON-0-9,0.6,AUD
256387,2024-01-06T04:27:05,2024-01-06,238,16,Online,Afterpay,COUPONZ-Z-,9.18,AUD
256635,2024-01-06T18:24:02,2024-01-06,705,24,Retail,Credit Card,COUPON0ZAA,2.98,AUD
256739,2024-01-06T16:32:08,2024-01-06,155,37,Retail,Credit Card,COUPON-AZ-,13.06,AUD
256853,2024-01-06T19:14:26,2024-01-06,685,48,Retail,PayPal,COUPON-0-A,19.15,AUD
256942,2024-01-06T07:15:49,2024-01-06,680,44,Online,Afterpay,COUPON0Z9Z,6.32,AUD
257005,2024-01-06T16:00:40,2024-01-06,273,49,Online,PayPal,COUPON-0AA,5.14,AUD
257083,2024-01-06T08:23:31,2024-01-06,38,36,Online,PayPal,COUPON----,6.24,AUD
257095,2024-01-06T08:34:51,2024-01-06,457,35,Online,Afterpay,COUPON----,3.59,AUD
257145,2024-01-06T14:58:24,2024-01-06,670,40,Online,Afterpay,COUPONZ9AA,19.58,AUD
257227,2024-01-06T13:10:30,2024-01-06,742,33,Retail,Credit Card,COUPON9000,12.41,AUD
257550,2024-01-06T09:47:08,2024-01-06,124,13,Retail,PayPal,COUPON0999,11.22,AUD
257736,2024-01-06T18:03:44,2024-01-06,409,4,Retail,Credit Card,COUPONA--A,1.04,AUD
257809,2024-01-06T00:35:10,2024-01-06,25,28,Online,PayPal,COUPON0A9A,11.86,AUD
257907,2024-01-06T10:54:13,2024-01-06,328,33,Online,PayPal,COUPONA9-Z,0.53,AUD
257938,2024-01-06T03:23:33,2024-01-06,563,15,Retail,PayPal,COUPON-A90,13.3,AUD
258029,2024-01-06T21:30:41,2024-01-06,223,32,Online,Credit Card,COUPONA0Z-,19.4,AUD
258030,2024-01-06T20:37:09,2024-01-06,678,20,Retail,Credit Card,COUPONZ--Z,9.73,AUD
258090,2024-01-06T03:52:31,2024-01-06,460,21,Retail,PayPal,COUPON-09-,7.03,AUD
258199,2024-01-06T05:56:03,2024-01-06,15,14,Retail,Credit Card,COUPON-Z-9,17.14,AUD
258242,2024-01-06T22:41:40,2024-01-06,532,7,Retail,Credit Card,COUPON-ZA-,0.19,AUD
258318,2024-01-06T19:52:20,2024-01-06,51,32,Online,PayPal,COUPON9999,3.08,AUD
258355,2024-01-06T10:03:32,2024-01-06,755,24,Online,Credit Card,COUPONA900,1.76,AUD
258361,2024-01-06T19:20:11,2024-01-06,334,25,Retail,Afterpay,COUPON9---,3.59,AUD
258403,2024-01-06T03:34:47,2024-01-06,70,46,Online,Afterpay,COUPON-A-0,13.96,AUD
258432,2024-01-06T08:18:25,2024-01-06,643,41,Online,Afterpay,COUPONAAZA,4.1,AUD
258466,2024-01-06T06:29:01,2024-01-06,177,38,Online,Credit Card,COUPON099Z,19.78,AUD
258511,2024-01-06T20:45:17,2024-01-06,370,16,Retail,Afterpay,COUPON000-,5.02,AUD
258944,2024-01-06T21:37:39,2024-01-06,572,38,Online,Afterpay,COUPON-0A-,3.22,AUD
258971,2024-01-06T19:44:44,2024-01-06,487,25,Retail,Credit Card,COUPONZA90,16.12,AUD
259075,2024-01-06T13:03:37,2024-01-06,332,36,Online,PayPal,COUPON0A0-,7.62,AUD
259108,2024-01-06T08:12:00,2024-01-06,72,11,Online,PayPal,COUPON9Z0A,6.65,AUD
259109,2024-01-06T16:13:06,2024-01-06,730,38,Retail,PayPal,COUPON-AA-,13.22,AUD
259308,2024-01-06T13:58:20,2024-01-06,739,45,Online,Afterpay,COUPON-ZAA,15.53,AUD
259316,2024-01-06T20:54:43,2024-01-06,759,13,Retail,Credit Card,COUPONZAZ9,15.47,AUD
259441,2024-01-06T02:45:32,2024-01-06,217,21,Retail,Afterpay,COUPON990-,17.83,AUD
259744,2024-01-06T11:21:11,2024-01-06,24,31,Retail,PayPal,COUPON-A00,12.45,AUD
259752,2024-01-06T17:13:31,2024-01-06,373,40,Retail,Afterpay,COUPONA99-,5.35,AUD
259758,2024-01-06T10:21:18,2024-01-06,659,7,Online,Credit Card,COUPON0AZA,0.06,AUD
259775,2024-01-06T06:47:51,2024-01-06,428,21,Retail,Credit Card,COUPON0ZA-,10.31,AUD
259779,2024-01-06T05:51:13,2024-01-06,443,17,Online,Credit Card,COUPON----,2.69,AUD
259780,2024-01-06T08:06:36,2024-01-06,759,33,Retail,Credit Card,COUPON-A09,11.99,AUD
260036,2024-01-06T12:07:54,2024-01-06,353,38,Retail,Afterpay,COUPON--A9,2.12,AUD
260269,2024-01-06T22:29:59,2024-01-06,1,45,Online,Credit Card,COUPONZ99-,13.35,AUD
260528,2024-01-06T05:23:40,2024-01-06,78,44,Online,PayPal,COUPON-0--,6.18,AUD
260638,2024-01-06T10:46:04,2024-01-06,490,9,Online,PayPal,COUPON-9Z0,3.24,AUD
260845,2024-01-06T03:54:20,2024-01-06,131,30,Online,PayPal,COUPON9A0-,10.42,AUD
260846,2024-01-06T15:54:46,2024-01-06,198,31,Retail,Afterpay,COUPON0-A-,13.81,AUD
260923,2024-01-06T23:27:16,2024-01-06,100,7,Retail,Afterpay,COUPONAAZA,17.83,AUD
260942,2024-01-06T06:08:16,2024-01-06,176,17,Retail,PayPal,COUPON0-0Z,2.48,AUD
261039,2024-01-06T09:52:39,2024-01-06,320,29,Online,Afterpay,COUPON0--A,11.51,AUD
261104,2024-01-06T17:25:58,2024-01-06,627,6,Retail,PayPal,COUPONA-9A,12.42,AUD
261117,2024-01-06T10:32:44,2024-01-06,388,38,Online,Afterpay,COUPONZ0--,17.31,AUD
261125,2024-01-06T16:07:09,2024-01-06,98,15,Retail,Credit Card,COUPON9AZ9,3.98,AUD
261152,2024-01-06T13:40:15,2024-01-06,524,15,Retail,PayPal,COUPON-ZAZ,3.28,AUD
261178,2024-01-06T00:51:24,2024-01-06,171,18,Retail,Afterpay,COUPON--A-,16.32,AUD
261272,2024-01-06T20:15:13,2024-01-06,295,42,Retail,Afterpay,COUPONA--Z,8.03,AUD
261456,2024-01-06T19:36:38,2024-01-06,228,25,Retail,Afterpay,COUPONZ90-,9.12,AUD
261486,2024-01-06T00:45:27,2024-01-06,79,26,Online,Credit Card,COUPON9-Z0,3.92,AUD
261569,2024-01-06T02:16:25,2024-01-06,362,44,Online,Afterpay,COUPON-9Z-,6.72,AUD
261722,2024-01-06T10:54:51,2024-01-06,246,33,Online,Afterpay,COUPON--Z-,5.67,AUD
261862,2024-01-06T17:48:09,2024-01-06,564,35,Retail,Credit Card,COUPON-9A9,8.6,AUD
261912,2024-01-06T10:39:07,2024-01-06,133,14,Online,Afterpay,COUPON9AA0,0.86,AUD
262097,2024-01-06T19:51:42,2024-01-06,772,29,Online,PayPal,COUPON999A,14.59,AUD
262203,2024-01-06T07:15:13,2024-01-06,13,13,Retail,PayPal,COUPON9A-Z,4.62,AUD
262204,2024-01-06T10:55:50,2024-01-06,458,9,Retail,PayPal,COUPONZ-9A,15.55,AUD
262432,2024-01-06T06:36:38,2024-01-06,478,42,Online,PayPal,COUPON9-0-,14.34,AUD
262468,2024-01-06T18:00:06,2024-01-06,747,44,Online,Credit Card,COUPON0-ZZ,17.08,AUD
262588,2024-01-06T19:03:36,2024-01-06,232,4,Online,PayPal,COUPON--0A,3.37,AUD
262624,2024-01-06T03:03:26,2024-01-06,750,21,Retail,Credit Card,COUPONA00-,0.8,AUD
262647,2024-01-06T12:45:25,2024-01-06,770,27,Online,Credit Card,COUPON-A0-,14.3,AUD
262683,2024-01-06T21:12:46,2024-01-06,442,7,Online,PayPal,COUPON-9--,13.31,AUD
262870,2024-01-06T08:33:27,2024-01-06,7,42,Online,PayPal,COUPON0-Z9,12.36,AUD
263041,2024-01-06T14:16:57,2024-01-06,724,42,Retail,PayPal,COUPON-099,11.65,AUD
263143,2024-01-06T00:20:10,2024-01-06,98,31,Online,Afterpay,COUPON-Z90,15.03,AUD
263341,2024-01-06T22:45:09,2024-01-06,244,32,Online,Afterpay,COUPON9AA9,17.76,AUD
263367,2024-01-06T02:21:38,2024-01-06,307,35,Retail,Credit Card,COUPONAZA9,8.48,AUD
263542,2024-01-06T11:15:02,2024-01-06,377,22,Retail,PayPal,COUPONA-9Z,13.82,AUD
263558,2024-01-06T06:49:26,2024-01-06,149,34,Online,Afterpay,COUPON-009,11.59,AUD
263661,2024-01-06T19:06:11,2024-01-06,238,40,Retail,Afterpay,COUPON-Z-Z,10.09,AUD
263689,2024-01-06T17:47:10,2024-01-06,396,23,Retail,PayPal,COUPON9--Z,13.86,AUD
263822,2024-01-06T05:20:37,2024-01-06,247,31,Online,Afterpay,COUPON-Z9-,14.65,AUD
263943,2024-01-06T00:53:00,2024-01-06,304,10,Retail,Afterpay,COUPON--A0,14.8,AUD
264007,2024-01-06T23:27:10,2024-01-06,299,45,Online,Credit Card,COUPONZ0-9,3.51,AUD
264057,2024-01-06T20:21:24,2024-01-06,614,45,Retail,PayPal,COUPONA-90,11.2,AUD
264119,2024-01-06T18:19:18,2024-01-06,551,12,Retail,Afterpay,COUPON0Z-0,8.63,AUD
264208,2024-01-06T22:20:57,2024-01-06,40,4,Retail,Afterpay,COUPON9099,7.36,AUD
264345,2024-01-06T23:49:30,2024-01-06,592,47,Retail,Afterpay,COUPON9--Z,3.84,AUD
264348,2024-01-06T02:56:55,2024-01-06,431,15,Online,Credit Card,COUPONZ-A0,5.26,AUD
264361,2024-01-06T15:40:12,2024-01-06,300,29,Online,PayPal,COUPON-9--,10.74,AUD
264393,2024-01-06T08:28:41,2024-01-06,383,26,Retail,Credit Card,COUPON0--Z,6.83,AUD
264396,2024-01-06T16:16:35,2024-01-06,139,38,Retail,PayPal,COUPONAZZZ,15.88,AUD
264419,2024-01-06T10:06:48,2024-01-06,106,44,Online,Credit Card,COUPON09A9,14.36,AUD
264606,2024-01-06T15:04:24,2024-01-06,529,23,Online,Afterpay,COUPON--90,12.25,AUD
264613,2024-01-06T21:18:55,2024-01-06,493,14,Online,Afterpay,COUPON0-9Z,19.53,AUD
264710,2024-01-06T20:58:28,2024-01-06,478,33,Online,Afterpay,COUPONA0-9,16.32,AUD
264923,2024-01-06T09:51:20,2024-01-06,24,21,Online,PayPal,COUPON900A,19.56,AUD
265116,2024-01-06T01:43:30,2024-01-06,414,41,Online,Afterpay,COUPON-A--,0.93,AUD
265192,2024-01-06T21:21:11,2024-01-06,411,12,Online,PayPal,COUPON-ZZ9,15.67,AUD
265208,2024-01-06T11:23:27,2024-01-06,694,35,Online,Afterpay,COUPON990-,15.97,AUD
265373,2024-01-06T02:38:52,2024-01-06,562,18,Retail,Credit Card,COUPON0Z0-,15.68,AUD
265467,2024-01-06T10:40:59,2024-01-06,485,30,Retail,Credit Card,COUPON000A,7.48,AUD
265504,2024-01-06T05:47:21,2024-01-06,169,12,Retail,Credit Card,COUPON0-A-,0.35,AUD
265599,2024-01-06T23:44:48,2024-01-06,126,31,Retail,PayPal,COUPONZ99-,14.87,AUD
265666,2024-01-06T21:28:01,2024-01-06,388,41,Retail,Credit Card,COUPONAA9Z,7.8,AUD
265816,2024-01-06T14:49:32,2024-01-06,475,34,Online,Credit Card,COUPON9--0,9.28,AUD
265889,2024-01-06T02:50:40,2024-01-06,780,30,Retail,Afterpay,COUPON---9,14.42,AUD
265946,2024-01-06T02:19:55,2024-01-06,537,46,Retail,PayPal,COUPON9A90,13.0,AUD
265970,2024-01-06T16:55:12,2024-01-06,76,18,Retail,Credit Card,COUPON-0Z-,19.28,AUD
266134,2024-01-06T07:50:20,2024-01-06,48,46,Online,Afterpay,COUPON9AZ-,2.75,AUD
266253,2024-01-06T07:42:21,2024-01-06,605,23,Online,Credit Card,COUPON9-A-,16.46,AUD
266294,2024-01-06T02:16:58,2024-01-06,790,24,Retail,PayPal,COUPON-Z90,9.73,AUD
266621,2024-01-06T04:36:37,2024-01-06,689,5,Online,Credit Card,COUPONAAZZ,3.55,AUD
266663,2024-01-06T08:45:09,2024-01-06,428,39,Online,Afterpay,COUPON-9ZA,18.16,AUD
266707,2024-01-06T07:11:04,2024-01-06,313,28,Online,Afterpay,COUPONZ000,12.83,AUD
266795,2024-01-06T09:32:49,2024-01-06,44,49,Retail,PayPal,COUPON9AA-,4.08,AUD
266882,2024-01-06T11:51:36,2024-01-06,318,49,Retail,Credit Card,COUPON9099,13.94,AUD
266959,2024-01-06T17:37:28,2024-01-06,629,38,Retail,PayPal,COUPON---A,7.22,AUD
267096,2024-01-06T20:06:35,2024-01-06,139,25,Retail,PayPal,COUPON9Z-0,17.49,AUD
267129,2024-01-06T16:17:05,2024-01-06,520,23,Online,Afterpay,COUPON0---,8.86,AUD
267401,2024-01-06T01:44:26,2024-01-06,561,43,Retail,Afterpay,COUPONZZ9-,19.2,AUD
267479,2024-01-06T21:30:25,2024-01-06,261,27,Online,Credit Card,COUPON-A-Z,9.37,AUD
267523,2024-01-06T16:49:59,2024-01-06,153,44,Retail,PayPal,COUPONAA--,1.58,AUD
267695,2024-01-06T03:09:25,2024-01-06,702,3,Online,Afterpay,COUPON9Z09,9.93,AUD
268177,2024-01-06T23:45:15,2024-01-06,439,40,Online,Credit Card,COUPONZ009,14.85,AUD
268210,2024-01-06T07:28:51,2024-01-06,180,22,Online,Credit Card,COUPON0---,11.27,AUD
268213,2024-01-06T14:25:28,2024-01-06,140,45,Retail,PayPal,COUPON-Z--,13.61,AUD
268241,2024-01-06T11:56:25,2024-01-06,478,36,Online,Afterpay,COUPONA-A-,2.12,AUD
268276,2024-01-06T14:09:46,2024-01-06,551,11,Online,Afterpay,COUPONA9Z9,15.41,AUD
268364,2024-01-06T21:02:53,2024-01-06,534,39,Online,PayPal,COUPON9A0-,0.27,AUD
268479,2024-01-06T15:59:07,2024-01-06,719,11,Retail,PayPal,COUPON0A9Z,3.16,AUD
268505,2024-01-06T12:50:49,2024-01-06,698,28,Online,PayPal,COUPONA9-9,5.76,AUD
268779,2024-01-06T00:59:53,2024-01-06,438,23,Online,Afterpay,COUPON-0ZA,15.21,AUD
268802,2024-01-06T14:41:39,2024-01-06,265,42,Online,Credit Card,COUPON-900,9.37,AUD
269000,2024-01-06T06:05:37,2024-01-06,110,31,Retail,PayPal,COUPON-0AZ,7.98,AUD
269014,2024-01-06T20:32:39,2024-01-06,187,16,Retail,Credit Card,COUPON---9,5.93,AUD
269035,2024-01-06T07:15:55,2024-01-06,378,28,Online,Credit Card,COUPON999Z,10.5,AUD
269046,2024-01-06T07:45:03,2024-01-06,369,12,Online,Credit Card,COUPON-09-,5.41,AUD
269124,2024-01-06T13:56:04,2024-01-06,148,36,Retail,Credit Card,COUPON9Z-9,9.47,AUD
269164,2024-01-06T22:27:32,2024-01-06,82,33,Retail,Afterpay,COUPON-A0-,6.06,AUD
269193,2024-01-06T00:23:15,2024-01-06,593,47,Retail,PayPal,COUPON---Z,6.27,AUD
269255,2024-01-06T19:11:25,2024-01-06,746,13,Online,Afterpay,COUPONZ-Z-,19.52,AUD
269570,2024-01-06T19:58:44,2024-01-06,753,41,Online,Afterpay,COUPONA090,17.86,AUD
269611,2024-01-06T04:14:08,2024-01-06,219,18,Online,PayPal,COUPON9A-A,2.62,AUD
269645,2024-01-06T05:35:25,2024-01-06,506,28,Online,Credit Card,COUPON-ZZ0,0.44,AUD
269694,2024-01-06T15:32:15,2024-01-06,72,20,Online,Credit Card,COUPONA90Z,1.3,AUD
269773,2024-01-06T02:43:39,2024-01-06,7,15,Online,Credit Card,COUPON-099,2.06,AUD
269993,2024-01-06T11:33:11,2024-01-06,100,20,Retail,Credit Card,COUPON-9--,5.74,AUD
270168,2024-01-06T16:38:21,2024-01-06,188,36,Retail,Credit Card,COUPON0A-A,0.35,AUD
270180,2024-01-06T14:26:01,2024-01-06,83,28,Retail,Credit Card,COUPON-000,10.1,AUD
270305,2024-01-06T18:47:47,2024-01-06,625,12,Retail,Afterpay,COUPONZAZ-,4.65,AUD
270424,2024-01-06T08:11:36,2024-01-06,418,22,Retail,Afterpay,COUPONZ9--,17.19,AUD
270434,2024-01-06T21:24:29,2024-01-06,6,17,Online,Afterpay,COUPON0990,17.54,AUD
270966,2024-01-06T10:34:48,2024-01-06,12,44,Retail,PayPal,COUPON-9ZZ,7.09,AUD
270970,2024-01-06T07:22:10,2024-01-06,524,11,Retail,PayPal,COUPON99A-,7.52,AUD
271151,2024-01-06T17:14:17,2024-01-06,499,19,Retail,PayPal,COUPON--AA,17.54,AUD
271252,2024-01-06T03:59:06,2024-01-06,441,16,Retail,Afterpay,COUPON-A0-,19.8,AUD
271306,2024-01-06T13:17:26,2024-01-06,528,11,Retail,PayPal,COUPON--Z0,11.42,AUD
271424,2024-01-06T15:33:03,2024-01-06,561,35,Retail,PayPal,COUPON--9A,6.45,AUD
271435,2024-01-06T19:53:56,2024-01-06,521,14,Retail,PayPal,COUPONA-0-,17.08,AUD
271512,2024-01-06T08:35:57,2024-01-06,763,35,Online,Afterpay,COUPONZ-90,18.34,AUD
271525,2024-01-06T03:35:01,2024-01-06,779,35,Retail,PayPal,COUPONZ--9,5.62,AUD
271579,2024-01-06T13:23:13,2024-01-06,304,35,Online,Credit Card,COUPON9AZ0,7.52,AUD
271865,2024-01-06T09:38:28,2024-01-06,542,32,Retail,Credit Card,COUPON900-,14.46,AUD
271866,2024-01-06T20:07:14,2024-01-06,333,13,Online,Afterpay,COUPONZ909,2.05,AUD
271933,2024-01-06T21:32:50,2024-01-06,34,1,Retail,PayPal,COUPON009Z,15.88,AUD
272013,2024-01-06T11:54:38,2024-01-06,443,26,Online,Credit Card,COUPON-Z-A,3.09,AUD
272034,2024-01-06T23:20:38,2024-01-06,88,17,Retail,Afterpay,COUPON9AZZ,15.88,AUD
272339,2024-01-06T06:41:37,2024-01-06,610,19,Online,Afterpay,COUPONA-ZA,16.84,AUD
272345,2024-01-06T12:13:44,2024-01-06,111,12,Retail,Credit Card,COUPONZZ99,19.45,AUD
272394,2024-01-06T23:28:30,2024-01-06,98,44,Online,Afterpay,COUPON-99A,16.03,AUD
272481,2024-01-06T22:45:37,2024-01-06,65,22,Online,Credit Card,COUPON-9-A,17.79,AUD
272583,2024-01-06T01:05:12,2024-01-06,83,41,Online,Credit Card,COUPONZ-Z9,18.7,AUD
272598,2024-01-06T11:26:31,2024-01-06,657,34,Retail,Credit Card,COUPON00Z-,4.94,AUD
272602,2024-01-06T06:03:19,2024-01-06,670,40,Online,PayPal,COUPON00ZA,13.7,AUD
272773,2024-01-06T05:21:22,2024-01-06,318,32,Retail,PayPal,COUPON-ZAZ,17.63,AUD
272794,2024-01-06T13:37:36,2024-01-06,549,8,Retail,Afterpay,COUPONZAAZ,3.26,AUD
272882,2024-01-06T03:49:53,2024-01-06,214,42,Online,Afterpay,COUPON-9--,15.56,AUD
272899,2024-01-06T15:43:11,2024-01-06,479,21,Retail,PayPal,COUPONZA-Z,2.89,AUD
273132,2024-01-06T05:53:39,2024-01-06,335,42,Online,Credit Card,COUPONZZ0-,1.71,AUD
273169,2024-01-06T20:34:05,2024-01-06,603,31,Online,Credit Card,COUPON--Z-,16.25,AUD
273208,2024-01-06T02:34:36,2024-01-06,656,1,Online,PayPal,COUPON0Z00,7.98,AUD
273245,2024-01-06T05:52:41,2024-01-06,708,22,Retail,Afterpay,COUPON-AAA,12.81,AUD
273317,2024-01-06T00:18:36,2024-01-06,425,11,Retail,Afterpay,COUPONZA--,1.61,AUD
273338,2024-01-06T12:54:45,2024-01-06,600,46,Retail,Credit Card,COUPON9---,2.29,AUD
273468,2024-01-06T12:41:00,2024-01-06,41,22,Retail,Afterpay,COUPONA-9Z,16.74,AUD
273520,2024-01-06T01:02:53,2024-01-06,673,6,Retail,PayPal,COUPON09-A,13.55,AUD
273691,2024-01-06T19:15:57,2024-01-06,326,25,Retail,Credit Card,COUPONAZA-,4.36,AUD
273766,2024-01-06T01:25:34,2024-01-06,461,18,Retail,PayPal,COUPON9Z0A,7.33,AUD
273860,2024-01-06T21:08:19,2024-01-06,385,1,Retail,Credit Card,COUPON999A,16.64,AUD
273882,2024-01-06T16:43:56,2024-01-06,85,44,Online,Credit Card,COUPON-9AA,7.53,AUD
273886,2024-01-06T07:44:50,2024-01-06,601,21,Retail,PayPal,COUPONA--9,12.16,AUD
273940,2024-01-06T20:17:56,2024-01-06,480,46,Online,Credit Card,COUPONZA0Z,18.13,AUD
274066,2024-01-06T08:32:35,2024-01-06,758,20,Online,PayPal,COUPONA--0,1.18,AUD
274107,2024-01-06T02:46:15,2024-01-06,444,7,Retail,Afterpay,COUPON0Z99,19.07,AUD
274114,2024-01-06T06:29:55,2024-01-06,574,2,Retail,Afterpay,COUPON0ZA-,1.29,AUD
274272,2024-01-06T04:56:44,2024-01-06,175,15,Retail,Afterpay,COUPON0Z-Z,4.26,AUD
274395,2024-01-06T04:26:12,2024-01-06,387,12,Online,Afterpay,COUPONZ-9A,7.89,AUD
274414,2024-01-06T15:59:05,2024-01-06,473,9,Online,Afterpay,COUPONA-0Z,9.21,AUD
274449,2024-01-06T17:25:00,2024-01-06,341,48,Retail,PayPal,COUPON0909,4.69,AUD
274533,2024-01-06T20:01:53,2024-01-06,400,28,Retail,PayPal,COUPON9--0,12.4,AUD
274758,2024-01-06T04:14:54,2024-01-06,113,18,Retail,PayPal,COUPON--0Z,15.45,AUD
274808,2024-01-06T03:57:57,2024-01-06,461,45,Retail,PayPal,COUPON-99A,7.43,AUD
275121,2024-01-06T13:13:44,2024-01-06,769,16,Retail,PayPal,COUPON9Z90,7.15,AUD
275122,2024-01-06T07:50:40,2024-01-06,257,40,Retail,Afterpay,COUPON9Z-Z,7.13,AUD
275284,2024-01-06T13:39:13,2024-01-06,467,5,Online,Afterpay,COUPON0A-Z,8.19,AUD
275331,2024-01-06T22:16:11,2024-01-06,10,42,Online,Credit Card,COUPON0A09,15.13,AUD
275347,2024-01-06T11:43:28,2024-01-06,97,35,Retail,Afterpay,COUPON-0AZ,3.24,AUD
275439,2024-01-06T22:15:31,2024-01-06,34,42,Retail,PayPal,COUPON9-09,13.7,AUD
275451,2024-01-06T07:13:40,2024-01-06,104,38,Online,Credit Card,COUPON9-AA,1.0,AUD
275643,2024-01-06T13:29:16,2024-01-06,216,16,Online,Afterpay,COUPON--9A,5.19,AUD
275647,2024-01-06T06:30:42,2024-01-06,15,6,Retail,PayPal,COUPON9A-Z,7.98,AUD
275725,2024-01-06T15:50:37,2024-01-06,643,1,Online,PayPal,COUPON99-Z,6.31,AUD
275797,2024-01-06T17:35:57,2024-01-06,488,43,Retail,PayPal,COUPON99Z9,3.21,AUD
275876,2024-01-06T23:55:51,2024-01-06,96,47,Retail,Credit Card,COUPONA-Z0,9.68,AUD
276003,2024-01-06T15:08:29,2024-01-06,77,32,Retail,PayPal,COUPONA9-Z,16.31,AUD
276034,2024-01-06T10:46:22,2024-01-06,668,31,Retail,PayPal,COUPON0ZZ0,3.46,AUD
276177,2024-01-06T02:21:57,2024-01-06,501,44,Online,PayPal,COUPON-A--,4.64,AUD
276213,2024-01-06T19:49:55,2024-01-06,348,5,Retail,PayPal,COUPON--A0,0.46,AUD
276474,2024-01-06T20:47:23,2024-01-06,443,49,Retail,Credit Card,COUPON00A-,5.45,AUD
276556,2024-01-06T10:41:56,2024-01-06,783,42,Retail,Afterpay,COUPONA-9A,19.13,AUD
276838,2024-01-06T12:12:30,2024-01-06,384,17,Retail,Credit Card,COUPON----,8.05,AUD
276974,2024-01-06T11:59:03,2024-01-06,90,12,Online,Credit Card,COUPON--00,7.72,AUD
277074,2024-01-06T15:03:44,2024-01-06,515,26,Retail,Credit Card,COUPON-Z0-,10.53,AUD
277075,2024-01-06T15:22:35,2024-01-06,719,33,Online,Credit Card,COUPON0Z--,15.81,AUD
277076,2024-01-06T10:25:29,2024-01-06,87,46,Retail,PayPal,COUPONA-09,9.1,AUD
277098,2024-01-06T06:30:23,2024-01-06,437,12,Online,PayPal,COUPON--A9,1.09,AUD
277115,2024-01-06T18:52:21,2024-01-06,69,49,Retail,Afterpay,COUPON--9A,9.43,AUD
277242,2024-01-06T09:24:00,2024-01-06,254,40,Online,Credit Card,COUPON--Z-,0.24,AUD
277278,2024-01-06T15:16:47,2024-01-06,19,40,Online,PayPal,COUPON90ZZ,2.22,AUD
277335,2024-01-06T02:17:20,2024-01-06,468,30,Online,PayPal,COUPON-90-,8.71,AUD
277485,2024-01-06T18:12:27,2024-01-06,735,13,Online,Afterpay,COUPON9A-Z,11.22,AUD
277523,2024-01-06T18:44:44,2024-01-06,228,4,Online,Credit Card,COUPONZ000,5.68,AUD
277666,2024-01-06T06:45:27,2024-01-06,157,29,Online,PayPal,COUPONZ099,7.22,AUD
277668,2024-01-06T00:57:58,2024-01-06,422,11,Retail,PayPal,COUPON-0-0,6.0,AUD
277905,2024-01-06T21:48:03,2024-01-06,404,17,Online,Afterpay,COUPON0Z0A,9.4,AUD
277973,2024-01-06T12:08:06,2024-01-06,34,4,Retail,Afterpay,COUPONZ9ZA,2.72,AUD
278048,2024-01-06T06:23:12,2024-01-06,328,43,Retail,Credit Card,COUPON9990,10.18,AUD
278252,2024-01-06T02:50:10,2024-01-06,667,38,Retail,Credit Card,COUPON009-,7.08,AUD
278719,2024-01-06T12:01:06,2024-01-06,539,37,Retail,Credit Card,COUPON0--A,4.08,AUD
278789,2024-01-06T07:19:50,2024-01-06,279,31,Online,Credit Card,COUPONAZ--,18.77,AUD
279043,2024-01-06T05:18:22,2024-01-06,715,9,Online,PayPal,COUPONZZAA,16.81,AUD
279087,2024-01-06T04:11:56,2024-01-06,159,44,Retail,PayPal,COUPON9Z-A,13.24,AUD
279142,2024-01-06T03:01:09,2024-01-06,606,18,Retail,PayPal,COUPON9-9-,15.55,AUD
279197,2024-01-06T00:42:14,2024-01-06,249,27,Retail,PayPal,COUPONAZ0A,17.36,AUD
279255,2024-01-06T07:58:58,2024-01-06,8,35,Retail,Afterpay,COUPONZZA0,2.57,AUD
279282,2024-01-06T14:32:59,2024-01-06,404,14,Online,PayPal,COUPON0-0Z,2.74,AUD
279446,2024-01-06T01:30:44,2024-01-06,755,1,Online,Credit Card,COUPON--ZA,13.48,AUD
279590,2024-01-06T10:11:58,2024-01-06,528,30,Online,PayPal,COUPONZ0AA,10.91,AUD
279666,2024-01-06T23:43:23,2024-01-06,793,28,Retail,PayPal,COUPON-AZ-,14.89,AUD
279783,2024-01-06T12:32:02,2024-01-06,604,30,Retail,Credit Card,COUPONAA--,13.63,AUD
279937,2024-01-06T15:21:03,2024-01-06,765,49,Online,Credit Card,COUPONZZZ9,11.87,AUD
279976,2024-01-06T05:49:55,2024-01-06,225,47,Online,Afterpay,COUPON--0A,13.78,AUD
280192,2024-01-06T05:18:49,2024-01-06,562,40,Retail,Afterpay,COUPONAZA9,18.45,AUD
280336,2024-01-06T12:06:38,2024-01-06,474,45,Retail,PayPal,COUPON9-Z9,11.83,AUD
280422,2024-01-06T02:21:53,2024-01-06,74,9,Retail,Credit Card,COUPON0-9Z,12.66,AUD
280437,2024-01-06T11:12:35,2024-01-06,523,8,Retail,Afterpay,COUPON--99,18.01,AUD
280484,2024-01-06T09:27:44,2024-01-06,519,23,Retail,Afterpay,COUPON09AA,5.81,AUD
280504,2024-01-06T03:24:35,2024-01-06,668,24,Online,PayPal,COUPON9-9A,13.29,AUD
280547,2024-01-06T13:04:19,2024-01-06,129,1,Retail,Credit Card,COUPON---9,16.82,AUD
280795,2024-01-06T06:32:11,2024-01-06,76,39,Online,PayPal,COUPON---Z,16.0,AUD
280802,2024-01-06T01:42:22,2024-01-06,650,36,Online,Credit Card,COUPON-90-,14.23,AUD
280887,2024-01-06T11:55:40,2024-01-06,288,12,Retail,PayPal,COUPON--09,18.11,AUD
281177,2024-01-06T11:57:13,2024-01-06,444,48,Retail,Credit Card,COUPON9-Z-,11.38,AUD
281200,2024-01-06T06:08:53,2024-01-06,369,12,Online,PayPal,COUPON0-9-,5.2,AUD
281316,2024-01-06T18:14:14,2024-01-06,440,35,Online,Afterpay,COUPONA90Z,15.24,AUD
281538,2024-01-06T10:21:04,2024-01-06,539,8,Online,PayPal,COUPONZ--A,2.56,AUD
281710,2024-01-06T08:05:37,2024-01-06,761,30,Online,Credit Card,COUPONA-09,7.97,AUD
281720,2024-01-06T11:44:38,2024-01-06,213,30,Online,PayPal,COUPONA999,0.63,AUD
281772,2024-01-06T04:16:19,2024-01-06,644,16,Online,Afterpay,COUPON0AZ0,5.69,AUD
281855,2024-01-06T19:28:41,2024-01-06,162,16,Online,Afterpay,COUPON0ZZA,14.56,AUD
281897,2024-01-06T09:19:53,2024-01-06,720,17,Online,Credit Card,COUPONZ---,9.53,AUD
282048,2024-01-06T19:40:53,2024-01-06,381,12,Online,Afterpay,COUPON9--9,7.02,AUD
282121,2024-01-06T07:17:23,2024-01-06,599,41,Retail,Credit Card,COUPON-Z9-,8.14,AUD
282258,2024-01-06T13:19:20,2024-01-06,731,30,Online,Afterpay,COUPONAZ-Z,7.82,AUD
282266,2024-01-06T07:09:30,2024-01-06,753,3,Online,Credit Card,COUPON-AZ0,16.15,AUD
282646,2024-01-06T03:41:23,2024-01-06,585,38,Retail,PayPal,COUPON90ZA,0.66,AUD
283046,2024-01-06T10:38:14,2024-01-06,234,35,Retail,PayPal,COUPON-9--,4.47,AUD
283060,2024-01-06T22:28:05,2024-01-06,216,31,Retail,Credit Card,COUPONA9ZA,11.09,AUD
283071,2024-01-06T07:41:28,2024-01-06,148,38,Retail,Credit Card,COUPON9Z90,12.85,AUD
283092,2024-01-06T14:19:26,2024-01-06,588,46,Retail,PayPal,COUPON-0-A,14.74,AUD
283133,2024-01-06T15:30:48,2024-01-06,355,25,Online,Credit Card,COUPON-0-9,8.55,AUD
283194,2024-01-06T15:00:54,2024-01-06,757,23,Retail,Credit Card,COUPON9-9-,2.99,AUD
283219,2024-01-06T23:36:23,2024-01-06,304,25,Retail,PayPal,COUPONZ009,6.71,AUD
283240,2024-01-06T11:33:52,2024-01-06,65,29,Retail,Afterpay,COUPON--A-,0.29,AUD
283491,2024-01-06T19:45:21,2024-01-06,13,47,Retail,Afterpay,COUPON-ZZ-,1.51,AUD
283536,2024-01-06T14:09:21,2024-01-06,790,46,Retail,PayPal,COUPONA0Z0,7.19,AUD
284085,2024-01-06T14:51:16,2024-01-06,9,49,Online,Afterpay,COUPON-0Z-,9.69,AUD
284421,2024-01-06T02:51:14,2024-01-06,125,40,Online,Afterpay,COUPONA-A-,1.53,AUD
284544,2024-01-06T14:32:55,2024-01-06,646,44,Retail,Afterpay,COUPON-90Z,15.01,AUD
284712,2024-01-06T02:11:10,2024-01-06,218,2,Online,PayPal,COUPONA-A-,18.56,AUD
284735,2024-01-06T10:03:18,2024-01-06,652,39,Online,Credit Card,COUPON-ZZ9,10.62,AUD
284841,2024-01-06T06:06:52,2024-01-06,59,16,Retail,PayPal,COUPON090A,8.97,AUD
284930,2024-01-06T03:00:38,2024-01-06,147,35,Online,Credit Card,COUPONZA-0,0.34,AUD
285054,2024-01-06T12:42:30,2024-01-06,686,23,Online,PayPal,COUPONAA-A,11.28,AUD
285073,2024-01-06T23:30:16,2024-01-06,270,25,Online,Afterpay,COUPON-0A9,10.23,AUD
285087,2024-01-06T02:19:51,2024-01-06,177,18,Retail,Credit Card,COUPON9-00,14.74,AUD
285103,2024-01-06T02:22:33,2024-01-06,511,45,Online,Afterpay,COUPON-Z--,9.11,AUD
285179,2024-01-06T21:59:21,2024-01-06,603,20,Online,Afterpay,COUPON--ZA,0.05,AUD
285382,2024-01-06T12:39:54,2024-01-06,667,7,Online,PayPal,COUPON---9,0.76,AUD
285463,2024-01-06T04:59:42,2024-01-06,296,11,Online,Afterpay,COUPON9---,6.91,AUD
285468,2024-01-06T09:35:16,2024-01-06,179,37,Retail,Credit Card,COUPONZ--0,17.01,AUD
285480,2024-01-06T05:26:37,2024-01-06,779,10,Retail,PayPal,COUPONZ0--,17.3,AUD
285493,2024-01-06T03:44:49,2024-01-06,364,5,Retail,PayPal,COUPON90--,19.2,AUD
285579,2024-01-06T05:42:08,2024-01-06,252,35,Online,Afterpay,COUPONAZ-0,4.01,AUD
285615,2024-01-06T06:46:05,2024-01-06,107,40,Online,Credit Card,COUPONA-A-,6.53,AUD
285629,2024-01-06T20:53:32,2024-01-06,115,1,Retail,Afterpay,COUPONZZ-A,15.43,AUD
285730,2024-01-06T18:28:13,2024-01-06,122,17,Online,Afterpay,COUPONA-0-,5.59,AUD
285752,2024-01-06T23:38:17,2024-01-06,138,17,Retail,Credit Card,COUPON-Z9Z,10.9,AUD
285989,2024-01-06T18:09:39,2024-01-06,136,39,Online,Afterpay,COUPON---9,2.89,AUD
286064,2024-01-06T06:52:22,2024-01-06,221,22,Retail,PayPal,COUPONAZA-,0.84,AUD
286070,2024-01-06T17:44:20,2024-01-06,499,4,Online,Afterpay,COUPONZ--0,2.88,AUD
286084,2024-01-06T07:48:59,2024-01-06,506,27,Retail,PayPal,COUPON0-9Z,14.84,AUD
286178,2024-01-06T22:34:55,2024-01-06,263,23,Online,Afterpay,COUPON0-A-,5.2,AUD
286186,2024-01-06T00:54:41,2024-01-06,144,22,Retail,Credit Card,COUPON0Z0A,17.08,AUD
286371,2024-01-06T06:27:20,2024-01-06,774,42,Retail,Credit Card,COUPONZ--9,12.57,AUD
286567,2024-01-06T05:57:58,2024-01-06,149,8,Online,Credit Card,COUPONZ0-9,2.88,AUD
286961,2024-01-06T22:30:38,2024-01-06,254,23,Online,Afterpay,COUPON-Z90,18.34,AUD
287108,2024-01-06T14:15:32,2024-01-06,587,14,Retail,PayPal,COUPON-0-0,5.47,AUD
287176,2024-01-06T18:03:40,2024-01-06,152,7,Online,PayPal,COUPONZ9Z-,6.65,AUD
287219,2024-01-06T03:36:05,2024-01-06,304,3,Online,PayPal,COUPON9-90,8.76,AUD
287235,2024-01-06T02:06:40,2024-01-06,723,33,Online,Afterpay,COUPON9-ZA,19.73,AUD
287251,2024-01-06T20:18:28,2024-01-06,303,29,Online,PayPal,COUPONZ--0,14.83,AUD
287342,2024-01-06T15:59:39,2024-01-06,225,6,Online,Credit Card,COUPON0-9-,3.19,AUD
287352,2024-01-06T09:36:47,2024-01-06,53,11,Online,PayPal,COUPON90A-,8.38,AUD
287523,2024-01-06T02:05:17,2024-01-06,759,41,Retail,Afterpay,COUPON00ZA,5.77,AUD
287597,2024-01-06T14:18:52,2024-01-06,436,39,Online,Afterpay,COUPON0ZZ-,9.91,AUD
287603,2024-01-06T03:44:46,2024-01-06,473,2,Retail,Credit Card,COUPON0-90,7.05,AUD
287631,2024-01-06T21:46:24,2024-01-06,415,47,Online,Credit Card,COUPONZA9A,8.37,AUD
287635,2024-01-06T18:34:28,2024-01-06,577,40,Retail,PayPal,COUPONZ---,11.42,AUD
287665,2024-01-06T12:35:35,2024-01-06,377,19,Retail,PayPal,COUPON-0Z-,3.06,AUD
287692,2024-01-06T23:18:06,2024-01-06,39,48,Retail,Credit Card,COUPONA0AA,13.02,AUD
287704,2024-01-06T07:47:01,2024-01-06,564,29,Online,Credit Card,COUPONA0AA,8.55,AUD
287860,2024-01-06T02:43:49,2024-01-06,461,30,Retail,PayPal,COUPON--A0,10.88,AUD
287879,2024-01-06T22:39:15,2024-01-06,702,40,Retail,Afterpay,COUPON-Z0Z,1.57,AUD
287897,2024-01-06T06:36:53,2024-01-06,44,25,Online,Afterpay,COUPON-0-9,7.07,AUD
287995,2024-01-06T11:07:20,2024-01-06,259,15,Online,Afterpay,COUPON99-Z,5.37,AUD
288086,2024-01-06T09:49:19,2024-01-06,151,20,Retail,Credit Card,COUPONZ9-Z,17.88,AUD
288160,2024-01-06T15:16:17,2024-01-06,546,35,Retail,PayPal,COUPONZAA-,16.36,AUD
288391,2024-01-06T23:51:07,2024-01-06,143,38,Retail,PayPal,COUPON9-ZZ,15.91,AUD
288399,2024-01-06T21:15:30,2024-01-06,502,18,Online,Afterpay,COUPONA900,7.22,AUD
288403,2024-01-06T06:37:09,2024-01-06,109,5,Retail,Credit Card,COUPON-999,19.71,AUD
288619,2024-01-06T13:33:02,2024-01-06,659,25,Online,Afterpay,COUPON9A--,9.39,AUD
288969,2024-01-06T19:04:36,2024-01-06,443,47,Retail,Afterpay,COUPONZ--A,10.21,AUD
288974,2024-01-06T09:51:03,2024-01-06,625,25,Retail,Credit Card,COUPON-00Z,9.87,AUD
289216,2024-01-06T03:29:38,2024-01-06,271,8,Retail,Afterpay,COUPONAAA-,15.38,AUD
289312,2024-01-06T02:48:44,2024-01-06,204,16,Online,PayPal,COUPONAA-A,19.73,AUD
289318,2024-01-06T04:11:55,2024-01-06,138,31,Retail,Credit Card,COUPON0ZZ9,18.22,AUD
289380,2024-01-06T09:30:29,2024-01-06,54,12,Online,Credit Card,COUPONZAAA,19.72,AUD
289520,2024-01-06T01:54:42,2024-01-06,376,30,Online,Credit Card,COUPON--ZZ,17.11,AUD
289613,2024-01-06T03:58:20,2024-01-06,492,19,Online,Credit Card,COUPON0-00,3.95,AUD
289693,2024-01-06T01:52:41,2024-01-06,382,45,Online,Afterpay,COUPON00--,16.88,AUD
289755,2024-01-06T10:19:14,2024-01-06,15,46,Retail,Afterpay,COUPONZ99Z,8.76,AUD
289824,2024-01-06T05:32:05,2024-01-06,237,17,Retail,PayPal,COUPON-9-Z,14.08,AUD
289905,2024-01-06T02:23:54,2024-01-06,318,35,Retail,Credit Card,COUPON0ZAA,4.1,AUD
290048,2024-01-06T05:38:02,2024-01-06,373,14,Online,Credit Card,COUPON-Z09,9.4,AUD
290411,2024-01-06T00:06:01,2024-01-06,265,33,Online,Credit Card,COUPON09--,6.3,AUD
290446,2024-01-06T07:48:40,2024-01-06,437,23,Online,Afterpay,COUPONA99-,5.84,AUD
290608,2024-01-06T07:16:21,2024-01-06,684,39,Retail,PayPal,COUPONZ0AA,19.59,AUD
290664,2024-01-06T02:48:50,2024-01-06,718,47,Retail,PayPal,COUPON-ZZ-,12.63,AUD
290806,2024-01-06T04:47:26,2024-01-06,123,14,Retail,Credit Card,COUPON9Z-9,8.14,AUD
290836,2024-01-06T15:03:26,2024-01-06,231,21,Online,PayPal,COUPONA0Z-,3.98,AUD
290850,2024-01-06T11:29:30,2024-01-06,473,48,Online,PayPal,COUPONAZAA,6.67,AUD
290869,2024-01-06T07:09:55,2024-01-06,602,44,Retail,Credit Card,COUPON-AZZ,4.12,AUD
290887,2024-01-06T09:42:59,2024-01-06,87,32,Retail,Credit Card,COUPON-A9Z,9.06,AUD
291024,2024-01-06T22:37:47,2024-01-06,778,31,Retail,Credit Card,COUPON---A,17.81,AUD
291046,2024-01-06T02:51:46,2024-01-06,509,24,Online,Credit Card,COUPONA990,16.39,AUD
291138,2024-01-06T17:16:30,2024-01-06,401,16,Online,PayPal,COUPONA-09,8.4,AUD
291142,2024-01-06T13:43:42,2024-01-06,166,37,Online,PayPal,COUPON99A9,9.57,AUD
291158,2024-01-06T15:55:03,2024-01-06,382,26,Retail,Credit Card,COUPON-9--,9.8,AUD
291179,2024-01-06T15:41:27,2024-01-06,732,41,Online,Credit Card,COUPON-9--,16.4,AUD
291230,2024-01-06T05:50:13,2024-01-06,574,34,Online,PayPal,COUPON9-ZA,17.71,AUD
291238,2024-01-06T17:51:40,2024-01-06,294,41,Online,PayPal,COUPONA999,6.6,AUD
291297,2024-01-06T17:46:16,2024-01-06,570,45,Online,PayPal,COUPON-0--,6.13,AUD
291313,2024-01-06T08:52:15,2024-01-06,463,24,Retail,Afterpay,COUPONZA-Z,15.56,AUD
291342,2024-01-06T08:11:55,2024-01-06,335,15,Online,Afterpay,COUPONZ-Z0,5.77,AUD
291364,2024-01-06T15:12:41,2024-01-06,455,26,Retail,Credit Card,COUPON09A9,15.04,AUD
291566,2024-01-06T00:21:52,2024-01-06,16,30,Online,Afterpay,COUPON0--A,2.3,AUD
291600,2024-01-06T05:13:26,2024-01-06,630,34,Retail,Afterpay,COUPON-99Z,1.87,AUD
291767,2024-01-06T08:23:34,2024-01-06,611,40,Retail,Afterpay,COUPONZA--,18.32,AUD
291838,2024-01-06T02:18:02,2024-01-06,587,3,Retail,Credit Card,COUPONAA9-,19.34,AUD
291842,2024-01-06T03:56:10,2024-01-06,263,48,Online,Credit Card,COUPON9--9,11.97,AUD
291871,2024-01-06T21:15:48,2024-01-06,494,24,Online,Afterpay,COUPON-ZZZ,8.96,AUD
292012,2024-01-06T19:56:26,2024-01-06,460,18,Retail,Credit Card,COUPON9900,19.44,AUD
292014,2024-01-06T04:08:47,2024-01-06,60,43,Retail,Credit Card,COUPON-AZ-,9.98,AUD
292395,2024-01-06T08:22:08,2024-01-06,429,28,Online,Credit Card,COUPON09-9,6.05,AUD
292482,2024-01-06T18:20:35,2024-01-06,232,36,Online,Afterpay,COUPON9AZ0,15.84,AUD
292515,2024-01-06T10:00:16,2024-01-06,39,3,Retail,PayPal,COUPON--AA,8.26,AUD
292524,2024-01-06T17:39:29,2024-01-06,352,28,Retail,PayPal,COUPON9AZA,8.66,AUD
292679,2024-01-06T10:37:07,2024-01-06,615,19,Online,PayPal,COUPON0-09,12.98,AUD
292767,2024-01-06T07:45:48,2024-01-06,244,8,Retail,Afterpay,COUPON9--A,2.91,AUD
292787,2024-01-06T17:52:11,2024-01-06,367,22,Retail,PayPal,COUPON-9-9,17.92,AUD
292942,2024-01-06T10:04:00,2024-01-06,226,2,Online,Credit Card,COUPON0-0A,16.96,AUD
292977,2024-01-06T00:33:39,2024-01-06,504,33,Retail,Credit Card,COUPON0--0,4.89,AUD
292989,2024-01-06T11:38:24,2024-01-06,640,20,Retail,PayPal,COUPON-ZAA,5.68,AUD
293077,2024-01-06T10:10:28,2024-01-06,761,25,Online,Credit Card,COUPONZA-9,0.01,AUD
293099,2024-01-06T07:06:16,2024-01-06,278,34,Online,PayPal,COUPON-00Z,6.46,AUD
293136,2024-01-06T17:41:53,2024-01-06,605,21,Online,Credit Card,COUPON---Z,12.77,AUD
293268,2024-01-06T22:19:07,2024-01-06,532,10,Online,Afterpay,COUPON0AAA,0.41,AUD
293366,2024-01-06T09:09:36,2024-01-06,349,22,Retail,Credit Card,COUPON0A-A,16.69,AUD
293414,2024-01-06T16:00:16,2024-01-06,53,43,Online,Afterpay,COUPON9000,7.08,AUD
293423,2024-01-06T06:04:34,2024-01-06,187,38,Retail,Afterpay,COUPON-Z-0,7.45,AUD
293487,2024-01-06T01:05:31,2024-01-06,630,37,Online,PayPal,COUPON9-0-,10.63,AUD
293566,2024-01-06T18:02:15,2024-01-06,608,7,Online,Credit Card,COUPON-A-A,17.56,AUD
293634,2024-01-06T21:48:43,2024-01-06,665,3,Retail,Credit Card,COUPONA-0A,0.04,AUD
293690,2024-01-06T23:59:54,2024-01-06,455,7,Retail,PayPal,COUPON-Z-Z,12.06,AUD
293701,2024-01-06T16:52:51,2024-01-06,750,44,Retail,PayPal,COUPON-9Z0,6.21,AUD
293778,2024-01-06T11:29:44,2024-01-06,740,1,Online,Credit Card,COUPON--9-,7.85,AUD
293797,2024-01-06T21:10:13,2024-01-06,724,23,Retail,Afterpay,COUPON9--A,0.93,AUD
293849,2024-01-06T02:40:42,2024-01-06,775,1,Retail,PayPal,COUPON090-,1.26,AUD
293898,2024-01-06T11:44:49,2024-01-06,276,46,Retail,Afterpay,COUPON--Z9,2.36,AUD
293928,2024-01-06T07:38:39,2024-01-06,461,9,Online,PayPal,COUPON99-9,4.35,AUD
294000,2024-01-06T06:06:34,2024-01-06,792,1,Online,PayPal,COUPONA0A0,6.98,AUD
294007,2024-01-06T08:11:38,2024-01-06,651,5,Retail,Afterpay,COUPON90-Z,14.53,AUD
294077,2024-01-06T16:03:51,2024-01-06,377,29,Online,PayPal,COUPON0Z9Z,13.5,AUD
294119,2024-01-06T23:54:11,2024-01-06,501,32,Online,PayPal,COUPON9-0Z,17.89,AUD
294133,2024-01-06T12:43:52,2024-01-06,541,48,Online,PayPal,COUPONA-0-,12.06,AUD
294251,2024-01-06T17:47:10,2024-01-06,136,20,Retail,PayPal,COUPON00Z0,9.93,AUD
294263,2024-01-06T00:00:24,2024-01-06,671,23,Retail,Afterpay,COUPONAZ9-,5.86,AUD
294275,2024-01-06T17:04:48,2024-01-06,516,31,Online,PayPal,COUPONZA99,3.12,AUD
294291,2024-01-06T20:48:40,2024-01-06,371,48,Retail,Credit Card,COUPONA99A,10.91,AUD
294294,2024-01-06T23:37:10,2024-01-06,238,23,Online,PayPal,COUPONA9-0,7.81,AUD
294324,2024-01-06T03:23:49,2024-01-06,562,15,Retail,Afterpay,COUPONA-90,17.51,AUD
294752,2024-01-06T16:50:31,2024-01-06,55,28,Online,Credit Card,COUPONZ9-9,11.54,AUD
294841,2024-01-06T16:54:51,2024-01-06,388,42,Online,PayPal,COUPON-ZZ0,7.31,AUD
294891,2024-01-06T18:53:58,2024-01-06,149,41,Online,Afterpay,COUPON0-99,13.83,AUD
294911,2024-01-06T14:24:41,2024-01-06,141,24,Online,Afterpay,COUPON-Z-A,12.13,AUD
295034,2024-01-06T18:49:32,2024-01-06,365,5,Retail,Credit Card,COUPON9-0Z,4.66,AUD
295103,2024-01-06T14:48:59,2024-01-06,218,22,Retail,Credit Card,COUPON09Z0,18.21,AUD
295362,2024-01-06T22:54:51,2024-01-06,667,45,Retail,PayPal,COUPON9-A-,19.74,AUD
295618,2024-01-06T16:56:48,2024-01-06,405,9,Online,Afterpay,COUPON-9-9,0.14,AUD
295638,2024-01-06T13:27:10,2024-01-06,676,11,Retail,Afterpay,COUPON0ZA-,14.83,AUD
295876,2024-01-06T06:48:14,2024-01-06,249,16,Retail,Credit Card,COUPON--AA,11.55,AUD
296111,2024-01-06T14:25:29,2024-01-06,326,29,Retail,PayPal,COUPON0Z90,17.72,AUD
296329,2024-01-06T17:48:51,2024-01-06,683,29,Retail,Credit Card,COUPON9A-0,10.73,AUD
296365,2024-01-06T00:49:58,2024-01-06,39,20,Online,Credit Card,COUPON00ZZ,19.12,AUD
296490,2024-01-06T14:36:37,2024-01-06,707,1,Retail,Afterpay,COUPON---0,19.74,AUD
296638,2024-01-06T12:14:34,2024-01-06,438,33,Online,Credit Card,COUPON0A0A,10.7,AUD
296661,2024-01-06T04:52:33,2024-01-06,313,42,Retail,Afterpay,COUPON--0-,6.65,AUD
296686,2024-01-06T20:02:29,2024-01-06,416,19,Online,PayPal,COUPONZ90Z,0.22,AUD
296931,2024-01-06T03:57:18,2024-01-06,532,17,Retail,PayPal,COUPON-A0-,4.17,AUD
297105,2024-01-06T18:40:55,2024-01-06,272,33,Online,PayPal,COUPON-A--,13.19,AUD
297354,2024-01-06T05:21:20,2024-01-06,212,46,Retail,Afterpay,COUPONZ-ZZ,4.9,AUD
297454,2024-01-06T23:43:10,2024-01-06,693,39,Retail,Afterpay,COUPONA9A-,4.99,AUD
297457,2024-01-06T09:24:53,2024-01-06,501,33,Online,Credit Card,COUPONAAZZ,7.23,AUD
297532,2024-01-06T03:49:21,2024-01-06,180,40,Retail,Afterpay,COUPON-00-,17.25,AUD
297583,2024-01-06T13:03:37,2024-01-06,213,39,Retail,Credit Card,COUPON--A-,14.97,AUD
297700,2024-01-06T07:53:17,2024-01-06,111,14,Online,Afterpay,COUPON00A9,11.36,AUD
297761,2024-01-06T10:07:17,2024-01-06,490,43,Online,PayPal,COUPON-A-0,13.2,AUD
297970,2024-01-06T09:32:36,2024-01-06,20,34,Retail,Credit Card,COUPONZZZZ,9.51,AUD
298008,2024-01-06T09:48:27,2024-01-06,528,44,Online,Afterpay,COUPONAAA-,3.39,AUD
298019,2024-01-06T04:51:55,2024-01-06,373,49,Online,Credit Card,COUPON-99Z,16.68,AUD
298131,2024-01-06T13:01:14,2024-01-06,166,17,Online,PayPal,COUPONZ099,18.55,AUD
298263,2024-01-06T09:17:17,2024-01-06,238,19,Retail,Afterpay,COUPONZ0-Z,2.7,AUD
298456,2024-01-06T09:36:50,2024-01-06,386,2,Online,PayPal,COUPONA-0-,12.2,AUD
298545,2024-01-06T09:20:21,2024-01-06,469,5,Online,Afterpay,COUPONZ0ZA,13.31,AUD
298652,2024-01-06T18:37:33,2024-01-06,157,14,Online,Credit Card,COUPON90Z9,2.08,AUD
298787,2024-01-06T08:55:05,2024-01-06,127,27,Online,PayPal,COUPON0Z00,9.36,AUD
298795,2024-01-06T18:38:59,2024-01-06,365,30,Retail,Credit Card,COUPONA0AZ,8.03,AUD
299062,2024-01-06T09:28:18,2024-01-06,20,40,Online,Credit Card,COUPONZ9-0,14.19,AUD
299088,2024-01-06T18:40:56,2024-01-06,398,35,Retail,Afterpay,COUPON-0A0,17.07,AUD
299565,2024-01-06T00:39:49,2024-01-06,522,41,Online,Afterpay,COUPONAZ09,18.92,AUD
299667,2024-01-06T19:49:29,2024-01-06,772,38,Online,Credit Card,COUPON9-A-,18.69,AUD
299692,2024-01-06T00:40:37,2024-01-06,452,43,Online,Afterpay,COUPON00-9,5.49,AUD
299796,2024-01-06T08:24:04,2024-01-06,272,43,Retail,PayPal,COUPONZ-Z9,16.0,AUD
299873,2024-01-06T22:06:12,2024-01-06,237,44,Online,Credit Card,COUPON9Z0-,2.74,AUD
299879,2024-01-06T12:23:27,2024-01-06,258,18,Retail,Afterpay,COUPON9A0Z,12.64,AUD
300075,2024-01-06T19:44:40,2024-01-06,624,23,Online,Credit Card,COUPON-Z-0,13.67,AUD
300111,2024-01-06T10:06:38,2024-01-06,318,2,Retail,Afterpay,COUPON9ZA0,16.42,AUD
300308,2024-01-06T22:20:28,2024-01-06,65,44,Online,PayPal,COUPON9AAA,1.29,AUD
300353,2024-01-06T20:30:06,2024-01-06,232,26,Retail,Credit Card,COUPON0ZA-,0.86,AUD
300395,2024-01-06T10:28:45,2024-01-06,42,35,Online,Afterpay,COUPON900Z,0.33,AUD
300421,2024-01-06T17:57:32,2024-01-06,371,24,Retail,Afterpay,COUPONZ999,0.74,AUD
300492,2024-01-06T20:34:39,2024-01-06,137,17,Online,Afterpay,COUPON-Z99,10.24,AUD
300837,2024-01-06T14:52:14,2024-01-06,601,11,Retail,Credit Card,COUPONZ-Z9,14.26,AUD
300900,2024-01-06T18:23:58,2024-01-06,131,36,Retail,Credit Card,COUPON-0-Z,3.37,AUD
301139,2024-01-06T00:23:56,2024-01-06,384,32,Retail,Afterpay,COUPON-Z0-,9.14,AUD
301186,2024-01-06T23:42:39,2024-01-06,588,44,Retail,Credit Card,COUPON0A99,17.26,AUD
301270,2024-01-06T09:49:14,2024-01-06,459,41,Online,PayPal,COUPONA-9-,1.52,AUD
301453,2024-01-06T10:34:30,2024-01-06,677,47,Retail,Credit Card,COUPON0-A-,10.77,AUD
301524,2024-01-06T05:34:00,2024-01-06,631,9,Online,PayPal,COUPON00Z-,11.78,AUD
301565,2024-01-06T06:38:35,2024-01-06,421,21,Retail,PayPal,COUPON-0-A,16.92,AUD
301625,2024-01-06T07:57:19,2024-01-06,219,44,Online,Credit Card,COUPON---9,7.42,AUD
301683,2024-01-06T12:54:42,2024-01-06,388,35,Retail,Credit Card,COUPON00-A,15.97,AUD
301888,2024-01-06T14:59:39,2024-01-06,358,44,Online,PayPal,COUPONA--0,6.22,AUD
301904,2024-01-06T23:47:52,2024-01-06,741,10,Retail,Credit Card,COUPON0ZA9,10.16,AUD
301940,2024-01-06T02:54:06,2024-01-06,618,44,Online,Credit Card,COUPONA9-Z,19.85,AUD
301990,2024-01-06T16:00:21,2024-01-06,495,30,Online,Afterpay,COUPONAA90,6.89,AUD
302048,2024-01-06T21:37:43,2024-01-06,329,27,Online,Credit Card,COUPON--9-,12.49,AUD
302126,2024-01-06T22:16:22,2024-01-06,351,29,Retail,Afterpay,COUPON09Z-,18.17,AUD
302182,2024-01-06T02:16:44,2024-01-06,301,28,Online,PayPal,COUPONA90A,16.24,AUD
302202,2024-01-06T17:12:07,2024-01-06,327,41,Retail,Credit Card,COUPON99-A,17.82,AUD
302207,2024-01-06T08:19:18,2024-01-06,271,43,Online,Afterpay,COUPONAZZ-,4.83,AUD
302375,2024-01-06T18:08:46,2024-01-06,164,43,Retail,Afterpay,COUPON-ZZ9,10.79,AUD
302398,2024-01-06T19:03:18,2024-01-06,258,42,Online,PayPal,COUPONA---,14.63,AUD
302400,2024-01-06T17:50:21,2024-01-06,577,18,Retail,Afterpay,COUPON0-09,2.56,AUD
302552,2024-01-06T11:02:32,2024-01-06,632,20,Online,Afterpay,COUPON-Z9A,10.27,AUD
302581,2024-01-06T20:45:03,2024-01-06,161,45,Retail,PayPal,COUPON--Z-,5.4,AUD
302671,2024-01-06T10:10:50,2024-01-06,101,46,Online,PayPal,COUPONZ-9A,0.72,AUD
303206,2024-01-06T19:09:55,2024-01-06,185,16,Online,Credit Card,COUPON-0-A,1.2,AUD
303511,2024-01-06T14:50:46,2024-01-06,489,44,Online,Credit Card,COUPONA-Z-,5.18,AUD
303556,2024-01-06T08:34:00,2024-01-06,396,1,Online,Afterpay,COUPON-A0Z,17.22,AUD
303577,2024-01-06T11:50:52,2024-01-06,384,21,Online,Credit Card,COUPON--AA,2.14,AUD
303603,2024-01-06T08:00:19,2024-01-06,162,1,Online,Credit Card,COUPON0Z99,6.89,AUD
303769,2024-01-06T03:40:16,2024-01-06,493,9,Retail,Afterpay,COUPONZZA-,12.3,AUD
303858,2024-01-06T08:12:28,2024-01-06,508,10,Retail,Credit Card,COUPON-9--,19.39,AUD
303921,2024-01-06T01:55:00,2024-01-06,273,45,Retail,Afterpay,COUPON9ZZ-,2.97,AUD
304054,2024-01-06T14:29:48,2024-01-06,386,40,Retail,PayPal,COUPON990Z,5.75,AUD
304129,2024-01-06T05:51:58,2024-01-06,201,42,Online,Afterpay,COUPON0-9Z,2.62,AUD
304187,2024-01-06T07:56:18,2024-01-06,25,14,Retail,Credit Card,COUPONZZ-0,11.93,AUD
304197,2024-01-06T19:08:00,2024-01-06,744,39,Online,PayPal,COUPON0-00,10.76,AUD
304272,2024-01-06T14:16:48,2024-01-06,520,34,Retail,Afterpay,COUPONZ---,18.66,AUD
304547,2024-01-06T21:15:59,2024-01-06,614,14,Online,PayPal,COUPONA--0,0.92,AUD
304630,2024-01-06T09:37:02,2024-01-06,705,19,Online,Credit Card,COUPON0Z-9,11.13,AUD
304707,2024-01-06T11:22:17,2024-01-06,678,14,Retail,PayPal,COUPON0-A-,0.9,AUD
304867,2024-01-06T20:48:56,2024-01-06,726,3,Retail,Afterpay,COUPON---A,0.9,AUD
304900,2024-01-06T14:52:44,2024-01-06,473,17,Retail,PayPal,COUPON-AA9,10.77,AUD
305200,2024-01-06T08:57:31,2024-01-06,664,47,Retail,Credit Card,COUPON0ZA-,10.04,AUD
305228,2024-01-06T20:22:59,2024-01-06,591,38,Retail,Afterpay,COUPONA9Z-,9.93,AUD
305250,2024-01-06T19:18:48,2024-01-06,379,35,Online,PayPal,COUPON9900,11.27,AUD
305295,2024-01-06T17:05:12,2024-01-06,542,38,Online,PayPal,COUPON-0-9,12.0,AUD
305352,2024-01-06T17:31:24,2024-01-06,219,21,Online,Credit Card,COUPON---A,17.33,AUD
305355,2024-01-06T09:36:34,2024-01-06,676,43,Retail,PayPal,COUPON9-00,5.05,AUD
305539,2024-01-06T02:12:05,2024-01-06,438,2,Retail,Credit Card,COUPON--9-,12.09,AUD
305629,2024-01-06T07:35:23,2024-01-06,520,47,Online,Afterpay,COUPON---A,6.1,AUD
305718,2024-01-06T04:33:47,2024-01-06,352,19,Online,Afterpay,COUPON9A0-,19.58,AUD
305743,2024-01-06T11:41:31,2024-01-06,10,22,Online,Credit Card,COUPON0-09,5.45,AUD
305793,2024-01-06T11:36:57,2024-01-06,408,23,Online,Afterpay,COUPON-AZ9,3.01,AUD
305824,2024-01-06T01:10:11,2024-01-06,506,36,Online,Afterpay,COUPONA-9-,11.19,AUD
305879,2024-01-06T14:09:45,2024-01-06,732,26,Retail,Credit Card,COUPON-9-Z,7.44,AUD
305891,2024-01-06T17:19:33,2024-01-06,706,44,Retail,Afterpay,COUPONAAZ-,17.52,AUD
306165,2024-01-06T02:34:14,2024-01-06,783,30,Retail,Credit Card,COUPONZ0-9,16.91,AUD
306218,2024-01-06T04:59:45,2024-01-06,195,18,Retail,Credit Card,COUPON09Z-,5.15,AUD
306221,2024-01-06T09:36:12,2024-01-06,244,48,Online,PayPal,COUPON09A-,9.47,AUD
306236,2024-01-06T10:53:13,2024-01-06,303,19,Retail,Afterpay,COUPONAZZZ,5.71,AUD
306338,2024-01-06T19:44:14,2024-01-06,416,36,Retail,Afterpay,COUPONA0-A,18.71,AUD
306426,2024-01-06T06:17:52,2024-01-06,87,23,Retail,Afterpay,COUPON090Z,10.65,AUD
306599,2024-01-06T15:34:07,2024-01-06,541,8,Retail,Afterpay,COUPON0AA-,1.61,AUD
306754,2024-01-06T07:09:33,2024-01-06,340,31,Online,Credit Card,COUPON9A99,19.88,AUD
307016,2024-01-06T02:29:27,2024-01-06,480,48,Online,PayPal,COUPON-9ZA,7.6,AUD
307043,2024-01-06T03:11:56,2024-01-06,699,33,Online,PayPal,COUPON0-A9,15.2,AUD
307124,2024-01-06T01:32:37,2024-01-06,357,5,Retail,Afterpay,COUPON9-Z-,1.28,AUD
307313,2024-01-06T02:52:26,2024-01-06,459,41,Online,Credit Card,COUPON--9A,13.6,AUD
307322,2024-01-06T03:35:42,2024-01-06,105,16,Retail,Afterpay,COUPON0AA0,10.95,AUD
307393,2024-01-06T18:43:04,2024-01-06,502,45,Online,Credit Card,COUPON-09-,14.26,AUD
307503,2024-01-06T14:00:40,2024-01-06,743,9,Retail,PayPal,COUPON0-99,6.33,AUD
307643,2024-01-06T07:38:08,2024-01-06,329,27,Retail,Credit Card,COUPON0-90,7.76,AUD
307784,2024-01-06T17:12:58,2024-01-06,266,3,Retail,PayPal,COUPON09-0,14.99,AUD
307806,2024-01-06T20:32:30,2024-01-06,432,33,Online,Afterpay,COUPONZ-0-,16.84,AUD
307870,2024-01-06T12:40:13,2024-01-06,545,35,Online,PayPal,COUPONA0ZA,2.14,AUD
307885,2024-01-06T19:18:50,2024-01-06,750,19,Online,Credit Card,COUPON--Z-,13.48,AUD
307891,2024-01-06T13:56:08,2024-01-06,289,44,Online,Credit Card,COUPON--A0,2.5,AUD
307897,2024-01-06T14:04:37,2024-01-06,685,38,Retail,Afterpay,COUPON9A9-,7.77,AUD
308075,2024-01-06T07:56:10,2024-01-06,592,47,Online,Afterpay,COUPON--A-,4.91,AUD
308123,2024-01-06T23:59:14,2024-01-06,591,19,Online,PayPal,COUPON0-Z-,17.47,AUD
308131,2024-01-06T00:20:49,2024-01-06,587,35,Retail,PayPal,COUPON00--,12.5,AUD
308177,2024-01-06T22:23:12,2024-01-06,698,1,Retail,PayPal,COUPONAZ0A,8.5,AUD
308204,2024-01-06T04:01:03,2024-01-06,660,23,Retail,PayPal,COUPON-0-Z,8.01,AUD
308226,2024-01-06T12:55:33,2024-01-06,705,46,Retail,PayPal,COUPON0-ZZ,18.11,AUD
308269,2024-01-06T22:04:50,2024-01-06,627,8,Retail,Credit Card,COUPONA--9,3.95,AUD
308305,2024-01-06T19:50:52,2024-01-06,389,30,Retail,PayPal,COUPON-A-0,18.49,AUD
308322,2024-01-06T18:25:22,2024-01-06,499,15,Retail,Afterpay,COUPONA-Z-,19.27,AUD
308511,2024-01-06T16:34:54,2024-01-06,551,31,Retail,PayPal,COUPON--09,4.83,AUD
308520,2024-01-06T17:58:34,2024-01-06,705,37,Retail,Credit Card,COUPONA--A,16.52,AUD
308567,2024-01-06T14:07:52,2024-01-06,786,32,Retail,Credit Card,COUPON-Z9Z,5.7,AUD
308718,2024-01-06T13:04:58,2024-01-06,677,19,Online,Afterpay,COUPONZ99-,12.87,AUD
308804,2024-01-06T03:18:49,2024-01-06,313,12,Online,Credit Card,COUPONZ-9Z,5.74,AUD
309082,2024-01-06T06:20:51,2024-01-06,102,5,Online,Credit Card,COUPON999-,18.63,AUD
309188,2024-01-06T13:48:35,2024-01-06,223,2,Retail,Afterpay,COUPON0-9-,7.91,AUD
309594,2024-01-06T21:47:31,2024-01-06,700,32,Online,Afterpay,COUPON--90,3.18,AUD
309723,2024-01-06T20:12:33,2024-01-06,113,20,Retail,Afterpay,COUPON9-Z-,3.81,AUD
309814,2024-01-06T10:59:32,2024-01-06,241,1,Retail,Afterpay,COUPON0-9-,18.97,AUD
309892,2024-01-06T08:27:34,2024-01-06,649,6,Retail,Afterpay,COUPON0Z0A,16.04,AUD
310044,2024-01-06T06:19:02,2024-01-06,354,13,Online,PayPal,COUPON0-AA,14.22,AUD
310095,2024-01-06T11:36:01,2024-01-06,378,49,Retail,PayPal,COUPON-Z0-,10.2,AUD
310110,2024-01-06T08:41:38,2024-01-06,320,30,Online,Credit Card,COUPON-ZAZ,12.29,AUD
310329,2024-01-06T18:02:46,2024-01-06,59,16,Online,Credit Card,COUPON--00,0.15,AUD
310387,2024-01-06T11:31:24,2024-01-06,44,37,Retail,PayPal,COUPONZ999,15.74,AUD
310425,2024-01-06T10:55:58,2024-01-06,529,29,Online,Credit Card,COUPON0ZZ-,17.99,AUD
310496,2024-01-06T14:04:33,2024-01-06,617,10,Retail,PayPal,COUPONZ---,8.59,AUD
310522,2024-01-06T12:32:45,2024-01-06,605,49,Online,PayPal,COUPON----,8.72,AUD
310543,2024-01-06T17:52:32,2024-01-06,302,42,Retail,Credit Card,COUPON-9Z-,11.51,AUD
310611,2024-01-06T17:33:35,2024-01-06,571,36,Online,Credit Card,COUPONAZ-A,14.03,AUD
310749,2024-01-06T21:31:38,2024-01-06,779,42,Online,Credit Card,COUPONZ-A-,8.85,AUD
310955,2024-01-06T23:13:21,2024-01-06,39,10,Online,PayPal,COUPON999A,6.38,AUD
311056,2024-01-06T15:53:19,2024-01-06,262,44,Online,Credit Card,COUPON0A--,7.06,AUD
311092,2024-01-06T09:55:17,2024-01-06,616,3,Online,Credit Card,COUPON-Z-A,3.38,AUD
311104,2024-01-06T07:30:39,2024-01-06,268,10,Retail,Credit Card,COUPON0-9-,1.49,AUD
311210,2024-01-06T02:45:59,2024-01-06,300,39,Retail,Afterpay,COUPONZ9--,7.14,AUD
311217,2024-01-06T23:53:55,2024-01-06,90,9,Retail,Credit Card,COUPONZA--,0.82,AUD
311243,2024-01-06T16:09:10,2024-01-06,257,43,Retail,Afterpay,COUPON-ZAZ,10.84,AUD
311260,2024-01-06T16:29:00,2024-01-06,399,38,Retail,Credit Card,COUPONZ9A-,19.15,AUD
311353,2024-01-06T11:38:24,2024-01-06,579,8,Retail,Credit Card,COUPON9-9-,1.91,AUD
311379,2024-01-06T08:11:43,2024-01-06,104,17,Online,Credit Card,COUPON--00,4.31,AUD
311694,2024-01-06T09:55:08,2024-01-06,643,42,Retail,PayPal,COUPON-A-0,12.52,AUD
311744,2024-01-06T12:56:08,2024-01-06,220,10,Retail,PayPal,COUPON0-A-,2.26,AUD
311789,2024-01-06T06:27:13,2024-01-06,520,48,Online,PayPal,COUPONA9-9,12.31,AUD
312125,2024-01-06T01:35:51,2024-01-06,740,27,Online,Afterpay,COUPONZA9A,6.04,AUD
312128,2024-01-06T18:48:45,2024-01-06,131,16,Online,PayPal,COUPONA-Z-,3.3,AUD
312248,2024-01-06T19:44:24,2024-01-06,509,22,Online,Credit Card,COUPONA0-0,3.38,AUD
312324,2024-01-06T07:03:08,2024-01-06,329,9,Online,Credit Card,COUPON9-09,9.67,AUD
312536,2024-01-06T07:23:49,2024-01-06,384,8,Retail,Credit Card,COUPON0A-Z,1.61,AUD
312556,2024-01-06T01:21:38,2024-01-06,184,19,Online,PayPal,COUPON-9-9,4.81,AUD
312562,2024-01-06T17:17:07,2024-01-06,609,27,Online,Afterpay,COUPONZ0-A,1.72,AUD
312652,2024-01-06T22:58:52,2024-01-06,544,7,Online,Credit Card,COUPONAA0Z,16.75,AUD
312789,2024-01-06T03:15:16,2024-01-06,529,23,Online,PayPal,COUPON----,17.79,AUD
312832,2024-01-06T03:50:00,2024-01-06,301,19,Online,Credit Card,COUPON0A09,12.25,AUD
312990,2024-01-06T20:12:20,2024-01-06,757,9,Retail,PayPal,COUPON0--0,15.31,AUD
313219,2024-01-06T05:42:07,2024-01-06,302,7,Online,PayPal,COUPON--Z0,18.65,AUD
313251,2024-01-06T04:55:37,2024-01-06,658,4,Retail,PayPal,COUPON----,8.99,AUD
313264,2024-01-06T23:19:34,2024-01-06,332,11,Retail,Credit Card,COUPON-AZ-,4.06,AUD
313442,2024-01-06T11:35:57,2024-01-06,419,29,Online,Afterpay,COUPON-009,3.61,AUD
313482,2024-01-06T09:16:09,2024-01-06,719,43,Online,Credit Card,COUPONZZ9A,5.71,AUD
313552,2024-01-06T03:34:31,2024-01-06,183,20,Online,Afterpay,COUPONZ-9A,13.0,AUD
313652,2024-01-06T18:30:55,2024-01-06,694,44,Retail,Afterpay,COUPON9AA0,4.5,AUD
313717,2024-01-06T02:17:14,2024-01-06,168,1,Retail,Credit Card,COUPON0-9Z,16.08,AUD
313833,2024-01-06T09:22:24,2024-01-06,280,1,Retail,PayPal,COUPONZAZ0,6.99,AUD
313838,2024-01-06T06:38:37,2024-01-06,201,49,Retail,Afterpay,COUPON-ZA0,9.36,AUD
314034,2024-01-06T00:30:48,2024-01-06,20,31,Retail,Credit Card,COUPON-909,15.93,AUD
314181,2024-01-06T03:36:46,2024-01-06,731,12,Online,Afterpay,COUPONAZZ-,14.96,AUD
314287,2024-01-06T02:12:27,2024-01-06,284,49,Online,Credit Card,COUPON0--9,3.12,AUD
314310,2024-01-06T16:09:41,2024-01-06,445,2,Online,Credit Card,COUPONAA-9,16.92,AUD
314370,2024-01-06T09:26:54,2024-01-06,520,24,Retail,Credit Card,COUPON09--,6.22,AUD
314447,2024-01-06T03:24:55,2024-01-06,161,43,Retail,Afterpay,COUPONZ090,4.84,AUD
314494,2024-01-06T06:27:00,2024-01-06,205,49,Retail,PayPal,COUPON-900,5.28,AUD
314508,2024-01-06T14:23:57,2024-01-06,119,26,Online,Credit Card,COUPON-9-9,19.75,AUD
314584,2024-01-06T21:57:56,2024-01-06,70,24,Retail,PayPal,COUPON0--9,16.75,AUD
314618,2024-01-06T18:27:35,2024-01-06,605,24,Retail,PayPal,COUPON---0,13.78,AUD
314699,2024-01-06T03:28:33,2024-01-06,351,42,Retail,Afterpay,COUPONAA99,5.57,AUD
314824,2024-01-06T21:44:30,2024-01-06,456,18,Online,Credit Card,COUPON-A9-,17.88,AUD
314876,2024-01-06T12:54:32,2024-01-06,424,35,Online,PayPal,COUPON090Z,8.84,AUD
314923,2024-01-06T19:28:59,2024-01-06,188,4,Retail,Credit Card,COUPON---A,8.74,AUD
314994,2024-01-06T08:30:29,2024-01-06,316,34,Online,Afterpay,COUPONZAZ-,1.14,AUD
315120,2024-01-06T04:47:17,2024-01-06,431,36,Online,Credit Card,COUPONA--A,4.88,AUD
315221,2024-01-06T19:05:07,2024-01-06,4,38,Retail,PayPal,COUPONA99-,15.53,AUD
315226,2024-01-06T21:02:16,2024-01-06,771,2,Online,Afterpay,COUPONAZ0-,13.1,AUD
315358,2024-01-06T21:13:37,2024-01-06,140,5,Online,Credit Card,COUPON----,4.19,AUD
315512,2024-01-06T09:37:46,2024-01-06,8,18,Retail,Afterpay,COUPON-9-0,5.5,AUD
315609,2024-01-06T15:55:45,2024-01-06,254,38,Online,Afterpay,COUPON-9-Z,1.4,AUD
315652,2024-01-06T12:57:45,2024-01-06,29,48,Online,Afterpay,COUPON9AA9,0.86,AUD
315695,2024-01-06T07:00:29,2024-01-06,161,31,Online,PayPal,COUPON0-0-,4.45,AUD
315878,2024-01-06T01:12:50,2024-01-06,305,26,Retail,Afterpay,COUPON099Z,13.27,AUD
315951,2024-01-06T00:36:18,2024-01-06,545,8,Retail,PayPal,COUPON9-9-,10.63,AUD
315990,2024-01-06T04:50:19,2024-01-06,87,31,Retail,Credit Card,COUPON-09Z,4.43,AUD
316119,2024-01-06T04:16:30,2024-01-06,429,16,Online,Afterpay,COUPON0--Z,7.39,AUD
316155,2024-01-06T03:04:40,2024-01-06,562,11,Retail,Credit Card,COUPON9000,15.96,AUD
316263,2024-01-06T23:23:52,2024-01-06,154,19,Online,Credit Card,COUPON00--,6.99,AUD
316280,2024-01-06T17:33:32,2024-01-06,670,8,Online,PayPal,COUPON090-,10.05,AUD
316285,2024-01-06T03:53:00,2024-01-06,630,24,Online,PayPal,COUPON--A-,3.04,AUD
316340,2024-01-06T13:25:58,2024-01-06,77,20,Online,PayPal,COUPON-A0-,7.21,AUD
316372,2024-01-06T21:37:43,2024-01-06,433,40,Online,Afterpay,COUPON0-09,10.04,AUD
316511,2024-01-06T00:51:25,2024-01-06,221,13,Retail,Credit Card,COUPON00Z-,3.23,AUD
316801,2024-01-06T01:44:47,2024-01-06,499,34,Online,Afterpay,COUPON0A-9,2.19,AUD
316868,2024-01-06T10:24:16,2024-01-06,708,1,Online,Credit Card,COUPON--A-,6.33,AUD
316893,2024-01-06T09:08:35,2024-01-06,761,15,Retail,Afterpay,COUPON-ZZ-,3.76,AUD
316995,2024-01-06T18:08:48,2024-01-06,463,34,Retail,PayPal,COUPONZZAA,3.0,AUD
317149,2024-01-06T10:43:13,2024-01-06,421,37,Retail,PayPal,COUPONAA-A,12.16,AUD
317154,2024-01-06T05:56:29,2024-01-06,412,14,Online,Afterpay,COUPON-9A-,18.36,AUD
317167,2024-01-06T11:42:41,2024-01-06,542,17,Online,Afterpay,COUPON0A-Z,10.67,AUD
317252,2024-01-06T04:04:23,2024-01-06,2,13,Online,Credit Card,COUPON-ZZ9,12.41,AUD
317258,2024-01-06T04:27:43,2024-01-06,273,11,Retail,Credit Card,COUPONA0Z0,17.2,AUD
317293,2024-01-06T11:53:34,2024-01-06,613,9,Online,Credit Card,COUPON-0Z0,7.39,AUD
317421,2024-01-06T21:11:30,2024-01-06,101,26,Retail,Credit Card,COUPON----,5.76,AUD
317494,2024-01-06T09:05:57,2024-01-06,658,36,Retail,PayPal,COUPON09Z-,16.2,AUD
317521,2024-01-06T06:53:20,2024-01-06,196,36,Retail,Afterpay,COUPON09-9,19.75,AUD
317593,2024-01-06T18:46:13,2024-01-06,544,12,Online,PayPal,COUPONZ--Z,5.8,AUD
317695,2024-01-06T02:34:51,2024-01-06,328,31,Retail,Credit Card,COUPONZA9A,0.3,AUD
317961,2024-01-06T01:42:43,2024-01-06,221,2,Retail,Afterpay,COUPONA99-,15.37,AUD
318033,2024-01-06T14:03:20,2024-01-06,646,36,Online,Afterpay,COUPON0-0-,5.46,AUD
318098,2024-01-06T23:47:26,2024-01-06,253,28,Online,Afterpay,COUPON---Z,4.62,AUD
318102,2024-01-06T19:35:24,2024-01-06,504,19,Retail,Credit Card,COUPON9ZZA,18.75,AUD
318237,2024-01-06T07:44:45,2024-01-06,668,34,Online,Credit Card,COUPONZ---,7.27,AUD
318265,2024-01-06T18:37:40,2024-01-06,185,43,Online,Afterpay,COUPONZ---,3.01,AUD
318316,2024-01-06T07:24:28,2024-01-06,681,45,Online,Credit Card,COUPON--A-,6.05,AUD
318341,2024-01-06T18:53:22,2024-01-06,396,27,Retail,PayPal,COUPON-AAZ,5.23,AUD
318474,2024-01-06T02:53:42,2024-01-06,165,16,Online,Credit Card,COUPON-AA0,11.89,AUD
318482,2024-01-06T20:24:44,2024-01-06,207,47,Retail,PayPal,COUPONZ0-Z,13.9,AUD
318599,2024-01-06T15:54:33,2024-01-06,449,17,Retail,Afterpay,COUPON9A-Z,19.54,AUD
318787,2024-01-06T17:25:08,2024-01-06,667,7,Online,Afterpay,COUPON9---,3.41,AUD
318840,2024-01-06T23:20:27,2024-01-06,672,5,Online,Afterpay,COUPONA0-A,4.75,AUD
318916,2024-01-06T06:42:35,2024-01-06,214,36,Online,PayPal,COUPON9AZ-,14.77,AUD
319132,2024-01-06T10:53:11,2024-01-06,662,14,Retail,Credit Card,COUPON-0--,8.44,AUD
319295,2024-01-06T22:54:04,2024-01-06,400,42,Retail,Credit Card,COUPON999-,9.74,AUD
319421,2024-01-06T04:07:03,2024-01-06,678,17,Online,PayPal,COUPON00A-,19.63,AUD
319582,2024-01-06T12:30:14,2024-01-06,395,4,Online,PayPal,COUPON9ZA-,7.74,AUD
319591,2024-01-06T22:29:43,2024-01-06,682,30,Retail,Credit Card,COUPONA90Z,12.14,AUD
319716,2024-01-06T23:36:06,2024-01-06,497,30,Retail,Afterpay,COUPON99--,18.2,AUD
319719,2024-01-06T16:47:32,2024-01-06,329,6,Retail,PayPal,COUPONZ99-,6.07,AUD
319910,2024-01-06T13:32:20,2024-01-06,440,12,Online,PayPal,COUPONA--0,14.29,AUD
320064,2024-01-06T20:06:26,2024-01-06,755,48,Online,Credit Card,COUPON9Z--,12.57,AUD
320107,2024-01-06T03:34:14,2024-01-06,746,27,Retail,Afterpay,COUPON9-0Z,7.02,AUD
320283,2024-01-06T00:58:10,2024-01-06,595,26,Retail,Credit Card,COUPON-A-Z,2.1,AUD
320391,2024-01-06T17:19:35,2024-01-06,568,35,Retail,Afterpay,COUPON099-,20.0,AUD
320508,2024-01-06T12:01:44,2024-01-06,71,11,Online,Credit Card,COUPON-AZA,12.05,AUD
320631,2024-01-06T19:13:48,2024-01-06,91,44,Online,Afterpay,COUPON-AA0,2.39,AUD
320661,2024-01-06T17:19:40,2024-01-06,326,20,Online,Credit Card,COUPONA0-Z,15.46,AUD
320688,2024-01-06T22:35:27,2024-01-06,108,28,Retail,PayPal,COUPON0A90,3.23,AUD
320717,2024-01-06T07:31:11,2024-01-06,610,8,Retail,PayPal,COUPON-90-,16.18,AUD
320723,2024-01-06T06:46:15,2024-01-06,279,35,Online,Credit Card,COUPONZZZ-,13.45,AUD
320790,2024-01-06T08:26:36,2024-01-06,4,47,Retail,Afterpay,COUPON9A9Z,4.52,AUD
321015,2024-01-06T06:03:00,2024-01-06,480,1,Online,Afterpay,COUPONZA--,5.34,AUD
321128,2024-01-06T15:55:16,2024-01-06,294,41,Retail,Credit Card,COUPONZAA-,4.14,AUD
321255,2024-01-06T12:05:20,2024-01-06,192,14,Online,Afterpay,COUPON0--Z,6.74,AUD
321259,2024-01-06T00:22:27,2024-01-06,136,23,Retail,Credit Card,COUPONA---,13.32,AUD
321388,2024-01-06T03:30:30,2024-01-06,232,21,Online,Afterpay,COUPONZ0--,10.72,AUD
321393,2024-01-06T00:53:21,2024-01-06,640,7,Retail,Afterpay,COUPON0A-0,12.06,AUD
321410,2024-01-06T19:05:18,2024-01-06,664,42,Online,Afterpay,COUPON9Z-A,16.55,AUD
321533,2024-01-06T02:59:06,2024-01-06,251,41,Retail,PayPal,COUPON-Z--,0.85,AUD
321567,2024-01-06T15:01:17,2024-01-06,197,38,Retail,Credit Card,COUPONZA0Z,11.92,AUD
321641,2024-01-06T01:29:32,2024-01-06,313,1,Retail,Credit Card,COUPON-A-0,14.43,AUD
321655,2024-01-06T12:09:39,2024-01-06,63,8,Retail,PayPal,COUPON09A-,19.77,AUD
321697,2024-01-06T10:47:02,2024-01-06,721,32,Online,Afterpay,COUPONA9-9,19.26,AUD
321888,2024-01-06T01:32:17,2024-01-06,489,45,Retail,Afterpay,COUPONZ0-A,18.06,AUD
321968,2024-01-06T19:24:31,2024-01-06,349,47,Online,Credit Card,COUPON---0,10.24,AUD
322168,2024-01-06T12:17:58,2024-01-06,343,11,Retail,Afterpay,COUPON99-A,8.95,AUD
322230,2024-01-06T18:18:35,2024-01-06,438,29,Online,Afterpay,COUPON9--0,0.21,AUD
322359,2024-01-06T11:15:14,2024-01-06,685,43,Online,Afterpay,COUPON-00Z,19.21,AUD
322420,2024-01-06T17:12:49,2024-01-06,482,19,Retail,PayPal,COUPONZ0-A,5.72,AUD
322654,2024-01-06T01:04:45,2024-01-06,94,4,Online,Afterpay,COUPON0A0Z,19.98,AUD
322733,2024-01-06T06:29:51,2024-01-06,143,45,Retail,PayPal,COUPON-A90,5.75,AUD
322861,2024-01-06T07:04:17,2024-01-06,635,3,Retail,Afterpay,COUPONAA-0,3.84,AUD
322965,2024-01-06T00:30:23,2024-01-06,736,43,Retail,PayPal,COUPONAZA9,5.75,AUD
323016,2024-01-06T15:30:20,2024-01-06,501,17,Online,PayPal,COUPON0A00,17.38,AUD
323040,2024-01-06T19:04:08,2024-01-06,505,7,Online,Afterpay,COUPON0-90,14.55,AUD
323113,2024-01-06T00:06:09,2024-01-06,699,3,Retail,Credit Card,COUPON-Z--,9.08,AUD
323120,2024-01-06T05:51:13,2024-01-06,295,21,Retail,Afterpay,COUPON-Z-9,16.68,AUD
323170,2024-01-06T22:13:19,2024-01-06,730,46,Retail,PayPal,COUPON-9A9,11.27,AUD
323350,2024-01-06T17:27:21,2024-01-06,259,14,Retail,Credit Card,COUPON--Z-,8.95,AUD
323381,2024-01-06T22:15:09,2024-01-06,432,44,Retail,PayPal,COUPONZ9A-,8.01,AUD
323402,2024-01-06T16:43:55,2024-01-06,220,38,Online,PayPal,COUPON--AZ,13.98,AUD
323470,2024-01-06T11:06:23,2024-01-06,728,25,Online,PayPal,COUPON-0-0,4.45,AUD
323573,2024-01-06T10:10:52,2024-01-06,724,9,Retail,Credit Card,COUPONAAZ-,0.91,AUD
323621,2024-01-06T12:00:54,2024-01-06,526,47,Retail,Afterpay,COUPONZ-99,12.67,AUD
323627,2024-01-06T17:52:44,2024-01-06,614,13,Online,Credit Card,COUPON09A0,8.35,AUD
323717,2024-01-06T16:11:40,2024-01-06,397,13,Online,Credit Card,COUPON-9AZ,11.7,AUD
323746,2024-01-06T19:45:11,2024-01-06,220,49,Retail,Credit Card,COUPON9-Z-,11.13,AUD
323781,2024-01-06T16:39:43,2024-01-06,582,12,Retail,PayPal,COUPON-A-0,10.68,AUD
323796,2024-01-06T17:55:26,2024-01-06,576,12,Retail,PayPal,COUPON0A-9,3.56,AUD
323898,2024-01-06T15:49:38,2024-01-06,387,46,Online,Afterpay,COUPONZ9Z9,9.72,AUD
323918,2024-01-06T21:21:36,2024-01-06,681,39,Retail,Afterpay,COUPONZZZZ,7.32,AUD
323934,2024-01-06T02:34:04,2024-01-06,521,48,Online,PayPal,COUPON-AZZ,10.71,AUD
324291,2024-01-06T00:16:37,2024-01-06,452,28,Online,Credit Card,COUPONA-A9,9.35,AUD
324296,2024-01-06T10:50:15,2024-01-06,569,6,Online,Credit Card,COUPON090A,18.23,AUD
324298,2024-01-06T00:24:19,2024-01-06,353,41,Online,Afterpay,COUPONA900,4.44,AUD
324312,2024-01-06T18:39:30,2024-01-06,237,9,Online,PayPal,COUPONAZ9A,11.82,AUD
324338,2024-01-06T11:55:09,2024-01-06,119,16,Retail,Credit Card,COUPONZ90-,16.86,AUD
324551,2024-01-06T06:09:41,2024-01-06,277,10,Retail,PayPal,COUPONA-9Z,8.5,AUD
324581,2024-01-06T02:38:50,2024-01-06,622,3,Retail,Afterpay,COUPON9--Z,5.64,AUD
324591,2024-01-06T22:25:09,2024-01-06,254,14,Retail,Afterpay,COUPON--AA,6.37,AUD
324614,2024-01-06T08:50:18,2024-01-06,12,24,Online,Credit Card,COUPONA9-0,9.53,AUD
324694,2024-01-06T19:07:14,2024-01-06,47,35,Retail,PayPal,COUPONA-AA,7.65,AUD
324977,2024-01-06T13:40:28,2024-01-06,384,33,Retail,Credit Card,COUPON-A-0,5.48,AUD
325022,2024-01-06T18:20:11,2024-01-06,726,41,Retail,Credit Card,COUPONZ9-0,5.98,AUD
325403,2024-01-06T09:24:31,2024-01-06,257,5,Online,Credit Card,COUPONZA0A,2.95,AUD
325506,2024-01-06T06:12:21,2024-01-06,130,15,Retail,Afterpay,COUPONZ--Z,12.47,AUD
325611,2024-01-06T19:24:13,2024-01-06,464,42,Online,Afterpay,COUPON----,8.99,AUD
325617,2024-01-06T16:18:57,2024-01-06,333,16,Retail,Credit Card,COUPON0-ZZ,17.77,AUD
325688,2024-01-06T19:05:25,2024-01-06,416,20,Online,Credit Card,COUPONAZ0-,18.5,AUD
325763,2024-01-06T20:52:31,2024-01-06,368,26,Retail,Credit Card,COUPONZA09,5.13,AUD
325844,2024-01-06T03:51:57,2024-01-06,594,7,Online,PayPal,COUPON-0-9,10.51,AUD
325867,2024-01-06T10:24:57,2024-01-06,134,13,Retail,Credit Card,COUPONA-A-,8.09,AUD
325877,2024-01-06T12:27:10,2024-01-06,561,44,Online,PayPal,COUPON9900,3.18,AUD
325963,2024-01-06T20:14:54,2024-01-06,111,21,Retail,Afterpay,COUPON--Z0,9.12,AUD
325970,2024-01-06T08:51:55,2024-01-06,183,49,Retail,PayPal,COUPON-A0Z,14.96,AUD
326030,2024-01-06T04:02:42,2024-01-06,770,9,Online,Afterpay,COUPON-AZ-,4.46,AUD
326040,2024-01-06T04:34:52,2024-01-06,252,18,Online,Credit Card,COUPONZ-AZ,1.97,AUD
326065,2024-01-06T19:19:45,2024-01-06,546,9,Online,Credit Card,COUPON9ZZA,11.39,AUD
326386,2024-01-06T00:36:51,2024-01-06,472,7,Retail,Afterpay,COUPON9-0A,3.4,AUD
326387,2024-01-06T02:27:30,2024-01-06,68,49,Online,Afterpay,COUPON0-0-,17.5,AUD
326395,2024-01-06T05:31:20,2024-01-06,103,38,Retail,Afterpay,COUPON--Z9,8.4,AUD
326635,2024-01-06T19:30:08,2024-01-06,210,33,Retail,Afterpay,COUPON0A9Z,16.34,AUD
326712,2024-01-06T04:04:31,2024-01-06,45,30,Retail,Afterpay,COUPONZZ9Z,6.83,AUD
326785,2024-01-06T10:51:00,2024-01-06,546,41,Retail,PayPal,COUPON90--,0.26,AUD
326909,2024-01-06T17:49:08,2024-01-06,756,13,Retail,PayPal,COUPON9Z9-,11.54,AUD
327002,2024-01-06T10:52:18,2024-01-06,350,45,Online,PayPal,COUPONAA-9,14.13,AUD
327032,2024-01-06T16:47:52,2024-01-06,645,29,Retail,Credit Card,COUPON--9Z,9.57,AUD
327037,2024-01-06T04:30:00,2024-01-06,342,48,Online,Credit Card,COUPONZ9-0,16.28,AUD
327314,2024-01-06T12:41:27,2024-01-06,226,38,Retail,Credit Card,COUPON0AA-,14.32,AUD
327329,2024-01-06T06:51:48,2024-01-06,747,48,Online,Afterpay,COUPON-AA-,13.14,AUD
327375,2024-01-06T10:20:01,2024-01-06,749,38,Online,PayPal,COUPON9A--,2.4,AUD
327424,2024-01-06T14:08:56,2024-01-06,370,28,Online,Afterpay,COUPONA9--,12.17,AUD
327499,2024-01-06T10:34:11,2024-01-06,738,47,Retail,Afterpay,COUPON--9Z,18.98,AUD
327577,2024-01-06T10:30:21,2024-01-06,531,24,Retail,Afterpay,COUPON---9,2.31,AUD
327711,2024-01-06T18:59:52,2024-01-06,292,40,Retail,PayPal,COUPONZZ-0,4.4,AUD
327863,2024-01-06T11:45:41,2024-01-06,497,12,Online,PayPal,COUPONA0--,18.82,AUD
327872,2024-01-06T06:07:34,2024-01-06,467,17,Retail,PayPal,COUPON0Z9-,16.71,AUD
327949,2024-01-06T20:36:00,2024-01-06,359,39,Online,Afterpay,COUPON099-,12.43,AUD
327989,2024-01-06T23:32:45,2024-01-06,376,8,Online,Afterpay,COUPON90-Z,0.28,AUD
328014,2024-01-06T20:34:18,2024-01-06,72,18,Retail,Credit Card,COUPONA--Z,3.29,AUD
328097,2024-01-06T03:06:31,2024-01-06,771,49,Retail,PayPal,COUPONA--0,16.99,AUD
328160,2024-01-06T06:06:18,2024-01-06,37,16,Retail,Credit Card,COUPON9-0-,6.04,AUD
328199,2024-01-06T02:36:02,2024-01-06,598,45,Retail,PayPal,COUPON-A0A,4.25,AUD
328214,2024-01-06T16:58:11,2024-01-06,358,37,Online,Afterpay,COUPONA9-A,16.05,AUD
328530,2024-01-06T16:32:28,2024-01-06,417,18,Retail,Afterpay,COUPONA0Z0,9.62,AUD
328539,2024-01-06T22:24:48,2024-01-06,396,41,Retail,PayPal,COUPON9Z0-,1.81,AUD
328541,2024-01-06T01:31:35,2024-01-06,233,21,Online,Credit Card,COUPON---A,13.66,AUD
328703,2024-01-06T07:54:34,2024-01-06,119,5,Online,PayPal,COUPONA9--,9.03,AUD
328768,2024-01-06T04:20:01,2024-01-06,115,1,Retail,Afterpay,COUPON-Z--,4.21,AUD
328898,2024-01-06T02:59:14,2024-01-06,552,23,Online,Afterpay,COUPON0-Z0,14.98,AUD
328941,2024-01-06T03:39:14,2024-01-06,581,6,Online,Credit Card,COUPON-09-,5.6,AUD
328976,2024-01-06T06:06:39,2024-01-06,784,4,Online,Afterpay,COUPONA9ZA,8.27,AUD
328985,2024-01-06T09:46:16,2024-01-06,162,34,Retail,Afterpay,COUPON09--,14.56,AUD
329163,2024-01-06T03:38:03,2024-01-06,422,45,Online,Credit Card,COUPONA0-Z,6.37,AUD
329177,2024-01-06T23:40:39,2024-01-06,397,16,Retail,PayPal,COUPONA-A-,11.76,AUD
329295,2024-01-06T04:55:30,2024-01-06,586,28,Retail,PayPal,COUPON--0A,7.06,AUD
329326,2024-01-06T17:22:00,2024-01-06,33,9,Online,Afterpay,COUPON0-A9,12.79,AUD
329415,2024-01-06T00:18:30,2024-01-06,47,25,Retail,Afterpay,COUPON0-ZZ,9.32,AUD
329418,2024-01-06T07:00:03,2024-01-06,339,15,Retail,PayPal,COUPON00-0,2.68,AUD
329449,2024-01-06T23:31:11,2024-01-06,233,36,Retail,PayPal,COUPONZ-A-,10.51,AUD
329492,2024-01-06T10:07:29,2024-01-06,539,8,Online,PayPal,COUPONAA-9,16.42,AUD
329522,2024-01-06T07:54:33,2024-01-06,378,15,Retail,Afterpay,COUPON9AZ-,15.55,AUD
329546,2024-01-06T11:03:07,2024-01-06,171,11,Retail,Afterpay,COUPON0Z9Z,0.28,AUD
329608,2024-01-06T12:50:57,2024-01-06,426,22,Online,Credit Card,COUPONA--0,2.12,AUD
329629,2024-01-06T12:49:58,2024-01-06,761,44,Online,Afterpay,COUPONZZ-9,17.67,AUD
330153,2024-01-06T14:54:46,2024-01-06,559,31,Retail,Credit Card,COUPON-Z9Z,6.41,AUD
330154,2024-01-06T14:58:00,2024-01-06,559,28,Retail,PayPal,COUPON0A9Z,13.96,AUD
330162,2024-01-06T01:54:30,2024-01-06,552,23,Online,Afterpay,COUPON0Z-0,19.89,AUD
330206,2024-01-06T07:44:43,2024-01-06,69,47,Online,PayPal,COUPON-A-0,18.46,AUD
330370,2024-01-06T13:17:47,2024-01-06,576,37,Retail,Credit Card,COUPON90-0,12.75,AUD
330410,2024-01-06T19:55:05,2024-01-06,498,35,Online,PayPal,COUPONAA--,3.87,AUD
330425,2024-01-06T21:12:31,2024-01-06,433,25,Retail,Afterpay,COUPON--A9,12.41,AUD
330486,2024-01-06T23:25:43,2024-01-06,73,5,Online,Afterpay,COUPONZ9ZZ,4.59,AUD
330567,2024-01-06T08:08:14,2024-01-06,170,10,Retail,Afterpay,COUPON0Z-0,5.67,AUD
330657,2024-01-06T18:15:39,2024-01-06,90,42,Retail,PayPal,COUPONZZ--,1.95,AUD
330700,2024-01-06T04:48:41,2024-01-06,650,21,Retail,PayPal,COUPON0-ZA,5.27,AUD
330735,2024-01-06T17:17:03,2024-01-06,754,39,Retail,Afterpay,COUPON9---,9.45,AUD
331082,2024-01-06T01:24:28,2024-01-06,728,17,Online,Afterpay,COUPONA9A0,7.53,AUD
331106,2024-01-06T08:00:17,2024-01-06,604,27,Online,Credit Card,COUPON0Z--,17.21,AUD
331155,2024-01-06T11:42:29,2024-01-06,699,25,Online,Credit Card,COUPON-0ZZ,15.62,AUD
331168,2024-01-06T10:37:56,2024-01-06,760,13,Retail,Credit Card,COUPON9--A,16.64,AUD
331170,2024-01-06T16:18:02,2024-01-06,602,9,Online,Credit Card,COUPONZ0Z9,11.06,AUD
331210,2024-01-06T11:50:30,2024-01-06,218,43,Online,Afterpay,COUPON00AA,19.58,AUD
331292,2024-01-06T05:15:55,2024-01-06,116,17,Retail,Afterpay,COUPON-Z0-,19.52,AUD
331294,2024-01-06T13:41:28,2024-01-06,105,33,Online,Afterpay,COUPON--90,6.07,AUD
331296,2024-01-06T12:21:44,2024-01-06,566,47,Retail,Afterpay,COUPONZZA-,12.05,AUD
331329,2024-01-06T05:08:10,2024-01-06,264,24,Online,Afterpay,COUPON0-AZ,10.85,AUD
331589,2024-01-06T15:37:12,2024-01-06,38,34,Online,Credit Card,COUPON-AA-,3.7,AUD
331626,2024-01-06T03:09:09,2024-01-06,62,26,Retail,PayPal,COUPONZ0-A,4.34,AUD
331669,2024-01-06T18:53:21,2024-01-06,85,22,Online,Afterpay,COUPON---0,17.25,AUD
331940,2024-01-06T12:57:51,2024-01-06,539,30,Online,Afterpay,COUPON-Z0Z,12.11,AUD
332003,2024-01-06T02:01:01,2024-01-06,154,18,Retail,Afterpay,COUPON0A9Z,7.14,AUD
332134,2024-01-06T20:11:00,2024-01-06,557,44,Retail,Afterpay,COUPON-Z9Z,15.85,AUD
332165,2024-01-06T02:21:11,2024-01-06,322,41,Online,Afterpay,COUPON9---,19.6,AUD
332185,2024-01-06T15:23:52,2024-01-06,518,26,Retail,Afterpay,COUPON-ZA-,12.34,AUD
332283,2024-01-06T16:38:28,2024-01-06,289,49,Retail,Afterpay,COUPON9Z9A,9.59,AUD
332301,2024-01-06T15:13:50,2024-01-06,513,44,Online,PayPal,COUPON0-90,3.98,AUD
332368,2024-01-06T18:57:15,2024-01-06,183,22,Retail,Afterpay,COUPONA-99,8.8,AUD
332450,2024-01-06T02:30:02,2024-01-06,565,38,Online,Afterpay,COUPON-9-0,8.79,AUD
332521,2024-01-06T17:53:11,2024-01-06,83,36,Retail,Credit Card,COUPON9A-A,19.25,AUD
332695,2024-01-06T02:38:07,2024-01-06,194,20,Retail,Afterpay,COUPON9A--,19.66,AUD
332886,2024-01-06T03:26:05,2024-01-06,75,11,Online,PayPal,COUPON-9-9,2.23,AUD
332938,2024-01-06T15:17:35,2024-01-06,66,39,Retail,Afterpay,COUPONA9ZZ,0.89,AUD
332967,2024-01-06T23:53:07,2024-01-06,297,21,Online,PayPal,COUPON-9--,8.58,AUD
333163,2024-01-06T17:15:16,2024-01-06,671,15,Retail,PayPal,COUPON--00,12.76,AUD
333264,2024-01-06T01:28:51,2024-01-06,119,27,Online,Afterpay,COUPON09-9,10.52,AUD
333602,2024-01-06T07:37:39,2024-01-06,535,37,Retail,Afterpay,COUPON-00Z,10.32,AUD
333606,2024-01-06T18:32:18,2024-01-06,192,11,Retail,PayPal,COUPON0A-A,1.22,AUD
333608,2024-01-06T00:10:23,2024-01-06,154,29,Retail,Afterpay,COUPON9-00,17.15,AUD
333655,2024-01-06T11:02:18,2024-01-06,254,44,Retail,PayPal,COUPON09--,7.83,AUD
333670,2024-01-06T13:24:52,2024-01-06,405,37,Retail,Afterpay,COUPON--9A,0.42,AUD
333777,2024-01-06T19:16:13,2024-01-06,23,42,Retail,Credit Card,COUPONZ9-9,11.47,AUD
333780,2024-01-06T04:35:31,2024-01-06,691,37,Online,Credit Card,COUPON---0,19.91,AUD
333864,2024-01-06T18:01:02,2024-01-06,743,14,Retail,PayPal,COUPON0Z0Z,11.38,AUD
333890,2024-01-06T12:23:13,2024-01-06,304,38,Online,Credit Card,COUPONZAZZ,6.59,AUD
333914,2024-01-06T21:10:29,2024-01-06,111,44,Online,PayPal,COUPON99-9,9.89,AUD
334106,2024-01-06T18:26:50,2024-01-06,514,23,Online,PayPal,COUPON-09A,7.92,AUD
334138,2024-01-06T23:05:29,2024-01-06,654,6,Retail,Credit Card,COUPON-A90,6.13,AUD
334208,2024-01-06T03:51:04,2024-01-06,276,30,Retail,Afterpay,COUPON-AA0,1.97,AUD
334459,2024-01-06T02:27:40,2024-01-06,467,47,Retail,Afterpay,COUPONZ000,3.55,AUD
334487,2024-01-06T01:36:30,2024-01-06,715,34,Retail,Afterpay,COUPON0ZAA,14.24,AUD
334776,2024-01-06T16:05:42,2024-01-06,362,12,Online,PayPal,COUPONZ-9A,19.13,AUD
334811,2024-01-06T11:11:34,2024-01-06,131,20,Retail,PayPal,COUPON-A-A,1.9,AUD
334883,2024-01-06T15:43:39,2024-01-06,681,46,Online,PayPal,COUPON-A-Z,0.33,AUD
334900,2024-01-06T11:39:19,2024-01-06,236,5,Online,Afterpay,COUPON-A--,11.5,AUD
335053,2024-01-06T09:42:11,2024-01-06,603,4,Online,PayPal,COUPON-9-Z,18.76,AUD
335079,2024-01-06T13:35:32,2024-01-06,798,38,Retail,Credit Card,COUPON--99,1.87,AUD
335092,2024-01-06T17:44:53,2024-01-06,269,12,Online,PayPal,COUPON-A0-,10.11,AUD
335195,2024-01-06T14:28:15,2024-01-06,238,15,Online,Afterpay,COUPONA-A-,0.02,AUD
335253,2024-01-06T03:11:37,2024-01-06,379,10,Online,Credit Card,COUPON09--,3.69,AUD
335465,2024-01-06T09:40:55,2024-01-06,772,6,Online,Credit Card,COUPONA---,2.15,AUD
335518,2024-01-06T12:08:17,2024-01-06,413,42,Online,PayPal,COUPON-0AA,5.25,AUD
335776,2024-01-06T17:59:12,2024-01-06,752,13,Retail,PayPal,COUPON9AA0,8.29,AUD
336045,2024-01-06T18:52:32,2024-01-06,23,15,Online,Afterpay,COUPONZ0AA,12.26,AUD
336073,2024-01-06T13:56:20,2024-01-06,752,48,Retail,Afterpay,COUPON0-ZZ,17.06,AUD
336129,2024-01-06T03:30:31,2024-01-06,652,30,Retail,Credit Card,COUPON99-0,12.81,AUD
336159,2024-01-06T09:48:40,2024-01-06,297,42,Online,Afterpay,COUPON-AZZ,15.59,AUD
336194,2024-01-06T13:15:51,2024-01-06,375,38,Online,Afterpay,COUPONA0-0,7.27,AUD
336227,2024-01-06T10:02:42,2024-01-06,448,2,Online,Afterpay,COUPON0-Z0,13.51,AUD
336356,2024-01-06T16:55:37,2024-01-06,85,4,Retail,Afterpay,COUPON-9A9,16.48,AUD
336447,2024-01-06T07:54:00,2024-01-06,611,22,Retail,Afterpay,COUPON990-,2.57,AUD
336483,2024-01-06T21:58:22,2024-01-06,3,21,Retail,Credit Card,COUPON000-,0.12,AUD
336522,2024-01-06T07:50:15,2024-01-06,165,17,Online,PayPal,COUPON-AZA,11.48,AUD
336589,2024-01-06T12:10:06,2024-01-06,451,31,Retail,Afterpay,COUPON09AZ,11.81,AUD
336735,2024-01-06T07:00:39,2024-01-06,465,35,Online,Afterpay,COUPON-A9-,19.23,AUD
336755,2024-01-06T12:52:28,2024-01-06,285,31,Online,Credit Card,COUPON--0Z,0.2,AUD
336798,2024-01-06T05:01:54,2024-01-06,670,4,Retail,Afterpay,COUPON99--,13.46,AUD
336821,2024-01-06T20:44:23,2024-01-06,560,24,Online,PayPal,COUPONZ---,5.54,AUD
336930,2024-01-06T19:02:53,2024-01-06,539,49,Online,PayPal,COUPONA-Z0,16.72,AUD
337142,2024-01-06T06:43:25,2024-01-06,331,7,Online,Credit Card,COUPON9-0-,14.31,AUD
337176,2024-01-06T02:50:12,2024-01-06,450,23,Online,PayPal,COUPONZZ--,10.7,AUD
337209,2024-01-06T09:27:48,2024-01-06,158,23,Online,Afterpay,COUPON-9A9,6.12,AUD
337217,2024-01-06T04:31:35,2024-01-06,361,31,Online,PayPal,COUPON-09Z,6.02,AUD
337244,2024-01-06T00:01:05,2024-01-06,729,18,Retail,Afterpay,COUPON9900,1.07,AUD
337400,2024-01-06T14:53:01,2024-01-06,267,33,Retail,Credit Card,COUPON0-Z-,16.43,AUD
337698,2024-01-06T04:11:59,2024-01-06,478,33,Retail,PayPal,COUPON90--,1.78,AUD
337737,2024-01-06T20:34:31,2024-01-06,23,21,Online,Afterpay,COUPON-0A-,8.28,AUD
337814,2024-01-06T15:25:39,2024-01-06,219,48,Online,Afterpay,COUPON99Z-,11.98,AUD
337858,2024-01-06T03:58:32,2024-01-06,789,24,Online,Credit Card,COUPON-Z--,14.23,AUD
337963,2024-01-06T05:46:29,2024-01-06,138,2,Retail,Afterpay,COUPON0-AZ,15.58,AUD
338055,2024-01-06T04:07:45,2024-01-06,255,48,Retail,PayPal,COUPONA-0-,14.22,AUD
338180,2024-01-06T18:04:52,2024-01-06,525,37,Retail,Afterpay,COUPON09AZ,16.3,AUD
338267,2024-01-06T23:13:55,2024-01-06,590,6,Online,Afterpay,COUPONAZAA,19.3,AUD
338385,2024-01-06T16:57:43,2024-01-06,147,5,Retail,PayPal,COUPON9900,0.72,AUD
338425,2024-01-06T08:59:45,2024-01-06,578,9,Retail,Afterpay,COUPONAZAZ,19.99,AUD
338474,2024-01-06T01:00:11,2024-01-06,241,44,Retail,Afterpay,COUPON-A-Z,8.37,AUD
338539,2024-01-06T11:45:48,2024-01-06,447,25,Retail,Afterpay,COUPON0AZ9,17.01,AUD
338999,2024-01-06T12:43:58,2024-01-06,11,8,Online,Afterpay,COUPON-AZ0,8.97,AUD
339052,2024-01-06T17:11:54,2024-01-06,684,28,Online,PayPal,COUPON-ZZ-,14.23,AUD
339086,2024-01-06T18:38:26,2024-01-06,111,26,Retail,Credit Card,COUPON00-A,14.4,AUD
339140,2024-01-06T14:55:11,2024-01-06,713,4,Retail,Afterpay,COUPONZ9--,16.36,AUD
339185,2024-01-06T08:20:56,2024-01-06,785,43,Online,PayPal,COUPON0-ZA,16.66,AUD
339361,2024-01-06T02:23:56,2024-01-06,689,34,Retail,Credit Card,COUPONA---,13.64,AUD
339422,2024-01-06T19:44:45,2024-01-06,203,47,Online,Afterpay,COUPON0A-Z,0.95,AUD
339433,2024-01-06T03:01:30,2024-01-06,323,40,Retail,Credit Card,COUPON0-0-,15.2,AUD
339501,2024-01-06T10:02:47,2024-01-06,683,43,Retail,Afterpay,COUPONA0--,10.73,AUD
339526,2024-01-06T08:24:14,2024-01-06,421,7,Online,Afterpay,COUPON0-9A,0.32,AUD
339529,2024-01-06T18:01:58,2024-01-06,21,16,Retail,Afterpay,COUPON-Z-A,16.02,AUD
339656,2024-01-06T01:04:20,2024-01-06,741,25,Online,Afterpay,COUPONA90-,16.3,AUD
339676,2024-01-06T10:55:33,2024-01-06,395,3,Online,PayPal,COUPON-Z0A,12.67,AUD
339820,2024-01-06T20:23:49,2024-01-06,686,4,Retail,Afterpay,COUPON0ZAZ,7.08,AUD
339834,2024-01-06T19:46:24,2024-01-06,516,39,Retail,Credit Card,COUPON90--,2.58,AUD
339886,2024-01-06T05:57:08,2024-01-06,720,24,Online,PayPal,COUPON-9Z-,18.18,AUD
339942,2024-01-06T14:12:52,2024-01-06,33,43,Retail,Credit Card,COUPON----,10.15,AUD
340003,2024-01-06T21:33:09,2024-01-06,325,11,Online,Afterpay,COUPONA90A,16.02,AUD
340093,2024-01-06T14:46:34,2024-01-06,101,38,Online,Afterpay,COUPON-0A0,9.14,AUD
340332,2024-01-06T00:12:01,2024-01-06,96,43,Retail,Afterpay,COUPONZAZ0,4.77,AUD
340362,2024-01-06T22:42:17,2024-01-06,372,43,Retail,PayPal,COUPON-A-Z,13.75,AUD
340513,2024-01-06T13:37:26,2024-01-06,797,20,Retail,Credit Card,COUPON0Z9Z,9.47,AUD
340524,2024-01-06T20:18:04,2024-01-06,624,15,Retail,PayPal,COUPON99A9,12.56,AUD
340564,2024-01-06T23:33:42,2024-01-06,106,5,Online,Credit Card,COUPON---0,2.08,AUD
340714,2024-01-06T23:45:41,2024-01-06,178,26,Retail,Afterpay,COUPON-9A9,8.78,AUD
340785,2024-01-06T08:40:37,2024-01-06,730,42,Retail,PayPal,COUPONZ-Z0,0.6,AUD
340858,2024-01-06T14:20:59,2024-01-06,83,7,Online,Afterpay,COUPON00ZZ,13.01,AUD
340895,2024-01-06T12:36:32,2024-01-06,160,40,Online,Afterpay,COUPON0---,17.82,AUD
340963,2024-01-06T18:35:17,2024-01-06,592,16,Retail,Afterpay,COUPON-ZZA,16.98,AUD
341005,2024-01-06T07:34:24,2024-01-06,693,35,Online,Credit Card,COUPONA--9,9.85,AUD
341043,2024-01-06T07:13:46,2024-01-06,455,41,Retail,PayPal,COUPON00-Z,0.28,AUD
341119,2024-01-06T11:45:59,2024-01-06,718,20,Retail,Credit Card,COUPONA9--,6.85,AUD
341123,2024-01-06T17:54:46,2024-01-06,13,8,Retail,Afterpay,COUPON9--0,14.11,AUD
341148,2024-01-06T17:22:34,2024-01-06,8,43,Retail,Afterpay,COUPON-AZ9,1.44,AUD
341186,2024-01-06T23:33:16,2024-01-06,513,23,Retail,PayPal,COUPON-A--,8.03,AUD
341343,2024-01-06T00:25:32,2024-01-06,236,21,Retail,Credit Card,COUPONZ-Z0,17.27,AUD
341360,2024-01-06T11:53:54,2024-01-06,127,49,Online,Afterpay,COUPON0Z-9,13.9,AUD
341404,2024-01-06T22:27:53,2024-01-06,390,31,Retail,PayPal,COUPON9A9Z,6.37,AUD
341497,2024-01-06T16:59:50,2024-01-06,509,17,Retail,Credit Card,COUPON09-9,3.56,AUD
341519,2024-01-06T12:11:00,2024-01-06,764,11,Retail,Credit Card,COUPON--Z-,1.83,AUD
341521,2024-01-06T16:02:33,2024-01-06,397,13,Online,Afterpay,COUPON0-0-,12.46,AUD
341641,2024-01-06T00:27:03,2024-01-06,352,9,Retail,Afterpay,COUPON-ZZ9,15.63,AUD
341668,2024-01-06T05:36:21,2024-01-06,309,28,Online,Credit Card,COUPON--AZ,16.22,AUD
341715,2024-01-06T07:06:59,2024-01-06,672,38,Retail,Afterpay,COUPONZ-A-,18.69,AUD
341868,2024-01-06T18:54:48,2024-01-06,558,32,Retail,Credit Card,COUPON-A00,7.3,AUD
341968,2024-01-06T23:25:43,2024-01-06,283,16,Retail,PayPal,COUPONA0-Z,17.37,AUD
342144,2024-01-06T17:02:21,2024-01-06,12,14,Retail,Credit Card,COUPONZ-90,3.14,AUD
342146,2024-01-06T15:05:35,2024-01-06,631,26,Online,Afterpay,COUPONZ0-9,10.15,AUD
342321,2024-01-06T10:23:55,2024-01-06,142,25,Online,Afterpay,COUPONAZAZ,12.76,AUD
342506,2024-01-06T06:57:07,2024-01-06,243,7,Online,PayPal,COUPON--Z0,9.09,AUD
342813,2024-01-06T07:37:20,2024-01-06,321,42,Online,Credit Card,COUPON99ZZ,17.66,AUD
342836,2024-01-06T15:24:12,2024-01-06,162,19,Online,Credit Card,COUPON9-A-,2.13,AUD
342941,2024-01-06T19:23:03,2024-01-06,180,35,Online,Credit Card,COUPON--Z-,14.81,AUD
342951,2024-01-06T05:50:03,2024-01-06,729,49,Online,Credit Card,COUPONA-09,1.32,AUD
343031,2024-01-06T04:10:55,2024-01-06,340,44,Online,PayPal,COUPON9-ZA,5.53,AUD
343043,2024-01-06T12:38:07,2024-01-06,693,15,Retail,PayPal,COUPONAZ--,18.52,AUD
343156,2024-01-06T01:03:50,2024-01-06,185,36,Retail,Credit Card,COUPON9-Z-,15.88,AUD
343191,2024-01-06T02:27:22,2024-01-06,154,21,Online,PayPal,COUPON-AA-,9.25,AUD
343289,2024-01-06T17:23:12,2024-01-06,201,7,Retail,PayPal,COUPON9--A,17.48,AUD
343509,2024-01-06T13:32:06,2024-01-06,402,46,Online,PayPal,COUPON9AAA,0.37,AUD
343594,2024-01-06T22:22:49,2024-01-06,724,30,Online,Credit Card,COUPON-0-Z,9.02,AUD
343603,2024-01-06T02:23:36,2024-01-06,536,16,Retail,Afterpay,COUPONZZ-0,10.82,AUD
343657,2024-01-06T02:09:07,2024-01-06,254,23,Retail,Afterpay,COUPONAA-0,18.12,AUD
343679,2024-01-06T09:37:00,2024-01-06,537,13,Online,PayPal,COUPONA909,16.85,AUD
343760,2024-01-06T18:51:54,2024-01-06,50,28,Retail,PayPal,COUPONZA--,3.46,AUD
343942,2024-01-06T19:05:47,2024-01-06,742,39,Retail,Credit Card,COUPONZA9-,13.32,AUD
344132,2024-01-06T21:33:38,2024-01-06,382,20,Retail,Credit Card,COUPON--90,18.39,AUD
344145,2024-01-06T08:19:03,2024-01-06,201,23,Online,Afterpay,COUPON--Z9,18.37,AUD
344311,2024-01-06T18:49:20,2024-01-06,325,45,Retail,Afterpay,COUPON9A-0,9.46,AUD
344318,2024-01-06T05:33:06,2024-01-06,564,17,Online,Credit Card,COUPONAA00,17.02,AUD
344623,2024-01-06T08:01:25,2024-01-06,639,43,Online,Credit Card,COUPONZA9-,9.6,AUD
344637,2024-01-06T13:22:11,2024-01-06,357,33,Online,Afterpay,COUPON-ZZ-,17.57,AUD
344651,2024-01-06T01:55:44,2024-01-06,61,29,Online,PayPal,COUPON----,7.43,AUD
344722,2024-01-06T05:20:13,2024-01-06,382,5,Online,Afterpay,COUPON--9A,12.92,AUD
344727,2024-01-06T16:21:27,2024-01-06,372,35,Online,Credit Card,COUPONZ0A9,12.78,AUD
344806,2024-01-06T15:20:38,2024-01-06,86,21,Retail,PayPal,COUPON00--,16.08,AUD
344811,2024-01-06T23:15:01,2024-01-06,598,49,Online,PayPal,COUPONZ--Z,12.67,AUD
344898,2024-01-06T02:32:35,2024-01-06,560,39,Online,PayPal,COUPON9-ZZ,7.33,AUD
344924,2024-01-06T02:51:15,2024-01-06,755,23,Retail,PayPal,COUPONZ-9A,13.72,AUD
345167,2024-01-06T03:21:54,2024-01-06,224,12,Online,PayPal,COUPON---9,5.7,AUD
345215,2024-01-06T02:19:25,2024-01-06,721,13,Online,Credit Card,COUPONZ-0Z,3.89,AUD
345474,2024-01-06T02:41:15,2024-01-06,761,2,Online,PayPal,COUPONA0-A,10.83,AUD
345711,2024-01-06T21:46:46,2024-01-06,183,43,Online,PayPal,COUPON0Z0-,18.44,AUD
345732,2024-01-06T09:07:35,2024-01-06,552,3,Retail,Credit Card,COUPON9Z-9,6.11,AUD
345795,2024-01-06T17:55:30,2024-01-06,216,15,Retail,PayPal,COUPON0ZZ-,9.49,AUD
345955,2024-01-06T22:40:04,2024-01-06,383,14,Online,PayPal,COUPONA-0-,2.4,AUD
345975,2024-01-06T20:30:40,2024-01-06,541,29,Retail,PayPal,COUPON--0Z,13.04,AUD
346038,2024-01-06T23:13:19,2024-01-06,476,17,Online,Afterpay,COUPONA9AZ,4.0,AUD
346042,2024-01-06T06:08:17,2024-01-06,347,2,Online,Afterpay,COUPONZ0--,3.19,AUD
346058,2024-01-06T16:54:59,2024-01-06,331,40,Online,PayPal,COUPON-9-9,19.49,AUD
346078,2024-01-06T10:57:07,2024-01-06,578,24,Retail,PayPal,COUPON0-A-,0.95,AUD
346294,2024-01-06T18:42:23,2024-01-06,4,17,Online,PayPal,COUPON-AA-,19.66,AUD
346371,2024-01-06T23:20:44,2024-01-06,93,4,Online,Afterpay,COUPON-9-Z,10.44,AUD
346372,2024-01-06T02:49:23,2024-01-06,713,22,Online,PayPal,COUPON-AAA,9.57,AUD
346386,2024-01-06T05:05:56,2024-01-06,295,27,Online,PayPal,COUPON-90-,9.78,AUD
346422,2024-01-06T12:44:01,2024-01-06,732,49,Online,Afterpay,COUPON----,8.17,AUD
346442,2024-01-06T17:42:44,2024-01-06,381,34,Online,PayPal,COUPONAA0A,13.94,AUD
346547,2024-01-06T10:46:16,2024-01-06,786,30,Retail,Credit Card,COUPON-AZ-,16.77,AUD
346815,2024-01-06T04:32:40,2024-01-06,140,32,Retail,Afterpay,COUPON090-,6.04,AUD
346829,2024-01-06T15:24:52,2024-01-06,86,15,Online,PayPal,COUPON-090,7.55,AUD
346898,2024-01-06T17:36:53,2024-01-06,720,5,Retail,Credit Card,COUPON-0-0,7.25,AUD
346900,2024-01-06T15:11:38,2024-01-06,619,36,Retail,Credit Card,COUPON9ZA-,11.05,AUD
346913,2024-01-06T19:06:29,2024-01-06,701,15,Retail,Afterpay,COUPON-0Z9,13.63,AUD
347088,2024-01-06T06:04:42,2024-01-06,554,41,Online,Afterpay,COUPON0A-0,0.06,AUD
347104,2024-01-06T18:58:56,2024-01-06,479,47,Online,Afterpay,COUPON--Z0,4.33,AUD
347177,2024-01-06T06:24:15,2024-01-06,531,45,Online,PayPal,COUPON0-09,12.65,AUD
347347,2024-01-06T17:57:47,2024-01-06,459,37,Retail,Afterpay,COUPONZ-0Z,19.07,AUD
347359,2024-01-06T05:51:23,2024-01-06,366,43,Online,PayPal,COUPON9-90,8.71,AUD
347483,2024-01-06T12:18:28,2024-01-06,245,4,Online,Credit Card,COUPON-Z-Z,0.79,AUD
347485,2024-01-06T03:03:45,2024-01-06,23,19,Online,Afterpay,COUPON-999,18.22,AUD
347495,2024-01-06T19:27:52,2024-01-06,273,26,Retail,PayPal,COUPON9Z-9,3.6,AUD
347564,2024-01-06T08:05:10,2024-01-06,219,13,Online,PayPal,COUPONA--A,1.61,AUD
347628,2024-01-06T21:52:14,2024-01-06,764,18,Online,Afterpay,COUPON0--Z,5.07,AUD
347645,2024-01-06T14:35:27,2024-01-06,474,5,Online,Credit Card,COUPONZ-ZZ,16.34,AUD
348062,2024-01-06T03:53:09,2024-01-06,59,34,Retail,Afterpay,COUPON----,11.83,AUD
348141,2024-01-06T23:36:59,2024-01-06,82,36,Retail,Afterpay,COUPON-A--,9.81,AUD
348215,2024-01-06T03:31:57,2024-01-06,378,40,Retail,Credit Card,COUPON9-Z-,0.69,AUD
348263,2024-01-06T07:51:29,2024-01-06,632,42,Retail,Credit Card,COUPON0Z-9,11.67,AUD
348331,2024-01-06T03:52:36,2024-01-06,272,45,Retail,PayPal,COUPONA90A,1.68,AUD
348332,2024-01-06T00:32:57,2024-01-06,531,4,Online,Credit Card,COUPON99--,2.35,AUD
348403,2024-01-06T22:00:52,2024-01-06,611,40,Online,Credit Card,COUPONZ90-,17.95,AUD
348471,2024-01-06T13:55:02,2024-01-06,622,9,Retail,PayPal,COUPON---0,4.9,AUD
348555,2024-01-06T04:37:35,2024-01-06,358,38,Retail,Afterpay,COUPONZAA9,13.97,AUD
348621,2024-01-06T01:09:34,2024-01-06,97,4,Retail,Credit Card,COUPON0Z-A,9.87,AUD
348804,2024-01-06T04:10:37,2024-01-06,331,45,Retail,Afterpay,COUPONA-0Z,17.13,AUD
348823,2024-01-06T11:39:00,2024-01-06,194,15,Online,Afterpay,COUPON9--Z,14.81,AUD
349044,2024-01-06T04:43:46,2024-01-06,721,49,Retail,Afterpay,COUPON-Z09,15.47,AUD
349309,2024-01-06T05:55:45,2024-01-06,107,31,Retail,Afterpay,COUPON9--0,2.04,AUD
349401,2024-01-06T15:31:09,2024-01-06,349,39,Retail,Credit Card,COUPONAAZA,10.79,AUD
349512,2024-01-06T22:17:14,2024-01-06,330,29,Online,PayPal,COUPONA-90,11.4,AUD
349661,2024-01-06T09:42:35,2024-01-06,241,45,Retail,PayPal,COUPONZ-A-,11.45,AUD
349872,2024-01-06T20:09:06,2024-01-06,471,35,Retail,Credit Card,COUPONA0-Z,15.89,AUD
350228,2024-01-06T07:21:16,2024-01-06,536,5,Retail,Afterpay,COUPONZA-0,1.33,AUD
350251,2024-01-06T09:13:26,2024-01-06,299,20,Online,Credit Card,COUPONAZ--,19.67,AUD
350408,2024-01-06T00:21:38,2024-01-06,644,14,Online,Credit Card,COUPONAA--,6.92,AUD
350468,2024-01-06T20:51:23,2024-01-06,140,13,Online,PayPal,COUPON---0,2.86,AUD
350556,2024-01-06T11:40:19,2024-01-06,32,31,Retail,Credit Card,COUPON00-Z,19.03,AUD
350663,2024-01-06T03:32:45,2024-01-06,426,40,Online,PayPal,COUPON90-0,4.13,AUD
350681,2024-01-06T19:02:51,2024-01-06,764,5,Retail,Credit Card,COUPON9--0,9.14,AUD
350719,2024-01-06T09:33:41,2024-01-06,647,6,Online,Afterpay,COUPON0Z-9,10.35,AUD
350812,2024-01-06T12:19:44,2024-01-06,48,47,Online,Credit Card,COUPON-Z-Z,8.18,AUD
351083,2024-01-06T07:00:28,2024-01-06,530,16,Retail,Credit Card,COUPON-9--,5.35,AUD
351196,2024-01-06T05:39:40,2024-01-06,248,23,Retail,Credit Card,COUPONZ0-9,0.81,AUD
351207,2024-01-06T13:31:20,2024-01-06,279,9,Retail,Credit Card,COUPONAA-Z,10.69,AUD
351265,2024-01-06T11:49:39,2024-01-06,134,49,Retail,PayPal,COUPONZZZA,2.33,AUD
351300,2024-01-06T15:57:35,2024-01-06,275,11,Online,Afterpay,COUPON-Z-Z,12.79,AUD
351377,2024-01-06T21:50:38,2024-01-06,772,34,Online,PayPal,COUPONZZZ0,17.6,AUD
351403,2024-01-06T03:51:30,2024-01-06,591,5,Online,Credit Card,COUPONZZA-,3.23,AUD
351682,2024-01-06T15:24:12,2024-01-06,696,3,Online,PayPal,COUPONAZZA,3.98,AUD
351717,2024-01-06T08:28:43,2024-01-06,614,46,Retail,PayPal,COUPONZ9-A,5.16,AUD
351824,2024-01-06T02:48:54,2024-01-06,301,22,Retail,PayPal,COUPONZZ-0,11.74,AUD
351852,2024-01-06T06:57:42,2024-01-06,460,28,Online,Credit Card,COUPON-0-Z,2.13,AUD
352033,2024-01-06T07:24:57,2024-01-06,468,42,Retail,Credit Card,COUPON-Z-A,1.8,AUD
352328,2024-01-06T18:46:02,2024-01-06,377,16,Retail,PayPal,COUPON00Z0,5.42,AUD
352423,2024-01-06T09:28:04,2024-01-06,770,20,Online,Credit Card,COUPONZ090,4.63,AUD
352598,2024-01-06T17:04:13,2024-01-06,342,3,Retail,PayPal,COUPONZ-Z-,14.76,AUD
352722,2024-01-06T08:24:58,2024-01-06,175,34,Retail,Afterpay,COUPON-A-A,3.83,AUD
352842,2024-01-06T01:56:49,2024-01-06,775,4,Online,Credit Card,COUPON09ZA,16.55,AUD
352866,2024-01-06T13:43:56,2024-01-06,505,8,Retail,Credit Card,COUPON-A--,0.23,AUD
352916,2024-01-06T12:00:55,2024-01-06,598,9,Retail,Afterpay,COUPON9-Z-,10.07,AUD
353055,2024-01-06T18:50:33,2024-01-06,267,32,Retail,PayPal,COUPON-9Z-,0.23,AUD
353080,2024-01-06T22:43:32,2024-01-06,515,10,Retail,Afterpay,COUPON09-9,4.45,AUD
353135,2024-01-06T18:59:11,2024-01-06,186,39,Retail,Credit Card,COUPON-9-0,4.99,AUD
353257,2024-01-06T19:06:33,2024-01-06,194,49,Retail,Afterpay,COUPONA-9A,2.87,AUD
353291,2024-01-06T06:25:44,2024-01-06,313,32,Online,PayPal,COUPON-AA-,12.27,AUD
353409,2024-01-06T00:54:50,2024-01-06,37,18,Retail,PayPal,COUPONA0--,12.92,AUD
353492,2024-01-06T19:47:27,2024-01-06,313,15,Retail,Afterpay,COUPON9Z00,17.48,AUD
353692,2024-01-06T23:35:58,2024-01-06,372,40,Retail,PayPal,COUPON--0-,4.45,AUD
353796,2024-01-06T23:15:31,2024-01-06,138,31,Retail,Afterpay,COUPON--9Z,7.8,AUD
353932,2024-01-06T00:45:14,2024-01-06,287,21,Retail,PayPal,COUPONA--0,13.85,AUD
353959,2024-01-06T21:56:13,2024-01-06,361,14,Online,Credit Card,COUPON99--,16.58,AUD
353972,2024-01-06T06:57:42,2024-01-06,37,26,Online,PayPal,COUPON-ZA9,8.98,AUD
354094,2024-01-06T21:16:36,2024-01-06,482,8,Online,Afterpay,COUPON--0-,7.74,AUD
354109,2024-01-06T05:18:20,2024-01-06,637,37,Online,Credit Card,COUPON0A0A,13.26,AUD
354205,2024-01-06T12:38:52,2024-01-06,180,4,Online,PayPal,COUPON---A,3.77,AUD
354414,2024-01-06T13:44:20,2024-01-06,627,8,Online,PayPal,COUPONZZ-9,13.57,AUD
354444,2024-01-06T08:33:20,2024-01-06,559,40,Retail,PayPal,COUPON9A--,0.07,AUD
354451,2024-01-06T03:28:45,2024-01-06,447,21,Online,PayPal,COUPON--09,18.68,AUD
354468,2024-01-06T20:49:52,2024-01-06,494,36,Retail,Credit Card,COUPON99-0,3.11,AUD
354568,2024-01-06T19:07:56,2024-01-06,765,46,Online,Afterpay,COUPON0-00,10.29,AUD
354715,2024-01-06T00:52:30,2024-01-06,298,18,Online,Credit Card,COUPONA0AZ,6.24,AUD
354741,2024-01-06T10:21:56,2024-01-06,620,38,Online,PayPal,COUPON9A9A,19.29,AUD
354907,2024-01-06T02:24:58,2024-01-06,9,28,Retail,Afterpay,COUPONA90-,12.9,AUD
354996,2024-01-06T07:03:55,2024-01-06,604,47,Online,PayPal,COUPONA--9,1.71,AUD
355037,2024-01-06T07:15:13,2024-01-06,257,4,Online,Afterpay,COUPONZ0--,6.55,AUD
355135,2024-01-06T00:24:22,2024-01-06,121,41,Retail,Credit Card,COUPON0AAA,0.49,AUD
355150,2024-01-06T18:41:31,2024-01-06,709,2,Online,Credit Card,COUPON0-9A,11.49,AUD
355202,2024-01-06T13:56:40,2024-01-06,680,8,Retail,PayPal,COUPONA-0-,12.18,AUD
355451,2024-01-06T06:27:11,2024-01-06,352,30,Online,PayPal,COUPON----,4.21,AUD
355507,2024-01-06T10:02:27,2024-01-06,136,33,Online,Credit Card,COUPON0A--,15.32,AUD
355600,2024-01-06T14:38:43,2024-01-06,490,23,Retail,Credit Card,COUPONA0AZ,11.79,AUD
355673,2024-01-06T23:48:20,2024-01-06,76,47,Retail,PayPal,COUPONZZ09,12.92,AUD
355694,2024-01-06T21:48:16,2024-01-06,535,40,Online,Afterpay,COUPON-Z-0,2.98,AUD
355773,2024-01-06T01:42:36,2024-01-06,342,25,Retail,PayPal,COUPON--99,4.59,AUD
355865,2024-01-06T20:39:59,2024-01-06,283,21,Online,Credit Card,COUPON---0,6.86,AUD
355908,2024-01-06T11:37:04,2024-01-06,187,13,Retail,Afterpay,COUPON00-0,13.68,AUD
355931,2024-01-06T18:49:05,2024-01-06,537,7,Online,Afterpay,COUPONAZAA,3.43,AUD
356009,2024-01-06T18:57:20,2024-01-06,433,37,Online,PayPal,COUPON990A,17.84,AUD
356153,2024-01-06T05:05:14,2024-01-06,588,9,Retail,Afterpay,COUPON-0-A,6.5,AUD
356224,2024-01-06T04:41:25,2024-01-06,448,37,Online,Afterpay,COUPONA-99,18.27,AUD
356266,2024-01-06T07:58:47,2024-01-06,770,7,Retail,Afterpay,COUPON-Z9-,5.51,AUD
356325,2024-01-06T01:18:10,2024-01-06,265,14,Retail,PayPal,COUPON9990,10.65,AUD
356494,2024-01-06T09:23:35,2024-01-06,765,27,Retail,Credit Card,COUPON-9--,17.94,AUD
356543,2024-01-06T07:35:04,2024-01-06,56,19,Online,Afterpay,COUPON9ZAZ,6.99,AUD
356733,2024-01-06T10:20:49,2024-01-06,145,14,Online,Credit Card,COUPON9Z--,12.66,AUD
356799,2024-01-06T14:32:28,2024-01-06,635,42,Retail,PayPal,COUPON00A0,5.3,AUD
356866,2024-01-06T04:27:14,2024-01-06,747,31,Online,Credit Card,COUPONA99Z,9.28,AUD
356912,2024-01-06T18:32:18,2024-01-06,312,26,Retail,Afterpay,COUPONA0Z-,16.2,AUD
356931,2024-01-06T08:38:28,2024-01-06,402,25,Online,Afterpay,COUPON09-0,12.71,AUD
357021,2024-01-06T06:40:51,2024-01-06,376,47,Retail,Credit Card,COUPONZA0Z,19.85,AUD
357032,2024-01-06T15:40:54,2024-01-06,788,21,Retail,PayPal,COUPON0-AZ,11.85,AUD
357109,2024-01-06T09:27:19,2024-01-06,277,31,Online,Credit Card,COUPON9A-0,13.76,AUD
357113,2024-01-06T02:08:35,2024-01-06,22,33,Online,PayPal,COUPON9A-Z,16.39,AUD
357129,2024-01-06T03:23:06,2024-01-06,644,8,Retail,Credit Card,COUPONAZ-0,7.75,AUD
357170,2024-01-06T22:33:19,2024-01-06,534,31,Retail,PayPal,COUPON--Z9,15.61,AUD
357251,2024-01-06T01:39:42,2024-01-06,156,31,Online,PayPal,COUPONA---,15.53,AUD
357343,2024-01-06T12:58:09,2024-01-06,138,45,Retail,Afterpay,COUPON9Z--,14.08,AUD
357353,2024-01-06T17:59:49,2024-01-06,725,9,Online,PayPal,COUPON-Z00,12.87,AUD
357456,2024-01-06T19:50:24,2024-01-06,255,1,Retail,Afterpay,COUPON9-9-,8.45,AUD
357484,2024-01-06T00:04:00,2024-01-06,774,47,Online,PayPal,COUPON0--0,14.32,AUD
357558,2024-01-06T09:28:06,2024-01-06,752,49,Online,Credit Card,COUPON--0Z,17.12,AUD
357682,2024-01-06T02:03:40,2024-01-06,661,7,Retail,Afterpay,COUPONAA9Z,15.25,AUD
357724,2024-01-06T06:12:37,2024-01-06,642,1,Retail,Afterpay,COUPONAA00,0.62,AUD
357751,2024-01-06T00:24:43,2024-01-06,474,19,Retail,Afterpay,COUPON--0-,1.99,AUD
358092,2024-01-06T04:22:00,2024-01-06,348,15,Retail,PayPal,COUPONAZ9Z,17.04,AUD
358128,2024-01-06T15:13:54,2024-01-06,636,39,Online,PayPal,COUPONA090,1.07,AUD
358159,2024-01-06T02:11:11,2024-01-06,141,19,Retail,PayPal,COUPON---9,1.11,AUD
358691,2024-01-06T17:10:09,2024-01-06,336,10,Retail,Afterpay,COUPONZ0AA,9.63,AUD
358692,2024-01-06T09:11:39,2024-01-06,73,41,Online,Credit Card,COUPON-009,15.6,AUD
359046,2024-01-06T09:05:56,2024-01-06,688,31,Online,Credit Card,COUPONZ0-Z,10.84,AUD
359073,2024-01-06T09:14:16,2024-01-06,637,42,Online,PayPal,COUPONZA-0,15.26,AUD
359124,2024-01-06T19:41:15,2024-01-06,492,4,Online,Credit Card,COUPON-90-,3.18,AUD
359126,2024-01-06T08:51:40,2024-01-06,41,6,Online,PayPal,COUPON9A--,11.46,AUD
359266,2024-01-06T02:26:15,2024-01-06,427,30,Retail,PayPal,COUPON0-Z-,7.74,AUD
359294,2024-01-06T23:43:00,2024-01-06,687,45,Online,PayPal,COUPON9-90,1.33,AUD
359297,2024-01-06T21:57:05,2024-01-06,257,41,Retail,PayPal,COUPONZA--,14.34,AUD
359496,2024-01-06T15:31:58,2024-01-06,305,2,Retail,PayPal,COUPONA-9A,7.48,AUD
359505,2024-01-06T20:06:31,2024-01-06,180,29,Online,Afterpay,COUPONAA0-,7.05,AUD
359536,2024-01-06T01:01:25,2024-01-06,262,4,Retail,Credit Card,COUPON90-0,19.66,AUD
359672,2024-01-06T11:53:03,2024-01-06,691,34,Online,Credit Card,COUPONZ-0-,9.89,AUD
359687,2024-01-06T05:49:28,2024-01-06,551,32,Online,Afterpay,COUPONA9A-,6.45,AUD
360025,2024-01-06T06:43:14,2024-01-06,321,13,Online,PayPal,COUPONZ9--,14.29,AUD
360113,2024-01-06T23:48:35,2024-01-06,624,10,Online,Afterpay,COUPON--0Z,0.24,AUD
360219,2024-01-06T11:05:39,2024-01-06,595,12,Retail,Credit Card,COUPONAA09,11.66,AUD
360225,2024-01-06T19:50:48,2024-01-06,657,41,Online,Credit Card,COUPONZZ00,14.58,AUD
360229,2024-01-06T02:51:14,2024-01-06,85,26,Retail,PayPal,COUPON-A99,15.92,AUD
360307,2024-01-06T07:13:14,2024-01-06,650,11,Online,Afterpay,COUPON-9A9,7.68,AUD
360313,2024-01-06T02:20:54,2024-01-06,342,17,Retail,Afterpay,COUPON09-Z,16.17,AUD
360449,2024-01-06T00:10:40,2024-01-06,333,27,Retail,Credit Card,COUPONA9AZ,15.58,AUD
360564,2024-01-06T08:36:07,2024-01-06,668,34,Online,Afterpay,COUPON0-9A,3.76,AUD
360881,2024-01-06T09:52:35,2024-01-06,31,16,Online,Afterpay,COUPON9A90,12.88,AUD
360940,2024-01-06T17:21:49,2024-01-06,596,35,Online,Afterpay,COUPONZ0-Z,14.3,AUD
360952,2024-01-06T06:43:07,2024-01-06,106,41,Online,PayPal,COUPONA---,15.83,AUD
360973,2024-01-06T23:56:46,2024-01-06,536,18,Online,Credit Card,COUPONZ9ZZ,19.08,AUD
361080,2024-01-06T17:10:06,2024-01-06,506,41,Online,Afterpay,COUPONAAZ9,18.84,AUD
361084,2024-01-06T17:08:11,2024-01-06,16,40,Retail,Credit Card,COUPON---9,14.66,AUD
361285,2024-01-06T00:00:58,2024-01-06,323,25,Retail,PayPal,COUPON--A-,11.02,AUD
361406,2024-01-06T09:12:51,2024-01-06,484,38,Online,PayPal,COUPONZ99A,3.96,AUD
361471,2024-01-06T21:36:05,2024-01-06,705,45,Online,Afterpay,COUPONA90-,3.35,AUD
361683,2024-01-06T16:51:17,2024-01-06,669,47,Retail,PayPal,COUPONAAA0,14.74,AUD
361696,2024-01-06T09:12:58,2024-01-06,328,9,Online,PayPal,COUPONA--A,0.81,AUD
361850,2024-01-06T05:19:28,2024-01-06,678,37,Online,PayPal,COUPON0-09,13.28,AUD
361856,2024-01-06T23:21:57,2024-01-06,667,40,Retail,PayPal,COUPON--Z0,15.33,AUD
362002,2024-01-06T17:08:16,2024-01-06,140,37,Retail,Afterpay,COUPONZZ-9,8.18,AUD
362059,2024-01-06T15:57:31,2024-01-06,263,26,Online,Credit Card,COUPONZ0A9,18.55,AUD
362073,2024-01-06T09:06:48,2024-01-06,503,25,Retail,Credit Card,COUPONAA99,17.66,AUD
362240,2024-01-06T21:26:18,2024-01-06,573,37,Online,Afterpay,COUPONZAZ-,16.89,AUD
362390,2024-01-06T01:30:29,2024-01-06,561,3,Online,Afterpay,COUPONZ-Z0,3.73,AUD
362701,2024-01-06T05:03:51,2024-01-06,500,46,Retail,Afterpay,COUPON---0,14.66,AUD
362851,2024-01-06T13:47:16,2024-01-06,681,11,Online,PayPal,COUPONZ-90,9.65,AUD
362931,2024-01-06T16:06:01,2024-01-06,675,46,Retail,PayPal,COUPON9AA-,16.52,AUD
362939,2024-01-06T20:23:20,2024-01-06,278,27,Retail,Afterpay,COUPON0-Z9,17.37,AUD
363223,2024-01-06T12:39:40,2024-01-06,591,24,Online,Afterpay,COUPON-Z--,3.18,AUD
363353,2024-01-06T03:18:48,2024-01-06,285,40,Retail,Credit Card,COUPONZ-A9,17.72,AUD
363484,2024-01-06T21:59:51,2024-01-06,791,35,Retail,PayPal,COUPON-9-9,9.11,AUD
363666,2024-01-06T16:26:25,2024-01-06,665,22,Online,Credit Card,COUPONZ0-0,19.3,AUD
363974,2024-01-06T13:46:50,2024-01-06,508,29,Retail,Afterpay,COUPON--0A,1.22,AUD
364229,2024-01-06T05:44:03,2024-01-06,667,6,Online,Afterpay,COUPON9-A0,10.11,AUD
364350,2024-01-06T13:31:24,2024-01-06,340,13,Online,PayPal,COUPONAZA-,1.27,AUD
364374,2024-01-06T06:37:14,2024-01-06,694,22,Online,Afterpay,COUPON--9Z,1.22,AUD
364419,2024-01-06T21:43:52,2024-01-06,745,9,Online,Afterpay,COUPON--Z0,5.01,AUD
364609,2024-01-06T06:21:54,2024-01-06,188,28,Retail,Afterpay,COUPON-9Z0,5.34,AUD
364637,2024-01-06T13:55:48,2024-01-06,179,29,Online,PayPal,COUPONA--A,6.58,AUD
364639,2024-01-06T17:36:12,2024-01-06,473,19,Retail,Credit Card,COUPONZ0Z-,14.73,AUD
364851,2024-01-06T19:03:56,2024-01-06,52,3,Online,Credit Card,COUPON09--,12.41,AUD
364904,2024-01-06T18:10:42,2024-01-06,171,18,Retail,Afterpay,COUPON-Z99,8.64,AUD
364959,2024-01-06T15:41:29,2024-01-06,98,41,Retail,Afterpay,COUPON0Z99,18.99,AUD
364979,2024-01-06T16:01:49,2024-01-06,522,9,Online,Credit Card,COUPONA---,1.59,AUD
365061,2024-01-06T05:18:59,2024-01-06,142,23,Online,Afterpay,COUPONAA-9,18.95,AUD
365261,2024-01-06T06:26:14,2024-01-06,760,41,Online,Afterpay,COUPON9-9-,9.45,AUD
365364,2024-01-06T22:25:26,2024-01-06,475,36,Online,Credit Card,COUPONA---,5.04,AUD
365452,2024-01-06T19:46:01,2024-01-06,268,12,Retail,Credit Card,COUPONA-ZA,17.51,AUD
365506,2024-01-06T08:17:12,2024-01-06,422,12,Retail,Credit Card,COUPONZ--Z,5.15,AUD
365599,2024-01-06T11:32:58,2024-01-06,287,44,Online,Credit Card,COUPON9A90,1.8,AUD
365674,2024-01-06T18:46:22,2024-01-06,580,33,Retail,Credit Card,COUPON0ZAZ,14.71,AUD
365884,2024-01-06T00:27:25,2024-01-06,753,18,Online,Afterpay,COUPON00-Z,19.2,AUD
365906,2024-01-06T10:32:56,2024-01-06,139,3,Online,PayPal,COUPON0A09,11.03,AUD
365928,2024-01-06T17:13:32,2024-01-06,552,40,Online,Afterpay,COUPON99A0,10.37,AUD
365954,2024-01-06T23:07:45,2024-01-06,481,5,Retail,Credit Card,COUPONAA0Z,5.3,AUD
365997,2024-01-06T18:07:41,2024-01-06,618,48,Online,Credit Card,COUPON0--0,16.6,AUD
366251,2024-01-06T11:56:27,2024-01-06,771,8,Online,PayPal,COUPONAZ-9,14.53,AUD
366337,2024-01-06T21:09:23,2024-01-06,298,44,Online,Credit Card,COUPON00Z-,12.76,AUD
366379,2024-01-06T20:25:44,2024-01-06,665,11,Online,PayPal,COUPON-9-Z,17.97,AUD
366755,2024-01-06T12:25:10,2024-01-06,565,29,Retail,Afterpay,COUPON9-09,17.17,AUD
366787,2024-01-06T23:32:52,2024-01-06,537,45,Online,Credit Card,COUPON90-9,5.87,AUD
366940,2024-01-06T08:00:37,2024-01-06,666,4,Retail,Afterpay,COUPON-09-,19.59,AUD
366952,2024-01-06T15:57:09,2024-01-06,748,1,Retail,PayPal,COUPONA--Z,1.81,AUD
367072,2024-01-06T11:30:45,2024-01-06,658,3,Retail,Credit Card,COUPONZZ0-,10.72,AUD
367175,2024-01-06T10:31:22,2024-01-06,531,11,Online,Credit Card,COUPON99Z-,0.84,AUD
367225,2024-01-06T12:59:36,2024-01-06,39,46,Online,Afterpay,COUPONZ-90,13.87,AUD
367228,2024-01-06T22:17:29,2024-01-06,712,36,Retail,PayPal,COUPON9090,12.34,AUD
367257,2024-01-06T06:37:40,2024-01-06,362,15,Retail,Afterpay,COUPONZ900,6.06,AUD
367695,2024-01-06T09:23:52,2024-01-06,448,7,Online,Credit Card,COUPON-AZ-,11.05,AUD
367720,2024-01-06T18:05:43,2024-01-06,634,42,Online,PayPal,COUPONZ9-0,8.33,AUD
367757,2024-01-06T18:46:57,2024-01-06,763,15,Retail,PayPal,COUPON-Z-A,15.89,AUD
367792,2024-01-06T07:54:57,2024-01-06,615,49,Retail,PayPal,COUPON-A-A,5.72,AUD
367874,2024-01-06T13:32:26,2024-01-06,774,11,Online,Credit Card,COUPON00Z-,19.12,AUD
368030,2024-01-06T21:17:59,2024-01-06,346,21,Online,PayPal,COUPONA-Z0,7.27,AUD
368104,2024-01-06T21:06:37,2024-01-06,170,41,Online,Credit Card,COUPON0-ZA,18.81,AUD
368330,2024-01-06T11:59:44,2024-01-06,692,3,Retail,PayPal,COUPON0-Z-,5.18,AUD
368376,2024-01-06T06:01:56,2024-01-06,246,43,Retail,Credit Card,COUPONZA--,2.9,AUD
368504,2024-01-06T15:37:57,2024-01-06,692,32,Online,Afterpay,COUPON----,17.38,AUD
368659,2024-01-06T09:24:02,2024-01-06,45,14,Retail,Afterpay,COUPON9--Z,1.1,AUD
368804,2024-01-06T08:30:23,2024-01-06,209,30,Online,Credit Card,COUPON9-Z0,6.24,AUD
368847,2024-01-06T14:33:44,2024-01-06,448,37,Retail,Credit Card,COUPONA9--,10.84,AUD
369041,2024-01-06T15:26:39,2024-01-06,166,5,Online,PayPal,COUPON-AZA,5.79,AUD
369239,2024-01-06T08:56:41,2024-01-06,386,24,Online,Afterpay,COUPON-9-A,17.07,AUD
369251,2024-01-06T04:28:34,2024-01-06,577,16,Online,Credit Card,COUPON099-,9.3,AUD
369412,2024-01-06T12:18:17,2024-01-06,720,18,Online,PayPal,COUPON--0-,13.08,AUD
369471,2024-01-06T08:46:38,2024-01-06,633,30,Retail,Credit Card,COUPON--Z0,8.77,AUD
369482,2024-01-06T15:40:49,2024-01-06,210,34,Retail,Credit Card,COUPON0A90,15.61,AUD
369776,2024-01-06T15:08:27,2024-01-06,498,1,Online,PayPal,COUPON9A-9,11.44,AUD
369897,2024-01-06T18:45:29,2024-01-06,547,35,Retail,Credit Card,COUPON-AAZ,13.22,AUD
369987,2024-01-06T23:36:42,2024-01-06,744,14,Online,Credit Card,COUPON9Z0-,10.99,AUD
370026,2024-01-06T19:24:56,2024-01-06,240,39,Retail,Credit Card,COUPON--AZ,0.07,AUD
370167,2024-01-06T01:11:48,2024-01-06,126,30,Retail,Credit Card,COUPONZZ9A,7.68,AUD
370355,2024-01-06T20:39:06,2024-01-06,117,42,Retail,Credit Card,COUPON-0A-,16.56,AUD
370371,2024-01-06T04:00:03,2024-01-06,580,20,Retail,Credit Card,COUPON0-0A,12.39,AUD
370384,2024-01-06T19:21:17,2024-01-06,440,24,Online,Credit Card,COUPON---A,11.2,AUD
370386,2024-01-06T01:39:17,2024-01-06,794,49,Online,Credit Card,COUPON9Z-Z,3.2,AUD
370485,2024-01-06T09:50:21,2024-01-06,445,8,Online,Afterpay,COUPON0900,7.21,AUD
370490,2024-01-06T15:24:37,2024-01-06,569,19,Retail,PayPal,COUPONZ099,11.81,AUD
370525,2024-01-06T21:03:36,2024-01-06,145,1,Online,PayPal,COUPON9-A-,1.29,AUD
370620,2024-01-06T12:19:08,2024-01-06,241,33,Retail,PayPal,COUPON0-ZA,19.83,AUD
370621,2024-01-06T02:53:00,2024-01-06,154,41,Online,PayPal,COUPON--09,1.16,AUD
370661,2024-01-06T22:14:09,2024-01-06,639,28,Online,PayPal,COUPONZ-A0,18.16,AUD
370670,2024-01-06T15:17:44,2024-01-06,534,19,Retail,PayPal,COUPONAAZ-,16.51,AUD
370725,2024-01-06T03:56:26,2024-01-06,771,21,Retail,Credit Card,COUPON00A9,4.82,AUD
370745,2024-01-06T04:52:51,2024-01-06,145,45,Retail,Credit Card,COUPONZAA9,10.79,AUD
370879,2024-01-06T18:15:49,2024-01-06,256,4,Online,PayPal,COUPON9AA0,9.27,AUD
370955,2024-01-06T17:12:27,2024-01-06,345,32,Retail,Afterpay,COUPON-9-9,7.21,AUD
370960,2024-01-06T19:56:08,2024-01-06,788,37,Online,Afterpay,COUPON-9Z9,8.14,AUD
371060,2024-01-06T01:36:26,2024-01-06,740,7,Retail,Afterpay,COUPON-009,10.26,AUD
371137,2024-01-06T17:43:37,2024-01-06,655,41,Online,Afterpay,COUPON9---,4.55,AUD
371166,2024-01-06T12:07:25,2024-01-06,703,5,Retail,PayPal,COUPON9A0Z,10.79,AUD
371314,2024-01-06T02:46:36,2024-01-06,468,22,Online,Credit Card,COUPON-990,9.51,AUD
371323,2024-01-06T04:48:17,2024-01-06,768,31,Online,Credit Card,COUPON9--0,9.17,AUD
371471,2024-01-06T16:26:19,2024-01-06,792,35,Online,PayPal,COUPON---Z,12.2,AUD
371527,2024-01-06T20:47:54,2024-01-06,226,23,Retail,PayPal,COUPON-90Z,15.51,AUD
371753,2024-01-06T14:39:20,2024-01-06,645,39,Online,Afterpay,COUPONZ0--,13.86,AUD
371906,2024-01-06T07:05:38,2024-01-06,72,34,Online,Afterpay,COUPONA0--,0.75,AUD
371939,2024-01-06T00:42:16,2024-01-06,757,38,Retail,PayPal,COUPON99-9,12.98,AUD
371973,2024-01-06T12:55:13,2024-01-06,573,1,Retail,Afterpay,COUPON--Z-,10.66,AUD
372120,2024-01-06T10:53:19,2024-01-06,729,13,Online,PayPal,COUPON--A9,3.96,AUD
372194,2024-01-06T01:53:07,2024-01-06,163,6,Online,Credit Card,COUPONZAA0,3.87,AUD
372259,2024-01-06T04:31:09,2024-01-06,500,16,Online,Credit Card,COUPON9--9,9.13,AUD
372334,2024-01-06T22:56:06,2024-01-06,731,22,Retail,Afterpay,COUPON9Z--,3.33,AUD
372421,2024-01-06T15:58:59,2024-01-06,597,30,Retail,PayPal,COUPONZ-Z-,8.21,AUD
372551,2024-01-06T13:41:03,2024-01-06,99,12,Retail,Afterpay,COUPON-9ZZ,14.75,AUD
372559,2024-01-06T11:01:30,2024-01-06,641,36,Retail,PayPal,COUPONA9A0,7.95,AUD
372733,2024-01-06T04:38:17,2024-01-06,685,30,Retail,PayPal,COUPON9Z0-,18.52,AUD
372736,2024-01-06T04:18:01,2024-01-06,485,6,Online,Credit Card,COUPONZ999,13.75,AUD
372788,2024-01-06T09:47:40,2024-01-06,498,43,Online,PayPal,COUPONZ90-,1.68,AUD
372797,2024-01-06T15:31:36,2024-01-06,449,43,Online,Afterpay,COUPONA099,18.71,AUD
372869,2024-01-06T12:55:30,2024-01-06,468,39,Retail,Credit Card,COUPON-0-Z,0.85,AUD
372898,2024-01-06T10:47:08,2024-01-06,617,45,Retail,Afterpay,COUPON909A,18.13,AUD
373031,2024-01-06T00:26:51,2024-01-06,490,12,Retail,Credit Card,COUPON--A9,14.57,AUD
373143,2024-01-06T22:30:54,2024-01-06,470,44,Online,Credit Card,COUPON9A--,13.94,AUD
373181,2024-01-06T09:01:10,2024-01-06,393,7,Retail,PayPal,COUPONZZ-9,3.84,AUD
373228,2024-01-06T02:18:59,2024-01-06,459,24,Retail,Credit Card,COUPON0099,11.65,AUD
373292,2024-01-06T20:11:38,2024-01-06,512,40,Retail,PayPal,COUPONZ0AA,15.52,AUD
373346,2024-01-06T02:34:19,2024-01-06,282,32,Retail,Credit Card,COUPON009Z,17.72,AUD
373359,2024-01-06T21:32:04,2024-01-06,453,40,Online,Afterpay,COUPONZ0--,12.82,AUD
373575,2024-01-06T11:29:31,2024-01-06,315,9,Retail,Credit Card,COUPONZZA0,12.99,AUD
373576,2024-01-06T12:19:54,2024-01-06,75,28,Online,Credit Card,COUPON--0-,6.8,AUD
373588,2024-01-06T14:20:40,2024-01-06,26,45,Retail,PayPal,COUPON0-9-,7.69,AUD
373613,2024-01-06T18:43:48,2024-01-06,505,26,Retail,PayPal,COUPON-A90,14.3,AUD
373659,2024-01-06T23:52:29,2024-01-06,248,19,Online,PayPal,COUPONA-99,4.33,AUD
373799,2024-01-06T20:43:46,2024-01-06,704,38,Retail,PayPal,COUPON-AAA,3.35,AUD
373829,2024-01-06T19:40:45,2024-01-06,204,46,Online,Afterpay,COUPON0A9Z,1.16,AUD
373943,2024-01-06T01:33:09,2024-01-06,82,5,Online,Afterpay,COUPON9A9-,15.73,AUD
373964,2024-01-06T07:00:59,2024-01-06,49,18,Retail,Afterpay,COUPON----,13.86,AUD
374066,2024-01-06T06:05:38,2024-01-06,284,20,Retail,Credit Card,COUPON--AZ,10.69,AUD
374124,2024-01-06T03:00:41,2024-01-06,273,19,Online,Credit Card,COUPONZ-A9,16.0,AUD
374265,2024-01-06T20:19:08,2024-01-06,582,16,Retail,Afterpay,COUPONA-ZZ,19.14,AUD
374324,2024-01-06T14:11:25,2024-01-06,496,37,Online,Afterpay,COUPON0Z--,13.37,AUD
374414,2024-01-06T06:09:12,2024-01-06,369,21,Retail,Credit Card,COUPON0-ZA,6.55,AUD
374498,2024-01-06T22:15:50,2024-01-06,386,4,Online,Credit Card,COUPON9Z09,4.33,AUD
374624,2024-01-06T21:43:05,2024-01-06,147,42,Online,PayPal,COUPONAA0-,7.52,AUD
374755,2024-01-06T11:39:54,2024-01-06,12,41,Retail,Afterpay,COUPON00--,9.94,AUD
374930,2024-01-06T12:31:18,2024-01-06,139,7,Online,Credit Card,COUPON9-9A,13.99,AUD
375054,2024-01-06T00:59:24,2024-01-06,718,22,Online,Afterpay,COUPONZ--Z,18.84,AUD
375095,2024-01-06T08:10:29,2024-01-06,232,31,Retail,Afterpay,COUPON0-A0,12.34,AUD
375141,2024-01-06T15:21:33,2024-01-06,199,18,Retail,Credit Card,COUPONZ9A0,3.98,AUD
375165,2024-01-06T11:04:54,2024-01-06,754,46,Online,Afterpay,COUPON0---,4.8,AUD
375358,2024-01-06T20:41:25,2024-01-06,669,16,Retail,Afterpay,COUPONZ09A,18.84,AUD
375525,2024-01-06T15:15:00,2024-01-06,510,22,Online,Afterpay,COUPONZA-0,10.56,AUD
375705,2024-01-06T03:18:54,2024-01-06,410,49,Retail,Credit Card,COUPONAZ-A,0.1,AUD
375779,2024-01-06T16:47:31,2024-01-06,690,31,Retail,Credit Card,COUPON-0A-,13.37,AUD
375807,2024-01-06T10:02:03,2024-01-06,374,49,Retail,Afterpay,COUPON0-0A,7.62,AUD
375878,2024-01-06T03:01:33,2024-01-06,607,32,Online,PayPal,COUPON-0AA,16.46,AUD
375890,2024-01-06T08:58:59,2024-01-06,462,23,Online,PayPal,COUPONAZZZ,15.55,AUD
375971,2024-01-06T19:06:05,2024-01-06,34,12,Retail,Afterpay,COUPON-Z09,17.44,AUD
376126,2024-01-06T15:25:31,2024-01-06,447,4,Online,Credit Card,COUPON--00,9.99,AUD
376144,2024-01-06T06:12:24,2024-01-06,489,25,Retail,Afterpay,COUPON0---,3.7,AUD
376180,2024-01-06T18:33:27,2024-01-06,610,39,Online,Credit Card,COUPON0Z-9,5.67,AUD
376223,2024-01-06T00:12:06,2024-01-06,191,35,Retail,PayPal,COUPON-A9-,18.57,AUD
376314,2024-01-06T00:36:41,2024-01-06,32,24,Retail,Afterpay,COUPONA9ZZ,19.66,AUD
376322,2024-01-06T05:03:48,2024-01-06,303,48,Online,PayPal,COUPONA9Z-,10.55,AUD
376494,2024-01-06T16:49:39,2024-01-06,546,21,Online,Credit Card,COUPON-Z0A,14.02,AUD
376505,2024-01-06T03:25:55,2024-01-06,786,43,Retail,Afterpay,COUPON--Z-,1.36,AUD
376510,2024-01-06T16:41:53,2024-01-06,391,31,Retail,Afterpay,COUPONZ0A9,7.25,AUD
376560,2024-01-06T22:14:45,2024-01-06,331,17,Online,PayPal,COUPON---Z,4.74,AUD
376652,2024-01-06T04:46:26,2024-01-06,85,8,Retail,PayPal,COUPON-00Z,16.86,AUD
376788,2024-01-06T13:36:16,2024-01-06,30,5,Online,Afterpay,COUPONA--Z,5.03,AUD
376816,2024-01-06T21:53:01,2024-01-06,59,1,Retail,Credit Card,COUPON-A9-,5.1,AUD
376856,2024-01-06T04:03:26,2024-01-06,363,2,Retail,PayPal,COUPON-A--,6.66,AUD
376895,2024-01-06T05:03:05,2024-01-06,489,39,Retail,PayPal,COUPON90-Z,12.06,AUD
377056,2024-01-06T20:19:26,2024-01-06,160,40,Retail,PayPal,COUPONZZZ-,19.41,AUD
377079,2024-01-06T09:22:41,2024-01-06,743,41,Online,Credit Card,COUPON-Z0A,3.71,AUD
377083,2024-01-06T12:48:29,2024-01-06,620,39,Retail,PayPal,COUPON-Z-A,15.53,AUD
377150,2024-01-06T19:16:07,2024-01-06,269,39,Retail,PayPal,COUPON9A-A,10.95,AUD
377363,2024-01-06T17:57:49,2024-01-06,644,40,Online,PayPal,COUPON00--,14.88,AUD
377448,2024-01-06T08:13:50,2024-01-06,768,36,Retail,PayPal,COUPON00-A,7.67,AUD
377582,2024-01-06T20:44:23,2024-01-06,113,25,Retail,Afterpay,COUPONAZ9-,0.59,AUD
377629,2024-01-06T07:21:48,2024-01-06,645,27,Retail,PayPal,COUPON-99-,0.48,AUD
377799,2024-01-06T22:09:23,2024-01-06,420,41,Retail,PayPal,COUPON-Z90,2.73,AUD
377835,2024-01-06T10:17:13,2024-01-06,503,29,Retail,Credit Card,COUPON-0-Z,13.55,AUD
377864,2024-01-06T03:32:17,2024-01-06,671,9,Retail,Credit Card,COUPON-0-A,17.64,AUD
377951,2024-01-06T05:00:31,2024-01-06,621,49,Retail,PayPal,COUPON-A9-,7.67,AUD
377982,2024-01-06T06:19:44,2024-01-06,551,12,Retail,Afterpay,COUPON---9,19.69,AUD
378105,2024-01-06T14:43:27,2024-01-06,383,40,Retail,Afterpay,COUPONZ0-9,3.73,AUD
378137,2024-01-06T09:39:21,2024-01-06,680,29,Retail,Afterpay,COUPON-0AA,19.55,AUD
378530,2024-01-06T09:27:20,2024-01-06,711,40,Retail,PayPal,COUPON00-A,10.26,AUD
378558,2024-01-06T12:51:00,2024-01-06,2,18,Retail,Afterpay,COUPON9--A,15.23,AUD
378710,2024-01-06T05:42:59,2024-01-06,653,14,Retail,Credit Card,COUPONZ--0,8.19,AUD
378741,2024-01-06T11:29:40,2024-01-06,244,48,Online,PayPal,COUPON99-A,16.08,AUD
378761,2024-01-06T07:48:53,2024-01-06,114,18,Retail,Afterpay,COUPON9ZAZ,12.4,AUD
378781,2024-01-06T07:03:29,2024-01-06,513,41,Retail,Afterpay,COUPONAZ-0,15.94,AUD
378872,2024-01-06T09:09:29,2024-01-06,235,20,Online,Credit Card,COUPONZ0A-,4.61,AUD
378903,2024-01-06T15:31:24,2024-01-06,222,13,Online,Afterpay,COUPON090-,2.6,AUD
379182,2024-01-06T13:09:13,2024-01-06,621,11,Online,PayPal,COUPON99A-,9.02,AUD
379238,2024-01-06T08:42:29,2024-01-06,420,15,Online,PayPal,COUPON0Z-0,18.17,AUD
379268,2024-01-06T05:17:51,2024-01-06,410,7,Online,Credit Card,COUPON09--,0.75,AUD
379353,2024-01-06T01:04:41,2024-01-06,556,5,Retail,Afterpay,COUPON-0AZ,1.58,AUD
379381,2024-01-06T21:06:31,2024-01-06,381,40,Online,Credit Card,COUPON---Z,18.2,AUD
379417,2024-01-06T05:59:05,2024-01-06,380,12,Online,Credit Card,COUPONZZ9Z,3.89,AUD
379775,2024-01-06T02:11:56,2024-01-06,643,21,Retail,PayPal,COUPON0-0-,0.66,AUD
379799,2024-01-06T08:39:02,2024-01-06,608,32,Retail,Credit Card,COUPON-0-Z,11.59,AUD
379834,2024-01-06T04:24:13,2024-01-06,446,2,Online,Credit Card,COUPON9AA-,9.4,AUD
379859,2024-01-06T23:04:25,2024-01-06,627,17,Online,Afterpay,COUPON00--,8.25,AUD
380090,2024-01-06T12:36:01,2024-01-06,453,28,Online,PayPal,COUPONZZZA,5.79,AUD
380156,2024-01-06T23:04:44,2024-01-06,163,2,Retail,PayPal,COUPON9-09,14.15,AUD
380263,2024-01-06T16:24:53,2024-01-06,534,35,Retail,Afterpay,COUPONA99Z,10.78,AUD
380312,2024-01-06T10:05:26,2024-01-06,333,35,Online,Credit Card,COUPON0ZAZ,0.41,AUD
380490,2024-01-06T02:00:26,2024-01-06,361,11,Retail,Afterpay,COUPON--90,15.59,AUD
380516,2024-01-06T00:23:01,2024-01-06,47,15,Online,Afterpay,COUPON0-0Z,7.78,AUD
380838,2024-01-06T07:02:41,2024-01-06,594,34,Online,Afterpay,COUPONZ9--,6.11,AUD
380841,2024-01-06T08:32:51,2024-01-06,344,35,Retail,Credit Card,COUPONZ9ZA,10.4,AUD
380929,2024-01-06T18:56:51,2024-01-06,213,12,Online,Credit Card,COUPONAAZ-,6.16,AUD
381079,2024-01-06T06:01:59,2024-01-06,470,43,Online,PayPal,COUPONAZA-,13.71,AUD
381108,2024-01-06T10:04:42,2024-01-06,199,29,Retail,Afterpay,COUPONA-09,9.1,AUD
381141,2024-01-06T18:42:37,2024-01-06,646,48,Retail,Credit Card,COUPON-9A9,0.54,AUD
381227,2024-01-06T22:41:02,2024-01-06,78,39,Retail,Credit Card,COUPON99A-,18.04,AUD
381493,2024-01-06T00:20:48,2024-01-06,328,2,Retail,Credit Card,COUPON-0-9,2.95,AUD
381605,2024-01-06T07:36:21,2024-01-06,722,17,Online,Credit Card,COUPON-A9-,9.74,AUD
381867,2024-01-06T11:40:24,2024-01-06,570,43,Retail,Credit Card,COUPON0A0Z,17.09,AUD
381954,2024-01-06T22:33:54,2024-01-06,56,16,Online,PayPal,COUPON-9Z-,10.24,AUD
382026,2024-01-06T18:43:51,2024-01-06,652,40,Online,Afterpay,COUPONZA99,9.69,AUD
382101,2024-01-06T12:20:35,2024-01-06,524,47,Retail,PayPal,COUPON--9A,6.89,AUD
382115,2024-01-06T10:53:17,2024-01-06,58,41,Retail,Credit Card,COUPON---Z,16.52,AUD
382336,2024-01-06T10:25:44,2024-01-06,109,41,Online,Credit Card,COUPON9-09,16.37,AUD
382393,2024-01-06T01:56:53,2024-01-06,199,47,Online,Afterpay,COUPON-0-0,15.54,AUD
382470,2024-01-06T04:44:11,2024-01-06,72,12,Retail,Afterpay,COUPON---Z,5.65,AUD
382692,2024-01-06T09:07:16,2024-01-06,399,5,Online,Afterpay,COUPON-A00,9.59,AUD
382809,2024-01-06T08:02:36,2024-01-06,768,17,Retail,Credit Card,COUPON9Z-0,0.58,AUD
382874,2024-01-06T02:22:32,2024-01-06,60,16,Online,PayPal,COUPON--Z0,3.94,AUD
382939,2024-01-06T01:40:04,2024-01-06,718,21,Retail,Credit Card,COUPON0-0A,17.1,AUD
383121,2024-01-06T21:39:12,2024-01-06,527,27,Online,Afterpay,COUPON0A09,14.7,AUD
383139,2024-01-06T17:07:05,2024-01-06,414,31,Retail,Credit Card,COUPON9Z--,14.3,AUD
383314,2024-01-06T16:25:25,2024-01-06,605,20,Retail,Credit Card,COUPONZA--,4.38,AUD
383364,2024-01-06T12:50:20,2024-01-06,628,30,Retail,Credit Card,COUPONA09A,1.54,AUD
383459,2024-01-06T09:10:58,2024-01-06,576,30,Retail,Afterpay,COUPON9--0,13.25,AUD
383504,2024-01-06T11:54:54,2024-01-06,683,34,Online,PayPal,COUPON0--0,1.99,AUD
383509,2024-01-06T19:30:39,2024-01-06,674,39,Online,PayPal,COUPON-ZZA,16.35,AUD
383561,2024-01-06T20:26:55,2024-01-06,616,18,Retail,Credit Card,COUPONA09Z,11.63,AUD
383690,2024-01-06T19:19:13,2024-01-06,152,32,Retail,Afterpay,COUPONZZ90,16.11,AUD
383803,2024-01-06T02:54:31,2024-01-06,709,21,Retail,PayPal,COUPONZZ-A,18.46,AUD
383866,2024-01-06T04:58:28,2024-01-06,422,17,Retail,PayPal,COUPON-0AA,3.54,AUD
384036,2024-01-06T12:54:49,2024-01-06,678,32,Retail,Credit Card,COUPON9-AZ,8.99,AUD
384074,2024-01-06T22:18:13,2024-01-06,686,46,Retail,PayPal,COUPON-Z-9,14.22,AUD
384224,2024-01-06T10:33:12,2024-01-06,28,12,Retail,Afterpay,COUPONAZ-0,4.1,AUD
384233,2024-01-06T15:24:19,2024-01-06,136,37,Retail,Afterpay,COUPON-A-A,9.11,AUD
384728,2024-01-06T12:25:40,2024-01-06,298,36,Retail,Afterpay,COUPON-Z9-,16.47,AUD
384817,2024-01-06T17:02:50,2024-01-06,654,48,Retail,PayPal,COUPON9A-9,12.85,AUD
384917,2024-01-06T11:14:18,2024-01-06,405,25,Online,Afterpay,COUPON-0--,6.95,AUD
384939,2024-01-06T17:55:34,2024-01-06,405,13,Retail,PayPal,COUPON-90Z,1.56,AUD
384991,2024-01-06T02:01:32,2024-01-06,665,43,Online,Afterpay,COUPON09--,10.25,AUD
385366,2024-01-06T13:51:18,2024-01-06,135,43,Retail,Afterpay,COUPONA09-,14.22,AUD
385371,2024-01-06T00:21:13,2024-01-06,585,24,Online,Credit Card,COUPON9-AA,8.69,AUD
385440,2024-01-06T15:29:52,2024-01-06,469,17,Retail,Afterpay,COUPONZ9A0,0.21,AUD
385457,2024-01-06T18:55:46,2024-01-06,282,2,Retail,Credit Card,COUPONA0ZA,8.79,AUD
385634,2024-01-06T01:45:30,2024-01-06,750,17,Online,Afterpay,COUPON0Z00,7.13,AUD
385654,2024-01-06T02:21:51,2024-01-06,638,40,Online,Credit Card,COUPON90-Z,3.93,AUD
385772,2024-01-06T05:30:12,2024-01-06,302,33,Online,Credit Card,COUPON9Z90,15.39,AUD
385867,2024-01-06T14:33:09,2024-01-06,537,21,Retail,Credit Card,COUPON-ZZA,16.88,AUD
385883,2024-01-06T05:53:51,2024-01-06,321,12,Retail,Credit Card,COUPONZAA-,17.11,AUD
385977,2024-01-06T16:27:59,2024-01-06,174,49,Retail,PayPal,COUPON-0-0,1.97,AUD
386212,2024-01-06T15:01:37,2024-01-06,651,33,Online,Afterpay,COUPONA0--,18.32,AUD
386224,2024-01-06T21:33:39,2024-01-06,679,48,Retail,Credit Card,COUPON9--Z,17.72,AUD
386294,2024-01-06T19:30:17,2024-01-06,624,15,Online,PayPal,COUPON-Z9-,14.61,AUD
386324,2024-01-06T11:19:44,2024-01-06,779,9,Retail,Credit Card,COUPONZZ-Z,11.48,AUD
386391,2024-01-06T14:27:12,2024-01-06,8,20,Retail,Credit Card,COUPON-0A9,9.25,AUD
386417,2024-01-06T01:06:22,2024-01-06,785,1,Online,PayPal,COUPONA-9Z,1.64,AUD
386434,2024-01-06T18:09:39,2024-01-06,173,12,Retail,Afterpay,COUPON--A9,6.09,AUD
386445,2024-01-06T08:19:49,2024-01-06,797,6,Retail,PayPal,COUPON00Z-,2.59,AUD
386462,2024-01-06T09:31:51,2024-01-06,268,42,Retail,Credit Card,COUPON90--,0.58,AUD
386494,2024-01-06T22:36:26,2024-01-06,91,1,Retail,PayPal,COUPONAZZA,17.21,AUD
386572,2024-01-06T20:38:20,2024-01-06,678,23,Online,Afterpay,COUPON-00Z,10.62,AUD
386725,2024-01-06T02:42:13,2024-01-06,569,23,Online,Afterpay,COUPON9Z0-,8.11,AUD
387024,2024-01-06T17:25:44,2024-01-06,550,46,Retail,Credit Card,COUPON-99-,12.86,AUD
387037,2024-01-06T14:16:06,2024-01-06,107,14,Online,PayPal,COUPON900-,13.68,AUD
387098,2024-01-06T06:09:08,2024-01-06,48,4,Online,Credit Card,COUPON99A-,2.65,AUD
387100,2024-01-06T04:54:02,2024-01-06,581,35,Retail,PayPal,COUPONA99-,2.6,AUD
387134,2024-01-06T22:16:01,2024-01-06,504,45,Online,Credit Card,COUPON0-A0,9.37,AUD
387250,2024-01-06T00:32:10,2024-01-06,326,44,Retail,Credit Card,COUPON9AZ0,15.57,AUD
387280,2024-01-06T16:17:20,2024-01-06,603,35,Retail,PayPal,COUPON---A,15.49,AUD
387366,2024-01-06T08:38:59,2024-01-06,112,4,Retail,Credit Card,COUPONAA-0,5.62,AUD
387494,2024-01-06T08:02:51,2024-01-06,144,31,Retail,Afterpay,COUPON-0--,13.59,AUD
387503,2024-01-06T16:54:32,2024-01-06,730,18,Online,Credit Card,COUPON--0-,12.03,AUD
387682,2024-01-06T05:07:00,2024-01-06,564,8,Online,Afterpay,COUPONZAA0,6.42,AUD
387923,2024-01-06T20:15:01,2024-01-06,422,21,Online,Credit Card,COUPON-0--,11.67,AUD
388119,2024-01-06T23:51:17,2024-01-06,704,33,Online,PayPal,COUPON-09-,12.87,AUD
388355,2024-01-06T15:57:14,2024-01-06,569,34,Online,PayPal,COUPONZZA-,12.36,AUD
388536,2024-01-06T05:37:32,2024-01-06,467,18,Online,Afterpay,COUPON09-Z,9.62,AUD
388809,2024-01-06T14:58:37,2024-01-06,145,41,Retail,PayPal,COUPONZ9A-,7.17,AUD
388813,2024-01-06T16:07:09,2024-01-06,52,40,Retail,Afterpay,COUPONZ000,17.18,AUD
388913,2024-01-06T01:48:04,2024-01-06,234,41,Retail,Afterpay,COUPONZZ-Z,10.3,AUD
388918,2024-01-06T05:03:43,2024-01-06,542,32,Retail,Afterpay,COUPONAZ09,2.89,AUD
388936,2024-01-06T17:19:01,2024-01-06,395,11,Online,Afterpay,COUPON00A-,12.24,AUD
388939,2024-01-06T18:48:30,2024-01-06,348,32,Retail,Credit Card,COUPON99--,1.41,AUD
388973,2024-01-06T00:03:10,2024-01-06,685,20,Online,PayPal,COUPON---9,0.89,AUD
388982,2024-01-06T08:20:01,2024-01-06,520,17,Retail,Afterpay,COUPON0-0-,12.14,AUD
389148,2024-01-06T23:04:56,2024-01-06,706,23,Online,PayPal,COUPONZZA0,11.75,AUD
389432,2024-01-06T12:41:10,2024-01-06,733,10,Retail,PayPal,COUPONZA0Z,11.36,AUD
389444,2024-01-06T07:28:46,2024-01-06,108,45,Online,Afterpay,COUPON09Z0,17.43,AUD
389538,2024-01-06T16:13:50,2024-01-06,698,4,Online,Afterpay,COUPON-0-9,9.27,AUD
389644,2024-01-06T16:23:08,2024-01-06,231,44,Online,Credit Card,COUPON0---,15.49,AUD
389935,2024-01-06T19:27:34,2024-01-06,244,4,Retail,Credit Card,COUPON90--,13.05,AUD
390150,2024-01-06T14:34:08,2024-01-06,433,36,Online,Credit Card,COUPON-A--,6.8,AUD
390156,2024-01-06T12:33:45,2024-01-06,670,10,Online,Credit Card,COUPON99-9,15.7,AUD
390278,2024-01-06T22:46:03,2024-01-06,375,17,Retail,Credit Card,COUPONA--9,15.22,AUD
390359,2024-01-06T21:47:11,2024-01-06,663,15,Online,PayPal,COUPON9-0-,5.63,AUD
390446,2024-01-06T10:44:41,2024-01-06,739,37,Online,Afterpay,COUPONA---,12.13,AUD
390489,2024-01-06T18:04:20,2024-01-06,745,3,Retail,Credit Card,COUPONAZAA,6.55,AUD
390504,2024-01-06T09:14:56,2024-01-06,706,15,Retail,PayPal,COUPONA9-0,13.56,AUD
390610,2024-01-06T16:14:08,2024-01-06,263,19,Online,Credit Card,COUPONZZ9-,15.32,AUD
390611,2024-01-06T05:23:57,2024-01-06,138,11,Retail,Afterpay,COUPONZA-9,11.36,AUD
390622,2024-01-06T05:13:31,2024-01-06,697,33,Retail,PayPal,COUPONZ0Z0,2.65,AUD
390670,2024-01-06T01:12:16,2024-01-06,68,3,Retail,Afterpay,COUPON9Z-Z,1.09,AUD
390680,2024-01-06T13:50:29,2024-01-06,70,30,Retail,Credit Card,COUPON--00,0.88,AUD
390895,2024-01-06T01:43:18,2024-01-06,124,5,Online,Credit Card,COUPON0---,17.78,AUD
390929,2024-01-06T20:25:36,2024-01-06,368,35,Online,Afterpay,COUPON099-,0.15,AUD
390983,2024-01-06T15:19:48,2024-01-06,337,9,Online,PayPal,COUPONA99A,6.02,AUD
391078,2024-01-06T22:43:31,2024-01-06,327,39,Retail,PayPal,COUPON99Z-,16.14,AUD
391189,2024-01-06T15:45:57,2024-01-06,594,16,Retail,PayPal,COUPON-Z00,10.14,AUD
391212,2024-01-06T22:05:59,2024-01-06,634,38,Retail,Afterpay,COUPON--9-,19.03,AUD
391229,2024-01-06T00:36:34,2024-01-06,194,26,Online,Credit Card,COUPON-9A0,5.44,AUD
391375,2024-01-06T23:57:26,2024-01-06,12,41,Online,Credit Card,COUPON-0A-,19.71,AUD
391402,2024-01-06T09:34:59,2024-01-06,566,30,Retail,Afterpay,COUPONZ0A-,1.76,AUD
391422,2024-01-06T05:18:35,2024-01-06,181,31,Retail,Afterpay,COUPONA9-0,14.22,AUD
391450,2024-01-06T22:40:10,2024-01-06,524,22,Retail,Credit Card,COUPONA9-Z,13.46,AUD
391475,2024-01-06T06:59:30,2024-01-06,674,28,Online,Afterpay,COUPON90--,19.25,AUD
391487,2024-01-06T00:34:01,2024-01-06,20,1,Online,Afterpay,COUPONZ--Z,6.12,AUD
391542,2024-01-06T02:57:13,2024-01-06,137,5,Online,PayPal,COUPON0--A,13.61,AUD
391562,2024-01-06T10:48:06,2024-01-06,256,33,Online,Credit Card,COUPON-Z9-,18.49,AUD
391692,2024-01-06T17:33:54,2024-01-06,446,37,Online,Afterpay,COUPONA-A-,18.72,AUD
391698,2024-01-06T13:32:12,2024-01-06,24,44,Retail,PayPal,COUPON-Z-Z,11.98,AUD
391747,2024-01-06T12:49:32,2024-01-06,123,44,Online,PayPal,COUPONA-90,17.64,AUD
391867,2024-01-06T21:18:00,2024-01-06,682,33,Online,Afterpay,COUPON--Z0,6.32,AUD
391920,2024-01-06T21:37:43,2024-01-06,353,46,Retail,Credit Card,COUPON-Z00,8.32,AUD
391926,2024-01-06T19:01:05,2024-01-06,377,33,Online,Credit Card,COUPON----,18.57,AUD
391952,2024-01-06T22:56:37,2024-01-06,581,28,Retail,Afterpay,COUPON-90-,11.27,AUD
391968,2024-01-06T07:38:15,2024-01-06,621,20,Online,Afterpay,COUPON-A-A,4.94,AUD
392032,2024-01-06T13:29:04,2024-01-06,553,21,Online,Afterpay,COUPON---A,11.5,AUD
392052,2024-01-06T09:21:56,2024-01-06,535,23,Online,PayPal,COUPONZZA-,9.55,AUD
392080,2024-01-06T04:51:18,2024-01-06,296,35,Online,Afterpay,COUPONAAA-,12.02,AUD
392084,2024-01-06T23:18:35,2024-01-06,451,14,Online,Afterpay,COUPON0Z0A,8.06,AUD
392153,2024-01-06T13:31:19,2024-01-06,630,16,Retail,Credit Card,COUPON9--Z,3.77,AUD
392304,2024-01-06T23:26:15,2024-01-06,451,21,Retail,Afterpay,COUPONZ9--,4.33,AUD
392367,2024-01-06T06:06:00,2024-01-06,313,5,Retail,Credit Card,COUPON--A-,11.06,AUD
392387,2024-01-06T11:14:26,2024-01-06,722,17,Online,Credit Card,COUPONA00Z,5.5,AUD
392412,2024-01-06T04:58:21,2024-01-06,96,17,Online,Credit Card,COUPON9A90,4.31,AUD
392460,2024-01-06T14:14:34,2024-01-06,312,36,Retail,Afterpay,COUPONA-Z0,10.3,AUD
392509,2024-01-06T01:49:53,2024-01-06,426,48,Online,PayPal,COUPON---Z,4.55,AUD
392618,2024-01-06T12:40:09,2024-01-06,294,17,Online,PayPal,COUPON----,0.1,AUD
392654,2024-01-06T03:10:24,2024-01-06,206,44,Online,Afterpay,COUPONA-Z-,7.89,AUD
392927,2024-01-06T14:48:46,2024-01-06,132,24,Retail,PayPal,COUPONAA9A,12.52,AUD
393021,2024-01-06T19:13:54,2024-01-06,751,6,Online,Credit Card,COUPON--00,11.97,AUD
393032,2024-01-06T05:38:57,2024-01-06,683,22,Retail,Afterpay,COUPON-99-,7.28,AUD
393155,2024-01-06T09:26:11,2024-01-06,536,20,Online,PayPal,COUPON-9ZZ,8.01,AUD
393192,2024-01-06T07:33:09,2024-01-06,702,40,Online,Afterpay,COUPON099A,2.11,AUD
393373,2024-01-06T16:14:34,2024-01-06,291,22,Retail,Credit Card,COUPONAZ0-,13.09,AUD
393384,2024-01-06T05:25:49,2024-01-06,637,48,Retail,Afterpay,COUPONZ---,10.34,AUD
393484,2024-01-06T23:31:56,2024-01-06,783,15,Retail,Afterpay,COUPON-9-9,15.21,AUD
393539,2024-01-06T19:21:26,2024-01-06,498,10,Retail,Credit Card,COUPON---A,7.14,AUD
393743,2024-01-06T18:47:18,2024-01-06,787,10,Online,Afterpay,COUPONZ-Z9,16.85,AUD
393823,2024-01-06T00:13:18,2024-01-06,580,35,Online,Credit Card,COUPON-9-9,9.89,AUD
393863,2024-01-06T05:17:33,2024-01-06,647,33,Online,PayPal,COUPON0ZA9,16.73,AUD
393871,2024-01-06T07:04:41,2024-01-06,515,19,Retail,PayPal,COUPON-9-0,17.41,AUD
393979,2024-01-06T10:07:56,2024-01-06,460,35,Retail,PayPal,COUPONZ-09,18.19,AUD
394059,2024-01-06T21:32:40,2024-01-06,279,23,Online,PayPal,COUPON9--0,9.29,AUD
394094,2024-01-06T15:21:26,2024-01-06,209,36,Retail,Credit Card,COUPONZZ0A,12.51,AUD
394140,2024-01-06T10:35:11,2024-01-06,699,31,Online,Credit Card,COUPON--0-,9.69,AUD
394185,2024-01-06T06:31:56,2024-01-06,644,21,Online,Afterpay,COUPONZ-A-,12.95,AUD
394237,2024-01-06T21:21:11,2024-01-06,148,47,Online,Credit Card,COUPON---9,6.0,AUD
394360,2024-01-06T02:54:24,2024-01-06,346,17,Online,PayPal,COUPON9-0A,6.44,AUD
394550,2024-01-06T17:02:19,2024-01-06,31,47,Online,PayPal,COUPON--Z-,18.2,AUD
394560,2024-01-06T01:07:49,2024-01-06,733,31,Online,Afterpay,COUPONZZ--,1.8,AUD
394669,2024-01-06T22:18:08,2024-01-06,543,17,Retail,PayPal,COUPON-Z9-,18.6,AUD
394752,2024-01-06T09:22:13,2024-01-06,799,11,Retail,Credit Card,COUPON-AA-,14.94,AUD
394843,2024-01-06T14:41:08,2024-01-06,418,6,Online,PayPal,COUPON-00Z,6.44,AUD
394988,2024-01-06T18:48:50,2024-01-06,459,3,Online,PayPal,COUPON--90,2.2,AUD
395052,2024-01-06T22:59:07,2024-01-06,367,27,Online,Credit Card,COUPONZ0-Z,2.74,AUD
395146,2024-01-06T01:15:10,2024-01-06,528,22,Retail,Afterpay,COUPON9--9,8.43,AUD
395151,2024-01-06T11:01:04,2024-01-06,245,33,Retail,Credit Card,COUPON9AZ-,6.41,AUD
395183,2024-01-06T15:47:28,2024-01-06,625,37,Retail,Credit Card,COUPON00-A,16.49,AUD
395381,2024-01-06T01:30:08,2024-01-06,6,18,Online,Credit Card,COUPON----,12.89,AUD
395676,2024-01-06T01:56:59,2024-01-06,405,15,Online,Credit Card,COUPON-0A9,4.94,AUD
395726,2024-01-06T20:07:25,2024-01-06,159,21,Online,Credit Card,COUPON9A09,17.1,AUD
396021,2024-01-06T16:19:19,2024-01-06,233,49,Retail,PayPal,COUPON-A-0,9.08,AUD
396033,2024-01-06T16:39:46,2024-01-06,272,16,Retail,Afterpay,COUPON09--,18.38,AUD
396091,2024-01-06T04:29:51,2024-01-06,69,11,Retail,Credit Card,COUPONA--Z,8.12,AUD
396263,2024-01-06T22:16:11,2024-01-06,748,39,Online,PayPal,COUPONAA09,10.5,AUD
396369,2024-01-06T04:26:52,2024-01-06,671,38,Retail,Credit Card,COUPONA-Z-,0.15,AUD
396509,2024-01-06T00:07:35,2024-01-06,278,39,Retail,Afterpay,COUPONZ9-Z,1.8,AUD
396510,2024-01-06T04:57:35,2024-01-06,260,43,Online,Credit Card,COUPON09ZA,13.15,AUD
396710,2024-01-06T13:08:58,2024-01-06,709,27,Online,Afterpay,COUPON--A0,18.64,AUD
396823,2024-01-06T17:42:07,2024-01-06,719,33,Online,Credit Card,COUPON0-0A,9.62,AUD
396842,2024-01-06T17:16:54,2024-01-06,741,41,Online,PayPal,COUPON9990,11.94,AUD
396875,2024-01-06T18:42:01,2024-01-06,472,12,Retail,PayPal,COUPON-ZZ-,8.72,AUD
396946,2024-01-06T19:40:12,2024-01-06,703,40,Retail,Afterpay,COUPON0---,4.02,AUD
397181,2024-01-06T01:16:42,2024-01-06,41,22,Online,Credit Card,COUPONA-ZZ,10.1,AUD
397302,2024-01-06T08:14:53,2024-01-06,32,4,Retail,PayPal,COUPON--Z-,15.6,AUD
397309,2024-01-06T11:19:25,2024-01-06,302,17,Retail,Afterpay,COUPON---Z,7.27,AUD
397628,2024-01-06T23:56:12,2024-01-06,521,28,Online,Afterpay,COUPON99A9,18.78,AUD
397647,2024-01-06T02:24:10,2024-01-06,155,44,Online,Afterpay,COUPONZ09Z,18.53,AUD
397716,2024-01-06T05:11:11,2024-01-06,607,9,Retail,Credit Card,COUPON9ZZ-,10.86,AUD
397793,2024-01-06T03:44:35,2024-01-06,351,10,Online,Credit Card,COUPON00-A,2.93,AUD
397802,2024-01-06T21:28:33,2024-01-06,740,39,Online,Afterpay,COUPON--AZ,0.07,AUD
398179,2024-01-06T02:24:22,2024-01-06,494,16,Retail,PayPal,COUPONAZ0-,4.79,AUD
398199,2024-01-06T06:51:37,2024-01-06,121,31,Online,PayPal,COUPONZ00-,16.48,AUD
398300,2024-01-06T05:34:02,2024-01-06,391,21,Retail,Afterpay,COUPON-9Z9,16.42,AUD
398334,2024-01-06T21:03:34,2024-01-06,432,16,Online,Credit Card,COUPON-AA0,16.87,AUD
398350,2024-01-06T04:23:56,2024-01-06,581,30,Retail,PayPal,COUPON-Z-9,7.44,AUD
398381,2024-01-06T19:06:09,2024-01-06,134,17,Online,PayPal,COUPONAZA9,4.57,AUD
398403,2024-01-06T15:31:09,2024-01-06,544,16,Online,Credit Card,COUPON-0-A,8.41,AUD
398413,2024-01-06T06:24:32,2024-01-06,404,14,Retail,Afterpay,COUPONA0-9,11.85,AUD
398532,2024-01-06T03:19:45,2024-01-06,521,17,Retail,Afterpay,COUPON9AA9,5.99,AUD
398732,2024-01-06T09:55:29,2024-01-06,20,40,Online,Afterpay,COUPONZ---,0.9,AUD
398777,2024-01-06T02:33:49,2024-01-06,118,8,Retail,Credit Card,COUPON00--,13.13,AUD
398859,2024-01-06T00:08:18,2024-01-06,281,36,Online,PayPal,COUPON0ZZ0,19.09,AUD
398967,2024-01-06T09:14:31,2024-01-06,649,28,Online,Afterpay,COUPON--90,5.28,AUD
399100,2024-01-06T23:47:32,2024-01-06,292,29,Retail,PayPal,COUPONZ-AA,19.07,AUD
399661,2024-01-06T15:06:51,2024-01-06,180,31,Online,Afterpay,COUPON--0Z,13.45,AUD
399796,2024-01-06T12:36:48,2024-01-06,312,24,Online,Credit Card,COUPONA-0-,7.23,AUD
399951,2024-01-06T22:53:31,2024-01-06,238,13,Online,Credit Card,COUPON-A--,12.04,AUD
400200,2024-01-06T07:26:30,2024-01-06,645,29,Retail,Credit Card,COUPON---A,15.92,AUD
400273,2024-01-06T15:56:38,2024-01-06,570,7,Online,Credit Card,COUPON9Z9Z,14.42,AUD
400293,2024-01-06T19:44:19,2024-01-06,110,28,Online,Credit Card,COUPONAA9A,15.45,AUD
400434,2024-01-06T19:01:11,2024-01-06,181,4,Retail,PayPal,COUPON9---,14.58,AUD
400475,2024-01-06T03:12:51,2024-01-06,743,22,Online,Credit Card,COUPONZ90-,2.79,AUD
400490,2024-01-06T03:46:49,2024-01-06,424,10,Online,Afterpay,COUPON--0A,4.56,AUD
400524,2024-01-06T12:14:35,2024-01-06,325,4,Online,Afterpay,COUPONZAA-,11.15,AUD
400719,2024-01-06T19:07:15,2024-01-06,566,49,Online,Afterpay,COUPON00-A,4.95,AUD
400752,2024-01-06T15:31:31,2024-01-06,318,45,Online,PayPal,COUPONZ-A-,14.95,AUD
400970,2024-01-06T09:37:33,2024-01-06,489,41,Online,Credit Card,COUPON9-A-,11.92,AUD
400975,2024-01-06T02:58:00,2024-01-06,78,47,Online,Afterpay,COUPONAZAZ,3.76,AUD
401043,2024-01-06T00:17:52,2024-01-06,656,27,Retail,Credit Card,COUPON99-Z,19.7,AUD
401135,2024-01-06T05:50:07,2024-01-06,192,49,Retail,Afterpay,COUPON--A9,9.02,AUD
401181,2024-01-06T07:06:25,2024-01-06,536,11,Online,Credit Card,COUPON0-9-,18.73,AUD
401214,2024-01-06T10:23:32,2024-01-06,771,33,Retail,Credit Card,COUPON9ZZ-,1.43,AUD
401220,2024-01-06T13:33:20,2024-01-06,368,37,Retail,PayPal,COUPON9Z9-,9.0,AUD
401339,2024-01-06T10:24:37,2024-01-06,420,21,Online,PayPal,COUPON9A-0,14.33,AUD
401531,2024-01-06T01:36:52,2024-01-06,18,14,Online,Afterpay,COUPON0ZAZ,6.81,AUD
401574,2024-01-06T16:32:36,2024-01-06,314,14,Online,Credit Card,COUPON--0-,12.8,AUD
401578,2024-01-06T14:24:19,2024-01-06,266,17,Online,Credit Card,COUPON0A9A,8.66,AUD
401586,2024-01-06T19:01:24,2024-01-06,122,11,Retail,Afterpay,COUPON-A-9,0.46,AUD
401595,2024-01-06T09:41:31,2024-01-06,481,39,Retail,Afterpay,COUPONAA-0,7.88,AUD
401820,2024-01-06T02:19:22,2024-01-06,422,21,Retail,Afterpay,COUPON--0-,7.15,AUD
401869,2024-01-06T13:43:28,2024-01-06,104,29,Online,PayPal,COUPON-0--,3.95,AUD
402042,2024-01-06T09:14:09,2024-01-06,158,29,Retail,Afterpay,COUPON90-0,10.66,AUD
402190,2024-01-06T22:44:58,2024-01-06,565,19,Retail,Credit Card,COUPON9-9-,9.57,AUD
402262,2024-01-06T16:50:03,2024-01-06,375,42,Retail,Afterpay,COUPON99-Z,9.29,AUD
402298,2024-01-06T20:58:33,2024-01-06,91,3,Retail,Credit Card,COUPONAA--,2.58,AUD
402515,2024-01-06T20:07:05,2024-01-06,250,6,Online,Afterpay,COUPON-9-0,0.58,AUD
402598,2024-01-06T16:23:18,2024-01-06,364,46,Retail,Afterpay,COUPONZ9Z9,11.22,AUD
402848,2024-01-06T09:31:57,2024-01-06,612,22,Retail,PayPal,COUPON-999,6.56,AUD
402859,2024-01-06T23:39:01,2024-01-06,183,20,Retail,Afterpay,COUPON--9-,18.43,AUD
402992,2024-01-06T18:49:48,2024-01-06,250,32,Retail,Afterpay,COUPON-Z0A,2.67,AUD
403011,2024-01-06T11:16:30,2024-01-06,247,4,Online,PayPal,COUPON-Z0Z,5.25,AUD
403027,2024-01-06T12:58:54,2024-01-06,148,28,Retail,Afterpay,COUPON9A--,18.45,AUD
403091,2024-01-06T10:01:03,2024-01-06,35,15,Retail,Afterpay,COUPON-9A-,10.69,AUD
403157,2024-01-06T19:53:06,2024-01-06,74,31,Retail,PayPal,COUPONA0--,4.35,AUD
403184,2024-01-06T03:15:01,2024-01-06,198,4,Retail,Credit Card,COUPON--09,18.24,AUD
403207,2024-01-06T20:49:54,2024-01-06,537,28,Retail,PayPal,COUPONA0ZA,16.27,AUD
403221,2024-01-06T11:57:00,2024-01-06,658,40,Retail,Afterpay,COUPONZAA9,13.82,AUD
403363,2024-01-06T04:20:47,2024-01-06,511,2,Retail,Afterpay,COUPON9-9-,2.8,AUD
403398,2024-01-06T05:25:15,2024-01-06,338,3,Online,PayPal,COUPON9A09,7.29,AUD
403499,2024-01-06T18:30:13,2024-01-06,683,23,Online,PayPal,COUPONZZ09,8.79,AUD
403539,2024-01-06T14:37:17,2024-01-06,402,48,Online,Credit Card,COUPON-90-,12.76,AUD
403565,2024-01-06T12:29:44,2024-01-06,519,13,Online,PayPal,COUPONAZ--,8.12,AUD
403600,2024-01-06T06:47:17,2024-01-06,386,22,Retail,PayPal,COUPON0-99,15.51,AUD
403636,2024-01-06T16:33:56,2024-01-06,125,37,Retail,Credit Card,COUPONZ-AA,3.59,AUD
403674,2024-01-06T19:43:35,2024-01-06,262,46,Online,PayPal,COUPONZ0Z-,10.85,AUD
403695,2024-01-06T07:15:42,2024-01-06,778,6,Online,Credit Card,COUPON-90-,5.68,AUD
403730,2024-01-06T01:02:43,2024-01-06,533,28,Retail,Afterpay,COUPON---Z,10.96,AUD
403746,2024-01-06T01:11:54,2024-01-06,419,14,Retail,Afterpay,COUPON9---,19.92,AUD
403851,2024-01-06T21:49:05,2024-01-06,364,18,Retail,Afterpay,COUPONZ9--,18.04,AUD
404275,2024-01-06T09:42:00,2024-01-06,485,29,Online,PayPal,COUPON09AA,12.91,AUD
404569,2024-01-06T07:22:21,2024-01-06,571,25,Retail,Afterpay,COUPON--09,3.91,AUD
404709,2024-01-06T14:12:18,2024-01-06,358,16,Retail,PayPal,COUPON9009,0.96,AUD
404928,2024-01-06T09:28:04,2024-01-06,566,37,Online,PayPal,COUPONZ-A9,11.72,AUD
405062,2024-01-06T11:02:36,2024-01-06,4,14,Retail,PayPal,COUPONZ-Z-,15.78,AUD
405213,2024-01-06T22:50:44,2024-01-06,770,36,Online,Credit Card,COUPON-A-9,8.6,AUD
405298,2024-01-06T01:08:38,2024-01-06,313,13,Online,PayPal,COUPONZ-Z-,0.85,AUD
405329,2024-01-06T13:08:50,2024-01-06,85,27,Retail,PayPal,COUPON-0--,3.04,AUD
405361,2024-01-06T13:18:01,2024-01-06,778,9,Online,Afterpay,COUPON-Z-0,18.1,AUD
405479,2024-01-06T04:34:37,2024-01-06,619,22,Retail,Credit Card,COUPONZA-Z,8.1,AUD
405532,2024-01-06T03:06:23,2024-01-06,327,25,Online,Credit Card,COUPON----,1.4,AUD
405588,2024-01-06T20:36:09,2024-01-06,49,16,Online,PayPal,COUPON-Z-0,8.05,AUD
405615,2024-01-06T03:39:43,2024-01-06,225,23,Retail,Credit Card,COUPON---0,2.84,AUD
405728,2024-01-06T00:59:09,2024-01-06,221,46,Online,Credit Card,COUPONAZ9-,11.8,AUD
405851,2024-01-06T13:14:32,2024-01-06,566,8,Retail,Credit Card,COUPON-9Z-,14.16,AUD
405896,2024-01-06T16:22:28,2024-01-06,216,44,Online,Afterpay,COUPONA--A,17.04,AUD
405907,2024-01-06T07:53:36,2024-01-06,552,44,Online,Afterpay,COUPON99Z9,10.69,AUD
405983,2024-01-06T19:50:40,2024-01-06,176,26,Retail,PayPal,COUPON9AA0,19.95,AUD
406288,2024-01-06T13:32:42,2024-01-06,260,39,Online,Credit Card,COUPON0-AA,11.67,AUD
406324,2024-01-06T11:06:53,2024-01-06,15,43,Retail,Credit Card,COUPON0Z99,14.5,AUD
406327,2024-01-06T08:23:52,2024-01-06,338,23,Retail,Afterpay,COUPON990-,2.8,AUD
406395,2024-01-06T03:43:51,2024-01-06,9,39,Retail,Credit Card,COUPONAA9Z,2.14,AUD
406508,2024-01-06T14:23:09,2024-01-06,612,35,Online,Credit Card,COUPON99A9,7.29,AUD
406516,2024-01-06T04:26:13,2024-01-06,293,43,Retail,Credit Card,COUPON00A-,8.02,AUD
406529,2024-01-06T15:17:41,2024-01-06,247,40,Online,PayPal,COUPON0A--,6.26,AUD
406624,2024-01-06T23:53:17,2024-01-06,280,11,Online,Afterpay,COUPON-0A-,7.44,AUD
406685,2024-01-06T15:08:57,2024-01-06,452,10,Online,Afterpay,COUPON9--A,5.75,AUD
406704,2024-01-06T07:04:57,2024-01-06,47,39,Online,Afterpay,COUPON0-90,6.27,AUD
406791,2024-01-06T18:07:30,2024-01-06,131,18,Online,PayPal,COUPONZZZA,17.73,AUD
406916,2024-01-06T05:03:59,2024-01-06,322,39,Online,PayPal,COUPON0A00,2.97,AUD
407056,2024-01-06T18:27:32,2024-01-06,418,5,Retail,Credit Card,COUPON-0-A,18.49,AUD
407089,2024-01-06T23:36:51,2024-01-06,775,25,Online,Credit Card,COUPONAZ9-,12.1,AUD
407122,2024-01-06T22:31:42,2024-01-06,546,32,Retail,Credit Card,COUPON9A--,17.59,AUD
407148,2024-01-06T08:10:53,2024-01-06,391,39,Online,Afterpay,COUPONA-0A,5.37,AUD
407292,2024-01-06T07:05:32,2024-01-06,372,24,Online,Afterpay,COUPONZ9ZA,8.84,AUD
407316,2024-01-06T13:58:13,2024-01-06,505,8,Online,Afterpay,COUPON0---,19.5,AUD
407623,2024-01-06T19:30:13,2024-01-06,459,22,Online,Afterpay,COUPONZ9-0,9.84,AUD
407722,2024-01-06T19:23:50,2024-01-06,159,10,Online,Afterpay,COUPON-00A,17.19,AUD
408128,2024-01-06T22:56:14,2024-01-06,155,36,Online,Credit Card,COUPON0---,12.85,AUD
408587,2024-01-06T09:57:25,2024-01-06,716,46,Retail,Credit Card,COUPON-9-A,4.2,AUD
408593,2024-01-06T09:46:06,2024-01-06,194,48,Retail,Credit Card,COUPONAA90,13.35,AUD
408679,2024-01-06T15:52:48,2024-01-06,297,20,Online,Afterpay,COUPON9ZZ-,3.22,AUD
408719,2024-01-06T04:57:22,2024-01-06,397,22,Retail,Afterpay,COUPON-90-,14.45,AUD
408736,2024-01-06T09:17:31,2024-01-06,428,17,Retail,Afterpay,COUPON---9,15.3,AUD
408819,2024-01-06T16:32:51,2024-01-06,619,24,Retail,PayPal,COUPON00-0,8.56,AUD
408863,2024-01-06T23:00:48,2024-01-06,417,29,Online,PayPal,COUPON0Z9-,15.29,AUD
408874,2024-01-06T11:47:35,2024-01-06,338,17,Retail,PayPal,COUPON-AAA,19.65,AUD
409034,2024-01-06T01:46:59,2024-01-06,357,37,Retail,Afterpay,COUPONA0--,3.19,AUD
409498,2024-01-06T12:38:16,2024-01-06,474,31,Retail,Afterpay,COUPON00AA,9.64,AUD
409514,2024-01-06T07:42:22,2024-01-06,656,27,Online,Credit Card,COUPON-AA-,1.98,AUD
409824,2024-01-06T08:22:10,2024-01-06,207,43,Retail,Afterpay,COUPONA9ZZ,6.02,AUD
409985,2024-01-06T03:10:07,2024-01-06,195,48,Retail,Credit Card,COUPON---9,7.35,AUD
410177,2024-01-06T01:31:41,2024-01-06,676,12,Online,PayPal,COUPON0-9Z,17.05,AUD
410290,2024-01-06T06:10:05,2024-01-06,103,36,Online,Afterpay,COUPON99-0,2.8,AUD
410473,2024-01-06T09:41:05,2024-01-06,190,45,Online,PayPal,COUPON9Z00,2.86,AUD
410505,2024-01-06T01:26:35,2024-01-06,503,38,Online,Credit Card,COUPONA-9A,19.05,AUD
410705,2024-01-06T14:50:01,2024-01-06,110,29,Online,PayPal,COUPON--Z-,2.88,AUD
410714,2024-01-06T07:32:39,2024-01-06,718,16,Retail,Afterpay,COUPONZ--A,2.63,AUD
410787,2024-01-06T11:23:44,2024-01-06,152,49,Retail,Afterpay,COUPON-ZA-,8.87,AUD
410791,2024-01-06T18:37:25,2024-01-06,650,44,Online,Afterpay,COUPONZA--,11.8,AUD
410808,2024-01-06T11:02:40,2024-01-06,60,44,Retail,PayPal,COUPON-Z--,1.13,AUD
410993,2024-01-06T01:45:35,2024-01-06,224,47,Retail,PayPal,COUPONA-A-,12.29,AUD
411008,2024-01-06T12:35:45,2024-01-06,549,30,Retail,Afterpay,COUPON0--A,12.89,AUD
411099,2024-01-06T10:46:41,2024-01-06,17,14,Retail,Afterpay,COUPONA-9Z,13.72,AUD
411125,2024-01-06T01:48:59,2024-01-06,184,7,Retail,Credit Card,COUPON9AA-,15.97,AUD
411133,2024-01-06T06:05:49,2024-01-06,600,32,Retail,Credit Card,COUPON9Z0Z,8.12,AUD
411403,2024-01-06T11:30:11,2024-01-06,175,5,Retail,Afterpay,COUPONZ-A-,13.51,AUD
411449,2024-01-06T20:50:17,2024-01-06,430,25,Online,Afterpay,COUPONZZ9-,1.2,AUD
411454,2024-01-06T23:07:53,2024-01-06,722,27,Online,PayPal,COUPONAZ-0,5.87,AUD
411515,2024-01-06T13:12:13,2024-01-06,763,29,Online,Credit Card,COUPON0Z99,1.29,AUD
411525,2024-01-06T20:27:59,2024-01-06,252,6,Retail,Afterpay,COUPONZZ-A,15.86,AUD
411630,2024-01-06T05:41:07,2024-01-06,796,16,Online,Credit Card,COUPON9Z--,13.15,AUD
411682,2024-01-06T10:59:02,2024-01-06,203,4,Retail,Afterpay,COUPONAA--,10.42,AUD
411693,2024-01-06T16:33:20,2024-01-06,148,41,Retail,PayPal,COUPON90-0,12.56,AUD
411745,2024-01-06T00:24:11,2024-01-06,396,22,Online,Afterpay,COUPONA0A-,14.73,AUD
411763,2024-01-06T10:45:33,2024-01-06,250,41,Online,PayPal,COUPONZA--,7.38,AUD
411832,2024-01-06T18:13:29,2024-01-06,704,19,Retail,Afterpay,COUPONZ0--,2.88,AUD
411833,2024-01-06T08:58:10,2024-01-06,659,3,Retail,PayPal,COUPONAZA9,0.73,AUD
411926,2024-01-06T23:17:48,2024-01-06,530,8,Online,Afterpay,COUPON-9ZA,11.05,AUD
412004,2024-01-06T09:07:57,2024-01-06,275,7,Online,Afterpay,COUPONZA-Z,12.78,AUD
412054,2024-01-06T03:38:48,2024-01-06,674,1,Online,PayPal,COUPON9A--,17.77,AUD
412111,2024-01-06T03:25:43,2024-01-06,553,43,Retail,PayPal,COUPON--ZZ,2.58,AUD
412310,2024-01-06T22:59:31,2024-01-06,614,30,Retail,Afterpay,COUPON000-,6.59,AUD
412491,2024-01-06T06:42:35,2024-01-06,286,27,Retail,Afterpay,COUPONZ--9,4.18,AUD
412510,2024-01-06T16:24:07,2024-01-06,567,29,Retail,Credit Card,COUPONA---,9.19,AUD
412556,2024-01-06T21:08:47,2024-01-06,425,38,Online,Credit Card,COUPONZ-90,2.03,AUD
412712,2024-01-06T20:30:18,2024-01-06,468,34,Retail,Afterpay,COUPON999-,5.76,AUD
412739,2024-01-06T13:18:18,2024-01-06,799,33,Retail,PayPal,COUPONA0A-,1.97,AUD
412879,2024-01-06T10:14:39,2024-01-06,436,17,Online,PayPal,COUPONZ9ZA,13.31,AUD
412924,2024-01-06T09:39:17,2024-01-06,319,14,Online,PayPal,COUPONZAZ-,8.4,AUD
412962,2024-01-06T14:50:20,2024-01-06,149,5,Retail,Credit Card,COUPON-9-Z,4.22,AUD
413403,2024-01-06T17:58:52,2024-01-06,200,46,Online,PayPal,COUPON--9-,0.71,AUD
413538,2024-01-06T18:45:18,2024-01-06,598,30,Retail,Afterpay,COUPON-A9-,0.38,AUD
413546,2024-01-06T04:23:03,2024-01-06,3,46,Retail,Afterpay,COUPON0-Z-,15.85,AUD
413566,2024-01-06T02:23:06,2024-01-06,463,47,Online,Afterpay,COUPON999-,11.82,AUD
413705,2024-01-06T13:58:58,2024-01-06,566,25,Online,PayPal,COUPON-9Z-,5.51,AUD
413827,2024-01-06T19:23:35,2024-01-06,109,4,Retail,Afterpay,COUPON-AAA,13.89,AUD
413900,2024-01-06T15:58:31,2024-01-06,549,46,Online,Credit Card,COUPON990-,8.04,AUD
413989,2024-01-06T12:22:27,2024-01-06,742,17,Online,Credit Card,COUPON0-Z-,6.2,AUD
413990,2024-01-06T06:52:58,2024-01-06,171,21,Online,PayPal,COUPONA--0,4.11,AUD
414241,2024-01-06T21:16:01,2024-01-06,445,43,Retail,Credit Card,COUPON9ZA-,8.6,AUD
414339,2024-01-06T19:45:13,2024-01-06,172,46,Retail,PayPal,COUPON000A,16.54,AUD
414411,2024-01-06T23:08:14,2024-01-06,513,31,Retail,PayPal,COUPONZ-0-,6.13,AUD
414571,2024-01-06T11:18:36,2024-01-06,111,15,Retail,Afterpay,COUPON-09A,15.36,AUD
414686,2024-01-06T22:22:13,2024-01-06,626,20,Online,PayPal,COUPON0A-0,2.38,AUD
414724,2024-01-06T04:19:22,2024-01-06,775,16,Online,PayPal,COUPON9-0A,11.43,AUD
414954,2024-01-06T22:48:45,2024-01-06,650,14,Retail,Credit Card,COUPONA-AA,18.95,AUD
415093,2024-01-06T06:04:52,2024-01-06,12,24,Online,Afterpay,COUPONZZA-,12.49,AUD
415096,2024-01-06T14:06:51,2024-01-06,268,31,Retail,Credit Card,COUPON-A99,8.48,AUD
415217,2024-01-06T00:14:47,2024-01-06,732,13,Retail,Credit Card,COUPON0-ZZ,14.0,AUD
415306,2024-01-06T21:05:31,2024-01-06,609,12,Retail,Afterpay,COUPON-0ZZ,1.4,AUD
415371,2024-01-06T23:30:37,2024-01-06,526,25,Online,Afterpay,COUPON0-9Z,2.65,AUD
415422,2024-01-06T22:05:33,2024-01-06,487,45,Retail,Credit Card,COUPON99-A,12.19,AUD
415437,2024-01-06T13:09:08,2024-01-06,44,29,Online,Afterpay,COUPONA--9,9.48,AUD
415573,2024-01-06T22:33:38,2024-01-06,497,3,Retail,PayPal,COUPON9-Z0,14.32,AUD
415640,2024-01-06T10:34:26,2024-01-06,373,14,Online,Credit Card,COUPON9--A,10.35,AUD
415795,2024-01-06T08:16:47,2024-01-06,238,22,Retail,Afterpay,COUPON9-AA,3.22,AUD
415831,2024-01-06T14:03:32,2024-01-06,576,11,Retail,PayPal,COUPON0999,0.26,AUD
415874,2024-01-06T09:42:05,2024-01-06,255,48,Online,Credit Card,COUPON0--9,6.83,AUD
416179,2024-01-06T14:37:25,2024-01-06,378,5,Online,Afterpay,COUPON0---,15.38,AUD
416188,2024-01-06T19:36:23,2024-01-06,420,16,Online,Credit Card,COUPON9-Z0,10.08,AUD
416209,2024-01-06T01:21:52,2024-01-06,781,14,Online,Credit Card,COUPON099-,10.15,AUD
416222,2024-01-06T22:03:49,2024-01-06,626,40,Online,PayPal,COUPONAA9-,19.89,AUD
416424,2024-01-06T13:01:58,2024-01-06,389,24,Online,Afterpay,COUPON0-ZZ,1.49,AUD
416429,2024-01-06T21:32:28,2024-01-06,683,42,Online,PayPal,COUPONZ0A9,1.72,AUD
416671,2024-01-06T09:13:31,2024-01-06,404,16,Online,Credit Card,COUPON99-A,3.42,AUD
416674,2024-01-06T00:52:21,2024-01-06,579,35,Retail,PayPal,COUPON9ZA0,4.0,AUD
416692,2024-01-06T08:14:59,2024-01-06,315,30,Retail,PayPal,COUPON9--Z,13.88,AUD
416720,2024-01-06T05:19:24,2024-01-06,624,37,Retail,Credit Card,COUPONZ9AZ,16.17,AUD
416839,2024-01-06T11:18:17,2024-01-06,772,28,Retail,Credit Card,COUPON9-90,2.18,AUD
416885,2024-01-06T05:55:22,2024-01-06,690,9,Retail,Credit Card,COUPON-90-,2.47,AUD
416974,2024-01-06T15:19:41,2024-01-06,743,42,Retail,Afterpay,COUPON--0-,11.03,AUD
417201,2024-01-06T06:14:10,2024-01-06,19,38,Online,PayPal,COUPON90ZZ,0.43,AUD
417227,2024-01-06T23:05:34,2024-01-06,106,7,Online,PayPal,COUPON--Z-,6.06,AUD
417264,2024-01-06T21:09:49,2024-01-06,376,31,Retail,Credit Card,COUPON0999,13.15,AUD
417390,2024-01-06T07:46:34,2024-01-06,684,32,Retail,PayPal,COUPONZA-A,6.25,AUD
417621,2024-01-06T12:18:02,2024-01-06,90,37,Online,Afterpay,COUPON9-9A,9.39,AUD
417756,2024-01-06T11:48:27,2024-01-06,652,10,Online,Afterpay,COUPONA-ZA,0.04,AUD
417803,2024-01-06T20:31:29,2024-01-06,508,26,Retail,Credit Card,COUPON--0-,15.04,AUD
417881,2024-01-06T18:48:20,2024-01-06,476,13,Retail,PayPal,COUPON0ZAA,8.09,AUD
417933,2024-01-06T22:03:06,2024-01-06,552,29,Online,PayPal,COUPON99Z-,1.84,AUD
418043,2024-01-06T21:17:06,2024-01-06,37,7,Online,PayPal,COUPON90-9,10.58,AUD
418086,2024-01-06T09:55:37,2024-01-06,340,21,Retail,Credit Card,COUPON9---,11.49,AUD
418088,2024-01-06T01:34:26,2024-01-06,330,2,Retail,PayPal,COUPONZZA-,7.44,AUD
418107,2024-01-06T16:26:03,2024-01-06,724,46,Online,PayPal,COUPON90Z9,19.51,AUD
418176,2024-01-06T02:05:28,2024-01-06,9,9,Retail,Afterpay,COUPON-ZZ9,7.32,AUD
418443,2024-01-06T16:26:18,2024-01-06,281,48,Retail,Credit Card,COUPON--9-,4.26,AUD
418650,2024-01-06T13:33:53,2024-01-06,664,44,Online,Afterpay,COUPON999-,8.08,AUD
418716,2024-01-06T06:07:17,2024-01-06,173,37,Online,Credit Card,COUPON-99Z,13.41,AUD
418849,2024-01-06T06:52:31,2024-01-06,484,10,Online,PayPal,COUPONA--0,4.06,AUD
418884,2024-01-06T03:38:24,2024-01-06,291,2,Retail,Afterpay,COUPON--00,11.27,AUD
418938,2024-01-06T12:18:36,2024-01-06,782,5,Retail,PayPal,COUPONA9A-,8.71,AUD
419010,2024-01-06T06:28:22,2024-01-06,777,44,Retail,Credit Card,COUPON9Z-Z,18.59,AUD
419033,2024-01-06T18:40:29,2024-01-06,334,32,Online,Afterpay,COUPON99--,13.41,AUD
419153,2024-01-06T17:49:14,2024-01-06,229,22,Retail,PayPal,COUPONZ0-A,13.75,AUD
419390,2024-01-06T15:45:36,2024-01-06,302,4,Retail,PayPal,COUPON--Z-,3.22,AUD
419460,2024-01-06T14:41:29,2024-01-06,752,14,Online,Afterpay,COUPONA9A-,15.54,AUD
419484,2024-01-06T09:35:20,2024-01-06,452,49,Online,Credit Card,COUPON----,10.3,AUD
419537,2024-01-06T03:47:09,2024-01-06,123,21,Online,Credit Card,COUPON---A,8.12,AUD
419572,2024-01-06T13:34:01,2024-01-06,571,45,Retail,Credit Card,COUPONA-0A,18.72,AUD
419600,2024-01-06T09:25:51,2024-01-06,487,22,Online,Credit Card,COUPONA-Z9,1.99,AUD
419616,2024-01-06T20:27:28,2024-01-06,537,48,Online,PayPal,COUPON-9A-,17.81,AUD
419634,2024-01-06T11:02:17,2024-01-06,587,6,Retail,Credit Card,COUPON---A,12.48,AUD
419689,2024-01-06T10:58:01,2024-01-06,258,19,Retail,PayPal,COUPON90--,17.59,AUD
419783,2024-01-06T05:52:56,2024-01-06,446,33,Online,PayPal,COUPON0-0A,8.15,AUD
419862,2024-01-06T05:52:00,2024-01-06,138,31,Online,Credit Card,COUPON0-0-,9.71,AUD
419911,2024-01-06T15:31:01,2024-01-06,364,36,Retail,PayPal,COUPON-Z0-,9.95,AUD
419958,2024-01-06T08:37:46,2024-01-06,256,32,Retail,Afterpay,COUPONZ-90,18.76,AUD
420013,2024-01-06T13:01:14,2024-01-06,65,6,Online,PayPal,COUPON-ZZ-,10.73,AUD
420057,2024-01-06T17:18:01,2024-01-06,632,3,Online,Credit Card,COUPON-0-9,7.56,AUD
420252,2024-01-06T09:51:20,2024-01-06,288,10,Retail,Credit Card,COUPON---9,10.67,AUD
420300,2024-01-06T19:57:29,2024-01-06,187,36,Retail,Credit Card,COUPONA0AA,14.42,AUD
420324,2024-01-06T14:01:05,2024-01-06,767,47,Online,Credit Card,COUPON-A0-,9.9,AUD
420329,2024-01-06T10:34:44,2024-01-06,324,11,Retail,PayPal,COUPON00A-,16.22,AUD
420517,2024-01-06T17:37:53,2024-01-06,280,41,Retail,PayPal,COUPONAAA-,2.89,AUD
420551,2024-01-06T23:47:02,2024-01-06,600,20,Online,Credit Card,COUPON9-90,2.49,AUD
420554,2024-01-06T06:02:12,2024-01-06,783,7,Online,Afterpay,COUPON0--Z,18.44,AUD
420558,2024-01-06T06:27:23,2024-01-06,373,20,Online,Credit Card,COUPON09Z-,3.71,AUD
420755,2024-01-06T17:44:55,2024-01-06,642,44,Retail,PayPal,COUPONZ0A9,2.34,AUD
420780,2024-01-06T03:59:08,2024-01-06,680,22,Online,Afterpay,COUPONZ-AZ,9.6,AUD
420843,2024-01-06T14:42:55,2024-01-06,544,12,Retail,PayPal,COUPON-A-0,6.34,AUD
420870,2024-01-06T23:57:16,2024-01-06,736,45,Online,Credit Card,COUPON-Z9-,3.54,AUD
420898,2024-01-06T19:32:26,2024-01-06,322,49,Online,Credit Card,COUPON-00A,13.52,AUD
421012,2024-01-06T09:52:56,2024-01-06,47,44,Retail,PayPal,COUPON--ZZ,15.14,AUD
421056,2024-01-06T13:14:03,2024-01-06,361,20,Retail,Credit Card,COUPONAZAA,19.2,AUD
421158,2024-01-06T18:29:10,2024-01-06,686,1,Retail,PayPal,COUPON0A-9,6.11,AUD
421378,2024-01-06T01:44:23,2024-01-06,628,22,Retail,Afterpay,COUPONAA9-,3.33,AUD
421425,2024-01-06T11:13:03,2024-01-06,191,17,Online,Afterpay,COUPON9-AZ,8.25,AUD
421439,2024-01-06T14:58:46,2024-01-06,470,30,Retail,Afterpay,COUPON--A9,7.84,AUD
421543,2024-01-06T19:54:02,2024-01-06,214,13,Retail,Credit Card,COUPON0--A,18.29,AUD
422168,2024-01-06T19:38:32,2024-01-06,375,13,Retail,PayPal,COUPON-09-,9.33,AUD
422232,2024-01-06T19:53:50,2024-01-06,533,41,Retail,Credit Card,COUPON990A,3.98,AUD
422245,2024-01-06T20:47:38,2024-01-06,285,33,Online,Afterpay,COUPON-A99,6.94,AUD
422303,2024-01-06T12:11:06,2024-01-06,401,22,Online,PayPal,COUPON-A--,18.26,AUD
422328,2024-01-06T10:45:58,2024-01-06,758,2,Retail,Credit Card,COUPON09--,17.42,AUD
422372,2024-01-06T04:33:53,2024-01-06,195,7,Retail,Afterpay,COUPON0---,19.68,AUD
422612,2024-01-06T16:05:04,2024-01-06,320,33,Retail,PayPal,COUPON-ZZ0,9.23,AUD
422630,2024-01-06T22:57:26,2024-01-06,180,9,Online,PayPal,COUPON-0A-,9.07,AUD
422655,2024-01-06T10:46:29,2024-01-06,746,15,Retail,PayPal,COUPON9Z-A,12.49,AUD
422743,2024-01-06T12:32:07,2024-01-06,250,14,Online,Credit Card,COUPONZ990,5.19,AUD
422816,2024-01-06T19:41:42,2024-01-06,586,2,Online,Credit Card,COUPON0Z-9,1.51,AUD
422912,2024-01-06T11:17:54,2024-01-06,258,16,Retail,PayPal,COUPON-0AZ,15.18,AUD
422944,2024-01-06T15:48:34,2024-01-06,522,20,Retail,PayPal,COUPON90-Z,7.12,AUD
422998,2024-01-06T12:50:00,2024-01-06,203,44,Online,Credit Card,COUPON-9-0,9.22,AUD
423012,2024-01-06T03:12:33,2024-01-06,494,25,Online,Credit Card,COUPONAA0-,2.92,AUD
423062,2024-01-06T12:06:21,2024-01-06,397,33,Retail,Credit Card,COUPON--A-,12.41,AUD
423132,2024-01-06T18:51:24,2024-01-06,141,24,Retail,Credit Card,COUPONZ0--,9.21,AUD
423139,2024-01-06T17:36:28,2024-01-06,445,40,Online,PayPal,COUPONAZA-,4.42,AUD
423145,2024-01-06T09:46:41,2024-01-06,693,49,Retail,Afterpay,COUPON-A--,14.84,AUD
423243,2024-01-06T08:33:46,2024-01-06,533,2,Online,Credit Card,COUPONZ--0,14.41,AUD
423244,2024-01-06T10:03:19,2024-01-06,683,39,Retail,Credit Card,COUPONZ9Z-,1.27,AUD
423427,2024-01-06T13:26:44,2024-01-06,499,44,Retail,Afterpay,COUPON0990,13.94,AUD
423474,2024-01-06T06:44:04,2024-01-06,524,22,Online,Credit Card,COUPON-Z0A,1.62,AUD
423730,2024-01-06T21:49:13,2024-01-06,672,25,Retail,PayPal,COUPON09-A,4.25,AUD
423832,2024-01-06T00:25:22,2024-01-06,84,45,Online,Credit Card,COUPON--9-,6.27,AUD
424079,2024-01-06T10:21:18,2024-01-06,205,1,Online,Afterpay,COUPON-9Z0,10.17,AUD
424234,2024-01-06T10:54:41,2024-01-06,333,4,Online,PayPal,COUPONAA-0,4.31,AUD
424305,2024-01-06T12:02:40,2024-01-06,362,44,Retail,Afterpay,COUPON--A9,13.57,AUD
424323,2024-01-06T21:53:23,2024-01-06,583,9,Retail,PayPal,COUPON9A--,10.46,AUD
424327,2024-01-06T02:17:28,2024-01-06,611,36,Retail,Afterpay,COUPON--Z-,7.08,AUD
424745,2024-01-06T13:44:07,2024-01-06,427,6,Retail,Credit Card,COUPON0Z99,3.42,AUD
424791,2024-01-06T03:11:22,2024-01-06,482,33,Online,Afterpay,COUPON0---,16.7,AUD
424836,2024-01-06T14:34:56,2024-01-06,264,16,Online,Afterpay,COUPONZ9Z-,2.34,AUD
424941,2024-01-06T00:37:26,2024-01-06,231,37,Online,Credit Card,COUPON-A-Z,7.76,AUD
425038,2024-01-06T11:21:15,2024-01-06,168,26,Online,Afterpay,COUPON9Z0-,18.74,AUD
425273,2024-01-06T07:44:36,2024-01-06,231,20,Online,PayPal,COUPONA0-A,6.27,AUD
425314,2024-01-06T17:27:06,2024-01-06,445,37,Online,Afterpay,COUPON0ZA-,9.25,AUD
425318,2024-01-06T11:44:10,2024-01-06,48,28,Retail,PayPal,COUPON909A,17.48,AUD
425344,2024-01-06T14:06:14,2024-01-06,625,24,Retail,Credit Card,COUPON-0-0,19.19,AUD
425358,2024-01-06T09:27:44,2024-01-06,527,30,Online,Afterpay,COUPON--Z9,18.05,AUD
425478,2024-01-06T00:30:54,2024-01-06,495,26,Retail,Afterpay,COUPON-ZZ0,2.25,AUD
425584,2024-01-06T07:48:43,2024-01-06,169,6,Online,PayPal,COUPON09--,0.22,AUD
425632,2024-01-06T07:05:21,2024-01-06,533,40,Retail,Afterpay,COUPON0-9-,17.42,AUD
425656,2024-01-06T12:45:55,2024-01-06,716,49,Retail,Afterpay,COUPON--9A,10.49,AUD
425712,2024-01-06T10:16:26,2024-01-06,117,34,Online,Credit Card,COUPON99-9,16.1,AUD
425715,2024-01-06T06:57:32,2024-01-06,598,4,Online,Credit Card,COUPON0-A0,17.53,AUD
425717,2024-01-06T10:58:11,2024-01-06,183,17,Online,Afterpay,COUPON--9A,5.08,AUD
425802,2024-01-06T18:19:05,2024-01-06,466,48,Retail,Afterpay,COUPONA0ZZ,4.14,AUD
425857,2024-01-06T18:39:33,2024-01-06,217,33,Retail,Afterpay,COUPON99ZA,4.27,AUD
425967,2024-01-06T07:42:52,2024-01-06,777,27,Retail,Afterpay,COUPON9-09,5.39,AUD
426081,2024-01-06T03:26:43,2024-01-06,292,44,Retail,PayPal,COUPON9AA0,16.03,AUD
426221,2024-01-06T07:23:41,2024-01-06,776,2,Retail,PayPal,COUPON9---,10.18,AUD
426223,2024-01-06T00:54:33,2024-01-06,354,44,Online,Credit Card,COUPON--90,9.23,AUD
426426,2024-01-06T10:47:12,2024-01-06,584,15,Online,Afterpay,COUPONZ0-A,6.31,AUD
426487,2024-01-06T04:13:08,2024-01-06,565,20,Online,PayPal,COUPON---A,18.65,AUD
426550,2024-01-06T00:24:14,2024-01-06,500,1,Online,PayPal,COUPONAA0-,19.81,AUD
426569,2024-01-06T17:57:58,2024-01-06,674,46,Retail,PayPal,COUPON0-0A,18.58,AUD
426708,2024-01-06T01:45:27,2024-01-06,249,9,Retail,Credit Card,COUPON0-9A,15.58,AUD
426774,2024-01-06T06:03:47,2024-01-06,422,23,Online,Afterpay,COUPON-0Z0,11.89,AUD
426803,2024-01-06T04:44:23,2024-01-06,44,45,Online,Afterpay,COUPON090-,4.4,AUD
426951,2024-01-06T12:20:21,2024-01-06,329,16,Online,Afterpay,COUPON-0Z9,8.46,AUD
427011,2024-01-06T02:48:25,2024-01-06,21,37,Online,Afterpay,COUPONA9--,19.46,AUD
427329,2024-01-06T16:26:10,2024-01-06,23,2,Online,Credit Card,COUPON--ZZ,0.56,AUD
427341,2024-01-06T05:41:05,2024-01-06,89,37,Retail,Credit Card,COUPON---A,4.67,AUD
427400,2024-01-06T16:38:38,2024-01-06,311,47,Retail,Afterpay,COUPON0-0-,11.51,AUD
427460,2024-01-06T11:25:26,2024-01-06,267,30,Online,Afterpay,COUPON-AZZ,10.73,AUD
427602,2024-01-06T23:00:02,2024-01-06,708,46,Retail,Afterpay,COUPON-AA9,12.44,AUD
427632,2024-01-06T02:15:52,2024-01-06,273,8,Retail,Afterpay,COUPON0-A-,11.86,AUD
428176,2024-01-06T06:11:43,2024-01-06,515,1,Online,PayPal,COUPON--Z-,5.1,AUD
428215,2024-01-06T04:09:38,2024-01-06,672,38,Online,Afterpay,COUPON9--9,3.35,AUD
428467,2024-01-06T17:47:38,2024-01-06,443,23,Online,PayPal,COUPON-Z-Z,15.14,AUD
428545,2024-01-06T04:21:59,2024-01-06,48,42,Online,Credit Card,COUPON--A9,1.73,AUD
428833,2024-01-06T01:52:56,2024-01-06,627,48,Retail,Credit Card,COUPON-Z-9,13.98,AUD
428949,2024-01-06T10:38:48,2024-01-06,605,46,Online,PayPal,COUPON--AZ,19.44,AUD
428951,2024-01-06T06:50:16,2024-01-06,300,3,Retail,Credit Card,COUPONZ000,13.25,AUD
429103,2024-01-06T18:56:27,2024-01-06,586,25,Online,PayPal,COUPON----,5.73,AUD
429137,2024-01-06T04:10:48,2024-01-06,268,4,Online,PayPal,COUPON0--9,16.43,AUD
429256,2024-01-06T04:45:27,2024-01-06,440,20,Online,Credit Card,COUPON9---,7.49,AUD
429271,2024-01-06T11:08:37,2024-01-06,414,47,Retail,PayPal,COUPONA-ZZ,2.08,AUD
429295,2024-01-06T04:41:04,2024-01-06,35,30,Online,PayPal,COUPON-Z-A,14.26,AUD
429382,2024-01-06T17:03:54,2024-01-06,572,5,Retail,Afterpay,COUPON09-0,16.13,AUD
429436,2024-01-06T20:03:43,2024-01-06,406,32,Online,Credit Card,COUPON-A-9,9.35,AUD
429483,2024-01-06T10:22:06,2024-01-06,723,47,Retail,Afterpay,COUPONA90A,13.99,AUD
429523,2024-01-06T04:16:12,2024-01-06,316,20,Online,Credit Card,COUPON----,18.73,AUD
429548,2024-01-06T03:10:05,2024-01-06,355,41,Retail,Afterpay,COUPON9A0Z,15.02,AUD
429575,2024-01-06T14:53:14,2024-01-06,221,32,Retail,PayPal,COUPON909A,7.29,AUD
429722,2024-01-06T07:14:36,2024-01-06,259,21,Retail,Credit Card,COUPON----,8.55,AUD
429907,2024-01-06T08:31:16,2024-01-06,325,6,Online,PayPal,COUPON--Z0,16.68,AUD
429927,2024-01-06T22:48:32,2024-01-06,164,34,Retail,PayPal,COUPONZ--A,14.27,AUD
429999,2024-01-06T00:45:14,2024-01-06,678,45,Online,PayPal,COUPON-0A-,9.82,AUD
430065,2024-01-06T23:02:35,2024-01-06,377,25,Online,Afterpay,COUPON90AA,19.69,AUD
430155,2024-01-06T00:52:09,2024-01-06,131,25,Online,PayPal,COUPON9A0-,5.05,AUD
430267,2024-01-06T09:28:33,2024-01-06,695,22,Online,Credit Card,COUPON--Z-,16.16,AUD
430468,2024-01-06T09:12:12,2024-01-06,339,25,Retail,PayPal,COUPONZ9Z-,0.05,AUD
430503,2024-01-06T23:36:37,2024-01-06,258,46,Retail,PayPal,COUPON9A-9,19.58,AUD
430696,2024-01-06T21:21:44,2024-01-06,296,42,Retail,Credit Card,COUPON00Z-,2.78,AUD
430837,2024-01-06T05:24:04,2024-01-06,757,17,Retail,PayPal,COUPONZ9-A,13.89,AUD
430866,2024-01-06T16:18:03,2024-01-06,54,19,Retail,Afterpay,COUPON0A--,14.88,AUD
430930,2024-01-06T22:31:26,2024-01-06,681,45,Online,PayPal,COUPON0-00,6.84,AUD
431082,2024-01-06T15:05:28,2024-01-06,149,23,Online,Credit Card,COUPONZA0-,3.08,AUD
431380,2024-01-06T07:10:03,2024-01-06,61,25,Online,PayPal,COUPON-Z-Z,15.79,AUD
431437,2024-01-06T02:42:36,2024-01-06,630,18,Online,Credit Card,COUPON-Z9Z,10.69,AUD
431472,2024-01-06T20:18:31,2024-01-06,610,7,Online,Afterpay,COUPONA--Z,7.53,AUD
431647,2024-01-06T14:02:57,2024-01-06,500,6,Online,PayPal,COUPON99-0,15.65,AUD
431661,2024-01-06T02:56:37,2024-01-06,645,19,Online,Afterpay,COUPON9---,4.27,AUD
431791,2024-01-06T08:07:34,2024-01-06,798,7,Online,Credit Card,COUPONZA0-,12.57,AUD
431862,2024-01-06T10:23:27,2024-01-06,709,45,Retail,PayPal,COUPONA-0-,8.97,AUD
431884,2024-01-06T22:10:20,2024-01-06,8,45,Online,PayPal,COUPON-A-0,13.11,AUD
431996,2024-01-06T07:39:55,2024-01-06,279,29,Online,Afterpay,COUPONZ--Z,12.81,AUD
432034,2024-01-06T22:53:53,2024-01-06,515,9,Online,Afterpay,COUPON9A--,2.2,AUD
432091,2024-01-06T19:16:44,2024-01-06,724,20,Online,PayPal,COUPONAA-A,3.26,AUD
432193,2024-01-06T23:34:50,2024-01-06,150,39,Online,Afterpay,COUPON-AAA,7.47,AUD
432206,2024-01-06T15:38:01,2024-01-06,480,25,Retail,Afterpay,COUPON9-9Z,12.43,AUD
432271,2024-01-06T21:22:10,2024-01-06,370,2,Online,Credit Card,COUPONZ-ZA,18.06,AUD
432410,2024-01-06T23:27:25,2024-01-06,542,14,Retail,Credit Card,COUPONZ9-A,8.28,AUD
432483,2024-01-06T11:21:49,2024-01-06,513,45,Online,PayPal,COUPONZAA0,5.71,AUD
432543,2024-01-06T05:34:37,2024-01-06,208,21,Retail,Afterpay,COUPON9AA-,14.43,AUD
432559,2024-01-06T11:16:59,2024-01-06,377,3,Retail,Credit Card,COUPONZZZ-,12.72,AUD
432684,2024-01-06T00:38:06,2024-01-06,246,4,Online,Afterpay,COUPON---0,13.38,AUD
432727,2024-01-06T16:43:53,2024-01-06,610,35,Online,Credit Card,COUPON--99,19.93,AUD
432804,2024-01-06T09:49:47,2024-01-06,2,2,Retail,PayPal,COUPON-A9-,7.99,AUD
432816,2024-01-06T12:46:07,2024-01-06,409,25,Retail,Credit Card,COUPONA-9Z,17.37,AUD
433008,2024-01-06T13:42:49,2024-01-06,725,8,Retail,Afterpay,COUPON090A,12.3,AUD
433044,2024-01-06T13:53:25,2024-01-06,457,26,Online,PayPal,COUPON-ZZA,2.88,AUD
433065,2024-01-06T23:20:36,2024-01-06,99,33,Online,Credit Card,COUPON----,18.77,AUD
433167,2024-01-06T10:28:50,2024-01-06,568,36,Retail,PayPal,COUPONA--9,13.04,AUD
433247,2024-01-06T10:18:56,2024-01-06,764,3,Retail,Afterpay,COUPONA0A9,11.76,AUD
433350,2024-01-06T16:30:40,2024-01-06,273,19,Online,PayPal,COUPON0-9-,18.68,AUD
433468,2024-01-06T20:43:26,2024-01-06,14,25,Online,Afterpay,COUPON-0-Z,0.57,AUD
433582,2024-01-06T13:13:16,2024-01-06,68,13,Retail,Credit Card,COUPON9099,7.04,AUD
433726,2024-01-06T14:55:09,2024-01-06,64,26,Online,PayPal,COUPON9AAZ,8.41,AUD
433727,2024-01-06T04:26:43,2024-01-06,2,41,Retail,PayPal,COUPON-AA-,1.63,AUD
433934,2024-01-06T11:51:29,2024-01-06,394,32,Online,PayPal,COUPON0-Z9,11.87,AUD
434132,2024-01-06T13:03:37,2024-01-06,317,34,Online,PayPal,COUPON09-A,0.7,AUD
434153,2024-01-06T16:39:21,2024-01-06,390,39,Online,Credit Card,COUPON0AA0,18.58,AUD
434320,2024-01-06T15:25:06,2024-01-06,655,23,Online,Afterpay,COUPON-ZZ-,7.57,AUD
434386,2024-01-06T11:35:33,2024-01-06,190,11,Online,PayPal,COUPON0000,5.33,AUD
434509,2024-01-06T18:22:29,2024-01-06,49,10,Online,Credit Card,COUPON0A99,16.75,AUD
434561,2024-01-06T06:08:42,2024-01-06,787,20,Online,Credit Card,COUPON0A-9,12.52,AUD
434870,2024-01-06T22:39:01,2024-01-06,713,1,Retail,Credit Card,COUPON-AZ0,15.06,AUD
434954,2024-01-06T06:32:54,2024-01-06,455,48,Retail,PayPal,COUPON-9-0,13.18,AUD
435197,2024-01-06T00:34:00,2024-01-06,518,6,Online,Credit Card,COUPONZ0Z9,1.58,AUD
435209,2024-01-06T14:10:03,2024-01-06,649,5,Retail,Credit Card,COUPONAAA9,5.48,AUD
435375,2024-01-06T08:20:43,2024-01-06,669,22,Online,Credit Card,COUPONZZZA,19.65,AUD
435411,2024-01-06T10:42:17,2024-01-06,279,28,Online,PayPal,COUPON--9-,12.4,AUD
435547,2024-01-06T04:45:27,2024-01-06,24,39,Online,PayPal,COUPONZA9-,16.56,AUD
435607,2024-01-06T19:33:28,2024-01-06,263,13,Retail,PayPal,COUPONZ9ZA,7.94,AUD
435652,2024-01-06T16:15:42,2024-01-06,331,28,Retail,PayPal,COUPON9--9,7.26,AUD
435658,2024-01-06T14:08:56,2024-01-06,252,37,Retail,Credit Card,COUPONZ-99,11.49,AUD
435789,2024-01-06T05:45:36,2024-01-06,603,33,Online,Credit Card,COUPONA09A,9.57,AUD
435917,2024-01-06T05:32:09,2024-01-06,308,40,Retail,Afterpay,COUPON0---,10.38,AUD
435940,2024-01-06T02:14:10,2024-01-06,277,2,Retail,Afterpay,COUPON00A-,5.55,AUD
435964,2024-01-06T08:59:27,2024-01-06,592,40,Retail,Afterpay,COUPONA---,14.67,AUD
435973,2024-01-06T14:22:07,2024-01-06,655,48,Online,PayPal,COUPON0---,16.62,AUD
436034,2024-01-06T01:02:24,2024-01-06,296,34,Online,Credit Card,COUPON-ZZ-,4.5,AUD
436035,2024-01-06T17:04:53,2024-01-06,756,47,Online,Credit Card,COUPONZ9-Z,12.33,AUD
436070,2024-01-06T11:15:20,2024-01-06,567,36,Online,Credit Card,COUPON0-00,8.1,AUD
436103,2024-01-06T22:26:24,2024-01-06,457,44,Retail,PayPal,COUPON-9-9,8.27,AUD
436112,2024-01-06T03:23:47,2024-01-06,615,2,Retail,Afterpay,COUPONA---,2.41,AUD
436202,2024-01-06T04:57:27,2024-01-06,724,22,Online,Credit Card,COUPON0-A9,6.18,AUD
436428,2024-01-06T18:18:33,2024-01-06,489,31,Online,Credit Card,COUPON9-99,17.95,AUD
436450,2024-01-06T19:15:17,2024-01-06,48,24,Online,PayPal,COUPONZ0-A,0.58,AUD
436485,2024-01-06T07:10:47,2024-01-06,767,39,Retail,Afterpay,COUPON9A99,14.03,AUD
436490,2024-01-06T11:30:33,2024-01-06,594,10,Retail,Afterpay,COUPON0909,19.77,AUD
436747,2024-01-06T18:32:13,2024-01-06,616,43,Online,Credit Card,COUPON-9--,5.21,AUD
436763,2024-01-06T14:23:46,2024-01-06,600,48,Online,Credit Card,COUPON000A,18.9,AUD
436769,2024-01-06T02:46:18,2024-01-06,314,4,Online,Credit Card,COUPON909-,15.78,AUD
436848,2024-01-06T22:04:58,2024-01-06,613,2,Online,PayPal,COUPON0A0-,2.39,AUD
436958,2024-01-06T01:05:21,2024-01-06,125,5,Retail,Credit Card,COUPONA0AA,17.62,AUD
436977,2024-01-06T11:40:40,2024-01-06,94,11,Online,PayPal,COUPON---Z,7.04,AUD
437080,2024-01-06T02:23:59,2024-01-06,409,37,Online,Afterpay,COUPON-Z9-,19.85,AUD
437108,2024-01-06T14:03:38,2024-01-06,188,23,Online,Credit Card,COUPONZ-A0,11.6,AUD
437128,2024-01-06T20:05:15,2024-01-06,686,27,Retail,Afterpay,COUPON-AA9,18.46,AUD
437207,2024-01-06T10:55:41,2024-01-06,76,33,Online,PayPal,COUPONA---,6.15,AUD
437216,2024-01-06T02:41:47,2024-01-06,311,40,Online,PayPal,COUPON09A0,12.25,AUD
437482,2024-01-06T14:53:58,2024-01-06,374,46,Online,Credit Card,COUPON-909,16.3,AUD
437572,2024-01-06T21:14:21,2024-01-06,339,32,Retail,PayPal,COUPON0ZZ-,10.63,AUD
437617,2024-01-06T21:49:27,2024-01-06,735,10,Online,Credit Card,COUPON--0-,11.74,AUD
437621,2024-01-06T15:21:29,2024-01-06,281,38,Retail,PayPal,COUPON-90A,0.54,AUD
437699,2024-01-06T19:22:21,2024-01-06,586,14,Retail,Credit Card,COUPON-00-,8.89,AUD
437792,2024-01-06T16:12:05,2024-01-06,144,35,Retail,Afterpay,COUPON0000,0.79,AUD
437896,2024-01-06T15:23:46,2024-01-06,343,27,Retail,Afterpay,COUPONA9-0,0.3,AUD
437922,2024-01-06T03:03:24,2024-01-06,793,45,Online,Credit Card,COUPON-0A9,14.72,AUD
437952,2024-01-06T19:43:22,2024-01-06,546,40,Online,Credit Card,COUPONA9Z-,2.67,AUD
438078,2024-01-06T07:08:53,2024-01-06,124,42,Online,Afterpay,COUPON-ZA9,9.4,AUD
438201,2024-01-06T02:29:31,2024-01-06,293,40,Retail,Afterpay,COUPON-0-9,7.47,AUD
438267,2024-01-06T23:45:09,2024-01-06,424,43,Online,Credit Card,COUPONZ0A9,8.36,AUD
438372,2024-01-06T00:31:54,2024-01-06,288,20,Online,PayPal,COUPON-Z0-,16.47,AUD
438396,2024-01-06T20:51:08,2024-01-06,81,36,Online,Afterpay,COUPON--Z9,19.31,AUD
438456,2024-01-06T10:22:17,2024-01-06,790,9,Retail,Credit Card,COUPONZZAA,11.4,AUD
438465,2024-01-06T02:00:40,2024-01-06,228,2,Retail,PayPal,COUPON999A,9.34,AUD
438472,2024-01-06T08:17:00,2024-01-06,14,39,Online,Afterpay,COUPON-0A0,15.93,AUD
438517,2024-01-06T17:44:14,2024-01-06,610,29,Retail,Credit Card,COUPON-9--,15.06,AUD
438662,2024-01-06T14:56:46,2024-01-06,565,33,Online,Afterpay,COUPON0-09,7.08,AUD
438703,2024-01-06T15:43:24,2024-01-06,88,19,Online,Credit Card,COUPON0-Z9,15.69,AUD
438704,2024-01-06T17:31:05,2024-01-06,574,17,Retail,PayPal,COUPONZAZ0,5.27,AUD
438723,2024-01-06T15:58:39,2024-01-06,38,39,Online,PayPal,COUPON09Z0,4.78,AUD
438837,2024-01-06T16:45:32,2024-01-06,72,29,Online,Afterpay,COUPON-0-9,11.66,AUD
438841,2024-01-06T23:48:41,2024-01-06,536,24,Online,Credit Card,COUPONA0Z-,11.72,AUD
438846,2024-01-06T01:38:00,2024-01-06,637,24,Retail,Credit Card,COUPON0-0Z,2.4,AUD
439031,2024-01-06T00:46:24,2024-01-06,500,9,Online,Afterpay,COUPONA--Z,16.92,AUD
439238,2024-01-06T04:23:23,2024-01-06,194,33,Retail,Credit Card,COUPON0ZAA,0.77,AUD
439474,2024-01-06T05:20:11,2024-01-06,60,44,Retail,Afterpay,COUPON-A-0,17.72,AUD
439530,2024-01-06T17:51:29,2024-01-06,39,10,Retail,PayPal,COUPON-A-0,10.17,AUD
439551,2024-01-06T00:19:26,2024-01-06,770,45,Retail,Credit Card,COUPON0-00,2.15,AUD
439762,2024-01-06T06:00:40,2024-01-06,603,39,Retail,PayPal,COUPON0Z09,3.12,AUD
439792,2024-01-06T17:24:27,2024-01-06,235,14,Online,Afterpay,COUPONAZAZ,17.39,AUD
439800,2024-01-06T22:23:31,2024-01-06,208,11,Retail,PayPal,COUPON09ZZ,4.02,AUD
439882,2024-01-06T21:50:41,2024-01-06,312,45,Online,Afterpay,COUPON9A0-,6.75,AUD
439892,2024-01-06T15:20:36,2024-01-06,295,38,Online,Credit Card,COUPONA-Z-,16.03,AUD
440001,2024-01-06T16:43:46,2024-01-06,142,29,Online,PayPal,COUPONA9Z-,5.05,AUD
440089,2024-01-06T15:03:58,2024-01-06,738,42,Online,Credit Card,COUPONAA99,0.06,AUD
440107,2024-01-06T05:57:16,2024-01-06,200,23,Online,Afterpay,COUPON--ZA,14.72,AUD
440315,2024-01-06T22:15:11,2024-01-06,129,39,Retail,Credit Card,COUPON9-A-,12.65,AUD
440711,2024-01-06T17:26:11,2024-01-06,336,5,Online,PayPal,COUPONA09-,4.72,AUD
440758,2024-01-06T02:43:48,2024-01-06,240,13,Retail,PayPal,COUPON--99,14.65,AUD
440785,2024-01-06T18:04:28,2024-01-06,164,16,Retail,PayPal,COUPON9A0Z,8.47,AUD
440852,2024-01-06T03:05:16,2024-01-06,100,29,Retail,PayPal,COUPON99-9,6.18,AUD
440864,2024-01-06T11:45:28,2024-01-06,74,8,Retail,PayPal,COUPONAZ-Z,6.06,AUD
440903,2024-01-06T17:52:36,2024-01-06,553,37,Online,PayPal,COUPONA-Z-,16.37,AUD
440933,2024-01-06T19:13:11,2024-01-06,750,21,Retail,PayPal,COUPON9A-Z,14.45,AUD
441009,2024-01-06T03:46:01,2024-01-06,510,15,Retail,PayPal,COUPONAAAZ,14.68,AUD
441030,2024-01-06T08:11:17,2024-01-06,264,20,Online,PayPal,COUPON009-,19.22,AUD
441064,2024-01-06T18:59:10,2024-01-06,522,41,Online,Afterpay,COUPON9--Z,18.89,AUD
441109,2024-01-06T01:11:55,2024-01-06,789,25,Retail,Credit Card,COUPON--0-,7.62,AUD
441117,2024-01-06T06:07:53,2024-01-06,305,23,Retail,Credit Card,COUPON0-09,9.4,AUD
441309,2024-01-06T11:07:16,2024-01-06,731,13,Online,PayPal,COUPONZAA-,0.53,AUD
441316,2024-01-06T09:33:27,2024-01-06,282,48,Online,Credit Card,COUPON-0-Z,12.06,AUD
441446,2024-01-06T17:23:13,2024-01-06,618,32,Online,PayPal,COUPON---0,15.57,AUD
441515,2024-01-06T22:34:55,2024-01-06,87,21,Online,Afterpay,COUPONZ-90,15.83,AUD
441526,2024-01-06T06:08:01,2024-01-06,198,36,Online,PayPal,COUPON9-00,6.96,AUD
441601,2024-01-06T05:43:36,2024-01-06,147,49,Retail,Credit Card,COUPON-9AZ,11.11,AUD
441639,2024-01-06T09:32:21,2024-01-06,534,22,Online,Credit Card,COUPON-Z9-,5.09,AUD
441648,2024-01-06T22:05:07,2024-01-06,673,35,Retail,Credit Card,COUPON-900,11.04,AUD
442054,2024-01-06T06:35:15,2024-01-06,477,17,Retail,Credit Card,COUPON--Z-,0.28,AUD
442079,2024-01-06T19:02:43,2024-01-06,17,2,Retail,Credit Card,COUPON-AA9,10.46,AUD
442149,2024-01-06T22:29:04,2024-01-06,94,9,Retail,Credit Card,COUPONA0A-,16.3,AUD
442269,2024-01-06T22:31:40,2024-01-06,552,37,Retail,Afterpay,COUPONZ90-,4.23,AUD
442433,2024-01-06T13:43:37,2024-01-06,1,19,Online,Credit Card,COUPON--ZZ,15.42,AUD
442493,2024-01-06T18:36:35,2024-01-06,685,6,Online,Credit Card,COUPONA-AZ,0.23,AUD
442656,2024-01-06T03:31:28,2024-01-06,368,6,Retail,PayPal,COUPON--0Z,13.83,AUD
442774,2024-01-06T14:50:35,2024-01-06,778,20,Retail,Credit Card,COUPON--AA,2.03,AUD
442795,2024-01-06T11:22:30,2024-01-06,97,31,Retail,Afterpay,COUPON000Z,0.65,AUD
442799,2024-01-06T22:46:37,2024-01-06,610,41,Online,PayPal,COUPONA0AZ,17.34,AUD
442819,2024-01-06T04:09:22,2024-01-06,150,37,Retail,Credit Card,COUPON-0Z-,6.35,AUD
442915,2024-01-06T16:49:34,2024-01-06,74,41,Online,Afterpay,COUPON00A-,2.29,AUD
442946,2024-01-06T08:34:52,2024-01-06,598,24,Online,Credit Card,COUPON90A-,10.78,AUD
443020,2024-01-06T07:16:46,2024-01-06,505,29,Online,Credit Card,COUPON099A,15.85,AUD
443158,2024-01-06T09:13:19,2024-01-06,130,36,Online,PayPal,COUPON-09-,13.0,AUD
443281,2024-01-06T15:20:07,2024-01-06,216,35,Retail,PayPal,COUPON-Z0Z,6.56,AUD
443334,2024-01-06T19:11:40,2024-01-06,720,16,Online,PayPal,COUPON90-9,7.59,AUD
443400,2024-01-06T18:37:46,2024-01-06,209,32,Retail,PayPal,COUPON-99A,0.25,AUD
443559,2024-01-06T04:13:35,2024-01-06,159,25,Online,PayPal,COUPONAA0-,3.1,AUD
443864,2024-01-06T12:48:13,2024-01-06,80,26,Online,PayPal,COUPON-A0-,12.94,AUD
444123,2024-01-06T08:20:37,2024-01-06,205,16,Retail,Credit Card,COUPONA00-,10.17,AUD
444263,2024-01-06T08:27:43,2024-01-06,636,18,Online,Afterpay,COUPON00ZZ,18.97,AUD
444482,2024-01-06T14:27:23,2024-01-06,309,5,Retail,PayPal,COUPONZ--0,12.4,AUD
444536,2024-01-06T00:40:07,2024-01-06,115,44,Online,PayPal,COUPON-0A0,8.95,AUD
444553,2024-01-06T19:22:19,2024-01-06,58,18,Online,Afterpay,COUPONZ0A0,2.34,AUD
444597,2024-01-06T21:28:26,2024-01-06,393,18,Retail,Credit Card,COUPON0--9,11.48,AUD
444876,2024-01-06T10:03:32,2024-01-06,251,12,Retail,Afterpay,COUPONA-A-,8.35,AUD
444889,2024-01-06T23:15:09,2024-01-06,343,3,Online,Afterpay,COUPON-Z00,17.69,AUD
444997,2024-01-06T08:00:26,2024-01-06,637,24,Online,Credit Card,COUPON90A-,9.78,AUD
445159,2024-01-06T23:08:36,2024-01-06,448,6,Online,Afterpay,COUPON-0-9,2.99,AUD
445261,2024-01-06T07:07:47,2024-01-06,518,36,Online,Credit Card,COUPON-09-,9.97,AUD
445431,2024-01-06T11:20:55,2024-01-06,771,37,Retail,PayPal,COUPON9ZA-,4.83,AUD
445785,2024-01-06T14:46:39,2024-01-06,654,13,Online,PayPal,COUPON9Z0A,11.89,AUD
445879,2024-01-06T12:06:54,2024-01-06,49,13,Retail,Credit Card,COUPON-00Z,2.12,AUD
445914,2024-01-06T13:03:24,2024-01-06,372,45,Retail,PayPal,COUPON-09-,0.78,AUD
446093,2024-01-06T17:44:00,2024-01-06,679,33,Online,Credit Card,COUPONZZ-Z,4.26,AUD
446311,2024-01-06T21:57:44,2024-01-06,706,1,Online,Afterpay,COUPON90ZZ,10.81,AUD
446326,2024-01-06T12:58:22,2024-01-06,318,4,Online,PayPal,COUPONZ9A-,0.9,AUD
446390,2024-01-06T20:21:17,2024-01-06,640,22,Retail,Credit Card,COUPON-0-Z,17.7,AUD
446579,2024-01-06T18:17:13,2024-01-06,710,8,Retail,Afterpay,COUPONZ-0Z,14.77,AUD
446650,2024-01-06T05:32:11,2024-01-06,482,44,Online,Afterpay,COUPON-Z00,5.43,AUD
446814,2024-01-06T04:22:19,2024-01-06,420,34,Online,Afterpay,COUPON-A90,17.86,AUD
446928,2024-01-06T04:29:35,2024-01-06,216,46,Retail,Afterpay,COUPON-Z99,17.26,AUD
446983,2024-01-06T02:44:19,2024-01-06,334,14,Online,PayPal,COUPON9AZ-,15.27,AUD
447015,2024-01-06T14:45:11,2024-01-06,420,6,Online,PayPal,COUPON900-,3.22,AUD
447128,2024-01-06T22:07:02,2024-01-06,361,49,Retail,Credit Card,COUPON9ZA-,7.31,AUD
447259,2024-01-06T12:46:39,2024-01-06,55,14,Retail,Afterpay,COUPON-00Z,16.46,AUD
447317,2024-01-06T20:40:55,2024-01-06,320,14,Retail,PayPal,COUPON-A9A,3.06,AUD
447343,2024-01-06T12:31:15,2024-01-06,314,29,Retail,PayPal,COUPON99--,10.41,AUD
447464,2024-01-06T05:02:38,2024-01-06,320,2,Online,Afterpay,COUPON-0Z0,4.14,AUD
447550,2024-01-06T02:57:00,2024-01-06,398,12,Online,Afterpay,COUPONAAA9,16.46,AUD
447596,2024-01-06T21:26:08,2024-01-06,375,26,Online,PayPal,COUPON0---,16.33,AUD
447637,2024-01-06T21:14:48,2024-01-06,152,32,Online,PayPal,COUPON0Z90,11.0,AUD
447733,2024-01-06T19:22:53,2024-01-06,66,7,Retail,PayPal,COUPON-AA9,4.43,AUD
447792,2024-01-06T20:36:23,2024-01-06,779,28,Retail,Afterpay,COUPONAZ09,8.88,AUD
447803,2024-01-06T05:02:20,2024-01-06,455,49,Retail,PayPal,COUPON-AZ-,15.72,AUD
447815,2024-01-06T16:08:08,2024-01-06,173,3,Retail,Afterpay,COUPONA9--,14.62,AUD
447944,2024-01-06T12:08:07,2024-01-06,3,32,Retail,Credit Card,COUPON-90-,13.07,AUD
447979,2024-01-06T10:50:07,2024-01-06,55,30,Online,Credit Card,COUPON-0-A,12.32,AUD
448099,2024-01-06T15:42:26,2024-01-06,411,18,Retail,PayPal,COUPONZ9--,18.41,AUD
448166,2024-01-06T20:41:06,2024-01-06,162,39,Online,PayPal,COUPON0-A0,17.98,AUD
448231,2024-01-06T23:15:37,2024-01-06,81,6,Retail,Credit Card,COUPONZZ0-,5.28,AUD
448310,2024-01-06T12:54:21,2024-01-06,358,8,Retail,Credit Card,COUPONA-ZZ,5.39,AUD
448352,2024-01-06T19:13:05,2024-01-06,484,16,Retail,PayPal,COUPON09AZ,8.92,AUD
448457,2024-01-06T06:17:08,2024-01-06,359,18,Online,Credit Card,COUPON9A09,3.33,AUD
448466,2024-01-06T01:09:58,2024-01-06,444,43,Retail,PayPal,COUPON--A-,2.19,AUD
448524,2024-01-06T15:03:14,2024-01-06,13,44,Retail,Afterpay,COUPONZA--,7.69,AUD
448541,2024-01-06T01:56:08,2024-01-06,584,18,Online,Credit Card,COUPONZZZ9,17.19,AUD
448658,2024-01-06T05:21:37,2024-01-06,7,21,Retail,Credit Card,COUPON--ZA,8.07,AUD
448687,2024-01-06T15:09:25,2024-01-06,507,46,Retail,Credit Card,COUPON9Z-Z,18.71,AUD
448836,2024-01-06T14:32:24,2024-01-06,738,12,Online,PayPal,COUPONAZ-Z,12.5,AUD
448892,2024-01-06T03:59:37,2024-01-06,69,24,Retail,PayPal,COUPON0-9-,8.08,AUD
449129,2024-01-06T12:50:38,2024-01-06,617,47,Online,PayPal,COUPON-ZA0,15.72,AUD
449176,2024-01-06T10:57:48,2024-01-06,83,3,Online,PayPal,COUPONZZZZ,2.48,AUD
449331,2024-01-06T12:10:16,2024-01-06,412,13,Online,Afterpay,COUPON-A-A,17.47,AUD
449416,2024-01-06T18:24:49,2024-01-06,552,13,Retail,Credit Card,COUPON9-09,1.69,AUD
449467,2024-01-06T00:28:45,2024-01-06,365,40,Retail,Afterpay,COUPONZ-00,5.68,AUD
449529,2024-01-06T22:50:26,2024-01-06,413,14,Online,Credit Card,COUPONA--Z,2.96,AUD
449542,2024-01-06T16:27:11,2024-01-06,352,43,Retail,PayPal,COUPON0ZAZ,11.76,AUD
449565,2024-01-06T21:01:15,2024-01-06,546,29,Online,Credit Card,COUPON00-A,7.77,AUD
449569,2024-01-06T01:47:41,2024-01-06,72,31,Online,Credit Card,COUPON0Z--,12.45,AUD
449614,2024-01-06T05:18:44,2024-01-06,242,34,Online,Credit Card,COUPON09-Z,10.59,AUD
449662,2024-01-06T11:12:50,2024-01-06,464,30,Retail,Credit Card,COUPON0---,15.45,AUD
449731,2024-01-06T13:47:52,2024-01-06,131,41,Online,PayPal,COUPONAZ-9,8.83,AUD
449780,2024-01-06T12:17:38,2024-01-06,472,13,Retail,Afterpay,COUPON0-Z0,14.69,AUD
449810,2024-01-06T04:54:19,2024-01-06,254,44,Retail,Afterpay,COUPONAZZ0,19.09,AUD
449953,2024-01-06T00:44:30,2024-01-06,521,38,Retail,Credit Card,COUPONA09Z,8.48,AUD
449982,2024-01-06T16:15:22,2024-01-06,242,12,Online,Credit Card,COUPON----,18.35,AUD
450128,2024-01-06T19:19:50,2024-01-06,102,27,Online,PayPal,COUPON99ZZ,6.05,AUD
450367,2024-01-06T11:04:33,2024-01-06,32,19,Retail,Afterpay,COUPON0ZZZ,0.91,AUD
450368,2024-01-06T16:30:16,2024-01-06,61,26,Online,PayPal,COUPONZ9--,18.13,AUD
450464,2024-01-06T02:24:28,2024-01-06,255,20,Online,Credit Card,COUPON9AAA,13.79,AUD
450484,2024-01-06T00:37:40,2024-01-06,777,16,Online,Afterpay,COUPON--Z0,1.55,AUD
450688,2024-01-06T17:06:04,2024-01-06,769,18,Online,Credit Card,COUPONAZZ0,16.22,AUD
450741,2024-01-06T06:16:25,2024-01-06,457,12,Retail,Afterpay,COUPON-AZ-,7.56,AUD
450790,2024-01-06T03:50:14,2024-01-06,664,12,Online,Afterpay,COUPON-099,3.38,AUD
450833,2024-01-06T01:39:28,2024-01-06,68,40,Retail,Credit Card,COUPON--0-,13.48,AUD
450896,2024-01-06T08:23:35,2024-01-06,755,23,Online,Afterpay,COUPON----,1.36,AUD
451110,2024-01-06T03:14:57,2024-01-06,766,26,Online,PayPal,COUPON09Z-,19.88,AUD
451144,2024-01-06T17:43:45,2024-01-06,35,7,Retail,Credit Card,COUPON-ZA9,2.81,AUD
451172,2024-01-06T07:18:30,2024-01-06,148,31,Retail,Afterpay,COUPONZA9A,0.1,AUD
451281,2024-01-06T14:42:44,2024-01-06,795,15,Online,Afterpay,COUPON--A0,5.67,AUD
451388,2024-01-06T07:06:23,2024-01-06,550,43,Retail,Afterpay,COUPONZZ-A,19.5,AUD
451410,2024-01-06T01:49:32,2024-01-06,487,5,Online,Credit Card,COUPON990-,18.82,AUD
451413,2024-01-06T15:20:52,2024-01-06,719,28,Online,Afterpay,COUPONA0Z0,13.61,AUD
451458,2024-01-06T16:18:04,2024-01-06,763,46,Online,Credit Card,COUPON--Z0,6.1,AUD
451795,2024-01-06T06:43:39,2024-01-06,291,10,Retail,PayPal,COUPONZ9ZZ,10.12,AUD
451807,2024-01-06T05:20:18,2024-01-06,487,21,Online,Credit Card,COUPON---0,14.92,AUD
451934,2024-01-06T18:05:23,2024-01-06,202,2,Online,Afterpay,COUPON-A-A,9.98,AUD
452132,2024-01-06T20:58:27,2024-01-06,99,27,Retail,Afterpay,COUPON09--,10.97,AUD
452193,2024-01-06T07:01:11,2024-01-06,172,17,Online,PayPal,COUPON0-09,5.78,AUD
452216,2024-01-06T19:08:24,2024-01-06,88,10,Online,PayPal,COUPON----,7.25,AUD
452567,2024-01-06T22:28:34,2024-01-06,334,11,Online,Credit Card,COUPON-A9-,4.34,AUD
452803,2024-01-06T06:23:03,2024-01-06,131,23,Retail,Credit Card,COUPON-ZZA,4.56,AUD
452808,2024-01-06T06:44:57,2024-01-06,385,40,Retail,Credit Card,COUPON99-A,18.72,AUD
452870,2024-01-06T05:52:00,2024-01-06,764,13,Retail,Credit Card,COUPONZ-0-,13.68,AUD
453053,2024-01-06T21:12:38,2024-01-06,646,28,Online,Afterpay,COUPONA-0A,7.14,AUD
453155,2024-01-06T08:51:15,2024-01-06,166,5,Online,PayPal,COUPONAZA-,11.19,AUD
453206,2024-01-06T13:41:22,2024-01-06,602,12,Online,Afterpay,COUPON--A-,6.27,AUD
453260,2024-01-06T10:03:58,2024-01-06,782,44,Online,Afterpay,COUPON-900,12.11,AUD
453281,2024-01-06T17:31:07,2024-01-06,713,3,Retail,Afterpay,COUPON9--A,11.65,AUD
453424,2024-01-06T18:05:55,2024-01-06,207,44,Retail,Afterpay,COUPONZ99-,18.21,AUD
453510,2024-01-06T17:10:30,2024-01-06,414,39,Online,Afterpay,COUPON----,5.89,AUD
453728,2024-01-06T15:34:06,2024-01-06,287,11,Online,Credit Card,COUPON9-Z0,6.06,AUD
453786,2024-01-06T05:06:55,2024-01-06,521,33,Online,Afterpay,COUPONZ--9,12.53,AUD
453798,2024-01-06T22:36:51,2024-01-06,16,9,Online,Credit Card,COUPON-9--,12.93,AUD
453983,2024-01-06T00:08:09,2024-01-06,791,35,Retail,Afterpay,COUPONAZ-A,4.31,AUD
454027,2024-01-06T08:21:54,2024-01-06,789,48,Retail,Afterpay,COUPONAZ--,3.69,AUD
454138,2024-01-06T06:47:24,2024-01-06,498,14,Online,PayPal,COUPON-9A0,19.25,AUD
454154,2024-01-06T03:54:51,2024-01-06,250,19,Retail,Credit Card,COUPON--Z9,0.15,AUD
454256,2024-01-06T04:31:36,2024-01-06,637,36,Online,Credit Card,COUPONA00A,0.85,AUD
454265,2024-01-06T18:52:50,2024-01-06,696,24,Online,PayPal,COUPONA---,8.55,AUD
454626,2024-01-06T03:23:50,2024-01-06,789,37,Online,Credit Card,COUPON-Z--,9.02,AUD
454685,2024-01-06T09:57:49,2024-01-06,333,4,Retail,Credit Card,COUPON90-0,18.35,AUD
454773,2024-01-06T16:41:43,2024-01-06,144,44,Online,Afterpay,COUPON--0A,7.77,AUD
454798,2024-01-06T10:25:41,2024-01-06,154,5,Retail,PayPal,COUPON0-A-,16.58,AUD
454948,2024-01-06T05:23:15,2024-01-06,778,14,Retail,PayPal,COUPON-9--,8.8,AUD
455044,2024-01-06T19:54:14,2024-01-06,626,23,Online,Afterpay,COUPON0ZZ-,15.84,AUD
455387,2024-01-06T02:45:57,2024-01-06,375,12,Online,PayPal,COUPON9Z9-,11.21,AUD
455453,2024-01-06T20:25:44,2024-01-06,502,14,Online,PayPal,COUPON0-ZZ,7.81,AUD
455480,2024-01-06T00:32:31,2024-01-06,673,30,Retail,PayPal,COUPONZ0A-,19.95,AUD
455568,2024-01-06T05:11:35,2024-01-06,608,27,Online,Afterpay,COUPONA-0-,12.6,AUD
455609,2024-01-06T12:23:56,2024-01-06,7,42,Retail,Credit Card,COUPON-9ZZ,16.2,AUD
455618,2024-01-06T03:23:35,2024-01-06,383,17,Online,Afterpay,COUPONA-A-,7.23,AUD
455672,2024-01-06T06:30:14,2024-01-06,652,1,Online,Afterpay,COUPONZ90A,13.26,AUD
455681,2024-01-06T06:34:30,2024-01-06,498,43,Retail,PayPal,COUPON--ZA,16.62,AUD
455689,2024-01-06T00:24:50,2024-01-06,642,24,Retail,Credit Card,COUPONZ0-9,17.85,AUD
455745,2024-01-06T11:58:33,2024-01-06,444,23,Retail,PayPal,COUPON-9A-,16.54,AUD
455877,2024-01-06T02:08:10,2024-01-06,707,29,Online,Credit Card,COUPON0---,17.43,AUD
456062,2024-01-06T00:26:27,2024-01-06,723,32,Online,PayPal,COUPON-0--,9.5,AUD
456209,2024-01-06T07:41:57,2024-01-06,493,15,Retail,PayPal,COUPONZ9ZZ,19.89,AUD
456253,2024-01-06T02:54:56,2024-01-06,634,15,Retail,Afterpay,COUPONZ-Z-,10.54,AUD
456441,2024-01-06T09:47:09,2024-01-06,44,13,Online,Afterpay,COUPON0--9,6.95,AUD
456499,2024-01-06T08:44:39,2024-01-06,60,47,Online,Credit Card,COUPON-9-9,18.11,AUD
456556,2024-01-06T17:05:00,2024-01-06,294,4,Retail,PayPal,COUPON0Z09,13.08,AUD
456643,2024-01-06T23:06:38,2024-01-06,37,29,Retail,PayPal,COUPON---9,15.29,AUD
456869,2024-01-06T08:33:32,2024-01-06,641,28,Online,Afterpay,COUPONZ-9-,0.18,AUD
457004,2024-01-06T19:51:39,2024-01-06,568,38,Online,PayPal,COUPON000A,3.46,AUD
457081,2024-01-06T16:34:03,2024-01-06,441,33,Retail,Credit Card,COUPONA009,15.86,AUD
457085,2024-01-06T15:36:56,2024-01-06,75,42,Online,Afterpay,COUPON--0A,16.58,AUD
457104,2024-01-06T11:57:37,2024-01-06,653,36,Retail,Afterpay,COUPONAZAA,18.31,AUD
457165,2024-01-06T12:22:11,2024-01-06,755,10,Retail,Credit Card,COUPON-9-0,7.07,AUD
457174,2024-01-06T15:13:55,2024-01-06,575,45,Online,Credit Card,COUPON9Z-Z,5.47,AUD
457230,2024-01-06T19:23:09,2024-01-06,151,22,Retail,Credit Card,COUPONZZ90,2.47,AUD
457302,2024-01-06T23:13:20,2024-01-06,673,44,Retail,Credit Card,COUPON-0AA,6.63,AUD
457350,2024-01-06T22:15:38,2024-01-06,237,36,Online,PayPal,COUPON-ZA-,2.94,AUD
457514,2024-01-06T15:35:39,2024-01-06,337,42,Online,Credit Card,COUPON0-9Z,11.62,AUD
457531,2024-01-06T19:24:42,2024-01-06,263,16,Retail,PayPal,COUPON9Z-9,4.77,AUD
457576,2024-01-06T19:07:05,2024-01-06,709,1,Retail,Credit Card,COUPONAAZZ,14.34,AUD
457577,2024-01-06T21:21:24,2024-01-06,425,27,Retail,Afterpay,COUPON-000,4.24,AUD
457639,2024-01-06T12:12:52,2024-01-06,176,42,Online,Afterpay,COUPONZ-Z-,12.38,AUD
457845,2024-01-06T06:44:30,2024-01-06,106,41,Online,PayPal,COUPON0AAA,2.75,AUD
457953,2024-01-06T11:41:47,2024-01-06,702,7,Online,PayPal,COUPON--0A,6.9,AUD
457997,2024-01-06T15:25:19,2024-01-06,670,41,Online,PayPal,COUPON0A9-,18.71,AUD
458044,2024-01-06T21:36:58,2024-01-06,366,48,Retail,PayPal,COUPON-9-Z,5.35,AUD
458045,2024-01-06T07:48:39,2024-01-06,134,33,Retail,Credit Card,COUPONA--A,11.52,AUD
458056,2024-01-06T22:51:38,2024-01-06,163,36,Retail,PayPal,COUPONZ0A-,8.67,AUD
458174,2024-01-06T10:01:22,2024-01-06,562,5,Retail,Credit Card,COUPONZA--,9.98,AUD
458328,2024-01-06T05:11:20,2024-01-06,459,49,Retail,Credit Card,COUPONZ0A-,19.86,AUD
458445,2024-01-06T03:47:17,2024-01-06,492,24,Retail,PayPal,COUPON9-A9,12.67,AUD
458537,2024-01-06T06:10:38,2024-01-06,722,15,Online,PayPal,COUPON--9-,17.54,AUD
458767,2024-01-06T05:19:09,2024-01-06,87,40,Online,Credit Card,COUPON0A-A,9.43,AUD
458839,2024-01-06T23:59:47,2024-01-06,208,46,Online,PayPal,COUPONA-Z-,6.2,AUD
459106,2024-01-06T20:47:02,2024-01-06,97,48,Retail,Credit Card,COUPON99AA,13.08,AUD
459215,2024-01-06T00:09:02,2024-01-06,338,26,Retail,Credit Card,COUPON099-,18.1,AUD
459282,2024-01-06T11:12:35,2024-01-06,572,29,Online,PayPal,COUPON0Z-Z,17.75,AUD
459484,2024-01-06T01:22:24,2024-01-06,676,11,Retail,Afterpay,COUPON-Z0-,15.98,AUD
459698,2024-01-06T09:11:26,2024-01-06,300,18,Retail,PayPal,COUPON-0AA,10.22,AUD
459851,2024-01-06T09:52:13,2024-01-06,340,42,Online,Credit Card,COUPONZAA0,19.73,AUD
459891,2024-01-06T04:54:46,2024-01-06,33,45,Online,Credit Card,COUPON9-0-,3.73,AUD
459892,2024-01-06T08:12:50,2024-01-06,492,27,Online,PayPal,COUPON0Z-9,7.38,AUD
459964,2024-01-06T01:04:20,2024-01-06,570,29,Online,Afterpay,COUPON9-Z-,17.53,AUD
460026,2024-01-06T06:35:34,2024-01-06,150,30,Retail,Credit Card,COUPONA9-9,6.73,AUD
460086,2024-01-06T22:17:56,2024-01-06,11,38,Retail,Credit Card,COUPON-A-Z,2.54,AUD
460091,2024-01-06T06:23:48,2024-01-06,464,39,Online,Credit Card,COUPON90Z-,15.75,AUD
460220,2024-01-06T12:50:28,2024-01-06,538,39,Retail,Afterpay,COUPON-Z-Z,4.28,AUD
460367,2024-01-06T19:23:54,2024-01-06,255,26,Online,PayPal,COUPON9-Z-,3.23,AUD
460492,2024-01-06T19:52:22,2024-01-06,284,2,Retail,Credit Card,COUPONA---,5.92,AUD
460637,2024-01-06T12:39:32,2024-01-06,198,3,Online,Afterpay,COUPON-Z0Z,14.25,AUD
460675,2024-01-06T22:57:17,2024-01-06,481,26,Retail,Credit Card,COUPON9-9-,15.35,AUD
460729,2024-01-06T11:40:59,2024-01-06,144,49,Retail,Afterpay,COUPON-9A-,13.63,AUD
460733,2024-01-06T06:31:38,2024-01-06,579,29,Retail,Credit Card,COUPON9A-9,14.13,AUD
461171,2024-01-06T12:46:31,2024-01-06,341,40,Online,Credit Card,COUPON-Z9Z,19.42,AUD
461388,2024-01-06T06:32:59,2024-01-06,470,46,Retail,Afterpay,COUPON9ZZA,7.22,AUD
461574,2024-01-06T13:03:52,2024-01-06,130,43,Retail,Credit Card,COUPONZ-99,2.14,AUD
461668,2024-01-06T12:51:07,2024-01-06,42,26,Retail,Credit Card,COUPON-9Z9,1.65,AUD
461697,2024-01-06T06:51:35,2024-01-06,147,28,Online,Credit Card,COUPON0Z0Z,2.32,AUD
461869,2024-01-06T23:52:43,2024-01-06,259,31,Retail,PayPal,COUPON009-,19.99,AUD
461979,2024-01-06T21:15:26,2024-01-06,104,31,Online,PayPal,COUPON---A,3.32,AUD
461998,2024-01-06T07:45:17,2024-01-06,460,31,Online,Credit Card,COUPON0AA9,8.75,AUD
462127,2024-01-06T16:05:23,2024-01-06,658,32,Retail,Credit Card,COUPONA--A,7.44,AUD
462206,2024-01-06T14:48:22,2024-01-06,319,47,Retail,Credit Card,COUPON-Z0-,11.61,AUD
462245,2024-01-06T16:11:39,2024-01-06,635,17,Online,PayPal,COUPON----,2.04,AUD
462402,2024-01-06T01:55:58,2024-01-06,50,7,Online,PayPal,COUPON9A-Z,8.86,AUD
462404,2024-01-06T05:38:10,2024-01-06,485,35,Online,Credit Card,COUPON0009,17.66,AUD
462471,2024-01-06T15:35:30,2024-01-06,768,33,Online,PayPal,COUPONZ09Z,16.53,AUD
462517,2024-01-06T18:54:39,2024-01-06,280,33,Retail,Credit Card,COUPON9090,0.48,AUD
462614,2024-01-06T07:12:37,2024-01-06,758,31,Online,PayPal,COUPONAAZ0,1.63,AUD
462776,2024-01-06T14:51:59,2024-01-06,164,29,Retail,Credit Card,COUPON-Z9-,0.52,AUD
462817,2024-01-06T20:24:26,2024-01-06,774,8,Retail,Credit Card,COUPON---Z,10.97,AUD
463406,2024-01-06T21:28:51,2024-01-06,492,32,Retail,Credit Card,COUPON9--Z,6.94,AUD
463419,2024-01-06T20:24:06,2024-01-06,730,27,Retail,Afterpay,COUPON09-0,16.44,AUD
463523,2024-01-06T20:52:01,2024-01-06,123,11,Retail,Afterpay,COUPON--ZA,11.71,AUD
463645,2024-01-06T06:10:49,2024-01-06,382,44,Retail,Credit Card,COUPON9Z-9,5.71,AUD
463771,2024-01-06T00:22:48,2024-01-06,233,23,Retail,PayPal,COUPONZ-9-,6.11,AUD
463838,2024-01-06T08:03:44,2024-01-06,652,35,Retail,Credit Card,COUPON0-0Z,4.45,AUD
463935,2024-01-06T07:10:54,2024-01-06,270,33,Online,Afterpay,COUPON99A9,9.42,AUD
463971,2024-01-06T13:57:55,2024-01-06,649,48,Online,Afterpay,COUPONZ0-Z,2.16,AUD
464146,2024-01-06T18:51:32,2024-01-06,217,1,Online,PayPal,COUPON09AZ,16.85,AUD
464155,2024-01-06T16:03:28,2024-01-06,331,27,Online,Credit Card,COUPON099-,8.75,AUD
464165,2024-01-06T13:11:33,2024-01-06,421,32,Retail,PayPal,COUPON-ZZ-,16.02,AUD
464330,2024-01-06T15:20:04,2024-01-06,456,34,Online,PayPal,COUPON--00,6.86,AUD
464636,2024-01-06T11:19:27,2024-01-06,117,14,Online,Credit Card,COUPONZ0-A,8.76,AUD
464643,2024-01-06T08:22:30,2024-01-06,29,36,Online,Afterpay,COUPONZ-Z9,0.86,AUD
464838,2024-01-06T16:41:32,2024-01-06,644,3,Online,Afterpay,COUPON-9A-,5.06,AUD
464874,2024-01-06T09:06:00,2024-01-06,547,34,Online,Afterpay,COUPON0-90,8.75,AUD
464912,2024-01-06T02:37:38,2024-01-06,479,35,Online,Afterpay,COUPON9ZAA,10.71,AUD
464955,2024-01-06T15:39:11,2024-01-06,403,16,Online,Afterpay,COUPON-Z-9,7.16,AUD
465073,2024-01-06T04:36:39,2024-01-06,33,13,Online,Credit Card,COUPON9-9Z,9.94,AUD
465082,2024-01-06T13:28:28,2024-01-06,252,42,Retail,PayPal,COUPON909Z,14.66,AUD
465217,2024-01-06T20:21:20,2024-01-06,346,13,Online,PayPal,COUPON-99A,13.64,AUD
465229,2024-01-06T11:11:35,2024-01-06,433,25,Online,PayPal,COUPON0Z9A,3.47,AUD
465378,2024-01-06T04:24:48,2024-01-06,520,22,Online,Credit Card,COUPONZA--,9.32,AUD
465538,2024-01-06T01:44:34,2024-01-06,86,24,Retail,PayPal,COUPON9A0-,4.05,AUD
465677,2024-01-06T20:32:55,2024-01-06,680,18,Online,Afterpay,COUPONA-Z0,2.87,AUD
465911,2024-01-06T12:33:41,2024-01-06,239,6,Online,Credit Card,COUPONA-A-,16.2,AUD
465922,2024-01-06T01:09:54,2024-01-06,581,40,Retail,PayPal,COUPON99Z-,1.22,AUD
465982,2024-01-06T10:31:25,2024-01-06,391,42,Online,Afterpay,COUPONA---,17.36,AUD
466051,2024-01-06T08:39:52,2024-01-06,31,43,Online,PayPal,COUPON99A9,15.41,AUD
466074,2024-01-06T10:19:42,2024-01-06,69,49,Retail,Credit Card,COUPONA9ZA,12.02,AUD
466344,2024-01-06T18:52:31,2024-01-06,275,6,Retail,PayPal,COUPON00ZA,14.15,AUD
466471,2024-01-06T01:47:03,2024-01-06,233,32,Retail,PayPal,COUPON-0ZZ,9.87,AUD
466561,2024-01-06T11:56:08,2024-01-06,321,17,Online,Afterpay,COUPON9909,8.53,AUD
466564,2024-01-06T20:26:01,2024-01-06,57,10,Retail,Credit Card,COUPON-AAA,2.72,AUD
466675,2024-01-06T16:54:03,2024-01-06,532,48,Online,Credit Card,COUPON09-9,0.17,AUD
466689,2024-01-06T16:44:53,2024-01-06,766,17,Online,Credit Card,COUPON0Z00,19.46,AUD
466698,2024-01-06T02:25:39,2024-01-06,675,31,Online,PayPal,COUPON9AA-,15.6,AUD
466704,2024-01-06T15:57:13,2024-01-06,694,36,Online,Credit Card,COUPONAAA0,8.9,AUD
466902,2024-01-06T18:04:56,2024-01-06,33,34,Retail,PayPal,COUPON----,5.25,AUD
467111,2024-01-06T05:41:28,2024-01-06,649,43,Retail,PayPal,COUPON90-A,14.84,AUD
467406,2024-01-06T06:06:17,2024-01-06,124,4,Retail,PayPal,COUPON--90,9.64,AUD
467416,2024-01-06T05:27:54,2024-01-06,686,19,Retail,Afterpay,COUPON0A-Z,13.35,AUD
467460,2024-01-06T15:48:04,2024-01-06,322,47,Online,PayPal,COUPONZ-00,16.65,AUD
467503,2024-01-06T02:02:00,2024-01-06,667,15,Online,Afterpay,COUPON0Z--,14.1,AUD
467611,2024-01-06T08:33:59,2024-01-06,533,22,Retail,Credit Card,COUPONA9A9,19.41,AUD
467779,2024-01-06T23:25:01,2024-01-06,71,46,Online,PayPal,COUPON-909,1.1,AUD
468042,2024-01-06T09:14:03,2024-01-06,81,33,Online,PayPal,COUPONAAZ-,2.46,AUD
468080,2024-01-06T23:31:53,2024-01-06,735,2,Online,Credit Card,COUPON99-9,5.03,AUD
468187,2024-01-06T18:06:57,2024-01-06,600,37,Online,Credit Card,COUPONZ00A,16.54,AUD
468466,2024-01-06T20:37:17,2024-01-06,222,8,Retail,Credit Card,COUPON0--A,0.31,AUD
468643,2024-01-06T10:32:45,2024-01-06,615,29,Retail,PayPal,COUPONA000,16.92,AUD
468690,2024-01-06T13:26:24,2024-01-06,434,10,Retail,Afterpay,COUPONZ990,4.89,AUD
468733,2024-01-06T21:33:04,2024-01-06,284,28,Online,Afterpay,COUPON--99,0.17,AUD
468765,2024-01-06T17:56:00,2024-01-06,525,12,Retail,Afterpay,COUPON----,1.59,AUD
468849,2024-01-06T00:46:03,2024-01-06,628,16,Online,Credit Card,COUPON-0-A,9.56,AUD
468929,2024-01-06T17:22:32,2024-01-06,425,13,Retail,Credit Card,COUPON9-A-,9.31,AUD
468948,2024-01-06T23:39:09,2024-01-06,85,13,Retail,Credit Card,COUPON-ZA-,11.47,AUD
468951,2024-01-06T03:07:52,2024-01-06,625,35,Retail,Credit Card,COUPON99AA,5.18,AUD
469083,2024-01-06T23:35:52,2024-01-06,422,31,Online,Afterpay,COUPONA0-0,4.41,AUD
469198,2024-01-06T13:32:31,2024-01-06,779,42,Retail,Credit Card,COUPON0AZZ,18.28,AUD
469242,2024-01-06T02:45:33,2024-01-06,205,40,Online,PayPal,COUPON0-ZA,7.69,AUD
469263,2024-01-06T04:11:53,2024-01-06,197,38,Retail,PayPal,COUPONAA-0,9.07,AUD
469270,2024-01-06T16:56:25,2024-01-06,26,15,Online,Afterpay,COUPON999-,4.69,AUD
469414,2024-01-06T11:56:23,2024-01-06,399,14,Online,PayPal,COUPON-A-A,18.34,AUD
469417,2024-01-06T12:47:46,2024-01-06,520,20,Retail,PayPal,COUPON-090,3.42,AUD
469426,2024-01-06T03:48:46,2024-01-06,476,10,Retail,Afterpay,COUPONZ0ZA,10.15,AUD
469441,2024-01-06T19:22:57,2024-01-06,238,10,Online,PayPal,COUPON9--0,19.21,AUD
469505,2024-01-06T20:05:09,2024-01-06,370,47,Retail,Credit Card,COUPON99Z-,15.58,AUD
469514,2024-01-06T12:55:50,2024-01-06,451,11,Retail,Afterpay,COUPON--A-,6.8,AUD
469553,2024-01-06T03:24:49,2024-01-06,86,13,Online,PayPal,COUPON---A,14.51,AUD
469568,2024-01-06T05:36:20,2024-01-06,574,28,Retail,Afterpay,COUPON-A00,15.5,AUD
469572,2024-01-06T04:50:43,2024-01-06,711,25,Retail,Credit Card,COUPON---Z,13.42,AUD
469590,2024-01-06T10:30:33,2024-01-06,291,19,Online,Afterpay,COUPON-Z-A,15.92,AUD
469614,2024-01-06T15:42:25,2024-01-06,52,9,Retail,Credit Card,COUPON9---,6.02,AUD
469825,2024-01-06T09:25:12,2024-01-06,763,9,Retail,Afterpay,COUPON--9-,9.96,AUD
469833,2024-01-06T00:51:23,2024-01-06,3,41,Online,PayPal,COUPONAZ-0,1.32,AUD
469838,2024-01-06T22:16:42,2024-01-06,314,27,Retail,PayPal,COUPONZ--9,14.99,AUD
469949,2024-01-06T11:35:17,2024-01-06,177,36,Retail,PayPal,COUPON-0A-,16.46,AUD
470242,2024-01-06T18:47:13,2024-01-06,82,32,Retail,Credit Card,COUPON09-Z,5.97,AUD
470292,2024-01-06T04:38:04,2024-01-06,685,47,Retail,PayPal,COUPONZA0-,8.81,AUD
470370,2024-01-06T01:28:02,2024-01-06,547,8,Online,PayPal,COUPONZ---,7.29,AUD
470414,2024-01-06T14:49:09,2024-01-06,292,16,Online,PayPal,COUPON0A0-,16.56,AUD
470772,2024-01-06T06:01:21,2024-01-06,262,35,Retail,Afterpay,COUPON-0-A,2.86,AUD
470994,2024-01-06T09:35:21,2024-01-06,171,39,Online,PayPal,COUPON-A0A,2.09,AUD
471066,2024-01-06T19:58:00,2024-01-06,401,48,Online,Credit Card,COUPON99A-,6.77,AUD
471089,2024-01-06T11:44:47,2024-01-06,107,22,Retail,PayPal,COUPON-9ZZ,14.57,AUD
471207,2024-01-06T01:50:28,2024-01-06,239,21,Online,Credit Card,COUPONA-Z-,5.2,AUD
471250,2024-01-06T16:58:51,2024-01-06,795,15,Retail,Credit Card,COUPON-900,14.69,AUD
471329,2024-01-06T10:13:07,2024-01-06,284,33,Online,PayPal,COUPON-0A-,12.41,AUD
471377,2024-01-06T09:33:22,2024-01-06,167,35,Retail,Afterpay,COUPON00Z-,16.83,AUD
471415,2024-01-06T11:11:11,2024-01-06,552,46,Retail,Credit Card,COUPON----,13.05,AUD
471461,2024-01-06T03:07:28,2024-01-06,468,47,Online,Afterpay,COUPONA-0-,11.15,AUD
471584,2024-01-06T08:53:13,2024-01-06,26,12,Online,Afterpay,COUPONZZ09,8.84,AUD
471663,2024-01-06T07:45:52,2024-01-06,698,19,Retail,PayPal,COUPON--0A,13.45,AUD
471674,2024-01-06T19:32:56,2024-01-06,406,28,Online,Afterpay,COUPON-0A-,16.05,AUD
471688,2024-01-06T20:28:40,2024-01-06,390,7,Online,Credit Card,COUPON9--A,12.42,AUD
471743,2024-01-06T03:22:50,2024-01-06,644,8,Retail,PayPal,COUPON909Z,12.64,AUD
471786,2024-01-06T09:14:07,2024-01-06,236,23,Retail,Afterpay,COUPON09A-,6.58,AUD
471826,2024-01-06T05:28:47,2024-01-06,233,26,Online,Credit Card,COUPON-Z90,19.05,AUD
472012,2024-01-06T17:22:53,2024-01-06,728,40,Online,Credit Card,COUPON00A0,11.99,AUD
472105,2024-01-06T22:05:01,2024-01-06,427,3,Online,PayPal,COUPON9-Z-,14.78,AUD
472159,2024-01-06T16:16:50,2024-01-06,731,22,Retail,Credit Card,COUPON--AA,2.66,AUD
472276,2024-01-06T10:35:11,2024-01-06,772,38,Online,Afterpay,COUPON-909,19.16,AUD
472370,2024-01-06T06:06:04,2024-01-06,717,22,Online,Afterpay,COUPON-AZA,2.01,AUD
472409,2024-01-06T06:36:58,2024-01-06,94,21,Retail,Afterpay,COUPONZAZ9,3.76,AUD
472547,2024-01-06T02:42:08,2024-01-06,394,18,Retail,PayPal,COUPONZ9AA,9.79,AUD
472619,2024-01-06T18:39:45,2024-01-06,479,3,Online,PayPal,COUPON-0-9,16.83,AUD
472632,2024-01-06T11:00:04,2024-01-06,623,34,Online,Afterpay,COUPONZ0Z0,8.06,AUD
472818,2024-01-06T18:57:27,2024-01-06,538,18,Online,PayPal,COUPON909-,15.42,AUD
472824,2024-01-06T15:47:07,2024-01-06,589,33,Online,PayPal,COUPON--09,14.95,AUD
472843,2024-01-06T00:13:35,2024-01-06,615,30,Retail,Credit Card,COUPONZ9AZ,8.2,AUD
472886,2024-01-06T09:44:00,2024-01-06,606,28,Retail,PayPal,COUPONZ09Z,11.41,AUD
472894,2024-01-06T17:02:28,2024-01-06,347,23,Online,Afterpay,COUPON9-09,18.62,AUD
473136,2024-01-06T03:04:12,2024-01-06,796,6,Online,Credit Card,COUPON09-A,8.01,AUD
473191,2024-01-06T20:28:34,2024-01-06,633,42,Retail,PayPal,COUPON09--,4.38,AUD
473217,2024-01-06T13:34:02,2024-01-06,476,43,Retail,Credit Card,COUPONZ9ZA,18.06,AUD
473223,2024-01-06T12:14:27,2024-01-06,293,14,Online,PayPal,COUPON9Z-9,5.91,AUD
473304,2024-01-06T14:36:10,2024-01-06,517,39,Retail,PayPal,COUPON-9-A,6.47,AUD
473401,2024-01-06T08:36:55,2024-01-06,42,19,Online,Credit Card,COUPON-0-A,0.06,AUD
473437,2024-01-06T05:19:44,2024-01-06,727,5,Online,PayPal,COUPON99-0,12.07,AUD
473465,2024-01-06T08:16:33,2024-01-06,78,4,Online,PayPal,COUPON0-AZ,16.19,AUD
473608,2024-01-06T08:03:26,2024-01-06,450,16,Retail,PayPal,COUPON0-0Z,9.86,AUD
473796,2024-01-06T06:25:33,2024-01-06,250,14,Online,Credit Card,COUPON--0A,14.67,AUD
473983,2024-01-06T00:23:24,2024-01-06,525,28,Online,Credit Card,COUPON0A-9,11.52,AUD
474000,2024-01-06T08:58:02,2024-01-06,764,24,Retail,PayPal,COUPONZ-Z-,14.95,AUD
474097,2024-01-06T06:56:30,2024-01-06,484,10,Online,Credit Card,COUPONZZ0Z,18.48,AUD
474098,2024-01-06T09:31:00,2024-01-06,278,29,Online,Credit Card,COUPONA0Z9,3.83,AUD
474318,2024-01-06T07:44:27,2024-01-06,246,21,Online,Credit Card,COUPONZA-0,12.3,AUD
474745,2024-01-06T11:12:29,2024-01-06,26,16,Online,PayPal,COUPON9-0A,11.02,AUD
474787,2024-01-06T20:26:38,2024-01-06,374,5,Retail,PayPal,COUPONA9--,19.7,AUD
474936,2024-01-06T02:25:45,2024-01-06,387,29,Online,PayPal,COUPON9A--,15.65,AUD
475121,2024-01-06T14:10:57,2024-01-06,150,22,Retail,Credit Card,COUPON-9Z-,7.31,AUD
475236,2024-01-06T11:37:22,2024-01-06,123,45,Retail,PayPal,COUPONZ000,2.02,AUD
475245,2024-01-06T18:38:30,2024-01-06,457,4,Online,Afterpay,COUPON0-9-,5.87,AUD
475386,2024-01-06T23:42:08,2024-01-06,429,28,Online,Afterpay,COUPONA0Z0,11.9,AUD
475452,2024-01-06T20:23:45,2024-01-06,328,39,Retail,Afterpay,COUPON-0ZA,18.12,AUD
475468,2024-01-06T02:44:42,2024-01-06,357,22,Retail,Afterpay,COUPON---A,15.43,AUD
475497,2024-01-06T16:56:59,2024-01-06,111,35,Retail,PayPal,COUPONA-00,12.3,AUD
475701,2024-01-06T05:46:48,2024-01-06,598,1,Online,PayPal,COUPONZ-09,2.51,AUD
475805,2024-01-06T17:50:34,2024-01-06,399,21,Online,Credit Card,COUPON--0A,6.22,AUD
475929,2024-01-06T02:41:33,2024-01-06,609,31,Retail,Afterpay,COUPON----,17.05,AUD
475967,2024-01-06T21:45:21,2024-01-06,506,24,Online,Credit Card,COUPON990A,15.31,AUD
476067,2024-01-06T17:27:43,2024-01-06,319,43,Online,Credit Card,COUPON0Z99,15.19,AUD
476073,2024-01-06T18:35:55,2024-01-06,669,41,Online,PayPal,COUPON0-90,18.33,AUD
476114,2024-01-06T15:19:00,2024-01-06,600,41,Online,Credit Card,COUPON9A--,11.5,AUD
476330,2024-01-06T10:32:30,2024-01-06,720,7,Retail,Credit Card,COUPON0Z--,9.37,AUD
476359,2024-01-06T06:02:01,2024-01-06,202,4,Online,Credit Card,COUPON99-9,8.35,AUD
476395,2024-01-06T01:39:31,2024-01-06,688,29,Retail,PayPal,COUPON-0Z0,18.08,AUD
476434,2024-01-06T05:23:14,2024-01-06,681,48,Retail,PayPal,COUPON90-9,11.06,AUD
476448,2024-01-06T08:06:43,2024-01-06,497,29,Retail,Afterpay,COUPONZZ0A,6.15,AUD
476470,2024-01-06T21:23:29,2024-01-06,544,29,Online,PayPal,COUPON0-Z9,4.39,AUD
476486,2024-01-06T02:33:06,2024-01-06,611,35,Retail,Afterpay,COUPONA0-9,3.77,AUD
476493,2024-01-06T20:50:45,2024-01-06,370,27,Retail,Credit Card,COUPON0Z-Z,17.67,AUD
476585,2024-01-06T06:51:01,2024-01-06,533,44,Retail,PayPal,COUPON09--,7.84,AUD
476725,2024-01-06T15:58:06,2024-01-06,75,3,Online,Credit Card,COUPONZ9AA,10.06,AUD
476732,2024-01-06T03:15:40,2024-01-06,322,11,Online,Afterpay,COUPON900-,15.26,AUD
476943,2024-01-06T18:29:28,2024-01-06,29,10,Online,PayPal,COUPON0-Z-,17.8,AUD
476959,2024-01-06T13:17:59,2024-01-06,277,29,Online,Credit Card,COUPON99--,17.56,AUD
477009,2024-01-06T05:55:19,2024-01-06,664,6,Online,Credit Card,COUPON0A-A,15.11,AUD
477072,2024-01-06T23:55:01,2024-01-06,170,37,Retail,PayPal,COUPONZ-09,8.25,AUD
477101,2024-01-06T08:41:17,2024-01-06,219,40,Online,PayPal,COUPON9-9-,1.09,AUD
477471,2024-01-06T23:23:30,2024-01-06,506,31,Retail,Afterpay,COUPON9AA-,17.88,AUD
477617,2024-01-06T13:13:44,2024-01-06,346,3,Online,Credit Card,COUPON--0A,15.01,AUD
477622,2024-01-06T18:10:34,2024-01-06,541,23,Online,PayPal,COUPON-Z90,2.92,AUD
477652,2024-01-06T19:38:45,2024-01-06,688,38,Online,Afterpay,COUPONZZ0Z,4.0,AUD
477797,2024-01-06T20:55:37,2024-01-06,455,1,Retail,PayPal,COUPONA9-Z,12.23,AUD
477836,2024-01-06T01:45:24,2024-01-06,789,23,Retail,PayPal,COUPON-0--,3.79,AUD
477877,2024-01-06T06:39:15,2024-01-06,526,42,Retail,Credit Card,COUPON--Z-,9.24,AUD
477881,2024-01-06T01:15:52,2024-01-06,148,36,Retail,PayPal,COUPONZ--A,5.33,AUD
477987,2024-01-06T07:09:33,2024-01-06,217,37,Retail,Credit Card,COUPON090A,5.7,AUD
478270,2024-01-06T22:11:07,2024-01-06,614,38,Online,Credit Card,COUPON00ZZ,3.96,AUD
478499,2024-01-06T21:39:23,2024-01-06,594,14,Retail,Credit Card,COUPON9AZ-,7.73,AUD
478508,2024-01-06T15:31:57,2024-01-06,134,41,Retail,Credit Card,COUPONA---,5.89,AUD
478738,2024-01-06T09:49:08,2024-01-06,750,45,Online,PayPal,COUPON--09,11.4,AUD
478801,2024-01-06T15:05:27,2024-01-06,449,25,Online,PayPal,COUPONA--0,4.24,AUD
478802,2024-01-06T19:01:07,2024-01-06,162,21,Retail,Credit Card,COUPONA-0A,5.21,AUD
478998,2024-01-06T10:42:17,2024-01-06,517,16,Retail,Afterpay,COUPONA---,7.45,AUD
479007,2024-01-06T22:25:59,2024-01-06,195,44,Retail,Afterpay,COUPONA009,2.1,AUD
479338,2024-01-06T17:50:50,2024-01-06,430,46,Retail,Afterpay,COUPON0-9-,18.85,AUD
479346,2024-01-06T15:34:33,2024-01-06,71,19,Online,Credit Card,COUPONAA--,7.34,AUD
479416,2024-01-06T04:10:46,2024-01-06,78,6,Online,PayPal,COUPONA-Z0,16.3,AUD
479766,2024-01-06T10:57:54,2024-01-06,635,14,Retail,Afterpay,COUPONZA--,2.62,AUD
479783,2024-01-06T13:08:07,2024-01-06,220,7,Retail,Afterpay,COUPON--AZ,19.38,AUD
479799,2024-01-06T15:08:21,2024-01-06,389,27,Retail,Credit Card,COUPON-9-9,3.05,AUD
479863,2024-01-06T10:39:12,2024-01-06,740,4,Online,PayPal,COUPON0AA0,9.31,AUD
479954,2024-01-06T07:26:31,2024-01-06,688,47,Online,Afterpay,COUPONAZAA,9.03,AUD
479976,2024-01-06T12:03:27,2024-01-06,480,17,Retail,PayPal,COUPONAA9-,17.09,AUD
480031,2024-01-06T07:58:35,2024-01-06,693,29,Retail,Credit Card,COUPON-ZZ0,8.16,AUD
480037,2024-01-06T15:17:09,2024-01-06,172,3,Retail,Credit Card,COUPON-0Z9,3.8,AUD
480080,2024-01-06T22:58:12,2024-01-06,336,23,Retail,Afterpay,COUPON-A--,9.82,AUD
480101,2024-01-06T17:33:34,2024-01-06,790,33,Online,Credit Card,COUPON--09,15.19,AUD
480170,2024-01-06T06:44:52,2024-01-06,411,8,Retail,Credit Card,COUPON-0-9,7.83,AUD
480175,2024-01-06T21:34:27,2024-01-06,717,21,Online,Afterpay,COUPON0-0-,10.87,AUD
480194,2024-01-06T06:26:04,2024-01-06,753,26,Retail,Credit Card,COUPON9ZA-,2.5,AUD
480236,2024-01-06T06:13:26,2024-01-06,604,32,Retail,PayPal,COUPON-9A9,4.52,AUD
480338,2024-01-06T17:31:45,2024-01-06,201,3,Online,Credit Card,COUPONZZ--,17.66,AUD
480344,2024-01-06T16:38:55,2024-01-06,151,14,Online,Credit Card,COUPON--A-,12.79,AUD
480402,2024-01-06T00:49:10,2024-01-06,282,17,Online,PayPal,COUPONAZAZ,3.35,AUD
480436,2024-01-06T17:39:28,2024-01-06,465,34,Retail,PayPal,COUPON0AZA,7.33,AUD
480498,2024-01-06T20:00:06,2024-01-06,54,10,Retail,Afterpay,COUPONA-9-,10.13,AUD
480541,2024-01-06T21:14:02,2024-01-06,54,10,Online,Afterpay,COUPONZ0--,19.43,AUD
480575,2024-01-06T00:59:23,2024-01-06,483,15,Retail,Credit Card,COUPONA-A-,2.07,AUD
480589,2024-01-06T20:57:15,2024-01-06,124,17,Online,Afterpay,COUPON990A,11.31,AUD
480615,2024-01-06T07:31:36,2024-01-06,13,4,Retail,Credit Card,COUPON--AZ,8.57,AUD
480825,2024-01-06T19:34:27,2024-01-06,111,43,Online,Credit Card,COUPONZZAZ,9.58,AUD
480871,2024-01-06T00:39:37,2024-01-06,716,36,Online,PayPal,COUPON000Z,14.72,AUD
480873,2024-01-06T20:49:55,2024-01-06,167,26,Retail,Afterpay,COUPON9-ZA,4.1,AUD
480886,2024-01-06T05:26:15,2024-01-06,453,22,Online,Afterpay,COUPON-AZ9,18.13,AUD
480904,2024-01-06T14:06:53,2024-01-06,281,39,Online,PayPal,COUPON9000,8.89,AUD
480939,2024-01-06T16:36:46,2024-01-06,356,19,Online,PayPal,COUPON-99-,1.39,AUD
480989,2024-01-06T06:41:43,2024-01-06,11,8,Online,Afterpay,COUPON0990,12.0,AUD
480997,2024-01-06T16:17:00,2024-01-06,206,2,Retail,Credit Card,COUPON-A0-,11.6,AUD
481078,2024-01-06T12:09:04,2024-01-06,74,22,Online,Afterpay,COUPON90A-,7.7,AUD
481116,2024-01-06T01:44:06,2024-01-06,795,44,Online,Afterpay,COUPONZZZA,4.23,AUD
481144,2024-01-06T16:50:55,2024-01-06,773,15,Online,PayPal,COUPON99-A,5.48,AUD
481314,2024-01-06T11:55:15,2024-01-06,287,42,Online,Afterpay,COUPONA9A9,12.63,AUD
481357,2024-01-06T15:16:22,2024-01-06,114,42,Online,Afterpay,COUPON-9-9,0.42,AUD
481409,2024-01-06T05:06:50,2024-01-06,782,22,Online,PayPal,COUPON0-9-,5.66,AUD
481455,2024-01-06T10:01:29,2024-01-06,97,23,Online,PayPal,COUPON0-A-,12.15,AUD
481469,2024-01-06T22:36:09,2024-01-06,201,34,Retail,Credit Card,COUPONA0--,2.33,AUD
481565,2024-01-06T21:11:22,2024-01-06,418,28,Retail,Afterpay,COUPON--9Z,6.56,AUD
481684,2024-01-06T00:43:07,2024-01-06,141,2,Online,PayPal,COUPON0Z9Z,2.2,AUD
481724,2024-01-06T15:16:56,2024-01-06,461,45,Online,Afterpay,COUPON-90A,14.15,AUD
481840,2024-01-06T11:19:43,2024-01-06,512,7,Retail,Afterpay,COUPON---9,12.64,AUD
481996,2024-01-06T02:35:03,2024-01-06,717,43,Online,Afterpay,COUPON9-Z0,10.6,AUD
482063,2024-01-06T03:12:22,2024-01-06,293,18,Online,Credit Card,COUPONZA-Z,6.01,AUD
482112,2024-01-06T00:41:08,2024-01-06,258,7,Online,PayPal,COUPON0---,11.16,AUD
482227,2024-01-06T17:51:27,2024-01-06,585,37,Online,Credit Card,COUPON9AZZ,14.31,AUD
482411,2024-01-06T10:38:43,2024-01-06,391,30,Retail,PayPal,COUPON-0Z9,7.45,AUD
482599,2024-01-06T03:43:09,2024-01-06,230,4,Retail,Afterpay,COUPON--9-,16.97,AUD
482776,2024-01-06T14:56:44,2024-01-06,37,32,Retail,Afterpay,COUPON0A9-,7.6,AUD
482925,2024-01-06T16:08:16,2024-01-06,54,38,Retail,Credit Card,COUPON0A-0,2.84,AUD
483026,2024-01-06T17:23:00,2024-01-06,282,1,Online,Credit Card,COUPON-0-A,19.46,AUD
483122,2024-01-06T14:06:28,2024-01-06,357,24,Retail,PayPal,COUPON-9Z-,4.12,AUD
483206,2024-01-06T21:08:15,2024-01-06,457,13,Retail,PayPal,COUPON0-AZ,14.71,AUD
483274,2024-01-06T14:13:15,2024-01-06,340,17,Online,PayPal,COUPON----,13.1,AUD
483618,2024-01-06T16:09:08,2024-01-06,249,39,Retail,PayPal,COUPON0--0,18.18,AUD
483921,2024-01-06T02:57:14,2024-01-06,383,13,Retail,PayPal,COUPONAA-9,15.57,AUD
483932,2024-01-06T13:08:29,2024-01-06,399,4,Online,PayPal,COUPONAZ-0,15.99,AUD
484110,2024-01-06T16:43:56,2024-01-06,564,27,Online,PayPal,COUPON099Z,10.88,AUD
484165,2024-01-06T07:28:08,2024-01-06,380,45,Online,PayPal,COUPON-99-,6.55,AUD
484224,2024-01-06T13:31:56,2024-01-06,569,44,Online,Afterpay,COUPON-Z-0,19.49,AUD
484311,2024-01-06T14:39:32,2024-01-06,31,20,Online,Credit Card,COUPONZ90A,17.98,AUD
484657,2024-01-06T05:11:13,2024-01-06,68,16,Online,PayPal,COUPON000-,15.52,AUD
484771,2024-01-06T06:54:41,2024-01-06,273,16,Online,Afterpay,COUPON9Z9-,13.11,AUD
484798,2024-01-06T08:36:33,2024-01-06,226,36,Retail,Afterpay,COUPON-A90,16.91,AUD
484832,2024-01-06T20:52:16,2024-01-06,126,49,Retail,Afterpay,COUPON-Z0Z,19.82,AUD
484885,2024-01-06T04:08:14,2024-01-06,738,5,Online,PayPal,COUPONAA-A,12.75,AUD
485055,2024-01-06T01:01:25,2024-01-06,180,6,Online,Credit Card,COUPON-0ZZ,19.56,AUD
485078,2024-01-06T10:34:04,2024-01-06,578,5,Online,PayPal,COUPONZ9A9,2.27,AUD
485273,2024-01-06T05:17:22,2024-01-06,555,29,Online,Afterpay,COUPON00A0,16.62,AUD
485381,2024-01-06T14:22:11,2024-01-06,149,47,Retail,PayPal,COUPONAZZ0,19.11,AUD
485455,2024-01-06T05:56:14,2024-01-06,462,25,Online,Credit Card,COUPON99--,17.65,AUD
485805,2024-01-06T09:50:10,2024-01-06,697,8,Online,Credit Card,COUPON9---,0.68,AUD
485882,2024-01-06T07:49:17,2024-01-06,16,14,Retail,Credit Card,COUPON00-A,7.81,AUD
486186,2024-01-06T00:32:29,2024-01-06,260,47,Online,Afterpay,COUPON9--Z,1.47,AUD
486249,2024-01-06T03:04:20,2024-01-06,454,49,Online,Credit Card,COUPONA-ZZ,9.44,AUD
486313,2024-01-06T05:28:52,2024-01-06,144,24,Online,PayPal,COUPON--Z-,6.39,AUD
486339,2024-01-06T02:58:05,2024-01-06,527,35,Retail,Afterpay,COUPONZ0-Z,5.31,AUD
486433,2024-01-06T12:26:11,2024-01-06,473,32,Online,Credit Card,COUPONAAZZ,1.79,AUD
486474,2024-01-06T05:04:25,2024-01-06,724,36,Retail,Credit Card,COUPON---0,0.87,AUD
486600,2024-01-06T14:05:28,2024-01-06,653,5,Retail,PayPal,COUPON---9,3.28,AUD
486607,2024-01-06T02:34:57,2024-01-06,135,46,Online,PayPal,COUPONZ9AA,2.87,AUD
486888,2024-01-06T05:50:02,2024-01-06,99,4,Online,Credit Card,COUPON0-99,4.06,AUD
487152,2024-01-06T01:40:53,2024-01-06,384,18,Retail,PayPal,COUPONAAA-,14.27,AUD
487155,2024-01-06T17:30:22,2024-01-06,484,20,Online,Afterpay,COUPON--Z9,12.74,AUD
487169,2024-01-06T15:28:36,2024-01-06,187,34,Online,Credit Card,COUPON-0-9,8.4,AUD
487397,2024-01-06T06:17:48,2024-01-06,796,39,Online,Afterpay,COUPON-9--,7.05,AUD
487629,2024-01-06T08:18:14,2024-01-06,684,21,Online,Afterpay,COUPONA--9,4.12,AUD
487686,2024-01-06T08:18:56,2024-01-06,670,30,Retail,Credit Card,COUPON9-9-,19.69,AUD
487735,2024-01-06T19:26:13,2024-01-06,508,18,Retail,Afterpay,COUPON9--Z,0.82,AUD
487751,2024-01-06T13:37:45,2024-01-06,772,8,Retail,Credit Card,COUPONZ--9,2.86,AUD
487835,2024-01-06T07:05:25,2024-01-06,381,26,Retail,Afterpay,COUPON0A9Z,9.29,AUD
487859,2024-01-06T09:41:40,2024-01-06,583,43,Online,PayPal,COUPONZ-A0,2.29,AUD
487934,2024-01-06T08:54:35,2024-01-06,753,47,Online,Credit Card,COUPON-Z9-,13.38,AUD
488162,2024-01-06T09:35:09,2024-01-06,228,18,Online,PayPal,COUPON0-9Z,19.81,AUD
488493,2024-01-06T16:56:21,2024-01-06,625,25,Retail,Afterpay,COUPONAZZ9,13.54,AUD
488507,2024-01-06T20:46:22,2024-01-06,391,44,Online,Afterpay,COUPONA9Z9,1.13,AUD
488679,2024-01-06T02:12:09,2024-01-06,532,34,Online,Credit Card,COUPON9---,0.93,AUD
488696,2024-01-06T00:14:54,2024-01-06,267,17,Retail,PayPal,COUPON-0Z-,1.48,AUD
488766,2024-01-06T20:05:25,2024-01-06,375,30,Online,Afterpay,COUPON-0AZ,2.79,AUD
489030,2024-01-06T05:13:15,2024-01-06,737,33,Retail,PayPal,COUPON--A-,10.96,AUD
489358,2024-01-06T16:22:53,2024-01-06,86,17,Retail,Afterpay,COUPON9Z00,9.97,AUD
489381,2024-01-06T02:29:17,2024-01-06,510,29,Retail,Credit Card,COUPON-0--,7.71,AUD
489461,2024-01-06T17:17:18,2024-01-06,167,13,Retail,PayPal,COUPON9Z0Z,8.12,AUD
489478,2024-01-06T08:15:48,2024-01-06,690,3,Online,Afterpay,COUPON--99,8.69,AUD
489543,2024-01-06T05:49:58,2024-01-06,516,6,Retail,PayPal,COUPONA00A,7.49,AUD
489742,2024-01-06T07:00:43,2024-01-06,597,37,Retail,PayPal,COUPON9-Z-,0.49,AUD
489802,2024-01-06T13:49:53,2024-01-06,205,3,Online,Credit Card,COUPON0-Z-,14.2,AUD
489813,2024-01-06T08:53:13,2024-01-06,209,23,Online,Afterpay,COUPON-0Z0,7.87,AUD
489913,2024-01-06T15:25:00,2024-01-06,397,38,Retail,Credit Card,COUPONZ9Z9,17.6,AUD
490053,2024-01-06T23:57:23,2024-01-06,470,30,Retail,Credit Card,COUPON0-9-,8.33,AUD
490180,2024-01-06T14:27:50,2024-01-06,774,41,Online,Afterpay,COUPONA0--,7.47,AUD
490201,2024-01-06T13:56:26,2024-01-06,145,24,Online,PayPal,COUPONZZ-Z,4.33,AUD
490276,2024-01-06T10:02:52,2024-01-06,149,22,Online,Afterpay,COUPON09AA,15.23,AUD
490308,2024-01-06T20:01:26,2024-01-06,653,12,Online,Afterpay,COUPON-9ZA,7.61,AUD
490314,2024-01-06T02:34:29,2024-01-06,725,15,Online,Credit Card,COUPONZ09A,16.27,AUD
490341,2024-01-06T07:21:06,2024-01-06,743,44,Retail,Credit Card,COUPONZZ-0,12.28,AUD
490612,2024-01-06T23:29:32,2024-01-06,700,14,Online,PayPal,COUPON--00,19.66,AUD
490753,2024-01-06T19:30:26,2024-01-06,677,31,Online,Afterpay,COUPON----,9.47,AUD
490835,2024-01-06T16:25:07,2024-01-06,248,47,Retail,Afterpay,COUPON0Z--,9.54,AUD
491083,2024-01-06T21:46:48,2024-01-06,202,15,Online,Credit Card,COUPON90ZA,6.38,AUD
491170,2024-01-06T05:17:44,2024-01-06,110,47,Retail,Credit Card,COUPON-0A-,6.58,AUD
491296,2024-01-06T21:38:18,2024-01-06,149,21,Online,PayPal,COUPON-A9Z,4.87,AUD
491381,2024-01-06T06:20:14,2024-01-06,615,43,Retail,Credit Card,COUPON-ZA0,3.35,AUD
491685,2024-01-06T05:40:54,2024-01-06,362,39,Online,PayPal,COUPONZ-0-,2.98,AUD
491770,2024-01-06T04:12:50,2024-01-06,363,2,Online,PayPal,COUPON-9Z-,1.91,AUD
491790,2024-01-06T11:18:54,2024-01-06,18,12,Online,Credit Card,COUPON0Z0A,14.55,AUD
491833,2024-01-06T18:02:20,2024-01-06,107,43,Online,PayPal,COUPONZ9-A,15.84,AUD
491998,2024-01-06T10:36:00,2024-01-06,33,6,Retail,PayPal,COUPON009A,14.56,AUD
492123,2024-01-06T12:15:09,2024-01-06,735,5,Retail,Credit Card,COUPON-ZAA,6.54,AUD
492224,2024-01-06T13:47:33,2024-01-06,371,8,Retail,Afterpay,COUPON09Z-,10.94,AUD
492338,2024-01-06T12:42:30,2024-01-06,236,19,Online,Credit Card,COUPON0A--,17.2,AUD
492348,2024-01-06T06:42:53,2024-01-06,657,29,Retail,Afterpay,COUPONZZ-A,14.01,AUD
492363,2024-01-06T01:50:10,2024-01-06,94,37,Online,Afterpay,COUPON-Z-0,6.96,AUD
492451,2024-01-06T23:47:58,2024-01-06,281,4,Retail,Afterpay,COUPONZ-Z9,5.4,AUD
492470,2024-01-06T06:24:03,2024-01-06,725,33,Retail,Credit Card,COUPON9---,9.3,AUD
492501,2024-01-06T16:09:31,2024-01-06,780,6,Retail,Afterpay,COUPON0009,11.74,AUD
492576,2024-01-06T20:07:01,2024-01-06,361,36,Online,Afterpay,COUPONZA-0,13.09,AUD
492616,2024-01-06T09:17:54,2024-01-06,606,9,Retail,Credit Card,COUPONZ00-,10.53,AUD
492756,2024-01-06T02:58:06,2024-01-06,38,38,Online,Credit Card,COUPON-0-A,6.98,AUD
492885,2024-01-06T03:54:39,2024-01-06,178,47,Retail,Credit Card,COUPON0---,18.21,AUD
492957,2024-01-06T15:35:59,2024-01-06,458,5,Retail,PayPal,COUPON999-,9.56,AUD
493330,2024-01-06T22:22:56,2024-01-06,280,28,Retail,Afterpay,COUPONA--A,9.3,AUD
493417,2024-01-06T16:01:28,2024-01-06,122,3,Online,Afterpay,COUPON0-Z-,2.89,AUD
493439,2024-01-06T01:26:08,2024-01-06,509,49,Retail,Credit Card,COUPONZ9AA,10.58,AUD
493750,2024-01-06T12:56:18,2024-01-06,150,48,Online,PayPal,COUPONA-9-,8.24,AUD
493785,2024-01-06T01:43:48,2024-01-06,67,26,Retail,Credit Card,COUPONA--9,3.27,AUD
493817,2024-01-06T22:30:15,2024-01-06,33,14,Retail,Credit Card,COUPONA9A9,15.28,AUD
493860,2024-01-06T09:28:23,2024-01-06,126,16,Online,Credit Card,COUPON9-9-,19.45,AUD
494027,2024-01-06T03:35:30,2024-01-06,743,17,Online,PayPal,COUPON0-9A,9.24,AUD
494230,2024-01-06T16:22:08,2024-01-06,510,15,Online,PayPal,COUPON--AZ,1.79,AUD
494237,2024-01-06T11:16:48,2024-01-06,119,32,Online,Credit Card,COUPONA0A0,5.72,AUD
494358,2024-01-06T01:46:34,2024-01-06,149,6,Retail,PayPal,COUPONZZZ0,9.81,AUD
494485,2024-01-06T22:31:11,2024-01-06,652,38,Retail,PayPal,COUPONZA9-,5.7,AUD
494547,2024-01-06T18:14:08,2024-01-06,540,27,Retail,PayPal,COUPONZZZ-,5.39,AUD
494664,2024-01-06T10:44:16,2024-01-06,490,37,Retail,Afterpay,COUPON0-9-,12.76,AUD
494788,2024-01-06T18:22:20,2024-01-06,280,26,Online,Credit Card,COUPON--9A,13.4,AUD
495008,2024-01-06T14:21:31,2024-01-06,426,34,Online,Credit Card,COUPONA--9,13.5,AUD
495022,2024-01-06T20:28:14,2024-01-06,604,49,Online,Afterpay,COUPON--9-,15.46,AUD
495186,2024-01-06T03:21:32,2024-01-06,582,34,Retail,Credit Card,COUPON--0A,15.44,AUD
495238,2024-01-06T18:22:53,2024-01-06,138,48,Retail,Credit Card,COUPON0---,11.92,AUD
495268,2024-01-06T08:17:39,2024-01-06,417,8,Retail,Credit Card,COUPON-ZA-,15.48,AUD
495365,2024-01-06T16:32:53,2024-01-06,588,49,Retail,Afterpay,COUPONZ9A0,9.54,AUD
495401,2024-01-06T04:56:07,2024-01-06,786,46,Retail,Afterpay,COUPON990A,14.58,AUD
495496,2024-01-06T23:33:59,2024-01-06,705,22,Online,Afterpay,COUPON-9Z9,8.59,AUD
495525,2024-01-06T00:49:25,2024-01-06,132,4,Retail,PayPal,COUPON-099,7.55,AUD
495611,2024-01-06T22:34:11,2024-01-06,744,20,Retail,Credit Card,COUPON--99,2.1,AUD
495730,2024-01-06T13:44:07,2024-01-06,489,32,Online,Credit Card,COUPON---0,12.43,AUD
495774,2024-01-06T23:40:14,2024-01-06,467,49,Online,Credit Card,COUPON-0Z0,8.37,AUD
495895,2024-01-06T14:07:23,2024-01-06,577,4,Retail,PayPal,COUPON09-Z,0.24,AUD
495931,2024-01-06T23:38:48,2024-01-06,467,42,Retail,Afterpay,COUPON-A-0,3.3,AUD
495971,2024-01-06T02:22:05,2024-01-06,23,28,Retail,Afterpay,COUPON0-A-,7.62,AUD
495991,2024-01-06T15:05:59,2024-01-06,778,22,Online,PayPal,COUPON-9-Z,14.95,AUD
496243,2024-01-06T06:24:24,2024-01-06,685,36,Retail,Afterpay,COUPONZ-ZA,4.04,AUD
496464,2024-01-06T07:35:04,2024-01-06,181,31,Retail,PayPal,COUPONZ99-,18.15,AUD
496709,2024-01-06T04:39:03,2024-01-06,667,28,Retail,PayPal,COUPONZ-A9,11.5,AUD
496871,2024-01-06T21:28:06,2024-01-06,292,42,Online,Afterpay,COUPONZ9AZ,9.74,AUD
496997,2024-01-06T14:02:58,2024-01-06,242,38,Retail,PayPal,COUPON-AZ9,2.83,AUD
497168,2024-01-06T03:13:16,2024-01-06,14,14,Online,Afterpay,COUPON----,3.43,AUD
497223,2024-01-06T06:12:06,2024-01-06,415,21,Retail,PayPal,COUPON09A9,11.27,AUD
497224,2024-01-06T22:32:20,2024-01-06,6,32,Online,PayPal,COUPONZA-9,10.61,AUD
497317,2024-01-06T08:18:54,2024-01-06,727,45,Retail,Afterpay,COUPONZ-0A,9.95,AUD
497323,2024-01-06T19:53:09,2024-01-06,380,20,Online,Credit Card,COUPON9-A-,8.49,AUD
497406,2024-01-06T21:44:07,2024-01-06,212,22,Retail,Credit Card,COUPONA-Z0,8.5,AUD
497457,2024-01-06T17:20:19,2024-01-06,283,48,Retail,Afterpay,COUPONA-Z0,4.79,AUD
497508,2024-01-06T05:53:01,2024-01-06,342,21,Retail,Credit Card,COUPONA-ZZ,18.44,AUD
497756,2024-01-06T13:17:25,2024-01-06,290,37,Online,Afterpay,COUPON9-00,3.26,AUD
497765,2024-01-06T01:42:38,2024-01-06,346,11,Retail,PayPal,COUPONA-A9,19.56,AUD
497783,2024-01-06T16:29:34,2024-01-06,702,15,Retail,PayPal,COUPON0A-9,6.72,AUD
497839,2024-01-06T12:32:58,2024-01-06,636,43,Retail,Afterpay,COUPONZA0-,15.38,AUD
497880,2024-01-06T12:35:24,2024-01-06,612,3,Online,Afterpay,COUPONAZ--,0.02,AUD
497887,2024-01-06T11:26:49,2024-01-06,610,20,Online,PayPal,COUPON-ZA9,3.39,AUD
497944,2024-01-06T21:01:23,2024-01-06,615,18,Online,Afterpay,COUPON-9A0,0.5,AUD
497982,2024-01-06T22:22:02,2024-01-06,781,47,Online,Afterpay,COUPON0---,13.81,AUD
498085,2024-01-06T17:20:46,2024-01-06,246,31,Online,PayPal,COUPON0Z9-,5.3,AUD
498114,2024-01-06T10:47:54,2024-01-06,636,32,Retail,Credit Card,COUPON9-A-,17.11,AUD
498620,2024-01-06T18:54:43,2024-01-06,393,38,Online,Afterpay,COUPON9Z0-,9.55,AUD
498720,2024-01-06T13:41:41,2024-01-06,384,45,Retail,Afterpay,COUPONZ0Z9,5.6,AUD
498725,2024-01-06T11:36:31,2024-01-06,536,3,Online,Credit Card,COUPONZ99Z,9.32,AUD
498727,2024-01-06T09:53:42,2024-01-06,525,20,Online,Afterpay,COUPON99A-,15.03,AUD
498830,2024-01-06T12:56:40,2024-01-06,234,37,Retail,PayPal,COUPON9-AZ,17.48,AUD
498864,2024-01-06T10:04:03,2024-01-06,81,24,Online,Afterpay,COUPON--ZA,10.93,AUD
498918,2024-01-06T15:01:07,2024-01-06,161,29,Online,Credit Card,COUPON009-,17.32,AUD
499156,2024-01-06T12:05:59,2024-01-06,7,43,Retail,Credit Card,COUPON-A-9,15.73,AUD
499418,2024-01-06T21:12:39,2024-01-06,519,7,Online,PayPal,COUPONA0-A,16.74,AUD
499489,2024-01-06T09:49:28,2024-01-06,383,12,Retail,Afterpay,COUPON009A,9.04,AUD
499563,2024-01-06T05:03:23,2024-01-06,425,37,Retail,Credit Card,COUPON-99A,13.32,AUD
499582,2024-01-06T13:36:53,2024-01-06,439,24,Online,Afterpay,COUPON--0Z,2.18,AUD
499592,2024-01-06T19:31:55,2024-01-06,176,40,Online,PayPal,COUPON09AA,11.9,AUD
499639,2024-01-06T11:43:26,2024-01-06,571,8,Online,Afterpay,COUPONZAA-,11.11,AUD
499807,2024-01-06T00:25:44,2024-01-06,761,32,Retail,Credit Card,COUPON-9-Z,7.85,AUD
499936,2024-01-06T14:02:07,2024-01-06,397,47,Retail,Afterpay,COUPON00--,15.53,AUD
499953,2024-01-06T07:18:06,2024-01-06,316,18,Retail,PayPal,COUPON0A00,2.26,AUD
500127,2024-01-06T13:18:01,2024-01-06,292,17,Retail,Afterpay,COUPON-Z0-,11.87,AUD
500358,2024-01-06T19:10:26,2024-01-06,552,23,Online,Afterpay,COUPON09AA,10.49,AUD
500401,2024-01-06T22:48:48,2024-01-06,767,1,Retail,PayPal,COUPON-999,5.21,AUD
500511,2024-01-06T16:46:58,2024-01-06,667,31,Online,Credit Card,COUPONA99-,6.48,AUD
500677,2024-01-06T04:46:12,2024-01-06,191,35,Online,PayPal,COUPONA9ZA,15.29,AUD
500681,2024-01-06T12:24:35,2024-01-06,57,49,Online,Afterpay,COUPON0-0-,16.27,AUD
500803,2024-01-06T12:05:41,2024-01-06,695,10,Online,Credit Card,COUPONZZ90,17.25,AUD
500887,2024-01-06T07:06:20,2024-01-06,161,16,Online,Afterpay,COUPONA9-9,2.64,AUD
500893,2024-01-06T18:33:00,2024-01-06,229,16,Online,PayPal,COUPONAA0-,3.4,AUD
500950,2024-01-06T20:26:24,2024-01-06,528,7,Retail,Afterpay,COUPON9Z0-,14.13,AUD
501201,2024-01-06T00:06:49,2024-01-06,726,35,Retail,Credit Card,COUPON--09,19.09,AUD
501261,2024-01-06T01:50:29,2024-01-06,432,47,Retail,PayPal,COUPONAA-Z,14.02,AUD
501284,2024-01-06T13:33:32,2024-01-06,424,41,Retail,PayPal,COUPON-ZA-,7.39,AUD
501301,2024-01-06T03:04:36,2024-01-06,25,22,Retail,Afterpay,COUPON00-9,6.95,AUD
501342,2024-01-06T06:22:43,2024-01-06,303,19,Online,Credit Card,COUPONAZ--,1.23,AUD
501393,2024-01-06T17:07:19,2024-01-06,181,37,Retail,Afterpay,COUPON-Z-9,10.02,AUD
501481,2024-01-06T02:20:40,2024-01-06,596,40,Retail,PayPal,COUPON-9--,16.25,AUD
501484,2024-01-06T02:26:38,2024-01-06,133,32,Retail,Afterpay,COUPON---9,17.34,AUD
501565,2024-01-06T23:31:16,2024-01-06,603,43,Online,Credit Card,COUPON-9-9,10.44,AUD
501622,2024-01-06T04:03:03,2024-01-06,127,36,Online,Credit Card,COUPONA0-0,15.97,AUD
501697,2024-01-06T10:00:35,2024-01-06,368,3,Retail,Afterpay,COUPON-AAA,3.86,AUD
501874,2024-01-06T21:42:31,2024-01-06,426,31,Online,Afterpay,COUPON0-Z0,5.77,AUD
501879,2024-01-06T02:32:54,2024-01-06,504,22,Retail,PayPal,COUPON-ZA-,9.81,AUD
501923,2024-01-06T02:51:50,2024-01-06,678,11,Online,PayPal,COUPONAA-9,17.88,AUD
501940,2024-01-06T21:12:34,2024-01-06,343,6,Online,Credit Card,COUPON-0-9,18.94,AUD
501941,2024-01-06T19:50:01,2024-01-06,733,40,Retail,Credit Card,COUPON0-Z-,4.51,AUD
501944,2024-01-06T14:33:29,2024-01-06,133,42,Retail,Afterpay,COUPON9090,7.66,AUD
502023,2024-01-06T16:11:20,2024-01-06,409,10,Online,PayPal,COUPON-0-Z,10.84,AUD
502032,2024-01-06T03:25:34,2024-01-06,44,42,Retail,PayPal,COUPONA9-Z,19.33,AUD
502049,2024-01-06T22:51:25,2024-01-06,76,4,Online,Afterpay,COUPONAZZ9,13.64,AUD
502146,2024-01-06T18:42:03,2024-01-06,449,9,Retail,Credit Card,COUPONA9-Z,18.58,AUD
502298,2024-01-06T16:25:34,2024-01-06,361,9,Online,Credit Card,COUPON--99,16.06,AUD
502300,2024-01-06T02:16:49,2024-01-06,568,20,Online,Afterpay,COUPONA-A-,6.92,AUD
502380,2024-01-06T02:11:43,2024-01-06,432,24,Online,Credit Card,COUPON0-A-,8.43,AUD
502443,2024-01-06T16:04:24,2024-01-06,72,39,Online,PayPal,COUPONZZ-0,13.47,AUD
502509,2024-01-06T11:07:33,2024-01-06,427,19,Retail,PayPal,COUPONA---,6.58,AUD
502666,2024-01-06T13:34:43,2024-01-06,125,4,Retail,Credit Card,COUPONA0Z-,14.98,AUD
502708,2024-01-06T00:55:42,2024-01-06,373,47,Online,PayPal,COUPON-9--,11.59,AUD
502758,2024-01-06T19:37:25,2024-01-06,217,38,Retail,Credit Card,COUPON9-9-,10.21,AUD
502774,2024-01-06T20:47:49,2024-01-06,621,44,Retail,Credit Card,COUPONA-Z0,5.48,AUD
503181,2024-01-06T11:17:42,2024-01-06,535,29,Retail,Afterpay,COUPON--0-,18.36,AUD
503240,2024-01-06T18:50:36,2024-01-06,256,45,Online,Afterpay,COUPON-Z0A,10.04,AUD
503266,2024-01-06T04:40:33,2024-01-06,223,36,Online,PayPal,COUPON-0A0,7.59,AUD
503329,2024-01-06T22:18:19,2024-01-06,413,42,Online,Credit Card,COUPON990-,6.42,AUD
503367,2024-01-06T23:12:44,2024-01-06,779,32,Retail,Credit Card,COUPONA00-,18.32,AUD
503390,2024-01-06T05:40:09,2024-01-06,152,19,Online,Afterpay,COUPON0Z--,3.74,AUD
503557,2024-01-06T18:06:59,2024-01-06,341,42,Online,Afterpay,COUPON---0,6.45,AUD
503694,2024-01-06T20:37:20,2024-01-06,9,25,Retail,PayPal,COUPON9--9,7.73,AUD
503698,2024-01-06T09:09:38,2024-01-06,418,6,Online,Credit Card,COUPONZ0ZA,5.71,AUD
503703,2024-01-06T14:06:38,2024-01-06,699,20,Online,Credit Card,COUPON----,5.8,AUD
503758,2024-01-06T09:15:36,2024-01-06,65,6,Retail,PayPal,COUPON-ZA-,5.93,AUD
504054,2024-01-06T20:09:55,2024-01-06,730,28,Retail,Afterpay,COUPON9A00,14.93,AUD
504274,2024-01-06T22:35:21,2024-01-06,598,7,Retail,PayPal,COUPON9-99,9.86,AUD
504352,2024-01-06T08:02:25,2024-01-06,489,45,Online,Afterpay,COUPON0ZZA,17.28,AUD
504371,2024-01-06T05:38:37,2024-01-06,728,5,Online,Credit Card,COUPONA-Z-,16.82,AUD
504420,2024-01-06T04:55:24,2024-01-06,443,8,Online,Credit Card,COUPON-Z--,7.68,AUD
504593,2024-01-06T09:43:10,2024-01-06,126,23,Online,Credit Card,COUPON----,1.3,AUD
504596,2024-01-06T00:16:18,2024-01-06,241,20,Retail,PayPal,COUPONA--A,6.77,AUD
504654,2024-01-06T10:11:29,2024-01-06,238,42,Online,PayPal,COUPON9090,12.68,AUD
504724,2024-01-06T20:57:25,2024-01-06,432,6,Online,Credit Card,COUPON9A-Z,17.51,AUD
504834,2024-01-06T14:56:37,2024-01-06,567,16,Retail,PayPal,COUPON-Z9-,0.45,AUD
504869,2024-01-06T20:13:16,2024-01-06,410,28,Online,PayPal,COUPON-999,11.8,AUD
505004,2024-01-06T08:15:27,2024-01-06,596,30,Retail,PayPal,COUPONAZA0,3.67,AUD
505017,2024-01-06T21:47:55,2024-01-06,749,1,Retail,Credit Card,COUPON-0A9,7.03,AUD
505139,2024-01-06T15:26:04,2024-01-06,453,7,Online,Afterpay,COUPON-00Z,2.61,AUD
505243,2024-01-06T00:08:51,2024-01-06,549,32,Retail,Afterpay,COUPON09-0,12.27,AUD
505336,2024-01-06T10:38:20,2024-01-06,769,25,Online,Credit Card,COUPONAZ--,16.86,AUD
505396,2024-01-06T09:40:00,2024-01-06,221,28,Online,PayPal,COUPONAAA-,10.4,AUD
505625,2024-01-06T13:28:34,2024-01-06,287,20,Online,Credit Card,COUPON---0,17.12,AUD
505666,2024-01-06T09:41:09,2024-01-06,46,15,Online,Afterpay,COUPONZZA-,1.82,AUD
505892,2024-01-06T23:00:41,2024-01-06,115,22,Retail,Afterpay,COUPON--09,1.26,AUD
505967,2024-01-06T19:30:25,2024-01-06,732,44,Retail,Afterpay,COUPONZA9-,6.24,AUD
506174,2024-01-06T04:32:37,2024-01-06,308,47,Online,Credit Card,COUPON90-9,17.95,AUD
506443,2024-01-06T12:13:39,2024-01-06,77,13,Retail,Afterpay,COUPON0A-A,16.75,AUD
506690,2024-01-06T07:20:09,2024-01-06,594,6,Retail,Afterpay,COUPON99A0,7.13,AUD
506699,2024-01-06T11:29:27,2024-01-06,622,35,Online,PayPal,COUPON-9A-,1.53,AUD
506713,2024-01-06T14:47:58,2024-01-06,525,32,Online,Afterpay,COUPONZZA-,17.69,AUD
506736,2024-01-06T20:34:50,2024-01-06,60,7,Online,PayPal,COUPON-ZZ-,3.6,AUD
506836,2024-01-06T16:22:01,2024-01-06,322,8,Online,PayPal,COUPON-9--,13.0,AUD
506910,2024-01-06T00:07:00,2024-01-06,424,20,Retail,PayPal,COUPON9AZA,7.85,AUD
506916,2024-01-06T19:37:23,2024-01-06,218,6,Online,PayPal,COUPON----,2.71,AUD
506944,2024-01-06T07:04:46,2024-01-06,527,38,Online,Credit Card,COUPON9Z09,15.43,AUD
507079,2024-01-06T09:16:15,2024-01-06,562,25,Online,PayPal,COUPON0A-Z,7.42,AUD
507123,2024-01-06T12:56:50,2024-01-06,144,26,Online,Credit Card,COUPONZ-90,14.25,AUD
507196,2024-01-06T02:31:46,2024-01-06,203,23,Retail,Credit Card,COUPONZA--,0.7,AUD
507278,2024-01-06T03:53:20,2024-01-06,781,9,Retail,PayPal,COUPON-Z9-,12.52,AUD
507286,2024-01-06T05:52:32,2024-01-06,762,14,Retail,PayPal,COUPONZZ--,5.99,AUD
507316,2024-01-06T02:54:17,2024-01-06,191,1,Retail,Credit Card,COUPON-A0-,16.38,AUD
507522,2024-01-06T22:02:34,2024-01-06,211,11,Retail,Afterpay,COUPON-Z-0,16.63,AUD
507697,2024-01-06T10:00:17,2024-01-06,729,5,Online,PayPal,COUPONA-Z0,16.82,AUD
507839,2024-01-06T23:27:40,2024-01-06,184,34,Online,PayPal,COUPON00Z-,19.08,AUD
507874,2024-01-06T09:38:10,2024-01-06,516,26,Online,Afterpay,COUPON-0--,18.69,AUD
507919,2024-01-06T02:01:04,2024-01-06,405,29,Online,Afterpay,COUPON9--0,12.15,AUD
507953,2024-01-06T23:20:45,2024-01-06,399,26,Retail,Credit Card,COUPONZ9-9,4.43,AUD
507997,2024-01-06T09:45:04,2024-01-06,136,27,Online,Credit Card,COUPONZZ00,18.56,AUD
508170,2024-01-06T10:13:07,2024-01-06,472,27,Retail,PayPal,COUPONZ00Z,0.66,AUD
508179,2024-01-06T06:27:01,2024-01-06,322,18,Online,Credit Card,COUPON9AA-,7.04,AUD
508196,2024-01-06T12:33:17,2024-01-06,144,2,Retail,Credit Card,COUPONAA0Z,19.02,AUD
508241,2024-01-06T12:34:41,2024-01-06,353,5,Online,Afterpay,COUPON-0Z-,12.25,AUD
508256,2024-01-06T04:28:32,2024-01-06,281,43,Online,Afterpay,COUPON9A0A,18.16,AUD
508312,2024-01-06T16:27:10,2024-01-06,719,15,Retail,Credit Card,COUPON9Z-0,5.73,AUD
508498,2024-01-06T19:52:53,2024-01-06,757,36,Retail,Afterpay,COUPON90A9,5.07,AUD
508615,2024-01-06T08:38:09,2024-01-06,90,39,Retail,Credit Card,COUPON09-0,11.98,AUD
508660,2024-01-06T11:29:15,2024-01-06,116,45,Online,Credit Card,COUPON9-Z-,11.85,AUD
508758,2024-01-06T22:13:12,2024-01-06,212,9,Online,Afterpay,COUPONAAZZ,8.11,AUD
509129,2024-01-06T18:43:37,2024-01-06,463,49,Retail,Credit Card,COUPONZ-0-,5.64,AUD
509159,2024-01-06T10:20:31,2024-01-06,407,37,Retail,Afterpay,COUPONA-Z-,18.44,AUD
509265,2024-01-06T19:52:45,2024-01-06,272,43,Retail,Credit Card,COUPONZ--9,0.79,AUD
509331,2024-01-06T22:45:12,2024-01-06,343,3,Online,Afterpay,COUPONZ-9-,17.32,AUD
509401,2024-01-06T07:29:33,2024-01-06,257,38,Retail,Afterpay,COUPON0ZA0,13.63,AUD
509434,2024-01-06T23:15:53,2024-01-06,287,41,Online,PayPal,COUPON99A0,9.07,AUD
509467,2024-01-06T00:29:52,2024-01-06,148,39,Online,Afterpay,COUPON0AAA,16.05,AUD
509589,2024-01-06T12:39:46,2024-01-06,293,47,Retail,Credit Card,COUPON---A,5.67,AUD
509600,2024-01-06T02:43:39,2024-01-06,266,10,Online,Afterpay,COUPONZ-0A,18.73,AUD
509696,2024-01-06T16:41:27,2024-01-06,593,40,Retail,Afterpay,COUPONZ-99,4.1,AUD
509947,2024-01-06T02:45:25,2024-01-06,39,49,Retail,Afterpay,COUPON-09Z,4.24,AUD
510029,2024-01-06T09:07:10,2024-01-06,200,7,Online,PayPal,COUPON9AZZ,11.88,AUD
510080,2024-01-06T15:52:20,2024-01-06,180,6,Retail,Credit Card,COUPON---9,13.18,AUD
510094,2024-01-06T00:28:13,2024-01-06,700,26,Online,Credit Card,COUPON0Z0-,12.71,AUD
510206,2024-01-06T20:30:04,2024-01-06,340,2,Online,PayPal,COUPON0-A0,3.2,AUD
510213,2024-01-06T10:09:54,2024-01-06,222,31,Retail,Credit Card,COUPON-0A-,15.05,AUD
510216,2024-01-06T13:06:58,2024-01-06,557,29,Retail,Afterpay,COUPON---Z,8.18,AUD
510312,2024-01-06T02:58:38,2024-01-06,170,43,Retail,Credit Card,COUPON-0-9,0.48,AUD
510435,2024-01-06T22:21:31,2024-01-06,103,36,Retail,PayPal,COUPON-0-A,7.34,AUD
510472,2024-01-06T13:31:24,2024-01-06,414,13,Retail,Afterpay,COUPON0-Z-,17.46,AUD
510505,2024-01-06T18:25:32,2024-01-06,420,19,Retail,Credit Card,COUPON0-0-,15.41,AUD
510597,2024-01-06T16:34:18,2024-01-06,757,18,Retail,Credit Card,COUPON0--9,10.62,AUD
510679,2024-01-06T21:40:31,2024-01-06,64,20,Online,Afterpay,COUPON9-A-,12.44,AUD
510686,2024-01-06T08:36:06,2024-01-06,596,19,Retail,Credit Card,COUPON0-0-,0.6,AUD
510696,2024-01-06T10:01:04,2024-01-06,242,24,Online,PayPal,COUPON9AZ-,19.55,AUD
510794,2024-01-06T11:01:22,2024-01-06,569,43,Online,Afterpay,COUPON--9A,18.44,AUD
510898,2024-01-06T17:14:18,2024-01-06,601,19,Online,Afterpay,COUPON-ZZZ,11.48,AUD
510925,2024-01-06T18:27:30,2024-01-06,31,15,Online,PayPal,COUPON90A0,19.9,AUD
510940,2024-01-06T13:47:05,2024-01-06,298,13,Online,Credit Card,COUPON--0A,19.38,AUD
511049,2024-01-06T19:26:45,2024-01-06,636,27,Retail,Credit Card,COUPONZ-A-,14.98,AUD
511116,2024-01-06T15:07:54,2024-01-06,381,25,Retail,PayPal,COUPONA9-Z,19.94,AUD
511168,2024-01-06T18:13:08,2024-01-06,688,30,Retail,Afterpay,COUPON909-,10.77,AUD
511203,2024-01-06T04:11:30,2024-01-06,514,1,Retail,Afterpay,COUPONA9--,5.52,AUD
511209,2024-01-06T14:58:43,2024-01-06,355,5,Online,PayPal,COUPON-0--,3.4,AUD
511352,2024-01-06T16:15:07,2024-01-06,436,19,Online,Credit Card,COUPONAA-0,16.15,AUD
511400,2024-01-06T12:13:30,2024-01-06,233,39,Online,Credit Card,COUPON0-A9,10.83,AUD
511424,2024-01-06T19:09:35,2024-01-06,109,35,Retail,Credit Card,COUPONAAZZ,17.16,AUD
511566,2024-01-06T05:43:08,2024-01-06,70,15,Retail,PayPal,COUPON90-9,4.88,AUD
511579,2024-01-06T02:56:11,2024-01-06,25,22,Retail,PayPal,COUPON-A0A,14.82,AUD
511747,2024-01-06T12:37:50,2024-01-06,693,10,Retail,Afterpay,COUPON0-Z-,14.75,AUD
511840,2024-01-06T19:14:17,2024-01-06,325,18,Online,PayPal,COUPON9Z9A,4.11,AUD
511922,2024-01-06T17:09:34,2024-01-06,505,39,Online,Credit Card,COUPONZ000,12.23,AUD
512197,2024-01-06T11:31:47,2024-01-06,30,49,Retail,Afterpay,COUPONAZ00,1.69,AUD
512264,2024-01-06T04:40:14,2024-01-06,115,28,Retail,Afterpay,COUPON-A-A,1.93,AUD
512464,2024-01-06T23:52:11,2024-01-06,149,28,Online,Afterpay,COUPON-9-Z,15.14,AUD
512585,2024-01-06T14:53:28,2024-01-06,706,21,Retail,Credit Card,COUPONZ0-0,14.42,AUD
512728,2024-01-06T15:33:41,2024-01-06,101,35,Retail,Afterpay,COUPON-9Z-,18.88,AUD
512758,2024-01-06T02:15:38,2024-01-06,480,8,Online,Afterpay,COUPON9-0Z,12.89,AUD
512862,2024-01-06T11:17:21,2024-01-06,337,42,Retail,Credit Card,COUPON0-0-,19.24,AUD
513009,2024-01-06T14:27:32,2024-01-06,225,8,Retail,Afterpay,COUPON---9,15.38,AUD
513123,2024-01-06T15:26:50,2024-01-06,556,41,Online,Credit Card,COUPONA0-A,16.54,AUD
513125,2024-01-06T11:02:15,2024-01-06,309,25,Retail,PayPal,COUPON90-0,1.95,AUD
513174,2024-01-06T20:07:39,2024-01-06,422,3,Retail,Afterpay,COUPON009A,13.19,AUD
513195,2024-01-06T12:22:11,2024-01-06,29,39,Online,Credit Card,COUPON90--,4.7,AUD
513242,2024-01-06T07:19:51,2024-01-06,171,42,Retail,Credit Card,COUPON-Z-0,14.79,AUD
513362,2024-01-06T12:09:12,2024-01-06,597,23,Online,Credit Card,COUPONA9Z9,19.23,AUD
513363,2024-01-06T17:29:01,2024-01-06,450,12,Retail,Credit Card,COUPON0-A0,0.69,AUD
513420,2024-01-06T15:39:12,2024-01-06,331,9,Online,Credit Card,COUPONZ9-0,2.02,AUD
513649,2024-01-06T10:58:48,2024-01-06,599,49,Online,Credit Card,COUPONZZ09,14.79,AUD
513672,2024-01-06T13:39:46,2024-01-06,54,41,Online,Afterpay,COUPON0--A,3.29,AUD
513675,2024-01-06T03:56:38,2024-01-06,593,46,Online,Afterpay,COUPONAA9A,5.98,AUD
513700,2024-01-06T05:09:09,2024-01-06,453,32,Online,Afterpay,COUPON-0ZZ,15.78,AUD
513718,2024-01-06T12:30:34,2024-01-06,99,28,Online,PayPal,COUPON-Z-Z,14.07,AUD
513895,2024-01-06T13:28:47,2024-01-06,764,14,Retail,Afterpay,COUPONA-ZZ,15.16,AUD
513898,2024-01-06T22:21:15,2024-01-06,526,33,Retail,Afterpay,COUPONZAA9,3.86,AUD
514102,2024-01-06T05:06:48,2024-01-06,73,47,Online,Afterpay,COUPON00AA,1.24,AUD
514194,2024-01-06T15:45:12,2024-01-06,721,38,Online,PayPal,COUPON-9Z9,5.12,AUD
514253,2024-01-06T06:55:13,2024-01-06,476,35,Online,Afterpay,COUPONZ--9,6.32,AUD
514331,2024-01-06T17:14:39,2024-01-06,536,15,Retail,Afterpay,COUPON09A-,16.15,AUD
514455,2024-01-06T07:25:29,2024-01-06,678,48,Online,Afterpay,COUPON9-09,8.44,AUD
514503,2024-01-06T12:11:03,2024-01-06,727,28,Online,Credit Card,COUPON0A0-,15.14,AUD
514549,2024-01-06T15:26:18,2024-01-06,776,27,Retail,Credit Card,COUPONAAA0,8.94,AUD
514611,2024-01-06T23:29:14,2024-01-06,721,13,Retail,Afterpay,COUPONZ-A-,11.87,AUD
514620,2024-01-06T15:02:37,2024-01-06,720,47,Online,Credit Card,COUPON--90,11.56,AUD
515120,2024-01-06T23:16:36,2024-01-06,122,9,Online,Credit Card,COUPON---0,10.7,AUD
515199,2024-01-06T18:35:54,2024-01-06,617,35,Retail,PayPal,COUPONA0-9,7.57,AUD
515358,2024-01-06T20:23:43,2024-01-06,745,14,Retail,Credit Card,COUPON09--,9.39,AUD
515579,2024-01-06T16:46:58,2024-01-06,513,43,Online,PayPal,COUPONA--A,6.04,AUD
515619,2024-01-06T06:31:35,2024-01-06,645,22,Online,PayPal,COUPONAZZ-,8.67,AUD
515752,2024-01-06T04:52:26,2024-01-06,155,27,Online,Credit Card,COUPONA0AA,2.63,AUD
515861,2024-01-06T22:44:29,2024-01-06,115,4,Online,PayPal,COUPON00A-,18.78,AUD
515865,2024-01-06T18:56:32,2024-01-06,541,12,Online,PayPal,COUPON9ZA9,13.85,AUD
515994,2024-01-06T17:24:52,2024-01-06,559,40,Online,Credit Card,COUPON-99Z,14.37,AUD
516022,2024-01-06T16:48:00,2024-01-06,55,46,Online,PayPal,COUPON---A,17.33,AUD
516150,2024-01-06T02:21:49,2024-01-06,150,19,Online,Credit Card,COUPON0A-A,14.74,AUD
516194,2024-01-06T04:45:41,2024-01-06,285,17,Online,Afterpay,COUPON-Z-Z,9.1,AUD
516197,2024-01-06T21:09:52,2024-01-06,412,48,Retail,Credit Card,COUPON9AAZ,12.37,AUD
516215,2024-01-06T12:46:09,2024-01-06,748,16,Retail,PayPal,COUPONZ---,5.65,AUD
516271,2024-01-06T23:19:20,2024-01-06,783,12,Online,Afterpay,COUPONA--9,9.63,AUD
516277,2024-01-06T14:07:29,2024-01-06,54,21,Retail,Credit Card,COUPON-ZA0,5.72,AUD
516460,2024-01-06T13:11:04,2024-01-06,597,41,Online,PayPal,COUPON-0Z-,0.22,AUD
516586,2024-01-06T04:52:41,2024-01-06,218,11,Online,Credit Card,COUPONZZ-Z,3.84,AUD
516630,2024-01-06T15:21:28,2024-01-06,278,9,Online,Credit Card,COUPON90-A,14.98,AUD
516653,2024-01-06T13:29:29,2024-01-06,174,17,Online,PayPal,COUPON-9AZ,9.55,AUD
516656,2024-01-06T03:54:06,2024-01-06,405,16,Retail,PayPal,COUPON-9A-,1.07,AUD
516731,2024-01-06T02:25:27,2024-01-06,187,32,Online,Credit Card,COUPON9AA-,18.56,AUD
516733,2024-01-06T04:57:24,2024-01-06,653,2,Online,PayPal,COUPON-Z09,0.37,AUD
516875,2024-01-06T14:50:58,2024-01-06,339,30,Retail,Credit Card,COUPON9--Z,7.52,AUD
516966,2024-01-06T06:27:01,2024-01-06,769,23,Retail,Credit Card,COUPON99Z9,4.65,AUD
516989,2024-01-06T06:02:48,2024-01-06,771,2,Online,PayPal,COUPON0-Z0,9.46,AUD
517164,2024-01-06T15:26:17,2024-01-06,512,6,Retail,PayPal,COUPONAAZZ,2.64,AUD
517206,2024-01-06T12:52:52,2024-01-06,565,47,Retail,PayPal,COUPON----,17.97,AUD
517311,2024-01-06T13:51:40,2024-01-06,258,20,Retail,Afterpay,COUPON-Z0Z,3.74,AUD
517527,2024-01-06T13:11:30,2024-01-06,730,47,Online,Credit Card,COUPON9A--,9.67,AUD
517544,2024-01-06T06:47:03,2024-01-06,108,27,Online,Credit Card,COUPON0-A-,2.7,AUD
517747,2024-01-06T22:11:07,2024-01-06,506,28,Online,Credit Card,COUPON-AA-,10.8,AUD
517914,2024-01-06T03:56:32,2024-01-06,494,14,Retail,Credit Card,COUPON9A-0,7.53,AUD
517950,2024-01-06T16:03:02,2024-01-06,352,13,Online,Afterpay,COUPON0999,3.97,AUD
518048,2024-01-06T02:42:11,2024-01-06,708,39,Retail,Afterpay,COUPON--Z-,19.66,AUD
518116,2024-01-06T14:26:42,2024-01-06,788,24,Online,Afterpay,COUPONA9--,3.57,AUD
518142,2024-01-06T02:13:30,2024-01-06,417,34,Online,PayPal,COUPONZ--A,4.72,AUD
518297,2024-01-06T23:55:37,2024-01-06,654,9,Online,Afterpay,COUPON0--0,4.95,AUD
518308,2024-01-06T08:18:12,2024-01-06,183,45,Retail,PayPal,COUPON9-A-,8.27,AUD
518390,2024-01-06T08:57:59,2024-01-06,431,13,Online,PayPal,COUPON-A-9,1.52,AUD
518459,2024-01-06T21:20:42,2024-01-06,753,12,Retail,Afterpay,COUPON990-,5.17,AUD
518548,2024-01-06T10:34:09,2024-01-06,606,3,Online,PayPal,COUPON9-0-,16.87,AUD
518655,2024-01-06T01:19:37,2024-01-06,667,40,Retail,PayPal,COUPONZ90Z,13.86,AUD
518731,2024-01-06T05:32:16,2024-01-06,585,13,Retail,PayPal,COUPONZ09Z,2.66,AUD
518854,2024-01-06T08:33:15,2024-01-06,682,18,Retail,PayPal,COUPON9999,5.57,AUD
518963,2024-01-06T00:13:23,2024-01-06,795,28,Online,Credit Card,COUPON--0Z,10.39,AUD
518998,2024-01-06T23:24:57,2024-01-06,610,30,Retail,Afterpay,COUPON0900,15.32,AUD
519161,2024-01-06T11:22:10,2024-01-06,241,44,Online,Credit Card,COUPON-0-0,12.73,AUD
519436,2024-01-06T06:24:36,2024-01-06,315,21,Online,Afterpay,COUPON0-00,14.99,AUD
519483,2024-01-06T13:57:09,2024-01-06,317,25,Online,Afterpay,COUPON9099,11.86,AUD
519741,2024-01-06T04:03:36,2024-01-06,467,39,Online,Afterpay,COUPON9-0-,0.77,AUD
519987,2024-01-06T17:57:05,2024-01-06,647,6,Retail,Credit Card,COUPON0ZA0,7.93,AUD
520229,2024-01-06T14:30:08,2024-01-06,168,12,Online,Credit Card,COUPON-0Z-,5.51,AUD
520235,2024-01-06T16:26:55,2024-01-06,353,15,Online,Afterpay,COUPONA-0-,3.41,AUD
520237,2024-01-06T06:15:54,2024-01-06,352,17,Retail,Afterpay,COUPON-009,18.65,AUD
520242,2024-01-06T13:35:12,2024-01-06,370,13,Retail,Afterpay,COUPON-9-9,17.74,AUD
520297,2024-01-06T23:14:51,2024-01-06,331,32,Retail,Afterpay,COUPONA0A-,9.45,AUD
520399,2024-01-06T03:37:37,2024-01-06,178,23,Retail,Afterpay,COUPON--A0,5.87,AUD
520443,2024-01-06T22:33:41,2024-01-06,484,22,Retail,PayPal,COUPON-9-Z,17.71,AUD
520523,2024-01-06T17:10:32,2024-01-06,550,36,Retail,Afterpay,COUPON-A-0,0.11,AUD
520534,2024-01-06T21:54:53,2024-01-06,356,3,Retail,Afterpay,COUPONZAA9,1.17,AUD
520626,2024-01-06T16:06:08,2024-01-06,473,49,Online,Afterpay,COUPON0Z00,17.16,AUD
520647,2024-01-06T07:32:46,2024-01-06,559,20,Online,PayPal,COUPON9ZZA,8.34,AUD
520649,2024-01-06T19:35:19,2024-01-06,335,7,Retail,PayPal,COUPONAAAA,18.11,AUD
520721,2024-01-06T11:06:34,2024-01-06,546,49,Online,PayPal,COUPONZZ-Z,18.73,AUD
520741,2024-01-06T05:25:56,2024-01-06,494,18,Retail,PayPal,COUPON-90-,6.09,AUD
521047,2024-01-06T11:47:53,2024-01-06,531,2,Online,PayPal,COUPON9ZAZ,0.71,AUD
521056,2024-01-06T21:04:31,2024-01-06,673,45,Retail,Credit Card,COUPON0--Z,15.27,AUD
521062,2024-01-06T07:49:29,2024-01-06,136,10,Retail,Afterpay,COUPON---A,1.75,AUD
521126,2024-01-06T13:36:00,2024-01-06,326,26,Online,Afterpay,COUPON----,14.36,AUD
521221,2024-01-06T22:29:49,2024-01-06,787,9,Online,Afterpay,COUPON-999,5.3,AUD
521275,2024-01-06T15:18:15,2024-01-06,504,26,Online,Credit Card,COUPONZ009,16.37,AUD
521303,2024-01-06T08:50:59,2024-01-06,97,4,Online,Credit Card,COUPON----,7.2,AUD
521310,2024-01-06T18:32:37,2024-01-06,297,38,Retail,PayPal,COUPON0-A-,19.8,AUD
521449,2024-01-06T00:36:16,2024-01-06,728,13,Retail,PayPal,COUPON99Z9,14.67,AUD
521553,2024-01-06T13:45:25,2024-01-06,644,47,Retail,PayPal,COUPONZ---,1.62,AUD
521618,2024-01-06T00:02:19,2024-01-06,759,16,Retail,Credit Card,COUPONAA-0,9.86,AUD
521619,2024-01-06T04:58:39,2024-01-06,337,31,Retail,Afterpay,COUPON9--0,2.04,AUD
521626,2024-01-06T07:25:18,2024-01-06,732,12,Retail,Afterpay,COUPON-9AA,2.65,AUD
521799,2024-01-06T04:17:39,2024-01-06,300,5,Online,Afterpay,COUPON9--9,17.71,AUD
521878,2024-01-06T05:06:44,2024-01-06,516,18,Retail,PayPal,COUPON-0A-,4.4,AUD
522135,2024-01-06T12:28:35,2024-01-06,547,39,Online,PayPal,COUPON9-0-,5.93,AUD
522351,2024-01-06T03:11:48,2024-01-06,783,17,Online,PayPal,COUPON--00,1.42,AUD
522359,2024-01-06T18:38:26,2024-01-06,117,4,Online,Afterpay,COUPON0-99,13.47,AUD
522501,2024-01-06T01:16:55,2024-01-06,79,25,Retail,Credit Card,COUPON--0-,15.78,AUD
522731,2024-01-06T13:06:17,2024-01-06,581,19,Online,PayPal,COUPON9-ZZ,19.72,AUD
522782,2024-01-06T12:42:38,2024-01-06,685,10,Retail,Credit Card,COUPONZZZ0,4.95,AUD
522793,2024-01-06T05:02:42,2024-01-06,516,16,Retail,PayPal,COUPON--AZ,7.38,AUD
522955,2024-01-06T01:18:27,2024-01-06,379,22,Retail,Credit Card,COUPON0A9-,12.05,AUD
523077,2024-01-06T20:44:50,2024-01-06,420,45,Retail,Afterpay,COUPONA0-0,1.08,AUD
523300,2024-01-06T16:30:18,2024-01-06,582,7,Online,Credit Card,COUPON9-Z0,4.2,AUD
523403,2024-01-06T03:40:16,2024-01-06,311,3,Online,PayPal,COUPON-09Z,0.91,AUD
523471,2024-01-06T23:02:09,2024-01-06,159,16,Online,Credit Card,COUPONA0Z0,9.85,AUD
523659,2024-01-06T16:59:33,2024-01-06,437,46,Online,Credit Card,COUPONA0-Z,15.01,AUD
523727,2024-01-06T18:20:44,2024-01-06,259,39,Retail,Credit Card,COUPON0-99,4.78,AUD
523765,2024-01-06T04:17:47,2024-01-06,612,29,Retail,Afterpay,COUPONZ-99,16.72,AUD
523789,2024-01-06T00:40:44,2024-01-06,764,49,Retail,PayPal,COUPONZ-09,13.88,AUD
523901,2024-01-06T22:31:41,2024-01-06,755,19,Retail,Afterpay,COUPON-09-,15.59,AUD
524263,2024-01-06T10:10:59,2024-01-06,709,14,Retail,PayPal,COUPONAZZA,10.43,AUD
524276,2024-01-06T14:33:42,2024-01-06,637,28,Online,PayPal,COUPON9099,1.89,AUD
524279,2024-01-06T16:45:09,2024-01-06,465,42,Online,Credit Card,COUPON--99,9.83,AUD
524323,2024-01-06T22:36:25,2024-01-06,448,1,Online,Afterpay,COUPON--A0,12.66,AUD
524396,2024-01-06T11:06:21,2024-01-06,486,21,Retail,Credit Card,COUPONAA--,14.04,AUD
524435,2024-01-06T10:37:32,2024-01-06,721,34,Retail,PayPal,COUPONA9Z0,0.31,AUD
524579,2024-01-06T10:18:06,2024-01-06,704,37,Retail,PayPal,COUPONZ990,11.0,AUD
524625,2024-01-06T20:39:31,2024-01-06,263,46,Online,Afterpay,COUPON--09,9.91,AUD
524645,2024-01-06T10:37:44,2024-01-06,490,2,Retail,PayPal,COUPON9Z-A,2.16,AUD
524649,2024-01-06T19:41:26,2024-01-06,647,22,Retail,PayPal,COUPONAA99,5.18,AUD
524726,2024-01-06T16:55:06,2024-01-06,658,27,Online,PayPal,COUPON9-Z9,4.83,AUD
524752,2024-01-06T01:34:06,2024-01-06,520,17,Retail,PayPal,COUPONA-00,12.85,AUD
524888,2024-01-06T03:10:52,2024-01-06,715,39,Retail,Afterpay,COUPON9Z-0,3.16,AUD
524918,2024-01-06T19:20:06,2024-01-06,691,5,Retail,PayPal,COUPON-909,6.13,AUD
524956,2024-01-06T23:16:57,2024-01-06,161,19,Retail,Afterpay,COUPON0--0,19.6,AUD
524974,2024-01-06T05:34:59,2024-01-06,324,31,Retail,Afterpay,COUPON---A,4.9,AUD
524979,2024-01-06T23:12:51,2024-01-06,470,36,Retail,PayPal,COUPONA--0,4.58,AUD
525037,2024-01-06T16:18:13,2024-01-06,619,13,Online,Credit Card,COUPON-9--,12.96,AUD
525200,2024-01-06T15:56:39,2024-01-06,647,23,Online,PayPal,COUPON-ZZ0,9.98,AUD
525212,2024-01-06T01:41:04,2024-01-06,266,2,Online,Afterpay,COUPON9AZA,9.55,AUD
525330,2024-01-06T13:19:19,2024-01-06,647,48,Online,Afterpay,COUPONA--9,3.73,AUD
525367,2024-01-06T09:19:09,2024-01-06,431,34,Online,PayPal,COUPONA-Z9,14.44,AUD
525552,2024-01-06T01:44:57,2024-01-06,772,38,Retail,PayPal,COUPON-0-9,2.45,AUD
525630,2024-01-06T04:09:20,2024-01-06,633,42,Retail,Credit Card,COUPON9Z-0,14.54,AUD
525715,2024-01-06T02:35:56,2024-01-06,38,23,Retail,Credit Card,COUPON09-Z,18.34,AUD
525728,2024-01-06T19:13:42,2024-01-06,444,1,Online,Afterpay,COUPON-90-,7.94,AUD
525785,2024-01-06T22:42:30,2024-01-06,416,24,Online,Credit Card,COUPON-AZ0,1.41,AUD
526225,2024-01-06T05:59:29,2024-01-06,40,3,Retail,Credit Card,COUPON099-,2.35,AUD
526342,2024-01-06T09:44:29,2024-01-06,580,45,Online,Afterpay,COUPON09A-,10.62,AUD
526397,2024-01-06T15:29:11,2024-01-06,317,40,Retail,Afterpay,COUPONAA0Z,17.81,AUD
526544,2024-01-06T01:47:41,2024-01-06,145,28,Retail,PayPal,COUPON-9--,4.74,AUD
526632,2024-01-06T08:42:15,2024-01-06,604,35,Online,Afterpay,COUPON9-90,12.39,AUD
527096,2024-01-06T23:32:36,2024-01-06,718,30,Online,Afterpay,COUPON90Z9,13.56,AUD
527137,2024-01-06T21:18:05,2024-01-06,350,49,Retail,PayPal,COUPON0ZA-,15.14,AUD
527307,2024-01-06T17:07:26,2024-01-06,197,29,Retail,Afterpay,COUPON-999,17.75,AUD
527364,2024-01-06T08:04:23,2024-01-06,782,14,Online,PayPal,COUPON-ZZZ,12.92,AUD
527377,2024-01-06T22:24:08,2024-01-06,175,35,Online,Afterpay,COUPONZZA9,1.71,AUD
527449,2024-01-06T15:32:04,2024-01-06,383,28,Retail,Afterpay,COUPON0-00,10.82,AUD
527528,2024-01-06T17:25:09,2024-01-06,211,44,Online,Afterpay,COUPON-99A,5.31,AUD
527563,2024-01-06T16:04:24,2024-01-06,723,48,Retail,Credit Card,COUPONA09-,6.74,AUD
527671,2024-01-06T20:48:35,2024-01-06,495,35,Online,Afterpay,COUPON9Z9A,4.92,AUD
527684,2024-01-06T12:18:02,2024-01-06,308,6,Online,PayPal,COUPON-0-9,13.76,AUD
527688,2024-01-06T10:54:03,2024-01-06,36,8,Online,Afterpay,COUPON--A0,14.65,AUD
527848,2024-01-06T08:19:44,2024-01-06,776,41,Retail,Afterpay,COUPONZZ90,5.79,AUD
527851,2024-01-06T17:04:21,2024-01-06,277,16,Retail,PayPal,COUPONAZ--,9.09,AUD
527859,2024-01-06T23:02:22,2024-01-06,450,19,Online,Credit Card,COUPON-A0-,19.76,AUD
527894,2024-01-06T17:24:42,2024-01-06,261,37,Online,Credit Card,COUPONZ-0-,8.81,AUD
527938,2024-01-06T02:01:20,2024-01-06,370,25,Online,PayPal,COUPONA0Z9,0.04,AUD
528052,2024-01-06T08:16:42,2024-01-06,87,27,Retail,Credit Card,COUPONAA-9,4.11,AUD
528105,2024-01-06T12:05:47,2024-01-06,502,22,Retail,Credit Card,COUPONAZZ0,3.96,AUD
528234,2024-01-06T23:47:04,2024-01-06,371,29,Retail,Afterpay,COUPON0---,6.0,AUD
528545,2024-01-06T16:12:27,2024-01-06,209,17,Online,PayPal,COUPON-90-,19.75,AUD
528682,2024-01-06T15:10:15,2024-01-06,608,8,Retail,Afterpay,COUPON--9-,6.85,AUD
528693,2024-01-06T11:16:30,2024-01-06,602,22,Online,Afterpay,COUPON9A00,17.0,AUD
528815,2024-01-06T16:22:54,2024-01-06,231,23,Online,Afterpay,COUPON9A0Z,18.31,AUD
528821,2024-01-06T07:13:47,2024-01-06,67,4,Retail,PayPal,COUPON9-9A,18.81,AUD
528945,2024-01-06T19:43:50,2024-01-06,404,20,Retail,Credit Card,COUPONA--Z,1.62,AUD
529184,2024-01-06T17:08:58,2024-01-06,506,33,Online,Afterpay,COUPON---A,18.79,AUD
529190,2024-01-06T10:55:40,2024-01-06,771,21,Online,Afterpay,COUPON-9-9,11.39,AUD
529240,2024-01-06T04:43:16,2024-01-06,112,24,Online,PayPal,COUPON-0Z0,3.9,AUD
529310,2024-01-06T17:29:31,2024-01-06,96,7,Online,Afterpay,COUPON-99-,7.97,AUD
529371,2024-01-06T04:00:45,2024-01-06,39,31,Retail,Credit Card,COUPON-AAZ,10.26,AUD
529550,2024-01-06T05:35:13,2024-01-06,734,39,Online,Credit Card,COUPONZ9AA,11.26,AUD
529635,2024-01-06T18:14:20,2024-01-06,489,43,Online,PayPal,COUPON0--9,13.42,AUD
529662,2024-01-06T13:14:00,2024-01-06,513,15,Online,PayPal,COUPON-0-0,17.29,AUD
529941,2024-01-06T09:48:39,2024-01-06,317,5,Online,Credit Card,COUPONA990,19.88,AUD
529942,2024-01-06T16:33:54,2024-01-06,580,46,Online,PayPal,COUPON----,5.76,AUD
529967,2024-01-06T06:20:29,2024-01-06,221,43,Online,PayPal,COUPONZ-AZ,11.85,AUD
530057,2024-01-06T12:04:23,2024-01-06,69,26,Online,Credit Card,COUPONAA-A,10.92,AUD
530061,2024-01-06T21:43:00,2024-01-06,508,14,Retail,Afterpay,COUPON9A0Z,10.29,AUD
530116,2024-01-06T23:53:33,2024-01-06,235,26,Online,Afterpay,COUPON9A0Z,14.2,AUD
530120,2024-01-06T09:08:06,2024-01-06,307,14,Online,Afterpay,COUPON-9--,8.78,AUD
530246,2024-01-06T10:51:08,2024-01-06,23,39,Retail,PayPal,COUPON--9A,4.25,AUD
530265,2024-01-06T17:31:48,2024-01-06,448,1,Retail,PayPal,COUPON---A,19.99,AUD
530377,2024-01-06T21:14:36,2024-01-06,740,38,Retail,Credit Card,COUPON--A0,5.78,AUD
530605,2024-01-06T21:56:50,2024-01-06,568,12,Retail,Credit Card,COUPONA-0-,15.48,AUD
530651,2024-01-06T22:11:07,2024-01-06,765,43,Retail,Credit Card,COUPON090-,16.04,AUD
530671,2024-01-06T20:48:36,2024-01-06,243,32,Online,PayPal,COUPON---0,17.2,AUD
530688,2024-01-06T23:55:26,2024-01-06,224,46,Online,PayPal,COUPON-99-,0.03,AUD
530706,2024-01-06T02:36:18,2024-01-06,140,27,Online,Credit Card,COUPON00Z9,10.67,AUD
530737,2024-01-06T23:06:25,2024-01-06,732,35,Retail,Credit Card,COUPON0Z-Z,7.74,AUD
530742,2024-01-06T07:18:39,2024-01-06,56,15,Online,Credit Card,COUPON-99Z,10.9,AUD
530810,2024-01-06T23:43:41,2024-01-06,490,42,Retail,Afterpay,COUPON9A-9,6.79,AUD
530829,2024-01-06T22:53:00,2024-01-06,114,26,Retail,Afterpay,COUPON--9-,15.57,AUD
530989,2024-01-06T21:16:58,2024-01-06,684,17,Online,PayPal,COUPON90-0,6.46,AUD
531029,2024-01-06T01:27:08,2024-01-06,10,24,Retail,Credit Card,COUPON-0--,11.09,AUD
531052,2024-01-06T04:25:46,2024-01-06,291,34,Online,PayPal,COUPON9---,17.83,AUD
531106,2024-01-06T11:34:54,2024-01-06,177,15,Retail,Credit Card,COUPON0Z-0,16.47,AUD
531115,2024-01-06T07:03:58,2024-01-06,445,14,Retail,Credit Card,COUPON90--,15.48,AUD
531151,2024-01-06T02:12:28,2024-01-06,93,47,Retail,Credit Card,COUPON-Z0Z,15.48,AUD
531159,2024-01-06T13:18:51,2024-01-06,546,42,Retail,PayPal,COUPON0Z-A,12.77,AUD
531317,2024-01-06T04:02:13,2024-01-06,84,6,Retail,PayPal,COUPON99ZZ,3.71,AUD
531546,2024-01-06T03:51:17,2024-01-06,259,47,Retail,Afterpay,COUPONA09-,16.25,AUD
531563,2024-01-06T23:52:21,2024-01-06,759,6,Online,Credit Card,COUPON-9--,14.89,AUD
531711,2024-01-06T03:47:24,2024-01-06,641,23,Retail,Credit Card,COUPON-0--,5.45,AUD
531773,2024-01-06T10:11:05,2024-01-06,708,43,Retail,Afterpay,COUPON--ZA,16.52,AUD
531779,2024-01-06T03:12:26,2024-01-06,20,44,Online,Afterpay,COUPONZ0Z0,15.4,AUD
531818,2024-01-06T06:38:00,2024-01-06,252,36,Retail,Afterpay,COUPON-A0-,11.2,AUD
531824,2024-01-06T07:41:39,2024-01-06,178,6,Online,Credit Card,COUPON-Z9A,18.98,AUD
531954,2024-01-06T04:00:29,2024-01-06,510,46,Retail,Credit Card,COUPONA-9-,17.03,AUD
532023,2024-01-06T23:51:22,2024-01-06,649,3,Online,Credit Card,COUPON0-ZZ,10.91,AUD
532138,2024-01-06T22:05:57,2024-01-06,51,24,Retail,Credit Card,COUPONAA-Z,13.75,AUD
532216,2024-01-06T01:26:53,2024-01-06,385,14,Retail,PayPal,COUPON00-Z,9.49,AUD
532400,2024-01-06T16:39:04,2024-01-06,565,47,Online,PayPal,COUPONZZ09,8.48,AUD
532519,2024-01-06T02:03:05,2024-01-06,592,32,Retail,Afterpay,COUPONZAZ-,8.75,AUD
532664,2024-01-06T13:16:56,2024-01-06,423,11,Online,Afterpay,COUPONZA-9,6.86,AUD
532974,2024-01-06T09:07:28,2024-01-06,754,28,Retail,Credit Card,COUPONZ-Z-,5.97,AUD
533064,2024-01-06T23:47:01,2024-01-06,501,11,Online,Afterpay,COUPON----,2.92,AUD
533113,2024-01-06T16:04:27,2024-01-06,125,10,Online,PayPal,COUPON9A-Z,3.04,AUD
533486,2024-01-06T11:12:46,2024-01-06,62,46,Online,Afterpay,COUPON0-9A,1.29,AUD
533652,2024-01-06T15:17:08,2024-01-06,695,12,Online,PayPal,COUPON-ZZ-,1.84,AUD
533718,2024-01-06T03:48:57,2024-01-06,666,9,Online,PayPal,COUPON--99,11.67,AUD
533810,2024-01-06T10:25:56,2024-01-06,15,41,Retail,Credit Card,COUPONA-9Z,2.74,AUD
534009,2024-01-06T02:53:57,2024-01-06,71,5,Online,Afterpay,COUPON-9--,16.82,AUD
534047,2024-01-06T09:07:12,2024-01-06,306,6,Retail,PayPal,COUPONA9ZZ,2.03,AUD
534165,2024-01-06T05:15:56,2024-01-06,270,49,Online,Credit Card,COUPON-A-A,6.77,AUD
534305,2024-01-06T22:58:56,2024-01-06,464,15,Online,Afterpay,COUPON-9A-,15.24,AUD
534333,2024-01-06T05:26:50,2024-01-06,309,21,Online,PayPal,COUPON--A9,12.83,AUD
534366,2024-01-06T08:29:40,2024-01-06,211,39,Retail,Credit Card,COUPON-A0-,16.69,AUD
534406,2024-01-06T09:16:52,2024-01-06,271,42,Retail,PayPal,COUPON-0ZA,10.23,AUD
534601,2024-01-06T07:24:51,2024-01-06,4,20,Online,PayPal,COUPON0-9-,15.13,AUD
534635,2024-01-06T21:09:03,2024-01-06,526,44,Online,Afterpay,COUPON-Z-0,8.41,AUD
534794,2024-01-06T20:21:39,2024-01-06,751,47,Online,Credit Card,COUPONAA99,16.51,AUD
534797,2024-01-06T17:14:13,2024-01-06,54,19,Online,PayPal,COUPONA-A-,13.35,AUD
534890,2024-01-06T14:02:26,2024-01-06,6,43,Online,Credit Card,COUPON0--A,17.95,AUD
535141,2024-01-06T12:29:23,2024-01-06,309,48,Online,PayPal,COUPON-00A,16.03,AUD
535269,2024-01-06T10:56:22,2024-01-06,633,39,Retail,PayPal,COUPON-Z-A,19.48,AUD
535294,2024-01-06T09:30:28,2024-01-06,53,41,Retail,PayPal,COUPON9--Z,16.92,AUD
535329,2024-01-06T09:47:44,2024-01-06,492,4,Online,PayPal,COUPON---9,6.47,AUD
535437,2024-01-06T22:57:37,2024-01-06,459,27,Retail,PayPal,COUPONZ9-A,15.14,AUD
535627,2024-01-06T10:08:22,2024-01-06,609,37,Retail,Credit Card,COUPON9-9-,19.48,AUD
535796,2024-01-06T12:49:34,2024-01-06,35,13,Retail,Credit Card,COUPON0A90,8.65,AUD
535833,2024-01-06T02:26:22,2024-01-06,569,30,Online,Afterpay,COUPON0-0A,3.95,AUD
535862,2024-01-06T11:24:39,2024-01-06,535,24,Online,Afterpay,COUPON--Z-,19.68,AUD
535928,2024-01-06T11:38:25,2024-01-06,315,13,Retail,Credit Card,COUPON-9ZZ,4.23,AUD
535953,2024-01-06T18:43:25,2024-01-06,540,35,Retail,Credit Card,COUPONZ0--,12.9,AUD
536035,2024-01-06T15:52:46,2024-01-06,216,49,Retail,Afterpay,COUPON0---,1.35,AUD
536036,2024-01-06T05:36:14,2024-01-06,573,15,Online,PayPal,COUPON--09,17.96,AUD
536066,2024-01-06T16:11:02,2024-01-06,173,19,Online,PayPal,COUPON--AA,8.04,AUD
536210,2024-01-06T06:53:51,2024-01-06,566,40,Retail,PayPal,COUPONAA9-,0.8,AUD
536378,2024-01-06T08:11:49,2024-01-06,478,21,Retail,Afterpay,COUPON-0ZZ,2.43,AUD
536448,2024-01-06T09:13:57,2024-01-06,409,9,Retail,Credit Card,COUPONZAAZ,14.6,AUD
536564,2024-01-06T01:55:40,2024-01-06,655,31,Retail,Afterpay,COUPON0-09,10.06,AUD
536921,2024-01-06T06:54:31,2024-01-06,163,46,Online,PayPal,COUPON-990,19.74,AUD
536964,2024-01-06T16:40:21,2024-01-06,164,48,Retail,PayPal,COUPON-ZZZ,18.87,AUD
537061,2024-01-06T17:37:53,2024-01-06,613,9,Retail,PayPal,COUPON9999,3.75,AUD
537184,2024-01-06T06:15:45,2024-01-06,469,26,Online,Afterpay,COUPONA-0-,0.24,AUD
537314,2024-01-06T17:06:37,2024-01-06,647,37,Online,Afterpay,COUPON0---,9.87,AUD
537330,2024-01-06T19:59:11,2024-01-06,15,4,Retail,Credit Card,COUPON000-,8.2,AUD
537512,2024-01-06T01:05:42,2024-01-06,475,48,Online,Credit Card,COUPONA-A0,1.98,AUD
537656,2024-01-06T15:25:53,2024-01-06,723,21,Online,Afterpay,COUPONZ-0-,5.61,AUD
537658,2024-01-06T15:53:34,2024-01-06,756,39,Online,PayPal,COUPON-A00,14.99,AUD
537669,2024-01-06T02:40:04,2024-01-06,282,25,Retail,Credit Card,COUPON990A,2.18,AUD
537772,2024-01-06T16:25:32,2024-01-06,248,18,Retail,Afterpay,COUPONAA9-,17.12,AUD
537896,2024-01-06T03:50:06,2024-01-06,416,22,Online,PayPal,COUPONZ090,11.46,AUD
537916,2024-01-06T08:10:49,2024-01-06,425,42,Online,Credit Card,COUPONAA--,19.04,AUD
537959,2024-01-06T22:20:32,2024-01-06,73,29,Online,Credit Card,COUPONZ-0Z,6.46,AUD
538065,2024-01-06T17:17:54,2024-01-06,77,11,Online,Credit Card,COUPON0A--,12.59,AUD
538072,2024-01-06T07:44:19,2024-01-06,221,47,Retail,Afterpay,COUPON9Z9A,19.42,AUD
538222,2024-01-06T01:27:03,2024-01-06,271,21,Online,Afterpay,COUPON--9-,8.16,AUD
538232,2024-01-06T04:09:05,2024-01-06,730,8,Retail,Afterpay,COUPON9Z--,9.48,AUD
538313,2024-01-06T13:35:55,2024-01-06,648,24,Retail,Afterpay,COUPON9-9A,0.72,AUD
538605,2024-01-06T06:52:02,2024-01-06,172,21,Retail,Credit Card,COUPONZAA9,17.76,AUD
538728,2024-01-06T03:07:43,2024-01-06,601,29,Retail,Afterpay,COUPONZAZ-,16.94,AUD
538758,2024-01-06T01:01:29,2024-01-06,738,10,Retail,Afterpay,COUPONAZ-0,17.26,AUD
539254,2024-01-06T01:21:54,2024-01-06,700,4,Retail,Credit Card,COUPON-000,18.79,AUD
539288,2024-01-06T00:54:53,2024-01-06,232,5,Online,Credit Card,COUPON0---,1.75,AUD
539479,2024-01-06T21:40:05,2024-01-06,481,27,Retail,Afterpay,COUPON90Z-,12.35,AUD
539495,2024-01-06T14:37:02,2024-01-06,391,25,Online,Afterpay,COUPON0Z-9,14.49,AUD
539537,2024-01-06T02:52:18,2024-01-06,278,17,Online,Credit Card,COUPONAA9-,19.31,AUD
539653,2024-01-06T02:34:35,2024-01-06,760,14,Retail,Credit Card,COUPON--A9,9.57,AUD
539663,2024-01-06T10:32:18,2024-01-06,230,48,Online,PayPal,COUPONZA-0,16.01,AUD
539926,2024-01-06T23:10:06,2024-01-06,752,27,Online,PayPal,COUPON-Z9A,19.83,AUD
539964,2024-01-06T14:49:47,2024-01-06,155,28,Online,Credit Card,COUPON9-0-,12.26,AUD
540105,2024-01-06T17:42:53,2024-01-06,325,28,Online,Afterpay,COUPON00-A,15.52,AUD
540121,2024-01-06T03:11:49,2024-01-06,469,31,Retail,Credit Card,COUPONAAZ9,19.08,AUD
540132,2024-01-06T21:31:10,2024-01-06,86,46,Retail,PayPal,COUPON--Z-,5.53,AUD
540159,2024-01-06T18:46:12,2024-01-06,778,15,Retail,Credit Card,COUPONAZ0Z,2.57,AUD
540197,2024-01-06T03:35:11,2024-01-06,463,47,Online,Afterpay,COUPON-0A0,8.77,AUD
540223,2024-01-06T07:04:33,2024-01-06,656,26,Online,Credit Card,COUPONZ99Z,7.54,AUD
540252,2024-01-06T17:52:17,2024-01-06,427,30,Retail,PayPal,COUPONZ--Z,12.23,AUD
540639,2024-01-06T17:15:53,2024-01-06,795,17,Retail,PayPal,COUPON9ZZZ,12.02,AUD
540693,2024-01-06T17:31:35,2024-01-06,182,16,Online,Credit Card,COUPONZ90-,11.56,AUD
540800,2024-01-06T06:37:57,2024-01-06,689,13,Retail,Afterpay,COUPON--A-,11.62,AUD
540830,2024-01-06T09:59:41,2024-01-06,155,27,Online,Credit Card,COUPON0AZ-,1.88,AUD
540846,2024-01-06T02:26:32,2024-01-06,294,30,Online,Credit Card,COUPON--09,10.83,AUD
540922,2024-01-06T22:08:43,2024-01-06,462,43,Retail,Credit Card,COUPON--Z9,3.18,AUD
541022,2024-01-06T22:08:21,2024-01-06,132,4,Online,PayPal,COUPONAZ--,14.64,AUD
541036,2024-01-06T12:19:32,2024-01-06,619,32,Retail,Afterpay,COUPON-ZA0,14.29,AUD
541143,2024-01-06T11:10:54,2024-01-06,14,7,Retail,PayPal,COUPON0-00,7.03,AUD
541220,2024-01-06T23:54:38,2024-01-06,235,29,Retail,Afterpay,COUPONAZA-,11.58,AUD
541334,2024-01-06T19:33:20,2024-01-06,799,34,Online,Credit Card,COUPON9-Z-,7.31,AUD
541397,2024-01-06T21:11:04,2024-01-06,170,18,Retail,Afterpay,COUPONAAA0,13.27,AUD
541438,2024-01-06T23:01:46,2024-01-06,692,42,Retail,Afterpay,COUPON0--0,8.86,AUD
541455,2024-01-06T01:59:23,2024-01-06,532,22,Online,Afterpay,COUPONZZA-,3.33,AUD
541503,2024-01-06T23:50:30,2024-01-06,114,43,Retail,PayPal,COUPON--90,3.56,AUD
541534,2024-01-06T10:08:48,2024-01-06,527,33,Online,Afterpay,COUPON009A,13.56,AUD
541737,2024-01-06T03:57:04,2024-01-06,299,12,Retail,PayPal,COUPONA-Z-,4.12,AUD
541780,2024-01-06T10:08:01,2024-01-06,195,6,Retail,Afterpay,COUPONAA9-,6.51,AUD
541950,2024-01-06T17:35:24,2024-01-06,711,26,Retail,Credit Card,COUPONZ-A-,15.6,AUD
541970,2024-01-06T03:46:44,2024-01-06,265,35,Online,Credit Card,COUPON0-0-,16.92,AUD
541981,2024-01-06T12:34:17,2024-01-06,396,24,Online,Afterpay,COUPONZZZA,11.58,AUD
542024,2024-01-06T04:44:28,2024-01-06,540,33,Retail,PayPal,COUPONZA9-,12.69,AUD
542033,2024-01-06T04:13:16,2024-01-06,230,14,Online,Credit Card,COUPON00AA,8.98,AUD
542075,2024-01-06T09:12:33,2024-01-06,343,13,Retail,Credit Card,COUPON--AA,3.9,AUD
542139,2024-01-06T00:14:47,2024-01-06,493,34,Online,Credit Card,COUPON--A-,9.19,AUD
542215,2024-01-06T10:35:48,2024-01-06,60,20,Online,Credit Card,COUPON9A0A,17.86,AUD
542224,2024-01-06T11:10:52,2024-01-06,376,7,Retail,Afterpay,COUPON-AZ-,10.57,AUD
542357,2024-01-06T03:23:07,2024-01-06,482,42,Retail,Credit Card,COUPONA0-A,16.98,AUD
542470,2024-01-06T04:46:44,2024-01-06,504,45,Online,Credit Card,COUPONZ0A0,17.51,AUD
542473,2024-01-06T10:19:50,2024-01-06,60,26,Online,PayPal,COUPONZ-09,13.53,AUD
542575,2024-01-06T12:45:08,2024-01-06,90,12,Online,Afterpay,COUPONAA--,18.17,AUD
542637,2024-01-06T01:51:43,2024-01-06,368,32,Retail,Credit Card,COUPON9--Z,8.08,AUD
542700,2024-01-06T21:37:48,2024-01-06,433,37,Online,Afterpay,COUPON-Z0A,7.7,AUD
542749,2024-01-06T11:16:07,2024-01-06,367,43,Online,Credit Card,COUPON09--,0.36,AUD
542832,2024-01-06T02:01:24,2024-01-06,799,46,Retail,Afterpay,COUPON0---,16.66,AUD
542876,2024-01-06T20:25:22,2024-01-06,391,28,Online,Credit Card,COUPON9---,13.27,AUD
542967,2024-01-06T23:30:46,2024-01-06,126,33,Online,PayPal,COUPON0--0,8.39,AUD
543153,2024-01-06T01:50:53,2024-01-06,47,16,Online,Afterpay,COUPON990-,3.27,AUD
543194,2024-01-06T09:01:56,2024-01-06,605,32,Online,PayPal,COUPON9Z0Z,0.53,AUD
543211,2024-01-06T02:59:52,2024-01-06,4,12,Retail,PayPal,COUPON0A9-,7.99,AUD
543225,2024-01-06T23:19:11,2024-01-06,295,13,Retail,Afterpay,COUPON0---,16.45,AUD
543323,2024-01-06T15:22:59,2024-01-06,595,7,Online,Credit Card,COUPON09--,13.55,AUD
543483,2024-01-06T17:13:14,2024-01-06,181,43,Online,Credit Card,COUPONZ--A,17.07,AUD
543532,2024-01-06T11:34:12,2024-01-06,614,29,Retail,Afterpay,COUPON----,14.3,AUD
543618,2024-01-06T09:40:04,2024-01-06,751,3,Retail,PayPal,COUPONA-0-,13.68,AUD
543663,2024-01-06T06:49:31,2024-01-06,345,31,Online,Credit Card,COUPON0ZZ-,2.89,AUD
543823,2024-01-06T17:51:40,2024-01-06,687,6,Online,Afterpay,COUPON0Z-A,14.73,AUD
543838,2024-01-06T17:06:17,2024-01-06,343,32,Online,PayPal,COUPONZZ-0,4.29,AUD
543937,2024-01-06T04:38:51,2024-01-06,151,11,Online,PayPal,COUPON9Z0Z,0.81,AUD
544050,2024-01-06T19:23:46,2024-01-06,654,7,Retail,PayPal,COUPON-990,0.35,AUD
544118,2024-01-06T15:13:44,2024-01-06,715,29,Retail,Afterpay,COUPONAAZA,11.68,AUD
544216,2024-01-06T20:35:33,2024-01-06,193,9,Retail,Credit Card,COUPONZ0A-,17.3,AUD
544275,2024-01-06T14:22:59,2024-01-06,638,11,Retail,Afterpay,COUPON9--A,10.62,AUD
544391,2024-01-06T20:20:53,2024-01-06,576,12,Online,Afterpay,COUPON9A-A,2.29,AUD
544471,2024-01-06T13:05:45,2024-01-06,475,42,Online,Credit Card,COUPON-Z9-,1.85,AUD
544521,2024-01-06T08:23:51,2024-01-06,135,9,Retail,Afterpay,COUPONA-A0,3.41,AUD
544833,2024-01-06T14:33:33,2024-01-06,128,4,Retail,Credit Card,COUPON-09-,13.66,AUD
545293,2024-01-06T09:59:56,2024-01-06,731,31,Retail,Credit Card,COUPON-Z--,14.86,AUD
545433,2024-01-06T16:16:27,2024-01-06,787,23,Retail,Afterpay,COUPONZA-Z,7.29,AUD
545446,2024-01-06T15:57:27,2024-01-06,551,14,Retail,PayPal,COUPON0--9,12.07,AUD
545473,2024-01-06T23:43:25,2024-01-06,246,37,Online,PayPal,COUPONZ---,12.47,AUD
545478,2024-01-06T17:29:23,2024-01-06,472,46,Retail,Afterpay,COUPONAA09,1.94,AUD
545515,2024-01-06T10:24:32,2024-01-06,237,39,Retail,Afterpay,COUPON9-Z9,10.29,AUD
545522,2024-01-06T11:48:21,2024-01-06,29,37,Retail,Credit Card,COUPONA9-Z,7.37,AUD
545584,2024-01-06T05:57:12,2024-01-06,325,17,Retail,PayPal,COUPONA099,17.71,AUD
545918,2024-01-06T04:41:20,2024-01-06,624,34,Online,Credit Card,COUPONA--0,13.25,AUD
546183,2024-01-06T16:44:53,2024-01-06,66,28,Online,Afterpay,COUPONZ99A,16.54,AUD
546257,2024-01-06T09:09:37,2024-01-06,272,2,Online,Credit Card,COUPON9AZ9,2.09,AUD
546319,2024-01-06T07:25:50,2024-01-06,565,7,Retail,Credit Card,COUPON0ZZ9,1.16,AUD
546322,2024-01-06T04:22:27,2024-01-06,93,6,Retail,PayPal,COUPON-009,4.29,AUD
546518,2024-01-06T09:41:37,2024-01-06,154,33,Retail,Afterpay,COUPON9---,1.88,AUD
546650,2024-01-06T02:06:43,2024-01-06,731,2,Retail,PayPal,COUPON-ZA-,10.06,AUD
547369,2024-01-06T07:02:34,2024-01-06,427,38,Online,PayPal,COUPONZ--Z,19.43,AUD
547378,2024-01-06T11:18:09,2024-01-06,20,33,Retail,Afterpay,COUPON-09-,5.6,AUD
547567,2024-01-06T09:12:30,2024-01-06,436,44,Retail,Afterpay,COUPON-9--,7.28,AUD
547596,2024-01-06T15:21:36,2024-01-06,203,2,Retail,PayPal,COUPONA9A-,13.1,AUD
547687,2024-01-06T23:36:12,2024-01-06,187,5,Online,PayPal,COUPON0-A9,3.65,AUD
547753,2024-01-06T14:34:20,2024-01-06,19,29,Retail,PayPal,COUPONA999,1.12,AUD
547852,2024-01-06T21:35:02,2024-01-06,135,21,Retail,PayPal,COUPONZ---,16.97,AUD
547884,2024-01-06T23:42:46,2024-01-06,182,25,Online,Afterpay,COUPON-99Z,7.4,AUD
547887,2024-01-06T14:59:53,2024-01-06,778,45,Online,Credit Card,COUPONZ0-0,13.75,AUD
547917,2024-01-06T15:12:17,2024-01-06,84,18,Retail,PayPal,COUPONA0A-,18.23,AUD
548002,2024-01-06T14:03:28,2024-01-06,329,8,Online,Afterpay,COUPONZ9-9,17.16,AUD
548186,2024-01-06T07:09:43,2024-01-06,619,14,Online,PayPal,COUPON-9AA,8.53,AUD
548221,2024-01-06T21:45:59,2024-01-06,151,21,Retail,Credit Card,COUPON--A0,9.07,AUD
548303,2024-01-06T18:28:27,2024-01-06,399,26,Retail,Afterpay,COUPONA-A-,19.0,AUD
548316,2024-01-06T14:14:57,2024-01-06,376,28,Online,Credit Card,COUPON---9,11.31,AUD
548509,2024-01-06T04:34:12,2024-01-06,416,46,Online,Afterpay,COUPONA0-0,11.69,AUD
548790,2024-01-06T22:29:27,2024-01-06,488,36,Retail,PayPal,COUPON--A-,18.36,AUD
548796,2024-01-06T14:06:23,2024-01-06,500,12,Retail,Credit Card,COUPON0-Z-,5.15,AUD
548842,2024-01-06T04:37:59,2024-01-06,644,17,Retail,PayPal,COUPON9--0,14.07,AUD
548931,2024-01-06T07:24:16,2024-01-06,597,24,Retail,Afterpay,COUPONA0A-,17.86,AUD
548989,2024-01-06T17:32:22,2024-01-06,380,3,Retail,Afterpay,COUPON-9Z9,7.93,AUD
549031,2024-01-06T17:31:57,2024-01-06,63,23,Retail,Credit Card,COUPONA---,7.38,AUD
549142,2024-01-06T20:55:16,2024-01-06,278,18,Retail,Credit Card,COUPONZZ0-,16.24,AUD
549269,2024-01-06T16:03:20,2024-01-06,699,14,Online,PayPal,COUPON9A9A,6.28,AUD
549274,2024-01-06T08:33:40,2024-01-06,258,11,Online,PayPal,COUPON0--9,15.44,AUD
549373,2024-01-06T08:58:01,2024-01-06,736,20,Retail,Credit Card,COUPONZA-Z,2.59,AUD
549437,2024-01-06T21:07:23,2024-01-06,36,34,Online,Credit Card,COUPON0ZZ-,7.05,AUD
549490,2024-01-06T14:05:54,2024-01-06,694,1,Retail,PayPal,COUPON09-Z,7.08,AUD
549614,2024-01-06T20:24:23,2024-01-06,273,9,Online,Afterpay,COUPON00ZZ,15.01,AUD
549684,2024-01-06T23:21:33,2024-01-06,467,44,Online,Afterpay,COUPONZ9Z-,13.5,AUD
549802,2024-01-06T09:57:56,2024-01-06,699,34,Retail,PayPal,COUPONA09A,4.45,AUD
549835,2024-01-06T11:36:16,2024-01-06,549,21,Retail,Afterpay,COUPON--AZ,19.3,AUD
549925,2024-01-06T15:06:24,2024-01-06,80,20,Retail,Afterpay,COUPON9--0,12.19,AUD
550019,2024-01-06T08:48:50,2024-01-06,632,41,Retail,PayPal,COUPON0--9,9.57,AUD
550139,2024-01-06T07:42:03,2024-01-06,433,49,Retail,PayPal,COUPONZ0ZZ,18.0,AUD
550190,2024-01-06T10:39:19,2024-01-06,784,13,Online,Afterpay,COUPONZ--0,4.44,AUD
550256,2024-01-06T23:24:07,2024-01-06,32,7,Retail,Afterpay,COUPON0-Z9,8.71,AUD
550478,2024-01-06T21:35:54,2024-01-06,123,22,Retail,Credit Card,COUPON-0A0,17.31,AUD
550561,2024-01-06T06:35:57,2024-01-06,52,25,Retail,PayPal,COUPON0-9-,2.54,AUD
550578,2024-01-06T12:01:31,2024-01-06,765,11,Online,PayPal,COUPON-Z0Z,13.27,AUD
550675,2024-01-06T05:52:22,2024-01-06,57,1,Online,Afterpay,COUPON---0,15.58,AUD
550790,2024-01-06T20:00:56,2024-01-06,684,42,Online,Credit Card,COUPON-9A0,4.61,AUD
550808,2024-01-06T07:16:37,2024-01-06,783,4,Retail,Credit Card,COUPON9A9A,9.0,AUD
550865,2024-01-06T04:10:46,2024-01-06,537,41,Online,PayPal,COUPON-Z-Z,1.93,AUD
550872,2024-01-06T08:44:54,2024-01-06,28,41,Retail,PayPal,COUPON9--Z,9.12,AUD
550935,2024-01-06T05:38:59,2024-01-06,301,30,Online,PayPal,COUPON--0A,2.78,AUD
551173,2024-01-06T02:24:45,2024-01-06,320,42,Online,Afterpay,COUPON9Z09,10.03,AUD
551220,2024-01-06T07:54:58,2024-01-06,181,18,Online,Credit Card,COUPON9-A-,18.5,AUD
551245,2024-01-06T15:15:12,2024-01-06,598,33,Retail,PayPal,COUPON0--Z,6.24,AUD
551326,2024-01-06T23:11:30,2024-01-06,504,7,Online,Credit Card,COUPON09-9,15.92,AUD
551347,2024-01-06T19:28:50,2024-01-06,684,33,Online,Afterpay,COUPONA-0-,17.2,AUD
551403,2024-01-06T11:59:29,2024-01-06,757,20,Online,Afterpay,COUPONA0A-,9.29,AUD
551433,2024-01-06T01:08:32,2024-01-06,532,35,Retail,Afterpay,COUPONZZAZ,8.82,AUD
551536,2024-01-06T04:37:06,2024-01-06,43,40,Online,Afterpay,COUPONAA0A,11.62,AUD
551579,2024-01-06T16:19:34,2024-01-06,784,28,Retail,Afterpay,COUPONA00Z,18.48,AUD
551599,2024-01-06T06:24:34,2024-01-06,274,17,Online,Afterpay,COUPON-09Z,10.82,AUD
551611,2024-01-06T19:34:51,2024-01-06,12,31,Online,Afterpay,COUPON090A,13.09,AUD
551638,2024-01-06T06:42:02,2024-01-06,388,4,Online,PayPal,COUPONA--Z,15.65,AUD
551646,2024-01-06T07:28:38,2024-01-06,123,33,Retail,Afterpay,COUPON-AZ-,18.1,AUD
551746,2024-01-06T13:05:27,2024-01-06,330,46,Retail,Credit Card,COUPON0---,0.1,AUD
551763,2024-01-06T13:05:47,2024-01-06,551,10,Online,Credit Card,COUPONA-9Z,4.65,AUD
552007,2024-01-06T07:08:21,2024-01-06,339,1,Online,Afterpay,COUPONA---,12.25,AUD
552207,2024-01-06T17:39:05,2024-01-06,655,47,Online,Afterpay,COUPON0ZA0,2.0,AUD
552217,2024-01-06T23:48:34,2024-01-06,133,20,Retail,Afterpay,COUPON-9A-,3.85,AUD
552299,2024-01-06T08:37:25,2024-01-06,335,49,Retail,Afterpay,COUPONZ9-9,4.34,AUD
552342,2024-01-06T14:25:16,2024-01-06,34,47,Online,Credit Card,COUPON-A9-,16.53,AUD
552358,2024-01-06T15:21:38,2024-01-06,257,39,Online,Afterpay,COUPON0-9-,6.37,AUD
552496,2024-01-06T10:15:11,2024-01-06,359,13,Online,Credit Card,COUPON0--Z,14.84,AUD
552716,2024-01-06T21:17:37,2024-01-06,259,35,Online,Afterpay,COUPONZ--Z,6.63,AUD
552761,2024-01-06T23:28:48,2024-01-06,625,35,Retail,PayPal,COUPON-0-A,1.96,AUD
553132,2024-01-06T11:37:40,2024-01-06,373,18,Online,Credit Card,COUPON0Z0-,1.04,AUD
553197,2024-01-06T19:07:26,2024-01-06,644,14,Online,Credit Card,COUPONAA-0,0.38,AUD
553371,2024-01-06T14:12:06,2024-01-06,153,2,Retail,Credit Card,COUPONZAA-,11.65,AUD
553402,2024-01-06T15:49:14,2024-01-06,283,23,Online,Afterpay,COUPONA--Z,11.38,AUD
553478,2024-01-06T16:22:11,2024-01-06,608,32,Retail,Credit Card,COUPONA--9,18.65,AUD
553717,2024-01-06T05:51:19,2024-01-06,384,43,Online,PayPal,COUPON990-,10.34,AUD
553832,2024-01-06T09:36:15,2024-01-06,415,28,Online,PayPal,COUPON09--,9.25,AUD
553886,2024-01-06T11:31:19,2024-01-06,62,31,Retail,Credit Card,COUPON----,18.03,AUD
553952,2024-01-06T04:21:36,2024-01-06,561,9,Retail,PayPal,COUPON-A9A,1.13,AUD
554081,2024-01-06T12:08:11,2024-01-06,517,19,Online,PayPal,COUPON099A,6.2,AUD
554122,2024-01-06T21:45:43,2024-01-06,90,40,Retail,Credit Card,COUPONAAZ9,8.05,AUD
554159,2024-01-06T02:22:58,2024-01-06,179,36,Online,Afterpay,COUPON9A--,18.8,AUD
554184,2024-01-06T05:41:00,2024-01-06,576,49,Online,PayPal,COUPON---A,4.98,AUD
554428,2024-01-06T15:16:47,2024-01-06,425,24,Retail,Afterpay,COUPONZ99A,7.0,AUD
554475,2024-01-06T07:00:37,2024-01-06,480,48,Online,PayPal,COUPONZ-0A,11.61,AUD
554602,2024-01-06T05:03:43,2024-01-06,388,27,Retail,Afterpay,COUPONA009,0.91,AUD
554642,2024-01-06T04:20:36,2024-01-06,765,34,Retail,PayPal,COUPON-990,13.97,AUD
554880,2024-01-06T02:44:47,2024-01-06,174,47,Online,Afterpay,COUPON09-9,13.96,AUD
555182,2024-01-06T05:33:08,2024-01-06,726,38,Online,PayPal,COUPON-Z--,5.68,AUD
555289,2024-01-06T08:09:04,2024-01-06,732,47,Retail,PayPal,COUPON9--Z,17.22,AUD
555313,2024-01-06T13:39:56,2024-01-06,526,29,Online,Afterpay,COUPON090-,18.64,AUD
555346,2024-01-06T01:42:35,2024-01-06,609,28,Online,Credit Card,COUPON-Z-A,8.36,AUD
555386,2024-01-06T08:02:56,2024-01-06,374,19,Online,Credit Card,COUPON9A99,0.91,AUD
555450,2024-01-06T10:48:00,2024-01-06,261,17,Online,PayPal,COUPONZ0AA,8.61,AUD
555539,2024-01-06T17:53:16,2024-01-06,332,18,Online,Credit Card,COUPON9-AA,7.88,AUD
555585,2024-01-06T09:34:17,2024-01-06,532,18,Retail,Credit Card,COUPON9A09,19.66,AUD
555600,2024-01-06T06:34:59,2024-01-06,344,40,Online,PayPal,COUPONZ00-,16.6,AUD
555671,2024-01-06T05:00:24,2024-01-06,688,4,Online,PayPal,COUPON0-A-,2.51,AUD
555751,2024-01-06T20:45:45,2024-01-06,138,27,Retail,Credit Card,COUPONA-A9,3.55,AUD
555819,2024-01-06T22:04:19,2024-01-06,5,40,Retail,Credit Card,COUPON9-9-,4.46,AUD
556078,2024-01-06T13:07:51,2024-01-06,319,28,Retail,PayPal,COUPON9-Z0,6.88,AUD
556110,2024-01-06T20:43:54,2024-01-06,139,12,Online,Afterpay,COUPONAA--,16.32,AUD
556126,2024-01-06T04:13:39,2024-01-06,30,21,Retail,PayPal,COUPONA-Z-,2.0,AUD
556194,2024-01-06T01:42:04,2024-01-06,275,36,Retail,Afterpay,COUPONZ9--,10.74,AUD
556213,2024-01-06T20:14:15,2024-01-06,517,39,Online,PayPal,COUPON---0,19.83,AUD
556300,2024-01-06T06:32:22,2024-01-06,132,40,Online,Credit Card,COUPON---A,0.14,AUD
556367,2024-01-06T06:35:45,2024-01-06,75,25,Online,Credit Card,COUPON--09,4.45,AUD
556472,2024-01-06T10:47:42,2024-01-06,134,10,Retail,Afterpay,COUPON-9-A,0.82,AUD
556477,2024-01-06T16:20:02,2024-01-06,774,33,Retail,Afterpay,COUPON-A0A,5.93,AUD
556500,2024-01-06T05:54:35,2024-01-06,164,3,Retail,PayPal,COUPON00-A,17.83,AUD
556510,2024-01-06T08:15:31,2024-01-06,708,9,Online,Credit Card,COUPONA--9,15.82,AUD
556723,2024-01-06T07:39:26,2024-01-06,579,18,Online,Afterpay,COUPON0Z--,8.99,AUD
556771,2024-01-06T18:50:23,2024-01-06,660,23,Retail,PayPal,COUPON9Z9-,6.57,AUD
556861,2024-01-06T12:34:09,2024-01-06,226,49,Online,PayPal,COUPON----,5.71,AUD
556898,2024-01-06T02:35:31,2024-01-06,240,21,Retail,Afterpay,COUPONZZ99,17.99,AUD
556983,2024-01-06T07:16:51,2024-01-06,343,29,Retail,PayPal,COUPON-9-0,16.27,AUD
557084,2024-01-06T07:54:21,2024-01-06,25,49,Online,Credit Card,COUPON-909,15.45,AUD
557098,2024-01-06T07:02:39,2024-01-06,14,9,Retail,Credit Card,COUPON9-A-,1.45,AUD
557368,2024-01-06T23:22:01,2024-01-06,178,8,Online,Afterpay,COUPONZ9--,15.25,AUD
557397,2024-01-06T04:35:43,2024-01-06,305,21,Online,Credit Card,COUPON-A0Z,9.28,AUD
557562,2024-01-06T09:52:11,2024-01-06,125,10,Retail,Afterpay,COUPON0-A9,18.84,AUD
557666,2024-01-06T00:56:10,2024-01-06,127,16,Retail,PayPal,COUPON-000,18.06,AUD
557941,2024-01-06T16:52:39,2024-01-06,526,8,Retail,Credit Card,COUPON99A-,14.9,AUD
558154,2024-01-06T16:50:46,2024-01-06,142,43,Online,PayPal,COUPON9-0A,2.61,AUD
558631,2024-01-06T16:16:08,2024-01-06,797,39,Online,Afterpay,COUPON-0Z-,12.89,AUD
558787,2024-01-06T06:44:19,2024-01-06,792,1,Online,Credit Card,COUPONZ00-,2.55,AUD
558792,2024-01-06T05:47:32,2024-01-06,222,2,Retail,Afterpay,COUPON09Z-,6.92,AUD
559078,2024-01-06T04:03:01,2024-01-06,479,4,Online,PayPal,COUPONA0--,1.27,AUD
559199,2024-01-06T06:12:25,2024-01-06,79,8,Retail,PayPal,COUPONAZ0-,12.13,AUD
559446,2024-01-06T09:25:07,2024-01-06,436,15,Online,Credit Card,COUPON9Z--,17.82,AUD
559531,2024-01-06T20:07:50,2024-01-06,309,3,Retail,Afterpay,COUPON0-9A,17.2,AUD
559560,2024-01-06T18:28:31,2024-01-06,472,3,Retail,Afterpay,COUPONA--Z,13.57,AUD
559644,2024-01-06T23:50:22,2024-01-06,644,28,Online,PayPal,COUPON-00-,6.8,AUD
559773,2024-01-06T14:50:04,2024-01-06,256,45,Online,Credit Card,COUPONAAAA,13.15,AUD
559789,2024-01-06T08:49:44,2024-01-06,721,36,Retail,PayPal,COUPON-09-,11.61,AUD
559995,2024-01-06T22:35:20,2024-01-06,729,12,Retail,Credit Card,COUPON-Z0A,11.51,AUD
560001,2024-01-06T14:46:45,2024-01-06,33,3,Online,Credit Card,COUPON-9A-,5.15,AUD
560004,2024-01-06T05:47:20,2024-01-06,760,49,Retail,Afterpay,COUPONAZA9,5.86,AUD
560258,2024-01-06T09:50:46,2024-01-06,89,41,Retail,PayPal,COUPONZA0A,6.38,AUD
560374,2024-01-06T17:07:13,2024-01-06,573,26,Online,Afterpay,COUPONZ9-0,9.87,AUD
560375,2024-01-06T16:33:09,2024-01-06,297,29,Retail,Afterpay,COUPON90--,8.57,AUD
560399,2024-01-06T18:03:51,2024-01-06,378,47,Online,PayPal,COUPON9A99,17.52,AUD
560454,2024-01-06T00:01:10,2024-01-06,691,17,Online,Afterpay,COUPON-9--,17.09,AUD
560565,2024-01-06T06:36:03,2024-01-06,653,34,Online,Credit Card,COUPONA-A0,0.81,AUD
560651,2024-01-06T05:58:37,2024-01-06,381,26,Online,PayPal,COUPON099-,0.15,AUD
560807,2024-01-06T17:50:51,2024-01-06,68,20,Retail,Afterpay,COUPON---0,3.99,AUD
560825,2024-01-06T13:26:24,2024-01-06,152,46,Retail,PayPal,COUPON9-0A,9.44,AUD
560829,2024-01-06T00:31:15,2024-01-06,478,36,Online,PayPal,COUPONA99-,15.36,AUD
560880,2024-01-06T19:41:21,2024-01-06,331,36,Online,Credit Card,COUPON--A-,10.74,AUD
560984,2024-01-06T20:36:11,2024-01-06,726,22,Retail,PayPal,COUPON0Z0A,9.01,AUD
561023,2024-01-06T10:54:48,2024-01-06,464,49,Online,Credit Card,COUPON0ZZ9,14.96,AUD
561040,2024-01-06T08:34:53,2024-01-06,307,34,Retail,Credit Card,COUPONA99Z,18.57,AUD
561116,2024-01-06T05:18:50,2024-01-06,690,11,Retail,PayPal,COUPONZ-Z9,15.1,AUD
561198,2024-01-06T11:37:56,2024-01-06,730,33,Online,Afterpay,COUPONZ9-Z,8.83,AUD
561229,2024-01-06T01:03:17,2024-01-06,16,33,Online,PayPal,COUPONZAA-,9.61,AUD
561518,2024-01-06T16:35:13,2024-01-06,85,18,Online,PayPal,COUPON---Z,15.39,AUD
561791,2024-01-06T13:26:34,2024-01-06,754,38,Online,PayPal,COUPON-0A-,7.18,AUD
561919,2024-01-06T21:21:45,2024-01-06,566,38,Retail,PayPal,COUPON00-A,19.12,AUD
562004,2024-01-06T08:19:58,2024-01-06,39,39,Retail,PayPal,COUPON-0-Z,3.15,AUD
562023,2024-01-06T18:11:42,2024-01-06,235,6,Retail,Afterpay,COUPON9A--,12.47,AUD
562278,2024-01-06T14:41:21,2024-01-06,501,19,Retail,Credit Card,COUPON9---,10.27,AUD
562328,2024-01-06T18:30:44,2024-01-06,235,25,Online,Afterpay,COUPONA9ZA,19.51,AUD
562480,2024-01-06T01:27:31,2024-01-06,551,28,Online,Afterpay,COUPON90-Z,13.22,AUD
562510,2024-01-06T11:50:59,2024-01-06,754,33,Online,Afterpay,COUPONAAZ-,17.7,AUD
562602,2024-01-06T16:14:18,2024-01-06,654,40,Online,Credit Card,COUPON99-A,9.3,AUD
562772,2024-01-06T04:48:58,2024-01-06,298,15,Online,Afterpay,COUPONA009,6.23,AUD
562782,2024-01-06T11:20:51,2024-01-06,699,24,Online,Credit Card,COUPON09-Z,11.86,AUD
563006,2024-01-06T08:37:03,2024-01-06,96,33,Online,Afterpay,COUPON-9AA,6.19,AUD
563017,2024-01-06T23:49:50,2024-01-06,536,27,Online,Credit Card,COUPONAA0-,5.54,AUD
563045,2024-01-06T01:34:52,2024-01-06,47,7,Online,Afterpay,COUPON0Z00,7.27,AUD
563114,2024-01-06T05:13:12,2024-01-06,80,28,Retail,Credit Card,COUPONZA9-,17.56,AUD
563234,2024-01-06T06:28:29,2024-01-06,252,26,Online,PayPal,COUPON90Z0,6.4,AUD
563247,2024-01-06T04:26:19,2024-01-06,370,31,Retail,Credit Card,COUPON-A90,7.23,AUD
563267,2024-01-06T01:01:18,2024-01-06,92,48,Online,Afterpay,COUPON-Z-9,7.78,AUD
563306,2024-01-06T09:25:53,2024-01-06,531,2,Online,PayPal,COUPON-0-A,2.43,AUD
563407,2024-01-06T19:28:30,2024-01-06,768,33,Online,Credit Card,COUPON0AA9,9.26,AUD
563514,2024-01-06T15:49:06,2024-01-06,341,32,Online,Credit Card,COUPONZZ--,6.06,AUD
563587,2024-01-06T19:02:31,2024-01-06,400,34,Online,Afterpay,COUPON0A9A,12.61,AUD
563637,2024-01-06T05:06:16,2024-01-06,455,33,Online,Afterpay,COUPONZA00,3.51,AUD
563696,2024-01-06T17:23:35,2024-01-06,187,13,Online,Afterpay,COUPONZZ-A,7.91,AUD
563751,2024-01-06T09:29:26,2024-01-06,499,37,Online,PayPal,COUPON-9Z-,11.52,AUD
563793,2024-01-06T05:10:14,2024-01-06,677,44,Retail,PayPal,COUPON-0ZA,16.59,AUD
563810,2024-01-06T10:19:03,2024-01-06,232,21,Retail,Credit Card,COUPON-A00,15.44,AUD
563889,2024-01-06T20:24:44,2024-01-06,190,42,Retail,Credit Card,COUPON-90-,1.49,AUD
563975,2024-01-06T01:48:19,2024-01-06,420,8,Retail,PayPal,COUPONZZ-A,0.39,AUD
564316,2024-01-06T04:00:35,2024-01-06,547,24,Online,PayPal,COUPON--00,15.64,AUD
564324,2024-01-06T20:32:18,2024-01-06,798,8,Retail,PayPal,COUPON-ZA-,10.03,AUD
564325,2024-01-06T17:56:05,2024-01-06,639,13,Online,Afterpay,COUPON-ZAZ,11.52,AUD
564451,2024-01-06T07:11:37,2024-01-06,369,4,Retail,Afterpay,COUPON-00A,11.06,AUD
564488,2024-01-06T19:37:18,2024-01-06,716,39,Online,Credit Card,COUPONZ--0,0.84,AUD
564665,2024-01-06T07:58:28,2024-01-06,737,3,Retail,Afterpay,COUPON0A-A,2.8,AUD
564810,2024-01-06T02:44:01,2024-01-06,304,34,Online,PayPal,COUPON0-A9,9.4,AUD
564901,2024-01-06T16:47:29,2024-01-06,683,45,Online,PayPal,COUPON---Z,2.42,AUD
564903,2024-01-06T11:22:01,2024-01-06,155,27,Retail,PayPal,COUPON-AZZ,12.51,AUD
564979,2024-01-06T16:51:02,2024-01-06,760,20,Retail,Credit Card,COUPON99-9,9.52,AUD
564987,2024-01-06T12:06:59,2024-01-06,692,16,Online,Credit Card,COUPONZ9ZA,8.26,AUD
564998,2024-01-06T11:56:05,2024-01-06,761,11,Retail,PayPal,COUPON009-,0.76,AUD
565063,2024-01-06T12:33:48,2024-01-06,685,38,Retail,Credit Card,COUPON--9-,8.91,AUD
565257,2024-01-06T19:32:25,2024-01-06,707,27,Retail,Credit Card,COUPON-Z--,0.64,AUD
565385,2024-01-06T05:17:28,2024-01-06,376,49,Online,Credit Card,COUPONZ---,12.93,AUD
565460,2024-01-06T02:24:45,2024-01-06,236,18,Online,Afterpay,COUPON0Z99,7.3,AUD
565474,2024-01-06T10:50:15,2024-01-06,303,13,Online,PayPal,COUPONZ0-Z,7.49,AUD
565509,2024-01-06T15:14:33,2024-01-06,407,8,Retail,PayPal,COUPON--A-,18.19,AUD
565556,2024-01-06T09:04:11,2024-01-06,215,42,Online,PayPal,COUPON-9-0,10.16,AUD
565581,2024-01-06T16:21:27,2024-01-06,175,16,Online,Afterpay,COUPON-0ZA,12.34,AUD
565584,2024-01-06T01:33:17,2024-01-06,325,39,Online,Credit Card,COUPONAAZ-,1.77,AUD
565602,2024-01-06T14:45:16,2024-01-06,373,22,Online,Credit Card,COUPON0AZA,9.54,AUD
565647,2024-01-06T16:24:50,2024-01-06,526,19,Retail,Credit Card,COUPONZ-A0,19.16,AUD
565794,2024-01-06T19:52:59,2024-01-06,762,14,Online,PayPal,COUPONA0--,14.66,AUD
565830,2024-01-06T01:17:07,2024-01-06,725,23,Retail,Credit Card,COUPON-99Z,19.17,AUD
565882,2024-01-06T22:42:19,2024-01-06,593,27,Retail,PayPal,COUPON0000,11.43,AUD
565888,2024-01-06T21:22:16,2024-01-06,551,16,Online,Afterpay,COUPONZ-90,15.73,AUD
566004,2024-01-06T06:18:11,2024-01-06,505,36,Online,PayPal,COUPON0Z-9,3.67,AUD
566022,2024-01-06T04:20:04,2024-01-06,104,44,Retail,PayPal,COUPON99--,16.32,AUD
566135,2024-01-06T19:00:20,2024-01-06,236,36,Online,Credit Card,COUPONA---,18.42,AUD
566592,2024-01-06T11:56:09,2024-01-06,709,39,Retail,Credit Card,COUPON--9A,4.41,AUD
566665,2024-01-06T02:36:48,2024-01-06,754,2,Retail,Afterpay,COUPON0AAZ,16.48,AUD
566671,2024-01-06T16:06:41,2024-01-06,360,39,Retail,PayPal,COUPONZ00-,1.76,AUD
566735,2024-01-06T12:25:16,2024-01-06,484,45,Retail,Credit Card,COUPONZZ9-,15.82,AUD
566807,2024-01-06T19:10:11,2024-01-06,58,43,Online,Afterpay,COUPONZ0A-,4.37,AUD
567203,2024-01-06T17:58:12,2024-01-06,226,19,Retail,Credit Card,COUPON-0-0,19.3,AUD
567240,2024-01-06T05:27:24,2024-01-06,556,47,Online,Credit Card,COUPON0Z-A,6.03,AUD
567315,2024-01-06T06:32:53,2024-01-06,633,23,Online,PayPal,COUPONA-ZA,13.96,AUD
567383,2024-01-06T02:00:58,2024-01-06,387,38,Retail,Credit Card,COUPON0-90,16.51,AUD
567439,2024-01-06T06:48:36,2024-01-06,702,46,Online,PayPal,COUPONA99-,17.23,AUD
567613,2024-01-06T23:41:45,2024-01-06,751,33,Retail,PayPal,COUPONA-Z9,6.84,AUD
567741,2024-01-06T07:28:10,2024-01-06,433,39,Retail,Credit Card,COUPON-ZAA,1.37,AUD
567913,2024-01-06T08:14:37,2024-01-06,722,48,Retail,Afterpay,COUPON9999,9.96,AUD
567961,2024-01-06T02:24:07,2024-01-06,31,29,Retail,Credit Card,COUPONZAAZ,4.07,AUD
567973,2024-01-06T06:34:07,2024-01-06,780,10,Online,PayPal,COUPON0-0-,3.21,AUD
568067,2024-01-06T13:07:43,2024-01-06,258,39,Retail,Credit Card,COUPON99-Z,5.71,AUD
568110,2024-01-06T09:53:58,2024-01-06,254,15,Retail,Credit Card,COUPON-0-9,3.59,AUD
568278,2024-01-06T03:47:22,2024-01-06,359,42,Retail,Credit Card,COUPONZ09A,18.31,AUD
568342,2024-01-06T18:27:30,2024-01-06,415,13,Retail,Credit Card,COUPON-0A-,15.71,AUD
568397,2024-01-06T17:03:13,2024-01-06,457,13,Online,Afterpay,COUPON---0,10.26,AUD
568414,2024-01-06T12:56:52,2024-01-06,92,14,Online,PayPal,COUPON90ZZ,18.07,AUD
568610,2024-01-06T13:42:49,2024-01-06,421,30,Retail,Afterpay,COUPONZ9ZZ,6.53,AUD
568698,2024-01-06T17:49:05,2024-01-06,790,4,Online,Credit Card,COUPON9-Z-,3.41,AUD
568741,2024-01-06T00:04:21,2024-01-06,260,22,Retail,Credit Card,COUPONZ0AA,3.2,AUD
568789,2024-01-06T05:19:16,2024-01-06,686,11,Online,Credit Card,COUPON-Z09,19.7,AUD
568915,2024-01-06T18:54:11,2024-01-06,495,6,Online,PayPal,COUPON-ZA0,18.27,AUD
569090,2024-01-06T21:33:50,2024-01-06,244,21,Online,Credit Card,COUPONA00A,6.32,AUD
569342,2024-01-06T02:28:38,2024-01-06,241,39,Retail,Afterpay,COUPONA--9,12.87,AUD
569358,2024-01-06T20:14:59,2024-01-06,749,35,Retail,Afterpay,COUPON0Z00,1.07,AUD
569758,2024-01-06T07:58:26,2024-01-06,446,7,Retail,PayPal,COUPON-Z-9,13.84,AUD
569799,2024-01-06T05:53:50,2024-01-06,293,46,Retail,PayPal,COUPON-0--,10.8,AUD
569853,2024-01-06T23:10:34,2024-01-06,621,30,Online,Afterpay,COUPON9999,18.56,AUD
569918,2024-01-06T06:52:48,2024-01-06,551,46,Online,PayPal,COUPON-AZZ,6.55,AUD
569954,2024-01-06T03:51:02,2024-01-06,638,47,Retail,Afterpay,COUPON90AZ,14.78,AUD
570244,2024-01-06T22:10:36,2024-01-06,765,31,Retail,Afterpay,COUPONZ0A9,3.96,AUD
570277,2024-01-06T20:42:02,2024-01-06,373,33,Online,Credit Card,COUPON09Z0,0.46,AUD
570300,2024-01-06T15:22:53,2024-01-06,144,42,Retail,Credit Card,COUPON--ZZ,19.28,AUD
570372,2024-01-06T18:22:14,2024-01-06,275,46,Retail,Credit Card,COUPON-Z-0,2.39,AUD
570405,2024-01-06T07:10:36,2024-01-06,258,24,Online,Afterpay,COUPONAZ9A,9.99,AUD
570415,2024-01-06T17:52:07,2024-01-06,137,8,Retail,Afterpay,COUPON0--0,18.96,AUD
570719,2024-01-06T14:18:02,2024-01-06,668,21,Online,Afterpay,COUPON--ZA,15.55,AUD
570759,2024-01-06T14:11:25,2024-01-06,79,42,Online,PayPal,COUPON00-A,18.26,AUD
570804,2024-01-06T19:01:05,2024-01-06,26,11,Retail,Credit Card,COUPONZ--A,18.21,AUD
570898,2024-01-06T11:42:48,2024-01-06,532,46,Retail,Credit Card,COUPONAZ90,8.24,AUD
570983,2024-01-06T17:07:03,2024-01-06,13,24,Retail,PayPal,COUPONZ-Z-,6.41,AUD
571046,2024-01-06T02:27:29,2024-01-06,767,7,Retail,Credit Card,COUPON--AZ,8.19,AUD
571111,2024-01-06T18:40:24,2024-01-06,183,44,Online,Credit Card,COUPON9-Z-,5.56,AUD
571318,2024-01-06T06:03:56,2024-01-06,261,8,Online,Afterpay,COUPON0AZ0,19.97,AUD
571817,2024-01-06T12:17:44,2024-01-06,290,7,Online,Afterpay,COUPON0Z90,17.38,AUD
571897,2024-01-06T03:26:04,2024-01-06,494,49,Retail,PayPal,COUPON0---,2.68,AUD
572057,2024-01-06T02:11:41,2024-01-06,668,17,Online,Credit Card,COUPON---9,14.13,AUD
572261,2024-01-06T01:39:48,2024-01-06,209,27,Online,Afterpay,COUPONZ0-A,12.12,AUD
572350,2024-01-06T23:26:42,2024-01-06,319,47,Online,PayPal,COUPON-9-Z,1.06,AUD
572375,2024-01-06T01:26:13,2024-01-06,779,26,Retail,Afterpay,COUPON-9ZZ,7.08,AUD
572454,2024-01-06T22:07:11,2024-01-06,687,48,Retail,PayPal,COUPONA-0A,8.21,AUD
572798,2024-01-06T10:48:50,2024-01-06,598,1,Online,Credit Card,COUPON90A9,14.91,AUD
572892,2024-01-06T12:47:55,2024-01-06,14,18,Online,Credit Card,COUPON9-A-,11.57,AUD
573220,2024-01-06T08:21:58,2024-01-06,632,2,Online,Afterpay,COUPON0Z9A,3.59,AUD
573294,2024-01-06T06:32:24,2024-01-06,563,30,Retail,Credit Card,COUPONA--0,17.74,AUD
573856,2024-01-06T11:41:58,2024-01-06,85,11,Online,Credit Card,COUPONZ9A0,11.5,AUD
573986,2024-01-06T09:06:49,2024-01-06,214,24,Retail,Afterpay,COUPON--AZ,6.11,AUD
574078,2024-01-06T07:26:44,2024-01-06,462,9,Online,Afterpay,COUPON-0--,11.25,AUD
574186,2024-01-06T03:23:07,2024-01-06,180,16,Online,Afterpay,COUPON0A09,0.22,AUD
574210,2024-01-06T18:00:36,2024-01-06,633,29,Retail,Afterpay,COUPONZZ9A,19.02,AUD
574273,2024-01-06T06:43:17,2024-01-06,213,7,Retail,Credit Card,COUPONZ9-9,18.7,AUD
574339,2024-01-06T05:58:49,2024-01-06,190,20,Online,Credit Card,COUPON009-,11.09,AUD
574359,2024-01-06T16:09:25,2024-01-06,119,35,Retail,PayPal,COUPON99-A,1.45,AUD
574363,2024-01-06T19:30:26,2024-01-06,771,6,Retail,Credit Card,COUPON-AZA,15.54,AUD
574506,2024-01-06T04:51:36,2024-01-06,370,4,Retail,Afterpay,COUPON-A-Z,10.68,AUD
574528,2024-01-06T01:39:07,2024-01-06,73,44,Retail,Credit Card,COUPONZ--A,6.23,AUD
574647,2024-01-06T16:10:40,2024-01-06,421,30,Online,PayPal,COUPON99A0,1.62,AUD
574833,2024-01-06T00:22:31,2024-01-06,105,47,Retail,Afterpay,COUPON--09,6.0,AUD
575060,2024-01-06T15:29:48,2024-01-06,387,47,Retail,Afterpay,COUPON-90Z,1.58,AUD
575087,2024-01-06T01:07:17,2024-01-06,180,12,Online,PayPal,COUPON-900,10.71,AUD
575093,2024-01-06T20:22:40,2024-01-06,509,17,Online,Credit Card,COUPONZ--Z,6.17,AUD
575101,2024-01-06T19:36:27,2024-01-06,403,19,Retail,Afterpay,COUPON-AZ0,15.1,AUD
575242,2024-01-06T00:35:05,2024-01-06,35,35,Retail,Afterpay,COUPONA0-Z,0.5,AUD
575285,2024-01-06T17:33:52,2024-01-06,447,38,Online,Afterpay,COUPONZ0Z0,17.03,AUD
575336,2024-01-06T22:38:38,2024-01-06,782,23,Retail,Afterpay,COUPON0Z0-,12.9,AUD
575362,2024-01-06T10:35:56,2024-01-06,69,27,Online,Credit Card,COUPONAA-9,15.35,AUD
575371,2024-01-06T10:25:09,2024-01-06,574,30,Retail,Credit Card,COUPON-9Z-,18.53,AUD
575434,2024-01-06T10:59:06,2024-01-06,479,21,Online,Afterpay,COUPONZ-Z-,9.41,AUD
575461,2024-01-06T11:57:33,2024-01-06,471,35,Retail,Credit Card,COUPONZ--9,7.38,AUD
575470,2024-01-06T15:10:00,2024-01-06,546,13,Retail,Credit Card,COUPON-0A9,15.71,AUD
575601,2024-01-06T06:21:29,2024-01-06,727,22,Online,PayPal,COUPON00--,16.64,AUD
575629,2024-01-06T11:50:24,2024-01-06,406,21,Online,Afterpay,COUPON900Z,2.82,AUD
575630,2024-01-06T12:14:18,2024-01-06,169,30,Online,Credit Card,COUPON-9AZ,17.04,AUD
575669,2024-01-06T15:31:41,2024-01-06,301,48,Online,Credit Card,COUPON0--0,19.1,AUD
575800,2024-01-06T01:00:16,2024-01-06,398,49,Retail,Credit Card,COUPON-990,16.86,AUD
575949,2024-01-06T07:47:31,2024-01-06,526,25,Retail,Credit Card,COUPONA09-,17.93,AUD
575969,2024-01-06T23:12:31,2024-01-06,11,9,Retail,Afterpay,COUPONZ0-9,5.81,AUD
575979,2024-01-06T08:22:59,2024-01-06,145,28,Online,Afterpay,COUPON-9A-,3.35,AUD
576077,2024-01-06T20:47:25,2024-01-06,374,7,Retail,PayPal,COUPON9A9A,15.28,AUD
576162,2024-01-06T16:13:49,2024-01-06,273,37,Retail,Afterpay,COUPONZ9-0,4.65,AUD
576259,2024-01-06T09:55:34,2024-01-06,278,7,Online,Credit Card,COUPONAA09,0.16,AUD
576317,2024-01-06T23:49:14,2024-01-06,631,32,Retail,Afterpay,COUPONZ-0-,9.11,AUD
576367,2024-01-06T22:07:44,2024-01-06,437,36,Online,PayPal,COUPONAZ9-,3.84,AUD
576385,2024-01-06T07:46:56,2024-01-06,133,11,Retail,Afterpay,COUPON-0-0,6.43,AUD
576386,2024-01-06T06:52:52,2024-01-06,126,47,Retail,Credit Card,COUPON--9-,9.1,AUD
576434,2024-01-06T20:51:39,2024-01-06,158,45,Online,Afterpay,COUPON-9AZ,9.06,AUD
576452,2024-01-06T20:41:49,2024-01-06,578,29,Retail,Afterpay,COUPON-A-Z,10.0,AUD
576589,2024-01-06T04:56:27,2024-01-06,606,16,Online,Afterpay,COUPON-00Z,8.28,AUD
576728,2024-01-06T02:12:55,2024-01-06,275,30,Online,Afterpay,COUPON09Z-,3.94,AUD
576763,2024-01-06T18:25:15,2024-01-06,106,25,Retail,Credit Card,COUPONZ-ZA,3.03,AUD
576903,2024-01-06T09:45:17,2024-01-06,492,39,Retail,PayPal,COUPON09Z0,2.76,AUD
576970,2024-01-06T21:46:11,2024-01-06,59,39,Online,PayPal,COUPON-Z90,4.72,AUD
577016,2024-01-06T01:27:51,2024-01-06,144,40,Online,Credit Card,COUPON-0-A,10.15,AUD
577282,2024-01-06T11:57:09,2024-01-06,57,44,Retail,PayPal,COUPONZA-0,10.73,AUD
577391,2024-01-06T13:14:15,2024-01-06,120,13,Online,PayPal,COUPON9A--,10.19,AUD
577447,2024-01-06T17:51:26,2024-01-06,237,36,Online,Afterpay,COUPON0909,0.88,AUD
577584,2024-01-06T22:55:28,2024-01-06,639,20,Online,Afterpay,COUPON0-ZZ,7.24,AUD
577618,2024-01-06T16:19:15,2024-01-06,789,4,Retail,Credit Card,COUPONA0AA,10.42,AUD
577802,2024-01-06T11:48:01,2024-01-06,580,34,Retail,Credit Card,COUPON----,12.37,AUD
577816,2024-01-06T22:56:11,2024-01-06,477,6,Retail,PayPal,COUPONA-Z9,4.0,AUD
578088,2024-01-06T10:09:56,2024-01-06,437,40,Online,Credit Card,COUPON0--A,4.85,AUD
578157,2024-01-06T19:41:08,2024-01-06,92,29,Online,Credit Card,COUPONAA-0,0.95,AUD
578226,2024-01-06T06:07:42,2024-01-06,227,10,Retail,Credit Card,COUPON-9ZZ,11.31,AUD
578232,2024-01-06T03:30:42,2024-01-06,637,40,Online,Afterpay,COUPON----,0.41,AUD
578259,2024-01-06T13:27:40,2024-01-06,400,33,Online,Afterpay,COUPONA--0,18.21,AUD
578267,2024-01-06T15:48:08,2024-01-06,84,3,Online,Credit Card,COUPONZ---,3.63,AUD
578278,2024-01-06T22:07:15,2024-01-06,476,16,Retail,PayPal,COUPON-A9A,6.91,AUD
578296,2024-01-06T09:14:06,2024-01-06,182,17,Online,PayPal,COUPON990-,14.28,AUD
578304,2024-01-06T06:57:40,2024-01-06,137,21,Online,Afterpay,COUPON99A-,16.26,AUD
578320,2024-01-06T17:11:59,2024-01-06,721,2,Online,PayPal,COUPON9A9-,0.2,AUD
578425,2024-01-06T13:22:13,2024-01-06,44,39,Retail,Credit Card,COUPONAA9-,5.18,AUD
578457,2024-01-06T13:32:44,2024-01-06,394,6,Online,PayPal,COUPON0-A-,8.8,AUD
578536,2024-01-06T14:10:25,2024-01-06,266,15,Retail,Afterpay,COUPON99-0,3.18,AUD
578616,2024-01-06T13:44:51,2024-01-06,459,13,Retail,PayPal,COUPON90A0,8.02,AUD
578619,2024-01-06T01:03:29,2024-01-06,58,19,Online,PayPal,COUPON0-99,1.0,AUD
578755,2024-01-06T04:48:28,2024-01-06,49,38,Online,PayPal,COUPON00A-,5.36,AUD
578758,2024-01-06T02:21:08,2024-01-06,501,19,Retail,PayPal,COUPONZ0-A,17.05,AUD
578832,2024-01-06T22:11:32,2024-01-06,751,33,Retail,PayPal,COUPONZ-A-,10.56,AUD
579033,2024-01-06T07:13:10,2024-01-06,308,38,Retail,Credit Card,COUPONZ9-9,4.75,AUD
579115,2024-01-06T18:26:18,2024-01-06,344,9,Online,PayPal,COUPON9--A,19.38,AUD
579221,2024-01-06T00:26:11,2024-01-06,80,3,Online,Afterpay,COUPON-Z0A,5.89,AUD
579364,2024-01-06T16:32:12,2024-01-06,400,25,Online,Afterpay,COUPONZ-9-,12.43,AUD
579503,2024-01-06T20:40:57,2024-01-06,753,13,Retail,PayPal,COUPONZ-9A,7.37,AUD
579509,2024-01-06T09:04:30,2024-01-06,697,44,Online,PayPal,COUPON-Z--,19.52,AUD
579514,2024-01-06T15:29:26,2024-01-06,622,9,Retail,Afterpay,COUPONAA--,9.82,AUD
579523,2024-01-06T18:31:27,2024-01-06,630,5,Online,Credit Card,COUPON0-9Z,6.24,AUD
579656,2024-01-06T21:14:21,2024-01-06,83,15,Retail,PayPal,COUPONZA--,4.3,AUD
579731,2024-01-06T03:28:51,2024-01-06,185,36,Online,PayPal,COUPONZA0A,4.34,AUD
579974,2024-01-06T13:45:19,2024-01-06,382,25,Retail,Credit Card,COUPON----,15.54,AUD
580040,2024-01-06T03:50:54,2024-01-06,109,41,Online,Afterpay,COUPON-A-9,8.82,AUD
580076,2024-01-06T17:11:51,2024-01-06,199,23,Retail,Credit Card,COUPONZ-Z-,15.92,AUD
580080,2024-01-06T12:48:12,2024-01-06,54,31,Online,PayPal,COUPONAAZA,8.53,AUD
580210,2024-01-06T22:54:06,2024-01-06,365,40,Online,Credit Card,COUPON0AZ-,5.5,AUD
580226,2024-01-06T09:41:11,2024-01-06,759,35,Retail,Afterpay,COUPONZA-0,4.43,AUD
580318,2024-01-06T23:53:17,2024-01-06,673,23,Retail,Afterpay,COUPON-Z9Z,14.27,AUD
580503,2024-01-06T17:19:54,2024-01-06,386,26,Online,Credit Card,COUPONAZ-Z,17.99,AUD
580787,2024-01-06T15:58:51,2024-01-06,327,12,Online,Credit Card,COUPON--0A,8.43,AUD
580788,2024-01-06T13:48:45,2024-01-06,13,10,Online,Afterpay,COUPON9ZA9,11.59,AUD
580852,2024-01-06T08:32:09,2024-01-06,786,7,Retail,PayPal,COUPON0-A9,14.64,AUD
580855,2024-01-06T21:31:18,2024-01-06,124,15,Online,Credit Card,COUPONA9-Z,8.4,AUD
580890,2024-01-06T03:15:41,2024-01-06,192,20,Retail,Afterpay,COUPON--A-,7.47,AUD
580904,2024-01-06T12:22:01,2024-01-06,674,16,Retail,Credit Card,COUPONAA9-,12.23,AUD
580935,2024-01-06T10:03:59,2024-01-06,51,22,Online,PayPal,COUPON-9--,19.36,AUD
580986,2024-01-06T17:10:34,2024-01-06,499,22,Retail,PayPal,COUPON00-9,10.82,AUD
581016,2024-01-06T05:55:23,2024-01-06,608,26,Online,Afterpay,COUPON0Z09,18.87,AUD
581162,2024-01-06T14:50:40,2024-01-06,67,8,Retail,Credit Card,COUPON-Z-0,15.57,AUD
581172,2024-01-06T18:16:15,2024-01-06,433,40,Online,Credit Card,COUPONZ-AA,2.27,AUD
581190,2024-01-06T13:34:41,2024-01-06,496,19,Online,PayPal,COUPON9AAA,8.67,AUD
581238,2024-01-06T01:37:33,2024-01-06,13,28,Retail,Afterpay,COUPONA-A0,12.12,AUD
581276,2024-01-06T03:29:13,2024-01-06,380,27,Online,Afterpay,COUPON00--,14.64,AUD
581595,2024-01-06T03:15:04,2024-01-06,601,40,Retail,Afterpay,COUPON--9-,6.65,AUD
581642,2024-01-06T12:47:41,2024-01-06,508,23,Online,PayPal,COUPON--Z-,2.65,AUD
581823,2024-01-06T11:30:10,2024-01-06,353,46,Online,Afterpay,COUPON--0A,10.45,AUD
581873,2024-01-06T00:17:15,2024-01-06,133,7,Online,Afterpay,COUPON-00A,1.58,AUD
581929,2024-01-06T19:46:32,2024-01-06,206,49,Retail,Afterpay,COUPON---A,6.23,AUD
582059,2024-01-06T18:57:59,2024-01-06,63,20,Retail,PayPal,COUPON-A09,16.64,AUD
582090,2024-01-06T17:30:02,2024-01-06,327,49,Retail,Credit Card,COUPONAAAA,9.61,AUD
582143,2024-01-06T00:13:02,2024-01-06,7,44,Online,Afterpay,COUPONA-9Z,18.58,AUD
582259,2024-01-06T01:20:25,2024-01-06,205,45,Online,Credit Card,COUPON9--A,11.83,AUD
582269,2024-01-06T10:52:30,2024-01-06,16,1,Retail,Credit Card,COUPON0090,13.69,AUD
582350,2024-01-06T02:37:10,2024-01-06,42,38,Online,Afterpay,COUPONZ-00,15.97,AUD
582361,2024-01-06T13:28:20,2024-01-06,717,5,Online,Afterpay,COUPON00ZA,7.89,AUD
582426,2024-01-06T03:33:16,2024-01-06,309,47,Retail,PayPal,COUPON9-99,16.44,AUD
582451,2024-01-06T05:06:32,2024-01-06,86,45,Retail,PayPal,COUPONA-A-,10.76,AUD
582551,2024-01-06T00:28:28,2024-01-06,730,8,Retail,Credit Card,COUPONAZ00,4.65,AUD
582704,2024-01-06T06:22:28,2024-01-06,499,48,Retail,Afterpay,COUPONZ--Z,1.03,AUD
582810,2024-01-06T16:10:40,2024-01-06,290,31,Retail,Afterpay,COUPONZZ00,9.24,AUD
582860,2024-01-06T11:32:09,2024-01-06,329,42,Online,Credit Card,COUPONAZ90,1.19,AUD
582975,2024-01-06T05:38:48,2024-01-06,668,35,Online,PayPal,COUPONZ-09,14.89,AUD
583273,2024-01-06T02:45:32,2024-01-06,613,4,Retail,PayPal,COUPON--ZA,8.13,AUD
583294,2024-01-06T04:33:15,2024-01-06,529,26,Retail,Afterpay,COUPON9-ZZ,6.69,AUD
583464,2024-01-06T09:12:19,2024-01-06,150,1,Online,Credit Card,COUPONA-99,6.43,AUD
583516,2024-01-06T17:22:51,2024-01-06,184,23,Retail,Afterpay,COUPON-99-,7.6,AUD
583546,2024-01-06T01:43:38,2024-01-06,85,8,Retail,Afterpay,COUPON---0,0.45,AUD
583552,2024-01-06T18:12:36,2024-01-06,67,44,Retail,Afterpay,COUPON-0A9,5.69,AUD
583587,2024-01-06T06:12:24,2024-01-06,148,38,Online,PayPal,COUPONZ-Z0,2.1,AUD
583627,2024-01-06T17:21:03,2024-01-06,698,34,Online,PayPal,COUPONAZ-9,5.59,AUD
584096,2024-01-06T00:24:10,2024-01-06,727,21,Online,PayPal,COUPON9-9-,14.93,AUD
584158,2024-01-06T08:27:50,2024-01-06,486,35,Online,Afterpay,COUPON90A-,5.81,AUD
584177,2024-01-06T09:17:25,2024-01-06,107,8,Online,Afterpay,COUPONAA--,3.4,AUD
584246,2024-01-06T01:17:08,2024-01-06,558,40,Retail,PayPal,COUPONZ--9,1.67,AUD
584251,2024-01-06T14:57:00,2024-01-06,562,4,Online,Credit Card,COUPON---A,13.38,AUD
584349,2024-01-06T05:52:06,2024-01-06,58,42,Retail,Afterpay,COUPON----,7.65,AUD
584440,2024-01-06T17:39:49,2024-01-06,7,35,Online,Afterpay,COUPON--9-,17.2,AUD
584540,2024-01-06T07:22:31,2024-01-06,399,22,Retail,PayPal,COUPON90--,0.05,AUD
584684,2024-01-06T11:53:38,2024-01-06,175,6,Retail,Afterpay,COUPON-90-,8.65,AUD
584721,2024-01-06T19:36:59,2024-01-06,702,39,Online,Credit Card,COUPONZ9-Z,4.49,AUD
584791,2024-01-06T03:07:42,2024-01-06,199,41,Retail,PayPal,COUPONZ-AZ,15.11,AUD
585014,2024-01-06T08:24:30,2024-01-06,399,39,Retail,Afterpay,COUPON90ZA,18.96,AUD
585096,2024-01-06T06:46:57,2024-01-06,718,22,Retail,PayPal,COUPON-A-9,2.89,AUD
585153,2024-01-06T00:47:23,2024-01-06,561,21,Online,Afterpay,COUPONZAZ9,11.24,AUD
585388,2024-01-06T05:48:10,2024-01-06,117,45,Online,Credit Card,COUPONZ9A0,10.62,AUD
585397,2024-01-06T07:32:53,2024-01-06,609,7,Online,Afterpay,COUPONA-AZ,11.99,AUD
585566,2024-01-06T16:50:45,2024-01-06,632,26,Online,Credit Card,COUPON-AAZ,7.35,AUD
585669,2024-01-06T13:47:10,2024-01-06,362,37,Retail,Afterpay,COUPONAZZ9,14.72,AUD
585719,2024-01-06T12:11:45,2024-01-06,406,47,Retail,Credit Card,COUPON00ZA,13.35,AUD
585843,2024-01-06T15:42:28,2024-01-06,572,40,Retail,PayPal,COUPON99A0,10.29,AUD
586548,2024-01-06T16:11:48,2024-01-06,604,38,Retail,Afterpay,COUPON9Z-0,17.21,AUD
586549,2024-01-06T09:56:20,2024-01-06,137,21,Online,Credit Card,COUPONZ0A9,8.67,AUD
586557,2024-01-06T07:34:34,2024-01-06,664,13,Retail,Credit Card,COUPONZZ9-,0.09,AUD
586642,2024-01-06T22:44:21,2024-01-06,602,17,Online,Afterpay,COUPONZ90A,16.89,AUD
586714,2024-01-06T13:53:06,2024-01-06,287,18,Online,PayPal,COUPONA--9,2.73,AUD
586807,2024-01-06T23:42:36,2024-01-06,713,18,Retail,PayPal,COUPON9-09,9.62,AUD
586892,2024-01-06T22:04:09,2024-01-06,491,13,Retail,Credit Card,COUPONA--0,16.32,AUD
587159,2024-01-06T18:29:46,2024-01-06,500,43,Retail,Afterpay,COUPONZAZ-,2.88,AUD
587401,2024-01-06T15:42:10,2024-01-06,512,30,Online,Afterpay,COUPON-0Z9,4.19,AUD
587483,2024-01-06T12:00:43,2024-01-06,639,25,Online,PayPal,COUPON--0A,6.9,AUD
587508,2024-01-06T21:10:56,2024-01-06,226,23,Retail,Credit Card,COUPONZ-9-,1.71,AUD
587643,2024-01-06T06:57:58,2024-01-06,768,30,Online,Credit Card,COUPON-A-Z,1.63,AUD
587662,2024-01-06T03:13:35,2024-01-06,392,35,Online,Afterpay,COUPONAZ09,12.56,AUD
587706,2024-01-06T15:26:39,2024-01-06,520,25,Online,Afterpay,COUPONA--9,11.84,AUD
587803,2024-01-06T22:01:15,2024-01-06,548,1,Online,Credit Card,COUPONZ090,3.49,AUD
587857,2024-01-06T10:10:27,2024-01-06,448,11,Retail,Afterpay,COUPONA--A,10.15,AUD
587874,2024-01-06T03:43:43,2024-01-06,172,17,Retail,Credit Card,COUPON9A-9,2.15,AUD
588172,2024-01-06T23:01:36,2024-01-06,667,29,Online,PayPal,COUPON9Z09,17.89,AUD
588698,2024-01-06T15:04:41,2024-01-06,159,17,Online,Afterpay,COUPON-Z9A,2.24,AUD
588837,2024-01-06T03:40:54,2024-01-06,753,10,Online,PayPal,COUPONZZ--,2.98,AUD
589159,2024-01-06T07:12:51,2024-01-06,191,19,Retail,PayPal,COUPON9--Z,0.94,AUD
589214,2024-01-06T22:03:34,2024-01-06,646,32,Retail,PayPal,COUPON-00-,18.57,AUD
589636,2024-01-06T12:26:31,2024-01-06,613,24,Online,PayPal,COUPON-009,16.74,AUD
589704,2024-01-06T19:58:11,2024-01-06,233,49,Online,PayPal,COUPONA-0-,8.58,AUD
589907,2024-01-06T08:16:34,2024-01-06,21,19,Online,PayPal,COUPON----,13.82,AUD
589932,2024-01-06T02:36:17,2024-01-06,555,42,Online,PayPal,COUPONAAA9,9.04,AUD
590005,2024-01-06T18:25:04,2024-01-06,167,32,Retail,PayPal,COUPON0ZA0,13.86,AUD
590301,2024-01-06T00:59:38,2024-01-06,495,42,Retail,PayPal,COUPON0Z0Z,14.79,AUD
590306,2024-01-06T04:20:01,2024-01-06,280,2,Online,PayPal,COUPON0-Z9,3.14,AUD
590345,2024-01-06T05:50:13,2024-01-06,624,2,Retail,Afterpay,COUPON--Z0,9.73,AUD
590380,2024-01-06T14:11:16,2024-01-06,504,13,Retail,Afterpay,COUPONZZ09,0.36,AUD
590455,2024-01-06T12:45:13,2024-01-06,746,10,Online,PayPal,COUPON-0AA,1.13,AUD
590564,2024-01-06T17:00:28,2024-01-06,75,4,Online,Afterpay,COUPONZ09A,0.33,AUD
590726,2024-01-06T05:48:10,2024-01-06,122,13,Retail,PayPal,COUPON90ZA,17.81,AUD
590784,2024-01-06T23:03:54,2024-01-06,434,29,Online,Credit Card,COUPONZ-A-,9.68,AUD
590837,2024-01-06T05:16:19,2024-01-06,259,45,Retail,Credit Card,COUPON-900,7.16,AUD
590840,2024-01-06T02:08:24,2024-01-06,571,8,Online,Credit Card,COUPON990Z,5.24,AUD
590861,2024-01-06T10:08:47,2024-01-06,27,22,Online,PayPal,COUPON-A09,12.61,AUD
590990,2024-01-06T13:35:53,2024-01-06,106,45,Online,Credit Card,COUPON-99-,1.09,AUD
591129,2024-01-06T16:54:59,2024-01-06,755,25,Online,PayPal,COUPON99A-,7.06,AUD
591253,2024-01-06T20:25:29,2024-01-06,1,35,Retail,Afterpay,COUPON9-9-,17.4,AUD
591339,2024-01-06T11:44:49,2024-01-06,183,11,Online,Afterpay,COUPONA09Z,19.29,AUD
591389,2024-01-06T03:01:13,2024-01-06,139,40,Online,Afterpay,COUPON00-0,5.6,AUD
591448,2024-01-06T00:33:29,2024-01-06,45,20,Online,Afterpay,COUPON-0-Z,11.01,AUD
591873,2024-01-06T20:39:22,2024-01-06,413,43,Retail,Credit Card,COUPON---Z,18.09,AUD
591885,2024-01-06T13:16:22,2024-01-06,544,7,Retail,Afterpay,COUPON-0Z0,17.86,AUD
591997,2024-01-06T08:58:24,2024-01-06,196,24,Retail,Credit Card,COUPON9Z--,18.07,AUD
592056,2024-01-06T01:36:22,2024-01-06,443,43,Online,Afterpay,COUPON-AZ-,5.32,AUD
592207,2024-01-06T12:55:31,2024-01-06,253,35,Online,Afterpay,COUPON9AA9,19.37,AUD
592580,2024-01-06T21:22:15,2024-01-06,701,28,Retail,Afterpay,COUPONAZ-0,10.0,AUD
592845,2024-01-06T18:21:09,2024-01-06,96,36,Online,Credit Card,COUPONZAA0,8.24,AUD
592879,2024-01-06T06:23:29,2024-01-06,76,17,Online,Afterpay,COUPONZ--A,12.27,AUD
593156,2024-01-06T12:08:34,2024-01-06,520,4,Retail,Afterpay,COUPON--0Z,2.39,AUD
593247,2024-01-06T09:19:47,2024-01-06,131,29,Online,PayPal,COUPONZ0-Z,2.81,AUD
593308,2024-01-06T23:33:34,2024-01-06,595,44,Retail,Afterpay,COUPONZZZA,11.15,AUD
593329,2024-01-06T12:50:23,2024-01-06,168,16,Online,Credit Card,COUPON9--0,10.35,AUD
593353,2024-01-06T03:46:46,2024-01-06,46,37,Retail,Credit Card,COUPON9--9,18.24,AUD
593486,2024-01-06T09:30:39,2024-01-06,418,44,Retail,PayPal,COUPONA0-0,19.87,AUD
593603,2024-01-06T06:08:07,2024-01-06,670,30,Retail,Credit Card,COUPON90ZZ,13.55,AUD
593611,2024-01-06T01:03:18,2024-01-06,91,35,Retail,PayPal,COUPONA9-0,1.61,AUD
593882,2024-01-06T02:53:57,2024-01-06,731,47,Online,Afterpay,COUPONZ-9-,18.5,AUD
593947,2024-01-06T18:35:11,2024-01-06,179,45,Retail,PayPal,COUPON9-9A,4.93,AUD
593965,2024-01-06T14:03:02,2024-01-06,631,48,Retail,PayPal,COUPON999-,14.29,AUD
593974,2024-01-06T15:52:32,2024-01-06,66,27,Retail,PayPal,COUPON000Z,17.02,AUD
594025,2024-01-06T21:35:29,2024-01-06,592,18,Retail,PayPal,COUPON-0AA,0.53,AUD
594129,2024-01-06T18:28:56,2024-01-06,724,45,Online,Afterpay,COUPON0-9A,15.44,AUD
594159,2024-01-06T06:32:45,2024-01-06,633,5,Retail,Afterpay,COUPON-99A,3.06,AUD
594269,2024-01-06T01:31:23,2024-01-06,71,9,Online,PayPal,COUPON-0-Z,9.27,AUD
594398,2024-01-06T10:02:16,2024-01-06,445,33,Retail,PayPal,COUPON-0-A,13.18,AUD
594513,2024-01-06T20:01:27,2024-01-06,702,29,Online,Afterpay,COUPON--09,4.3,AUD
594515,2024-01-06T05:02:19,2024-01-06,302,3,Retail,PayPal,COUPON0ZZZ,10.1,AUD
594589,2024-01-06T11:02:10,2024-01-06,577,48,Retail,Credit Card,COUPON---A,2.59,AUD
594856,2024-01-06T04:03:21,2024-01-06,296,20,Online,Afterpay,COUPON-ZZ-,1.25,AUD
594925,2024-01-06T08:52:05,2024-01-06,192,18,Retail,Credit Card,COUPON999Z,16.1,AUD
594989,2024-01-06T14:54:40,2024-01-06,47,33,Online,Afterpay,COUPON9AZZ,11.16,AUD
594994,2024-01-06T05:52:29,2024-01-06,466,45,Online,PayPal,COUPON0-Z-,5.51,AUD
595162,2024-01-06T21:54:18,2024-01-06,205,37,Retail,Credit Card,COUPONZ009,7.75,AUD
595279,2024-01-06T23:50:39,2024-01-06,651,24,Retail,Afterpay,COUPONZZA-,8.55,AUD
595399,2024-01-06T16:26:09,2024-01-06,598,31,Retail,PayPal,COUPON9Z99,3.54,AUD
595425,2024-01-06T22:48:41,2024-01-06,16,42,Online,Credit Card,COUPON--0Z,2.57,AUD
595468,2024-01-06T15:10:54,2024-01-06,150,22,Retail,Credit Card,COUPON-Z-A,12.43,AUD
595591,2024-01-06T21:15:06,2024-01-06,518,10,Online,Afterpay,COUPONA099,18.47,AUD
595600,2024-01-06T05:09:57,2024-01-06,322,11,Retail,Afterpay,COUPON---0,15.18,AUD
595607,2024-01-06T16:15:30,2024-01-06,354,16,Online,Afterpay,COUPONA99Z,1.23,AUD
595636,2024-01-06T13:21:21,2024-01-06,234,29,Retail,Credit Card,COUPONA--A,3.13,AUD
595637,2024-01-06T04:44:39,2024-01-06,484,33,Online,Credit Card,COUPON99--,8.89,AUD
595731,2024-01-06T16:01:56,2024-01-06,554,32,Retail,Credit Card,COUPON-A-A,2.54,AUD
595785,2024-01-06T04:53:20,2024-01-06,360,47,Retail,Credit Card,COUPON099-,18.86,AUD
595822,2024-01-06T09:06:01,2024-01-06,706,47,Retail,Credit Card,COUPON-990,1.31,AUD
595826,2024-01-06T01:44:55,2024-01-06,219,28,Online,Credit Card,COUPON--9A,5.69,AUD
596067,2024-01-06T11:36:29,2024-01-06,695,4,Online,Afterpay,COUPONA-9A,18.35,AUD
596337,2024-01-06T08:29:20,2024-01-06,328,49,Retail,Credit Card,COUPON9--9,12.08,AUD
596393,2024-01-06T10:23:56,2024-01-06,626,40,Retail,PayPal,COUPONA9-Z,14.75,AUD
596435,2024-01-06T03:53:13,2024-01-06,371,38,Retail,Credit Card,COUPON-AA-,18.22,AUD
596458,2024-01-06T02:04:25,2024-01-06,648,12,Online,PayPal,COUPON--9-,16.68,AUD
596478,2024-01-06T04:35:13,2024-01-06,28,2,Retail,Afterpay,COUPON---A,11.28,AUD
596535,2024-01-06T16:49:02,2024-01-06,109,24,Retail,Afterpay,COUPONA909,2.21,AUD
596652,2024-01-06T12:48:01,2024-01-06,306,7,Online,PayPal,COUPON--Z-,3.33,AUD
596893,2024-01-06T00:09:50,2024-01-06,339,9,Retail,Credit Card,COUPON-Z99,5.07,AUD
596917,2024-01-06T05:30:23,2024-01-06,431,41,Online,Afterpay,COUPONA-00,9.15,AUD
596935,2024-01-06T01:45:33,2024-01-06,35,7,Retail,Credit Card,COUPON--9-,13.46,AUD
596957,2024-01-06T11:25:37,2024-01-06,575,16,Online,Afterpay,COUPON-A--,4.76,AUD
597026,2024-01-06T15:46:45,2024-01-06,629,7,Retail,PayPal,COUPON00A-,8.76,AUD
597350,2024-01-06T18:05:25,2024-01-06,737,29,Online,Credit Card,COUPON9990,12.83,AUD
597475,2024-01-06T20:24:09,2024-01-06,423,19,Retail,PayPal,COUPON90--,17.17,AUD
597491,2024-01-06T15:52:28,2024-01-06,232,8,Retail,PayPal,COUPON00-0,0.36,AUD
597500,2024-01-06T05:41:35,2024-01-06,747,14,Retail,Afterpay,COUPON--0-,19.67,AUD
597570,2024-01-06T05:08:26,2024-01-06,111,23,Online,Afterpay,COUPON-09-,19.89,AUD
597767,2024-01-06T05:12:17,2024-01-06,662,21,Online,PayPal,COUPON---0,7.82,AUD
597796,2024-01-06T05:53:03,2024-01-06,47,37,Online,Credit Card,COUPON-Z-9,16.61,AUD
597850,2024-01-06T00:16:59,2024-01-06,285,26,Online,Afterpay,COUPONA909,17.47,AUD
597872,2024-01-06T23:54:11,2024-01-06,367,46,Online,Credit Card,COUPONA9--,6.29,AUD
597899,2024-01-06T16:20:27,2024-01-06,348,5,Online,PayPal,COUPON--A-,15.06,AUD
597917,2024-01-06T05:54:32,2024-01-06,531,39,Online,Afterpay,COUPON99Z0,1.79,AUD
597920,2024-01-06T18:33:42,2024-01-06,392,45,Retail,Credit Card,COUPON-0--,16.58,AUD
597933,2024-01-06T20:11:51,2024-01-06,398,16,Retail,Afterpay,COUPONZA00,10.43,AUD
598024,2024-01-06T04:18:23,2024-01-06,767,45,Retail,PayPal,COUPON0--Z,17.36,AUD
598252,2024-01-06T15:42:59,2024-01-06,446,2,Online,Afterpay,COUPONAZZA,6.89,AUD
598354,2024-01-06T14:23:55,2024-01-06,796,12,Online,PayPal,COUPONA---,8.65,AUD
598596,2024-01-06T17:51:16,2024-01-06,723,11,Online,PayPal,COUPONA--0,12.88,AUD
598651,2024-01-06T07:09:31,2024-01-06,190,23,Online,Credit Card,COUPON-A-0,13.12,AUD
598898,2024-01-06T21:46:39,2024-01-06,215,46,Retail,PayPal,COUPONZZ99,9.07,AUD
599002,2024-01-06T05:23:05,2024-01-06,597,9,Retail,PayPal,COUPONZZAA,4.96,AUD
599046,2024-01-06T01:41:18,2024-01-06,791,8,Online,PayPal,COUPON-Z0-,16.77,AUD
599210,2024-01-06T12:59:06,2024-01-06,441,38,Online,Afterpay,COUPON----,5.4,AUD
599268,2024-01-06T00:54:35,2024-01-06,160,19,Online,Afterpay,COUPONZ9--,11.02,AUD
599296,2024-01-06T17:47:39,2024-01-06,539,3,Online,Credit Card,COUPON-0--,9.74,AUD
599297,2024-01-06T01:16:12,2024-01-06,399,19,Online,PayPal,COUPONA9--,16.57,AUD
599334,2024-01-06T09:08:17,2024-01-06,22,36,Online,Afterpay,COUPONAZ0A,6.47,AUD
599363,2024-01-06T09:09:03,2024-01-06,518,2,Online,Credit Card,COUPONZ--0,5.23,AUD
599528,2024-01-06T06:12:17,2024-01-06,668,4,Retail,Afterpay,COUPON0-A-,6.81,AUD
599593,2024-01-06T13:53:06,2024-01-06,669,44,Online,Afterpay,COUPONAA-0,3.78,AUD
599615,2024-01-06T08:17:52,2024-01-06,459,9,Retail,Afterpay,COUPON9Z--,1.85,AUD
599684,2024-01-06T09:56:59,2024-01-06,641,7,Retail,Afterpay,COUPON-9-9,18.2,AUD
599776,2024-01-06T12:48:04,2024-01-06,199,33,Retail,Afterpay,COUPONAAA-,9.71,AUD
599831,2024-01-06T09:06:07,2024-01-06,607,23,Online,PayPal,COUPON--ZZ,11.87,AUD
599861,2024-01-06T01:20:24,2024-01-06,132,19,Retail,Afterpay,COUPON0-Z-,13.45,AUD
599895,2024-01-06T07:36:46,2024-01-06,419,12,Online,PayPal,COUPON-ZAA,1.37,AUD
599930,2024-01-06T04:23:01,2024-01-06,626,27,Online,PayPal,COUPONA9--,17.79,AUD
599976,2024-01-06T18:24:41,2024-01-06,44,2,Online,PayPal,COUPON9-A-,12.65,AUD
599995,2024-01-06T23:01:07,2024-01-06,289,4,Online,PayPal,COUPON-0-A,14.09,AUD
600015,2024-01-06T10:10:57,2024-01-06,152,2,Online,Credit Card,COUPON-ZZZ,8.06,AUD
600039,2024-01-06T12:38:39,2024-01-06,630,31,Retail,PayPal,COUPON9--A,1.3,AUD
600069,2024-01-06T15:54:24,2024-01-06,154,30,Retail,Afterpay,COUPON9-90,8.63,AUD
600091,2024-01-06T16:16:16,2024-01-06,321,23,Retail,PayPal,COUPON9-90,19.37,AUD
600205,2024-01-06T02:25:11,2024-01-06,668,43,Retail,Afterpay,COUPON0-Z-,3.93,AUD
600490,2024-01-06T12:30:47,2024-01-06,797,45,Online,Credit Card,COUPONA--0,9.14,AUD
600537,2024-01-06T11:25:56,2024-01-06,59,5,Online,Credit Card,COUPON09-Z,18.39,AUD
600543,2024-01-06T08:15:29,2024-01-06,236,13,Online,Credit Card,COUPONAZ--,6.37,AUD
600809,2024-01-06T08:37:21,2024-01-06,106,14,Online,Credit Card,COUPON-90-,11.79,AUD
600864,2024-01-06T00:09:20,2024-01-06,273,20,Retail,Afterpay,COUPON-0--,16.83,AUD
600971,2024-01-06T06:58:16,2024-01-06,494,8,Retail,Credit Card,COUPONZ9AA,11.35,AUD
600980,2024-01-06T13:58:29,2024-01-06,103,19,Online,Afterpay,COUPON-990,7.95,AUD
601109,2024-01-06T16:59:10,2024-01-06,490,22,Online,PayPal,COUPON9--0,8.48,AUD
601193,2024-01-06T06:02:21,2024-01-06,528,15,Online,Credit Card,COUPON---A,15.37,AUD
601240,2024-01-06T19:20:42,2024-01-06,95,17,Online,PayPal,COUPON-Z0Z,2.2,AUD
601254,2024-01-06T20:42:27,2024-01-06,19,21,Retail,PayPal,COUPONA-A-,17.54,AUD
601320,2024-01-06T14:15:48,2024-01-06,350,12,Online,Afterpay,COUPON----,4.94,AUD
601364,2024-01-06T05:26:59,2024-01-06,44,24,Retail,Afterpay,COUPON9-ZA,3.81,AUD
601444,2024-01-06T03:22:04,2024-01-06,283,23,Retail,Credit Card,COUPON--Z-,8.9,AUD
601456,2024-01-06T02:05:12,2024-01-06,157,35,Retail,Credit Card,COUPON-Z-Z,1.14,AUD
601479,2024-01-06T00:53:57,2024-01-06,665,5,Online,Credit Card,COUPONAZA-,8.56,AUD
601538,2024-01-06T06:10:06,2024-01-06,91,4,Online,Afterpay,COUPONA-A-,15.41,AUD
601822,2024-01-06T12:27:28,2024-01-06,256,25,Retail,Credit Card,COUPON--Z9,5.3,AUD
602058,2024-01-06T08:11:31,2024-01-06,104,15,Online,PayPal,COUPON09-0,15.54,AUD
602169,2024-01-06T17:45:29,2024-01-06,472,38,Retail,Afterpay,COUPON-9A9,9.47,AUD
602390,2024-01-06T21:35:24,2024-01-06,533,27,Retail,PayPal,COUPONZ990,12.4,AUD
602533,2024-01-06T20:34:25,2024-01-06,187,16,Online,Credit Card,COUPONZ---,14.11,AUD
602608,2024-01-06T23:28:36,2024-01-06,373,28,Online,Afterpay,COUPONAZ0-,17.15,AUD
602765,2024-01-06T11:58:34,2024-01-06,60,42,Retail,PayPal,COUPON00-Z,9.29,AUD
602787,2024-01-06T03:40:14,2024-01-06,498,28,Retail,Afterpay,COUPONZ0Z0,17.41,AUD
602800,2024-01-06T02:48:54,2024-01-06,142,18,Online,Afterpay,COUPON-0ZZ,2.39,AUD
602857,2024-01-06T20:44:30,2024-01-06,564,30,Online,Credit Card,COUPON0Z--,12.22,AUD
602864,2024-01-06T15:35:57,2024-01-06,265,35,Online,Afterpay,COUPON9A90,3.03,AUD
602936,2024-01-06T21:26:53,2024-01-06,451,22,Retail,Afterpay,COUPONZ-AA,11.92,AUD
602962,2024-01-06T09:38:49,2024-01-06,131,49,Retail,PayPal,COUPONZZZZ,11.28,AUD
603273,2024-01-06T23:13:39,2024-01-06,534,18,Retail,Afterpay,COUPON-9-9,18.97,AUD
603302,2024-01-06T13:35:45,2024-01-06,302,49,Online,PayPal,COUPONA90A,16.65,AUD
603350,2024-01-06T16:47:52,2024-01-06,268,16,Retail,PayPal,COUPONA-Z0,11.14,AUD
603365,2024-01-06T18:54:18,2024-01-06,388,20,Online,PayPal,COUPON--0-,11.1,AUD
603366,2024-01-06T09:40:57,2024-01-06,399,14,Retail,PayPal,COUPONZ--0,5.61,AUD
603443,2024-01-06T07:44:19,2024-01-06,118,32,Retail,Afterpay,COUPON-A-Z,8.23,AUD
603497,2024-01-06T13:38:51,2024-01-06,386,33,Retail,Credit Card,COUPONA-AZ,17.1,AUD
603530,2024-01-06T19:47:07,2024-01-06,80,40,Online,Afterpay,COUPON0009,15.75,AUD
603647,2024-01-06T13:03:49,2024-01-06,138,12,Online,Afterpay,COUPON0Z-Z,16.14,AUD
603742,2024-01-06T12:24:46,2024-01-06,336,42,Retail,PayPal,COUPONZAA0,15.81,AUD
604157,2024-01-06T02:10:11,2024-01-06,544,45,Online,PayPal,COUPON--09,11.2,AUD
604335,2024-01-06T10:51:48,2024-01-06,285,31,Retail,PayPal,COUPON--ZZ,4.28,AUD
604412,2024-01-06T15:46:31,2024-01-06,674,14,Retail,Afterpay,COUPON-09A,17.31,AUD
604464,2024-01-06T18:43:26,2024-01-06,250,44,Retail,Credit Card,COUPONZAZZ,2.65,AUD
604632,2024-01-06T00:54:53,2024-01-06,168,43,Online,PayPal,COUPON--0A,16.82,AUD
604663,2024-01-06T03:12:36,2024-01-06,437,8,Retail,Afterpay,COUPON-9-Z,9.31,AUD
604710,2024-01-06T22:18:35,2024-01-06,700,9,Online,PayPal,COUPONZZ9-,11.88,AUD
604760,2024-01-06T04:44:48,2024-01-06,160,31,Retail,Credit Card,COUPON-9-Z,7.87,AUD
604775,2024-01-06T05:40:13,2024-01-06,675,29,Online,Credit Card,COUPON9A9Z,7.82,AUD
604804,2024-01-06T22:33:38,2024-01-06,643,1,Online,Credit Card,COUPON-9Z0,9.64,AUD
604812,2024-01-06T11:55:08,2024-01-06,631,43,Online,PayPal,COUPON-000,11.42,AUD
604844,2024-01-06T23:22:43,2024-01-06,690,16,Retail,PayPal,COUPON0---,19.27,AUD
604933,2024-01-06T09:26:22,2024-01-06,211,23,Retail,Afterpay,COUPON9A90,8.06,AUD
605022,2024-01-06T12:28:27,2024-01-06,687,21,Online,Credit Card,COUPON-9--,1.53,AUD
605123,2024-01-06T13:06:58,2024-01-06,377,1,Retail,Afterpay,COUPON---9,4.2,AUD
605234,2024-01-06T15:53:37,2024-01-06,312,10,Online,PayPal,COUPONA-0-,9.54,AUD
605451,2024-01-06T23:38:36,2024-01-06,543,35,Retail,Afterpay,COUPON-09A,11.01,AUD
605523,2024-01-06T13:27:53,2024-01-06,332,39,Retail,PayPal,COUPON-0--,14.13,AUD
605692,2024-01-06T00:01:20,2024-01-06,273,19,Online,Credit Card,COUPON0-0Z,3.41,AUD
606017,2024-01-06T00:35:59,2024-01-06,329,30,Online,PayPal,COUPON990-,10.68,AUD
606098,2024-01-06T08:26:34,2024-01-06,68,27,Retail,Afterpay,COUPONA9AA,9.26,AUD
606135,2024-01-06T00:14:49,2024-01-06,716,33,Retail,Afterpay,COUPONA-0-,15.58,AUD
606139,2024-01-06T12:07:40,2024-01-06,655,18,Retail,Credit Card,COUPONA0AZ,0.22,AUD
606144,2024-01-06T21:20:07,2024-01-06,398,41,Retail,Credit Card,COUPON--9-,12.77,AUD
606150,2024-01-06T21:51:47,2024-01-06,320,37,Retail,Credit Card,COUPON-0-A,14.43,AUD
606153,2024-01-06T20:40:07,2024-01-06,353,2,Online,PayPal,COUPON--0Z,11.16,AUD
606307,2024-01-06T20:54:50,2024-01-06,540,13,Online,Credit Card,COUPONZA-A,11.01,AUD
606473,2024-01-06T00:46:15,2024-01-06,765,22,Retail,Afterpay,COUPONA9Z-,1.55,AUD
606546,2024-01-06T01:13:46,2024-01-06,623,32,Online,Credit Card,COUPON-9--,0.8,AUD
606792,2024-01-06T16:55:36,2024-01-06,780,28,Retail,Afterpay,COUPONAAZ-,0.24,AUD
606888,2024-01-06T10:35:40,2024-01-06,118,20,Online,PayPal,COUPON99A0,13.51,AUD
607009,2024-01-06T12:59:10,2024-01-06,110,22,Online,Afterpay,COUPON0---,16.68,AUD
607018,2024-01-06T22:41:57,2024-01-06,576,23,Online,PayPal,COUPON---0,11.72,AUD
607027,2024-01-06T05:45:30,2024-01-06,657,28,Online,Credit Card,COUPONZZ--,3.93,AUD
607191,2024-01-06T01:24:03,2024-01-06,420,20,Online,PayPal,COUPON--0A,0.85,AUD
607328,2024-01-06T19:14:41,2024-01-06,456,12,Retail,Credit Card,COUPONZAA-,3.3,AUD
607506,2024-01-06T19:44:53,2024-01-06,340,4,Online,PayPal,COUPON0ZA-,0.45,AUD
607542,2024-01-06T17:07:09,2024-01-06,684,7,Online,PayPal,COUPONA0A-,1.5,AUD
607576,2024-01-06T06:48:52,2024-01-06,190,16,Online,Afterpay,COUPON-A9A,9.12,AUD
607759,2024-01-06T09:08:02,2024-01-06,572,29,Online,Credit Card,COUPONAZ-0,10.86,AUD
607798,2024-01-06T21:08:47,2024-01-06,377,38,Online,Credit Card,COUPON09ZZ,19.66,AUD
607809,2024-01-06T19:48:21,2024-01-06,320,19,Retail,Afterpay,COUPONA--A,9.19,AUD
607884,2024-01-06T14:54:30,2024-01-06,387,45,Retail,Afterpay,COUPON-909,13.12,AUD
608004,2024-01-06T06:34:29,2024-01-06,253,27,Retail,PayPal,COUPON----,14.69,AUD
608549,2024-01-06T02:28:25,2024-01-06,394,8,Retail,PayPal,COUPONZAA9,15.0,AUD
608582,2024-01-06T22:13:09,2024-01-06,303,3,Retail,Afterpay,COUPONAA--,6.83,AUD
608587,2024-01-06T16:46:35,2024-01-06,375,11,Online,Afterpay,COUPON-Z90,13.84,AUD
608637,2024-01-06T22:59:03,2024-01-06,536,46,Retail,PayPal,COUPONZ-ZZ,6.83,AUD
608802,2024-01-06T01:55:27,2024-01-06,503,30,Online,Credit Card,COUPON9-9A,10.53,AUD
608949,2024-01-06T12:49:32,2024-01-06,13,13,Retail,Afterpay,COUPON0---,12.25,AUD
608957,2024-01-06T20:55:14,2024-01-06,311,18,Online,Afterpay,COUPON--A-,13.48,AUD
609005,2024-01-06T09:19:14,2024-01-06,472,5,Online,PayPal,COUPONA--9,0.06,AUD
609053,2024-01-06T01:03:25,2024-01-06,718,40,Online,Credit Card,COUPON-0--,11.15,AUD
609246,2024-01-06T10:40:11,2024-01-06,652,35,Retail,Credit Card,COUPON90Z-,15.22,AUD
609604,2024-01-06T13:14:41,2024-01-06,558,29,Online,PayPal,COUPON-A09,16.97,AUD
609662,2024-01-06T00:53:59,2024-01-06,744,18,Retail,PayPal,COUPONAAA0,3.27,AUD
609992,2024-01-06T16:04:54,2024-01-06,403,28,Online,Afterpay,COUPONAZZ9,0.33,AUD
610018,2024-01-06T05:56:32,2024-01-06,419,9,Online,Credit Card,COUPON-99A,17.94,AUD
610081,2024-01-06T23:07:00,2024-01-06,774,42,Retail,Afterpay,COUPON0A0-,7.77,AUD
610276,2024-01-06T00:28:37,2024-01-06,397,36,Online,PayPal,COUPON9-A0,13.34,AUD
610306,2024-01-06T13:16:42,2024-01-06,2,22,Online,Afterpay,COUPON-9A-,16.07,AUD
610502,2024-01-06T07:30:33,2024-01-06,202,12,Retail,Credit Card,COUPON999-,15.44,AUD
610511,2024-01-06T22:17:59,2024-01-06,522,22,Online,Credit Card,COUPON0--A,17.96,AUD
610547,2024-01-06T07:57:36,2024-01-06,497,4,Online,Credit Card,COUPON-Z9-,8.14,AUD
610665,2024-01-06T04:02:05,2024-01-06,393,43,Retail,Credit Card,COUPON--09,12.23,AUD
610691,2024-01-06T01:03:58,2024-01-06,557,13,Online,PayPal,COUPONA-0Z,16.45,AUD
610753,2024-01-06T10:17:23,2024-01-06,729,15,Online,Credit Card,COUPON0-9-,11.58,AUD
610819,2024-01-06T11:10:29,2024-01-06,373,26,Retail,Afterpay,COUPONAA00,7.87,AUD
610887,2024-01-06T19:41:25,2024-01-06,215,15,Retail,Afterpay,COUPONZ-9A,18.6,AUD
611029,2024-01-06T20:59:02,2024-01-06,104,26,Online,PayPal,COUPON0AAZ,15.92,AUD
611093,2024-01-06T23:08:36,2024-01-06,647,31,Online,Afterpay,COUPON--99,11.58,AUD
611144,2024-01-06T15:35:28,2024-01-06,199,39,Retail,PayPal,COUPON-990,15.34,AUD
611217,2024-01-06T00:10:05,2024-01-06,759,35,Retail,Afterpay,COUPON---9,5.75,AUD
611279,2024-01-06T09:27:47,2024-01-06,429,27,Online,Credit Card,COUPONA9A-,17.53,AUD
611356,2024-01-06T02:09:57,2024-01-06,54,14,Retail,Afterpay,COUPONZ09-,3.95,AUD
611469,2024-01-06T22:29:12,2024-01-06,254,49,Online,PayPal,COUPON0--A,9.47,AUD
611499,2024-01-06T10:37:28,2024-01-06,292,15,Retail,Afterpay,COUPON--A9,1.26,AUD
611624,2024-01-06T19:21:03,2024-01-06,304,28,Online,PayPal,COUPON9-0-,1.08,AUD
611627,2024-01-06T04:59:16,2024-01-06,87,6,Online,Credit Card,COUPON00-9,3.16,AUD
611738,2024-01-06T00:24:42,2024-01-06,675,21,Retail,Afterpay,COUPON-A99,8.97,AUD
611779,2024-01-06T16:53:36,2024-01-06,730,34,Retail,Afterpay,COUPON00-A,0.91,AUD
611799,2024-01-06T12:55:34,2024-01-06,715,24,Online,PayPal,COUPON-ZA9,1.77,AUD
611893,2024-01-06T04:42:51,2024-01-06,94,49,Retail,Credit Card,COUPONA--0,17.52,AUD
612022,2024-01-06T14:11:48,2024-01-06,427,3,Retail,Credit Card,COUPONA-0-,18.23,AUD
612056,2024-01-06T04:33:05,2024-01-06,33,46,Retail,Afterpay,COUPONA0-0,10.89,AUD
612294,2024-01-06T10:55:12,2024-01-06,77,10,Retail,Afterpay,COUPON90AA,12.85,AUD
612295,2024-01-06T18:05:27,2024-01-06,19,28,Online,Afterpay,COUPON9A--,3.99,AUD
612341,2024-01-06T01:17:25,2024-01-06,302,13,Retail,Afterpay,COUPON-9A-,2.32,AUD
612399,2024-01-06T05:15:53,2024-01-06,230,15,Online,Afterpay,COUPON-AA-,1.97,AUD
612489,2024-01-06T16:56:11,2024-01-06,689,47,Retail,PayPal,COUPONZ-A-,7.94,AUD
612519,2024-01-06T14:23:07,2024-01-06,752,11,Retail,PayPal,COUPON90ZZ,4.56,AUD
612562,2024-01-06T18:11:21,2024-01-06,95,10,Online,Afterpay,COUPON---A,16.78,AUD
612648,2024-01-06T18:29:17,2024-01-06,315,19,Online,Credit Card,COUPONA0-A,9.34,AUD
612656,2024-01-06T01:25:04,2024-01-06,378,37,Online,Credit Card,COUPON9--0,8.35,AUD
612676,2024-01-06T10:01:05,2024-01-06,717,30,Retail,Afterpay,COUPON9-A9,14.34,AUD
612714,2024-01-06T19:48:18,2024-01-06,583,23,Online,PayPal,COUPON-AZA,0.38,AUD
612974,2024-01-06T13:12:59,2024-01-06,119,32,Retail,Afterpay,COUPON-9-A,12.49,AUD
612995,2024-01-06T00:09:04,2024-01-06,573,27,Retail,PayPal,COUPONZA-A,12.95,AUD
613054,2024-01-06T20:49:14,2024-01-06,782,32,Retail,Afterpay,COUPONZZ-0,11.98,AUD
613073,2024-01-06T17:38:48,2024-01-06,459,47,Retail,Afterpay,COUPON9-0Z,14.39,AUD
613090,2024-01-06T13:00:09,2024-01-06,504,27,Retail,Credit Card,COUPON--9-,16.91,AUD
613105,2024-01-06T06:56:24,2024-01-06,247,41,Online,Afterpay,COUPONZ-Z9,10.15,AUD
613213,2024-01-06T17:23:54,2024-01-06,525,40,Retail,Afterpay,COUPON9Z-Z,16.86,AUD
613248,2024-01-06T08:26:48,2024-01-06,123,40,Retail,Afterpay,COUPON9--0,4.38,AUD
613319,2024-01-06T02:45:22,2024-01-06,332,14,Online,PayPal,COUPON999-,5.97,AUD
613347,2024-01-06T05:49:47,2024-01-06,575,26,Retail,Credit Card,COUPON09A9,15.62,AUD
613359,2024-01-06T22:04:56,2024-01-06,577,22,Online,Afterpay,COUPONA9A9,17.94,AUD
613367,2024-01-06T14:31:36,2024-01-06,638,33,Retail,Afterpay,COUPON--00,10.68,AUD
613390,2024-01-06T19:01:52,2024-01-06,665,28,Retail,Afterpay,COUPONZ--A,5.3,AUD
613402,2024-01-06T01:55:12,2024-01-06,536,10,Online,Credit Card,COUPON---A,4.57,AUD
613449,2024-01-06T22:23:42,2024-01-06,136,25,Online,PayPal,COUPON0-A9,8.3,AUD
613468,2024-01-06T12:19:54,2024-01-06,437,30,Retail,Afterpay,COUPONAAAA,19.98,AUD
613638,2024-01-06T14:34:59,2024-01-06,598,47,Retail,PayPal,COUPONZ9-0,3.48,AUD
613728,2024-01-06T13:20:44,2024-01-06,551,6,Retail,Credit Card,COUPON-Z-9,11.04,AUD
613862,2024-01-06T02:04:16,2024-01-06,667,19,Online,Credit Card,COUPON009-,12.57,AUD
613880,2024-01-06T05:06:38,2024-01-06,279,37,Online,PayPal,COUPONA9A-,7.48,AUD
613936,2024-01-06T00:53:49,2024-01-06,480,25,Online,Afterpay,COUPONZ-Z0,17.26,AUD
613998,2024-01-06T20:42:35,2024-01-06,437,9,Online,Afterpay,COUPON0AZA,6.39,AUD
614526,2024-01-06T12:59:39,2024-01-06,413,39,Retail,Credit Card,COUPON-Z--,1.18,AUD
614569,2024-01-06T18:29:02,2024-01-06,49,48,Retail,Afterpay,COUPONZA--,1.8,AUD
614770,2024-01-06T01:47:57,2024-01-06,794,3,Online,Credit Card,COUPON09A-,2.38,AUD
614812,2024-01-06T00:57:25,2024-01-06,700,21,Online,Credit Card,COUPON--9A,7.28,AUD
615040,2024-01-06T15:25:37,2024-01-06,434,48,Retail,PayPal,COUPONZZZ-,1.09,AUD
615053,2024-01-06T07:00:57,2024-01-06,27,30,Online,PayPal,COUPON9ZA9,15.12,AUD
615195,2024-01-06T03:19:25,2024-01-06,408,35,Online,Afterpay,COUPON---0,15.53,AUD
615222,2024-01-06T02:50:15,2024-01-06,351,40,Retail,PayPal,COUPON99-9,2.91,AUD
615260,2024-01-06T21:49:59,2024-01-06,125,8,Online,PayPal,COUPON909Z,1.0,AUD
615275,2024-01-06T14:51:46,2024-01-06,368,37,Retail,Afterpay,COUPONZ-0-,3.29,AUD
615402,2024-01-06T02:55:53,2024-01-06,596,33,Retail,Afterpay,COUPON--9-,11.48,AUD
615481,2024-01-06T22:41:30,2024-01-06,229,5,Online,Afterpay,COUPON9---,17.51,AUD
615535,2024-01-06T12:05:08,2024-01-06,181,20,Online,Afterpay,COUPON0A--,10.05,AUD
615660,2024-01-06T13:21:23,2024-01-06,332,29,Retail,PayPal,COUPON0--A,4.38,AUD
615707,2024-01-06T08:15:38,2024-01-06,230,34,Online,PayPal,COUPONZ-ZZ,18.12,AUD
615709,2024-01-06T06:30:24,2024-01-06,539,45,Online,Credit Card,COUPON----,2.31,AUD
615730,2024-01-06T16:30:09,2024-01-06,279,29,Retail,Credit Card,COUPONZZ9-,16.54,AUD
615739,2024-01-06T23:48:59,2024-01-06,290,43,Online,PayPal,COUPON--A9,2.86,AUD
615751,2024-01-06T05:34:52,2024-01-06,667,28,Retail,Afterpay,COUPON9-ZA,4.29,AUD
615775,2024-01-06T12:25:40,2024-01-06,689,47,Retail,PayPal,COUPON0--0,0.92,AUD
615815,2024-01-06T06:12:03,2024-01-06,411,48,Online,Afterpay,COUPONAAZA,15.96,AUD
616021,2024-01-06T02:36:14,2024-01-06,690,13,Retail,Credit Card,COUPON0---,10.38,AUD
616069,2024-01-06T02:11:09,2024-01-06,203,13,Retail,PayPal,COUPON9--Z,8.21,AUD
616212,2024-01-06T09:49:22,2024-01-06,575,12,Retail,PayPal,COUPONZ-9-,4.85,AUD
616228,2024-01-06T11:24:51,2024-01-06,223,15,Online,PayPal,COUPON9---,17.49,AUD
616389,2024-01-06T05:17:44,2024-01-06,213,36,Retail,PayPal,COUPON-0AA,6.51,AUD
616391,2024-01-06T17:12:21,2024-01-06,471,34,Retail,Credit Card,COUPONA090,8.13,AUD
616661,2024-01-06T08:15:20,2024-01-06,381,33,Retail,Credit Card,COUPON---9,4.37,AUD
616794,2024-01-06T07:40:49,2024-01-06,453,41,Retail,PayPal,COUPON-AA9,0.89,AUD
616923,2024-01-06T09:33:38,2024-01-06,464,30,Retail,Credit Card,COUPON-9-9,0.32,AUD
616928,2024-01-06T10:56:39,2024-01-06,174,31,Online,Afterpay,COUPON9-90,18.51,AUD
617098,2024-01-06T07:18:25,2024-01-06,73,46,Online,Afterpay,COUPONA-0Z,14.73,AUD
617413,2024-01-06T17:10:33,2024-01-06,692,34,Retail,PayPal,COUPONA-Z-,10.57,AUD
617476,2024-01-06T20:18:35,2024-01-06,450,35,Online,PayPal,COUPONAZZ-,14.01,AUD
617666,2024-01-06T15:20:13,2024-01-06,386,19,Online,PayPal,COUPON--09,0.04,AUD
617731,2024-01-06T09:52:16,2024-01-06,60,31,Retail,PayPal,COUPON0Z0A,6.08,AUD
617822,2024-01-06T13:11:09,2024-01-06,575,25,Online,Credit Card,COUPON9-0-,12.33,AUD
617837,2024-01-06T20:37:48,2024-01-06,521,22,Online,PayPal,COUPON-90Z,11.73,AUD
617870,2024-01-06T08:24:10,2024-01-06,373,20,Retail,Credit Card,COUPON999Z,14.67,AUD
617941,2024-01-06T07:29:56,2024-01-06,438,13,Retail,Afterpay,COUPON0-0Z,3.68,AUD
617993,2024-01-06T11:25:01,2024-01-06,281,36,Retail,PayPal,COUPON9-Z-,8.97,AUD
618018,2024-01-06T16:20:53,2024-01-06,541,46,Online,Afterpay,COUPON---Z,19.96,AUD
618027,2024-01-06T19:03:57,2024-01-06,713,32,Retail,PayPal,COUPON-Z--,14.11,AUD
618362,2024-01-06T08:30:09,2024-01-06,294,49,Online,Afterpay,COUPONZZ9-,11.2,AUD
618370,2024-01-06T20:15:23,2024-01-06,702,47,Retail,Afterpay,COUPON-0-9,18.06,AUD
618413,2024-01-06T03:54:11,2024-01-06,268,47,Retail,Afterpay,COUPON-9-9,12.16,AUD
618611,2024-01-06T03:20:46,2024-01-06,765,31,Online,Afterpay,COUPON0ZA9,9.24,AUD
618750,2024-01-06T16:04:01,2024-01-06,138,11,Retail,Credit Card,COUPONA9Z0,0.45,AUD
618891,2024-01-06T04:14:57,2024-01-06,753,42,Retail,PayPal,COUPONZ0A-,5.6,AUD
618911,2024-01-06T06:15:33,2024-01-06,304,47,Online,PayPal,COUPONAA-9,4.68,AUD
618937,2024-01-06T13:29:41,2024-01-06,684,28,Online,Afterpay,COUPON-ZZA,9.38,AUD
619100,2024-01-06T13:49:45,2024-01-06,563,44,Retail,PayPal,COUPON9A-Z,15.22,AUD
619498,2024-01-06T07:36:25,2024-01-06,217,43,Online,Credit Card,COUPON9AZ-,5.09,AUD
619814,2024-01-06T13:41:37,2024-01-06,625,47,Online,PayPal,COUPON00ZA,18.08,AUD
619871,2024-01-06T19:28:29,2024-01-06,215,46,Online,Afterpay,COUPON-009,16.23,AUD
619941,2024-01-06T12:41:08,2024-01-06,524,20,Retail,Credit Card,COUPON99ZZ,15.94,AUD
620059,2024-01-06T13:53:58,2024-01-06,50,11,Retail,PayPal,COUPONA9Z-,9.85,AUD
620110,2024-01-06T21:35:10,2024-01-06,371,18,Retail,Credit Card,COUPON0---,10.51,AUD
620214,2024-01-06T06:52:03,2024-01-06,194,42,Retail,PayPal,COUPON-09-,16.43,AUD
620371,2024-01-06T04:35:20,2024-01-06,598,6,Online,Afterpay,COUPONZ0Z0,12.85,AUD
620435,2024-01-06T16:42:23,2024-01-06,12,9,Retail,Credit Card,COUPON-9--,11.64,AUD
620437,2024-01-06T15:30:43,2024-01-06,74,8,Online,Afterpay,COUPONZZA9,4.73,AUD
620571,2024-01-06T19:07:06,2024-01-06,26,40,Online,Credit Card,COUPON---9,12.27,AUD
620583,2024-01-06T07:43:52,2024-01-06,46,3,Retail,Afterpay,COUPON0A-A,15.49,AUD
620585,2024-01-06T13:18:39,2024-01-06,687,12,Online,Credit Card,COUPON9Z-0,1.49,AUD
620623,2024-01-06T11:17:50,2024-01-06,20,23,Online,PayPal,COUPON0A-A,0.47,AUD
620660,2024-01-06T01:48:51,2024-01-06,234,23,Online,Afterpay,COUPON-9A0,16.35,AUD
620719,2024-01-06T01:25:12,2024-01-06,516,12,Retail,PayPal,COUPONZ-9A,4.27,AUD
621068,2024-01-06T09:17:19,2024-01-06,348,49,Retail,Credit Card,COUPON9000,14.3,AUD
621272,2024-01-06T04:53:33,2024-01-06,248,3,Online,Credit Card,COUPON--00,8.96,AUD
621391,2024-01-06T17:51:19,2024-01-06,123,35,Online,Afterpay,COUPON-99A,3.55,AUD
621443,2024-01-06T13:43:26,2024-01-06,310,22,Online,Afterpay,COUPONAAAZ,18.97,AUD
621552,2024-01-06T18:29:54,2024-01-06,335,29,Online,Afterpay,COUPON0Z--,11.89,AUD
621586,2024-01-06T00:18:09,2024-01-06,641,15,Online,PayPal,COUPON0-90,14.95,AUD
621590,2024-01-06T03:51:01,2024-01-06,48,49,Retail,Afterpay,COUPONA99Z,6.74,AUD
621607,2024-01-06T02:58:54,2024-01-06,422,36,Retail,Credit Card,COUPON090Z,17.14,AUD
621650,2024-01-06T03:54:36,2024-01-06,509,48,Retail,PayPal,COUPON9A00,12.23,AUD
621760,2024-01-06T19:51:12,2024-01-06,737,16,Online,Credit Card,COUPON0A99,12.66,AUD
621859,2024-01-06T20:03:39,2024-01-06,406,16,Retail,PayPal,COUPONA-ZA,0.05,AUD
621928,2024-01-06T03:57:13,2024-01-06,706,46,Online,PayPal,COUPON---Z,10.47,AUD
621996,2024-01-06T07:11:17,2024-01-06,590,7,Online,PayPal,COUPONAZ-A,14.53,AUD
622398,2024-01-06T00:31:38,2024-01-06,630,20,Online,Credit Card,COUPONZ9--,1.45,AUD
622405,2024-01-06T18:17:28,2024-01-06,317,29,Online,Afterpay,COUPON9---,12.56,AUD
622507,2024-01-06T18:09:20,2024-01-06,584,41,Online,PayPal,COUPONA099,0.56,AUD
622567,2024-01-06T23:20:26,2024-01-06,651,12,Retail,Credit Card,COUPON--AZ,9.88,AUD
622633,2024-01-06T04:50:50,2024-01-06,443,30,Online,PayPal,COUPON9Z0A,18.22,AUD
622764,2024-01-06T23:24:33,2024-01-06,230,13,Retail,Afterpay,COUPON--A9,19.66,AUD
622962,2024-01-06T18:27:05,2024-01-06,466,45,Online,Afterpay,COUPONAZAA,19.68,AUD
623000,2024-01-06T12:57:50,2024-01-06,41,21,Online,Credit Card,COUPON9-0-,13.53,AUD
623105,2024-01-06T10:14:42,2024-01-06,24,41,Online,PayPal,COUPON90--,13.96,AUD
623125,2024-01-06T09:54:51,2024-01-06,133,8,Retail,PayPal,COUPON0Z-0,4.86,AUD
623357,2024-01-06T10:05:45,2024-01-06,17,44,Online,PayPal,COUPON-09Z,2.19,AUD
623384,2024-01-06T20:48:01,2024-01-06,342,31,Retail,Credit Card,COUPON9A0A,3.39,AUD
623401,2024-01-06T01:21:40,2024-01-06,614,36,Retail,Credit Card,COUPON--A-,6.7,AUD
623625,2024-01-06T13:47:31,2024-01-06,715,23,Online,Credit Card,COUPON09--,9.86,AUD
623924,2024-01-06T20:22:49,2024-01-06,344,10,Retail,Afterpay,COUPON-0A9,12.29,AUD
624100,2024-01-06T00:43:24,2024-01-06,267,2,Online,PayPal,COUPONAA99,10.2,AUD
624164,2024-01-06T18:52:51,2024-01-06,150,46,Online,Credit Card,COUPONZ-9Z,16.46,AUD
624189,2024-01-06T04:46:23,2024-01-06,37,9,Retail,Credit Card,COUPON0-00,8.79,AUD
624209,2024-01-06T13:07:36,2024-01-06,655,21,Retail,Afterpay,COUPONA-A0,2.35,AUD
624212,2024-01-06T07:39:23,2024-01-06,186,31,Retail,Afterpay,COUPONA0A9,18.03,AUD
624225,2024-01-06T15:27:00,2024-01-06,527,45,Online,Afterpay,COUPON-90-,17.08,AUD
624270,2024-01-06T10:45:01,2024-01-06,11,8,Retail,Credit Card,COUPONZA0A,5.73,AUD
624337,2024-01-06T21:07:45,2024-01-06,70,45,Online,Afterpay,COUPON-090,11.66,AUD
624482,2024-01-06T04:32:17,2024-01-06,475,49,Retail,Credit Card,COUPON-A--,19.42,AUD
624498,2024-01-06T16:45:43,2024-01-06,198,18,Retail,Credit Card,COUPON-A-Z,18.03,AUD
624582,2024-01-06T01:40:11,2024-01-06,715,6,Online,PayPal,COUPONZZ-Z,7.69,AUD
624668,2024-01-06T01:23:12,2024-01-06,397,35,Online,PayPal,COUPONA-Z-,8.76,AUD
624715,2024-01-06T06:45:00,2024-01-06,345,15,Retail,PayPal,COUPON0---,5.61,AUD
624737,2024-01-06T00:19:51,2024-01-06,254,7,Retail,Afterpay,COUPONZ-9A,10.96,AUD
624862,2024-01-06T05:20:32,2024-01-06,325,5,Online,Afterpay,COUPONZ9A0,10.0,AUD
624914,2024-01-06T08:41:51,2024-01-06,579,41,Online,Afterpay,COUPON0-00,11.07,AUD
625103,2024-01-06T21:12:22,2024-01-06,553,23,Online,PayPal,COUPON--A-,5.31,AUD
625111,2024-01-06T09:38:19,2024-01-06,700,21,Online,Credit Card,COUPON0--Z,17.1,AUD
625213,2024-01-06T21:43:34,2024-01-06,305,42,Retail,Credit Card,COUPON9-0-,11.46,AUD
625302,2024-01-06T23:54:42,2024-01-06,476,39,Online,Afterpay,COUPON0Z9-,0.8,AUD
625404,2024-01-06T07:48:14,2024-01-06,426,49,Online,PayPal,COUPON--0Z,19.6,AUD
625440,2024-01-06T21:29:50,2024-01-06,117,5,Online,Afterpay,COUPON-A0A,16.53,AUD
625444,2024-01-06T08:06:29,2024-01-06,169,36,Retail,PayPal,COUPON0-00,0.14,AUD
625490,2024-01-06T11:13:19,2024-01-06,470,10,Retail,Afterpay,COUPONA-ZZ,12.14,AUD
625607,2024-01-06T22:07:32,2024-01-06,336,2,Online,Afterpay,COUPON---9,7.07,AUD
625620,2024-01-06T18:05:21,2024-01-06,735,25,Online,PayPal,COUPON-Z9A,0.1,AUD
625691,2024-01-06T13:41:31,2024-01-06,547,28,Retail,Credit Card,COUPON9--Z,9.18,AUD
625942,2024-01-06T10:53:35,2024-01-06,510,2,Retail,Afterpay,COUPON9-9A,10.16,AUD
626174,2024-01-06T08:49:13,2024-01-06,88,28,Retail,Credit Card,COUPON-ZZA,19.21,AUD
626235,2024-01-06T02:44:58,2024-01-06,415,42,Online,Credit Card,COUPON-A-9,12.44,AUD
626238,2024-01-06T13:23:41,2024-01-06,490,46,Retail,Credit Card,COUPONA---,7.08,AUD
626362,2024-01-06T01:46:02,2024-01-06,162,22,Online,PayPal,COUPON-Z-A,13.36,AUD
626454,2024-01-06T02:56:59,2024-01-06,145,49,Retail,PayPal,COUPON9ZZ-,19.32,AUD
626527,2024-01-06T11:21:45,2024-01-06,114,47,Online,Credit Card,COUPON-Z90,6.52,AUD
626644,2024-01-06T04:38:54,2024-01-06,351,49,Retail,Credit Card,COUPON0-Z-,0.77,AUD
626659,2024-01-06T12:07:11,2024-01-06,780,42,Retail,Afterpay,COUPON099-,17.07,AUD
626675,2024-01-06T14:21:55,2024-01-06,137,5,Retail,PayPal,COUPONZ-9A,9.5,AUD
626714,2024-01-06T08:52:56,2024-01-06,790,12,Retail,Credit Card,COUPON0Z--,11.47,AUD
626844,2024-01-06T02:55:24,2024-01-06,185,40,Online,Afterpay,COUPON-0-0,19.81,AUD
626865,2024-01-06T23:33:18,2024-01-06,231,15,Online,Afterpay,COUPON0--Z,3.17,AUD
627186,2024-01-06T17:21:09,2024-01-06,662,43,Online,PayPal,COUPON0ZZ9,2.81,AUD
627214,2024-01-06T02:30:54,2024-01-06,721,35,Retail,Afterpay,COUPONAA--,6.25,AUD
627303,2024-01-06T20:36:53,2024-01-06,50,3,Retail,PayPal,COUPONA-9Z,3.01,AUD
627382,2024-01-06T19:32:19,2024-01-06,711,29,Online,Afterpay,COUPONZ9--,7.34,AUD
627655,2024-01-06T18:15:55,2024-01-06,140,18,Online,Afterpay,COUPON-ZZZ,4.74,AUD
627682,2024-01-06T10:24:26,2024-01-06,697,1,Retail,PayPal,COUPONAZAZ,12.69,AUD
627810,2024-01-06T03:01:07,2024-01-06,428,34,Retail,Credit Card,COUPON90-9,11.32,AUD
628107,2024-01-06T10:27:36,2024-01-06,280,31,Online,Credit Card,COUPONZ0-9,17.31,AUD
628192,2024-01-06T17:56:45,2024-01-06,2,33,Retail,Afterpay,COUPONZ0-9,1.08,AUD
628221,2024-01-06T19:15:18,2024-01-06,456,34,Online,PayPal,COUPON9--9,12.19,AUD
628234,2024-01-06T12:17:03,2024-01-06,552,26,Online,Afterpay,COUPON---0,9.03,AUD
628349,2024-01-06T18:43:01,2024-01-06,337,13,Online,PayPal,COUPON--ZZ,1.45,AUD
628392,2024-01-06T09:40:36,2024-01-06,181,30,Retail,Credit Card,COUPON99-9,18.52,AUD
628411,2024-01-06T19:16:23,2024-01-06,39,12,Online,Afterpay,COUPONZ900,11.86,AUD
628577,2024-01-06T13:44:29,2024-01-06,21,48,Online,Afterpay,COUPONA0A9,9.12,AUD
628720,2024-01-06T13:51:44,2024-01-06,610,20,Retail,PayPal,COUPON9ZZ9,18.69,AUD
628757,2024-01-06T17:05:03,2024-01-06,198,45,Online,Afterpay,COUPON9ZA9,0.5,AUD
628852,2024-01-06T17:57:01,2024-01-06,709,19,Online,Credit Card,COUPON--ZZ,8.92,AUD
628859,2024-01-06T14:22:07,2024-01-06,204,4,Online,PayPal,COUPONAZ-Z,1.41,AUD
628990,2024-01-06T17:45:56,2024-01-06,292,4,Retail,Afterpay,COUPON-A90,18.39,AUD
629231,2024-01-06T09:46:12,2024-01-06,68,30,Online,Afterpay,COUPON9A-Z,13.53,AUD
629259,2024-01-06T19:25:53,2024-01-06,646,21,Online,PayPal,COUPON--A9,18.5,AUD
629275,2024-01-06T04:09:40,2024-01-06,590,10,Online,Afterpay,COUPON9999,13.51,AUD
629433,2024-01-06T21:13:30,2024-01-06,592,48,Retail,Afterpay,COUPONZ99-,3.97,AUD
629473,2024-01-06T09:36:47,2024-01-06,270,20,Retail,Credit Card,COUPONAA9A,7.9,AUD
629512,2024-01-06T23:54:29,2024-01-06,378,2,Retail,Credit Card,COUPON-Z9Z,2.98,AUD
629528,2024-01-06T04:38:19,2024-01-06,92,12,Online,Credit Card,COUPON9A-A,18.63,AUD
629726,2024-01-06T11:48:01,2024-01-06,665,31,Retail,PayPal,COUPON---Z,6.34,AUD
629744,2024-01-06T05:09:58,2024-01-06,427,12,Online,Afterpay,COUPON0900,13.9,AUD
629826,2024-01-06T23:01:02,2024-01-06,338,33,Online,PayPal,COUPONAZ-0,13.43,AUD
629865,2024-01-06T14:53:24,2024-01-06,155,12,Retail,Credit Card,COUPON--9Z,17.03,AUD
629891,2024-01-06T15:49:30,2024-01-06,292,27,Online,PayPal,COUPON99-9,8.07,AUD
629922,2024-01-06T16:48:01,2024-01-06,791,8,Retail,PayPal,COUPON0AA-,3.49,AUD
630064,2024-01-06T01:53:39,2024-01-06,397,23,Online,Afterpay,COUPONZ9-A,1.1,AUD
630113,2024-01-06T18:13:37,2024-01-06,474,48,Online,Afterpay,COUPON0Z-A,0.24,AUD
630264,2024-01-06T01:00:28,2024-01-06,27,18,Online,Credit Card,COUPON--ZA,3.59,AUD
630404,2024-01-06T15:55:09,2024-01-06,2,24,Online,Afterpay,COUPON-ZZ-,2.96,AUD
630440,2024-01-06T04:40:45,2024-01-06,476,8,Retail,PayPal,COUPON9Z-Z,18.46,AUD
630481,2024-01-06T20:28:57,2024-01-06,449,28,Retail,Credit Card,COUPON--Z-,19.49,AUD
630522,2024-01-06T05:48:37,2024-01-06,565,19,Retail,Credit Card,COUPON-9A-,4.57,AUD
630536,2024-01-06T10:19:43,2024-01-06,26,43,Retail,Credit Card,COUPONAZ-A,15.67,AUD
630543,2024-01-06T12:51:47,2024-01-06,565,30,Online,Afterpay,COUPON900A,8.34,AUD
630660,2024-01-06T13:51:50,2024-01-06,186,32,Online,Credit Card,COUPONZ-Z-,0.05,AUD
630746,2024-01-06T10:49:36,2024-01-06,102,41,Retail,PayPal,COUPON0-Z0,13.12,AUD
630747,2024-01-06T16:48:39,2024-01-06,101,28,Online,PayPal,COUPON-0ZA,19.46,AUD
630759,2024-01-06T16:08:02,2024-01-06,730,30,Online,Afterpay,COUPONZ9AA,10.85,AUD
630788,2024-01-06T11:31:49,2024-01-06,755,44,Online,Afterpay,COUPON0-A-,16.64,AUD
630857,2024-01-06T06:08:48,2024-01-06,512,41,Retail,Credit Card,COUPONA-A9,12.88,AUD
630939,2024-01-06T12:01:38,2024-01-06,694,15,Retail,Credit Card,COUPON-0-Z,19.0,AUD
631051,2024-01-06T14:04:50,2024-01-06,524,37,Online,Afterpay,COUPON09-9,9.97,AUD
631053,2024-01-06T14:01:50,2024-01-06,107,46,Retail,Credit Card,COUPONZ9ZZ,18.32,AUD
631184,2024-01-06T15:34:24,2024-01-06,724,44,Online,Credit Card,COUPONZ900,1.95,AUD
631370,2024-01-06T08:50:49,2024-01-06,623,2,Online,Afterpay,COUPON-9ZA,17.86,AUD
631383,2024-01-06T08:53:55,2024-01-06,280,23,Retail,PayPal,COUPON-0AA,13.24,AUD
631441,2024-01-06T19:39:03,2024-01-06,471,40,Online,Credit Card,COUPONAAZ9,1.17,AUD
631492,2024-01-06T08:21:41,2024-01-06,521,9,Online,PayPal,COUPONZ0ZZ,1.81,AUD
631503,2024-01-06T10:50:41,2024-01-06,300,15,Retail,Credit Card,COUPONZ9A9,6.24,AUD
631592,2024-01-06T19:55:36,2024-01-06,150,44,Online,Afterpay,COUPON0Z-Z,3.03,AUD
631634,2024-01-06T17:14:37,2024-01-06,387,10,Online,Afterpay,COUPONAZZ-,1.6,AUD
631653,2024-01-06T08:15:27,2024-01-06,465,10,Online,Credit Card,COUPON0Z09,14.3,AUD
631663,2024-01-06T07:34:32,2024-01-06,715,49,Retail,Afterpay,COUPONAZ09,3.04,AUD
631706,2024-01-06T13:22:54,2024-01-06,188,22,Retail,Credit Card,COUPONA0--,8.34,AUD
632137,2024-01-06T23:22:13,2024-01-06,785,33,Online,Afterpay,COUPON0A-0,15.01,AUD
632606,2024-01-06T18:49:01,2024-01-06,15,12,Retail,Credit Card,COUPONZ--Z,1.68,AUD
632986,2024-01-06T19:02:24,2024-01-06,537,29,Online,Credit Card,COUPON-0Z-,8.0,AUD
632993,2024-01-06T18:46:05,2024-01-06,200,12,Online,Credit Card,COUPON9-ZA,2.61,AUD
633121,2024-01-06T06:21:27,2024-01-06,162,46,Retail,Afterpay,COUPON----,2.23,AUD
633398,2024-01-06T18:01:20,2024-01-06,728,49,Online,Afterpay,COUPONZ9-9,19.93,AUD
633400,2024-01-06T13:43:52,2024-01-06,336,23,Retail,PayPal,COUPONZ--9,13.29,AUD
633430,2024-01-06T00:23:18,2024-01-06,361,29,Retail,Credit Card,COUPONA-0Z,1.08,AUD
633496,2024-01-06T21:19:11,2024-01-06,387,41,Retail,PayPal,COUPONA0-0,0.87,AUD
633583,2024-01-06T17:38:45,2024-01-06,116,44,Retail,PayPal,COUPONZZ-0,12.34,AUD
633615,2024-01-06T20:09:20,2024-01-06,133,33,Online,Credit Card,COUPON0ZA9,11.3,AUD
633771,2024-01-06T07:51:47,2024-01-06,283,3,Retail,PayPal,COUPONA0Z-,19.67,AUD
633873,2024-01-06T11:49:21,2024-01-06,130,31,Online,PayPal,COUPONAZZA,0.32,AUD
633936,2024-01-06T22:26:11,2024-01-06,316,21,Retail,Afterpay,COUPON9A-0,9.88,AUD
634018,2024-01-06T08:58:45,2024-01-06,143,17,Online,Afterpay,COUPON-0--,13.08,AUD
634098,2024-01-06T23:46:50,2024-01-06,484,32,Retail,Afterpay,COUPONZA-0,12.05,AUD
634164,2024-01-06T01:26:30,2024-01-06,333,30,Retail,Credit Card,COUPONA-A-,16.55,AUD
634233,2024-01-06T08:32:54,2024-01-06,25,7,Retail,Afterpay,COUPONA9A0,1.77,AUD
634258,2024-01-06T00:53:39,2024-01-06,40,11,Online,Credit Card,COUPON-9AZ,19.99,AUD
634434,2024-01-06T07:29:22,2024-01-06,450,41,Online,Afterpay,COUPONA--A,19.8,AUD
634612,2024-01-06T18:15:19,2024-01-06,732,1,Online,Credit Card,COUPON0-00,5.94,AUD
634796,2024-01-06T16:45:11,2024-01-06,396,31,Online,Credit Card,COUPONZ0AA,19.47,AUD
634940,2024-01-06T03:17:57,2024-01-06,783,1,Retail,PayPal,COUPONZ--9,13.02,AUD
634943,2024-01-06T15:54:13,2024-01-06,658,49,Retail,Afterpay,COUPONA-AZ,12.11,AUD
634956,2024-01-06T01:06:29,2024-01-06,77,15,Retail,Afterpay,COUPON----,7.89,AUD
635207,2024-01-06T05:37:48,2024-01-06,736,43,Online,Credit Card,COUPONZZ-A,1.2,AUD
635283,2024-01-06T12:45:09,2024-01-06,213,15,Retail,PayPal,COUPON-A09,12.43,AUD
635395,2024-01-06T15:55:46,2024-01-06,646,43,Retail,Afterpay,COUPONA-99,4.07,AUD
635464,2024-01-06T23:36:43,2024-01-06,240,27,Online,Credit Card,COUPONZ---,12.14,AUD
635647,2024-01-06T16:19:18,2024-01-06,610,16,Retail,Credit Card,COUPON----,3.04,AUD
635741,2024-01-06T01:44:55,2024-01-06,472,23,Online,Afterpay,COUPON-099,10.59,AUD
636043,2024-01-06T11:36:39,2024-01-06,325,41,Online,Credit Card,COUPON9-Z-,9.98,AUD
636162,2024-01-06T13:35:34,2024-01-06,377,36,Retail,Credit Card,COUPON----,8.0,AUD
636197,2024-01-06T21:17:07,2024-01-06,606,48,Retail,PayPal,COUPON--0A,14.07,AUD
636346,2024-01-06T07:08:02,2024-01-06,595,38,Retail,Afterpay,COUPONA---,12.87,AUD
636812,2024-01-06T02:10:50,2024-01-06,610,5,Online,Afterpay,COUPON0A-9,15.73,AUD
636836,2024-01-06T06:47:50,2024-01-06,308,44,Online,Credit Card,COUPON-9ZZ,8.87,AUD
636876,2024-01-06T01:17:05,2024-01-06,775,3,Retail,Credit Card,COUPONZA9-,8.94,AUD
636896,2024-01-06T06:52:36,2024-01-06,395,26,Retail,Afterpay,COUPON0---,7.15,AUD
636932,2024-01-06T06:46:37,2024-01-06,38,22,Retail,PayPal,COUPON-ZAZ,0.03,AUD
637089,2024-01-06T06:50:14,2024-01-06,570,28,Online,PayPal,COUPON9-00,18.47,AUD
637236,2024-01-06T09:44:14,2024-01-06,785,7,Retail,Afterpay,COUPON-AA9,16.16,AUD
637283,2024-01-06T12:22:49,2024-01-06,341,20,Online,Afterpay,COUPONZ9-9,9.85,AUD
637302,2024-01-06T23:11:23,2024-01-06,2,20,Retail,PayPal,COUPON---Z,14.23,AUD
637383,2024-01-06T20:26:06,2024-01-06,111,43,Online,Credit Card,COUPONZ-0Z,18.38,AUD
637501,2024-01-06T12:23:17,2024-01-06,245,32,Retail,Credit Card,COUPONZ9Z9,13.96,AUD
637587,2024-01-06T15:22:29,2024-01-06,252,46,Retail,Credit Card,COUPONZ-A-,4.84,AUD
637627,2024-01-06T18:42:47,2024-01-06,147,6,Online,PayPal,COUPONA-A9,19.4,AUD
637635,2024-01-06T22:45:58,2024-01-06,171,33,Online,Afterpay,COUPON09-A,0.98,AUD
637723,2024-01-06T23:05:11,2024-01-06,87,16,Retail,Credit Card,COUPON--A9,12.79,AUD
637744,2024-01-06T15:12:36,2024-01-06,464,7,Online,PayPal,COUPON-0AZ,10.41,AUD
637828,2024-01-06T17:27:42,2024-01-06,770,40,Online,Credit Card,COUPON-A9Z,11.59,AUD
637914,2024-01-06T18:16:44,2024-01-06,596,45,Retail,Credit Card,COUPON-099,19.0,AUD
637931,2024-01-06T23:54:59,2024-01-06,667,37,Online,Afterpay,COUPON9Z0A,16.9,AUD
637936,2024-01-06T11:51:46,2024-01-06,617,35,Online,PayPal,COUPON--Z0,0.17,AUD
637980,2024-01-06T11:15:29,2024-01-06,490,38,Online,Credit Card,COUPONAA9Z,4.27,AUD
638087,2024-01-06T06:07:04,2024-01-06,57,9,Retail,Credit Card,COUPON9A9Z,3.63,AUD
638137,2024-01-06T11:31:53,2024-01-06,382,35,Online,PayPal,COUPON-9-9,0.03,AUD
638271,2024-01-06T04:31:17,2024-01-06,482,26,Online,PayPal,COUPON0-0-,15.71,AUD
638343,2024-01-06T09:36:42,2024-01-06,39,43,Online,Afterpay,COUPON----,17.09,AUD
638371,2024-01-06T02:43:11,2024-01-06,159,20,Retail,Credit Card,COUPON9AA-,12.82,AUD
638416,2024-01-06T23:19:27,2024-01-06,620,15,Retail,PayPal,COUPONA9A9,9.09,AUD
638535,2024-01-06T20:15:41,2024-01-06,711,34,Online,PayPal,COUPONZA-9,2.63,AUD
638648,2024-01-06T19:38:49,2024-01-06,616,17,Online,PayPal,COUPON9-09,6.61,AUD
638712,2024-01-06T08:50:57,2024-01-06,384,17,Retail,Afterpay,COUPON90--,1.87,AUD
638736,2024-01-06T16:45:38,2024-01-06,664,17,Retail,PayPal,COUPONZ9ZZ,10.83,AUD
638850,2024-01-06T14:07:21,2024-01-06,558,35,Retail,Credit Card,COUPON0--A,10.1,AUD
638895,2024-01-06T03:27:46,2024-01-06,589,29,Retail,Afterpay,COUPON0--9,4.48,AUD
638972,2024-01-06T11:26:19,2024-01-06,412,26,Online,Credit Card,COUPON9-Z9,12.62,AUD
639092,2024-01-06T09:44:19,2024-01-06,566,29,Retail,Afterpay,COUPON--9Z,1.87,AUD
639104,2024-01-06T14:24:52,2024-01-06,246,14,Online,PayPal,COUPONZA0-,3.44,AUD
639141,2024-01-06T02:09:23,2024-01-06,695,34,Retail,PayPal,COUPON-AA9,13.49,AUD
639206,2024-01-06T10:19:57,2024-01-06,735,39,Online,Afterpay,COUPONZ9Z9,1.88,AUD
639287,2024-01-06T07:45:10,2024-01-06,783,35,Online,Afterpay,COUPON-9-9,7.63,AUD
639408,2024-01-06T10:44:13,2024-01-06,428,45,Online,Afterpay,COUPONA-A-,17.77,AUD
639420,2024-01-06T01:22:58,2024-01-06,655,43,Online,PayPal,COUPON9A-9,13.19,AUD
639435,2024-01-06T05:14:33,2024-01-06,467,28,Online,PayPal,COUPONA999,18.0,AUD
639467,2024-01-06T01:03:22,2024-01-06,659,45,Online,PayPal,COUPONA0Z-,13.33,AUD
639578,2024-01-06T22:12:00,2024-01-06,90,14,Retail,Credit Card,COUPONZ9Z-,11.78,AUD
639659,2024-01-06T18:22:06,2024-01-06,386,1,Online,PayPal,COUPON9A90,12.32,AUD
640361,2024-01-06T14:05:02,2024-01-06,117,8,Online,Afterpay,COUPONZ009,1.39,AUD
640366,2024-01-06T01:21:08,2024-01-06,395,41,Online,Credit Card,COUPON-A-0,18.29,AUD
640460,2024-01-06T03:41:00,2024-01-06,293,38,Online,Afterpay,COUPON0Z-0,4.55,AUD
640493,2024-01-06T01:16:07,2024-01-06,163,22,Online,Afterpay,COUPON0-ZA,12.12,AUD
640507,2024-01-06T15:28:16,2024-01-06,344,47,Retail,Credit Card,COUPONA-ZZ,7.43,AUD
640598,2024-01-06T16:23:22,2024-01-06,761,3,Online,PayPal,COUPON--0Z,8.06,AUD
640632,2024-01-06T12:03:00,2024-01-06,214,48,Online,PayPal,COUPON--9A,13.31,AUD
640997,2024-01-06T07:49:47,2024-01-06,110,12,Retail,Credit Card,COUPONA99-,15.46,AUD
640998,2024-01-06T17:20:32,2024-01-06,341,25,Online,Credit Card,COUPON--09,19.6,AUD
641209,2024-01-06T13:36:19,2024-01-06,33,26,Retail,Credit Card,COUPON-AZ-,11.36,AUD
641217,2024-01-06T23:14:04,2024-01-06,478,17,Retail,Credit Card,COUPON-9A-,1.76,AUD
641286,2024-01-06T23:43:04,2024-01-06,608,7,Online,Credit Card,COUPON9-09,0.54,AUD
641321,2024-01-06T10:24:59,2024-01-06,433,23,Retail,Credit Card,COUPON-900,12.52,AUD
641372,2024-01-06T06:27:49,2024-01-06,603,48,Retail,PayPal,COUPONZ--Z,11.93,AUD
641399,2024-01-06T10:06:32,2024-01-06,245,29,Retail,Afterpay,COUPONAA9Z,1.68,AUD
641455,2024-01-06T15:02:51,2024-01-06,292,12,Online,PayPal,COUPON0-Z9,7.63,AUD
641672,2024-01-06T10:01:55,2024-01-06,511,10,Online,Credit Card,COUPON-A--,4.09,AUD
641838,2024-01-06T07:50:33,2024-01-06,96,14,Retail,Credit Card,COUPONZ9-9,13.79,AUD
642047,2024-01-06T05:22:00,2024-01-06,304,21,Retail,PayPal,COUPON-9AA,4.19,AUD
642175,2024-01-06T06:45:50,2024-01-06,479,45,Retail,Credit Card,COUPON-9-0,0.78,AUD
642377,2024-01-06T12:01:37,2024-01-06,681,27,Online,Afterpay,COUPON0-09,4.77,AUD
642459,2024-01-06T15:16:30,2024-01-06,253,4,Retail,Credit Card,COUPONA0-A,12.83,AUD
642536,2024-01-06T15:00:55,2024-01-06,599,7,Retail,Credit Card,COUPONAAA-,16.7,AUD
642544,2024-01-06T18:57:55,2024-01-06,647,43,Retail,PayPal,COUPONZA0A,7.7,AUD
642600,2024-01-06T06:54:36,2024-01-06,449,22,Online,Afterpay,COUPON-0-A,12.22,AUD
642623,2024-01-06T08:17:48,2024-01-06,4,26,Retail,Afterpay,COUPONAA-A,2.43,AUD
642685,2024-01-06T21:21:43,2024-01-06,584,47,Retail,Credit Card,COUPON-A--,17.36,AUD
642712,2024-01-06T06:36:04,2024-01-06,146,27,Retail,Afterpay,COUPON-Z0-,14.29,AUD
642935,2024-01-06T19:10:30,2024-01-06,612,22,Online,PayPal,COUPONAZ9-,0.45,AUD
643019,2024-01-06T03:23:20,2024-01-06,294,3,Retail,PayPal,COUPON-009,10.0,AUD
643280,2024-01-06T16:01:40,2024-01-06,762,15,Retail,PayPal,COUPON9--0,9.34,AUD
643486,2024-01-06T07:33:02,2024-01-06,347,25,Retail,Afterpay,COUPON-990,5.2,AUD
643491,2024-01-06T23:17:24,2024-01-06,110,45,Online,Afterpay,COUPON0Z90,18.55,AUD
643510,2024-01-06T07:36:19,2024-01-06,509,13,Online,Credit Card,COUPONZ--9,15.83,AUD
643618,2024-01-06T23:37:01,2024-01-06,113,5,Online,PayPal,COUPON90--,1.08,AUD
643748,2024-01-06T18:40:46,2024-01-06,467,29,Retail,Credit Card,COUPONZ-90,19.78,AUD
643978,2024-01-06T12:56:29,2024-01-06,257,23,Online,PayPal,COUPON9---,16.8,AUD
644260,2024-01-06T05:35:17,2024-01-06,316,12,Retail,Afterpay,COUPONAA90,2.14,AUD
644308,2024-01-06T22:36:35,2024-01-06,95,16,Online,Credit Card,COUPONZ09Z,2.03,AUD
644377,2024-01-06T02:48:47,2024-01-06,435,10,Online,Afterpay,COUPON9--0,9.9,AUD
644638,2024-01-06T03:02:36,2024-01-06,533,42,Retail,PayPal,COUPON00-Z,18.15,AUD
644728,2024-01-06T07:28:06,2024-01-06,727,5,Online,Afterpay,COUPON-Z--,17.55,AUD
644778,2024-01-06T11:34:26,2024-01-06,704,30,Online,Credit Card,COUPONA-A-,12.88,AUD
644803,2024-01-06T00:48:46,2024-01-06,359,7,Retail,Credit Card,COUPON--99,1.87,AUD
644977,2024-01-06T13:48:54,2024-01-06,651,13,Online,Afterpay,COUPON0-ZZ,13.85,AUD
645035,2024-01-06T20:48:12,2024-01-06,90,12,Online,PayPal,COUPON9A--,18.91,AUD
645387,2024-01-06T17:43:22,2024-01-06,702,43,Retail,Afterpay,COUPONAA--,18.43,AUD
645549,2024-01-06T20:48:46,2024-01-06,493,3,Online,Credit Card,COUPON---9,10.1,AUD
645559,2024-01-06T20:26:58,2024-01-06,606,9,Retail,Afterpay,COUPONA-Z-,6.84,AUD
645613,2024-01-06T21:58:02,2024-01-06,35,6,Online,Afterpay,COUPONA99-,14.53,AUD
645748,2024-01-06T14:51:05,2024-01-06,100,36,Retail,Afterpay,COUPON-009,19.29,AUD
645782,2024-01-06T00:26:59,2024-01-06,498,11,Online,Credit Card,COUPON99--,12.26,AUD
645835,2024-01-06T03:42:14,2024-01-06,516,29,Retail,Afterpay,COUPON--Z9,7.59,AUD
645916,2024-01-06T21:48:17,2024-01-06,563,32,Online,PayPal,COUPONZ99A,17.78,AUD
646034,2024-01-06T17:10:49,2024-01-06,509,22,Retail,PayPal,COUPONA-99,15.3,AUD
646053,2024-01-06T22:27:26,2024-01-06,63,12,Online,PayPal,COUPON-A9-,7.33,AUD
646109,2024-01-06T08:38:48,2024-01-06,63,8,Online,Afterpay,COUPON--ZZ,12.74,AUD
646114,2024-01-06T10:45:06,2024-01-06,679,9,Online,Afterpay,COUPON00--,10.1,AUD
646144,2024-01-06T13:26:42,2024-01-06,393,14,Online,Afterpay,COUPON-AA-,7.04,AUD
646430,2024-01-06T06:36:46,2024-01-06,426,7,Online,Credit Card,COUPON00-A,5.06,AUD
646466,2024-01-06T16:27:15,2024-01-06,582,21,Online,Credit Card,COUPONAZ--,16.69,AUD
646477,2024-01-06T05:25:05,2024-01-06,662,13,Online,Credit Card,COUPON-9A-,0.78,AUD
646508,2024-01-06T11:28:02,2024-01-06,736,35,Online,Afterpay,COUPON-09A,2.99,AUD
646622,2024-01-06T08:09:53,2024-01-06,155,30,Retail,Credit Card,COUPONAZ0Z,3.41,AUD
646983,2024-01-06T06:37:33,2024-01-06,587,46,Online,PayPal,COUPON-00-,8.58,AUD
647008,2024-01-06T14:05:37,2024-01-06,106,31,Retail,Credit Card,COUPON09Z-,14.99,AUD
647351,2024-01-06T15:03:20,2024-01-06,794,30,Online,Afterpay,COUPON-Z99,8.58,AUD
647499,2024-01-06T16:39:40,2024-01-06,329,26,Retail,Credit Card,COUPON00--,8.45,AUD
647522,2024-01-06T20:32:45,2024-01-06,24,20,Retail,Credit Card,COUPONZ---,12.1,AUD
647559,2024-01-06T22:13:15,2024-01-06,564,36,Retail,Afterpay,COUPON-0Z-,9.55,AUD
647684,2024-01-06T15:47:32,2024-01-06,721,42,Retail,Credit Card,COUPONA0-Z,2.22,AUD
647824,2024-01-06T23:30:16,2024-01-06,647,4,Retail,Afterpay,COUPONZ9-9,0.99,AUD
647884,2024-01-06T00:17:23,2024-01-06,28,45,Retail,PayPal,COUPON0900,15.16,AUD
647913,2024-01-06T07:17:40,2024-01-06,521,1,Online,PayPal,COUPONA999,6.61,AUD
648039,2024-01-06T19:58:21,2024-01-06,752,29,Online,Credit Card,COUPON-900,0.54,AUD
648193,2024-01-06T05:50:24,2024-01-06,310,28,Online,Credit Card,COUPON-AZ-,15.14,AUD
648346,2024-01-06T18:29:59,2024-01-06,485,21,Online,Credit Card,COUPON90-9,19.9,AUD
648481,2024-01-06T11:08:12,2024-01-06,763,26,Online,PayPal,COUPONZAA0,2.07,AUD
648485,2024-01-06T01:44:05,2024-01-06,354,31,Online,Afterpay,COUPONA0Z-,15.6,AUD
648510,2024-01-06T16:05:33,2024-01-06,77,1,Online,Afterpay,COUPON-ZA9,11.73,AUD
648556,2024-01-06T16:42:29,2024-01-06,242,28,Online,PayPal,COUPON0A9Z,12.68,AUD
648655,2024-01-06T21:30:15,2024-01-06,478,39,Retail,PayPal,COUPON-Z90,16.55,AUD
648739,2024-01-06T06:02:38,2024-01-06,367,36,Online,Afterpay,COUPON0-0Z,8.29,AUD
648770,2024-01-06T21:17:24,2024-01-06,8,44,Retail,Afterpay,COUPON9---,7.01,AUD
649231,2024-01-06T11:23:00,2024-01-06,688,19,Retail,Credit Card,COUPON-AAA,15.09,AUD
649311,2024-01-06T21:10:27,2024-01-06,272,49,Online,Credit Card,COUPON--Z9,12.21,AUD
649421,2024-01-06T20:01:47,2024-01-06,289,20,Online,Credit Card,COUPON0-Z9,2.33,AUD
649582,2024-01-06T01:04:35,2024-01-06,30,41,Online,Afterpay,COUPON-9AA,7.05,AUD
649635,2024-01-06T12:12:05,2024-01-06,186,30,Online,PayPal,COUPONZ0-Z,19.27,AUD
649664,2024-01-06T18:18:46,2024-01-06,561,38,Retail,Afterpay,COUPON-AZ-,17.93,AUD
649692,2024-01-06T20:24:07,2024-01-06,642,46,Retail,Afterpay,COUPON-Z-9,15.78,AUD
649735,2024-01-06T01:43:30,2024-01-06,645,7,Online,PayPal,COUPON9-9A,18.14,AUD
649757,2024-01-06T14:41:39,2024-01-06,272,34,Retail,Afterpay,COUPON9Z-0,9.21,AUD
649758,2024-01-06T03:56:39,2024-01-06,751,45,Online,Credit Card,COUPON990-,1.65,AUD
649897,2024-01-06T07:48:25,2024-01-06,289,10,Retail,PayPal,COUPON0-A-,1.78,AUD
649933,2024-01-06T17:57:06,2024-01-06,84,38,Retail,PayPal,COUPON--9-,10.81,AUD
649993,2024-01-06T21:50:06,2024-01-06,114,19,Online,PayPal,COUPONZ---,12.16,AUD
650144,2024-01-06T23:20:54,2024-01-06,310,21,Retail,Afterpay,COUPONAZ9A,11.36,AUD
650245,2024-01-06T14:41:09,2024-01-06,344,19,Online,Credit Card,COUPONA--A,13.23,AUD
650274,2024-01-06T15:13:42,2024-01-06,48,35,Online,PayPal,COUPON-AZ9,9.41,AUD
650309,2024-01-06T07:50:54,2024-01-06,504,25,Online,Afterpay,COUPON99-0,16.18,AUD
650562,2024-01-06T14:10:25,2024-01-06,330,25,Retail,Credit Card,COUPONA-Z-,6.16,AUD
650566,2024-01-06T12:15:56,2024-01-06,404,41,Retail,Credit Card,COUPON009-,14.97,AUD
650585,2024-01-06T19:12:34,2024-01-06,82,48,Online,PayPal,COUPONAZZ-,5.71,AUD
650607,2024-01-06T15:28:41,2024-01-06,784,40,Retail,Credit Card,COUPON-ZZ0,9.83,AUD
650690,2024-01-06T11:20:31,2024-01-06,17,4,Retail,Credit Card,COUPON-Z-9,1.78,AUD
650702,2024-01-06T08:24:38,2024-01-06,699,1,Online,Credit Card,COUPON-ZZA,15.24,AUD
650706,2024-01-06T11:40:33,2024-01-06,494,29,Retail,Credit Card,COUPON-00A,11.86,AUD
650711,2024-01-06T13:28:20,2024-01-06,684,43,Online,Afterpay,COUPONZ-9-,18.5,AUD
650748,2024-01-06T00:53:18,2024-01-06,16,33,Retail,PayPal,COUPONAZ9-,14.87,AUD
650905,2024-01-06T22:31:56,2024-01-06,512,35,Online,Credit Card,COUPON0A00,8.8,AUD
651026,2024-01-06T02:43:19,2024-01-06,443,41,Online,Credit Card,COUPON909A,6.69,AUD
651072,2024-01-06T23:39:50,2024-01-06,505,5,Online,PayPal,COUPONZ---,0.88,AUD
651104,2024-01-06T01:31:10,2024-01-06,681,46,Retail,Afterpay,COUPON--9-,9.24,AUD
651186,2024-01-06T13:16:56,2024-01-06,32,36,Online,Credit Card,COUPON-9Z-,7.58,AUD
651592,2024-01-06T06:43:15,2024-01-06,91,49,Retail,PayPal,COUPON99A9,18.89,AUD
651630,2024-01-06T23:38:32,2024-01-06,64,19,Online,Credit Card,COUPON00--,8.77,AUD
651645,2024-01-06T06:58:13,2024-01-06,383,1,Retail,Afterpay,COUPON09AA,12.8,AUD
651683,2024-01-06T09:24:56,2024-01-06,791,2,Online,Afterpay,COUPON0-Z9,13.52,AUD
651729,2024-01-06T18:40:56,2024-01-06,660,28,Retail,PayPal,COUPONZ900,10.11,AUD
651782,2024-01-06T21:28:13,2024-01-06,447,32,Retail,Afterpay,COUPON0Z0Z,0.47,AUD
651816,2024-01-06T14:07:54,2024-01-06,418,45,Online,PayPal,COUPONA90-,17.47,AUD
651948,2024-01-06T15:30:52,2024-01-06,346,3,Online,PayPal,COUPONA9-Z,5.73,AUD
652000,2024-01-06T04:04:46,2024-01-06,699,47,Online,Afterpay,COUPON9-9Z,17.79,AUD
652023,2024-01-06T00:15:07,2024-01-06,293,34,Online,Afterpay,COUPONA-9Z,18.08,AUD
652033,2024-01-06T01:10:14,2024-01-06,240,7,Online,Afterpay,COUPON0AA0,13.29,AUD
652064,2024-01-06T14:26:20,2024-01-06,391,47,Retail,Afterpay,COUPON9A-9,3.91,AUD
652069,2024-01-06T02:43:31,2024-01-06,184,5,Online,Afterpay,COUPON--9A,17.07,AUD
652164,2024-01-06T07:03:21,2024-01-06,411,44,Retail,PayPal,COUPON90A9,0.56,AUD
652370,2024-01-06T18:25:39,2024-01-06,443,17,Online,Afterpay,COUPONZ-09,6.97,AUD
652373,2024-01-06T04:17:02,2024-01-06,159,41,Online,PayPal,COUPON--A-,8.8,AUD
652483,2024-01-06T21:58:35,2024-01-06,411,49,Retail,PayPal,COUPON-AA9,15.57,AUD
652541,2024-01-06T10:19:19,2024-01-06,321,5,Online,Credit Card,COUPON0--9,12.84,AUD
652586,2024-01-06T16:48:53,2024-01-06,385,49,Online,Credit Card,COUPON9009,8.68,AUD
652774,2024-01-06T14:46:20,2024-01-06,652,10,Online,PayPal,COUPON--A-,8.34,AUD
652792,2024-01-06T23:10:26,2024-01-06,67,3,Retail,Afterpay,COUPONA-ZA,17.0,AUD
652854,2024-01-06T04:53:52,2024-01-06,666,12,Online,Afterpay,COUPONA--9,17.85,AUD
653074,2024-01-06T03:28:24,2024-01-06,752,48,Online,Credit Card,COUPON-A9-,15.95,AUD
653338,2024-01-06T09:12:17,2024-01-06,437,24,Online,Afterpay,COUPONA99-,19.51,AUD
653381,2024-01-06T08:11:09,2024-01-06,655,9,Retail,Afterpay,COUPONZ9Z9,11.82,AUD
653524,2024-01-06T16:37:30,2024-01-06,121,17,Retail,Afterpay,COUPON--ZZ,13.82,AUD
653564,2024-01-06T03:56:04,2024-01-06,579,49,Online,Afterpay,COUPONZZ--,5.28,AUD
653566,2024-01-06T22:39:16,2024-01-06,461,17,Retail,Credit Card,COUPONZ9-0,18.42,AUD
653723,2024-01-06T07:21:03,2024-01-06,205,21,Online,Afterpay,COUPON9Z00,8.59,AUD
653892,2024-01-06T14:35:07,2024-01-06,660,4,Retail,Credit Card,COUPON9A--,16.35,AUD
653916,2024-01-06T07:29:45,2024-01-06,495,21,Retail,PayPal,COUPONZZ--,13.79,AUD
653919,2024-01-06T11:27:28,2024-01-06,93,34,Online,PayPal,COUPON99AA,9.51,AUD
654010,2024-01-06T08:59:17,2024-01-06,536,44,Retail,Afterpay,COUPON09-A,19.2,AUD
654047,2024-01-06T10:20:56,2024-01-06,317,11,Online,Afterpay,COUPONZ9AA,17.77,AUD
654207,2024-01-06T21:33:20,2024-01-06,198,38,Online,Afterpay,COUPON--AA,8.29,AUD
654267,2024-01-06T09:34:07,2024-01-06,522,39,Online,Credit Card,COUPON-Z09,15.36,AUD
654269,2024-01-06T02:52:26,2024-01-06,514,25,Retail,Credit Card,COUPONA--Z,3.12,AUD
654272,2024-01-06T08:58:37,2024-01-06,335,17,Retail,Credit Card,COUPON--9Z,3.33,AUD
654438,2024-01-06T16:49:29,2024-01-06,431,42,Online,PayPal,COUPON-9A9,19.86,AUD
654499,2024-01-06T17:17:09,2024-01-06,432,24,Online,Credit Card,COUPON--09,2.12,AUD
654506,2024-01-06T13:30:30,2024-01-06,216,7,Online,PayPal,COUPONZ999,18.18,AUD
654699,2024-01-06T13:33:33,2024-01-06,306,35,Online,PayPal,COUPONA0Z-,6.19,AUD
654886,2024-01-06T09:22:03,2024-01-06,438,1,Retail,PayPal,COUPON--99,10.9,AUD
654984,2024-01-06T19:01:08,2024-01-06,137,8,Online,Afterpay,COUPON9A--,14.4,AUD
654998,2024-01-06T14:22:45,2024-01-06,380,22,Retail,Afterpay,COUPON9Z9A,9.41,AUD
655068,2024-01-06T20:42:56,2024-01-06,439,4,Retail,PayPal,COUPON00Z9,17.84,AUD
655194,2024-01-06T00:02:04,2024-01-06,245,5,Online,Credit Card,COUPON0---,15.19,AUD
655320,2024-01-06T20:40:17,2024-01-06,45,13,Retail,Credit Card,COUPON0ZAZ,2.83,AUD
655326,2024-01-06T18:54:07,2024-01-06,793,45,Online,Credit Card,COUPON-9-Z,7.25,AUD
655341,2024-01-06T05:35:19,2024-01-06,632,4,Retail,Afterpay,COUPON-A-0,15.1,AUD
655428,2024-01-06T22:41:51,2024-01-06,97,39,Online,Afterpay,COUPON9---,9.26,AUD
655478,2024-01-06T12:59:52,2024-01-06,592,26,Retail,PayPal,COUPON0AAA,10.4,AUD
655647,2024-01-06T14:49:14,2024-01-06,704,10,Online,Credit Card,COUPON-Z-9,10.41,AUD
655774,2024-01-06T19:40:07,2024-01-06,304,25,Retail,Credit Card,COUPON0-00,1.54,AUD
655885,2024-01-06T05:26:07,2024-01-06,676,17,Online,Credit Card,COUPON-Z0Z,10.81,AUD
656265,2024-01-06T16:14:06,2024-01-06,29,24,Online,Credit Card,COUPON0-9-,10.65,AUD
656310,2024-01-06T19:52:39,2024-01-06,323,49,Online,PayPal,COUPONZ-Z-,1.68,AUD
656359,2024-01-06T07:48:24,2024-01-06,366,16,Retail,Credit Card,COUPON9---,1.18,AUD
656747,2024-01-06T22:49:35,2024-01-06,418,24,Retail,Credit Card,COUPON---9,16.59,AUD
656805,2024-01-06T12:11:38,2024-01-06,632,14,Retail,PayPal,COUPON0Z--,13.57,AUD
656808,2024-01-06T22:43:35,2024-01-06,405,30,Retail,PayPal,COUPON00--,4.66,AUD
656931,2024-01-06T05:03:18,2024-01-06,424,12,Online,Afterpay,COUPON0-A-,5.34,AUD
657079,2024-01-06T10:13:09,2024-01-06,353,39,Online,Credit Card,COUPON--09,1.94,AUD
657128,2024-01-06T13:48:34,2024-01-06,657,14,Retail,Afterpay,COUPON0A-Z,12.27,AUD
657150,2024-01-06T10:58:05,2024-01-06,420,28,Retail,PayPal,COUPONZ00-,6.69,AUD
657216,2024-01-06T08:48:43,2024-01-06,742,39,Retail,PayPal,COUPONAA-Z,14.08,AUD
657255,2024-01-06T16:42:30,2024-01-06,691,34,Online,Afterpay,COUPON00ZZ,15.22,AUD
657341,2024-01-06T02:06:22,2024-01-06,640,23,Retail,PayPal,COUPON----,13.05,AUD
657412,2024-01-06T20:38:50,2024-01-06,310,11,Retail,Credit Card,COUPON--99,12.67,AUD
657465,2024-01-06T07:39:58,2024-01-06,778,28,Retail,Credit Card,COUPON9090,5.31,AUD
657488,2024-01-06T09:27:22,2024-01-06,761,28,Online,Afterpay,COUPON9ZZ9,17.84,AUD
657651,2024-01-06T13:43:58,2024-01-06,655,10,Online,PayPal,COUPON0Z9-,14.54,AUD
657722,2024-01-06T22:16:02,2024-01-06,585,45,Online,Afterpay,COUPONAA9A,11.77,AUD
657810,2024-01-06T09:27:47,2024-01-06,4,12,Retail,PayPal,COUPON99-Z,15.92,AUD
657820,2024-01-06T14:33:44,2024-01-06,492,46,Retail,Credit Card,COUPONZ99A,10.71,AUD
657883,2024-01-06T17:06:00,2024-01-06,570,26,Retail,Credit Card,COUPON9-9-,8.88,AUD
658029,2024-01-06T22:16:43,2024-01-06,515,6,Online,Afterpay,COUPONZ-Z9,3.61,AUD
658060,2024-01-06T15:00:41,2024-01-06,391,49,Retail,PayPal,COUPON9A-A,4.89,AUD
658111,2024-01-06T01:09:14,2024-01-06,303,3,Retail,Credit Card,COUPON0-A-,19.73,AUD
658241,2024-01-06T07:10:02,2024-01-06,468,17,Online,Credit Card,COUPON0-90,8.42,AUD
658260,2024-01-06T22:27:59,2024-01-06,480,23,Retail,PayPal,COUPON--0Z,4.74,AUD
658269,2024-01-06T23:33:53,2024-01-06,512,26,Retail,Afterpay,COUPONA90A,19.41,AUD
658292,2024-01-06T21:31:03,2024-01-06,718,4,Retail,Credit Card,COUPON99ZZ,18.76,AUD
658312,2024-01-06T20:25:58,2024-01-06,243,27,Retail,Afterpay,COUPONZ9--,19.53,AUD
658436,2024-01-06T17:29:34,2024-01-06,575,1,Online,Afterpay,COUPON9990,10.91,AUD
658557,2024-01-06T02:02:06,2024-01-06,4,47,Retail,Afterpay,COUPON--09,10.26,AUD
658717,2024-01-06T12:50:52,2024-01-06,168,2,Retail,PayPal,COUPON--0A,8.22,AUD
658727,2024-01-06T20:32:43,2024-01-06,249,15,Online,PayPal,COUPON--9Z,9.21,AUD
658728,2024-01-06T16:46:53,2024-01-06,689,27,Retail,Afterpay,COUPON-Z09,6.11,AUD
658736,2024-01-06T14:49:57,2024-01-06,94,4,Retail,PayPal,COUPON-990,10.4,AUD
658758,2024-01-06T10:54:32,2024-01-06,559,16,Retail,Credit Card,COUPON90ZZ,11.37,AUD
659056,2024-01-06T13:58:29,2024-01-06,548,18,Online,PayPal,COUPON-0-9,2.74,AUD
659101,2024-01-06T04:17:11,2024-01-06,132,43,Online,PayPal,COUPON-0--,14.86,AUD
659559,2024-01-06T02:08:17,2024-01-06,797,1,Online,Credit Card,COUPON-A0Z,18.96,AUD
659593,2024-01-06T21:44:31,2024-01-06,419,20,Retail,Credit Card,COUPON0-A-,14.04,AUD
659694,2024-01-06T22:42:58,2024-01-06,719,38,Retail,PayPal,COUPONA99A,8.07,AUD
659820,2024-01-06T23:26:40,2024-01-06,673,23,Retail,PayPal,COUPON-ZA-,19.58,AUD
659922,2024-01-06T13:44:03,2024-01-06,30,45,Online,PayPal,COUPON-ZZA,19.67,AUD
659987,2024-01-06T17:19:42,2024-01-06,712,12,Retail,Credit Card,COUPON909A,16.2,AUD
660033,2024-01-06T14:33:51,2024-01-06,71,2,Online,PayPal,COUPON--0-,6.34,AUD
660067,2024-01-06T22:20:41,2024-01-06,793,48,Retail,Credit Card,COUPON0-00,8.01,AUD
660225,2024-01-06T05:19:49,2024-01-06,534,40,Online,Credit Card,COUPON0Z-9,2.98,AUD
660239,2024-01-06T00:20:33,2024-01-06,601,42,Retail,Credit Card,COUPON0Z09,19.27,AUD
660331,2024-01-06T17:17:44,2024-01-06,422,12,Online,PayPal,COUPON--0-,12.35,AUD
660359,2024-01-06T13:59:34,2024-01-06,295,21,Online,PayPal,COUPONZ-0-,7.42,AUD
660490,2024-01-06T11:34:59,2024-01-06,289,12,Retail,PayPal,COUPON-0Z9,17.78,AUD
660649,2024-01-06T13:59:43,2024-01-06,280,26,Retail,Afterpay,COUPON99Z-,2.14,AUD
660656,2024-01-06T13:06:50,2024-01-06,302,5,Retail,PayPal,COUPONZA90,2.66,AUD
660729,2024-01-06T12:28:41,2024-01-06,607,1,Retail,PayPal,COUPONA---,9.54,AUD
660789,2024-01-06T01:58:47,2024-01-06,468,34,Retail,Afterpay,COUPON-Z-A,8.04,AUD
660790,2024-01-06T11:07:22,2024-01-06,86,38,Online,PayPal,COUPON0AZ9,16.01,AUD
660810,2024-01-06T13:23:45,2024-01-06,760,11,Online,PayPal,COUPON9-9A,5.21,AUD
661104,2024-01-06T14:02:32,2024-01-06,423,49,Retail,PayPal,COUPON9-A-,8.19,AUD
661253,2024-01-06T23:22:16,2024-01-06,179,49,Online,PayPal,COUPONZ-90,1.35,AUD
661485,2024-01-06T21:18:32,2024-01-06,539,30,Online,PayPal,COUPON-9--,3.13,AUD
661535,2024-01-06T18:28:31,2024-01-06,274,30,Retail,Afterpay,COUPONZ9--,5.64,AUD
661537,2024-01-06T09:11:05,2024-01-06,108,13,Retail,PayPal,COUPONA0AA,16.06,AUD
661715,2024-01-06T03:00:21,2024-01-06,274,42,Online,PayPal,COUPON0Z9-,1.57,AUD
661733,2024-01-06T16:16:19,2024-01-06,397,17,Retail,PayPal,COUPON9Z-0,14.3,AUD
661773,2024-01-06T20:50:31,2024-01-06,435,3,Retail,Credit Card,COUPON00ZZ,6.83,AUD
661944,2024-01-06T20:34:03,2024-01-06,213,9,Retail,Afterpay,COUPON0AZZ,0.38,AUD
662086,2024-01-06T04:12:56,2024-01-06,668,1,Online,Credit Card,COUPON0Z-A,12.19,AUD
662143,2024-01-06T04:45:59,2024-01-06,627,8,Retail,PayPal,COUPONZ0ZZ,0.2,AUD
662154,2024-01-06T05:44:44,2024-01-06,343,38,Retail,PayPal,COUPON9Z99,10.59,AUD
662172,2024-01-06T13:01:16,2024-01-06,703,31,Retail,PayPal,COUPON-9-A,7.62,AUD
662330,2024-01-06T23:44:16,2024-01-06,719,3,Retail,PayPal,COUPON9AZA,4.27,AUD
662349,2024-01-06T06:27:58,2024-01-06,523,21,Online,PayPal,COUPONZ--9,9.95,AUD
662363,2024-01-06T01:43:41,2024-01-06,666,24,Retail,Credit Card,COUPON0---,14.15,AUD
662506,2024-01-06T00:49:34,2024-01-06,721,30,Online,Afterpay,COUPON9Z-0,1.06,AUD
662542,2024-01-06T23:12:43,2024-01-06,684,8,Retail,PayPal,COUPON-0-9,17.85,AUD
662665,2024-01-06T06:38:30,2024-01-06,118,18,Online,Credit Card,COUPON--A-,12.8,AUD
662670,2024-01-06T03:28:43,2024-01-06,774,37,Online,Afterpay,COUPONA9-A,8.22,AUD
662694,2024-01-06T11:07:55,2024-01-06,196,22,Online,Credit Card,COUPONZ90-,7.06,AUD
662717,2024-01-06T19:27:24,2024-01-06,627,34,Retail,Afterpay,COUPONZA--,8.08,AUD
662769,2024-01-06T17:15:22,2024-01-06,485,5,Retail,Credit Card,COUPON9Z-Z,9.18,AUD
662776,2024-01-06T12:46:27,2024-01-06,587,2,Retail,PayPal,COUPON-9--,14.2,AUD
662920,2024-01-06T15:51:48,2024-01-06,235,39,Retail,Afterpay,COUPONZ-9Z,5.14,AUD
663187,2024-01-06T16:58:41,2024-01-06,110,20,Retail,Afterpay,COUPON-Z--,19.55,AUD
663199,2024-01-06T12:56:18,2024-01-06,203,34,Online,Credit Card,COUPONA-99,4.92,AUD
663202,2024-01-06T12:34:16,2024-01-06,797,16,Retail,PayPal,COUPONZ0-0,11.56,AUD
663215,2024-01-06T22:40:52,2024-01-06,261,20,Retail,Afterpay,COUPON0Z-Z,4.42,AUD
663270,2024-01-06T02:38:02,2024-01-06,467,10,Retail,Credit Card,COUPON0-0A,12.36,AUD
663275,2024-01-06T16:48:32,2024-01-06,776,30,Online,Afterpay,COUPON00-Z,13.54,AUD
663297,2024-01-06T02:00:23,2024-01-06,325,41,Retail,Afterpay,COUPON--AZ,5.13,AUD
663404,2024-01-06T23:42:30,2024-01-06,389,37,Online,Afterpay,COUPONZ9ZZ,13.49,AUD
663439,2024-01-06T10:42:55,2024-01-06,412,48,Retail,Credit Card,COUPON9-Z-,16.23,AUD
663798,2024-01-06T04:25:57,2024-01-06,456,25,Retail,Afterpay,COUPON00Z0,15.37,AUD
663805,2024-01-06T09:45:54,2024-01-06,383,39,Online,Credit Card,COUPON0-AZ,8.5,AUD
663962,2024-01-06T01:22:45,2024-01-06,733,48,Online,PayPal,COUPON9A90,5.29,AUD
664107,2024-01-06T08:20:02,2024-01-06,21,20,Online,PayPal,COUPON0AZ-,14.0,AUD
664242,2024-01-06T10:30:49,2024-01-06,532,10,Online,Afterpay,COUPONZ-Z9,17.35,AUD
664243,2024-01-06T20:10:55,2024-01-06,534,31,Retail,Credit Card,COUPON-A--,14.28,AUD
664394,2024-01-06T12:40:45,2024-01-06,374,34,Retail,Afterpay,COUPONZAAA,9.62,AUD
664418,2024-01-06T19:19:57,2024-01-06,178,33,Online,Credit Card,COUPON9-9Z,19.18,AUD
664435,2024-01-06T23:46:00,2024-01-06,725,1,Online,Afterpay,COUPONZ000,19.49,AUD
664459,2024-01-06T10:52:55,2024-01-06,504,33,Online,Afterpay,COUPON0AZ-,12.15,AUD
664468,2024-01-06T23:56:34,2024-01-06,784,31,Online,PayPal,COUPON--9A,12.83,AUD
664668,2024-01-06T21:00:58,2024-01-06,692,31,Retail,Afterpay,COUPONA-90,15.61,AUD
664778,2024-01-06T02:40:19,2024-01-06,195,2,Online,Afterpay,COUPONA---,6.67,AUD
664921,2024-01-06T18:01:14,2024-01-06,721,16,Online,PayPal,COUPON0A9-,18.9,AUD
665001,2024-01-06T17:18:34,2024-01-06,485,45,Retail,PayPal,COUPONZAZ9,0.11,AUD
665279,2024-01-06T09:51:39,2024-01-06,647,10,Online,Afterpay,COUPONZ-99,1.88,AUD
665345,2024-01-06T10:23:25,2024-01-06,501,43,Online,Afterpay,COUPON0--0,8.78,AUD
665532,2024-01-06T03:18:33,2024-01-06,568,25,Online,PayPal,COUPON-A--,19.56,AUD
665617,2024-01-06T22:50:06,2024-01-06,348,1,Online,Afterpay,COUPON---9,7.84,AUD
665676,2024-01-06T23:23:06,2024-01-06,520,10,Online,Afterpay,COUPONAA-A,11.85,AUD
665698,2024-01-06T02:32:06,2024-01-06,338,15,Online,Credit Card,COUPON9---,13.64,AUD
665788,2024-01-06T11:29:00,2024-01-06,610,18,Retail,Afterpay,COUPON09--,15.88,AUD
665825,2024-01-06T04:59:59,2024-01-06,62,35,Online,PayPal,COUPON0-AZ,8.67,AUD
665830,2024-01-06T22:42:27,2024-01-06,258,18,Online,PayPal,COUPON---Z,16.61,AUD
666054,2024-01-06T11:01:32,2024-01-06,255,23,Online,Afterpay,COUPON-0--,8.84,AUD
666087,2024-01-06T15:21:00,2024-01-06,77,40,Retail,Afterpay,COUPONA--Z,7.4,AUD
666154,2024-01-06T03:58:18,2024-01-06,25,24,Online,Afterpay,COUPON-9-0,5.75,AUD
666269,2024-01-06T18:09:23,2024-01-06,96,19,Online,PayPal,COUPON09--,4.28,AUD
666338,2024-01-06T22:57:28,2024-01-06,739,44,Online,PayPal,COUPON-AZ0,2.79,AUD
666400,2024-01-06T09:49:15,2024-01-06,163,49,Online,PayPal,COUPONA090,6.7,AUD
666619,2024-01-06T00:14:17,2024-01-06,786,5,Retail,Afterpay,COUPON-0Z9,8.97,AUD
666728,2024-01-06T05:10:25,2024-01-06,254,43,Online,Afterpay,COUPON-9Z-,3.82,AUD
666772,2024-01-06T00:08:58,2024-01-06,424,18,Online,PayPal,COUPON-A9A,2.01,AUD
666776,2024-01-06T19:11:50,2024-01-06,391,11,Retail,Afterpay,COUPONZ0AZ,17.73,AUD
666808,2024-01-06T02:43:53,2024-01-06,473,20,Retail,Credit Card,COUPON9Z-A,9.97,AUD
666810,2024-01-06T01:29:00,2024-01-06,714,12,Online,Credit Card,COUPON0000,12.37,AUD
666960,2024-01-06T05:10:53,2024-01-06,137,3,Online,Afterpay,COUPONZ9-0,16.72,AUD
667032,2024-01-06T18:25:42,2024-01-06,476,19,Retail,Credit Card,COUPONZ0-9,16.32,AUD
667260,2024-01-06T08:41:48,2024-01-06,779,33,Online,PayPal,COUPON09Z9,17.28,AUD
667471,2024-01-06T15:08:04,2024-01-06,37,17,Online,PayPal,COUPONA009,11.75,AUD
667508,2024-01-06T12:27:29,2024-01-06,158,45,Retail,Credit Card,COUPON-Z09,15.64,AUD
667517,2024-01-06T07:08:03,2024-01-06,281,7,Online,Credit Card,COUPONZ00-,3.06,AUD
667581,2024-01-06T15:51:26,2024-01-06,265,17,Retail,Afterpay,COUPON09--,8.31,AUD
667602,2024-01-06T15:34:20,2024-01-06,700,25,Online,Afterpay,COUPON-A00,0.02,AUD
667732,2024-01-06T12:53:03,2024-01-06,712,11,Retail,PayPal,COUPON0--A,4.86,AUD
667745,2024-01-06T13:36:23,2024-01-06,632,32,Online,PayPal,COUPONZ0-0,5.82,AUD
667755,2024-01-06T09:44:32,2024-01-06,84,22,Online,PayPal,COUPONA990,10.36,AUD
667822,2024-01-06T03:35:21,2024-01-06,57,37,Online,Afterpay,COUPON-A-A,8.39,AUD
667865,2024-01-06T21:37:36,2024-01-06,544,37,Retail,Credit Card,COUPON0-9Z,19.91,AUD
667904,2024-01-06T19:15:53,2024-01-06,407,11,Online,Credit Card,COUPON--9-,3.31,AUD
668013,2024-01-06T07:51:27,2024-01-06,398,34,Online,Afterpay,COUPON-AA-,10.44,AUD
668152,2024-01-06T00:20:48,2024-01-06,505,8,Online,Afterpay,COUPON0Z--,7.81,AUD
668194,2024-01-06T11:15:21,2024-01-06,96,44,Online,Credit Card,COUPONZ-Z0,13.43,AUD
668223,2024-01-06T14:49:08,2024-01-06,640,21,Retail,Credit Card,COUPONZ990,16.63,AUD
668324,2024-01-06T12:29:23,2024-01-06,656,41,Online,Credit Card,COUPON9AZZ,1.63,AUD
668420,2024-01-06T20:56:18,2024-01-06,545,24,Online,Credit Card,COUPONA-ZA,15.0,AUD
668694,2024-01-06T13:41:24,2024-01-06,526,12,Online,Credit Card,COUPONA9--,14.61,AUD
668759,2024-01-06T21:32:11,2024-01-06,487,36,Online,Credit Card,COUPON-909,12.91,AUD
669103,2024-01-06T12:49:15,2024-01-06,59,19,Online,PayPal,COUPON9AA0,9.62,AUD
669204,2024-01-06T23:37:10,2024-01-06,741,43,Retail,Credit Card,COUPON----,16.14,AUD
669344,2024-01-06T05:31:43,2024-01-06,184,5,Retail,Credit Card,COUPON--Z-,9.86,AUD
669369,2024-01-06T21:06:01,2024-01-06,521,37,Retail,PayPal,COUPON---A,14.24,AUD
669370,2024-01-06T10:52:39,2024-01-06,740,15,Retail,Afterpay,COUPON0ZZ9,15.48,AUD
669379,2024-01-06T02:54:44,2024-01-06,106,42,Retail,Afterpay,COUPONZ999,1.75,AUD
669405,2024-01-06T00:30:56,2024-01-06,213,37,Online,Credit Card,COUPONZ90Z,0.95,AUD
669469,2024-01-06T09:16:24,2024-01-06,629,40,Online,PayPal,COUPONZ-0-,4.51,AUD
669564,2024-01-06T14:29:27,2024-01-06,100,36,Online,Credit Card,COUPON-999,0.68,AUD
669647,2024-01-06T02:16:30,2024-01-06,373,8,Retail,PayPal,COUPONA0--,6.81,AUD
669693,2024-01-06T23:40:47,2024-01-06,759,37,Online,Credit Card,COUPON99-Z,14.09,AUD
669871,2024-01-06T07:40:26,2024-01-06,531,27,Retail,Afterpay,COUPON-00-,4.57,AUD
669916,2024-01-06T07:09:53,2024-01-06,576,33,Retail,Credit Card,COUPON9AZA,7.93,AUD
669930,2024-01-06T08:24:31,2024-01-06,621,45,Online,Credit Card,COUPON---A,3.7,AUD
670021,2024-01-06T23:12:11,2024-01-06,233,34,Retail,PayPal,COUPON-A-9,4.63,AUD
670163,2024-01-06T18:39:53,2024-01-06,646,46,Retail,Afterpay,COUPON900-,6.73,AUD
670419,2024-01-06T13:34:35,2024-01-06,471,34,Retail,PayPal,COUPONZ-09,5.11,AUD
670533,2024-01-06T21:45:10,2024-01-06,504,25,Online,Credit Card,COUPON---0,4.25,AUD
670634,2024-01-06T12:41:04,2024-01-06,685,45,Online,Afterpay,COUPON-0-9,2.15,AUD
670635,2024-01-06T11:21:24,2024-01-06,555,7,Retail,Credit Card,COUPON--90,2.65,AUD
670637,2024-01-06T19:13:43,2024-01-06,344,18,Retail,Credit Card,COUPON0-00,11.51,AUD
670711,2024-01-06T03:21:00,2024-01-06,293,7,Online,Credit Card,COUPON0--Z,13.4,AUD
670950,2024-01-06T06:41:01,2024-01-06,154,4,Retail,Afterpay,COUPONA90A,19.69,AUD
670960,2024-01-06T22:14:59,2024-01-06,724,39,Retail,PayPal,COUPON0Z00,18.69,AUD
670993,2024-01-06T08:27:16,2024-01-06,9,2,Online,PayPal,COUPON90Z-,17.98,AUD
671218,2024-01-06T20:37:58,2024-01-06,601,40,Retail,PayPal,COUPON-09-,2.01,AUD
671436,2024-01-06T09:33:59,2024-01-06,460,1,Retail,Credit Card,COUPONZ90A,6.16,AUD
671453,2024-01-06T20:18:41,2024-01-06,591,20,Retail,Credit Card,COUPONA9ZA,9.74,AUD
671572,2024-01-06T01:54:57,2024-01-06,462,23,Retail,Afterpay,COUPONZZ-0,2.76,AUD
671601,2024-01-06T10:07:56,2024-01-06,192,28,Online,Afterpay,COUPON-Z9Z,6.99,AUD
671659,2024-01-06T22:14:19,2024-01-06,109,40,Online,Afterpay,COUPONZ-90,2.85,AUD
671676,2024-01-06T18:30:17,2024-01-06,549,41,Retail,Credit Card,COUPONZZA-,12.18,AUD
671766,2024-01-06T07:35:55,2024-01-06,750,4,Online,Credit Card,COUPONA0-A,3.82,AUD
671773,2024-01-06T19:53:18,2024-01-06,453,43,Retail,Afterpay,COUPONA0-Z,14.89,AUD
671860,2024-01-06T20:01:18,2024-01-06,797,35,Online,Afterpay,COUPON9ZA0,15.32,AUD
672324,2024-01-06T20:35:55,2024-01-06,715,40,Online,Afterpay,COUPON990-,1.24,AUD
672457,2024-01-06T07:09:54,2024-01-06,251,1,Online,Afterpay,COUPON0A--,18.58,AUD
672514,2024-01-06T11:04:23,2024-01-06,494,40,Online,Credit Card,COUPON00-Z,6.5,AUD
672588,2024-01-06T17:17:45,2024-01-06,59,40,Retail,Credit Card,COUPON9-AZ,14.94,AUD
672657,2024-01-06T23:05:32,2024-01-06,703,5,Retail,Credit Card,COUPON-ZZ-,8.13,AUD
672762,2024-01-06T20:01:00,2024-01-06,145,39,Online,Afterpay,COUPON9ZAA,6.51,AUD
672957,2024-01-06T18:41:38,2024-01-06,717,17,Retail,PayPal,COUPON-Z-9,1.74,AUD
672973,2024-01-06T06:35:57,2024-01-06,5,49,Online,Credit Card,COUPON-9-Z,4.75,AUD
673008,2024-01-06T21:18:17,2024-01-06,112,42,Retail,Credit Card,COUPON00A9,19.39,AUD
673176,2024-01-06T01:27:15,2024-01-06,535,39,Online,Afterpay,COUPON--ZA,9.69,AUD
673223,2024-01-06T08:13:30,2024-01-06,487,38,Online,Credit Card,COUPON--9-,13.47,AUD
673247,2024-01-06T07:09:11,2024-01-06,634,29,Retail,PayPal,COUPON---A,5.88,AUD
673718,2024-01-06T15:44:23,2024-01-06,66,16,Retail,PayPal,COUPON-AZZ,12.52,AUD
673742,2024-01-06T18:10:06,2024-01-06,617,22,Online,Credit Card,COUPON---9,12.79,AUD
673819,2024-01-06T10:35:20,2024-01-06,693,10,Retail,Credit Card,COUPON9Z90,9.1,AUD
673921,2024-01-06T00:18:31,2024-01-06,177,5,Retail,Credit Card,COUPON-A-9,4.27,AUD
673968,2024-01-06T17:15:03,2024-01-06,245,49,Online,PayPal,COUPONZZ9A,0.16,AUD
674020,2024-01-06T19:34:05,2024-01-06,553,28,Online,PayPal,COUPONA0--,12.66,AUD
674162,2024-01-06T10:17:09,2024-01-06,190,43,Retail,Credit Card,COUPON-A--,7.63,AUD
674389,2024-01-06T19:00:25,2024-01-06,168,29,Online,Credit Card,COUPON-0--,6.24,AUD
674419,2024-01-06T08:31:00,2024-01-06,425,27,Online,Afterpay,COUPONZA--,18.64,AUD
674482,2024-01-06T11:48:20,2024-01-06,588,12,Retail,PayPal,COUPON09ZZ,16.14,AUD
674497,2024-01-06T07:43:14,2024-01-06,272,24,Online,Afterpay,COUPON0A90,11.52,AUD
674685,2024-01-06T06:53:33,2024-01-06,360,33,Retail,PayPal,COUPON9--Z,7.71,AUD
674797,2024-01-06T13:50:25,2024-01-06,652,2,Retail,Afterpay,COUPONAZ9-,14.31,AUD
674927,2024-01-06T10:29:54,2024-01-06,581,1,Retail,PayPal,COUPON090Z,4.23,AUD
675063,2024-01-06T18:44:01,2024-01-06,539,24,Retail,Credit Card,COUPON-0-0,0.53,AUD
675075,2024-01-06T07:20:46,2024-01-06,323,3,Retail,PayPal,COUPON0--9,19.6,AUD
675128,2024-01-06T08:32:45,2024-01-06,261,1,Retail,PayPal,COUPONA9A0,14.71,AUD
675221,2024-01-06T09:32:19,2024-01-06,315,23,Retail,Credit Card,COUPON--ZA,10.22,AUD
675296,2024-01-06T20:20:16,2024-01-06,407,25,Retail,Afterpay,COUPON9A0-,6.4,AUD
675309,2024-01-06T02:09:29,2024-01-06,113,22,Retail,Credit Card,COUPON-9A0,3.4,AUD
675476,2024-01-06T01:28:45,2024-01-06,111,13,Online,Afterpay,COUPONA00A,1.61,AUD
675644,2024-01-06T12:21:10,2024-01-06,76,22,Online,PayPal,COUPONA9-0,9.48,AUD
675787,2024-01-06T01:34:26,2024-01-06,453,3,Online,Afterpay,COUPONA-Z9,0.62,AUD
675857,2024-01-06T07:45:33,2024-01-06,285,1,Retail,Credit Card,COUPON0Z-9,17.58,AUD
675935,2024-01-06T12:46:58,2024-01-06,584,17,Online,Credit Card,COUPON009-,14.2,AUD
676044,2024-01-06T21:46:55,2024-01-06,726,32,Retail,Afterpay,COUPON90--,16.25,AUD
676097,2024-01-06T19:40:00,2024-01-06,298,32,Retail,Credit Card,COUPONA9A-,1.45,AUD
676246,2024-01-06T00:11:11,2024-01-06,643,45,Online,Credit Card,COUPONA---,10.29,AUD
676291,2024-01-06T20:46:24,2024-01-06,24,23,Retail,Credit Card,COUPONZ-99,15.27,AUD
676375,2024-01-06T10:37:09,2024-01-06,536,14,Retail,Credit Card,COUPONZ9-9,15.47,AUD
676548,2024-01-06T09:18:29,2024-01-06,344,33,Retail,Afterpay,COUPON9-0Z,18.65,AUD
676635,2024-01-06T03:38:03,2024-01-06,332,32,Retail,Afterpay,COUPONZ-AA,18.58,AUD
676744,2024-01-06T11:07:33,2024-01-06,413,27,Retail,Credit Card,COUPON-0-9,18.49,AUD
676860,2024-01-06T15:17:54,2024-01-06,459,21,Retail,PayPal,COUPON-0--,15.41,AUD
676997,2024-01-06T11:04:24,2024-01-06,418,2,Online,Afterpay,COUPONZ-0A,18.84,AUD
677057,2024-01-06T06:42:34,2024-01-06,249,4,Retail,PayPal,COUPON--Z-,14.54,AUD
677260,2024-01-06T12:29:47,2024-01-06,559,15,Retail,Afterpay,COUPONA09A,18.09,AUD
677394,2024-01-06T18:09:20,2024-01-06,625,2,Retail,PayPal,COUPON-A00,3.22,AUD
677516,2024-01-06T07:38:51,2024-01-06,639,6,Retail,Afterpay,COUPONA-9-,16.1,AUD
677733,2024-01-06T22:46:45,2024-01-06,145,20,Retail,Afterpay,COUPON9Z-Z,1.92,AUD
677786,2024-01-06T01:41:21,2024-01-06,59,20,Online,Afterpay,COUPON--AZ,3.83,AUD
677797,2024-01-06T16:17:18,2024-01-06,100,17,Retail,PayPal,COUPONZ00A,17.69,AUD
677958,2024-01-06T13:24:40,2024-01-06,88,22,Online,Credit Card,COUPON9AZ-,8.37,AUD
678030,2024-01-06T13:29:21,2024-01-06,250,29,Retail,PayPal,COUPON-AA-,13.38,AUD
678073,2024-01-06T11:13:57,2024-01-06,123,1,Online,Afterpay,COUPON99ZZ,6.03,AUD
678207,2024-01-06T11:23:14,2024-01-06,232,40,Retail,PayPal,COUPONZAA-,13.54,AUD
678347,2024-01-06T11:19:55,2024-01-06,365,33,Online,Afterpay,COUPONZA--,10.58,AUD
678392,2024-01-06T17:23:01,2024-01-06,125,22,Retail,Afterpay,COUPONZ900,4.08,AUD
678449,2024-01-06T23:08:29,2024-01-06,350,45,Retail,PayPal,COUPONA00-,10.77,AUD
678470,2024-01-06T01:05:02,2024-01-06,547,14,Retail,Afterpay,COUPON0A99,9.73,AUD
678560,2024-01-06T18:32:31,2024-01-06,550,35,Online,Afterpay,COUPON9A90,19.42,AUD
678577,2024-01-06T14:17:04,2024-01-06,317,30,Online,PayPal,COUPONZ9-Z,4.09,AUD
678586,2024-01-06T12:04:24,2024-01-06,268,39,Online,Credit Card,COUPONZ900,13.42,AUD
678699,2024-01-06T19:06:27,2024-01-06,343,40,Retail,Credit Card,COUPON909A,2.34,AUD
678739,2024-01-06T05:50:43,2024-01-06,363,11,Online,Credit Card,COUPON-AA9,1.69,AUD
678965,2024-01-06T03:36:25,2024-01-06,85,47,Online,Credit Card,COUPONA00-,4.59,AUD
679062,2024-01-06T05:34:11,2024-01-06,589,22,Online,Credit Card,COUPONAAAZ,3.39,AUD
679139,2024-01-06T04:42:12,2024-01-06,76,25,Retail,Credit Card,COUPON9-Z0,1.31,AUD
679226,2024-01-06T11:48:32,2024-01-06,202,13,Retail,Credit Card,COUPON---Z,16.66,AUD
679282,2024-01-06T11:11:30,2024-01-06,766,14,Retail,Credit Card,COUPON-9-Z,6.9,AUD
679353,2024-01-06T11:37:32,2024-01-06,103,47,Online,PayPal,COUPONZ9ZA,8.17,AUD
679369,2024-01-06T11:12:25,2024-01-06,388,20,Online,Afterpay,COUPON-AZ0,14.39,AUD
679387,2024-01-06T07:04:25,2024-01-06,768,29,Online,Afterpay,COUPON9A0A,3.6,AUD
679520,2024-01-06T16:39:11,2024-01-06,358,43,Retail,Credit Card,COUPON-0-0,16.07,AUD
679593,2024-01-06T13:13:40,2024-01-06,680,47,Online,Afterpay,COUPON--90,18.83,AUD
679609,2024-01-06T09:40:44,2024-01-06,579,9,Retail,Afterpay,COUPONA9-Z,4.58,AUD
679810,2024-01-06T18:51:31,2024-01-06,370,22,Online,Afterpay,COUPON9AAZ,15.18,AUD
679960,2024-01-06T20:17:06,2024-01-06,492,11,Online,Afterpay,COUPONA9-9,3.41,AUD
679990,2024-01-06T15:39:13,2024-01-06,786,27,Retail,Credit Card,COUPON-9A0,12.37,AUD
680045,2024-01-06T22:05:20,2024-01-06,202,1,Retail,Afterpay,COUPON-0ZZ,15.56,AUD
680182,2024-01-06T16:01:22,2024-01-06,305,44,Online,Credit Card,COUPON-0Z9,7.5,AUD
680519,2024-01-06T06:14:31,2024-01-06,572,41,Online,Afterpay,COUPON99-9,18.85,AUD
680561,2024-01-06T05:08:46,2024-01-06,440,27,Retail,Afterpay,COUPON090Z,8.53,AUD
680607,2024-01-06T02:42:58,2024-01-06,788,36,Retail,PayPal,COUPON----,16.41,AUD
680609,2024-01-06T02:00:42,2024-01-06,302,27,Retail,Afterpay,COUPON-ZZ-,7.72,AUD
680615,2024-01-06T12:23:15,2024-01-06,448,33,Online,Credit Card,COUPON90AA,3.56,AUD
680775,2024-01-06T22:09:56,2024-01-06,408,18,Retail,Afterpay,COUPON--AZ,10.28,AUD
680909,2024-01-06T02:38:06,2024-01-06,721,28,Retail,Credit Card,COUPON---A,15.64,AUD
681008,2024-01-06T00:43:58,2024-01-06,674,31,Retail,Credit Card,COUPONZ09Z,4.91,AUD
681013,2024-01-06T21:26:51,2024-01-06,285,30,Retail,Credit Card,COUPON009A,1.22,AUD
681043,2024-01-06T22:36:54,2024-01-06,758,8,Retail,Afterpay,COUPONAZ--,1.01,AUD
681066,2024-01-06T22:52:11,2024-01-06,516,45,Online,PayPal,COUPONA-9-,3.14,AUD
681086,2024-01-06T09:19:17,2024-01-06,357,15,Online,PayPal,COUPON--Z-,5.83,AUD
681173,2024-01-06T11:58:20,2024-01-06,126,20,Online,Afterpay,COUPON99AZ,11.88,AUD
681216,2024-01-06T12:46:19,2024-01-06,754,47,Retail,PayPal,COUPON---Z,19.02,AUD
681272,2024-01-06T18:14:22,2024-01-06,18,29,Retail,Afterpay,COUPON9--0,18.02,AUD
681331,2024-01-06T05:30:08,2024-01-06,50,28,Online,Credit Card,COUPON99-A,7.23,AUD
681398,2024-01-06T05:31:02,2024-01-06,55,49,Online,PayPal,COUPON-9Z-,5.48,AUD
681424,2024-01-06T18:57:31,2024-01-06,743,5,Online,Credit Card,COUPON-ZA-,11.91,AUD
681505,2024-01-06T06:24:51,2024-01-06,339,25,Retail,Credit Card,COUPONAZ9-,5.92,AUD
681806,2024-01-06T15:10:37,2024-01-06,112,23,Online,PayPal,COUPON-A90,19.84,AUD
681925,2024-01-06T08:48:33,2024-01-06,389,33,Online,PayPal,COUPONA-ZZ,12.32,AUD
681948,2024-01-06T09:22:47,2024-01-06,288,42,Online,Credit Card,COUPON9-90,13.38,AUD
681998,2024-01-06T03:00:24,2024-01-06,322,16,Online,Credit Card,COUPON-A9-,12.45,AUD
682082,2024-01-06T22:45:52,2024-01-06,448,16,Retail,Afterpay,COUPON0Z99,16.2,AUD
682174,2024-01-06T10:46:58,2024-01-06,156,42,Retail,PayPal,COUPON-0Z0,19.77,AUD
682277,2024-01-06T15:54:16,2024-01-06,455,3,Online,Afterpay,COUPON--00,18.32,AUD
682367,2024-01-06T04:39:55,2024-01-06,301,20,Retail,Afterpay,COUPON--AZ,19.05,AUD
682513,2024-01-06T04:00:12,2024-01-06,417,1,Online,Credit Card,COUPON9---,12.27,AUD
682565,2024-01-06T14:54:58,2024-01-06,329,21,Online,Credit Card,COUPON-9A9,15.31,AUD
682721,2024-01-06T18:40:46,2024-01-06,634,49,Retail,Afterpay,COUPONZ9Z0,19.02,AUD
682747,2024-01-06T14:09:07,2024-01-06,9,27,Retail,PayPal,COUPON-900,13.19,AUD
682857,2024-01-06T15:29:54,2024-01-06,736,14,Retail,Afterpay,COUPON-09A,15.25,AUD
682978,2024-01-06T14:44:46,2024-01-06,242,43,Retail,Afterpay,COUPONZ00-,7.74,AUD
683082,2024-01-06T19:34:40,2024-01-06,789,9,Retail,PayPal,COUPON-A--,8.2,AUD
683108,2024-01-06T03:53:01,2024-01-06,567,24,Online,Credit Card,COUPON09--,10.48,AUD
683123,2024-01-06T08:50:12,2024-01-06,158,12,Retail,Credit Card,COUPON0AZZ,8.32,AUD
683147,2024-01-06T20:54:11,2024-01-06,265,15,Retail,Afterpay,COUPON-0-0,11.39,AUD
683154,2024-01-06T21:49:18,2024-01-06,166,46,Online,PayPal,COUPON9ZZZ,12.21,AUD
683161,2024-01-06T22:16:10,2024-01-06,336,43,Online,Credit Card,COUPON0Z--,16.6,AUD
683181,2024-01-06T12:47:38,2024-01-06,788,4,Online,Afterpay,COUPON-00A,0.26,AUD
683475,2024-01-06T14:57:29,2024-01-06,784,49,Online,PayPal,COUPON--Z0,10.18,AUD
683480,2024-01-06T06:57:01,2024-01-06,548,15,Retail,PayPal,COUPON-A90,5.26,AUD
683658,2024-01-06T19:35:23,2024-01-06,229,17,Retail,Afterpay,COUPON-9-Z,1.15,AUD
683743,2024-01-06T03:58:21,2024-01-06,761,31,Online,PayPal,COUPON-A--,15.86,AUD
683865,2024-01-06T23:12:54,2024-01-06,745,5,Online,Afterpay,COUPON90ZZ,15.6,AUD
683919,2024-01-06T14:54:24,2024-01-06,757,34,Retail,Credit Card,COUPONZZ9A,4.57,AUD
683974,2024-01-06T04:51:43,2024-01-06,491,7,Online,Afterpay,COUPONAZ9A,13.1,AUD
684029,2024-01-06T13:44:51,2024-01-06,223,41,Online,Afterpay,COUPONA9A0,16.14,AUD
684101,2024-01-06T17:31:28,2024-01-06,10,47,Online,Afterpay,COUPON9ZZ0,16.8,AUD
684294,2024-01-06T02:31:06,2024-01-06,603,3,Online,Afterpay,COUPON90-A,8.78,AUD
684441,2024-01-06T22:23:21,2024-01-06,590,29,Online,Credit Card,COUPON9AA9,8.55,AUD
684549,2024-01-06T05:56:16,2024-01-06,332,9,Retail,PayPal,COUPON-Z9-,11.9,AUD
684660,2024-01-06T10:35:47,2024-01-06,493,45,Online,Afterpay,COUPON----,9.22,AUD
684683,2024-01-06T05:28:51,2024-01-06,279,13,Retail,Credit Card,COUPON----,0.44,AUD
684795,2024-01-06T14:49:55,2024-01-06,737,25,Retail,PayPal,COUPON0-AA,0.04,AUD
684802,2024-01-06T16:52:21,2024-01-06,168,23,Retail,Credit Card,COUPONZAAZ,13.39,AUD
684834,2024-01-06T02:03:35,2024-01-06,481,17,Retail,PayPal,COUPON0--Z,6.33,AUD
684945,2024-01-06T16:58:22,2024-01-06,53,40,Retail,PayPal,COUPONA--Z,15.32,AUD
685193,2024-01-06T08:30:37,2024-01-06,763,17,Online,Credit Card,COUPONAZAA,2.57,AUD
685249,2024-01-06T07:12:36,2024-01-06,19,13,Retail,Credit Card,COUPON0-A-,6.38,AUD
685291,2024-01-06T18:03:47,2024-01-06,224,33,Retail,Afterpay,COUPON9-AA,9.71,AUD
685302,2024-01-06T20:16:53,2024-01-06,545,20,Retail,Credit Card,COUPON00A-,4.71,AUD
685536,2024-01-06T07:09:15,2024-01-06,569,32,Retail,Afterpay,COUPON09-Z,13.19,AUD
685550,2024-01-06T04:04:01,2024-01-06,74,38,Retail,PayPal,COUPONAZA0,5.5,AUD
685810,2024-01-06T22:03:08,2024-01-06,114,43,Retail,Credit Card,COUPON--0-,7.05,AUD
685846,2024-01-06T10:54:17,2024-01-06,415,2,Online,PayPal,COUPONZAA0,12.72,AUD
685902,2024-01-06T09:41:19,2024-01-06,517,2,Online,PayPal,COUPON---A,15.05,AUD
685924,2024-01-06T10:36:01,2024-01-06,260,40,Online,PayPal,COUPON9-0-,19.7,AUD
685996,2024-01-06T01:30:23,2024-01-06,658,28,Online,PayPal,COUPON-09A,6.25,AUD
686008,2024-01-06T01:18:33,2024-01-06,790,23,Online,PayPal,COUPONAAZ-,3.05,AUD
686095,2024-01-06T10:08:09,2024-01-06,313,42,Retail,Afterpay,COUPON0Z-A,11.89,AUD
686237,2024-01-06T02:14:33,2024-01-06,745,39,Retail,Credit Card,COUPONZ99-,14.45,AUD
686309,2024-01-06T21:15:47,2024-01-06,106,29,Online,PayPal,COUPON-A9-,13.64,AUD
686370,2024-01-06T03:38:44,2024-01-06,683,14,Online,Credit Card,COUPON--A-,14.33,AUD
686654,2024-01-06T00:44:11,2024-01-06,288,21,Online,PayPal,COUPON00ZZ,18.34,AUD
686674,2024-01-06T06:48:11,2024-01-06,167,47,Online,Afterpay,COUPON9Z--,15.57,AUD
686695,2024-01-06T02:55:54,2024-01-06,257,46,Retail,Credit Card,COUPONA-A-,9.92,AUD
687000,2024-01-06T14:08:17,2024-01-06,447,37,Retail,Credit Card,COUPONZ0A-,14.79,AUD
687013,2024-01-06T08:28:43,2024-01-06,171,38,Online,Afterpay,COUPON90AZ,13.21,AUD
687196,2024-01-06T21:41:49,2024-01-06,355,7,Retail,Credit Card,COUPON9-9-,3.12,AUD
687403,2024-01-06T10:19:42,2024-01-06,224,9,Retail,PayPal,COUPON099-,16.25,AUD
687416,2024-01-06T06:09:46,2024-01-06,328,24,Online,PayPal,COUPON-0Z9,3.92,AUD
687757,2024-01-06T23:08:06,2024-01-06,47,30,Online,PayPal,COUPON9A--,2.68,AUD
687768,2024-01-06T13:40:25,2024-01-06,510,31,Retail,Credit Card,COUPON-A-0,8.74,AUD
687819,2024-01-06T23:22:01,2024-01-06,116,28,Retail,PayPal,COUPONA9-0,12.3,AUD
687896,2024-01-06T15:16:55,2024-01-06,576,28,Retail,Afterpay,COUPON-0--,11.05,AUD
687981,2024-01-06T22:51:24,2024-01-06,610,13,Online,Credit Card,COUPON0-0-,5.71,AUD
688176,2024-01-06T10:41:31,2024-01-06,524,26,Online,Afterpay,COUPON-A00,13.79,AUD
688243,2024-01-06T02:07:02,2024-01-06,493,9,Retail,Credit Card,COUPON000-,4.21,AUD
688268,2024-01-06T15:40:03,2024-01-06,166,12,Retail,PayPal,COUPONA---,10.75,AUD
688323,2024-01-06T23:49:27,2024-01-06,306,12,Online,Credit Card,COUPON0---,4.01,AUD
688591,2024-01-06T23:08:08,2024-01-06,245,39,Online,PayPal,COUPONAA0Z,17.31,AUD
688693,2024-01-06T18:36:21,2024-01-06,344,37,Retail,Credit Card,COUPONZZ-Z,10.61,AUD
688758,2024-01-06T08:13:34,2024-01-06,747,1,Retail,Credit Card,COUPON-0-9,2.16,AUD
688995,2024-01-06T21:40:02,2024-01-06,674,11,Online,PayPal,COUPON-0Z0,0.6,AUD
689127,2024-01-06T15:01:11,2024-01-06,183,21,Retail,PayPal,COUPONZZZZ,7.18,AUD
689216,2024-01-06T20:21:30,2024-01-06,147,4,Online,Afterpay,COUPON00A-,2.39,AUD
689276,2024-01-06T08:31:54,2024-01-06,76,39,Online,Credit Card,COUPON-00-,11.23,AUD
689293,2024-01-06T15:13:59,2024-01-06,305,35,Retail,PayPal,COUPONAZ9Z,5.41,AUD
689305,2024-01-06T01:55:58,2024-01-06,28,31,Retail,Credit Card,COUPON--0A,2.7,AUD
689568,2024-01-06T19:36:13,2024-01-06,624,11,Retail,Afterpay,COUPONA--9,18.24,AUD
689570,2024-01-06T00:56:51,2024-01-06,327,36,Online,Credit Card,COUPONZ0Z9,16.86,AUD
689622,2024-01-06T21:08:35,2024-01-06,662,30,Online,Credit Card,COUPON-090,19.32,AUD
689685,2024-01-06T20:35:03,2024-01-06,236,21,Online,PayPal,COUPON-9Z-,17.58,AUD
689839,2024-01-06T20:08:16,2024-01-06,44,28,Online,Afterpay,COUPON-0-0,17.4,AUD
689844,2024-01-06T23:55:22,2024-01-06,550,30,Retail,Credit Card,COUPON99A9,15.46,AUD
690084,2024-01-06T06:48:57,2024-01-06,222,13,Retail,Afterpay,COUPONZZA-,2.55,AUD
690096,2024-01-06T08:32:56,2024-01-06,121,31,Retail,PayPal,COUPONZ0Z0,13.93,AUD
690179,2024-01-06T01:46:16,2024-01-06,710,30,Online,Afterpay,COUPONA0-9,7.54,AUD
690308,2024-01-06T16:38:46,2024-01-06,205,44,Online,PayPal,COUPON-Z9-,5.84,AUD
690430,2024-01-06T01:49:14,2024-01-06,754,40,Retail,PayPal,COUPON-A-0,17.31,AUD
690654,2024-01-06T04:43:48,2024-01-06,484,5,Online,Credit Card,COUPON0AAZ,17.52,AUD
690695,2024-01-06T02:10:46,2024-01-06,431,17,Retail,Credit Card,COUPON--00,15.64,AUD
690704,2024-01-06T15:31:59,2024-01-06,774,26,Online,PayPal,COUPON-0-A,8.61,AUD
690715,2024-01-06T16:26:45,2024-01-06,161,28,Online,PayPal,COUPONAAA-,1.59,AUD
691019,2024-01-06T01:57:11,2024-01-06,203,6,Online,Afterpay,COUPON--AZ,14.74,AUD
691179,2024-01-06T03:57:16,2024-01-06,343,18,Retail,Credit Card,COUPON-A0-,7.15,AUD
691186,2024-01-06T19:51:45,2024-01-06,155,2,Online,Afterpay,COUPON999A,1.39,AUD
691335,2024-01-06T19:23:04,2024-01-06,365,14,Retail,PayPal,COUPONAA-0,16.62,AUD
691354,2024-01-06T10:55:53,2024-01-06,149,2,Online,PayPal,COUPONZ9Z-,3.9,AUD
691372,2024-01-06T15:15:02,2024-01-06,441,21,Online,PayPal,COUPON--9-,4.71,AUD
691532,2024-01-06T20:32:57,2024-01-06,679,1,Online,Credit Card,COUPONAAA9,5.63,AUD
691878,2024-01-06T13:01:10,2024-01-06,350,45,Retail,Credit Card,COUPON-090,17.86,AUD
691947,2024-01-06T06:42:11,2024-01-06,442,40,Online,PayPal,COUPON99-0,16.11,AUD
692233,2024-01-06T02:27:44,2024-01-06,630,41,Online,PayPal,COUPON99A9,10.07,AUD
692310,2024-01-06T09:08:42,2024-01-06,431,46,Online,Afterpay,COUPONAA--,1.49,AUD
692428,2024-01-06T08:16:46,2024-01-06,166,2,Online,PayPal,COUPON---0,17.24,AUD
692513,2024-01-06T08:30:40,2024-01-06,36,40,Retail,Credit Card,COUPON--AZ,17.71,AUD
692543,2024-01-06T21:24:29,2024-01-06,315,9,Retail,Credit Card,COUPON90ZZ,2.86,AUD
692573,2024-01-06T18:26:58,2024-01-06,90,23,Online,Afterpay,COUPON-9ZZ,3.03,AUD
692622,2024-01-06T11:06:19,2024-01-06,711,35,Online,PayPal,COUPON-Z--,19.04,AUD
692794,2024-01-06T20:48:33,2024-01-06,382,27,Retail,Credit Card,COUPON9--Z,7.98,AUD
692806,2024-01-06T13:45:23,2024-01-06,784,27,Online,PayPal,COUPON--0-,14.42,AUD
692834,2024-01-06T13:14:18,2024-01-06,14,41,Online,Credit Card,COUPON09-Z,5.81,AUD
692885,2024-01-06T18:43:25,2024-01-06,427,29,Online,Afterpay,COUPON--9A,12.75,AUD
692912,2024-01-06T14:49:41,2024-01-06,557,34,Online,Credit Card,COUPONZAAZ,7.29,AUD
692914,2024-01-06T17:15:44,2024-01-06,286,23,Online,Credit Card,COUPON--A0,6.25,AUD
692969,2024-01-06T08:41:30,2024-01-06,210,31,Online,Credit Card,COUPON-9-9,1.21,AUD
693060,2024-01-06T23:27:39,2024-01-06,143,26,Retail,PayPal,COUPON--9-,3.83,AUD
693135,2024-01-06T13:50:30,2024-01-06,14,19,Online,PayPal,COUPON-009,10.36,AUD
693231,2024-01-06T08:35:06,2024-01-06,675,31,Online,PayPal,COUPON-0A0,7.44,AUD
693478,2024-01-06T00:54:39,2024-01-06,645,19,Retail,Afterpay,COUPONZ09A,14.82,AUD
693482,2024-01-06T12:35:57,2024-01-06,458,7,Online,PayPal,COUPON-0Z9,9.51,AUD
693573,2024-01-06T05:00:45,2024-01-06,198,11,Online,Credit Card,COUPON0--9,4.41,AUD
693744,2024-01-06T15:43:39,2024-01-06,587,38,Online,Credit Card,COUPON-99-,5.37,AUD
693818,2024-01-06T03:04:08,2024-01-06,777,33,Online,Afterpay,COUPONZ0A-,15.04,AUD
693990,2024-01-06T04:10:11,2024-01-06,263,36,Online,Credit Card,COUPON-0-Z,3.77,AUD
694003,2024-01-06T07:59:52,2024-01-06,11,49,Retail,PayPal,COUPON9---,11.0,AUD
694010,2024-01-06T05:24:52,2024-01-06,173,15,Online,Afterpay,COUPON0ZA-,18.52,AUD
694153,2024-01-06T21:56:28,2024-01-06,473,26,Online,Afterpay,COUPON9--Z,6.15,AUD
694305,2024-01-06T08:44:18,2024-01-06,83,43,Online,Afterpay,COUPON0ZZ9,0.67,AUD
694334,2024-01-06T12:50:56,2024-01-06,204,1,Online,Credit Card,COUPONZA--,18.05,AUD
694723,2024-01-06T03:47:33,2024-01-06,247,1,Online,Afterpay,COUPON-00-,6.73,AUD
694802,2024-01-06T14:33:19,2024-01-06,167,34,Retail,Afterpay,COUPON0---,4.02,AUD
694854,2024-01-06T15:18:55,2024-01-06,213,7,Retail,Credit Card,COUPONZAA-,4.21,AUD
694992,2024-01-06T21:30:19,2024-01-06,538,7,Online,Credit Card,COUPONZZ-9,0.84,AUD
695120,2024-01-06T16:03:42,2024-01-06,780,8,Retail,Credit Card,COUPON09A0,19.93,AUD
695148,2024-01-06T04:00:10,2024-01-06,774,28,Online,Afterpay,COUPON-A00,6.46,AUD
695187,2024-01-06T13:46:15,2024-01-06,145,40,Retail,PayPal,COUPON-9Z9,11.79,AUD
695189,2024-01-06T20:33:13,2024-01-06,50,49,Retail,PayPal,COUPON990-,19.24,AUD
695307,2024-01-06T01:15:04,2024-01-06,437,11,Retail,Credit Card,COUPONZZA-,18.76,AUD
695373,2024-01-06T09:47:01,2024-01-06,578,1,Online,Afterpay,COUPON-9-A,2.36,AUD
695453,2024-01-06T22:38:45,2024-01-06,777,11,Online,PayPal,COUPON0ZA9,3.15,AUD
695465,2024-01-06T22:25:46,2024-01-06,792,30,Online,Afterpay,COUPON0ZZ9,0.66,AUD
695712,2024-01-06T21:51:27,2024-01-06,314,25,Retail,PayPal,COUPON09A-,5.38,AUD
695761,2024-01-06T04:42:37,2024-01-06,694,5,Retail,PayPal,COUPON--0Z,17.47,AUD
695831,2024-01-06T17:41:29,2024-01-06,548,40,Retail,Credit Card,COUPON--09,3.14,AUD
696029,2024-01-06T08:11:59,2024-01-06,307,39,Retail,PayPal,COUPON-0ZA,12.42,AUD
696039,2024-01-06T02:24:18,2024-01-06,184,39,Retail,PayPal,COUPON-AZA,4.98,AUD
696063,2024-01-06T07:14:15,2024-01-06,600,43,Online,Credit Card,COUPON--ZA,17.5,AUD
696301,2024-01-06T15:44:32,2024-01-06,161,24,Online,Afterpay,COUPON9-9-,10.28,AUD
696332,2024-01-06T07:16:16,2024-01-06,724,45,Online,Afterpay,COUPON0Z-Z,19.96,AUD
696432,2024-01-06T14:32:37,2024-01-06,474,34,Online,Credit Card,COUPON-A-9,5.83,AUD
696534,2024-01-06T02:38:46,2024-01-06,619,46,Retail,PayPal,COUPONZ-9-,2.21,AUD
696576,2024-01-06T21:20:05,2024-01-06,449,41,Retail,Afterpay,COUPON--9-,18.56,AUD
696649,2024-01-06T01:42:24,2024-01-06,4,30,Online,Credit Card,COUPONZ-0A,8.81,AUD
697055,2024-01-06T02:00:16,2024-01-06,133,21,Online,Credit Card,COUPONA-Z-,12.35,AUD
697065,2024-01-06T19:07:59,2024-01-06,538,43,Retail,PayPal,COUPON-09-,0.72,AUD
697124,2024-01-06T03:46:58,2024-01-06,189,31,Online,Credit Card,COUPON-ZZA,6.73,AUD
697605,2024-01-06T03:52:59,2024-01-06,771,4,Online,Afterpay,COUPON--0-,10.58,AUD
697626,2024-01-06T15:12:49,2024-01-06,128,11,Retail,Credit Card,COUPON00-Z,13.79,AUD
697905,2024-01-06T09:50:54,2024-01-06,285,27,Retail,PayPal,COUPONAA-A,5.08,AUD
697959,2024-01-06T11:39:00,2024-01-06,642,37,Online,Credit Card,COUPON-A0-,2.97,AUD
697972,2024-01-06T05:16:37,2024-01-06,150,28,Online,Afterpay,COUPON9Z-Z,1.07,AUD
698219,2024-01-06T22:03:03,2024-01-06,522,42,Online,Credit Card,COUPON-9A-,0.39,AUD
698227,2024-01-06T06:04:15,2024-01-06,251,27,Online,Credit Card,COUPONA0--,17.65,AUD
698380,2024-01-06T09:13:57,2024-01-06,269,11,Online,Afterpay,COUPONZ--9,4.14,AUD
698458,2024-01-06T05:56:41,2024-01-06,591,37,Retail,PayPal,COUPONZAZZ,0.04,AUD
698479,2024-01-06T23:32:21,2024-01-06,88,27,Retail,Credit Card,COUPON099-,12.44,AUD
698492,2024-01-06T15:39:30,2024-01-06,400,38,Retail,Afterpay,COUPON-AZ-,7.43,AUD
698551,2024-01-06T01:18:06,2024-01-06,481,17,Online,Credit Card,COUPON90-A,11.16,AUD
698658,2024-01-06T13:38:06,2024-01-06,670,7,Retail,PayPal,COUPON---0,2.44,AUD
698704,2024-01-06T11:02:51,2024-01-06,794,29,Retail,Credit Card,COUPON9-9Z,8.29,AUD
698710,2024-01-06T15:33:23,2024-01-06,204,2,Online,Afterpay,COUPON-Z9-,11.32,AUD
698800,2024-01-06T13:38:46,2024-01-06,112,39,Retail,Credit Card,COUPONZ0--,1.69,AUD
698867,2024-01-06T09:00:53,2024-01-06,756,27,Online,Credit Card,COUPON0--9,9.08,AUD
698979,2024-01-06T14:40:50,2024-01-06,509,4,Retail,Afterpay,COUPONZ9A0,15.03,AUD
699175,2024-01-06T03:34:26,2024-01-06,127,30,Retail,Afterpay,COUPON---0,17.52,AUD
699368,2024-01-06T02:20:16,2024-01-06,722,46,Retail,Credit Card,COUPON--99,13.22,AUD
699443,2024-01-06T12:34:18,2024-01-06,113,43,Retail,PayPal,COUPON00-A,17.35,AUD
699460,2024-01-06T05:38:01,2024-01-06,760,19,Online,Credit Card,COUPON0909,18.7,AUD
699499,2024-01-06T18:55:58,2024-01-06,167,46,Retail,PayPal,COUPON0Z-0,13.12,AUD
699609,2024-01-06T07:04:17,2024-01-06,304,25,Online,Credit Card,COUPONA9Z0,10.62,AUD
699723,2024-01-06T06:38:06,2024-01-06,647,12,Retail,Credit Card,COUPONA90-,10.18,AUD
699804,2024-01-06T13:01:34,2024-01-06,110,39,Retail,Afterpay,COUPONZ---,11.99,AUD
699932,2024-01-06T07:28:56,2024-01-06,181,8,Retail,Credit Card,COUPON--0A,2.88,AUD
700366,2024-01-06T01:18:17,2024-01-06,198,11,Online,Afterpay,COUPON-99-,8.11,AUD
700571,2024-01-06T12:57:55,2024-01-06,515,30,Online,PayPal,COUPON0-Z0,6.93,AUD
700655,2024-01-06T19:42:31,2024-01-06,95,5,Online,Afterpay,COUPON0-0A,5.39,AUD
700858,2024-01-06T09:40:02,2024-01-06,477,6,Retail,PayPal,COUPONA0AA,9.79,AUD
701205,2024-01-06T06:06:57,2024-01-06,103,2,Retail,Afterpay,COUPONZA00,18.77,AUD
701251,2024-01-06T12:34:12,2024-01-06,746,17,Online,Afterpay,COUPON99Z-,19.82,AUD
701376,2024-01-06T12:04:42,2024-01-06,778,17,Online,PayPal,COUPON-90A,16.25,AUD
701518,2024-01-06T23:27:41,2024-01-06,621,44,Online,Credit Card,COUPONA--9,17.38,AUD
701608,2024-01-06T08:21:29,2024-01-06,210,12,Retail,Credit Card,COUPONA9--,15.86,AUD
701616,2024-01-06T03:57:12,2024-01-06,404,37,Online,Credit Card,COUPON-9-Z,19.85,AUD
701624,2024-01-06T22:59:04,2024-01-06,111,13,Retail,Afterpay,COUPON90ZZ,5.79,AUD
701870,2024-01-06T05:59:38,2024-01-06,419,39,Online,PayPal,COUPON0-09,4.43,AUD
701878,2024-01-06T12:56:24,2024-01-06,481,47,Retail,Credit Card,COUPONZZ-9,6.87,AUD
701891,2024-01-06T01:48:00,2024-01-06,668,26,Online,PayPal,COUPON-0A9,10.67,AUD
701912,2024-01-06T21:01:36,2024-01-06,390,34,Online,PayPal,COUPON-00A,18.55,AUD
701998,2024-01-06T15:06:30,2024-01-06,148,23,Retail,PayPal,COUPON--A-,12.5,AUD
702264,2024-01-06T22:15:46,2024-01-06,186,21,Retail,Credit Card,COUPONAA--,4.78,AUD
702295,2024-01-06T21:34:09,2024-01-06,420,41,Retail,PayPal,COUPONA009,9.32,AUD
702463,2024-01-06T06:35:36,2024-01-06,355,46,Online,Afterpay,COUPON0-A0,1.86,AUD
702530,2024-01-06T11:15:33,2024-01-06,271,19,Retail,PayPal,COUPONAA0Z,19.61,AUD
702531,2024-01-06T06:35:40,2024-01-06,565,20,Online,Afterpay,COUPON99--,19.51,AUD
702583,2024-01-06T02:33:20,2024-01-06,385,19,Retail,PayPal,COUPON-0A-,9.56,AUD
702850,2024-01-06T01:50:04,2024-01-06,400,3,Online,Afterpay,COUPONA00-,5.4,AUD
702888,2024-01-06T19:19:19,2024-01-06,44,2,Online,Afterpay,COUPONZZ-Z,18.13,AUD
702952,2024-01-06T04:05:46,2024-01-06,488,41,Online,Afterpay,COUPONZ--A,18.59,AUD
702981,2024-01-06T13:05:24,2024-01-06,511,25,Online,PayPal,COUPON09-A,4.46,AUD
703074,2024-01-06T22:16:15,2024-01-06,274,43,Retail,PayPal,COUPON-Z-0,15.47,AUD
703078,2024-01-06T11:29:42,2024-01-06,430,10,Online,Credit Card,COUPONA0-0,3.5,AUD
703305,2024-01-06T14:03:00,2024-01-06,324,6,Online,Afterpay,COUPONAA--,15.72,AUD
703310,2024-01-06T19:26:37,2024-01-06,634,3,Retail,Credit Card,COUPON9-A-,12.91,AUD
703391,2024-01-06T01:50:47,2024-01-06,173,33,Online,PayPal,COUPONZZA9,17.42,AUD
703412,2024-01-06T13:23:22,2024-01-06,391,20,Retail,Afterpay,COUPON-AA9,11.42,AUD
703422,2024-01-06T02:25:23,2024-01-06,344,42,Retail,PayPal,COUPON0090,14.19,AUD
703441,2024-01-06T12:08:45,2024-01-06,362,35,Retail,PayPal,COUPON-900,14.72,AUD
703566,2024-01-06T22:22:44,2024-01-06,766,32,Retail,Credit Card,COUPON-Z0-,2.7,AUD
703725,2024-01-06T17:15:52,2024-01-06,626,25,Retail,Credit Card,COUPON--9-,11.69,AUD
703749,2024-01-06T04:12:16,2024-01-06,629,33,Retail,PayPal,COUPON-A9-,3.55,AUD
703799,2024-01-06T19:39:49,2024-01-06,760,39,Online,PayPal,COUPONA9ZA,15.78,AUD
704060,2024-01-06T09:23:55,2024-01-06,746,17,Retail,Credit Card,COUPON0ZZ-,8.07,AUD
704252,2024-01-06T06:20:58,2024-01-06,549,24,Retail,Credit Card,COUPON9-A-,7.15,AUD
704430,2024-01-06T13:23:05,2024-01-06,572,43,Online,Afterpay,COUPON90-0,3.95,AUD
704629,2024-01-06T12:35:15,2024-01-06,204,42,Online,PayPal,COUPON0A-A,10.23,AUD
704799,2024-01-06T03:39:47,2024-01-06,540,20,Retail,PayPal,COUPON----,11.83,AUD
705285,2024-01-06T02:21:18,2024-01-06,792,1,Retail,PayPal,COUPONZAZA,5.13,AUD
705300,2024-01-06T23:57:13,2024-01-06,778,33,Online,Afterpay,COUPONA-0-,1.44,AUD
705383,2024-01-06T15:04:15,2024-01-06,125,32,Online,Credit Card,COUPONA9A-,9.65,AUD
705395,2024-01-06T04:05:30,2024-01-06,315,11,Online,PayPal,COUPON990Z,14.27,AUD
705499,2024-01-06T23:03:38,2024-01-06,355,46,Retail,Credit Card,COUPONAA99,6.25,AUD
705530,2024-01-06T17:06:17,2024-01-06,568,20,Retail,Credit Card,COUPONZAAZ,0.25,AUD
705544,2024-01-06T22:54:41,2024-01-06,691,2,Online,PayPal,COUPON--Z9,18.48,AUD
705598,2024-01-06T10:23:21,2024-01-06,669,21,Retail,PayPal,COUPON0ZZ-,18.82,AUD
705604,2024-01-06T21:07:10,2024-01-06,349,26,Online,Credit Card,COUPONZ9Z-,5.05,AUD
705619,2024-01-06T16:02:19,2024-01-06,228,11,Retail,Credit Card,COUPON-000,13.32,AUD
705723,2024-01-06T03:12:35,2024-01-06,26,30,Retail,PayPal,COUPON--9Z,12.35,AUD
705725,2024-01-06T00:38:41,2024-01-06,471,28,Online,Afterpay,COUPONZA0-,15.54,AUD
705854,2024-01-06T01:31:24,2024-01-06,90,20,Online,Afterpay,COUPONZ-Z-,15.7,AUD
705918,2024-01-06T08:26:53,2024-01-06,142,22,Online,Credit Card,COUPONA000,17.5,AUD
706210,2024-01-06T02:28:31,2024-01-06,109,32,Retail,Credit Card,COUPONA-AZ,4.98,AUD
706212,2024-01-06T23:27:30,2024-01-06,413,23,Retail,Afterpay,COUPON0Z--,12.3,AUD
706257,2024-01-06T06:57:29,2024-01-06,725,21,Online,Credit Card,COUPON---Z,13.39,AUD
706434,2024-01-06T14:55:33,2024-01-06,409,47,Retail,Afterpay,COUPON0999,2.55,AUD
706514,2024-01-06T08:31:22,2024-01-06,618,41,Retail,Credit Card,COUPON0ZAZ,3.54,AUD
706714,2024-01-06T00:21:35,2024-01-06,149,1,Retail,PayPal,COUPONA0-0,8.4,AUD
706792,2024-01-06T12:38:05,2024-01-06,734,23,Online,Afterpay,COUPONA-Z0,14.2,AUD
706801,2024-01-06T23:35:19,2024-01-06,21,10,Retail,Credit Card,COUPON--A0,4.83,AUD
706905,2024-01-06T16:25:09,2024-01-06,730,5,Online,Credit Card,COUPONZ99A,12.01,AUD
706909,2024-01-06T00:09:54,2024-01-06,591,1,Online,Credit Card,COUPON0---,13.53,AUD
706998,2024-01-06T08:54:30,2024-01-06,435,6,Online,Afterpay,COUPONAA9A,8.51,AUD
707074,2024-01-06T18:05:12,2024-01-06,521,1,Online,Credit Card,COUPONA00Z,4.16,AUD
707467,2024-01-06T10:43:08,2024-01-06,260,46,Online,PayPal,COUPON9A9-,5.97,AUD
707555,2024-01-06T09:06:30,2024-01-06,594,23,Retail,PayPal,COUPON-9A9,14.64,AUD
707596,2024-01-06T07:59:34,2024-01-06,319,25,Retail,Credit Card,COUPONAA9-,7.15,AUD
707628,2024-01-06T22:52:06,2024-01-06,61,4,Online,Afterpay,COUPON09-9,1.27,AUD
707721,2024-01-06T10:10:53,2024-01-06,689,26,Online,Credit Card,COUPON9---,3.54,AUD
707843,2024-01-06T23:29:43,2024-01-06,327,2,Retail,Credit Card,COUPON-ZAZ,17.0,AUD
708038,2024-01-06T02:14:40,2024-01-06,204,49,Online,PayPal,COUPON-99Z,17.17,AUD
708073,2024-01-06T17:01:53,2024-01-06,105,32,Retail,Afterpay,COUPON-00Z,19.29,AUD
708133,2024-01-06T20:47:49,2024-01-06,562,28,Online,Afterpay,COUPON9-00,4.54,AUD
708150,2024-01-06T05:47:43,2024-01-06,586,21,Retail,PayPal,COUPONA9AA,9.95,AUD
708157,2024-01-06T02:29:43,2024-01-06,211,47,Retail,PayPal,COUPON--Z-,13.66,AUD
708185,2024-01-06T10:08:12,2024-01-06,715,17,Retail,Afterpay,COUPONZ-99,6.29,AUD
708270,2024-01-06T22:13:54,2024-01-06,697,49,Retail,PayPal,COUPON-Z99,10.82,AUD
708299,2024-01-06T03:32:41,2024-01-06,391,41,Online,Afterpay,COUPON---Z,19.29,AUD
708586,2024-01-06T13:41:52,2024-01-06,469,14,Retail,PayPal,COUPONZ009,18.26,AUD
708595,2024-01-06T02:09:49,2024-01-06,748,11,Retail,PayPal,COUPON0-9-,9.47,AUD
708751,2024-01-06T21:50:42,2024-01-06,674,30,Retail,Afterpay,COUPONZ---,17.08,AUD
708940,2024-01-06T13:19:18,2024-01-06,504,27,Online,PayPal,COUPON-900,16.09,AUD
709054,2024-01-06T10:35:06,2024-01-06,310,43,Online,Credit Card,COUPONA0-Z,8.5,AUD
709059,2024-01-06T12:58:35,2024-01-06,725,1,Online,PayPal,COUPON-AA-,11.71,AUD
709123,2024-01-06T12:12:49,2024-01-06,88,47,Retail,Afterpay,COUPON-ZA-,4.86,AUD
709338,2024-01-06T05:53:36,2024-01-06,544,37,Online,Afterpay,COUPON9---,16.98,AUD
709350,2024-01-06T22:58:02,2024-01-06,701,31,Online,PayPal,COUPON90ZZ,18.46,AUD
709373,2024-01-06T20:17:30,2024-01-06,723,43,Online,Credit Card,COUPON----,10.42,AUD
709708,2024-01-06T15:40:29,2024-01-06,452,8,Online,Afterpay,COUPON-Z9-,18.93,AUD
709760,2024-01-06T09:24:32,2024-01-06,270,1,Online,Credit Card,COUPONZA-0,18.05,AUD
709861,2024-01-06T14:45:01,2024-01-06,531,3,Retail,PayPal,COUPON9-0-,1.66,AUD
710017,2024-01-06T23:24:31,2024-01-06,499,18,Retail,Afterpay,COUPON--99,16.05,AUD
710022,2024-01-06T14:08:24,2024-01-06,348,14,Retail,Credit Card,COUPON-A--,15.02,AUD
710197,2024-01-06T05:26:31,2024-01-06,662,20,Online,PayPal,COUPON0-Z-,2.82,AUD
710199,2024-01-06T13:58:18,2024-01-06,241,22,Retail,Credit Card,COUPONZ0A0,10.95,AUD
710283,2024-01-06T08:38:35,2024-01-06,273,17,Retail,Afterpay,COUPONA09A,6.85,AUD
710350,2024-01-06T23:08:58,2024-01-06,161,36,Retail,Credit Card,COUPON-0--,14.54,AUD
710449,2024-01-06T21:47:22,2024-01-06,68,35,Retail,PayPal,COUPON9-A0,10.43,AUD
710676,2024-01-06T05:24:29,2024-01-06,11,19,Online,Afterpay,COUPONZ09Z,6.88,AUD
710712,2024-01-06T00:45:04,2024-01-06,73,42,Online,Afterpay,COUPONZ99Z,9.76,AUD
710723,2024-01-06T09:33:28,2024-01-06,709,3,Retail,Afterpay,COUPON9-09,16.25,AUD
710857,2024-01-06T17:11:10,2024-01-06,264,47,Online,Credit Card,COUPON-Z-0,10.24,AUD
710887,2024-01-06T21:20:25,2024-01-06,339,12,Online,Credit Card,COUPONZA--,16.2,AUD
710989,2024-01-06T06:26:31,2024-01-06,192,38,Online,Credit Card,COUPON--9A,17.43,AUD
710992,2024-01-06T14:07:18,2024-01-06,522,10,Online,Afterpay,COUPON-090,17.3,AUD
711040,2024-01-06T20:48:07,2024-01-06,411,12,Online,PayPal,COUPON99-9,15.12,AUD
711104,2024-01-06T10:05:20,2024-01-06,774,34,Retail,PayPal,COUPON9A-A,3.27,AUD
711119,2024-01-06T13:14:38,2024-01-06,735,35,Retail,Afterpay,COUPONZA0-,15.8,AUD
711155,2024-01-06T20:04:12,2024-01-06,595,22,Retail,Credit Card,COUPONZA0-,13.49,AUD
711197,2024-01-06T14:00:29,2024-01-06,393,2,Retail,Credit Card,COUPON9Z9A,5.3,AUD
711205,2024-01-06T18:16:13,2024-01-06,163,46,Retail,Afterpay,COUPON-Z0-,8.61,AUD
711354,2024-01-06T12:41:48,2024-01-06,707,46,Retail,PayPal,COUPON0AAA,8.5,AUD
711392,2024-01-06T10:18:28,2024-01-06,79,4,Online,PayPal,COUPON0-A9,5.38,AUD
711479,2024-01-06T16:30:36,2024-01-06,59,34,Online,Credit Card,COUPONZ9AA,11.61,AUD
711627,2024-01-06T04:03:54,2024-01-06,236,47,Retail,Afterpay,COUPON0Z--,13.42,AUD
711655,2024-01-06T13:32:33,2024-01-06,165,48,Online,Credit Card,COUPON09--,8.14,AUD
711670,2024-01-06T19:04:12,2024-01-06,54,9,Retail,Afterpay,COUPONZ00-,1.69,AUD
711769,2024-01-06T05:16:27,2024-01-06,728,17,Retail,PayPal,COUPON---9,13.8,AUD
711949,2024-01-06T19:02:54,2024-01-06,679,28,Retail,Afterpay,COUPON-A-Z,18.13,AUD
712069,2024-01-06T00:39:49,2024-01-06,794,15,Retail,PayPal,COUPON9-Z-,12.13,AUD
712085,2024-01-06T20:34:51,2024-01-06,724,15,Online,Credit Card,COUPON-09A,2.2,AUD
712089,2024-01-06T03:41:53,2024-01-06,352,17,Retail,PayPal,COUPONAAZ-,0.43,AUD
712219,2024-01-06T08:16:37,2024-01-06,134,47,Retail,PayPal,COUPONZA--,3.44,AUD
712272,2024-01-06T05:52:58,2024-01-06,702,29,Online,PayPal,COUPON-9Z-,9.06,AUD
712308,2024-01-06T18:52:36,2024-01-06,659,18,Online,PayPal,COUPONAAZ9,11.5,AUD
712489,2024-01-06T18:46:59,2024-01-06,451,32,Online,Afterpay,COUPONA9A0,4.63,AUD
712511,2024-01-06T05:43:05,2024-01-06,431,11,Online,Afterpay,COUPONZZAA,13.32,AUD
712569,2024-01-06T17:53:42,2024-01-06,284,9,Retail,Credit Card,COUPON-0-A,15.27,AUD
712622,2024-01-06T16:59:04,2024-01-06,347,38,Retail,Credit Card,COUPON0A--,13.67,AUD
712817,2024-01-06T03:44:02,2024-01-06,629,26,Retail,PayPal,COUPONZ-A9,4.53,AUD
712973,2024-01-06T00:32:12,2024-01-06,351,29,Retail,Credit Card,COUPONA9Z-,14.25,AUD
713004,2024-01-06T18:41:25,2024-01-06,216,44,Online,PayPal,COUPONA0A0,11.27,AUD
713015,2024-01-06T11:45:48,2024-01-06,483,35,Retail,Afterpay,COUPON0ZA-,6.07,AUD
713179,2024-01-06T01:39:29,2024-01-06,467,8,Online,PayPal,COUPONA0Z-,4.01,AUD
713258,2024-01-06T19:35:23,2024-01-06,581,11,Online,PayPal,COUPONZ9--,7.58,AUD
713312,2024-01-06T03:08:48,2024-01-06,743,6,Online,Afterpay,COUPON--90,18.95,AUD
713347,2024-01-06T04:44:10,2024-01-06,446,25,Online,PayPal,COUPONZZ--,5.77,AUD
713358,2024-01-06T09:20:56,2024-01-06,622,23,Online,PayPal,COUPON0-Z-,12.56,AUD
713440,2024-01-06T18:20:50,2024-01-06,329,18,Online,Credit Card,COUPONZZA0,3.35,AUD
713480,2024-01-06T11:42:04,2024-01-06,715,20,Online,Afterpay,COUPON-A09,2.16,AUD
713615,2024-01-06T19:54:57,2024-01-06,605,48,Online,PayPal,COUPON-Z-A,5.09,AUD
713651,2024-01-06T23:31:07,2024-01-06,573,22,Retail,Afterpay,COUPONZAZA,18.27,AUD
713667,2024-01-06T09:46:28,2024-01-06,355,1,Online,Credit Card,COUPON--Z0,15.45,AUD
713735,2024-01-06T11:08:45,2024-01-06,432,23,Online,PayPal,COUPON--AZ,10.2,AUD
713951,2024-01-06T01:52:21,2024-01-06,659,6,Online,Afterpay,COUPON9-0A,4.61,AUD
713967,2024-01-06T21:19:09,2024-01-06,268,27,Online,Afterpay,COUPON9--9,5.77,AUD
714129,2024-01-06T07:48:17,2024-01-06,541,24,Online,Afterpay,COUPON9---,6.08,AUD
714238,2024-01-06T12:11:55,2024-01-06,216,35,Retail,Afterpay,COUPON9Z09,17.9,AUD
714363,2024-01-06T08:12:07,2024-01-06,147,41,Retail,PayPal,COUPON0999,17.11,AUD
714384,2024-01-06T14:14:12,2024-01-06,251,39,Online,Afterpay,COUPONZA90,4.33,AUD
714461,2024-01-06T13:42:29,2024-01-06,248,34,Retail,Credit Card,COUPONAAZ-,3.83,AUD
714489,2024-01-06T09:33:12,2024-01-06,367,8,Online,Afterpay,COUPON-9AA,16.28,AUD
714493,2024-01-06T13:54:01,2024-01-06,144,16,Retail,Credit Card,COUPON9-A0,14.33,AUD
714508,2024-01-06T13:51:58,2024-01-06,205,22,Retail,PayPal,COUPONA-Z-,5.18,AUD
714531,2024-01-06T07:51:33,2024-01-06,638,28,Retail,PayPal,COUPON9-0Z,13.72,AUD
714532,2024-01-06T13:27:13,2024-01-06,509,41,Online,PayPal,COUPON0-A9,13.81,AUD
714547,2024-01-06T08:25:00,2024-01-06,568,3,Retail,Credit Card,COUPONAZ--,11.62,AUD
714570,2024-01-06T15:16:22,2024-01-06,161,36,Online,Afterpay,COUPONA9A9,11.04,AUD
714604,2024-01-06T07:18:14,2024-01-06,189,1,Retail,Afterpay,COUPON-9Z-,11.29,AUD
714660,2024-01-06T07:34:40,2024-01-06,289,23,Retail,PayPal,COUPON0-A-,12.08,AUD
714716,2024-01-06T17:18:01,2024-01-06,40,24,Retail,Credit Card,COUPON09Z0,14.05,AUD
714717,2024-01-06T03:51:26,2024-01-06,387,48,Retail,PayPal,COUPON---0,16.49,AUD
714758,2024-01-06T08:22:08,2024-01-06,791,6,Retail,Afterpay,COUPONA09Z,5.48,AUD
714904,2024-01-06T08:31:52,2024-01-06,235,48,Online,PayPal,COUPON-9Z0,11.04,AUD
714914,2024-01-06T23:54:21,2024-01-06,447,44,Retail,Credit Card,COUPON-09Z,10.44,AUD
715019,2024-01-06T22:37:24,2024-01-06,593,38,Online,Credit Card,COUPONZ0Z0,0.81,AUD
715081,2024-01-06T20:34:59,2024-01-06,56,3,Retail,Credit Card,COUPON90AZ,8.73,AUD
715467,2024-01-06T06:44:41,2024-01-06,495,40,Online,Credit Card,COUPONZ-9A,15.58,AUD
715476,2024-01-06T13:16:30,2024-01-06,508,5,Online,Credit Card,COUPON090-,14.24,AUD
715541,2024-01-06T08:29:22,2024-01-06,378,25,Retail,PayPal,COUPONA-0-,1.99,AUD
715661,2024-01-06T18:23:39,2024-01-06,717,18,Retail,Credit Card,COUPONZA--,16.25,AUD
715686,2024-01-06T04:33:46,2024-01-06,758,37,Online,Afterpay,COUPON9--A,17.52,AUD
715728,2024-01-06T06:41:09,2024-01-06,199,27,Online,Afterpay,COUPON--ZA,13.92,AUD
715742,2024-01-06T12:23:57,2024-01-06,248,22,Retail,PayPal,COUPON0A0Z,16.14,AUD
715849,2024-01-06T06:09:34,2024-01-06,322,21,Online,PayPal,COUPONA0-Z,14.62,AUD
716014,2024-01-06T11:55:04,2024-01-06,380,8,Retail,Afterpay,COUPON0-09,3.87,AUD
716037,2024-01-06T00:27:25,2024-01-06,268,1,Retail,Afterpay,COUPON00Z-,6.32,AUD
716074,2024-01-06T09:21:19,2024-01-06,214,47,Retail,PayPal,COUPON-Z-9,8.94,AUD
716221,2024-01-06T15:23:29,2024-01-06,275,9,Online,Afterpay,COUPON---A,0.39,AUD
716224,2024-01-06T23:18:31,2024-01-06,796,46,Retail,Credit Card,COUPON-0ZA,1.94,AUD
716309,2024-01-06T12:22:26,2024-01-06,413,41,Retail,Credit Card,COUPON---Z,9.05,AUD
716380,2024-01-06T16:28:06,2024-01-06,602,14,Retail,Credit Card,COUPONZ0ZZ,1.02,AUD
716398,2024-01-06T16:09:07,2024-01-06,386,36,Online,Credit Card,COUPON090Z,0.58,AUD
716483,2024-01-06T07:27:43,2024-01-06,426,29,Online,Credit Card,COUPON-ZZ9,14.09,AUD
716835,2024-01-06T14:39:18,2024-01-06,692,33,Online,PayPal,COUPON0-Z-,12.41,AUD
716895,2024-01-06T05:57:20,2024-01-06,359,15,Retail,Afterpay,COUPON-0-9,15.56,AUD
716985,2024-01-06T11:50:06,2024-01-06,401,37,Online,Afterpay,COUPONA--A,12.23,AUD
717007,2024-01-06T13:37:57,2024-01-06,258,8,Online,PayPal,COUPON9Z--,7.49,AUD
717180,2024-01-06T15:22:43,2024-01-06,772,48,Retail,Credit Card,COUPON0--Z,0.62,AUD
717257,2024-01-06T16:16:47,2024-01-06,215,28,Retail,Credit Card,COUPONA099,5.87,AUD
717262,2024-01-06T15:05:32,2024-01-06,129,30,Online,Afterpay,COUPON9ZA-,3.99,AUD
717501,2024-01-06T14:54:47,2024-01-06,279,44,Online,Credit Card,COUPONAZAZ,14.17,AUD
717534,2024-01-06T08:39:57,2024-01-06,663,48,Online,Credit Card,COUPONZ09A,9.83,AUD
717555,2024-01-06T14:10:31,2024-01-06,522,11,Retail,Credit Card,COUPONZ0--,12.44,AUD
717686,2024-01-06T05:48:11,2024-01-06,143,35,Online,Afterpay,COUPONZ-ZA,9.12,AUD
717837,2024-01-06T16:27:49,2024-01-06,251,23,Retail,PayPal,COUPONZAZ-,19.57,AUD
717840,2024-01-06T00:43:05,2024-01-06,172,3,Retail,Afterpay,COUPON-99-,16.69,AUD
717890,2024-01-06T14:50:14,2024-01-06,121,23,Online,Credit Card,COUPON-ZA9,9.32,AUD
717896,2024-01-06T16:00:59,2024-01-06,599,33,Online,Credit Card,COUPONZ00-,0.48,AUD
718040,2024-01-06T21:57:27,2024-01-06,271,28,Online,Credit Card,COUPON9---,6.67,AUD
718269,2024-01-06T02:31:16,2024-01-06,727,49,Retail,Credit Card,COUPONA09Z,7.11,AUD
718276,2024-01-06T03:15:24,2024-01-06,20,43,Retail,Afterpay,COUPON-AZ9,11.74,AUD
718423,2024-01-06T21:53:47,2024-01-06,232,23,Online,Afterpay,COUPON-09-,9.86,AUD
718453,2024-01-06T10:00:24,2024-01-06,279,26,Retail,Credit Card,COUPON-ZZ-,4.62,AUD
718694,2024-01-06T08:20:10,2024-01-06,588,36,Retail,Credit Card,COUPON90ZA,18.16,AUD
719002,2024-01-06T04:18:59,2024-01-06,538,36,Retail,Afterpay,COUPON09A-,16.06,AUD
719009,2024-01-06T11:01:32,2024-01-06,297,24,Retail,PayPal,COUPON9---,9.66,AUD
719041,2024-01-06T17:25:37,2024-01-06,297,24,Retail,Afterpay,COUPON-A--,7.12,AUD
719072,2024-01-06T06:31:19,2024-01-06,73,3,Online,Afterpay,COUPON-9A-,5.19,AUD
719198,2024-01-06T07:21:36,2024-01-06,322,37,Online,Afterpay,COUPONAA0Z,19.44,AUD
719233,2024-01-06T04:53:18,2024-01-06,618,36,Online,Afterpay,COUPONZZ0A,11.02,AUD
719239,2024-01-06T07:44:23,2024-01-06,614,8,Online,PayPal,COUPON-9AA,5.78,AUD
719280,2024-01-06T17:00:31,2024-01-06,394,22,Online,PayPal,COUPON0-9Z,2.34,AUD
719316,2024-01-06T08:46:47,2024-01-06,756,27,Retail,Afterpay,COUPON0A--,11.1,AUD
719541,2024-01-06T00:30:35,2024-01-06,19,33,Retail,Credit Card,COUPONZAA9,9.02,AUD
719589,2024-01-06T20:27:54,2024-01-06,7,13,Online,PayPal,COUPONA99A,6.91,AUD
719838,2024-01-06T21:06:37,2024-01-06,656,11,Retail,PayPal,COUPON--0Z,0.83,AUD
719903,2024-01-06T03:21:33,2024-01-06,25,29,Retail,PayPal,COUPONA0-A,4.59,AUD
720035,2024-01-06T20:27:50,2024-01-06,145,6,Retail,Credit Card,COUPONZ-Z9,11.93,AUD
720069,2024-01-06T05:54:36,2024-01-06,214,31,Retail,PayPal,COUPON---Z,5.26,AUD
720302,2024-01-06T17:11:45,2024-01-06,703,9,Online,Credit Card,COUPON---A,4.07,AUD
720336,2024-01-06T06:45:17,2024-01-06,546,12,Retail,PayPal,COUPON-990,7.97,AUD
720373,2024-01-06T08:12:19,2024-01-06,393,27,Online,PayPal,COUPONA00Z,14.8,AUD
720402,2024-01-06T14:42:24,2024-01-06,226,34,Retail,Afterpay,COUPON9AZ-,19.01,AUD
720640,2024-01-06T09:14:58,2024-01-06,488,3,Online,Afterpay,COUPON0A99,14.04,AUD
720724,2024-01-06T22:40:48,2024-01-06,664,47,Online,PayPal,COUPON0A0-,4.62,AUD
720733,2024-01-06T00:36:20,2024-01-06,590,22,Retail,Afterpay,COUPON9-99,18.57,AUD
720777,2024-01-06T09:23:16,2024-01-06,468,46,Online,PayPal,COUPONZ--0,3.42,AUD
720893,2024-01-06T16:00:03,2024-01-06,782,27,Retail,PayPal,COUPONAZ-A,11.76,AUD
721423,2024-01-06T02:28:40,2024-01-06,354,41,Online,Credit Card,COUPONZZA9,7.26,AUD
721476,2024-01-06T10:50:21,2024-01-06,707,18,Retail,PayPal,COUPONA0--,9.16,AUD
721478,2024-01-06T21:33:11,2024-01-06,722,17,Online,PayPal,COUPONZ-0-,2.66,AUD
721561,2024-01-06T14:57:32,2024-01-06,532,24,Retail,Afterpay,COUPON0990,11.05,AUD
721568,2024-01-06T23:20:00,2024-01-06,241,15,Online,Credit Card,COUPON-9Z-,7.88,AUD
721581,2024-01-06T05:03:57,2024-01-06,205,9,Online,PayPal,COUPON9-A-,5.1,AUD
721972,2024-01-06T03:22:03,2024-01-06,532,10,Retail,PayPal,COUPONAA-9,15.46,AUD
722037,2024-01-06T19:26:02,2024-01-06,520,45,Online,Credit Card,COUPON-0-0,9.58,AUD
722124,2024-01-06T18:23:31,2024-01-06,319,40,Retail,PayPal,COUPONAA-Z,9.24,AUD
722390,2024-01-06T12:23:59,2024-01-06,306,38,Retail,PayPal,COUPONA--A,10.95,AUD
722493,2024-01-06T04:56:15,2024-01-06,706,29,Retail,PayPal,COUPON9-Z9,9.69,AUD
722552,2024-01-06T15:53:03,2024-01-06,174,8,Online,PayPal,COUPON0-09,16.76,AUD
722620,2024-01-06T01:47:07,2024-01-06,6,3,Retail,Credit Card,COUPONZ90A,18.12,AUD
722654,2024-01-06T12:05:06,2024-01-06,282,7,Online,Credit Card,COUPONA-Z-,18.37,AUD
722695,2024-01-06T14:39:43,2024-01-06,120,26,Retail,Credit Card,COUPONAA--,4.41,AUD
722720,2024-01-06T14:28:17,2024-01-06,532,47,Online,Credit Card,COUPON-AZZ,14.31,AUD
722752,2024-01-06T22:03:33,2024-01-06,76,33,Online,Afterpay,COUPON9090,18.76,AUD
722833,2024-01-06T22:08:59,2024-01-06,271,16,Online,Credit Card,COUPON90-0,8.69,AUD
723071,2024-01-06T06:19:57,2024-01-06,611,40,Online,Credit Card,COUPON9---,5.27,AUD
723098,2024-01-06T23:21:44,2024-01-06,668,31,Retail,Afterpay,COUPONZ-Z0,10.11,AUD
723339,2024-01-06T06:01:53,2024-01-06,766,26,Retail,PayPal,COUPONA-09,17.76,AUD
723368,2024-01-06T14:04:47,2024-01-06,693,21,Retail,PayPal,COUPON-A--,3.98,AUD
723437,2024-01-06T18:10:57,2024-01-06,625,3,Online,Credit Card,COUPONAZA9,1.94,AUD
723478,2024-01-06T13:56:23,2024-01-06,661,39,Online,PayPal,COUPON-AA-,16.53,AUD
723493,2024-01-06T00:41:11,2024-01-06,124,29,Online,Credit Card,COUPONA-AA,8.31,AUD
723700,2024-01-06T13:09:51,2024-01-06,537,24,Online,PayPal,COUPONA0A-,11.3,AUD
723732,2024-01-06T00:47:50,2024-01-06,152,5,Online,PayPal,COUPONAZA-,19.49,AUD
723864,2024-01-06T17:26:37,2024-01-06,605,20,Retail,Credit Card,COUPONAZ-0,0.23,AUD
723901,2024-01-06T03:58:35,2024-01-06,744,19,Online,Afterpay,COUPON-ZA-,1.85,AUD
723950,2024-01-06T04:27:47,2024-01-06,761,9,Retail,Afterpay,COUPON--AZ,14.1,AUD
724319,2024-01-06T17:03:52,2024-01-06,735,3,Online,Credit Card,COUPON-9--,4.08,AUD
724405,2024-01-06T07:54:01,2024-01-06,562,4,Retail,PayPal,COUPON9-A-,17.33,AUD
724420,2024-01-06T16:36:58,2024-01-06,622,42,Online,Credit Card,COUPONZ-99,17.52,AUD
724616,2024-01-06T20:06:15,2024-01-06,767,42,Online,Afterpay,COUPON--A-,11.66,AUD
724860,2024-01-06T09:21:04,2024-01-06,725,19,Retail,Credit Card,COUPON----,6.61,AUD
725100,2024-01-06T07:58:46,2024-01-06,465,3,Online,Credit Card,COUPONA0-A,3.51,AUD
725179,2024-01-06T02:11:13,2024-01-06,578,29,Online,PayPal,COUPON009Z,1.26,AUD
725251,2024-01-06T12:24:30,2024-01-06,561,22,Online,Afterpay,COUPON0A-Z,9.13,AUD
725254,2024-01-06T08:22:55,2024-01-06,608,41,Retail,PayPal,COUPONA-Z0,9.8,AUD
725270,2024-01-06T14:56:20,2024-01-06,267,17,Retail,Afterpay,COUPON-Z00,2.46,AUD
725272,2024-01-06T17:41:59,2024-01-06,357,16,Online,Afterpay,COUPON-090,5.98,AUD
725349,2024-01-06T05:46:23,2024-01-06,641,19,Retail,PayPal,COUPONA-90,3.41,AUD
725422,2024-01-06T04:33:18,2024-01-06,49,36,Online,Afterpay,COUPONAAZ0,4.65,AUD
725526,2024-01-06T17:02:11,2024-01-06,592,26,Online,PayPal,COUPON900-,11.05,AUD
725530,2024-01-06T15:44:44,2024-01-06,501,46,Retail,PayPal,COUPON09Z-,9.03,AUD
725534,2024-01-06T01:34:35,2024-01-06,214,11,Online,Afterpay,COUPON0A9Z,9.82,AUD
725576,2024-01-06T21:06:02,2024-01-06,460,8,Retail,Credit Card,COUPONZ-9-,7.65,AUD
725591,2024-01-06T16:51:45,2024-01-06,493,10,Retail,Credit Card,COUPONZA-0,13.54,AUD
725598,2024-01-06T03:43:42,2024-01-06,268,47,Online,Credit Card,COUPONZ-99,11.64,AUD
725608,2024-01-06T11:54:26,2024-01-06,605,19,Retail,PayPal,COUPON0-9Z,0.97,AUD
725708,2024-01-06T06:59:48,2024-01-06,599,27,Online,Credit Card,COUPONA99Z,13.22,AUD
725880,2024-01-06T14:27:04,2024-01-06,145,13,Retail,Credit Card,COUPON--9Z,6.45,AUD
725912,2024-01-06T10:12:23,2024-01-06,716,24,Online,Credit Card,COUPON-A-9,7.34,AUD
726029,2024-01-06T22:53:15,2024-01-06,179,49,Retail,Credit Card,COUPONAA-9,3.78,AUD
726145,2024-01-06T22:47:04,2024-01-06,710,49,Retail,PayPal,COUPONA---,6.8,AUD
726172,2024-01-06T18:34:27,2024-01-06,197,16,Retail,PayPal,COUPON9A-A,18.69,AUD
726238,2024-01-06T01:31:04,2024-01-06,633,27,Retail,PayPal,COUPON00-9,9.09,AUD
726249,2024-01-06T00:54:04,2024-01-06,438,48,Online,Afterpay,COUPON0A--,18.56,AUD
726362,2024-01-06T02:11:24,2024-01-06,786,45,Retail,Credit Card,COUPONA--9,6.98,AUD
726784,2024-01-06T02:24:02,2024-01-06,583,33,Online,Afterpay,COUPONZ---,2.63,AUD
727041,2024-01-06T07:06:55,2024-01-06,667,19,Online,Credit Card,COUPON0A-9,19.58,AUD
727052,2024-01-06T16:21:47,2024-01-06,181,3,Online,Credit Card,COUPONZ0A0,16.35,AUD
727266,2024-01-06T06:02:27,2024-01-06,643,42,Retail,Credit Card,COUPONZ--9,4.26,AUD
727342,2024-01-06T17:22:05,2024-01-06,572,11,Online,Credit Card,COUPON--ZA,14.32,AUD
727444,2024-01-06T07:10:23,2024-01-06,218,34,Retail,Afterpay,COUPON---A,8.14,AUD
727505,2024-01-06T03:58:24,2024-01-06,166,33,Retail,PayPal,COUPON090-,12.19,AUD
727626,2024-01-06T04:52:46,2024-01-06,734,29,Retail,Credit Card,COUPONAAZZ,16.28,AUD
727739,2024-01-06T13:44:14,2024-01-06,474,46,Online,Credit Card,COUPON9ZAZ,7.39,AUD
727811,2024-01-06T07:04:29,2024-01-06,681,26,Online,Afterpay,COUPONAZ99,16.31,AUD
727822,2024-01-06T22:08:02,2024-01-06,732,32,Retail,Afterpay,COUPONZZ9A,17.76,AUD
728016,2024-01-06T01:55:10,2024-01-06,725,39,Online,Afterpay,COUPON-A90,14.88,AUD
728154,2024-01-06T01:56:20,2024-01-06,257,30,Online,Afterpay,COUPON90ZZ,10.86,AUD
728223,2024-01-06T06:31:52,2024-01-06,712,39,Retail,PayPal,COUPONAA90,18.66,AUD
728260,2024-01-06T13:47:08,2024-01-06,61,31,Online,PayPal,COUPON-0Z-,1.51,AUD
728335,2024-01-06T19:31:47,2024-01-06,753,34,Retail,Afterpay,COUPON9---,19.35,AUD
728433,2024-01-06T19:41:33,2024-01-06,597,35,Online,Afterpay,COUPONAA9-,16.0,AUD
728439,2024-01-06T09:46:42,2024-01-06,179,19,Retail,PayPal,COUPON99-Z,15.07,AUD
728585,2024-01-06T05:57:30,2024-01-06,636,9,Online,Credit Card,COUPONA0-9,2.51,AUD
728598,2024-01-06T14:02:53,2024-01-06,183,26,Retail,PayPal,COUPON--A-,10.67,AUD
728633,2024-01-06T00:14:42,2024-01-06,601,39,Online,Credit Card,COUPONZ00-,15.34,AUD
728695,2024-01-06T16:03:58,2024-01-06,43,25,Online,PayPal,COUPON90ZZ,13.14,AUD
728736,2024-01-06T22:45:00,2024-01-06,685,3,Online,Afterpay,COUPON-Z90,1.11,AUD
728748,2024-01-06T11:12:00,2024-01-06,514,45,Retail,Afterpay,COUPONZZA9,10.91,AUD
729005,2024-01-06T14:27:31,2024-01-06,721,25,Retail,Afterpay,COUPONZZZZ,5.73,AUD
729136,2024-01-06T15:10:54,2024-01-06,130,28,Online,Afterpay,COUPONAZA-,12.03,AUD
729264,2024-01-06T02:45:20,2024-01-06,676,47,Retail,PayPal,COUPON0Z-A,12.28,AUD
729321,2024-01-06T17:39:53,2024-01-06,370,30,Online,Afterpay,COUPON0900,18.38,AUD
729338,2024-01-06T15:27:44,2024-01-06,107,21,Retail,PayPal,COUPON9Z9Z,0.11,AUD
729410,2024-01-06T14:34:57,2024-01-06,561,34,Retail,Afterpay,COUPONAZA9,10.38,AUD
729463,2024-01-06T11:33:03,2024-01-06,409,29,Online,Credit Card,COUPON09A9,9.31,AUD
729597,2024-01-06T01:38:08,2024-01-06,492,16,Retail,Afterpay,COUPON0ZZZ,12.01,AUD
729741,2024-01-06T05:29:06,2024-01-06,343,25,Online,Credit Card,COUPON90--,3.13,AUD
729769,2024-01-06T04:38:10,2024-01-06,359,16,Online,Credit Card,COUPON09-Z,8.07,AUD
729855,2024-01-06T20:32:09,2024-01-06,764,28,Retail,Afterpay,COUPON00-9,6.43,AUD
729929,2024-01-06T08:50:14,2024-01-06,556,25,Online,Credit Card,COUPON0-A-,12.23,AUD
729939,2024-01-06T02:14:49,2024-01-06,311,33,Online,Credit Card,COUPON-Z-0,5.46,AUD
730043,2024-01-06T09:48:32,2024-01-06,544,32,Online,Credit Card,COUPON0Z0A,3.24,AUD
730183,2024-01-06T13:31:21,2024-01-06,180,7,Retail,Credit Card,COUPON0---,0.42,AUD
730294,2024-01-06T17:09:07,2024-01-06,457,26,Retail,PayPal,COUPON--ZA,14.83,AUD
730578,2024-01-06T19:44:16,2024-01-06,533,19,Retail,Credit Card,COUPONZ9--,0.07,AUD
730630,2024-01-06T14:00:34,2024-01-06,402,33,Retail,PayPal,COUPONZ09Z,5.63,AUD
730735,2024-01-06T07:34:07,2024-01-06,741,28,Online,Afterpay,COUPON0--0,4.39,AUD
730843,2024-01-06T16:30:28,2024-01-06,155,20,Online,Afterpay,COUPON99Z-,7.33,AUD
730984,2024-01-06T16:53:48,2024-01-06,428,17,Online,Afterpay,COUPONZZA9,3.69,AUD
731089,2024-01-06T06:47:38,2024-01-06,211,30,Retail,PayPal,COUPON---Z,8.54,AUD
731233,2024-01-06T09:29:10,2024-01-06,740,28,Retail,PayPal,COUPONZ99Z,7.32,AUD
731295,2024-01-06T03:04:27,2024-01-06,182,38,Online,Credit Card,COUPON9-AA,13.82,AUD
731426,2024-01-06T16:13:23,2024-01-06,601,13,Retail,Credit Card,COUPON-A--,8.46,AUD
731446,2024-01-06T18:24:24,2024-01-06,478,6,Online,PayPal,COUPON-0Z9,2.61,AUD
731481,2024-01-06T08:36:11,2024-01-06,473,43,Online,PayPal,COUPON-ZZ0,4.94,AUD
731541,2024-01-06T16:51:53,2024-01-06,4,32,Retail,Afterpay,COUPON-9-9,12.32,AUD
731573,2024-01-06T19:56:56,2024-01-06,522,33,Retail,Afterpay,COUPON0ZAZ,3.79,AUD
731599,2024-01-06T15:44:58,2024-01-06,129,19,Retail,PayPal,COUPON9-9A,11.8,AUD
732014,2024-01-06T18:15:25,2024-01-06,781,39,Online,Afterpay,COUPON-Z--,0.65,AUD
732115,2024-01-06T07:22:31,2024-01-06,696,40,Retail,Credit Card,COUPON-Z0-,11.48,AUD
732230,2024-01-06T22:55:34,2024-01-06,572,45,Online,Afterpay,COUPONZA--,8.35,AUD
732258,2024-01-06T14:53:47,2024-01-06,81,19,Retail,Credit Card,COUPON----,1.73,AUD
732321,2024-01-06T04:05:47,2024-01-06,697,27,Online,PayPal,COUPONA-09,4.36,AUD
732364,2024-01-06T18:15:18,2024-01-06,771,41,Retail,Credit Card,COUPON-9-0,10.61,AUD
732548,2024-01-06T00:39:41,2024-01-06,539,5,Retail,PayPal,COUPON--09,16.54,AUD
732768,2024-01-06T02:31:57,2024-01-06,567,19,Retail,Afterpay,COUPON0-9Z,0.04,AUD
732833,2024-01-06T18:06:17,2024-01-06,412,23,Online,Afterpay,COUPONZ9Z-,0.67,AUD
732876,2024-01-06T20:32:07,2024-01-06,215,33,Retail,Afterpay,COUPON-Z-9,4.85,AUD
732889,2024-01-06T18:19:57,2024-01-06,173,36,Retail,PayPal,COUPONZ0-A,5.53,AUD
732979,2024-01-06T17:04:25,2024-01-06,493,4,Online,Credit Card,COUPON099A,11.64,AUD
733040,2024-01-06T18:45:26,2024-01-06,594,22,Retail,PayPal,COUPONA0Z-,1.46,AUD
733241,2024-01-06T07:26:01,2024-01-06,283,23,Online,PayPal,COUPONA-9Z,4.56,AUD
733595,2024-01-06T14:49:42,2024-01-06,50,5,Retail,Credit Card,COUPONZZ0-,18.65,AUD
733629,2024-01-06T08:13:02,2024-01-06,485,12,Online,Afterpay,COUPON90-Z,15.34,AUD
733677,2024-01-06T00:12:13,2024-01-06,606,4,Online,PayPal,COUPON9A00,6.32,AUD
733712,2024-01-06T20:48:45,2024-01-06,279,12,Online,Afterpay,COUPON9A-A,4.17,AUD
733766,2024-01-06T15:14:44,2024-01-06,567,44,Retail,Afterpay,COUPON0-A0,13.03,AUD
733801,2024-01-06T04:40:21,2024-01-06,170,34,Online,Credit Card,COUPONZZA9,1.22,AUD
733802,2024-01-06T05:28:10,2024-01-06,752,37,Retail,Credit Card,COUPON00-0,5.29,AUD
733967,2024-01-06T06:49:16,2024-01-06,506,3,Online,PayPal,COUPON0AZZ,12.38,AUD
734176,2024-01-06T23:18:01,2024-01-06,633,25,Online,Afterpay,COUPON--ZZ,17.04,AUD
734184,2024-01-06T20:39:19,2024-01-06,455,40,Retail,PayPal,COUPON--AZ,18.97,AUD
734218,2024-01-06T01:51:29,2024-01-06,520,37,Online,Credit Card,COUPONAZ0A,3.2,AUD
734223,2024-01-06T22:24:52,2024-01-06,375,40,Retail,Afterpay,COUPONA0AA,8.7,AUD
734228,2024-01-06T14:30:13,2024-01-06,21,9,Retail,Credit Card,COUPON-0Z-,13.04,AUD
734239,2024-01-06T13:53:07,2024-01-06,148,13,Online,Afterpay,COUPON-909,11.75,AUD
734556,2024-01-06T10:52:14,2024-01-06,762,39,Online,Afterpay,COUPON-0A9,6.29,AUD
734630,2024-01-06T01:53:28,2024-01-06,277,16,Retail,Afterpay,COUPONZA-0,4.8,AUD
734734,2024-01-06T00:01:45,2024-01-06,636,48,Online,Credit Card,COUPON000-,0.26,AUD
734745,2024-01-06T13:00:38,2024-01-06,712,12,Online,PayPal,COUPON-AAA,12.71,AUD
735058,2024-01-06T12:03:55,2024-01-06,472,47,Online,Credit Card,COUPONAAZ-,8.61,AUD
735089,2024-01-06T19:50:57,2024-01-06,216,19,Online,Credit Card,COUPON099-,8.03,AUD
735133,2024-01-06T16:59:20,2024-01-06,498,9,Online,Afterpay,COUPONZ--A,2.04,AUD
735136,2024-01-06T09:52:24,2024-01-06,725,4,Online,Afterpay,COUPON09-0,11.26,AUD
735190,2024-01-06T14:13:56,2024-01-06,454,25,Online,Afterpay,COUPONZ--9,0.89,AUD
735349,2024-01-06T13:45:14,2024-01-06,510,40,Retail,PayPal,COUPON0A--,16.29,AUD
735419,2024-01-06T01:24:47,2024-01-06,212,20,Retail,PayPal,COUPON--AA,15.7,AUD
735480,2024-01-06T03:10:22,2024-01-06,414,6,Retail,Credit Card,COUPON0-0-,4.86,AUD
735839,2024-01-06T17:59:43,2024-01-06,763,48,Retail,PayPal,COUPON-0-A,4.31,AUD
735957,2024-01-06T14:08:09,2024-01-06,439,10,Online,PayPal,COUPON-9A9,5.47,AUD
736180,2024-01-06T23:53:07,2024-01-06,618,47,Online,Credit Card,COUPON09ZA,14.29,AUD
736238,2024-01-06T01:32:23,2024-01-06,274,28,Retail,Credit Card,COUPON0AA0,11.45,AUD
736282,2024-01-06T06:59:03,2024-01-06,78,13,Retail,Credit Card,COUPON09Z0,0.15,AUD
736375,2024-01-06T14:31:12,2024-01-06,655,12,Retail,Credit Card,COUPON-90-,1.84,AUD
736773,2024-01-06T22:57:34,2024-01-06,129,28,Retail,Afterpay,COUPON----,18.96,AUD
736887,2024-01-06T17:29:55,2024-01-06,467,48,Online,Afterpay,COUPON--A9,7.19,AUD
736922,2024-01-06T18:13:31,2024-01-06,134,36,Retail,PayPal,COUPON-9-9,9.93,AUD
736939,2024-01-06T12:00:52,2024-01-06,572,42,Retail,Credit Card,COUPONA-0Z,6.12,AUD
736987,2024-01-06T16:10:46,2024-01-06,746,38,Retail,Credit Card,COUPONZ-ZZ,12.53,AUD
736998,2024-01-06T02:54:41,2024-01-06,132,24,Retail,PayPal,COUPON9Z9A,11.76,AUD
737110,2024-01-06T03:18:55,2024-01-06,641,14,Retail,Afterpay,COUPON0---,8.47,AUD
737337,2024-01-06T20:02:23,2024-01-06,397,1,Retail,Afterpay,COUPONZ0A-,19.33,AUD
737574,2024-01-06T02:50:30,2024-01-06,495,22,Retail,PayPal,COUPON--9Z,8.69,AUD
737594,2024-01-06T11:19:57,2024-01-06,538,37,Retail,Afterpay,COUPON9---,4.6,AUD
737903,2024-01-06T16:17:31,2024-01-06,122,26,Retail,Credit Card,COUPON-Z0-,11.86,AUD
738086,2024-01-06T03:17:48,2024-01-06,356,32,Retail,PayPal,COUPON9Z0A,1.28,AUD
738125,2024-01-06T05:26:22,2024-01-06,797,32,Online,Afterpay,COUPON-AZ-,17.46,AUD
738355,2024-01-06T08:22:56,2024-01-06,308,11,Online,Credit Card,COUPON9A0-,1.51,AUD
738361,2024-01-06T01:19:49,2024-01-06,22,24,Online,Afterpay,COUPON--9Z,1.26,AUD
738416,2024-01-06T21:54:46,2024-01-06,43,14,Online,Afterpay,COUPON-Z9A,14.83,AUD
738436,2024-01-06T06:49:45,2024-01-06,757,18,Retail,PayPal,COUPON9-9Z,14.43,AUD
738440,2024-01-06T05:47:26,2024-01-06,404,11,Online,PayPal,COUPON-9A-,9.53,AUD
738494,2024-01-06T22:13:15,2024-01-06,601,17,Online,PayPal,COUPON0-90,11.77,AUD
738588,2024-01-06T16:02:16,2024-01-06,441,48,Online,PayPal,COUPON---A,9.8,AUD
738836,2024-01-06T06:42:46,2024-01-06,305,48,Retail,Credit Card,COUPONA09-,0.78,AUD
738928,2024-01-06T00:35:23,2024-01-06,135,21,Retail,Credit Card,COUPONZ009,13.82,AUD
738991,2024-01-06T11:57:40,2024-01-06,796,36,Online,PayPal,COUPON0Z-9,9.67,AUD
739192,2024-01-06T13:16:18,2024-01-06,236,6,Online,Afterpay,COUPON--A9,10.01,AUD
739314,2024-01-06T21:23:55,2024-01-06,633,28,Retail,Afterpay,COUPON9Z-9,10.62,AUD
739327,2024-01-06T22:53:01,2024-01-06,471,9,Retail,PayPal,COUPON0--A,2.68,AUD
739543,2024-01-06T23:26:35,2024-01-06,93,20,Online,Afterpay,COUPON-Z-Z,12.85,AUD
739631,2024-01-06T01:19:07,2024-01-06,20,19,Online,Afterpay,COUPONZ9Z-,4.23,AUD
739689,2024-01-06T15:32:52,2024-01-06,445,44,Online,Credit Card,COUPON--9-,18.3,AUD
740150,2024-01-06T03:07:53,2024-01-06,169,49,Retail,PayPal,COUPONA--A,2.02,AUD
740160,2024-01-06T22:48:14,2024-01-06,36,20,Retail,Credit Card,COUPON0--A,9.11,AUD
740194,2024-01-06T14:51:49,2024-01-06,771,46,Retail,PayPal,COUPONA9-Z,7.67,AUD
740232,2024-01-06T06:09:42,2024-01-06,792,32,Retail,PayPal,COUPONZ-ZA,14.2,AUD
740333,2024-01-06T12:50:40,2024-01-06,776,42,Retail,PayPal,COUPON--Z-,2.43,AUD
740504,2024-01-06T17:23:04,2024-01-06,536,17,Online,PayPal,COUPON0Z0Z,19.26,AUD
740603,2024-01-06T05:39:35,2024-01-06,738,42,Retail,Credit Card,COUPON-9Z9,18.84,AUD
740838,2024-01-06T15:45:53,2024-01-06,213,49,Online,Credit Card,COUPON00A0,3.59,AUD
740912,2024-01-06T13:23:12,2024-01-06,564,23,Online,PayPal,COUPON----,9.05,AUD
740924,2024-01-06T21:10:59,2024-01-06,755,21,Retail,PayPal,COUPON099A,12.25,AUD
740938,2024-01-06T05:07:51,2024-01-06,263,13,Retail,PayPal,COUPON9-ZZ,14.95,AUD
741226,2024-01-06T18:50:17,2024-01-06,673,11,Online,Credit Card,COUPONA0-Z,18.59,AUD
741348,2024-01-06T04:07:23,2024-01-06,172,22,Online,Afterpay,COUPONZ00A,11.17,AUD
741415,2024-01-06T13:07:58,2024-01-06,739,26,Retail,Credit Card,COUPON-9ZA,7.51,AUD
741539,2024-01-06T14:28:58,2024-01-06,749,12,Retail,PayPal,COUPON9Z0-,8.4,AUD
741593,2024-01-06T06:27:37,2024-01-06,68,21,Retail,PayPal,COUPONA-00,3.93,AUD
741653,2024-01-06T14:40:38,2024-01-06,653,21,Retail,PayPal,COUPONAZ9-,16.17,AUD
741678,2024-01-06T11:06:41,2024-01-06,26,11,Online,Afterpay,COUPON0-Z9,16.65,AUD
741715,2024-01-06T08:04:33,2024-01-06,635,12,Online,Afterpay,COUPON-A9-,1.94,AUD
741779,2024-01-06T03:54:10,2024-01-06,668,45,Retail,PayPal,COUPONAAZ-,2.37,AUD
741920,2024-01-06T04:38:33,2024-01-06,316,27,Online,Afterpay,COUPON--ZA,15.76,AUD
741930,2024-01-06T04:20:08,2024-01-06,222,17,Retail,Credit Card,COUPONZ---,14.23,AUD
742049,2024-01-06T15:43:42,2024-01-06,604,5,Online,PayPal,COUPON-00A,6.36,AUD
742054,2024-01-06T00:16:57,2024-01-06,511,32,Retail,PayPal,COUPON--0-,13.52,AUD
742215,2024-01-06T03:26:48,2024-01-06,72,4,Retail,PayPal,COUPON9Z0-,8.71,AUD
742255,2024-01-06T09:20:04,2024-01-06,594,37,Online,Credit Card,COUPONA-A0,5.46,AUD
742426,2024-01-06T18:43:25,2024-01-06,668,26,Retail,Credit Card,COUPON-A0-,7.3,AUD
742462,2024-01-06T21:46:26,2024-01-06,557,15,Retail,PayPal,COUPONA-9-,16.11,AUD
742569,2024-01-06T00:31:17,2024-01-06,336,1,Online,Afterpay,COUPONA9-9,3.49,AUD
742616,2024-01-06T04:15:02,2024-01-06,313,11,Online,Credit Card,COUPONZ0A9,5.05,AUD
742644,2024-01-06T20:12:20,2024-01-06,589,39,Online,PayPal,COUPONA9Z9,12.94,AUD
742716,2024-01-06T07:30:19,2024-01-06,407,48,Online,Afterpay,COUPONA-90,10.07,AUD
742754,2024-01-06T06:15:06,2024-01-06,184,18,Online,Afterpay,COUPON0-99,13.2,AUD
742862,2024-01-06T15:42:10,2024-01-06,393,12,Online,PayPal,COUPON0-00,9.22,AUD
743124,2024-01-06T06:45:23,2024-01-06,445,37,Online,Afterpay,COUPON-Z0Z,12.69,AUD
743288,2024-01-06T02:06:15,2024-01-06,182,39,Online,Afterpay,COUPON-99Z,1.41,AUD
743318,2024-01-06T14:40:43,2024-01-06,158,20,Online,Afterpay,COUPONZ--0,14.98,AUD
743418,2024-01-06T20:00:42,2024-01-06,558,11,Retail,PayPal,COUPON9ZAZ,10.01,AUD
743588,2024-01-06T22:47:01,2024-01-06,619,40,Retail,PayPal,COUPONA-0-,10.94,AUD
743762,2024-01-06T15:20:47,2024-01-06,129,33,Retail,Afterpay,COUPONZ-9-,16.39,AUD
743792,2024-01-06T06:44:45,2024-01-06,55,35,Online,PayPal,COUPONAAAZ,8.4,AUD
744175,2024-01-06T01:58:55,2024-01-06,597,10,Retail,Credit Card,COUPONZZ-A,14.04,AUD
744203,2024-01-06T21:50:10,2024-01-06,691,49,Retail,PayPal,COUPON9-0Z,12.6,AUD
744242,2024-01-06T12:21:13,2024-01-06,707,7,Retail,PayPal,COUPON-9-Z,16.14,AUD
744328,2024-01-06T10:55:44,2024-01-06,143,39,Online,PayPal,COUPONAZ--,13.69,AUD
744333,2024-01-06T18:16:28,2024-01-06,743,23,Online,Credit Card,COUPON0-A9,11.74,AUD
744751,2024-01-06T08:19:28,2024-01-06,387,14,Online,Afterpay,COUPONZ---,8.26,AUD
744878,2024-01-06T10:45:15,2024-01-06,339,47,Retail,Afterpay,COUPON-9-A,0.86,AUD
744946,2024-01-06T13:46:44,2024-01-06,379,18,Online,Afterpay,COUPONZ-00,1.26,AUD
745048,2024-01-06T01:51:53,2024-01-06,210,47,Online,PayPal,COUPON0-9A,11.27,AUD
745181,2024-01-06T14:49:56,2024-01-06,468,11,Online,PayPal,COUPON---Z,10.34,AUD
745344,2024-01-06T17:10:10,2024-01-06,16,6,Online,Afterpay,COUPON-9AZ,14.72,AUD
745351,2024-01-06T16:03:35,2024-01-06,701,25,Retail,Afterpay,COUPON9Z-A,5.09,AUD
745409,2024-01-06T02:11:53,2024-01-06,18,9,Retail,Afterpay,COUPON--A-,0.98,AUD
745471,2024-01-06T15:31:03,2024-01-06,7,16,Retail,Credit Card,COUPONAA99,1.23,AUD
745563,2024-01-06T06:56:41,2024-01-06,627,8,Retail,Credit Card,COUPON9Z--,10.9,AUD
745598,2024-01-06T06:45:38,2024-01-06,68,45,Online,PayPal,COUPONZ099,15.59,AUD
746001,2024-01-06T04:48:23,2024-01-06,578,43,Retail,PayPal,COUPON9Z9-,14.92,AUD
746075,2024-01-06T18:36:51,2024-01-06,170,39,Retail,Afterpay,COUPON99A0,7.43,AUD
746178,2024-01-06T06:11:39,2024-01-06,506,41,Online,Credit Card,COUPON0-0-,10.89,AUD
746295,2024-01-06T22:19:59,2024-01-06,31,25,Retail,PayPal,COUPON9-A0,14.57,AUD
746338,2024-01-06T11:14:00,2024-01-06,31,36,Retail,Afterpay,COUPONZ9--,17.7,AUD
746353,2024-01-06T12:46:39,2024-01-06,409,40,Retail,Afterpay,COUPON--9-,16.0,AUD
746517,2024-01-06T21:56:38,2024-01-06,614,27,Online,Credit Card,COUPON--09,5.37,AUD
746631,2024-01-06T02:35:02,2024-01-06,136,29,Retail,Credit Card,COUPON0-Z-,14.71,AUD
746687,2024-01-06T17:49:40,2024-01-06,536,23,Online,Credit Card,COUPON0A9-,6.72,AUD
746702,2024-01-06T11:27:40,2024-01-06,221,9,Online,Credit Card,COUPON0A9-,6.96,AUD
746754,2024-01-06T05:37:16,2024-01-06,634,22,Retail,Afterpay,COUPON---Z,16.68,AUD
746763,2024-01-06T16:39:00,2024-01-06,495,20,Online,Credit Card,COUPONZ09-,13.94,AUD
746815,2024-01-06T19:20:12,2024-01-06,776,21,Online,Afterpay,COUPONAZA-,7.07,AUD
746838,2024-01-06T20:35:19,2024-01-06,631,12,Retail,Credit Card,COUPON0AA9,15.94,AUD
746906,2024-01-06T00:06:20,2024-01-06,143,12,Retail,Afterpay,COUPONZ-A0,9.26,AUD
746918,2024-01-06T12:09:38,2024-01-06,126,31,Retail,Credit Card,COUPON-0--,1.02,AUD
746957,2024-01-06T23:16:35,2024-01-06,351,2,Retail,Credit Card,COUPON9Z--,3.85,AUD
746982,2024-01-06T16:44:30,2024-01-06,350,36,Online,PayPal,COUPON9---,6.59,AUD
746989,2024-01-06T23:21:35,2024-01-06,790,12,Retail,Afterpay,COUPONA9A-,18.34,AUD
746997,2024-01-06T05:23:05,2024-01-06,491,17,Retail,Afterpay,COUPON-0-Z,15.38,AUD
747001,2024-01-06T14:57:20,2024-01-06,737,12,Retail,PayPal,COUPONA0AZ,9.77,AUD
747085,2024-01-06T18:32:47,2024-01-06,387,15,Online,PayPal,COUPON----,10.41,AUD
747197,2024-01-06T08:11:43,2024-01-06,73,39,Online,PayPal,COUPON-ZA-,4.57,AUD
747356,2024-01-06T14:45:51,2024-01-06,641,15,Retail,Afterpay,COUPON-0-Z,19.18,AUD
747408,2024-01-06T00:48:55,2024-01-06,194,35,Retail,PayPal,COUPON99-0,10.64,AUD
747603,2024-01-06T05:39:18,2024-01-06,737,38,Online,PayPal,COUPON-0Z-,5.47,AUD
747630,2024-01-06T19:12:00,2024-01-06,719,7,Retail,PayPal,COUPON-999,13.24,AUD
747662,2024-01-06T22:33:45,2024-01-06,586,38,Online,Afterpay,COUPON---Z,13.06,AUD
747853,2024-01-06T06:21:27,2024-01-06,493,29,Online,PayPal,COUPONA09-,7.93,AUD
747926,2024-01-06T16:57:54,2024-01-06,109,20,Online,Credit Card,COUPON-A9-,4.85,AUD
747934,2024-01-06T00:57:17,2024-01-06,138,30,Retail,Afterpay,COUPONZ99Z,10.02,AUD
748095,2024-01-06T05:14:55,2024-01-06,288,29,Online,Afterpay,COUPONZ0--,17.33,AUD
748260,2024-01-06T18:48:26,2024-01-06,428,45,Online,PayPal,COUPON0--0,6.91,AUD
748340,2024-01-06T21:15:15,2024-01-06,338,42,Retail,Afterpay,COUPONAZZZ,16.18,AUD
748432,2024-01-06T12:22:06,2024-01-06,103,41,Retail,Afterpay,COUPON-909,9.31,AUD
748452,2024-01-06T02:29:25,2024-01-06,399,39,Retail,Afterpay,COUPONZ099,11.32,AUD
748679,2024-01-06T04:52:25,2024-01-06,304,39,Online,PayPal,COUPON99-9,19.32,AUD
748860,2024-01-06T10:53:30,2024-01-06,486,43,Online,Credit Card,COUPON009-,6.15,AUD
748964,2024-01-06T21:12:10,2024-01-06,578,4,Online,PayPal,COUPONA0--,9.92,AUD
749142,2024-01-06T08:17:40,2024-01-06,539,39,Online,Afterpay,COUPON-Z9Z,9.52,AUD
749177,2024-01-06T15:30:56,2024-01-06,447,5,Online,Afterpay,COUPON-AZ9,9.59,AUD
749256,2024-01-06T14:05:42,2024-01-06,767,39,Retail,PayPal,COUPON-Z-9,4.59,AUD
749349,2024-01-06T02:32:22,2024-01-06,265,48,Online,PayPal,COUPON-0-9,5.7,AUD
749460,2024-01-06T18:37:29,2024-01-06,680,3,Retail,Credit Card,COUPON9AZ0,14.94,AUD
749516,2024-01-06T10:54:56,2024-01-06,476,4,Online,Credit Card,COUPONA0A-,8.5,AUD
749544,2024-01-06T20:46:29,2024-01-06,17,42,Retail,PayPal,COUPONZ---,14.81,AUD
749600,2024-01-06T03:52:01,2024-01-06,730,17,Online,PayPal,COUPON9-0-,17.47,AUD
749612,2024-01-06T22:58:31,2024-01-06,388,28,Retail,PayPal,COUPONA99-,16.28,AUD
749658,2024-01-06T03:14:10,2024-01-06,415,32,Online,Credit Card,COUPON-A90,16.69,AUD
749707,2024-01-06T04:36:28,2024-01-06,385,32,Online,Credit Card,COUPON9Z-Z,18.41,AUD
749830,2024-01-06T10:49:39,2024-01-06,269,12,Online,PayPal,COUPONZ-ZZ,10.81,AUD
749832,2024-01-06T17:03:05,2024-01-06,156,14,Retail,Afterpay,COUPON-09-,11.41,AUD
749849,2024-01-06T15:56:34,2024-01-06,488,6,Retail,Afterpay,COUPON-Z-0,3.84,AUD
749941,2024-01-06T01:24:05,2024-01-06,174,1,Online,Credit Card,COUPONZ-0Z,5.62,AUD
750073,2024-01-06T21:31:57,2024-01-06,270,20,Retail,Credit Card,COUPON9---,14.54,AUD
750108,2024-01-06T14:20:58,2024-01-06,100,27,Online,Credit Card,COUPONZ-A9,8.66,AUD
750216,2024-01-06T21:10:59,2024-01-06,793,32,Online,Credit Card,COUPONA---,1.05,AUD
750245,2024-01-06T18:02:20,2024-01-06,346,36,Retail,PayPal,COUPON-0-9,11.86,AUD
750359,2024-01-06T10:19:11,2024-01-06,164,16,Retail,Afterpay,COUPON9-Z9,3.17,AUD
750398,2024-01-06T17:02:41,2024-01-06,629,44,Online,Afterpay,COUPON0ZA0,8.49,AUD
750701,2024-01-06T04:37:15,2024-01-06,538,4,Online,PayPal,COUPON99A-,2.02,AUD
750819,2024-01-06T11:14:32,2024-01-06,259,20,Online,Credit Card,COUPON9--A,1.51,AUD
751090,2024-01-06T13:21:31,2024-01-06,781,10,Online,Credit Card,COUPON-Z9A,1.74,AUD
751095,2024-01-06T12:34:24,2024-01-06,611,32,Retail,Credit Card,COUPON9Z99,17.49,AUD
751303,2024-01-06T01:10:07,2024-01-06,630,10,Retail,Afterpay,COUPON---0,18.24,AUD
751520,2024-01-06T06:51:50,2024-01-06,791,16,Online,PayPal,COUPON909Z,2.44,AUD
751522,2024-01-06T22:18:25,2024-01-06,461,16,Online,Afterpay,COUPON-Z-A,16.76,AUD
751584,2024-01-06T01:38:30,2024-01-06,554,10,Online,PayPal,COUPONZ-Z-,4.51,AUD
751588,2024-01-06T23:20:50,2024-01-06,455,49,Online,PayPal,COUPON0--Z,18.78,AUD
751708,2024-01-06T17:34:41,2024-01-06,306,49,Retail,Afterpay,COUPON--9A,3.94,AUD
751784,2024-01-06T13:59:55,2024-01-06,385,20,Retail,Credit Card,COUPON-0-Z,1.22,AUD
751931,2024-01-06T05:16:40,2024-01-06,732,4,Retail,Credit Card,COUPONAZ0Z,17.16,AUD
751943,2024-01-06T10:40:15,2024-01-06,94,1,Retail,PayPal,COUPON-9Z-,3.05,AUD
752027,2024-01-06T04:13:56,2024-01-06,708,11,Retail,Afterpay,COUPON0A9-,8.76,AUD
752174,2024-01-06T21:07:33,2024-01-06,309,34,Online,PayPal,COUPONA099,7.03,AUD
752177,2024-01-06T23:41:14,2024-01-06,603,26,Online,Credit Card,COUPONZ0A-,14.51,AUD
752451,2024-01-06T10:55:11,2024-01-06,452,42,Online,PayPal,COUPON0990,18.6,AUD
752530,2024-01-06T20:41:21,2024-01-06,161,45,Retail,PayPal,COUPONA9-A,11.86,AUD
752566,2024-01-06T03:57:14,2024-01-06,487,15,Online,Afterpay,COUPON--Z-,2.36,AUD
752642,2024-01-06T16:13:09,2024-01-06,638,46,Online,Afterpay,COUPON0--A,8.64,AUD
752755,2024-01-06T13:46:17,2024-01-06,202,28,Retail,PayPal,COUPON9---,16.41,AUD
752896,2024-01-06T20:22:34,2024-01-06,44,38,Online,Afterpay,COUPONA-A-,17.43,AUD
753093,2024-01-06T04:15:46,2024-01-06,723,47,Online,Afterpay,COUPON9-AA,11.25,AUD
753097,2024-01-06T07:07:40,2024-01-06,380,5,Online,PayPal,COUPON9090,18.85,AUD
753162,2024-01-06T08:17:58,2024-01-06,224,48,Online,Credit Card,COUPON9-A0,13.19,AUD
753197,2024-01-06T12:57:45,2024-01-06,708,11,Retail,Afterpay,COUPON----,6.69,AUD
753336,2024-01-06T00:40:07,2024-01-06,684,1,Retail,Afterpay,COUPON9A90,6.84,AUD
753530,2024-01-06T22:19:46,2024-01-06,543,21,Online,PayPal,COUPONAA-A,13.16,AUD
753576,2024-01-06T10:34:28,2024-01-06,262,46,Retail,PayPal,COUPONZ-0-,8.74,AUD
753614,2024-01-06T02:01:38,2024-01-06,601,6,Retail,PayPal,COUPON9Z0A,10.64,AUD
753798,2024-01-06T09:04:10,2024-01-06,389,12,Retail,Afterpay,COUPONZ-9Z,17.06,AUD
753838,2024-01-06T17:52:28,2024-01-06,329,38,Retail,Credit Card,COUPON9A-0,13.12,AUD
754129,2024-01-06T07:03:04,2024-01-06,512,22,Online,Afterpay,COUPON--9Z,11.99,AUD
754194,2024-01-06T23:40:38,2024-01-06,468,26,Retail,Afterpay,COUPON-999,5.59,AUD
754197,2024-01-06T15:47:22,2024-01-06,529,25,Retail,PayPal,COUPON0-0-,14.95,AUD
754316,2024-01-06T08:04:55,2024-01-06,189,14,Online,Credit Card,COUPON9--Z,9.95,AUD
754396,2024-01-06T23:13:38,2024-01-06,734,25,Online,Afterpay,COUPON0A-0,9.27,AUD
754439,2024-01-06T06:33:23,2024-01-06,323,25,Retail,Afterpay,COUPONZ99-,14.2,AUD
754452,2024-01-06T22:21:33,2024-01-06,774,26,Online,PayPal,COUPON9--9,6.31,AUD
754709,2024-01-06T07:28:26,2024-01-06,9,31,Retail,Credit Card,COUPON9-9-,6.31,AUD
754881,2024-01-06T01:05:50,2024-01-06,483,30,Online,Afterpay,COUPON-Z--,2.72,AUD
754914,2024-01-06T17:15:23,2024-01-06,35,41,Online,PayPal,COUPON-0ZA,16.88,AUD
755011,2024-01-06T17:51:50,2024-01-06,731,16,Retail,Afterpay,COUPON0A09,10.65,AUD
755072,2024-01-06T11:06:00,2024-01-06,419,22,Online,Credit Card,COUPON0---,18.91,AUD
755142,2024-01-06T09:55:56,2024-01-06,568,12,Online,Credit Card,COUPON-9ZZ,5.93,AUD
755334,2024-01-06T01:28:08,2024-01-06,50,31,Retail,Credit Card,COUPON-Z0Z,6.62,AUD
755335,2024-01-06T16:12:20,2024-01-06,96,15,Online,Credit Card,COUPONA0--,1.41,AUD
755507,2024-01-06T08:48:19,2024-01-06,516,2,Retail,Credit Card,COUPON0A0-,7.81,AUD
755762,2024-01-06T07:27:15,2024-01-06,627,11,Retail,Afterpay,COUPON0Z0A,6.54,AUD
755796,2024-01-06T16:47:31,2024-01-06,742,34,Retail,PayPal,COUPON999-,5.92,AUD
755869,2024-01-06T06:35:31,2024-01-06,645,5,Online,Afterpay,COUPON0--0,16.73,AUD
756248,2024-01-06T10:46:57,2024-01-06,320,41,Online,PayPal,COUPONZ--Z,12.59,AUD
756636,2024-01-06T07:13:52,2024-01-06,602,25,Online,Afterpay,COUPON-AAA,15.85,AUD
756696,2024-01-06T00:45:54,2024-01-06,264,45,Online,PayPal,COUPON0900,7.59,AUD
756726,2024-01-06T05:41:26,2024-01-06,432,33,Online,PayPal,COUPON---A,13.84,AUD
756955,2024-01-06T09:41:22,2024-01-06,197,28,Retail,PayPal,COUPONA9ZZ,1.12,AUD
757134,2024-01-06T22:06:23,2024-01-06,207,27,Retail,PayPal,COUPONA9-0,5.98,AUD
757216,2024-01-06T11:46:41,2024-01-06,341,3,Retail,Afterpay,COUPON90AA,9.4,AUD
757353,2024-01-06T12:55:25,2024-01-06,733,13,Retail,Afterpay,COUPON909A,15.94,AUD
757446,2024-01-06T04:26:52,2024-01-06,545,3,Online,Afterpay,COUPON09-9,10.05,AUD
757554,2024-01-06T21:12:22,2024-01-06,582,32,Online,Credit Card,COUPON-90-,3.22,AUD
757666,2024-01-06T01:14:18,2024-01-06,115,17,Retail,Credit Card,COUPON9900,4.32,AUD
757733,2024-01-06T00:59:04,2024-01-06,154,46,Retail,PayPal,COUPONZZZA,13.49,AUD
757947,2024-01-06T11:33:16,2024-01-06,317,5,Retail,PayPal,COUPON0-9-,13.85,AUD
758020,2024-01-06T15:01:29,2024-01-06,151,48,Retail,PayPal,COUPONA9--,13.39,AUD
758154,2024-01-06T19:17:43,2024-01-06,621,41,Retail,Credit Card,COUPON-A9-,6.49,AUD
758195,2024-01-06T01:44:13,2024-01-06,343,43,Retail,Afterpay,COUPON-900,13.11,AUD
758320,2024-01-06T15:00:20,2024-01-06,327,12,Online,Afterpay,COUPON-ZAA,19.11,AUD
758532,2024-01-06T14:06:11,2024-01-06,396,49,Retail,Credit Card,COUPONAZA-,9.24,AUD
758580,2024-01-06T06:25:32,2024-01-06,455,25,Online,PayPal,COUPON000-,9.32,AUD
758685,2024-01-06T01:47:52,2024-01-06,320,33,Online,PayPal,COUPON0A9A,13.92,AUD
758755,2024-01-06T19:57:00,2024-01-06,346,1,Retail,Afterpay,COUPON--Z9,4.07,AUD
758852,2024-01-06T04:06:03,2024-01-06,580,40,Online,Credit Card,COUPON-9A0,6.3,AUD
758938,2024-01-06T17:10:17,2024-01-06,170,6,Retail,Credit Card,COUPON0Z9A,0.76,AUD
759063,2024-01-06T15:43:25,2024-01-06,233,35,Retail,PayPal,COUPON0A09,8.37,AUD
759156,2024-01-06T02:56:07,2024-01-06,189,13,Retail,Credit Card,COUPON9Z--,19.58,AUD
759235,2024-01-06T04:09:07,2024-01-06,698,42,Online,PayPal,COUPON-0ZZ,17.31,AUD
759298,2024-01-06T11:29:43,2024-01-06,383,4,Retail,Afterpay,COUPONAA9-,10.29,AUD
759382,2024-01-06T10:49:33,2024-01-06,37,41,Retail,Credit Card,COUPON99ZA,12.43,AUD
759489,2024-01-06T07:05:12,2024-01-06,213,25,Retail,PayPal,COUPONZZ--,2.22,AUD
759534,2024-01-06T05:58:40,2024-01-06,127,47,Retail,PayPal,COUPON9-9A,13.81,AUD
759549,2024-01-06T04:35:39,2024-01-06,581,19,Online,PayPal,COUPON0--Z,11.66,AUD
759679,2024-01-06T16:50:08,2024-01-06,83,38,Retail,PayPal,COUPON---0,18.44,AUD
759764,2024-01-06T06:56:32,2024-01-06,442,44,Retail,PayPal,COUPON-90-,7.76,AUD
759921,2024-01-06T14:31:58,2024-01-06,486,7,Online,PayPal,COUPONZ-Z-,5.5,AUD
759985,2024-01-06T16:41:35,2024-01-06,490,44,Online,PayPal,COUPON99-9,5.45,AUD
760036,2024-01-06T23:44:48,2024-01-06,663,23,Retail,Credit Card,COUPON-0Z9,7.24,AUD
760093,2024-01-06T00:10:13,2024-01-06,368,24,Online,Credit Card,COUPONZ-A9,5.88,AUD
760105,2024-01-06T20:37:06,2024-01-06,347,16,Online,PayPal,COUPONZZZA,10.43,AUD
760153,2024-01-06T10:16:49,2024-01-06,734,37,Online,Credit Card,COUPON-990,0.63,AUD
760158,2024-01-06T10:55:56,2024-01-06,345,46,Online,Credit Card,COUPON0ZZ9,1.7,AUD
760268,2024-01-06T15:34:28,2024-01-06,384,40,Online,Afterpay,COUPONZZAZ,1.92,AUD
760333,2024-01-06T15:11:37,2024-01-06,661,46,Retail,PayPal,COUPON99--,7.54,AUD
760410,2024-01-06T05:48:43,2024-01-06,779,6,Online,Afterpay,COUPON9-Z0,3.98,AUD
760411,2024-01-06T13:56:21,2024-01-06,76,43,Online,Credit Card,COUPON-Z--,7.7,AUD
760694,2024-01-06T20:16:15,2024-01-06,258,45,Online,Credit Card,COUPON90-0,3.5,AUD
760880,2024-01-06T22:07:28,2024-01-06,432,19,Online,PayPal,COUPON009-,7.57,AUD
761019,2024-01-06T03:38:55,2024-01-06,645,47,Retail,Afterpay,COUPON--0Z,9.63,AUD
761044,2024-01-06T02:25:08,2024-01-06,213,49,Retail,PayPal,COUPON-99A,0.44,AUD
761052,2024-01-06T21:36:16,2024-01-06,625,15,Online,Afterpay,COUPON-A90,5.63,AUD
761323,2024-01-06T03:50:49,2024-01-06,259,39,Online,Afterpay,COUPONA99A,0.44,AUD
761353,2024-01-06T20:59:19,2024-01-06,580,2,Retail,Credit Card,COUPON-0A-,15.96,AUD
761475,2024-01-06T15:23:49,2024-01-06,647,33,Online,PayPal,COUPON-AZ-,19.99,AUD
761778,2024-01-06T21:34:24,2024-01-06,211,9,Online,Afterpay,COUPON0-99,13.1,AUD
761930,2024-01-06T04:37:04,2024-01-06,49,44,Retail,Credit Card,COUPONA9-0,13.67,AUD
761954,2024-01-06T09:27:00,2024-01-06,184,22,Online,Afterpay,COUPON--0-,7.37,AUD
762028,2024-01-06T04:11:09,2024-01-06,546,20,Online,Afterpay,COUPON-Z--,19.65,AUD
762037,2024-01-06T08:17:04,2024-01-06,473,26,Online,Afterpay,COUPONZZ-0,0.9,AUD
762065,2024-01-06T09:40:21,2024-01-06,782,49,Retail,Afterpay,COUPON090Z,5.0,AUD
762076,2024-01-06T06:05:08,2024-01-06,695,37,Online,Afterpay,COUPON--9Z,8.2,AUD
762144,2024-01-06T23:33:42,2024-01-06,168,27,Retail,PayPal,COUPONAA99,5.77,AUD
762639,2024-01-06T08:32:16,2024-01-06,656,21,Retail,Credit Card,COUPONA0Z-,3.28,AUD
762796,2024-01-06T20:12:07,2024-01-06,268,21,Retail,Afterpay,COUPON--0-,4.41,AUD
762809,2024-01-06T10:24:32,2024-01-06,615,17,Online,PayPal,COUPON90--,15.26,AUD
763116,2024-01-06T21:03:24,2024-01-06,523,35,Online,Afterpay,COUPON9A-Z,10.26,AUD
763131,2024-01-06T06:01:47,2024-01-06,510,18,Retail,PayPal,COUPONA999,15.17,AUD
763174,2024-01-06T15:00:06,2024-01-06,730,32,Online,Credit Card,COUPON99A9,18.51,AUD
763274,2024-01-06T17:18:23,2024-01-06,652,28,Retail,PayPal,COUPON0Z-Z,18.73,AUD
763514,2024-01-06T23:25:26,2024-01-06,7,1,Retail,PayPal,COUPON-90Z,13.22,AUD
763694,2024-01-06T18:12:28,2024-01-06,341,43,Online,Credit Card,COUPON----,0.41,AUD
763776,2024-01-06T11:25:31,2024-01-06,118,36,Retail,Afterpay,COUPON9AZZ,2.47,AUD
763988,2024-01-06T16:06:49,2024-01-06,695,27,Retail,Afterpay,COUPONZ090,18.04,AUD
764134,2024-01-06T22:36:31,2024-01-06,210,37,Online,PayPal,COUPON--90,8.01,AUD
764475,2024-01-06T18:19:23,2024-01-06,89,11,Online,PayPal,COUPON0Z-A,17.75,AUD
764481,2024-01-06T23:04:58,2024-01-06,272,48,Online,Credit Card,COUPON00AA,7.73,AUD
764575,2024-01-06T14:59:00,2024-01-06,269,21,Online,Afterpay,COUPONZA0Z,10.88,AUD
764737,2024-01-06T02:23:41,2024-01-06,355,30,Retail,PayPal,COUPONAAA0,15.78,AUD
764799,2024-01-06T19:08:57,2024-01-06,87,38,Online,PayPal,COUPON-9AZ,7.69,AUD
764899,2024-01-06T20:28:50,2024-01-06,62,14,Online,PayPal,COUPONZ900,14.48,AUD
764993,2024-01-06T03:57:11,2024-01-06,203,38,Retail,PayPal,COUPON--0Z,5.62,AUD
764997,2024-01-06T16:36:22,2024-01-06,227,42,Online,Afterpay,COUPON-Z0A,0.03,AUD
765053,2024-01-06T17:26:38,2024-01-06,184,49,Online,Afterpay,COUPON--0-,3.69,AUD
765089,2024-01-06T17:07:19,2024-01-06,79,24,Retail,Afterpay,COUPONA0--,18.43,AUD
765099,2024-01-06T06:23:48,2024-01-06,451,38,Online,Afterpay,COUPON--AZ,5.54,AUD
765126,2024-01-06T23:12:30,2024-01-06,489,29,Retail,Afterpay,COUPON999A,10.65,AUD
765145,2024-01-06T15:05:13,2024-01-06,794,12,Retail,Credit Card,COUPONA--A,9.2,AUD
765153,2024-01-06T06:21:57,2024-01-06,299,22,Retail,PayPal,COUPONZ090,4.1,AUD
765210,2024-01-06T17:23:47,2024-01-06,222,24,Retail,Credit Card,COUPON---A,13.92,AUD
765261,2024-01-06T03:20:34,2024-01-06,387,35,Online,Afterpay,COUPON-09Z,18.89,AUD
765263,2024-01-06T07:29:39,2024-01-06,217,46,Online,Afterpay,COUPON099-,14.16,AUD
765283,2024-01-06T14:43:25,2024-01-06,611,17,Online,Credit Card,COUPON0--9,4.03,AUD
765446,2024-01-06T18:33:51,2024-01-06,183,21,Retail,Afterpay,COUPONZ0AZ,8.06,AUD
765548,2024-01-06T09:57:48,2024-01-06,139,1,Retail,Afterpay,COUPONA---,4.49,AUD
765694,2024-01-06T11:40:17,2024-01-06,721,19,Online,Afterpay,COUPON9-Z-,11.46,AUD
765797,2024-01-06T03:52:06,2024-01-06,520,32,Retail,PayPal,COUPON-9-Z,15.18,AUD
765801,2024-01-06T23:00:05,2024-01-06,49,22,Online,Credit Card,COUPONZ0-0,4.14,AUD
765926,2024-01-06T10:30:30,2024-01-06,31,47,Online,Afterpay,COUPON00--,17.24,AUD
765936,2024-01-06T13:13:15,2024-01-06,374,3,Online,Credit Card,COUPON-AZ0,1.76,AUD
766010,2024-01-06T19:33:32,2024-01-06,163,18,Online,Afterpay,COUPON0900,3.95,AUD
766076,2024-01-06T09:24:11,2024-01-06,554,38,Retail,PayPal,COUPON90AZ,6.5,AUD
766119,2024-01-06T14:06:41,2024-01-06,756,18,Retail,Credit Card,COUPON9-09,2.85,AUD
766295,2024-01-06T22:23:45,2024-01-06,61,18,Retail,PayPal,COUPONAZZA,1.67,AUD
766384,2024-01-06T17:49:31,2024-01-06,367,44,Retail,Credit Card,COUPON-900,11.33,AUD
766563,2024-01-06T16:55:37,2024-01-06,281,40,Online,PayPal,COUPONZ09A,3.29,AUD
766593,2024-01-06T01:45:51,2024-01-06,566,16,Online,Afterpay,COUPON9A-0,16.11,AUD
766606,2024-01-06T00:51:17,2024-01-06,79,46,Online,PayPal,COUPONZA-Z,5.11,AUD
766625,2024-01-06T05:43:07,2024-01-06,419,25,Online,Afterpay,COUPON9--0,1.86,AUD
766651,2024-01-06T11:30:14,2024-01-06,489,3,Online,Credit Card,COUPONAZ-9,16.54,AUD
766674,2024-01-06T15:33:08,2024-01-06,508,30,Online,Credit Card,COUPON999-,2.13,AUD
766681,2024-01-06T16:14:01,2024-01-06,577,31,Retail,Credit Card,COUPON09Z-,8.11,AUD
766838,2024-01-06T20:34:31,2024-01-06,125,22,Online,Afterpay,COUPONZZ-0,8.19,AUD
767003,2024-01-06T08:44:05,2024-01-06,794,6,Online,Afterpay,COUPON9Z0-,7.61,AUD
767114,2024-01-06T12:09:11,2024-01-06,112,37,Retail,PayPal,COUPON-A09,18.53,AUD
767263,2024-01-06T14:40:01,2024-01-06,254,20,Retail,PayPal,COUPON-0Z-,19.46,AUD
767509,2024-01-06T00:37:41,2024-01-06,559,18,Retail,Credit Card,COUPONZAA-,3.02,AUD
767876,2024-01-06T16:25:23,2024-01-06,381,5,Retail,PayPal,COUPON-09Z,6.02,AUD
767933,2024-01-06T09:37:13,2024-01-06,318,4,Retail,Afterpay,COUPON-ZA-,9.47,AUD
767971,2024-01-06T19:28:18,2024-01-06,600,41,Online,Credit Card,COUPONA0Z0,6.67,AUD
768040,2024-01-06T17:50:24,2024-01-06,92,11,Online,Afterpay,COUPON-AA-,14.46,AUD
768128,2024-01-06T10:24:51,2024-01-06,635,45,Online,PayPal,COUPON9-00,19.16,AUD
768269,2024-01-06T01:49:15,2024-01-06,622,15,Retail,Afterpay,COUPON----,5.64,AUD
768295,2024-01-06T03:18:51,2024-01-06,600,3,Retail,PayPal,COUPON090-,8.72,AUD
768376,2024-01-06T03:38:38,2024-01-06,555,29,Retail,Credit Card,COUPON-0A0,6.94,AUD
768637,2024-01-06T12:20:01,2024-01-06,232,41,Retail,Afterpay,COUPON-A--,1.78,AUD
768659,2024-01-06T08:55:23,2024-01-06,141,23,Retail,PayPal,COUPONZZZ9,10.79,AUD
768676,2024-01-06T17:57:16,2024-01-06,425,42,Online,Afterpay,COUPON00A-,12.21,AUD
768729,2024-01-06T16:09:57,2024-01-06,243,10,Online,PayPal,COUPON9A00,9.78,AUD
768783,2024-01-06T03:33:10,2024-01-06,153,37,Retail,PayPal,COUPON09-9,18.87,AUD
769051,2024-01-06T06:57:40,2024-01-06,665,4,Online,Afterpay,COUPON-Z0-,5.17,AUD
769055,2024-01-06T18:42:15,2024-01-06,799,22,Online,Credit Card,COUPONA9ZA,7.85,AUD
769308,2024-01-06T16:08:14,2024-01-06,631,11,Retail,Afterpay,COUPON0-AZ,9.89,AUD
769460,2024-01-06T19:33:31,2024-01-06,329,10,Online,Afterpay,COUPON90Z9,9.45,AUD
769505,2024-01-06T06:01:02,2024-01-06,533,37,Online,Credit Card,COUPON9AA0,2.62,AUD
769577,2024-01-06T11:48:48,2024-01-06,168,28,Online,PayPal,COUPONZ-0Z,0.63,AUD
769628,2024-01-06T22:51:58,2024-01-06,614,46,Retail,Afterpay,COUPONZ9--,15.89,AUD
769887,2024-01-06T01:28:09,2024-01-06,682,14,Online,PayPal,COUPON0AZA,7.24,AUD
769889,2024-01-06T06:19:20,2024-01-06,228,35,Retail,Afterpay,COUPONZ9-0,17.02,AUD
769973,2024-01-06T22:07:39,2024-01-06,229,22,Online,Credit Card,COUPON-9AA,5.22,AUD
770029,2024-01-06T08:32:38,2024-01-06,139,10,Online,PayPal,COUPON99Z-,14.92,AUD
770066,2024-01-06T07:34:13,2024-01-06,15,45,Online,Credit Card,COUPON-09-,15.17,AUD
770100,2024-01-06T03:14:21,2024-01-06,288,36,Online,PayPal,COUPON99-9,2.6,AUD
770103,2024-01-06T02:52:00,2024-01-06,60,31,Online,Afterpay,COUPON9AZ-,13.03,AUD
770310,2024-01-06T10:42:51,2024-01-06,363,31,Online,Afterpay,COUPONA-ZZ,17.85,AUD
770380,2024-01-06T07:14:33,2024-01-06,583,47,Online,Credit Card,COUPON9ZZA,18.41,AUD
770496,2024-01-06T19:04:10,2024-01-06,549,39,Retail,PayPal,COUPONZA9A,7.09,AUD
770579,2024-01-06T04:03:42,2024-01-06,681,5,Retail,PayPal,COUPONA99Z,18.23,AUD
771053,2024-01-06T21:41:49,2024-01-06,427,33,Retail,Credit Card,COUPON9-9Z,0.65,AUD
771062,2024-01-06T11:17:07,2024-01-06,254,36,Retail,Afterpay,COUPONAZZZ,18.58,AUD
771112,2024-01-06T18:45:56,2024-01-06,31,47,Retail,PayPal,COUPON-ZZ0,14.47,AUD
771156,2024-01-06T09:54:16,2024-01-06,762,17,Online,PayPal,COUPONA09Z,12.97,AUD
771209,2024-01-06T10:11:37,2024-01-06,415,35,Retail,PayPal,COUPON0-09,12.78,AUD
771305,2024-01-06T21:16:48,2024-01-06,119,12,Online,Afterpay,COUPON90Z9,7.38,AUD
771419,2024-01-06T20:13:19,2024-01-06,778,32,Retail,Credit Card,COUPON9AZ-,3.07,AUD
771532,2024-01-06T11:33:19,2024-01-06,262,34,Retail,Afterpay,COUPON9--A,17.89,AUD
771539,2024-01-06T21:55:05,2024-01-06,236,28,Retail,Credit Card,COUPON9AZ-,12.58,AUD
771767,2024-01-06T17:01:15,2024-01-06,502,2,Online,Credit Card,COUPONA09A,15.88,AUD
771837,2024-01-06T11:25:22,2024-01-06,769,45,Online,PayPal,COUPON--AZ,4.37,AUD
771935,2024-01-06T12:16:59,2024-01-06,186,6,Retail,Credit Card,COUPON9-A0,19.42,AUD
772443,2024-01-06T14:23:53,2024-01-06,247,38,Online,Afterpay,COUPONZ0Z9,18.12,AUD
772484,2024-01-06T16:48:33,2024-01-06,307,24,Online,Afterpay,COUPON-9-9,14.08,AUD
772597,2024-01-06T08:08:37,2024-01-06,752,24,Retail,PayPal,COUPON00Z-,14.9,AUD
772882,2024-01-06T06:41:33,2024-01-06,630,22,Online,Afterpay,COUPON-A--,0.53,AUD
773087,2024-01-06T01:44:10,2024-01-06,431,30,Online,Credit Card,COUPON0090,3.63,AUD
773167,2024-01-06T08:02:46,2024-01-06,32,25,Online,Credit Card,COUPON--0A,0.62,AUD
773230,2024-01-06T22:18:39,2024-01-06,195,40,Online,PayPal,COUPON9-Z-,18.23,AUD
773343,2024-01-06T16:37:15,2024-01-06,208,40,Online,Credit Card,COUPON-AA9,13.84,AUD
773416,2024-01-06T15:16:39,2024-01-06,26,45,Online,PayPal,COUPONZ0--,12.95,AUD
773634,2024-01-06T11:42:49,2024-01-06,236,45,Online,Afterpay,COUPON9--A,11.29,AUD
773757,2024-01-06T06:48:06,2024-01-06,248,36,Retail,Credit Card,COUPON--0-,6.27,AUD
773860,2024-01-06T16:12:10,2024-01-06,657,40,Retail,Credit Card,COUPON-Z--,17.66,AUD
773870,2024-01-06T23:59:04,2024-01-06,776,19,Retail,Afterpay,COUPON0Z-Z,19.34,AUD
773906,2024-01-06T06:16:39,2024-01-06,88,6,Retail,Credit Card,COUPON99ZZ,0.62,AUD
773924,2024-01-06T01:52:48,2024-01-06,695,33,Online,Credit Card,COUPON0ZZ-,12.27,AUD
773954,2024-01-06T10:05:56,2024-01-06,477,41,Retail,Afterpay,COUPON--00,1.14,AUD
774035,2024-01-06T10:24:36,2024-01-06,715,39,Retail,Afterpay,COUPON0AAZ,4.1,AUD
774134,2024-01-06T17:21:23,2024-01-06,358,14,Retail,Credit Card,COUPON---9,19.98,AUD
774217,2024-01-06T14:35:54,2024-01-06,230,33,Online,Afterpay,COUPON0Z0A,10.88,AUD
774382,2024-01-06T11:05:44,2024-01-06,313,44,Online,PayPal,COUPONZ--9,10.06,AUD
774619,2024-01-06T22:00:47,2024-01-06,640,40,Online,Credit Card,COUPONA990,8.8,AUD
774650,2024-01-06T10:09:17,2024-01-06,672,22,Online,PayPal,COUPON9--A,0.56,AUD
774661,2024-01-06T12:23:16,2024-01-06,331,47,Retail,Credit Card,COUPON90--,18.82,AUD
774790,2024-01-06T15:52:41,2024-01-06,576,18,Retail,Credit Card,COUPON--AA,9.86,AUD
774906,2024-01-06T10:14:33,2024-01-06,621,12,Retail,Credit Card,COUPONZ-99,17.28,AUD
774946,2024-01-06T21:04:41,2024-01-06,385,21,Retail,Credit Card,COUPON9-ZA,7.55,AUD
775022,2024-01-06T20:56:25,2024-01-06,213,21,Online,Afterpay,COUPON---A,15.06,AUD
775194,2024-01-06T14:02:20,2024-01-06,782,7,Online,Credit Card,COUPON---A,6.57,AUD
775204,2024-01-06T07:53:06,2024-01-06,595,15,Online,PayPal,COUPON-9AA,18.63,AUD
775239,2024-01-06T07:40:28,2024-01-06,8,13,Retail,PayPal,COUPON---A,11.86,AUD
775257,2024-01-06T02:33:11,2024-01-06,111,35,Online,Credit Card,COUPONZAZ0,18.2,AUD
775357,2024-01-06T20:13:13,2024-01-06,509,44,Retail,Credit Card,COUPONZ90Z,9.06,AUD
775420,2024-01-06T07:01:23,2024-01-06,20,35,Retail,PayPal,COUPON-90A,15.43,AUD
775541,2024-01-06T07:55:22,2024-01-06,549,6,Online,Afterpay,COUPON9A-A,17.67,AUD
775630,2024-01-06T18:10:16,2024-01-06,310,37,Retail,Afterpay,COUPON0--9,18.2,AUD
775664,2024-01-06T01:03:33,2024-01-06,600,32,Retail,Afterpay,COUPONA0-0,12.14,AUD
775731,2024-01-06T20:03:29,2024-01-06,555,8,Online,PayPal,COUPON-A-Z,19.57,AUD
775957,2024-01-06T18:22:16,2024-01-06,650,9,Retail,Afterpay,COUPON-0--,9.14,AUD
775999,2024-01-06T12:56:07,2024-01-06,679,31,Retail,PayPal,COUPONZ00Z,5.6,AUD
776138,2024-01-06T17:59:30,2024-01-06,519,49,Retail,PayPal,COUPONZZA9,7.02,AUD
776211,2024-01-06T08:03:27,2024-01-06,53,49,Online,Afterpay,COUPONAA-0,13.14,AUD
776231,2024-01-06T07:17:17,2024-01-06,684,33,Online,Credit Card,COUPONZZ09,6.69,AUD
776514,2024-01-06T08:41:56,2024-01-06,23,30,Retail,Credit Card,COUPON9--0,8.3,AUD
776554,2024-01-06T14:10:01,2024-01-06,115,27,Retail,Credit Card,COUPON99A9,5.57,AUD
776611,2024-01-06T08:35:37,2024-01-06,451,28,Retail,Afterpay,COUPON-Z-Z,18.66,AUD
776721,2024-01-06T17:50:08,2024-01-06,297,10,Online,PayPal,COUPONZ9Z0,18.47,AUD
776807,2024-01-06T04:01:36,2024-01-06,11,44,Online,PayPal,COUPONAA-9,12.3,AUD
776855,2024-01-06T13:34:29,2024-01-06,108,43,Retail,Credit Card,COUPON9-00,16.49,AUD
776864,2024-01-06T14:19:48,2024-01-06,329,35,Online,Credit Card,COUPON-AZ-,8.9,AUD
777287,2024-01-06T16:18:40,2024-01-06,578,10,Online,Afterpay,COUPON0-9-,0.9,AUD
777289,2024-01-06T21:26:05,2024-01-06,178,45,Retail,Credit Card,COUPONA9Z9,19.31,AUD
777500,2024-01-06T10:54:24,2024-01-06,676,25,Retail,Afterpay,COUPON----,17.4,AUD
777586,2024-01-06T15:47:46,2024-01-06,496,20,Online,PayPal,COUPON-99-,0.08,AUD
777655,2024-01-06T03:06:27,2024-01-06,569,32,Online,PayPal,COUPON9AZ9,16.18,AUD
777693,2024-01-06T07:04:20,2024-01-06,792,6,Online,PayPal,COUPON--9-,9.51,AUD
777699,2024-01-06T08:55:17,2024-01-06,781,8,Retail,Afterpay,COUPONZ-0A,1.9,AUD
777870,2024-01-06T00:49:33,2024-01-06,787,31,Retail,Afterpay,COUPON090-,11.71,AUD
777900,2024-01-06T19:07:20,2024-01-06,368,41,Retail,PayPal,COUPON9A99,10.45,AUD
777914,2024-01-06T10:37:20,2024-01-06,724,26,Online,PayPal,COUPONZ-0A,10.21,AUD
777941,2024-01-06T13:01:06,2024-01-06,321,17,Retail,PayPal,COUPON--0Z,17.15,AUD
778020,2024-01-06T22:07:54,2024-01-06,596,36,Retail,PayPal,COUPON9-AZ,4.85,AUD
778333,2024-01-06T03:40:29,2024-01-06,335,14,Online,PayPal,COUPON0--A,19.75,AUD
778378,2024-01-06T20:48:29,2024-01-06,724,16,Retail,Credit Card,COUPONA090,5.22,AUD
778473,2024-01-06T02:58:55,2024-01-06,321,33,Retail,Afterpay,COUPON-99Z,7.98,AUD
778571,2024-01-06T08:08:24,2024-01-06,501,15,Online,Credit Card,COUPON-ZZ0,17.43,AUD
778574,2024-01-06T20:50:35,2024-01-06,92,17,Online,Afterpay,COUPON00ZZ,16.53,AUD
778698,2024-01-06T03:57:08,2024-01-06,264,5,Retail,Afterpay,COUPON9ZAA,17.72,AUD
778864,2024-01-06T18:03:22,2024-01-06,657,38,Retail,Credit Card,COUPON-990,8.9,AUD
778969,2024-01-06T16:08:16,2024-01-06,695,3,Retail,PayPal,COUPON---0,18.08,AUD
779032,2024-01-06T21:16:28,2024-01-06,345,4,Online,Credit Card,COUPONZ9-A,10.4,AUD
779158,2024-01-06T14:40:02,2024-01-06,622,35,Online,Credit Card,COUPON0009,2.5,AUD
779259,2024-01-06T11:55:53,2024-01-06,146,39,Online,Afterpay,COUPON-99-,13.26,AUD
779281,2024-01-06T14:30:00,2024-01-06,392,45,Online,Credit Card,COUPON-Z-9,0.14,AUD
779407,2024-01-06T00:56:13,2024-01-06,457,13,Retail,Afterpay,COUPON-9A9,18.5,AUD
779522,2024-01-06T02:55:12,2024-01-06,401,16,Retail,PayPal,COUPON09-0,11.26,AUD
779595,2024-01-06T23:30:16,2024-01-06,262,4,Online,PayPal,COUPON0AA0,3.82,AUD
779701,2024-01-06T08:06:26,2024-01-06,26,18,Online,PayPal,COUPON-99-,15.93,AUD
779792,2024-01-06T10:40:14,2024-01-06,161,41,Retail,Credit Card,COUPON09-9,1.08,AUD
779796,2024-01-06T06:54:15,2024-01-06,453,46,Retail,Credit Card,COUPONZ-A9,19.15,AUD
779972,2024-01-06T04:22:33,2024-01-06,296,48,Online,PayPal,COUPONZ-0-,0.58,AUD
780525,2024-01-06T10:14:18,2024-01-06,728,3,Online,PayPal,COUPON-099,16.69,AUD
780593,2024-01-06T15:17:09,2024-01-06,423,49,Retail,Afterpay,COUPON9A--,7.36,AUD
780718,2024-01-06T04:00:45,2024-01-06,60,29,Retail,Afterpay,COUPON-A--,11.68,AUD
780773,2024-01-06T15:44:10,2024-01-06,445,32,Online,PayPal,COUPON9AZA,2.34,AUD
781002,2024-01-06T09:06:21,2024-01-06,13,24,Online,PayPal,COUPONA-9Z,0.24,AUD
781391,2024-01-06T07:42:48,2024-01-06,569,40,Retail,Afterpay,COUPONZ000,19.05,AUD
781487,2024-01-06T21:43:05,2024-01-06,254,43,Retail,Afterpay,COUPON-AAZ,12.24,AUD
781507,2024-01-06T08:15:40,2024-01-06,302,38,Online,Afterpay,COUPONZ-AA,14.7,AUD
781562,2024-01-06T17:38:38,2024-01-06,192,30,Retail,PayPal,COUPON09A9,11.86,AUD
781583,2024-01-06T11:36:27,2024-01-06,730,30,Retail,PayPal,COUPONA9ZZ,15.73,AUD
781587,2024-01-06T11:04:43,2024-01-06,611,18,Online,Credit Card,COUPON0-AZ,18.66,AUD
781749,2024-01-06T19:25:03,2024-01-06,727,16,Online,PayPal,COUPON-99Z,15.57,AUD
781781,2024-01-06T22:17:34,2024-01-06,6,41,Online,Credit Card,COUPONA9-Z,3.18,AUD
781809,2024-01-06T07:42:49,2024-01-06,39,4,Online,PayPal,COUPON-AZ-,13.8,AUD
781832,2024-01-06T03:20:47,2024-01-06,175,18,Online,PayPal,COUPONZ9-Z,2.46,AUD
781882,2024-01-06T16:52:30,2024-01-06,541,17,Online,Afterpay,COUPON0-Z-,17.59,AUD
781936,2024-01-06T04:11:16,2024-01-06,218,13,Online,Afterpay,COUPON--0A,0.47,AUD
782193,2024-01-06T05:44:51,2024-01-06,510,18,Retail,Afterpay,COUPONAA0A,19.06,AUD
782252,2024-01-06T20:20:35,2024-01-06,323,10,Online,Credit Card,COUPON900A,15.6,AUD
782443,2024-01-06T23:56:54,2024-01-06,428,20,Retail,Credit Card,COUPON-Z09,17.89,AUD
782475,2024-01-06T15:18:40,2024-01-06,346,30,Online,Afterpay,COUPONA0-0,17.87,AUD
782522,2024-01-06T01:13:01,2024-01-06,12,3,Online,Credit Card,COUPONZ0A0,2.4,AUD
782578,2024-01-06T10:03:08,2024-01-06,388,5,Retail,PayPal,COUPON-Z-9,13.45,AUD
782606,2024-01-06T15:43:43,2024-01-06,8,28,Online,Afterpay,COUPONA0Z-,9.27,AUD
782607,2024-01-06T12:43:32,2024-01-06,563,30,Retail,Afterpay,COUPON9-AZ,3.65,AUD
782609,2024-01-06T16:10:03,2024-01-06,2,36,Online,Credit Card,COUPON--09,12.97,AUD
782923,2024-01-06T08:28:19,2024-01-06,303,4,Retail,Afterpay,COUPONAZ--,19.47,AUD
783083,2024-01-06T03:38:27,2024-01-06,799,47,Online,Credit Card,COUPONAZA-,18.25,AUD
783090,2024-01-06T01:41:47,2024-01-06,107,38,Retail,Credit Card,COUPON99A9,2.84,AUD
783153,2024-01-06T04:19:45,2024-01-06,313,4,Online,PayPal,COUPON--9Z,13.47,AUD
783154,2024-01-06T10:00:54,2024-01-06,406,33,Online,Afterpay,COUPON-0-A,7.33,AUD
783170,2024-01-06T04:04:54,2024-01-06,119,26,Online,PayPal,COUPON-9-9,15.31,AUD
783173,2024-01-06T21:46:41,2024-01-06,647,43,Online,PayPal,COUPONZA9A,11.39,AUD
783298,2024-01-06T04:59:23,2024-01-06,451,9,Retail,Afterpay,COUPON-0Z-,5.57,AUD
783401,2024-01-06T11:54:29,2024-01-06,319,19,Retail,Credit Card,COUPON---A,9.86,AUD
783558,2024-01-06T12:26:28,2024-01-06,226,6,Retail,Credit Card,COUPON0AA-,7.11,AUD
783775,2024-01-06T17:42:33,2024-01-06,178,15,Retail,PayPal,COUPONZ9A-,11.64,AUD
783802,2024-01-06T15:52:27,2024-01-06,507,9,Online,Credit Card,COUPONZZ9-,6.67,AUD
783944,2024-01-06T20:09:30,2024-01-06,651,19,Online,PayPal,COUPONA---,10.97,AUD
784197,2024-01-06T16:38:30,2024-01-06,587,26,Retail,Afterpay,COUPON0-9Z,4.5,AUD
784316,2024-01-06T17:14:16,2024-01-06,756,32,Online,Afterpay,COUPON-0-0,0.7,AUD
784461,2024-01-06T12:36:07,2024-01-06,533,10,Retail,PayPal,COUPON9-A9,16.95,AUD
784475,2024-01-06T08:15:19,2024-01-06,407,9,Online,Credit Card,COUPON-990,11.81,AUD
784502,2024-01-06T02:34:36,2024-01-06,473,10,Retail,PayPal,COUPON-AAA,1.3,AUD
784552,2024-01-06T02:40:03,2024-01-06,271,12,Retail,PayPal,COUPONZ09Z,10.44,AUD
784623,2024-01-06T14:21:59,2024-01-06,595,37,Online,Credit Card,COUPONZ0--,0.17,AUD
784852,2024-01-06T21:34:16,2024-01-06,163,10,Retail,Afterpay,COUPON09-Z,4.17,AUD
784927,2024-01-06T04:51:11,2024-01-06,529,49,Online,PayPal,COUPON--09,19.06,AUD
785023,2024-01-06T00:08:55,2024-01-06,587,5,Online,Credit Card,COUPONAZ09,1.02,AUD
785665,2024-01-06T10:12:36,2024-01-06,637,4,Retail,Credit Card,COUPON9---,12.17,AUD
785846,2024-01-06T17:25:49,2024-01-06,531,11,Online,PayPal,COUPON-9--,8.78,AUD
785993,2024-01-06T21:55:38,2024-01-06,642,38,Online,PayPal,COUPON99AZ,15.55,AUD
786039,2024-01-06T05:48:59,2024-01-06,461,21,Online,Credit Card,COUPON--9Z,19.57,AUD
786078,2024-01-06T15:33:52,2024-01-06,221,29,Retail,Afterpay,COUPON--9Z,12.76,AUD
786142,2024-01-06T17:48:15,2024-01-06,354,25,Retail,Credit Card,COUPONAA0-,3.08,AUD
786228,2024-01-06T21:36:52,2024-01-06,633,16,Online,PayPal,COUPONZA-0,7.99,AUD
786356,2024-01-06T06:58:56,2024-01-06,211,2,Retail,Credit Card,COUPONZA99,19.36,AUD
786481,2024-01-06T04:56:55,2024-01-06,252,42,Retail,Credit Card,COUPONZA9Z,9.89,AUD
786491,2024-01-06T08:35:59,2024-01-06,749,25,Retail,PayPal,COUPON00Z0,13.41,AUD
786504,2024-01-06T00:13:20,2024-01-06,567,2,Online,Credit Card,COUPONA-ZZ,14.09,AUD
786548,2024-01-06T04:39:06,2024-01-06,639,9,Retail,Credit Card,COUPON09-0,15.81,AUD
786598,2024-01-06T12:20:29,2024-01-06,722,8,Retail,PayPal,COUPONZA-9,9.85,AUD
786605,2024-01-06T06:18:29,2024-01-06,428,23,Retail,PayPal,COUPON-000,18.55,AUD
786688,2024-01-06T22:59:15,2024-01-06,339,38,Online,Afterpay,COUPON90A-,7.59,AUD
786730,2024-01-06T06:19:43,2024-01-06,593,14,Retail,Afterpay,COUPON09A-,3.16,AUD
786776,2024-01-06T23:09:28,2024-01-06,3,49,Retail,Afterpay,COUPONA99-,4.42,AUD
786805,2024-01-06T09:08:48,2024-01-06,14,34,Online,Afterpay,COUPON00A9,7.82,AUD
786887,2024-01-06T21:55:46,2024-01-06,51,40,Online,Credit Card,COUPON-9A-,16.97,AUD
786899,2024-01-06T10:19:55,2024-01-06,765,10,Retail,PayPal,COUPON99-Z,4.0,AUD
787141,2024-01-06T05:20:06,2024-01-06,385,13,Retail,PayPal,COUPON9Z99,13.86,AUD
787201,2024-01-06T08:50:04,2024-01-06,571,49,Retail,Credit Card,COUPONA---,15.31,AUD
787245,2024-01-06T01:55:20,2024-01-06,93,8,Online,Afterpay,COUPONZZ0-,11.95,AUD
787299,2024-01-06T13:59:08,2024-01-06,507,36,Retail,PayPal,COUPONAA90,9.15,AUD
787320,2024-01-06T17:30:13,2024-01-06,718,48,Retail,PayPal,COUPON-ZA9,17.5,AUD
787494,2024-01-06T23:41:46,2024-01-06,8,14,Online,Credit Card,COUPONA-Z0,1.54,AUD
787507,2024-01-06T11:51:25,2024-01-06,88,10,Retail,Afterpay,COUPON9AZ0,4.95,AUD
787509,2024-01-06T16:57:01,2024-01-06,383,41,Retail,Credit Card,COUPON-99-,16.89,AUD
787865,2024-01-06T01:35:32,2024-01-06,603,31,Retail,PayPal,COUPONA--Z,12.55,AUD
787911,2024-01-06T23:12:31,2024-01-06,354,33,Online,PayPal,COUPON-9A-,11.1,AUD
787928,2024-01-06T00:36:56,2024-01-06,486,40,Online,Afterpay,COUPONAAAZ,8.61,AUD
787965,2024-01-06T15:32:13,2024-01-06,288,30,Online,Afterpay,COUPON--ZZ,1.59,AUD
788194,2024-01-06T14:00:09,2024-01-06,417,22,Retail,Afterpay,COUPON09-0,1.73,AUD
788575,2024-01-06T12:20:51,2024-01-06,175,32,Retail,Credit Card,COUPON--9Z,10.69,AUD
788603,2024-01-06T13:03:43,2024-01-06,134,21,Retail,Afterpay,COUPONZ0--,11.02,AUD
788610,2024-01-06T07:35:19,2024-01-06,674,37,Online,PayPal,COUPON-Z0A,12.81,AUD
788803,2024-01-06T21:16:34,2024-01-06,193,9,Retail,PayPal,COUPONZ099,12.24,AUD
788842,2024-01-06T20:30:53,2024-01-06,24,20,Online,Afterpay,COUPON00Z9,2.98,AUD
788868,2024-01-06T14:34:26,2024-01-06,231,31,Retail,PayPal,COUPON0-A-,8.07,AUD
788884,2024-01-06T12:53:12,2024-01-06,489,30,Retail,Afterpay,COUPON---0,9.11,AUD
788898,2024-01-06T04:06:19,2024-01-06,782,40,Online,Afterpay,COUPON999-,10.79,AUD
789155,2024-01-06T05:34:39,2024-01-06,530,16,Retail,PayPal,COUPON0900,13.88,AUD
789213,2024-01-06T21:43:07,2024-01-06,597,4,Retail,Afterpay,COUPONZ-00,7.65,AUD
789300,2024-01-06T14:28:26,2024-01-06,776,6,Online,Afterpay,COUPON9A--,18.39,AUD
789387,2024-01-06T09:28:03,2024-01-06,793,14,Retail,Credit Card,COUPONZZ0A,12.67,AUD
789406,2024-01-06T09:25:59,2024-01-06,404,42,Retail,PayPal,COUPON009Z,18.84,AUD
789484,2024-01-06T09:26:51,2024-01-06,10,49,Retail,PayPal,COUPON----,4.35,AUD
789534,2024-01-06T14:00:33,2024-01-06,558,38,Retail,Afterpay,COUPON-090,19.21,AUD
789593,2024-01-06T18:51:37,2024-01-06,465,34,Online,Afterpay,COUPON9Z-A,10.3,AUD
789694,2024-01-06T10:02:47,2024-01-06,522,4,Retail,Credit Card,COUPON99-0,0.15,AUD
789866,2024-01-06T15:30:17,2024-01-06,608,49,Online,Afterpay,COUPONZAZA,12.96,AUD
789965,2024-01-06T06:13:24,2024-01-06,740,33,Retail,Credit Card,COUPON9ZZZ,13.71,AUD
790153,2024-01-06T10:02:52,2024-01-06,380,41,Online,PayPal,COUPONA99Z,10.91,AUD
790183,2024-01-06T05:44:53,2024-01-06,730,2,Retail,Credit Card,COUPON9AZ-,12.88,AUD
790210,2024-01-06T07:31:19,2024-01-06,418,21,Online,PayPal,COUPON--0Z,12.87,AUD
790252,2024-01-06T10:18:01,2024-01-06,785,22,Online,Afterpay,COUPON9ZZZ,7.84,AUD
790289,2024-01-06T05:40:16,2024-01-06,512,2,Online,Afterpay,COUPONA--0,2.62,AUD
790337,2024-01-06T09:52:26,2024-01-06,367,22,Online,Afterpay,COUPONAZ9Z,11.52,AUD
790462,2024-01-06T20:39:34,2024-01-06,290,18,Online,Credit Card,COUPONZ-Z0,9.23,AUD
790620,2024-01-06T15:38:55,2024-01-06,626,29,Online,Credit Card,COUPONZ--A,7.29,AUD
790626,2024-01-06T11:40:30,2024-01-06,710,5,Online,PayPal,COUPON9A0-,7.81,AUD
790789,2024-01-06T09:42:48,2024-01-06,284,42,Retail,Afterpay,COUPONZ---,3.1,AUD
790935,2024-01-06T22:57:08,2024-01-06,514,11,Retail,PayPal,COUPONAZ90,5.8,AUD
791076,2024-01-06T14:28:17,2024-01-06,617,25,Retail,PayPal,COUPON--90,13.21,AUD
791103,2024-01-06T03:06:36,2024-01-06,366,19,Online,Credit Card,COUPONA9Z-,5.02,AUD
791130,2024-01-06T17:38:45,2024-01-06,139,46,Online,PayPal,COUPON--Z-,17.08,AUD
791148,2024-01-06T20:41:53,2024-01-06,481,9,Online,Afterpay,COUPON0A-Z,4.21,AUD
791308,2024-01-06T10:50:06,2024-01-06,517,43,Online,Afterpay,COUPON0A-Z,5.62,AUD
791473,2024-01-06T05:49:22,2024-01-06,243,31,Retail,Credit Card,COUPONZAZ-,17.73,AUD
791499,2024-01-06T03:10:46,2024-01-06,458,48,Retail,PayPal,COUPONA999,13.16,AUD
791538,2024-01-06T05:46:37,2024-01-06,84,26,Retail,Afterpay,COUPONA0-0,1.95,AUD
791576,2024-01-06T06:10:58,2024-01-06,228,20,Retail,PayPal,COUPONAA0-,9.17,AUD
791590,2024-01-06T18:32:34,2024-01-06,331,11,Retail,Credit Card,COUPON9Z90,9.36,AUD
791668,2024-01-06T08:15:26,2024-01-06,548,10,Retail,PayPal,COUPONA-0-,3.23,AUD
791754,2024-01-06T05:19:51,2024-01-06,653,35,Online,PayPal,COUPON9A--,13.63,AUD
791800,2024-01-06T03:26:30,2024-01-06,235,21,Retail,Credit Card,COUPON-Z0-,16.43,AUD
791861,2024-01-06T12:07:11,2024-01-06,461,6,Retail,Credit Card,COUPON999-,16.61,AUD
791892,2024-01-06T16:50:15,2024-01-06,244,17,Retail,PayPal,COUPONAZAA,17.71,AUD
791898,2024-01-06T09:08:51,2024-01-06,500,32,Online,PayPal,COUPONA---,1.37,AUD
792062,2024-01-06T13:44:38,2024-01-06,327,18,Retail,PayPal,COUPON99ZA,19.16,AUD
792151,2024-01-06T04:08:47,2024-01-06,107,28,Online,Afterpay,COUPONZ00Z,0.93,AUD
792273,2024-01-06T20:34:42,2024-01-06,666,8,Online,Credit Card,COUPON9909,17.99,AUD
792358,2024-01-06T05:05:12,2024-01-06,197,1,Online,Credit Card,COUPONZZ99,18.85,AUD
792383,2024-01-06T07:20:36,2024-01-06,124,38,Online,Credit Card,COUPON0A-A,6.47,AUD
792396,2024-01-06T06:19:00,2024-01-06,204,49,Retail,Afterpay,COUPONZ---,3.98,AUD
792446,2024-01-06T07:53:49,2024-01-06,638,23,Online,Credit Card,COUPONZZ0Z,19.81,AUD
792490,2024-01-06T16:31:50,2024-01-06,221,40,Retail,Credit Card,COUPONZ-9-,2.01,AUD
792587,2024-01-06T13:52:24,2024-01-06,43,46,Online,Afterpay,COUPONAA-Z,5.75,AUD
792682,2024-01-06T03:25:53,2024-01-06,649,15,Online,Afterpay,COUPONZAA9,5.91,AUD
792689,2024-01-06T05:18:47,2024-01-06,689,1,Retail,Afterpay,COUPON90-A,14.17,AUD
792709,2024-01-06T05:34:46,2024-01-06,686,13,Retail,PayPal,COUPONA-Z-,15.44,AUD
792786,2024-01-06T00:30:06,2024-01-06,630,23,Online,Afterpay,COUPON--90,9.23,AUD
792855,2024-01-06T17:23:13,2024-01-06,685,23,Retail,PayPal,COUPONZZ-0,2.33,AUD
792875,2024-01-06T04:58:19,2024-01-06,191,5,Retail,PayPal,COUPONA-99,18.96,AUD
792943,2024-01-06T17:05:12,2024-01-06,498,2,Retail,PayPal,COUPONA0ZA,13.23,AUD
792955,2024-01-06T23:56:18,2024-01-06,216,1,Online,Afterpay,COUPON0-0A,1.54,AUD
792993,2024-01-06T05:40:36,2024-01-06,732,23,Retail,Credit Card,COUPONAZ0-,15.89,AUD
793007,2024-01-06T14:44:42,2024-01-06,25,25,Retail,PayPal,COUPON-A00,10.77,AUD
793120,2024-01-06T19:07:14,2024-01-06,442,43,Online,PayPal,COUPONA9Z-,12.06,AUD
793185,2024-01-06T14:13:52,2024-01-06,225,23,Retail,Credit Card,COUPON-009,17.62,AUD
793311,2024-01-06T23:41:56,2024-01-06,767,27,Online,Credit Card,COUPON-Z-9,13.67,AUD
793360,2024-01-06T14:23:43,2024-01-06,425,31,Online,PayPal,COUPON-9-9,2.75,AUD
793463,2024-01-06T10:44:09,2024-01-06,444,6,Retail,Afterpay,COUPONA9--,9.09,AUD
793466,2024-01-06T14:02:17,2024-01-06,47,41,Online,Credit Card,COUPONA-0-,3.42,AUD
793482,2024-01-06T11:04:33,2024-01-06,237,13,Online,PayPal,COUPON---9,12.29,AUD
793666,2024-01-06T05:57:11,2024-01-06,354,41,Online,Afterpay,COUPON-9A-,7.15,AUD
793670,2024-01-06T07:08:26,2024-01-06,609,10,Retail,Afterpay,COUPON--9-,11.38,AUD
793694,2024-01-06T15:17:32,2024-01-06,630,14,Online,PayPal,COUPON-00-,16.97,AUD
793786,2024-01-06T19:24:37,2024-01-06,660,15,Online,Credit Card,COUPON-AZ-,18.43,AUD
793799,2024-01-06T12:22:00,2024-01-06,560,20,Retail,Credit Card,COUPONAA0Z,1.55,AUD
793809,2024-01-06T02:54:18,2024-01-06,559,18,Online,Afterpay,COUPON099-,7.02,AUD
793816,2024-01-06T22:32:46,2024-01-06,737,10,Online,Afterpay,COUPON-0Z-,0.43,AUD
793846,2024-01-06T10:43:18,2024-01-06,605,23,Retail,Credit Card,COUPON9--0,9.2,AUD
793855,2024-01-06T19:34:46,2024-01-06,468,36,Retail,Credit Card,COUPONAA-Z,5.29,AUD
793949,2024-01-06T22:02:30,2024-01-06,85,8,Retail,PayPal,COUPONA090,8.69,AUD
793969,2024-01-06T05:19:28,2024-01-06,317,17,Online,Credit Card,COUPON-9AZ,16.31,AUD
794016,2024-01-06T17:38:49,2024-01-06,740,23,Online,Afterpay,COUPON0-9A,1.78,AUD
794191,2024-01-06T17:14:47,2024-01-06,707,33,Retail,Credit Card,COUPONZ9A-,6.55,AUD
794418,2024-01-06T19:13:24,2024-01-06,382,10,Online,Afterpay,COUPON9-AZ,3.96,AUD
794516,2024-01-06T07:03:12,2024-01-06,472,18,Retail,Afterpay,COUPON-A-9,16.13,AUD
794588,2024-01-06T19:10:33,2024-01-06,119,13,Retail,Afterpay,COUPONAZ--,11.94,AUD
794777,2024-01-06T09:33:40,2024-01-06,378,34,Online,Credit Card,COUPONZ99Z,9.83,AUD
795024,2024-01-06T03:28:08,2024-01-06,703,41,Online,Afterpay,COUPON0-9-,0.37,AUD
795089,2024-01-06T03:03:07,2024-01-06,580,20,Online,PayPal,COUPON0-0A,6.81,AUD
795148,2024-01-06T02:28:24,2024-01-06,768,37,Online,PayPal,COUPONA-Z0,11.59,AUD
795161,2024-01-06T07:13:59,2024-01-06,761,27,Online,Afterpay,COUPON99ZA,6.48,AUD
795259,2024-01-06T05:55:52,2024-01-06,376,34,Retail,Credit Card,COUPON-A-A,14.02,AUD
795574,2024-01-06T13:01:57,2024-01-06,340,48,Online,Credit Card,COUPONZA0A,3.92,AUD
795691,2024-01-06T23:19:46,2024-01-06,269,7,Retail,Credit Card,COUPONAAA-,5.72,AUD
795760,2024-01-06T13:59:42,2024-01-06,706,1,Online,Afterpay,COUPON--0-,11.09,AUD
795795,2024-01-06T04:29:58,2024-01-06,655,49,Online,PayPal,COUPONZ--0,7.57,AUD
795801,2024-01-06T18:56:17,2024-01-06,679,3,Online,Afterpay,COUPONA0--,6.35,AUD
795848,2024-01-06T23:57:37,2024-01-06,694,46,Retail,Credit Card,COUPON090-,3.37,AUD
795916,2024-01-06T20:51:43,2024-01-06,731,1,Online,Afterpay,COUPON9-A-,9.4,AUD
795941,2024-01-06T20:11:29,2024-01-06,674,28,Retail,Afterpay,COUPONAZA-,11.28,AUD
796077,2024-01-06T18:16:22,2024-01-06,554,25,Online,Credit Card,COUPONZA-A,1.24,AUD
796203,2024-01-06T05:54:17,2024-01-06,94,35,Online,Afterpay,COUPON99Z9,5.56,AUD
796221,2024-01-06T17:36:12,2024-01-06,553,14,Retail,Afterpay,COUPONA090,18.43,AUD
796313,2024-01-06T21:17:56,2024-01-06,780,42,Retail,Afterpay,COUPON9--Z,2.52,AUD
796399,2024-01-06T17:46:00,2024-01-06,181,12,Online,PayPal,COUPON-ZA0,17.38,AUD
796474,2024-01-06T13:00:27,2024-01-06,745,31,Online,Afterpay,COUPON-Z0Z,13.88,AUD
796533,2024-01-06T18:51:05,2024-01-06,578,2,Retail,Credit Card,COUPON0---,11.14,AUD
796570,2024-01-06T11:27:53,2024-01-06,96,33,Online,PayPal,COUPON--9-,12.91,AUD
796669,2024-01-06T04:35:03,2024-01-06,140,12,Retail,PayPal,COUPON0900,9.41,AUD
796675,2024-01-06T02:37:25,2024-01-06,230,35,Online,PayPal,COUPON-9--,15.23,AUD
796713,2024-01-06T18:03:50,2024-01-06,190,19,Online,Afterpay,COUPONAZZ-,14.49,AUD
796781,2024-01-06T11:32:41,2024-01-06,640,40,Online,PayPal,COUPONZZ--,4.86,AUD
796998,2024-01-06T11:35:51,2024-01-06,469,17,Online,PayPal,COUPON---9,16.83,AUD
797103,2024-01-06T15:16:42,2024-01-06,163,27,Online,PayPal,COUPON9A-0,14.25,AUD
797176,2024-01-06T13:33:23,2024-01-06,37,35,Online,Credit Card,COUPONA-9Z,10.81,AUD
797424,2024-01-06T20:45:29,2024-01-06,204,19,Retail,PayPal,COUPONAZZ0,19.91,AUD
797560,2024-01-06T21:24:40,2024-01-06,347,46,Online,PayPal,COUPON-Z00,14.12,AUD
797646,2024-01-06T21:11:26,2024-01-06,36,27,Retail,PayPal,COUPON-AAZ,10.95,AUD
797674,2024-01-06T02:16:14,2024-01-06,489,19,Online,Credit Card,COUPON-0Z9,10.76,AUD
797849,2024-01-06T02:00:36,2024-01-06,454,27,Retail,Afterpay,COUPON9--Z,4.42,AUD
797895,2024-01-06T15:41:38,2024-01-06,221,11,Online,Credit Card,COUPON--Z0,19.39,AUD
797996,2024-01-06T14:38:47,2024-01-06,162,36,Online,PayPal,COUPON9-Z0,13.94,AUD
798161,2024-01-06T21:17:25,2024-01-06,253,21,Retail,Credit Card,COUPONZ0-0,18.83,AUD
798556,2024-01-06T18:22:50,2024-01-06,385,36,Retail,Afterpay,COUPONZAAA,7.81,AUD
798703,2024-01-06T01:33:52,2024-01-06,352,48,Retail,PayPal,COUPONZ-00,7.38,AUD
798737,2024-01-06T04:18:55,2024-01-06,290,3,Retail,PayPal,COUPON9Z0Z,2.98,AUD
798742,2024-01-06T17:26:51,2024-01-06,372,41,Online,Afterpay,COUPON9AA0,9.94,AUD
798751,2024-01-06T13:13:29,2024-01-06,563,8,Online,PayPal,COUPON--9-,0.69,AUD
798770,2024-01-06T19:05:15,2024-01-06,95,2,Retail,Credit Card,COUPONAA0-,1.86,AUD
798782,2024-01-06T18:18:13,2024-01-06,518,28,Retail,Credit Card,COUPON9-ZZ,10.6,AUD
798880,2024-01-06T07:34:44,2024-01-06,593,7,Online,Credit Card,COUPON9A90,19.43,AUD
799071,2024-01-06T13:07:43,2024-01-06,148,15,Online,PayPal,COUPON-999,3.28,AUD
799278,2024-01-06T02:35:06,2024-01-06,54,48,Online,Credit Card,COUPONZ-00,3.85,AUD
799350,2024-01-06T11:13:24,2024-01-06,626,28,Online,PayPal,COUPON--ZZ,4.57,AUD
799471,2024-01-06T22:10:15,2024-01-06,708,49,Online,PayPal,COUPON-09-,4.67,AUD
799613,2024-01-06T20:52:42,2024-01-06,587,13,Retail,Credit Card,COUPON--9A,14.84,AUD
799660,2024-01-06T01:19:00,2024-01-06,285,44,Online,Credit Card,COUPONZ9Z-,17.9,AUD
799733,2024-01-06T07:53:29,2024-01-06,335,1,Retail,Credit Card,COUPONA0--,6.82,AUD
799908,2024-01-06T07:51:56,2024-01-06,614,1,Online,Credit Card,COUPON9-99,18.75,AUD
799989,2024-01-06T00:07:37,2024-01-06,644,6,Retail,PayPal,COUPON9A-Z,13.5,AUD
800124,2024-01-06T09:43:41,2024-01-06,156,20,Online,PayPal,COUPON-A9-,5.6,AUD
800195,2024-01-06T19:36:15,2024-01-06,700,37,Retail,Afterpay,COUPON9A00,6.93,AUD
800239,2024-01-06T01:14:39,2024-01-06,663,7,Online,Credit Card,COUPON-090,19.25,AUD
800309,2024-01-06T04:51:28,2024-01-06,285,26,Retail,PayPal,COUPONA09A,13.25,AUD
800383,2024-01-06T16:46:18,2024-01-06,531,26,Retail,PayPal,COUPONAZ--,16.78,AUD
800390,2024-01-06T19:49:53,2024-01-06,90,2,Retail,PayPal,COUPON0Z99,2.54,AUD
800804,2024-01-06T13:22:14,2024-01-06,384,27,Retail,PayPal,COUPON9-00,5.9,AUD
800937,2024-01-06T15:02:22,2024-01-06,71,12,Online,PayPal,COUPONZ9-A,3.73,AUD
800947,2024-01-06T01:12:14,2024-01-06,653,27,Online,Credit Card,COUPONZZZ-,7.53,AUD
801210,2024-01-06T00:09:28,2024-01-06,551,12,Retail,Credit Card,COUPON90-9,6.98,AUD
801357,2024-01-06T04:24:40,2024-01-06,744,2,Retail,Afterpay,COUPONA0A-,14.42,AUD
801526,2024-01-06T01:02:48,2024-01-06,438,3,Online,Afterpay,COUPONA-A-,15.54,AUD
801605,2024-01-06T20:03:52,2024-01-06,284,11,Retail,Afterpay,COUPON9--Z,8.0,AUD
801637,2024-01-06T02:10:19,2024-01-06,615,8,Retail,Credit Card,COUPONA0A9,2.43,AUD
801719,2024-01-06T14:01:34,2024-01-06,67,46,Retail,PayPal,COUPON9ZAZ,14.79,AUD
801990,2024-01-06T06:45:30,2024-01-06,568,9,Online,Credit Card,COUPONZ-9-,11.83,AUD
802042,2024-01-06T23:38:53,2024-01-06,295,25,Online,PayPal,COUPON-AA0,6.18,AUD
802059,2024-01-06T02:14:49,2024-01-06,411,30,Retail,Credit Card,COUPON-9--,13.66,AUD
802105,2024-01-06T12:42:49,2024-01-06,202,47,Online,Afterpay,COUPONA9-0,6.43,AUD
802220,2024-01-06T21:34:15,2024-01-06,257,39,Online,Afterpay,COUPON0---,18.82,AUD
802453,2024-01-06T03:25:07,2024-01-06,400,29,Online,Afterpay,COUPON9A0-,5.97,AUD
802486,2024-01-06T21:12:21,2024-01-06,503,23,Retail,PayPal,COUPONZA--,17.43,AUD
802515,2024-01-06T09:02:18,2024-01-06,265,23,Retail,Afterpay,COUPON--0Z,0.5,AUD
802577,2024-01-06T09:25:59,2024-01-06,83,40,Retail,Afterpay,COUPONA999,13.76,AUD
802734,2024-01-06T08:58:27,2024-01-06,774,38,Online,Credit Card,COUPON--90,8.79,AUD
802817,2024-01-06T20:59:00,2024-01-06,166,20,Retail,Credit Card,COUPONZZ-0,10.65,AUD
802859,2024-01-06T03:12:39,2024-01-06,604,47,Online,Credit Card,COUPONZZA-,12.22,AUD
802880,2024-01-06T05:37:36,2024-01-06,185,33,Online,PayPal,COUPON-AA0,11.38,AUD
802997,2024-01-06T03:28:59,2024-01-06,436,19,Online,Afterpay,COUPON---A,10.59,AUD
803307,2024-01-06T06:07:06,2024-01-06,634,7,Online,Afterpay,COUPON-ZAA,3.91,AUD
803553,2024-01-06T03:05:06,2024-01-06,633,9,Online,PayPal,COUPON-0-A,17.05,AUD
803646,2024-01-06T16:41:37,2024-01-06,668,27,Online,Afterpay,COUPON-0Z0,3.32,AUD
803656,2024-01-06T17:29:54,2024-01-06,568,39,Online,PayPal,COUPON-0A9,19.97,AUD
803763,2024-01-06T16:30:39,2024-01-06,777,26,Retail,PayPal,COUPONZAAA,3.21,AUD
803895,2024-01-06T14:10:58,2024-01-06,305,40,Online,Afterpay,COUPON09A9,11.42,AUD
803907,2024-01-06T00:37:39,2024-01-06,702,47,Retail,Credit Card,COUPON0--A,0.52,AUD
803936,2024-01-06T23:00:53,2024-01-06,316,14,Online,Credit Card,COUPONAZ-0,14.01,AUD
803981,2024-01-06T11:59:07,2024-01-06,633,24,Online,Credit Card,COUPON9-AZ,0.52,AUD
804041,2024-01-06T09:58:17,2024-01-06,48,17,Retail,PayPal,COUPON0A0A,13.26,AUD
804078,2024-01-06T20:04:38,2024-01-06,564,26,Retail,Afterpay,COUPON-A-0,1.26,AUD
804086,2024-01-06T20:17:08,2024-01-06,495,34,Retail,PayPal,COUPON-9--,4.03,AUD
804146,2024-01-06T03:39:46,2024-01-06,277,2,Online,Afterpay,COUPON99-A,17.19,AUD
804372,2024-01-06T18:35:51,2024-01-06,375,47,Online,Afterpay,COUPON9-09,13.71,AUD
804420,2024-01-06T07:10:16,2024-01-06,272,35,Online,PayPal,COUPON0-9Z,12.02,AUD
804528,2024-01-06T14:02:26,2024-01-06,519,39,Retail,PayPal,COUPONZZ-0,5.57,AUD
804624,2024-01-06T19:26:29,2024-01-06,455,48,Retail,Afterpay,COUPONZ--9,17.68,AUD
804786,2024-01-06T10:02:56,2024-01-06,182,29,Retail,Afterpay,COUPONA0-Z,19.77,AUD
804820,2024-01-06T12:28:54,2024-01-06,224,38,Retail,Credit Card,COUPON-A00,0.1,AUD
804886,2024-01-06T02:55:07,2024-01-06,787,42,Online,PayPal,COUPON-Z99,19.74,AUD
805017,2024-01-06T05:14:23,2024-01-06,677,37,Retail,Credit Card,COUPONA999,0.26,AUD
805053,2024-01-06T14:15:14,2024-01-06,17,39,Retail,Afterpay,COUPON99-9,4.53,AUD
805195,2024-01-06T18:30:35,2024-01-06,648,30,Retail,Afterpay,COUPON-0A-,0.6,AUD
805258,2024-01-06T20:33:14,2024-01-06,671,14,Retail,PayPal,COUPON-Z--,15.23,AUD
805341,2024-01-06T10:37:18,2024-01-06,248,38,Retail,Afterpay,COUPONA--Z,4.91,AUD
805347,2024-01-06T17:03:43,2024-01-06,533,18,Online,PayPal,COUPONZZA-,5.78,AUD
805416,2024-01-06T08:54:38,2024-01-06,242,38,Online,PayPal,COUPONAA-9,13.24,AUD
805565,2024-01-06T01:35:45,2024-01-06,716,43,Retail,Credit Card,COUPON-Z9Z,14.33,AUD
805661,2024-01-06T04:16:11,2024-01-06,522,25,Online,Credit Card,COUPON---0,9.11,AUD
805721,2024-01-06T02:27:25,2024-01-06,201,7,Retail,Afterpay,COUPON9009,18.04,AUD
805735,2024-01-06T17:32:16,2024-01-06,599,26,Online,Credit Card,COUPONAZ00,4.27,AUD
805760,2024-01-06T04:50:16,2024-01-06,97,24,Online,Afterpay,COUPON-Z9-,1.45,AUD
805996,2024-01-06T11:18:49,2024-01-06,520,49,Online,PayPal,COUPON-99Z,0.01,AUD
806013,2024-01-06T18:28:24,2024-01-06,380,35,Retail,Afterpay,COUPONZZ-Z,0.97,AUD
806030,2024-01-06T15:27:48,2024-01-06,384,48,Retail,Credit Card,COUPON-00A,12.58,AUD
806118,2024-01-06T18:12:23,2024-01-06,232,30,Retail,PayPal,COUPON-ZA-,2.5,AUD
806170,2024-01-06T23:13:49,2024-01-06,796,34,Retail,PayPal,COUPONZZ00,0.5,AUD
806311,2024-01-06T15:50:19,2024-01-06,343,46,Online,Credit Card,COUPON-0--,10.42,AUD
806326,2024-01-06T23:13:22,2024-01-06,490,24,Online,PayPal,COUPONZZ0-,16.12,AUD
806365,2024-01-06T02:43:10,2024-01-06,27,6,Online,PayPal,COUPONAA90,1.53,AUD
806456,2024-01-06T16:24:27,2024-01-06,478,22,Online,PayPal,COUPON9-0Z,12.1,AUD
806740,2024-01-06T09:57:03,2024-01-06,263,9,Online,Afterpay,COUPON-9Z-,18.27,AUD
806866,2024-01-06T22:04:09,2024-01-06,709,19,Online,PayPal,COUPONZA90,10.79,AUD
807234,2024-01-06T19:52:47,2024-01-06,78,6,Online,Credit Card,COUPON-0A-,3.6,AUD
807284,2024-01-06T00:31:06,2024-01-06,104,22,Retail,PayPal,COUPON00Z9,2.79,AUD
807395,2024-01-06T21:41:38,2024-01-06,4,15,Retail,Credit Card,COUPON-90A,18.8,AUD
807454,2024-01-06T19:41:11,2024-01-06,40,23,Retail,Credit Card,COUPON0-9A,12.87,AUD
807571,2024-01-06T00:00:46,2024-01-06,501,34,Online,Credit Card,COUPON9909,2.67,AUD
807784,2024-01-06T20:15:33,2024-01-06,104,13,Retail,Credit Card,COUPONZZ90,18.42,AUD
807836,2024-01-06T16:09:13,2024-01-06,44,28,Online,Credit Card,COUPONZ9Z0,11.24,AUD
807849,2024-01-06T23:20:11,2024-01-06,119,25,Online,Afterpay,COUPON-9-0,6.48,AUD
807957,2024-01-06T07:54:46,2024-01-06,798,3,Retail,PayPal,COUPON9-A0,10.84,AUD
808388,2024-01-06T11:50:57,2024-01-06,69,18,Retail,Afterpay,COUPON0-A0,8.2,AUD
808422,2024-01-06T02:10:15,2024-01-06,7,18,Retail,Afterpay,COUPONA-ZZ,8.35,AUD
808465,2024-01-06T03:49:25,2024-01-06,291,29,Online,Credit Card,COUPON--ZZ,15.21,AUD
808485,2024-01-06T18:59:26,2024-01-06,211,27,Retail,PayPal,COUPONZ99-,8.74,AUD
808561,2024-01-06T09:02:34,2024-01-06,550,8,Online,PayPal,COUPON909-,2.67,AUD
808625,2024-01-06T00:27:44,2024-01-06,355,24,Retail,Credit Card,COUPONAZ-9,14.98,AUD
808633,2024-01-06T09:43:31,2024-01-06,245,31,Retail,Credit Card,COUPON090A,2.43,AUD
808693,2024-01-06T00:40:10,2024-01-06,102,31,Retail,Credit Card,COUPON-A-Z,2.7,AUD
808702,2024-01-06T09:34:19,2024-01-06,355,42,Retail,Credit Card,COUPONZA--,1.65,AUD
808836,2024-01-06T21:01:51,2024-01-06,549,40,Retail,Afterpay,COUPON9A0-,19.02,AUD
808909,2024-01-06T03:30:35,2024-01-06,428,36,Retail,Afterpay,COUPON--9-,10.14,AUD
809179,2024-01-06T02:09:44,2024-01-06,420,21,Online,Afterpay,COUPON-A00,19.87,AUD
809212,2024-01-06T07:17:27,2024-01-06,227,40,Retail,Credit Card,COUPON-9AZ,0.86,AUD
809396,2024-01-06T14:42:31,2024-01-06,92,39,Online,PayPal,COUPON-0-9,5.24,AUD
809559,2024-01-06T11:18:01,2024-01-06,758,37,Online,PayPal,COUPONZ-A0,4.66,AUD
809567,2024-01-06T15:19:20,2024-01-06,139,17,Retail,Afterpay,COUPONZ--A,7.38,AUD
809576,2024-01-06T18:52:08,2024-01-06,717,49,Online,Credit Card,COUPON09-Z,6.44,AUD
809605,2024-01-06T13:37:20,2024-01-06,159,6,Retail,Afterpay,COUPON--Z-,15.62,AUD
809732,2024-01-06T18:37:58,2024-01-06,198,22,Retail,PayPal,COUPONA0-0,13.25,AUD
809794,2024-01-06T04:38:50,2024-01-06,638,49,Online,PayPal,COUPON-Z9-,1.7,AUD
809824,2024-01-06T23:53:00,2024-01-06,632,13,Online,Credit Card,COUPON00-Z,15.26,AUD
809933,2024-01-06T21:33:40,2024-01-06,64,12,Retail,PayPal,COUPON90-Z,16.57,AUD
809979,2024-01-06T15:25:19,2024-01-06,427,1,Retail,PayPal,COUPON0Z0-,3.22,AUD
810112,2024-01-06T04:56:46,2024-01-06,169,22,Online,Afterpay,COUPONZ---,4.28,AUD
810172,2024-01-06T12:34:43,2024-01-06,139,23,Online,Afterpay,COUPON---9,10.86,AUD
810363,2024-01-06T13:23:08,2024-01-06,662,22,Online,Afterpay,COUPON0-9-,4.71,AUD
810459,2024-01-06T21:35:16,2024-01-06,3,7,Retail,Credit Card,COUPON-Z-A,7.35,AUD
810463,2024-01-06T23:28:14,2024-01-06,769,48,Retail,PayPal,COUPONA9--,1.85,AUD
810487,2024-01-06T13:47:00,2024-01-06,65,9,Retail,PayPal,COUPON--9A,11.02,AUD
810535,2024-01-06T11:29:53,2024-01-06,184,14,Online,Credit Card,COUPONZ-0-,19.12,AUD
810561,2024-01-06T17:30:23,2024-01-06,394,20,Retail,Afterpay,COUPON909Z,2.84,AUD
810714,2024-01-06T10:55:15,2024-01-06,318,22,Retail,Afterpay,COUPONZ-0A,18.47,AUD
810892,2024-01-06T21:35:24,2024-01-06,653,41,Retail,Afterpay,COUPON-AA-,11.48,AUD
810928,2024-01-06T03:29:15,2024-01-06,189,19,Online,Credit Card,COUPON-Z0-,3.35,AUD
811087,2024-01-06T06:36:12,2024-01-06,621,31,Retail,PayPal,COUPON-0--,8.47,AUD
811103,2024-01-06T08:41:21,2024-01-06,123,20,Online,Afterpay,COUPONAA-A,0.56,AUD
811281,2024-01-06T22:25:15,2024-01-06,555,44,Online,Afterpay,COUPON-9--,14.96,AUD
811669,2024-01-06T08:52:39,2024-01-06,411,2,Retail,Afterpay,COUPONZ9A9,9.82,AUD
811860,2024-01-06T11:51:04,2024-01-06,711,8,Online,PayPal,COUPON--AA,4.76,AUD
812001,2024-01-06T03:15:01,2024-01-06,253,5,Retail,PayPal,COUPONZ--A,3.32,AUD
812054,2024-01-06T01:30:46,2024-01-06,20,29,Online,PayPal,COUPONZZ-A,10.58,AUD
812074,2024-01-06T04:35:37,2024-01-06,574,49,Online,PayPal,COUPON009A,0.92,AUD
812357,2024-01-06T17:19:19,2024-01-06,15,45,Retail,Credit Card,COUPON---9,15.68,AUD
812475,2024-01-06T11:39:20,2024-01-06,519,24,Retail,Credit Card,COUPONZ-AA,7.64,AUD
812543,2024-01-06T06:02:56,2024-01-06,794,47,Retail,Afterpay,COUPON-9--,1.06,AUD
812596,2024-01-06T04:08:47,2024-01-06,53,40,Retail,Afterpay,COUPONAZ0-,6.88,AUD
812661,2024-01-06T07:22:57,2024-01-06,368,9,Online,Credit Card,COUPON99-Z,9.47,AUD
812800,2024-01-06T14:25:18,2024-01-06,283,6,Online,PayPal,COUPONA0-9,14.66,AUD
812836,2024-01-06T06:14:58,2024-01-06,178,28,Retail,Credit Card,COUPONA990,11.7,AUD
812877,2024-01-06T20:59:08,2024-01-06,472,21,Retail,Afterpay,COUPONZ999,10.38,AUD
812984,2024-01-06T12:52:19,2024-01-06,286,32,Online,Afterpay,COUPONA0-A,1.04,AUD
813056,2024-01-06T13:31:36,2024-01-06,420,3,Retail,PayPal,COUPONZ-A9,1.51,AUD
813071,2024-01-06T11:41:24,2024-01-06,294,2,Online,PayPal,COUPON-0Z0,5.7,AUD
813079,2024-01-06T05:54:07,2024-01-06,677,1,Retail,Credit Card,COUPON9A0-,10.35,AUD
813217,2024-01-06T22:27:06,2024-01-06,111,46,Online,Credit Card,COUPON0Z-A,1.0,AUD
813260,2024-01-06T12:05:53,2024-01-06,545,15,Retail,Afterpay,COUPON-A9A,13.64,AUD
813393,2024-01-06T04:23:51,2024-01-06,669,25,Online,Afterpay,COUPONZ0A-,8.01,AUD
813529,2024-01-06T22:19:38,2024-01-06,539,22,Online,PayPal,COUPON---9,13.6,AUD
813642,2024-01-06T07:47:09,2024-01-06,658,27,Online,PayPal,COUPON-A-0,1.17,AUD
813860,2024-01-06T08:40:10,2024-01-06,266,20,Retail,PayPal,COUPONA--Z,10.36,AUD
813904,2024-01-06T14:13:11,2024-01-06,138,30,Retail,PayPal,COUPON00-A,2.92,AUD
813928,2024-01-06T13:25:11,2024-01-06,195,36,Online,PayPal,COUPON0-A9,6.94,AUD
813959,2024-01-06T20:35:19,2024-01-06,204,21,Online,Credit Card,COUPONZ---,1.29,AUD
814106,2024-01-06T04:42:36,2024-01-06,311,3,Retail,Afterpay,COUPONZ09-,18.96,AUD
814133,2024-01-06T09:05:34,2024-01-06,242,5,Online,Afterpay,COUPON-Z--,16.98,AUD
814156,2024-01-06T17:33:11,2024-01-06,512,16,Retail,PayPal,COUPONA-9-,15.55,AUD
814210,2024-01-06T16:13:40,2024-01-06,241,13,Retail,PayPal,COUPON90-0,8.29,AUD
814423,2024-01-06T19:23:31,2024-01-06,27,35,Online,PayPal,COUPON9AZ-,12.34,AUD
814505,2024-01-06T09:23:49,2024-01-06,745,31,Online,Afterpay,COUPON-909,18.87,AUD
814586,2024-01-06T06:08:23,2024-01-06,318,16,Retail,PayPal,COUPONAZZ-,18.63,AUD
814832,2024-01-06T21:07:53,2024-01-06,635,48,Online,Credit Card,COUPONZAZ-,12.01,AUD
814953,2024-01-06T18:30:09,2024-01-06,669,44,Retail,Credit Card,COUPON--Z-,5.74,AUD
814996,2024-01-06T03:21:05,2024-01-06,241,40,Online,Afterpay,COUPONZA-9,2.86,AUD
815021,2024-01-06T19:03:21,2024-01-06,649,45,Online,Credit Card,COUPONA9ZA,0.97,AUD
815064,2024-01-06T07:57:20,2024-01-06,55,49,Retail,PayPal,COUPON9-ZZ,6.99,AUD
815644,2024-01-06T17:23:28,2024-01-06,591,11,Retail,Afterpay,COUPON90-9,9.25,AUD
815829,2024-01-06T13:23:10,2024-01-06,134,49,Online,PayPal,COUPONZ-A9,11.54,AUD
816029,2024-01-06T11:19:48,2024-01-06,352,36,Online,PayPal,COUPON0Z9-,0.38,AUD
816089,2024-01-06T15:28:07,2024-01-06,226,29,Online,Afterpay,COUPONA-90,11.97,AUD
816236,2024-01-06T22:12:43,2024-01-06,148,27,Retail,Credit Card,COUPONA90-,2.21,AUD
816337,2024-01-06T04:34:29,2024-01-06,79,13,Online,Afterpay,COUPON---Z,10.41,AUD
816448,2024-01-06T10:13:45,2024-01-06,581,26,Retail,Credit Card,COUPON00A-,6.73,AUD
816743,2024-01-06T10:16:53,2024-01-06,660,5,Retail,Credit Card,COUPON----,12.38,AUD
816752,2024-01-06T11:50:42,2024-01-06,380,29,Retail,PayPal,COUPON9A09,19.05,AUD
816863,2024-01-06T07:50:49,2024-01-06,588,34,Retail,PayPal,COUPONZAZ-,16.73,AUD
816917,2024-01-06T12:43:30,2024-01-06,175,7,Retail,Afterpay,COUPONA--Z,12.65,AUD
816952,2024-01-06T09:53:04,2024-01-06,779,22,Online,Afterpay,COUPON0A0A,10.11,AUD
817014,2024-01-06T21:20:09,2024-01-06,186,41,Retail,Credit Card,COUPON-A9A,0.98,AUD
817038,2024-01-06T09:40:55,2024-01-06,233,14,Online,Afterpay,COUPON-A-0,14.89,AUD
817130,2024-01-06T01:55:33,2024-01-06,745,17,Retail,PayPal,COUPON--AZ,18.76,AUD
817267,2024-01-06T10:47:13,2024-01-06,54,42,Retail,Afterpay,COUPON-09-,6.9,AUD
817341,2024-01-06T17:02:39,2024-01-06,694,6,Retail,Credit Card,COUPONA0-Z,10.46,AUD
817389,2024-01-06T01:38:11,2024-01-06,607,1,Retail,Afterpay,COUPONA-ZZ,5.89,AUD
817440,2024-01-06T12:18:30,2024-01-06,461,5,Online,Afterpay,COUPON0---,12.48,AUD
817505,2024-01-06T21:30:35,2024-01-06,162,27,Online,Afterpay,COUPON9-ZA,19.61,AUD
817514,2024-01-06T13:30:53,2024-01-06,71,33,Online,Credit Card,COUPONA09Z,19.49,AUD
817545,2024-01-06T05:16:52,2024-01-06,360,40,Online,Credit Card,COUPON-099,19.64,AUD
817568,2024-01-06T19:49:37,2024-01-06,171,20,Retail,Afterpay,COUPONAZ--,3.26,AUD
817689,2024-01-06T18:22:17,2024-01-06,461,18,Online,Credit Card,COUPON0900,1.77,AUD
817835,2024-01-06T22:44:48,2024-01-06,274,39,Retail,Credit Card,COUPON--9-,4.98,AUD
818020,2024-01-06T07:12:48,2024-01-06,545,26,Retail,Credit Card,COUPON---Z,18.49,AUD
818041,2024-01-06T04:59:57,2024-01-06,105,11,Online,Credit Card,COUPONA9--,16.72,AUD
818230,2024-01-06T11:46:56,2024-01-06,428,49,Retail,Credit Card,COUPONZ0-A,9.72,AUD
818271,2024-01-06T10:11:06,2024-01-06,294,6,Online,PayPal,COUPON---9,16.93,AUD
818342,2024-01-06T20:56:01,2024-01-06,512,39,Retail,PayPal,COUPON-A0A,16.96,AUD
818402,2024-01-06T00:50:40,2024-01-06,42,45,Retail,Credit Card,COUPON--9-,0.77,AUD
818515,2024-01-06T00:55:53,2024-01-06,208,37,Online,PayPal,COUPON0-90,7.46,AUD
818757,2024-01-06T12:51:52,2024-01-06,322,16,Retail,Afterpay,COUPON9-0-,14.28,AUD
818778,2024-01-06T17:35:59,2024-01-06,162,3,Online,Afterpay,COUPONA09A,8.06,AUD
819205,2024-01-06T17:10:34,2024-01-06,536,29,Retail,Afterpay,COUPONAA9-,7.69,AUD
819513,2024-01-06T20:03:24,2024-01-06,664,12,Online,PayPal,COUPON9--0,1.52,AUD
819586,2024-01-06T01:48:06,2024-01-06,351,13,Retail,Credit Card,COUPON-0Z-,13.64,AUD
819981,2024-01-06T04:01:04,2024-01-06,131,48,Retail,PayPal,COUPONZ900,13.93,AUD
820159,2024-01-06T09:53:38,2024-01-06,388,34,Online,Afterpay,COUPON--AZ,17.78,AUD
820169,2024-01-06T14:59:20,2024-01-06,107,14,Retail,Credit Card,COUPON909A,19.11,AUD
820192,2024-01-06T04:25:59,2024-01-06,137,2,Retail,Credit Card,COUPON0-0-,3.82,AUD
820219,2024-01-06T03:59:43,2024-01-06,586,27,Online,Afterpay,COUPON090Z,1.75,AUD
820234,2024-01-06T04:11:52,2024-01-06,709,37,Online,Afterpay,COUPON0-A-,2.44,AUD
820256,2024-01-06T17:44:17,2024-01-06,376,46,Retail,Afterpay,COUPON-9-A,16.27,AUD
820311,2024-01-06T16:27:10,2024-01-06,144,3,Online,Afterpay,COUPONA---,11.5,AUD
820372,2024-01-06T12:23:48,2024-01-06,151,2,Retail,Afterpay,COUPON-ZA9,15.88,AUD
820486,2024-01-06T01:57:36,2024-01-06,600,22,Retail,Credit Card,COUPONZ0-0,7.37,AUD
820592,2024-01-06T19:38:35,2024-01-06,219,36,Retail,Afterpay,COUPONZ-0A,7.78,AUD
820610,2024-01-06T16:24:39,2024-01-06,437,27,Online,Afterpay,COUPON0-ZZ,3.13,AUD
820626,2024-01-06T21:58:15,2024-01-06,531,26,Retail,Afterpay,COUPONZ99A,12.42,AUD
820665,2024-01-06T05:03:23,2024-01-06,695,19,Online,Afterpay,COUPON-A--,10.01,AUD
820734,2024-01-06T23:48:32,2024-01-06,461,48,Retail,Afterpay,COUPON-99-,6.23,AUD
820844,2024-01-06T06:57:06,2024-01-06,83,10,Online,Credit Card,COUPON0Z--,8.8,AUD
820949,2024-01-06T14:29:28,2024-01-06,255,34,Retail,Afterpay,COUPON--Z-,13.67,AUD
820959,2024-01-06T17:41:36,2024-01-06,111,33,Online,PayPal,COUPON-A9-,2.61,AUD
821141,2024-01-06T08:02:55,2024-01-06,664,45,Retail,Credit Card,COUPON-AAZ,7.43,AUD
821183,2024-01-06T09:02:16,2024-01-06,628,13,Online,Afterpay,COUPON--09,10.53,AUD
821191,2024-01-06T22:50:50,2024-01-06,431,9,Retail,PayPal,COUPON0Z-A,14.2,AUD
821335,2024-01-06T02:16:10,2024-01-06,130,11,Retail,Credit Card,COUPON--Z-,6.11,AUD
821341,2024-01-06T06:30:23,2024-01-06,566,5,Online,Credit Card,COUPONAA90,10.09,AUD
821355,2024-01-06T05:29:39,2024-01-06,707,30,Online,Credit Card,COUPON-0-A,1.94,AUD
821576,2024-01-06T23:43:38,2024-01-06,208,10,Retail,Afterpay,COUPON-0-0,14.55,AUD
821728,2024-01-06T06:34:30,2024-01-06,439,10,Online,PayPal,COUPON---A,2.2,AUD
821743,2024-01-06T00:02:20,2024-01-06,694,41,Online,Credit Card,COUPON-A-9,4.56,AUD
821747,2024-01-06T21:59:17,2024-01-06,380,11,Online,Credit Card,COUPONAZ--,16.61,AUD
821843,2024-01-06T16:19:31,2024-01-06,749,48,Online,Afterpay,COUPON9990,1.12,AUD
821878,2024-01-06T05:11:57,2024-01-06,316,12,Retail,Afterpay,COUPONA-9Z,10.64,AUD
821932,2024-01-06T22:56:52,2024-01-06,693,25,Online,Afterpay,COUPONZ0AA,1.27,AUD
822088,2024-01-06T03:26:04,2024-01-06,696,34,Retail,Credit Card,COUPON0A--,7.39,AUD
822104,2024-01-06T01:36:29,2024-01-06,7,3,Online,Afterpay,COUPONAAZZ,7.24,AUD
822224,2024-01-06T19:10:34,2024-01-06,692,17,Retail,Afterpay,COUPON---A,19.96,AUD
822239,2024-01-06T22:15:16,2024-01-06,622,3,Online,Credit Card,COUPON--ZZ,10.37,AUD
822468,2024-01-06T19:14:18,2024-01-06,179,5,Online,Afterpay,COUPON-ZA9,2.11,AUD
822622,2024-01-06T18:27:54,2024-01-06,420,18,Retail,Afterpay,COUPONA0A-,17.07,AUD
822632,2024-01-06T19:10:36,2024-01-06,281,21,Online,PayPal,COUPONZZAA,14.27,AUD
822712,2024-01-06T16:26:04,2024-01-06,693,49,Online,PayPal,COUPONZZ-Z,14.25,AUD
822736,2024-01-06T08:36:07,2024-01-06,566,9,Retail,Credit Card,COUPON90Z-,12.61,AUD
822811,2024-01-06T21:26:06,2024-01-06,520,49,Online,PayPal,COUPONA-ZA,11.13,AUD
822927,2024-01-06T03:47:30,2024-01-06,549,36,Retail,Afterpay,COUPON--0Z,2.6,AUD
823068,2024-01-06T02:11:44,2024-01-06,321,7,Retail,Afterpay,COUPONAZZ-,14.06,AUD
823069,2024-01-06T02:11:14,2024-01-06,232,30,Online,Afterpay,COUPON-AA-,14.14,AUD
823086,2024-01-06T15:28:11,2024-01-06,252,15,Online,Afterpay,COUPON-0--,16.7,AUD
823242,2024-01-06T04:57:56,2024-01-06,277,39,Retail,Credit Card,COUPONA-0Z,19.88,AUD
823326,2024-01-06T03:44:44,2024-01-06,76,29,Online,PayPal,COUPON-0--,11.43,AUD
823427,2024-01-06T05:07:03,2024-01-06,359,4,Online,PayPal,COUPON0-AA,10.66,AUD
823570,2024-01-06T20:19:17,2024-01-06,390,17,Online,Afterpay,COUPONA0-0,12.66,AUD
823793,2024-01-06T01:41:18,2024-01-06,279,7,Retail,PayPal,COUPONZA--,4.31,AUD
823849,2024-01-06T01:06:40,2024-01-06,746,3,Online,Afterpay,COUPON-ZZ0,10.91,AUD
823893,2024-01-06T06:37:00,2024-01-06,726,18,Retail,Afterpay,COUPONA-9-,15.21,AUD
824081,2024-01-06T12:46:41,2024-01-06,730,40,Online,Afterpay,COUPON--A-,3.24,AUD
824088,2024-01-06T16:26:22,2024-01-06,614,14,Online,Afterpay,COUPONZA9A,17.0,AUD
824190,2024-01-06T03:00:41,2024-01-06,608,49,Online,PayPal,COUPONZ09-,9.52,AUD
824260,2024-01-06T17:39:20,2024-01-06,686,6,Online,PayPal,COUPONA9--,2.25,AUD
824288,2024-01-06T15:28:40,2024-01-06,635,36,Online,PayPal,COUPON9Z09,9.18,AUD
824366,2024-01-06T09:41:39,2024-01-06,278,16,Online,PayPal,COUPONA0-9,12.94,AUD
824410,2024-01-06T01:12:58,2024-01-06,658,34,Retail,Credit Card,COUPON0099,15.68,AUD
824437,2024-01-06T19:53:40,2024-01-06,171,30,Retail,PayPal,COUPONZ0--,7.79,AUD
824448,2024-01-06T17:51:34,2024-01-06,623,34,Retail,Credit Card,COUPON--0Z,5.65,AUD
824505,2024-01-06T09:10:10,2024-01-06,174,24,Online,PayPal,COUPONZA-A,17.36,AUD
824723,2024-01-06T10:57:17,2024-01-06,241,48,Retail,Credit Card,COUPON90A-,18.07,AUD
825054,2024-01-06T18:02:03,2024-01-06,398,6,Retail,Afterpay,COUPONA-9-,3.32,AUD
825551,2024-01-06T18:07:35,2024-01-06,439,47,Retail,PayPal,COUPON--9Z,3.38,AUD
825750,2024-01-06T09:39:46,2024-01-06,514,46,Retail,Afterpay,COUPON---0,3.24,AUD
825810,2024-01-06T02:58:46,2024-01-06,740,45,Retail,Credit Card,COUPON0-ZA,2.46,AUD
825908,2024-01-06T09:25:09,2024-01-06,581,13,Online,Credit Card,COUPON00-0,11.94,AUD
825966,2024-01-06T04:41:16,2024-01-06,339,15,Online,Credit Card,COUPON-A-0,7.81,AUD
826069,2024-01-06T20:15:34,2024-01-06,146,41,Online,Credit Card,COUPON99A0,7.69,AUD
826192,2024-01-06T20:34:14,2024-01-06,585,48,Retail,Afterpay,COUPONZ0Z0,5.7,AUD
826280,2024-01-06T05:59:38,2024-01-06,13,43,Retail,Credit Card,COUPON9A--,6.47,AUD
826292,2024-01-06T21:00:14,2024-01-06,246,24,Retail,PayPal,COUPON-0Z0,2.6,AUD
826353,2024-01-06T23:08:58,2024-01-06,149,13,Online,PayPal,COUPON0009,4.97,AUD
826358,2024-01-06T17:00:13,2024-01-06,347,19,Online,Afterpay,COUPON9-A0,1.0,AUD
826454,2024-01-06T13:32:51,2024-01-06,215,18,Online,PayPal,COUPONAZ-0,13.14,AUD
826458,2024-01-06T11:08:04,2024-01-06,731,8,Retail,Credit Card,COUPON--AZ,1.96,AUD
826531,2024-01-06T01:04:00,2024-01-06,674,13,Retail,PayPal,COUPON---0,7.84,AUD
826585,2024-01-06T04:45:15,2024-01-06,133,2,Retail,Credit Card,COUPON9Z-A,4.18,AUD
826610,2024-01-06T23:27:40,2024-01-06,540,34,Retail,Afterpay,COUPON-9-A,7.62,AUD
826628,2024-01-06T07:08:59,2024-01-06,271,48,Retail,Credit Card,COUPON-9ZA,0.44,AUD
826711,2024-01-06T19:08:05,2024-01-06,199,18,Retail,Afterpay,COUPON9--9,1.54,AUD
826767,2024-01-06T06:47:35,2024-01-06,766,8,Retail,Credit Card,COUPON-Z9-,5.42,AUD
826781,2024-01-06T23:37:15,2024-01-06,43,48,Retail,PayPal,COUPON90-9,17.33,AUD
826837,2024-01-06T03:21:57,2024-01-06,401,29,Online,Afterpay,COUPON9-9Z,16.49,AUD
826886,2024-01-06T13:49:41,2024-01-06,164,19,Retail,Credit Card,COUPON9A0-,12.33,AUD
826905,2024-01-06T23:29:44,2024-01-06,282,4,Retail,Credit Card,COUPON09-9,18.98,AUD
827071,2024-01-06T14:15:15,2024-01-06,447,40,Online,Afterpay,COUPONZA-Z,11.88,AUD
827111,2024-01-06T13:24:13,2024-01-06,70,8,Retail,Credit Card,COUPON0A0-,3.52,AUD
827168,2024-01-06T20:01:52,2024-01-06,726,35,Online,Credit Card,COUPONA-99,4.57,AUD
827248,2024-01-06T14:12:06,2024-01-06,1,34,Retail,Afterpay,COUPON9---,8.11,AUD
827332,2024-01-06T06:25:06,2024-01-06,608,35,Online,Afterpay,COUPON-000,18.92,AUD
827378,2024-01-06T20:05:46,2024-01-06,792,9,Retail,PayPal,COUPON---Z,14.4,AUD
827432,2024-01-06T05:24:23,2024-01-06,434,19,Retail,Afterpay,COUPONA---,6.97,AUD
827508,2024-01-06T23:35:03,2024-01-06,441,28,Retail,PayPal,COUPON-90-,16.5,AUD
827750,2024-01-06T14:18:07,2024-01-06,559,2,Online,Afterpay,COUPON---A,3.27,AUD
827796,2024-01-06T01:18:29,2024-01-06,178,16,Online,Credit Card,COUPON--0-,11.61,AUD
827875,2024-01-06T04:34:07,2024-01-06,798,19,Online,PayPal,COUPON-999,5.18,AUD
827887,2024-01-06T15:43:41,2024-01-06,626,8,Online,PayPal,COUPON9AZA,4.57,AUD
827956,2024-01-06T10:17:44,2024-01-06,492,18,Online,PayPal,COUPONZ--0,1.71,AUD
827969,2024-01-06T07:05:59,2024-01-06,395,1,Online,Credit Card,COUPON-9ZZ,12.66,AUD
828009,2024-01-06T04:16:23,2024-01-06,743,1,Online,Credit Card,COUPON0A--,5.33,AUD
828016,2024-01-06T14:18:15,2024-01-06,125,8,Retail,PayPal,COUPONZ000,6.15,AUD
828108,2024-01-06T07:34:21,2024-01-06,123,26,Retail,Afterpay,COUPON-9-9,15.08,AUD
828120,2024-01-06T10:32:26,2024-01-06,337,49,Online,Afterpay,COUPON-A-9,3.05,AUD
828152,2024-01-06T04:15:13,2024-01-06,682,43,Online,Afterpay,COUPONAAA9,6.09,AUD
828188,2024-01-06T21:18:33,2024-01-06,695,18,Online,Afterpay,COUPONAZA0,18.02,AUD
828414,2024-01-06T16:26:38,2024-01-06,389,34,Online,Afterpay,COUPON999A,18.32,AUD
828416,2024-01-06T21:02:51,2024-01-06,64,5,Retail,Afterpay,COUPON90AZ,11.09,AUD
828460,2024-01-06T18:46:00,2024-01-06,287,11,Retail,PayPal,COUPON-9--,13.96,AUD
828684,2024-01-06T01:01:49,2024-01-06,652,35,Retail,PayPal,COUPONAZ--,19.45,AUD
828752,2024-01-06T21:40:32,2024-01-06,409,19,Retail,PayPal,COUPON-AZ9,2.21,AUD
828786,2024-01-06T23:24:02,2024-01-06,239,12,Retail,Credit Card,COUPONZZZA,0.54,AUD
828795,2024-01-06T04:59:57,2024-01-06,282,46,Online,Afterpay,COUPON0---,18.49,AUD
828919,2024-01-06T20:36:10,2024-01-06,368,21,Online,Credit Card,COUPON9A-9,0.11,AUD
828965,2024-01-06T00:59:40,2024-01-06,465,17,Retail,Afterpay,COUPON9-0-,14.03,AUD
828993,2024-01-06T14:00:13,2024-01-06,333,7,Retail,Afterpay,COUPONZZA9,1.02,AUD
829024,2024-01-06T19:27:25,2024-01-06,239,41,Retail,Credit Card,COUPONZ-0-,0.97,AUD
829051,2024-01-06T11:55:53,2024-01-06,516,40,Retail,PayPal,COUPON9A--,12.49,AUD
829179,2024-01-06T11:01:44,2024-01-06,460,25,Retail,Credit Card,COUPON0A0Z,7.75,AUD
829197,2024-01-06T18:52:25,2024-01-06,651,34,Online,Credit Card,COUPONA-09,16.87,AUD
829426,2024-01-06T07:18:50,2024-01-06,746,44,Online,Credit Card,COUPON----,15.87,AUD
829513,2024-01-06T03:46:14,2024-01-06,266,22,Online,Credit Card,COUPON9--0,9.68,AUD
829560,2024-01-06T20:00:25,2024-01-06,249,4,Online,Afterpay,COUPON-90-,11.08,AUD
829571,2024-01-06T15:02:40,2024-01-06,262,30,Online,Afterpay,COUPON-9ZZ,18.18,AUD
829737,2024-01-06T23:31:00,2024-01-06,675,48,Retail,Afterpay,COUPON90Z9,15.99,AUD
829853,2024-01-06T15:40:06,2024-01-06,346,30,Online,Credit Card,COUPON--9-,17.5,AUD
829993,2024-01-06T04:46:38,2024-01-06,149,9,Online,Afterpay,COUPON99-Z,14.77,AUD
830028,2024-01-06T21:29:35,2024-01-06,679,3,Online,Afterpay,COUPON-A-Z,15.11,AUD
830149,2024-01-06T15:46:06,2024-01-06,255,21,Retail,Credit Card,COUPONA9A0,6.87,AUD
830204,2024-01-06T19:32:06,2024-01-06,44,3,Retail,Credit Card,COUPONAAA-,8.17,AUD
830704,2024-01-06T12:14:53,2024-01-06,305,21,Online,Afterpay,COUPON--9Z,14.88,AUD
830813,2024-01-06T09:30:27,2024-01-06,442,39,Retail,Credit Card,COUPONZ--A,17.95,AUD
830934,2024-01-06T16:08:26,2024-01-06,46,21,Online,Credit Card,COUPON0AA-,7.4,AUD
831006,2024-01-06T00:47:13,2024-01-06,48,2,Online,Credit Card,COUPON-AA-,0.79,AUD
831113,2024-01-06T01:04:16,2024-01-06,473,30,Retail,PayPal,COUPON-0-0,6.36,AUD
831164,2024-01-06T05:38:04,2024-01-06,606,13,Online,Credit Card,COUPON0---,5.58,AUD
831196,2024-01-06T10:54:47,2024-01-06,781,49,Retail,Afterpay,COUPONZ9-A,0.09,AUD
831265,2024-01-06T10:49:47,2024-01-06,479,40,Online,Afterpay,COUPON--Z9,1.7,AUD
831316,2024-01-06T11:34:27,2024-01-06,18,15,Online,Credit Card,COUPON0--Z,5.03,AUD
831599,2024-01-06T19:28:04,2024-01-06,653,18,Retail,Credit Card,COUPON900Z,7.17,AUD
831671,2024-01-06T22:15:17,2024-01-06,516,42,Online,Afterpay,COUPON0-99,7.31,AUD
831821,2024-01-06T08:19:16,2024-01-06,23,41,Online,PayPal,COUPON9Z0-,17.62,AUD
831870,2024-01-06T01:26:24,2024-01-06,361,7,Retail,PayPal,COUPON-A-0,18.5,AUD
831874,2024-01-06T18:01:40,2024-01-06,446,26,Online,Afterpay,COUPON--9Z,0.71,AUD
832011,2024-01-06T20:07:51,2024-01-06,474,25,Retail,PayPal,COUPON--9Z,17.32,AUD
832255,2024-01-06T19:29:32,2024-01-06,556,9,Retail,PayPal,COUPON009Z,16.72,AUD
832456,2024-01-06T00:42:27,2024-01-06,33,16,Online,Credit Card,COUPON9--A,15.43,AUD
832484,2024-01-06T04:29:10,2024-01-06,772,25,Retail,Credit Card,COUPON0--A,9.67,AUD
832489,2024-01-06T07:49:11,2024-01-06,119,33,Online,Credit Card,COUPONZ99A,9.47,AUD
832597,2024-01-06T20:02:24,2024-01-06,637,43,Retail,PayPal,COUPONAA09,3.93,AUD
832748,2024-01-06T18:18:18,2024-01-06,328,17,Online,Credit Card,COUPON-AZ-,18.1,AUD
832768,2024-01-06T18:40:43,2024-01-06,593,31,Online,Credit Card,COUPONA000,9.23,AUD
832777,2024-01-06T12:40:17,2024-01-06,337,49,Retail,Credit Card,COUPON--AA,5.58,AUD
832884,2024-01-06T07:36:06,2024-01-06,335,10,Retail,PayPal,COUPONAZA-,8.49,AUD
832897,2024-01-06T09:22:06,2024-01-06,201,41,Online,Afterpay,COUPON99Z0,18.67,AUD
833099,2024-01-06T04:42:38,2024-01-06,147,31,Retail,PayPal,COUPON--Z-,3.17,AUD
833161,2024-01-06T00:35:45,2024-01-06,543,36,Online,Afterpay,COUPON-0-A,9.31,AUD
833306,2024-01-06T07:04:25,2024-01-06,713,24,Online,PayPal,COUPONZA90,13.58,AUD
833463,2024-01-06T08:11:30,2024-01-06,628,23,Online,Afterpay,COUPON090A,5.08,AUD
833500,2024-01-06T21:28:24,2024-01-06,624,22,Retail,PayPal,COUPONZZ--,13.62,AUD
833505,2024-01-06T04:08:48,2024-01-06,755,42,Retail,PayPal,COUPON0Z0-,6.49,AUD
833680,2024-01-06T20:29:46,2024-01-06,204,37,Online,Afterpay,COUPON-0-0,10.39,AUD
833682,2024-01-06T23:11:18,2024-01-06,405,17,Retail,Credit Card,COUPON--00,18.76,AUD
834004,2024-01-06T16:17:04,2024-01-06,493,21,Retail,Credit Card,COUPON-Z0-,4.72,AUD
834254,2024-01-06T16:30:27,2024-01-06,579,31,Online,Afterpay,COUPONZA-Z,4.08,AUD
834363,2024-01-06T23:02:10,2024-01-06,40,33,Retail,Credit Card,COUPON9ZAZ,14.11,AUD
834426,2024-01-06T06:07:52,2024-01-06,526,39,Online,Credit Card,COUPON9ZA-,0.27,AUD
834521,2024-01-06T19:25:09,2024-01-06,647,39,Online,Afterpay,COUPONZ-Z0,3.88,AUD
834551,2024-01-06T18:57:13,2024-01-06,607,6,Online,Credit Card,COUPONZ0A9,2.78,AUD
834610,2024-01-06T06:53:01,2024-01-06,278,11,Online,Afterpay,COUPON00--,7.36,AUD
834732,2024-01-06T07:05:32,2024-01-06,416,46,Online,Credit Card,COUPON09A-,5.87,AUD
834755,2024-01-06T23:21:08,2024-01-06,678,24,Online,Afterpay,COUPON-0A-,16.65,AUD
834799,2024-01-06T09:27:48,2024-01-06,649,27,Online,PayPal,COUPON0Z90,18.43,AUD
834845,2024-01-06T22:05:52,2024-01-06,213,6,Online,Afterpay,COUPON0-90,19.53,AUD
834864,2024-01-06T06:41:02,2024-01-06,756,8,Retail,PayPal,COUPON-90A,8.58,AUD
834964,2024-01-06T14:14:09,2024-01-06,521,48,Retail,Credit Card,COUPON9Z9Z,12.04,AUD
835009,2024-01-06T16:43:39,2024-01-06,786,17,Online,PayPal,COUPON--A9,19.19,AUD
835150,2024-01-06T04:59:51,2024-01-06,82,9,Retail,PayPal,COUPONZ-0Z,3.74,AUD
835153,2024-01-06T20:00:51,2024-01-06,84,27,Retail,Afterpay,COUPON99A-,6.97,AUD
835159,2024-01-06T07:54:17,2024-01-06,488,7,Retail,PayPal,COUPON0-0-,11.48,AUD
835160,2024-01-06T20:23:47,2024-01-06,557,24,Retail,Credit Card,COUPONZA--,7.41,AUD
835253,2024-01-06T03:46:57,2024-01-06,234,43,Online,Credit Card,COUPON0ZA0,11.8,AUD
835399,2024-01-06T00:13:25,2024-01-06,578,1,Online,PayPal,COUPON--AA,12.59,AUD
835459,2024-01-06T21:23:49,2024-01-06,774,46,Online,Credit Card,COUPON0AAZ,5.42,AUD
835622,2024-01-06T10:13:38,2024-01-06,193,43,Retail,PayPal,COUPONZ-A-,19.02,AUD
835710,2024-01-06T22:40:17,2024-01-06,456,35,Online,Credit Card,COUPON0A90,9.7,AUD
835939,2024-01-06T13:41:40,2024-01-06,431,46,Online,Credit Card,COUPONA090,1.32,AUD
836128,2024-01-06T16:52:14,2024-01-06,783,13,Online,Credit Card,COUPON-A00,15.33,AUD
836132,2024-01-06T13:47:08,2024-01-06,711,34,Retail,PayPal,COUPON9-A-,8.09,AUD
836134,2024-01-06T12:29:15,2024-01-06,243,28,Online,Afterpay,COUPON-ZA0,15.03,AUD
836268,2024-01-06T16:47:14,2024-01-06,185,3,Online,PayPal,COUPONAZA-,12.01,AUD
836582,2024-01-06T05:01:52,2024-01-06,157,8,Online,Credit Card,COUPONZA--,14.48,AUD
836629,2024-01-06T00:07:09,2024-01-06,73,38,Online,Afterpay,COUPON909-,11.6,AUD
836635,2024-01-06T18:22:23,2024-01-06,336,1,Online,Credit Card,COUPONAZZA,17.92,AUD
836685,2024-01-06T02:35:52,2024-01-06,160,25,Online,PayPal,COUPONA0ZA,3.19,AUD
836743,2024-01-06T16:21:43,2024-01-06,511,48,Retail,PayPal,COUPON-ZAA,14.79,AUD
836875,2024-01-06T16:58:38,2024-01-06,39,40,Online,Credit Card,COUPON-90Z,14.58,AUD
836883,2024-01-06T04:31:34,2024-01-06,131,44,Retail,Credit Card,COUPON-0-9,7.19,AUD
836923,2024-01-06T11:36:32,2024-01-06,158,10,Retail,Afterpay,COUPON-AAA,12.92,AUD
836930,2024-01-06T20:22:01,2024-01-06,43,46,Retail,Credit Card,COUPON0--Z,5.71,AUD
837091,2024-01-06T16:21:12,2024-01-06,497,3,Online,PayPal,COUPON---9,18.51,AUD
837127,2024-01-06T08:19:01,2024-01-06,475,33,Online,Credit Card,COUPON--Z9,1.16,AUD
837143,2024-01-06T20:45:13,2024-01-06,17,5,Online,Afterpay,COUPON-9-9,16.09,AUD
837164,2024-01-06T14:35:21,2024-01-06,45,13,Online,Credit Card,COUPON---Z,4.6,AUD
837179,2024-01-06T10:27:50,2024-01-06,349,23,Retail,PayPal,COUPON9--A,17.58,AUD
837238,2024-01-06T09:54:33,2024-01-06,116,5,Retail,PayPal,COUPON----,10.67,AUD
837278,2024-01-06T10:11:56,2024-01-06,798,42,Online,PayPal,COUPON-9-0,9.55,AUD
837387,2024-01-06T17:26:59,2024-01-06,700,14,Online,Credit Card,COUPONAA99,8.6,AUD
837435,2024-01-06T00:59:25,2024-01-06,207,21,Retail,Afterpay,COUPON0Z9Z,14.38,AUD
837492,2024-01-06T09:17:30,2024-01-06,185,40,Online,PayPal,COUPON0A0A,8.37,AUD
837704,2024-01-06T09:41:19,2024-01-06,470,38,Online,Afterpay,COUPON---0,3.27,AUD
837718,2024-01-06T11:31:00,2024-01-06,161,28,Online,Credit Card,COUPON-9Z-,13.56,AUD
837884,2024-01-06T21:11:52,2024-01-06,608,13,Online,Afterpay,COUPONAZ-0,15.92,AUD
837938,2024-01-06T18:18:08,2024-01-06,21,16,Retail,Credit Card,COUPONZAZA,8.37,AUD
837943,2024-01-06T07:41:06,2024-01-06,203,16,Online,Afterpay,COUPON90Z-,6.61,AUD
838023,2024-01-06T02:35:53,2024-01-06,114,16,Retail,Credit Card,COUPON9--A,16.94,AUD
838256,2024-01-06T18:36:06,2024-01-06,673,44,Retail,PayPal,COUPONA-Z-,0.04,AUD
838482,2024-01-06T12:28:49,2024-01-06,513,2,Retail,Afterpay,COUPON0ZA-,19.61,AUD
838542,2024-01-06T20:16:15,2024-01-06,243,19,Online,Credit Card,COUPONZ-9Z,15.15,AUD
838734,2024-01-06T18:44:53,2024-01-06,634,13,Retail,Credit Card,COUPON9A9-,19.68,AUD
838743,2024-01-06T10:12:45,2024-01-06,129,10,Online,Credit Card,COUPON999A,0.09,AUD
838785,2024-01-06T20:57:45,2024-01-06,55,4,Retail,Afterpay,COUPON--A0,19.41,AUD
839145,2024-01-06T15:50:33,2024-01-06,116,12,Retail,PayPal,COUPON--Z-,18.0,AUD
839434,2024-01-06T22:07:07,2024-01-06,482,42,Retail,PayPal,COUPON9A--,5.34,AUD
839570,2024-01-06T17:37:19,2024-01-06,784,9,Online,Credit Card,COUPONA00-,3.28,AUD
839603,2024-01-06T22:07:45,2024-01-06,173,34,Online,Credit Card,COUPON---0,0.22,AUD
839668,2024-01-06T00:10:59,2024-01-06,693,34,Retail,Credit Card,COUPONZ-A-,0.33,AUD
839774,2024-01-06T04:44:48,2024-01-06,466,42,Online,Credit Card,COUPON00AA,10.86,AUD
839780,2024-01-06T19:21:53,2024-01-06,170,49,Retail,Credit Card,COUPONA-A-,6.39,AUD
839852,2024-01-06T11:06:11,2024-01-06,603,37,Retail,Credit Card,COUPONA---,14.89,AUD
839944,2024-01-06T12:20:42,2024-01-06,461,22,Online,Afterpay,COUPONZA-9,12.83,AUD
840001,2024-01-06T07:58:20,2024-01-06,275,18,Retail,PayPal,COUPON0Z90,17.77,AUD
840127,2024-01-06T04:52:13,2024-01-06,341,44,Online,Afterpay,COUPONZ00A,12.05,AUD
840171,2024-01-06T11:45:06,2024-01-06,176,42,Retail,Credit Card,COUPON-9ZA,2.75,AUD
840263,2024-01-06T11:57:16,2024-01-06,392,43,Online,PayPal,COUPONAAA-,5.31,AUD
840474,2024-01-06T21:08:47,2024-01-06,473,47,Online,PayPal,COUPON-AA0,13.55,AUD
840552,2024-01-06T17:53:05,2024-01-06,692,44,Online,Credit Card,COUPON-Z09,1.29,AUD
840562,2024-01-06T20:02:19,2024-01-06,139,14,Retail,Credit Card,COUPONZA-Z,17.56,AUD
840614,2024-01-06T18:45:20,2024-01-06,337,11,Online,Credit Card,COUPON0-9-,0.81,AUD
840624,2024-01-06T08:55:51,2024-01-06,123,1,Online,Afterpay,COUPONA00-,5.65,AUD
840690,2024-01-06T02:08:31,2024-01-06,396,37,Retail,Credit Card,COUPON990Z,8.04,AUD
840898,2024-01-06T16:10:04,2024-01-06,722,42,Retail,PayPal,COUPON-ZZ-,18.01,AUD
840901,2024-01-06T18:51:10,2024-01-06,592,4,Retail,Credit Card,COUPON0---,12.85,AUD
841117,2024-01-06T15:46:39,2024-01-06,628,49,Retail,Credit Card,COUPONA9Z-,2.23,AUD
841130,2024-01-06T21:09:20,2024-01-06,210,9,Retail,Afterpay,COUPON9A9A,7.7,AUD
841142,2024-01-06T04:34:58,2024-01-06,348,45,Retail,Credit Card,COUPON--0-,13.93,AUD
841359,2024-01-06T01:16:50,2024-01-06,605,24,Retail,PayPal,COUPON-0AA,15.93,AUD
841464,2024-01-06T05:59:46,2024-01-06,198,37,Retail,PayPal,COUPONZZ0Z,0.11,AUD
841487,2024-01-06T15:56:59,2024-01-06,508,48,Online,Credit Card,COUPON-AA0,3.21,AUD
841611,2024-01-06T10:48:32,2024-01-06,798,7,Online,Credit Card,COUPONZAZ-,8.01,AUD
841658,2024-01-06T06:50:59,2024-01-06,670,40,Online,Credit Card,COUPONZ0Z0,14.3,AUD
841766,2024-01-06T21:37:23,2024-01-06,396,40,Retail,Credit Card,COUPON--0Z,6.45,AUD
842041,2024-01-06T04:23:23,2024-01-06,406,4,Retail,Credit Card,COUPON9A9A,7.88,AUD
842204,2024-01-06T16:56:26,2024-01-06,616,44,Online,Afterpay,COUPON9ZZA,6.65,AUD
842273,2024-01-06T03:57:09,2024-01-06,692,10,Online,PayPal,COUPON0AA9,12.72,AUD
842310,2024-01-06T02:42:22,2024-01-06,411,1,Online,Credit Card,COUPONA--0,13.31,AUD
842451,2024-01-06T23:39:07,2024-01-06,675,27,Online,Afterpay,COUPON-09-,5.69,AUD
842519,2024-01-06T11:37:56,2024-01-06,337,34,Online,Afterpay,COUPON-0-9,7.18,AUD
842870,2024-01-06T07:13:40,2024-01-06,344,13,Retail,Afterpay,COUPON0-AZ,17.39,AUD
842946,2024-01-06T00:11:36,2024-01-06,400,45,Online,PayPal,COUPONA9-0,0.83,AUD
842980,2024-01-06T18:05:52,2024-01-06,597,20,Online,Afterpay,COUPON9---,1.85,AUD
842982,2024-01-06T01:54:27,2024-01-06,378,13,Retail,PayPal,COUPONZ-9-,13.82,AUD
843116,2024-01-06T15:49:22,2024-01-06,741,33,Online,Credit Card,COUPON9A90,11.82,AUD
843146,2024-01-06T13:33:36,2024-01-06,269,35,Online,Credit Card,COUPONZ-A-,17.49,AUD
843225,2024-01-06T16:47:47,2024-01-06,369,12,Retail,PayPal,COUPON0A9-,7.1,AUD
843284,2024-01-06T09:16:36,2024-01-06,291,16,Retail,PayPal,COUPON--ZZ,17.67,AUD
843412,2024-01-06T10:34:15,2024-01-06,662,28,Online,PayPal,COUPONA990,9.98,AUD
843477,2024-01-06T01:44:42,2024-01-06,496,10,Online,PayPal,COUPONAA9-,10.6,AUD
843483,2024-01-06T18:49:34,2024-01-06,73,44,Retail,PayPal,COUPON0---,10.57,AUD
843559,2024-01-06T15:25:30,2024-01-06,370,31,Online,Afterpay,COUPON-AAA,16.39,AUD
843662,2024-01-06T16:15:51,2024-01-06,731,49,Online,Afterpay,COUPON00-9,8.89,AUD
843780,2024-01-06T21:58:56,2024-01-06,225,37,Retail,Credit Card,COUPONA9A-,8.65,AUD
843950,2024-01-06T17:19:27,2024-01-06,328,8,Retail,PayPal,COUPON0-A0,19.86,AUD
844171,2024-01-06T08:32:18,2024-01-06,120,40,Retail,PayPal,COUPON0-A9,19.48,AUD
844340,2024-01-06T18:50:22,2024-01-06,532,25,Retail,PayPal,COUPON-Z0A,14.11,AUD
844356,2024-01-06T00:28:54,2024-01-06,794,41,Retail,Afterpay,COUPON9A--,10.48,AUD
844537,2024-01-06T04:22:55,2024-01-06,571,43,Retail,Credit Card,COUPONA-9Z,10.46,AUD
844575,2024-01-06T22:13:29,2024-01-06,98,35,Online,Credit Card,COUPON0--0,6.07,AUD
844644,2024-01-06T01:54:43,2024-01-06,54,46,Retail,Afterpay,COUPONZA90,9.89,AUD
844812,2024-01-06T22:20:28,2024-01-06,71,40,Retail,Credit Card,COUPONA-00,18.29,AUD
844876,2024-01-06T21:30:08,2024-01-06,209,21,Retail,Credit Card,COUPON-0-9,17.16,AUD
844878,2024-01-06T01:38:16,2024-01-06,208,26,Online,PayPal,COUPON----,7.88,AUD
844927,2024-01-06T22:40:35,2024-01-06,453,36,Online,Credit Card,COUPON-99Z,5.75,AUD
845058,2024-01-06T10:46:46,2024-01-06,246,25,Retail,Credit Card,COUPON--9-,15.72,AUD
845085,2024-01-06T03:47:21,2024-01-06,465,30,Online,Afterpay,COUPON-Z0-,11.35,AUD
845186,2024-01-06T00:54:48,2024-01-06,329,28,Online,PayPal,COUPONZ0-Z,11.18,AUD
845221,2024-01-06T22:53:10,2024-01-06,388,49,Retail,Afterpay,COUPON-Z9-,17.61,AUD
845396,2024-01-06T03:54:54,2024-01-06,651,29,Retail,Credit Card,COUPON---9,4.13,AUD
845523,2024-01-06T21:20:37,2024-01-06,235,41,Retail,Credit Card,COUPON-99A,14.02,AUD
845545,2024-01-06T19:06:10,2024-01-06,68,28,Retail,Afterpay,COUPON9-9Z,2.41,AUD
845649,2024-01-06T00:58:02,2024-01-06,101,38,Retail,Afterpay,COUPON-A-9,8.31,AUD
845964,2024-01-06T07:15:14,2024-01-06,754,18,Online,PayPal,COUPONA0AA,2.42,AUD
846016,2024-01-06T09:22:32,2024-01-06,71,2,Retail,Afterpay,COUPONAA-A,9.01,AUD
846166,2024-01-06T12:42:27,2024-01-06,35,39,Retail,Credit Card,COUPON90ZZ,9.6,AUD
846212,2024-01-06T01:51:48,2024-01-06,632,11,Retail,Afterpay,COUPON9Z9Z,14.16,AUD
846301,2024-01-06T02:50:35,2024-01-06,449,46,Retail,Credit Card,COUPON00-A,5.94,AUD
846319,2024-01-06T16:02:18,2024-01-06,532,23,Online,Afterpay,COUPON9Z-9,1.93,AUD
846409,2024-01-06T01:10:51,2024-01-06,238,33,Retail,PayPal,COUPONZ09Z,13.14,AUD
846421,2024-01-06T17:30:15,2024-01-06,85,31,Retail,Credit Card,COUPON--9Z,16.46,AUD
846796,2024-01-06T06:05:30,2024-01-06,89,13,Retail,Credit Card,COUPON9--0,19.67,AUD
847031,2024-01-06T22:14:17,2024-01-06,679,9,Retail,PayPal,COUPONZZZ9,3.67,AUD
847163,2024-01-06T15:53:24,2024-01-06,287,3,Retail,Credit Card,COUPONA900,7.11,AUD
847366,2024-01-06T12:53:50,2024-01-06,190,38,Online,Credit Card,COUPON9-A9,8.26,AUD
847483,2024-01-06T18:29:44,2024-01-06,522,39,Retail,Afterpay,COUPON-0--,10.65,AUD
847611,2024-01-06T12:15:31,2024-01-06,497,9,Online,Credit Card,COUPON--A0,10.45,AUD
847750,2024-01-06T20:56:04,2024-01-06,393,25,Retail,Credit Card,COUPON---A,3.72,AUD
848007,2024-01-06T14:39:39,2024-01-06,71,34,Online,Credit Card,COUPONA-Z-,6.94,AUD
848061,2024-01-06T22:52:28,2024-01-06,153,6,Online,Afterpay,COUPON0ZZ9,18.42,AUD
848193,2024-01-06T01:52:38,2024-01-06,678,47,Retail,PayPal,COUPON09-Z,8.99,AUD
848213,2024-01-06T01:56:32,2024-01-06,688,16,Retail,Afterpay,COUPONZ9A9,8.4,AUD
848229,2024-01-06T01:02:59,2024-01-06,602,7,Retail,Afterpay,COUPON-9-A,14.32,AUD
848268,2024-01-06T00:37:44,2024-01-06,378,42,Online,PayPal,COUPONA-09,19.92,AUD
848302,2024-01-06T04:13:25,2024-01-06,675,9,Retail,Credit Card,COUPONZ0AZ,10.47,AUD
848327,2024-01-06T07:51:11,2024-01-06,312,30,Online,Credit Card,COUPON0A9Z,2.03,AUD
848674,2024-01-06T23:17:46,2024-01-06,435,10,Retail,PayPal,COUPON999-,10.15,AUD
848753,2024-01-06T00:45:59,2024-01-06,123,15,Online,Credit Card,COUPONA-A-,19.18,AUD
848779,2024-01-06T11:57:27,2024-01-06,6,19,Online,Afterpay,COUPONZ-0Z,18.16,AUD
848789,2024-01-06T02:03:56,2024-01-06,140,15,Retail,Afterpay,COUPON-A0-,15.22,AUD
848827,2024-01-06T21:37:36,2024-01-06,56,20,Online,PayPal,COUPON9ZA-,1.3,AUD
848852,2024-01-06T17:05:24,2024-01-06,375,37,Online,Credit Card,COUPON-9-9,6.81,AUD
849030,2024-01-06T00:25:19,2024-01-06,316,12,Retail,Afterpay,COUPONZ9-Z,7.75,AUD
849082,2024-01-06T03:11:43,2024-01-06,724,8,Online,Credit Card,COUPON--9Z,5.3,AUD
849198,2024-01-06T11:11:08,2024-01-06,475,49,Retail,Credit Card,COUPON0-0-,15.61,AUD
849364,2024-01-06T08:52:38,2024-01-06,576,37,Online,Afterpay,COUPONZ9--,8.08,AUD
849435,2024-01-06T08:14:48,2024-01-06,298,31,Retail,Credit Card,COUPON----,2.45,AUD
849582,2024-01-06T18:50:33,2024-01-06,469,49,Online,Credit Card,COUPON9Z9Z,5.25,AUD
849604,2024-01-06T01:01:15,2024-01-06,125,25,Online,Credit Card,COUPONAAZ-,1.78,AUD
849605,2024-01-06T14:01:17,2024-01-06,117,11,Online,Credit Card,COUPON0---,15.9,AUD
849653,2024-01-06T01:04:47,2024-01-06,476,19,Retail,PayPal,COUPON00Z9,7.27,AUD
849720,2024-01-06T05:52:37,2024-01-06,558,4,Retail,Credit Card,COUPONAAZ-,12.04,AUD
849725,2024-01-06T18:13:24,2024-01-06,326,15,Online,Afterpay,COUPON9--Z,19.03,AUD
849768,2024-01-06T05:52:41,2024-01-06,164,10,Online,PayPal,COUPON-Z0Z,8.49,AUD
849992,2024-01-06T14:46:40,2024-01-06,443,39,Retail,Credit Card,COUPON-9--,15.36,AUD
850070,2024-01-06T10:50:32,2024-01-06,359,32,Retail,PayPal,COUPON09Z-,2.99,AUD
850095,2024-01-06T18:19:34,2024-01-06,11,6,Retail,PayPal,COUPON00A-,1.23,AUD
850099,2024-01-06T19:52:32,2024-01-06,646,22,Online,Credit Card,COUPON9A9-,0.14,AUD
850144,2024-01-06T14:05:20,2024-01-06,780,9,Retail,Credit Card,COUPONA9Z9,18.22,AUD
850341,2024-01-06T07:54:11,2024-01-06,734,27,Retail,Afterpay,COUPON00A-,13.84,AUD
850362,2024-01-06T04:21:43,2024-01-06,78,4,Retail,Credit Card,COUPON-9Z-,9.15,AUD
850426,2024-01-06T22:44:25,2024-01-06,158,33,Online,Afterpay,COUPON0Z-9,13.77,AUD
850503,2024-01-06T21:23:51,2024-01-06,511,2,Online,Credit Card,COUPONZ--0,12.1,AUD
850619,2024-01-06T09:42:33,2024-01-06,297,29,Online,PayPal,COUPON0Z--,3.61,AUD
850767,2024-01-06T05:03:07,2024-01-06,611,24,Retail,Credit Card,COUPON0-Z-,13.57,AUD
850784,2024-01-06T11:03:57,2024-01-06,640,3,Online,Credit Card,COUPON9Z-0,9.39,AUD
850808,2024-01-06T11:41:36,2024-01-06,24,37,Retail,Afterpay,COUPONZ0AZ,1.53,AUD
851055,2024-01-06T04:25:34,2024-01-06,69,6,Online,Credit Card,COUPON9-AA,8.3,AUD
851130,2024-01-06T09:25:15,2024-01-06,508,20,Retail,Credit Card,COUPON990A,2.81,AUD
851133,2024-01-06T17:10:10,2024-01-06,343,7,Retail,Credit Card,COUPONZ9--,17.52,AUD
851312,2024-01-06T17:56:19,2024-01-06,381,3,Online,Afterpay,COUPON0---,4.14,AUD
851436,2024-01-06T01:59:00,2024-01-06,708,33,Retail,Credit Card,COUPON9--A,0.97,AUD
851472,2024-01-06T18:17:37,2024-01-06,151,28,Retail,Afterpay,COUPON9A09,11.02,AUD
851547,2024-01-06T09:57:26,2024-01-06,32,24,Retail,PayPal,COUPON0-AA,5.79,AUD
851852,2024-01-06T18:36:16,2024-01-06,118,15,Retail,Afterpay,COUPONZ0--,4.14,AUD
851881,2024-01-06T16:15:47,2024-01-06,333,42,Retail,PayPal,COUPONZZ09,14.11,AUD
852134,2024-01-06T07:31:26,2024-01-06,606,29,Online,PayPal,COUPONZ9-Z,12.99,AUD
852622,2024-01-06T00:35:45,2024-01-06,568,12,Retail,PayPal,COUPONAA9-,2.32,AUD
852678,2024-01-06T07:53:07,2024-01-06,238,6,Retail,Afterpay,COUPON--A0,14.19,AUD
852744,2024-01-06T00:47:13,2024-01-06,636,22,Retail,Credit Card,COUPON-9-Z,11.99,AUD
852792,2024-01-06T20:02:22,2024-01-06,93,2,Online,Credit Card,COUPON9---,14.42,AUD
852804,2024-01-06T08:30:32,2024-01-06,407,3,Online,PayPal,COUPON---0,15.58,AUD
852843,2024-01-06T01:18:29,2024-01-06,488,44,Online,Afterpay,COUPON0-0Z,5.54,AUD
852882,2024-01-06T11:29:04,2024-01-06,635,39,Retail,PayPal,COUPONA-Z-,12.89,AUD
852929,2024-01-06T09:53:21,2024-01-06,747,22,Online,Afterpay,COUPON0Z9Z,8.71,AUD
852947,2024-01-06T20:05:15,2024-01-06,166,40,Retail,Afterpay,COUPON0Z90,4.83,AUD
852948,2024-01-06T10:24:33,2024-01-06,676,46,Online,PayPal,COUPON-Z-9,4.8,AUD
852977,2024-01-06T23:18:04,2024-01-06,63,44,Retail,Afterpay,COUPON--0A,16.7,AUD
853028,2024-01-06T17:36:17,2024-01-06,368,44,Online,Afterpay,COUPON0ZZZ,4.25,AUD
853050,2024-01-06T18:41:49,2024-01-06,405,17,Retail,PayPal,COUPON-00-,5.8,AUD
853051,2024-01-06T08:16:38,2024-01-06,234,5,Online,Credit Card,COUPON9---,5.56,AUD
853088,2024-01-06T00:47:10,2024-01-06,359,27,Online,Credit Card,COUPONZ-A-,14.91,AUD
853323,2024-01-06T19:48:36,2024-01-06,208,38,Retail,PayPal,COUPON00Z9,11.46,AUD
853605,2024-01-06T09:13:11,2024-01-06,489,32,Online,PayPal,COUPONZ-Z0,7.24,AUD
853628,2024-01-06T14:02:50,2024-01-06,174,30,Online,Afterpay,COUPON-0-A,0.04,AUD
853725,2024-01-06T06:17:35,2024-01-06,310,41,Online,Afterpay,COUPONZAZ-,14.92,AUD
853889,2024-01-06T09:40:36,2024-01-06,761,6,Online,PayPal,COUPON0-09,1.83,AUD
853947,2024-01-06T02:41:19,2024-01-06,558,28,Online,Credit Card,COUPON-Z90,14.54,AUD
853950,2024-01-06T17:40:15,2024-01-06,387,32,Retail,Afterpay,COUPON0Z--,12.62,AUD
853963,2024-01-06T23:24:54,2024-01-06,792,46,Online,Credit Card,COUPON9-AA,7.4,AUD
854046,2024-01-06T01:11:22,2024-01-06,124,2,Online,Credit Card,COUPON---A,10.95,AUD
854193,2024-01-06T22:58:01,2024-01-06,519,11,Online,Afterpay,COUPON0-Z0,18.95,AUD
854248,2024-01-06T15:18:19,2024-01-06,714,20,Retail,PayPal,COUPONAZ9A,13.23,AUD
854260,2024-01-06T06:03:29,2024-01-06,292,43,Online,Credit Card,COUPONZ-0Z,9.34,AUD
854355,2024-01-06T17:10:51,2024-01-06,77,3,Retail,Credit Card,COUPON0-90,1.95,AUD
854486,2024-01-06T22:58:04,2024-01-06,467,43,Retail,PayPal,COUPON-0-0,9.65,AUD
854561,2024-01-06T21:32:24,2024-01-06,496,35,Retail,Credit Card,COUPONAZZA,5.85,AUD
854625,2024-01-06T01:29:09,2024-01-06,363,37,Online,PayPal,COUPON-0A0,15.04,AUD
854792,2024-01-06T03:48:48,2024-01-06,484,47,Retail,Credit Card,COUPON09A0,19.7,AUD
854823,2024-01-06T14:18:03,2024-01-06,287,26,Online,Afterpay,COUPON00--,3.93,AUD
854836,2024-01-06T17:15:42,2024-01-06,261,5,Online,Credit Card,COUPON9Z-A,4.27,AUD
854959,2024-01-06T01:49:23,2024-01-06,404,24,Online,PayPal,COUPONZ-AZ,16.0,AUD
854979,2024-01-06T02:22:25,2024-01-06,313,3,Retail,PayPal,COUPON--A-,3.63,AUD
855000,2024-01-06T01:56:07,2024-01-06,210,23,Online,Credit Card,COUPON0A99,2.12,AUD
855113,2024-01-06T11:39:22,2024-01-06,103,13,Retail,Afterpay,COUPON09-9,4.79,AUD
855124,2024-01-06T03:00:51,2024-01-06,55,47,Online,PayPal,COUPON--A-,1.19,AUD
855156,2024-01-06T08:22:44,2024-01-06,683,36,Online,Credit Card,COUPON-90-,19.05,AUD
855185,2024-01-06T16:29:44,2024-01-06,259,23,Retail,Afterpay,COUPONA---,16.94,AUD
855221,2024-01-06T23:56:08,2024-01-06,483,40,Online,PayPal,COUPON90A9,5.6,AUD
855438,2024-01-06T09:27:45,2024-01-06,788,42,Online,PayPal,COUPON----,1.22,AUD
855439,2024-01-06T12:15:41,2024-01-06,468,28,Retail,Credit Card,COUPON0-Z0,3.44,AUD
855486,2024-01-06T09:26:04,2024-01-06,535,12,Retail,PayPal,COUPON00ZZ,7.3,AUD
855655,2024-01-06T01:37:52,2024-01-06,787,24,Retail,PayPal,COUPON-9-0,19.69,AUD
855657,2024-01-06T17:21:20,2024-01-06,726,21,Retail,PayPal,COUPON09-0,17.74,AUD
855667,2024-01-06T16:49:33,2024-01-06,726,22,Retail,PayPal,COUPONZ-A-,3.85,AUD
855789,2024-01-06T18:01:55,2024-01-06,702,28,Online,PayPal,COUPONAZZZ,1.85,AUD
855959,2024-01-06T14:28:45,2024-01-06,546,39,Retail,Afterpay,COUPONZ-Z-,14.33,AUD
855963,2024-01-06T22:31:07,2024-01-06,694,6,Retail,Afterpay,COUPON9900,15.63,AUD
856062,2024-01-06T14:46:57,2024-01-06,292,39,Retail,Credit Card,COUPON-9Z-,4.73,AUD
856106,2024-01-06T21:23:31,2024-01-06,355,5,Retail,Afterpay,COUPON--99,8.47,AUD
856169,2024-01-06T04:10:06,2024-01-06,91,18,Retail,PayPal,COUPON-A-A,1.7,AUD
856375,2024-01-06T12:50:48,2024-01-06,348,42,Retail,PayPal,COUPONAZZZ,1.05,AUD
856393,2024-01-06T09:42:28,2024-01-06,788,28,Online,PayPal,COUPONA---,19.79,AUD
856407,2024-01-06T11:05:36,2024-01-06,138,2,Retail,Afterpay,COUPON-Z0-,18.01,AUD
856459,2024-01-06T23:28:03,2024-01-06,507,9,Retail,PayPal,COUPONZ-ZZ,6.48,AUD
856551,2024-01-06T05:48:42,2024-01-06,617,5,Online,PayPal,COUPON-9-9,18.21,AUD
856770,2024-01-06T02:09:24,2024-01-06,769,39,Retail,PayPal,COUPONZ9--,5.13,AUD
857007,2024-01-06T23:37:54,2024-01-06,392,45,Retail,Credit Card,COUPONZZZ0,2.43,AUD
857107,2024-01-06T03:35:26,2024-01-06,437,26,Online,Credit Card,COUPON-9A-,19.69,AUD
857110,2024-01-06T22:05:16,2024-01-06,634,41,Online,Afterpay,COUPON-AZ0,9.53,AUD
857136,2024-01-06T18:47:34,2024-01-06,306,1,Retail,Credit Card,COUPON00--,9.57,AUD
857205,2024-01-06T11:38:14,2024-01-06,73,33,Online,Credit Card,COUPON-09Z,16.23,AUD
857355,2024-01-06T06:13:23,2024-01-06,609,15,Retail,Credit Card,COUPON0AZ9,1.74,AUD
857375,2024-01-06T12:33:14,2024-01-06,29,27,Retail,Afterpay,COUPONZ-Z-,14.36,AUD
857511,2024-01-06T08:14:53,2024-01-06,642,43,Online,Credit Card,COUPON0--Z,9.15,AUD
857522,2024-01-06T02:34:17,2024-01-06,516,34,Retail,Credit Card,COUPON0Z-Z,8.99,AUD
857543,2024-01-06T04:48:51,2024-01-06,677,20,Retail,Credit Card,COUPONAA9A,10.08,AUD
857627,2024-01-06T14:29:34,2024-01-06,727,34,Retail,PayPal,COUPON0ZAZ,12.98,AUD
857777,2024-01-06T06:54:47,2024-01-06,447,32,Online,PayPal,COUPON-0--,3.72,AUD
857863,2024-01-06T18:19:09,2024-01-06,639,34,Retail,PayPal,COUPONZ0--,1.83,AUD
857981,2024-01-06T10:04:55,2024-01-06,143,23,Retail,PayPal,COUPONZ9-0,1.88,AUD
858002,2024-01-06T19:49:39,2024-01-06,763,46,Online,PayPal,COUPON9Z--,5.45,AUD
858018,2024-01-06T00:38:09,2024-01-06,86,32,Online,PayPal,COUPONA900,11.6,AUD
858155,2024-01-06T11:11:23,2024-01-06,315,22,Retail,Afterpay,COUPON0A-0,0.48,AUD
858266,2024-01-06T16:47:20,2024-01-06,244,47,Online,Afterpay,COUPON----,16.83,AUD
858334,2024-01-06T23:28:36,2024-01-06,674,31,Retail,Afterpay,COUPON-9Z-,3.44,AUD
858395,2024-01-06T05:24:27,2024-01-06,355,37,Online,Credit Card,COUPON-0A-,11.77,AUD
858519,2024-01-06T08:14:30,2024-01-06,259,15,Online,PayPal,COUPON9-AA,16.92,AUD
858756,2024-01-06T08:44:40,2024-01-06,788,30,Online,Afterpay,COUPONZA-9,5.17,AUD
858785,2024-01-06T19:09:15,2024-01-06,9,47,Online,PayPal,COUPON-AA0,9.62,AUD
858790,2024-01-06T00:26:47,2024-01-06,280,27,Online,PayPal,COUPON-Z-9,14.35,AUD
858824,2024-01-06T18:50:39,2024-01-06,732,27,Online,PayPal,COUPON-9-A,13.41,AUD
858848,2024-01-06T12:23:19,2024-01-06,151,17,Retail,PayPal,COUPON--Z-,5.2,AUD
858965,2024-01-06T14:52:04,2024-01-06,488,45,Online,PayPal,COUPON9-9-,3.88,AUD
858981,2024-01-06T09:46:35,2024-01-06,387,3,Online,Afterpay,COUPONZ-00,1.8,AUD
858999,2024-01-06T22:05:14,2024-01-06,452,1,Retail,Afterpay,COUPON--A-,13.1,AUD
859009,2024-01-06T08:23:37,2024-01-06,707,27,Online,PayPal,COUPON-9-Z,0.07,AUD
859019,2024-01-06T04:14:15,2024-01-06,15,2,Retail,Credit Card,COUPONA0-Z,9.21,AUD
859026,2024-01-06T19:09:59,2024-01-06,15,26,Online,Credit Card,COUPON09--,6.19,AUD
859061,2024-01-06T06:34:29,2024-01-06,425,5,Online,PayPal,COUPON--0A,14.03,AUD
859522,2024-01-06T03:23:33,2024-01-06,490,2,Retail,Afterpay,COUPON--99,15.37,AUD
859744,2024-01-06T14:31:48,2024-01-06,497,30,Online,Afterpay,COUPON9ZZ-,0.75,AUD
859803,2024-01-06T11:12:50,2024-01-06,488,36,Online,Afterpay,COUPONA-AA,18.72,AUD
859878,2024-01-06T02:19:51,2024-01-06,597,28,Retail,PayPal,COUPON9--A,18.48,AUD
859943,2024-01-06T23:32:04,2024-01-06,593,41,Online,Afterpay,COUPONA0-A,1.98,AUD
860026,2024-01-06T17:40:40,2024-01-06,503,25,Retail,Afterpay,COUPON-Z0Z,16.36,AUD
860101,2024-01-06T23:49:53,2024-01-06,438,36,Retail,Credit Card,COUPON-9A-,14.92,AUD
860310,2024-01-06T02:19:00,2024-01-06,665,35,Online,PayPal,COUPON--ZZ,2.23,AUD
860649,2024-01-06T12:25:11,2024-01-06,148,25,Online,PayPal,COUPONZA09,14.58,AUD
860802,2024-01-06T04:40:06,2024-01-06,212,39,Online,Afterpay,COUPONZ0AA,9.73,AUD
861273,2024-01-06T04:25:45,2024-01-06,489,38,Retail,Credit Card,COUPON9-Z-,17.34,AUD
861289,2024-01-06T15:51:08,2024-01-06,583,36,Online,Afterpay,COUPONZ-A-,5.69,AUD
861419,2024-01-06T06:56:11,2024-01-06,629,21,Online,Afterpay,COUPONAAZ9,6.81,AUD
861500,2024-01-06T18:13:40,2024-01-06,748,13,Retail,PayPal,COUPON0A-Z,2.48,AUD
861519,2024-01-06T13:04:18,2024-01-06,239,45,Retail,Credit Card,COUPON-AA-,15.53,AUD
861529,2024-01-06T12:24:47,2024-01-06,115,26,Retail,PayPal,COUPON-0Z-,0.52,AUD
861535,2024-01-06T08:14:05,2024-01-06,624,23,Online,Credit Card,COUPON-Z99,5.04,AUD
861667,2024-01-06T16:37:40,2024-01-06,63,16,Online,Credit Card,COUPON9A00,10.32,AUD
861779,2024-01-06T18:26:29,2024-01-06,220,42,Retail,Credit Card,COUPON90A9,17.7,AUD
861808,2024-01-06T12:25:06,2024-01-06,558,3,Retail,PayPal,COUPON0-90,5.34,AUD
861813,2024-01-06T10:52:05,2024-01-06,459,48,Online,Credit Card,COUPON99ZA,7.65,AUD
861883,2024-01-06T17:35:57,2024-01-06,421,18,Retail,Credit Card,COUPON9A-9,10.2,AUD
861895,2024-01-06T06:31:58,2024-01-06,524,11,Retail,PayPal,COUPON-A-A,1.63,AUD
861965,2024-01-06T10:02:28,2024-01-06,407,14,Retail,Afterpay,COUPON-Z9Z,5.43,AUD
862106,2024-01-06T09:00:29,2024-01-06,790,27,Retail,Credit Card,COUPON99A-,1.48,AUD
862154,2024-01-06T01:08:07,2024-01-06,631,24,Retail,Credit Card,COUPONAZA9,11.98,AUD
862312,2024-01-06T14:49:07,2024-01-06,496,24,Retail,PayPal,COUPONAA-A,5.66,AUD
862404,2024-01-06T13:19:16,2024-01-06,706,40,Retail,Credit Card,COUPON-Z0Z,5.22,AUD
862430,2024-01-06T00:56:22,2024-01-06,48,9,Retail,Credit Card,COUPON0-ZA,2.38,AUD
862493,2024-01-06T17:41:41,2024-01-06,709,49,Retail,Afterpay,COUPONA-ZZ,5.43,AUD
862813,2024-01-06T05:19:52,2024-01-06,48,33,Online,Credit Card,COUPON-9--,2.45,AUD
862824,2024-01-06T01:34:22,2024-01-06,122,9,Retail,Credit Card,COUPON-09Z,3.65,AUD
862839,2024-01-06T09:16:47,2024-01-06,235,1,Online,Credit Card,COUPON-Z0-,15.29,AUD
862911,2024-01-06T06:34:33,2024-01-06,86,15,Online,Afterpay,COUPONZZ9A,13.96,AUD
862979,2024-01-06T20:28:43,2024-01-06,496,43,Retail,PayPal,COUPONZAAA,13.27,AUD
863248,2024-01-06T20:14:29,2024-01-06,659,8,Online,Afterpay,COUPON09ZA,11.63,AUD
863291,2024-01-06T07:31:08,2024-01-06,639,15,Retail,PayPal,COUPON---Z,2.22,AUD
863396,2024-01-06T08:52:08,2024-01-06,701,40,Retail,PayPal,COUPONZA-9,2.6,AUD
863422,2024-01-06T19:08:50,2024-01-06,546,13,Online,Credit Card,COUPON00A-,7.45,AUD
863514,2024-01-06T21:25:24,2024-01-06,683,2,Online,Afterpay,COUPONZ0--,2.1,AUD
863756,2024-01-06T07:07:23,2024-01-06,107,24,Online,Credit Card,COUPON-009,3.11,AUD
863924,2024-01-06T16:31:14,2024-01-06,469,21,Online,Afterpay,COUPON-90A,17.34,AUD
864009,2024-01-06T09:43:56,2024-01-06,607,30,Online,Afterpay,COUPONZ--9,11.7,AUD
864138,2024-01-06T05:24:50,2024-01-06,334,38,Online,Credit Card,COUPON0-Z9,2.96,AUD
864173,2024-01-06T20:10:54,2024-01-06,338,21,Online,PayPal,COUPONAAZ-,8.5,AUD
864432,2024-01-06T20:28:51,2024-01-06,689,41,Online,Afterpay,COUPON0A-Z,2.19,AUD
864451,2024-01-06T02:39:42,2024-01-06,167,18,Retail,PayPal,COUPON--0-,13.3,AUD
864664,2024-01-06T09:13:10,2024-01-06,105,31,Retail,PayPal,COUPON-Z--,1.28,AUD
864683,2024-01-06T15:18:31,2024-01-06,289,31,Online,PayPal,COUPONA9A-,8.26,AUD
864781,2024-01-06T11:56:02,2024-01-06,306,33,Retail,Afterpay,COUPON--0A,7.9,AUD
864792,2024-01-06T09:48:54,2024-01-06,487,43,Retail,PayPal,COUPON00Z-,12.0,AUD
864894,2024-01-06T15:26:15,2024-01-06,568,17,Retail,Afterpay,COUPON90-9,14.66,AUD
865127,2024-01-06T03:19:46,2024-01-06,131,9,Retail,PayPal,COUPONA---,0.0,AUD
865230,2024-01-06T14:36:48,2024-01-06,663,6,Online,PayPal,COUPONAZ--,7.41,AUD
865336,2024-01-06T23:25:09,2024-01-06,35,21,Online,PayPal,COUPON0--A,13.61,AUD
865346,2024-01-06T03:42:15,2024-01-06,90,30,Retail,PayPal,COUPON-Z--,7.72,AUD
865366,2024-01-06T04:40:23,2024-01-06,134,27,Online,Afterpay,COUPON--A0,1.73,AUD
865479,2024-01-06T00:30:26,2024-01-06,695,22,Retail,Credit Card,COUPON09--,7.29,AUD
865494,2024-01-06T01:19:33,2024-01-06,182,23,Online,PayPal,COUPON09ZA,10.08,AUD
865617,2024-01-06T11:18:17,2024-01-06,450,27,Retail,Afterpay,COUPON00-A,7.3,AUD
865785,2024-01-06T23:25:48,2024-01-06,117,33,Retail,Afterpay,COUPON-0-0,2.26,AUD
865854,2024-01-06T07:35:05,2024-01-06,532,24,Retail,PayPal,COUPONAZA-,6.14,AUD
865952,2024-01-06T09:15:07,2024-01-06,565,47,Online,PayPal,COUPON-A9-,11.19,AUD
866130,2024-01-06T09:52:54,2024-01-06,569,2,Retail,Credit Card,COUPONA-99,10.06,AUD
866228,2024-01-06T17:40:48,2024-01-06,790,32,Retail,Credit Card,COUPONA-Z-,19.65,AUD
866404,2024-01-06T21:57:58,2024-01-06,215,24,Retail,Afterpay,COUPON90-Z,7.22,AUD
866444,2024-01-06T13:16:54,2024-01-06,321,32,Retail,PayPal,COUPON-A-9,15.27,AUD
866593,2024-01-06T23:20:32,2024-01-06,347,42,Retail,Afterpay,COUPONAA00,2.66,AUD
866818,2024-01-06T18:04:46,2024-01-06,30,29,Online,PayPal,COUPON99A9,14.3,AUD
866829,2024-01-06T11:38:16,2024-01-06,246,40,Retail,Credit Card,COUPON9-0Z,6.52,AUD
867146,2024-01-06T05:00:33,2024-01-06,179,8,Online,PayPal,COUPON-ZZ-,2.18,AUD
867158,2024-01-06T01:23:28,2024-01-06,194,23,Online,Afterpay,COUPON0A99,15.08,AUD
867209,2024-01-06T15:12:08,2024-01-06,81,32,Retail,PayPal,COUPON-A--,2.22,AUD
867257,2024-01-06T19:23:09,2024-01-06,285,13,Retail,PayPal,COUPONA--9,9.87,AUD
867262,2024-01-06T00:49:12,2024-01-06,198,34,Online,Afterpay,COUPON---9,14.61,AUD
867369,2024-01-06T09:45:57,2024-01-06,164,19,Online,Credit Card,COUPON--0A,16.92,AUD
867461,2024-01-06T23:07:47,2024-01-06,756,6,Retail,Afterpay,COUPON9AA0,10.87,AUD
867634,2024-01-06T18:27:57,2024-01-06,663,40,Online,PayPal,COUPON-Z00,16.97,AUD
867655,2024-01-06T03:37:52,2024-01-06,251,6,Retail,Credit Card,COUPONA09Z,14.29,AUD
867669,2024-01-06T21:48:31,2024-01-06,332,7,Retail,Credit Card,COUPON---0,19.11,AUD
867710,2024-01-06T03:39:01,2024-01-06,412,43,Retail,Afterpay,COUPONZA-Z,16.08,AUD
867836,2024-01-06T19:44:08,2024-01-06,451,13,Retail,Afterpay,COUPON--9-,6.46,AUD
867893,2024-01-06T22:25:45,2024-01-06,123,18,Retail,Afterpay,COUPONA9--,3.37,AUD
868011,2024-01-06T09:49:37,2024-01-06,733,8,Online,Afterpay,COUPON-9-0,17.47,AUD
868130,2024-01-06T14:36:43,2024-01-06,145,2,Online,Credit Card,COUPONZZ0Z,7.06,AUD
868139,2024-01-06T23:31:37,2024-01-06,373,39,Retail,PayPal,COUPON-90A,4.92,AUD
868185,2024-01-06T13:20:13,2024-01-06,739,17,Online,PayPal,COUPON9ZZ9,7.06,AUD
868258,2024-01-06T08:59:46,2024-01-06,338,46,Online,Credit Card,COUPONZA0A,6.43,AUD
868341,2024-01-06T00:04:54,2024-01-06,401,48,Retail,Credit Card,COUPON-A-0,15.56,AUD
868387,2024-01-06T01:11:27,2024-01-06,668,24,Retail,Afterpay,COUPON09Z-,7.39,AUD
868390,2024-01-06T18:39:06,2024-01-06,258,29,Retail,PayPal,COUPON--9-,15.95,AUD
868423,2024-01-06T10:16:52,2024-01-06,213,24,Retail,PayPal,COUPON9-0-,11.32,AUD
868486,2024-01-06T20:12:46,2024-01-06,797,19,Retail,PayPal,COUPONZ-90,10.26,AUD
868575,2024-01-06T07:25:42,2024-01-06,47,41,Online,PayPal,COUPON---A,9.6,AUD
868637,2024-01-06T15:57:14,2024-01-06,150,21,Online,PayPal,COUPONA--0,18.49,AUD
868649,2024-01-06T03:35:04,2024-01-06,602,37,Retail,PayPal,COUPON0---,13.85,AUD
868876,2024-01-06T23:41:24,2024-01-06,619,46,Retail,Credit Card,COUPON----,19.14,AUD
868948,2024-01-06T19:46:48,2024-01-06,425,28,Retail,Credit Card,COUPON-0--,5.33,AUD
868961,2024-01-06T19:57:39,2024-01-06,291,20,Online,Afterpay,COUPONZ0Z9,9.48,AUD
869022,2024-01-06T11:01:43,2024-01-06,780,15,Online,Afterpay,COUPON-00-,11.57,AUD
869067,2024-01-06T07:54:38,2024-01-06,397,47,Online,PayPal,COUPON9Z0Z,17.47,AUD
869095,2024-01-06T00:22:53,2024-01-06,178,31,Online,PayPal,COUPON0-9Z,16.62,AUD
869169,2024-01-06T15:45:29,2024-01-06,673,20,Online,Afterpay,COUPON--Z9,18.61,AUD
869170,2024-01-06T18:10:57,2024-01-06,546,16,Retail,Credit Card,COUPON9---,13.43,AUD
869280,2024-01-06T15:32:09,2024-01-06,663,15,Online,Afterpay,COUPON9-0-,5.92,AUD
869355,2024-01-06T12:48:03,2024-01-06,467,49,Online,PayPal,COUPON0Z-Z,3.53,AUD
869528,2024-01-06T03:33:09,2024-01-06,313,36,Online,PayPal,COUPON0--0,18.7,AUD
869815,2024-01-06T16:35:59,2024-01-06,786,38,Online,PayPal,COUPON9-Z-,19.93,AUD
869966,2024-01-06T08:19:17,2024-01-06,241,19,Online,Afterpay,COUPONA9-0,1.27,AUD
869976,2024-01-06T07:03:32,2024-01-06,387,41,Retail,PayPal,COUPONA-Z9,18.61,AUD
870100,2024-01-06T10:03:53,2024-01-06,725,11,Retail,Afterpay,COUPON900Z,4.29,AUD
870135,2024-01-06T19:32:32,2024-01-06,17,32,Retail,Credit Card,COUPONA-00,8.91,AUD
870153,2024-01-06T00:23:40,2024-01-06,420,6,Online,Afterpay,COUPONAAA9,4.86,AUD
870164,2024-01-06T02:16:53,2024-01-06,666,49,Online,Afterpay,COUPONA090,8.2,AUD
870180,2024-01-06T01:43:21,2024-01-06,752,30,Online,Credit Card,COUPON-99Z,0.35,AUD
870239,2024-01-06T09:43:50,2024-01-06,163,28,Online,Credit Card,COUPONZ--Z,14.79,AUD
870293,2024-01-06T12:31:57,2024-01-06,99,33,Online,Afterpay,COUPON-ZA-,9.66,AUD
870313,2024-01-06T01:15:21,2024-01-06,685,22,Online,PayPal,COUPON-0Z-,16.11,AUD
870361,2024-01-06T19:41:20,2024-01-06,556,20,Retail,Afterpay,COUPONA90-,10.89,AUD
870432,2024-01-06T20:36:02,2024-01-06,637,41,Online,Credit Card,COUPONZAA9,8.62,AUD
870435,2024-01-06T14:14:28,2024-01-06,651,46,Retail,PayPal,COUPON-A9A,3.9,AUD
870636,2024-01-06T16:09:25,2024-01-06,583,47,Retail,PayPal,COUPONA--A,3.64,AUD
870657,2024-01-06T06:43:43,2024-01-06,793,36,Online,Credit Card,COUPONZ-A-,8.06,AUD
870847,2024-01-06T02:37:28,2024-01-06,750,28,Retail,Afterpay,COUPON--09,2.7,AUD
870866,2024-01-06T05:42:07,2024-01-06,346,21,Online,PayPal,COUPON0-A0,17.19,AUD
870945,2024-01-06T12:27:52,2024-01-06,776,28,Retail,Credit Card,COUPONA-ZA,9.65,AUD
871001,2024-01-06T14:56:08,2024-01-06,82,23,Online,Credit Card,COUPON---0,2.73,AUD
871102,2024-01-06T16:38:31,2024-01-06,689,33,Online,Credit Card,COUPONZ---,16.4,AUD
871281,2024-01-06T11:07:17,2024-01-06,425,39,Online,PayPal,COUPONAA90,17.59,AUD
871389,2024-01-06T22:16:45,2024-01-06,383,40,Retail,Credit Card,COUPON90-Z,6.85,AUD
871411,2024-01-06T04:55:59,2024-01-06,404,41,Online,Afterpay,COUPONAZ9-,4.73,AUD
871482,2024-01-06T23:47:19,2024-01-06,511,41,Online,PayPal,COUPON999Z,3.63,AUD
871533,2024-01-06T02:39:25,2024-01-06,342,12,Online,PayPal,COUPON-9AA,0.66,AUD
871764,2024-01-06T12:38:04,2024-01-06,652,46,Online,PayPal,COUPONA--Z,8.08,AUD
871920,2024-01-06T18:21:09,2024-01-06,215,26,Retail,PayPal,COUPON0-ZA,8.97,AUD
872029,2024-01-06T02:00:13,2024-01-06,764,10,Retail,PayPal,COUPONZZ-0,6.49,AUD
872111,2024-01-06T06:37:00,2024-01-06,94,11,Online,Afterpay,COUPONA--A,0.03,AUD
872306,2024-01-06T02:23:08,2024-01-06,433,15,Online,Credit Card,COUPONZA-Z,6.94,AUD
872381,2024-01-06T02:57:02,2024-01-06,328,6,Retail,Afterpay,COUPONA-0A,1.82,AUD
872510,2024-01-06T04:17:30,2024-01-06,470,20,Online,Credit Card,COUPONZ-AZ,0.29,AUD
872571,2024-01-06T07:36:08,2024-01-06,363,45,Retail,Credit Card,COUPON0---,12.85,AUD
872574,2024-01-06T23:32:24,2024-01-06,320,8,Retail,Credit Card,COUPON--A0,5.06,AUD
872643,2024-01-06T22:28:01,2024-01-06,309,13,Retail,Afterpay,COUPONZ90Z,0.27,AUD
872654,2024-01-06T11:03:36,2024-01-06,29,1,Retail,PayPal,COUPON-Z99,3.92,AUD
872680,2024-01-06T10:39:48,2024-01-06,350,1,Online,Afterpay,COUPON-9-Z,12.12,AUD
872775,2024-01-06T00:19:04,2024-01-06,170,44,Retail,PayPal,COUPON---9,15.71,AUD
872906,2024-01-06T22:59:02,2024-01-06,23,23,Retail,Afterpay,COUPON9-AA,9.31,AUD
872934,2024-01-06T15:46:28,2024-01-06,191,38,Retail,Credit Card,COUPON-A-Z,5.03,AUD
872980,2024-01-06T16:46:17,2024-01-06,614,39,Retail,Credit Card,COUPONA-9Z,7.2,AUD
873041,2024-01-06T21:22:14,2024-01-06,31,36,Retail,PayPal,COUPON-0Z-,4.87,AUD
873185,2024-01-06T08:55:48,2024-01-06,660,4,Online,Afterpay,COUPON----,2.59,AUD
873352,2024-01-06T17:11:46,2024-01-06,163,17,Retail,PayPal,COUPON00ZZ,15.41,AUD
873479,2024-01-06T18:46:01,2024-01-06,114,45,Online,Credit Card,COUPON90A-,4.86,AUD
873554,2024-01-06T09:16:21,2024-01-06,670,48,Retail,PayPal,COUPONA9-A,17.63,AUD
873682,2024-01-06T17:16:40,2024-01-06,450,2,Retail,Afterpay,COUPON-A-A,15.06,AUD
873903,2024-01-06T06:58:24,2024-01-06,560,6,Retail,Afterpay,COUPON-A-A,4.11,AUD
873926,2024-01-06T02:30:09,2024-01-06,567,14,Retail,Credit Card,COUPON9AZ9,0.08,AUD
873969,2024-01-06T16:22:07,2024-01-06,539,7,Retail,Credit Card,COUPON9---,13.5,AUD
874154,2024-01-06T20:29:45,2024-01-06,423,4,Retail,Credit Card,COUPONA9AA,8.65,AUD
874456,2024-01-06T22:31:01,2024-01-06,215,39,Online,Afterpay,COUPONZZ-0,3.35,AUD
874521,2024-01-06T18:33:10,2024-01-06,25,2,Retail,Credit Card,COUPON9Z-Z,1.81,AUD
874541,2024-01-06T18:24:05,2024-01-06,162,45,Online,PayPal,COUPONZA0A,10.95,AUD
874593,2024-01-06T03:24:10,2024-01-06,7,11,Online,PayPal,COUPON0---,10.98,AUD
874754,2024-01-06T07:13:58,2024-01-06,645,25,Retail,Credit Card,COUPONZ0AZ,12.44,AUD
874779,2024-01-06T11:52:21,2024-01-06,239,34,Online,Afterpay,COUPON9-Z-,13.75,AUD
874797,2024-01-06T20:17:43,2024-01-06,426,26,Retail,Credit Card,COUPON90ZZ,9.8,AUD
874838,2024-01-06T22:27:02,2024-01-06,619,34,Retail,Afterpay,COUPONAA--,18.38,AUD
874859,2024-01-06T14:09:17,2024-01-06,4,8,Retail,Afterpay,COUPON-9-A,11.55,AUD
874895,2024-01-06T17:52:55,2024-01-06,32,14,Online,Credit Card,COUPONZ90Z,9.09,AUD
874933,2024-01-06T18:58:27,2024-01-06,64,23,Online,PayPal,COUPON-9--,5.76,AUD
874998,2024-01-06T15:00:21,2024-01-06,185,32,Retail,PayPal,COUPON-A09,7.37,AUD
875071,2024-01-06T06:57:14,2024-01-06,529,40,Retail,Credit Card,COUPON--A9,3.1,AUD
875117,2024-01-06T13:11:20,2024-01-06,479,3,Online,PayPal,COUPON--AZ,15.01,AUD
875231,2024-01-06T20:01:20,2024-01-06,173,22,Online,Credit Card,COUPONZ--0,10.99,AUD
875557,2024-01-06T20:57:15,2024-01-06,677,12,Online,Credit Card,COUPON0-09,7.8,AUD
875625,2024-01-06T08:53:57,2024-01-06,167,28,Online,PayPal,COUPON-9-A,15.16,AUD
875638,2024-01-06T08:43:04,2024-01-06,720,3,Retail,Afterpay,COUPON0--Z,7.59,AUD
875664,2024-01-06T22:09:13,2024-01-06,427,6,Retail,Credit Card,COUPON99AZ,4.99,AUD
875837,2024-01-06T04:48:32,2024-01-06,301,30,Retail,Afterpay,COUPONZ--9,18.31,AUD
876447,2024-01-06T18:44:17,2024-01-06,262,16,Retail,Credit Card,COUPON-A--,13.98,AUD
876527,2024-01-06T09:24:26,2024-01-06,67,6,Online,Afterpay,COUPON9Z00,4.82,AUD
876532,2024-01-06T02:03:07,2024-01-06,197,33,Retail,Afterpay,COUPON00Z-,1.6,AUD
876602,2024-01-06T23:44:07,2024-01-06,314,3,Retail,PayPal,COUPON-A-9,13.71,AUD
876716,2024-01-06T16:27:15,2024-01-06,532,19,Retail,Afterpay,COUPON-9Z9,8.26,AUD
876847,2024-01-06T07:23:46,2024-01-06,687,4,Online,Credit Card,COUPON-90A,20.0,AUD
876876,2024-01-06T06:29:09,2024-01-06,508,18,Retail,Afterpay,COUPONZZA0,2.15,AUD
876960,2024-01-06T06:21:25,2024-01-06,161,42,Retail,Credit Card,COUPON0ZA9,10.66,AUD
876965,2024-01-06T02:52:04,2024-01-06,307,29,Retail,Credit Card,COUPONA0A-,19.82,AUD
876968,2024-01-06T06:28:16,2024-01-06,14,7,Online,PayPal,COUPON-A-9,6.57,AUD
877034,2024-01-06T09:31:14,2024-01-06,541,3,Retail,Credit Card,COUPON-0-0,16.15,AUD
877057,2024-01-06T08:34:57,2024-01-06,501,35,Retail,Credit Card,COUPON-0A0,10.33,AUD
877064,2024-01-06T02:41:56,2024-01-06,639,16,Online,Afterpay,COUPONZ9AZ,0.58,AUD
877176,2024-01-06T20:16:30,2024-01-06,409,29,Retail,Credit Card,COUPON-ZZ0,17.41,AUD
877220,2024-01-06T09:05:06,2024-01-06,76,28,Retail,PayPal,COUPON---A,16.83,AUD
877243,2024-01-06T23:01:29,2024-01-06,404,21,Retail,PayPal,COUPONZ0-Z,13.94,AUD
877328,2024-01-06T03:27:29,2024-01-06,336,34,Retail,PayPal,COUPON-A09,12.09,AUD
877408,2024-01-06T18:33:47,2024-01-06,710,17,Retail,Afterpay,COUPON-009,3.07,AUD
877581,2024-01-06T06:02:26,2024-01-06,493,4,Online,Afterpay,COUPON90A9,17.97,AUD
877617,2024-01-06T00:17:07,2024-01-06,67,19,Retail,PayPal,COUPON9-0A,0.55,AUD
877768,2024-01-06T09:32:47,2024-01-06,173,45,Retail,Afterpay,COUPON-0Z0,10.63,AUD
877921,2024-01-06T01:00:27,2024-01-06,137,45,Retail,Afterpay,COUPONZ9Z9,19.58,AUD
877959,2024-01-06T17:45:05,2024-01-06,233,40,Retail,Afterpay,COUPON-090,2.66,AUD
878269,2024-01-06T13:47:08,2024-01-06,155,25,Online,PayPal,COUPONZ0--,0.28,AUD
878296,2024-01-06T00:52:58,2024-01-06,467,18,Retail,PayPal,COUPON-A--,5.69,AUD
878336,2024-01-06T05:25:48,2024-01-06,617,11,Retail,Afterpay,COUPON--A9,13.29,AUD
878355,2024-01-06T03:46:10,2024-01-06,52,28,Online,Afterpay,COUPON9ZAA,17.0,AUD
878361,2024-01-06T14:50:39,2024-01-06,646,40,Online,Afterpay,COUPON0A9-,14.59,AUD
878374,2024-01-06T17:32:48,2024-01-06,364,22,Online,Credit Card,COUPONAZ0-,0.35,AUD
878402,2024-01-06T23:35:40,2024-01-06,225,12,Online,Credit Card,COUPON-009,19.57,AUD
878462,2024-01-06T11:25:56,2024-01-06,456,11,Online,Credit Card,COUPON9--A,15.8,AUD
878938,2024-01-06T03:43:06,2024-01-06,686,31,Online,PayPal,COUPON--0-,13.44,AUD
878955,2024-01-06T22:46:47,2024-01-06,483,32,Online,Credit Card,COUPON0-ZZ,17.94,AUD
879091,2024-01-06T06:50:03,2024-01-06,413,38,Online,Afterpay,COUPON-A99,18.96,AUD
879168,2024-01-06T15:05:23,2024-01-06,184,11,Retail,Credit Card,COUPON0-9-,7.05,AUD
879472,2024-01-06T15:30:12,2024-01-06,572,14,Online,Credit Card,COUPON99ZA,6.43,AUD
879557,2024-01-06T05:27:23,2024-01-06,119,37,Online,Afterpay,COUPONZAZ-,5.37,AUD
879573,2024-01-06T17:18:41,2024-01-06,493,1,Online,Credit Card,COUPON-909,7.68,AUD
879617,2024-01-06T14:40:02,2024-01-06,458,23,Retail,Afterpay,COUPON-0Z-,2.1,AUD
879657,2024-01-06T20:37:23,2024-01-06,531,29,Online,PayPal,COUPONA0AZ,4.25,AUD
879692,2024-01-06T02:32:41,2024-01-06,225,19,Online,PayPal,COUPON--9Z,15.74,AUD
879705,2024-01-06T12:00:38,2024-01-06,388,8,Online,Afterpay,COUPON0-99,0.95,AUD
879734,2024-01-06T09:30:48,2024-01-06,577,14,Retail,PayPal,COUPONZ999,12.21,AUD
879753,2024-01-06T06:24:25,2024-01-06,37,19,Online,Afterpay,COUPON--90,5.46,AUD
879776,2024-01-06T22:34:06,2024-01-06,701,20,Online,PayPal,COUPON00-0,1.51,AUD
880066,2024-01-06T03:44:13,2024-01-06,455,1,Online,Afterpay,COUPON9--9,3.77,AUD
880133,2024-01-06T02:29:43,2024-01-06,189,44,Retail,PayPal,COUPONA--A,10.93,AUD
880204,2024-01-06T10:18:48,2024-01-06,147,17,Retail,Credit Card,COUPONAZ-Z,13.67,AUD
880257,2024-01-06T16:32:19,2024-01-06,595,26,Online,PayPal,COUPONZ-ZZ,15.31,AUD
880376,2024-01-06T18:11:40,2024-01-06,757,31,Online,PayPal,COUPONAA-0,5.66,AUD
880413,2024-01-06T09:01:57,2024-01-06,784,47,Retail,PayPal,COUPONZA99,8.47,AUD
880511,2024-01-06T16:37:56,2024-01-06,312,43,Online,Afterpay,COUPONZ9-0,14.19,AUD
880697,2024-01-06T23:24:52,2024-01-06,304,38,Online,Credit Card,COUPON9AZZ,15.52,AUD
880865,2024-01-06T00:00:08,2024-01-06,232,37,Online,Afterpay,COUPON9A9-,18.44,AUD
880952,2024-01-06T05:42:00,2024-01-06,38,9,Retail,PayPal,COUPONZZ9Z,18.31,AUD
880976,2024-01-06T05:32:31,2024-01-06,388,45,Retail,Afterpay,COUPON99AA,9.36,AUD
881088,2024-01-06T07:46:43,2024-01-06,739,20,Online,Credit Card,COUPON--ZA,0.42,AUD
881091,2024-01-06T01:33:26,2024-01-06,701,29,Online,Credit Card,COUPONZ-Z-,11.81,AUD
881199,2024-01-06T01:53:53,2024-01-06,252,44,Online,Credit Card,COUPON9999,1.78,AUD
881338,2024-01-06T08:20:14,2024-01-06,301,47,Online,PayPal,COUPON9900,8.04,AUD
881343,2024-01-06T23:06:02,2024-01-06,584,30,Retail,Credit Card,COUPON9---,10.18,AUD
881389,2024-01-06T08:20:55,2024-01-06,292,16,Retail,Credit Card,COUPON--9A,11.64,AUD
881434,2024-01-06T07:40:24,2024-01-06,752,24,Retail,Credit Card,COUPONA000,14.04,AUD
881458,2024-01-06T01:58:08,2024-01-06,306,43,Retail,Afterpay,COUPON---9,1.98,AUD
881605,2024-01-06T12:19:56,2024-01-06,171,48,Online,Credit Card,COUPON-Z9-,19.89,AUD
881669,2024-01-06T16:36:56,2024-01-06,210,36,Online,PayPal,COUPON--Z0,0.02,AUD
881753,2024-01-06T03:49:01,2024-01-06,244,40,Retail,PayPal,COUPONA-9A,19.14,AUD
881789,2024-01-06T18:13:10,2024-01-06,95,2,Online,Afterpay,COUPONZA-Z,19.1,AUD
881803,2024-01-06T23:37:15,2024-01-06,595,11,Retail,Credit Card,COUPON-99-,18.28,AUD
881884,2024-01-06T07:52:23,2024-01-06,473,7,Retail,Credit Card,COUPON-9--,5.79,AUD
881903,2024-01-06T19:51:52,2024-01-06,197,23,Online,Credit Card,COUPONZ9ZA,9.85,AUD
881917,2024-01-06T21:40:07,2024-01-06,199,41,Online,Afterpay,COUPON09--,9.83,AUD
881923,2024-01-06T18:54:41,2024-01-06,671,47,Online,Credit Card,COUPONZ---,18.46,AUD
881955,2024-01-06T19:07:27,2024-01-06,341,3,Retail,Credit Card,COUPON099-,11.98,AUD
882099,2024-01-06T06:58:53,2024-01-06,286,4,Online,PayPal,COUPON-0AA,19.41,AUD
882102,2024-01-06T17:27:38,2024-01-06,765,9,Online,PayPal,COUPON-09A,2.13,AUD
882177,2024-01-06T06:55:22,2024-01-06,49,27,Retail,Afterpay,COUPONA-A0,3.01,AUD
882267,2024-01-06T18:59:39,2024-01-06,637,28,Retail,PayPal,COUPONA0ZZ,8.16,AUD
882593,2024-01-06T05:18:00,2024-01-06,83,27,Online,Afterpay,COUPONZAAZ,3.71,AUD
882605,2024-01-06T01:21:53,2024-01-06,410,47,Retail,Credit Card,COUPON0---,13.7,AUD
882782,2024-01-06T14:57:18,2024-01-06,357,4,Online,PayPal,COUPON9ZA-,11.35,AUD
882903,2024-01-06T05:00:26,2024-01-06,392,16,Online,Credit Card,COUPONA---,7.7,AUD
882907,2024-01-06T05:20:22,2024-01-06,192,33,Retail,Credit Card,COUPONZA-Z,14.88,AUD
882913,2024-01-06T10:36:17,2024-01-06,461,49,Retail,PayPal,COUPON09-0,16.8,AUD
882985,2024-01-06T12:02:45,2024-01-06,556,47,Online,Afterpay,COUPON-Z9A,7.3,AUD
883072,2024-01-06T07:01:11,2024-01-06,661,22,Retail,Credit Card,COUPON-A0-,1.46,AUD
883262,2024-01-06T12:56:40,2024-01-06,158,10,Online,PayPal,COUPON00A-,9.64,AUD
883305,2024-01-06T00:23:18,2024-01-06,569,31,Retail,PayPal,COUPON0-90,5.47,AUD
883368,2024-01-06T01:57:45,2024-01-06,248,33,Online,Afterpay,COUPON9009,17.55,AUD
883451,2024-01-06T01:57:24,2024-01-06,201,44,Retail,PayPal,COUPONA999,1.83,AUD
883519,2024-01-06T10:58:47,2024-01-06,368,45,Online,Credit Card,COUPON-9A0,9.73,AUD
883631,2024-01-06T06:52:11,2024-01-06,176,31,Online,Credit Card,COUPON09--,12.32,AUD
883693,2024-01-06T08:24:22,2024-01-06,64,30,Online,PayPal,COUPON9Z90,7.45,AUD
883882,2024-01-06T00:16:07,2024-01-06,764,44,Online,Credit Card,COUPON-90-,12.98,AUD
883933,2024-01-06T13:32:21,2024-01-06,568,4,Retail,PayPal,COUPON---A,16.9,AUD
884045,2024-01-06T06:30:51,2024-01-06,225,2,Online,Credit Card,COUPONZ-A9,12.32,AUD
884073,2024-01-06T04:27:07,2024-01-06,489,41,Online,Afterpay,COUPON-909,11.22,AUD
884271,2024-01-06T04:56:47,2024-01-06,123,34,Online,PayPal,COUPONZZ9-,16.51,AUD
884371,2024-01-06T10:07:29,2024-01-06,621,44,Retail,Afterpay,COUPON9A-Z,2.98,AUD
884479,2024-01-06T04:51:01,2024-01-06,417,24,Online,Afterpay,COUPONA0-Z,9.5,AUD
884593,2024-01-06T17:52:54,2024-01-06,240,49,Retail,PayPal,COUPON--00,11.1,AUD
884712,2024-01-06T14:20:58,2024-01-06,527,26,Online,Afterpay,COUPON--9-,16.41,AUD
884870,2024-01-06T15:42:42,2024-01-06,526,48,Online,PayPal,COUPON--9-,1.87,AUD
884904,2024-01-06T00:48:37,2024-01-06,643,44,Retail,PayPal,COUPONZ--9,13.67,AUD
884911,2024-01-06T16:39:36,2024-01-06,375,26,Online,Credit Card,COUPONAZ--,3.47,AUD
884926,2024-01-06T03:43:12,2024-01-06,318,23,Retail,Afterpay,COUPONAZZ0,4.65,AUD
884999,2024-01-06T01:55:54,2024-01-06,184,41,Online,Afterpay,COUPON0-99,0.33,AUD
885221,2024-01-06T00:03:28,2024-01-06,687,24,Retail,PayPal,COUPON-A0-,8.87,AUD
885419,2024-01-06T23:47:12,2024-01-06,253,31,Retail,PayPal,COUPON-9--,2.43,AUD
885492,2024-01-06T01:03:07,2024-01-06,542,11,Online,PayPal,COUPON0A--,18.45,AUD
885605,2024-01-06T13:02:37,2024-01-06,348,24,Online,PayPal,COUPON9A--,11.23,AUD
885725,2024-01-06T11:08:45,2024-01-06,277,46,Retail,Credit Card,COUPONA0--,8.11,AUD
885813,2024-01-06T20:54:51,2024-01-06,606,34,Online,Afterpay,COUPON-A9A,19.34,AUD
885845,2024-01-06T02:09:13,2024-01-06,753,11,Online,Credit Card,COUPON--09,9.31,AUD
885990,2024-01-06T15:13:20,2024-01-06,31,18,Retail,PayPal,COUPON-A0A,1.86,AUD
886020,2024-01-06T18:19:27,2024-01-06,321,42,Online,Credit Card,COUPONZAA9,13.07,AUD
886028,2024-01-06T05:20:39,2024-01-06,81,10,Online,Afterpay,COUPON0A9-,2.13,AUD
886040,2024-01-06T09:10:10,2024-01-06,750,45,Online,Credit Card,COUPON0A0A,11.6,AUD
886269,2024-01-06T14:26:36,2024-01-06,476,3,Retail,Afterpay,COUPONAZZA,9.41,AUD
886499,2024-01-06T05:39:39,2024-01-06,98,45,Retail,Afterpay,COUPON--A-,1.53,AUD
886641,2024-01-06T02:07:48,2024-01-06,179,6,Retail,Credit Card,COUPON-ZZ9,5.71,AUD
886997,2024-01-06T05:54:21,2024-01-06,36,23,Retail,Afterpay,COUPON-090,16.42,AUD
887043,2024-01-06T02:28:14,2024-01-06,303,44,Online,Afterpay,COUPON00Z-,12.25,AUD
887124,2024-01-06T23:09:30,2024-01-06,327,47,Online,Afterpay,COUPON0-A9,15.37,AUD
887148,2024-01-06T18:07:24,2024-01-06,406,25,Online,PayPal,COUPON90--,10.02,AUD
887203,2024-01-06T09:54:18,2024-01-06,786,20,Retail,PayPal,COUPONAZ-0,8.16,AUD
887477,2024-01-06T09:33:42,2024-01-06,454,39,Retail,PayPal,COUPON-909,0.45,AUD
887543,2024-01-06T20:36:44,2024-01-06,622,7,Retail,PayPal,COUPON-900,7.93,AUD
887976,2024-01-06T13:17:25,2024-01-06,721,11,Online,Afterpay,COUPONZAAZ,17.6,AUD
888119,2024-01-06T03:07:20,2024-01-06,222,20,Online,Afterpay,COUPONZZZ0,6.69,AUD
888229,2024-01-06T23:30:28,2024-01-06,112,30,Online,Afterpay,COUPONZ-9Z,2.8,AUD
888348,2024-01-06T11:33:42,2024-01-06,203,44,Online,PayPal,COUPONA-9Z,16.2,AUD
888436,2024-01-06T04:32:56,2024-01-06,756,35,Online,Credit Card,COUPON--A9,7.08,AUD
888452,2024-01-06T11:48:00,2024-01-06,671,36,Online,Credit Card,COUPONZA-Z,4.25,AUD
888652,2024-01-06T17:17:43,2024-01-06,231,5,Retail,Credit Card,COUPONZ0-Z,19.01,AUD
888925,2024-01-06T04:38:53,2024-01-06,771,21,Retail,Afterpay,COUPON-A0Z,9.18,AUD
888982,2024-01-06T15:28:55,2024-01-06,589,45,Retail,Credit Card,COUPON-A--,14.52,AUD
889055,2024-01-06T06:51:36,2024-01-06,460,40,Online,Afterpay,COUPON-909,0.34,AUD
889062,2024-01-06T09:05:49,2024-01-06,161,27,Retail,Afterpay,COUPONZ--0,0.07,AUD
889153,2024-01-06T12:13:01,2024-01-06,204,28,Retail,PayPal,COUPON9ZAA,2.52,AUD
889372,2024-01-06T16:36:15,2024-01-06,691,34,Online,Credit Card,COUPONZ0-Z,2.91,AUD
889518,2024-01-06T01:30:50,2024-01-06,67,49,Retail,Credit Card,COUPON--0A,1.0,AUD
889524,2024-01-06T03:25:35,2024-01-06,539,29,Retail,PayPal,COUPON-999,16.1,AUD
889646,2024-01-06T12:25:13,2024-01-06,12,12,Retail,Credit Card,COUPON---Z,18.32,AUD
889703,2024-01-06T17:23:13,2024-01-06,335,37,Online,Afterpay,COUPON-A90,8.57,AUD
889729,2024-01-06T12:22:05,2024-01-06,400,32,Online,Afterpay,COUPON-9-A,13.05,AUD
889792,2024-01-06T01:49:01,2024-01-06,327,45,Retail,Credit Card,COUPONA9A-,16.89,AUD
889901,2024-01-06T00:01:56,2024-01-06,709,18,Retail,Afterpay,COUPON9--Z,9.09,AUD
889991,2024-01-06T20:24:53,2024-01-06,394,15,Retail,Credit Card,COUPON-90-,9.06,AUD
890133,2024-01-06T22:12:24,2024-01-06,151,20,Online,Credit Card,COUPON9-0Z,11.92,AUD
890143,2024-01-06T23:04:09,2024-01-06,33,34,Retail,Credit Card,COUPONA-9Z,13.55,AUD
890230,2024-01-06T23:00:12,2024-01-06,592,9,Retail,Afterpay,COUPONA--A,8.0,AUD
890628,2024-01-06T13:31:43,2024-01-06,341,17,Retail,Afterpay,COUPONZ-Z9,11.21,AUD
890635,2024-01-06T15:38:11,2024-01-06,514,7,Online,PayPal,COUPON-Z0A,7.05,AUD
890657,2024-01-06T02:11:05,2024-01-06,175,20,Online,Credit Card,COUPON09--,13.87,AUD
890696,2024-01-06T23:46:31,2024-01-06,198,29,Online,Credit Card,COUPONA-A0,9.88,AUD
890720,2024-01-06T23:35:15,2024-01-06,400,40,Online,PayPal,COUPONZAA0,13.8,AUD
890893,2024-01-06T17:28:05,2024-01-06,663,11,Online,Afterpay,COUPON----,8.17,AUD
890899,2024-01-06T12:28:23,2024-01-06,643,2,Online,Afterpay,COUPON-A--,2.77,AUD
890916,2024-01-06T12:06:20,2024-01-06,569,4,Retail,Afterpay,COUPON900-,4.17,AUD
891020,2024-01-06T17:36:40,2024-01-06,616,30,Online,PayPal,COUPON--9Z,14.04,AUD
891086,2024-01-06T04:32:19,2024-01-06,54,34,Online,PayPal,COUPON--0Z,9.72,AUD
891173,2024-01-06T10:02:13,2024-01-06,3,29,Online,PayPal,COUPONZ9A0,8.18,AUD
891297,2024-01-06T02:48:02,2024-01-06,220,19,Retail,Credit Card,COUPONZZ-A,8.74,AUD
891304,2024-01-06T12:49:48,2024-01-06,99,48,Retail,PayPal,COUPON----,1.37,AUD
891332,2024-01-06T13:49:42,2024-01-06,15,37,Online,Afterpay,COUPON-9ZA,1.38,AUD
891415,2024-01-06T09:26:27,2024-01-06,343,28,Retail,Afterpay,COUPON-Z9-,12.3,AUD
891441,2024-01-06T03:41:42,2024-01-06,438,49,Retail,Afterpay,COUPON-99A,15.06,AUD
891470,2024-01-06T21:45:02,2024-01-06,799,11,Retail,PayPal,COUPON90-A,9.81,AUD
891521,2024-01-06T07:51:13,2024-01-06,746,49,Retail,Afterpay,COUPONZ0-9,15.25,AUD
891631,2024-01-06T09:43:42,2024-01-06,662,37,Online,Afterpay,COUPON-Z90,5.01,AUD
891815,2024-01-06T15:24:34,2024-01-06,111,7,Online,Credit Card,COUPON900Z,19.63,AUD
891816,2024-01-06T04:53:52,2024-01-06,367,48,Online,PayPal,COUPON0Z99,5.62,AUD
891872,2024-01-06T12:00:04,2024-01-06,287,19,Online,Credit Card,COUPON-9Z-,14.88,AUD
891924,2024-01-06T16:47:28,2024-01-06,364,40,Online,PayPal,COUPON-AA-,16.26,AUD
891937,2024-01-06T07:58:21,2024-01-06,503,18,Online,PayPal,COUPONZZA-,5.65,AUD
891965,2024-01-06T18:09:46,2024-01-06,53,23,Online,Credit Card,COUPON--Z9,3.52,AUD
891969,2024-01-06T15:57:40,2024-01-06,271,2,Online,PayPal,COUPONA---,0.5,AUD
892010,2024-01-06T08:34:18,2024-01-06,289,10,Online,Credit Card,COUPONAZ-Z,9.57,AUD
892081,2024-01-06T09:06:59,2024-01-06,274,39,Online,Afterpay,COUPONAZZ-,13.68,AUD
892174,2024-01-06T08:26:21,2024-01-06,448,34,Online,PayPal,COUPON-AZ-,8.35,AUD
892205,2024-01-06T14:50:06,2024-01-06,263,4,Retail,PayPal,COUPON0Z9A,13.17,AUD
892340,2024-01-06T12:54:59,2024-01-06,565,9,Retail,Afterpay,COUPON09-0,13.79,AUD
892372,2024-01-06T11:08:49,2024-01-06,753,42,Retail,PayPal,COUPONZ909,0.71,AUD
892373,2024-01-06T01:12:25,2024-01-06,713,48,Retail,Credit Card,COUPON9AA-,15.8,AUD
892488,2024-01-06T23:51:20,2024-01-06,92,25,Online,Credit Card,COUPON9-0A,10.33,AUD
892551,2024-01-06T05:49:28,2024-01-06,546,13,Retail,PayPal,COUPONA---,18.83,AUD
892787,2024-01-06T17:01:08,2024-01-06,442,11,Online,PayPal,COUPON0--Z,7.07,AUD
892868,2024-01-06T12:16:33,2024-01-06,61,12,Retail,PayPal,COUPONA---,18.32,AUD
893050,2024-01-06T05:46:08,2024-01-06,155,20,Online,Afterpay,COUPONZZ-A,3.72,AUD
893068,2024-01-06T16:34:41,2024-01-06,94,23,Online,PayPal,COUPON09-A,10.02,AUD
893183,2024-01-06T15:19:05,2024-01-06,675,11,Retail,PayPal,COUPON-0-0,6.24,AUD
893333,2024-01-06T12:28:17,2024-01-06,255,30,Online,Afterpay,COUPON90A-,2.5,AUD
893361,2024-01-06T10:09:11,2024-01-06,736,2,Retail,Credit Card,COUPONAZ-9,18.9,AUD
893484,2024-01-06T04:12:55,2024-01-06,292,46,Retail,Credit Card,COUPON-0-0,10.8,AUD
893529,2024-01-06T03:38:12,2024-01-06,657,45,Retail,PayPal,COUPON90Z0,10.51,AUD
893612,2024-01-06T07:14:03,2024-01-06,298,27,Retail,PayPal,COUPON9A0Z,4.93,AUD
893671,2024-01-06T21:03:22,2024-01-06,25,30,Online,Afterpay,COUPON009A,4.21,AUD
893734,2024-01-06T16:37:19,2024-01-06,580,8,Online,Credit Card,COUPONAA90,13.81,AUD
893736,2024-01-06T23:08:07,2024-01-06,775,20,Online,Credit Card,COUPONA90A,16.56,AUD
893754,2024-01-06T02:43:11,2024-01-06,784,5,Online,Credit Card,COUPON0--A,11.79,AUD
893927,2024-01-06T19:21:55,2024-01-06,538,16,Retail,Afterpay,COUPONZ---,0.73,AUD
893928,2024-01-06T14:19:22,2024-01-06,225,23,Online,PayPal,COUPON-0-A,1.16,AUD
894099,2024-01-06T20:50:48,2024-01-06,687,23,Online,Credit Card,COUPON9A--,8.38,AUD
894146,2024-01-06T12:16:30,2024-01-06,796,2,Online,PayPal,COUPONA-AA,3.08,AUD
894173,2024-01-06T23:28:00,2024-01-06,565,12,Online,PayPal,COUPONAZA0,8.56,AUD
894221,2024-01-06T07:12:08,2024-01-06,358,38,Retail,Credit Card,COUPON--09,0.31,AUD
894260,2024-01-06T00:12:00,2024-01-06,96,29,Online,PayPal,COUPON----,5.94,AUD
894285,2024-01-06T10:29:19,2024-01-06,573,12,Retail,PayPal,COUPON9Z9Z,2.15,AUD
894381,2024-01-06T19:17:45,2024-01-06,613,10,Retail,Credit Card,COUPONAZ0Z,13.36,AUD
894403,2024-01-06T17:12:55,2024-01-06,760,30,Retail,Credit Card,COUPON99-A,6.93,AUD
894508,2024-01-06T12:39:04,2024-01-06,608,32,Online,PayPal,COUPONA09-,18.15,AUD
894586,2024-01-06T07:21:12,2024-01-06,473,33,Retail,Credit Card,COUPON-0-A,10.43,AUD
894942,2024-01-06T15:57:43,2024-01-06,638,36,Online,PayPal,COUPONZ-9Z,12.71,AUD
894956,2024-01-06T10:12:15,2024-01-06,766,23,Retail,PayPal,COUPONZ-Z0,13.03,AUD
895126,2024-01-06T06:15:15,2024-01-06,605,47,Online,PayPal,COUPONZ90-,3.93,AUD
895199,2024-01-06T15:53:57,2024-01-06,501,1,Retail,Afterpay,COUPON--9A,11.93,AUD
895409,2024-01-06T21:19:00,2024-01-06,377,30,Retail,Credit Card,COUPON-00A,7.21,AUD
895447,2024-01-06T09:02:42,2024-01-06,629,46,Online,Credit Card,COUPONAA-Z,9.47,AUD
895474,2024-01-06T22:34:56,2024-01-06,527,39,Retail,Afterpay,COUPON9A9Z,0.34,AUD
895658,2024-01-06T07:56:46,2024-01-06,328,35,Online,PayPal,COUPON-90-,16.29,AUD
895673,2024-01-06T16:36:23,2024-01-06,680,6,Retail,Afterpay,COUPON0A0Z,9.54,AUD
895772,2024-01-06T10:22:55,2024-01-06,427,17,Retail,Afterpay,COUPON--09,8.65,AUD
895796,2024-01-06T21:07:22,2024-01-06,774,46,Online,Credit Card,COUPONAZ0-,18.41,AUD
895887,2024-01-06T02:13:33,2024-01-06,137,10,Retail,Afterpay,COUPON-9AA,5.6,AUD
895999,2024-01-06T18:02:12,2024-01-06,293,19,Online,PayPal,COUPON-Z09,2.39,AUD
896058,2024-01-06T22:29:09,2024-01-06,446,38,Retail,PayPal,COUPON90ZA,0.25,AUD
896413,2024-01-06T07:46:16,2024-01-06,414,24,Online,PayPal,COUPON0Z9A,0.3,AUD
896773,2024-01-06T23:51:21,2024-01-06,153,35,Retail,PayPal,COUPON09Z-,3.29,AUD
896914,2024-01-06T06:29:20,2024-01-06,535,40,Online,PayPal,COUPON-A-0,15.38,AUD
897022,2024-01-06T11:46:05,2024-01-06,279,2,Retail,PayPal,COUPON0-9-,11.93,AUD
897058,2024-01-06T16:25:36,2024-01-06,443,48,Retail,Credit Card,COUPONZ0A-,0.77,AUD
897100,2024-01-06T14:27:31,2024-01-06,486,27,Online,PayPal,COUPONZZ-0,4.26,AUD
897130,2024-01-06T16:40:15,2024-01-06,53,38,Online,PayPal,COUPON0Z0Z,19.35,AUD
897167,2024-01-06T16:41:02,2024-01-06,239,23,Retail,Credit Card,COUPON9ZA9,8.49,AUD
897237,2024-01-06T02:23:01,2024-01-06,176,15,Online,Afterpay,COUPONZA-A,8.72,AUD
897277,2024-01-06T05:11:21,2024-01-06,154,7,Online,Credit Card,COUPON00A9,0.01,AUD
897307,2024-01-06T15:08:10,2024-01-06,483,39,Online,Afterpay,COUPONA-A0,12.9,AUD
897311,2024-01-06T21:02:41,2024-01-06,318,31,Online,Credit Card,COUPON09ZA,7.25,AUD
897388,2024-01-06T02:03:20,2024-01-06,361,47,Retail,Afterpay,COUPON-Z0-,0.18,AUD
897578,2024-01-06T05:35:42,2024-01-06,38,13,Online,Credit Card,COUPONA-AZ,3.67,AUD
897639,2024-01-06T15:04:05,2024-01-06,769,34,Online,Credit Card,COUPON-Z--,17.73,AUD
897749,2024-01-06T15:50:03,2024-01-06,193,32,Online,PayPal,COUPON99--,1.8,AUD
897888,2024-01-06T12:01:43,2024-01-06,530,2,Retail,Afterpay,COUPON-A0A,3.97,AUD
897912,2024-01-06T02:25:43,2024-01-06,281,43,Online,Credit Card,COUPON-99-,12.85,AUD
898060,2024-01-06T20:23:33,2024-01-06,626,48,Retail,Afterpay,COUPONAA9Z,19.47,AUD
898192,2024-01-06T23:01:00,2024-01-06,588,13,Retail,Credit Card,COUPON9-A9,8.92,AUD
898212,2024-01-06T07:35:28,2024-01-06,442,38,Online,Afterpay,COUPONA-00,18.56,AUD
898237,2024-01-06T02:42:22,2024-01-06,111,45,Retail,Credit Card,COUPON--0A,11.04,AUD
898439,2024-01-06T17:07:36,2024-01-06,271,11,Online,PayPal,COUPON--ZZ,17.04,AUD
898472,2024-01-06T05:44:21,2024-01-06,329,11,Online,PayPal,COUPONAA--,10.44,AUD
898620,2024-01-06T23:03:36,2024-01-06,787,45,Online,Afterpay,COUPON0--A,17.23,AUD
898685,2024-01-06T20:01:17,2024-01-06,47,10,Online,PayPal,COUPON--9Z,8.61,AUD
898932,2024-01-06T20:21:38,2024-01-06,20,2,Online,Credit Card,COUPON---0,19.04,AUD
899068,2024-01-06T16:05:28,2024-01-06,624,42,Retail,Afterpay,COUPON990A,1.86,AUD
899085,2024-01-06T07:14:34,2024-01-06,55,1,Online,PayPal,COUPON09-A,12.12,AUD
899307,2024-01-06T09:36:42,2024-01-06,769,49,Online,Afterpay,COUPON9A9A,14.04,AUD
899316,2024-01-06T17:54:32,2024-01-06,287,2,Online,Credit Card,COUPONZ-0-,16.99,AUD
899329,2024-01-06T01:30:06,2024-01-06,533,28,Retail,PayPal,COUPON---9,9.47,AUD
899456,2024-01-06T15:09:26,2024-01-06,525,41,Retail,Afterpay,COUPON-ZZ-,1.23,AUD
899566,2024-01-06T07:28:31,2024-01-06,182,46,Retail,Afterpay,COUPON99-0,18.86,AUD
899586,2024-01-06T16:31:40,2024-01-06,153,10,Retail,PayPal,COUPON-Z9-,0.13,AUD
899724,2024-01-06T18:42:10,2024-01-06,590,14,Online,Credit Card,COUPON00AZ,11.73,AUD
899795,2024-01-06T21:31:58,2024-01-06,23,28,Online,Credit Card,COUPON9-9-,6.05,AUD
899896,2024-01-06T17:35:04,2024-01-06,278,9,Online,Credit Card,COUPON0A-0,11.56,AUD
899988,2024-01-06T14:20:42,2024-01-06,234,19,Retail,Afterpay,COUPON---Z,10.1,AUD
899999,2024-01-06T17:09:02,2024-01-06,45,48,Online,PayPal,COUPONZ-9A,18.42,AUD
900067,2024-01-06T06:34:00,2024-01-06,561,3,Online,Afterpay,COUPON0009,13.57,AUD
900080,2024-01-06T07:20:32,2024-01-06,755,8,Retail,Afterpay,COUPONZ0A9,13.54,AUD
900083,2024-01-06T20:16:20,2024-01-06,3,11,Online,Afterpay,COUPON-0A9,0.02,AUD
900320,2024-01-06T05:27:55,2024-01-06,184,24,Retail,Afterpay,COUPON--Z-,2.78,AUD
900324,2024-01-06T16:47:26,2024-01-06,739,40,Retail,Credit Card,COUPON--9A,5.42,AUD
900386,2024-01-06T06:48:36,2024-01-06,647,3,Online,Afterpay,COUPON9-Z-,15.14,AUD
900541,2024-01-06T01:30:51,2024-01-06,552,10,Retail,Credit Card,COUPON--AZ,7.28,AUD
900628,2024-01-06T06:25:30,2024-01-06,46,10,Online,PayPal,COUPONA-A-,16.09,AUD
900638,2024-01-06T13:03:13,2024-01-06,78,22,Retail,Credit Card,COUPONZ-9A,18.11,AUD
900662,2024-01-06T06:21:13,2024-01-06,554,23,Retail,Afterpay,COUPON-A-0,6.06,AUD
900681,2024-01-06T17:46:33,2024-01-06,623,4,Retail,Afterpay,COUPON--00,8.0,AUD
900802,2024-01-06T07:40:16,2024-01-06,175,48,Retail,PayPal,COUPON0AZ-,17.05,AUD
900839,2024-01-06T14:04:08,2024-01-06,371,12,Online,Credit Card,COUPONZA0A,14.29,AUD
900890,2024-01-06T15:34:56,2024-01-06,539,41,Retail,Credit Card,COUPON-AA-,18.37,AUD
900893,2024-01-06T18:39:21,2024-01-06,594,25,Online,PayPal,COUPON9-0A,4.43,AUD
900899,2024-01-06T17:42:16,2024-01-06,489,13,Online,Afterpay,COUPON0ZAA,2.02,AUD
900915,2024-01-06T10:58:32,2024-01-06,141,33,Retail,Afterpay,COUPON-ZZ0,6.18,AUD
901045,2024-01-06T10:57:34,2024-01-06,177,43,Retail,PayPal,COUPONA-99,17.93,AUD
901252,2024-01-06T12:28:16,2024-01-06,94,41,Online,Afterpay,COUPONA9-Z,6.23,AUD
901371,2024-01-06T00:24:52,2024-01-06,468,48,Retail,Credit Card,COUPON0-AZ,14.05,AUD
901489,2024-01-06T05:01:26,2024-01-06,753,32,Online,Afterpay,COUPONZZ00,3.25,AUD
901738,2024-01-06T18:26:17,2024-01-06,108,7,Online,PayPal,COUPON09-0,14.57,AUD
901873,2024-01-06T11:22:56,2024-01-06,710,19,Online,PayPal,COUPON--Z-,15.19,AUD
901961,2024-01-06T08:57:16,2024-01-06,517,31,Retail,Credit Card,COUPONZ--Z,2.25,AUD
902021,2024-01-06T17:56:25,2024-01-06,702,10,Retail,PayPal,COUPON-Z-A,3.05,AUD
902065,2024-01-06T20:16:25,2024-01-06,342,40,Retail,Afterpay,COUPON099A,2.93,AUD
902172,2024-01-06T00:13:43,2024-01-06,665,26,Retail,PayPal,COUPON90--,15.65,AUD
902182,2024-01-06T18:38:17,2024-01-06,292,2,Online,Credit Card,COUPONA--9,11.93,AUD
902252,2024-01-06T19:36:59,2024-01-06,537,16,Online,Credit Card,COUPON--00,6.84,AUD
902298,2024-01-06T08:11:19,2024-01-06,702,43,Online,PayPal,COUPON9Z99,18.39,AUD
902463,2024-01-06T20:31:20,2024-01-06,364,48,Online,Afterpay,COUPONAZAA,17.77,AUD
902495,2024-01-06T10:27:47,2024-01-06,165,1,Online,Credit Card,COUPON-AZ9,17.22,AUD
902577,2024-01-06T15:07:25,2024-01-06,279,26,Retail,Afterpay,COUPON-09-,18.92,AUD
902597,2024-01-06T00:51:10,2024-01-06,421,10,Retail,Credit Card,COUPONZ00A,18.16,AUD
902599,2024-01-06T19:06:26,2024-01-06,423,22,Retail,Credit Card,COUPON9-Z0,19.33,AUD
902650,2024-01-06T10:09:50,2024-01-06,461,36,Online,Afterpay,COUPON-ZA0,11.59,AUD
902661,2024-01-06T12:56:01,2024-01-06,449,4,Retail,PayPal,COUPONA00-,11.43,AUD
902709,2024-01-06T16:08:52,2024-01-06,582,2,Online,Credit Card,COUPON--A-,17.23,AUD
902731,2024-01-06T14:28:50,2024-01-06,416,29,Retail,Credit Card,COUPON0A9A,16.32,AUD
902821,2024-01-06T00:10:09,2024-01-06,310,19,Online,Afterpay,COUPON-999,12.62,AUD
902879,2024-01-06T11:07:23,2024-01-06,447,6,Online,Afterpay,COUPONZ-0-,9.3,AUD
902898,2024-01-06T22:03:03,2024-01-06,260,34,Online,Credit Card,COUPON99Z-,19.12,AUD
902912,2024-01-06T22:39:09,2024-01-06,649,40,Retail,Credit Card,COUPON90-A,13.9,AUD
903117,2024-01-06T22:38:22,2024-01-06,242,3,Online,PayPal,COUPON-0A9,0.83,AUD
903151,2024-01-06T13:21:54,2024-01-06,413,47,Retail,Credit Card,COUPONZA-0,0.79,AUD
903173,2024-01-06T12:33:22,2024-01-06,205,10,Online,Afterpay,COUPON9-9-,7.86,AUD
903238,2024-01-06T02:59:16,2024-01-06,509,48,Retail,Credit Card,COUPON-9Z-,11.99,AUD
903594,2024-01-06T09:24:49,2024-01-06,642,4,Online,Afterpay,COUPONZ0AA,16.86,AUD
903624,2024-01-06T09:35:12,2024-01-06,118,5,Retail,PayPal,COUPON--9A,9.42,AUD
903709,2024-01-06T02:28:48,2024-01-06,177,32,Online,Afterpay,COUPONAA--,6.59,AUD
903991,2024-01-06T20:51:34,2024-01-06,165,19,Online,PayPal,COUPON-AZ0,2.1,AUD
904167,2024-01-06T00:37:10,2024-01-06,86,20,Retail,PayPal,COUPON-A0-,9.71,AUD
904184,2024-01-06T14:30:05,2024-01-06,199,30,Retail,Afterpay,COUPONAAA-,10.2,AUD
904225,2024-01-06T18:38:30,2024-01-06,784,8,Online,Credit Card,COUPON-99A,6.93,AUD
904274,2024-01-06T21:27:11,2024-01-06,407,4,Online,PayPal,COUPONAA-A,5.85,AUD
904579,2024-01-06T05:41:05,2024-01-06,118,43,Retail,Credit Card,COUPON9A9-,8.72,AUD
904611,2024-01-06T23:28:45,2024-01-06,248,32,Online,Credit Card,COUPON0000,18.68,AUD
904690,2024-01-06T15:35:51,2024-01-06,583,48,Online,Credit Card,COUPON-ZA-,7.18,AUD
904842,2024-01-06T17:31:29,2024-01-06,98,23,Online,Credit Card,COUPONZ9A0,4.83,AUD
904905,2024-01-06T06:37:47,2024-01-06,448,47,Retail,Afterpay,COUPONZZ--,10.25,AUD
904991,2024-01-06T22:21:44,2024-01-06,254,49,Online,PayPal,COUPON9Z-0,10.18,AUD
905220,2024-01-06T23:07:03,2024-01-06,450,4,Retail,Afterpay,COUPON---Z,13.17,AUD
905336,2024-01-06T02:34:55,2024-01-06,612,4,Retail,Afterpay,COUPON--9A,14.12,AUD
905337,2024-01-06T02:28:21,2024-01-06,651,6,Online,Credit Card,COUPON-9ZZ,1.97,AUD
905432,2024-01-06T13:40:53,2024-01-06,698,37,Online,Afterpay,COUPON0A-0,0.96,AUD
905441,2024-01-06T08:23:59,2024-01-06,629,22,Online,PayPal,COUPON99A9,9.37,AUD
905581,2024-01-06T17:01:01,2024-01-06,285,14,Online,Afterpay,COUPONZZ--,1.49,AUD
905666,2024-01-06T09:57:59,2024-01-06,89,23,Retail,Credit Card,COUPONZ099,19.94,AUD
905742,2024-01-06T04:23:06,2024-01-06,596,5,Online,PayPal,COUPONZAZ-,12.94,AUD
905749,2024-01-06T12:27:51,2024-01-06,769,24,Online,Afterpay,COUPONZ000,7.58,AUD
905772,2024-01-06T10:42:41,2024-01-06,227,41,Retail,Afterpay,COUPON-9ZA,1.19,AUD
905944,2024-01-06T20:25:12,2024-01-06,134,5,Retail,Credit Card,COUPONZ---,18.02,AUD
906012,2024-01-06T04:55:29,2024-01-06,155,4,Online,PayPal,COUPON-0-Z,4.65,AUD
906060,2024-01-06T09:33:08,2024-01-06,481,28,Online,PayPal,COUPON---A,12.7,AUD
906155,2024-01-06T22:25:29,2024-01-06,274,30,Online,Afterpay,COUPON-0--,5.5,AUD
906174,2024-01-06T07:22:14,2024-01-06,6,18,Retail,Credit Card,COUPON09A-,15.9,AUD
906243,2024-01-06T05:15:08,2024-01-06,120,1,Retail,Afterpay,COUPON-Z-Z,11.8,AUD
906351,2024-01-06T05:19:06,2024-01-06,154,3,Online,PayPal,COUPON--AZ,17.04,AUD
906447,2024-01-06T14:46:40,2024-01-06,749,21,Retail,Afterpay,COUPON-A-0,19.78,AUD
906473,2024-01-06T06:23:07,2024-01-06,743,3,Online,Afterpay,COUPON-Z00,13.52,AUD
906511,2024-01-06T13:30:46,2024-01-06,539,30,Retail,Afterpay,COUPONZZZA,5.25,AUD
906523,2024-01-06T13:49:48,2024-01-06,122,10,Retail,Afterpay,COUPONZ9ZZ,8.76,AUD
906542,2024-01-06T01:07:42,2024-01-06,470,6,Retail,Credit Card,COUPON0A0-,13.23,AUD
906647,2024-01-06T13:06:01,2024-01-06,437,3,Retail,Credit Card,COUPON0-ZA,18.25,AUD
907334,2024-01-06T14:46:26,2024-01-06,765,1,Online,Credit Card,COUPON9990,7.86,AUD
907480,2024-01-06T21:31:04,2024-01-06,657,22,Retail,Credit Card,COUPON-Z00,17.96,AUD
907679,2024-01-06T16:57:40,2024-01-06,419,17,Online,Credit Card,COUPON0A0Z,10.81,AUD
907734,2024-01-06T21:45:05,2024-01-06,69,26,Retail,Credit Card,COUPONA-9Z,3.33,AUD
907779,2024-01-06T21:45:00,2024-01-06,638,4,Online,PayPal,COUPON9Z9-,5.0,AUD
907857,2024-01-06T12:52:26,2024-01-06,732,48,Online,PayPal,COUPONAA-9,15.54,AUD
907926,2024-01-06T02:02:05,2024-01-06,127,40,Online,Afterpay,COUPON-Z99,17.39,AUD
908052,2024-01-06T00:25:49,2024-01-06,168,30,Online,Afterpay,COUPON-A-Z,11.88,AUD
908133,2024-01-06T03:14:39,2024-01-06,209,31,Retail,Credit Card,COUPON0--Z,14.26,AUD
908161,2024-01-06T21:35:44,2024-01-06,357,23,Retail,Credit Card,COUPON-AA-,7.86,AUD
908270,2024-01-06T13:56:26,2024-01-06,374,23,Online,Credit Card,COUPONAZ90,14.89,AUD
908379,2024-01-06T16:43:43,2024-01-06,672,32,Online,Credit Card,COUPON9Z9-,7.55,AUD
908387,2024-01-06T07:30:04,2024-01-06,512,45,Online,PayPal,COUPONAZZ-,10.93,AUD
908493,2024-01-06T09:07:47,2024-01-06,356,6,Online,Credit Card,COUPON--9A,17.05,AUD
908548,2024-01-06T17:57:25,2024-01-06,439,38,Online,PayPal,COUPONZ0A-,9.49,AUD
908704,2024-01-06T23:39:29,2024-01-06,594,8,Online,PayPal,COUPON0A--,17.02,AUD
908735,2024-01-06T00:02:24,2024-01-06,726,17,Retail,Credit Card,COUPON9AA-,8.64,AUD
908858,2024-01-06T08:46:19,2024-01-06,720,11,Online,Credit Card,COUPON0-ZA,11.19,AUD
908861,2024-01-06T06:30:43,2024-01-06,32,33,Online,Credit Card,COUPONZ-ZA,10.78,AUD
908887,2024-01-06T08:36:33,2024-01-06,337,39,Online,Credit Card,COUPONZZ-9,4.25,AUD
908949,2024-01-06T17:39:19,2024-01-06,475,46,Retail,PayPal,COUPONAA-A,1.48,AUD
909057,2024-01-06T02:00:51,2024-01-06,629,46,Online,Afterpay,COUPONA-90,8.41,AUD
909073,2024-01-06T21:29:00,2024-01-06,479,7,Online,PayPal,COUPON09A9,10.53,AUD
909082,2024-01-06T13:03:08,2024-01-06,524,25,Retail,PayPal,COUPONZ9-A,14.97,AUD
909110,2024-01-06T21:37:10,2024-01-06,167,16,Online,PayPal,COUPON---A,6.7,AUD
909212,2024-01-06T21:46:17,2024-01-06,209,33,Online,PayPal,COUPONA-Z9,19.93,AUD
909239,2024-01-06T11:32:24,2024-01-06,178,6,Online,PayPal,COUPON90--,1.1,AUD
909332,2024-01-06T17:35:08,2024-01-06,689,42,Online,Afterpay,COUPON-0ZZ,19.13,AUD
909517,2024-01-06T07:00:16,2024-01-06,153,7,Retail,PayPal,COUPON-Z--,14.63,AUD
909562,2024-01-06T07:38:02,2024-01-06,784,12,Online,PayPal,COUPON90Z9,19.42,AUD
909697,2024-01-06T09:33:30,2024-01-06,273,1,Retail,Afterpay,COUPON-9A9,13.74,AUD
909711,2024-01-06T14:34:30,2024-01-06,130,7,Retail,Credit Card,COUPONZ-90,5.71,AUD
909747,2024-01-06T07:51:00,2024-01-06,327,46,Online,Afterpay,COUPON99Z-,11.42,AUD
909770,2024-01-06T20:00:03,2024-01-06,752,16,Online,Afterpay,COUPON00-Z,1.56,AUD
909907,2024-01-06T20:28:29,2024-01-06,382,21,Retail,Credit Card,COUPON-90A,4.05,AUD
909958,2024-01-06T11:12:26,2024-01-06,458,49,Online,Afterpay,COUPON9---,5.9,AUD
909959,2024-01-06T01:44:27,2024-01-06,700,30,Online,PayPal,COUPON-9ZZ,13.46,AUD
909984,2024-01-06T05:30:11,2024-01-06,472,7,Retail,Credit Card,COUPON0Z0A,1.9,AUD
910024,2024-01-06T04:35:45,2024-01-06,390,11,Online,Credit Card,COUPON0Z-0,12.48,AUD
910061,2024-01-06T10:29:04,2024-01-06,610,6,Retail,PayPal,COUPON9-00,9.9,AUD
910175,2024-01-06T21:57:35,2024-01-06,208,39,Online,Afterpay,COUPON-0-0,4.3,AUD
910275,2024-01-06T01:21:28,2024-01-06,371,24,Online,Credit Card,COUPON-AAA,11.94,AUD
910306,2024-01-06T17:44:19,2024-01-06,272,7,Online,Credit Card,COUPON--A-,4.85,AUD
910631,2024-01-06T09:45:34,2024-01-06,674,30,Online,Afterpay,COUPONZZZ-,15.68,AUD
910660,2024-01-06T14:01:59,2024-01-06,793,6,Retail,PayPal,COUPON9AZ9,14.23,AUD
910716,2024-01-06T01:34:56,2024-01-06,37,47,Retail,Afterpay,COUPON9Z9-,1.38,AUD
911015,2024-01-06T14:19:24,2024-01-06,687,22,Retail,Credit Card,COUPON-Z-9,5.72,AUD
911078,2024-01-06T12:43:38,2024-01-06,80,8,Online,Credit Card,COUPON-9-Z,6.62,AUD
911204,2024-01-06T10:20:53,2024-01-06,212,32,Retail,Afterpay,COUPONA-9A,11.49,AUD
911344,2024-01-06T16:24:08,2024-01-06,363,35,Online,Credit Card,COUPON00Z0,3.27,AUD
911683,2024-01-06T04:11:29,2024-01-06,381,25,Online,PayPal,COUPON09--,15.82,AUD
911767,2024-01-06T16:28:30,2024-01-06,439,33,Online,Afterpay,COUPON9-Z-,9.06,AUD
911778,2024-01-06T21:08:37,2024-01-06,726,11,Online,PayPal,COUPONZA9A,18.21,AUD
911793,2024-01-06T07:03:57,2024-01-06,178,14,Retail,Afterpay,COUPONZ-9A,10.9,AUD
911932,2024-01-06T14:29:38,2024-01-06,160,1,Retail,Afterpay,COUPON0Z09,4.35,AUD
912100,2024-01-06T20:21:16,2024-01-06,466,28,Retail,Credit Card,COUPON0-Z0,3.03,AUD
912292,2024-01-06T00:26:10,2024-01-06,479,4,Retail,Credit Card,COUPON-90-,12.02,AUD
912401,2024-01-06T16:25:37,2024-01-06,714,42,Retail,Credit Card,COUPON0-A0,11.29,AUD
912499,2024-01-06T10:07:23,2024-01-06,50,6,Retail,Afterpay,COUPON9Z0-,16.17,AUD
912509,2024-01-06T22:18:21,2024-01-06,288,29,Retail,PayPal,COUPON90A-,4.09,AUD
912582,2024-01-06T15:24:49,2024-01-06,725,46,Retail,Credit Card,COUPONAA-A,4.91,AUD
912749,2024-01-06T17:17:31,2024-01-06,356,36,Online,Credit Card,COUPON-9-9,4.18,AUD
913099,2024-01-06T21:05:32,2024-01-06,111,6,Online,Credit Card,COUPON--A-,17.2,AUD
913133,2024-01-06T17:43:32,2024-01-06,60,28,Online,Credit Card,COUPON09--,4.21,AUD
913188,2024-01-06T04:02:00,2024-01-06,353,1,Retail,PayPal,COUPON9--A,18.89,AUD
913239,2024-01-06T12:38:15,2024-01-06,756,42,Online,PayPal,COUPON-A-9,8.18,AUD
913341,2024-01-06T16:17:02,2024-01-06,754,10,Online,Credit Card,COUPON99-A,0.36,AUD
913359,2024-01-06T09:37:29,2024-01-06,390,26,Online,Afterpay,COUPON-00Z,4.25,AUD
913374,2024-01-06T19:00:59,2024-01-06,129,49,Retail,PayPal,COUPON0AA-,12.59,AUD
913556,2024-01-06T11:48:01,2024-01-06,184,19,Online,PayPal,COUPON000A,10.78,AUD
913727,2024-01-06T17:49:45,2024-01-06,690,32,Online,PayPal,COUPON90-0,14.11,AUD
913752,2024-01-06T09:22:19,2024-01-06,664,26,Online,PayPal,COUPON909-,5.71,AUD
913800,2024-01-06T03:56:17,2024-01-06,285,2,Online,Afterpay,COUPON-ZZ9,6.74,AUD
913854,2024-01-06T15:22:31,2024-01-06,625,16,Online,Afterpay,COUPON--90,18.59,AUD
913899,2024-01-06T17:52:38,2024-01-06,753,47,Retail,Credit Card,COUPON0-90,5.11,AUD
913904,2024-01-06T08:10:23,2024-01-06,796,41,Retail,Credit Card,COUPON-0--,3.87,AUD
914019,2024-01-06T18:13:00,2024-01-06,197,13,Retail,PayPal,COUPON-Z99,7.15,AUD
914108,2024-01-06T07:00:40,2024-01-06,44,28,Online,Credit Card,COUPONA9--,9.46,AUD
914110,2024-01-06T07:37:01,2024-01-06,571,18,Online,PayPal,COUPON-Z0A,18.42,AUD
914168,2024-01-06T06:11:46,2024-01-06,668,42,Online,Afterpay,COUPON-9-9,4.77,AUD
914207,2024-01-06T23:07:02,2024-01-06,265,28,Retail,Credit Card,COUPON0--Z,9.3,AUD
914303,2024-01-06T16:58:18,2024-01-06,447,21,Retail,Afterpay,COUPON-0-0,17.1,AUD
914389,2024-01-06T07:50:20,2024-01-06,285,19,Online,Credit Card,COUPON-9AZ,2.02,AUD
914401,2024-01-06T06:34:00,2024-01-06,783,9,Online,Credit Card,COUPON99Z-,19.13,AUD
914419,2024-01-06T08:35:07,2024-01-06,607,15,Online,Credit Card,COUPON0---,13.99,AUD
914442,2024-01-06T19:17:42,2024-01-06,695,44,Online,PayPal,COUPON990-,13.46,AUD
914453,2024-01-06T15:55:42,2024-01-06,70,5,Retail,PayPal,COUPON-Z0-,5.97,AUD
914557,2024-01-06T10:11:10,2024-01-06,192,13,Retail,PayPal,COUPONZ-90,9.29,AUD
914565,2024-01-06T13:42:05,2024-01-06,23,45,Online,Credit Card,COUPON---9,5.79,AUD
914637,2024-01-06T04:18:44,2024-01-06,559,25,Online,Afterpay,COUPON-909,5.63,AUD
914707,2024-01-06T23:48:14,2024-01-06,267,43,Retail,Afterpay,COUPONA0-A,11.73,AUD
914767,2024-01-06T16:30:37,2024-01-06,107,47,Retail,PayPal,COUPON9Z0A,18.4,AUD
914977,2024-01-06T04:18:30,2024-01-06,298,16,Retail,Credit Card,COUPON99-A,17.05,AUD
915079,2024-01-06T02:49:22,2024-01-06,628,38,Online,Afterpay,COUPON000A,17.98,AUD
915295,2024-01-06T05:25:02,2024-01-06,660,8,Online,Afterpay,COUPON--0-,3.2,AUD
915301,2024-01-06T07:56:52,2024-01-06,650,45,Retail,Credit Card,COUPON0-99,0.44,AUD
915328,2024-01-06T18:53:20,2024-01-06,604,27,Retail,PayPal,COUPON9-ZA,11.99,AUD
915359,2024-01-06T00:58:25,2024-01-06,323,15,Retail,Credit Card,COUPON0---,18.54,AUD
915413,2024-01-06T14:23:20,2024-01-06,39,46,Online,Afterpay,COUPONZAAZ,18.22,AUD
915442,2024-01-06T16:50:30,2024-01-06,85,40,Online,Afterpay,COUPONA0-0,5.66,AUD
915444,2024-01-06T08:44:38,2024-01-06,134,20,Retail,PayPal,COUPON0Z0Z,17.02,AUD
915769,2024-01-06T15:50:47,2024-01-06,211,29,Online,PayPal,COUPON--Z9,12.25,AUD
915918,2024-01-06T08:51:04,2024-01-06,7,42,Online,Credit Card,COUPON9A-A,6.67,AUD
916066,2024-01-06T05:11:50,2024-01-06,486,3,Retail,Afterpay,COUPONA0A0,13.26,AUD
916074,2024-01-06T09:05:47,2024-01-06,538,23,Retail,Afterpay,COUPON0ZZ0,3.71,AUD
916084,2024-01-06T04:56:18,2024-01-06,63,10,Retail,Credit Card,COUPONA--A,1.94,AUD
916448,2024-01-06T13:18:45,2024-01-06,551,3,Retail,Afterpay,COUPONA9-A,3.93,AUD
916852,2024-01-06T08:16:20,2024-01-06,513,47,Online,Credit Card,COUPON009Z,11.73,AUD
916886,2024-01-06T16:22:00,2024-01-06,147,49,Retail,PayPal,COUPON000A,14.73,AUD
916904,2024-01-06T14:28:30,2024-01-06,715,25,Retail,PayPal,COUPONAAAZ,16.27,AUD
917080,2024-01-06T22:40:32,2024-01-06,9,29,Online,PayPal,COUPON09ZA,18.47,AUD
917159,2024-01-06T07:37:22,2024-01-06,383,23,Retail,PayPal,COUPONZ-A9,5.75,AUD
917350,2024-01-06T10:33:42,2024-01-06,373,44,Retail,Afterpay,COUPONZAAZ,18.7,AUD
917493,2024-01-06T02:30:26,2024-01-06,121,5,Online,PayPal,COUPON-AZA,4.6,AUD
917645,2024-01-06T21:00:04,2024-01-06,452,46,Online,PayPal,COUPON0990,19.17,AUD
918103,2024-01-06T17:35:35,2024-01-06,469,48,Retail,PayPal,COUPONA-Z-,16.95,AUD
918308,2024-01-06T22:33:13,2024-01-06,181,44,Retail,Afterpay,COUPON-0-A,8.3,AUD
918425,2024-01-06T23:02:31,2024-01-06,521,34,Online,Afterpay,COUPON---A,8.82,AUD
918440,2024-01-06T22:57:23,2024-01-06,42,15,Retail,PayPal,COUPON90-A,14.86,AUD
918495,2024-01-06T02:14:35,2024-01-06,154,29,Retail,Afterpay,COUPON-0Z-,11.5,AUD
918622,2024-01-06T03:51:39,2024-01-06,75,3,Online,Afterpay,COUPONZZ-Z,3.3,AUD
918623,2024-01-06T01:27:56,2024-01-06,360,8,Retail,PayPal,COUPONA--A,6.38,AUD
918660,2024-01-06T10:46:45,2024-01-06,507,27,Online,Afterpay,COUPON9Z0Z,17.58,AUD
918672,2024-01-06T20:10:12,2024-01-06,264,47,Online,Afterpay,COUPON99-9,3.21,AUD
918698,2024-01-06T04:25:29,2024-01-06,497,8,Retail,PayPal,COUPON-Z-9,7.43,AUD
918835,2024-01-06T07:30:56,2024-01-06,325,6,Retail,PayPal,COUPON--AA,3.07,AUD
918998,2024-01-06T01:19:08,2024-01-06,266,14,Retail,PayPal,COUPON099-,10.75,AUD
919295,2024-01-06T04:11:50,2024-01-06,593,47,Retail,PayPal,COUPON-9-9,5.37,AUD
919383,2024-01-06T09:03:47,2024-01-06,706,37,Online,Afterpay,COUPON-A-Z,11.74,AUD
919517,2024-01-06T16:09:44,2024-01-06,483,30,Online,Credit Card,COUPON---A,6.91,AUD
919900,2024-01-06T11:24:49,2024-01-06,752,9,Online,Afterpay,COUPON09-A,5.03,AUD
919940,2024-01-06T07:38:11,2024-01-06,83,43,Online,Credit Card,COUPONZ99A,10.22,AUD
920246,2024-01-06T08:59:43,2024-01-06,41,34,Online,PayPal,COUPON00Z0,1.84,AUD
920389,2024-01-06T19:49:16,2024-01-06,101,23,Retail,PayPal,COUPONAZA9,4.73,AUD
920415,2024-01-06T16:28:32,2024-01-06,396,14,Online,Credit Card,COUPON999Z,3.88,AUD
920458,2024-01-06T09:58:32,2024-01-06,468,7,Retail,PayPal,COUPON00Z-,14.3,AUD
920459,2024-01-06T19:32:15,2024-01-06,138,24,Retail,PayPal,COUPONA--A,4.65,AUD
920499,2024-01-06T21:42:49,2024-01-06,218,2,Online,PayPal,COUPONA9-0,7.73,AUD
920593,2024-01-06T13:41:20,2024-01-06,148,23,Retail,Credit Card,COUPON0-90,2.8,AUD
920733,2024-01-06T09:11:07,2024-01-06,713,5,Retail,Credit Card,COUPON000A,19.33,AUD
920806,2024-01-06T15:07:37,2024-01-06,266,7,Online,Afterpay,COUPON9AZA,5.46,AUD
920870,2024-01-06T15:40:05,2024-01-06,716,47,Online,Credit Card,COUPON9-90,12.76,AUD
920931,2024-01-06T17:23:57,2024-01-06,114,2,Online,PayPal,COUPON09-Z,4.69,AUD
921246,2024-01-06T15:40:37,2024-01-06,33,24,Retail,PayPal,COUPON-9-0,19.17,AUD
921268,2024-01-06T09:05:05,2024-01-06,794,6,Retail,Credit Card,COUPONAZ9A,3.83,AUD
921328,2024-01-06T08:46:40,2024-01-06,704,38,Retail,PayPal,COUPONZZ-Z,7.82,AUD
921558,2024-01-06T06:21:44,2024-01-06,638,32,Online,Afterpay,COUPON00A9,10.91,AUD
921692,2024-01-06T02:27:48,2024-01-06,215,15,Online,Afterpay,COUPONZ-0-,15.11,AUD
921739,2024-01-06T20:00:02,2024-01-06,534,18,Retail,Afterpay,COUPON0-A0,11.85,AUD
921810,2024-01-06T02:49:55,2024-01-06,775,15,Online,PayPal,COUPONAZA-,6.77,AUD
921859,2024-01-06T13:07:19,2024-01-06,296,28,Retail,Credit Card,COUPON09ZA,14.96,AUD
921928,2024-01-06T04:46:57,2024-01-06,298,32,Online,Credit Card,COUPON0ZZZ,1.32,AUD
922049,2024-01-06T01:20:56,2024-01-06,421,27,Online,Afterpay,COUPON-0Z9,12.98,AUD
922061,2024-01-06T02:02:38,2024-01-06,114,44,Online,Credit Card,COUPON99A-,15.08,AUD
922198,2024-01-06T02:57:32,2024-01-06,718,46,Online,Afterpay,COUPON9AZ-,12.69,AUD
922274,2024-01-06T01:42:37,2024-01-06,232,40,Retail,Credit Card,COUPONAZAA,6.76,AUD
922350,2024-01-06T21:56:14,2024-01-06,783,33,Retail,Credit Card,COUPON-00A,18.53,AUD
922392,2024-01-06T21:46:31,2024-01-06,441,45,Online,PayPal,COUPON-0-A,1.84,AUD
922479,2024-01-06T23:29:57,2024-01-06,185,38,Online,Afterpay,COUPON0A--,13.14,AUD
922760,2024-01-06T09:25:55,2024-01-06,224,29,Retail,Credit Card,COUPON9-A-,4.95,AUD
922779,2024-01-06T09:58:42,2024-01-06,344,48,Online,Credit Card,COUPONZ0--,2.72,AUD
922828,2024-01-06T09:46:14,2024-01-06,261,7,Retail,Credit Card,COUPONZ909,12.8,AUD
922888,2024-01-06T19:21:55,2024-01-06,402,35,Retail,PayPal,COUPON0Z-A,15.71,AUD
923185,2024-01-06T05:43:19,2024-01-06,601,13,Online,Credit Card,COUPON0-9Z,9.07,AUD
923191,2024-01-06T18:50:08,2024-01-06,531,8,Online,PayPal,COUPONA-00,2.6,AUD
923206,2024-01-06T19:57:01,2024-01-06,451,25,Retail,Credit Card,COUPON-Z9A,8.43,AUD
923252,2024-01-06T14:48:34,2024-01-06,316,48,Online,PayPal,COUPONZ0A0,12.14,AUD
923320,2024-01-06T18:03:53,2024-01-06,43,27,Retail,Afterpay,COUPON9-9A,6.76,AUD
923322,2024-01-06T04:05:06,2024-01-06,584,22,Online,Afterpay,COUPONA9-Z,2.41,AUD
923394,2024-01-06T09:59:10,2024-01-06,157,22,Online,PayPal,COUPON---A,11.47,AUD
923475,2024-01-06T23:35:19,2024-01-06,711,24,Online,PayPal,COUPONZA--,19.34,AUD
923480,2024-01-06T22:13:29,2024-01-06,776,35,Online,Credit Card,COUPONA990,12.62,AUD
923490,2024-01-06T06:44:51,2024-01-06,681,16,Online,Afterpay,COUPON0---,13.77,AUD
923650,2024-01-06T15:26:37,2024-01-06,519,24,Online,Credit Card,COUPON9AZ-,10.56,AUD
923657,2024-01-06T23:49:19,2024-01-06,145,23,Retail,Afterpay,COUPON--9A,1.4,AUD
923736,2024-01-06T19:31:13,2024-01-06,249,13,Online,Credit Card,COUPONZ00Z,9.18,AUD
923781,2024-01-06T02:31:32,2024-01-06,41,36,Retail,Afterpay,COUPONZ-09,1.71,AUD
923848,2024-01-06T08:32:19,2024-01-06,648,46,Retail,PayPal,COUPON99A-,3.55,AUD
923912,2024-01-06T01:54:37,2024-01-06,270,12,Online,Afterpay,COUPON09Z0,2.94,AUD
924013,2024-01-06T20:08:10,2024-01-06,661,22,Retail,Credit Card,COUPON----,19.24,AUD
924030,2024-01-06T14:22:48,2024-01-06,246,30,Retail,Credit Card,COUPONA0-Z,12.44,AUD
924095,2024-01-06T14:59:10,2024-01-06,230,14,Online,PayPal,COUPONZ--Z,8.56,AUD
924210,2024-01-06T16:15:42,2024-01-06,36,43,Online,Afterpay,COUPON-090,4.54,AUD
924240,2024-01-06T16:38:02,2024-01-06,525,12,Retail,Afterpay,COUPON9Z--,4.5,AUD
924279,2024-01-06T15:15:21,2024-01-06,389,18,Retail,Credit Card,COUPONZZZ-,12.77,AUD
924598,2024-01-06T10:18:54,2024-01-06,108,30,Retail,PayPal,COUPONZA9-,0.75,AUD
924629,2024-01-06T12:55:07,2024-01-06,707,38,Online,Afterpay,COUPON-A-Z,11.28,AUD
924641,2024-01-06T07:59:04,2024-01-06,313,34,Retail,Credit Card,COUPON00Z-,6.61,AUD
924768,2024-01-06T04:20:00,2024-01-06,462,29,Retail,Afterpay,COUPON0--A,14.61,AUD
924915,2024-01-06T08:25:24,2024-01-06,501,11,Retail,Afterpay,COUPONA-09,7.55,AUD
925056,2024-01-06T20:45:38,2024-01-06,16,8,Online,Credit Card,COUPON9-A-,7.73,AUD
925099,2024-01-06T06:21:46,2024-01-06,192,2,Retail,Credit Card,COUPON90ZZ,14.99,AUD
925272,2024-01-06T16:22:47,2024-01-06,235,3,Retail,Credit Card,COUPON909-,1.3,AUD
925408,2024-01-06T22:46:11,2024-01-06,501,43,Retail,Credit Card,COUPON9Z9A,15.49,AUD
925426,2024-01-06T08:16:23,2024-01-06,718,19,Retail,PayPal,COUPON-Z99,7.71,AUD
925489,2024-01-06T12:32:18,2024-01-06,239,17,Online,Credit Card,COUPON0A-Z,12.33,AUD
925508,2024-01-06T03:43:13,2024-01-06,730,38,Online,Afterpay,COUPONZ--Z,19.34,AUD
925684,2024-01-06T00:15:37,2024-01-06,236,8,Retail,Credit Card,COUPON-9--,4.13,AUD
925883,2024-01-06T00:16:02,2024-01-06,436,35,Retail,Credit Card,COUPON--0-,18.04,AUD
925891,2024-01-06T00:22:07,2024-01-06,778,14,Online,PayPal,COUPON-ZAZ,13.04,AUD
925948,2024-01-06T08:58:19,2024-01-06,187,45,Online,Credit Card,COUPONZ9-9,16.67,AUD
925949,2024-01-06T05:49:39,2024-01-06,576,38,Retail,Afterpay,COUPON--ZZ,13.11,AUD
926085,2024-01-06T02:18:28,2024-01-06,423,25,Retail,Credit Card,COUPONA--A,4.83,AUD
926097,2024-01-06T11:57:29,2024-01-06,75,49,Retail,Credit Card,COUPON9---,15.65,AUD
926114,2024-01-06T05:35:10,2024-01-06,137,1,Retail,Afterpay,COUPON----,5.93,AUD
926149,2024-01-06T22:27:59,2024-01-06,30,29,Online,Credit Card,COUPON99ZA,19.22,AUD
926273,2024-01-06T20:09:15,2024-01-06,569,42,Retail,PayPal,COUPON990-,4.78,AUD
926279,2024-01-06T18:45:59,2024-01-06,420,29,Online,Afterpay,COUPON----,7.0,AUD
926300,2024-01-06T11:53:00,2024-01-06,448,48,Retail,Credit Card,COUPON0A--,5.78,AUD
926317,2024-01-06T18:52:37,2024-01-06,186,17,Online,PayPal,COUPONZZA0,9.82,AUD
926447,2024-01-06T18:54:19,2024-01-06,449,42,Retail,Credit Card,COUPON-AAA,18.93,AUD
926459,2024-01-06T03:29:50,2024-01-06,279,3,Retail,Afterpay,COUPON--AA,13.09,AUD
926500,2024-01-06T00:45:47,2024-01-06,437,35,Online,Credit Card,COUPON909-,7.48,AUD
926554,2024-01-06T00:41:24,2024-01-06,282,19,Online,Afterpay,COUPON-990,14.8,AUD
926746,2024-01-06T20:09:53,2024-01-06,538,1,Online,PayPal,COUPON0AA0,12.06,AUD
926749,2024-01-06T11:33:39,2024-01-06,24,48,Retail,Credit Card,COUPON--A-,10.0,AUD
926796,2024-01-06T01:43:29,2024-01-06,710,18,Retail,Afterpay,COUPON9009,6.73,AUD
926884,2024-01-06T02:34:35,2024-01-06,213,44,Retail,Afterpay,COUPON-0ZZ,8.78,AUD
926890,2024-01-06T04:54:56,2024-01-06,167,9,Online,Afterpay,COUPON-99Z,16.35,AUD
926917,2024-01-06T09:42:01,2024-01-06,499,29,Online,PayPal,COUPON-000,11.62,AUD
926954,2024-01-06T19:05:26,2024-01-06,637,40,Online,Credit Card,COUPON0-Z-,10.51,AUD
927009,2024-01-06T15:31:14,2024-01-06,155,10,Retail,Credit Card,COUPONZ9AZ,10.05,AUD
927182,2024-01-06T10:44:15,2024-01-06,181,12,Retail,PayPal,COUPON-AZZ,19.75,AUD
927195,2024-01-06T04:55:33,2024-01-06,59,20,Online,Afterpay,COUPON--AZ,3.27,AUD
927351,2024-01-06T09:33:47,2024-01-06,258,45,Online,Credit Card,COUPON--AA,6.05,AUD
927486,2024-01-06T21:40:11,2024-01-06,332,13,Online,PayPal,COUPON---Z,18.49,AUD
927627,2024-01-06T08:46:55,2024-01-06,259,9,Retail,Credit Card,COUPON-Z0-,13.29,AUD
927638,2024-01-06T14:37:42,2024-01-06,186,25,Online,Afterpay,COUPONA0AA,1.09,AUD
927940,2024-01-06T03:02:50,2024-01-06,322,14,Retail,Afterpay,COUPON99-Z,17.45,AUD
927961,2024-01-06T17:16:51,2024-01-06,372,29,Retail,Credit Card,COUPON0A9-,5.0,AUD
927962,2024-01-06T17:41:59,2024-01-06,619,33,Online,PayPal,COUPON-00-,0.77,AUD
927972,2024-01-06T11:05:10,2024-01-06,364,23,Retail,Afterpay,COUPON-ZZ9,18.42,AUD
928150,2024-01-06T12:43:43,2024-01-06,789,40,Online,Credit Card,COUPONA--Z,1.9,AUD
928153,2024-01-06T03:13:15,2024-01-06,305,7,Retail,Credit Card,COUPON-9-0,17.06,AUD
928198,2024-01-06T05:57:27,2024-01-06,610,9,Online,Afterpay,COUPON----,5.17,AUD
928352,2024-01-06T01:17:24,2024-01-06,649,18,Retail,PayPal,COUPON-A9Z,18.16,AUD
928375,2024-01-06T20:04:15,2024-01-06,275,5,Online,Afterpay,COUPONAZAZ,11.9,AUD
928406,2024-01-06T04:52:20,2024-01-06,183,3,Online,PayPal,COUPONAZ-A,17.84,AUD
928413,2024-01-06T19:40:12,2024-01-06,316,37,Online,Afterpay,COUPONAA--,19.32,AUD
928501,2024-01-06T15:03:21,2024-01-06,549,19,Retail,Afterpay,COUPONA0--,19.18,AUD
928576,2024-01-06T02:50:09,2024-01-06,165,11,Retail,Credit Card,COUPON-0ZZ,8.04,AUD
928697,2024-01-06T08:49:57,2024-01-06,192,31,Online,Afterpay,COUPON90-9,3.96,AUD
928784,2024-01-06T23:07:47,2024-01-06,230,36,Retail,Afterpay,COUPONA9Z0,6.17,AUD
928873,2024-01-06T19:28:39,2024-01-06,290,3,Retail,PayPal,COUPONZ9A9,14.45,AUD
928905,2024-01-06T21:34:41,2024-01-06,521,29,Retail,PayPal,COUPON-Z00,5.61,AUD
928950,2024-01-06T03:36:42,2024-01-06,759,7,Online,PayPal,COUPONZZ-A,3.35,AUD
928976,2024-01-06T15:50:48,2024-01-06,363,17,Retail,Credit Card,COUPONA90Z,2.78,AUD
929075,2024-01-06T11:33:35,2024-01-06,386,5,Retail,Credit Card,COUPON--0-,14.65,AUD
929181,2024-01-06T21:40:45,2024-01-06,796,33,Retail,Credit Card,COUPON-00A,5.09,AUD
929241,2024-01-06T07:55:01,2024-01-06,89,7,Retail,Credit Card,COUPON--0Z,13.38,AUD
929250,2024-01-06T21:51:20,2024-01-06,260,46,Retail,Afterpay,COUPONAZAA,10.67,AUD
929306,2024-01-06T16:50:18,2024-01-06,557,21,Retail,Credit Card,COUPON0ZZ-,9.93,AUD
929406,2024-01-06T08:32:15,2024-01-06,644,21,Retail,PayPal,COUPON909-,1.44,AUD
929536,2024-01-06T12:21:45,2024-01-06,127,39,Online,Credit Card,COUPON9Z0-,19.41,AUD
929665,2024-01-06T15:35:37,2024-01-06,296,11,Online,Credit Card,COUPON0-A9,19.28,AUD
929697,2024-01-06T22:58:18,2024-01-06,454,48,Retail,Afterpay,COUPON9-00,12.37,AUD
929745,2024-01-06T12:39:20,2024-01-06,635,16,Retail,Afterpay,COUPON-Z0-,15.12,AUD
929836,2024-01-06T13:31:35,2024-01-06,138,6,Online,Credit Card,COUPON-A-Z,8.5,AUD
929840,2024-01-06T18:24:01,2024-01-06,415,38,Retail,Afterpay,COUPONAA00,17.53,AUD
930007,2024-01-06T01:37:58,2024-01-06,370,22,Retail,PayPal,COUPONZZA-,15.03,AUD
930033,2024-01-06T07:08:40,2024-01-06,592,10,Online,PayPal,COUPON0-A-,10.9,AUD
930035,2024-01-06T10:46:55,2024-01-06,445,36,Online,PayPal,COUPON--0-,1.41,AUD
930069,2024-01-06T02:23:01,2024-01-06,713,32,Online,Credit Card,COUPON9-Z-,10.29,AUD
930077,2024-01-06T22:02:01,2024-01-06,511,16,Online,Credit Card,COUPON0-Z-,0.8,AUD
930163,2024-01-06T10:28:21,2024-01-06,413,48,Online,Credit Card,COUPON9900,3.41,AUD
930174,2024-01-06T05:37:25,2024-01-06,300,24,Retail,Credit Card,COUPON999Z,12.31,AUD
930343,2024-01-06T05:26:24,2024-01-06,394,23,Retail,PayPal,COUPONA99A,13.07,AUD
930406,2024-01-06T17:30:13,2024-01-06,516,31,Online,Credit Card,COUPON-A00,9.26,AUD
930658,2024-01-06T05:20:32,2024-01-06,67,21,Retail,Credit Card,COUPONAZZ9,19.98,AUD
930721,2024-01-06T17:22:34,2024-01-06,453,23,Retail,Afterpay,COUPONZ9-0,2.03,AUD
930741,2024-01-06T23:15:50,2024-01-06,285,33,Online,Credit Card,COUPON9-A-,17.3,AUD
930952,2024-01-06T05:53:46,2024-01-06,429,1,Online,PayPal,COUPONZ-ZA,8.65,AUD
931417,2024-01-06T02:05:00,2024-01-06,468,3,Retail,PayPal,COUPON--0Z,12.09,AUD
931600,2024-01-06T15:29:22,2024-01-06,651,23,Retail,Afterpay,COUPON900Z,0.85,AUD
931650,2024-01-06T09:53:21,2024-01-06,378,2,Retail,PayPal,COUPONA-A-,5.25,AUD
931685,2024-01-06T12:47:08,2024-01-06,242,11,Online,Credit Card,COUPONZ90-,17.98,AUD
931855,2024-01-06T07:29:54,2024-01-06,89,37,Retail,Credit Card,COUPON-AA9,2.78,AUD
932060,2024-01-06T09:12:21,2024-01-06,738,27,Retail,Credit Card,COUPON009A,14.22,AUD
932069,2024-01-06T20:50:28,2024-01-06,631,11,Online,Credit Card,COUPON99A-,0.66,AUD
932071,2024-01-06T18:37:17,2024-01-06,31,30,Retail,PayPal,COUPON-Z9-,19.03,AUD
932100,2024-01-06T07:25:00,2024-01-06,358,45,Online,Afterpay,COUPON-0A0,14.11,AUD
932103,2024-01-06T17:16:48,2024-01-06,705,34,Retail,Afterpay,COUPONA--Z,18.27,AUD
932150,2024-01-06T04:33:19,2024-01-06,434,32,Online,Credit Card,COUPONAA9-,7.42,AUD
932203,2024-01-06T13:40:56,2024-01-06,106,39,Retail,Afterpay,COUPON--0Z,17.74,AUD
932348,2024-01-06T18:47:43,2024-01-06,300,9,Retail,PayPal,COUPON--00,18.49,AUD
932352,2024-01-06T14:55:25,2024-01-06,720,32,Online,Credit Card,COUPON-9-A,17.94,AUD
932366,2024-01-06T02:15:52,2024-01-06,308,19,Retail,PayPal,COUPON-ZZ9,15.81,AUD
932387,2024-01-06T05:50:55,2024-01-06,345,12,Online,Credit Card,COUPON-990,7.57,AUD
932448,2024-01-06T22:50:17,2024-01-06,298,19,Retail,PayPal,COUPON0-0A,18.05,AUD
932476,2024-01-06T13:58:35,2024-01-06,422,12,Retail,Credit Card,COUPON0-A0,3.81,AUD
932653,2024-01-06T01:22:45,2024-01-06,704,8,Retail,Credit Card,COUPONZ-Z-,16.81,AUD
932903,2024-01-06T00:47:13,2024-01-06,667,28,Retail,Credit Card,COUPON-00-,13.21,AUD
933028,2024-01-06T03:08:58,2024-01-06,63,27,Retail,Credit Card,COUPON9A0A,2.8,AUD
933083,2024-01-06T01:10:50,2024-01-06,149,23,Retail,PayPal,COUPON-0-0,17.36,AUD
933196,2024-01-06T03:09:45,2024-01-06,777,28,Online,Afterpay,COUPON-A00,19.07,AUD
933235,2024-01-06T22:13:00,2024-01-06,165,42,Online,Afterpay,COUPON-ZZA,2.44,AUD
933501,2024-01-06T17:58:17,2024-01-06,379,4,Online,Afterpay,COUPON-A--,3.9,AUD
933506,2024-01-06T05:41:42,2024-01-06,729,3,Online,PayPal,COUPONA--0,13.6,AUD
933570,2024-01-06T21:20:42,2024-01-06,397,39,Online,PayPal,COUPONAZ-A,13.03,AUD
933753,2024-01-06T07:59:43,2024-01-06,347,40,Online,Afterpay,COUPONAAA0,17.48,AUD
933840,2024-01-06T11:46:24,2024-01-06,756,7,Retail,PayPal,COUPON-AA-,8.62,AUD
933877,2024-01-06T12:41:58,2024-01-06,278,27,Online,Credit Card,COUPONZA9A,7.02,AUD
933889,2024-01-06T18:09:56,2024-01-06,180,44,Online,PayPal,COUPON9-A9,7.62,AUD
933922,2024-01-06T21:58:08,2024-01-06,328,33,Online,Credit Card,COUPONZZ--,17.45,AUD
933998,2024-01-06T09:34:14,2024-01-06,419,42,Online,Afterpay,COUPONZ099,19.83,AUD
934087,2024-01-06T20:25:29,2024-01-06,132,7,Retail,Afterpay,COUPON99Z9,13.68,AUD
934115,2024-01-06T20:06:23,2024-01-06,454,4,Retail,Credit Card,COUPON-Z--,15.71,AUD
934406,2024-01-06T07:38:09,2024-01-06,189,45,Retail,Afterpay,COUPON0-9Z,13.71,AUD
934682,2024-01-06T11:20:29,2024-01-06,81,38,Online,Credit Card,COUPONZ0-A,11.75,AUD
934813,2024-01-06T17:03:12,2024-01-06,443,7,Online,Afterpay,COUPONZA-Z,4.37,AUD
935035,2024-01-06T20:02:49,2024-01-06,667,44,Retail,Credit Card,COUPON-AZZ,17.82,AUD
935083,2024-01-06T00:18:57,2024-01-06,780,7,Online,PayPal,COUPONZ0-0,14.1,AUD
935318,2024-01-06T12:43:32,2024-01-06,133,18,Online,Afterpay,COUPONA9A-,19.0,AUD
935418,2024-01-06T21:15:44,2024-01-06,570,6,Retail,PayPal,COUPON----,0.51,AUD
935464,2024-01-06T20:54:29,2024-01-06,134,15,Retail,PayPal,COUPON-099,10.03,AUD
935684,2024-01-06T09:01:47,2024-01-06,78,30,Online,Credit Card,COUPON99-0,17.35,AUD
935704,2024-01-06T18:46:23,2024-01-06,209,22,Online,PayPal,COUPONZ--A,10.82,AUD
935962,2024-01-06T02:50:00,2024-01-06,369,21,Retail,PayPal,COUPONZ-0Z,11.14,AUD
936014,2024-01-06T17:13:06,2024-01-06,635,35,Online,Credit Card,COUPONAA9A,18.77,AUD
936189,2024-01-06T23:37:33,2024-01-06,717,32,Online,Afterpay,COUPON-A-0,9.28,AUD
936422,2024-01-06T21:05:11,2024-01-06,217,9,Retail,Credit Card,COUPON99AZ,9.51,AUD
936585,2024-01-06T00:18:43,2024-01-06,286,7,Online,Credit Card,COUPON----,19.87,AUD
936788,2024-01-06T01:53:23,2024-01-06,417,27,Online,PayPal,COUPON-Z--,18.05,AUD
936808,2024-01-06T15:11:34,2024-01-06,374,31,Retail,Credit Card,COUPON0-A9,7.29,AUD
936814,2024-01-06T04:37:53,2024-01-06,346,21,Retail,Credit Card,COUPON----,17.48,AUD
936849,2024-01-06T06:37:05,2024-01-06,593,4,Online,Credit Card,COUPON9A9-,2.72,AUD
936917,2024-01-06T22:02:35,2024-01-06,322,25,Retail,Afterpay,COUPONA0--,8.13,AUD
936932,2024-01-06T16:04:15,2024-01-06,191,33,Online,Credit Card,COUPON909-,0.28,AUD
936951,2024-01-06T12:35:39,2024-01-06,499,32,Retail,Afterpay,COUPONA-Z-,13.16,AUD
937109,2024-01-06T14:51:08,2024-01-06,623,23,Online,Credit Card,COUPON9AAZ,9.0,AUD
937113,2024-01-06T08:01:50,2024-01-06,114,2,Retail,Afterpay,COUPON0-99,12.22,AUD
937114,2024-01-06T13:42:01,2024-01-06,476,31,Retail,Credit Card,COUPON-Z0-,3.09,AUD
937136,2024-01-06T22:40:57,2024-01-06,148,28,Online,Credit Card,COUPON-0-Z,6.06,AUD
937149,2024-01-06T10:14:09,2024-01-06,726,42,Online,Afterpay,COUPON-A99,2.81,AUD
937242,2024-01-06T10:27:20,2024-01-06,590,36,Retail,PayPal,COUPON9-A0,11.26,AUD
937393,2024-01-06T01:30:18,2024-01-06,711,22,Retail,Credit Card,COUPONAA--,18.95,AUD
937589,2024-01-06T03:10:19,2024-01-06,339,11,Retail,Credit Card,COUPON-90-,5.9,AUD
937606,2024-01-06T06:25:22,2024-01-06,20,8,Online,PayPal,COUPON--ZA,12.47,AUD
937725,2024-01-06T12:40:03,2024-01-06,381,38,Online,Afterpay,COUPONAZ0A,3.59,AUD
937759,2024-01-06T13:11:50,2024-01-06,418,29,Retail,Credit Card,COUPON9A-0,17.22,AUD
937893,2024-01-06T18:13:20,2024-01-06,564,18,Retail,Credit Card,COUPON9AZ9,15.36,AUD
938045,2024-01-06T08:49:32,2024-01-06,356,34,Online,PayPal,COUPONA09-,19.29,AUD
938058,2024-01-06T17:37:33,2024-01-06,34,30,Online,Credit Card,COUPON--09,11.28,AUD
938132,2024-01-06T16:15:02,2024-01-06,513,3,Retail,PayPal,COUPON--Z0,14.15,AUD
938559,2024-01-06T16:38:21,2024-01-06,116,13,Online,PayPal,COUPON-Z-9,16.7,AUD
938560,2024-01-06T08:28:14,2024-01-06,779,39,Retail,PayPal,COUPON9--0,12.46,AUD
938633,2024-01-06T21:12:47,2024-01-06,186,29,Retail,Afterpay,COUPON-AZZ,17.0,AUD
938716,2024-01-06T00:03:01,2024-01-06,432,31,Retail,Afterpay,COUPON0A0-,19.81,AUD
938720,2024-01-06T12:25:34,2024-01-06,97,23,Online,Afterpay,COUPON--Z0,17.75,AUD
938883,2024-01-06T17:27:23,2024-01-06,456,41,Online,Credit Card,COUPONZ000,4.41,AUD
939008,2024-01-06T15:51:10,2024-01-06,344,24,Online,PayPal,COUPON---0,1.73,AUD
939083,2024-01-06T07:01:23,2024-01-06,690,30,Online,Credit Card,COUPON9-00,6.38,AUD
939111,2024-01-06T18:52:22,2024-01-06,33,16,Retail,Afterpay,COUPONAA-0,13.33,AUD
939276,2024-01-06T13:29:47,2024-01-06,552,8,Retail,Credit Card,COUPON-A-Z,12.65,AUD
939286,2024-01-06T22:01:54,2024-01-06,765,9,Online,Credit Card,COUPON0-Z-,11.25,AUD
939434,2024-01-06T19:19:47,2024-01-06,126,12,Retail,Credit Card,COUPONA-ZZ,0.28,AUD
939463,2024-01-06T20:30:13,2024-01-06,687,10,Online,PayPal,COUPON0---,6.4,AUD
939658,2024-01-06T03:30:46,2024-01-06,661,2,Retail,Credit Card,COUPONZZ0-,8.72,AUD
939719,2024-01-06T12:01:27,2024-01-06,799,29,Online,PayPal,COUPON09A-,11.5,AUD
939728,2024-01-06T19:10:06,2024-01-06,685,22,Retail,PayPal,COUPON-90-,14.93,AUD
939742,2024-01-06T16:22:40,2024-01-06,122,22,Online,Credit Card,COUPONZ-00,16.09,AUD
939751,2024-01-06T20:50:58,2024-01-06,186,34,Retail,PayPal,COUPON00--,4.15,AUD
939800,2024-01-06T17:02:00,2024-01-06,290,10,Retail,Credit Card,COUPON---9,14.89,AUD
940119,2024-01-06T10:33:01,2024-01-06,500,3,Online,Credit Card,COUPONAA-0,3.18,AUD
940371,2024-01-06T03:48:43,2024-01-06,383,18,Retail,PayPal,COUPON--Z-,7.26,AUD
940435,2024-01-06T01:51:01,2024-01-06,174,14,Retail,Credit Card,COUPON--A-,9.26,AUD
940436,2024-01-06T15:53:52,2024-01-06,658,39,Retail,Afterpay,COUPON0A-Z,18.0,AUD
940499,2024-01-06T12:28:45,2024-01-06,283,19,Online,PayPal,COUPON00--,6.08,AUD
940561,2024-01-06T13:45:25,2024-01-06,249,44,Online,Credit Card,COUPONA9ZZ,14.42,AUD
940601,2024-01-06T12:35:09,2024-01-06,159,45,Retail,Credit Card,COUPON09A9,2.64,AUD
940664,2024-01-06T02:19:17,2024-01-06,304,47,Retail,Afterpay,COUPONA9AA,14.71,AUD
940667,2024-01-06T23:18:09,2024-01-06,608,37,Retail,PayPal,COUPON-0Z-,17.73,AUD
940706,2024-01-06T21:26:30,2024-01-06,387,20,Online,Afterpay,COUPONA09A,9.09,AUD
940789,2024-01-06T20:05:06,2024-01-06,566,49,Online,Credit Card,COUPON90-9,0.25,AUD
940821,2024-01-06T03:25:37,2024-01-06,786,32,Retail,Credit Card,COUPONAAAA,12.27,AUD
940929,2024-01-06T01:10:05,2024-01-06,705,40,Retail,PayPal,COUPONZZ--,1.71,AUD
941016,2024-01-06T08:48:57,2024-01-06,121,19,Online,Credit Card,COUPONZ00-,7.76,AUD
941150,2024-01-06T17:43:56,2024-01-06,133,3,Retail,Afterpay,COUPONZ-A9,14.04,AUD
941303,2024-01-06T04:04:33,2024-01-06,152,31,Online,Afterpay,COUPONA-9Z,0.4,AUD
941372,2024-01-06T11:07:52,2024-01-06,194,17,Online,Afterpay,COUPONZZAA,12.3,AUD
941499,2024-01-06T07:44:48,2024-01-06,264,32,Online,PayPal,COUPON9Z-Z,3.57,AUD
941541,2024-01-06T15:25:11,2024-01-06,416,27,Retail,Afterpay,COUPON-0A-,6.66,AUD
941707,2024-01-06T12:30:31,2024-01-06,430,1,Retail,PayPal,COUPON---Z,16.99,AUD
942161,2024-01-06T03:12:20,2024-01-06,657,31,Retail,Afterpay,COUPON0AZ-,16.38,AUD
942321,2024-01-06T14:45:22,2024-01-06,133,42,Online,Afterpay,COUPON09ZA,5.88,AUD
942343,2024-01-06T12:49:37,2024-01-06,405,11,Retail,Credit Card,COUPONZ90Z,0.89,AUD
942359,2024-01-06T04:52:09,2024-01-06,748,22,Online,Afterpay,COUPON-A--,5.19,AUD
942436,2024-01-06T21:38:28,2024-01-06,698,35,Online,PayPal,COUPON--A-,17.76,AUD
942577,2024-01-06T14:02:55,2024-01-06,771,41,Online,PayPal,COUPONAA--,11.28,AUD
942585,2024-01-06T15:47:45,2024-01-06,83,12,Online,PayPal,COUPON9A--,14.82,AUD
942785,2024-01-06T21:07:04,2024-01-06,323,40,Online,Credit Card,COUPONZ9A9,9.04,AUD
942845,2024-01-06T20:18:40,2024-01-06,146,4,Retail,PayPal,COUPONZZ99,5.76,AUD
942886,2024-01-06T05:00:54,2024-01-06,122,10,Retail,PayPal,COUPONZ-Z-,5.07,AUD
942934,2024-01-06T23:12:54,2024-01-06,207,18,Online,Afterpay,COUPON09A9,4.27,AUD
942998,2024-01-06T16:26:19,2024-01-06,271,18,Online,Credit Card,COUPON99-Z,16.79,AUD
943026,2024-01-06T04:33:20,2024-01-06,797,30,Online,Afterpay,COUPON9--Z,19.56,AUD
943058,2024-01-06T09:35:04,2024-01-06,492,10,Retail,PayPal,COUPON-99-,10.41,AUD
943143,2024-01-06T07:06:16,2024-01-06,116,39,Online,Credit Card,COUPON-ZZA,12.11,AUD
943150,2024-01-06T20:39:19,2024-01-06,157,11,Online,Credit Card,COUPON-0AZ,11.7,AUD
943401,2024-01-06T00:46:45,2024-01-06,687,20,Retail,PayPal,COUPON-AZA,8.43,AUD
943483,2024-01-06T22:55:46,2024-01-06,22,40,Online,PayPal,COUPON-A0Z,16.69,AUD
943516,2024-01-06T01:34:45,2024-01-06,658,2,Retail,Credit Card,COUPON9--9,11.89,AUD
943533,2024-01-06T00:07:59,2024-01-06,733,33,Online,PayPal,COUPONAZA0,3.57,AUD
943562,2024-01-06T10:58:00,2024-01-06,720,26,Retail,Credit Card,COUPONA0Z-,6.27,AUD
943659,2024-01-06T05:30:23,2024-01-06,687,38,Retail,Credit Card,COUPON-9Z9,3.89,AUD
943876,2024-01-06T01:37:51,2024-01-06,480,34,Online,PayPal,COUPON-0-A,18.18,AUD
944088,2024-01-06T10:58:52,2024-01-06,367,25,Online,Credit Card,COUPONA9-0,5.34,AUD
944145,2024-01-06T17:56:16,2024-01-06,287,5,Online,Afterpay,COUPONZ-0-,10.72,AUD
944412,2024-01-06T21:06:44,2024-01-06,751,13,Online,Afterpay,COUPON--00,14.86,AUD
944670,2024-01-06T13:39:32,2024-01-06,688,14,Online,Afterpay,COUPON-0ZA,19.69,AUD
944780,2024-01-06T01:15:26,2024-01-06,224,24,Retail,Afterpay,COUPON9-A-,9.97,AUD
944927,2024-01-06T10:54:28,2024-01-06,163,24,Online,Afterpay,COUPONZ-9-,7.86,AUD
945159,2024-01-06T16:43:30,2024-01-06,757,34,Online,Credit Card,COUPON9--9,3.47,AUD
945171,2024-01-06T17:15:45,2024-01-06,207,44,Retail,PayPal,COUPON090Z,9.4,AUD
945497,2024-01-06T20:01:32,2024-01-06,284,2,Retail,PayPal,COUPON9A--,0.31,AUD
945851,2024-01-06T18:18:56,2024-01-06,357,7,Retail,Afterpay,COUPON---Z,11.33,AUD
945901,2024-01-06T17:46:25,2024-01-06,560,28,Retail,Afterpay,COUPON90Z0,10.76,AUD
945941,2024-01-06T06:38:20,2024-01-06,793,26,Online,PayPal,COUPONZ009,11.82,AUD
946021,2024-01-06T10:07:23,2024-01-06,182,49,Retail,PayPal,COUPONZZ9-,7.31,AUD
946560,2024-01-06T16:45:32,2024-01-06,415,38,Retail,PayPal,COUPONA00-,4.88,AUD
946643,2024-01-06T04:37:58,2024-01-06,154,27,Retail,Credit Card,COUPONZZZ9,16.04,AUD
946843,2024-01-06T22:36:49,2024-01-06,283,21,Online,Credit Card,COUPON--Z-,9.19,AUD
946944,2024-01-06T18:00:45,2024-01-06,90,6,Retail,Credit Card,COUPON9-9-,3.25,AUD
946971,2024-01-06T14:59:58,2024-01-06,439,45,Retail,Credit Card,COUPON90A-,6.45,AUD
947002,2024-01-06T19:28:04,2024-01-06,457,33,Retail,Credit Card,COUPON-999,18.08,AUD
947048,2024-01-06T05:40:24,2024-01-06,779,39,Online,Credit Card,COUPONA-A0,17.93,AUD
947097,2024-01-06T19:00:44,2024-01-06,791,49,Retail,Afterpay,COUPON990-,2.64,AUD
947283,2024-01-06T07:11:35,2024-01-06,425,34,Online,PayPal,COUPON-0Z-,19.57,AUD
947309,2024-01-06T11:24:46,2024-01-06,232,28,Online,Credit Card,COUPONZZ--,13.72,AUD
947390,2024-01-06T14:12:30,2024-01-06,247,28,Retail,Afterpay,COUPON009A,19.17,AUD
947420,2024-01-06T01:57:54,2024-01-06,143,16,Retail,PayPal,COUPON0---,5.56,AUD
947463,2024-01-06T19:52:49,2024-01-06,638,13,Online,Credit Card,COUPONA-Z0,19.09,AUD
947544,2024-01-06T02:21:28,2024-01-06,776,18,Online,Afterpay,COUPON99-A,16.7,AUD
947570,2024-01-06T13:05:41,2024-01-06,188,44,Retail,PayPal,COUPONZZAZ,9.86,AUD
947584,2024-01-06T03:00:45,2024-01-06,432,2,Retail,Credit Card,COUPONZ0--,13.47,AUD
947597,2024-01-06T18:01:57,2024-01-06,12,49,Retail,Afterpay,COUPON-90-,15.37,AUD
947655,2024-01-06T21:17:42,2024-01-06,790,4,Retail,PayPal,COUPON0A-A,16.29,AUD
947666,2024-01-06T12:25:24,2024-01-06,400,23,Retail,Credit Card,COUPONZ--9,13.29,AUD
947907,2024-01-06T03:10:07,2024-01-06,111,6,Online,Credit Card,COUPON-0--,14.93,AUD
947959,2024-01-06T17:51:56,2024-01-06,634,26,Online,PayPal,COUPON00--,8.19,AUD
948010,2024-01-06T18:11:29,2024-01-06,330,26,Retail,Credit Card,COUPON-A90,19.99,AUD
948122,2024-01-06T21:58:20,2024-01-06,412,17,Retail,Credit Card,COUPON0-9-,13.61,AUD
948154,2024-01-06T08:08:36,2024-01-06,393,15,Retail,PayPal,COUPON-ZZ-,19.45,AUD
948193,2024-01-06T18:52:06,2024-01-06,764,24,Retail,PayPal,COUPON--AZ,14.04,AUD
948382,2024-01-06T03:55:36,2024-01-06,50,3,Online,PayPal,COUPONZ-0-,17.17,AUD
948510,2024-01-06T16:22:50,2024-01-06,584,46,Retail,Afterpay,COUPONA-A-,16.69,AUD
948668,2024-01-06T01:37:43,2024-01-06,129,35,Online,PayPal,COUPON9AAZ,1.24,AUD
949101,2024-01-06T13:36:07,2024-01-06,598,15,Online,Afterpay,COUPON9--9,0.62,AUD
949111,2024-01-06T03:40:17,2024-01-06,283,47,Retail,Afterpay,COUPON90AZ,2.21,AUD
949134,2024-01-06T08:30:48,2024-01-06,563,7,Online,Afterpay,COUPON-Z00,15.66,AUD
949167,2024-01-06T03:09:08,2024-01-06,115,8,Retail,Credit Card,COUPON9A9-,8.74,AUD
949241,2024-01-06T05:51:52,2024-01-06,217,40,Online,PayPal,COUPONAAA-,6.5,AUD
949248,2024-01-06T18:21:44,2024-01-06,437,30,Retail,PayPal,COUPONA0Z0,12.37,AUD
949335,2024-01-06T21:17:21,2024-01-06,140,21,Online,Credit Card,COUPON0--0,6.82,AUD
949460,2024-01-06T07:45:53,2024-01-06,726,21,Online,PayPal,COUPONZA9-,17.13,AUD
949559,2024-01-06T08:38:44,2024-01-06,125,40,Retail,Afterpay,COUPON-AA9,5.62,AUD
949638,2024-01-06T08:10:29,2024-01-06,350,4,Online,Afterpay,COUPONAAA-,1.54,AUD
949719,2024-01-06T02:32:58,2024-01-06,122,17,Online,Credit Card,COUPONZ-AA,1.77,AUD
949781,2024-01-06T11:59:56,2024-01-06,627,40,Online,Afterpay,COUPON9A-0,7.1,AUD
949961,2024-01-06T10:12:39,2024-01-06,377,43,Retail,PayPal,COUPONA9A0,13.77,AUD
949980,2024-01-06T01:10:30,2024-01-06,753,38,Online,Credit Card,COUPON99-Z,9.14,AUD
950139,2024-01-06T22:23:34,2024-01-06,461,9,Online,Credit Card,COUPON---Z,17.55,AUD
950278,2024-01-06T22:13:56,2024-01-06,181,14,Online,Credit Card,COUPON---9,2.89,AUD
950332,2024-01-06T03:46:23,2024-01-06,71,40,Online,Afterpay,COUPON-A--,3.04,AUD
950394,2024-01-06T14:11:43,2024-01-06,530,22,Online,Credit Card,COUPON-0A-,14.4,AUD
950421,2024-01-06T02:27:16,2024-01-06,225,43,Retail,Afterpay,COUPONA--A,12.83,AUD
950549,2024-01-06T09:14:53,2024-01-06,382,47,Online,Credit Card,COUPONZZ00,19.04,AUD
950777,2024-01-06T22:22:30,2024-01-06,52,14,Retail,Credit Card,COUPONA-A0,8.15,AUD
951078,2024-01-06T19:57:08,2024-01-06,138,7,Online,Afterpay,COUPONA000,6.85,AUD
951350,2024-01-06T11:57:50,2024-01-06,740,37,Online,Afterpay,COUPON-ZZ-,13.53,AUD
951454,2024-01-06T08:13:40,2024-01-06,667,38,Online,PayPal,COUPONZAA0,15.77,AUD
951545,2024-01-06T09:19:35,2024-01-06,759,37,Online,PayPal,COUPONZ0A-,14.47,AUD
951611,2024-01-06T01:50:32,2024-01-06,729,21,Retail,Credit Card,COUPON-0--,15.59,AUD
951729,2024-01-06T20:30:45,2024-01-06,717,22,Retail,Afterpay,COUPON0-A-,14.57,AUD
951810,2024-01-06T06:38:22,2024-01-06,18,24,Online,Credit Card,COUPON00-Z,0.21,AUD
951888,2024-01-06T16:42:49,2024-01-06,456,3,Online,PayPal,COUPON---9,15.42,AUD
951958,2024-01-06T08:28:59,2024-01-06,467,47,Online,PayPal,COUPON-09-,15.7,AUD
951964,2024-01-06T02:48:35,2024-01-06,376,16,Online,Credit Card,COUPON--ZA,0.54,AUD
952034,2024-01-06T18:19:27,2024-01-06,709,22,Online,Afterpay,COUPON9-A0,7.69,AUD
952064,2024-01-06T03:17:55,2024-01-06,212,30,Retail,Credit Card,COUPON0-Z-,16.11,AUD
952139,2024-01-06T13:39:23,2024-01-06,365,16,Retail,Afterpay,COUPON-A9Z,11.64,AUD
952236,2024-01-06T09:20:30,2024-01-06,585,27,Online,PayPal,COUPON-0ZA,6.38,AUD
952285,2024-01-06T22:17:56,2024-01-06,5,5,Retail,Afterpay,COUPON999-,16.8,AUD
952321,2024-01-06T19:42:01,2024-01-06,485,26,Retail,Credit Card,COUPONZA-9,2.86,AUD
952503,2024-01-06T05:38:55,2024-01-06,111,45,Online,Afterpay,COUPON0-9-,11.37,AUD
952511,2024-01-06T10:21:14,2024-01-06,778,35,Online,Credit Card,COUPON0---,6.15,AUD
952527,2024-01-06T14:54:06,2024-01-06,171,41,Retail,Credit Card,COUPON99Z9,18.2,AUD
952539,2024-01-06T06:49:14,2024-01-06,225,28,Online,Credit Card,COUPON9-A-,14.03,AUD
952567,2024-01-06T15:32:51,2024-01-06,375,34,Online,Afterpay,COUPON-A-A,13.71,AUD
952657,2024-01-06T13:06:59,2024-01-06,773,41,Online,Afterpay,COUPONZA0A,5.04,AUD
952677,2024-01-06T01:10:51,2024-01-06,146,33,Retail,Credit Card,COUPON90-Z,9.06,AUD
952840,2024-01-06T07:22:47,2024-01-06,696,26,Retail,Credit Card,COUPON-99-,17.02,AUD
952842,2024-01-06T19:49:17,2024-01-06,640,20,Retail,PayPal,COUPONZ-99,16.43,AUD
953005,2024-01-06T09:33:46,2024-01-06,210,7,Online,Afterpay,COUPON-090,14.11,AUD
953280,2024-01-06T15:46:20,2024-01-06,30,1,Online,Afterpay,COUPONA-00,12.64,AUD
953580,2024-01-06T04:37:49,2024-01-06,436,7,Retail,Afterpay,COUPON9A0A,7.91,AUD
953664,2024-01-06T04:22:45,2024-01-06,731,3,Online,Credit Card,COUPON0009,16.07,AUD
953800,2024-01-06T23:40:09,2024-01-06,7,16,Retail,Afterpay,COUPON-0AA,3.65,AUD
953824,2024-01-06T09:38:54,2024-01-06,218,19,Retail,PayPal,COUPON--0Z,11.88,AUD
953941,2024-01-06T06:05:14,2024-01-06,405,4,Online,Afterpay,COUPON-A09,1.17,AUD
954032,2024-01-06T00:56:55,2024-01-06,10,41,Online,PayPal,COUPON0--0,11.52,AUD
954217,2024-01-06T07:09:11,2024-01-06,503,1,Retail,PayPal,COUPON-9--,18.94,AUD
954257,2024-01-06T11:13:51,2024-01-06,99,48,Retail,PayPal,COUPON0--9,13.97,AUD
954455,2024-01-06T00:59:17,2024-01-06,41,5,Online,Afterpay,COUPON9Z-0,7.15,AUD
954735,2024-01-06T19:05:30,2024-01-06,741,45,Retail,PayPal,COUPON9Z-0,14.11,AUD
954759,2024-01-06T04:04:45,2024-01-06,651,24,Retail,Credit Card,COUPON90-Z,6.5,AUD
955013,2024-01-06T01:00:38,2024-01-06,245,30,Retail,PayPal,COUPON-99A,8.45,AUD
955217,2024-01-06T12:02:27,2024-01-06,40,2,Online,Afterpay,COUPONA--0,3.31,AUD
955502,2024-01-06T09:19:08,2024-01-06,650,15,Online,PayPal,COUPON9--Z,5.71,AUD
955540,2024-01-06T19:17:00,2024-01-06,369,48,Retail,Credit Card,COUPONZ--A,13.44,AUD
955598,2024-01-06T07:27:29,2024-01-06,344,28,Retail,Credit Card,COUPON-9ZZ,11.07,AUD
955701,2024-01-06T21:41:23,2024-01-06,657,13,Online,Credit Card,COUPON9-Z9,11.05,AUD
955818,2024-01-06T07:13:28,2024-01-06,715,31,Retail,PayPal,COUPONZ---,9.32,AUD
956023,2024-01-06T12:13:07,2024-01-06,777,12,Retail,Credit Card,COUPON-Z9-,6.47,AUD
956091,2024-01-06T03:52:31,2024-01-06,38,14,Online,Credit Card,COUPONA-Z9,8.64,AUD
956113,2024-01-06T15:51:09,2024-01-06,144,2,Online,Afterpay,COUPON-90Z,1.96,AUD
956246,2024-01-06T18:42:43,2024-01-06,372,41,Retail,Credit Card,COUPON---Z,3.87,AUD
956366,2024-01-06T21:58:33,2024-01-06,193,1,Online,Afterpay,COUPON99A0,9.32,AUD
956601,2024-01-06T06:20:08,2024-01-06,521,1,Retail,PayPal,COUPON090A,9.79,AUD
956679,2024-01-06T10:37:11,2024-01-06,391,39,Online,Credit Card,COUPONA9--,8.57,AUD
956726,2024-01-06T18:48:01,2024-01-06,703,22,Online,Afterpay,COUPON-Z0-,3.35,AUD
956819,2024-01-06T00:00:21,2024-01-06,114,26,Retail,Credit Card,COUPON9Z-Z,16.92,AUD
957004,2024-01-06T19:09:53,2024-01-06,299,46,Online,Afterpay,COUPONA-0A,2.0,AUD
957196,2024-01-06T02:39:00,2024-01-06,591,30,Retail,Afterpay,COUPON9-9Z,6.6,AUD
957444,2024-01-06T07:33:30,2024-01-06,155,41,Retail,Afterpay,COUPONAZ-0,7.58,AUD
957492,2024-01-06T13:03:05,2024-01-06,475,42,Retail,PayPal,COUPON--0A,5.82,AUD
957603,2024-01-06T23:35:24,2024-01-06,208,8,Online,PayPal,COUPON0A--,5.28,AUD
957797,2024-01-06T19:40:05,2024-01-06,521,30,Retail,Afterpay,COUPON-99-,0.09,AUD
957875,2024-01-06T23:44:39,2024-01-06,402,18,Online,PayPal,COUPON9090,11.96,AUD
957915,2024-01-06T04:13:10,2024-01-06,243,46,Retail,PayPal,COUPONZ0-A,0.78,AUD
958003,2024-01-06T08:49:08,2024-01-06,58,11,Online,Afterpay,COUPON0-9A,2.57,AUD
958032,2024-01-06T13:42:54,2024-01-06,63,36,Retail,Credit Card,COUPONA-9-,18.79,AUD
958075,2024-01-06T05:53:39,2024-01-06,424,49,Online,Afterpay,COUPON-Z0-,13.39,AUD
958184,2024-01-06T22:57:59,2024-01-06,497,43,Online,Afterpay,COUPON990-,7.86,AUD
958429,2024-01-06T23:42:55,2024-01-06,290,47,Online,Afterpay,COUPONAZ0-,9.06,AUD
958586,2024-01-06T19:30:38,2024-01-06,159,8,Online,PayPal,COUPON-0-0,14.09,AUD
958949,2024-01-06T03:37:56,2024-01-06,640,16,Retail,PayPal,COUPON9A99,14.69,AUD
959037,2024-01-06T18:01:55,2024-01-06,58,42,Online,PayPal,COUPON0-ZZ,1.74,AUD
959445,2024-01-06T05:20:34,2024-01-06,204,15,Online,Afterpay,COUPONA9-Z,19.23,AUD
959532,2024-01-06T20:09:41,2024-01-06,508,20,Online,Afterpay,COUPON---A,0.97,AUD
959561,2024-01-06T00:33:34,2024-01-06,495,14,Online,Afterpay,COUPON-9--,16.07,AUD
959584,2024-01-06T11:20:28,2024-01-06,644,18,Online,Afterpay,COUPON-0ZA,4.26,AUD
959603,2024-01-06T22:30:18,2024-01-06,747,29,Online,PayPal,COUPON9-00,11.91,AUD
959740,2024-01-06T08:11:52,2024-01-06,366,39,Retail,Credit Card,COUPON-90-,4.44,AUD
959771,2024-01-06T03:40:46,2024-01-06,736,38,Online,PayPal,COUPON0ZA-,13.03,AUD
959786,2024-01-06T05:32:07,2024-01-06,529,48,Retail,PayPal,COUPONAA-0,18.7,AUD
959981,2024-01-06T09:35:39,2024-01-06,335,12,Retail,Credit Card,COUPONA9Z0,3.63,AUD
960007,2024-01-06T16:09:25,2024-01-06,374,42,Retail,PayPal,COUPON-A-Z,8.28,AUD
960172,2024-01-06T12:40:50,2024-01-06,612,16,Online,Credit Card,COUPON99A0,2.9,AUD
960622,2024-01-06T11:12:25,2024-01-06,111,23,Online,PayPal,COUPON-Z-9,14.13,AUD
960658,2024-01-06T06:32:30,2024-01-06,201,6,Online,Afterpay,COUPON9-9-,18.17,AUD
960670,2024-01-06T02:51:54,2024-01-06,224,26,Online,Afterpay,COUPON-A-Z,19.2,AUD
960749,2024-01-06T14:38:14,2024-01-06,244,43,Online,Credit Card,COUPONZAAZ,3.63,AUD
960809,2024-01-06T11:58:19,2024-01-06,462,45,Online,Credit Card,COUPON-0ZA,3.75,AUD
961053,2024-01-06T03:29:56,2024-01-06,701,5,Online,Credit Card,COUPON----,11.35,AUD
961068,2024-01-06T21:25:07,2024-01-06,679,35,Online,Afterpay,COUPONAZ99,7.57,AUD
961099,2024-01-06T19:55:41,2024-01-06,469,9,Online,Afterpay,COUPONAZ90,19.65,AUD
961414,2024-01-06T11:19:14,2024-01-06,586,42,Retail,Afterpay,COUPON--ZA,9.42,AUD
961442,2024-01-06T19:11:02,2024-01-06,226,12,Retail,PayPal,COUPONZ-9-,2.56,AUD
961476,2024-01-06T13:02:21,2024-01-06,506,37,Retail,Credit Card,COUPONZZ0-,8.07,AUD
961478,2024-01-06T13:53:14,2024-01-06,745,4,Online,Afterpay,COUPON000A,9.13,AUD
961589,2024-01-06T19:04:57,2024-01-06,532,17,Online,PayPal,COUPON-A9A,1.88,AUD
961641,2024-01-06T10:57:18,2024-01-06,628,6,Online,Afterpay,COUPON-9-9,5.96,AUD
961737,2024-01-06T21:39:33,2024-01-06,717,22,Retail,Afterpay,COUPON00A9,15.63,AUD
961764,2024-01-06T02:06:07,2024-01-06,103,9,Retail,PayPal,COUPON0AA0,8.28,AUD
961787,2024-01-06T20:04:20,2024-01-06,529,21,Online,PayPal,COUPON99AZ,18.53,AUD
961879,2024-01-06T10:08:30,2024-01-06,477,14,Retail,Credit Card,COUPON-AAA,12.89,AUD
961979,2024-01-06T12:28:20,2024-01-06,550,38,Retail,Credit Card,COUPON-09-,6.46,AUD
962055,2024-01-06T03:10:55,2024-01-06,100,12,Online,Afterpay,COUPONZ-09,13.97,AUD
962270,2024-01-06T05:21:31,2024-01-06,735,30,Online,PayPal,COUPON--Z-,1.56,AUD
962324,2024-01-06T05:41:31,2024-01-06,236,48,Retail,Afterpay,COUPONA-A-,5.75,AUD
962404,2024-01-06T20:50:18,2024-01-06,464,34,Retail,Afterpay,COUPON9Z0Z,6.67,AUD
962409,2024-01-06T00:22:21,2024-01-06,69,12,Online,PayPal,COUPON9-9Z,11.51,AUD
962487,2024-01-06T11:25:35,2024-01-06,404,13,Online,Credit Card,COUPON9A-9,12.34,AUD
962573,2024-01-06T08:59:01,2024-01-06,777,40,Online,Credit Card,COUPONZ-0A,2.36,AUD
962672,2024-01-06T23:52:31,2024-01-06,237,17,Retail,PayPal,COUPONA-9-,6.27,AUD
962731,2024-01-06T01:58:40,2024-01-06,147,41,Online,Credit Card,COUPON-0A-,19.54,AUD
962995,2024-01-06T00:57:29,2024-01-06,26,3,Retail,Credit Card,COUPONAAA-,10.09,AUD
963033,2024-01-06T08:24:36,2024-01-06,489,36,Online,Credit Card,COUPON9-A9,1.73,AUD
963202,2024-01-06T04:25:52,2024-01-06,524,23,Online,Afterpay,COUPONA--0,13.87,AUD
963352,2024-01-06T02:41:07,2024-01-06,723,48,Online,Credit Card,COUPONZ-Z9,13.75,AUD
963417,2024-01-06T19:44:07,2024-01-06,246,43,Online,Afterpay,COUPON-90-,11.37,AUD
963606,2024-01-06T22:47:25,2024-01-06,620,5,Retail,Afterpay,COUPON-90Z,7.19,AUD
963640,2024-01-06T19:11:29,2024-01-06,771,42,Retail,PayPal,COUPON-9AZ,2.69,AUD
963743,2024-01-06T16:24:40,2024-01-06,685,47,Online,Credit Card,COUPONAZ99,9.21,AUD
963793,2024-01-06T13:45:04,2024-01-06,270,9,Retail,PayPal,COUPON--9-,1.28,AUD
963923,2024-01-06T17:21:22,2024-01-06,568,46,Online,Afterpay,COUPON--0Z,1.47,AUD
963965,2024-01-06T09:43:38,2024-01-06,251,22,Online,Credit Card,COUPON09-Z,3.65,AUD
963982,2024-01-06T04:08:53,2024-01-06,456,47,Retail,Afterpay,COUPON-90A,3.19,AUD
964069,2024-01-06T16:48:52,2024-01-06,538,9,Online,Credit Card,COUPONZ9A9,5.56,AUD
964209,2024-01-06T09:20:35,2024-01-06,459,33,Retail,Afterpay,COUPON-9-9,11.32,AUD
964300,2024-01-06T15:35:34,2024-01-06,278,48,Retail,Afterpay,COUPONA-0Z,13.3,AUD
964362,2024-01-06T09:30:58,2024-01-06,48,32,Online,PayPal,COUPONA-ZA,10.37,AUD
964588,2024-01-06T14:14:30,2024-01-06,526,13,Retail,Credit Card,COUPONZAZ9,6.42,AUD
964683,2024-01-06T20:09:06,2024-01-06,22,28,Online,PayPal,COUPON9-A9,19.67,AUD
964698,2024-01-06T08:55:05,2024-01-06,707,45,Retail,PayPal,COUPON09ZZ,0.3,AUD
964731,2024-01-06T22:48:30,2024-01-06,513,11,Online,PayPal,COUPON--9A,11.8,AUD
964746,2024-01-06T23:44:34,2024-01-06,643,2,Retail,Afterpay,COUPON-90-,9.69,AUD
964781,2024-01-06T13:12:30,2024-01-06,283,41,Online,Credit Card,COUPONZ--9,9.68,AUD
964965,2024-01-06T09:47:48,2024-01-06,367,34,Retail,Credit Card,COUPON90Z-,7.05,AUD
964995,2024-01-06T00:34:00,2024-01-06,772,17,Online,Credit Card,COUPON-A-A,18.64,AUD
965120,2024-01-06T16:22:48,2024-01-06,293,1,Online,Afterpay,COUPONAZ-9,7.15,AUD
965233,2024-01-06T21:49:35,2024-01-06,694,7,Retail,Afterpay,COUPONA-99,9.02,AUD
965377,2024-01-06T05:03:07,2024-01-06,385,13,Online,PayPal,COUPONA9A9,1.18,AUD
965635,2024-01-06T08:10:49,2024-01-06,22,22,Retail,Credit Card,COUPON0Z--,6.81,AUD
965638,2024-01-06T23:10:29,2024-01-06,349,3,Online,Afterpay,COUPON---0,4.4,AUD
965738,2024-01-06T18:18:42,2024-01-06,388,5,Online,Credit Card,COUPONZ0--,7.04,AUD
965742,2024-01-06T14:47:56,2024-01-06,493,1,Retail,PayPal,COUPON9-0A,8.32,AUD
965806,2024-01-06T03:39:10,2024-01-06,37,1,Retail,Afterpay,COUPONZ-9Z,3.28,AUD
965910,2024-01-06T06:36:32,2024-01-06,69,26,Online,Afterpay,COUPONZ9--,2.02,AUD
965926,2024-01-06T00:11:05,2024-01-06,134,46,Retail,Afterpay,COUPON-99A,17.74,AUD
965963,2024-01-06T19:21:18,2024-01-06,364,47,Online,Credit Card,COUPON9Z0Z,14.22,AUD
966031,2024-01-06T04:01:29,2024-01-06,256,37,Online,Afterpay,COUPON90-0,12.41,AUD
966084,2024-01-06T18:43:12,2024-01-06,768,29,Online,Credit Card,COUPONAZA-,8.68,AUD
966205,2024-01-06T17:28:38,2024-01-06,398,28,Online,Afterpay,COUPON-00-,11.02,AUD
966272,2024-01-06T03:10:01,2024-01-06,284,36,Retail,Credit Card,COUPON---0,13.27,AUD
966322,2024-01-06T23:49:49,2024-01-06,724,47,Retail,Credit Card,COUPON9099,0.3,AUD
966499,2024-01-06T06:53:01,2024-01-06,122,41,Online,Afterpay,COUPON-Z09,14.44,AUD
966567,2024-01-06T00:38:12,2024-01-06,398,25,Online,Credit Card,COUPON-ZA9,18.98,AUD
966833,2024-01-06T11:54:42,2024-01-06,212,42,Online,Credit Card,COUPONZ-Z9,19.97,AUD
967050,2024-01-06T06:44:06,2024-01-06,271,47,Retail,Afterpay,COUPON-A-A,5.23,AUD
967163,2024-01-06T03:08:22,2024-01-06,95,13,Online,Afterpay,COUPON999-,13.54,AUD
967169,2024-01-06T22:59:18,2024-01-06,757,5,Retail,Credit Card,COUPON-0--,17.44,AUD
967200,2024-01-06T06:36:39,2024-01-06,673,49,Online,Credit Card,COUPON-A-0,10.93,AUD
967278,2024-01-06T15:08:52,2024-01-06,444,35,Online,Credit Card,COUPON09-0,18.37,AUD
967357,2024-01-06T13:20:46,2024-01-06,144,25,Retail,Credit Card,COUPON---0,10.82,AUD
967447,2024-01-06T23:22:45,2024-01-06,788,3,Online,Credit Card,COUPONZ0-A,16.89,AUD
967536,2024-01-06T09:54:49,2024-01-06,652,9,Retail,PayPal,COUPONA-0-,11.85,AUD
967635,2024-01-06T17:23:47,2024-01-06,529,15,Online,PayPal,COUPONZ0AZ,0.85,AUD
967681,2024-01-06T21:24:23,2024-01-06,459,44,Retail,PayPal,COUPONA-A-,0.81,AUD
967687,2024-01-06T22:58:28,2024-01-06,766,36,Retail,Credit Card,COUPONA-A-,16.48,AUD
967706,2024-01-06T15:34:16,2024-01-06,410,29,Online,Credit Card,COUPON-Z99,7.09,AUD
967975,2024-01-06T11:19:30,2024-01-06,388,13,Retail,Afterpay,COUPON9--A,18.34,AUD
968083,2024-01-06T07:31:42,2024-01-06,676,45,Retail,PayPal,COUPON9900,0.45,AUD
968184,2024-01-06T08:54:04,2024-01-06,239,47,Online,Credit Card,COUPON999Z,10.34,AUD
968329,2024-01-06T10:49:06,2024-01-06,8,44,Retail,Afterpay,COUPONZZ9Z,15.94,AUD
968375,2024-01-06T02:32:56,2024-01-06,394,14,Online,Afterpay,COUPON990Z,10.86,AUD
968465,2024-01-06T10:12:19,2024-01-06,388,25,Online,Credit Card,COUPON--9Z,3.2,AUD
968487,2024-01-06T00:48:52,2024-01-06,662,29,Retail,PayPal,COUPON99-9,4.33,AUD
968513,2024-01-06T09:15:44,2024-01-06,709,36,Retail,Credit Card,COUPON--9Z,8.15,AUD
968561,2024-01-06T16:21:40,2024-01-06,753,19,Retail,PayPal,COUPON9A-Z,2.27,AUD
968593,2024-01-06T07:43:33,2024-01-06,391,5,Retail,Afterpay,COUPON09-9,18.25,AUD
968599,2024-01-06T14:16:04,2024-01-06,221,16,Online,PayPal,COUPON-Z9A,12.32,AUD
968861,2024-01-06T06:17:41,2024-01-06,665,29,Retail,PayPal,COUPONZ0A9,11.34,AUD
968985,2024-01-06T20:18:08,2024-01-06,318,42,Online,Credit Card,COUPON-Z9-,6.04,AUD
969000,2024-01-06T11:00:21,2024-01-06,110,37,Retail,Afterpay,COUPON909A,1.22,AUD
969031,2024-01-06T04:24:09,2024-01-06,257,5,Retail,Afterpay,COUPON9---,8.18,AUD
969227,2024-01-06T19:19:19,2024-01-06,538,3,Online,Credit Card,COUPON9--A,5.73,AUD
969260,2024-01-06T10:59:45,2024-01-06,412,41,Retail,Afterpay,COUPONA-A9,5.27,AUD
969261,2024-01-06T23:02:25,2024-01-06,65,43,Retail,PayPal,COUPON00Z-,12.67,AUD
969315,2024-01-06T05:32:00,2024-01-06,745,13,Online,PayPal,COUPON00-9,11.8,AUD
969333,2024-01-06T02:33:44,2024-01-06,637,14,Retail,PayPal,COUPON-9--,11.63,AUD
969433,2024-01-06T20:30:32,2024-01-06,795,41,Online,Credit Card,COUPONAZZ-,5.59,AUD
969501,2024-01-06T14:35:52,2024-01-06,60,27,Retail,Credit Card,COUPON--00,13.45,AUD
969600,2024-01-06T13:58:12,2024-01-06,622,13,Retail,Credit Card,COUPON0A99,3.39,AUD
969633,2024-01-06T07:36:52,2024-01-06,448,36,Retail,Afterpay,COUPONA-99,8.89,AUD
969715,2024-01-06T19:39:12,2024-01-06,574,12,Online,PayPal,COUPONA0--,6.85,AUD
969865,2024-01-06T21:36:04,2024-01-06,14,45,Online,Credit Card,COUPON0A--,10.96,AUD
969885,2024-01-06T00:37:14,2024-01-06,710,16,Retail,Afterpay,COUPON9-Z-,7.72,AUD
969938,2024-01-06T13:40:17,2024-01-06,245,25,Online,PayPal,COUPON--A0,6.65,AUD
970115,2024-01-06T18:46:04,2024-01-06,359,29,Retail,Afterpay,COUPON-9--,3.5,AUD
970190,2024-01-06T13:35:24,2024-01-06,407,47,Online,Credit Card,COUPONAA-0,15.38,AUD
970292,2024-01-06T04:05:38,2024-01-06,789,29,Online,Afterpay,COUPONZ-9Z,16.47,AUD
970302,2024-01-06T20:00:13,2024-01-06,491,39,Retail,Afterpay,COUPON00A-,17.44,AUD
970332,2024-01-06T15:45:09,2024-01-06,659,31,Online,Afterpay,COUPON09A0,13.74,AUD
970485,2024-01-06T19:56:57,2024-01-06,112,44,Retail,Credit Card,COUPON09ZZ,5.83,AUD
970517,2024-01-06T11:14:29,2024-01-06,143,34,Online,Afterpay,COUPON-0--,11.71,AUD
970595,2024-01-06T08:37:11,2024-01-06,717,17,Online,Credit Card,COUPON-99A,12.16,AUD
970612,2024-01-06T00:43:28,2024-01-06,155,12,Online,Credit Card,COUPON9--9,18.13,AUD
970858,2024-01-06T04:27:26,2024-01-06,76,10,Online,PayPal,COUPON-9-Z,4.02,AUD
971001,2024-01-06T04:05:25,2024-01-06,74,7,Online,Afterpay,COUPON0A09,14.54,AUD
971071,2024-01-06T22:21:11,2024-01-06,561,42,Retail,Credit Card,COUPON-AAZ,18.14,AUD
971081,2024-01-06T18:45:14,2024-01-06,532,43,Online,Credit Card,COUPON90Z-,19.78,AUD
971201,2024-01-06T17:07:08,2024-01-06,30,47,Online,PayPal,COUPONA0-Z,17.78,AUD
971274,2024-01-06T19:30:23,2024-01-06,63,18,Retail,Afterpay,COUPON99Z-,6.26,AUD
971299,2024-01-06T12:28:15,2024-01-06,616,34,Online,PayPal,COUPON9Z-A,3.95,AUD
971375,2024-01-06T09:16:03,2024-01-06,789,27,Retail,PayPal,COUPONZ-Z9,18.24,AUD
971390,2024-01-06T05:10:31,2024-01-06,129,4,Online,PayPal,COUPONAZ0A,9.18,AUD
971441,2024-01-06T05:11:37,2024-01-06,514,18,Online,PayPal,COUPON---A,2.01,AUD
971446,2024-01-06T16:03:43,2024-01-06,538,19,Retail,PayPal,COUPONA--9,19.12,AUD
971575,2024-01-06T02:43:02,2024-01-06,679,40,Online,Credit Card,COUPON-Z-A,19.47,AUD
971615,2024-01-06T12:18:43,2024-01-06,758,22,Retail,PayPal,COUPON-9A0,10.75,AUD
971618,2024-01-06T10:34:58,2024-01-06,684,46,Online,Credit Card,COUPON9999,18.01,AUD
971695,2024-01-06T04:21:42,2024-01-06,12,10,Online,Afterpay,COUPONZ---,7.71,AUD
971737,2024-01-06T08:03:19,2024-01-06,236,36,Retail,Credit Card,COUPONZZ0A,17.99,AUD
971845,2024-01-06T12:08:04,2024-01-06,583,1,Online,PayPal,COUPON-Z--,11.44,AUD
971989,2024-01-06T11:38:58,2024-01-06,69,27,Retail,PayPal,COUPON0---,8.81,AUD
972011,2024-01-06T05:07:57,2024-01-06,179,37,Retail,Afterpay,COUPON-ZA0,12.97,AUD
972132,2024-01-06T03:45:21,2024-01-06,227,9,Retail,Credit Card,COUPON-0A-,12.34,AUD
972250,2024-01-06T09:58:07,2024-01-06,340,17,Retail,Credit Card,COUPON-9-0,0.47,AUD
972480,2024-01-06T06:56:59,2024-01-06,86,34,Retail,PayPal,COUPON0900,17.88,AUD
972552,2024-01-06T02:17:39,2024-01-06,18,43,Online,PayPal,COUPONZ--Z,0.33,AUD
972624,2024-01-06T13:12:25,2024-01-06,496,37,Retail,Credit Card,COUPON---9,1.99,AUD
972626,2024-01-06T07:16:02,2024-01-06,86,3,Online,Afterpay,COUPON-09-,18.09,AUD
972697,2024-01-06T02:01:12,2024-01-06,317,4,Retail,Afterpay,COUPONA-0-,4.18,AUD
972862,2024-01-06T00:34:18,2024-01-06,683,4,Online,Afterpay,COUPONAZ0Z,7.96,AUD
972900,2024-01-06T22:30:25,2024-01-06,356,23,Retail,Afterpay,COUPON--9-,16.95,AUD
972955,2024-01-06T05:40:33,2024-01-06,605,49,Online,PayPal,COUPON09-Z,6.08,AUD
973094,2024-01-06T18:44:36,2024-01-06,548,14,Online,Credit Card,COUPON---Z,5.53,AUD
973121,2024-01-06T12:14:01,2024-01-06,753,12,Online,Afterpay,COUPON0-90,7.38,AUD
973171,2024-01-06T06:31:18,2024-01-06,429,46,Retail,Afterpay,COUPON-ZA-,8.19,AUD
973248,2024-01-06T11:46:29,2024-01-06,171,7,Online,Afterpay,COUPON9---,0.6,AUD
973298,2024-01-06T09:17:35,2024-01-06,166,34,Retail,Credit Card,COUPON--0A,7.73,AUD
973349,2024-01-06T15:38:31,2024-01-06,730,46,Retail,Afterpay,COUPON990A,9.52,AUD
973386,2024-01-06T03:30:18,2024-01-06,436,7,Online,Afterpay,COUPONZ-9Z,7.69,AUD
973556,2024-01-06T11:13:00,2024-01-06,507,40,Retail,PayPal,COUPONA0-A,19.43,AUD
973617,2024-01-06T12:25:45,2024-01-06,17,49,Online,Credit Card,COUPONZZ--,4.1,AUD
973670,2024-01-06T02:13:02,2024-01-06,540,11,Online,PayPal,COUPON09-Z,8.26,AUD
973901,2024-01-06T15:22:25,2024-01-06,196,5,Retail,Credit Card,COUPON0Z0-,9.09,AUD
974037,2024-01-06T08:17:29,2024-01-06,700,19,Online,Credit Card,COUPON----,4.52,AUD
974073,2024-01-06T01:55:56,2024-01-06,544,26,Retail,Afterpay,COUPON9A0-,4.31,AUD
974219,2024-01-06T16:58:45,2024-01-06,343,21,Online,PayPal,COUPON9-99,17.73,AUD
974275,2024-01-06T06:58:15,2024-01-06,438,13,Online,Afterpay,COUPONZ-09,13.1,AUD
974310,2024-01-06T17:06:14,2024-01-06,674,47,Online,PayPal,COUPONA-Z-,6.7,AUD
974326,2024-01-06T03:22:41,2024-01-06,113,49,Retail,Afterpay,COUPON9Z-0,12.86,AUD
974336,2024-01-06T06:27:33,2024-01-06,495,15,Retail,Credit Card,COUPON990-,11.28,AUD
974366,2024-01-06T13:26:40,2024-01-06,605,18,Online,Afterpay,COUPON-00A,16.81,AUD
974500,2024-01-06T18:54:08,2024-01-06,625,22,Retail,Afterpay,COUPON--AA,19.8,AUD
974504,2024-01-06T23:29:21,2024-01-06,67,44,Retail,Afterpay,COUPONZ--Z,4.94,AUD
974876,2024-01-06T08:29:49,2024-01-06,684,45,Retail,PayPal,COUPON-Z0A,12.39,AUD
974933,2024-01-06T17:31:36,2024-01-06,290,44,Online,Afterpay,COUPON---0,15.52,AUD
975003,2024-01-06T20:32:26,2024-01-06,6,11,Retail,PayPal,COUPON9A-0,16.88,AUD
975326,2024-01-06T06:37:29,2024-01-06,455,17,Retail,Credit Card,COUPON9AA9,0.12,AUD
975453,2024-01-06T11:36:46,2024-01-06,155,37,Online,PayPal,COUPONA-0-,17.76,AUD
975595,2024-01-06T16:14:21,2024-01-06,462,31,Online,PayPal,COUPON-0Z0,12.62,AUD
975699,2024-01-06T20:25:38,2024-01-06,116,6,Retail,Credit Card,COUPON90--,8.36,AUD
975728,2024-01-06T16:02:16,2024-01-06,412,1,Retail,PayPal,COUPONZ-99,14.07,AUD
975781,2024-01-06T14:34:37,2024-01-06,191,43,Online,PayPal,COUPON0A-A,14.63,AUD
975783,2024-01-06T06:33:12,2024-01-06,239,21,Online,PayPal,COUPON--A0,1.02,AUD
975842,2024-01-06T12:59:23,2024-01-06,249,20,Retail,PayPal,COUPON---9,11.98,AUD
975931,2024-01-06T19:08:11,2024-01-06,606,27,Retail,Credit Card,COUPON-AAA,6.38,AUD
976198,2024-01-06T11:12:02,2024-01-06,80,25,Online,Credit Card,COUPON-0ZZ,4.99,AUD
976201,2024-01-06T20:13:49,2024-01-06,555,11,Retail,Credit Card,COUPON--9A,11.31,AUD
976264,2024-01-06T05:45:13,2024-01-06,1,26,Online,Credit Card,COUPON---Z,10.51,AUD
976271,2024-01-06T01:47:45,2024-01-06,558,19,Online,Afterpay,COUPON-090,15.39,AUD
976492,2024-01-06T14:14:28,2024-01-06,630,15,Online,PayPal,COUPON00AZ,6.21,AUD
976984,2024-01-06T13:05:42,2024-01-06,766,9,Retail,Credit Card,COUPONAA--,11.12,AUD
977133,2024-01-06T19:28:21,2024-01-06,404,26,Retail,Credit Card,COUPON9-9-,8.9,AUD
977147,2024-01-06T22:22:58,2024-01-06,137,23,Retail,Credit Card,COUPON00A-,16.45,AUD
977190,2024-01-06T03:55:10,2024-01-06,632,34,Retail,Credit Card,COUPONAZ-Z,17.82,AUD
977362,2024-01-06T23:33:18,2024-01-06,169,28,Online,Afterpay,COUPON90A9,5.62,AUD
977394,2024-01-06T10:54:44,2024-01-06,689,20,Online,PayPal,COUPON9-Z9,5.41,AUD
977405,2024-01-06T23:25:54,2024-01-06,499,8,Retail,PayPal,COUPON----,7.23,AUD
977523,2024-01-06T08:37:55,2024-01-06,713,36,Online,Afterpay,COUPONA-Z-,11.24,AUD
977533,2024-01-06T14:31:14,2024-01-06,781,30,Online,Credit Card,COUPON-Z0-,1.07,AUD
977584,2024-01-06T16:03:51,2024-01-06,70,34,Retail,Afterpay,COUPON-9-Z,15.82,AUD
977636,2024-01-06T18:51:26,2024-01-06,488,2,Online,Afterpay,COUPONZ-Z0,15.53,AUD
977646,2024-01-06T01:44:56,2024-01-06,648,5,Online,PayPal,COUPONAZ9Z,3.73,AUD
977681,2024-01-06T03:28:34,2024-01-06,204,5,Online,PayPal,COUPON9--Z,16.39,AUD
977759,2024-01-06T02:38:58,2024-01-06,88,49,Retail,Credit Card,COUPON000-,0.03,AUD
977877,2024-01-06T13:33:50,2024-01-06,452,34,Retail,Credit Card,COUPON--9-,19.89,AUD
977974,2024-01-06T09:47:59,2024-01-06,708,1,Online,Afterpay,COUPONA-09,18.36,AUD
977980,2024-01-06T01:26:35,2024-01-06,457,25,Online,Afterpay,COUPON-99-,11.26,AUD
978046,2024-01-06T04:10:09,2024-01-06,498,6,Online,PayPal,COUPON-A--,0.7,AUD
978053,2024-01-06T08:36:10,2024-01-06,32,34,Online,Credit Card,COUPON-Z-Z,10.9,AUD
978076,2024-01-06T13:21:24,2024-01-06,778,10,Retail,Afterpay,COUPONA-90,5.78,AUD
978372,2024-01-06T02:04:35,2024-01-06,607,32,Online,Afterpay,COUPON-09A,9.99,AUD
978398,2024-01-06T23:50:50,2024-01-06,45,15,Online,Credit Card,COUPONA--A,16.7,AUD
978532,2024-01-06T17:54:55,2024-01-06,529,33,Online,PayPal,COUPON9-90,19.84,AUD
978557,2024-01-06T07:11:27,2024-01-06,547,38,Online,Afterpay,COUPONZ-9-,16.31,AUD
978780,2024-01-06T10:48:54,2024-01-06,218,11,Retail,PayPal,COUPONA9-0,18.74,AUD
978895,2024-01-06T07:28:24,2024-01-06,307,45,Retail,Credit Card,COUPON099A,13.88,AUD
978907,2024-01-06T18:34:33,2024-01-06,143,48,Online,Credit Card,COUPON--Z-,3.16,AUD
978927,2024-01-06T09:13:56,2024-01-06,279,20,Retail,Credit Card,COUPON9--Z,7.28,AUD
979099,2024-01-06T13:00:33,2024-01-06,709,46,Retail,Afterpay,COUPON-A--,18.15,AUD
979208,2024-01-06T07:24:12,2024-01-06,173,39,Retail,Afterpay,COUPONZ-9-,19.34,AUD
979238,2024-01-06T14:11:25,2024-01-06,557,16,Online,PayPal,COUPONA90A,15.93,AUD
979552,2024-01-06T12:12:16,2024-01-06,290,45,Online,Afterpay,COUPONA9-Z,7.69,AUD
979665,2024-01-06T17:13:42,2024-01-06,590,15,Online,Credit Card,COUPON---A,18.26,AUD
979809,2024-01-06T05:05:38,2024-01-06,287,2,Online,Credit Card,COUPON9Z09,0.83,AUD
979890,2024-01-06T10:15:51,2024-01-06,333,14,Online,Credit Card,COUPON099A,13.02,AUD
979959,2024-01-06T17:08:11,2024-01-06,448,1,Online,PayPal,COUPON90Z9,12.16,AUD
980078,2024-01-06T08:52:59,2024-01-06,331,45,Retail,PayPal,COUPON9Z--,2.48,AUD
980104,2024-01-06T15:56:21,2024-01-06,310,32,Retail,Credit Card,COUPON99-A,5.66,AUD
980115,2024-01-06T20:26:40,2024-01-06,317,9,Retail,PayPal,COUPON-0-9,11.23,AUD
980117,2024-01-06T15:50:01,2024-01-06,525,20,Online,Credit Card,COUPONZ0-0,1.07,AUD
980281,2024-01-06T13:09:29,2024-01-06,750,28,Retail,Afterpay,COUPON----,15.91,AUD
980331,2024-01-06T21:12:16,2024-01-06,649,27,Online,PayPal,COUPONZAZ9,17.39,AUD
980335,2024-01-06T17:25:46,2024-01-06,243,5,Retail,Credit Card,COUPON9-99,13.72,AUD
980528,2024-01-06T08:14:52,2024-01-06,310,27,Online,Afterpay,COUPON00--,0.55,AUD
980720,2024-01-06T21:38:52,2024-01-06,540,43,Retail,Afterpay,COUPON-AZ-,8.76,AUD
980895,2024-01-06T12:25:30,2024-01-06,498,6,Online,PayPal,COUPONA-Z9,12.97,AUD
980904,2024-01-06T19:33:17,2024-01-06,35,18,Retail,Credit Card,COUPON-00Z,1.12,AUD
980948,2024-01-06T02:55:00,2024-01-06,758,1,Retail,Credit Card,COUPONZZ--,2.95,AUD
981003,2024-01-06T08:54:43,2024-01-06,659,12,Retail,Afterpay,COUPON0A-Z,0.11,AUD
981026,2024-01-06T06:36:36,2024-01-06,618,38,Retail,PayPal,COUPONZ-Z0,10.1,AUD
981030,2024-01-06T15:53:04,2024-01-06,300,45,Online,Credit Card,COUPON9--A,0.13,AUD
981245,2024-01-06T18:07:03,2024-01-06,320,22,Retail,Credit Card,COUPON--Z0,11.48,AUD
981427,2024-01-06T14:33:35,2024-01-06,743,4,Retail,Credit Card,COUPONA--9,16.05,AUD
981440,2024-01-06T03:50:05,2024-01-06,297,26,Retail,PayPal,COUPON9ZZ0,19.91,AUD
981593,2024-01-06T00:54:56,2024-01-06,739,48,Online,Afterpay,COUPON--A-,13.33,AUD
981665,2024-01-06T06:57:06,2024-01-06,185,36,Retail,Afterpay,COUPONZ-Z-,15.22,AUD
981718,2024-01-06T10:40:47,2024-01-06,31,25,Retail,Credit Card,COUPONAAZ-,15.54,AUD
982104,2024-01-06T11:07:58,2024-01-06,294,44,Retail,PayPal,COUPON900-,5.71,AUD
982205,2024-01-06T02:14:39,2024-01-06,324,22,Retail,Credit Card,COUPON-A99,14.22,AUD
982248,2024-01-06T21:01:32,2024-01-06,62,48,Retail,Afterpay,COUPONZAA9,7.83,AUD
982265,2024-01-06T03:59:25,2024-01-06,262,17,Online,Afterpay,COUPON90A0,18.43,AUD
982663,2024-01-06T14:23:12,2024-01-06,275,22,Online,PayPal,COUPON0-Z-,14.05,AUD
982669,2024-01-06T18:38:16,2024-01-06,244,22,Online,PayPal,COUPON090-,8.67,AUD
982678,2024-01-06T16:49:05,2024-01-06,593,17,Online,Credit Card,COUPON09--,12.82,AUD
982738,2024-01-06T05:05:52,2024-01-06,524,23,Retail,Credit Card,COUPONZA9-,9.02,AUD
982758,2024-01-06T17:09:54,2024-01-06,679,39,Retail,PayPal,COUPON9-9-,9.95,AUD
982950,2024-01-06T15:09:58,2024-01-06,14,33,Retail,Credit Card,COUPONAZ-Z,18.53,AUD
982969,2024-01-06T17:03:54,2024-01-06,161,15,Online,PayPal,COUPON9AZZ,17.57,AUD
983254,2024-01-06T03:23:44,2024-01-06,1,42,Online,Afterpay,COUPON-Z9A,3.38,AUD
983273,2024-01-06T19:39:11,2024-01-06,383,8,Online,Afterpay,COUPONA99Z,6.42,AUD
983284,2024-01-06T20:02:34,2024-01-06,720,35,Online,PayPal,COUPON9-Z-,15.43,AUD
983403,2024-01-06T12:04:42,2024-01-06,222,43,Retail,Credit Card,COUPON-ZA-,9.28,AUD
983680,2024-01-06T16:16:42,2024-01-06,352,38,Retail,Afterpay,COUPON--Z-,7.11,AUD
983714,2024-01-06T09:27:07,2024-01-06,357,47,Online,Credit Card,COUPON9-A-,5.94,AUD
983745,2024-01-06T02:41:32,2024-01-06,645,41,Retail,Afterpay,COUPONAA00,16.47,AUD
983818,2024-01-06T00:02:28,2024-01-06,135,30,Online,Credit Card,COUPON090-,13.29,AUD
983859,2024-01-06T21:00:31,2024-01-06,616,6,Retail,Credit Card,COUPONZ---,4.02,AUD
984124,2024-01-06T11:27:10,2024-01-06,793,45,Retail,Credit Card,COUPON-0ZA,6.6,AUD
984187,2024-01-06T23:59:34,2024-01-06,627,18,Retail,PayPal,COUPONZ-A-,0.74,AUD
984251,2024-01-06T17:35:59,2024-01-06,428,6,Online,Credit Card,COUPONZ9-Z,12.34,AUD
984309,2024-01-06T18:56:35,2024-01-06,612,23,Online,Afterpay,COUPON0-AA,4.41,AUD
984321,2024-01-06T20:01:23,2024-01-06,193,25,Retail,Credit Card,COUPONZA00,7.12,AUD
984473,2024-01-06T02:48:51,2024-01-06,80,28,Retail,PayPal,COUPONAZ9-,3.18,AUD
984504,2024-01-06T17:49:21,2024-01-06,325,31,Retail,Credit Card,COUPON-0Z-,15.24,AUD
984762,2024-01-06T06:00:41,2024-01-06,419,17,Online,PayPal,COUPON---Z,15.56,AUD
984763,2024-01-06T01:38:23,2024-01-06,61,47,Online,PayPal,COUPON-990,14.1,AUD
984800,2024-01-06T07:12:54,2024-01-06,402,7,Retail,PayPal,COUPON-9Z0,4.64,AUD
984815,2024-01-06T22:41:33,2024-01-06,726,43,Online,Credit Card,COUPON-AZ-,19.48,AUD
984874,2024-01-06T16:44:48,2024-01-06,266,4,Retail,Credit Card,COUPONZ--A,3.35,AUD
985061,2024-01-06T18:34:11,2024-01-06,477,27,Online,Afterpay,COUPON-0-0,3.31,AUD
985090,2024-01-06T16:32:35,2024-01-06,277,19,Retail,Afterpay,COUPON0Z-Z,16.79,AUD
985335,2024-01-06T12:15:52,2024-01-06,9,17,Online,PayPal,COUPON----,19.45,AUD
985422,2024-01-06T08:28:50,2024-01-06,512,11,Online,Credit Card,COUPON--Z9,14.27,AUD
985478,2024-01-06T17:15:41,2024-01-06,182,33,Online,PayPal,COUPON--99,5.07,AUD
985493,2024-01-06T23:59:55,2024-01-06,532,49,Online,Afterpay,COUPON----,2.01,AUD
985590,2024-01-06T12:52:18,2024-01-06,497,31,Online,Credit Card,COUPON9-ZA,6.41,AUD
985637,2024-01-06T10:18:18,2024-01-06,660,22,Retail,Credit Card,COUPON-ZA-,17.04,AUD
985647,2024-01-06T16:50:25,2024-01-06,549,11,Online,Credit Card,COUPON9--9,8.98,AUD
985722,2024-01-06T19:08:33,2024-01-06,81,39,Retail,PayPal,COUPON-Z-A,5.15,AUD
985943,2024-01-06T23:34:16,2024-01-06,165,29,Online,PayPal,COUPON9-09,6.68,AUD
985945,2024-01-06T10:51:33,2024-01-06,765,1,Online,Afterpay,COUPON9---,10.21,AUD
985979,2024-01-06T17:30:39,2024-01-06,51,42,Online,Afterpay,COUPONA9-A,11.1,AUD
986111,2024-01-06T22:47:01,2024-01-06,325,47,Online,Afterpay,COUPON-ZAZ,9.29,AUD
986116,2024-01-06T08:35:26,2024-01-06,482,38,Online,Afterpay,COUPON00ZZ,11.56,AUD
986240,2024-01-06T09:28:32,2024-01-06,377,32,Online,Afterpay,COUPONA9-Z,12.24,AUD
986421,2024-01-06T22:03:42,2024-01-06,501,37,Retail,PayPal,COUPON-9-A,18.16,AUD
986441,2024-01-06T15:37:38,2024-01-06,553,23,Online,Afterpay,COUPON0ZA0,8.08,AUD
986627,2024-01-06T23:02:01,2024-01-06,126,35,Retail,Afterpay,COUPON-A0Z,2.65,AUD
986671,2024-01-06T01:33:11,2024-01-06,181,33,Online,Afterpay,COUPONZA-A,19.01,AUD
986740,2024-01-06T23:04:44,2024-01-06,657,25,Online,PayPal,COUPON09-Z,3.9,AUD
986905,2024-01-06T14:45:50,2024-01-06,370,5,Retail,Credit Card,COUPON--Z9,15.65,AUD
986920,2024-01-06T14:07:58,2024-01-06,354,4,Retail,Credit Card,COUPON0A--,5.9,AUD
987009,2024-01-06T06:04:01,2024-01-06,332,22,Online,Credit Card,COUPONAZ--,19.82,AUD
987039,2024-01-06T21:36:43,2024-01-06,553,45,Retail,Afterpay,COUPON090Z,15.76,AUD
987275,2024-01-06T01:19:15,2024-01-06,684,42,Retail,Afterpay,COUPON99--,9.61,AUD
987675,2024-01-06T04:12:21,2024-01-06,277,17,Online,Afterpay,COUPONA9-0,9.63,AUD
987692,2024-01-06T23:36:35,2024-01-06,363,11,Retail,Credit Card,COUPON-9--,8.38,AUD
987802,2024-01-06T08:49:13,2024-01-06,183,40,Retail,PayPal,COUPON0Z--,13.77,AUD
987864,2024-01-06T19:18:12,2024-01-06,549,35,Retail,Credit Card,COUPON-Z-A,15.75,AUD
988004,2024-01-06T11:41:06,2024-01-06,49,15,Online,Afterpay,COUPON0-Z0,14.91,AUD
988016,2024-01-06T23:13:44,2024-01-06,615,38,Online,Credit Card,COUPON-09A,6.13,AUD
988103,2024-01-06T21:02:49,2024-01-06,163,45,Retail,Credit Card,COUPON9Z0Z,14.57,AUD
988110,2024-01-06T09:02:19,2024-01-06,148,35,Online,Credit Card,COUPON90A-,19.31,AUD
988118,2024-01-06T01:00:58,2024-01-06,186,21,Online,Afterpay,COUPON9AZZ,5.93,AUD
988237,2024-01-06T01:22:53,2024-01-06,353,35,Online,PayPal,COUPON90-Z,11.08,AUD
988398,2024-01-06T20:49:54,2024-01-06,192,40,Retail,PayPal,COUPON-Z99,5.81,AUD
988446,2024-01-06T12:40:57,2024-01-06,472,42,Online,Credit Card,COUPON09-Z,16.01,AUD
988459,2024-01-06T16:17:12,2024-01-06,26,41,Online,Afterpay,COUPON-AA-,1.39,AUD
988594,2024-01-06T09:01:51,2024-01-06,395,1,Online,Afterpay,COUPONZ---,19.05,AUD
988616,2024-01-06T00:44:19,2024-01-06,220,21,Retail,Credit Card,COUPONA-ZZ,15.64,AUD
988667,2024-01-06T01:51:59,2024-01-06,563,9,Online,Afterpay,COUPON9-9A,7.91,AUD
988764,2024-01-06T00:15:40,2024-01-06,675,3,Online,Credit Card,COUPONA0-Z,11.53,AUD
988805,2024-01-06T23:51:26,2024-01-06,684,47,Retail,Afterpay,COUPON0A--,11.45,AUD
988883,2024-01-06T15:37:47,2024-01-06,645,33,Retail,Credit Card,COUPONA9Z-,9.41,AUD
988934,2024-01-06T00:07:49,2024-01-06,792,23,Retail,Credit Card,COUPON9Z--,0.44,AUD
988983,2024-01-06T11:18:41,2024-01-06,137,37,Online,Credit Card,COUPON-A0-,10.65,AUD
989025,2024-01-06T01:31:33,2024-01-06,148,25,Retail,Credit Card,COUPONA-A0,4.88,AUD
989048,2024-01-06T13:23:56,2024-01-06,335,4,Online,Credit Card,COUPONZ-0-,15.81,AUD
989182,2024-01-06T10:12:45,2024-01-06,343,29,Retail,PayPal,COUPON90-9,3.25,AUD
989354,2024-01-06T15:22:05,2024-01-06,462,46,Retail,Credit Card,COUPONA-ZA,4.35,AUD
989404,2024-01-06T19:35:13,2024-01-06,648,22,Retail,Afterpay,COUPONZ0Z-,6.76,AUD
989519,2024-01-06T10:14:22,2024-01-06,29,44,Online,PayPal,COUPONA00-,10.58,AUD
989563,2024-01-06T00:15:43,2024-01-06,569,25,Online,Credit Card,COUPON0--A,1.5,AUD
989890,2024-01-06T09:14:36,2024-01-06,80,17,Online,Afterpay,COUPON090-,11.77,AUD
990115,2024-01-06T14:13:16,2024-01-06,390,48,Online,PayPal,COUPON9AZ9,12.93,AUD
990131,2024-01-06T02:40:13,2024-01-06,132,39,Retail,Afterpay,COUPONAZ09,17.77,AUD
990429,2024-01-06T20:09:36,2024-01-06,728,7,Online,Credit Card,COUPON-0A-,4.93,AUD
990652,2024-01-06T10:27:04,2024-01-06,791,39,Retail,Credit Card,COUPONZ-0-,12.03,AUD
990768,2024-01-06T12:46:47,2024-01-06,111,30,Online,Afterpay,COUPONZ9-A,11.41,AUD
990901,2024-01-06T22:30:07,2024-01-06,666,5,Online,Afterpay,COUPON0990,5.96,AUD
990941,2024-01-06T10:53:11,2024-01-06,52,16,Retail,Afterpay,COUPONAZ-A,2.08,AUD
990967,2024-01-06T20:07:38,2024-01-06,72,26,Online,Credit Card,COUPON9900,0.91,AUD
991081,2024-01-06T00:19:46,2024-01-06,667,31,Retail,Afterpay,COUPON90A-,11.4,AUD
991114,2024-01-06T12:44:34,2024-01-06,646,13,Retail,Credit Card,COUPON-ZA9,18.24,AUD
991115,2024-01-06T12:26:35,2024-01-06,167,45,Online,PayPal,COUPON-ZZZ,3.58,AUD
991288,2024-01-06T10:19:18,2024-01-06,85,25,Retail,PayPal,COUPON9Z9-,16.27,AUD
991335,2024-01-06T22:11:07,2024-01-06,790,36,Retail,Afterpay,COUPON9Z9-,16.95,AUD
991401,2024-01-06T17:21:50,2024-01-06,237,18,Retail,Afterpay,COUPON-0-0,9.22,AUD
991481,2024-01-06T20:05:32,2024-01-06,708,14,Online,Credit Card,COUPON0-9Z,13.61,AUD
991693,2024-01-06T07:51:48,2024-01-06,332,32,Online,Credit Card,COUPON--AA,12.99,AUD
991715,2024-01-06T11:43:24,2024-01-06,453,1,Online,PayPal,COUPON-Z9-,6.65,AUD
991723,2024-01-06T09:46:42,2024-01-06,455,26,Retail,PayPal,COUPON-0A0,16.65,AUD
991728,2024-01-06T20:02:05,2024-01-06,664,26,Online,Credit Card,COUPON9-9-,7.78,AUD
991835,2024-01-06T12:11:07,2024-01-06,49,47,Retail,Afterpay,COUPON0-00,15.81,AUD
991922,2024-01-06T03:42:13,2024-01-06,550,13,Retail,Afterpay,COUPONA9AA,10.13,AUD
992190,2024-01-06T23:13:42,2024-01-06,129,46,Online,Afterpay,COUPON-ZA-,0.96,AUD
992337,2024-01-06T15:34:49,2024-01-06,448,26,Online,Afterpay,COUPON09-9,13.49,AUD
992512,2024-01-06T18:42:07,2024-01-06,99,46,Online,Afterpay,COUPON9--0,1.7,AUD
992560,2024-01-06T15:22:00,2024-01-06,473,40,Online,Credit Card,COUPON-90A,2.5,AUD
992648,2024-01-06T11:26:28,2024-01-06,149,4,Online,PayPal,COUPON-Z9A,5.64,AUD
992848,2024-01-06T08:06:37,2024-01-06,735,24,Online,PayPal,COUPONA--Z,1.31,AUD
993150,2024-01-06T06:25:40,2024-01-06,158,41,Online,PayPal,COUPON90A9,17.28,AUD
993293,2024-01-06T04:57:35,2024-01-06,111,41,Retail,PayPal,COUPON99A-,2.27,AUD
993451,2024-01-06T07:44:47,2024-01-06,338,14,Retail,PayPal,COUPONZ9AA,15.25,AUD
993661,2024-01-06T13:02:36,2024-01-06,558,26,Online,Credit Card,COUPON-990,18.24,AUD
994044,2024-01-06T22:10:41,2024-01-06,190,27,Online,PayPal,COUPON0Z-A,5.06,AUD
994055,2024-01-06T18:43:33,2024-01-06,794,28,Retail,Credit Card,COUPON00--,8.26,AUD
994059,2024-01-06T00:42:48,2024-01-06,262,21,Retail,PayPal,COUPON0Z-A,4.0,AUD
994139,2024-01-06T09:48:54,2024-01-06,175,27,Retail,Afterpay,COUPON9Z0-,5.5,AUD
994160,2024-01-06T01:11:45,2024-01-06,447,23,Online,Credit Card,COUPON0ZZZ,19.37,AUD
994202,2024-01-06T08:49:00,2024-01-06,451,9,Online,Credit Card,COUPON9A-A,9.1,AUD
994220,2024-01-06T22:12:22,2024-01-06,365,25,Retail,Credit Card,COUPONZ0-0,12.69,AUD
994243,2024-01-06T18:18:00,2024-01-06,608,19,Retail,Afterpay,COUPON-Z-A,15.53,AUD
994281,2024-01-06T23:20:51,2024-01-06,764,4,Online,Afterpay,COUPONZ00-,18.12,AUD
994369,2024-01-06T00:52:40,2024-01-06,669,6,Retail,Credit Card,COUPONA-Z-,5.06,AUD
994639,2024-01-06T09:42:57,2024-01-06,602,46,Online,PayPal,COUPON90Z9,4.89,AUD
994681,2024-01-06T04:10:47,2024-01-06,123,37,Online,Credit Card,COUPON9AZ-,9.95,AUD
994789,2024-01-06T10:48:33,2024-01-06,437,2,Retail,Credit Card,COUPON--9-,14.61,AUD
995013,2024-01-06T16:44:30,2024-01-06,492,26,Online,Credit Card,COUPON--ZA,18.12,AUD
995063,2024-01-06T15:28:08,2024-01-06,280,22,Online,Afterpay,COUPON-9Z0,10.97,AUD
995154,2024-01-06T08:19:26,2024-01-06,488,42,Retail,PayPal,COUPONZ--0,0.92,AUD
995256,2024-01-06T02:06:13,2024-01-06,579,4,Retail,Credit Card,COUPON-09A,4.16,AUD
995278,2024-01-06T00:56:57,2024-01-06,190,33,Retail,Afterpay,COUPON-ZZ-,18.59,AUD
995372,2024-01-06T01:22:11,2024-01-06,427,23,Online,Afterpay,COUPON--A0,12.22,AUD
995407,2024-01-06T12:14:48,2024-01-06,86,40,Retail,Credit Card,COUPON-Z0Z,3.09,AUD
995444,2024-01-06T06:26:52,2024-01-06,330,44,Online,Credit Card,COUPONA-0-,13.28,AUD
995462,2024-01-06T01:15:06,2024-01-06,791,2,Retail,PayPal,COUPON9--A,12.03,AUD
995474,2024-01-06T13:36:36,2024-01-06,416,44,Retail,Afterpay,COUPON-AAZ,17.36,AUD
995515,2024-01-06T03:34:53,2024-01-06,77,24,Retail,PayPal,COUPON09Z-,16.28,AUD
995647,2024-01-06T11:53:38,2024-01-06,277,49,Online,Afterpay,COUPONZ9--,8.17,AUD
995665,2024-01-06T08:30:36,2024-01-06,128,37,Online,PayPal,COUPON-9-0,13.96,AUD
995691,2024-01-06T15:40:26,2024-01-06,482,45,Retail,Credit Card,COUPONA-A-,3.17,AUD
995728,2024-01-06T23:58:14,2024-01-06,226,21,Online,Credit Card,COUPON-ZZ0,7.4,AUD
995797,2024-01-06T13:13:09,2024-01-06,725,1,Retail,Afterpay,COUPON0-Z9,11.54,AUD
995826,2024-01-06T02:13:11,2024-01-06,405,46,Retail,Afterpay,COUPONZZ00,13.63,AUD
995931,2024-01-06T12:23:28,2024-01-06,748,45,Retail,PayPal,COUPONZZ-Z,15.13,AUD
996085,2024-01-06T11:41:55,2024-01-06,464,9,Retail,Afterpay,COUPON0Z0-,4.68,AUD
996109,2024-01-06T17:42:29,2024-01-06,595,24,Online,Credit Card,COUPON-0--,4.06,AUD
996122,2024-01-06T04:47:14,2024-01-06,62,27,Online,Afterpay,COUPONZ00-,9.37,AUD
996165,2024-01-06T22:37:48,2024-01-06,146,9,Retail,Afterpay,COUPONZ0AZ,16.73,AUD
996471,2024-01-06T09:46:09,2024-01-06,537,42,Retail,Afterpay,COUPON0A--,3.85,AUD
996686,2024-01-06T16:32:14,2024-01-06,249,43,Retail,Credit Card,COUPON--09,4.26,AUD
996711,2024-01-06T01:08:45,2024-01-06,570,44,Online,Afterpay,COUPON90A-,7.46,AUD
996772,2024-01-06T00:45:22,2024-01-06,181,39,Online,Afterpay,COUPON9Z-A,3.84,AUD
996794,2024-01-06T22:57:28,2024-01-06,665,16,Online,Afterpay,COUPON00Z9,15.36,AUD
996828,2024-01-06T22:59:54,2024-01-06,329,23,Online,Credit Card,COUPON0099,2.9,AUD
996975,2024-01-06T06:22:04,2024-01-06,252,46,Online,Afterpay,COUPONZ0-9,4.57,AUD
997096,2024-01-06T21:51:57,2024-01-06,504,19,Retail,Afterpay,COUPON0Z--,17.94,AUD
997113,2024-01-06T00:42:22,2024-01-06,421,11,Online,Credit Card,COUPONA-A-,14.6,AUD
997443,2024-01-06T15:06:28,2024-01-06,604,10,Online,PayPal,COUPON--9-,15.89,AUD
997494,2024-01-06T00:37:19,2024-01-06,268,3,Retail,Afterpay,COUPONA--Z,18.22,AUD
997558,2024-01-06T03:51:55,2024-01-06,297,11,Retail,Credit Card,COUPON--Z9,17.83,AUD
997567,2024-01-06T03:51:54,2024-01-06,303,29,Online,Credit Card,COUPON0909,10.55,AUD
997590,2024-01-06T17:08:18,2024-01-06,208,20,Retail,Credit Card,COUPONZ0A-,0.95,AUD
997607,2024-01-06T03:31:34,2024-01-06,347,36,Online,PayPal,COUPON-9Z-,18.47,AUD
997655,2024-01-06T21:14:53,2024-01-06,44,39,Retail,PayPal,COUPON9-9Z,0.68,AUD
997710,2024-01-06T10:05:29,2024-01-06,507,5,Retail,PayPal,COUPON090-,2.58,AUD
997899,2024-01-06T09:24:44,2024-01-06,651,41,Retail,Credit Card,COUPONAAAA,2.31,AUD
997928,2024-01-06T12:11:01,2024-01-06,788,13,Online,PayPal,COUPON90Z0,16.87,AUD
997978,2024-01-06T17:42:10,2024-01-06,180,34,Online,PayPal,COUPONZ00-,15.22,AUD
998009,2024-01-06T00:16:30,2024-01-06,36,22,Retail,Afterpay,COUPON-0--,16.92,AUD
998196,2024-01-06T09:47:43,2024-01-06,105,32,Online,Credit Card,COUPON9-ZZ,4.6,AUD
998355,2024-01-06T23:22:52,2024-01-06,151,24,Retail,PayPal,COUPON-A--,5.89,AUD
998470,2024-01-06T21:52:31,2024-01-06,277,20,Retail,Credit Card,COUPON09A9,11.68,AUD
998476,2024-01-06T04:48:08,2024-01-06,353,32,Online,Afterpay,COUPON0A-0,18.71,AUD
998575,2024-01-06T20:15:03,2024-01-06,292,25,Online,Afterpay,COUPON--ZA,13.15,AUD
998598,2024-01-06T08:28:40,2024-01-06,360,13,Retail,Credit Card,COUPONZ009,8.65,AUD
998634,2024-01-06T11:08:56,2024-01-06,174,11,Retail,PayPal,COUPON-99-,4.64,AUD
998648,2024-01-06T13:55:54,2024-01-06,439,11,Retail,Afterpay,COUPON-9Z0,12.69,AUD
998684,2024-01-06T23:03:07,2024-01-06,109,16,Online,Afterpay,COUPONA-9A,8.77,AUD
998693,2024-01-06T05:47:07,2024-01-06,378,27,Retail,Credit Card,COUPON-0A9,16.41,AUD
998782,2024-01-06T01:40:56,2024-01-06,343,42,Online,Afterpay,COUPON-Z00,15.99,AUD
998923,2024-01-06T00:12:49,2024-01-06,455,36,Online,Afterpay,COUPON9-A0,5.21,AUD
998953,2024-01-06T18:04:11,2024-01-06,223,30,Online,Afterpay,COUPON0ZA9,2.97,AUD
998957,2024-01-06T02:23:58,2024-01-06,524,44,Retail,PayPal,COUPONA900,4.37,AUD
998990,2024-01-06T21:01:03,2024-01-06,485,29,Retail,Afterpay,COUPON---A,18.93,AUD
998993,2024-01-06T03:23:46,2024-01-06,339,13,Retail,Afterpay,COUPONZ-ZA,10.48,AUD
999016,2024-01-06T23:30:53,2024-01-06,52,9,Online,PayPal,COUPON--A-,4.45,AUD
999460,2024-01-06T00:42:37,2024-01-06,187,8,Online,PayPal,COUPONA-0-,9.73,AUD
999487,2024-01-06T19:05:04,2024-01-06,372,2,Online,Afterpay,COUPON-AAZ,11.85,AUD
999624,2024-01-06T07:28:31,2024-01-06,182,46,Retail,Afterpay,COUPON99-0,18.86,AUD
999777,2024-01-06T00:40:37,2024-01-06,452,43,Online,Afterpay,COUPON00-9,5.49,AUD
999975,2024-01-06T17:12:49,2024-01-06,482,19,Retail,PayPal,COUPONZ0-A,5.72,AUD
