order_id,order_ts,order_dt_local,customer_id,store_id,channel,payment_method,coupon_code,shipping_fee,currency
244,2024-03-05T19:36:17,2024-03-05,897,53,Online,Afterpay,COUPON9Z9A,9.29,AUD
358,2024-03-05T19:53:02,2024-03-05,856,89,Online,Credit Card,COUPONA00Z,8.37,AUD
425,2024-03-05T02:52:55,2024-03-05,890,119,Online,PayPal,COUPONZ9A-,15.8,AUD
471,2024-03-05T13:17:43,2024-03-05,804,60,Retail,PayPal,COUPON09AA,19.1,AUD
585,2024-03-05T02:54:35,2024-03-05,886,65,Retail,Credit Card,COUPON909Z,12.84,AUD
675,2024-03-05T10:38:57,2024-03-05,818,91,Online,Credit Card,COUPON0-09,13.87,AUD
685,2024-03-05T18:13:07,2024-03-05,892,77,Retail,PayPal,COUPONA-A-,9.84,AUD
821,2024-03-05T07:49:45,2024-03-05,896,108,Online,PayPal,COUPONA9ZZ,8.04,AUD
873,2024-03-05T13:16:06,2024-03-05,895,56,Online,Credit Card,COUPON9Z9Z,19.62,AUD
948,2024-03-05T17:57:52,2024-03-05,819,81,Online,Afterpay,COUPON99-0,11.11,AUD
982,2024-03-05T13:03:09,2024-03-05,886,134,Online,PayPal,COUPON0-ZA,11.91,AUD
983,2024-03-05T01:31:49,2024-03-05,896,148,Online,Afterpay,COUPONAZ0A,0.76,AUD
1009,2024-03-05T20:40:30,2024-03-05,896,66,Retail,Credit Card,COUPON--9Z,16.29,AUD
1028,2024-03-05T18:02:01,2024-03-05,892,143,Online,Credit Card,COUPON--9Z,18.58,AUD
1045,2024-03-05T04:06:46,2024-03-05,815,60,Retail,PayPal,COUPON-0-A,15.66,AUD
1084,2024-03-05T11:26:26,2024-03-05,858,115,Retail,Credit Card,COUPON90Z0,18.44,AUD
1197,2024-03-05T09:18:07,2024-03-05,900,80,Retail,PayPal,COUPONZAZ-,9.04,AUD
1253,2024-03-05T20:50:51,2024-03-05,804,135,Retail,PayPal,COUPONZA--,7.78,AUD
1295,2024-03-05T17:14:18,2024-03-05,858,87,Online,PayPal,COUPON9Z0-,17.34,AUD
1361,2024-03-05T12:29:56,2024-03-05,824,97,Online,PayPal,COUPON--09,12.93,AUD
1503,2024-03-05T16:51:50,2024-03-05,860,150,Online,Credit Card,COUPON-ZA0,4.62,AUD
1550,2024-03-05T16:17:47,2024-03-05,880,81,Online,Afterpay,COUPONZ---,11.58,AUD
1918,2024-03-05T21:41:06,2024-03-05,888,138,Retail,PayPal,COUPON-0AZ,18.06,AUD
1926,2024-03-05T06:46:06,2024-03-05,894,141,Retail,Credit Card,COUPONA-0-,11.89,AUD
1927,2024-03-05T23:43:31,2024-03-05,871,69,Retail,Afterpay,COUPON-00-,15.74,AUD
2060,2024-03-05T04:04:53,2024-03-05,822,136,Retail,Credit Card,COUPONZ90-,15.85,AUD
2108,2024-03-05T12:05:53,2024-03-05,849,70,Online,PayPal,COUPONA-Z-,9.44,AUD
2241,2024-03-05T07:51:13,2024-03-05,879,114,Online,Credit Card,COUPONZ-Z-,2.35,AUD
2355,2024-03-05T22:00:11,2024-03-05,875,101,Retail,Afterpay,COUPON0--0,17.43,AUD
2462,2024-03-05T17:28:57,2024-03-05,849,95,Retail,PayPal,COUPONZZ-Z,7.2,AUD
2630,2024-03-05T03:46:10,2024-03-05,802,143,Online,Afterpay,COUPONZZZ-,5.69,AUD
2650,2024-03-05T00:57:25,2024-03-05,806,107,Online,Credit Card,COUPONZZ0-,18.21,AUD
2713,2024-03-05T07:29:33,2024-03-05,831,72,Retail,PayPal,COUPONZ9Z-,2.02,AUD
2728,2024-03-05T19:02:11,2024-03-05,824,75,Retail,Credit Card,COUPON---0,18.81,AUD
2752,2024-03-05T09:33:16,2024-03-05,880,69,Online,Credit Card,COUPON-Z90,4.51,AUD
2776,2024-03-05T10:40:42,2024-03-05,874,128,Retail,Afterpay,COUPON0-9A,16.72,AUD
2821,2024-03-05T08:42:21,2024-03-05,874,145,Online,Credit Card,COUPONA--A,18.46,AUD
2868,2024-03-05T21:11:25,2024-03-05,828,132,Retail,Credit Card,COUPON0---,10.42,AUD
2952,2024-03-05T17:08:29,2024-03-05,804,133,Retail,Afterpay,COUPONZ0Z9,4.14,AUD
2959,2024-03-05T07:07:29,2024-03-05,893,76,Retail,Afterpay,COUPON-0--,8.92,AUD
3164,2024-03-05T01:49:38,2024-03-05,808,69,Retail,Credit Card,COUPON-A-A,14.93,AUD
3170,2024-03-05T19:21:59,2024-03-05,873,126,Retail,Afterpay,COUPON0ZZZ,9.99,AUD
3179,2024-03-05T18:16:14,2024-03-05,879,117,Retail,Credit Card,COUPON9--A,14.71,AUD
3184,2024-03-05T17:20:20,2024-03-05,818,99,Online,Credit Card,COUPONZ9A0,13.63,AUD
3247,2024-03-05T22:45:28,2024-03-05,813,77,Retail,PayPal,COUPONZZ-Z,1.29,AUD
3420,2024-03-05T10:29:26,2024-03-05,838,80,Online,PayPal,COUPON-Z--,13.45,AUD
3537,2024-03-05T12:19:36,2024-03-05,871,148,Retail,PayPal,COUPONZ0--,9.09,AUD
3610,2024-03-05T21:33:35,2024-03-05,859,86,Online,Credit Card,COUPON9--Z,12.35,AUD
3825,2024-03-05T11:18:36,2024-03-05,865,87,Online,Credit Card,COUPON0Z9-,1.87,AUD
3881,2024-03-05T01:31:48,2024-03-05,812,68,Retail,Afterpay,COUPON0--Z,18.41,AUD
3913,2024-03-05T14:02:13,2024-03-05,847,125,Retail,Credit Card,COUPON-A-Z,9.5,AUD
4009,2024-03-05T21:09:05,2024-03-05,885,111,Retail,Credit Card,COUPONZ0-A,12.97,AUD
4119,2024-03-05T01:28:57,2024-03-05,833,150,Online,PayPal,COUPON-9AZ,13.04,AUD
4148,2024-03-05T23:35:17,2024-03-05,860,59,Online,Afterpay,COUPONZ0-A,7.28,AUD
4193,2024-03-05T20:07:14,2024-03-05,810,63,Retail,Afterpay,COUPON0A00,7.42,AUD
4333,2024-03-05T13:28:30,2024-03-05,874,74,Online,Afterpay,COUPONAA9Z,18.59,AUD
4375,2024-03-05T15:18:45,2024-03-05,835,71,Online,Credit Card,COUPON9-A9,6.32,AUD
4453,2024-03-05T17:36:07,2024-03-05,827,85,Online,Credit Card,COUPON-0-0,19.97,AUD
4483,2024-03-05T06:46:52,2024-03-05,801,54,Retail,Afterpay,COUPONZA9-,11.45,AUD
4527,2024-03-05T23:11:16,2024-03-05,833,95,Retail,Afterpay,COUPON0--9,15.91,AUD
4871,2024-03-05T15:23:46,2024-03-05,872,146,Retail,PayPal,COUPON-Z0-,6.32,AUD
4896,2024-03-05T23:55:53,2024-03-05,832,145,Retail,Credit Card,COUPONAZ0Z,8.76,AUD
5271,2024-03-05T02:42:34,2024-03-05,819,110,Retail,Afterpay,COUPONAA9-,10.02,AUD
5310,2024-03-05T22:13:03,2024-03-05,879,107,Online,Afterpay,COUPON0AAZ,15.71,AUD
5409,2024-03-05T02:35:45,2024-03-05,864,70,Retail,PayPal,COUPON-Z-0,3.52,AUD
5695,2024-03-05T18:45:19,2024-03-05,873,106,Retail,Afterpay,COUPON0Z-A,3.3,AUD
5853,2024-03-05T01:50:34,2024-03-05,892,138,Retail,Afterpay,COUPON90Z-,3.9,AUD
6153,2024-03-05T08:39:43,2024-03-05,824,116,Online,Credit Card,COUPON-099,3.67,AUD
6307,2024-03-05T21:52:57,2024-03-05,897,112,Retail,Afterpay,COUPON-0A0,9.86,AUD
6436,2024-03-05T09:29:16,2024-03-05,816,75,Online,Afterpay,COUPON----,11.36,AUD
6562,2024-03-05T13:06:34,2024-03-05,867,54,Retail,PayPal,COUPON-000,13.37,AUD
6717,2024-03-05T10:39:48,2024-03-05,822,104,Retail,Credit Card,COUPONAAZ9,14.69,AUD
6724,2024-03-05T00:57:18,2024-03-05,870,147,Online,PayPal,COUPON-A9-,16.81,AUD
6762,2024-03-05T21:06:12,2024-03-05,852,94,Online,PayPal,COUPON-0ZZ,1.28,AUD
7149,2024-03-05T13:32:59,2024-03-05,838,113,Online,PayPal,COUPONAZ-0,2.96,AUD
7359,2024-03-05T03:37:51,2024-03-05,825,106,Retail,Credit Card,COUPON00-0,19.08,AUD
7365,2024-03-05T19:26:07,2024-03-05,806,140,Retail,Afterpay,COUPONAAZ9,8.81,AUD
7455,2024-03-05T04:58:23,2024-03-05,843,76,Online,Credit Card,COUPON9909,9.4,AUD
7464,2024-03-05T13:30:28,2024-03-05,899,138,Online,PayPal,COUPON--A9,16.52,AUD
7558,2024-03-05T03:54:58,2024-03-05,817,108,Retail,PayPal,COUPONAZ9-,6.88,AUD
7606,2024-03-05T23:17:45,2024-03-05,875,62,Online,PayPal,COUPON9-00,10.83,AUD
7972,2024-03-05T01:32:49,2024-03-05,873,122,Online,Afterpay,COUPONA0-9,9.38,AUD
8127,2024-03-05T02:49:43,2024-03-05,819,69,Online,Afterpay,COUPON-A9-,14.74,AUD
8149,2024-03-05T10:15:52,2024-03-05,869,123,Retail,Afterpay,COUPON9A-A,16.51,AUD
8188,2024-03-05T23:49:59,2024-03-05,885,67,Online,PayPal,COUPON-ZZ-,15.24,AUD
8210,2024-03-05T06:51:30,2024-03-05,878,67,Retail,Afterpay,COUPON--09,6.58,AUD
8281,2024-03-05T20:51:40,2024-03-05,821,119,Online,Credit Card,COUPONZA--,9.97,AUD
8336,2024-03-05T08:08:44,2024-03-05,806,77,Online,PayPal,COUPON-ZZ0,6.75,AUD
8355,2024-03-05T01:54:29,2024-03-05,816,79,Online,PayPal,COUPON-Z09,15.48,AUD
8493,2024-03-05T02:29:46,2024-03-05,841,79,Online,Afterpay,COUPON9ZZ-,14.56,AUD
8608,2024-03-05T05:14:53,2024-03-05,884,77,Retail,Afterpay,COUPONA9-0,16.28,AUD
8668,2024-03-05T12:00:02,2024-03-05,833,150,Online,Credit Card,COUPONA-0-,4.89,AUD
8715,2024-03-05T09:36:33,2024-03-05,838,91,Retail,PayPal,COUPON-Z-Z,16.08,AUD
8905,2024-03-05T13:41:14,2024-03-05,859,55,Online,Credit Card,COUPON--09,16.63,AUD
8912,2024-03-05T13:06:14,2024-03-05,815,143,Retail,PayPal,COUPON-9-Z,1.71,AUD
9048,2024-03-05T05:51:35,2024-03-05,805,126,Retail,Afterpay,COUPONZ-00,6.92,AUD
9116,2024-03-05T21:39:49,2024-03-05,809,149,Online,PayPal,COUPON99ZA,17.19,AUD
9123,2024-03-05T22:38:48,2024-03-05,877,125,Retail,PayPal,COUPON--AA,6.25,AUD
9132,2024-03-05T03:48:02,2024-03-05,870,52,Online,Afterpay,COUPON-AZA,12.72,AUD
9398,2024-03-05T03:12:21,2024-03-05,811,138,Retail,Credit Card,COUPONAZ9-,4.0,AUD
9404,2024-03-05T00:11:15,2024-03-05,834,60,Online,Credit Card,COUPONZ99Z,8.83,AUD
9445,2024-03-05T09:35:50,2024-03-05,870,142,Retail,Credit Card,COUPONA09-,3.86,AUD
9548,2024-03-05T17:36:49,2024-03-05,838,59,Retail,Afterpay,COUPON--AZ,19.29,AUD
9570,2024-03-05T06:30:44,2024-03-05,858,138,Retail,Afterpay,COUPONZ0--,17.16,AUD
9674,2024-03-05T16:06:49,2024-03-05,891,72,Online,PayPal,COUPONZ-Z-,5.93,AUD
9738,2024-03-05T20:04:09,2024-03-05,865,148,Retail,Afterpay,COUPON0-0A,3.5,AUD
9825,2024-03-05T04:50:35,2024-03-05,866,72,Retail,Credit Card,COUPON99-0,0.14,AUD
9882,2024-03-05T04:32:36,2024-03-05,842,71,Retail,Afterpay,COUPONAZAA,19.33,AUD
9891,2024-03-05T14:52:25,2024-03-05,871,61,Online,Credit Card,COUPON-AZ0,15.48,AUD
10002,2024-03-05T18:00:37,2024-03-05,768,20,Online,Credit Card,COUPON0A0Z,4.12,AUD
10185,2024-03-05T01:44:26,2024-03-05,774,18,Online,Afterpay,COUPONAAZA,13.13,AUD
10208,2024-03-05T06:29:43,2024-03-05,391,27,Retail,PayPal,COUPON-Z-9,6.29,AUD
10248,2024-03-05T09:20:03,2024-03-05,605,9,Retail,Afterpay,COUPONAZ-0,8.28,AUD
10270,2024-03-05T16:14:18,2024-03-05,640,32,Retail,PayPal,COUPON0ZZ9,19.81,AUD
10312,2024-03-05T19:31:53,2024-03-05,187,3,Online,Credit Card,COUPONA--A,9.45,AUD
10370,2024-03-05T12:16:49,2024-03-05,586,4,Retail,Credit Card,COUPON90-Z,1.37,AUD
10379,2024-03-05T00:04:39,2024-03-05,354,3,Online,PayPal,COUPON909Z,14.5,AUD
10460,2024-03-05T02:36:15,2024-03-05,94,8,Retail,Credit Card,COUPON---0,9.3,AUD
10490,2024-03-05T11:41:23,2024-03-05,567,13,Retail,Credit Card,COUPON-A--,11.8,AUD
10561,2024-03-05T04:26:52,2024-03-05,793,13,Retail,Afterpay,COUPONZ--0,5.67,AUD
10685,2024-03-05T03:36:50,2024-03-05,282,36,Retail,Afterpay,COUPON0-A0,4.37,AUD
10811,2024-03-05T06:17:36,2024-03-05,533,35,Online,PayPal,COUPON0-Z-,13.67,AUD
10848,2024-03-05T23:19:57,2024-03-05,785,37,Retail,Credit Card,COUPONA--A,15.84,AUD
11301,2024-03-05T04:01:20,2024-03-05,118,9,Retail,Afterpay,COUPONA-9Z,3.41,AUD
11355,2024-03-05T00:40:29,2024-03-05,148,12,Online,Afterpay,COUPON09-A,1.54,AUD
11413,2024-03-05T21:08:24,2024-03-05,246,35,Online,Afterpay,COUPON0Z-9,8.26,AUD
11478,2024-03-05T14:47:59,2024-03-05,129,48,Retail,Credit Card,COUPON--A-,18.06,AUD
11788,2024-03-05T06:49:00,2024-03-05,552,20,Retail,PayPal,COUPON0-0-,2.54,AUD
11904,2024-03-05T10:19:50,2024-03-05,571,31,Retail,PayPal,COUPON9Z-0,14.38,AUD
11917,2024-03-05T13:34:57,2024-03-05,35,21,Online,Afterpay,COUPON9-00,5.64,AUD
12022,2024-03-05T07:54:52,2024-03-05,398,48,Online,PayPal,COUPON90-9,12.86,AUD
12106,2024-03-05T15:33:56,2024-03-05,71,39,Retail,PayPal,COUPON-Z-A,7.29,AUD
12135,2024-03-05T06:47:08,2024-03-05,109,17,Retail,Credit Card,COUPON09Z-,0.99,AUD
12244,2024-03-05T10:55:53,2024-03-05,584,32,Online,Afterpay,COUPON0-ZZ,19.52,AUD
12293,2024-03-05T06:50:12,2024-03-05,409,33,Retail,Afterpay,COUPON-Z--,11.84,AUD
12361,2024-03-05T10:07:51,2024-03-05,14,36,Online,Afterpay,COUPON-9Z-,11.77,AUD
12470,2024-03-05T13:57:34,2024-03-05,702,16,Retail,Credit Card,COUPON9AAA,16.19,AUD
12479,2024-03-05T20:41:03,2024-03-05,206,28,Online,Credit Card,COUPONZ-9A,19.14,AUD
12545,2024-03-05T12:27:34,2024-03-05,417,37,Retail,PayPal,COUPON0A0-,0.66,AUD
12566,2024-03-05T17:13:58,2024-03-05,186,43,Retail,Afterpay,COUPON-900,3.69,AUD
12624,2024-03-05T20:53:25,2024-03-05,640,19,Online,Credit Card,COUPON-9Z9,5.99,AUD
12782,2024-03-05T22:43:08,2024-03-05,282,34,Retail,Credit Card,COUPON--Z-,12.67,AUD
12807,2024-03-05T18:21:25,2024-03-05,374,11,Retail,Credit Card,COUPON--09,4.87,AUD
12811,2024-03-05T14:11:24,2024-03-05,293,19,Retail,Credit Card,COUPON--0-,1.87,AUD
12869,2024-03-05T01:54:49,2024-03-05,3,46,Retail,PayPal,COUPONZ-09,10.27,AUD
12954,2024-03-05T07:53:56,2024-03-05,717,50,Online,Afterpay,COUPONA-90,5.9,AUD
12962,2024-03-05T01:39:16,2024-03-05,188,12,Retail,PayPal,COUPONA9-Z,0.15,AUD
13015,2024-03-05T13:54:06,2024-03-05,148,10,Online,PayPal,COUPON9Z00,12.74,AUD
13402,2024-03-05T14:56:32,2024-03-05,612,13,Online,PayPal,COUPON-Z-0,19.94,AUD
13490,2024-03-05T08:40:33,2024-03-05,616,44,Retail,PayPal,COUPON9AA-,5.37,AUD
13640,2024-03-05T13:30:06,2024-03-05,484,16,Retail,Afterpay,COUPONA-AZ,9.51,AUD
13805,2024-03-05T10:52:02,2024-03-05,140,15,Retail,PayPal,COUPONAA9-,14.3,AUD
13845,2024-03-05T11:58:58,2024-03-05,10,3,Retail,PayPal,COUPON9-0Z,5.4,AUD
14088,2024-03-05T20:26:50,2024-03-05,765,10,Online,Credit Card,COUPON-0--,17.27,AUD
14112,2024-03-05T06:35:14,2024-03-05,735,9,Retail,Credit Card,COUPONA--Z,17.64,AUD
14246,2024-03-05T17:44:30,2024-03-05,705,10,Online,PayPal,COUPON0-ZZ,12.92,AUD
14286,2024-03-05T13:21:13,2024-03-05,224,21,Online,Credit Card,COUPON0A-0,4.61,AUD
14383,2024-03-05T06:16:44,2024-03-05,239,5,Online,Credit Card,COUPON-A--,6.24,AUD
14458,2024-03-05T22:28:08,2024-03-05,212,4,Online,PayPal,COUPON-ZA-,13.68,AUD
14512,2024-03-05T04:13:06,2024-03-05,202,45,Retail,Credit Card,COUPON9---,17.65,AUD
14665,2024-03-05T22:38:00,2024-03-05,128,20,Online,Afterpay,COUPONZ--Z,11.67,AUD
14696,2024-03-05T14:01:13,2024-03-05,682,22,Online,Credit Card,COUPON0Z--,9.73,AUD
14832,2024-03-05T23:26:10,2024-03-05,746,16,Online,Afterpay,COUPON---Z,16.38,AUD
14972,2024-03-05T22:23:43,2024-03-05,298,44,Online,Afterpay,COUPON9Z99,13.5,AUD
15098,2024-03-05T10:00:04,2024-03-05,421,29,Online,Afterpay,COUPON0-99,17.12,AUD
15238,2024-03-05T16:37:51,2024-03-05,560,32,Retail,Afterpay,COUPONAA-0,19.53,AUD
15249,2024-03-05T22:10:05,2024-03-05,632,7,Online,Credit Card,COUPONAZ9-,18.42,AUD
15302,2024-03-05T23:13:34,2024-03-05,632,11,Retail,Credit Card,COUPON9-ZZ,0.74,AUD
15576,2024-03-05T06:25:15,2024-03-05,208,38,Online,Afterpay,COUPON0-9-,2.36,AUD
15661,2024-03-05T12:33:07,2024-03-05,329,47,Retail,Afterpay,COUPON-Z0-,12.79,AUD
15710,2024-03-05T12:28:49,2024-03-05,533,8,Online,Afterpay,COUPONZ9-Z,4.37,AUD
15887,2024-03-05T19:10:44,2024-03-05,352,38,Retail,PayPal,COUPONA09-,11.87,AUD
16073,2024-03-05T10:57:06,2024-03-05,92,22,Retail,Credit Card,COUPONZ-9Z,17.37,AUD
16163,2024-03-05T07:10:42,2024-03-05,69,33,Online,PayPal,COUPON-09-,11.49,AUD
16302,2024-03-05T21:29:16,2024-03-05,242,7,Online,Afterpay,COUPONZ9-9,0.5,AUD
16323,2024-03-05T21:04:57,2024-03-05,183,42,Online,PayPal,COUPON0AA-,15.84,AUD
16403,2024-03-05T19:41:36,2024-03-05,64,7,Retail,Afterpay,COUPONA-AA,4.54,AUD
16505,2024-03-05T13:42:39,2024-03-05,439,15,Retail,Credit Card,COUPON-9A-,7.64,AUD
16544,2024-03-05T14:27:58,2024-03-05,755,23,Retail,Afterpay,COUPON0---,0.69,AUD
16903,2024-03-05T00:14:50,2024-03-05,413,19,Online,Afterpay,COUPONZ-9Z,4.92,AUD
17123,2024-03-05T05:51:55,2024-03-05,568,12,Online,Afterpay,COUPONZ-99,0.9,AUD
17217,2024-03-05T12:47:48,2024-03-05,600,26,Online,Credit Card,COUPON0A09,5.64,AUD
17446,2024-03-05T21:35:21,2024-03-05,237,20,Online,Afterpay,COUPON9-Z-,2.23,AUD
17651,2024-03-05T06:46:27,2024-03-05,127,2,Retail,Credit Card,COUPONZ-0Z,2.75,AUD
17679,2024-03-05T14:52:48,2024-03-05,622,48,Retail,Credit Card,COUPONZ-Z-,14.88,AUD
17950,2024-03-05T01:10:08,2024-03-05,56,24,Online,Credit Card,COUPONZ9ZA,3.8,AUD
17963,2024-03-05T22:22:33,2024-03-05,438,25,Retail,Credit Card,COUPONZAAZ,18.71,AUD
18109,2024-03-05T11:20:14,2024-03-05,149,50,Online,Credit Card,COUPON0A--,0.36,AUD
18136,2024-03-05T01:27:53,2024-03-05,362,21,Retail,Credit Card,COUPONZA90,2.95,AUD
18151,2024-03-05T23:30:21,2024-03-05,29,20,Retail,PayPal,COUPON-0-0,15.86,AUD
18397,2024-03-05T14:16:05,2024-03-05,588,7,Online,Afterpay,COUPONZZAA,0.47,AUD
18568,2024-03-05T09:57:41,2024-03-05,219,9,Retail,Credit Card,COUPON0Z00,5.23,AUD
19073,2024-03-05T15:21:18,2024-03-05,766,49,Online,Afterpay,COUPON9Z09,6.19,AUD
19330,2024-03-05T23:27:45,2024-03-05,495,14,Retail,Credit Card,COUPON9---,7.06,AUD
19469,2024-03-05T13:43:45,2024-03-05,647,4,Retail,Credit Card,COUPONZA-Z,1.79,AUD
19525,2024-03-05T23:40:33,2024-03-05,698,1,Online,PayPal,COUPON--AA,2.27,AUD
19535,2024-03-05T20:35:19,2024-03-05,130,29,Online,Afterpay,COUPONZ-A-,14.05,AUD
19555,2024-03-05T20:26:36,2024-03-05,239,8,Retail,PayPal,COUPON9AAZ,17.64,AUD
20031,2024-03-05T20:08:08,2024-03-05,639,3,Retail,PayPal,COUPON-9Z9,6.16,AUD
20073,2024-03-05T17:27:09,2024-03-05,670,28,Online,Credit Card,COUPONAZZ-,17.34,AUD
20104,2024-03-05T11:11:05,2024-03-05,48,31,Online,PayPal,COUPON0-0-,12.02,AUD
20151,2024-03-05T06:15:45,2024-03-05,437,34,Retail,PayPal,COUPON9Z9A,19.0,AUD
20235,2024-03-05T08:09:53,2024-03-05,624,12,Online,PayPal,COUPONZ9-Z,6.5,AUD
20291,2024-03-05T16:44:43,2024-03-05,281,14,Online,PayPal,COUPON0--A,19.77,AUD
20462,2024-03-05T00:32:19,2024-03-05,111,39,Retail,PayPal,COUPON-A-Z,19.75,AUD
20652,2024-03-05T21:23:18,2024-03-05,766,25,Online,PayPal,COUPON9A0-,7.07,AUD
20654,2024-03-05T07:22:02,2024-03-05,556,16,Online,Credit Card,COUPONZ0-Z,7.64,AUD
20747,2024-03-05T10:22:19,2024-03-05,423,49,Retail,PayPal,COUPON9Z-9,16.16,AUD
20925,2024-03-05T14:54:01,2024-03-05,15,34,Online,PayPal,COUPON00Z-,5.36,AUD
20965,2024-03-05T19:16:27,2024-03-05,310,9,Retail,PayPal,COUPONAZ0-,9.2,AUD
21040,2024-03-05T23:30:24,2024-03-05,390,24,Online,Afterpay,COUPONAA--,19.65,AUD
21052,2024-03-05T04:43:41,2024-03-05,96,2,Online,Credit Card,COUPON----,11.6,AUD
21417,2024-03-05T06:35:00,2024-03-05,109,48,Retail,Credit Card,COUPON0---,9.76,AUD
21514,2024-03-05T13:53:42,2024-03-05,507,28,Online,Credit Card,COUPON-9-A,11.49,AUD
21749,2024-03-05T00:42:42,2024-03-05,202,17,Retail,Credit Card,COUPON9A09,3.21,AUD
21826,2024-03-05T13:50:55,2024-03-05,310,38,Retail,Credit Card,COUPONA0-9,6.18,AUD
21844,2024-03-05T10:47:11,2024-03-05,761,15,Online,Afterpay,COUPON090-,8.8,AUD
21881,2024-03-05T04:14:34,2024-03-05,41,35,Retail,Afterpay,COUPONZ9ZA,4.97,AUD
21889,2024-03-05T19:17:19,2024-03-05,129,32,Retail,Afterpay,COUPONZ990,3.49,AUD
21898,2024-03-05T12:17:24,2024-03-05,270,13,Retail,Afterpay,COUPON9A0A,10.98,AUD
21915,2024-03-05T13:13:54,2024-03-05,552,5,Online,PayPal,COUPON-0A0,15.26,AUD
21948,2024-03-05T04:37:44,2024-03-05,150,20,Online,PayPal,COUPON-90-,13.6,AUD
22047,2024-03-05T01:55:21,2024-03-05,221,50,Online,Credit Card,COUPON009-,18.4,AUD
22108,2024-03-05T20:50:15,2024-03-05,757,47,Online,Credit Card,COUPON-A-9,9.67,AUD
22128,2024-03-05T09:38:11,2024-03-05,28,12,Online,Credit Card,COUPON-AZ0,6.8,AUD
22162,2024-03-05T08:46:29,2024-03-05,725,36,Retail,Afterpay,COUPON--A0,18.08,AUD
22187,2024-03-05T08:45:34,2024-03-05,371,30,Online,Credit Card,COUPON-A--,7.72,AUD
22288,2024-03-05T08:05:01,2024-03-05,112,50,Online,PayPal,COUPON-ZZ-,13.83,AUD
22334,2024-03-05T03:57:46,2024-03-05,190,6,Online,Credit Card,COUPONAZ-0,0.03,AUD
22344,2024-03-05T07:26:55,2024-03-05,539,50,Online,Afterpay,COUPON-Z--,19.38,AUD
22345,2024-03-05T15:43:14,2024-03-05,240,12,Retail,Afterpay,COUPONA-9-,1.54,AUD
22402,2024-03-05T02:30:00,2024-03-05,486,34,Online,PayPal,COUPONA---,15.67,AUD
22417,2024-03-05T14:21:46,2024-03-05,34,37,Retail,PayPal,COUPON---Z,18.37,AUD
22492,2024-03-05T01:21:06,2024-03-05,568,5,Retail,Afterpay,COUPON90--,19.14,AUD
22507,2024-03-05T08:36:27,2024-03-05,631,23,Retail,Credit Card,COUPON-A9-,19.66,AUD
22598,2024-03-05T00:52:33,2024-03-05,555,27,Retail,Credit Card,COUPONZ0-Z,15.94,AUD
22680,2024-03-05T03:16:23,2024-03-05,69,17,Retail,Afterpay,COUPON-Z0A,14.39,AUD
22700,2024-03-05T17:14:17,2024-03-05,397,10,Online,Afterpay,COUPON9A9Z,4.97,AUD
22734,2024-03-05T14:32:12,2024-03-05,290,15,Retail,PayPal,COUPON-0AZ,11.11,AUD
22792,2024-03-05T10:38:37,2024-03-05,422,42,Online,Afterpay,COUPON0A9Z,0.22,AUD
22813,2024-03-05T05:11:10,2024-03-05,82,25,Retail,Credit Card,COUPON-AZZ,7.48,AUD
22898,2024-03-05T02:33:57,2024-03-05,655,31,Online,PayPal,COUPON909A,9.66,AUD
22908,2024-03-05T10:47:53,2024-03-05,241,15,Retail,Credit Card,COUPON9A0A,8.3,AUD
23034,2024-03-05T13:02:03,2024-03-05,726,26,Online,Afterpay,COUPON9A0Z,8.98,AUD
23036,2024-03-05T03:31:28,2024-03-05,432,9,Retail,Afterpay,COUPON99AA,2.39,AUD
23117,2024-03-05T03:19:01,2024-03-05,228,26,Online,PayPal,COUPON9---,13.4,AUD
23128,2024-03-05T02:07:27,2024-03-05,604,14,Online,Credit Card,COUPON9A-Z,19.97,AUD
23134,2024-03-05T14:06:44,2024-03-05,344,3,Online,PayPal,COUPONAZ-A,18.99,AUD
23162,2024-03-05T11:20:18,2024-03-05,595,5,Online,Credit Card,COUPON--A9,5.13,AUD
23471,2024-03-05T13:11:49,2024-03-05,117,46,Retail,Afterpay,COUPON9990,15.32,AUD
23574,2024-03-05T17:13:29,2024-03-05,749,41,Retail,Afterpay,COUPON0-0Z,15.11,AUD
23799,2024-03-05T05:43:25,2024-03-05,361,43,Online,PayPal,COUPON--A0,14.19,AUD
23873,2024-03-05T07:26:32,2024-03-05,466,41,Online,PayPal,COUPON--A0,5.7,AUD
23941,2024-03-05T02:57:11,2024-03-05,675,29,Retail,PayPal,COUPONZA9Z,17.47,AUD
23982,2024-03-05T15:27:26,2024-03-05,27,13,Retail,PayPal,COUPONZA-Z,7.16,AUD
24024,2024-03-05T12:35:21,2024-03-05,391,24,Retail,Credit Card,COUPONA9A-,7.44,AUD
24046,2024-03-05T16:27:30,2024-03-05,423,19,Retail,PayPal,COUPONZ00Z,16.69,AUD
24252,2024-03-05T17:50:33,2024-03-05,265,4,Retail,Afterpay,COUPON9-AZ,15.41,AUD
24280,2024-03-05T22:18:36,2024-03-05,354,45,Online,Afterpay,COUPON--9-,3.02,AUD
24329,2024-03-05T20:32:22,2024-03-05,494,24,Retail,Credit Card,COUPONAA-A,16.17,AUD
24341,2024-03-05T12:20:46,2024-03-05,711,46,Retail,Afterpay,COUPON-0A-,3.69,AUD
24360,2024-03-05T04:12:25,2024-03-05,666,18,Online,Credit Card,COUPONAZ0A,8.14,AUD
24412,2024-03-05T02:54:21,2024-03-05,30,26,Retail,PayPal,COUPON-A9Z,9.06,AUD
24428,2024-03-05T21:42:33,2024-03-05,432,32,Retail,Afterpay,COUPON09--,16.09,AUD
24774,2024-03-05T05:22:28,2024-03-05,677,37,Retail,Credit Card,COUPON----,2.69,AUD
24801,2024-03-05T09:05:59,2024-03-05,98,17,Retail,Credit Card,COUPON--90,18.23,AUD
24885,2024-03-05T17:07:27,2024-03-05,32,40,Retail,Afterpay,COUPON---9,6.42,AUD
24891,2024-03-05T22:23:18,2024-03-05,498,47,Retail,Credit Card,COUPON0ZZ9,9.15,AUD
24923,2024-03-05T15:34:27,2024-03-05,226,3,Online,Credit Card,COUPON9AA-,16.23,AUD
25079,2024-03-05T14:05:37,2024-03-05,340,34,Online,Afterpay,COUPON--00,1.6,AUD
25141,2024-03-05T00:33:28,2024-03-05,22,19,Online,Afterpay,COUPON090A,8.91,AUD
25155,2024-03-05T21:14:05,2024-03-05,85,19,Retail,PayPal,COUPON99AA,13.83,AUD
25171,2024-03-05T05:10:18,2024-03-05,164,17,Retail,Afterpay,COUPON0-Z-,16.9,AUD
25328,2024-03-05T03:25:16,2024-03-05,390,35,Online,PayPal,COUPONZA-0,19.69,AUD
25331,2024-03-05T02:35:11,2024-03-05,282,8,Online,PayPal,COUPONA00A,16.29,AUD
25384,2024-03-05T08:25:12,2024-03-05,3,11,Retail,PayPal,COUPON0Z--,3.42,AUD
25456,2024-03-05T03:11:46,2024-03-05,113,8,Online,Credit Card,COUPON-Z--,10.08,AUD
25491,2024-03-05T08:36:28,2024-03-05,695,14,Retail,Credit Card,COUPONZ90Z,11.7,AUD
25588,2024-03-05T12:15:27,2024-03-05,29,13,Online,PayPal,COUPON9-0-,3.91,AUD
25760,2024-03-05T11:50:02,2024-03-05,123,20,Retail,Afterpay,COUPONA--A,9.79,AUD
25801,2024-03-05T23:18:11,2024-03-05,634,19,Online,Afterpay,COUPON-A-9,14.12,AUD
25946,2024-03-05T14:33:50,2024-03-05,619,11,Online,PayPal,COUPON90--,4.24,AUD
26023,2024-03-05T01:45:05,2024-03-05,128,40,Online,Afterpay,COUPONA00Z,2.45,AUD
26075,2024-03-05T22:36:09,2024-03-05,644,48,Retail,PayPal,COUPONA-09,16.96,AUD
26098,2024-03-05T00:51:25,2024-03-05,420,12,Online,Afterpay,COUPON-90-,16.1,AUD
26102,2024-03-05T01:44:55,2024-03-05,526,43,Retail,Afterpay,COUPONZZAZ,10.05,AUD
26262,2024-03-05T01:42:05,2024-03-05,209,20,Retail,Credit Card,COUPON--9Z,15.51,AUD
26440,2024-03-05T13:24:57,2024-03-05,565,9,Retail,Credit Card,COUPON--9-,19.63,AUD
26529,2024-03-05T09:23:00,2024-03-05,305,43,Retail,Credit Card,COUPONZ-Z-,18.38,AUD
26554,2024-03-05T23:22:20,2024-03-05,282,32,Retail,Afterpay,COUPON9Z9Z,9.95,AUD
26607,2024-03-05T14:23:17,2024-03-05,243,23,Retail,Afterpay,COUPONAZ--,3.37,AUD
26629,2024-03-05T09:19:54,2024-03-05,341,29,Retail,Credit Card,COUPON0-09,7.86,AUD
26754,2024-03-05T03:56:41,2024-03-05,342,25,Online,PayPal,COUPONA9--,17.15,AUD
26824,2024-03-05T04:46:21,2024-03-05,584,32,Retail,PayPal,COUPONZ99-,6.49,AUD
26854,2024-03-05T05:55:32,2024-03-05,492,20,Online,Credit Card,COUPON9-A-,7.49,AUD
26909,2024-03-05T20:46:34,2024-03-05,398,10,Online,PayPal,COUPONZ-AZ,7.99,AUD
26953,2024-03-05T09:31:10,2024-03-05,579,30,Retail,Afterpay,COUPON009Z,6.11,AUD
26972,2024-03-05T13:29:33,2024-03-05,572,26,Online,Afterpay,COUPON-909,10.4,AUD
27032,2024-03-05T01:15:20,2024-03-05,656,9,Retail,Credit Card,COUPONAA--,12.79,AUD
27099,2024-03-05T12:13:25,2024-03-05,77,6,Retail,Credit Card,COUPON-009,5.13,AUD
27202,2024-03-05T22:05:57,2024-03-05,1,29,Online,Afterpay,COUPON9Z9-,5.28,AUD
27204,2024-03-05T00:13:56,2024-03-05,173,18,Retail,PayPal,COUPON9-Z-,3.58,AUD
27240,2024-03-05T06:38:39,2024-03-05,695,22,Online,PayPal,COUPON90--,9.43,AUD
27371,2024-03-05T08:31:45,2024-03-05,194,35,Retail,Afterpay,COUPON09ZZ,0.58,AUD
27427,2024-03-05T16:42:20,2024-03-05,139,22,Retail,PayPal,COUPON-0-A,6.74,AUD
27485,2024-03-05T20:42:37,2024-03-05,433,35,Retail,Afterpay,COUPON-A--,1.43,AUD
27545,2024-03-05T17:20:42,2024-03-05,6,35,Retail,Credit Card,COUPONZ--9,4.92,AUD
27576,2024-03-05T04:34:37,2024-03-05,89,28,Retail,Afterpay,COUPON-909,5.14,AUD
27596,2024-03-05T00:51:46,2024-03-05,559,16,Online,Afterpay,COUPON990A,2.62,AUD
27837,2024-03-05T17:20:08,2024-03-05,14,20,Online,PayPal,COUPON99-9,3.17,AUD
27876,2024-03-05T19:16:38,2024-03-05,215,30,Online,Afterpay,COUPON--AA,3.19,AUD
27933,2024-03-05T01:30:13,2024-03-05,631,13,Online,Afterpay,COUPON-0-A,7.5,AUD
28082,2024-03-05T07:48:36,2024-03-05,656,39,Retail,Afterpay,COUPON-Z0A,16.63,AUD
28344,2024-03-05T12:41:25,2024-03-05,794,15,Online,PayPal,COUPON--AZ,11.31,AUD
28440,2024-03-05T10:22:56,2024-03-05,718,36,Retail,PayPal,COUPON--9-,14.4,AUD
28494,2024-03-05T04:38:02,2024-03-05,734,6,Online,Credit Card,COUPON90-A,10.1,AUD
28692,2024-03-05T10:06:42,2024-03-05,130,19,Retail,Credit Card,COUPONA0Z0,19.98,AUD
28772,2024-03-05T09:57:49,2024-03-05,412,37,Retail,PayPal,COUPON9A--,1.9,AUD
28822,2024-03-05T23:28:54,2024-03-05,8,11,Retail,PayPal,COUPON-99A,19.22,AUD
28842,2024-03-05T07:55:44,2024-03-05,83,17,Online,Afterpay,COUPON--ZZ,10.96,AUD
28856,2024-03-05T13:51:07,2024-03-05,569,3,Retail,Credit Card,COUPON--0Z,19.45,AUD
28999,2024-03-05T22:51:22,2024-03-05,160,12,Retail,Afterpay,COUPONZ---,8.31,AUD
29059,2024-03-05T22:32:34,2024-03-05,659,40,Online,PayPal,COUPONAA9Z,11.6,AUD
29172,2024-03-05T19:56:30,2024-03-05,118,41,Retail,Afterpay,COUPON--Z0,9.99,AUD
29252,2024-03-05T21:40:15,2024-03-05,722,8,Online,Credit Card,COUPON0ZA9,18.82,AUD
29364,2024-03-05T04:53:21,2024-03-05,696,12,Retail,PayPal,COUPON0-9A,4.27,AUD
29597,2024-03-05T07:18:20,2024-03-05,462,33,Retail,Afterpay,COUPON-0A0,1.53,AUD
29738,2024-03-05T14:57:00,2024-03-05,189,50,Retail,Afterpay,COUPON--09,5.99,AUD
29985,2024-03-05T07:57:21,2024-03-05,333,36,Online,Credit Card,COUPONZ900,5.21,AUD
30153,2024-03-05T08:49:11,2024-03-05,413,35,Retail,Credit Card,COUPON0---,12.67,AUD
30178,2024-03-05T14:06:35,2024-03-05,676,17,Retail,Credit Card,COUPON90-0,1.91,AUD
30208,2024-03-05T10:42:22,2024-03-05,623,5,Online,Afterpay,COUPON0-0-,5.5,AUD
30346,2024-03-05T07:18:26,2024-03-05,51,31,Retail,Credit Card,COUPON0-A0,2.3,AUD
30437,2024-03-05T10:57:21,2024-03-05,282,11,Retail,PayPal,COUPONZAAZ,10.51,AUD
30533,2024-03-05T03:23:29,2024-03-05,36,24,Online,Afterpay,COUPON-009,12.28,AUD
30557,2024-03-05T06:07:23,2024-03-05,168,13,Online,PayPal,COUPON---9,3.8,AUD
30842,2024-03-05T04:49:17,2024-03-05,759,22,Online,Credit Card,COUPONAZZ-,6.03,AUD
31189,2024-03-05T22:51:13,2024-03-05,715,36,Retail,PayPal,COUPONZ-0-,12.11,AUD
31191,2024-03-05T22:55:25,2024-03-05,376,8,Online,PayPal,COUPON-Z99,17.79,AUD
31351,2024-03-05T20:56:09,2024-03-05,323,4,Retail,Credit Card,COUPON-9ZA,0.3,AUD
31383,2024-03-05T16:15:13,2024-03-05,265,45,Online,Credit Card,COUPON-9Z0,6.07,AUD
31463,2024-03-05T09:38:57,2024-03-05,745,30,Online,PayPal,COUPON--AZ,18.49,AUD
31573,2024-03-05T04:27:22,2024-03-05,276,44,Online,Credit Card,COUPON9-Z9,8.05,AUD
31599,2024-03-05T04:49:28,2024-03-05,458,25,Retail,Afterpay,COUPON-Z0A,1.86,AUD
31831,2024-03-05T21:16:01,2024-03-05,745,8,Retail,Credit Card,COUPON--9A,1.69,AUD
31866,2024-03-05T11:36:00,2024-03-05,742,10,Online,Afterpay,COUPONA0Z0,4.63,AUD
31924,2024-03-05T17:27:51,2024-03-05,763,47,Online,Credit Card,COUPON-A--,20.0,AUD
32010,2024-03-05T17:11:38,2024-03-05,643,4,Retail,PayPal,COUPON--9Z,5.56,AUD
32107,2024-03-05T03:15:32,2024-03-05,770,45,Retail,Afterpay,COUPON---0,0.2,AUD
32243,2024-03-05T17:35:44,2024-03-05,308,43,Retail,Credit Card,COUPON00Z-,5.79,AUD
32466,2024-03-05T07:56:11,2024-03-05,33,12,Retail,Afterpay,COUPONZZ0-,8.27,AUD
32514,2024-03-05T04:38:34,2024-03-05,205,41,Retail,Credit Card,COUPONA-Z-,15.69,AUD
32541,2024-03-05T10:07:02,2024-03-05,692,8,Retail,Credit Card,COUPON0--Z,9.53,AUD
32689,2024-03-05T15:20:36,2024-03-05,755,30,Online,PayPal,COUPON-09-,6.37,AUD
32702,2024-03-05T22:28:43,2024-03-05,451,41,Online,Credit Card,COUPON----,7.55,AUD
32745,2024-03-05T15:47:09,2024-03-05,723,44,Online,Credit Card,COUPON-ZAA,18.29,AUD
32767,2024-03-05T04:21:20,2024-03-05,51,19,Online,Afterpay,COUPON--0-,7.56,AUD
32809,2024-03-05T16:31:24,2024-03-05,117,39,Online,PayPal,COUPON0-Z0,19.9,AUD
32939,2024-03-05T05:50:24,2024-03-05,338,6,Online,Credit Card,COUPONZ---,6.97,AUD
33134,2024-03-05T13:42:39,2024-03-05,743,47,Retail,Credit Card,COUPONA-0Z,18.61,AUD
33213,2024-03-05T03:37:01,2024-03-05,15,7,Retail,Afterpay,COUPONZ-A-,13.08,AUD
33359,2024-03-05T03:56:23,2024-03-05,555,46,Retail,PayPal,COUPONZZ9-,10.8,AUD
33397,2024-03-05T02:18:56,2024-03-05,232,40,Online,PayPal,COUPON-9--,1.61,AUD
33444,2024-03-05T12:38:17,2024-03-05,135,23,Online,Credit Card,COUPON-Z-9,8.8,AUD
33471,2024-03-05T09:55:35,2024-03-05,67,25,Online,Afterpay,COUPONA9-9,13.82,AUD
33517,2024-03-05T23:37:02,2024-03-05,368,34,Retail,Credit Card,COUPON99A-,4.21,AUD
33526,2024-03-05T07:45:59,2024-03-05,332,49,Online,Afterpay,COUPON0-00,13.71,AUD
33588,2024-03-05T03:07:51,2024-03-05,75,46,Retail,Afterpay,COUPONZ0Z9,10.47,AUD
33600,2024-03-05T04:56:47,2024-03-05,445,48,Retail,Afterpay,COUPON-A90,0.74,AUD
33690,2024-03-05T19:52:56,2024-03-05,731,18,Online,Credit Card,COUPON9-9Z,2.39,AUD
33727,2024-03-05T06:15:36,2024-03-05,630,27,Online,PayPal,COUPON----,7.92,AUD
33949,2024-03-05T20:55:58,2024-03-05,29,3,Retail,PayPal,COUPON---A,12.93,AUD
33996,2024-03-05T05:50:48,2024-03-05,296,42,Retail,PayPal,COUPON9A0-,6.38,AUD
34158,2024-03-05T06:21:21,2024-03-05,401,8,Online,Afterpay,COUPON9Z0-,1.57,AUD
34169,2024-03-05T14:20:04,2024-03-05,522,4,Online,Afterpay,COUPONZA90,16.09,AUD
34275,2024-03-05T18:29:34,2024-03-05,401,46,Retail,PayPal,COUPONZ9Z0,14.43,AUD
34387,2024-03-05T04:10:20,2024-03-05,502,35,Online,PayPal,COUPONAA0-,8.52,AUD
34406,2024-03-05T02:42:53,2024-03-05,337,45,Retail,Afterpay,COUPONAZ-Z,17.57,AUD
34662,2024-03-05T10:20:33,2024-03-05,103,49,Online,Afterpay,COUPON--AA,5.45,AUD
34767,2024-03-05T07:01:53,2024-03-05,675,23,Retail,Credit Card,COUPON9-ZZ,3.39,AUD
34768,2024-03-05T07:59:21,2024-03-05,787,33,Retail,Afterpay,COUPON--9-,13.7,AUD
34932,2024-03-05T00:33:55,2024-03-05,130,25,Online,Afterpay,COUPON9---,13.96,AUD
35089,2024-03-05T05:19:48,2024-03-05,539,28,Retail,Afterpay,COUPON--0-,15.54,AUD
35217,2024-03-05T17:08:58,2024-03-05,281,45,Online,PayPal,COUPON-A9-,13.4,AUD
35306,2024-03-05T17:31:48,2024-03-05,521,18,Online,PayPal,COUPON09Z-,13.99,AUD
35317,2024-03-05T16:27:52,2024-03-05,100,38,Online,Credit Card,COUPON---A,11.14,AUD
35339,2024-03-05T16:19:33,2024-03-05,540,42,Retail,PayPal,COUPON--A9,5.65,AUD
35448,2024-03-05T03:32:06,2024-03-05,717,40,Retail,Credit Card,COUPON099-,12.2,AUD
35693,2024-03-05T17:16:41,2024-03-05,126,15,Retail,PayPal,COUPON--A9,13.31,AUD
35697,2024-03-05T04:17:24,2024-03-05,344,19,Online,PayPal,COUPON9-A0,4.71,AUD
35719,2024-03-05T18:20:00,2024-03-05,735,46,Retail,Afterpay,COUPON9---,11.16,AUD
35766,2024-03-05T18:11:33,2024-03-05,645,26,Online,Afterpay,COUPON0--0,13.56,AUD
35795,2024-03-05T04:09:26,2024-03-05,413,48,Online,Credit Card,COUPON9---,0.76,AUD
35823,2024-03-05T18:27:07,2024-03-05,59,24,Online,Afterpay,COUPON0-Z0,5.22,AUD
35847,2024-03-05T03:15:56,2024-03-05,85,26,Retail,PayPal,COUPONA-0-,14.81,AUD
35889,2024-03-05T16:22:17,2024-03-05,108,19,Online,PayPal,COUPONZZ00,1.17,AUD
35967,2024-03-05T01:26:01,2024-03-05,378,4,Retail,PayPal,COUPON-Z09,18.46,AUD
36049,2024-03-05T07:08:37,2024-03-05,132,29,Online,Afterpay,COUPONZ--A,5.09,AUD
36390,2024-03-05T03:57:41,2024-03-05,628,13,Online,Credit Card,COUPON0Z--,16.49,AUD
36399,2024-03-05T01:43:21,2024-03-05,251,33,Online,PayPal,COUPONA9A9,19.0,AUD
36431,2024-03-05T08:36:07,2024-03-05,319,35,Retail,PayPal,COUPON0ZZ-,9.99,AUD
36459,2024-03-05T07:32:42,2024-03-05,672,11,Retail,Afterpay,COUPON9A-A,8.01,AUD
36550,2024-03-05T15:10:40,2024-03-05,770,7,Retail,Afterpay,COUPON0ZZ-,18.06,AUD
36636,2024-03-05T20:34:37,2024-03-05,658,32,Retail,Credit Card,COUPON0-0Z,4.88,AUD
36710,2024-03-05T21:42:56,2024-03-05,354,46,Online,PayPal,COUPONA-Z-,14.27,AUD
36796,2024-03-05T05:01:00,2024-03-05,327,3,Retail,Credit Card,COUPON-AZ-,17.03,AUD
36907,2024-03-05T07:21:40,2024-03-05,725,42,Retail,Credit Card,COUPONZ0Z-,2.29,AUD
36929,2024-03-05T09:55:25,2024-03-05,454,41,Retail,Credit Card,COUPONZ909,0.8,AUD
36964,2024-03-05T08:17:59,2024-03-05,655,14,Retail,Afterpay,COUPONA0-0,5.74,AUD
37018,2024-03-05T17:19:31,2024-03-05,668,9,Retail,Afterpay,COUPON---Z,11.2,AUD
37036,2024-03-05T02:47:45,2024-03-05,441,45,Online,PayPal,COUPON-9-0,14.33,AUD
37559,2024-03-05T01:24:53,2024-03-05,156,12,Online,Credit Card,COUPON0ZZ-,15.34,AUD
37564,2024-03-05T16:02:48,2024-03-05,472,44,Retail,Afterpay,COUPON9-0A,2.23,AUD
37573,2024-03-05T01:44:01,2024-03-05,661,47,Retail,PayPal,COUPONA--0,6.72,AUD
37598,2024-03-05T05:28:32,2024-03-05,755,50,Retail,PayPal,COUPONA--0,8.84,AUD
37919,2024-03-05T16:31:46,2024-03-05,605,8,Online,Credit Card,COUPON00ZZ,19.7,AUD
38016,2024-03-05T02:36:27,2024-03-05,493,5,Online,Credit Card,COUPON-9-0,3.63,AUD
38053,2024-03-05T22:35:22,2024-03-05,24,47,Retail,Credit Card,COUPONA90-,7.95,AUD
38306,2024-03-05T12:02:59,2024-03-05,717,14,Retail,PayPal,COUPONA-9-,16.33,AUD
38348,2024-03-05T05:17:20,2024-03-05,309,47,Online,Afterpay,COUPONA-0-,12.33,AUD
38393,2024-03-05T17:57:42,2024-03-05,627,11,Online,Credit Card,COUPONA90Z,11.71,AUD
38527,2024-03-05T02:58:02,2024-03-05,170,43,Online,Credit Card,COUPON-9--,9.07,AUD
38771,2024-03-05T22:06:23,2024-03-05,357,37,Online,Credit Card,COUPON--AZ,14.75,AUD
38973,2024-03-05T16:53:10,2024-03-05,632,38,Online,PayPal,COUPONZZ0Z,0.07,AUD
39090,2024-03-05T13:15:40,2024-03-05,418,14,Retail,Credit Card,COUPON-A99,19.29,AUD
39297,2024-03-05T03:18:19,2024-03-05,541,36,Online,Afterpay,COUPON909-,4.78,AUD
39307,2024-03-05T01:48:13,2024-03-05,748,49,Retail,PayPal,COUPON99-A,8.99,AUD
39376,2024-03-05T02:34:00,2024-03-05,391,18,Retail,PayPal,COUPONZA09,13.33,AUD
39456,2024-03-05T12:42:08,2024-03-05,615,46,Online,Afterpay,COUPONZ-00,6.1,AUD
39465,2024-03-05T01:41:23,2024-03-05,9,8,Online,PayPal,COUPON0-0-,3.52,AUD
39876,2024-03-05T12:24:52,2024-03-05,446,3,Online,Afterpay,COUPON0---,4.28,AUD
39929,2024-03-05T04:40:45,2024-03-05,387,8,Online,Credit Card,COUPONZ-A-,19.0,AUD
40146,2024-03-05T03:14:20,2024-03-05,441,22,Retail,PayPal,COUPON-AAZ,2.6,AUD
40202,2024-03-05T18:35:41,2024-03-05,400,32,Retail,PayPal,COUPON-00A,6.8,AUD
40290,2024-03-05T17:58:33,2024-03-05,242,25,Retail,PayPal,COUPON0--A,19.02,AUD
40570,2024-03-05T17:48:35,2024-03-05,389,25,Retail,PayPal,COUPON-9-Z,19.73,AUD
40614,2024-03-05T11:47:11,2024-03-05,6,35,Retail,Credit Card,COUPON0AZ-,13.54,AUD
40637,2024-03-05T04:18:15,2024-03-05,720,2,Retail,PayPal,COUPON9Z--,1.32,AUD
40757,2024-03-05T12:51:51,2024-03-05,796,17,Online,Credit Card,COUPON9---,12.58,AUD
40772,2024-03-05T14:59:56,2024-03-05,356,48,Online,Credit Card,COUPON-A--,9.37,AUD
41002,2024-03-05T09:32:09,2024-03-05,528,34,Retail,Afterpay,COUPON90--,9.48,AUD
41113,2024-03-05T19:47:05,2024-03-05,257,37,Retail,Afterpay,COUPON-999,0.52,AUD
41278,2024-03-05T10:32:46,2024-03-05,535,2,Online,PayPal,COUPON-0--,19.96,AUD
41302,2024-03-05T12:12:58,2024-03-05,183,17,Retail,PayPal,COUPONA99-,13.17,AUD
41436,2024-03-05T07:18:15,2024-03-05,277,20,Online,Afterpay,COUPON0Z9-,0.76,AUD
41507,2024-03-05T01:35:52,2024-03-05,65,11,Retail,Afterpay,COUPON--A-,8.84,AUD
41600,2024-03-05T14:25:22,2024-03-05,201,48,Online,PayPal,COUPON--Z-,1.19,AUD
41669,2024-03-05T06:32:38,2024-03-05,787,36,Online,Credit Card,COUPON9-AZ,18.05,AUD
41736,2024-03-05T16:14:04,2024-03-05,768,5,Online,Afterpay,COUPONA-9-,0.95,AUD
41864,2024-03-05T07:33:20,2024-03-05,557,28,Online,Afterpay,COUPON0-A9,13.93,AUD
41945,2024-03-05T15:10:45,2024-03-05,346,11,Online,Afterpay,COUPON-9A9,6.21,AUD
42057,2024-03-05T17:14:50,2024-03-05,236,40,Retail,Credit Card,COUPON9A00,19.82,AUD
42195,2024-03-05T08:47:04,2024-03-05,244,24,Retail,Afterpay,COUPONAA-9,19.55,AUD
42386,2024-03-05T08:56:44,2024-03-05,285,43,Online,Credit Card,COUPONZ-A0,17.02,AUD
42445,2024-03-05T14:55:22,2024-03-05,754,31,Retail,Credit Card,COUPON--Z-,13.16,AUD
42481,2024-03-05T13:11:16,2024-03-05,627,41,Retail,PayPal,COUPON-90-,8.42,AUD
42500,2024-03-05T05:39:37,2024-03-05,704,28,Online,Credit Card,COUPON99--,7.02,AUD
42620,2024-03-05T10:40:06,2024-03-05,710,35,Online,Credit Card,COUPON0-9A,8.33,AUD
42648,2024-03-05T16:03:34,2024-03-05,655,39,Online,Afterpay,COUPON9A-A,14.71,AUD
42882,2024-03-05T16:13:03,2024-03-05,84,30,Online,Afterpay,COUPON0Z-A,13.71,AUD
42969,2024-03-05T10:25:49,2024-03-05,80,33,Retail,Credit Card,COUPON-A09,18.38,AUD
43033,2024-03-05T00:32:18,2024-03-05,580,8,Retail,Afterpay,COUPONZAAZ,7.49,AUD
43242,2024-03-05T13:11:33,2024-03-05,427,34,Online,PayPal,COUPON00-9,16.96,AUD
43266,2024-03-05T23:39:09,2024-03-05,602,2,Retail,Afterpay,COUPON-Z99,3.42,AUD
43290,2024-03-05T11:00:53,2024-03-05,336,4,Online,Afterpay,COUPON9AAA,7.34,AUD
43388,2024-03-05T05:55:00,2024-03-05,624,49,Retail,Credit Card,COUPON-A-A,16.26,AUD
43562,2024-03-05T05:25:22,2024-03-05,183,30,Retail,PayPal,COUPONZ9ZZ,1.87,AUD
43575,2024-03-05T20:42:10,2024-03-05,700,23,Retail,Credit Card,COUPONA00A,11.56,AUD
43606,2024-03-05T11:21:05,2024-03-05,305,32,Online,PayPal,COUPONZ-ZA,4.07,AUD
43656,2024-03-05T11:16:34,2024-03-05,103,37,Online,PayPal,COUPON9-Z0,1.08,AUD
43667,2024-03-05T18:50:11,2024-03-05,800,29,Online,PayPal,COUPONZZZA,18.93,AUD
43675,2024-03-05T00:31:26,2024-03-05,790,14,Retail,Credit Card,COUPONA--9,16.82,AUD
43700,2024-03-05T06:29:11,2024-03-05,308,15,Online,Credit Card,COUPON-09-,7.43,AUD
43933,2024-03-05T05:34:35,2024-03-05,674,13,Retail,Credit Card,COUPONZ-A9,16.21,AUD
43977,2024-03-05T05:52:21,2024-03-05,754,25,Online,Credit Card,COUPON-Z--,0.77,AUD
44284,2024-03-05T08:04:06,2024-03-05,18,3,Online,Afterpay,COUPONZA90,0.37,AUD
44316,2024-03-05T02:33:38,2024-03-05,354,43,Retail,Credit Card,COUPONA-0-,16.89,AUD
44486,2024-03-05T07:35:16,2024-03-05,252,23,Online,PayPal,COUPONZA-9,7.46,AUD
44528,2024-03-05T15:40:34,2024-03-05,445,27,Online,Afterpay,COUPONA-9A,18.37,AUD
44641,2024-03-05T09:26:12,2024-03-05,402,29,Retail,Afterpay,COUPONA-Z-,17.45,AUD
44732,2024-03-05T05:36:46,2024-03-05,595,45,Retail,Afterpay,COUPONA0-9,7.8,AUD
45103,2024-03-05T12:37:48,2024-03-05,382,19,Retail,Afterpay,COUPON--9Z,9.42,AUD
45156,2024-03-05T04:58:36,2024-03-05,26,37,Online,PayPal,COUPON90A-,16.96,AUD
45292,2024-03-05T15:04:32,2024-03-05,132,38,Online,PayPal,COUPON9--Z,8.88,AUD
45341,2024-03-05T07:15:32,2024-03-05,800,37,Online,PayPal,COUPON0999,11.24,AUD
45380,2024-03-05T02:11:54,2024-03-05,541,44,Online,PayPal,COUPON9--0,17.98,AUD
45461,2024-03-05T12:12:48,2024-03-05,687,5,Retail,Credit Card,COUPON90ZA,15.76,AUD
45470,2024-03-05T14:13:54,2024-03-05,97,32,Online,Credit Card,COUPONZ0--,1.07,AUD
45532,2024-03-05T04:40:01,2024-03-05,164,20,Online,PayPal,COUPONA--A,1.96,AUD
45836,2024-03-05T02:38:59,2024-03-05,762,30,Online,PayPal,COUPON-0AA,1.89,AUD
45844,2024-03-05T15:19:21,2024-03-05,372,47,Retail,Credit Card,COUPONZZ-9,2.61,AUD
45858,2024-03-05T23:30:59,2024-03-05,668,25,Retail,PayPal,COUPON9ZA0,9.35,AUD
46276,2024-03-05T10:20:28,2024-03-05,727,50,Retail,PayPal,COUPONZ9ZZ,15.72,AUD
46286,2024-03-05T21:11:59,2024-03-05,423,31,Online,Credit Card,COUPON0--9,1.28,AUD
46523,2024-03-05T14:55:49,2024-03-05,732,47,Retail,Credit Card,COUPONA9ZZ,6.47,AUD
46619,2024-03-05T20:03:24,2024-03-05,693,28,Retail,Credit Card,COUPONA0Z-,0.92,AUD
46692,2024-03-05T09:28:25,2024-03-05,572,10,Online,Credit Card,COUPONA99-,2.62,AUD
46694,2024-03-05T06:35:27,2024-03-05,283,46,Online,PayPal,COUPON-A-Z,10.77,AUD
46723,2024-03-05T11:06:31,2024-03-05,697,46,Retail,Afterpay,COUPON-Z9A,15.42,AUD
46730,2024-03-05T14:34:15,2024-03-05,756,14,Retail,PayPal,COUPON0-A9,2.58,AUD
46767,2024-03-05T15:27:09,2024-03-05,117,45,Online,Credit Card,COUPON----,3.24,AUD
46952,2024-03-05T03:43:10,2024-03-05,655,3,Online,Afterpay,COUPON-9AA,2.05,AUD
47024,2024-03-05T14:13:17,2024-03-05,103,43,Online,Afterpay,COUPONAZ-Z,4.47,AUD
47076,2024-03-05T02:57:12,2024-03-05,412,22,Online,Afterpay,COUPON----,9.15,AUD
47124,2024-03-05T01:43:26,2024-03-05,20,43,Retail,Credit Card,COUPONZA-Z,6.88,AUD
47174,2024-03-05T16:36:54,2024-03-05,675,24,Online,PayPal,COUPONA--A,4.41,AUD
47372,2024-03-05T01:09:55,2024-03-05,607,29,Online,Afterpay,COUPONAA--,16.33,AUD
47391,2024-03-05T01:10:12,2024-03-05,616,6,Online,PayPal,COUPON9---,16.76,AUD
47430,2024-03-05T01:13:40,2024-03-05,521,17,Online,Credit Card,COUPON--9Z,12.08,AUD
47472,2024-03-05T00:54:27,2024-03-05,149,41,Retail,PayPal,COUPONZ---,2.53,AUD
47546,2024-03-05T19:16:24,2024-03-05,3,15,Retail,Afterpay,COUPONA-0-,0.6,AUD
47640,2024-03-05T18:48:34,2024-03-05,707,44,Retail,Afterpay,COUPONA0ZA,15.93,AUD
47662,2024-03-05T07:14:02,2024-03-05,685,22,Online,Credit Card,COUPONA0-9,19.86,AUD
47738,2024-03-05T08:36:37,2024-03-05,417,40,Online,Afterpay,COUPONZ-A0,13.08,AUD
47949,2024-03-05T11:20:11,2024-03-05,363,16,Retail,Credit Card,COUPON0-0-,4.37,AUD
48021,2024-03-05T01:03:37,2024-03-05,759,22,Online,Credit Card,COUPON-0A9,6.29,AUD
48092,2024-03-05T20:24:07,2024-03-05,432,48,Retail,PayPal,COUPONZ-AA,11.42,AUD
48273,2024-03-05T17:09:43,2024-03-05,647,19,Online,Credit Card,COUPONA-0Z,11.07,AUD
48284,2024-03-05T14:51:59,2024-03-05,293,43,Online,PayPal,COUPONAZAA,16.24,AUD
48343,2024-03-05T18:17:29,2024-03-05,604,19,Retail,Credit Card,COUPON90--,8.59,AUD
48480,2024-03-05T10:48:53,2024-03-05,414,22,Online,Credit Card,COUPONAA-A,11.78,AUD
48543,2024-03-05T02:23:28,2024-03-05,524,14,Online,Afterpay,COUPON9A90,10.98,AUD
48597,2024-03-05T01:46:39,2024-03-05,176,21,Retail,Credit Card,COUPON0A99,12.55,AUD
48755,2024-03-05T00:22:18,2024-03-05,127,44,Online,Afterpay,COUPON-99Z,18.6,AUD
48819,2024-03-05T02:41:42,2024-03-05,299,6,Retail,Credit Card,COUPON----,19.88,AUD
48840,2024-03-05T15:06:43,2024-03-05,183,36,Retail,Credit Card,COUPONA9ZA,12.44,AUD
48907,2024-03-05T02:49:20,2024-03-05,487,5,Retail,Credit Card,COUPONZ0--,7.86,AUD
48998,2024-03-05T13:05:53,2024-03-05,375,13,Retail,Credit Card,COUPONAA99,1.36,AUD
49119,2024-03-05T12:10:38,2024-03-05,55,43,Retail,Credit Card,COUPONZ-0A,2.52,AUD
49414,2024-03-05T18:56:47,2024-03-05,99,27,Online,PayPal,COUPON00AZ,3.36,AUD
49468,2024-03-05T03:59:49,2024-03-05,579,10,Retail,Afterpay,COUPON0AA-,9.65,AUD
49655,2024-03-05T23:28:49,2024-03-05,540,12,Online,Afterpay,COUPON90-9,4.25,AUD
49814,2024-03-05T15:26:07,2024-03-05,92,6,Retail,Afterpay,COUPON-AA0,11.65,AUD
49860,2024-03-05T15:28:34,2024-03-05,392,23,Online,Credit Card,COUPON--99,13.16,AUD
49929,2024-03-05T12:14:13,2024-03-05,365,45,Online,PayPal,COUPONZZ-0,11.66,AUD
50006,2024-03-05T19:36:04,2024-03-05,143,47,Retail,Afterpay,COUPON9-AA,3.56,AUD
50008,2024-03-05T12:02:45,2024-03-05,410,35,Online,Afterpay,COUPON-09-,4.33,AUD
50034,2024-03-05T20:19:36,2024-03-05,662,27,Online,Credit Card,COUPON9--9,9.9,AUD
50082,2024-03-05T03:30:08,2024-03-05,196,41,Online,Afterpay,COUPON9ZAA,2.61,AUD
50108,2024-03-05T04:46:38,2024-03-05,312,42,Retail,PayPal,COUPON--Z-,7.58,AUD
50126,2024-03-05T02:19:20,2024-03-05,467,5,Online,PayPal,COUPON9A-A,11.26,AUD
50438,2024-03-05T19:14:34,2024-03-05,702,22,Online,Credit Card,COUPON--9Z,6.79,AUD
50540,2024-03-05T20:07:44,2024-03-05,461,47,Online,PayPal,COUPON0-9A,3.97,AUD
50671,2024-03-05T00:38:19,2024-03-05,165,32,Retail,PayPal,COUPON-0AA,3.56,AUD
50782,2024-03-05T07:50:22,2024-03-05,615,48,Online,Credit Card,COUPON-Z0A,11.79,AUD
51042,2024-03-05T08:21:16,2024-03-05,232,42,Online,PayPal,COUPONAA-Z,10.66,AUD
51048,2024-03-05T18:01:01,2024-03-05,220,21,Online,PayPal,COUPON----,12.85,AUD
51171,2024-03-05T15:34:40,2024-03-05,753,7,Retail,PayPal,COUPONZA-A,9.08,AUD
51184,2024-03-05T16:38:51,2024-03-05,697,29,Retail,Afterpay,COUPON909-,12.67,AUD
51197,2024-03-05T22:33:19,2024-03-05,453,6,Retail,Afterpay,COUPON-A-Z,10.83,AUD
51233,2024-03-05T14:09:57,2024-03-05,695,22,Online,Afterpay,COUPON9-ZA,15.7,AUD
51255,2024-03-05T19:51:11,2024-03-05,511,47,Online,Afterpay,COUPON-A0A,5.43,AUD
51563,2024-03-05T18:15:06,2024-03-05,689,19,Retail,Afterpay,COUPON--A9,4.7,AUD
51674,2024-03-05T02:00:14,2024-03-05,595,36,Online,Credit Card,COUPON--A0,15.19,AUD
51755,2024-03-05T06:31:14,2024-03-05,59,46,Retail,PayPal,COUPON9AZ0,5.3,AUD
51854,2024-03-05T00:24:31,2024-03-05,547,43,Online,Credit Card,COUPON-A0A,13.39,AUD
51983,2024-03-05T16:02:35,2024-03-05,771,35,Retail,Credit Card,COUPON999-,2.87,AUD
52025,2024-03-05T10:40:19,2024-03-05,763,22,Retail,Afterpay,COUPON--A-,12.91,AUD
52182,2024-03-05T23:42:26,2024-03-05,596,50,Retail,Credit Card,COUPON0090,8.99,AUD
52307,2024-03-05T19:29:08,2024-03-05,654,42,Retail,Afterpay,COUPON-ZA9,3.72,AUD
52332,2024-03-05T19:48:36,2024-03-05,379,35,Retail,PayPal,COUPON-99-,13.1,AUD
52517,2024-03-05T15:12:54,2024-03-05,453,47,Retail,Afterpay,COUPON-Z90,10.72,AUD
52586,2024-03-05T02:02:55,2024-03-05,556,23,Online,PayPal,COUPON99AA,2.88,AUD
52766,2024-03-05T19:11:06,2024-03-05,628,21,Online,Afterpay,COUPON-A0Z,14.6,AUD
52771,2024-03-05T17:37:46,2024-03-05,711,35,Retail,Credit Card,COUPON-A09,0.47,AUD
53156,2024-03-05T09:59:12,2024-03-05,279,30,Retail,PayPal,COUPON9Z--,18.24,AUD
53240,2024-03-05T22:09:38,2024-03-05,220,31,Online,Credit Card,COUPONA0AZ,19.64,AUD
53359,2024-03-05T08:18:13,2024-03-05,137,1,Retail,Credit Card,COUPON0A90,5.28,AUD
53468,2024-03-05T14:59:34,2024-03-05,777,7,Retail,Credit Card,COUPON9---,4.52,AUD
53565,2024-03-05T07:31:27,2024-03-05,416,42,Online,PayPal,COUPON-990,7.66,AUD
53879,2024-03-05T17:07:17,2024-03-05,171,6,Retail,Afterpay,COUPONZ9Z0,13.74,AUD
53904,2024-03-05T11:09:12,2024-03-05,766,4,Online,Afterpay,COUPON---A,9.26,AUD
54058,2024-03-05T07:42:50,2024-03-05,376,7,Retail,Credit Card,COUPONA-00,19.32,AUD
54078,2024-03-05T00:07:09,2024-03-05,245,32,Online,Afterpay,COUPON-A-0,4.43,AUD
54175,2024-03-05T23:50:27,2024-03-05,97,45,Retail,Afterpay,COUPON-00A,16.87,AUD
54366,2024-03-05T02:22:36,2024-03-05,502,12,Online,PayPal,COUPONA-0-,18.69,AUD
54375,2024-03-05T06:01:23,2024-03-05,29,37,Retail,Credit Card,COUPON-0--,13.84,AUD
54417,2024-03-05T13:47:35,2024-03-05,349,45,Retail,Credit Card,COUPON-0-Z,6.9,AUD
54453,2024-03-05T12:46:34,2024-03-05,235,33,Online,Afterpay,COUPONAA--,7.63,AUD
54469,2024-03-05T16:02:04,2024-03-05,614,6,Online,Credit Card,COUPON090A,4.96,AUD
54526,2024-03-05T08:25:41,2024-03-05,408,6,Retail,Credit Card,COUPONAA0-,11.01,AUD
54543,2024-03-05T18:41:28,2024-03-05,753,24,Online,Afterpay,COUPONA099,7.47,AUD
54544,2024-03-05T07:50:43,2024-03-05,784,39,Retail,Afterpay,COUPON--0-,3.31,AUD
54614,2024-03-05T13:12:16,2024-03-05,99,20,Online,Credit Card,COUPONA--9,11.88,AUD
54716,2024-03-05T03:31:59,2024-03-05,285,37,Retail,PayPal,COUPON90Z0,16.79,AUD
54800,2024-03-05T08:40:13,2024-03-05,718,35,Online,PayPal,COUPON0Z9A,16.63,AUD
54864,2024-03-05T09:21:49,2024-03-05,439,48,Retail,PayPal,COUPONAZ-9,2.93,AUD
55046,2024-03-05T07:37:23,2024-03-05,367,16,Retail,Credit Card,COUPON-A0A,19.36,AUD
55097,2024-03-05T02:01:42,2024-03-05,247,34,Retail,PayPal,COUPONZ0Z9,18.7,AUD
55102,2024-03-05T11:51:44,2024-03-05,283,21,Online,PayPal,COUPON--9-,19.42,AUD
55117,2024-03-05T15:10:00,2024-03-05,42,34,Online,Credit Card,COUPON--90,11.57,AUD
55171,2024-03-05T03:48:18,2024-03-05,556,42,Online,PayPal,COUPON---0,8.36,AUD
55208,2024-03-05T19:58:36,2024-03-05,176,26,Retail,Afterpay,COUPONA9-9,4.59,AUD
55384,2024-03-05T13:50:25,2024-03-05,365,1,Online,Credit Card,COUPON9-Z-,11.92,AUD
55400,2024-03-05T05:46:51,2024-03-05,309,5,Retail,PayPal,COUPON0--Z,8.49,AUD
55430,2024-03-05T22:00:27,2024-03-05,485,18,Retail,PayPal,COUPON-ZAZ,0.16,AUD
55572,2024-03-05T23:37:21,2024-03-05,271,31,Online,PayPal,COUPON0A0-,16.69,AUD
55635,2024-03-05T06:49:01,2024-03-05,269,17,Online,Credit Card,COUPON-Z-9,16.86,AUD
55705,2024-03-05T17:57:47,2024-03-05,744,45,Online,Credit Card,COUPON-ZZ0,14.23,AUD
55842,2024-03-05T12:42:48,2024-03-05,228,8,Online,Credit Card,COUPON9Z09,14.78,AUD
55925,2024-03-05T02:02:39,2024-03-05,14,4,Online,Afterpay,COUPON9A-9,3.66,AUD
56074,2024-03-05T09:29:15,2024-03-05,447,5,Online,PayPal,COUPON-009,19.62,AUD
56191,2024-03-05T21:35:44,2024-03-05,284,1,Online,PayPal,COUPON0-A0,18.91,AUD
56195,2024-03-05T20:24:15,2024-03-05,142,11,Retail,Afterpay,COUPON-Z--,18.99,AUD
56304,2024-03-05T15:03:27,2024-03-05,510,3,Online,Credit Card,COUPON9A-A,12.77,AUD
56378,2024-03-05T15:08:20,2024-03-05,752,5,Retail,Afterpay,COUPON00--,9.92,AUD
56408,2024-03-05T19:13:07,2024-03-05,553,15,Online,Credit Card,COUPONZAZA,7.38,AUD
56556,2024-03-05T15:11:54,2024-03-05,534,17,Online,Credit Card,COUPON09-A,15.19,AUD
56769,2024-03-05T21:44:08,2024-03-05,257,13,Online,PayPal,COUPON000Z,7.44,AUD
56871,2024-03-05T21:41:42,2024-03-05,211,8,Online,PayPal,COUPON0--9,16.37,AUD
57111,2024-03-05T02:30:38,2024-03-05,765,42,Online,Afterpay,COUPON-AZ-,8.04,AUD
57671,2024-03-05T22:48:14,2024-03-05,439,23,Retail,Credit Card,COUPONA9-Z,8.64,AUD
57722,2024-03-05T21:08:58,2024-03-05,536,23,Retail,PayPal,COUPON-0-Z,2.11,AUD
57724,2024-03-05T19:40:28,2024-03-05,91,39,Retail,PayPal,COUPON-AAZ,2.79,AUD
57823,2024-03-05T19:44:50,2024-03-05,450,10,Retail,Credit Card,COUPONA0--,19.68,AUD
57926,2024-03-05T19:41:43,2024-03-05,51,7,Online,PayPal,COUPONA909,17.92,AUD
57942,2024-03-05T11:11:37,2024-03-05,371,22,Online,Credit Card,COUPONAA09,15.19,AUD
57955,2024-03-05T23:50:57,2024-03-05,11,28,Retail,Afterpay,COUPON9A-Z,12.85,AUD
58052,2024-03-05T12:14:36,2024-03-05,665,14,Online,PayPal,COUPON--ZZ,1.28,AUD
58103,2024-03-05T21:27:52,2024-03-05,376,4,Retail,Afterpay,COUPONA--A,6.33,AUD
58245,2024-03-05T04:19:38,2024-03-05,410,26,Online,Credit Card,COUPON--ZA,10.89,AUD
58547,2024-03-05T00:24:51,2024-03-05,70,30,Retail,Credit Card,COUPONZ9A-,2.83,AUD
58549,2024-03-05T21:01:25,2024-03-05,741,29,Retail,Afterpay,COUPONA-9Z,1.53,AUD
58644,2024-03-05T20:26:00,2024-03-05,220,36,Online,Credit Card,COUPONA---,9.0,AUD
58696,2024-03-05T16:23:53,2024-03-05,751,45,Online,PayPal,COUPON9Z0Z,2.96,AUD
58916,2024-03-05T01:32:55,2024-03-05,656,12,Online,Afterpay,COUPON0A0-,18.58,AUD
58919,2024-03-05T21:16:49,2024-03-05,512,14,Retail,Afterpay,COUPONAAZZ,6.57,AUD
58973,2024-03-05T23:11:46,2024-03-05,746,30,Online,Afterpay,COUPONA9-A,15.67,AUD
59008,2024-03-05T02:07:44,2024-03-05,240,38,Online,Afterpay,COUPON0A0-,10.74,AUD
59323,2024-03-05T20:59:32,2024-03-05,670,20,Retail,Afterpay,COUPONA-ZA,14.85,AUD
59440,2024-03-05T17:06:01,2024-03-05,3,37,Online,Afterpay,COUPONA-Z-,1.11,AUD
59551,2024-03-05T09:54:26,2024-03-05,337,35,Retail,Credit Card,COUPONA-ZA,14.89,AUD
59696,2024-03-05T22:06:55,2024-03-05,337,7,Retail,Afterpay,COUPONZ0A-,8.68,AUD
59814,2024-03-05T14:53:46,2024-03-05,769,23,Retail,Credit Card,COUPON9A--,11.17,AUD
59881,2024-03-05T22:59:13,2024-03-05,487,33,Retail,PayPal,COUPON90AZ,10.08,AUD
60014,2024-03-05T07:55:28,2024-03-05,212,7,Retail,PayPal,COUPON-ZA9,12.47,AUD
60072,2024-03-05T21:52:06,2024-03-05,223,7,Retail,PayPal,COUPON-9-A,4.1,AUD
60178,2024-03-05T17:26:09,2024-03-05,292,4,Retail,Credit Card,COUPONZ0A0,8.09,AUD
60229,2024-03-05T01:36:36,2024-03-05,384,28,Online,Afterpay,COUPON-Z-A,19.74,AUD
60332,2024-03-05T11:48:02,2024-03-05,664,29,Online,Afterpay,COUPON--Z0,5.02,AUD
60595,2024-03-05T17:54:19,2024-03-05,244,2,Online,Credit Card,COUPON0A00,4.84,AUD
60654,2024-03-05T18:39:22,2024-03-05,134,6,Online,Credit Card,COUPONZA0A,13.0,AUD
60655,2024-03-05T23:30:21,2024-03-05,599,24,Online,PayPal,COUPON--A9,10.0,AUD
60707,2024-03-05T11:16:44,2024-03-05,655,7,Online,Afterpay,COUPON00-Z,3.64,AUD
60780,2024-03-05T22:50:19,2024-03-05,575,40,Retail,Credit Card,COUPON-AZ9,16.29,AUD
61021,2024-03-05T08:16:59,2024-03-05,646,32,Retail,Afterpay,COUPON0-0A,1.09,AUD
61091,2024-03-05T18:15:21,2024-03-05,384,44,Online,PayPal,COUPON-9--,6.6,AUD
61115,2024-03-05T19:30:21,2024-03-05,288,38,Retail,Credit Card,COUPON-0ZZ,19.38,AUD
61130,2024-03-05T21:07:27,2024-03-05,340,23,Online,Afterpay,COUPON9-09,10.14,AUD
61214,2024-03-05T05:06:25,2024-03-05,405,16,Retail,Afterpay,COUPONZAAZ,15.44,AUD
61264,2024-03-05T09:45:56,2024-03-05,398,36,Online,PayPal,COUPON--09,5.28,AUD
61271,2024-03-05T07:32:11,2024-03-05,25,17,Online,Afterpay,COUPONZZ-Z,10.27,AUD
61282,2024-03-05T03:35:30,2024-03-05,191,45,Online,Afterpay,COUPON-9--,1.82,AUD
61409,2024-03-05T05:01:25,2024-03-05,128,34,Retail,PayPal,COUPONA-A-,9.6,AUD
61550,2024-03-05T21:36:05,2024-03-05,47,2,Online,Credit Card,COUPON9900,19.03,AUD
61552,2024-03-05T01:53:02,2024-03-05,639,44,Retail,PayPal,COUPONA00A,16.49,AUD
61554,2024-03-05T10:44:57,2024-03-05,270,37,Retail,Afterpay,COUPON-A--,6.05,AUD
61566,2024-03-05T23:21:32,2024-03-05,424,30,Retail,PayPal,COUPON0--0,3.99,AUD
61589,2024-03-05T17:36:37,2024-03-05,247,13,Online,Credit Card,COUPON0---,14.7,AUD
61595,2024-03-05T04:38:42,2024-03-05,714,18,Retail,Credit Card,COUPON-AAA,9.69,AUD
61605,2024-03-05T21:06:54,2024-03-05,771,50,Online,Afterpay,COUPONZ---,6.34,AUD
61744,2024-03-05T03:04:02,2024-03-05,797,11,Retail,PayPal,COUPONA00A,9.02,AUD
62024,2024-03-05T12:24:39,2024-03-05,428,21,Online,PayPal,COUPON-9Z-,10.65,AUD
62214,2024-03-05T03:03:32,2024-03-05,770,40,Online,Afterpay,COUPON-9A0,4.89,AUD
62421,2024-03-05T04:20:44,2024-03-05,333,48,Online,Credit Card,COUPON--A0,4.09,AUD
62597,2024-03-05T15:23:07,2024-03-05,747,34,Online,Credit Card,COUPON-A-9,10.98,AUD
62605,2024-03-05T12:50:07,2024-03-05,561,29,Retail,PayPal,COUPON-A09,4.38,AUD
62650,2024-03-05T04:20:19,2024-03-05,259,48,Retail,Credit Card,COUPON90A-,9.83,AUD
62709,2024-03-05T05:07:37,2024-03-05,65,24,Online,Afterpay,COUPON0Z00,0.75,AUD
62716,2024-03-05T15:30:53,2024-03-05,672,21,Retail,Afterpay,COUPON-9AZ,19.2,AUD
62720,2024-03-05T09:27:54,2024-03-05,90,40,Online,Credit Card,COUPON9Z--,19.89,AUD
62768,2024-03-05T04:51:35,2024-03-05,395,22,Retail,Afterpay,COUPON-A-9,18.73,AUD
62775,2024-03-05T17:06:59,2024-03-05,537,5,Online,Credit Card,COUPONA-0Z,12.68,AUD
62801,2024-03-05T07:47:17,2024-03-05,774,18,Retail,Afterpay,COUPONZ0A9,6.99,AUD
62829,2024-03-05T03:27:12,2024-03-05,660,27,Online,PayPal,COUPON-Z-0,14.82,AUD
63195,2024-03-05T08:37:34,2024-03-05,650,30,Retail,PayPal,COUPON----,8.3,AUD
63207,2024-03-05T06:46:17,2024-03-05,16,39,Retail,PayPal,COUPON--9-,17.3,AUD
63208,2024-03-05T07:25:55,2024-03-05,600,24,Online,Credit Card,COUPON-AAZ,4.58,AUD
63244,2024-03-05T03:35:42,2024-03-05,461,18,Retail,Afterpay,COUPON9A0A,3.89,AUD
63381,2024-03-05T10:19:54,2024-03-05,442,22,Online,Credit Card,COUPON99ZZ,18.58,AUD
63447,2024-03-05T03:24:31,2024-03-05,328,31,Online,PayPal,COUPON0--9,4.06,AUD
63483,2024-03-05T23:21:25,2024-03-05,772,31,Retail,Credit Card,COUPON90-A,3.46,AUD
63930,2024-03-05T10:07:22,2024-03-05,795,40,Online,Afterpay,COUPON--9-,7.66,AUD
63931,2024-03-05T15:05:03,2024-03-05,705,3,Online,Credit Card,COUPONZA0Z,0.72,AUD
64128,2024-03-05T05:50:07,2024-03-05,653,15,Online,Afterpay,COUPON0-AA,19.98,AUD
64290,2024-03-05T20:57:51,2024-03-05,559,36,Online,Afterpay,COUPON-099,12.43,AUD
64363,2024-03-05T16:46:34,2024-03-05,395,12,Online,Afterpay,COUPON0Z09,7.68,AUD
64376,2024-03-05T05:53:51,2024-03-05,648,39,Retail,Afterpay,COUPON9--9,4.25,AUD
64498,2024-03-05T02:31:33,2024-03-05,350,9,Online,PayPal,COUPON9AA9,10.39,AUD
64549,2024-03-05T02:38:34,2024-03-05,800,10,Retail,PayPal,COUPON--9Z,7.28,AUD
64560,2024-03-05T02:45:43,2024-03-05,559,11,Retail,Afterpay,COUPONA-90,2.41,AUD
64638,2024-03-05T22:15:19,2024-03-05,224,36,Online,Credit Card,COUPON99AA,14.31,AUD
64781,2024-03-05T10:54:01,2024-03-05,127,36,Retail,Credit Card,COUPON-Z9A,19.78,AUD
64918,2024-03-05T07:46:25,2024-03-05,459,6,Online,Afterpay,COUPONZ-9-,16.54,AUD
64989,2024-03-05T10:32:25,2024-03-05,787,24,Retail,Credit Card,COUPON-0Z9,7.71,AUD
65005,2024-03-05T04:25:33,2024-03-05,187,15,Retail,Credit Card,COUPONA-99,18.91,AUD
65023,2024-03-05T21:46:57,2024-03-05,731,50,Online,Afterpay,COUPON00Z9,5.89,AUD
65141,2024-03-05T17:09:52,2024-03-05,252,24,Retail,Afterpay,COUPON0-0A,6.16,AUD
65283,2024-03-05T09:32:25,2024-03-05,482,31,Retail,Credit Card,COUPON9A-Z,1.23,AUD
65291,2024-03-05T12:28:23,2024-03-05,311,19,Online,Credit Card,COUPON0Z-Z,15.6,AUD
65400,2024-03-05T19:42:14,2024-03-05,203,43,Online,PayPal,COUPONZ0A9,3.04,AUD
65457,2024-03-05T01:56:56,2024-03-05,783,42,Online,Credit Card,COUPONZA00,18.51,AUD
65501,2024-03-05T12:09:18,2024-03-05,417,1,Retail,Afterpay,COUPON--A-,13.35,AUD
65563,2024-03-05T15:23:39,2024-03-05,584,27,Online,Credit Card,COUPONZZA-,2.67,AUD
65572,2024-03-05T22:47:34,2024-03-05,405,50,Retail,Credit Card,COUPON--Z-,7.41,AUD
65767,2024-03-05T11:11:21,2024-03-05,764,43,Online,PayPal,COUPON-0-A,0.31,AUD
65836,2024-03-05T23:47:23,2024-03-05,26,18,Retail,PayPal,COUPON----,0.26,AUD
65875,2024-03-05T03:23:05,2024-03-05,125,10,Online,PayPal,COUPONZZ0-,19.12,AUD
66056,2024-03-05T23:58:34,2024-03-05,587,24,Online,Afterpay,COUPONZZAA,14.0,AUD
66058,2024-03-05T23:25:24,2024-03-05,149,31,Online,Credit Card,COUPONZ00Z,1.99,AUD
66111,2024-03-05T11:30:48,2024-03-05,230,39,Retail,Afterpay,COUPON-0AA,14.53,AUD
66293,2024-03-05T08:59:30,2024-03-05,652,31,Retail,Credit Card,COUPON--AZ,0.82,AUD
66376,2024-03-05T12:03:24,2024-03-05,541,17,Retail,Credit Card,COUPONZ-0-,10.71,AUD
66433,2024-03-05T09:23:23,2024-03-05,139,18,Online,Credit Card,COUPON9Z-Z,1.34,AUD
66451,2024-03-05T14:28:58,2024-03-05,125,10,Retail,PayPal,COUPONA-0Z,12.45,AUD
66754,2024-03-05T13:31:49,2024-03-05,438,46,Online,Credit Card,COUPON--9A,14.78,AUD
66765,2024-03-05T04:35:11,2024-03-05,277,34,Online,Afterpay,COUPON-09Z,19.84,AUD
66864,2024-03-05T18:42:57,2024-03-05,689,17,Online,Afterpay,COUPON90A-,19.76,AUD
66903,2024-03-05T11:19:48,2024-03-05,68,16,Online,Afterpay,COUPON-A-Z,16.31,AUD
67164,2024-03-05T21:29:36,2024-03-05,206,47,Online,Afterpay,COUPON09--,17.5,AUD
67354,2024-03-05T05:50:12,2024-03-05,729,33,Retail,PayPal,COUPONZ0-A,4.65,AUD
67392,2024-03-05T03:36:42,2024-03-05,667,25,Online,Afterpay,COUPON9-ZA,3.32,AUD
67424,2024-03-05T03:58:11,2024-03-05,669,11,Retail,Afterpay,COUPON9ZZZ,0.62,AUD
67442,2024-03-05T18:08:08,2024-03-05,484,38,Retail,PayPal,COUPON99-Z,8.64,AUD
67503,2024-03-05T15:18:39,2024-03-05,782,28,Online,Afterpay,COUPON9Z-0,10.02,AUD
67574,2024-03-05T05:14:07,2024-03-05,392,13,Online,Credit Card,COUPON-ZZZ,2.07,AUD
67706,2024-03-05T12:53:21,2024-03-05,497,30,Retail,Credit Card,COUPON0Z-A,5.95,AUD
67949,2024-03-05T02:19:43,2024-03-05,403,40,Retail,Afterpay,COUPON-9-Z,17.11,AUD
67957,2024-03-05T11:23:09,2024-03-05,484,20,Retail,Afterpay,COUPON0A09,9.24,AUD
68030,2024-03-05T08:37:00,2024-03-05,202,48,Online,Afterpay,COUPONAA9-,3.65,AUD
68065,2024-03-05T08:36:01,2024-03-05,239,37,Retail,Credit Card,COUPON9Z9-,2.44,AUD
68303,2024-03-05T02:49:12,2024-03-05,243,24,Online,PayPal,COUPONZ-Z-,8.35,AUD
68341,2024-03-05T21:00:29,2024-03-05,126,11,Retail,Credit Card,COUPONZ0-Z,11.57,AUD
68370,2024-03-05T11:07:24,2024-03-05,467,33,Online,Afterpay,COUPON90A-,6.48,AUD
68404,2024-03-05T22:25:49,2024-03-05,797,4,Retail,PayPal,COUPON90-9,5.17,AUD
68419,2024-03-05T18:21:38,2024-03-05,104,47,Retail,PayPal,COUPON09Z9,17.1,AUD
68698,2024-03-05T22:09:06,2024-03-05,580,49,Retail,Credit Card,COUPON009Z,10.39,AUD
68860,2024-03-05T09:26:10,2024-03-05,618,49,Retail,Afterpay,COUPONZ-00,2.63,AUD
68967,2024-03-05T02:42:37,2024-03-05,736,47,Online,Credit Card,COUPON-Z09,8.67,AUD
69029,2024-03-05T12:16:15,2024-03-05,562,1,Retail,Afterpay,COUPONZ---,8.7,AUD
69092,2024-03-05T03:10:10,2024-03-05,266,36,Retail,Credit Card,COUPON-000,15.63,AUD
69370,2024-03-05T11:44:38,2024-03-05,745,48,Retail,Afterpay,COUPON--90,8.34,AUD
69454,2024-03-05T01:07:42,2024-03-05,169,44,Retail,Afterpay,COUPON--Z-,16.16,AUD
69463,2024-03-05T23:38:48,2024-03-05,783,13,Retail,Credit Card,COUPON9-Z0,6.93,AUD
69635,2024-03-05T13:14:37,2024-03-05,240,48,Online,PayPal,COUPON-A-0,14.44,AUD
69644,2024-03-05T19:43:51,2024-03-05,291,43,Online,Afterpay,COUPON----,2.99,AUD
69791,2024-03-05T23:18:36,2024-03-05,427,47,Online,PayPal,COUPONAZ99,4.12,AUD
69819,2024-03-05T16:49:29,2024-03-05,611,4,Online,Credit Card,COUPON-Z--,16.52,AUD
69964,2024-03-05T14:49:06,2024-03-05,606,37,Online,PayPal,COUPON9A0-,13.61,AUD
70031,2024-03-05T13:26:51,2024-03-05,655,34,Online,Credit Card,COUPONAA99,15.46,AUD
70055,2024-03-05T13:20:55,2024-03-05,653,41,Retail,Credit Card,COUPON9AA-,2.86,AUD
70198,2024-03-05T22:36:41,2024-03-05,20,27,Retail,PayPal,COUPON0AZ9,3.23,AUD
70232,2024-03-05T12:02:03,2024-03-05,408,34,Retail,Afterpay,COUPON--A-,1.14,AUD
70381,2024-03-05T17:40:11,2024-03-05,280,35,Online,Credit Card,COUPON-Z--,7.81,AUD
70456,2024-03-05T21:29:06,2024-03-05,52,32,Retail,Afterpay,COUPON--ZA,12.37,AUD
70512,2024-03-05T21:42:57,2024-03-05,703,8,Retail,PayPal,COUPON0-A-,4.29,AUD
70761,2024-03-05T20:38:11,2024-03-05,643,28,Retail,PayPal,COUPON09Z-,19.24,AUD
70869,2024-03-05T08:38:54,2024-03-05,205,24,Retail,PayPal,COUPON9-ZA,17.58,AUD
70973,2024-03-05T20:18:54,2024-03-05,658,47,Online,Afterpay,COUPONZZ09,19.44,AUD
71096,2024-03-05T12:47:05,2024-03-05,200,8,Retail,Afterpay,COUPONZZ--,15.04,AUD
71097,2024-03-05T18:30:27,2024-03-05,391,25,Retail,PayPal,COUPONZA99,4.14,AUD
71162,2024-03-05T18:13:06,2024-03-05,519,20,Online,Credit Card,COUPON-0--,6.5,AUD
71222,2024-03-05T17:27:52,2024-03-05,520,33,Retail,Credit Card,COUPON0-A-,4.21,AUD
71425,2024-03-05T10:30:07,2024-03-05,60,40,Online,PayPal,COUPON9-ZA,12.67,AUD
71507,2024-03-05T20:24:41,2024-03-05,87,26,Online,Credit Card,COUPON90-Z,19.12,AUD
71514,2024-03-05T07:10:27,2024-03-05,359,38,Retail,Afterpay,COUPON9000,15.54,AUD
71534,2024-03-05T11:36:30,2024-03-05,453,20,Online,PayPal,COUPON9Z-A,11.34,AUD
71615,2024-03-05T11:20:08,2024-03-05,389,31,Online,Credit Card,COUPONZ0--,14.24,AUD
71651,2024-03-05T22:57:46,2024-03-05,51,45,Retail,Credit Card,COUPON-9-9,18.53,AUD
71681,2024-03-05T10:09:40,2024-03-05,593,13,Retail,Credit Card,COUPONZZAZ,7.19,AUD
71786,2024-03-05T03:24:34,2024-03-05,445,17,Retail,Afterpay,COUPON-A9Z,5.2,AUD
72178,2024-03-05T08:25:54,2024-03-05,293,26,Retail,PayPal,COUPON-A--,4.74,AUD
72197,2024-03-05T18:14:23,2024-03-05,632,14,Online,Afterpay,COUPONA---,19.14,AUD
72231,2024-03-05T11:52:02,2024-03-05,90,30,Retail,Credit Card,COUPON-0-9,0.08,AUD
72232,2024-03-05T16:41:32,2024-03-05,255,29,Online,Credit Card,COUPON0-9Z,0.62,AUD
72268,2024-03-05T11:59:01,2024-03-05,228,49,Retail,PayPal,COUPON09A9,10.8,AUD
72301,2024-03-05T22:36:51,2024-03-05,417,28,Retail,Afterpay,COUPON--A0,6.31,AUD
72388,2024-03-05T13:34:06,2024-03-05,356,37,Retail,Afterpay,COUPON-09-,14.77,AUD
72470,2024-03-05T08:04:25,2024-03-05,238,44,Online,Afterpay,COUPON---A,0.44,AUD
72508,2024-03-05T02:13:53,2024-03-05,327,33,Retail,Credit Card,COUPON-Z-Z,19.37,AUD
72516,2024-03-05T09:26:10,2024-03-05,106,2,Retail,PayPal,COUPON-9-9,5.3,AUD
72644,2024-03-05T23:45:49,2024-03-05,428,13,Retail,Afterpay,COUPONZ-9-,11.81,AUD
72911,2024-03-05T13:55:04,2024-03-05,396,17,Retail,Credit Card,COUPON-ZZ-,2.65,AUD
73035,2024-03-05T12:10:12,2024-03-05,639,49,Online,Credit Card,COUPON9---,13.01,AUD
73066,2024-03-05T11:55:30,2024-03-05,242,7,Online,Afterpay,COUPON900-,0.71,AUD
73166,2024-03-05T19:30:07,2024-03-05,62,17,Online,Credit Card,COUPON-A0A,1.4,AUD
73370,2024-03-05T02:46:10,2024-03-05,527,3,Online,Afterpay,COUPONZZ09,9.35,AUD
73417,2024-03-05T08:10:38,2024-03-05,39,31,Online,Credit Card,COUPONA9ZA,15.42,AUD
73422,2024-03-05T23:15:17,2024-03-05,74,10,Retail,PayPal,COUPON-900,15.81,AUD
73426,2024-03-05T18:26:49,2024-03-05,448,48,Retail,Afterpay,COUPON--0-,2.72,AUD
73543,2024-03-05T05:16:05,2024-03-05,15,29,Online,Credit Card,COUPON009-,5.12,AUD
73573,2024-03-05T13:35:23,2024-03-05,135,26,Retail,Afterpay,COUPONA---,17.47,AUD
73638,2024-03-05T00:11:02,2024-03-05,76,30,Online,Credit Card,COUPON0ZA9,7.73,AUD
73665,2024-03-05T02:13:11,2024-03-05,617,49,Online,PayPal,COUPON-Z9-,11.65,AUD
73820,2024-03-05T13:15:11,2024-03-05,481,42,Retail,Credit Card,COUPON--0-,18.99,AUD
73911,2024-03-05T11:48:30,2024-03-05,545,1,Retail,PayPal,COUPONA-9Z,3.52,AUD
74063,2024-03-05T00:05:33,2024-03-05,545,2,Online,PayPal,COUPONAA-0,19.88,AUD
74226,2024-03-05T05:33:35,2024-03-05,563,36,Retail,Credit Card,COUPONZ-AZ,8.15,AUD
74270,2024-03-05T04:35:24,2024-03-05,268,4,Online,Afterpay,COUPON0Z-Z,18.88,AUD
74303,2024-03-05T19:14:05,2024-03-05,632,12,Retail,Credit Card,COUPONZ99-,13.77,AUD
74322,2024-03-05T00:39:56,2024-03-05,783,24,Online,Afterpay,COUPON-09-,5.59,AUD
74476,2024-03-05T03:44:53,2024-03-05,340,24,Online,Afterpay,COUPONA9-0,0.68,AUD
74619,2024-03-05T04:08:17,2024-03-05,119,47,Retail,Afterpay,COUPON----,6.59,AUD
74626,2024-03-05T08:33:42,2024-03-05,103,48,Retail,Credit Card,COUPONZ0--,16.13,AUD
74677,2024-03-05T03:06:18,2024-03-05,371,19,Online,Credit Card,COUPON9--Z,6.36,AUD
74796,2024-03-05T08:23:10,2024-03-05,528,50,Retail,PayPal,COUPONZA-9,14.59,AUD
74824,2024-03-05T04:52:55,2024-03-05,162,2,Online,PayPal,COUPON----,8.09,AUD
74862,2024-03-05T15:54:51,2024-03-05,52,7,Retail,Afterpay,COUPON---9,1.78,AUD
74877,2024-03-05T15:04:46,2024-03-05,72,45,Retail,PayPal,COUPON--A0,2.52,AUD
74997,2024-03-05T01:17:31,2024-03-05,516,32,Online,Afterpay,COUPON-ZZ0,8.89,AUD
75001,2024-03-05T15:22:26,2024-03-05,114,9,Retail,PayPal,COUPON0-9-,6.15,AUD
75063,2024-03-05T23:11:10,2024-03-05,92,48,Retail,PayPal,COUPON0A-Z,0.81,AUD
75068,2024-03-05T07:53:16,2024-03-05,743,42,Retail,Afterpay,COUPON-0-A,8.31,AUD
75084,2024-03-05T17:48:42,2024-03-05,448,14,Online,PayPal,COUPON---A,18.28,AUD
75099,2024-03-05T16:24:32,2024-03-05,479,36,Retail,PayPal,COUPON0A-A,16.2,AUD
75129,2024-03-05T23:54:54,2024-03-05,105,49,Retail,Credit Card,COUPON---Z,14.36,AUD
75146,2024-03-05T11:47:23,2024-03-05,688,33,Online,Credit Card,COUPONA000,1.96,AUD
75179,2024-03-05T03:18:09,2024-03-05,64,1,Online,Afterpay,COUPON0--Z,3.32,AUD
75325,2024-03-05T10:57:58,2024-03-05,663,8,Retail,PayPal,COUPONAZ9-,10.76,AUD
75516,2024-03-05T05:01:49,2024-03-05,391,14,Online,Credit Card,COUPON99A-,9.28,AUD
75643,2024-03-05T09:11:01,2024-03-05,612,14,Retail,Afterpay,COUPON-0A0,6.25,AUD
75747,2024-03-05T07:41:15,2024-03-05,595,15,Retail,Afterpay,COUPONZ9-9,18.01,AUD
76012,2024-03-05T01:24:59,2024-03-05,799,7,Retail,Credit Card,COUPONAA--,17.16,AUD
76210,2024-03-05T21:20:25,2024-03-05,362,40,Online,PayPal,COUPON-0--,5.45,AUD
76218,2024-03-05T01:50:39,2024-03-05,169,37,Retail,PayPal,COUPONA--A,16.0,AUD
76224,2024-03-05T17:24:51,2024-03-05,540,7,Retail,Credit Card,COUPONZZ-0,19.8,AUD
76265,2024-03-05T09:17:13,2024-03-05,329,12,Online,PayPal,COUPONAAZ-,0.28,AUD
76267,2024-03-05T08:52:24,2024-03-05,492,2,Online,PayPal,COUPON-Z99,19.44,AUD
76288,2024-03-05T12:37:47,2024-03-05,36,37,Online,Afterpay,COUPONA9-A,14.8,AUD
76296,2024-03-05T22:11:00,2024-03-05,464,42,Online,Credit Card,COUPONA---,3.59,AUD
76297,2024-03-05T19:23:40,2024-03-05,259,34,Online,Credit Card,COUPON99-A,14.43,AUD
76319,2024-03-05T23:12:18,2024-03-05,481,50,Online,Credit Card,COUPON--9-,14.2,AUD
76407,2024-03-05T22:54:49,2024-03-05,46,27,Retail,PayPal,COUPON-AZA,4.09,AUD
76441,2024-03-05T19:15:12,2024-03-05,720,26,Online,Credit Card,COUPON--A0,10.09,AUD
76489,2024-03-05T05:38:20,2024-03-05,655,37,Online,Afterpay,COUPONZ900,11.03,AUD
76768,2024-03-05T14:36:39,2024-03-05,108,38,Online,Afterpay,COUPON9-9-,7.9,AUD
76907,2024-03-05T15:38:42,2024-03-05,716,45,Online,Afterpay,COUPONAZ9Z,19.13,AUD
76957,2024-03-05T06:32:35,2024-03-05,65,39,Online,Credit Card,COUPONA0ZA,3.24,AUD
77056,2024-03-05T04:07:40,2024-03-05,5,43,Retail,PayPal,COUPON---Z,8.42,AUD
77255,2024-03-05T13:08:48,2024-03-05,665,34,Online,Afterpay,COUPONA09-,19.83,AUD
77270,2024-03-05T05:31:56,2024-03-05,470,33,Online,PayPal,COUPONA-A-,6.47,AUD
77307,2024-03-05T00:28:25,2024-03-05,576,29,Online,PayPal,COUPON-A9-,16.29,AUD
77324,2024-03-05T18:07:19,2024-03-05,123,42,Retail,Afterpay,COUPONZ-9-,14.8,AUD
77570,2024-03-05T01:05:07,2024-03-05,650,40,Online,Afterpay,COUPON--Z0,19.54,AUD
77673,2024-03-05T22:23:58,2024-03-05,427,15,Retail,PayPal,COUPON0-9-,12.36,AUD
77837,2024-03-05T03:23:10,2024-03-05,516,48,Online,PayPal,COUPON00Z-,14.61,AUD
77874,2024-03-05T11:12:55,2024-03-05,179,6,Online,PayPal,COUPON0-00,3.81,AUD
77968,2024-03-05T04:16:07,2024-03-05,698,47,Retail,Afterpay,COUPON9Z9-,19.27,AUD
78046,2024-03-05T22:11:21,2024-03-05,614,48,Retail,PayPal,COUPON9AZ-,1.38,AUD
78241,2024-03-05T22:01:51,2024-03-05,667,49,Online,Afterpay,COUPON--AZ,0.84,AUD
78272,2024-03-05T08:10:00,2024-03-05,684,27,Retail,Credit Card,COUPON-Z09,6.07,AUD
78307,2024-03-05T21:37:30,2024-03-05,39,41,Online,Afterpay,COUPON9-00,16.6,AUD
78337,2024-03-05T04:22:53,2024-03-05,385,46,Online,Afterpay,COUPON9-9-,6.32,AUD
78509,2024-03-05T16:10:35,2024-03-05,417,14,Online,Afterpay,COUPONZA0A,1.44,AUD
78576,2024-03-05T19:12:00,2024-03-05,185,30,Retail,Credit Card,COUPONZ-Z0,2.95,AUD
78803,2024-03-05T09:03:17,2024-03-05,682,50,Retail,Credit Card,COUPON9-Z9,6.79,AUD
78816,2024-03-05T04:53:23,2024-03-05,500,28,Online,PayPal,COUPON00Z-,18.62,AUD
78891,2024-03-05T09:37:29,2024-03-05,408,38,Online,Credit Card,COUPON-00Z,1.74,AUD
78916,2024-03-05T22:36:39,2024-03-05,457,25,Online,PayPal,COUPON-0--,5.45,AUD
78939,2024-03-05T20:20:55,2024-03-05,277,41,Retail,Afterpay,COUPON-A0A,7.51,AUD
78988,2024-03-05T03:30:00,2024-03-05,750,31,Retail,Afterpay,COUPONZZ9A,4.53,AUD
79190,2024-03-05T11:24:46,2024-03-05,643,26,Online,PayPal,COUPONA9Z0,6.02,AUD
79216,2024-03-05T07:11:20,2024-03-05,755,49,Retail,Afterpay,COUPON00-A,19.91,AUD
79230,2024-03-05T08:37:21,2024-03-05,373,30,Online,Afterpay,COUPON-9Z-,6.6,AUD
79280,2024-03-05T21:30:26,2024-03-05,191,19,Retail,Credit Card,COUPON9--A,0.62,AUD
79363,2024-03-05T23:02:38,2024-03-05,90,25,Online,PayPal,COUPONAZ--,3.2,AUD
79470,2024-03-05T05:19:25,2024-03-05,11,49,Retail,Credit Card,COUPONZA-9,8.76,AUD
79604,2024-03-05T06:19:35,2024-03-05,655,1,Online,Afterpay,COUPON-Z-A,12.1,AUD
79621,2024-03-05T23:05:46,2024-03-05,326,39,Online,Credit Card,COUPON9A9-,8.17,AUD
79632,2024-03-05T07:38:01,2024-03-05,78,10,Online,Credit Card,COUPON-9-Z,3.75,AUD
79636,2024-03-05T02:25:43,2024-03-05,214,19,Retail,Credit Card,COUPONZ-Z0,3.22,AUD
79644,2024-03-05T21:18:49,2024-03-05,647,2,Online,PayPal,COUPON-9A9,7.86,AUD
79880,2024-03-05T18:39:19,2024-03-05,403,19,Retail,PayPal,COUPONA-9-,18.13,AUD
79936,2024-03-05T12:16:24,2024-03-05,722,39,Online,Credit Card,COUPON0099,6.86,AUD
80081,2024-03-05T11:30:49,2024-03-05,288,22,Online,PayPal,COUPON9Z90,18.97,AUD
80107,2024-03-05T10:09:09,2024-03-05,659,23,Retail,Credit Card,COUPON--0A,7.39,AUD
80351,2024-03-05T00:25:58,2024-03-05,81,23,Online,PayPal,COUPON0A9Z,11.75,AUD
80364,2024-03-05T23:23:58,2024-03-05,210,26,Online,Afterpay,COUPON9A9-,1.65,AUD
80561,2024-03-05T04:49:05,2024-03-05,707,47,Online,Credit Card,COUPON-Z-A,10.0,AUD
80651,2024-03-05T13:47:33,2024-03-05,93,38,Online,Afterpay,COUPONA0Z0,16.42,AUD
80653,2024-03-05T07:00:25,2024-03-05,493,28,Online,Credit Card,COUPONZ090,1.24,AUD
80668,2024-03-05T14:09:00,2024-03-05,24,14,Online,PayPal,COUPON9Z-9,5.43,AUD
80793,2024-03-05T08:27:01,2024-03-05,264,30,Online,PayPal,COUPON9--9,8.96,AUD
81035,2024-03-05T11:49:52,2024-03-05,740,26,Online,Afterpay,COUPONZ-A-,19.14,AUD
81208,2024-03-05T10:49:30,2024-03-05,164,21,Online,PayPal,COUPONA99A,15.92,AUD
81334,2024-03-05T19:09:51,2024-03-05,242,30,Online,Credit Card,COUPON-Z-9,0.42,AUD
81338,2024-03-05T06:31:34,2024-03-05,619,35,Online,Afterpay,COUPONZ-9Z,10.82,AUD
81402,2024-03-05T17:50:41,2024-03-05,547,36,Retail,PayPal,COUPON-ZAZ,16.84,AUD
81468,2024-03-05T09:35:03,2024-03-05,181,22,Online,Afterpay,COUPON99A9,5.14,AUD
81498,2024-03-05T05:20:08,2024-03-05,63,13,Online,Credit Card,COUPON-90Z,19.99,AUD
81555,2024-03-05T16:06:37,2024-03-05,411,19,Online,Afterpay,COUPON9-ZZ,12.49,AUD
81681,2024-03-05T19:05:42,2024-03-05,385,42,Retail,Credit Card,COUPONZA-0,3.76,AUD
81726,2024-03-05T06:27:32,2024-03-05,306,16,Retail,Credit Card,COUPON0999,2.42,AUD
81907,2024-03-05T22:47:55,2024-03-05,501,22,Retail,Credit Card,COUPON9Z00,10.36,AUD
81967,2024-03-05T13:29:25,2024-03-05,312,4,Online,Afterpay,COUPONAZ--,5.52,AUD
82070,2024-03-05T06:41:23,2024-03-05,721,11,Retail,Afterpay,COUPON-Z90,9.99,AUD
82073,2024-03-05T03:44:11,2024-03-05,76,43,Online,Afterpay,COUPONA9A-,1.72,AUD
82076,2024-03-05T14:57:58,2024-03-05,299,28,Online,Credit Card,COUPON0--0,14.37,AUD
82096,2024-03-05T00:14:39,2024-03-05,418,29,Retail,PayPal,COUPONZA0Z,13.22,AUD
82271,2024-03-05T00:12:56,2024-03-05,481,13,Retail,PayPal,COUPONA-09,16.69,AUD
82316,2024-03-05T05:38:29,2024-03-05,22,25,Online,Credit Card,COUPONA-Z-,6.99,AUD
82461,2024-03-05T18:50:16,2024-03-05,768,10,Online,Credit Card,COUPONAZZA,9.93,AUD
82463,2024-03-05T05:12:34,2024-03-05,97,26,Online,Credit Card,COUPON9ZA-,17.13,AUD
82524,2024-03-05T20:46:26,2024-03-05,631,12,Retail,PayPal,COUPON-A0Z,4.52,AUD
82702,2024-03-05T03:44:25,2024-03-05,772,15,Retail,PayPal,COUPONZA-0,19.91,AUD
82820,2024-03-05T05:19:52,2024-03-05,737,31,Retail,Credit Card,COUPON----,17.24,AUD
82940,2024-03-05T18:04:05,2024-03-05,684,33,Retail,PayPal,COUPON9-9-,18.33,AUD
83082,2024-03-05T07:14:15,2024-03-05,60,44,Online,Credit Card,COUPON-0AZ,10.89,AUD
83142,2024-03-05T10:24:27,2024-03-05,547,11,Online,Credit Card,COUPONA9AZ,6.63,AUD
83284,2024-03-05T04:54:37,2024-03-05,231,21,Online,Credit Card,COUPONA--0,8.74,AUD
83422,2024-03-05T15:23:29,2024-03-05,78,21,Retail,Credit Card,COUPONZ990,17.11,AUD
83497,2024-03-05T00:03:25,2024-03-05,606,20,Online,PayPal,COUPONA9--,10.23,AUD
83575,2024-03-05T06:55:00,2024-03-05,623,46,Retail,PayPal,COUPONA--A,12.33,AUD
83579,2024-03-05T12:04:31,2024-03-05,561,15,Retail,Credit Card,COUPON9---,13.54,AUD
83594,2024-03-05T03:53:58,2024-03-05,774,21,Online,Afterpay,COUPON-AAA,13.23,AUD
83595,2024-03-05T16:39:50,2024-03-05,430,42,Online,PayPal,COUPONZZ90,10.74,AUD
83637,2024-03-05T13:18:08,2024-03-05,743,19,Retail,Credit Card,COUPON-Z--,6.54,AUD
83788,2024-03-05T05:53:35,2024-03-05,178,22,Retail,Credit Card,COUPONZ-Z-,10.87,AUD
83915,2024-03-05T05:32:28,2024-03-05,770,39,Online,Afterpay,COUPON--AA,10.46,AUD
83958,2024-03-05T17:55:10,2024-03-05,715,32,Online,Afterpay,COUPONA-A0,15.67,AUD
84202,2024-03-05T18:55:04,2024-03-05,487,37,Retail,Credit Card,COUPON-0--,9.29,AUD
84206,2024-03-05T22:18:09,2024-03-05,596,5,Online,Credit Card,COUPON-0A-,4.5,AUD
84369,2024-03-05T14:37:51,2024-03-05,147,24,Retail,PayPal,COUPONA009,4.34,AUD
84481,2024-03-05T14:54:52,2024-03-05,674,42,Online,Afterpay,COUPONZA90,3.63,AUD
84653,2024-03-05T12:03:47,2024-03-05,166,6,Retail,Afterpay,COUPONZ0-Z,3.36,AUD
84684,2024-03-05T12:51:16,2024-03-05,315,13,Online,Afterpay,COUPON--0Z,15.17,AUD
84732,2024-03-05T22:40:30,2024-03-05,536,20,Retail,PayPal,COUPON---0,6.98,AUD
84898,2024-03-05T00:43:15,2024-03-05,348,29,Retail,PayPal,COUPON9---,18.03,AUD
84950,2024-03-05T21:50:55,2024-03-05,20,23,Online,PayPal,COUPON9A9-,18.98,AUD
84953,2024-03-05T18:44:02,2024-03-05,427,22,Online,Credit Card,COUPONAZAZ,0.79,AUD
85023,2024-03-05T18:01:04,2024-03-05,242,25,Online,Afterpay,COUPON--A0,10.82,AUD
85591,2024-03-05T20:52:56,2024-03-05,239,28,Online,Afterpay,COUPON-9AZ,6.4,AUD
85637,2024-03-05T03:27:44,2024-03-05,502,2,Retail,Credit Card,COUPON-Z-0,4.26,AUD
85678,2024-03-05T02:47:24,2024-03-05,190,2,Retail,Afterpay,COUPONZ--0,12.19,AUD
85818,2024-03-05T11:45:40,2024-03-05,353,26,Online,Credit Card,COUPONZ9ZA,0.88,AUD
85885,2024-03-05T05:16:03,2024-03-05,474,28,Online,Credit Card,COUPON-ZA-,8.06,AUD
85978,2024-03-05T01:56:01,2024-03-05,552,35,Retail,Credit Card,COUPON0-00,3.12,AUD
86011,2024-03-05T17:22:24,2024-03-05,730,16,Online,Credit Card,COUPONZ9--,13.28,AUD
86101,2024-03-05T14:22:07,2024-03-05,800,24,Online,PayPal,COUPON-A90,15.79,AUD
86108,2024-03-05T04:59:45,2024-03-05,311,43,Online,Credit Card,COUPON9-90,19.62,AUD
86161,2024-03-05T12:44:38,2024-03-05,610,30,Retail,Afterpay,COUPON-09-,5.04,AUD
86301,2024-03-05T15:49:53,2024-03-05,562,12,Online,Credit Card,COUPON-AA-,1.06,AUD
86341,2024-03-05T10:31:56,2024-03-05,123,34,Retail,Afterpay,COUPONZA9A,10.84,AUD
86359,2024-03-05T03:34:25,2024-03-05,513,20,Online,PayPal,COUPONZ-00,17.35,AUD
86930,2024-03-05T04:48:36,2024-03-05,469,32,Online,PayPal,COUPON9Z-0,3.57,AUD
86996,2024-03-05T22:04:23,2024-03-05,294,7,Online,PayPal,COUPONZA00,0.13,AUD
87015,2024-03-05T06:13:12,2024-03-05,61,8,Online,PayPal,COUPON0-9-,5.16,AUD
87080,2024-03-05T16:05:21,2024-03-05,687,4,Retail,Afterpay,COUPON-9A-,13.28,AUD
87086,2024-03-05T10:20:51,2024-03-05,458,14,Retail,Credit Card,COUPON--Z-,4.52,AUD
87140,2024-03-05T05:37:38,2024-03-05,66,12,Online,Afterpay,COUPON9--Z,16.61,AUD
87150,2024-03-05T15:50:08,2024-03-05,69,25,Retail,Credit Card,COUPON9ZZ-,8.19,AUD
87157,2024-03-05T19:14:27,2024-03-05,165,31,Retail,Credit Card,COUPONZ-99,3.64,AUD
87420,2024-03-05T12:25:14,2024-03-05,769,3,Retail,Credit Card,COUPONZZ-Z,12.09,AUD
87583,2024-03-05T04:18:00,2024-03-05,431,31,Online,Afterpay,COUPONAAA9,19.24,AUD
87665,2024-03-05T17:53:28,2024-03-05,582,44,Online,PayPal,COUPONA0-0,10.53,AUD
87718,2024-03-05T01:48:18,2024-03-05,32,47,Online,Credit Card,COUPON--0-,1.8,AUD
87726,2024-03-05T22:39:01,2024-03-05,737,37,Retail,Credit Card,COUPONA0-0,19.97,AUD
87808,2024-03-05T22:29:18,2024-03-05,539,38,Online,Credit Card,COUPON--A0,10.36,AUD
87953,2024-03-05T01:23:26,2024-03-05,106,4,Retail,Afterpay,COUPONZ--Z,0.96,AUD
88181,2024-03-05T12:53:07,2024-03-05,616,23,Retail,Afterpay,COUPON099-,7.02,AUD
88216,2024-03-05T07:09:14,2024-03-05,277,17,Online,PayPal,COUPON---Z,1.97,AUD
88219,2024-03-05T05:06:32,2024-03-05,388,36,Online,PayPal,COUPONZ99-,19.07,AUD
88282,2024-03-05T17:07:07,2024-03-05,678,32,Retail,Afterpay,COUPONZ-9-,10.64,AUD
88328,2024-03-05T06:05:16,2024-03-05,310,9,Retail,PayPal,COUPON-9AZ,4.12,AUD
88375,2024-03-05T02:54:27,2024-03-05,534,11,Online,Afterpay,COUPONA-Z-,14.37,AUD
88433,2024-03-05T10:34:23,2024-03-05,229,45,Online,Afterpay,COUPONZ09-,8.03,AUD
88668,2024-03-05T06:12:51,2024-03-05,422,23,Online,Credit Card,COUPON----,6.68,AUD
88722,2024-03-05T03:32:56,2024-03-05,774,39,Online,PayPal,COUPON----,8.59,AUD
88747,2024-03-05T22:15:49,2024-03-05,281,35,Retail,Credit Card,COUPON9Z0-,13.06,AUD
88754,2024-03-05T12:45:28,2024-03-05,195,18,Retail,Credit Card,COUPON009-,1.38,AUD
88773,2024-03-05T05:56:33,2024-03-05,16,29,Online,Credit Card,COUPON9---,2.22,AUD
88799,2024-03-05T18:04:24,2024-03-05,217,19,Online,Credit Card,COUPONZ9-A,16.03,AUD
88839,2024-03-05T22:13:27,2024-03-05,456,36,Retail,Credit Card,COUPON--99,9.45,AUD
89018,2024-03-05T22:51:46,2024-03-05,346,46,Retail,Credit Card,COUPON--9-,18.91,AUD
89108,2024-03-05T12:38:29,2024-03-05,87,38,Online,Afterpay,COUPON-09Z,19.25,AUD
89527,2024-03-05T11:06:37,2024-03-05,710,28,Online,Afterpay,COUPONZ0A0,16.94,AUD
89688,2024-03-05T09:33:14,2024-03-05,534,22,Retail,PayPal,COUPON-0Z-,6.94,AUD
89776,2024-03-05T10:25:48,2024-03-05,175,17,Online,PayPal,COUPONAA00,9.17,AUD
89878,2024-03-05T05:28:00,2024-03-05,493,46,Online,Credit Card,COUPON0A--,16.55,AUD
89951,2024-03-05T23:33:48,2024-03-05,788,44,Online,PayPal,COUPON0-Z9,14.21,AUD
90243,2024-03-05T18:43:48,2024-03-05,173,9,Online,PayPal,COUPON9Z-Z,14.66,AUD
90316,2024-03-05T08:54:37,2024-03-05,505,49,Retail,PayPal,COUPON-ZZ-,17.02,AUD
90317,2024-03-05T20:00:29,2024-03-05,770,19,Retail,PayPal,COUPON--0A,1.6,AUD
90356,2024-03-05T14:36:48,2024-03-05,689,12,Retail,PayPal,COUPON0-Z-,16.71,AUD
90522,2024-03-05T01:47:57,2024-03-05,584,24,Online,Credit Card,COUPONA-9A,5.61,AUD
90540,2024-03-05T19:02:22,2024-03-05,687,12,Online,Afterpay,COUPON-AA9,7.3,AUD
90890,2024-03-05T11:20:27,2024-03-05,175,50,Online,PayPal,COUPONZ-AA,11.4,AUD
90909,2024-03-05T03:55:15,2024-03-05,100,35,Retail,PayPal,COUPON00A0,1.82,AUD
90997,2024-03-05T10:05:22,2024-03-05,245,13,Retail,PayPal,COUPON9-9-,13.45,AUD
91002,2024-03-05T02:58:13,2024-03-05,505,2,Retail,Credit Card,COUPONA9A-,1.13,AUD
91055,2024-03-05T19:49:56,2024-03-05,660,19,Online,Credit Card,COUPON-Z09,3.02,AUD
91178,2024-03-05T20:13:41,2024-03-05,543,26,Retail,Afterpay,COUPONA-0A,17.76,AUD
91195,2024-03-05T13:22:34,2024-03-05,710,46,Retail,Credit Card,COUPONA9A0,19.25,AUD
91238,2024-03-05T15:54:04,2024-03-05,279,26,Retail,Credit Card,COUPONA--Z,5.2,AUD
91239,2024-03-05T02:00:54,2024-03-05,750,38,Online,Credit Card,COUPONZZZZ,10.47,AUD
91245,2024-03-05T16:18:06,2024-03-05,110,26,Online,PayPal,COUPON-9-Z,6.09,AUD
91292,2024-03-05T03:50:53,2024-03-05,488,34,Retail,Afterpay,COUPON9-Z0,15.91,AUD
91446,2024-03-05T01:56:38,2024-03-05,795,16,Online,Credit Card,COUPON----,15.08,AUD
91475,2024-03-05T12:08:06,2024-03-05,572,4,Retail,Afterpay,COUPONA99-,14.02,AUD
91851,2024-03-05T12:15:15,2024-03-05,487,5,Retail,PayPal,COUPON--0Z,11.37,AUD
91866,2024-03-05T19:32:37,2024-03-05,492,43,Online,Afterpay,COUPONAZ-0,2.0,AUD
91902,2024-03-05T17:51:28,2024-03-05,676,10,Online,PayPal,COUPON900Z,2.82,AUD
92044,2024-03-05T04:19:01,2024-03-05,149,3,Retail,PayPal,COUPON9-Z0,15.5,AUD
92074,2024-03-05T04:33:17,2024-03-05,251,38,Online,Credit Card,COUPON--Z9,18.66,AUD
92107,2024-03-05T21:57:52,2024-03-05,460,6,Retail,PayPal,COUPONZZ99,18.94,AUD
92279,2024-03-05T18:52:33,2024-03-05,644,3,Retail,PayPal,COUPONA99Z,8.73,AUD
92331,2024-03-05T19:05:59,2024-03-05,635,49,Online,Afterpay,COUPON9ZA0,6.69,AUD
92446,2024-03-05T00:33:29,2024-03-05,784,44,Retail,Afterpay,COUPON9--0,4.83,AUD
92593,2024-03-05T16:15:23,2024-03-05,503,19,Online,Credit Card,COUPON-0-9,17.35,AUD
92651,2024-03-05T07:38:04,2024-03-05,644,42,Online,PayPal,COUPON--Z-,12.64,AUD
92688,2024-03-05T18:32:06,2024-03-05,708,15,Online,Credit Card,COUPON0-0A,13.14,AUD
92843,2024-03-05T13:48:41,2024-03-05,138,37,Retail,Credit Card,COUPON-Z0-,7.71,AUD
92844,2024-03-05T04:47:31,2024-03-05,148,8,Retail,Afterpay,COUPONZ--A,3.27,AUD
92939,2024-03-05T07:46:26,2024-03-05,709,27,Online,PayPal,COUPON-AZ-,13.74,AUD
92988,2024-03-05T20:17:59,2024-03-05,172,27,Online,Afterpay,COUPON9-A-,6.42,AUD
93196,2024-03-05T17:48:19,2024-03-05,73,36,Retail,Credit Card,COUPON0-A-,7.22,AUD
93198,2024-03-05T18:05:21,2024-03-05,299,24,Retail,Credit Card,COUPON9-90,6.66,AUD
93269,2024-03-05T14:47:33,2024-03-05,600,10,Online,Credit Card,COUPONA00A,7.42,AUD
93341,2024-03-05T08:29:21,2024-03-05,691,6,Retail,PayPal,COUPON----,5.14,AUD
93389,2024-03-05T19:11:49,2024-03-05,441,6,Retail,Afterpay,COUPON-0Z-,0.05,AUD
93408,2024-03-05T02:15:38,2024-03-05,701,38,Online,Afterpay,COUPON-9-Z,13.52,AUD
93508,2024-03-05T07:06:29,2024-03-05,80,5,Retail,Afterpay,COUPONZAA-,13.99,AUD
93559,2024-03-05T13:20:39,2024-03-05,292,10,Online,Afterpay,COUPON900-,6.74,AUD
93681,2024-03-05T04:00:47,2024-03-05,356,14,Retail,PayPal,COUPON9Z--,5.96,AUD
93684,2024-03-05T08:26:00,2024-03-05,787,44,Online,Credit Card,COUPON--A9,12.49,AUD
93685,2024-03-05T04:55:56,2024-03-05,272,12,Retail,PayPal,COUPON9Z-9,6.58,AUD
93788,2024-03-05T15:50:24,2024-03-05,789,36,Retail,Afterpay,COUPON-9ZZ,16.58,AUD
93795,2024-03-05T12:41:11,2024-03-05,605,45,Retail,Afterpay,COUPONA0ZA,5.41,AUD
93851,2024-03-05T08:53:20,2024-03-05,296,1,Online,PayPal,COUPON0-9A,17.18,AUD
93946,2024-03-05T09:26:04,2024-03-05,222,39,Online,Afterpay,COUPON-0--,3.61,AUD
94154,2024-03-05T19:32:51,2024-03-05,175,10,Online,Credit Card,COUPONA990,5.12,AUD
94304,2024-03-05T22:10:39,2024-03-05,295,36,Online,Credit Card,COUPON9ZZA,6.1,AUD
94347,2024-03-05T14:10:31,2024-03-05,393,31,Retail,PayPal,COUPONZ-9-,2.83,AUD
94377,2024-03-05T07:57:24,2024-03-05,644,10,Retail,Credit Card,COUPON9--0,5.09,AUD
94446,2024-03-05T11:16:59,2024-03-05,183,33,Retail,PayPal,COUPON0-9-,7.18,AUD
94514,2024-03-05T04:40:11,2024-03-05,247,48,Online,Afterpay,COUPON-AZZ,1.64,AUD
94629,2024-03-05T06:35:34,2024-03-05,755,26,Retail,PayPal,COUPON0-0Z,18.9,AUD
94680,2024-03-05T11:32:10,2024-03-05,672,4,Online,PayPal,COUPON909Z,11.84,AUD
94967,2024-03-05T02:01:24,2024-03-05,554,40,Retail,Credit Card,COUPONZ-9A,9.23,AUD
95183,2024-03-05T00:04:21,2024-03-05,776,13,Retail,PayPal,COUPON-A--,17.47,AUD
95243,2024-03-05T16:12:59,2024-03-05,616,14,Online,Afterpay,COUPON9A--,0.2,AUD
95249,2024-03-05T02:32:19,2024-03-05,561,43,Online,Afterpay,COUPONA-00,12.14,AUD
95361,2024-03-05T20:31:27,2024-03-05,794,49,Retail,Credit Card,COUPON99-Z,14.82,AUD
95469,2024-03-05T16:45:43,2024-03-05,580,34,Online,Afterpay,COUPON-99-,1.75,AUD
95689,2024-03-05T03:41:59,2024-03-05,264,40,Retail,Afterpay,COUPON9Z00,2.27,AUD
95810,2024-03-05T05:41:09,2024-03-05,145,2,Retail,PayPal,COUPONZ-A0,12.86,AUD
96279,2024-03-05T20:21:25,2024-03-05,282,30,Online,Credit Card,COUPONA0AZ,11.07,AUD
96453,2024-03-05T23:51:19,2024-03-05,564,29,Online,PayPal,COUPON0-0-,16.93,AUD
96524,2024-03-05T23:14:50,2024-03-05,479,50,Online,Afterpay,COUPON-9-0,12.49,AUD
96614,2024-03-05T21:42:55,2024-03-05,210,46,Retail,Afterpay,COUPON9990,14.74,AUD
96674,2024-03-05T23:07:14,2024-03-05,701,36,Retail,PayPal,COUPONZ--Z,19.25,AUD
96809,2024-03-05T12:49:26,2024-03-05,220,38,Retail,Credit Card,COUPON99--,9.86,AUD
97063,2024-03-05T00:06:42,2024-03-05,422,31,Online,Credit Card,COUPON90-9,14.04,AUD
97088,2024-03-05T13:42:43,2024-03-05,92,8,Retail,Afterpay,COUPON0-AA,18.04,AUD
97095,2024-03-05T01:47:13,2024-03-05,558,21,Retail,Credit Card,COUPONZ-00,0.83,AUD
97179,2024-03-05T17:32:22,2024-03-05,391,21,Online,Credit Card,COUPON9Z9A,12.75,AUD
97213,2024-03-05T03:49:48,2024-03-05,54,44,Online,Credit Card,COUPONZ--0,4.49,AUD
97316,2024-03-05T15:20:36,2024-03-05,792,10,Retail,PayPal,COUPON9--0,18.27,AUD
97351,2024-03-05T09:53:36,2024-03-05,506,4,Online,Afterpay,COUPON-ZAZ,16.52,AUD
97477,2024-03-05T13:18:43,2024-03-05,351,34,Online,Credit Card,COUPON9---,5.44,AUD
97491,2024-03-05T04:44:10,2024-03-05,277,30,Retail,Afterpay,COUPONA-Z-,19.15,AUD
97528,2024-03-05T18:01:32,2024-03-05,749,20,Online,Afterpay,COUPONZ-09,15.12,AUD
97608,2024-03-05T10:56:26,2024-03-05,26,47,Retail,PayPal,COUPONA099,10.55,AUD
97641,2024-03-05T22:46:40,2024-03-05,501,48,Retail,Credit Card,COUPONZ--Z,14.87,AUD
97693,2024-03-05T08:11:32,2024-03-05,678,40,Online,Credit Card,COUPONA-A-,8.53,AUD
97695,2024-03-05T00:19:56,2024-03-05,185,19,Online,Afterpay,COUPON-ZZ-,14.85,AUD
97696,2024-03-05T17:56:29,2024-03-05,568,50,Online,PayPal,COUPON9A0A,7.16,AUD
97698,2024-03-05T03:08:50,2024-03-05,346,4,Retail,PayPal,COUPON--09,5.57,AUD
97738,2024-03-05T07:49:23,2024-03-05,580,3,Online,PayPal,COUPON-9ZA,6.02,AUD
97767,2024-03-05T03:21:17,2024-03-05,355,15,Retail,PayPal,COUPON-A-0,12.24,AUD
97825,2024-03-05T09:56:48,2024-03-05,48,48,Retail,Afterpay,COUPON-0-9,17.44,AUD
97944,2024-03-05T01:42:03,2024-03-05,287,5,Retail,PayPal,COUPON9ZZ-,11.9,AUD
97950,2024-03-05T11:37:49,2024-03-05,599,12,Retail,Afterpay,COUPON9099,15.3,AUD
98100,2024-03-05T05:30:39,2024-03-05,45,10,Retail,Afterpay,COUPON-0-9,11.19,AUD
98154,2024-03-05T21:01:35,2024-03-05,397,36,Retail,Credit Card,COUPONA-0Z,0.08,AUD
98439,2024-03-05T18:40:31,2024-03-05,651,41,Retail,PayPal,COUPONZZA0,18.75,AUD
98580,2024-03-05T23:37:34,2024-03-05,463,1,Online,Credit Card,COUPONAZ-A,12.53,AUD
98659,2024-03-05T18:05:29,2024-03-05,290,14,Online,Afterpay,COUPON-Z--,13.95,AUD
98818,2024-03-05T12:20:55,2024-03-05,226,10,Retail,PayPal,COUPON9Z9Z,4.59,AUD
99266,2024-03-05T09:51:00,2024-03-05,686,12,Retail,PayPal,COUPON----,3.61,AUD
99590,2024-03-05T15:17:37,2024-03-05,266,45,Retail,PayPal,COUPON99ZA,16.78,AUD
99737,2024-03-05T00:17:59,2024-03-05,505,18,Retail,PayPal,COUPON90Z9,8.02,AUD
99777,2024-03-05T02:52:29,2024-03-05,265,15,Retail,Afterpay,COUPON9999,8.32,AUD
99837,2024-03-05T19:00:07,2024-03-05,595,26,Online,Afterpay,COUPON-A-A,9.02,AUD
99868,2024-03-05T02:01:00,2024-03-05,565,46,Online,Credit Card,COUPON-AA9,8.01,AUD
99873,2024-03-05T06:17:56,2024-03-05,339,19,Online,Afterpay,COUPON-9-0,12.57,AUD
99922,2024-03-05T14:38:27,2024-03-05,786,45,Retail,Afterpay,COUPONZ0AA,4.73,AUD
99988,2024-03-05T16:36:14,2024-03-05,239,41,Online,PayPal,COUPONAA0-,7.97,AUD
100118,2024-03-05T17:39:12,2024-03-05,427,47,Retail,Credit Card,COUPONZZ--,19.19,AUD
100144,2024-03-05T09:09:16,2024-03-05,261,39,Online,Afterpay,COUPON0Z0-,13.63,AUD
100165,2024-03-05T16:10:20,2024-03-05,530,5,Online,Credit Card,COUPON--ZZ,6.78,AUD
100253,2024-03-05T04:25:02,2024-03-05,98,47,Retail,PayPal,COUPON-0Z9,2.03,AUD
100304,2024-03-05T20:23:08,2024-03-05,687,16,Retail,Credit Card,COUPON00-9,13.09,AUD
100478,2024-03-05T03:35:51,2024-03-05,357,28,Online,Credit Card,COUPON0-9A,10.67,AUD
100548,2024-03-05T16:59:59,2024-03-05,381,43,Retail,Credit Card,COUPONZZA9,16.26,AUD
100638,2024-03-05T18:15:59,2024-03-05,302,41,Online,Afterpay,COUPON-9--,2.46,AUD
100786,2024-03-05T16:53:09,2024-03-05,562,9,Retail,Afterpay,COUPON9-99,14.04,AUD
100810,2024-03-05T05:37:52,2024-03-05,788,32,Retail,Credit Card,COUPON--0A,1.8,AUD
100897,2024-03-05T02:13:55,2024-03-05,595,10,Online,Afterpay,COUPONAZA9,1.49,AUD
100903,2024-03-05T14:32:11,2024-03-05,216,17,Online,Afterpay,COUPON--ZZ,16.48,AUD
100969,2024-03-05T01:24:45,2024-03-05,300,26,Online,Afterpay,COUPON-A-9,11.7,AUD
100981,2024-03-05T22:03:09,2024-03-05,294,31,Online,Credit Card,COUPON90ZZ,13.19,AUD
101453,2024-03-05T11:25:15,2024-03-05,301,2,Online,PayPal,COUPON9Z-A,4.79,AUD
101628,2024-03-05T11:29:04,2024-03-05,759,1,Retail,Afterpay,COUPONA09-,6.95,AUD
101705,2024-03-05T11:39:51,2024-03-05,67,39,Retail,Credit Card,COUPON9-Z0,5.99,AUD
101745,2024-03-05T15:58:49,2024-03-05,170,45,Retail,Afterpay,COUPON9Z0-,7.94,AUD
101778,2024-03-05T04:15:34,2024-03-05,726,37,Retail,Afterpay,COUPONA9-9,3.76,AUD
101825,2024-03-05T03:59:25,2024-03-05,328,23,Retail,PayPal,COUPON09A-,6.62,AUD
101889,2024-03-05T08:06:59,2024-03-05,654,26,Online,Afterpay,COUPONZA-0,3.21,AUD
101916,2024-03-05T11:42:21,2024-03-05,253,23,Online,Credit Card,COUPONZZ0A,19.66,AUD
101923,2024-03-05T15:38:02,2024-03-05,502,15,Retail,PayPal,COUPONA99-,7.62,AUD
102186,2024-03-05T06:58:28,2024-03-05,734,37,Online,Afterpay,COUPON-A-0,14.83,AUD
102286,2024-03-05T19:17:08,2024-03-05,684,29,Online,PayPal,COUPON099Z,5.59,AUD
102334,2024-03-05T01:39:31,2024-03-05,306,46,Retail,Credit Card,COUPONA-9-,1.08,AUD
102351,2024-03-05T11:30:05,2024-03-05,549,14,Online,PayPal,COUPON9--9,13.76,AUD
102430,2024-03-05T02:54:47,2024-03-05,266,11,Retail,Credit Card,COUPONAAZ0,1.41,AUD
102446,2024-03-05T10:36:22,2024-03-05,246,23,Online,Credit Card,COUPONA0ZZ,3.2,AUD
102453,2024-03-05T04:40:17,2024-03-05,784,39,Retail,Credit Card,COUPONAZ0Z,15.54,AUD
102517,2024-03-05T01:27:18,2024-03-05,267,7,Retail,PayPal,COUPONA0-Z,10.26,AUD
102528,2024-03-05T15:34:20,2024-03-05,618,32,Retail,Afterpay,COUPON-Z--,12.39,AUD
102591,2024-03-05T16:21:44,2024-03-05,2,33,Retail,Credit Card,COUPON9--0,6.06,AUD
102658,2024-03-05T00:21:18,2024-03-05,378,9,Retail,PayPal,COUPON-ZZ0,8.08,AUD
102676,2024-03-05T00:46:50,2024-03-05,597,34,Retail,Afterpay,COUPON-00-,2.73,AUD
102751,2024-03-05T00:15:07,2024-03-05,770,40,Online,PayPal,COUPON9A-9,9.1,AUD
102802,2024-03-05T04:58:30,2024-03-05,394,5,Retail,Afterpay,COUPONA-90,8.85,AUD
102814,2024-03-05T11:46:38,2024-03-05,607,42,Retail,PayPal,COUPONZ-Z-,1.64,AUD
102840,2024-03-05T11:55:44,2024-03-05,185,6,Retail,Afterpay,COUPONZZ-0,19.34,AUD
102964,2024-03-05T05:07:58,2024-03-05,162,15,Retail,PayPal,COUPON--AZ,9.34,AUD
103022,2024-03-05T11:41:43,2024-03-05,468,11,Online,PayPal,COUPON-A99,6.56,AUD
103088,2024-03-05T23:41:33,2024-03-05,70,48,Online,Afterpay,COUPONA-09,2.66,AUD
103124,2024-03-05T04:54:06,2024-03-05,4,1,Retail,Credit Card,COUPONZAA-,1.48,AUD
103228,2024-03-05T15:55:04,2024-03-05,192,47,Retail,PayPal,COUPONAA9-,15.48,AUD
103232,2024-03-05T16:49:11,2024-03-05,26,6,Online,Afterpay,COUPONA9--,4.37,AUD
103292,2024-03-05T17:44:34,2024-03-05,206,19,Retail,Afterpay,COUPONAZ-9,2.54,AUD
103339,2024-03-05T14:45:28,2024-03-05,600,8,Online,PayPal,COUPON----,17.12,AUD
103374,2024-03-05T10:52:49,2024-03-05,240,33,Retail,Afterpay,COUPON99-9,12.48,AUD
103475,2024-03-05T16:17:34,2024-03-05,294,24,Retail,PayPal,COUPON-99A,6.33,AUD
103518,2024-03-05T20:45:46,2024-03-05,172,45,Retail,Afterpay,COUPON-9Z0,6.44,AUD
103599,2024-03-05T19:42:18,2024-03-05,187,48,Retail,Credit Card,COUPONZZZ0,18.76,AUD
103692,2024-03-05T08:35:38,2024-03-05,7,33,Online,PayPal,COUPON9-A0,10.26,AUD
103788,2024-03-05T06:20:02,2024-03-05,441,14,Retail,Credit Card,COUPON-Z--,5.18,AUD
103804,2024-03-05T09:07:54,2024-03-05,364,21,Online,Afterpay,COUPON--99,15.17,AUD
103807,2024-03-05T10:52:31,2024-03-05,410,47,Retail,Afterpay,COUPON9-90,4.22,AUD
103866,2024-03-05T06:44:27,2024-03-05,288,39,Retail,Afterpay,COUPON-ZA-,8.9,AUD
103929,2024-03-05T19:53:19,2024-03-05,527,36,Online,Credit Card,COUPON9A--,15.36,AUD
103978,2024-03-05T19:57:03,2024-03-05,97,11,Retail,Afterpay,COUPONZ00Z,10.71,AUD
104034,2024-03-05T05:51:36,2024-03-05,746,12,Online,Afterpay,COUPONA-Z-,8.23,AUD
104189,2024-03-05T14:21:20,2024-03-05,78,18,Retail,PayPal,COUPON90--,18.86,AUD
104222,2024-03-05T14:38:42,2024-03-05,454,31,Online,PayPal,COUPON9--A,3.07,AUD
104315,2024-03-05T16:13:12,2024-03-05,747,29,Retail,Afterpay,COUPON9AZ-,15.13,AUD
104484,2024-03-05T09:34:21,2024-03-05,118,27,Retail,Credit Card,COUPONZZZ9,16.89,AUD
104642,2024-03-05T07:28:26,2024-03-05,87,15,Online,PayPal,COUPONAZZ-,4.07,AUD
104860,2024-03-05T05:14:23,2024-03-05,202,39,Retail,PayPal,COUPON0-09,17.13,AUD
104872,2024-03-05T08:53:40,2024-03-05,220,43,Online,Credit Card,COUPON--90,15.74,AUD
104880,2024-03-05T21:24:45,2024-03-05,131,18,Online,Afterpay,COUPON-9-Z,8.32,AUD
104919,2024-03-05T22:24:43,2024-03-05,46,35,Online,Credit Card,COUPONZ--Z,14.66,AUD
104927,2024-03-05T06:57:06,2024-03-05,219,41,Retail,Credit Card,COUPON-Z99,15.81,AUD
105177,2024-03-05T02:52:35,2024-03-05,204,38,Retail,Credit Card,COUPONZ--0,18.65,AUD
105274,2024-03-05T03:28:23,2024-03-05,525,32,Online,Afterpay,COUPONA---,0.8,AUD
105459,2024-03-05T23:00:19,2024-03-05,619,41,Online,PayPal,COUPONA090,5.99,AUD
105746,2024-03-05T07:50:51,2024-03-05,113,27,Retail,PayPal,COUPONZ990,18.8,AUD
105755,2024-03-05T02:10:00,2024-03-05,648,48,Online,Credit Card,COUPON--Z9,13.55,AUD
105823,2024-03-05T13:31:29,2024-03-05,271,32,Online,PayPal,COUPONA-9-,0.31,AUD
105836,2024-03-05T11:22:20,2024-03-05,633,41,Retail,Credit Card,COUPON-Z90,7.23,AUD
105875,2024-03-05T02:11:43,2024-03-05,76,22,Retail,PayPal,COUPON--A-,0.71,AUD
105899,2024-03-05T02:51:34,2024-03-05,790,14,Retail,Credit Card,COUPONZ9A-,0.69,AUD
105922,2024-03-05T14:58:35,2024-03-05,123,29,Retail,PayPal,COUPONAA90,19.09,AUD
106015,2024-03-05T06:01:26,2024-03-05,280,19,Retail,Credit Card,COUPON0-Z0,4.86,AUD
106094,2024-03-05T11:40:28,2024-03-05,581,30,Retail,Credit Card,COUPONA--A,12.07,AUD
106188,2024-03-05T17:06:37,2024-03-05,223,23,Online,PayPal,COUPON99--,3.71,AUD
106205,2024-03-05T12:57:45,2024-03-05,772,6,Online,PayPal,COUPONZZ9-,3.03,AUD
106384,2024-03-05T09:50:18,2024-03-05,526,27,Retail,PayPal,COUPON9-AA,15.43,AUD
106411,2024-03-05T03:43:00,2024-03-05,367,14,Online,Afterpay,COUPON-Z--,11.12,AUD
106573,2024-03-05T00:18:46,2024-03-05,215,49,Retail,Credit Card,COUPON9-9-,18.72,AUD
106780,2024-03-05T20:07:01,2024-03-05,688,42,Retail,PayPal,COUPON0AA0,6.31,AUD
106900,2024-03-05T06:23:59,2024-03-05,369,2,Retail,PayPal,COUPONZ9AZ,10.19,AUD
106960,2024-03-05T05:00:56,2024-03-05,610,17,Online,Afterpay,COUPON9-9Z,1.22,AUD
107015,2024-03-05T18:59:31,2024-03-05,414,10,Online,PayPal,COUPON-AA0,3.97,AUD
107063,2024-03-05T09:06:30,2024-03-05,321,5,Retail,Credit Card,COUPON90Z0,9.46,AUD
107258,2024-03-05T11:36:51,2024-03-05,588,42,Retail,Credit Card,COUPONA99Z,13.13,AUD
107419,2024-03-05T19:35:08,2024-03-05,114,43,Online,Credit Card,COUPON090-,10.47,AUD
107588,2024-03-05T09:52:29,2024-03-05,603,11,Online,PayPal,COUPONAA9Z,7.56,AUD
107616,2024-03-05T00:25:36,2024-03-05,19,23,Online,PayPal,COUPON-A--,16.35,AUD
107640,2024-03-05T01:34:52,2024-03-05,681,29,Online,PayPal,COUPON--Z0,7.53,AUD
107826,2024-03-05T07:24:18,2024-03-05,530,20,Online,Credit Card,COUPONA0A-,12.03,AUD
107841,2024-03-05T03:18:03,2024-03-05,265,39,Online,PayPal,COUPON0A0-,8.31,AUD
108109,2024-03-05T23:22:23,2024-03-05,469,18,Online,PayPal,COUPONZ---,15.6,AUD
108330,2024-03-05T09:10:33,2024-03-05,178,5,Retail,PayPal,COUPON-Z--,10.52,AUD
108448,2024-03-05T22:00:19,2024-03-05,745,4,Retail,Afterpay,COUPON-0A0,15.26,AUD
108562,2024-03-05T14:37:02,2024-03-05,428,14,Retail,Afterpay,COUPONA0--,2.01,AUD
108567,2024-03-05T06:32:09,2024-03-05,415,13,Online,Credit Card,COUPON90ZZ,15.61,AUD
108568,2024-03-05T05:15:47,2024-03-05,75,1,Online,Credit Card,COUPON--Z0,19.15,AUD
108597,2024-03-05T13:09:42,2024-03-05,397,43,Online,Credit Card,COUPON9A0-,13.02,AUD
108698,2024-03-05T09:35:46,2024-03-05,88,8,Retail,Credit Card,COUPON9ZA-,14.61,AUD
108752,2024-03-05T17:42:31,2024-03-05,459,50,Retail,PayPal,COUPONAA-A,12.15,AUD
108755,2024-03-05T04:26:03,2024-03-05,603,14,Retail,Afterpay,COUPON00-9,12.62,AUD
108766,2024-03-05T12:27:37,2024-03-05,278,16,Retail,Credit Card,COUPON9--A,8.32,AUD
108932,2024-03-05T02:39:51,2024-03-05,21,31,Online,PayPal,COUPONZ-00,9.79,AUD
109024,2024-03-05T14:55:04,2024-03-05,326,44,Retail,PayPal,COUPON009Z,7.61,AUD
109052,2024-03-05T15:59:41,2024-03-05,217,49,Retail,Afterpay,COUPON-99A,14.01,AUD
109158,2024-03-05T22:20:35,2024-03-05,337,7,Retail,Afterpay,COUPON--Z-,18.68,AUD
109252,2024-03-05T22:03:11,2024-03-05,641,48,Retail,Credit Card,COUPON--9A,13.0,AUD
109467,2024-03-05T06:25:48,2024-03-05,416,27,Online,Credit Card,COUPONZ--Z,8.15,AUD
109477,2024-03-05T18:59:34,2024-03-05,670,27,Retail,Credit Card,COUPON0A9-,19.53,AUD
109479,2024-03-05T08:57:47,2024-03-05,108,22,Online,Afterpay,COUPON9--0,15.41,AUD
109501,2024-03-05T22:23:04,2024-03-05,597,15,Retail,PayPal,COUPON--0-,5.28,AUD
109578,2024-03-05T18:24:05,2024-03-05,768,30,Retail,Credit Card,COUPON9Z09,13.37,AUD
109773,2024-03-05T18:26:32,2024-03-05,62,42,Retail,PayPal,COUPONZ0-0,3.45,AUD
109820,2024-03-05T20:56:41,2024-03-05,776,13,Retail,Afterpay,COUPON9--0,7.71,AUD
109853,2024-03-05T07:00:07,2024-03-05,761,36,Online,PayPal,COUPON99Z0,13.1,AUD
109967,2024-03-05T20:59:35,2024-03-05,179,15,Online,Afterpay,COUPONZ0--,1.18,AUD
110023,2024-03-05T02:29:37,2024-03-05,692,3,Online,PayPal,COUPONA-Z-,0.21,AUD
110034,2024-03-05T17:24:23,2024-03-05,6,23,Online,PayPal,COUPON--AA,16.34,AUD
110040,2024-03-05T15:42:03,2024-03-05,678,40,Retail,PayPal,COUPON--90,0.65,AUD
110259,2024-03-05T04:25:47,2024-03-05,14,8,Online,PayPal,COUPON-A-0,11.38,AUD
110311,2024-03-05T18:45:01,2024-03-05,319,31,Online,PayPal,COUPON----,10.4,AUD
110473,2024-03-05T09:47:29,2024-03-05,765,35,Online,PayPal,COUPON-9--,1.65,AUD
110559,2024-03-05T20:19:42,2024-03-05,76,24,Retail,PayPal,COUPONA0--,1.7,AUD
110582,2024-03-05T21:02:39,2024-03-05,652,27,Retail,Afterpay,COUPONZA0A,12.64,AUD
110650,2024-03-05T23:11:05,2024-03-05,469,41,Online,Afterpay,COUPONA90-,18.87,AUD
110682,2024-03-05T13:08:30,2024-03-05,399,13,Online,PayPal,COUPONZ9--,19.9,AUD
110854,2024-03-05T03:54:46,2024-03-05,357,39,Retail,Credit Card,COUPONA9Z0,5.9,AUD
110987,2024-03-05T01:42:45,2024-03-05,209,29,Online,Afterpay,COUPON9A90,6.51,AUD
111024,2024-03-05T22:36:37,2024-03-05,527,32,Online,Afterpay,COUPON0AA-,12.24,AUD
111043,2024-03-05T00:44:55,2024-03-05,523,38,Online,Afterpay,COUPON--0Z,12.96,AUD
111126,2024-03-05T03:26:38,2024-03-05,369,45,Retail,PayPal,COUPONAA-A,16.98,AUD
111137,2024-03-05T19:03:18,2024-03-05,228,42,Retail,PayPal,COUPON---Z,19.51,AUD
111149,2024-03-05T17:57:26,2024-03-05,171,32,Online,Credit Card,COUPONZZ-0,16.93,AUD
111176,2024-03-05T18:15:04,2024-03-05,617,2,Online,Afterpay,COUPON09Z-,9.52,AUD
111230,2024-03-05T04:50:40,2024-03-05,505,33,Retail,PayPal,COUPON-ZZ9,11.42,AUD
111298,2024-03-05T00:52:29,2024-03-05,618,6,Retail,Credit Card,COUPONAA9Z,13.61,AUD
111399,2024-03-05T10:19:56,2024-03-05,276,29,Retail,Afterpay,COUPON---9,20.0,AUD
111489,2024-03-05T00:56:52,2024-03-05,341,6,Retail,PayPal,COUPON00Z-,18.48,AUD
111661,2024-03-05T07:48:47,2024-03-05,579,45,Online,Credit Card,COUPONAZA-,17.01,AUD
111719,2024-03-05T18:15:38,2024-03-05,44,20,Online,Afterpay,COUPON0--0,13.32,AUD
112022,2024-03-05T23:32:39,2024-03-05,594,16,Retail,Afterpay,COUPON--99,16.0,AUD
112140,2024-03-05T22:53:52,2024-03-05,466,48,Retail,Afterpay,COUPON9---,10.03,AUD
112175,2024-03-05T07:01:15,2024-03-05,302,11,Retail,Credit Card,COUPON---9,16.68,AUD
112176,2024-03-05T12:02:16,2024-03-05,368,15,Online,Afterpay,COUPON---Z,3.45,AUD
112266,2024-03-05T20:14:45,2024-03-05,670,34,Retail,Afterpay,COUPON--9-,18.27,AUD
112305,2024-03-05T02:47:14,2024-03-05,16,32,Retail,Credit Card,COUPON0--9,10.24,AUD
112437,2024-03-05T21:40:05,2024-03-05,129,45,Retail,Credit Card,COUPON-AA9,4.81,AUD
112544,2024-03-05T18:54:07,2024-03-05,162,13,Retail,PayPal,COUPONZA90,8.04,AUD
112714,2024-03-05T05:04:19,2024-03-05,503,6,Online,PayPal,COUPONZZ0Z,1.11,AUD
112726,2024-03-05T09:43:21,2024-03-05,121,12,Retail,Afterpay,COUPON-ZA0,17.18,AUD
112982,2024-03-05T20:36:21,2024-03-05,599,8,Retail,Afterpay,COUPON00-A,17.03,AUD
113035,2024-03-05T22:09:13,2024-03-05,495,50,Online,Afterpay,COUPON-Z0Z,5.51,AUD
113121,2024-03-05T10:50:43,2024-03-05,534,25,Retail,Credit Card,COUPON0-Z-,17.07,AUD
113229,2024-03-05T07:17:35,2024-03-05,601,48,Online,PayPal,COUPON0000,6.18,AUD
113262,2024-03-05T09:50:29,2024-03-05,178,41,Online,PayPal,COUPON-Z09,3.85,AUD
113264,2024-03-05T02:03:50,2024-03-05,644,33,Retail,PayPal,COUPON9-0Z,19.47,AUD
113402,2024-03-05T02:02:51,2024-03-05,379,37,Online,PayPal,COUPON-9Z0,16.6,AUD
113517,2024-03-05T15:30:18,2024-03-05,176,45,Online,Credit Card,COUPONZ--0,15.5,AUD
113520,2024-03-05T11:07:36,2024-03-05,313,47,Online,Afterpay,COUPON-0-Z,12.99,AUD
114072,2024-03-05T01:52:40,2024-03-05,500,44,Online,PayPal,COUPONZ-00,5.04,AUD
114250,2024-03-05T11:06:05,2024-03-05,557,24,Retail,PayPal,COUPONZA-9,16.97,AUD
114377,2024-03-05T20:39:15,2024-03-05,728,33,Retail,PayPal,COUPON---Z,17.0,AUD
114540,2024-03-05T06:30:07,2024-03-05,527,6,Online,Credit Card,COUPON0AA-,1.44,AUD
114587,2024-03-05T21:30:32,2024-03-05,475,30,Retail,PayPal,COUPON9-ZZ,19.26,AUD
114593,2024-03-05T00:21:15,2024-03-05,174,20,Retail,Afterpay,COUPON-ZA0,1.23,AUD
114649,2024-03-05T06:31:04,2024-03-05,606,28,Retail,Afterpay,COUPONZ-A9,16.92,AUD
114683,2024-03-05T17:50:05,2024-03-05,288,3,Online,PayPal,COUPON-Z9Z,15.64,AUD
114733,2024-03-05T09:57:26,2024-03-05,243,33,Retail,Afterpay,COUPONAAZ-,7.73,AUD
114768,2024-03-05T07:18:47,2024-03-05,308,7,Retail,PayPal,COUPON9Z9A,18.71,AUD
114893,2024-03-05T12:45:54,2024-03-05,140,30,Online,Afterpay,COUPONAZZ0,14.28,AUD
114930,2024-03-05T22:15:08,2024-03-05,364,17,Online,Afterpay,COUPONA9AA,15.04,AUD
114933,2024-03-05T09:19:00,2024-03-05,136,49,Retail,Afterpay,COUPON0--9,12.59,AUD
114943,2024-03-05T08:13:06,2024-03-05,203,15,Online,Afterpay,COUPON0Z9A,14.19,AUD
114945,2024-03-05T03:06:47,2024-03-05,604,29,Online,Credit Card,COUPON-9-A,3.78,AUD
115044,2024-03-05T13:45:31,2024-03-05,682,31,Online,PayPal,COUPONA--A,2.22,AUD
115077,2024-03-05T00:27:07,2024-03-05,130,43,Online,Afterpay,COUPON--Z9,5.47,AUD
115174,2024-03-05T06:33:41,2024-03-05,352,28,Retail,PayPal,COUPON9Z99,14.24,AUD
115201,2024-03-05T13:20:53,2024-03-05,577,40,Online,Afterpay,COUPON9-0A,11.25,AUD
115231,2024-03-05T21:03:29,2024-03-05,488,14,Retail,Credit Card,COUPON909A,5.43,AUD
115354,2024-03-05T14:11:38,2024-03-05,666,26,Retail,PayPal,COUPON0--A,11.61,AUD
115371,2024-03-05T20:29:31,2024-03-05,651,31,Online,Afterpay,COUPON0Z9-,1.54,AUD
115816,2024-03-05T15:03:14,2024-03-05,65,42,Retail,Credit Card,COUPONA-99,8.59,AUD
115826,2024-03-05T12:08:03,2024-03-05,242,48,Retail,Credit Card,COUPONA9A9,19.0,AUD
115863,2024-03-05T01:22:09,2024-03-05,738,11,Online,PayPal,COUPON-A9Z,18.69,AUD
115949,2024-03-05T21:34:40,2024-03-05,64,28,Online,Afterpay,COUPON----,13.8,AUD
116001,2024-03-05T18:29:05,2024-03-05,370,35,Retail,PayPal,COUPONZ0Z9,11.16,AUD
116063,2024-03-05T23:16:52,2024-03-05,32,42,Online,Credit Card,COUPON00A9,16.38,AUD
116072,2024-03-05T09:40:59,2024-03-05,760,20,Retail,Credit Card,COUPON--9-,10.95,AUD
116148,2024-03-05T22:47:25,2024-03-05,791,49,Online,PayPal,COUPON-Z0-,8.82,AUD
116315,2024-03-05T11:58:32,2024-03-05,415,5,Retail,Credit Card,COUPONZ0ZA,17.33,AUD
116376,2024-03-05T11:47:09,2024-03-05,376,16,Online,PayPal,COUPON9-9-,14.55,AUD
116419,2024-03-05T07:34:39,2024-03-05,730,33,Retail,Afterpay,COUPONAZ09,4.58,AUD
116611,2024-03-05T15:50:12,2024-03-05,102,46,Online,PayPal,COUPONZA--,15.06,AUD
116739,2024-03-05T01:03:37,2024-03-05,599,50,Online,PayPal,COUPON090A,15.47,AUD
116807,2024-03-05T14:45:54,2024-03-05,595,24,Retail,Afterpay,COUPON09--,12.78,AUD
117001,2024-03-05T04:07:38,2024-03-05,142,42,Retail,Credit Card,COUPONA9ZA,13.39,AUD
117461,2024-03-05T19:17:01,2024-03-05,65,50,Online,PayPal,COUPON--0Z,15.14,AUD
117559,2024-03-05T11:05:10,2024-03-05,750,39,Online,PayPal,COUPON9-09,16.83,AUD
117592,2024-03-05T13:46:58,2024-03-05,33,35,Online,Credit Card,COUPONZA--,11.73,AUD
117794,2024-03-05T11:46:56,2024-03-05,34,36,Retail,Afterpay,COUPON0Z-A,0.9,AUD
117864,2024-03-05T23:07:33,2024-03-05,145,7,Online,Afterpay,COUPON000-,15.86,AUD
117897,2024-03-05T07:29:34,2024-03-05,785,12,Online,PayPal,COUPON0ZA9,10.03,AUD
117900,2024-03-05T08:45:35,2024-03-05,282,25,Retail,PayPal,COUPONZZ9-,5.9,AUD
117934,2024-03-05T06:02:05,2024-03-05,25,14,Retail,PayPal,COUPON0ZZ-,3.69,AUD
118116,2024-03-05T01:20:25,2024-03-05,157,43,Online,PayPal,COUPONA-09,18.25,AUD
118402,2024-03-05T07:06:42,2024-03-05,50,11,Retail,PayPal,COUPON9-AZ,7.26,AUD
118540,2024-03-05T05:34:16,2024-03-05,741,39,Online,Credit Card,COUPON09--,6.25,AUD
118566,2024-03-05T18:13:51,2024-03-05,568,2,Retail,Credit Card,COUPON--0A,13.86,AUD
118675,2024-03-05T22:26:16,2024-03-05,303,19,Retail,Credit Card,COUPONA-Z9,2.45,AUD
118748,2024-03-05T14:13:52,2024-03-05,606,22,Online,Credit Card,COUPON-9AZ,15.52,AUD
118853,2024-03-05T07:45:33,2024-03-05,309,28,Online,PayPal,COUPON-9-Z,16.56,AUD
119113,2024-03-05T10:19:31,2024-03-05,634,20,Retail,Credit Card,COUPON9A0-,9.26,AUD
119285,2024-03-05T16:31:10,2024-03-05,591,33,Online,Afterpay,COUPONZ909,17.32,AUD
119427,2024-03-05T22:26:04,2024-03-05,111,5,Online,Afterpay,COUPON-ZZ0,7.8,AUD
119519,2024-03-05T01:02:13,2024-03-05,663,30,Retail,Afterpay,COUPON9Z00,10.85,AUD
119520,2024-03-05T15:22:09,2024-03-05,610,14,Online,PayPal,COUPON---9,8.89,AUD
119773,2024-03-05T05:23:23,2024-03-05,510,25,Online,Credit Card,COUPON-090,3.46,AUD
119806,2024-03-05T15:54:48,2024-03-05,164,30,Retail,Credit Card,COUPON-A9-,15.19,AUD
119846,2024-03-05T02:49:06,2024-03-05,795,38,Retail,Credit Card,COUPON0---,2.08,AUD
119860,2024-03-05T18:40:46,2024-03-05,481,25,Retail,PayPal,COUPONZZ9A,8.27,AUD
119896,2024-03-05T09:18:20,2024-03-05,1,18,Online,Credit Card,COUPONZ990,8.62,AUD
120010,2024-03-05T20:32:27,2024-03-05,629,30,Retail,Afterpay,COUPON--0-,8.05,AUD
120216,2024-03-05T00:58:52,2024-03-05,360,42,Retail,Credit Card,COUPON0ZAZ,13.0,AUD
120293,2024-03-05T22:17:41,2024-03-05,503,18,Retail,Credit Card,COUPONZZZ-,13.86,AUD
120313,2024-03-05T05:38:27,2024-03-05,721,46,Online,Credit Card,COUPONA-Z-,15.52,AUD
120522,2024-03-05T12:41:58,2024-03-05,241,18,Retail,Credit Card,COUPONAZ-0,10.42,AUD
120598,2024-03-05T00:12:52,2024-03-05,788,31,Online,Afterpay,COUPONZZ-0,4.09,AUD
120789,2024-03-05T15:16:25,2024-03-05,515,30,Retail,Afterpay,COUPON----,17.36,AUD
120971,2024-03-05T13:10:36,2024-03-05,189,3,Online,PayPal,COUPON09-A,4.04,AUD
121024,2024-03-05T06:51:12,2024-03-05,544,33,Retail,PayPal,COUPON0-Z9,19.92,AUD
121174,2024-03-05T16:33:03,2024-03-05,767,18,Online,Afterpay,COUPON09AA,1.86,AUD
121231,2024-03-05T23:42:40,2024-03-05,40,11,Retail,PayPal,COUPON99-0,12.64,AUD
121656,2024-03-05T11:21:06,2024-03-05,744,36,Retail,Credit Card,COUPON9-A0,3.16,AUD
121801,2024-03-05T06:15:34,2024-03-05,654,4,Online,Credit Card,COUPON--9-,16.53,AUD
121809,2024-03-05T21:55:34,2024-03-05,422,29,Retail,Afterpay,COUPON-099,14.23,AUD
121831,2024-03-05T17:40:58,2024-03-05,434,13,Retail,PayPal,COUPON9-AA,1.07,AUD
122010,2024-03-05T07:10:17,2024-03-05,159,5,Retail,Credit Card,COUPON9Z-0,19.46,AUD
122129,2024-03-05T04:57:20,2024-03-05,257,31,Online,PayPal,COUPON9A--,2.03,AUD
122149,2024-03-05T00:22:11,2024-03-05,745,6,Online,Afterpay,COUPON0A-Z,9.28,AUD
122215,2024-03-05T03:09:55,2024-03-05,205,13,Retail,Afterpay,COUPON90-9,12.13,AUD
122364,2024-03-05T14:53:06,2024-03-05,703,10,Retail,Afterpay,COUPONAA-A,17.8,AUD
122372,2024-03-05T08:33:24,2024-03-05,623,21,Retail,Credit Card,COUPON9-90,9.81,AUD
122405,2024-03-05T15:16:17,2024-03-05,341,11,Online,Afterpay,COUPONA0AA,10.9,AUD
122411,2024-03-05T15:55:33,2024-03-05,376,42,Online,Afterpay,COUPON90--,18.73,AUD
122414,2024-03-05T15:50:57,2024-03-05,345,26,Online,Credit Card,COUPONA--9,10.7,AUD
122466,2024-03-05T22:26:14,2024-03-05,623,43,Retail,Credit Card,COUPONZ-A-,5.32,AUD
122563,2024-03-05T17:19:11,2024-03-05,347,34,Retail,Credit Card,COUPON9AZZ,5.58,AUD
122681,2024-03-05T06:01:18,2024-03-05,65,50,Online,Credit Card,COUPON0Z-0,18.77,AUD
122693,2024-03-05T11:15:38,2024-03-05,622,8,Retail,PayPal,COUPON-A9A,8.27,AUD
122987,2024-03-05T21:41:17,2024-03-05,702,11,Online,Afterpay,COUPONAA--,15.29,AUD
123166,2024-03-05T16:56:31,2024-03-05,419,47,Online,PayPal,COUPON---9,6.86,AUD
123190,2024-03-05T10:22:55,2024-03-05,613,18,Online,PayPal,COUPONZ09-,4.15,AUD
123417,2024-03-05T08:47:07,2024-03-05,226,16,Online,Credit Card,COUPONA-Z9,1.31,AUD
123522,2024-03-05T08:12:41,2024-03-05,521,18,Online,Afterpay,COUPONA-09,5.87,AUD
123644,2024-03-05T09:32:13,2024-03-05,636,30,Online,PayPal,COUPON-09Z,10.17,AUD
123701,2024-03-05T03:08:54,2024-03-05,635,27,Retail,Afterpay,COUPON0-9A,2.33,AUD
123736,2024-03-05T21:39:29,2024-03-05,206,21,Online,Credit Card,COUPON0A0Z,1.47,AUD
123784,2024-03-05T20:38:02,2024-03-05,80,22,Online,Credit Card,COUPON9ZA0,11.48,AUD
123819,2024-03-05T06:39:23,2024-03-05,429,38,Retail,PayPal,COUPON0-Z9,12.07,AUD
123899,2024-03-05T08:49:10,2024-03-05,121,12,Online,PayPal,COUPON-AA-,0.14,AUD
124014,2024-03-05T08:36:59,2024-03-05,774,6,Online,Afterpay,COUPON00-Z,0.1,AUD
124024,2024-03-05T20:50:18,2024-03-05,17,36,Online,Afterpay,COUPON-9-A,3.15,AUD
124031,2024-03-05T20:55:10,2024-03-05,125,48,Retail,Credit Card,COUPONA---,6.55,AUD
124068,2024-03-05T02:24:28,2024-03-05,618,20,Retail,Credit Card,COUPONZ--Z,8.77,AUD
124082,2024-03-05T22:26:05,2024-03-05,188,32,Retail,Afterpay,COUPONA-ZZ,2.29,AUD
124105,2024-03-05T21:17:13,2024-03-05,500,27,Retail,PayPal,COUPON90-0,15.56,AUD
124127,2024-03-05T07:24:23,2024-03-05,383,15,Online,Afterpay,COUPON--AA,7.67,AUD
124388,2024-03-05T04:06:05,2024-03-05,758,38,Retail,Credit Card,COUPONA---,6.28,AUD
124943,2024-03-05T17:28:10,2024-03-05,410,42,Retail,PayPal,COUPON-0A-,7.09,AUD
124951,2024-03-05T17:47:05,2024-03-05,784,19,Retail,Afterpay,COUPON-ZA-,0.41,AUD
125035,2024-03-05T04:27:48,2024-03-05,144,21,Retail,PayPal,COUPON-Z-Z,19.37,AUD
125538,2024-03-05T08:24:00,2024-03-05,551,17,Retail,Credit Card,COUPON-0-Z,3.93,AUD
125619,2024-03-05T22:21:42,2024-03-05,84,2,Retail,Afterpay,COUPONAA9-,3.53,AUD
125702,2024-03-05T23:46:59,2024-03-05,52,13,Retail,Credit Card,COUPONA9Z-,13.67,AUD
125827,2024-03-05T11:55:12,2024-03-05,414,2,Retail,Credit Card,COUPON-AA-,7.72,AUD
125850,2024-03-05T22:33:28,2024-03-05,79,17,Online,Credit Card,COUPONA-09,4.24,AUD
125895,2024-03-05T04:44:25,2024-03-05,585,21,Online,PayPal,COUPON-A90,18.55,AUD
125979,2024-03-05T22:58:38,2024-03-05,115,12,Retail,PayPal,COUPON-AZA,18.61,AUD
126101,2024-03-05T17:33:30,2024-03-05,14,18,Retail,PayPal,COUPON00A-,15.79,AUD
126189,2024-03-05T02:22:13,2024-03-05,492,40,Online,Credit Card,COUPONA--9,17.95,AUD
126260,2024-03-05T15:02:18,2024-03-05,249,50,Online,Credit Card,COUPONZ909,9.39,AUD
126265,2024-03-05T08:22:22,2024-03-05,756,8,Online,PayPal,COUPON-A90,4.48,AUD
126328,2024-03-05T15:49:12,2024-03-05,753,32,Retail,PayPal,COUPON-9--,11.96,AUD
126405,2024-03-05T17:05:40,2024-03-05,603,9,Retail,Afterpay,COUPON0A-9,19.8,AUD
126691,2024-03-05T18:42:54,2024-03-05,665,49,Online,Afterpay,COUPONZA-0,10.49,AUD
127107,2024-03-05T20:27:07,2024-03-05,263,32,Retail,PayPal,COUPON-AAZ,1.43,AUD
127495,2024-03-05T07:57:26,2024-03-05,257,45,Online,Credit Card,COUPON9Z0A,13.51,AUD
127504,2024-03-05T18:55:46,2024-03-05,228,34,Retail,PayPal,COUPON9-A0,12.78,AUD
127640,2024-03-05T13:06:29,2024-03-05,66,43,Online,Afterpay,COUPONA---,13.78,AUD
127682,2024-03-05T15:54:26,2024-03-05,71,20,Online,Credit Card,COUPON9Z-0,18.37,AUD
127850,2024-03-05T04:03:44,2024-03-05,238,27,Retail,Afterpay,COUPON-090,7.59,AUD
127990,2024-03-05T10:50:11,2024-03-05,698,21,Online,PayPal,COUPONA---,13.94,AUD
128022,2024-03-05T16:44:41,2024-03-05,151,27,Online,PayPal,COUPON0--A,11.69,AUD
128028,2024-03-05T11:22:45,2024-03-05,787,37,Retail,PayPal,COUPON0A9Z,0.88,AUD
128138,2024-03-05T16:56:42,2024-03-05,637,30,Online,PayPal,COUPON9009,9.29,AUD
128206,2024-03-05T06:43:55,2024-03-05,445,23,Retail,Credit Card,COUPONZ-9-,17.11,AUD
128221,2024-03-05T23:14:29,2024-03-05,678,27,Retail,Afterpay,COUPON-9Z-,3.22,AUD
128381,2024-03-05T05:52:26,2024-03-05,787,40,Online,PayPal,COUPONAZ--,3.05,AUD
128617,2024-03-05T01:33:48,2024-03-05,239,39,Retail,PayPal,COUPON9AAA,1.38,AUD
128634,2024-03-05T04:35:30,2024-03-05,307,44,Retail,Credit Card,COUPONZ9--,18.99,AUD
128676,2024-03-05T03:55:24,2024-03-05,571,39,Retail,PayPal,COUPON9Z--,10.05,AUD
128822,2024-03-05T03:54:38,2024-03-05,675,19,Online,Credit Card,COUPON0-0Z,4.25,AUD
128868,2024-03-05T01:20:28,2024-03-05,163,7,Online,Afterpay,COUPON9Z90,3.88,AUD
128961,2024-03-05T09:59:40,2024-03-05,319,39,Online,Afterpay,COUPON-A9Z,11.87,AUD
129166,2024-03-05T22:57:22,2024-03-05,572,2,Online,PayPal,COUPONA---,5.57,AUD
129253,2024-03-05T02:13:45,2024-03-05,98,39,Retail,PayPal,COUPONA0--,5.56,AUD
129280,2024-03-05T09:52:09,2024-03-05,88,11,Retail,Afterpay,COUPON90--,19.61,AUD
129353,2024-03-05T20:22:13,2024-03-05,624,28,Retail,Afterpay,COUPONZ0A9,9.93,AUD
129368,2024-03-05T02:06:50,2024-03-05,769,37,Retail,PayPal,COUPON0AA0,15.12,AUD
129370,2024-03-05T22:54:39,2024-03-05,217,35,Retail,PayPal,COUPON--9-,14.77,AUD
129586,2024-03-05T03:42:27,2024-03-05,492,47,Online,Credit Card,COUPON0--A,6.54,AUD
129695,2024-03-05T17:30:05,2024-03-05,375,39,Retail,Credit Card,COUPONAAZA,13.17,AUD
129748,2024-03-05T09:26:16,2024-03-05,555,48,Online,PayPal,COUPONZ0-9,3.96,AUD
129777,2024-03-05T07:36:24,2024-03-05,217,3,Online,PayPal,COUPON0-9-,2.13,AUD
129811,2024-03-05T09:48:15,2024-03-05,505,36,Online,Afterpay,COUPONAZA-,9.96,AUD
129932,2024-03-05T01:16:37,2024-03-05,658,22,Retail,Credit Card,COUPON-ZZZ,18.21,AUD
129950,2024-03-05T03:20:08,2024-03-05,612,26,Online,PayPal,COUPON0---,10.4,AUD
129955,2024-03-05T23:55:31,2024-03-05,290,18,Retail,Afterpay,COUPONZ-90,17.82,AUD
129988,2024-03-05T21:01:15,2024-03-05,226,19,Retail,Afterpay,COUPONZAZZ,7.78,AUD
130168,2024-03-05T12:12:50,2024-03-05,52,25,Online,Credit Card,COUPONAZ-0,18.65,AUD
130200,2024-03-05T11:07:53,2024-03-05,557,25,Retail,Afterpay,COUPONZA-Z,11.17,AUD
130275,2024-03-05T15:55:58,2024-03-05,2,47,Online,Credit Card,COUPON09Z9,10.77,AUD
130475,2024-03-05T12:41:45,2024-03-05,370,6,Retail,Afterpay,COUPON-Z09,13.56,AUD
130944,2024-03-05T12:53:17,2024-03-05,754,21,Retail,PayPal,COUPON99--,4.85,AUD
131253,2024-03-05T00:50:17,2024-03-05,219,3,Online,Credit Card,COUPON-A-Z,1.78,AUD
131383,2024-03-05T11:31:08,2024-03-05,350,50,Retail,PayPal,COUPONA9A0,7.86,AUD
131388,2024-03-05T16:16:11,2024-03-05,279,40,Retail,Credit Card,COUPON-99-,19.2,AUD
131439,2024-03-05T02:27:51,2024-03-05,760,2,Online,PayPal,COUPON-AZZ,14.21,AUD
131463,2024-03-05T06:16:08,2024-03-05,70,47,Online,PayPal,COUPON0099,8.37,AUD
131638,2024-03-05T16:09:47,2024-03-05,408,42,Retail,PayPal,COUPON9--A,12.25,AUD
131649,2024-03-05T23:25:24,2024-03-05,284,37,Retail,Credit Card,COUPON-09-,15.88,AUD
131675,2024-03-05T07:26:54,2024-03-05,240,16,Retail,Afterpay,COUPONAZ-9,10.06,AUD
131761,2024-03-05T01:35:43,2024-03-05,677,16,Online,Credit Card,COUPON-ZA-,10.35,AUD
131821,2024-03-05T04:29:47,2024-03-05,72,10,Online,Credit Card,COUPON90--,15.51,AUD
131993,2024-03-05T00:58:14,2024-03-05,386,41,Online,Afterpay,COUPON-009,11.21,AUD
132214,2024-03-05T16:57:25,2024-03-05,593,18,Online,Credit Card,COUPONAAAA,9.64,AUD
132275,2024-03-05T06:43:52,2024-03-05,239,16,Online,PayPal,COUPON9-A-,4.79,AUD
132721,2024-03-05T04:04:52,2024-03-05,483,30,Retail,PayPal,COUPON-9-9,0.15,AUD
132800,2024-03-05T23:04:32,2024-03-05,74,16,Online,Afterpay,COUPONZZ9A,6.08,AUD
132879,2024-03-05T11:47:21,2024-03-05,331,42,Retail,Afterpay,COUPON-0Z9,5.66,AUD
132948,2024-03-05T18:42:29,2024-03-05,184,11,Online,PayPal,COUPON-990,10.56,AUD
133012,2024-03-05T05:51:16,2024-03-05,546,18,Online,Afterpay,COUPON-ZZA,8.11,AUD
133138,2024-03-05T22:31:18,2024-03-05,291,16,Online,PayPal,COUPON00-0,2.73,AUD
133261,2024-03-05T01:43:13,2024-03-05,360,13,Retail,Afterpay,COUPON9---,18.99,AUD
133409,2024-03-05T19:00:24,2024-03-05,113,41,Online,PayPal,COUPON-9-0,5.27,AUD
133716,2024-03-05T03:52:30,2024-03-05,477,19,Retail,PayPal,COUPON---A,19.71,AUD
133730,2024-03-05T21:48:00,2024-03-05,771,47,Retail,Afterpay,COUPONAZ-9,5.54,AUD
133951,2024-03-05T17:06:58,2024-03-05,56,50,Retail,PayPal,COUPON-AA-,3.37,AUD
134176,2024-03-05T14:09:32,2024-03-05,13,45,Online,Credit Card,COUPONAA90,8.19,AUD
134230,2024-03-05T09:52:33,2024-03-05,139,45,Online,Afterpay,COUPONZ---,18.99,AUD
134237,2024-03-05T06:33:16,2024-03-05,769,38,Retail,PayPal,COUPON-9A-,18.13,AUD
134269,2024-03-05T13:43:35,2024-03-05,636,14,Retail,Credit Card,COUPON9009,18.3,AUD
134325,2024-03-05T05:57:50,2024-03-05,644,4,Online,Credit Card,COUPON-AA0,2.75,AUD
134410,2024-03-05T10:10:45,2024-03-05,535,13,Online,PayPal,COUPONZ-9-,8.4,AUD
134493,2024-03-05T14:13:49,2024-03-05,472,38,Retail,Afterpay,COUPON-A--,15.78,AUD
134619,2024-03-05T06:59:46,2024-03-05,496,2,Retail,PayPal,COUPONZ-Z-,16.86,AUD
134641,2024-03-05T11:27:14,2024-03-05,613,45,Retail,Credit Card,COUPON--9Z,10.16,AUD
134712,2024-03-05T14:49:14,2024-03-05,693,38,Online,Afterpay,COUPON--90,2.48,AUD
134819,2024-03-05T07:39:22,2024-03-05,72,49,Retail,Afterpay,COUPONAA09,10.21,AUD
134987,2024-03-05T20:22:16,2024-03-05,81,2,Retail,PayPal,COUPON0---,9.62,AUD
135093,2024-03-05T11:54:27,2024-03-05,311,37,Online,Afterpay,COUPONZ---,19.04,AUD
135108,2024-03-05T02:56:33,2024-03-05,315,11,Online,Credit Card,COUPON9A9A,13.25,AUD
135264,2024-03-05T08:01:32,2024-03-05,299,34,Online,PayPal,COUPONZAZ0,0.07,AUD
135283,2024-03-05T01:01:44,2024-03-05,562,5,Online,Credit Card,COUPON0--0,18.17,AUD
135579,2024-03-05T17:23:10,2024-03-05,638,41,Retail,Credit Card,COUPONZ0AA,12.7,AUD
135603,2024-03-05T02:28:32,2024-03-05,677,28,Retail,Credit Card,COUPON00-Z,5.82,AUD
135749,2024-03-05T03:37:52,2024-03-05,190,48,Online,Afterpay,COUPON0ZZ-,15.01,AUD
135795,2024-03-05T09:48:50,2024-03-05,709,22,Online,Afterpay,COUPON-ZA9,4.18,AUD
135816,2024-03-05T18:32:35,2024-03-05,741,22,Online,Afterpay,COUPON0A--,7.65,AUD
135917,2024-03-05T13:46:58,2024-03-05,402,24,Online,PayPal,COUPON--A0,2.55,AUD
135980,2024-03-05T06:47:19,2024-03-05,648,20,Online,PayPal,COUPONZ9A-,2.49,AUD
136220,2024-03-05T19:31:23,2024-03-05,579,36,Online,PayPal,COUPON99--,13.4,AUD
136290,2024-03-05T19:10:01,2024-03-05,187,25,Online,Credit Card,COUPON-A-A,14.53,AUD
136292,2024-03-05T21:43:55,2024-03-05,455,14,Online,Credit Card,COUPON0090,18.38,AUD
136345,2024-03-05T09:47:06,2024-03-05,302,22,Online,PayPal,COUPON9--9,4.52,AUD
136706,2024-03-05T18:19:19,2024-03-05,437,40,Online,PayPal,COUPONA-00,6.37,AUD
136732,2024-03-05T13:02:38,2024-03-05,248,12,Online,Credit Card,COUPON9-9-,8.75,AUD
136940,2024-03-05T16:40:39,2024-03-05,684,44,Online,Credit Card,COUPONZZ--,12.87,AUD
136969,2024-03-05T06:09:12,2024-03-05,640,28,Online,Credit Card,COUPON000-,6.7,AUD
137003,2024-03-05T19:22:17,2024-03-05,472,3,Online,PayPal,COUPON-A0-,6.25,AUD
137039,2024-03-05T09:12:53,2024-03-05,348,23,Retail,PayPal,COUPONZA-A,14.6,AUD
137108,2024-03-05T17:09:57,2024-03-05,690,36,Online,Afterpay,COUPONAAAA,19.46,AUD
137139,2024-03-05T05:35:53,2024-03-05,113,42,Online,Afterpay,COUPON--9A,14.61,AUD
137145,2024-03-05T05:08:14,2024-03-05,542,7,Online,PayPal,COUPONA-00,18.71,AUD
137221,2024-03-05T06:38:07,2024-03-05,394,6,Online,Credit Card,COUPON9009,13.63,AUD
137272,2024-03-05T10:57:28,2024-03-05,344,1,Retail,Credit Card,COUPON-Z0Z,8.91,AUD
137306,2024-03-05T18:04:35,2024-03-05,593,21,Online,PayPal,COUPONZ0A-,10.46,AUD
137387,2024-03-05T12:33:41,2024-03-05,24,17,Online,PayPal,COUPON--A-,12.03,AUD
137534,2024-03-05T22:04:09,2024-03-05,150,9,Retail,PayPal,COUPONZ-Z-,19.22,AUD
137543,2024-03-05T08:23:06,2024-03-05,260,48,Retail,Credit Card,COUPON9-9-,0.26,AUD
137588,2024-03-05T08:39:43,2024-03-05,259,45,Retail,Credit Card,COUPON-Z--,4.92,AUD
137595,2024-03-05T23:15:44,2024-03-05,299,1,Retail,Credit Card,COUPON-ZZ-,5.62,AUD
137613,2024-03-05T03:49:17,2024-03-05,665,5,Retail,Credit Card,COUPON0ZAA,12.35,AUD
137709,2024-03-05T16:23:15,2024-03-05,657,4,Online,Afterpay,COUPON-Z-Z,15.96,AUD
137879,2024-03-05T17:41:51,2024-03-05,397,24,Retail,Credit Card,COUPON-A-A,2.95,AUD
137925,2024-03-05T02:20:12,2024-03-05,790,7,Online,PayPal,COUPON9-ZZ,11.21,AUD
137996,2024-03-05T11:42:12,2024-03-05,402,28,Online,Credit Card,COUPONZAAZ,19.76,AUD
138075,2024-03-05T05:14:22,2024-03-05,266,30,Online,Credit Card,COUPON---0,17.59,AUD
138276,2024-03-05T03:36:09,2024-03-05,409,28,Online,Afterpay,COUPON-0A9,9.05,AUD
138437,2024-03-05T15:41:12,2024-03-05,74,39,Online,Credit Card,COUPON-0ZZ,14.83,AUD
138439,2024-03-05T12:57:46,2024-03-05,543,25,Online,Credit Card,COUPONA0-9,19.6,AUD
138493,2024-03-05T23:25:08,2024-03-05,473,18,Retail,Afterpay,COUPON0000,5.53,AUD
138504,2024-03-05T07:12:29,2024-03-05,403,8,Retail,PayPal,COUPON-0A-,16.46,AUD
138563,2024-03-05T09:58:04,2024-03-05,713,21,Retail,Afterpay,COUPONZ-00,12.06,AUD
138594,2024-03-05T16:45:39,2024-03-05,545,48,Online,Afterpay,COUPON09--,10.87,AUD
138655,2024-03-05T08:56:13,2024-03-05,231,29,Online,Afterpay,COUPON0---,17.54,AUD
138675,2024-03-05T15:29:25,2024-03-05,168,42,Online,Afterpay,COUPON0Z-Z,7.61,AUD
138909,2024-03-05T16:22:14,2024-03-05,262,47,Online,Credit Card,COUPON99-0,2.4,AUD
138953,2024-03-05T13:52:17,2024-03-05,794,23,Online,Afterpay,COUPONAZ0A,10.25,AUD
138978,2024-03-05T03:41:36,2024-03-05,102,34,Online,Afterpay,COUPON9--0,1.14,AUD
138987,2024-03-05T16:20:56,2024-03-05,707,5,Online,PayPal,COUPONZ-Z0,2.69,AUD
138989,2024-03-05T02:11:44,2024-03-05,448,50,Retail,Credit Card,COUPONA9A-,3.05,AUD
139078,2024-03-05T15:52:31,2024-03-05,286,11,Online,PayPal,COUPON-AZ9,10.88,AUD
139161,2024-03-05T10:07:19,2024-03-05,343,23,Online,PayPal,COUPON--9A,14.37,AUD
139243,2024-03-05T23:01:59,2024-03-05,604,31,Retail,Afterpay,COUPON--ZZ,8.34,AUD
139278,2024-03-05T18:18:32,2024-03-05,795,13,Retail,Credit Card,COUPON-0Z0,10.27,AUD
139407,2024-03-05T11:48:53,2024-03-05,75,49,Online,Afterpay,COUPONZ9AA,13.0,AUD
139838,2024-03-05T10:22:34,2024-03-05,271,34,Online,Afterpay,COUPON0A-A,0.0,AUD
139891,2024-03-05T18:24:39,2024-03-05,484,29,Online,Credit Card,COUPONZ---,10.77,AUD
139953,2024-03-05T22:22:34,2024-03-05,202,34,Retail,Credit Card,COUPON-9--,18.81,AUD
139983,2024-03-05T23:38:54,2024-03-05,645,15,Online,Afterpay,COUPON-9-9,10.54,AUD
140067,2024-03-05T14:09:24,2024-03-05,152,10,Online,Credit Card,COUPON--A-,3.77,AUD
140084,2024-03-05T14:24:05,2024-03-05,762,25,Retail,Afterpay,COUPON99A-,16.79,AUD
140142,2024-03-05T01:17:30,2024-03-05,499,5,Online,Credit Card,COUPON0A09,18.23,AUD
140195,2024-03-05T07:44:23,2024-03-05,603,44,Retail,PayPal,COUPONZ09Z,1.2,AUD
140386,2024-03-05T13:23:50,2024-03-05,236,20,Retail,PayPal,COUPON-ZA-,15.26,AUD
140409,2024-03-05T20:43:47,2024-03-05,469,47,Online,Credit Card,COUPONZ-0A,5.72,AUD
140446,2024-03-05T05:09:56,2024-03-05,93,11,Retail,PayPal,COUPONA-ZZ,6.56,AUD
140456,2024-03-05T09:16:51,2024-03-05,1,9,Retail,Afterpay,COUPONZ099,7.04,AUD
140468,2024-03-05T18:00:37,2024-03-05,319,33,Retail,Afterpay,COUPON----,3.24,AUD
140471,2024-03-05T20:59:08,2024-03-05,203,30,Online,Credit Card,COUPONA0-9,1.77,AUD
140615,2024-03-05T17:46:04,2024-03-05,203,50,Retail,PayPal,COUPONZ9Z-,13.55,AUD
140628,2024-03-05T18:52:11,2024-03-05,569,8,Online,Credit Card,COUPON-9AA,16.36,AUD
140685,2024-03-05T05:46:21,2024-03-05,469,14,Retail,Afterpay,COUPONAZA-,10.95,AUD
140686,2024-03-05T14:50:20,2024-03-05,765,49,Online,Afterpay,COUPON-ZA-,5.37,AUD
140716,2024-03-05T17:43:49,2024-03-05,404,31,Online,PayPal,COUPONA9--,11.68,AUD
140717,2024-03-05T06:18:55,2024-03-05,158,30,Retail,PayPal,COUPONZAZ9,17.88,AUD
140799,2024-03-05T09:29:35,2024-03-05,645,8,Online,PayPal,COUPONZ000,1.03,AUD
140920,2024-03-05T20:55:51,2024-03-05,182,12,Online,PayPal,COUPONAA-9,2.43,AUD
141351,2024-03-05T20:23:05,2024-03-05,229,9,Retail,Credit Card,COUPON9-AA,14.81,AUD
141524,2024-03-05T15:32:23,2024-03-05,638,28,Retail,PayPal,COUPON--Z9,15.72,AUD
141571,2024-03-05T09:07:48,2024-03-05,518,40,Retail,PayPal,COUPONZ-9A,3.37,AUD
141823,2024-03-05T13:09:40,2024-03-05,1,11,Retail,Afterpay,COUPON--A-,16.25,AUD
141977,2024-03-05T21:24:42,2024-03-05,620,41,Retail,PayPal,COUPON-Z90,18.99,AUD
142090,2024-03-05T13:00:30,2024-03-05,400,16,Online,PayPal,COUPONZ0--,17.9,AUD
142099,2024-03-05T00:59:07,2024-03-05,505,36,Online,Credit Card,COUPON--0A,5.53,AUD
142115,2024-03-05T06:44:08,2024-03-05,605,30,Retail,Afterpay,COUPONZ00-,10.76,AUD
142118,2024-03-05T21:17:58,2024-03-05,441,17,Online,Afterpay,COUPON--Z9,12.83,AUD
142167,2024-03-05T18:43:26,2024-03-05,327,45,Online,Afterpay,COUPON90-9,0.86,AUD
142417,2024-03-05T14:45:38,2024-03-05,481,13,Retail,Credit Card,COUPON9-AZ,2.21,AUD
142554,2024-03-05T08:30:59,2024-03-05,118,1,Online,Credit Card,COUPON9A-0,0.83,AUD
142613,2024-03-05T08:23:46,2024-03-05,684,8,Online,Afterpay,COUPON9A0Z,19.09,AUD
142683,2024-03-05T14:12:44,2024-03-05,512,15,Online,Credit Card,COUPONA0AZ,13.64,AUD
142698,2024-03-05T14:37:12,2024-03-05,33,10,Retail,Credit Card,COUPONZZ0Z,7.61,AUD
142700,2024-03-05T06:41:58,2024-03-05,698,31,Online,Afterpay,COUPON9-Z-,9.47,AUD
142933,2024-03-05T13:41:24,2024-03-05,534,1,Online,PayPal,COUPON--ZZ,2.09,AUD
142956,2024-03-05T11:37:31,2024-03-05,236,47,Retail,Credit Card,COUPON-ZAZ,5.45,AUD
143144,2024-03-05T06:47:37,2024-03-05,313,44,Retail,Afterpay,COUPONZ-00,6.57,AUD
143161,2024-03-05T10:03:17,2024-03-05,374,23,Online,PayPal,COUPON----,18.82,AUD
143282,2024-03-05T05:55:25,2024-03-05,36,11,Online,Credit Card,COUPON-Z0-,5.73,AUD
143452,2024-03-05T14:44:22,2024-03-05,458,20,Online,Afterpay,COUPON-A-9,10.34,AUD
143612,2024-03-05T05:21:00,2024-03-05,354,36,Online,PayPal,COUPON009-,3.96,AUD
143682,2024-03-05T10:01:09,2024-03-05,749,19,Retail,PayPal,COUPON9ZAZ,18.74,AUD
143851,2024-03-05T16:26:11,2024-03-05,96,20,Retail,Credit Card,COUPON-9--,0.61,AUD
143882,2024-03-05T11:02:34,2024-03-05,337,18,Online,PayPal,COUPON0Z--,12.93,AUD
143903,2024-03-05T22:33:40,2024-03-05,6,8,Online,PayPal,COUPONA--Z,9.75,AUD
143937,2024-03-05T00:53:40,2024-03-05,761,34,Online,Credit Card,COUPONA999,4.74,AUD
144140,2024-03-05T01:24:28,2024-03-05,569,35,Online,Afterpay,COUPON90Z-,14.43,AUD
144579,2024-03-05T09:39:26,2024-03-05,516,42,Retail,PayPal,COUPONA0A-,8.42,AUD
144659,2024-03-05T03:28:19,2024-03-05,146,41,Online,PayPal,COUPONZ-90,2.9,AUD
144773,2024-03-05T01:00:54,2024-03-05,330,31,Online,Afterpay,COUPON---Z,3.38,AUD
144792,2024-03-05T08:10:00,2024-03-05,731,26,Online,PayPal,COUPONAAA9,11.22,AUD
144918,2024-03-05T10:55:20,2024-03-05,410,29,Retail,Afterpay,COUPON-00Z,5.57,AUD
144984,2024-03-05T06:08:49,2024-03-05,166,25,Retail,Credit Card,COUPON9A9-,10.57,AUD
145097,2024-03-05T09:19:40,2024-03-05,759,11,Online,PayPal,COUPONAA--,6.27,AUD
145107,2024-03-05T03:28:07,2024-03-05,39,48,Online,PayPal,COUPONA0-A,3.2,AUD
145155,2024-03-05T01:00:44,2024-03-05,462,30,Online,PayPal,COUPON9-9-,19.91,AUD
145315,2024-03-05T07:30:45,2024-03-05,60,1,Online,Credit Card,COUPON9-0-,1.39,AUD
145517,2024-03-05T10:57:49,2024-03-05,11,29,Retail,PayPal,COUPON09ZZ,14.49,AUD
145831,2024-03-05T06:15:53,2024-03-05,483,50,Online,Afterpay,COUPON--09,6.65,AUD
145930,2024-03-05T20:30:52,2024-03-05,653,24,Retail,Afterpay,COUPON-00Z,14.39,AUD
145997,2024-03-05T04:53:07,2024-03-05,352,8,Online,Afterpay,COUPON9---,19.03,AUD
146327,2024-03-05T22:30:38,2024-03-05,752,27,Retail,Credit Card,COUPON-9-0,12.18,AUD
146420,2024-03-05T14:20:10,2024-03-05,115,2,Retail,PayPal,COUPON--99,12.39,AUD
146433,2024-03-05T20:42:12,2024-03-05,7,38,Online,Afterpay,COUPONZZA9,13.34,AUD
146493,2024-03-05T04:32:56,2024-03-05,108,8,Online,Credit Card,COUPON9-Z-,11.59,AUD
146616,2024-03-05T14:19:08,2024-03-05,750,1,Retail,PayPal,COUPONA00-,10.89,AUD
146782,2024-03-05T07:47:31,2024-03-05,216,45,Retail,Afterpay,COUPON--AA,6.26,AUD
146866,2024-03-05T11:37:43,2024-03-05,723,26,Retail,Credit Card,COUPONA-0-,14.16,AUD
147066,2024-03-05T02:47:45,2024-03-05,455,50,Online,Credit Card,COUPON-Z0-,4.59,AUD
147272,2024-03-05T06:47:25,2024-03-05,689,41,Retail,Afterpay,COUPONZZZA,13.8,AUD
147282,2024-03-05T12:03:32,2024-03-05,412,29,Retail,Credit Card,COUPON-0--,16.14,AUD
147286,2024-03-05T14:35:31,2024-03-05,248,31,Online,PayPal,COUPONAZZ9,0.55,AUD
147378,2024-03-05T21:36:33,2024-03-05,160,13,Retail,Credit Card,COUPONZA09,16.63,AUD
147463,2024-03-05T17:09:32,2024-03-05,90,34,Online,Afterpay,COUPON09-9,9.01,AUD
147495,2024-03-05T13:35:05,2024-03-05,659,2,Retail,Credit Card,COUPON-A9-,6.67,AUD
147626,2024-03-05T19:08:11,2024-03-05,739,14,Retail,Afterpay,COUPONZ9Z9,12.86,AUD
147678,2024-03-05T13:02:52,2024-03-05,374,40,Retail,PayPal,COUPON0Z-A,2.82,AUD
147702,2024-03-05T18:32:58,2024-03-05,716,28,Online,Credit Card,COUPONZAA0,3.05,AUD
148030,2024-03-05T04:00:22,2024-03-05,131,46,Online,PayPal,COUPONZ--0,2.26,AUD
148124,2024-03-05T03:12:07,2024-03-05,109,8,Retail,PayPal,COUPON--AZ,17.04,AUD
148327,2024-03-05T02:18:39,2024-03-05,244,44,Retail,Afterpay,COUPON-0-A,18.66,AUD
148365,2024-03-05T06:20:18,2024-03-05,104,5,Retail,PayPal,COUPONA9Z-,11.07,AUD
148366,2024-03-05T17:26:15,2024-03-05,530,50,Retail,PayPal,COUPON9Z09,18.05,AUD
148446,2024-03-05T13:51:56,2024-03-05,641,29,Retail,Afterpay,COUPONA-AZ,14.65,AUD
148540,2024-03-05T22:27:03,2024-03-05,151,50,Retail,Credit Card,COUPON9---,7.3,AUD
148577,2024-03-05T12:05:06,2024-03-05,119,45,Retail,Afterpay,COUPON9A-0,5.77,AUD
148644,2024-03-05T10:08:13,2024-03-05,553,22,Retail,Afterpay,COUPON90A0,8.85,AUD
148831,2024-03-05T07:47:04,2024-03-05,81,46,Online,Afterpay,COUPONAA-0,12.49,AUD
148836,2024-03-05T06:20:24,2024-03-05,614,33,Online,Afterpay,COUPON90ZZ,8.35,AUD
148952,2024-03-05T21:48:56,2024-03-05,128,4,Online,PayPal,COUPONZ-0Z,8.94,AUD
149035,2024-03-05T04:00:45,2024-03-05,626,36,Online,Afterpay,COUPON0A0A,19.31,AUD
149080,2024-03-05T03:15:38,2024-03-05,715,39,Online,PayPal,COUPONA09-,2.84,AUD
149169,2024-03-05T18:22:04,2024-03-05,285,5,Online,PayPal,COUPON09-0,1.05,AUD
149216,2024-03-05T11:11:23,2024-03-05,54,24,Retail,PayPal,COUPON0---,1.5,AUD
149260,2024-03-05T15:26:37,2024-03-05,44,22,Online,PayPal,COUPON0-09,17.48,AUD
149265,2024-03-05T11:39:47,2024-03-05,341,47,Online,Afterpay,COUPON-909,0.61,AUD
149305,2024-03-05T14:18:45,2024-03-05,413,47,Retail,Afterpay,COUPON--A9,2.78,AUD
149437,2024-03-05T15:30:35,2024-03-05,269,18,Online,Credit Card,COUPON-A0-,1.48,AUD
149560,2024-03-05T22:40:03,2024-03-05,430,21,Online,PayPal,COUPONZA0-,19.0,AUD
149591,2024-03-05T19:34:01,2024-03-05,65,28,Retail,PayPal,COUPON--A-,8.92,AUD
149628,2024-03-05T23:01:46,2024-03-05,300,8,Retail,Afterpay,COUPON0Z-0,2.68,AUD
149667,2024-03-05T20:49:44,2024-03-05,293,42,Retail,PayPal,COUPONA---,2.05,AUD
149821,2024-03-05T07:54:01,2024-03-05,568,12,Retail,Afterpay,COUPONA9--,5.9,AUD
149880,2024-03-05T21:30:03,2024-03-05,255,28,Retail,Afterpay,COUPONZ909,4.18,AUD
149907,2024-03-05T17:39:37,2024-03-05,420,36,Online,PayPal,COUPON0-9-,7.98,AUD
150016,2024-03-05T02:18:14,2024-03-05,54,26,Online,PayPal,COUPON9---,16.32,AUD
150091,2024-03-05T20:23:29,2024-03-05,330,45,Online,PayPal,COUPON9AZ0,4.32,AUD
150191,2024-03-05T10:15:05,2024-03-05,222,24,Retail,PayPal,COUPONZZ-A,14.76,AUD
150235,2024-03-05T12:56:29,2024-03-05,105,29,Online,Credit Card,COUPONZ00-,17.32,AUD
150333,2024-03-05T11:39:47,2024-03-05,755,8,Online,Credit Card,COUPONAA0-,7.93,AUD
150386,2024-03-05T13:59:54,2024-03-05,554,34,Retail,PayPal,COUPONA090,16.29,AUD
150669,2024-03-05T02:55:52,2024-03-05,407,24,Online,Credit Card,COUPON-A9Z,2.44,AUD
150690,2024-03-05T07:33:42,2024-03-05,536,2,Retail,Afterpay,COUPONZ-0Z,9.16,AUD
150759,2024-03-05T07:52:03,2024-03-05,737,16,Online,Afterpay,COUPONAAZZ,7.68,AUD
150813,2024-03-05T23:18:39,2024-03-05,601,20,Online,PayPal,COUPON-ZZ9,10.08,AUD
150935,2024-03-05T22:16:08,2024-03-05,14,23,Retail,Afterpay,COUPONZA-0,11.63,AUD
150936,2024-03-05T04:51:12,2024-03-05,16,2,Online,Credit Card,COUPONAA-0,6.65,AUD
150972,2024-03-05T03:37:28,2024-03-05,376,43,Online,Credit Card,COUPON0AZ9,12.3,AUD
151015,2024-03-05T12:21:01,2024-03-05,537,40,Online,PayPal,COUPONA-Z0,8.59,AUD
151038,2024-03-05T07:49:04,2024-03-05,178,15,Online,Afterpay,COUPON-9A-,3.73,AUD
151430,2024-03-05T16:45:35,2024-03-05,149,21,Online,Afterpay,COUPONAZ0A,9.08,AUD
151578,2024-03-05T21:52:04,2024-03-05,664,39,Online,PayPal,COUPON009Z,5.65,AUD
151721,2024-03-05T22:26:51,2024-03-05,165,14,Retail,PayPal,COUPON9Z-0,15.16,AUD
151894,2024-03-05T07:14:39,2024-03-05,657,42,Retail,Afterpay,COUPON-9-Z,13.15,AUD
152024,2024-03-05T14:18:52,2024-03-05,334,18,Online,PayPal,COUPONAAA-,17.87,AUD
152132,2024-03-05T22:46:35,2024-03-05,112,33,Retail,PayPal,COUPON09AZ,3.65,AUD
152266,2024-03-05T05:38:11,2024-03-05,101,29,Online,Afterpay,COUPON9ZAZ,5.78,AUD
152279,2024-03-05T18:11:36,2024-03-05,728,34,Online,PayPal,COUPON00--,7.69,AUD
152306,2024-03-05T15:46:22,2024-03-05,11,12,Online,PayPal,COUPON0--Z,4.4,AUD
152404,2024-03-05T04:17:58,2024-03-05,433,20,Retail,PayPal,COUPON0-0-,15.91,AUD
152652,2024-03-05T19:37:21,2024-03-05,375,37,Online,PayPal,COUPON---9,9.9,AUD
152659,2024-03-05T18:32:29,2024-03-05,547,24,Online,PayPal,COUPON9ZA0,3.31,AUD
152727,2024-03-05T21:35:29,2024-03-05,29,21,Retail,Credit Card,COUPON0-9-,6.62,AUD
152765,2024-03-05T21:03:41,2024-03-05,468,47,Online,PayPal,COUPON-Z-0,9.33,AUD
152893,2024-03-05T08:00:28,2024-03-05,664,24,Online,Afterpay,COUPON-Z0-,13.28,AUD
153299,2024-03-05T08:59:19,2024-03-05,85,14,Online,PayPal,COUPON00--,6.65,AUD
153498,2024-03-05T19:56:29,2024-03-05,625,6,Retail,Afterpay,COUPON--0Z,13.48,AUD
153580,2024-03-05T08:04:17,2024-03-05,648,32,Online,Credit Card,COUPON-A99,14.44,AUD
153722,2024-03-05T09:05:59,2024-03-05,552,11,Retail,Credit Card,COUPONA-A-,15.71,AUD
153766,2024-03-05T15:32:28,2024-03-05,294,20,Online,Afterpay,COUPONZ-AZ,15.05,AUD
153870,2024-03-05T22:07:34,2024-03-05,79,13,Online,PayPal,COUPON--0-,10.97,AUD
153882,2024-03-05T16:53:03,2024-03-05,620,16,Online,PayPal,COUPONA9-A,12.73,AUD
153886,2024-03-05T14:51:20,2024-03-05,333,41,Retail,PayPal,COUPON0-Z9,4.51,AUD
153902,2024-03-05T11:29:05,2024-03-05,756,3,Retail,Afterpay,COUPON--90,1.2,AUD
153954,2024-03-05T04:39:00,2024-03-05,368,22,Online,Credit Card,COUPON9-Z0,5.62,AUD
154088,2024-03-05T15:01:06,2024-03-05,90,3,Retail,Credit Card,COUPON09-A,9.94,AUD
154119,2024-03-05T10:25:40,2024-03-05,351,24,Retail,Credit Card,COUPON--9A,1.74,AUD
154201,2024-03-05T17:53:48,2024-03-05,194,28,Online,Afterpay,COUPONZZ0Z,8.59,AUD
154271,2024-03-05T02:09:55,2024-03-05,244,41,Retail,Credit Card,COUPON900Z,12.27,AUD
154346,2024-03-05T15:49:29,2024-03-05,244,49,Retail,Credit Card,COUPON00A-,9.5,AUD
154392,2024-03-05T18:22:45,2024-03-05,548,47,Online,PayPal,COUPON9Z0-,18.46,AUD
154414,2024-03-05T02:25:04,2024-03-05,599,32,Online,Credit Card,COUPONZ-0A,13.95,AUD
154474,2024-03-05T17:07:42,2024-03-05,796,42,Online,Credit Card,COUPONZ00-,1.22,AUD
154486,2024-03-05T21:23:22,2024-03-05,427,50,Online,Afterpay,COUPONAZ--,6.35,AUD
154616,2024-03-05T22:26:53,2024-03-05,97,44,Retail,PayPal,COUPON9909,1.49,AUD
154618,2024-03-05T08:49:47,2024-03-05,303,11,Online,Credit Card,COUPON0-Z-,4.51,AUD
154624,2024-03-05T01:23:48,2024-03-05,111,15,Online,Afterpay,COUPON90ZA,1.9,AUD
154632,2024-03-05T00:50:53,2024-03-05,785,37,Online,PayPal,COUPONA--9,2.39,AUD
154753,2024-03-05T04:53:04,2024-03-05,649,31,Retail,PayPal,COUPON9--9,0.88,AUD
154871,2024-03-05T04:08:40,2024-03-05,540,21,Online,Afterpay,COUPONA-A0,0.46,AUD
155101,2024-03-05T05:14:05,2024-03-05,47,13,Online,PayPal,COUPON---0,11.34,AUD
155124,2024-03-05T15:03:59,2024-03-05,672,18,Online,Credit Card,COUPON--Z-,19.55,AUD
155242,2024-03-05T02:19:09,2024-03-05,434,16,Online,Afterpay,COUPON0Z-0,7.87,AUD
155266,2024-03-05T05:26:26,2024-03-05,288,15,Online,Afterpay,COUPON90AA,17.54,AUD
155419,2024-03-05T10:18:07,2024-03-05,342,9,Online,Afterpay,COUPON9-ZA,18.82,AUD
155521,2024-03-05T16:40:03,2024-03-05,149,1,Online,Afterpay,COUPON9Z--,3.5,AUD
155792,2024-03-05T09:29:05,2024-03-05,58,50,Retail,Afterpay,COUPON09--,5.13,AUD
155814,2024-03-05T22:54:30,2024-03-05,244,42,Retail,Afterpay,COUPON--A-,2.32,AUD
156009,2024-03-05T18:58:55,2024-03-05,626,21,Retail,Afterpay,COUPONZ0A-,19.65,AUD
156101,2024-03-05T12:11:12,2024-03-05,174,7,Online,PayPal,COUPONA---,5.18,AUD
156121,2024-03-05T13:42:18,2024-03-05,747,38,Online,Afterpay,COUPON0---,2.44,AUD
156129,2024-03-05T15:41:07,2024-03-05,515,44,Retail,Afterpay,COUPONZ--9,6.2,AUD
156200,2024-03-05T14:12:27,2024-03-05,310,11,Online,PayPal,COUPON099Z,1.99,AUD
156266,2024-03-05T03:59:04,2024-03-05,600,12,Online,PayPal,COUPONA-90,2.09,AUD
156596,2024-03-05T06:32:00,2024-03-05,140,38,Online,Credit Card,COUPON0AZA,3.46,AUD
156643,2024-03-05T20:58:48,2024-03-05,390,6,Online,Afterpay,COUPON0-99,0.05,AUD
156922,2024-03-05T19:12:55,2024-03-05,759,38,Retail,Credit Card,COUPONA-9-,12.67,AUD
157031,2024-03-05T13:41:31,2024-03-05,557,9,Online,Afterpay,COUPON-0-9,20.0,AUD
157149,2024-03-05T10:20:31,2024-03-05,211,9,Retail,Afterpay,COUPON09-A,13.27,AUD
157228,2024-03-05T01:19:25,2024-03-05,64,24,Online,PayPal,COUPON99--,16.4,AUD
157234,2024-03-05T04:09:13,2024-03-05,446,3,Online,Afterpay,COUPONZZ-9,0.99,AUD
157282,2024-03-05T21:08:12,2024-03-05,352,20,Online,PayPal,COUPONZ009,1.4,AUD
157301,2024-03-05T22:12:18,2024-03-05,643,10,Online,Afterpay,COUPON900-,17.53,AUD
157429,2024-03-05T00:39:54,2024-03-05,548,8,Retail,Afterpay,COUPONA--A,17.42,AUD
157443,2024-03-05T00:45:15,2024-03-05,292,12,Retail,PayPal,COUPONAZ-9,5.82,AUD
157461,2024-03-05T05:24:04,2024-03-05,797,25,Retail,PayPal,COUPON-0--,15.65,AUD
157485,2024-03-05T13:08:41,2024-03-05,164,44,Online,Afterpay,COUPON0-0-,5.73,AUD
157609,2024-03-05T03:04:58,2024-03-05,440,43,Retail,PayPal,COUPON--Z-,19.68,AUD
157650,2024-03-05T06:10:24,2024-03-05,585,21,Online,Afterpay,COUPONZ--0,11.97,AUD
157717,2024-03-05T19:42:30,2024-03-05,25,14,Retail,Credit Card,COUPON9AZ0,0.89,AUD
158000,2024-03-05T13:02:43,2024-03-05,600,35,Retail,PayPal,COUPON-9-9,16.67,AUD
158058,2024-03-05T19:03:59,2024-03-05,724,9,Online,Credit Card,COUPON---9,17.35,AUD
158210,2024-03-05T06:57:15,2024-03-05,377,6,Online,Credit Card,COUPON9-0Z,10.96,AUD
158248,2024-03-05T00:12:33,2024-03-05,164,8,Retail,Credit Card,COUPONA9--,0.65,AUD
158347,2024-03-05T13:35:02,2024-03-05,78,29,Retail,PayPal,COUPONZZA-,8.48,AUD
158493,2024-03-05T06:13:44,2024-03-05,329,47,Online,Credit Card,COUPON-0AZ,18.0,AUD
158496,2024-03-05T09:58:10,2024-03-05,390,12,Retail,Afterpay,COUPON--Z-,11.17,AUD
158543,2024-03-05T06:45:38,2024-03-05,515,24,Online,PayPal,COUPON-9Z-,0.94,AUD
158733,2024-03-05T15:46:48,2024-03-05,104,9,Online,Credit Card,COUPONZAA0,14.62,AUD
158852,2024-03-05T15:36:50,2024-03-05,223,11,Retail,Afterpay,COUPONAZ9Z,9.59,AUD
158921,2024-03-05T16:24:46,2024-03-05,236,25,Online,PayPal,COUPONAAZ0,3.33,AUD
159238,2024-03-05T15:57:44,2024-03-05,350,32,Online,Afterpay,COUPON0A9-,1.84,AUD
159261,2024-03-05T04:39:26,2024-03-05,568,21,Retail,Afterpay,COUPONA00Z,12.85,AUD
159355,2024-03-05T12:14:59,2024-03-05,466,10,Retail,Credit Card,COUPONZ-0A,0.92,AUD
159363,2024-03-05T13:59:57,2024-03-05,55,14,Retail,PayPal,COUPON90Z-,5.09,AUD
159386,2024-03-05T16:57:09,2024-03-05,593,33,Retail,Credit Card,COUPON-0Z-,9.99,AUD
159515,2024-03-05T08:12:06,2024-03-05,551,15,Retail,PayPal,COUPONA-0Z,5.41,AUD
159673,2024-03-05T12:23:31,2024-03-05,521,24,Retail,PayPal,COUPON9090,16.57,AUD
159780,2024-03-05T11:02:44,2024-03-05,493,7,Retail,Afterpay,COUPON-0Z-,12.32,AUD
159856,2024-03-05T20:51:13,2024-03-05,205,49,Retail,PayPal,COUPON---9,12.09,AUD
159859,2024-03-05T09:28:54,2024-03-05,42,30,Online,Credit Card,COUPONAZAZ,12.79,AUD
159894,2024-03-05T10:25:33,2024-03-05,55,29,Online,PayPal,COUPONZ0-9,15.09,AUD
159939,2024-03-05T06:08:44,2024-03-05,19,37,Retail,Afterpay,COUPON0--0,9.05,AUD
160034,2024-03-05T01:12:51,2024-03-05,563,45,Retail,PayPal,COUPON00Z-,3.71,AUD
160047,2024-03-05T10:54:06,2024-03-05,799,50,Online,Afterpay,COUPONA---,0.25,AUD
160054,2024-03-05T12:47:51,2024-03-05,491,5,Online,Afterpay,COUPONA-Z9,12.05,AUD
160126,2024-03-05T19:45:50,2024-03-05,578,23,Online,Afterpay,COUPON0---,18.1,AUD
160154,2024-03-05T20:02:03,2024-03-05,34,36,Online,PayPal,COUPON0--0,5.96,AUD
160448,2024-03-05T22:52:56,2024-03-05,760,10,Retail,PayPal,COUPONA-9-,19.82,AUD
160723,2024-03-05T08:16:54,2024-03-05,401,36,Retail,Afterpay,COUPONZ0-0,10.2,AUD
160796,2024-03-05T21:02:28,2024-03-05,531,24,Online,Credit Card,COUPON--ZA,17.99,AUD
160961,2024-03-05T01:12:41,2024-03-05,124,45,Online,PayPal,COUPON-AA-,8.57,AUD
161062,2024-03-05T00:40:39,2024-03-05,431,19,Retail,PayPal,COUPONZZ-0,14.5,AUD
161174,2024-03-05T22:47:33,2024-03-05,266,33,Online,PayPal,COUPON99A0,3.51,AUD
161423,2024-03-05T22:41:37,2024-03-05,109,42,Online,Credit Card,COUPONAA99,19.32,AUD
161451,2024-03-05T16:30:32,2024-03-05,727,38,Online,Credit Card,COUPON--A-,11.27,AUD
161527,2024-03-05T01:01:41,2024-03-05,168,27,Retail,PayPal,COUPONAAAA,16.15,AUD
161607,2024-03-05T14:26:30,2024-03-05,370,25,Retail,Afterpay,COUPONZ-0A,18.77,AUD
161754,2024-03-05T07:06:47,2024-03-05,510,43,Retail,Afterpay,COUPON9A-0,18.23,AUD
161785,2024-03-05T01:21:13,2024-03-05,714,30,Online,Afterpay,COUPON--A0,4.01,AUD
161794,2024-03-05T04:28:04,2024-03-05,731,2,Retail,PayPal,COUPON0A9Z,7.56,AUD
161813,2024-03-05T01:37:01,2024-03-05,581,48,Retail,Credit Card,COUPONA0A-,17.33,AUD
162006,2024-03-05T13:54:28,2024-03-05,363,29,Retail,Credit Card,COUPON09--,17.35,AUD
162012,2024-03-05T23:54:04,2024-03-05,655,45,Retail,Afterpay,COUPON-A09,19.08,AUD
162062,2024-03-05T17:00:03,2024-03-05,108,28,Online,Afterpay,COUPON-9-Z,15.21,AUD
162372,2024-03-05T16:47:59,2024-03-05,27,34,Retail,PayPal,COUPON9A--,14.36,AUD
162486,2024-03-05T21:12:15,2024-03-05,70,18,Online,PayPal,COUPONZ090,7.28,AUD
162523,2024-03-05T01:53:25,2024-03-05,269,3,Online,Afterpay,COUPONA--Z,15.98,AUD
162524,2024-03-05T14:10:29,2024-03-05,250,33,Online,Afterpay,COUPON9-AA,8.5,AUD
162741,2024-03-05T19:20:36,2024-03-05,18,21,Retail,Credit Card,COUPON-09-,12.76,AUD
162950,2024-03-05T00:13:27,2024-03-05,576,24,Retail,Credit Card,COUPON-9A0,0.15,AUD
162994,2024-03-05T05:22:39,2024-03-05,471,11,Online,Afterpay,COUPON00Z9,17.18,AUD
163225,2024-03-05T08:42:26,2024-03-05,411,31,Retail,Credit Card,COUPON090-,11.12,AUD
163576,2024-03-05T04:46:43,2024-03-05,166,48,Retail,Afterpay,COUPON--ZA,11.55,AUD
163642,2024-03-05T16:30:27,2024-03-05,681,37,Online,Afterpay,COUPONZ000,6.93,AUD
163731,2024-03-05T11:53:14,2024-03-05,386,18,Online,PayPal,COUPON--AZ,0.57,AUD
163740,2024-03-05T23:50:42,2024-03-05,519,24,Retail,Credit Card,COUPONA0--,19.34,AUD
163796,2024-03-05T05:24:31,2024-03-05,754,45,Retail,PayPal,COUPON--9A,16.75,AUD
164008,2024-03-05T11:39:59,2024-03-05,429,22,Retail,Afterpay,COUPON--90,8.67,AUD
164016,2024-03-05T21:13:26,2024-03-05,648,4,Retail,Afterpay,COUPON009-,1.83,AUD
164027,2024-03-05T23:26:59,2024-03-05,276,9,Retail,PayPal,COUPON90A9,12.61,AUD
164045,2024-03-05T02:32:50,2024-03-05,521,32,Retail,PayPal,COUPON09Z0,14.09,AUD
164481,2024-03-05T13:14:37,2024-03-05,381,6,Online,Credit Card,COUPONA---,2.84,AUD
164897,2024-03-05T17:48:35,2024-03-05,143,14,Retail,PayPal,COUPON9Z--,10.88,AUD
164933,2024-03-05T04:22:40,2024-03-05,286,47,Retail,Afterpay,COUPON9-0A,0.49,AUD
164942,2024-03-05T10:15:52,2024-03-05,752,1,Online,PayPal,COUPON--ZZ,0.78,AUD
165080,2024-03-05T22:07:08,2024-03-05,511,19,Online,Credit Card,COUPON9A9Z,4.29,AUD
165093,2024-03-05T21:25:34,2024-03-05,247,6,Retail,Credit Card,COUPONAA09,15.94,AUD
165096,2024-03-05T09:37:01,2024-03-05,173,39,Online,Afterpay,COUPON--0Z,6.42,AUD
165438,2024-03-05T13:52:35,2024-03-05,717,14,Retail,Credit Card,COUPONZ-A-,14.9,AUD
165491,2024-03-05T10:31:58,2024-03-05,137,8,Retail,Afterpay,COUPONZ0Z9,15.53,AUD
165561,2024-03-05T23:55:25,2024-03-05,730,35,Retail,Afterpay,COUPONZ0A0,8.89,AUD
165600,2024-03-05T19:26:32,2024-03-05,731,36,Retail,PayPal,COUPON0A0-,7.43,AUD
165626,2024-03-05T07:13:40,2024-03-05,626,33,Online,Afterpay,COUPONZA0-,18.98,AUD
165654,2024-03-05T14:14:52,2024-03-05,604,2,Online,Credit Card,COUPON9-A9,6.31,AUD
165888,2024-03-05T20:12:36,2024-03-05,614,32,Retail,Afterpay,COUPON--Z0,17.49,AUD
166063,2024-03-05T09:34:22,2024-03-05,754,36,Online,Afterpay,COUPONZZ0A,5.36,AUD
166078,2024-03-05T21:56:54,2024-03-05,116,25,Online,Afterpay,COUPON0A0Z,6.14,AUD
166092,2024-03-05T12:22:24,2024-03-05,156,48,Retail,Credit Card,COUPONA9--,14.88,AUD
166360,2024-03-05T09:29:29,2024-03-05,366,39,Retail,Credit Card,COUPON-Z-0,5.82,AUD
166369,2024-03-05T01:59:13,2024-03-05,282,9,Online,Credit Card,COUPON0ZZ9,10.43,AUD
166475,2024-03-05T23:13:49,2024-03-05,162,11,Online,Credit Card,COUPON09-0,15.47,AUD
166499,2024-03-05T08:40:33,2024-03-05,171,22,Retail,Afterpay,COUPONA0--,15.77,AUD
166560,2024-03-05T22:25:17,2024-03-05,317,2,Online,Credit Card,COUPON-0-0,9.45,AUD
166582,2024-03-05T19:12:22,2024-03-05,315,4,Online,Credit Card,COUPON0AZ-,3.63,AUD
166786,2024-03-05T16:25:11,2024-03-05,477,25,Retail,Afterpay,COUPONZ0A9,18.41,AUD
166823,2024-03-05T22:46:43,2024-03-05,646,44,Retail,Credit Card,COUPON09A0,19.59,AUD
166950,2024-03-05T22:49:37,2024-03-05,272,9,Online,Credit Card,COUPONA-Z-,11.48,AUD
166997,2024-03-05T02:53:11,2024-03-05,327,31,Online,PayPal,COUPON90Z9,19.09,AUD
167085,2024-03-05T04:04:07,2024-03-05,634,49,Retail,Afterpay,COUPON-A9-,15.03,AUD
167196,2024-03-05T21:36:14,2024-03-05,113,24,Online,Credit Card,COUPON-900,18.5,AUD
167338,2024-03-05T03:12:27,2024-03-05,358,8,Online,PayPal,COUPON0Z-9,10.93,AUD
167517,2024-03-05T21:31:26,2024-03-05,314,18,Retail,PayPal,COUPONZAZ0,0.27,AUD
167654,2024-03-05T14:25:27,2024-03-05,110,30,Retail,PayPal,COUPON09ZZ,17.5,AUD
167656,2024-03-05T23:58:18,2024-03-05,487,46,Online,PayPal,COUPON-9A9,10.11,AUD
167679,2024-03-05T21:55:27,2024-03-05,185,25,Retail,PayPal,COUPON--9-,19.94,AUD
167706,2024-03-05T04:22:37,2024-03-05,378,24,Retail,Afterpay,COUPONZ-Z-,4.29,AUD
167987,2024-03-05T16:28:28,2024-03-05,251,12,Retail,PayPal,COUPON909A,0.62,AUD
168147,2024-03-05T23:43:58,2024-03-05,284,11,Retail,Credit Card,COUPON0AA-,17.0,AUD
168178,2024-03-05T19:37:39,2024-03-05,256,48,Retail,Afterpay,COUPON----,3.67,AUD
168454,2024-03-05T03:08:52,2024-03-05,89,6,Retail,Credit Card,COUPONZ9A0,12.88,AUD
168678,2024-03-05T19:31:44,2024-03-05,664,33,Retail,PayPal,COUPONZZ00,10.77,AUD
168710,2024-03-05T00:26:34,2024-03-05,171,26,Online,Credit Card,COUPON0A9Z,19.44,AUD
168763,2024-03-05T08:16:38,2024-03-05,738,49,Retail,PayPal,COUPONAZZ0,17.73,AUD
168869,2024-03-05T13:14:39,2024-03-05,289,45,Retail,PayPal,COUPON9---,7.72,AUD
168883,2024-03-05T10:11:55,2024-03-05,213,1,Retail,Afterpay,COUPONA0AZ,5.68,AUD
168917,2024-03-05T01:53:29,2024-03-05,202,42,Retail,Credit Card,COUPONZ-0-,7.11,AUD
169071,2024-03-05T13:40:19,2024-03-05,597,38,Online,PayPal,COUPON-Z--,11.29,AUD
169258,2024-03-05T19:16:31,2024-03-05,357,4,Retail,Afterpay,COUPON--AZ,19.44,AUD
169509,2024-03-05T19:55:32,2024-03-05,684,4,Retail,Credit Card,COUPONZZZZ,16.07,AUD
169514,2024-03-05T03:05:04,2024-03-05,681,1,Online,Afterpay,COUPON---Z,7.21,AUD
169523,2024-03-05T14:14:10,2024-03-05,324,25,Online,Credit Card,COUPON--Z-,10.22,AUD
169592,2024-03-05T04:13:28,2024-03-05,552,15,Online,PayPal,COUPON-0--,6.71,AUD
169671,2024-03-05T21:52:37,2024-03-05,607,28,Retail,PayPal,COUPON-900,10.71,AUD
169856,2024-03-05T01:28:15,2024-03-05,651,14,Retail,Afterpay,COUPON-ZZA,14.52,AUD
169864,2024-03-05T05:02:49,2024-03-05,134,46,Retail,Afterpay,COUPONZ09A,11.64,AUD
169917,2024-03-05T06:07:41,2024-03-05,422,16,Retail,Afterpay,COUPON-AAZ,2.45,AUD
169920,2024-03-05T03:17:21,2024-03-05,536,43,Online,Afterpay,COUPONZZ-0,0.33,AUD
169932,2024-03-05T04:19:20,2024-03-05,486,15,Online,PayPal,COUPON0AZZ,16.4,AUD
170009,2024-03-05T17:27:52,2024-03-05,100,46,Retail,PayPal,COUPON-9Z-,4.68,AUD
170027,2024-03-05T14:38:11,2024-03-05,226,38,Retail,PayPal,COUPON-AZ0,4.13,AUD
170127,2024-03-05T08:44:09,2024-03-05,547,35,Retail,Credit Card,COUPONA--9,7.71,AUD
170194,2024-03-05T03:01:37,2024-03-05,366,42,Retail,Afterpay,COUPONZA-A,16.73,AUD
170275,2024-03-05T03:55:38,2024-03-05,406,4,Online,Afterpay,COUPONA-Z-,1.42,AUD
170397,2024-03-05T10:03:29,2024-03-05,725,33,Retail,Afterpay,COUPONAZ-A,4.09,AUD
170506,2024-03-05T18:16:16,2024-03-05,551,23,Online,Afterpay,COUPON0-A-,6.2,AUD
170539,2024-03-05T06:02:58,2024-03-05,312,23,Online,Credit Card,COUPON-99-,0.0,AUD
170584,2024-03-05T15:28:33,2024-03-05,607,37,Retail,PayPal,COUPONAZ-0,3.15,AUD
170652,2024-03-05T12:01:55,2024-03-05,785,21,Retail,PayPal,COUPON9ZA9,3.04,AUD
170685,2024-03-05T01:09:50,2024-03-05,210,36,Online,Afterpay,COUPON--0A,2.41,AUD
170719,2024-03-05T11:59:46,2024-03-05,674,25,Online,Afterpay,COUPON0A0-,5.23,AUD
170856,2024-03-05T02:53:34,2024-03-05,546,10,Retail,PayPal,COUPON----,3.62,AUD
170860,2024-03-05T03:33:49,2024-03-05,26,38,Retail,Credit Card,COUPON-Z9-,4.31,AUD
170865,2024-03-05T06:24:48,2024-03-05,620,4,Online,PayPal,COUPONZ0-A,12.85,AUD
170923,2024-03-05T03:13:16,2024-03-05,767,36,Online,PayPal,COUPON9---,3.61,AUD
171094,2024-03-05T17:11:41,2024-03-05,785,3,Retail,PayPal,COUPON----,19.06,AUD
171285,2024-03-05T14:19:27,2024-03-05,140,12,Online,Afterpay,COUPON-ZA-,12.48,AUD
171320,2024-03-05T18:49:02,2024-03-05,125,50,Retail,PayPal,COUPONZ-99,8.81,AUD
171379,2024-03-05T15:08:19,2024-03-05,296,8,Online,PayPal,COUPON0---,14.81,AUD
171426,2024-03-05T13:39:10,2024-03-05,756,12,Online,Credit Card,COUPONA9Z-,7.75,AUD
171502,2024-03-05T06:32:26,2024-03-05,74,46,Online,Credit Card,COUPONAAA-,11.06,AUD
171580,2024-03-05T18:50:22,2024-03-05,158,17,Online,Credit Card,COUPON0-0-,0.01,AUD
171653,2024-03-05T03:15:21,2024-03-05,242,37,Online,Credit Card,COUPON-AZ-,14.07,AUD
171715,2024-03-05T11:01:28,2024-03-05,644,32,Retail,PayPal,COUPONA0-9,15.84,AUD
171994,2024-03-05T21:50:36,2024-03-05,9,36,Retail,Credit Card,COUPON-Z-0,10.06,AUD
172094,2024-03-05T10:21:47,2024-03-05,654,41,Retail,Afterpay,COUPONA9ZA,16.47,AUD
172099,2024-03-05T14:17:57,2024-03-05,7,17,Retail,Credit Card,COUPON-9Z9,10.85,AUD
172508,2024-03-05T11:34:15,2024-03-05,74,46,Retail,Credit Card,COUPON990A,1.5,AUD
172514,2024-03-05T23:40:19,2024-03-05,745,3,Retail,Afterpay,COUPONA00A,2.49,AUD
172567,2024-03-05T01:02:01,2024-03-05,376,50,Online,PayPal,COUPONA-9-,10.96,AUD
172665,2024-03-05T04:21:21,2024-03-05,675,28,Retail,Afterpay,COUPON-0A0,2.68,AUD
172848,2024-03-05T10:07:25,2024-03-05,379,36,Online,PayPal,COUPONA0-Z,10.73,AUD
172850,2024-03-05T17:27:25,2024-03-05,585,13,Retail,Credit Card,COUPONA---,16.07,AUD
173224,2024-03-05T22:46:19,2024-03-05,667,6,Retail,Afterpay,COUPONA0--,12.95,AUD
173245,2024-03-05T12:26:44,2024-03-05,662,6,Retail,PayPal,COUPONZ--A,0.55,AUD
173294,2024-03-05T08:13:16,2024-03-05,730,18,Retail,Afterpay,COUPON-099,8.43,AUD
173341,2024-03-05T06:41:19,2024-03-05,199,16,Online,Credit Card,COUPONA9-A,0.22,AUD
173467,2024-03-05T00:16:10,2024-03-05,18,28,Retail,PayPal,COUPON-Z09,3.47,AUD
173838,2024-03-05T02:20:18,2024-03-05,344,13,Online,Afterpay,COUPON--Z-,11.84,AUD
173924,2024-03-05T20:22:09,2024-03-05,716,31,Retail,Afterpay,COUPONZ---,10.19,AUD
173992,2024-03-05T21:50:23,2024-03-05,499,46,Retail,PayPal,COUPONA-00,1.63,AUD
174185,2024-03-05T09:06:06,2024-03-05,382,32,Retail,Credit Card,COUPONA0-0,15.96,AUD
174213,2024-03-05T10:18:48,2024-03-05,33,31,Retail,PayPal,COUPONZ999,17.43,AUD
174403,2024-03-05T20:31:54,2024-03-05,344,8,Online,Credit Card,COUPON99Z9,3.57,AUD
174423,2024-03-05T10:06:40,2024-03-05,633,29,Online,Afterpay,COUPONZA-9,11.64,AUD
174449,2024-03-05T22:55:23,2024-03-05,636,6,Online,PayPal,COUPON--AA,7.4,AUD
174535,2024-03-05T21:13:28,2024-03-05,586,29,Retail,PayPal,COUPONAA0-,4.18,AUD
174666,2024-03-05T04:03:46,2024-03-05,87,5,Retail,Credit Card,COUPON-9AA,17.31,AUD
174674,2024-03-05T15:57:18,2024-03-05,728,38,Retail,Afterpay,COUPON---9,11.12,AUD
174692,2024-03-05T18:19:40,2024-03-05,42,32,Retail,PayPal,COUPON-9Z-,13.78,AUD
174731,2024-03-05T02:32:14,2024-03-05,126,41,Online,PayPal,COUPON---Z,3.09,AUD
174802,2024-03-05T07:13:08,2024-03-05,236,36,Online,Credit Card,COUPON---A,4.07,AUD
174887,2024-03-05T14:34:28,2024-03-05,635,49,Retail,Afterpay,COUPON-00A,18.01,AUD
174920,2024-03-05T06:37:42,2024-03-05,214,28,Online,Credit Card,COUPON-A0-,3.37,AUD
175050,2024-03-05T18:13:20,2024-03-05,446,18,Online,Afterpay,COUPONZ--9,10.22,AUD
175260,2024-03-05T16:30:21,2024-03-05,140,32,Online,Credit Card,COUPON0-99,15.53,AUD
175316,2024-03-05T01:51:02,2024-03-05,409,17,Retail,PayPal,COUPON-9--,7.86,AUD
175374,2024-03-05T04:09:59,2024-03-05,583,19,Retail,PayPal,COUPONA909,0.61,AUD
175444,2024-03-05T21:08:31,2024-03-05,369,6,Retail,Afterpay,COUPON---9,5.72,AUD
175505,2024-03-05T09:34:45,2024-03-05,121,5,Online,Afterpay,COUPON00A9,18.99,AUD
175544,2024-03-05T15:04:41,2024-03-05,741,29,Online,Credit Card,COUPON-9--,13.36,AUD
175657,2024-03-05T23:47:26,2024-03-05,640,11,Retail,Afterpay,COUPONZZ-0,1.81,AUD
175874,2024-03-05T19:46:02,2024-03-05,704,37,Online,Afterpay,COUPON9--A,12.89,AUD
175895,2024-03-05T03:52:08,2024-03-05,261,45,Retail,Credit Card,COUPON-ZZ-,8.33,AUD
176026,2024-03-05T20:10:35,2024-03-05,463,16,Retail,Credit Card,COUPON0A--,0.25,AUD
176154,2024-03-05T00:43:05,2024-03-05,398,9,Retail,Afterpay,COUPON0AAA,2.73,AUD
176171,2024-03-05T15:56:25,2024-03-05,215,28,Retail,Credit Card,COUPON9-A-,11.8,AUD
176216,2024-03-05T17:39:57,2024-03-05,678,12,Retail,Credit Card,COUPON--A-,1.83,AUD
176398,2024-03-05T08:38:19,2024-03-05,245,48,Online,PayPal,COUPON900Z,5.22,AUD
176506,2024-03-05T10:28:06,2024-03-05,263,31,Retail,PayPal,COUPON99A-,13.06,AUD
176560,2024-03-05T07:44:23,2024-03-05,640,30,Retail,PayPal,COUPON00-Z,1.09,AUD
176577,2024-03-05T09:14:56,2024-03-05,710,20,Online,Afterpay,COUPON9-9-,11.65,AUD
176684,2024-03-05T20:02:24,2024-03-05,339,34,Retail,PayPal,COUPON--0-,17.66,AUD
176708,2024-03-05T06:31:09,2024-03-05,741,13,Retail,Afterpay,COUPON0A-Z,4.61,AUD
176782,2024-03-05T03:50:49,2024-03-05,428,8,Retail,Credit Card,COUPON-9-Z,5.71,AUD
176920,2024-03-05T16:44:09,2024-03-05,656,42,Online,Credit Card,COUPON090Z,16.25,AUD
177103,2024-03-05T04:40:08,2024-03-05,183,15,Online,PayPal,COUPON-9AZ,6.67,AUD
177182,2024-03-05T14:15:38,2024-03-05,307,27,Online,Afterpay,COUPONA999,13.16,AUD
177517,2024-03-05T06:26:56,2024-03-05,717,39,Retail,Credit Card,COUPONA099,15.05,AUD
177545,2024-03-05T22:27:15,2024-03-05,90,36,Retail,PayPal,COUPONZ-0-,5.4,AUD
177707,2024-03-05T13:11:21,2024-03-05,601,12,Online,Afterpay,COUPONA-Z-,19.66,AUD
177846,2024-03-05T14:01:13,2024-03-05,538,39,Online,PayPal,COUPONZ-90,8.2,AUD
178024,2024-03-05T09:26:05,2024-03-05,771,1,Retail,PayPal,COUPON--ZZ,2.51,AUD
178085,2024-03-05T02:56:55,2024-03-05,139,27,Retail,Afterpay,COUPON09--,10.85,AUD
178373,2024-03-05T20:34:45,2024-03-05,463,48,Online,Credit Card,COUPON9Z9-,0.67,AUD
178434,2024-03-05T01:19:00,2024-03-05,565,15,Online,Afterpay,COUPON0AA-,17.45,AUD
178587,2024-03-05T16:35:36,2024-03-05,797,38,Online,PayPal,COUPON0AAA,5.98,AUD
178615,2024-03-05T09:49:27,2024-03-05,675,10,Online,PayPal,COUPON--9-,0.01,AUD
178728,2024-03-05T14:40:30,2024-03-05,368,25,Retail,Credit Card,COUPON-9A-,8.43,AUD
178844,2024-03-05T00:02:37,2024-03-05,320,35,Retail,Afterpay,COUPONA---,19.01,AUD
178862,2024-03-05T03:25:59,2024-03-05,469,18,Online,Afterpay,COUPON0-A-,9.67,AUD
179038,2024-03-05T21:57:09,2024-03-05,610,3,Online,PayPal,COUPON---Z,3.41,AUD
179428,2024-03-05T00:28:24,2024-03-05,468,35,Online,Afterpay,COUPON-0-0,10.42,AUD
179432,2024-03-05T08:23:05,2024-03-05,136,25,Online,Afterpay,COUPON0A0Z,19.19,AUD
179447,2024-03-05T18:04:08,2024-03-05,756,15,Retail,Credit Card,COUPON-A-0,6.58,AUD
179449,2024-03-05T07:55:37,2024-03-05,765,32,Online,Credit Card,COUPON-Z0-,16.47,AUD
179530,2024-03-05T23:37:36,2024-03-05,643,32,Retail,PayPal,COUPON-A00,9.94,AUD
179586,2024-03-05T07:05:35,2024-03-05,26,48,Online,Afterpay,COUPONZZZZ,11.58,AUD
179732,2024-03-05T18:22:28,2024-03-05,87,49,Online,PayPal,COUPON0Z00,11.24,AUD
179747,2024-03-05T23:08:43,2024-03-05,387,4,Online,PayPal,COUPON---0,11.06,AUD
179755,2024-03-05T20:53:23,2024-03-05,443,7,Retail,Credit Card,COUPON-99-,19.49,AUD
179816,2024-03-05T05:37:32,2024-03-05,188,50,Online,Afterpay,COUPON-Z-0,16.93,AUD
179953,2024-03-05T22:10:17,2024-03-05,532,7,Online,Credit Card,COUPON-Z0A,11.15,AUD
180015,2024-03-05T04:35:25,2024-03-05,274,50,Retail,Credit Card,COUPONZZ99,14.5,AUD
180021,2024-03-05T22:52:44,2024-03-05,749,22,Online,PayPal,COUPONZ90-,18.27,AUD
180221,2024-03-05T16:35:16,2024-03-05,674,24,Online,Credit Card,COUPON--A0,15.24,AUD
180307,2024-03-05T14:39:24,2024-03-05,343,22,Online,PayPal,COUPON099-,17.33,AUD
180319,2024-03-05T02:30:15,2024-03-05,535,37,Online,PayPal,COUPONZ0A-,14.82,AUD
180486,2024-03-05T05:28:10,2024-03-05,309,25,Online,Credit Card,COUPON---A,10.45,AUD
180501,2024-03-05T10:14:05,2024-03-05,433,1,Retail,Afterpay,COUPON-AA0,2.64,AUD
181024,2024-03-05T02:18:50,2024-03-05,266,32,Online,Afterpay,COUPON90A-,8.0,AUD
181126,2024-03-05T08:53:37,2024-03-05,44,39,Online,Afterpay,COUPONA-0-,15.56,AUD
181163,2024-03-05T02:29:38,2024-03-05,67,9,Retail,Credit Card,COUPON-9A-,0.35,AUD
181261,2024-03-05T09:57:43,2024-03-05,502,47,Retail,Credit Card,COUPON99Z0,6.18,AUD
181318,2024-03-05T04:23:54,2024-03-05,311,16,Online,Afterpay,COUPON9-A-,9.61,AUD
181322,2024-03-05T19:59:04,2024-03-05,99,12,Retail,Credit Card,COUPON----,17.23,AUD
181491,2024-03-05T10:56:00,2024-03-05,399,26,Online,PayPal,COUPONZ-0-,19.36,AUD
181524,2024-03-05T09:45:12,2024-03-05,669,42,Online,PayPal,COUPON9A--,12.89,AUD
181531,2024-03-05T02:55:25,2024-03-05,621,42,Online,PayPal,COUPONA--Z,0.12,AUD
181620,2024-03-05T01:16:41,2024-03-05,295,28,Retail,Credit Card,COUPONZ-0A,3.21,AUD
181632,2024-03-05T05:36:43,2024-03-05,98,21,Online,Afterpay,COUPON0--A,6.51,AUD
181703,2024-03-05T23:58:35,2024-03-05,75,11,Online,Afterpay,COUPON0Z-A,16.66,AUD
181864,2024-03-05T06:03:18,2024-03-05,346,13,Retail,PayPal,COUPON--99,13.94,AUD
182025,2024-03-05T10:26:59,2024-03-05,783,36,Online,PayPal,COUPON0A9A,10.67,AUD
182286,2024-03-05T07:05:47,2024-03-05,328,4,Online,Credit Card,COUPON---A,2.65,AUD
182302,2024-03-05T01:10:31,2024-03-05,217,4,Retail,Credit Card,COUPONA0-Z,0.28,AUD
182439,2024-03-05T23:01:21,2024-03-05,104,27,Retail,PayPal,COUPON99-A,8.12,AUD
182441,2024-03-05T01:47:56,2024-03-05,356,43,Retail,Afterpay,COUPONZ-00,8.74,AUD
182496,2024-03-05T05:01:51,2024-03-05,637,16,Retail,PayPal,COUPON999-,1.97,AUD
182601,2024-03-05T21:25:40,2024-03-05,329,17,Online,PayPal,COUPON90Z-,2.8,AUD
182649,2024-03-05T15:40:46,2024-03-05,400,14,Retail,Afterpay,COUPON99-Z,19.33,AUD
182682,2024-03-05T21:21:42,2024-03-05,445,27,Retail,Credit Card,COUPON9-9A,17.57,AUD
182708,2024-03-05T23:49:49,2024-03-05,641,4,Retail,Afterpay,COUPON0--Z,13.21,AUD
182796,2024-03-05T11:57:01,2024-03-05,164,24,Retail,Afterpay,COUPON9ZZZ,2.63,AUD
182807,2024-03-05T08:09:11,2024-03-05,713,2,Retail,PayPal,COUPON-Z-9,15.61,AUD
182836,2024-03-05T09:17:03,2024-03-05,490,13,Online,Credit Card,COUPON-ZA9,5.99,AUD
182895,2024-03-05T03:40:24,2024-03-05,138,23,Online,Afterpay,COUPON-09-,15.31,AUD
182939,2024-03-05T22:35:26,2024-03-05,447,43,Retail,Afterpay,COUPON-0ZA,12.28,AUD
183071,2024-03-05T11:46:56,2024-03-05,439,49,Retail,Credit Card,COUPONZA--,9.86,AUD
183089,2024-03-05T01:54:55,2024-03-05,396,36,Retail,PayPal,COUPON-ZZ-,7.1,AUD
183276,2024-03-05T23:52:27,2024-03-05,96,35,Retail,Credit Card,COUPON-90Z,5.38,AUD
183290,2024-03-05T22:03:22,2024-03-05,752,44,Retail,PayPal,COUPON9Z-Z,0.76,AUD
183396,2024-03-05T12:30:50,2024-03-05,420,43,Retail,Afterpay,COUPONZA-9,2.49,AUD
183416,2024-03-05T10:20:14,2024-03-05,484,33,Online,PayPal,COUPON-0-Z,10.83,AUD
183729,2024-03-05T09:13:51,2024-03-05,199,45,Online,Credit Card,COUPON0Z9-,16.58,AUD
183821,2024-03-05T11:06:04,2024-03-05,161,30,Retail,Afterpay,COUPONZ0-A,1.76,AUD
183906,2024-03-05T19:18:48,2024-03-05,517,35,Online,PayPal,COUPONZA09,7.13,AUD
184200,2024-03-05T04:30:27,2024-03-05,559,44,Retail,Credit Card,COUPON--00,2.12,AUD
184440,2024-03-05T17:15:55,2024-03-05,747,36,Online,PayPal,COUPON-Z90,10.46,AUD
184557,2024-03-05T00:07:12,2024-03-05,750,15,Online,PayPal,COUPON-909,6.66,AUD
184626,2024-03-05T12:03:46,2024-03-05,399,30,Retail,Credit Card,COUPON-A-Z,13.84,AUD
184634,2024-03-05T04:58:15,2024-03-05,171,11,Online,PayPal,COUPONA9AA,1.93,AUD
184749,2024-03-05T18:36:52,2024-03-05,326,15,Online,PayPal,COUPON--99,9.3,AUD
184772,2024-03-05T19:13:12,2024-03-05,173,12,Online,Afterpay,COUPON-A-0,14.84,AUD
184801,2024-03-05T20:35:24,2024-03-05,495,6,Online,Credit Card,COUPON0-0-,1.73,AUD
185143,2024-03-05T09:18:17,2024-03-05,31,32,Retail,Credit Card,COUPONAA99,17.9,AUD
185417,2024-03-05T21:47:04,2024-03-05,583,26,Retail,PayPal,COUPON9Z--,12.82,AUD
185436,2024-03-05T05:59:29,2024-03-05,785,28,Online,Credit Card,COUPON0AA-,5.46,AUD
185540,2024-03-05T16:28:12,2024-03-05,185,31,Retail,Credit Card,COUPON9-ZA,17.58,AUD
185598,2024-03-05T22:54:13,2024-03-05,626,25,Retail,Afterpay,COUPON0990,7.68,AUD
185634,2024-03-05T06:52:33,2024-03-05,286,4,Online,Credit Card,COUPONZZ-Z,15.86,AUD
185748,2024-03-05T19:21:46,2024-03-05,228,19,Retail,PayPal,COUPON0A0A,5.69,AUD
185780,2024-03-05T07:20:49,2024-03-05,453,9,Online,Credit Card,COUPON-ZZ0,7.11,AUD
185870,2024-03-05T14:17:42,2024-03-05,11,47,Online,Credit Card,COUPON9Z-A,17.68,AUD
186067,2024-03-05T08:13:16,2024-03-05,729,43,Retail,PayPal,COUPON0900,15.67,AUD
186082,2024-03-05T10:10:18,2024-03-05,307,4,Retail,Credit Card,COUPONA-A9,1.68,AUD
186128,2024-03-05T02:47:21,2024-03-05,220,9,Online,Afterpay,COUPON9-AA,15.91,AUD
186148,2024-03-05T05:52:34,2024-03-05,617,24,Retail,Credit Card,COUPON0A-0,13.94,AUD
186199,2024-03-05T18:11:47,2024-03-05,557,17,Online,PayPal,COUPON--A0,13.55,AUD
186246,2024-03-05T08:21:53,2024-03-05,21,31,Retail,PayPal,COUPONAZZA,19.02,AUD
186407,2024-03-05T17:17:17,2024-03-05,259,8,Retail,PayPal,COUPON-Z--,18.5,AUD
186676,2024-03-05T05:44:35,2024-03-05,560,16,Online,Afterpay,COUPON90A9,4.37,AUD
187005,2024-03-05T21:33:31,2024-03-05,561,35,Online,Credit Card,COUPON9090,14.97,AUD
187046,2024-03-05T16:18:02,2024-03-05,648,45,Retail,Afterpay,COUPONAZZ0,2.48,AUD
187137,2024-03-05T01:43:26,2024-03-05,775,34,Retail,Credit Card,COUPONZAZ0,12.05,AUD
187278,2024-03-05T11:56:05,2024-03-05,482,40,Retail,PayPal,COUPON900-,16.51,AUD
187304,2024-03-05T01:14:29,2024-03-05,162,46,Online,Credit Card,COUPON00ZA,13.75,AUD
187305,2024-03-05T21:49:53,2024-03-05,518,29,Online,PayPal,COUPON0Z9-,0.92,AUD
187308,2024-03-05T07:24:06,2024-03-05,182,30,Retail,Afterpay,COUPON9A90,2.93,AUD
187489,2024-03-05T04:02:35,2024-03-05,561,27,Retail,PayPal,COUPONZ-0-,16.0,AUD
187515,2024-03-05T20:48:43,2024-03-05,318,34,Online,Credit Card,COUPON-9Z9,12.52,AUD
187621,2024-03-05T09:11:54,2024-03-05,599,28,Retail,Afterpay,COUPON9Z0-,5.57,AUD
187623,2024-03-05T22:54:13,2024-03-05,563,23,Retail,Credit Card,COUPON-990,13.4,AUD
187645,2024-03-05T06:55:07,2024-03-05,208,6,Online,Afterpay,COUPON-0--,10.33,AUD
187776,2024-03-05T15:25:56,2024-03-05,547,35,Online,Afterpay,COUPON-A-9,17.69,AUD
187892,2024-03-05T10:46:20,2024-03-05,424,15,Online,Afterpay,COUPON--Z0,2.0,AUD
187973,2024-03-05T18:25:22,2024-03-05,245,1,Online,Credit Card,COUPON0-A-,18.2,AUD
187981,2024-03-05T16:32:41,2024-03-05,270,49,Online,PayPal,COUPONA0A-,19.1,AUD
187984,2024-03-05T00:46:20,2024-03-05,366,48,Retail,PayPal,COUPON09ZZ,6.11,AUD
188029,2024-03-05T14:13:24,2024-03-05,731,15,Retail,PayPal,COUPON9Z99,19.19,AUD
188424,2024-03-05T21:58:02,2024-03-05,523,43,Retail,Afterpay,COUPONZZ--,19.8,AUD
188468,2024-03-05T04:25:23,2024-03-05,409,5,Retail,Afterpay,COUPONA---,0.04,AUD
188505,2024-03-05T20:35:06,2024-03-05,63,20,Retail,PayPal,COUPON--0-,19.31,AUD
188608,2024-03-05T05:50:38,2024-03-05,199,32,Retail,Afterpay,COUPON-0--,3.49,AUD
188622,2024-03-05T21:54:28,2024-03-05,761,39,Online,PayPal,COUPON-9--,8.82,AUD
188747,2024-03-05T08:47:59,2024-03-05,52,49,Online,Credit Card,COUPONAA99,5.71,AUD
189334,2024-03-05T10:34:24,2024-03-05,782,16,Online,PayPal,COUPONZA09,17.91,AUD
189351,2024-03-05T09:28:55,2024-03-05,484,30,Retail,Credit Card,COUPON-9Z9,15.0,AUD
189428,2024-03-05T00:39:28,2024-03-05,660,24,Retail,Credit Card,COUPONZZ00,9.37,AUD
189432,2024-03-05T00:22:12,2024-03-05,737,42,Retail,PayPal,COUPON-9Z0,0.25,AUD
189551,2024-03-05T08:36:47,2024-03-05,744,39,Online,Credit Card,COUPON9-09,6.21,AUD
189590,2024-03-05T04:57:07,2024-03-05,94,21,Retail,Afterpay,COUPONZZ-Z,10.38,AUD
189803,2024-03-05T18:04:52,2024-03-05,479,44,Retail,Credit Card,COUPON-0A-,0.97,AUD
189841,2024-03-05T09:07:16,2024-03-05,148,16,Online,PayPal,COUPONZAZ9,9.5,AUD
189971,2024-03-05T00:16:52,2024-03-05,224,4,Retail,Credit Card,COUPON0ZZA,6.85,AUD
189974,2024-03-05T01:26:53,2024-03-05,344,42,Online,PayPal,COUPONZZZ9,10.19,AUD
189999,2024-03-05T02:08:09,2024-03-05,138,34,Retail,Credit Card,COUPON9-Z0,10.54,AUD
190064,2024-03-05T22:55:06,2024-03-05,192,49,Online,Credit Card,COUPON--Z-,19.35,AUD
190213,2024-03-05T09:39:00,2024-03-05,592,46,Retail,PayPal,COUPON9009,11.37,AUD
190386,2024-03-05T20:13:57,2024-03-05,241,44,Online,PayPal,COUPONZ--9,9.0,AUD
190405,2024-03-05T01:24:03,2024-03-05,365,45,Retail,Credit Card,COUPON0Z0-,7.73,AUD
190502,2024-03-05T20:48:32,2024-03-05,705,32,Retail,Credit Card,COUPON--A-,13.29,AUD
190506,2024-03-05T22:43:59,2024-03-05,437,17,Retail,Credit Card,COUPON990-,11.06,AUD
190520,2024-03-05T00:00:10,2024-03-05,159,31,Online,Afterpay,COUPON-0ZZ,6.38,AUD
190585,2024-03-05T04:03:28,2024-03-05,607,15,Online,Credit Card,COUPON00AA,15.38,AUD
190609,2024-03-05T10:07:47,2024-03-05,382,34,Retail,PayPal,COUPONAA0Z,18.8,AUD
190677,2024-03-05T15:41:48,2024-03-05,721,19,Retail,PayPal,COUPONZ090,9.55,AUD
190682,2024-03-05T02:43:23,2024-03-05,116,35,Retail,Afterpay,COUPON---0,19.12,AUD
190713,2024-03-05T11:53:18,2024-03-05,333,18,Retail,Credit Card,COUPON9-A-,17.0,AUD
190850,2024-03-05T17:27:42,2024-03-05,774,49,Online,PayPal,COUPON-AA9,0.27,AUD
190881,2024-03-05T14:29:36,2024-03-05,624,27,Online,Afterpay,COUPONAZ0-,17.98,AUD
190898,2024-03-05T10:46:27,2024-03-05,469,37,Retail,Credit Card,COUPON-099,13.66,AUD
190967,2024-03-05T15:07:53,2024-03-05,137,50,Online,PayPal,COUPON--Z-,8.59,AUD
190997,2024-03-05T09:14:17,2024-03-05,577,49,Retail,PayPal,COUPON0990,17.64,AUD
191021,2024-03-05T01:16:16,2024-03-05,284,27,Online,PayPal,COUPONZ0ZZ,19.58,AUD
191089,2024-03-05T22:23:29,2024-03-05,99,36,Online,Afterpay,COUPONA--9,15.57,AUD
191400,2024-03-05T21:58:19,2024-03-05,481,13,Online,PayPal,COUPON-0-9,3.27,AUD
191496,2024-03-05T21:07:07,2024-03-05,773,16,Retail,PayPal,COUPON009-,5.64,AUD
191509,2024-03-05T06:33:49,2024-03-05,101,48,Online,Afterpay,COUPON-0--,15.17,AUD
191597,2024-03-05T07:57:15,2024-03-05,452,6,Retail,PayPal,COUPON-A-Z,3.09,AUD
191613,2024-03-05T23:39:48,2024-03-05,231,16,Retail,Credit Card,COUPON-Z--,9.97,AUD
191689,2024-03-05T18:07:23,2024-03-05,540,7,Online,Afterpay,COUPONA99-,18.26,AUD
191753,2024-03-05T09:09:55,2024-03-05,703,1,Online,Credit Card,COUPON-AA-,0.54,AUD
192176,2024-03-05T03:56:53,2024-03-05,382,50,Retail,Afterpay,COUPONZZ9-,8.36,AUD
192189,2024-03-05T21:34:05,2024-03-05,508,32,Online,Credit Card,COUPON0---,15.62,AUD
192226,2024-03-05T09:19:58,2024-03-05,344,1,Online,Afterpay,COUPONA90A,6.74,AUD
192261,2024-03-05T23:51:53,2024-03-05,302,18,Online,Afterpay,COUPON9Z--,9.65,AUD
192272,2024-03-05T15:51:32,2024-03-05,56,33,Online,Credit Card,COUPON---0,0.86,AUD
192288,2024-03-05T09:32:43,2024-03-05,370,5,Online,Credit Card,COUPON90Z9,3.99,AUD
192526,2024-03-05T15:34:38,2024-03-05,270,18,Retail,Credit Card,COUPONA--A,6.93,AUD
192527,2024-03-05T04:34:48,2024-03-05,146,50,Retail,Afterpay,COUPONA099,9.67,AUD
192575,2024-03-05T23:01:31,2024-03-05,767,35,Online,Credit Card,COUPON--A-,6.8,AUD
192780,2024-03-05T13:25:51,2024-03-05,347,11,Retail,PayPal,COUPONAZ-0,0.52,AUD
192839,2024-03-05T16:07:16,2024-03-05,223,34,Retail,PayPal,COUPONA-Z-,9.9,AUD
193089,2024-03-05T06:07:48,2024-03-05,645,27,Retail,PayPal,COUPON9-A0,7.24,AUD
193116,2024-03-05T20:06:49,2024-03-05,37,50,Online,PayPal,COUPONAZ-9,18.52,AUD
193134,2024-03-05T22:05:11,2024-03-05,693,35,Retail,PayPal,COUPON--09,16.6,AUD
193257,2024-03-05T06:44:35,2024-03-05,559,48,Retail,PayPal,COUPON0-Z-,16.9,AUD
193316,2024-03-05T09:53:28,2024-03-05,368,13,Online,Credit Card,COUPON-Z--,11.4,AUD
193537,2024-03-05T10:18:12,2024-03-05,570,50,Retail,PayPal,COUPONZZ9-,18.01,AUD
193773,2024-03-05T21:21:05,2024-03-05,243,50,Retail,Credit Card,COUPONAZA-,16.08,AUD
193778,2024-03-05T18:49:20,2024-03-05,516,45,Retail,Afterpay,COUPON---0,10.22,AUD
194017,2024-03-05T18:32:22,2024-03-05,753,39,Online,Credit Card,COUPONA0Z0,15.3,AUD
194018,2024-03-05T16:55:06,2024-03-05,304,42,Online,Afterpay,COUPON090A,15.65,AUD
194033,2024-03-05T15:15:26,2024-03-05,31,24,Retail,PayPal,COUPON-AZZ,8.69,AUD
194278,2024-03-05T21:45:19,2024-03-05,702,19,Online,Credit Card,COUPONZ0Z-,19.28,AUD
194436,2024-03-05T05:19:20,2024-03-05,207,23,Online,Credit Card,COUPON-Z--,17.07,AUD
194479,2024-03-05T16:39:28,2024-03-05,769,50,Retail,Afterpay,COUPONA-0-,1.73,AUD
194499,2024-03-05T15:48:42,2024-03-05,680,39,Online,PayPal,COUPON9-A-,8.24,AUD
194582,2024-03-05T16:32:45,2024-03-05,792,8,Retail,Credit Card,COUPON0Z0A,0.1,AUD
194589,2024-03-05T01:01:32,2024-03-05,301,2,Retail,Afterpay,COUPON99-0,5.27,AUD
194799,2024-03-05T02:02:08,2024-03-05,633,37,Online,Afterpay,COUPONZ-A-,18.43,AUD
194870,2024-03-05T04:24:40,2024-03-05,81,2,Online,Credit Card,COUPONZZ--,2.96,AUD
194996,2024-03-05T05:26:06,2024-03-05,522,44,Retail,Afterpay,COUPONZ909,9.69,AUD
195063,2024-03-05T12:35:08,2024-03-05,647,23,Online,PayPal,COUPON--99,11.15,AUD
195093,2024-03-05T07:03:56,2024-03-05,313,9,Retail,Afterpay,COUPON0---,1.18,AUD
195148,2024-03-05T23:48:24,2024-03-05,350,50,Online,Afterpay,COUPON-ZAZ,15.52,AUD
195184,2024-03-05T16:56:12,2024-03-05,228,44,Online,Afterpay,COUPON000A,12.7,AUD
195256,2024-03-05T19:22:19,2024-03-05,19,12,Online,PayPal,COUPON0-9-,19.27,AUD
195461,2024-03-05T17:42:05,2024-03-05,185,22,Online,PayPal,COUPON09-0,6.52,AUD
195477,2024-03-05T17:26:40,2024-03-05,158,12,Online,Afterpay,COUPON0-0-,14.18,AUD
195523,2024-03-05T15:46:21,2024-03-05,11,28,Retail,Credit Card,COUPON0---,18.51,AUD
195774,2024-03-05T01:13:01,2024-03-05,652,17,Online,Afterpay,COUPON9ZAZ,12.16,AUD
195883,2024-03-05T15:58:41,2024-03-05,439,15,Retail,PayPal,COUPON90AA,9.85,AUD
196015,2024-03-05T07:50:46,2024-03-05,286,19,Retail,Credit Card,COUPON---9,5.64,AUD
196070,2024-03-05T07:45:56,2024-03-05,97,12,Online,Credit Card,COUPON9-AA,12.03,AUD
196096,2024-03-05T21:43:07,2024-03-05,153,35,Retail,PayPal,COUPON990-,8.66,AUD
196360,2024-03-05T14:55:23,2024-03-05,628,26,Online,Credit Card,COUPONZ--A,19.68,AUD
196441,2024-03-05T08:13:36,2024-03-05,592,44,Online,PayPal,COUPON0---,19.2,AUD
196579,2024-03-05T19:20:20,2024-03-05,334,48,Retail,PayPal,COUPON9ZZ-,8.1,AUD
196597,2024-03-05T23:13:17,2024-03-05,67,43,Retail,PayPal,COUPONZ-A9,14.84,AUD
196730,2024-03-05T10:29:07,2024-03-05,409,45,Retail,Credit Card,COUPONA-A9,2.27,AUD
196905,2024-03-05T18:09:42,2024-03-05,402,12,Retail,Credit Card,COUPONA--0,7.07,AUD
197011,2024-03-05T19:20:59,2024-03-05,343,47,Online,PayPal,COUPON9-Z-,15.85,AUD
197123,2024-03-05T23:20:47,2024-03-05,626,14,Online,Credit Card,COUPONZZA0,10.37,AUD
197287,2024-03-05T05:29:30,2024-03-05,518,48,Online,PayPal,COUPON9A0A,6.35,AUD
197328,2024-03-05T09:04:16,2024-03-05,700,49,Retail,PayPal,COUPON-AZ9,1.11,AUD
197342,2024-03-05T14:51:24,2024-03-05,316,1,Online,Afterpay,COUPON09--,2.46,AUD
197363,2024-03-05T15:30:34,2024-03-05,108,2,Online,Credit Card,COUPON99AA,16.28,AUD
197364,2024-03-05T02:28:57,2024-03-05,772,31,Online,Credit Card,COUPON-AZA,18.7,AUD
197372,2024-03-05T03:36:30,2024-03-05,27,10,Online,Credit Card,COUPON-AA-,16.11,AUD
197862,2024-03-05T02:07:12,2024-03-05,372,41,Retail,PayPal,COUPON9-99,14.2,AUD
197957,2024-03-05T01:14:53,2024-03-05,114,26,Online,PayPal,COUPON-A-A,16.04,AUD
198094,2024-03-05T17:35:46,2024-03-05,277,16,Online,Afterpay,COUPON9--9,8.43,AUD
198130,2024-03-05T13:26:41,2024-03-05,791,14,Retail,Afterpay,COUPON99--,2.42,AUD
198273,2024-03-05T09:08:52,2024-03-05,93,36,Online,Credit Card,COUPONZZZ0,7.89,AUD
198316,2024-03-05T22:11:35,2024-03-05,624,29,Retail,Afterpay,COUPON9-AA,13.39,AUD
198347,2024-03-05T13:05:10,2024-03-05,756,23,Retail,Afterpay,COUPONZZ99,0.38,AUD
198428,2024-03-05T15:47:42,2024-03-05,782,24,Retail,Afterpay,COUPONAZZ9,12.33,AUD
198688,2024-03-05T05:36:45,2024-03-05,674,8,Online,Afterpay,COUPON-99-,16.32,AUD
198728,2024-03-05T16:30:00,2024-03-05,657,43,Online,Credit Card,COUPON-ZAA,0.44,AUD
198739,2024-03-05T10:07:38,2024-03-05,529,10,Retail,PayPal,COUPON999A,7.73,AUD
198821,2024-03-05T08:25:05,2024-03-05,503,39,Online,Credit Card,COUPON-0AZ,15.59,AUD
198872,2024-03-05T15:44:57,2024-03-05,100,43,Online,Afterpay,COUPONAA99,7.67,AUD
198875,2024-03-05T01:54:47,2024-03-05,130,49,Online,Credit Card,COUPONZA0Z,1.46,AUD
198880,2024-03-05T15:22:07,2024-03-05,63,19,Online,Afterpay,COUPONZ-90,16.04,AUD
198921,2024-03-05T14:59:02,2024-03-05,144,30,Online,Afterpay,COUPON90Z0,4.22,AUD
198987,2024-03-05T22:55:12,2024-03-05,461,32,Retail,Afterpay,COUPON-ZZ0,5.36,AUD
199063,2024-03-05T00:23:05,2024-03-05,462,50,Online,PayPal,COUPON-ZZ-,10.53,AUD
199074,2024-03-05T18:30:23,2024-03-05,309,20,Retail,PayPal,COUPON9-90,11.25,AUD
199145,2024-03-05T15:45:37,2024-03-05,518,5,Online,Afterpay,COUPON09-Z,8.41,AUD
199391,2024-03-05T01:47:04,2024-03-05,663,25,Retail,Afterpay,COUPON-0AZ,1.83,AUD
199451,2024-03-05T09:00:41,2024-03-05,766,6,Retail,PayPal,COUPON---Z,7.1,AUD
199457,2024-03-05T21:27:35,2024-03-05,176,19,Online,PayPal,COUPON--0-,10.35,AUD
199515,2024-03-05T20:28:44,2024-03-05,623,8,Retail,PayPal,COUPONA--0,7.68,AUD
199603,2024-03-05T11:58:20,2024-03-05,513,23,Retail,Credit Card,COUPON-Z9A,13.8,AUD
199719,2024-03-05T05:23:21,2024-03-05,177,36,Online,PayPal,COUPONZZ0A,13.69,AUD
199781,2024-03-05T04:01:11,2024-03-05,415,19,Online,Credit Card,COUPONZA--,16.29,AUD
200091,2024-03-05T05:08:56,2024-03-05,468,29,Online,PayPal,COUPON--ZA,13.21,AUD
200117,2024-03-05T17:42:24,2024-03-05,255,2,Retail,Credit Card,COUPON--90,8.12,AUD
200146,2024-03-05T13:39:31,2024-03-05,552,5,Retail,PayPal,COUPON9--0,12.76,AUD
200278,2024-03-05T04:39:44,2024-03-05,295,33,Retail,PayPal,COUPON9-9Z,19.58,AUD
200521,2024-03-05T01:21:42,2024-03-05,594,7,Retail,Afterpay,COUPON090A,7.34,AUD
200528,2024-03-05T22:08:31,2024-03-05,180,16,Online,Credit Card,COUPON--Z-,11.28,AUD
200544,2024-03-05T03:23:38,2024-03-05,397,16,Retail,PayPal,COUPONA--Z,1.83,AUD
200604,2024-03-05T01:15:52,2024-03-05,89,6,Retail,Credit Card,COUPON9---,8.77,AUD
200656,2024-03-05T09:42:53,2024-03-05,288,14,Online,Afterpay,COUPON-A-9,18.98,AUD
200789,2024-03-05T18:01:14,2024-03-05,696,28,Retail,PayPal,COUPONA90Z,9.42,AUD
200873,2024-03-05T18:17:53,2024-03-05,317,27,Retail,Afterpay,COUPONA-A-,13.5,AUD
201013,2024-03-05T07:28:59,2024-03-05,525,19,Online,Credit Card,COUPON-9-9,7.95,AUD
201058,2024-03-05T01:50:30,2024-03-05,334,9,Online,Afterpay,COUPON9--0,9.07,AUD
201150,2024-03-05T11:13:46,2024-03-05,134,27,Retail,PayPal,COUPONAA0-,5.93,AUD
201229,2024-03-05T12:17:12,2024-03-05,204,7,Retail,Credit Card,COUPONZ90Z,5.07,AUD
201231,2024-03-05T08:14:30,2024-03-05,436,38,Retail,PayPal,COUPON-A90,13.41,AUD
201280,2024-03-05T06:07:48,2024-03-05,610,36,Retail,Afterpay,COUPON--0Z,9.52,AUD
201386,2024-03-05T04:05:30,2024-03-05,653,18,Retail,Afterpay,COUPON0-Z0,4.49,AUD
201391,2024-03-05T08:33:42,2024-03-05,144,9,Retail,PayPal,COUPONZ-AZ,16.99,AUD
201441,2024-03-05T06:22:22,2024-03-05,110,28,Online,PayPal,COUPONZ-ZA,3.27,AUD
201677,2024-03-05T13:23:48,2024-03-05,6,49,Retail,PayPal,COUPON9A9Z,2.14,AUD
201688,2024-03-05T19:46:17,2024-03-05,204,16,Online,Afterpay,COUPON-A00,11.32,AUD
202077,2024-03-05T03:23:15,2024-03-05,564,40,Retail,Credit Card,COUPONA0Z0,5.37,AUD
202205,2024-03-05T14:04:58,2024-03-05,258,5,Retail,PayPal,COUPON-Z-9,9.12,AUD
202318,2024-03-05T05:12:45,2024-03-05,649,39,Online,PayPal,COUPON-Z--,0.33,AUD
202371,2024-03-05T01:03:35,2024-03-05,744,12,Online,Credit Card,COUPONZZ-Z,9.94,AUD
202638,2024-03-05T08:20:46,2024-03-05,463,30,Retail,Credit Card,COUPON99--,1.89,AUD
202733,2024-03-05T19:07:20,2024-03-05,124,11,Retail,PayPal,COUPON-90-,8.59,AUD
202826,2024-03-05T10:27:55,2024-03-05,491,3,Online,Afterpay,COUPON---Z,6.0,AUD
202840,2024-03-05T17:17:36,2024-03-05,150,37,Retail,PayPal,COUPONZZ-Z,14.35,AUD
202887,2024-03-05T21:36:46,2024-03-05,580,42,Retail,Credit Card,COUPONZ00-,18.62,AUD
203035,2024-03-05T06:23:35,2024-03-05,99,47,Online,PayPal,COUPON--AZ,16.46,AUD
203215,2024-03-05T00:25:20,2024-03-05,677,21,Online,Afterpay,COUPON0Z09,14.84,AUD
203224,2024-03-05T21:39:06,2024-03-05,139,23,Retail,PayPal,COUPON--09,6.21,AUD
203309,2024-03-05T13:27:34,2024-03-05,180,31,Retail,PayPal,COUPON-9-9,5.51,AUD
203424,2024-03-05T11:05:20,2024-03-05,95,14,Online,Afterpay,COUPON--Z-,0.68,AUD
203578,2024-03-05T01:34:31,2024-03-05,734,20,Online,Credit Card,COUPON-ZA-,18.65,AUD
203829,2024-03-05T13:29:09,2024-03-05,517,21,Online,Afterpay,COUPONAZ0Z,12.26,AUD
203877,2024-03-05T10:06:37,2024-03-05,701,25,Retail,Afterpay,COUPON--A-,10.89,AUD
204012,2024-03-05T14:27:02,2024-03-05,170,13,Retail,Afterpay,COUPON-99A,0.48,AUD
204050,2024-03-05T22:44:30,2024-03-05,345,29,Retail,Credit Card,COUPONZ000,1.67,AUD
204147,2024-03-05T01:42:20,2024-03-05,24,37,Online,Credit Card,COUPON9--A,16.93,AUD
204246,2024-03-05T13:33:25,2024-03-05,752,38,Retail,Credit Card,COUPON9-0Z,4.72,AUD
204322,2024-03-05T14:45:00,2024-03-05,415,27,Online,Afterpay,COUPON0Z90,5.42,AUD
204464,2024-03-05T06:19:24,2024-03-05,596,36,Online,PayPal,COUPON-Z-A,3.69,AUD
204479,2024-03-05T00:08:43,2024-03-05,659,11,Online,Credit Card,COUPON-9--,13.91,AUD
204488,2024-03-05T16:51:13,2024-03-05,729,19,Retail,Credit Card,COUPONA-9Z,6.57,AUD
204580,2024-03-05T20:49:35,2024-03-05,352,1,Online,Credit Card,COUPON990-,6.49,AUD
204652,2024-03-05T09:16:40,2024-03-05,630,27,Online,Afterpay,COUPONA-A9,16.77,AUD
205181,2024-03-05T16:12:08,2024-03-05,776,25,Retail,PayPal,COUPON90AA,11.02,AUD
205404,2024-03-05T10:28:20,2024-03-05,349,10,Online,Credit Card,COUPON---9,9.6,AUD
205458,2024-03-05T21:04:54,2024-03-05,748,1,Online,Afterpay,COUPONA-Z-,19.31,AUD
205498,2024-03-05T12:06:11,2024-03-05,277,7,Retail,PayPal,COUPON-0Z9,0.24,AUD
205584,2024-03-05T20:58:59,2024-03-05,681,46,Online,PayPal,COUPONZ00Z,17.01,AUD
205758,2024-03-05T00:07:18,2024-03-05,630,1,Retail,Credit Card,COUPONZA-A,15.07,AUD
205805,2024-03-05T16:56:50,2024-03-05,440,27,Retail,Credit Card,COUPONA09A,9.26,AUD
205880,2024-03-05T22:35:07,2024-03-05,587,46,Online,PayPal,COUPONZ0--,1.32,AUD
205881,2024-03-05T20:15:58,2024-03-05,622,25,Online,Credit Card,COUPONAAZ-,9.7,AUD
205934,2024-03-05T12:07:06,2024-03-05,319,27,Retail,Afterpay,COUPONZA0-,10.07,AUD
205987,2024-03-05T13:44:16,2024-03-05,189,9,Retail,Credit Card,COUPON0999,8.58,AUD
206004,2024-03-05T16:52:54,2024-03-05,618,48,Online,Credit Card,COUPON--Z0,1.92,AUD
206006,2024-03-05T03:22:13,2024-03-05,239,4,Retail,Afterpay,COUPON--ZZ,11.75,AUD
206050,2024-03-05T07:24:49,2024-03-05,202,9,Retail,Credit Card,COUPON--ZZ,12.47,AUD
206176,2024-03-05T06:19:08,2024-03-05,251,40,Online,PayPal,COUPONZZ0-,5.0,AUD
206197,2024-03-05T18:26:09,2024-03-05,90,1,Retail,Afterpay,COUPON-0Z0,6.5,AUD
206221,2024-03-05T12:36:00,2024-03-05,348,1,Retail,Afterpay,COUPON0900,18.04,AUD
206466,2024-03-05T16:45:51,2024-03-05,151,45,Online,Afterpay,COUPONZ009,7.3,AUD
206484,2024-03-05T07:54:26,2024-03-05,639,18,Retail,Afterpay,COUPON-900,18.49,AUD
206603,2024-03-05T15:32:35,2024-03-05,419,18,Retail,Afterpay,COUPONZA-Z,19.81,AUD
206774,2024-03-05T05:23:51,2024-03-05,417,26,Online,PayPal,COUPONAZZA,1.16,AUD
206892,2024-03-05T13:51:30,2024-03-05,86,50,Online,PayPal,COUPONAZ0-,16.74,AUD
206928,2024-03-05T10:26:19,2024-03-05,432,32,Online,PayPal,COUPONZ-A-,16.57,AUD
206941,2024-03-05T07:07:39,2024-03-05,579,25,Online,PayPal,COUPON0Z90,0.4,AUD
207096,2024-03-05T00:27:23,2024-03-05,607,47,Online,PayPal,COUPON-Z-Z,10.46,AUD
207164,2024-03-05T08:57:33,2024-03-05,689,36,Retail,Credit Card,COUPONA-A0,14.93,AUD
207169,2024-03-05T08:04:32,2024-03-05,559,23,Retail,PayPal,COUPON-A-Z,3.38,AUD
207280,2024-03-05T21:01:12,2024-03-05,8,18,Online,Afterpay,COUPON-09-,16.08,AUD
207332,2024-03-05T23:25:09,2024-03-05,529,42,Retail,Credit Card,COUPONZ9-Z,14.91,AUD
207472,2024-03-05T16:30:12,2024-03-05,248,16,Retail,PayPal,COUPON909A,2.18,AUD
207479,2024-03-05T17:39:29,2024-03-05,426,11,Online,Credit Card,COUPONA--A,6.85,AUD
207487,2024-03-05T13:06:18,2024-03-05,241,9,Retail,Afterpay,COUPON-A-Z,15.5,AUD
207499,2024-03-05T03:43:34,2024-03-05,86,38,Online,Credit Card,COUPON---Z,11.92,AUD
207503,2024-03-05T19:36:12,2024-03-05,246,24,Online,PayPal,COUPONA9AZ,6.27,AUD
207560,2024-03-05T00:42:43,2024-03-05,50,24,Online,Afterpay,COUPON-Z90,7.47,AUD
207866,2024-03-05T04:12:49,2024-03-05,396,11,Retail,Credit Card,COUPON----,16.37,AUD
207935,2024-03-05T14:52:48,2024-03-05,716,10,Retail,Afterpay,COUPON--AA,16.9,AUD
207956,2024-03-05T08:35:35,2024-03-05,589,25,Retail,Afterpay,COUPONZ0Z9,11.2,AUD
208003,2024-03-05T00:28:53,2024-03-05,145,45,Online,Afterpay,COUPON9-ZA,18.77,AUD
208236,2024-03-05T13:58:09,2024-03-05,766,10,Online,PayPal,COUPON--9Z,4.64,AUD
208238,2024-03-05T22:41:54,2024-03-05,526,34,Retail,Afterpay,COUPON-A00,14.07,AUD
208313,2024-03-05T07:21:16,2024-03-05,543,47,Online,Credit Card,COUPON99-9,6.74,AUD
208406,2024-03-05T09:09:04,2024-03-05,477,20,Online,Credit Card,COUPONZZ0A,8.32,AUD
208482,2024-03-05T21:03:06,2024-03-05,656,3,Retail,PayPal,COUPON-99Z,3.5,AUD
208641,2024-03-05T23:17:24,2024-03-05,110,4,Retail,Credit Card,COUPON---A,15.6,AUD
208649,2024-03-05T20:26:53,2024-03-05,689,36,Retail,Afterpay,COUPON-AZZ,15.21,AUD
208683,2024-03-05T06:02:27,2024-03-05,561,50,Retail,Credit Card,COUPONA-0-,0.16,AUD
208842,2024-03-05T17:55:17,2024-03-05,130,41,Online,PayPal,COUPONZA-0,0.76,AUD
209032,2024-03-05T17:29:47,2024-03-05,82,7,Retail,Afterpay,COUPON0Z9Z,1.2,AUD
209050,2024-03-05T06:36:06,2024-03-05,404,17,Online,Afterpay,COUPON0Z-Z,2.09,AUD
209130,2024-03-05T11:55:36,2024-03-05,270,12,Online,Credit Card,COUPON-AZA,2.04,AUD
209234,2024-03-05T23:29:26,2024-03-05,588,19,Retail,Afterpay,COUPON09A0,10.17,AUD
209345,2024-03-05T16:20:34,2024-03-05,467,50,Online,Credit Card,COUPONZ-0Z,0.67,AUD
209354,2024-03-05T23:20:48,2024-03-05,390,48,Retail,Afterpay,COUPON9--9,12.62,AUD
209447,2024-03-05T11:29:45,2024-03-05,641,29,Retail,Afterpay,COUPON990-,2.48,AUD
209475,2024-03-05T23:43:14,2024-03-05,341,8,Online,Credit Card,COUPON-9Z-,18.85,AUD
209545,2024-03-05T05:26:33,2024-03-05,745,4,Retail,PayPal,COUPON0ZA-,4.52,AUD
209603,2024-03-05T16:31:46,2024-03-05,683,28,Online,Credit Card,COUPON90A9,5.76,AUD
209613,2024-03-05T11:47:22,2024-03-05,28,31,Retail,Afterpay,COUPON-Z9-,9.91,AUD
209677,2024-03-05T01:48:23,2024-03-05,401,45,Online,PayPal,COUPON9A-0,1.93,AUD
209740,2024-03-05T01:06:01,2024-03-05,362,30,Online,Credit Card,COUPONA0Z9,18.55,AUD
209855,2024-03-05T18:17:03,2024-03-05,507,19,Retail,Credit Card,COUPON9Z0-,12.46,AUD
209892,2024-03-05T19:37:22,2024-03-05,20,32,Online,PayPal,COUPON-AA9,0.56,AUD
209965,2024-03-05T04:33:48,2024-03-05,800,42,Retail,PayPal,COUPON0ZA-,12.0,AUD
209986,2024-03-05T22:22:30,2024-03-05,62,9,Retail,Credit Card,COUPON09Z0,9.5,AUD
209991,2024-03-05T11:35:59,2024-03-05,36,18,Retail,Afterpay,COUPON9Z9-,7.52,AUD
210047,2024-03-05T15:15:42,2024-03-05,652,28,Retail,Credit Card,COUPONZ-9-,1.02,AUD
210144,2024-03-05T16:28:45,2024-03-05,587,8,Online,Credit Card,COUPONZ-9-,3.6,AUD
210227,2024-03-05T14:39:33,2024-03-05,474,46,Retail,Credit Card,COUPON00--,17.44,AUD
210314,2024-03-05T06:03:38,2024-03-05,70,25,Retail,PayPal,COUPONAZ-A,16.07,AUD
210319,2024-03-05T21:37:24,2024-03-05,276,50,Retail,Credit Card,COUPON9-00,16.75,AUD
210320,2024-03-05T21:48:03,2024-03-05,623,5,Online,Afterpay,COUPON0ZZZ,6.16,AUD
210423,2024-03-05T23:58:28,2024-03-05,326,49,Online,PayPal,COUPON-A0Z,6.16,AUD
210493,2024-03-05T20:31:03,2024-03-05,396,39,Retail,Afterpay,COUPON-99-,0.49,AUD
210496,2024-03-05T18:43:10,2024-03-05,587,46,Online,PayPal,COUPONZZ--,18.29,AUD
210538,2024-03-05T00:01:01,2024-03-05,373,12,Online,Afterpay,COUPON9A-9,13.2,AUD
210548,2024-03-05T07:42:30,2024-03-05,659,11,Online,Credit Card,COUPON-Z9-,0.05,AUD
210762,2024-03-05T07:26:52,2024-03-05,187,12,Retail,Credit Card,COUPON--Z-,13.16,AUD
210798,2024-03-05T06:50:03,2024-03-05,482,23,Online,Credit Card,COUPON0Z-Z,11.2,AUD
210847,2024-03-05T12:19:32,2024-03-05,255,13,Retail,Afterpay,COUPON-A-Z,11.95,AUD
210934,2024-03-05T13:52:42,2024-03-05,214,7,Online,Credit Card,COUPON-9--,19.74,AUD
210960,2024-03-05T22:07:05,2024-03-05,228,46,Retail,Afterpay,COUPON-0-Z,18.76,AUD
210976,2024-03-05T21:27:14,2024-03-05,607,25,Online,Credit Card,COUPON-9--,11.72,AUD
211076,2024-03-05T00:47:14,2024-03-05,308,41,Online,PayPal,COUPON9--A,6.37,AUD
211209,2024-03-05T10:02:03,2024-03-05,152,27,Online,Afterpay,COUPON--Z0,14.19,AUD
211213,2024-03-05T14:46:06,2024-03-05,791,33,Retail,Credit Card,COUPONAZ-9,5.94,AUD
211231,2024-03-05T01:45:34,2024-03-05,19,19,Online,Afterpay,COUPON0000,10.42,AUD
211370,2024-03-05T23:49:26,2024-03-05,35,18,Online,PayPal,COUPON-A--,4.47,AUD
211436,2024-03-05T19:06:16,2024-03-05,732,1,Retail,Afterpay,COUPON0Z-0,12.02,AUD
211517,2024-03-05T23:03:12,2024-03-05,13,30,Retail,Afterpay,COUPON9AZ-,1.13,AUD
211569,2024-03-05T15:23:43,2024-03-05,799,6,Retail,Credit Card,COUPON-AA-,13.5,AUD
211661,2024-03-05T00:32:46,2024-03-05,168,25,Online,PayPal,COUPON-ZZA,1.61,AUD
211669,2024-03-05T21:34:00,2024-03-05,562,18,Retail,Credit Card,COUPON00-A,6.93,AUD
211689,2024-03-05T21:51:32,2024-03-05,694,44,Retail,Afterpay,COUPON9--0,0.05,AUD
211732,2024-03-05T16:15:53,2024-03-05,452,5,Retail,Credit Card,COUPON-ZAZ,13.91,AUD
211741,2024-03-05T06:38:10,2024-03-05,303,43,Retail,PayPal,COUPON-0-Z,16.59,AUD
211783,2024-03-05T12:09:41,2024-03-05,219,34,Retail,Credit Card,COUPONZ-09,3.11,AUD
211799,2024-03-05T17:07:34,2024-03-05,686,5,Online,PayPal,COUPON-0--,6.85,AUD
211966,2024-03-05T10:28:27,2024-03-05,57,28,Online,PayPal,COUPON-0Z-,10.31,AUD
212342,2024-03-05T11:46:38,2024-03-05,95,43,Online,PayPal,COUPON99A-,4.64,AUD
212373,2024-03-05T20:20:28,2024-03-05,510,14,Retail,Afterpay,COUPONA099,6.08,AUD
212565,2024-03-05T15:06:57,2024-03-05,752,23,Retail,Afterpay,COUPON000-,2.11,AUD
212905,2024-03-05T05:28:45,2024-03-05,479,36,Online,Credit Card,COUPON--Z-,1.05,AUD
213146,2024-03-05T08:05:48,2024-03-05,299,21,Retail,PayPal,COUPON0-A9,16.08,AUD
213180,2024-03-05T18:35:22,2024-03-05,259,14,Online,Credit Card,COUPON9AA9,0.06,AUD
213255,2024-03-05T15:49:35,2024-03-05,537,45,Retail,PayPal,COUPON-9-0,3.48,AUD
213294,2024-03-05T02:49:20,2024-03-05,796,2,Retail,PayPal,COUPON-A0A,10.65,AUD
213337,2024-03-05T11:40:55,2024-03-05,549,25,Online,PayPal,COUPON-9Z-,11.7,AUD
213547,2024-03-05T06:16:32,2024-03-05,208,5,Retail,Credit Card,COUPON900-,7.39,AUD
213565,2024-03-05T22:35:04,2024-03-05,635,6,Online,Credit Card,COUPON-A--,3.99,AUD
213571,2024-03-05T12:45:27,2024-03-05,536,31,Online,PayPal,COUPON0099,14.41,AUD
213676,2024-03-05T12:14:09,2024-03-05,156,36,Online,PayPal,COUPON-ZZZ,12.95,AUD
213684,2024-03-05T21:41:32,2024-03-05,50,42,Online,PayPal,COUPON0Z9-,1.55,AUD
213731,2024-03-05T16:21:49,2024-03-05,83,14,Retail,PayPal,COUPONAZ99,7.23,AUD
213934,2024-03-05T11:30:23,2024-03-05,7,2,Online,PayPal,COUPONA-9Z,14.43,AUD
213955,2024-03-05T23:40:01,2024-03-05,224,23,Online,PayPal,COUPONZ-AA,6.32,AUD
214032,2024-03-05T13:35:52,2024-03-05,260,19,Online,PayPal,COUPONA00Z,1.75,AUD
214335,2024-03-05T22:29:12,2024-03-05,513,45,Online,Afterpay,COUPON00-A,6.38,AUD
214389,2024-03-05T19:49:11,2024-03-05,354,24,Retail,Afterpay,COUPON-A--,18.59,AUD
214553,2024-03-05T12:42:01,2024-03-05,127,47,Retail,PayPal,COUPONA90-,10.79,AUD
214594,2024-03-05T17:52:19,2024-03-05,405,8,Retail,Afterpay,COUPON---0,5.5,AUD
214746,2024-03-05T15:58:24,2024-03-05,307,26,Retail,Credit Card,COUPON---A,4.29,AUD
214781,2024-03-05T14:00:56,2024-03-05,290,47,Retail,PayPal,COUPON-A-9,2.43,AUD
214857,2024-03-05T12:40:23,2024-03-05,603,3,Online,Afterpay,COUPON0-0-,18.05,AUD
214951,2024-03-05T16:33:25,2024-03-05,184,38,Retail,Credit Card,COUPON--Z-,17.12,AUD
215028,2024-03-05T06:47:20,2024-03-05,554,11,Online,Credit Card,COUPONA-9-,8.28,AUD
215136,2024-03-05T04:39:39,2024-03-05,579,43,Online,PayPal,COUPON9Z9A,1.37,AUD
215160,2024-03-05T02:58:17,2024-03-05,777,41,Retail,PayPal,COUPON--0A,16.83,AUD
215189,2024-03-05T18:38:42,2024-03-05,688,29,Online,Credit Card,COUPONZ-0-,0.09,AUD
215300,2024-03-05T12:49:15,2024-03-05,232,44,Online,Afterpay,COUPON090-,3.23,AUD
215310,2024-03-05T10:06:06,2024-03-05,231,25,Online,PayPal,COUPONZZ-Z,0.16,AUD
215365,2024-03-05T15:35:54,2024-03-05,42,30,Retail,Afterpay,COUPONAA-Z,19.99,AUD
215371,2024-03-05T01:49:02,2024-03-05,740,50,Retail,Afterpay,COUPON-90-,14.62,AUD
215449,2024-03-05T02:17:16,2024-03-05,706,17,Online,PayPal,COUPONZ-Z0,3.54,AUD
215481,2024-03-05T23:12:40,2024-03-05,621,32,Online,Afterpay,COUPON0-Z-,13.94,AUD
215486,2024-03-05T18:15:54,2024-03-05,480,17,Retail,Afterpay,COUPON-0ZZ,3.09,AUD
215492,2024-03-05T05:09:58,2024-03-05,521,14,Retail,Afterpay,COUPONA-99,12.05,AUD
215501,2024-03-05T06:44:47,2024-03-05,342,49,Retail,Afterpay,COUPON0AZ9,12.73,AUD
215561,2024-03-05T07:22:23,2024-03-05,357,46,Retail,Credit Card,COUPON00--,8.16,AUD
215590,2024-03-05T15:59:17,2024-03-05,555,7,Online,Credit Card,COUPONZ9AA,19.72,AUD
215602,2024-03-05T09:39:32,2024-03-05,14,46,Retail,PayPal,COUPON90Z9,4.08,AUD
215746,2024-03-05T02:51:21,2024-03-05,550,23,Online,PayPal,COUPON9--Z,6.16,AUD
215836,2024-03-05T22:18:19,2024-03-05,415,42,Online,Afterpay,COUPON-9A-,11.51,AUD
215967,2024-03-05T23:21:33,2024-03-05,202,4,Online,Afterpay,COUPONZAAA,13.17,AUD
216118,2024-03-05T07:40:53,2024-03-05,606,21,Online,Afterpay,COUPON0-A9,12.44,AUD
216158,2024-03-05T21:40:25,2024-03-05,784,15,Online,Credit Card,COUPONZ99A,14.13,AUD
216165,2024-03-05T02:03:35,2024-03-05,315,47,Retail,Credit Card,COUPON0AAA,13.13,AUD
216343,2024-03-05T10:37:41,2024-03-05,83,5,Retail,PayPal,COUPON-Z00,2.6,AUD
216357,2024-03-05T23:05:26,2024-03-05,197,6,Online,Credit Card,COUPONZ990,1.15,AUD
216375,2024-03-05T08:56:40,2024-03-05,462,35,Online,Afterpay,COUPON--A-,19.45,AUD
216442,2024-03-05T16:48:21,2024-03-05,792,12,Retail,Credit Card,COUPON--0-,3.27,AUD
216453,2024-03-05T14:36:45,2024-03-05,155,21,Retail,Credit Card,COUPONZZA-,18.38,AUD
216672,2024-03-05T19:22:40,2024-03-05,355,29,Retail,Afterpay,COUPON9-0-,11.28,AUD
216707,2024-03-05T10:17:39,2024-03-05,591,49,Retail,Afterpay,COUPON00-Z,1.97,AUD
216738,2024-03-05T02:47:50,2024-03-05,424,24,Online,Afterpay,COUPON0-Z-,1.75,AUD
217114,2024-03-05T01:58:54,2024-03-05,439,40,Retail,Credit Card,COUPON-Z0-,0.29,AUD
217206,2024-03-05T17:08:06,2024-03-05,433,1,Online,PayPal,COUPONA90Z,10.05,AUD
217208,2024-03-05T05:59:39,2024-03-05,614,40,Retail,Afterpay,COUPON-000,14.29,AUD
217287,2024-03-05T10:35:17,2024-03-05,245,29,Retail,PayPal,COUPON0Z0A,6.59,AUD
217417,2024-03-05T13:11:26,2024-03-05,141,35,Retail,Afterpay,COUPON0A-A,16.07,AUD
217499,2024-03-05T14:16:21,2024-03-05,380,7,Online,PayPal,COUPON9-0A,1.25,AUD
217817,2024-03-05T01:38:25,2024-03-05,176,23,Retail,PayPal,COUPON-990,6.72,AUD
217853,2024-03-05T11:28:41,2024-03-05,707,9,Online,PayPal,COUPON-Z-Z,10.79,AUD
217854,2024-03-05T00:48:32,2024-03-05,157,34,Online,Credit Card,COUPON09--,5.17,AUD
217905,2024-03-05T05:58:25,2024-03-05,284,27,Online,Credit Card,COUPON900-,19.74,AUD
218016,2024-03-05T14:29:35,2024-03-05,506,5,Retail,Afterpay,COUPON9A90,14.01,AUD
218039,2024-03-05T18:16:22,2024-03-05,435,21,Online,PayPal,COUPON----,2.45,AUD
218087,2024-03-05T07:52:28,2024-03-05,386,46,Online,Credit Card,COUPON9-0-,6.44,AUD
218226,2024-03-05T04:41:04,2024-03-05,198,2,Retail,Credit Card,COUPON-0--,4.23,AUD
218231,2024-03-05T23:49:58,2024-03-05,630,23,Retail,PayPal,COUPONA9--,3.81,AUD
218302,2024-03-05T13:56:58,2024-03-05,730,48,Retail,Credit Card,COUPONA9Z9,18.56,AUD
218338,2024-03-05T13:10:59,2024-03-05,535,20,Retail,Afterpay,COUPONZ--0,2.17,AUD
218355,2024-03-05T11:57:28,2024-03-05,111,47,Retail,Afterpay,COUPONAZ99,7.77,AUD
218430,2024-03-05T18:21:39,2024-03-05,361,42,Retail,Afterpay,COUPONA0--,2.29,AUD
218468,2024-03-05T15:44:18,2024-03-05,91,33,Online,Afterpay,COUPON0-9-,1.08,AUD
218503,2024-03-05T16:29:46,2024-03-05,787,38,Online,PayPal,COUPON0-0A,1.8,AUD
218616,2024-03-05T07:12:03,2024-03-05,611,44,Retail,PayPal,COUPON0A99,9.2,AUD
218641,2024-03-05T06:12:48,2024-03-05,233,15,Retail,Afterpay,COUPONZ-09,17.52,AUD
218799,2024-03-05T19:35:27,2024-03-05,267,3,Retail,PayPal,COUPON0Z00,15.77,AUD
218835,2024-03-05T20:53:45,2024-03-05,483,35,Online,Afterpay,COUPON9A0A,1.17,AUD
218923,2024-03-05T21:01:45,2024-03-05,27,43,Retail,PayPal,COUPON-9ZA,9.51,AUD
218930,2024-03-05T04:19:17,2024-03-05,245,28,Retail,Credit Card,COUPONZ0Z9,5.52,AUD
219079,2024-03-05T21:15:44,2024-03-05,703,7,Online,Credit Card,COUPON0A-9,3.23,AUD
219279,2024-03-05T05:53:47,2024-03-05,225,3,Online,PayPal,COUPON--A9,17.92,AUD
219493,2024-03-05T20:26:47,2024-03-05,186,21,Retail,Afterpay,COUPONA-Z-,1.24,AUD
219536,2024-03-05T23:58:20,2024-03-05,328,6,Retail,PayPal,COUPONZ9A-,13.92,AUD
219564,2024-03-05T06:15:22,2024-03-05,745,15,Online,PayPal,COUPON09-A,18.56,AUD
219675,2024-03-05T20:14:48,2024-03-05,654,32,Retail,Credit Card,COUPONAA--,7.04,AUD
219703,2024-03-05T02:54:23,2024-03-05,404,2,Online,PayPal,COUPON9AZ-,6.51,AUD
219819,2024-03-05T13:07:17,2024-03-05,229,32,Retail,Credit Card,COUPON9-09,10.82,AUD
219889,2024-03-05T19:31:28,2024-03-05,471,30,Online,Credit Card,COUPON90Z0,17.06,AUD
219934,2024-03-05T14:38:16,2024-03-05,364,41,Retail,Credit Card,COUPON---A,14.42,AUD
220037,2024-03-05T05:24:27,2024-03-05,712,44,Retail,Afterpay,COUPON-AZ0,12.49,AUD
220273,2024-03-05T18:30:24,2024-03-05,755,5,Retail,Afterpay,COUPON-0--,18.12,AUD
220318,2024-03-05T17:08:39,2024-03-05,759,25,Retail,Credit Card,COUPONZ0--,18.12,AUD
220360,2024-03-05T14:55:30,2024-03-05,507,6,Online,Afterpay,COUPONZ--Z,19.65,AUD
220361,2024-03-05T02:49:24,2024-03-05,552,37,Retail,Afterpay,COUPON0-90,17.12,AUD
220367,2024-03-05T16:42:27,2024-03-05,600,40,Online,Afterpay,COUPON-0--,0.86,AUD
220471,2024-03-05T08:51:45,2024-03-05,679,31,Retail,Afterpay,COUPON0---,16.09,AUD
220718,2024-03-05T13:39:30,2024-03-05,732,40,Online,Afterpay,COUPON--0A,3.93,AUD
220746,2024-03-05T03:36:42,2024-03-05,419,6,Retail,Credit Card,COUPON0A9-,17.53,AUD
220825,2024-03-05T18:42:52,2024-03-05,324,4,Online,Afterpay,COUPON90--,3.88,AUD
221111,2024-03-05T05:51:26,2024-03-05,662,18,Online,Afterpay,COUPON09-0,8.22,AUD
221134,2024-03-05T08:15:59,2024-03-05,60,45,Retail,Credit Card,COUPON9-0-,10.66,AUD
221446,2024-03-05T00:55:53,2024-03-05,44,28,Online,Credit Card,COUPON-9--,11.32,AUD
221466,2024-03-05T22:32:01,2024-03-05,790,15,Retail,Afterpay,COUPON-A0-,6.1,AUD
221519,2024-03-05T16:46:53,2024-03-05,671,36,Retail,PayPal,COUPON-99-,17.65,AUD
221551,2024-03-05T18:30:43,2024-03-05,277,28,Retail,Credit Card,COUPONZ0-9,14.49,AUD
221584,2024-03-05T23:06:40,2024-03-05,365,12,Online,PayPal,COUPON--A9,13.26,AUD
221737,2024-03-05T21:59:05,2024-03-05,86,32,Retail,Afterpay,COUPONA0-9,7.3,AUD
221747,2024-03-05T05:29:55,2024-03-05,320,40,Online,Afterpay,COUPON90-A,12.18,AUD
221846,2024-03-05T22:22:21,2024-03-05,762,20,Online,PayPal,COUPONZ0Z-,14.88,AUD
221868,2024-03-05T03:50:12,2024-03-05,75,33,Retail,Credit Card,COUPON-ZZ-,11.66,AUD
221891,2024-03-05T22:58:40,2024-03-05,40,21,Retail,Credit Card,COUPON-9-A,18.07,AUD
222037,2024-03-05T05:48:26,2024-03-05,531,21,Online,PayPal,COUPONZ0A-,13.87,AUD
222056,2024-03-05T06:39:30,2024-03-05,382,35,Online,Afterpay,COUPONA--Z,16.77,AUD
222092,2024-03-05T22:07:49,2024-03-05,698,15,Retail,Afterpay,COUPON9--9,16.57,AUD
222161,2024-03-05T03:38:20,2024-03-05,491,50,Online,PayPal,COUPON009-,9.7,AUD
222396,2024-03-05T04:49:27,2024-03-05,753,11,Online,Afterpay,COUPON0Z-9,9.29,AUD
222471,2024-03-05T20:17:02,2024-03-05,173,35,Retail,Credit Card,COUPON00-Z,18.89,AUD
222619,2024-03-05T03:59:29,2024-03-05,73,7,Online,Afterpay,COUPONZ9-0,9.53,AUD
222661,2024-03-05T00:03:37,2024-03-05,277,29,Online,PayPal,COUPONZ00-,6.68,AUD
222748,2024-03-05T15:54:29,2024-03-05,89,26,Retail,PayPal,COUPON--A0,12.55,AUD
222800,2024-03-05T19:38:46,2024-03-05,412,35,Retail,Afterpay,COUPON9A-A,4.89,AUD
222869,2024-03-05T21:38:52,2024-03-05,44,45,Retail,Credit Card,COUPON-A-9,7.39,AUD
222987,2024-03-05T03:53:53,2024-03-05,512,16,Retail,Credit Card,COUPON9-Z9,2.38,AUD
223135,2024-03-05T14:06:17,2024-03-05,220,34,Online,PayPal,COUPON9A0-,17.85,AUD
223145,2024-03-05T09:41:16,2024-03-05,70,2,Retail,PayPal,COUPON9-9-,16.83,AUD
223440,2024-03-05T08:28:39,2024-03-05,272,27,Online,PayPal,COUPON-0Z-,11.05,AUD
223476,2024-03-05T07:17:37,2024-03-05,134,48,Online,PayPal,COUPONZ0--,11.45,AUD
223489,2024-03-05T09:08:23,2024-03-05,777,39,Online,Credit Card,COUPONA-AZ,12.22,AUD
223600,2024-03-05T10:26:06,2024-03-05,75,9,Retail,PayPal,COUPON9--0,4.83,AUD
223620,2024-03-05T01:15:54,2024-03-05,496,49,Retail,PayPal,COUPON99Z9,0.51,AUD
223629,2024-03-05T06:20:58,2024-03-05,283,1,Retail,PayPal,COUPON--00,19.35,AUD
223639,2024-03-05T08:12:36,2024-03-05,710,40,Retail,Afterpay,COUPONAZZZ,8.43,AUD
223676,2024-03-05T06:26:56,2024-03-05,355,10,Online,Credit Card,COUPONAA9-,3.78,AUD
223677,2024-03-05T22:01:37,2024-03-05,43,44,Retail,Afterpay,COUPONA--Z,18.72,AUD
223808,2024-03-05T02:49:13,2024-03-05,109,46,Online,Credit Card,COUPON---0,0.91,AUD
224393,2024-03-05T12:58:13,2024-03-05,199,13,Online,Afterpay,COUPON0-ZA,2.3,AUD
224424,2024-03-05T07:38:27,2024-03-05,498,38,Online,Credit Card,COUPON9Z09,14.48,AUD
224485,2024-03-05T15:22:12,2024-03-05,278,35,Online,Afterpay,COUPON9--0,8.93,AUD
224677,2024-03-05T20:31:53,2024-03-05,716,21,Retail,PayPal,COUPON-0-Z,19.56,AUD
224769,2024-03-05T14:53:06,2024-03-05,304,49,Retail,PayPal,COUPON0-09,17.76,AUD
224924,2024-03-05T10:15:05,2024-03-05,322,16,Online,Afterpay,COUPONZAA-,7.35,AUD
224982,2024-03-05T19:00:15,2024-03-05,441,42,Retail,PayPal,COUPON-9-9,4.57,AUD
225218,2024-03-05T12:41:19,2024-03-05,238,5,Retail,Afterpay,COUPONZ9-0,6.89,AUD
225236,2024-03-05T08:08:59,2024-03-05,193,38,Retail,Afterpay,COUPON99-0,12.78,AUD
225304,2024-03-05T03:44:50,2024-03-05,632,27,Online,PayPal,COUPON9--Z,16.55,AUD
225343,2024-03-05T10:58:31,2024-03-05,337,27,Online,Credit Card,COUPONZ99-,11.59,AUD
225435,2024-03-05T13:45:33,2024-03-05,336,22,Online,Credit Card,COUPON--9-,10.57,AUD
225450,2024-03-05T01:32:10,2024-03-05,552,39,Retail,PayPal,COUPONAZ--,19.85,AUD
225507,2024-03-05T01:23:43,2024-03-05,242,34,Online,Credit Card,COUPON9--Z,15.7,AUD
225548,2024-03-05T06:14:59,2024-03-05,783,45,Retail,Afterpay,COUPONZ-AZ,6.48,AUD
225578,2024-03-05T15:17:33,2024-03-05,559,4,Retail,Credit Card,COUPON0-9A,6.66,AUD
225730,2024-03-05T13:12:33,2024-03-05,462,37,Retail,Credit Card,COUPON---0,1.19,AUD
225773,2024-03-05T08:21:18,2024-03-05,581,7,Retail,PayPal,COUPONA09Z,2.15,AUD
225866,2024-03-05T12:00:19,2024-03-05,308,50,Online,Credit Card,COUPON0-ZZ,17.56,AUD
225955,2024-03-05T03:47:04,2024-03-05,590,48,Online,Credit Card,COUPONAA9A,3.33,AUD
226043,2024-03-05T17:23:49,2024-03-05,173,6,Retail,Afterpay,COUPONZ9--,9.23,AUD
226091,2024-03-05T19:32:42,2024-03-05,69,45,Online,PayPal,COUPONA-9-,6.22,AUD
226140,2024-03-05T12:46:00,2024-03-05,426,44,Retail,Afterpay,COUPON9-A9,18.8,AUD
226162,2024-03-05T04:21:49,2024-03-05,243,33,Retail,Afterpay,COUPONZ99-,7.6,AUD
226291,2024-03-05T14:32:25,2024-03-05,300,40,Online,Credit Card,COUPON0Z9A,8.5,AUD
226415,2024-03-05T07:51:41,2024-03-05,754,31,Online,Credit Card,COUPONA-A-,10.67,AUD
226615,2024-03-05T23:56:52,2024-03-05,8,24,Online,Afterpay,COUPONZZZ-,1.35,AUD
226675,2024-03-05T05:01:36,2024-03-05,196,26,Online,Afterpay,COUPONZ-0-,17.76,AUD
226712,2024-03-05T01:38:15,2024-03-05,646,13,Online,PayPal,COUPON00-A,0.25,AUD
226870,2024-03-05T00:15:13,2024-03-05,311,27,Retail,PayPal,COUPONZAZ9,8.06,AUD
226952,2024-03-05T07:05:31,2024-03-05,358,35,Online,Afterpay,COUPON990-,8.21,AUD
227382,2024-03-05T21:48:03,2024-03-05,534,9,Online,PayPal,COUPONZ-0-,14.5,AUD
227422,2024-03-05T20:27:09,2024-03-05,341,3,Online,Credit Card,COUPON9-ZA,4.23,AUD
227555,2024-03-05T18:13:54,2024-03-05,723,9,Online,Afterpay,COUPONA9-A,19.68,AUD
227580,2024-03-05T09:29:15,2024-03-05,261,49,Online,PayPal,COUPONZ-99,2.01,AUD
227727,2024-03-05T01:43:31,2024-03-05,151,15,Retail,Credit Card,COUPONA90-,7.08,AUD
227759,2024-03-05T02:14:26,2024-03-05,284,3,Online,Credit Card,COUPON00-0,7.84,AUD
227836,2024-03-05T02:55:30,2024-03-05,595,1,Online,Credit Card,COUPONA0--,11.85,AUD
228001,2024-03-05T20:26:14,2024-03-05,519,14,Retail,Credit Card,COUPONZZ0-,3.48,AUD
228192,2024-03-05T20:57:13,2024-03-05,598,36,Retail,Afterpay,COUPONZ090,13.36,AUD
228221,2024-03-05T22:26:14,2024-03-05,241,12,Online,PayPal,COUPONZA-A,12.37,AUD
228340,2024-03-05T13:28:42,2024-03-05,136,31,Retail,PayPal,COUPONZAZA,11.94,AUD
228364,2024-03-05T01:24:23,2024-03-05,208,36,Online,PayPal,COUPONZ-A9,15.68,AUD
228384,2024-03-05T10:35:17,2024-03-05,523,25,Online,Afterpay,COUPON99--,18.89,AUD
228402,2024-03-05T17:46:54,2024-03-05,779,36,Online,Afterpay,COUPON0--Z,6.54,AUD
228695,2024-03-05T20:01:15,2024-03-05,567,50,Online,Afterpay,COUPONZZ0Z,13.48,AUD
228709,2024-03-05T14:14:51,2024-03-05,695,16,Retail,Afterpay,COUPONA-9A,3.98,AUD
228968,2024-03-05T12:11:07,2024-03-05,473,50,Retail,Credit Card,COUPONZZAZ,3.19,AUD
229028,2024-03-05T04:06:17,2024-03-05,423,17,Retail,PayPal,COUPON9ZAZ,14.01,AUD
229031,2024-03-05T07:32:24,2024-03-05,163,38,Retail,PayPal,COUPONZ--Z,5.03,AUD
229073,2024-03-05T04:36:43,2024-03-05,585,26,Online,PayPal,COUPON09-Z,14.02,AUD
229125,2024-03-05T23:52:50,2024-03-05,467,47,Online,Afterpay,COUPON-9Z9,2.71,AUD
229203,2024-03-05T19:50:14,2024-03-05,244,46,Retail,Credit Card,COUPON00A-,5.19,AUD
229252,2024-03-05T03:18:51,2024-03-05,271,29,Online,Afterpay,COUPON0AAZ,1.48,AUD
229339,2024-03-05T02:26:21,2024-03-05,680,32,Online,Afterpay,COUPONZ-A-,2.62,AUD
229448,2024-03-05T14:02:41,2024-03-05,311,46,Retail,PayPal,COUPONZ99Z,0.53,AUD
229468,2024-03-05T08:26:43,2024-03-05,111,4,Online,Credit Card,COUPONAA-Z,8.64,AUD
229534,2024-03-05T17:09:26,2024-03-05,149,4,Retail,Afterpay,COUPON0-9-,16.22,AUD
229602,2024-03-05T19:06:13,2024-03-05,51,4,Online,Credit Card,COUPON99-0,12.46,AUD
229707,2024-03-05T04:14:42,2024-03-05,556,12,Retail,Afterpay,COUPON-0-Z,15.71,AUD
229807,2024-03-05T15:03:57,2024-03-05,188,46,Retail,Afterpay,COUPON0AA-,9.76,AUD
229948,2024-03-05T10:37:28,2024-03-05,722,36,Retail,PayPal,COUPON90-0,19.85,AUD
229977,2024-03-05T17:25:49,2024-03-05,255,26,Online,Credit Card,COUPONA--Z,4.54,AUD
230032,2024-03-05T00:26:03,2024-03-05,286,8,Online,Afterpay,COUPONA-0-,0.23,AUD
230288,2024-03-05T07:06:56,2024-03-05,762,46,Online,Credit Card,COUPONAA-A,2.95,AUD
230296,2024-03-05T09:22:20,2024-03-05,52,6,Online,Afterpay,COUPON00ZZ,3.63,AUD
230422,2024-03-05T21:13:43,2024-03-05,525,35,Retail,Credit Card,COUPONZ0A-,3.11,AUD
230459,2024-03-05T03:00:09,2024-03-05,17,14,Online,Credit Card,COUPON0A9-,14.48,AUD
230482,2024-03-05T13:18:53,2024-03-05,25,38,Online,Credit Card,COUPONZ-0-,19.0,AUD
230486,2024-03-05T01:14:50,2024-03-05,344,4,Retail,Credit Card,COUPON9AZA,11.71,AUD
230506,2024-03-05T01:16:40,2024-03-05,309,17,Online,Credit Card,COUPONAZZA,18.34,AUD
230569,2024-03-05T07:50:07,2024-03-05,221,40,Online,Credit Card,COUPONAZZA,10.35,AUD
230609,2024-03-05T05:14:44,2024-03-05,286,47,Retail,Credit Card,COUPONZ9-0,11.77,AUD
230636,2024-03-05T04:07:30,2024-03-05,26,47,Online,Credit Card,COUPONA-9-,1.53,AUD
230748,2024-03-05T13:17:11,2024-03-05,324,25,Retail,Afterpay,COUPON9Z-A,3.21,AUD
230783,2024-03-05T10:06:01,2024-03-05,661,10,Online,Afterpay,COUPONZ-AA,10.8,AUD
230831,2024-03-05T16:17:52,2024-03-05,774,3,Online,Afterpay,COUPON-0Z0,10.96,AUD
230869,2024-03-05T15:05:09,2024-03-05,142,34,Retail,Credit Card,COUPON-0A-,14.7,AUD
231212,2024-03-05T14:08:31,2024-03-05,316,4,Online,PayPal,COUPON-AZ0,11.64,AUD
231253,2024-03-05T20:01:44,2024-03-05,258,24,Online,Afterpay,COUPONZ-9-,6.13,AUD
231347,2024-03-05T07:31:21,2024-03-05,608,7,Retail,PayPal,COUPON9---,1.08,AUD
231450,2024-03-05T23:29:47,2024-03-05,450,37,Retail,Credit Card,COUPONA-0-,11.65,AUD
231535,2024-03-05T10:59:39,2024-03-05,243,2,Retail,Credit Card,COUPONAAZ9,16.16,AUD
231562,2024-03-05T17:11:07,2024-03-05,548,36,Online,PayPal,COUPON-9--,15.21,AUD
231616,2024-03-05T09:37:23,2024-03-05,136,41,Retail,PayPal,COUPON9A--,9.84,AUD
231663,2024-03-05T21:01:38,2024-03-05,412,28,Online,Afterpay,COUPONZ00-,6.48,AUD
231760,2024-03-05T20:44:24,2024-03-05,658,33,Online,PayPal,COUPONAAA0,3.68,AUD
231779,2024-03-05T02:27:20,2024-03-05,213,3,Online,Credit Card,COUPONZZA-,4.25,AUD
231958,2024-03-05T07:59:29,2024-03-05,29,20,Online,PayPal,COUPON-A-0,18.39,AUD
231961,2024-03-05T13:02:49,2024-03-05,774,40,Retail,PayPal,COUPON9-ZZ,16.16,AUD
232181,2024-03-05T05:37:03,2024-03-05,246,13,Online,Credit Card,COUPONZ990,1.31,AUD
232223,2024-03-05T05:01:54,2024-03-05,100,13,Retail,Afterpay,COUPON9Z-9,13.64,AUD
232358,2024-03-05T22:42:16,2024-03-05,577,8,Online,Credit Card,COUPON009A,18.94,AUD
232994,2024-03-05T02:05:55,2024-03-05,133,22,Retail,PayPal,COUPONAAA0,14.17,AUD
233037,2024-03-05T18:38:46,2024-03-05,403,48,Online,PayPal,COUPON-A-0,17.83,AUD
233099,2024-03-05T10:22:33,2024-03-05,382,8,Online,Credit Card,COUPON9-A-,16.24,AUD
233151,2024-03-05T15:43:36,2024-03-05,52,37,Online,Afterpay,COUPON909-,2.85,AUD
233191,2024-03-05T05:56:03,2024-03-05,44,34,Retail,Afterpay,COUPON-Z0-,16.53,AUD
233227,2024-03-05T09:14:59,2024-03-05,529,3,Online,Credit Card,COUPON9-ZZ,11.68,AUD
233228,2024-03-05T21:43:56,2024-03-05,790,35,Retail,Credit Card,COUPON9-9-,10.88,AUD
233251,2024-03-05T09:58:19,2024-03-05,125,37,Retail,Afterpay,COUPONZ--9,18.73,AUD
233342,2024-03-05T04:54:19,2024-03-05,484,27,Online,Afterpay,COUPONA-AA,7.57,AUD
233409,2024-03-05T07:17:39,2024-03-05,725,30,Retail,PayPal,COUPON90--,16.71,AUD
233413,2024-03-05T01:14:59,2024-03-05,432,19,Retail,PayPal,COUPON00A0,8.82,AUD
233455,2024-03-05T23:59:21,2024-03-05,238,45,Online,Afterpay,COUPON-9-0,4.03,AUD
233470,2024-03-05T18:08:28,2024-03-05,69,22,Retail,Afterpay,COUPON0-A0,3.32,AUD
233515,2024-03-05T23:15:08,2024-03-05,232,1,Retail,Credit Card,COUPON--0A,11.56,AUD
233726,2024-03-05T01:28:34,2024-03-05,184,47,Retail,Credit Card,COUPONA--Z,5.42,AUD
233780,2024-03-05T08:59:16,2024-03-05,465,28,Online,Credit Card,COUPON0-9-,4.78,AUD
233786,2024-03-05T17:51:26,2024-03-05,448,39,Retail,Afterpay,COUPONZA99,10.8,AUD
234071,2024-03-05T21:03:21,2024-03-05,168,6,Online,Afterpay,COUPONA90Z,15.63,AUD
234139,2024-03-05T16:28:46,2024-03-05,83,20,Online,Afterpay,COUPON-AAA,12.54,AUD
234141,2024-03-05T15:54:57,2024-03-05,618,43,Online,PayPal,COUPON0--0,14.05,AUD
234276,2024-03-05T08:16:45,2024-03-05,571,38,Retail,Afterpay,COUPONZ--9,2.58,AUD
234330,2024-03-05T18:04:29,2024-03-05,758,48,Retail,Credit Card,COUPONZ0-0,16.51,AUD
234357,2024-03-05T03:24:54,2024-03-05,336,46,Retail,PayPal,COUPON0A--,8.5,AUD
234845,2024-03-05T11:00:31,2024-03-05,375,29,Online,Credit Card,COUPONZ090,7.61,AUD
234927,2024-03-05T00:29:47,2024-03-05,790,29,Online,Credit Card,COUPON--ZZ,1.75,AUD
234930,2024-03-05T04:47:55,2024-03-05,720,16,Retail,PayPal,COUPONZ0ZA,8.57,AUD
234997,2024-03-05T00:04:31,2024-03-05,30,9,Retail,Afterpay,COUPONZ--9,4.28,AUD
235035,2024-03-05T00:28:36,2024-03-05,503,27,Online,PayPal,COUPON-Z09,12.12,AUD
235110,2024-03-05T17:04:55,2024-03-05,292,2,Retail,Afterpay,COUPON-A9A,19.7,AUD
235180,2024-03-05T03:42:38,2024-03-05,629,43,Online,PayPal,COUPONA-9-,1.24,AUD
235274,2024-03-05T14:04:40,2024-03-05,528,8,Retail,Credit Card,COUPONZ---,19.01,AUD
235279,2024-03-05T03:21:50,2024-03-05,314,3,Retail,Afterpay,COUPON-Z99,4.99,AUD
235431,2024-03-05T22:11:42,2024-03-05,232,5,Retail,PayPal,COUPON-Z-Z,8.54,AUD
235442,2024-03-05T03:46:13,2024-03-05,591,26,Retail,Credit Card,COUPON0Z0-,12.21,AUD
235477,2024-03-05T16:55:29,2024-03-05,793,44,Online,PayPal,COUPON90-9,1.13,AUD
235608,2024-03-05T21:12:32,2024-03-05,429,3,Online,PayPal,COUPON9AZZ,18.33,AUD
235621,2024-03-05T03:06:13,2024-03-05,464,2,Online,Afterpay,COUPON9Z9-,8.4,AUD
235747,2024-03-05T08:34:41,2024-03-05,435,9,Online,Afterpay,COUPON--AA,17.76,AUD
235751,2024-03-05T16:49:15,2024-03-05,79,35,Retail,Afterpay,COUPON--0-,0.03,AUD
235933,2024-03-05T04:00:24,2024-03-05,467,49,Online,Credit Card,COUPON9Z--,9.04,AUD
236080,2024-03-05T01:32:35,2024-03-05,430,16,Online,Afterpay,COUPON-0-Z,11.68,AUD
236337,2024-03-05T02:17:33,2024-03-05,784,39,Online,PayPal,COUPONZA--,10.56,AUD
236531,2024-03-05T00:26:36,2024-03-05,746,37,Retail,Credit Card,COUPON900Z,15.04,AUD
236540,2024-03-05T10:00:56,2024-03-05,229,12,Online,Afterpay,COUPON-909,9.12,AUD
236546,2024-03-05T06:34:50,2024-03-05,518,28,Online,Credit Card,COUPON00-9,3.76,AUD
236805,2024-03-05T00:29:03,2024-03-05,526,29,Online,Afterpay,COUPON--9Z,3.84,AUD
236929,2024-03-05T03:26:45,2024-03-05,597,42,Retail,Credit Card,COUPONAZ-A,18.69,AUD
237105,2024-03-05T01:53:57,2024-03-05,707,9,Retail,Afterpay,COUPONA090,2.65,AUD
237131,2024-03-05T04:34:11,2024-03-05,533,33,Retail,Credit Card,COUPON99--,4.8,AUD
237398,2024-03-05T04:45:39,2024-03-05,527,27,Online,Credit Card,COUPONA9-A,1.46,AUD
237401,2024-03-05T00:32:58,2024-03-05,608,43,Online,Afterpay,COUPON0Z-0,17.68,AUD
237459,2024-03-05T21:23:54,2024-03-05,470,7,Online,Credit Card,COUPON--9-,18.3,AUD
237614,2024-03-05T08:04:43,2024-03-05,32,2,Retail,Afterpay,COUPON-9-Z,19.39,AUD
237749,2024-03-05T07:36:22,2024-03-05,476,28,Online,Credit Card,COUPON-0--,2.5,AUD
237772,2024-03-05T00:48:02,2024-03-05,221,31,Retail,Credit Card,COUPONZ0-9,3.78,AUD
237825,2024-03-05T23:54:50,2024-03-05,770,7,Retail,Credit Card,COUPON0-90,0.41,AUD
237987,2024-03-05T15:41:00,2024-03-05,127,49,Online,Credit Card,COUPON-009,17.42,AUD
237988,2024-03-05T02:16:17,2024-03-05,249,20,Retail,Afterpay,COUPON9---,5.84,AUD
238008,2024-03-05T06:02:04,2024-03-05,207,44,Retail,Credit Card,COUPON09--,10.91,AUD
238094,2024-03-05T16:57:55,2024-03-05,324,13,Retail,Credit Card,COUPONA9--,1.37,AUD
238095,2024-03-05T05:05:28,2024-03-05,281,19,Retail,Afterpay,COUPON-Z0-,5.51,AUD
238242,2024-03-05T09:53:59,2024-03-05,710,49,Retail,PayPal,COUPON-9--,0.69,AUD
238395,2024-03-05T14:54:20,2024-03-05,389,13,Online,PayPal,COUPON---0,4.33,AUD
238519,2024-03-05T09:29:11,2024-03-05,217,41,Retail,Afterpay,COUPON9--0,4.23,AUD
238560,2024-03-05T23:45:13,2024-03-05,367,31,Retail,Afterpay,COUPON00AZ,14.02,AUD
238638,2024-03-05T22:03:40,2024-03-05,408,33,Retail,Afterpay,COUPON9A--,6.12,AUD
239022,2024-03-05T09:37:27,2024-03-05,296,1,Retail,PayPal,COUPON9-99,12.09,AUD
239098,2024-03-05T20:42:49,2024-03-05,24,14,Retail,Credit Card,COUPON--A-,8.06,AUD
239500,2024-03-05T19:49:58,2024-03-05,240,43,Online,PayPal,COUPON-0-0,14.68,AUD
239522,2024-03-05T22:15:02,2024-03-05,237,31,Online,Afterpay,COUPONZZZ0,11.57,AUD
239526,2024-03-05T15:32:58,2024-03-05,314,20,Online,PayPal,COUPON99-Z,9.26,AUD
239739,2024-03-05T18:35:38,2024-03-05,267,20,Retail,PayPal,COUPONZ--Z,15.64,AUD
239742,2024-03-05T17:46:05,2024-03-05,469,23,Retail,Credit Card,COUPONZ-99,2.74,AUD
239873,2024-03-05T01:58:16,2024-03-05,194,18,Retail,Credit Card,COUPON0-0-,5.11,AUD
240037,2024-03-05T03:21:16,2024-03-05,480,39,Retail,PayPal,COUPON0-A9,9.1,AUD
240069,2024-03-05T19:28:53,2024-03-05,91,17,Online,Credit Card,COUPON0A-A,1.71,AUD
240071,2024-03-05T20:21:43,2024-03-05,423,8,Retail,Credit Card,COUPON0--0,6.57,AUD
240133,2024-03-05T12:00:41,2024-03-05,568,37,Online,Credit Card,COUPONZZZA,9.15,AUD
240153,2024-03-05T17:41:34,2024-03-05,206,47,Retail,PayPal,COUPONZ-ZA,3.13,AUD
240300,2024-03-05T22:15:25,2024-03-05,152,14,Retail,Credit Card,COUPON-990,1.91,AUD
240746,2024-03-05T22:23:56,2024-03-05,671,20,Retail,Credit Card,COUPON9-AZ,4.61,AUD
240917,2024-03-05T18:24:34,2024-03-05,510,44,Online,Credit Card,COUPON-000,3.84,AUD
240960,2024-03-05T06:45:08,2024-03-05,47,42,Online,Afterpay,COUPON-AZA,9.06,AUD
241205,2024-03-05T03:01:03,2024-03-05,495,49,Retail,Afterpay,COUPONZ0AZ,1.4,AUD
241240,2024-03-05T01:16:35,2024-03-05,36,7,Online,Credit Card,COUPONZ--A,5.76,AUD
241309,2024-03-05T04:21:15,2024-03-05,167,32,Online,Credit Card,COUPON0-A-,13.71,AUD
241432,2024-03-05T17:14:35,2024-03-05,400,10,Online,PayPal,COUPON-0A9,3.77,AUD
241699,2024-03-05T04:22:30,2024-03-05,410,35,Retail,Afterpay,COUPON-9Z-,15.2,AUD
241722,2024-03-05T22:59:24,2024-03-05,502,14,Retail,Credit Card,COUPON00-A,0.37,AUD
241777,2024-03-05T05:47:20,2024-03-05,63,31,Online,PayPal,COUPON9Z09,8.26,AUD
241842,2024-03-05T03:30:28,2024-03-05,436,2,Retail,Credit Card,COUPON000-,5.74,AUD
241874,2024-03-05T01:45:59,2024-03-05,500,6,Retail,PayPal,COUPON-0-A,2.91,AUD
241915,2024-03-05T14:59:40,2024-03-05,12,38,Online,Afterpay,COUPONZ0Z-,5.27,AUD
241947,2024-03-05T03:25:41,2024-03-05,280,3,Retail,Credit Card,COUPON0990,4.54,AUD
242140,2024-03-05T20:23:16,2024-03-05,110,2,Retail,Afterpay,COUPON99-9,4.74,AUD
242271,2024-03-05T07:32:18,2024-03-05,53,31,Online,Credit Card,COUPON0-A0,10.95,AUD
242311,2024-03-05T18:04:32,2024-03-05,518,10,Online,Credit Card,COUPONAZ90,0.22,AUD
242518,2024-03-05T07:29:49,2024-03-05,14,42,Online,Afterpay,COUPON9-ZZ,8.51,AUD
242538,2024-03-05T04:00:39,2024-03-05,247,8,Retail,Credit Card,COUPON----,7.14,AUD
242673,2024-03-05T04:42:12,2024-03-05,73,8,Online,PayPal,COUPON---9,12.74,AUD
242722,2024-03-05T11:51:01,2024-03-05,401,4,Retail,Afterpay,COUPONA-99,6.41,AUD
242901,2024-03-05T12:46:39,2024-03-05,600,26,Retail,PayPal,COUPONA-0Z,8.19,AUD
242911,2024-03-05T14:03:55,2024-03-05,123,49,Online,PayPal,COUPONAA0A,16.68,AUD
242925,2024-03-05T06:50:40,2024-03-05,154,3,Retail,Credit Card,COUPON-00-,13.44,AUD
243008,2024-03-05T08:49:49,2024-03-05,165,36,Online,PayPal,COUPON909-,19.23,AUD
243116,2024-03-05T10:33:28,2024-03-05,558,34,Online,Credit Card,COUPON0Z-Z,17.45,AUD
243132,2024-03-05T05:44:09,2024-03-05,596,43,Online,Credit Card,COUPON--09,16.36,AUD
243166,2024-03-05T18:29:12,2024-03-05,238,24,Online,PayPal,COUPON-0-Z,10.68,AUD
243187,2024-03-05T04:13:28,2024-03-05,777,26,Retail,Afterpay,COUPONAAA-,16.84,AUD
243288,2024-03-05T19:44:54,2024-03-05,551,38,Online,Afterpay,COUPONA9A0,12.31,AUD
243296,2024-03-05T11:30:24,2024-03-05,736,17,Online,Afterpay,COUPON0--9,7.22,AUD
243378,2024-03-05T06:35:49,2024-03-05,686,15,Online,Afterpay,COUPON-990,3.41,AUD
243399,2024-03-05T03:03:44,2024-03-05,384,11,Retail,PayPal,COUPON-AA-,13.12,AUD
243493,2024-03-05T06:20:22,2024-03-05,556,8,Online,Afterpay,COUPON----,17.87,AUD
243639,2024-03-05T01:57:51,2024-03-05,562,34,Online,Credit Card,COUPON0A00,12.94,AUD
243899,2024-03-05T09:22:47,2024-03-05,199,8,Online,PayPal,COUPON9A0A,8.69,AUD
243918,2024-03-05T22:05:28,2024-03-05,357,50,Retail,Afterpay,COUPON-0-9,6.91,AUD
243972,2024-03-05T19:44:13,2024-03-05,191,24,Online,PayPal,COUPON9ZZZ,2.7,AUD
243978,2024-03-05T16:07:59,2024-03-05,393,26,Retail,Credit Card,COUPONZAA-,10.37,AUD
243989,2024-03-05T15:24:36,2024-03-05,113,37,Retail,Credit Card,COUPONZ0A0,0.42,AUD
244156,2024-03-05T12:03:55,2024-03-05,540,33,Retail,Afterpay,COUPON0A-Z,0.76,AUD
244260,2024-03-05T14:30:28,2024-03-05,654,15,Retail,PayPal,COUPON---Z,19.52,AUD
244313,2024-03-05T14:16:12,2024-03-05,656,33,Retail,Afterpay,COUPON90A-,9.1,AUD
244359,2024-03-05T17:49:03,2024-03-05,280,22,Online,Afterpay,COUPON---A,18.28,AUD
244381,2024-03-05T01:21:28,2024-03-05,224,27,Online,Credit Card,COUPON-ZA-,5.16,AUD
244389,2024-03-05T12:30:57,2024-03-05,673,14,Online,PayPal,COUPONA0A-,19.34,AUD
244549,2024-03-05T09:09:28,2024-03-05,256,41,Online,Credit Card,COUPON-0Z-,17.9,AUD
244586,2024-03-05T18:31:46,2024-03-05,98,26,Online,PayPal,COUPONZ-A9,6.5,AUD
244620,2024-03-05T04:26:54,2024-03-05,326,23,Retail,PayPal,COUPON0---,11.54,AUD
244725,2024-03-05T10:59:23,2024-03-05,798,47,Retail,Credit Card,COUPON-9A9,7.22,AUD
244747,2024-03-05T07:46:56,2024-03-05,38,28,Retail,Afterpay,COUPON0-99,16.11,AUD
244748,2024-03-05T12:40:05,2024-03-05,122,41,Retail,PayPal,COUPON99--,6.18,AUD
244803,2024-03-05T23:43:06,2024-03-05,242,23,Online,PayPal,COUPON9A--,0.31,AUD
244982,2024-03-05T06:26:04,2024-03-05,679,34,Online,PayPal,COUPON-Z00,16.23,AUD
245022,2024-03-05T19:04:00,2024-03-05,101,42,Retail,Afterpay,COUPON999-,8.48,AUD
245104,2024-03-05T06:54:00,2024-03-05,208,7,Online,Credit Card,COUPONAA00,15.87,AUD
245345,2024-03-05T14:04:07,2024-03-05,484,17,Retail,Afterpay,COUPONA-Z-,16.8,AUD
245401,2024-03-05T16:08:17,2024-03-05,274,34,Online,Afterpay,COUPONZ---,0.25,AUD
245407,2024-03-05T23:05:30,2024-03-05,97,8,Retail,Afterpay,COUPON-A-Z,0.97,AUD
245427,2024-03-05T21:03:06,2024-03-05,738,19,Retail,Credit Card,COUPON-ZA0,1.41,AUD
245646,2024-03-05T05:31:34,2024-03-05,34,46,Online,PayPal,COUPON9Z--,1.04,AUD
245908,2024-03-05T19:39:51,2024-03-05,175,44,Retail,Afterpay,COUPON-00-,16.96,AUD
245911,2024-03-05T12:39:59,2024-03-05,471,19,Retail,Afterpay,COUPON---9,4.3,AUD
245942,2024-03-05T17:33:07,2024-03-05,454,28,Online,Credit Card,COUPON9AZ0,13.2,AUD
246192,2024-03-05T22:33:37,2024-03-05,594,2,Online,PayPal,COUPON0Z-A,2.73,AUD
246297,2024-03-05T11:34:00,2024-03-05,267,37,Online,Afterpay,COUPONZ0Z-,13.18,AUD
246349,2024-03-05T22:58:47,2024-03-05,177,31,Retail,Credit Card,COUPON0--0,8.87,AUD
246547,2024-03-05T08:21:47,2024-03-05,254,50,Online,PayPal,COUPON99-A,7.87,AUD
246550,2024-03-05T08:11:59,2024-03-05,64,36,Online,Credit Card,COUPON0---,18.48,AUD
246639,2024-03-05T11:32:45,2024-03-05,461,2,Online,Credit Card,COUPONA-9Z,15.8,AUD
246785,2024-03-05T08:38:19,2024-03-05,358,24,Retail,PayPal,COUPON-0Z9,9.02,AUD
246801,2024-03-05T02:31:15,2024-03-05,135,10,Retail,Credit Card,COUPON9--9,14.7,AUD
246828,2024-03-05T03:52:39,2024-03-05,523,41,Online,Afterpay,COUPON-9AZ,8.04,AUD
246861,2024-03-05T06:09:54,2024-03-05,676,12,Retail,Afterpay,COUPON09ZA,18.44,AUD
247001,2024-03-05T20:42:57,2024-03-05,438,6,Online,Credit Card,COUPONZ-ZA,11.87,AUD
247024,2024-03-05T21:07:12,2024-03-05,24,5,Online,Credit Card,COUPON-ZZ9,12.67,AUD
247039,2024-03-05T00:33:47,2024-03-05,766,49,Online,Afterpay,COUPON9---,14.51,AUD
247122,2024-03-05T02:14:12,2024-03-05,199,49,Retail,Credit Card,COUPONZAAZ,4.48,AUD
247123,2024-03-05T08:10:28,2024-03-05,456,32,Retail,Credit Card,COUPON-A0-,4.77,AUD
247281,2024-03-05T00:20:40,2024-03-05,256,22,Online,Afterpay,COUPON-000,11.45,AUD
247402,2024-03-05T09:11:34,2024-03-05,23,10,Retail,Afterpay,COUPONZ9-9,0.31,AUD
247455,2024-03-05T16:55:29,2024-03-05,516,20,Retail,Afterpay,COUPON-00Z,9.47,AUD
247508,2024-03-05T00:02:47,2024-03-05,685,36,Retail,Afterpay,COUPON-ZZ-,19.08,AUD
247523,2024-03-05T14:23:34,2024-03-05,573,10,Online,PayPal,COUPONA9-Z,10.64,AUD
247740,2024-03-05T01:11:04,2024-03-05,389,50,Online,PayPal,COUPON-0Z0,16.14,AUD
247787,2024-03-05T03:22:48,2024-03-05,525,25,Online,PayPal,COUPON9ZA0,10.23,AUD
247834,2024-03-05T03:24:02,2024-03-05,201,8,Online,Afterpay,COUPONZA0Z,0.01,AUD
247847,2024-03-05T17:07:51,2024-03-05,75,32,Retail,Afterpay,COUPONA9Z-,9.17,AUD
247854,2024-03-05T15:55:45,2024-03-05,583,24,Online,Credit Card,COUPONA9AA,5.68,AUD
247865,2024-03-05T10:41:48,2024-03-05,421,42,Retail,Credit Card,COUPON09-0,16.37,AUD
247892,2024-03-05T02:35:59,2024-03-05,311,16,Online,Credit Card,COUPONZAAZ,10.92,AUD
248028,2024-03-05T02:59:45,2024-03-05,722,18,Retail,PayPal,COUPON-A0-,3.79,AUD
248132,2024-03-05T18:00:13,2024-03-05,377,6,Online,Afterpay,COUPON0Z-Z,10.07,AUD
248135,2024-03-05T11:58:54,2024-03-05,667,34,Retail,PayPal,COUPON-0AA,6.57,AUD
248159,2024-03-05T23:45:13,2024-03-05,359,49,Online,Afterpay,COUPON-AA9,7.54,AUD
248241,2024-03-05T02:40:51,2024-03-05,249,37,Online,Credit Card,COUPONAAA9,14.33,AUD
248320,2024-03-05T03:59:16,2024-03-05,498,1,Online,PayPal,COUPON99--,11.86,AUD
248503,2024-03-05T00:56:59,2024-03-05,270,25,Online,PayPal,COUPON-009,15.52,AUD
248613,2024-03-05T19:13:52,2024-03-05,293,42,Online,Afterpay,COUPONAZ-Z,16.68,AUD
248633,2024-03-05T22:48:44,2024-03-05,176,38,Online,Afterpay,COUPON00A-,4.88,AUD
248646,2024-03-05T05:26:10,2024-03-05,313,39,Retail,Afterpay,COUPON-9-Z,10.78,AUD
248660,2024-03-05T20:06:05,2024-03-05,755,4,Retail,Credit Card,COUPON0---,2.71,AUD
248755,2024-03-05T20:52:07,2024-03-05,74,23,Retail,PayPal,COUPON-Z--,4.39,AUD
248943,2024-03-05T22:30:27,2024-03-05,428,36,Online,Afterpay,COUPON-AA9,9.88,AUD
249011,2024-03-05T11:22:41,2024-03-05,44,1,Online,PayPal,COUPON9AA9,11.05,AUD
249094,2024-03-05T18:10:25,2024-03-05,694,7,Online,PayPal,COUPONA-A-,11.11,AUD
249193,2024-03-05T05:28:09,2024-03-05,441,13,Online,PayPal,COUPON9Z0A,4.85,AUD
249334,2024-03-05T06:48:22,2024-03-05,138,44,Retail,PayPal,COUPONZ-09,18.37,AUD
249588,2024-03-05T14:41:53,2024-03-05,628,42,Retail,PayPal,COUPON09-A,18.45,AUD
249859,2024-03-05T22:47:04,2024-03-05,795,41,Retail,Credit Card,COUPON---0,13.34,AUD
249884,2024-03-05T10:14:36,2024-03-05,386,33,Online,PayPal,COUPON-Z0A,19.64,AUD
249967,2024-03-05T17:29:18,2024-03-05,765,24,Retail,Credit Card,COUPONZ9A-,15.89,AUD
250035,2024-03-05T04:30:34,2024-03-05,229,22,Online,Credit Card,COUPON0-9A,11.12,AUD
250080,2024-03-05T00:09:26,2024-03-05,63,42,Online,PayPal,COUPON0--Z,10.02,AUD
250084,2024-03-05T13:12:44,2024-03-05,338,3,Online,Credit Card,COUPON9-0A,1.18,AUD
250093,2024-03-05T19:32:35,2024-03-05,347,21,Online,PayPal,COUPON---9,18.79,AUD
250126,2024-03-05T08:41:34,2024-03-05,363,30,Retail,Credit Card,COUPON9Z9A,1.7,AUD
250257,2024-03-05T10:38:53,2024-03-05,297,15,Online,PayPal,COUPON9--9,10.93,AUD
250373,2024-03-05T17:00:16,2024-03-05,235,29,Online,Afterpay,COUPON-A0A,9.53,AUD
250432,2024-03-05T01:49:04,2024-03-05,498,41,Online,Credit Card,COUPONAZ09,2.23,AUD
250441,2024-03-05T01:49:56,2024-03-05,441,32,Retail,Credit Card,COUPON-AA-,6.63,AUD
250584,2024-03-05T14:50:04,2024-03-05,67,37,Online,PayPal,COUPONA--0,1.45,AUD
250717,2024-03-05T06:35:53,2024-03-05,165,1,Retail,Afterpay,COUPON9Z09,7.74,AUD
250912,2024-03-05T21:15:18,2024-03-05,662,8,Retail,Afterpay,COUPON--AA,16.32,AUD
250982,2024-03-05T07:29:33,2024-03-05,382,47,Retail,Afterpay,COUPONZZ9-,10.8,AUD
251052,2024-03-05T04:45:25,2024-03-05,711,35,Retail,Afterpay,COUPON-090,6.19,AUD
251167,2024-03-05T07:05:11,2024-03-05,532,4,Retail,Afterpay,COUPONA--9,17.24,AUD
251197,2024-03-05T02:06:23,2024-03-05,169,14,Online,Credit Card,COUPON-9A-,14.68,AUD
251418,2024-03-05T10:21:31,2024-03-05,596,50,Retail,Credit Card,COUPON--0-,11.21,AUD
251501,2024-03-05T08:02:38,2024-03-05,34,12,Retail,Afterpay,COUPON0Z-Z,3.42,AUD
251588,2024-03-05T21:00:56,2024-03-05,300,15,Retail,Credit Card,COUPON0ZZ-,16.2,AUD
251671,2024-03-05T14:08:11,2024-03-05,20,21,Online,Afterpay,COUPON-ZZ9,8.78,AUD
251815,2024-03-05T12:05:15,2024-03-05,405,37,Retail,Afterpay,COUPONAAA0,7.43,AUD
251828,2024-03-05T18:56:17,2024-03-05,626,37,Retail,Credit Card,COUPON9ZA-,16.14,AUD
251886,2024-03-05T04:35:35,2024-03-05,70,24,Retail,PayPal,COUPONAZ-9,8.46,AUD
251892,2024-03-05T02:43:35,2024-03-05,448,25,Online,Afterpay,COUPON-AA9,6.4,AUD
251908,2024-03-05T17:38:18,2024-03-05,736,47,Retail,PayPal,COUPONA-9A,18.65,AUD
252008,2024-03-05T16:44:03,2024-03-05,351,43,Retail,Afterpay,COUPON--A9,8.98,AUD
252035,2024-03-05T05:06:21,2024-03-05,56,47,Online,PayPal,COUPONA0-Z,13.03,AUD
252159,2024-03-05T21:52:47,2024-03-05,29,11,Retail,PayPal,COUPON9-00,13.28,AUD
252169,2024-03-05T09:56:01,2024-03-05,679,28,Online,PayPal,COUPONA0ZA,6.42,AUD
252245,2024-03-05T21:30:21,2024-03-05,193,25,Retail,PayPal,COUPONZZA-,14.64,AUD
252328,2024-03-05T16:10:45,2024-03-05,179,45,Retail,PayPal,COUPON9A09,8.65,AUD
252375,2024-03-05T15:09:21,2024-03-05,363,37,Retail,PayPal,COUPON-9-A,7.79,AUD
252780,2024-03-05T18:38:23,2024-03-05,324,18,Retail,Afterpay,COUPON-9A9,19.42,AUD
252820,2024-03-05T20:11:38,2024-03-05,335,28,Online,Credit Card,COUPON----,2.3,AUD
252921,2024-03-05T19:30:04,2024-03-05,206,29,Retail,PayPal,COUPON---A,17.64,AUD
253097,2024-03-05T17:32:25,2024-03-05,560,26,Online,Credit Card,COUPON0Z-Z,16.47,AUD
253215,2024-03-05T15:50:08,2024-03-05,630,10,Online,Afterpay,COUPON-Z9-,15.49,AUD
253216,2024-03-05T08:11:48,2024-03-05,490,1,Retail,PayPal,COUPON0---,5.61,AUD
253311,2024-03-05T02:29:17,2024-03-05,600,14,Online,Afterpay,COUPON-AA-,9.11,AUD
253417,2024-03-05T20:04:55,2024-03-05,762,44,Retail,Afterpay,COUPON9Z90,14.39,AUD
253470,2024-03-05T11:20:36,2024-03-05,416,35,Online,Afterpay,COUPONZ0-Z,2.0,AUD
253667,2024-03-05T02:24:25,2024-03-05,530,43,Online,Credit Card,COUPON0--9,9.08,AUD
253909,2024-03-05T13:43:39,2024-03-05,767,40,Retail,Credit Card,COUPON-99-,8.02,AUD
254006,2024-03-05T12:05:36,2024-03-05,56,13,Online,Credit Card,COUPON0--A,19.24,AUD
254200,2024-03-05T23:41:33,2024-03-05,195,37,Retail,PayPal,COUPONZ-9A,16.66,AUD
254293,2024-03-05T21:20:28,2024-03-05,411,6,Online,Afterpay,COUPON99AZ,1.36,AUD
254463,2024-03-05T03:54:41,2024-03-05,239,38,Online,Afterpay,COUPON0-A9,5.87,AUD
254563,2024-03-05T15:29:31,2024-03-05,119,8,Retail,PayPal,COUPON00--,8.77,AUD
254628,2024-03-05T02:33:30,2024-03-05,575,5,Online,PayPal,COUPON-00-,13.34,AUD
255058,2024-03-05T23:29:28,2024-03-05,263,12,Retail,Credit Card,COUPONZ-90,10.8,AUD
255293,2024-03-05T23:49:13,2024-03-05,67,27,Online,Credit Card,COUPON9A-Z,6.42,AUD
255349,2024-03-05T22:48:00,2024-03-05,600,32,Retail,PayPal,COUPON0Z-Z,8.89,AUD
255354,2024-03-05T04:09:08,2024-03-05,269,25,Online,PayPal,COUPONA-A9,6.39,AUD
255521,2024-03-05T15:45:40,2024-03-05,684,37,Online,PayPal,COUPON-999,1.76,AUD
255564,2024-03-05T02:34:23,2024-03-05,58,48,Retail,PayPal,COUPONZA-Z,11.27,AUD
255595,2024-03-05T16:23:24,2024-03-05,674,20,Retail,PayPal,COUPON-A0Z,19.23,AUD
255633,2024-03-05T06:47:00,2024-03-05,648,14,Online,Afterpay,COUPON-009,14.0,AUD
255709,2024-03-05T02:15:50,2024-03-05,374,8,Online,PayPal,COUPONA0--,11.58,AUD
255941,2024-03-05T16:40:22,2024-03-05,308,36,Online,Afterpay,COUPON9---,8.65,AUD
255987,2024-03-05T21:56:09,2024-03-05,717,28,Retail,Credit Card,COUPONZ90Z,15.74,AUD
256228,2024-03-05T15:24:57,2024-03-05,348,38,Online,PayPal,COUPONA--Z,8.4,AUD
256346,2024-03-05T22:33:10,2024-03-05,436,29,Retail,Afterpay,COUPONA99A,2.42,AUD
256362,2024-03-05T09:29:33,2024-03-05,782,8,Retail,PayPal,COUPON0AZZ,8.79,AUD
256412,2024-03-05T17:50:50,2024-03-05,182,21,Retail,PayPal,COUPONZA-A,2.49,AUD
256439,2024-03-05T22:41:13,2024-03-05,532,42,Online,Afterpay,COUPON9-9-,12.64,AUD
256611,2024-03-05T08:55:56,2024-03-05,710,8,Online,Credit Card,COUPONZ90A,16.37,AUD
256763,2024-03-05T02:19:40,2024-03-05,584,28,Retail,PayPal,COUPONZA90,8.09,AUD
256860,2024-03-05T21:37:49,2024-03-05,20,6,Retail,Afterpay,COUPON-ZZ0,3.52,AUD
256863,2024-03-05T22:53:25,2024-03-05,359,20,Online,Credit Card,COUPON9Z-Z,14.37,AUD
257058,2024-03-05T01:49:22,2024-03-05,706,50,Online,PayPal,COUPON-9Z9,10.15,AUD
257101,2024-03-05T06:52:33,2024-03-05,24,28,Online,PayPal,COUPONZ-99,5.88,AUD
257103,2024-03-05T23:09:11,2024-03-05,580,10,Retail,PayPal,COUPONA9--,7.76,AUD
257121,2024-03-05T06:21:17,2024-03-05,516,30,Retail,Afterpay,COUPONZZ-A,8.69,AUD
257269,2024-03-05T14:29:38,2024-03-05,507,20,Retail,PayPal,COUPON----,11.84,AUD
257298,2024-03-05T21:45:50,2024-03-05,67,17,Online,Afterpay,COUPON-Z--,5.99,AUD
257445,2024-03-05T14:25:41,2024-03-05,689,44,Online,Credit Card,COUPON09-9,17.58,AUD
257818,2024-03-05T12:11:45,2024-03-05,731,15,Retail,Afterpay,COUPON0ZZ-,3.7,AUD
257884,2024-03-05T05:45:14,2024-03-05,533,22,Retail,Afterpay,COUPON--00,10.22,AUD
257913,2024-03-05T17:32:54,2024-03-05,582,11,Online,PayPal,COUPON---Z,5.24,AUD
257915,2024-03-05T13:24:35,2024-03-05,38,33,Online,Afterpay,COUPONA-ZA,18.44,AUD
257966,2024-03-05T09:07:43,2024-03-05,445,31,Retail,PayPal,COUPON-0A9,12.61,AUD
258042,2024-03-05T02:38:42,2024-03-05,29,12,Online,PayPal,COUPON-A9A,10.1,AUD
258092,2024-03-05T00:13:22,2024-03-05,331,17,Retail,PayPal,COUPON0Z0-,6.01,AUD
258124,2024-03-05T22:43:31,2024-03-05,318,48,Online,Afterpay,COUPONA--Z,8.91,AUD
258151,2024-03-05T09:50:19,2024-03-05,468,16,Retail,Credit Card,COUPON9A9Z,8.73,AUD
258293,2024-03-05T06:20:38,2024-03-05,635,49,Retail,PayPal,COUPON090A,0.53,AUD
258557,2024-03-05T12:05:58,2024-03-05,256,12,Retail,Credit Card,COUPON-9-A,0.86,AUD
258672,2024-03-05T23:32:43,2024-03-05,122,23,Online,Afterpay,COUPON0Z09,9.04,AUD
258763,2024-03-05T19:10:56,2024-03-05,494,6,Retail,Afterpay,COUPON09AZ,6.48,AUD
258770,2024-03-05T13:41:48,2024-03-05,264,13,Retail,Afterpay,COUPONZ0ZA,9.62,AUD
258775,2024-03-05T01:26:09,2024-03-05,395,3,Retail,Afterpay,COUPON-Z99,5.78,AUD
258780,2024-03-05T21:57:02,2024-03-05,385,2,Online,Credit Card,COUPONA0-A,14.01,AUD
258851,2024-03-05T03:00:59,2024-03-05,212,39,Online,PayPal,COUPON-ZAZ,19.4,AUD
259059,2024-03-05T22:13:52,2024-03-05,576,7,Retail,Credit Card,COUPONZ09-,18.01,AUD
259144,2024-03-05T06:29:47,2024-03-05,199,31,Online,Credit Card,COUPON-Z-9,3.12,AUD
259380,2024-03-05T22:42:35,2024-03-05,367,44,Online,PayPal,COUPON9-Z-,6.26,AUD
259555,2024-03-05T07:22:05,2024-03-05,148,29,Online,PayPal,COUPONZ000,6.62,AUD
259564,2024-03-05T17:06:08,2024-03-05,611,50,Retail,Credit Card,COUPON-Z-9,12.67,AUD
259656,2024-03-05T06:22:31,2024-03-05,638,41,Online,Afterpay,COUPON--ZZ,15.8,AUD
259671,2024-03-05T06:52:53,2024-03-05,491,16,Online,PayPal,COUPON9A--,6.35,AUD
259709,2024-03-05T12:07:46,2024-03-05,562,32,Online,Afterpay,COUPON-Z-9,12.54,AUD
259763,2024-03-05T21:08:19,2024-03-05,49,19,Online,Afterpay,COUPONAAA9,12.5,AUD
259982,2024-03-05T02:20:49,2024-03-05,480,33,Retail,Credit Card,COUPONZA0-,7.81,AUD
259989,2024-03-05T22:20:59,2024-03-05,244,50,Retail,Afterpay,COUPON00-9,11.58,AUD
260233,2024-03-05T01:35:29,2024-03-05,530,50,Retail,Afterpay,COUPON0909,4.36,AUD
260268,2024-03-05T22:39:00,2024-03-05,415,33,Online,PayPal,COUPON-A--,14.68,AUD
260271,2024-03-05T22:13:55,2024-03-05,539,22,Online,Afterpay,COUPONZ---,15.75,AUD
260310,2024-03-05T15:28:07,2024-03-05,102,28,Retail,PayPal,COUPON0-9A,8.34,AUD
260342,2024-03-05T15:33:04,2024-03-05,268,23,Online,Credit Card,COUPON0Z--,3.96,AUD
260436,2024-03-05T13:22:18,2024-03-05,713,23,Retail,Afterpay,COUPON-AAA,16.47,AUD
260491,2024-03-05T11:30:28,2024-03-05,26,22,Online,PayPal,COUPON-0A-,0.13,AUD
260514,2024-03-05T19:21:10,2024-03-05,112,26,Online,Afterpay,COUPON-00-,14.67,AUD
260573,2024-03-05T06:50:32,2024-03-05,22,10,Retail,Afterpay,COUPON-AZ0,1.71,AUD
260633,2024-03-05T17:18:22,2024-03-05,418,38,Retail,Credit Card,COUPON0A00,11.88,AUD
260742,2024-03-05T20:54:52,2024-03-05,231,37,Retail,Afterpay,COUPONA-9-,13.01,AUD
260767,2024-03-05T07:20:04,2024-03-05,581,11,Online,Credit Card,COUPONAZZ-,7.34,AUD
260927,2024-03-05T09:53:44,2024-03-05,139,35,Online,Afterpay,COUPONAZ--,3.3,AUD
260964,2024-03-05T09:51:00,2024-03-05,406,34,Retail,Afterpay,COUPON9AZA,14.87,AUD
261116,2024-03-05T06:20:34,2024-03-05,493,38,Online,Credit Card,COUPONA-90,13.35,AUD
261122,2024-03-05T07:05:09,2024-03-05,377,50,Retail,Credit Card,COUPON9A09,3.37,AUD
261261,2024-03-05T08:40:37,2024-03-05,331,2,Online,Credit Card,COUPON-ZA-,5.34,AUD
261263,2024-03-05T08:35:10,2024-03-05,556,10,Online,PayPal,COUPON9Z-9,1.1,AUD
261358,2024-03-05T00:59:13,2024-03-05,437,36,Online,Afterpay,COUPONZZAZ,17.71,AUD
261496,2024-03-05T18:52:47,2024-03-05,631,19,Online,PayPal,COUPONAZ-A,6.83,AUD
261521,2024-03-05T18:45:21,2024-03-05,595,1,Online,Afterpay,COUPON0Z9-,18.64,AUD
261552,2024-03-05T22:55:58,2024-03-05,328,41,Retail,PayPal,COUPONAAA-,9.3,AUD
261587,2024-03-05T06:46:32,2024-03-05,763,27,Online,Afterpay,COUPON-A0-,18.45,AUD
261674,2024-03-05T20:54:41,2024-03-05,283,19,Retail,Credit Card,COUPON0-AA,3.94,AUD
261686,2024-03-05T01:08:55,2024-03-05,713,29,Retail,Credit Card,COUPON-9-Z,12.45,AUD
261847,2024-03-05T18:51:43,2024-03-05,243,30,Online,PayPal,COUPON-9--,1.76,AUD
262046,2024-03-05T04:36:44,2024-03-05,205,9,Online,Credit Card,COUPON--00,6.46,AUD
262161,2024-03-05T22:20:50,2024-03-05,160,41,Retail,PayPal,COUPONA-A-,11.62,AUD
262164,2024-03-05T19:25:43,2024-03-05,640,14,Online,Afterpay,COUPON0-0-,3.42,AUD
262269,2024-03-05T05:43:35,2024-03-05,177,16,Retail,Afterpay,COUPON-ZZ0,15.69,AUD
262274,2024-03-05T00:30:44,2024-03-05,44,29,Online,PayPal,COUPON90--,13.66,AUD
262422,2024-03-05T07:19:33,2024-03-05,522,32,Retail,Credit Card,COUPONA-Z-,1.35,AUD
262457,2024-03-05T14:22:29,2024-03-05,532,50,Retail,Afterpay,COUPON--9A,12.49,AUD
262512,2024-03-05T22:06:49,2024-03-05,536,26,Retail,PayPal,COUPON-00Z,9.57,AUD
262605,2024-03-05T02:17:00,2024-03-05,89,48,Retail,PayPal,COUPONA-A-,11.22,AUD
262606,2024-03-05T02:07:10,2024-03-05,219,2,Online,Credit Card,COUPONA-9-,5.5,AUD
262641,2024-03-05T08:12:14,2024-03-05,66,26,Online,Credit Card,COUPON----,13.9,AUD
262756,2024-03-05T04:05:26,2024-03-05,222,24,Online,PayPal,COUPONA9A0,5.55,AUD
262783,2024-03-05T06:54:43,2024-03-05,81,47,Online,Afterpay,COUPON--AA,15.24,AUD
262809,2024-03-05T08:34:56,2024-03-05,345,5,Retail,Afterpay,COUPON0Z-A,8.0,AUD
262845,2024-03-05T04:33:44,2024-03-05,739,45,Online,PayPal,COUPON---0,6.12,AUD
262894,2024-03-05T22:43:22,2024-03-05,741,12,Retail,Credit Card,COUPON099-,6.99,AUD
262922,2024-03-05T08:25:09,2024-03-05,215,13,Retail,Afterpay,COUPONZ0--,7.96,AUD
263071,2024-03-05T11:05:08,2024-03-05,94,35,Online,Afterpay,COUPONA99Z,11.96,AUD
263128,2024-03-05T15:47:09,2024-03-05,162,36,Online,Afterpay,COUPON---A,17.87,AUD
263188,2024-03-05T03:20:40,2024-03-05,702,49,Retail,Afterpay,COUPON-A90,5.68,AUD
263211,2024-03-05T02:33:45,2024-03-05,764,38,Retail,Credit Card,COUPON-ZAA,18.83,AUD
263226,2024-03-05T09:53:12,2024-03-05,447,6,Retail,Credit Card,COUPON-AA-,4.01,AUD
263258,2024-03-05T08:33:24,2024-03-05,559,31,Retail,Afterpay,COUPON90Z9,4.11,AUD
263353,2024-03-05T07:52:32,2024-03-05,444,23,Retail,Afterpay,COUPONA--9,13.28,AUD
263371,2024-03-05T01:52:05,2024-03-05,664,28,Retail,PayPal,COUPON9AA0,15.27,AUD
263406,2024-03-05T09:16:37,2024-03-05,511,48,Online,Credit Card,COUPON9-AA,10.74,AUD
263421,2024-03-05T05:58:10,2024-03-05,71,31,Online,Afterpay,COUPON9-0Z,18.85,AUD
263440,2024-03-05T14:22:23,2024-03-05,98,1,Retail,Credit Card,COUPON-9--,2.26,AUD
263443,2024-03-05T20:45:04,2024-03-05,226,49,Retail,PayPal,COUPON99A-,18.24,AUD
263495,2024-03-05T18:13:55,2024-03-05,121,34,Online,Credit Card,COUPON-009,15.07,AUD
263510,2024-03-05T18:02:52,2024-03-05,636,7,Retail,PayPal,COUPON--Z0,0.43,AUD
263627,2024-03-05T14:02:24,2024-03-05,743,40,Retail,Credit Card,COUPON----,2.81,AUD
263822,2024-03-05T03:07:09,2024-03-05,184,47,Retail,PayPal,COUPON9-AZ,2.69,AUD
263925,2024-03-05T09:03:20,2024-03-05,321,4,Online,Afterpay,COUPON--0Z,18.12,AUD
264418,2024-03-05T15:18:42,2024-03-05,76,6,Retail,Afterpay,COUPON--9-,6.31,AUD
264444,2024-03-05T18:17:03,2024-03-05,2,50,Retail,Credit Card,COUPONAZZ9,3.97,AUD
264512,2024-03-05T07:29:33,2024-03-05,28,22,Online,Credit Card,COUPONZZA9,0.12,AUD
264539,2024-03-05T09:40:18,2024-03-05,568,19,Online,Credit Card,COUPONA9-Z,18.71,AUD
264642,2024-03-05T14:53:04,2024-03-05,651,16,Online,PayPal,COUPON9-A-,11.47,AUD
264696,2024-03-05T14:52:50,2024-03-05,29,5,Online,PayPal,COUPON9-9A,0.25,AUD
264871,2024-03-05T20:23:48,2024-03-05,516,32,Online,PayPal,COUPON9ZZ-,16.4,AUD
264975,2024-03-05T18:10:02,2024-03-05,503,45,Online,Afterpay,COUPONAAZA,7.66,AUD
264999,2024-03-05T22:11:07,2024-03-05,784,39,Online,Afterpay,COUPON--9-,1.19,AUD
265158,2024-03-05T15:22:20,2024-03-05,69,13,Online,PayPal,COUPONZ--Z,16.34,AUD
265235,2024-03-05T02:55:31,2024-03-05,336,28,Retail,Afterpay,COUPON--90,3.01,AUD
265357,2024-03-05T00:22:04,2024-03-05,668,23,Online,PayPal,COUPONA-Z0,19.64,AUD
265385,2024-03-05T14:55:02,2024-03-05,57,25,Online,Credit Card,COUPONZA-Z,19.63,AUD
265390,2024-03-05T17:29:23,2024-03-05,405,9,Retail,PayPal,COUPON-90A,12.72,AUD
265645,2024-03-05T20:33:36,2024-03-05,551,2,Online,Credit Card,COUPON-0--,1.0,AUD
265752,2024-03-05T18:48:13,2024-03-05,777,43,Online,Credit Card,COUPONAA99,1.33,AUD
265858,2024-03-05T02:32:41,2024-03-05,288,35,Retail,Credit Card,COUPON9---,5.08,AUD
265862,2024-03-05T00:56:38,2024-03-05,589,18,Online,Afterpay,COUPONA-9A,5.64,AUD
266023,2024-03-05T05:35:12,2024-03-05,137,24,Retail,Afterpay,COUPON9ZA-,10.92,AUD
266104,2024-03-05T05:24:52,2024-03-05,589,27,Retail,Credit Card,COUPON900-,1.3,AUD
266344,2024-03-05T21:50:51,2024-03-05,409,37,Retail,Afterpay,COUPON999Z,17.49,AUD
266393,2024-03-05T01:54:22,2024-03-05,577,47,Online,Afterpay,COUPONZZ-0,2.24,AUD
266460,2024-03-05T04:58:06,2024-03-05,604,28,Retail,Credit Card,COUPONZ000,8.11,AUD
266601,2024-03-05T00:46:02,2024-03-05,317,31,Online,Credit Card,COUPONA--9,6.85,AUD
266602,2024-03-05T16:47:57,2024-03-05,730,34,Retail,PayPal,COUPON99--,10.77,AUD
266622,2024-03-05T11:39:23,2024-03-05,104,40,Retail,Credit Card,COUPON0--Z,17.49,AUD
266645,2024-03-05T06:02:57,2024-03-05,588,40,Retail,PayPal,COUPON-00-,2.74,AUD
266761,2024-03-05T12:54:09,2024-03-05,583,11,Retail,Afterpay,COUPONZZ--,10.42,AUD
266775,2024-03-05T11:11:40,2024-03-05,299,50,Online,Afterpay,COUPON0ZZ0,5.75,AUD
266815,2024-03-05T20:20:59,2024-03-05,4,16,Online,Credit Card,COUPON-9--,18.15,AUD
267115,2024-03-05T03:15:02,2024-03-05,26,29,Online,PayPal,COUPON-9A9,8.8,AUD
267269,2024-03-05T15:59:32,2024-03-05,378,3,Retail,PayPal,COUPON09--,8.58,AUD
267438,2024-03-05T05:39:43,2024-03-05,612,48,Retail,Afterpay,COUPON0AAZ,0.01,AUD
267451,2024-03-05T06:47:36,2024-03-05,754,35,Retail,Afterpay,COUPON-9Z0,13.02,AUD
267509,2024-03-05T09:11:13,2024-03-05,131,31,Online,PayPal,COUPON--A0,11.34,AUD
267535,2024-03-05T11:45:04,2024-03-05,408,2,Online,PayPal,COUPONA--9,3.11,AUD
267582,2024-03-05T07:23:41,2024-03-05,220,36,Online,Afterpay,COUPON-A9-,8.93,AUD
267634,2024-03-05T00:32:23,2024-03-05,173,9,Retail,Afterpay,COUPONA9ZA,16.12,AUD
267761,2024-03-05T05:44:47,2024-03-05,362,39,Online,Credit Card,COUPONAA-9,7.54,AUD
267768,2024-03-05T16:28:54,2024-03-05,85,5,Retail,Credit Card,COUPONAA0Z,18.24,AUD
267853,2024-03-05T02:04:10,2024-03-05,223,42,Online,Credit Card,COUPON9-99,3.77,AUD
267939,2024-03-05T02:45:38,2024-03-05,330,20,Online,Credit Card,COUPON-9-0,10.55,AUD
268019,2024-03-05T08:22:59,2024-03-05,719,9,Online,Afterpay,COUPON-0-9,14.64,AUD
268084,2024-03-05T08:41:16,2024-03-05,395,28,Online,Credit Card,COUPON---9,0.16,AUD
268158,2024-03-05T02:18:08,2024-03-05,299,25,Retail,Afterpay,COUPON-ZZA,1.9,AUD
268256,2024-03-05T01:33:46,2024-03-05,180,14,Retail,PayPal,COUPON0-9-,16.07,AUD
268265,2024-03-05T06:42:10,2024-03-05,353,19,Online,PayPal,COUPONZZZA,16.48,AUD
268443,2024-03-05T04:07:51,2024-03-05,647,39,Retail,PayPal,COUPON-9AA,2.12,AUD
268492,2024-03-05T20:48:59,2024-03-05,278,44,Retail,Credit Card,COUPON--0-,3.64,AUD
268549,2024-03-05T05:12:59,2024-03-05,699,35,Retail,PayPal,COUPONAA9-,18.93,AUD
268552,2024-03-05T20:32:23,2024-03-05,725,1,Retail,Credit Card,COUPONZA--,5.22,AUD
268692,2024-03-05T10:25:33,2024-03-05,196,27,Online,PayPal,COUPONAAZ-,10.26,AUD
268852,2024-03-05T00:44:02,2024-03-05,418,4,Retail,Afterpay,COUPON-Z--,8.52,AUD
268952,2024-03-05T01:17:41,2024-03-05,783,46,Retail,Credit Card,COUPON0Z00,5.64,AUD
269039,2024-03-05T23:39:39,2024-03-05,308,41,Retail,Credit Card,COUPONZ0-0,13.91,AUD
269206,2024-03-05T13:58:59,2024-03-05,651,2,Online,PayPal,COUPONZ0--,2.76,AUD
269262,2024-03-05T03:00:03,2024-03-05,647,30,Retail,PayPal,COUPON---9,2.27,AUD
269349,2024-03-05T10:37:25,2024-03-05,320,46,Online,Afterpay,COUPON-A--,5.61,AUD
269376,2024-03-05T02:28:00,2024-03-05,249,1,Online,Afterpay,COUPON--0A,7.84,AUD
269399,2024-03-05T17:47:38,2024-03-05,510,1,Online,Afterpay,COUPONAZ-A,15.79,AUD
269442,2024-03-05T08:26:17,2024-03-05,403,30,Online,PayPal,COUPONZAZ0,3.86,AUD
269563,2024-03-05T04:18:09,2024-03-05,6,11,Online,PayPal,COUPON9--A,13.73,AUD
269591,2024-03-05T12:41:49,2024-03-05,53,48,Online,Afterpay,COUPON9Z9A,19.87,AUD
269642,2024-03-05T16:35:28,2024-03-05,33,33,Retail,Credit Card,COUPON9A-Z,0.12,AUD
269982,2024-03-05T13:53:56,2024-03-05,245,42,Online,Afterpay,COUPON---A,2.61,AUD
270163,2024-03-05T03:31:22,2024-03-05,447,8,Retail,Afterpay,COUPONZ9A-,17.68,AUD
270316,2024-03-05T10:47:49,2024-03-05,498,39,Online,Afterpay,COUPON--0Z,14.59,AUD
270325,2024-03-05T19:26:17,2024-03-05,321,13,Online,PayPal,COUPONZAZ-,2.91,AUD
270383,2024-03-05T10:49:50,2024-03-05,696,36,Online,PayPal,COUPON---Z,12.81,AUD
270389,2024-03-05T15:08:38,2024-03-05,175,43,Retail,Credit Card,COUPON99A9,16.53,AUD
270461,2024-03-05T23:25:54,2024-03-05,509,12,Online,Credit Card,COUPON-Z--,11.55,AUD
270467,2024-03-05T14:01:38,2024-03-05,531,42,Retail,PayPal,COUPONA90-,18.43,AUD
270636,2024-03-05T21:17:08,2024-03-05,17,32,Online,Afterpay,COUPON--AZ,18.5,AUD
270669,2024-03-05T18:44:06,2024-03-05,130,42,Online,Credit Card,COUPONZZ0A,5.25,AUD
270774,2024-03-05T19:55:11,2024-03-05,200,32,Online,Afterpay,COUPON-9Z9,11.82,AUD
270848,2024-03-05T08:07:35,2024-03-05,369,25,Online,PayPal,COUPON-A--,3.28,AUD
270851,2024-03-05T19:27:04,2024-03-05,15,24,Retail,Afterpay,COUPON0ZZ0,1.97,AUD
270881,2024-03-05T17:36:47,2024-03-05,330,8,Retail,PayPal,COUPONA9--,2.02,AUD
270917,2024-03-05T16:11:23,2024-03-05,530,11,Retail,Credit Card,COUPON-900,11.26,AUD
270936,2024-03-05T17:10:23,2024-03-05,16,14,Retail,Credit Card,COUPON--00,5.47,AUD
271198,2024-03-05T23:12:23,2024-03-05,298,19,Retail,Credit Card,COUPON-ZA0,2.05,AUD
271313,2024-03-05T13:41:16,2024-03-05,658,5,Retail,PayPal,COUPON0-A-,19.14,AUD
271414,2024-03-05T07:43:00,2024-03-05,658,46,Retail,Credit Card,COUPON-9Z-,8.7,AUD
271630,2024-03-05T08:02:05,2024-03-05,9,11,Retail,Afterpay,COUPON9--Z,10.89,AUD
271772,2024-03-05T12:51:50,2024-03-05,133,3,Retail,PayPal,COUPON99--,12.96,AUD
271780,2024-03-05T04:34:35,2024-03-05,5,5,Online,Afterpay,COUPONZZ--,16.15,AUD
271822,2024-03-05T22:24:49,2024-03-05,433,5,Retail,Credit Card,COUPON--9-,5.34,AUD
272036,2024-03-05T20:42:45,2024-03-05,196,15,Online,PayPal,COUPON-0-0,6.12,AUD
272173,2024-03-05T00:45:36,2024-03-05,693,18,Retail,Credit Card,COUPON---9,0.62,AUD
272319,2024-03-05T10:45:35,2024-03-05,743,13,Retail,Afterpay,COUPON--Z9,2.64,AUD
272329,2024-03-05T11:11:42,2024-03-05,680,2,Retail,Credit Card,COUPON--9A,8.88,AUD
272356,2024-03-05T16:58:37,2024-03-05,770,36,Retail,Afterpay,COUPON09-Z,16.7,AUD
272463,2024-03-05T02:16:25,2024-03-05,515,50,Retail,Credit Card,COUPONZ-0A,2.93,AUD
272639,2024-03-05T22:38:27,2024-03-05,409,29,Online,Afterpay,COUPONZAAA,5.17,AUD
272658,2024-03-05T04:01:41,2024-03-05,697,26,Retail,Afterpay,COUPONA-00,1.26,AUD
272676,2024-03-05T01:29:59,2024-03-05,183,25,Online,Afterpay,COUPON9-09,0.02,AUD
272821,2024-03-05T10:22:16,2024-03-05,633,26,Retail,Credit Card,COUPON9-ZA,7.62,AUD
273051,2024-03-05T06:31:51,2024-03-05,120,42,Online,Credit Card,COUPONZZAA,11.96,AUD
273111,2024-03-05T11:28:30,2024-03-05,245,31,Retail,Afterpay,COUPON0-A0,4.91,AUD
273133,2024-03-05T12:07:21,2024-03-05,773,16,Online,PayPal,COUPONZZ-0,7.41,AUD
273417,2024-03-05T08:21:53,2024-03-05,244,2,Retail,Credit Card,COUPON9A--,19.01,AUD
273642,2024-03-05T23:28:32,2024-03-05,234,3,Retail,Credit Card,COUPON0-0Z,8.81,AUD
273766,2024-03-05T18:11:01,2024-03-05,161,41,Retail,PayPal,COUPON-A0Z,1.92,AUD
273839,2024-03-05T19:32:38,2024-03-05,251,10,Retail,Credit Card,COUPON--90,7.04,AUD
273841,2024-03-05T16:35:54,2024-03-05,505,48,Online,Credit Card,COUPON--90,6.14,AUD
273941,2024-03-05T01:01:00,2024-03-05,785,45,Retail,PayPal,COUPON9-9A,7.64,AUD
274005,2024-03-05T05:44:56,2024-03-05,304,4,Retail,Afterpay,COUPON--ZZ,11.43,AUD
274062,2024-03-05T06:22:21,2024-03-05,2,39,Online,PayPal,COUPON-Z-9,18.76,AUD
274301,2024-03-05T10:48:06,2024-03-05,587,49,Retail,PayPal,COUPONAA-A,0.85,AUD
274387,2024-03-05T19:43:16,2024-03-05,255,23,Online,Afterpay,COUPON090A,14.28,AUD
274464,2024-03-05T08:49:43,2024-03-05,46,40,Online,Afterpay,COUPON999A,10.97,AUD
274663,2024-03-05T05:44:38,2024-03-05,607,23,Online,Credit Card,COUPONA9--,9.29,AUD
274988,2024-03-05T17:08:15,2024-03-05,405,39,Online,Afterpay,COUPONZ-A-,8.21,AUD
275030,2024-03-05T15:41:36,2024-03-05,498,5,Online,Afterpay,COUPON-AZA,8.0,AUD
275080,2024-03-05T13:34:36,2024-03-05,424,37,Online,Credit Card,COUPON999-,11.89,AUD
275207,2024-03-05T06:19:06,2024-03-05,349,18,Retail,Credit Card,COUPON0-AA,5.18,AUD
275239,2024-03-05T02:24:26,2024-03-05,6,40,Online,PayPal,COUPON0A-A,2.08,AUD
275240,2024-03-05T13:04:23,2024-03-05,62,37,Online,Credit Card,COUPON0999,10.01,AUD
275564,2024-03-05T15:16:41,2024-03-05,294,45,Online,Credit Card,COUPONZA--,19.43,AUD
275674,2024-03-05T19:47:30,2024-03-05,480,26,Retail,Afterpay,COUPON009Z,7.5,AUD
275689,2024-03-05T10:27:10,2024-03-05,771,17,Online,Afterpay,COUPONZ-9-,13.4,AUD
275746,2024-03-05T23:43:30,2024-03-05,518,5,Retail,Afterpay,COUPON-9--,18.78,AUD
275754,2024-03-05T13:20:09,2024-03-05,688,42,Online,Afterpay,COUPON-AA0,10.3,AUD
275758,2024-03-05T08:48:32,2024-03-05,203,29,Retail,Afterpay,COUPON00Z-,12.58,AUD
276012,2024-03-05T01:30:07,2024-03-05,5,38,Online,PayPal,COUPON-A9-,9.98,AUD
276059,2024-03-05T19:18:38,2024-03-05,127,40,Online,Credit Card,COUPON9-AZ,15.74,AUD
276313,2024-03-05T12:34:05,2024-03-05,518,20,Online,Afterpay,COUPON0ZA-,10.67,AUD
276593,2024-03-05T10:36:11,2024-03-05,284,12,Online,Credit Card,COUPON9ZA-,16.29,AUD
276624,2024-03-05T17:02:18,2024-03-05,512,9,Online,Afterpay,COUPONZ-9A,5.69,AUD
276643,2024-03-05T17:06:15,2024-03-05,216,32,Retail,PayPal,COUPONAZ--,12.45,AUD
276702,2024-03-05T00:23:58,2024-03-05,372,2,Retail,Credit Card,COUPONA---,11.65,AUD
276809,2024-03-05T23:51:49,2024-03-05,742,8,Retail,PayPal,COUPON-00-,14.52,AUD
276829,2024-03-05T23:34:56,2024-03-05,602,36,Online,Afterpay,COUPON-0A-,14.13,AUD
276928,2024-03-05T11:30:21,2024-03-05,129,35,Retail,Credit Card,COUPONA0ZA,7.38,AUD
276967,2024-03-05T23:35:46,2024-03-05,38,37,Online,PayPal,COUPON9-09,3.37,AUD
277013,2024-03-05T05:51:15,2024-03-05,607,23,Retail,Credit Card,COUPONZ0-Z,4.15,AUD
277112,2024-03-05T22:14:45,2024-03-05,693,37,Online,PayPal,COUPON-ZZ9,10.48,AUD
277185,2024-03-05T19:23:09,2024-03-05,637,25,Retail,PayPal,COUPONZZA9,17.82,AUD
277358,2024-03-05T11:15:31,2024-03-05,661,32,Retail,Afterpay,COUPON0A99,9.05,AUD
277441,2024-03-05T22:38:17,2024-03-05,186,20,Retail,PayPal,COUPON-Z-A,7.08,AUD
277519,2024-03-05T12:39:01,2024-03-05,349,12,Retail,PayPal,COUPON-9--,0.18,AUD
277556,2024-03-05T17:41:31,2024-03-05,660,31,Retail,Credit Card,COUPONZ99-,12.1,AUD
277883,2024-03-05T15:47:26,2024-03-05,589,11,Retail,Credit Card,COUPON99AZ,10.55,AUD
278045,2024-03-05T16:11:18,2024-03-05,317,5,Online,PayPal,COUPON00-0,1.99,AUD
278303,2024-03-05T15:22:16,2024-03-05,505,25,Retail,Afterpay,COUPON--90,12.26,AUD
278307,2024-03-05T22:09:27,2024-03-05,304,47,Retail,Afterpay,COUPONZZ0-,9.66,AUD
278330,2024-03-05T05:40:11,2024-03-05,771,47,Online,PayPal,COUPON9-9A,13.04,AUD
278471,2024-03-05T19:12:58,2024-03-05,401,43,Retail,Credit Card,COUPONZ-9-,3.23,AUD
278712,2024-03-05T12:51:00,2024-03-05,384,30,Online,Credit Card,COUPON-0-A,0.64,AUD
278745,2024-03-05T13:05:48,2024-03-05,745,27,Online,PayPal,COUPON-9-Z,16.29,AUD
278826,2024-03-05T13:50:48,2024-03-05,470,31,Retail,Afterpay,COUPON0-A-,13.21,AUD
278880,2024-03-05T06:56:26,2024-03-05,777,13,Retail,Credit Card,COUPON-AAZ,14.79,AUD
278904,2024-03-05T03:35:31,2024-03-05,16,38,Online,PayPal,COUPON-A-0,12.84,AUD
278922,2024-03-05T22:37:51,2024-03-05,106,41,Retail,PayPal,COUPONZ0Z-,6.05,AUD
279022,2024-03-05T03:40:34,2024-03-05,539,30,Online,Afterpay,COUPONAZ-0,11.54,AUD
279227,2024-03-05T16:35:43,2024-03-05,3,35,Retail,PayPal,COUPON-AZZ,7.09,AUD
279247,2024-03-05T08:18:36,2024-03-05,292,47,Online,Credit Card,COUPONZ0AZ,7.39,AUD
279248,2024-03-05T14:48:10,2024-03-05,798,9,Online,Afterpay,COUPONA09-,8.48,AUD
279270,2024-03-05T22:25:34,2024-03-05,529,43,Online,Credit Card,COUPON-9Z-,10.15,AUD
279423,2024-03-05T00:07:53,2024-03-05,396,18,Online,PayPal,COUPON-A0A,10.39,AUD
279465,2024-03-05T04:28:59,2024-03-05,375,29,Retail,PayPal,COUPON0-Z0,3.68,AUD
279529,2024-03-05T02:20:34,2024-03-05,661,6,Retail,PayPal,COUPONZ9-9,0.06,AUD
279661,2024-03-05T14:17:18,2024-03-05,574,46,Online,PayPal,COUPON0Z9-,8.69,AUD
279684,2024-03-05T21:58:45,2024-03-05,22,13,Online,PayPal,COUPON0Z9-,0.74,AUD
279995,2024-03-05T19:56:05,2024-03-05,717,22,Retail,Credit Card,COUPON--Z9,17.32,AUD
280092,2024-03-05T15:34:54,2024-03-05,707,13,Online,Credit Card,COUPON-A0A,4.58,AUD
280096,2024-03-05T17:40:20,2024-03-05,783,41,Online,Afterpay,COUPONZA-Z,1.57,AUD
280147,2024-03-05T15:27:15,2024-03-05,357,42,Retail,Credit Card,COUPON-AZZ,3.33,AUD
280309,2024-03-05T02:09:04,2024-03-05,366,15,Online,PayPal,COUPONZ9--,8.28,AUD
280315,2024-03-05T21:37:13,2024-03-05,463,46,Retail,Credit Card,COUPON0A0-,3.28,AUD
280393,2024-03-05T00:04:10,2024-03-05,197,13,Retail,Afterpay,COUPON-9--,3.37,AUD
280633,2024-03-05T08:39:10,2024-03-05,247,7,Online,PayPal,COUPONZA0-,13.11,AUD
280638,2024-03-05T11:27:05,2024-03-05,113,4,Retail,Credit Card,COUPON-AA0,15.59,AUD
280680,2024-03-05T00:23:14,2024-03-05,647,21,Retail,Credit Card,COUPONA--9,12.06,AUD
280794,2024-03-05T20:19:49,2024-03-05,778,9,Online,Credit Card,COUPONA--Z,18.62,AUD
280884,2024-03-05T03:27:12,2024-03-05,217,5,Retail,Credit Card,COUPON-9AA,6.11,AUD
280897,2024-03-05T00:36:34,2024-03-05,715,29,Online,Credit Card,COUPONA-90,12.02,AUD
280932,2024-03-05T03:08:15,2024-03-05,332,7,Online,Credit Card,COUPON0AAZ,6.87,AUD
281315,2024-03-05T17:59:40,2024-03-05,486,24,Retail,PayPal,COUPONZAZ-,0.5,AUD
281317,2024-03-05T14:58:26,2024-03-05,451,28,Retail,PayPal,COUPON--9A,19.84,AUD
281543,2024-03-05T19:52:15,2024-03-05,138,7,Online,Afterpay,COUPONZ9AA,17.9,AUD
281629,2024-03-05T01:04:53,2024-03-05,367,32,Retail,PayPal,COUPONZ-00,5.94,AUD
281636,2024-03-05T02:49:39,2024-03-05,590,15,Online,Credit Card,COUPONZZ--,0.31,AUD
281725,2024-03-05T15:51:33,2024-03-05,770,20,Online,Afterpay,COUPON0-AA,13.08,AUD
281732,2024-03-05T11:35:54,2024-03-05,722,2,Online,Credit Card,COUPONAAA-,18.16,AUD
281879,2024-03-05T13:27:22,2024-03-05,595,19,Online,Credit Card,COUPON0-A9,17.42,AUD
281948,2024-03-05T00:01:45,2024-03-05,461,5,Online,Credit Card,COUPON0ZZ-,2.04,AUD
282088,2024-03-05T07:26:17,2024-03-05,214,2,Online,Credit Card,COUPONA-99,19.99,AUD
282107,2024-03-05T01:54:56,2024-03-05,622,49,Online,Credit Card,COUPONA-Z9,9.09,AUD
282150,2024-03-05T19:44:10,2024-03-05,774,40,Online,Credit Card,COUPONA0-0,13.85,AUD
282365,2024-03-05T20:26:31,2024-03-05,100,12,Online,Credit Card,COUPON-AA9,3.97,AUD
282468,2024-03-05T22:14:55,2024-03-05,508,12,Online,PayPal,COUPONZ0AZ,7.27,AUD
282485,2024-03-05T09:15:28,2024-03-05,266,23,Online,Afterpay,COUPON-A9A,17.74,AUD
282609,2024-03-05T09:58:51,2024-03-05,511,8,Retail,PayPal,COUPON---9,9.81,AUD
282659,2024-03-05T22:25:33,2024-03-05,520,3,Online,Credit Card,COUPON9---,17.48,AUD
282789,2024-03-05T08:03:33,2024-03-05,37,50,Online,Afterpay,COUPON0Z0A,5.91,AUD
282839,2024-03-05T02:09:17,2024-03-05,585,12,Online,PayPal,COUPONZ-AA,18.31,AUD
282861,2024-03-05T23:43:13,2024-03-05,304,29,Online,Credit Card,COUPON-AA-,12.64,AUD
282938,2024-03-05T00:23:12,2024-03-05,781,46,Online,Credit Card,COUPON9--Z,2.77,AUD
282953,2024-03-05T22:15:25,2024-03-05,314,1,Online,Credit Card,COUPONA9Z-,12.55,AUD
282987,2024-03-05T14:51:58,2024-03-05,746,33,Online,PayPal,COUPON----,15.89,AUD
283032,2024-03-05T13:10:15,2024-03-05,254,17,Retail,Afterpay,COUPONZZZ9,13.23,AUD
283128,2024-03-05T19:36:12,2024-03-05,558,43,Online,Credit Card,COUPON--A-,10.77,AUD
283264,2024-03-05T08:26:21,2024-03-05,36,7,Retail,Credit Card,COUPON-AZA,3.7,AUD
283299,2024-03-05T18:57:10,2024-03-05,589,20,Online,Afterpay,COUPONA--0,10.13,AUD
283363,2024-03-05T14:24:14,2024-03-05,589,20,Retail,Credit Card,COUPON9-AA,10.31,AUD
283503,2024-03-05T14:45:40,2024-03-05,355,11,Online,Afterpay,COUPON-A-9,16.27,AUD
283538,2024-03-05T10:36:01,2024-03-05,42,34,Online,PayPal,COUPON0A-9,8.31,AUD
283834,2024-03-05T02:27:48,2024-03-05,633,49,Retail,PayPal,COUPONZZ0Z,15.24,AUD
283990,2024-03-05T19:27:45,2024-03-05,167,37,Retail,Credit Card,COUPON9A-9,12.29,AUD
284083,2024-03-05T13:34:14,2024-03-05,326,3,Retail,PayPal,COUPONA099,10.84,AUD
284098,2024-03-05T14:58:58,2024-03-05,345,43,Retail,PayPal,COUPON-9-Z,18.96,AUD
284163,2024-03-05T12:56:09,2024-03-05,195,39,Online,Credit Card,COUPON9--0,10.96,AUD
284216,2024-03-05T10:07:26,2024-03-05,682,40,Retail,Credit Card,COUPON9A--,18.86,AUD
284231,2024-03-05T15:02:14,2024-03-05,210,4,Online,PayPal,COUPON0-ZZ,14.78,AUD
284413,2024-03-05T18:17:18,2024-03-05,443,30,Online,Credit Card,COUPON-9ZA,13.63,AUD
284550,2024-03-05T00:01:17,2024-03-05,53,22,Online,PayPal,COUPON99Z-,6.85,AUD
284641,2024-03-05T20:57:31,2024-03-05,768,16,Retail,Afterpay,COUPON-A90,13.47,AUD
284773,2024-03-05T19:18:02,2024-03-05,736,43,Online,Afterpay,COUPON-9A0,15.88,AUD
284775,2024-03-05T16:40:44,2024-03-05,60,18,Retail,PayPal,COUPON9AZZ,1.77,AUD
284975,2024-03-05T12:16:37,2024-03-05,143,48,Retail,PayPal,COUPON-AAA,16.99,AUD
285059,2024-03-05T04:21:43,2024-03-05,554,43,Online,Afterpay,COUPONA---,14.36,AUD
285136,2024-03-05T05:32:08,2024-03-05,466,45,Retail,Credit Card,COUPONAA--,9.29,AUD
285374,2024-03-05T10:32:13,2024-03-05,688,22,Retail,PayPal,COUPONA--0,15.23,AUD
285700,2024-03-05T19:45:14,2024-03-05,798,32,Retail,PayPal,COUPONZA--,3.74,AUD
285769,2024-03-05T19:09:56,2024-03-05,635,19,Retail,Credit Card,COUPON9-0-,16.24,AUD
285883,2024-03-05T02:39:34,2024-03-05,709,41,Retail,PayPal,COUPON-A--,4.38,AUD
285904,2024-03-05T07:59:31,2024-03-05,665,12,Online,PayPal,COUPONAA-9,2.2,AUD
286339,2024-03-05T22:35:52,2024-03-05,252,9,Retail,Credit Card,COUPON00AZ,13.17,AUD
286409,2024-03-05T00:36:18,2024-03-05,95,35,Online,Credit Card,COUPONZ9A-,17.39,AUD
286510,2024-03-05T02:45:26,2024-03-05,619,10,Online,PayPal,COUPON-990,16.64,AUD
286673,2024-03-05T23:25:31,2024-03-05,564,38,Online,Afterpay,COUPON-90A,5.86,AUD
286720,2024-03-05T14:15:21,2024-03-05,96,18,Online,Afterpay,COUPONA0--,11.1,AUD
286939,2024-03-05T11:44:43,2024-03-05,274,3,Retail,Credit Card,COUPON0A-9,9.8,AUD
287074,2024-03-05T17:03:41,2024-03-05,41,36,Online,Credit Card,COUPON0-Z-,3.8,AUD
287082,2024-03-05T22:08:36,2024-03-05,435,40,Retail,PayPal,COUPONA0-Z,1.3,AUD
287110,2024-03-05T00:55:29,2024-03-05,170,25,Retail,PayPal,COUPON99Z9,0.7,AUD
287393,2024-03-05T23:02:07,2024-03-05,445,48,Online,PayPal,COUPON0-00,13.32,AUD
287467,2024-03-05T23:33:45,2024-03-05,126,15,Retail,Credit Card,COUPON99Z9,10.75,AUD
287537,2024-03-05T02:00:16,2024-03-05,513,26,Retail,PayPal,COUPONZAZZ,7.54,AUD
287684,2024-03-05T05:02:40,2024-03-05,220,6,Online,PayPal,COUPONA0A9,12.57,AUD
287685,2024-03-05T20:44:26,2024-03-05,790,35,Online,Credit Card,COUPON9-0Z,8.09,AUD
287858,2024-03-05T04:54:35,2024-03-05,118,43,Online,PayPal,COUPONZ00-,11.59,AUD
287860,2024-03-05T21:35:27,2024-03-05,406,34,Retail,PayPal,COUPON0-90,4.56,AUD
287933,2024-03-05T18:43:09,2024-03-05,433,9,Online,Afterpay,COUPON0-9-,0.78,AUD
288012,2024-03-05T11:31:51,2024-03-05,656,8,Online,Credit Card,COUPONZ9-0,14.13,AUD
288045,2024-03-05T17:36:11,2024-03-05,210,1,Online,Afterpay,COUPON-A-9,18.7,AUD
288125,2024-03-05T04:36:17,2024-03-05,645,19,Online,Afterpay,COUPON000Z,17.6,AUD
288279,2024-03-05T12:29:00,2024-03-05,564,20,Retail,Credit Card,COUPON0A--,15.82,AUD
288783,2024-03-05T18:11:32,2024-03-05,686,25,Online,Afterpay,COUPONA-0-,5.82,AUD
288809,2024-03-05T06:20:34,2024-03-05,174,3,Retail,PayPal,COUPON-0--,8.41,AUD
288898,2024-03-05T02:48:50,2024-03-05,14,36,Retail,PayPal,COUPON9-A9,2.67,AUD
289083,2024-03-05T19:53:52,2024-03-05,745,8,Online,PayPal,COUPON-Z-Z,11.54,AUD
289255,2024-03-05T09:15:15,2024-03-05,363,23,Online,Afterpay,COUPON99--,7.98,AUD
289594,2024-03-05T15:17:12,2024-03-05,484,7,Retail,Credit Card,COUPON0009,9.19,AUD
289746,2024-03-05T10:17:17,2024-03-05,524,13,Retail,PayPal,COUPONZZ-9,18.0,AUD
289818,2024-03-05T05:02:46,2024-03-05,668,16,Online,PayPal,COUPON0-Z-,13.23,AUD
289820,2024-03-05T01:04:10,2024-03-05,199,47,Retail,Credit Card,COUPON9-A-,16.43,AUD
289829,2024-03-05T04:20:11,2024-03-05,727,24,Retail,PayPal,COUPON-99A,7.53,AUD
289874,2024-03-05T07:05:40,2024-03-05,235,39,Retail,PayPal,COUPONA---,3.93,AUD
289949,2024-03-05T07:28:57,2024-03-05,70,36,Retail,Afterpay,COUPONAA9Z,19.15,AUD
290127,2024-03-05T20:24:02,2024-03-05,128,19,Online,Afterpay,COUPON9Z--,16.21,AUD
290175,2024-03-05T21:25:40,2024-03-05,711,41,Online,Credit Card,COUPONA990,10.12,AUD
290196,2024-03-05T14:38:37,2024-03-05,357,39,Retail,Credit Card,COUPONA---,19.12,AUD
290211,2024-03-05T17:24:22,2024-03-05,546,23,Retail,Credit Card,COUPONA0Z0,11.96,AUD
290242,2024-03-05T14:55:06,2024-03-05,137,12,Online,Afterpay,COUPON0Z-0,11.29,AUD
290278,2024-03-05T11:47:59,2024-03-05,316,34,Online,Credit Card,COUPON-Z-9,18.16,AUD
290305,2024-03-05T22:53:14,2024-03-05,116,34,Online,Credit Card,COUPON-99-,12.9,AUD
290517,2024-03-05T08:40:52,2024-03-05,728,5,Online,Credit Card,COUPON-ZA-,2.08,AUD
290710,2024-03-05T14:51:28,2024-03-05,238,13,Retail,Afterpay,COUPON0--0,15.34,AUD
291350,2024-03-05T17:14:07,2024-03-05,794,16,Online,PayPal,COUPON0Z09,13.62,AUD
291624,2024-03-05T05:29:30,2024-03-05,45,24,Retail,Afterpay,COUPON--0-,4.5,AUD
291771,2024-03-05T13:26:07,2024-03-05,3,19,Online,Credit Card,COUPONAA09,6.79,AUD
291786,2024-03-05T14:57:31,2024-03-05,384,16,Online,Credit Card,COUPONAA90,2.41,AUD
292188,2024-03-05T15:08:52,2024-03-05,528,37,Retail,Credit Card,COUPON0A-0,19.81,AUD
292268,2024-03-05T08:33:20,2024-03-05,356,28,Retail,PayPal,COUPON-Z-A,14.56,AUD
292334,2024-03-05T03:48:21,2024-03-05,87,14,Retail,PayPal,COUPON---9,11.33,AUD
292410,2024-03-05T20:54:43,2024-03-05,276,9,Retail,Afterpay,COUPON-9-0,16.79,AUD
292416,2024-03-05T06:50:50,2024-03-05,484,20,Retail,Afterpay,COUPON--00,13.88,AUD
292476,2024-03-05T05:34:38,2024-03-05,293,9,Retail,PayPal,COUPONZ-Z-,14.18,AUD
292771,2024-03-05T03:26:32,2024-03-05,547,6,Online,PayPal,COUPONA09Z,11.53,AUD
292844,2024-03-05T20:12:58,2024-03-05,776,23,Retail,Credit Card,COUPON-A-0,11.58,AUD
292956,2024-03-05T10:36:38,2024-03-05,367,22,Retail,PayPal,COUPON0-0A,17.78,AUD
293319,2024-03-05T04:02:45,2024-03-05,597,16,Retail,Afterpay,COUPON--A-,11.49,AUD
293472,2024-03-05T03:07:51,2024-03-05,345,28,Retail,Afterpay,COUPON-0-A,4.69,AUD
293539,2024-03-05T20:59:24,2024-03-05,462,33,Retail,Credit Card,COUPONZ--9,1.98,AUD
293544,2024-03-05T15:52:01,2024-03-05,547,33,Retail,Credit Card,COUPONZ9A-,0.94,AUD
293660,2024-03-05T03:56:34,2024-03-05,349,4,Retail,Credit Card,COUPONZA0-,5.74,AUD
293751,2024-03-05T03:20:56,2024-03-05,758,33,Retail,Credit Card,COUPON0-0-,14.07,AUD
293864,2024-03-05T11:09:24,2024-03-05,346,40,Online,PayPal,COUPON-A-9,12.92,AUD
293928,2024-03-05T05:26:19,2024-03-05,127,2,Online,Afterpay,COUPON-0Z9,18.02,AUD
294084,2024-03-05T08:25:56,2024-03-05,216,5,Online,Afterpay,COUPON-0-A,10.12,AUD
294092,2024-03-05T04:46:13,2024-03-05,96,23,Online,PayPal,COUPONZ-0-,15.85,AUD
294191,2024-03-05T10:50:23,2024-03-05,496,6,Online,PayPal,COUPONA9A-,5.1,AUD
294207,2024-03-05T11:25:28,2024-03-05,533,48,Online,PayPal,COUPONZAZ-,19.59,AUD
294272,2024-03-05T06:34:19,2024-03-05,761,38,Retail,PayPal,COUPON0--Z,1.71,AUD
294324,2024-03-05T13:27:37,2024-03-05,302,37,Online,Afterpay,COUPON-0--,0.85,AUD
294520,2024-03-05T08:06:52,2024-03-05,90,43,Retail,Credit Card,COUPONA-A-,2.34,AUD
294540,2024-03-05T06:11:01,2024-03-05,629,10,Online,Afterpay,COUPON0Z9A,1.48,AUD
294583,2024-03-05T21:57:38,2024-03-05,468,47,Online,Credit Card,COUPON-AA-,14.25,AUD
294607,2024-03-05T12:38:47,2024-03-05,684,24,Online,Afterpay,COUPON-Z-0,6.92,AUD
294708,2024-03-05T12:11:26,2024-03-05,187,46,Online,PayPal,COUPON0Z00,13.52,AUD
294773,2024-03-05T04:46:37,2024-03-05,331,5,Retail,Credit Card,COUPON0---,10.04,AUD
294806,2024-03-05T15:30:30,2024-03-05,636,49,Retail,Credit Card,COUPON-Z--,1.23,AUD
294824,2024-03-05T07:29:32,2024-03-05,643,28,Online,PayPal,COUPONZ--Z,8.88,AUD
294963,2024-03-05T14:23:54,2024-03-05,786,23,Retail,Credit Card,COUPONA9Z0,2.02,AUD
295039,2024-03-05T04:26:06,2024-03-05,254,6,Retail,Afterpay,COUPON99A-,7.85,AUD
295114,2024-03-05T11:53:52,2024-03-05,60,19,Online,PayPal,COUPON9A--,2.81,AUD
295156,2024-03-05T20:31:53,2024-03-05,166,42,Online,PayPal,COUPONA0--,18.35,AUD
295204,2024-03-05T03:59:43,2024-03-05,191,44,Retail,Afterpay,COUPONZ---,11.23,AUD
295499,2024-03-05T04:47:38,2024-03-05,615,37,Retail,Afterpay,COUPON-ZZ-,6.94,AUD
295517,2024-03-05T01:09:29,2024-03-05,447,13,Retail,PayPal,COUPON900A,14.78,AUD
295550,2024-03-05T09:51:44,2024-03-05,176,22,Online,Credit Card,COUPON099Z,3.22,AUD
295596,2024-03-05T16:18:03,2024-03-05,753,41,Retail,Credit Card,COUPON0099,16.63,AUD
295696,2024-03-05T03:35:33,2024-03-05,555,11,Online,Credit Card,COUPONZ00-,4.98,AUD
295783,2024-03-05T21:51:35,2024-03-05,74,41,Retail,PayPal,COUPON9Z9Z,8.53,AUD
295828,2024-03-05T04:21:28,2024-03-05,39,4,Online,Afterpay,COUPONA-99,18.72,AUD
295913,2024-03-05T11:34:47,2024-03-05,65,29,Online,Afterpay,COUPON0-ZZ,1.99,AUD
295916,2024-03-05T06:39:06,2024-03-05,201,32,Retail,Afterpay,COUPONZAZZ,12.05,AUD
296133,2024-03-05T17:35:11,2024-03-05,208,36,Retail,Credit Card,COUPON9A-9,9.77,AUD
296135,2024-03-05T11:35:23,2024-03-05,368,33,Retail,PayPal,COUPON-Z99,1.39,AUD
296223,2024-03-05T05:12:12,2024-03-05,412,45,Retail,Credit Card,COUPON9Z-Z,18.1,AUD
296299,2024-03-05T13:17:58,2024-03-05,337,13,Retail,Credit Card,COUPON-A09,6.75,AUD
296344,2024-03-05T19:06:05,2024-03-05,84,23,Online,Afterpay,COUPON-Z9-,7.1,AUD
296435,2024-03-05T01:18:25,2024-03-05,415,25,Retail,Credit Card,COUPON--A-,9.44,AUD
296463,2024-03-05T20:32:58,2024-03-05,753,39,Online,Credit Card,COUPON---9,16.67,AUD
296644,2024-03-05T10:57:13,2024-03-05,742,47,Retail,Credit Card,COUPON9909,9.99,AUD
296693,2024-03-05T03:57:48,2024-03-05,314,23,Retail,Credit Card,COUPONA-09,13.57,AUD
296717,2024-03-05T02:41:15,2024-03-05,181,9,Retail,PayPal,COUPON9009,12.75,AUD
296791,2024-03-05T18:14:26,2024-03-05,469,6,Retail,PayPal,COUPON9Z--,19.88,AUD
297018,2024-03-05T10:11:43,2024-03-05,541,41,Retail,Credit Card,COUPONZ9--,11.05,AUD
297542,2024-03-05T23:50:11,2024-03-05,215,7,Retail,Afterpay,COUPON90--,14.02,AUD
297559,2024-03-05T04:44:29,2024-03-05,111,47,Retail,PayPal,COUPON0-9Z,14.8,AUD
297687,2024-03-05T22:38:06,2024-03-05,259,5,Online,Credit Card,COUPONA-0-,1.13,AUD
297703,2024-03-05T08:16:04,2024-03-05,708,32,Retail,Credit Card,COUPONZ9ZZ,6.18,AUD
297772,2024-03-05T08:05:12,2024-03-05,573,50,Retail,Afterpay,COUPONAA9-,11.67,AUD
297808,2024-03-05T01:33:19,2024-03-05,234,16,Online,Afterpay,COUPONZZA0,13.41,AUD
298382,2024-03-05T21:49:19,2024-03-05,352,9,Retail,Afterpay,COUPON9-99,3.18,AUD
298503,2024-03-05T23:44:06,2024-03-05,724,7,Retail,PayPal,COUPON9--Z,17.41,AUD
298592,2024-03-05T06:08:34,2024-03-05,690,48,Retail,Credit Card,COUPON-0AZ,7.88,AUD
298634,2024-03-05T05:57:30,2024-03-05,45,48,Retail,Credit Card,COUPON0--Z,16.72,AUD
298812,2024-03-05T19:26:52,2024-03-05,715,34,Retail,PayPal,COUPON0-0-,15.57,AUD
298862,2024-03-05T08:34:20,2024-03-05,674,40,Online,Credit Card,COUPON--ZZ,8.23,AUD
298910,2024-03-05T03:25:19,2024-03-05,89,28,Online,Credit Card,COUPON0-9-,1.33,AUD
299015,2024-03-05T15:37:39,2024-03-05,27,2,Retail,Afterpay,COUPON990A,4.53,AUD
299029,2024-03-05T10:34:00,2024-03-05,364,15,Online,PayPal,COUPON-00-,0.37,AUD
299039,2024-03-05T23:26:08,2024-03-05,541,14,Retail,Credit Card,COUPON----,18.23,AUD
299113,2024-03-05T00:48:41,2024-03-05,567,17,Online,Credit Card,COUPON9-0A,15.78,AUD
299250,2024-03-05T11:23:03,2024-03-05,91,49,Online,PayPal,COUPON-0A-,8.83,AUD
299312,2024-03-05T13:32:31,2024-03-05,128,5,Online,Credit Card,COUPON0--A,8.94,AUD
299405,2024-03-05T19:28:03,2024-03-05,112,7,Retail,Credit Card,COUPON--A-,7.4,AUD
299426,2024-03-05T11:38:35,2024-03-05,252,6,Retail,Credit Card,COUPONZ9AZ,8.82,AUD
299464,2024-03-05T20:13:11,2024-03-05,204,25,Retail,PayPal,COUPON-90Z,6.03,AUD
299493,2024-03-05T07:43:09,2024-03-05,367,15,Online,Credit Card,COUPONA-A9,8.54,AUD
299579,2024-03-05T03:02:40,2024-03-05,45,29,Online,PayPal,COUPON0AZZ,10.78,AUD
299773,2024-03-05T16:00:41,2024-03-05,392,38,Online,Credit Card,COUPON---0,6.54,AUD
299924,2024-03-05T12:55:07,2024-03-05,791,27,Online,Credit Card,COUPON00Z0,3.47,AUD
300006,2024-03-05T01:21:58,2024-03-05,35,35,Online,PayPal,COUPONA---,12.86,AUD
300251,2024-03-05T21:15:05,2024-03-05,509,15,Online,PayPal,COUPON0Z09,3.04,AUD
300272,2024-03-05T06:49:41,2024-03-05,557,25,Retail,Credit Card,COUPON0--9,1.15,AUD
300322,2024-03-05T00:34:20,2024-03-05,570,23,Online,Afterpay,COUPON-A--,17.66,AUD
300409,2024-03-05T11:14:39,2024-03-05,85,9,Retail,Credit Card,COUPONA00-,18.79,AUD
300473,2024-03-05T13:53:12,2024-03-05,535,4,Retail,Afterpay,COUPON0---,11.71,AUD
300609,2024-03-05T07:17:38,2024-03-05,391,28,Online,PayPal,COUPON0900,18.76,AUD
300752,2024-03-05T22:31:06,2024-03-05,226,22,Online,PayPal,COUPONZ---,4.89,AUD
300770,2024-03-05T10:54:26,2024-03-05,749,35,Online,Afterpay,COUPON00-0,13.94,AUD
300876,2024-03-05T12:42:10,2024-03-05,195,30,Online,Credit Card,COUPON90AZ,5.95,AUD
300931,2024-03-05T13:31:23,2024-03-05,129,47,Online,Credit Card,COUPONAZ-A,7.5,AUD
300990,2024-03-05T10:05:49,2024-03-05,461,32,Online,Credit Card,COUPON-AZZ,14.78,AUD
301113,2024-03-05T15:02:54,2024-03-05,307,23,Online,Credit Card,COUPONZ00-,3.41,AUD
301128,2024-03-05T08:36:18,2024-03-05,467,48,Retail,PayPal,COUPON0ZAZ,5.48,AUD
301205,2024-03-05T01:37:30,2024-03-05,93,41,Retail,PayPal,COUPON9-ZA,8.94,AUD
301244,2024-03-05T08:56:32,2024-03-05,526,38,Online,Credit Card,COUPON-ZAA,11.18,AUD
301389,2024-03-05T12:22:45,2024-03-05,606,23,Online,Credit Card,COUPON-0-A,6.69,AUD
301568,2024-03-05T20:49:26,2024-03-05,20,37,Online,Afterpay,COUPON--A-,19.68,AUD
301609,2024-03-05T13:30:21,2024-03-05,574,50,Online,Credit Card,COUPONZ0--,7.44,AUD
301655,2024-03-05T07:58:28,2024-03-05,234,41,Retail,PayPal,COUPON-A-9,1.62,AUD
301747,2024-03-05T14:59:45,2024-03-05,639,47,Online,Afterpay,COUPON-0-Z,14.62,AUD
301775,2024-03-05T00:31:36,2024-03-05,737,25,Online,Afterpay,COUPONZ-0-,9.04,AUD
302062,2024-03-05T15:51:59,2024-03-05,417,9,Online,PayPal,COUPONZ9Z0,4.6,AUD
302197,2024-03-05T00:40:39,2024-03-05,114,20,Online,Afterpay,COUPON999A,13.86,AUD
302615,2024-03-05T06:35:59,2024-03-05,598,12,Online,PayPal,COUPONAZ90,0.73,AUD
302652,2024-03-05T03:55:05,2024-03-05,558,44,Retail,PayPal,COUPONAA0-,18.3,AUD
302745,2024-03-05T20:23:02,2024-03-05,246,30,Online,Afterpay,COUPON9Z0-,16.72,AUD
302842,2024-03-05T04:01:34,2024-03-05,724,14,Retail,Credit Card,COUPON---Z,4.66,AUD
302889,2024-03-05T05:52:06,2024-03-05,799,34,Retail,Credit Card,COUPON0Z-9,5.49,AUD
302923,2024-03-05T14:10:40,2024-03-05,223,10,Retail,PayPal,COUPON9-0Z,3.72,AUD
302998,2024-03-05T03:02:37,2024-03-05,573,14,Retail,PayPal,COUPON-0AZ,4.72,AUD
303044,2024-03-05T10:25:58,2024-03-05,121,11,Online,PayPal,COUPON999-,1.19,AUD
303067,2024-03-05T00:57:37,2024-03-05,146,28,Online,Afterpay,COUPON9-ZA,10.54,AUD
303147,2024-03-05T16:57:43,2024-03-05,166,26,Retail,PayPal,COUPON00-Z,5.57,AUD
303499,2024-03-05T07:28:09,2024-03-05,174,35,Retail,Credit Card,COUPON-99-,2.98,AUD
303520,2024-03-05T10:27:05,2024-03-05,89,30,Online,PayPal,COUPON9A--,7.54,AUD
303597,2024-03-05T19:28:50,2024-03-05,755,46,Online,PayPal,COUPON--9A,18.92,AUD
303620,2024-03-05T11:48:11,2024-03-05,517,24,Online,Afterpay,COUPONA-0-,2.05,AUD
303763,2024-03-05T05:15:00,2024-03-05,192,34,Retail,PayPal,COUPON-Z9A,16.99,AUD
303979,2024-03-05T06:17:08,2024-03-05,625,27,Online,Afterpay,COUPON0---,12.45,AUD
304028,2024-03-05T05:47:51,2024-03-05,565,32,Retail,PayPal,COUPON90Z-,4.79,AUD
304076,2024-03-05T22:31:33,2024-03-05,613,21,Online,PayPal,COUPON0Z0-,17.43,AUD
304093,2024-03-05T18:04:04,2024-03-05,707,42,Retail,PayPal,COUPON00-Z,5.41,AUD
304194,2024-03-05T02:49:34,2024-03-05,296,29,Retail,Credit Card,COUPON0-9-,18.38,AUD
304314,2024-03-05T21:11:29,2024-03-05,191,42,Online,Credit Card,COUPON--Z-,19.61,AUD
304331,2024-03-05T10:49:23,2024-03-05,450,47,Retail,Afterpay,COUPON---A,0.26,AUD
304342,2024-03-05T13:31:20,2024-03-05,769,11,Online,Credit Card,COUPON9A0A,15.36,AUD
304674,2024-03-05T10:08:36,2024-03-05,454,11,Online,Afterpay,COUPONZ--Z,15.81,AUD
304710,2024-03-05T19:17:33,2024-03-05,114,20,Retail,Credit Card,COUPON-09Z,14.36,AUD
304794,2024-03-05T16:00:01,2024-03-05,785,42,Retail,Credit Card,COUPON9Z-9,3.91,AUD
304863,2024-03-05T17:45:12,2024-03-05,17,43,Online,PayPal,COUPON--A-,17.86,AUD
304918,2024-03-05T08:10:14,2024-03-05,256,25,Retail,Afterpay,COUPON---Z,14.43,AUD
305019,2024-03-05T20:31:25,2024-03-05,527,17,Retail,PayPal,COUPON-Z0-,2.15,AUD
305024,2024-03-05T10:12:34,2024-03-05,733,9,Retail,Credit Card,COUPON--0-,13.26,AUD
305046,2024-03-05T08:30:21,2024-03-05,240,33,Online,Afterpay,COUPON-0-9,10.06,AUD
305066,2024-03-05T13:31:13,2024-03-05,475,17,Retail,Afterpay,COUPON99Z-,2.98,AUD
305142,2024-03-05T13:58:36,2024-03-05,469,9,Online,PayPal,COUPON-0--,5.54,AUD
305379,2024-03-05T13:14:37,2024-03-05,459,12,Retail,Credit Card,COUPONZ9ZZ,5.69,AUD
305424,2024-03-05T18:51:47,2024-03-05,493,6,Retail,Afterpay,COUPON9900,13.08,AUD
305500,2024-03-05T13:54:08,2024-03-05,653,30,Retail,Credit Card,COUPON0---,18.4,AUD
305501,2024-03-05T21:07:52,2024-03-05,38,50,Retail,PayPal,COUPON--AZ,5.96,AUD
305510,2024-03-05T19:18:56,2024-03-05,516,38,Retail,Afterpay,COUPONA0A9,8.08,AUD
305518,2024-03-05T07:40:34,2024-03-05,604,24,Online,Credit Card,COUPONAZ99,13.85,AUD
305637,2024-03-05T08:48:40,2024-03-05,106,24,Online,Credit Card,COUPON0AZ0,9.66,AUD
305759,2024-03-05T12:22:30,2024-03-05,627,32,Retail,Afterpay,COUPONZA9Z,0.28,AUD
305814,2024-03-05T15:30:12,2024-03-05,505,7,Online,Credit Card,COUPONAAA-,0.06,AUD
305844,2024-03-05T04:58:20,2024-03-05,793,9,Retail,Afterpay,COUPONZ0--,6.55,AUD
306044,2024-03-05T14:49:28,2024-03-05,497,39,Online,PayPal,COUPONZ-Z0,6.19,AUD
306204,2024-03-05T18:38:57,2024-03-05,298,4,Retail,Credit Card,COUPONZA--,5.2,AUD
306297,2024-03-05T20:10:08,2024-03-05,340,46,Retail,PayPal,COUPONZ-A0,4.46,AUD
306313,2024-03-05T09:00:40,2024-03-05,781,4,Online,PayPal,COUPON9ZZ-,17.11,AUD
306487,2024-03-05T01:10:15,2024-03-05,158,47,Retail,Credit Card,COUPON--A-,8.42,AUD
306597,2024-03-05T21:32:15,2024-03-05,754,15,Online,PayPal,COUPONA--0,5.38,AUD
306678,2024-03-05T15:03:49,2024-03-05,265,38,Online,PayPal,COUPON990Z,19.27,AUD
306888,2024-03-05T07:57:19,2024-03-05,574,8,Retail,Credit Card,COUPON0Z9A,8.97,AUD
307036,2024-03-05T21:49:25,2024-03-05,10,9,Online,Afterpay,COUPON00-9,8.55,AUD
307151,2024-03-05T13:03:10,2024-03-05,562,15,Online,Afterpay,COUPON00Z9,0.17,AUD
307182,2024-03-05T23:58:34,2024-03-05,416,4,Online,PayPal,COUPONAZA0,11.03,AUD
307237,2024-03-05T02:31:44,2024-03-05,618,15,Retail,PayPal,COUPON-Z0Z,11.02,AUD
307306,2024-03-05T23:12:07,2024-03-05,604,47,Online,PayPal,COUPON99A-,19.78,AUD
307338,2024-03-05T03:11:48,2024-03-05,198,40,Online,PayPal,COUPON-999,9.71,AUD
307340,2024-03-05T06:35:05,2024-03-05,164,14,Retail,Afterpay,COUPON9-ZA,11.75,AUD
307392,2024-03-05T06:49:18,2024-03-05,330,1,Retail,Afterpay,COUPON09Z-,16.53,AUD
307404,2024-03-05T04:28:23,2024-03-05,342,36,Online,Afterpay,COUPON-A0-,2.21,AUD
307420,2024-03-05T01:16:58,2024-03-05,404,10,Online,Credit Card,COUPON9--9,11.58,AUD
307466,2024-03-05T19:45:03,2024-03-05,141,18,Retail,PayPal,COUPON-AZ9,5.19,AUD
307644,2024-03-05T00:37:04,2024-03-05,188,25,Online,Afterpay,COUPONZZA-,1.64,AUD
307754,2024-03-05T01:44:23,2024-03-05,398,40,Retail,PayPal,COUPON-0A-,6.28,AUD
307759,2024-03-05T06:06:27,2024-03-05,495,38,Online,Afterpay,COUPONA00A,9.16,AUD
307786,2024-03-05T02:23:58,2024-03-05,500,19,Online,PayPal,COUPONZ-A0,14.74,AUD
307807,2024-03-05T10:03:14,2024-03-05,733,8,Online,Credit Card,COUPON-9ZZ,4.59,AUD
308101,2024-03-05T23:26:17,2024-03-05,350,31,Retail,PayPal,COUPON-0--,17.46,AUD
308165,2024-03-05T06:52:20,2024-03-05,754,50,Online,Credit Card,COUPONA0-A,11.27,AUD
308315,2024-03-05T08:44:01,2024-03-05,32,34,Online,Credit Card,COUPON009A,6.8,AUD
308489,2024-03-05T05:26:00,2024-03-05,511,46,Online,Afterpay,COUPON--99,9.82,AUD
308499,2024-03-05T23:25:52,2024-03-05,302,31,Online,Afterpay,COUPON0-A0,15.56,AUD
308530,2024-03-05T02:31:17,2024-03-05,297,24,Online,PayPal,COUPON9Z--,7.44,AUD
308560,2024-03-05T18:18:06,2024-03-05,621,35,Retail,Afterpay,COUPON--0A,8.64,AUD
308580,2024-03-05T14:32:08,2024-03-05,323,22,Retail,PayPal,COUPON9A0A,1.41,AUD
308585,2024-03-05T21:30:44,2024-03-05,136,12,Online,Afterpay,COUPON90-9,15.89,AUD
308672,2024-03-05T20:21:05,2024-03-05,753,49,Retail,Afterpay,COUPON0---,17.15,AUD
308828,2024-03-05T04:59:03,2024-03-05,32,20,Online,PayPal,COUPONZZ-0,8.71,AUD
308850,2024-03-05T02:36:37,2024-03-05,562,39,Retail,PayPal,COUPON9A9A,6.67,AUD
308942,2024-03-05T11:43:55,2024-03-05,189,50,Retail,Credit Card,COUPONA-A0,17.17,AUD
308961,2024-03-05T16:40:48,2024-03-05,65,24,Online,Credit Card,COUPON9Z9A,11.16,AUD
308984,2024-03-05T02:31:15,2024-03-05,695,49,Retail,PayPal,COUPON-Z99,4.92,AUD
309062,2024-03-05T13:43:42,2024-03-05,110,39,Online,Credit Card,COUPON-0--,8.04,AUD
309088,2024-03-05T03:54:27,2024-03-05,750,27,Online,Afterpay,COUPONA-A9,19.57,AUD
309321,2024-03-05T18:36:36,2024-03-05,350,34,Online,Afterpay,COUPONZZZ0,9.83,AUD
309375,2024-03-05T21:26:03,2024-03-05,305,8,Retail,PayPal,COUPON0-9Z,4.98,AUD
309520,2024-03-05T16:39:29,2024-03-05,214,8,Online,Afterpay,COUPON-Z99,5.19,AUD
309582,2024-03-05T01:28:28,2024-03-05,46,10,Retail,Afterpay,COUPON9Z-Z,14.36,AUD
309600,2024-03-05T18:31:39,2024-03-05,638,3,Retail,Credit Card,COUPON9Z9Z,16.62,AUD
309712,2024-03-05T02:59:50,2024-03-05,688,22,Retail,Credit Card,COUPON-099,8.16,AUD
309995,2024-03-05T00:11:24,2024-03-05,153,23,Retail,Afterpay,COUPON0AZ9,11.24,AUD
310376,2024-03-05T05:33:48,2024-03-05,725,34,Online,Credit Card,COUPONZA9-,14.64,AUD
310491,2024-03-05T13:09:02,2024-03-05,155,33,Retail,Afterpay,COUPON-0Z-,16.46,AUD
310517,2024-03-05T19:37:11,2024-03-05,465,49,Online,Afterpay,COUPON9-9Z,4.06,AUD
310758,2024-03-05T09:56:40,2024-03-05,42,40,Retail,Credit Card,COUPON--0-,12.58,AUD
310788,2024-03-05T00:50:33,2024-03-05,610,42,Retail,Afterpay,COUPON0--0,4.91,AUD
310995,2024-03-05T04:52:53,2024-03-05,410,28,Retail,PayPal,COUPON-0Z9,1.66,AUD
311036,2024-03-05T05:31:56,2024-03-05,713,23,Retail,PayPal,COUPON-A09,1.87,AUD
311177,2024-03-05T19:28:58,2024-03-05,407,33,Retail,Credit Card,COUPONZ0Z-,7.67,AUD
311244,2024-03-05T04:18:08,2024-03-05,398,43,Online,Afterpay,COUPON-Z-A,4.62,AUD
311350,2024-03-05T18:17:40,2024-03-05,649,24,Online,PayPal,COUPON-0Z9,13.47,AUD
311375,2024-03-05T15:36:47,2024-03-05,539,18,Retail,Credit Card,COUPON0-9A,13.48,AUD
311599,2024-03-05T20:02:46,2024-03-05,785,14,Online,PayPal,COUPONA---,16.99,AUD
311612,2024-03-05T07:32:44,2024-03-05,158,21,Online,Afterpay,COUPON9ZAA,10.34,AUD
311716,2024-03-05T23:42:26,2024-03-05,306,3,Retail,Afterpay,COUPON9---,15.57,AUD
311861,2024-03-05T16:05:34,2024-03-05,358,42,Retail,Credit Card,COUPON0ZZ-,7.87,AUD
311874,2024-03-05T11:53:46,2024-03-05,238,42,Online,PayPal,COUPONA-90,3.55,AUD
311927,2024-03-05T15:05:14,2024-03-05,229,49,Online,PayPal,COUPON9AZ0,3.37,AUD
312270,2024-03-05T02:12:34,2024-03-05,455,24,Online,Afterpay,COUPON9-A0,11.56,AUD
312325,2024-03-05T10:08:12,2024-03-05,370,31,Retail,PayPal,COUPON9Z-A,3.8,AUD
312444,2024-03-05T23:20:40,2024-03-05,631,12,Retail,PayPal,COUPON--Z9,14.36,AUD
312528,2024-03-05T15:19:47,2024-03-05,653,13,Online,Afterpay,COUPON-0ZA,9.02,AUD
312670,2024-03-05T10:51:16,2024-03-05,697,34,Online,PayPal,COUPON--ZA,17.68,AUD
312957,2024-03-05T17:50:10,2024-03-05,710,47,Retail,Credit Card,COUPONA-9Z,12.08,AUD
312971,2024-03-05T01:24:04,2024-03-05,398,43,Retail,Afterpay,COUPON0Z0A,7.57,AUD
313108,2024-03-05T06:57:24,2024-03-05,185,13,Retail,Credit Card,COUPON-0A-,15.16,AUD
313188,2024-03-05T02:15:42,2024-03-05,289,45,Retail,PayPal,COUPON-999,9.19,AUD
313302,2024-03-05T14:21:37,2024-03-05,323,7,Online,Credit Card,COUPON9--0,6.76,AUD
313358,2024-03-05T07:27:13,2024-03-05,265,13,Online,Afterpay,COUPON-ZAZ,13.98,AUD
313390,2024-03-05T12:31:36,2024-03-05,525,31,Online,Credit Card,COUPONAA0A,8.41,AUD
313411,2024-03-05T14:20:02,2024-03-05,315,50,Online,Credit Card,COUPONZ009,13.71,AUD
313454,2024-03-05T15:27:16,2024-03-05,400,28,Online,PayPal,COUPON-A00,9.88,AUD
313590,2024-03-05T23:15:27,2024-03-05,681,17,Online,Afterpay,COUPONAZ--,0.61,AUD
313600,2024-03-05T20:39:04,2024-03-05,274,30,Online,Credit Card,COUPON--A-,18.2,AUD
313606,2024-03-05T20:41:33,2024-03-05,278,17,Retail,PayPal,COUPON9900,10.65,AUD
313698,2024-03-05T22:25:08,2024-03-05,776,23,Retail,Credit Card,COUPON0-A0,5.11,AUD
313725,2024-03-05T15:12:43,2024-03-05,793,30,Online,Afterpay,COUPON--90,17.65,AUD
313751,2024-03-05T11:11:15,2024-03-05,617,14,Online,Afterpay,COUPON---A,7.52,AUD
313812,2024-03-05T19:45:16,2024-03-05,773,48,Retail,Afterpay,COUPON-A--,17.49,AUD
313845,2024-03-05T05:24:21,2024-03-05,193,29,Retail,PayPal,COUPONAZ0-,17.43,AUD
314100,2024-03-05T14:08:21,2024-03-05,133,34,Retail,Credit Card,COUPONZ0A-,2.43,AUD
314109,2024-03-05T20:38:28,2024-03-05,111,13,Retail,Afterpay,COUPON9A90,6.97,AUD
314199,2024-03-05T10:56:48,2024-03-05,682,47,Retail,Afterpay,COUPON-A-A,10.03,AUD
314225,2024-03-05T05:01:46,2024-03-05,195,42,Online,Afterpay,COUPONZ9-0,17.19,AUD
314236,2024-03-05T01:08:29,2024-03-05,594,6,Online,Credit Card,COUPONAZ-9,18.47,AUD
314270,2024-03-05T20:52:01,2024-03-05,58,33,Retail,Credit Card,COUPON--0-,6.16,AUD
314283,2024-03-05T02:50:49,2024-03-05,131,27,Retail,Credit Card,COUPON--ZZ,4.85,AUD
314425,2024-03-05T02:07:00,2024-03-05,201,48,Online,Afterpay,COUPONZA-0,2.04,AUD
314559,2024-03-05T21:25:00,2024-03-05,257,38,Retail,PayPal,COUPON-A-0,6.15,AUD
314674,2024-03-05T12:20:43,2024-03-05,210,40,Retail,Afterpay,COUPON9900,19.86,AUD
314758,2024-03-05T12:49:26,2024-03-05,638,22,Online,Credit Card,COUPON9900,2.84,AUD
314895,2024-03-05T02:11:46,2024-03-05,310,50,Retail,Afterpay,COUPON9-A9,19.44,AUD
314907,2024-03-05T02:51:29,2024-03-05,505,42,Retail,PayPal,COUPONZ-AZ,8.99,AUD
314964,2024-03-05T04:40:45,2024-03-05,284,34,Retail,PayPal,COUPON-ZZ0,4.06,AUD
315061,2024-03-05T01:21:51,2024-03-05,49,18,Online,PayPal,COUPON0---,1.05,AUD
315078,2024-03-05T14:46:46,2024-03-05,552,31,Online,Afterpay,COUPONZ-A0,14.06,AUD
315267,2024-03-05T23:00:57,2024-03-05,191,34,Retail,Afterpay,COUPONZA0Z,12.87,AUD
315272,2024-03-05T12:06:11,2024-03-05,12,36,Retail,Afterpay,COUPONZAAA,1.64,AUD
315360,2024-03-05T11:11:26,2024-03-05,217,20,Online,Afterpay,COUPONA-9-,7.06,AUD
315382,2024-03-05T18:35:16,2024-03-05,108,16,Retail,Credit Card,COUPON--0A,4.72,AUD
315423,2024-03-05T12:10:46,2024-03-05,334,27,Online,PayPal,COUPON--9A,3.58,AUD
315440,2024-03-05T02:20:11,2024-03-05,5,16,Online,Credit Card,COUPONAAZZ,19.32,AUD
315474,2024-03-05T10:49:53,2024-03-05,795,45,Online,Afterpay,COUPONZ-9A,1.03,AUD
315557,2024-03-05T05:48:08,2024-03-05,611,1,Retail,Afterpay,COUPON--Z9,13.13,AUD
315604,2024-03-05T20:04:29,2024-03-05,100,44,Online,PayPal,COUPON0Z0-,13.89,AUD
315699,2024-03-05T14:42:35,2024-03-05,727,13,Retail,Credit Card,COUPON--A9,3.66,AUD
315757,2024-03-05T13:16:56,2024-03-05,632,7,Online,PayPal,COUPONZ--A,8.02,AUD
315799,2024-03-05T21:28:33,2024-03-05,335,41,Retail,Credit Card,COUPON-AZ-,18.65,AUD
315818,2024-03-05T15:21:17,2024-03-05,775,35,Retail,Credit Card,COUPONA-Z0,8.73,AUD
315905,2024-03-05T17:07:02,2024-03-05,473,48,Online,Afterpay,COUPON---A,11.64,AUD
316059,2024-03-05T15:56:21,2024-03-05,200,4,Online,PayPal,COUPON09AZ,2.7,AUD
316108,2024-03-05T03:39:09,2024-03-05,243,3,Online,Credit Card,COUPON9A-9,6.77,AUD
316148,2024-03-05T13:55:58,2024-03-05,434,21,Retail,Credit Card,COUPON9AA-,5.44,AUD
316188,2024-03-05T12:36:43,2024-03-05,3,48,Retail,Credit Card,COUPON0-9-,3.85,AUD
316199,2024-03-05T08:28:21,2024-03-05,167,12,Online,Credit Card,COUPON09ZZ,8.4,AUD
316667,2024-03-05T17:42:36,2024-03-05,255,18,Retail,PayPal,COUPONZZ-9,5.87,AUD
316824,2024-03-05T19:27:08,2024-03-05,653,13,Retail,Afterpay,COUPON-ZZ-,9.48,AUD
316917,2024-03-05T04:45:44,2024-03-05,625,49,Retail,Afterpay,COUPON-0--,5.87,AUD
316933,2024-03-05T12:12:25,2024-03-05,686,19,Retail,Afterpay,COUPON---Z,1.51,AUD
317184,2024-03-05T04:01:34,2024-03-05,253,42,Online,Credit Card,COUPON0A--,7.07,AUD
317185,2024-03-05T21:05:04,2024-03-05,275,11,Retail,Afterpay,COUPON9--0,4.46,AUD
317210,2024-03-05T00:26:39,2024-03-05,95,22,Retail,PayPal,COUPONZA9A,18.52,AUD
317228,2024-03-05T19:31:48,2024-03-05,302,9,Retail,PayPal,COUPONAA99,2.57,AUD
317249,2024-03-05T12:40:39,2024-03-05,257,6,Online,Credit Card,COUPON--A9,16.32,AUD
317255,2024-03-05T09:29:29,2024-03-05,204,10,Online,Afterpay,COUPON0-0A,10.35,AUD
317270,2024-03-05T15:33:49,2024-03-05,420,48,Retail,Credit Card,COUPON-9--,10.14,AUD
317365,2024-03-05T04:57:15,2024-03-05,677,30,Online,Credit Card,COUPON-909,8.95,AUD
317393,2024-03-05T10:22:57,2024-03-05,443,31,Online,PayPal,COUPON9A0-,6.9,AUD
317500,2024-03-05T16:21:46,2024-03-05,590,9,Retail,Credit Card,COUPON--0Z,0.3,AUD
317684,2024-03-05T18:36:15,2024-03-05,773,13,Online,Credit Card,COUPON0Z09,2.99,AUD
317709,2024-03-05T21:37:46,2024-03-05,501,10,Retail,PayPal,COUPON-A99,15.51,AUD
317854,2024-03-05T15:15:11,2024-03-05,168,7,Online,PayPal,COUPONA9-0,19.43,AUD
317902,2024-03-05T16:00:25,2024-03-05,239,5,Online,Credit Card,COUPON09A-,10.32,AUD
318129,2024-03-05T20:46:48,2024-03-05,11,46,Retail,Afterpay,COUPON-099,11.92,AUD
318131,2024-03-05T03:43:45,2024-03-05,760,2,Online,Afterpay,COUPON9-99,15.99,AUD
318513,2024-03-05T16:59:35,2024-03-05,796,39,Online,Afterpay,COUPON--09,5.84,AUD
318580,2024-03-05T07:26:00,2024-03-05,460,18,Retail,Credit Card,COUPON-Z--,4.92,AUD
318771,2024-03-05T11:20:39,2024-03-05,711,46,Online,Credit Card,COUPONAZ0-,10.23,AUD
318897,2024-03-05T20:04:17,2024-03-05,581,12,Retail,Credit Card,COUPONZ0-9,2.0,AUD
318984,2024-03-05T07:02:30,2024-03-05,102,16,Online,Credit Card,COUPON-0A9,3.09,AUD
319058,2024-03-05T21:37:07,2024-03-05,612,24,Online,PayPal,COUPONZ9A-,4.95,AUD
319135,2024-03-05T05:12:19,2024-03-05,275,45,Retail,Afterpay,COUPONA9-9,18.83,AUD
319220,2024-03-05T09:32:12,2024-03-05,261,23,Online,Afterpay,COUPONAZZA,2.46,AUD
319250,2024-03-05T23:49:34,2024-03-05,711,24,Online,Credit Card,COUPONZZ--,13.49,AUD
319400,2024-03-05T08:31:22,2024-03-05,11,27,Retail,Credit Card,COUPON99Z9,7.09,AUD
319413,2024-03-05T16:50:57,2024-03-05,640,27,Retail,Afterpay,COUPON-000,0.39,AUD
319503,2024-03-05T05:22:33,2024-03-05,138,48,Retail,Credit Card,COUPONAZ9A,19.92,AUD
319545,2024-03-05T21:55:26,2024-03-05,217,22,Online,PayPal,COUPONZ-Z9,13.75,AUD
319604,2024-03-05T07:04:27,2024-03-05,251,36,Retail,PayPal,COUPON09A-,5.96,AUD
319634,2024-03-05T10:06:46,2024-03-05,721,20,Retail,Credit Card,COUPON-90-,11.72,AUD
319674,2024-03-05T14:01:13,2024-03-05,375,26,Retail,Credit Card,COUPON-0Z-,12.05,AUD
319717,2024-03-05T02:57:28,2024-03-05,314,34,Retail,Credit Card,COUPONZAZ-,13.01,AUD
319765,2024-03-05T22:33:32,2024-03-05,212,26,Retail,Afterpay,COUPONZ-09,0.97,AUD
319840,2024-03-05T04:24:11,2024-03-05,771,49,Online,PayPal,COUPONA-A9,4.18,AUD
319869,2024-03-05T22:43:21,2024-03-05,202,23,Online,Afterpay,COUPON-9-A,13.16,AUD
319889,2024-03-05T15:04:58,2024-03-05,226,50,Online,Credit Card,COUPONA9Z9,0.21,AUD
319919,2024-03-05T15:33:40,2024-03-05,499,7,Retail,Credit Card,COUPONZZ9A,16.86,AUD
319971,2024-03-05T14:02:42,2024-03-05,388,46,Online,Afterpay,COUPONA--A,11.98,AUD
319977,2024-03-05T04:34:41,2024-03-05,752,45,Retail,Afterpay,COUPONA-9-,8.15,AUD
320112,2024-03-05T21:35:29,2024-03-05,477,14,Online,Afterpay,COUPON-0Z9,13.59,AUD
320188,2024-03-05T11:44:07,2024-03-05,784,33,Online,Afterpay,COUPON09A9,13.0,AUD
320318,2024-03-05T10:41:53,2024-03-05,133,49,Retail,PayPal,COUPON--0Z,16.68,AUD
320382,2024-03-05T10:57:15,2024-03-05,441,46,Online,Afterpay,COUPONA0--,15.56,AUD
320420,2024-03-05T08:18:09,2024-03-05,566,5,Online,Credit Card,COUPON9ZZZ,16.37,AUD
320537,2024-03-05T06:49:58,2024-03-05,69,44,Retail,PayPal,COUPON-AZ0,17.25,AUD
320644,2024-03-05T12:39:38,2024-03-05,431,14,Retail,Credit Card,COUPON0ZAA,7.69,AUD
320679,2024-03-05T04:47:25,2024-03-05,603,11,Online,PayPal,COUPONZ--0,13.38,AUD
320764,2024-03-05T17:12:35,2024-03-05,27,19,Retail,Afterpay,COUPONZA9A,11.26,AUD
320945,2024-03-05T00:50:53,2024-03-05,134,50,Retail,Afterpay,COUPON00-9,19.83,AUD
321034,2024-03-05T14:38:59,2024-03-05,270,39,Online,Afterpay,COUPONZ--0,7.21,AUD
321054,2024-03-05T19:20:41,2024-03-05,363,12,Retail,PayPal,COUPON0AA-,10.36,AUD
321098,2024-03-05T11:13:50,2024-03-05,536,2,Online,Afterpay,COUPON-A9Z,7.48,AUD
321148,2024-03-05T18:30:09,2024-03-05,27,36,Online,Credit Card,COUPON9-9A,18.37,AUD
321204,2024-03-05T23:55:42,2024-03-05,201,38,Retail,PayPal,COUPON-9A0,18.14,AUD
321459,2024-03-05T09:35:16,2024-03-05,140,35,Retail,Afterpay,COUPONZZ9A,12.95,AUD
321468,2024-03-05T11:41:16,2024-03-05,528,17,Online,PayPal,COUPONZ-A9,13.22,AUD
321472,2024-03-05T18:14:15,2024-03-05,51,4,Online,Credit Card,COUPON09Z9,19.56,AUD
321538,2024-03-05T08:16:02,2024-03-05,454,18,Online,Afterpay,COUPON--ZZ,5.0,AUD
321645,2024-03-05T20:40:23,2024-03-05,486,47,Retail,PayPal,COUPON-099,3.31,AUD
321727,2024-03-05T04:04:02,2024-03-05,300,5,Retail,PayPal,COUPON--A9,9.16,AUD
321744,2024-03-05T22:09:01,2024-03-05,319,43,Retail,Credit Card,COUPON990-,17.12,AUD
321801,2024-03-05T12:36:08,2024-03-05,157,18,Retail,Credit Card,COUPON-9A-,6.55,AUD
321810,2024-03-05T17:20:27,2024-03-05,712,24,Retail,Credit Card,COUPONZA--,18.22,AUD
322087,2024-03-05T15:26:01,2024-03-05,101,1,Online,Credit Card,COUPONZ00A,19.4,AUD
322089,2024-03-05T09:01:27,2024-03-05,514,33,Online,Credit Card,COUPON-9Z-,15.5,AUD
322114,2024-03-05T15:52:23,2024-03-05,770,19,Retail,Afterpay,COUPONAA09,9.5,AUD
322115,2024-03-05T05:14:17,2024-03-05,376,5,Retail,Credit Card,COUPON9-A9,15.51,AUD
322212,2024-03-05T15:57:50,2024-03-05,320,28,Retail,Afterpay,COUPON0-0Z,13.09,AUD
322229,2024-03-05T10:42:28,2024-03-05,721,39,Retail,Afterpay,COUPON0A9-,11.91,AUD
322384,2024-03-05T21:23:35,2024-03-05,471,45,Retail,Credit Card,COUPON-9A-,13.91,AUD
322454,2024-03-05T19:37:16,2024-03-05,313,21,Retail,Credit Card,COUPON9-ZA,3.99,AUD
322659,2024-03-05T21:47:20,2024-03-05,129,43,Retail,Credit Card,COUPONZAA0,1.52,AUD
322695,2024-03-05T00:46:19,2024-03-05,55,13,Retail,Afterpay,COUPON-0ZZ,0.48,AUD
322718,2024-03-05T02:53:19,2024-03-05,652,16,Online,Afterpay,COUPON--Z0,7.16,AUD
322930,2024-03-05T06:58:50,2024-03-05,379,24,Online,PayPal,COUPON9000,8.86,AUD
322967,2024-03-05T07:06:41,2024-03-05,530,19,Online,Credit Card,COUPON099-,3.87,AUD
323174,2024-03-05T19:57:00,2024-03-05,738,32,Online,Credit Card,COUPONZA-0,10.57,AUD
323249,2024-03-05T08:24:25,2024-03-05,517,44,Online,Credit Card,COUPONZ0Z0,5.21,AUD
323252,2024-03-05T20:49:39,2024-03-05,676,6,Retail,PayPal,COUPONA9-9,6.56,AUD
323263,2024-03-05T14:35:45,2024-03-05,537,29,Retail,Afterpay,COUPON9Z00,9.83,AUD
323441,2024-03-05T03:42:11,2024-03-05,502,44,Retail,Credit Card,COUPON-0-0,2.42,AUD
323483,2024-03-05T21:25:48,2024-03-05,609,33,Retail,Credit Card,COUPON----,15.76,AUD
323511,2024-03-05T15:48:17,2024-03-05,30,26,Online,Afterpay,COUPONA-9A,13.44,AUD
323545,2024-03-05T15:08:25,2024-03-05,170,49,Retail,Credit Card,COUPONZ-0-,10.49,AUD
323553,2024-03-05T04:18:47,2024-03-05,752,35,Online,Credit Card,COUPON99ZA,3.4,AUD
323757,2024-03-05T07:33:52,2024-03-05,780,9,Online,Credit Card,COUPONZ--0,19.57,AUD
323867,2024-03-05T02:45:24,2024-03-05,80,32,Online,Credit Card,COUPON0--Z,14.76,AUD
323882,2024-03-05T05:37:10,2024-03-05,584,42,Online,Afterpay,COUPON-ZZ-,7.68,AUD
323983,2024-03-05T16:50:10,2024-03-05,587,31,Retail,PayPal,COUPON9Z99,16.25,AUD
324091,2024-03-05T10:17:06,2024-03-05,391,16,Retail,Afterpay,COUPON-0A-,14.37,AUD
324170,2024-03-05T08:48:07,2024-03-05,731,26,Online,Afterpay,COUPONAZA-,19.97,AUD
324195,2024-03-05T17:25:31,2024-03-05,11,10,Online,Credit Card,COUPONAA0-,15.86,AUD
324214,2024-03-05T14:57:21,2024-03-05,332,2,Retail,Credit Card,COUPON--A-,16.92,AUD
324236,2024-03-05T21:04:04,2024-03-05,294,19,Online,Afterpay,COUPON9--9,19.36,AUD
324299,2024-03-05T10:52:54,2024-03-05,759,10,Retail,PayPal,COUPON09-Z,14.89,AUD
324343,2024-03-05T18:58:36,2024-03-05,182,16,Online,PayPal,COUPON-99A,13.68,AUD
324394,2024-03-05T21:24:02,2024-03-05,697,19,Retail,Credit Card,COUPONZZ--,15.84,AUD
324553,2024-03-05T19:17:19,2024-03-05,263,45,Online,PayPal,COUPON--90,1.71,AUD
324780,2024-03-05T04:03:00,2024-03-05,475,5,Retail,PayPal,COUPON90-Z,14.84,AUD
324892,2024-03-05T11:12:14,2024-03-05,439,18,Online,PayPal,COUPON90Z0,12.83,AUD
325146,2024-03-05T08:32:42,2024-03-05,58,9,Online,Credit Card,COUPON99ZA,7.39,AUD
325331,2024-03-05T14:31:20,2024-03-05,185,25,Online,Credit Card,COUPON09ZZ,3.3,AUD
325383,2024-03-05T10:11:41,2024-03-05,95,26,Online,Afterpay,COUPON99-A,9.26,AUD
325427,2024-03-05T15:22:38,2024-03-05,546,32,Online,PayPal,COUPONZA-A,0.49,AUD
325471,2024-03-05T08:50:27,2024-03-05,165,26,Online,Afterpay,COUPONZ9-A,9.7,AUD
325500,2024-03-05T04:12:42,2024-03-05,415,7,Online,Afterpay,COUPON9-0-,12.35,AUD
325804,2024-03-05T08:02:36,2024-03-05,494,45,Retail,PayPal,COUPON--Z0,16.8,AUD
325881,2024-03-05T15:04:19,2024-03-05,484,39,Retail,PayPal,COUPON9-9Z,2.14,AUD
326112,2024-03-05T07:31:10,2024-03-05,12,23,Retail,PayPal,COUPONAZ-Z,18.41,AUD
326145,2024-03-05T22:00:57,2024-03-05,774,22,Retail,Afterpay,COUPONA---,3.28,AUD
326342,2024-03-05T04:33:38,2024-03-05,263,40,Online,Afterpay,COUPON0A-Z,10.8,AUD
326374,2024-03-05T07:30:12,2024-03-05,218,25,Online,Credit Card,COUPON0-90,14.34,AUD
326451,2024-03-05T11:52:16,2024-03-05,589,37,Online,Credit Card,COUPON0--0,19.73,AUD
326467,2024-03-05T17:16:07,2024-03-05,37,30,Retail,Afterpay,COUPONA9Z-,3.13,AUD
326626,2024-03-05T21:33:40,2024-03-05,587,20,Online,Afterpay,COUPONZ-ZA,17.12,AUD
326641,2024-03-05T04:57:13,2024-03-05,211,46,Retail,Afterpay,COUPON0-0Z,10.42,AUD
326853,2024-03-05T07:04:23,2024-03-05,640,43,Retail,Credit Card,COUPON-ZZ-,6.18,AUD
326933,2024-03-05T17:47:28,2024-03-05,587,43,Retail,Credit Card,COUPONA09-,16.27,AUD
327013,2024-03-05T18:21:57,2024-03-05,138,16,Online,Credit Card,COUPONA-Z9,3.65,AUD
327064,2024-03-05T09:44:01,2024-03-05,279,11,Online,Credit Card,COUPON0--9,12.79,AUD
327156,2024-03-05T11:01:50,2024-03-05,506,5,Online,PayPal,COUPON--A0,12.32,AUD
327228,2024-03-05T21:00:52,2024-03-05,271,42,Online,Afterpay,COUPON9-09,7.72,AUD
327338,2024-03-05T00:58:14,2024-03-05,392,30,Retail,PayPal,COUPON9--9,13.12,AUD
327445,2024-03-05T03:05:03,2024-03-05,121,7,Online,Afterpay,COUPON-9-A,8.29,AUD
327462,2024-03-05T16:38:45,2024-03-05,76,9,Online,Afterpay,COUPONZ90-,19.69,AUD
327564,2024-03-05T23:01:31,2024-03-05,68,50,Online,Afterpay,COUPON0AZA,14.99,AUD
327620,2024-03-05T02:38:23,2024-03-05,519,1,Retail,Credit Card,COUPON00--,2.26,AUD
327626,2024-03-05T02:31:18,2024-03-05,789,43,Online,Credit Card,COUPON---9,18.63,AUD
327651,2024-03-05T07:19:36,2024-03-05,351,7,Online,Afterpay,COUPON-Z9A,18.36,AUD
327692,2024-03-05T17:01:48,2024-03-05,657,41,Online,Credit Card,COUPONA-0-,9.2,AUD
327712,2024-03-05T02:49:49,2024-03-05,12,38,Retail,PayPal,COUPON90-9,3.6,AUD
327730,2024-03-05T14:09:18,2024-03-05,411,29,Retail,PayPal,COUPON----,11.75,AUD
327753,2024-03-05T18:15:00,2024-03-05,191,21,Retail,Credit Card,COUPON-AZA,3.88,AUD
327836,2024-03-05T13:00:51,2024-03-05,92,1,Retail,Credit Card,COUPON9-Z9,11.22,AUD
328469,2024-03-05T06:36:54,2024-03-05,83,15,Retail,Afterpay,COUPON9-9-,0.54,AUD
328846,2024-03-05T12:37:09,2024-03-05,675,37,Retail,Credit Card,COUPON9-90,14.1,AUD
328984,2024-03-05T18:40:27,2024-03-05,688,16,Retail,PayPal,COUPONA--A,12.34,AUD
329054,2024-03-05T01:28:03,2024-03-05,109,30,Retail,Afterpay,COUPON-ZA9,14.91,AUD
329259,2024-03-05T01:06:28,2024-03-05,259,40,Retail,Afterpay,COUPON-0A-,5.84,AUD
329810,2024-03-05T01:25:00,2024-03-05,439,9,Retail,PayPal,COUPONZ0-0,13.02,AUD
330147,2024-03-05T00:00:31,2024-03-05,142,2,Online,Credit Card,COUPON90A9,4.32,AUD
330217,2024-03-05T10:15:31,2024-03-05,485,21,Online,Credit Card,COUPONA9Z0,16.36,AUD
330714,2024-03-05T23:15:20,2024-03-05,293,6,Online,Credit Card,COUPONZ-0-,1.62,AUD
330735,2024-03-05T01:26:18,2024-03-05,506,28,Retail,Afterpay,COUPONA99A,5.88,AUD
330773,2024-03-05T13:34:27,2024-03-05,341,20,Online,Credit Card,COUPONAA9A,13.11,AUD
330811,2024-03-05T21:08:57,2024-03-05,66,39,Retail,Credit Card,COUPON-A--,14.52,AUD
330845,2024-03-05T06:09:41,2024-03-05,484,39,Retail,Credit Card,COUPON0---,14.98,AUD
330914,2024-03-05T07:04:30,2024-03-05,319,21,Retail,PayPal,COUPONA-A-,15.14,AUD
330928,2024-03-05T15:44:10,2024-03-05,277,48,Online,PayPal,COUPON-A09,9.92,AUD
330992,2024-03-05T16:59:48,2024-03-05,469,34,Online,Afterpay,COUPONZ0--,8.08,AUD
331002,2024-03-05T12:41:04,2024-03-05,792,16,Retail,PayPal,COUPON0-A9,7.9,AUD
331062,2024-03-05T09:05:47,2024-03-05,690,30,Online,Credit Card,COUPONZA-A,3.7,AUD
331096,2024-03-05T06:12:11,2024-03-05,285,15,Retail,PayPal,COUPONZ-Z9,15.41,AUD
331104,2024-03-05T00:47:17,2024-03-05,329,38,Online,Afterpay,COUPONZ-9-,14.63,AUD
331120,2024-03-05T09:22:53,2024-03-05,14,36,Online,Afterpay,COUPONA0ZA,14.05,AUD
331190,2024-03-05T05:07:34,2024-03-05,232,36,Retail,Afterpay,COUPONAA00,16.66,AUD
331275,2024-03-05T13:01:03,2024-03-05,217,25,Retail,Afterpay,COUPON-AZ-,10.29,AUD
331318,2024-03-05T05:10:01,2024-03-05,519,24,Retail,Afterpay,COUPON09A-,8.48,AUD
331418,2024-03-05T23:45:28,2024-03-05,566,34,Online,PayPal,COUPON0-9-,15.52,AUD
331445,2024-03-05T20:51:10,2024-03-05,57,19,Online,PayPal,COUPON90AZ,11.8,AUD
331469,2024-03-05T05:27:37,2024-03-05,252,44,Retail,PayPal,COUPON-AZA,14.95,AUD
331550,2024-03-05T16:28:02,2024-03-05,606,35,Online,Credit Card,COUPONZ-A-,2.34,AUD
331551,2024-03-05T07:55:03,2024-03-05,399,10,Retail,Afterpay,COUPONZ-Z-,11.56,AUD
331575,2024-03-05T03:24:52,2024-03-05,425,39,Retail,Afterpay,COUPON-Z--,14.76,AUD
331584,2024-03-05T11:39:36,2024-03-05,512,24,Retail,Afterpay,COUPON9A-A,11.34,AUD
331589,2024-03-05T01:08:49,2024-03-05,343,19,Retail,Afterpay,COUPONZ-Z-,4.89,AUD
331775,2024-03-05T16:04:38,2024-03-05,265,9,Online,Credit Card,COUPON9A-Z,2.68,AUD
331821,2024-03-05T14:34:31,2024-03-05,635,27,Online,Afterpay,COUPONZ00-,7.47,AUD
331828,2024-03-05T13:28:08,2024-03-05,156,44,Retail,PayPal,COUPON-0-9,2.69,AUD
331858,2024-03-05T02:50:43,2024-03-05,751,47,Retail,Credit Card,COUPON-Z-Z,3.51,AUD
332050,2024-03-05T00:16:07,2024-03-05,194,13,Online,PayPal,COUPONA0-0,2.43,AUD
332102,2024-03-05T12:41:30,2024-03-05,167,6,Retail,PayPal,COUPON-0--,19.66,AUD
332117,2024-03-05T13:43:10,2024-03-05,553,11,Retail,PayPal,COUPONZZ0Z,9.22,AUD
332174,2024-03-05T18:06:20,2024-03-05,369,19,Retail,PayPal,COUPONZZ09,12.17,AUD
332190,2024-03-05T17:47:59,2024-03-05,599,27,Online,Credit Card,COUPON-9AA,19.76,AUD
332252,2024-03-05T11:33:36,2024-03-05,121,12,Retail,Afterpay,COUPON-AA0,19.07,AUD
332350,2024-03-05T02:04:25,2024-03-05,196,18,Retail,Credit Card,COUPONA-AZ,5.41,AUD
332450,2024-03-05T11:11:37,2024-03-05,151,30,Online,PayPal,COUPON0A0-,9.52,AUD
332490,2024-03-05T05:05:45,2024-03-05,481,12,Retail,Credit Card,COUPONA---,10.29,AUD
332602,2024-03-05T02:51:28,2024-03-05,615,38,Retail,Afterpay,COUPON-0Z-,17.83,AUD
332906,2024-03-05T19:37:10,2024-03-05,150,9,Retail,Credit Card,COUPONAZ9Z,5.13,AUD
332964,2024-03-05T07:01:18,2024-03-05,759,15,Retail,PayPal,COUPONA0ZZ,3.35,AUD
333060,2024-03-05T13:04:21,2024-03-05,632,2,Online,PayPal,COUPON--9-,18.59,AUD
333219,2024-03-05T13:40:31,2024-03-05,410,33,Retail,PayPal,COUPONAZA-,6.75,AUD
333290,2024-03-05T02:23:20,2024-03-05,83,13,Retail,Afterpay,COUPONAA09,12.52,AUD
333298,2024-03-05T12:31:56,2024-03-05,104,23,Online,Afterpay,COUPON-99A,11.21,AUD
333312,2024-03-05T06:10:41,2024-03-05,120,25,Retail,PayPal,COUPONA--0,0.73,AUD
333381,2024-03-05T08:27:20,2024-03-05,343,10,Online,Credit Card,COUPON---Z,13.63,AUD
333443,2024-03-05T18:04:52,2024-03-05,407,10,Online,Afterpay,COUPON0AA-,12.64,AUD
333468,2024-03-05T23:30:23,2024-03-05,404,28,Online,Afterpay,COUPONAAA-,8.03,AUD
333484,2024-03-05T02:18:33,2024-03-05,221,13,Online,PayPal,COUPON09A9,14.02,AUD
333559,2024-03-05T09:26:18,2024-03-05,569,6,Online,Afterpay,COUPON9009,0.51,AUD
333654,2024-03-05T02:06:05,2024-03-05,165,18,Retail,PayPal,COUPONZ00-,0.34,AUD
333918,2024-03-05T18:20:35,2024-03-05,664,14,Online,PayPal,COUPON0--Z,4.26,AUD
334032,2024-03-05T12:27:41,2024-03-05,662,43,Online,Afterpay,COUPON009-,1.69,AUD
334061,2024-03-05T07:55:48,2024-03-05,156,19,Online,Credit Card,COUPON--0Z,4.79,AUD
334099,2024-03-05T04:45:31,2024-03-05,578,31,Online,Afterpay,COUPON999Z,0.23,AUD
334226,2024-03-05T09:09:34,2024-03-05,38,28,Online,Afterpay,COUPON0A0-,19.26,AUD
334269,2024-03-05T01:39:24,2024-03-05,42,7,Retail,Afterpay,COUPON-9-9,3.14,AUD
334354,2024-03-05T05:27:30,2024-03-05,115,3,Online,PayPal,COUPON0ZA-,14.05,AUD
334589,2024-03-05T23:12:47,2024-03-05,530,49,Retail,PayPal,COUPONZ-ZA,6.54,AUD
334601,2024-03-05T01:51:01,2024-03-05,545,31,Online,Credit Card,COUPON-Z-A,19.41,AUD
334655,2024-03-05T05:15:59,2024-03-05,719,2,Retail,Afterpay,COUPONA---,19.59,AUD
334682,2024-03-05T19:59:20,2024-03-05,377,29,Online,PayPal,COUPON0-ZA,13.32,AUD
334731,2024-03-05T02:47:30,2024-03-05,660,37,Online,PayPal,COUPON--09,16.23,AUD
334769,2024-03-05T23:56:27,2024-03-05,695,21,Retail,Afterpay,COUPON0--Z,18.41,AUD
334849,2024-03-05T13:13:33,2024-03-05,107,36,Retail,Afterpay,COUPON-9-Z,19.82,AUD
335442,2024-03-05T18:52:43,2024-03-05,32,25,Retail,PayPal,COUPON--0-,1.71,AUD
335828,2024-03-05T05:20:02,2024-03-05,777,43,Online,Credit Card,COUPON--Z0,16.13,AUD
335955,2024-03-05T10:16:48,2024-03-05,217,31,Retail,Afterpay,COUPON099-,1.5,AUD
336054,2024-03-05T23:25:43,2024-03-05,664,10,Online,Afterpay,COUPONA-09,18.1,AUD
336202,2024-03-05T09:27:46,2024-03-05,386,28,Retail,Credit Card,COUPONZ9--,16.35,AUD
336218,2024-03-05T21:17:39,2024-03-05,113,6,Retail,Afterpay,COUPON9-9-,3.45,AUD
336238,2024-03-05T15:01:19,2024-03-05,374,1,Online,Afterpay,COUPONAZ--,15.16,AUD
336534,2024-03-05T03:50:39,2024-03-05,606,48,Retail,Credit Card,COUPONAA--,5.92,AUD
336549,2024-03-05T18:50:16,2024-03-05,161,30,Retail,PayPal,COUPONA-00,6.86,AUD
336565,2024-03-05T03:08:41,2024-03-05,454,9,Online,Credit Card,COUPONZ-9-,15.79,AUD
336591,2024-03-05T17:58:43,2024-03-05,547,35,Retail,Afterpay,COUPONA-0-,16.75,AUD
336700,2024-03-05T22:26:38,2024-03-05,684,50,Retail,Credit Card,COUPON-Z-A,17.4,AUD
336809,2024-03-05T10:17:02,2024-03-05,707,45,Online,PayPal,COUPONZZ9Z,14.04,AUD
336847,2024-03-05T20:34:21,2024-03-05,501,21,Online,Afterpay,COUPON99ZA,19.8,AUD
336855,2024-03-05T20:42:05,2024-03-05,258,1,Online,Afterpay,COUPON--Z9,7.43,AUD
336926,2024-03-05T16:33:19,2024-03-05,72,44,Retail,Afterpay,COUPON-Z--,3.19,AUD
336930,2024-03-05T11:19:18,2024-03-05,390,44,Online,Afterpay,COUPONA-ZA,18.8,AUD
337011,2024-03-05T22:46:51,2024-03-05,182,35,Online,Afterpay,COUPONAZZZ,2.43,AUD
337120,2024-03-05T23:35:47,2024-03-05,188,39,Retail,PayPal,COUPONZ-A9,10.8,AUD
337140,2024-03-05T08:26:11,2024-03-05,152,2,Online,PayPal,COUPONA0Z-,8.9,AUD
337196,2024-03-05T19:30:30,2024-03-05,550,10,Retail,Credit Card,COUPON--AA,9.18,AUD
337224,2024-03-05T01:37:48,2024-03-05,489,40,Retail,Credit Card,COUPON---9,9.62,AUD
337462,2024-03-05T16:33:58,2024-03-05,131,19,Online,Credit Card,COUPONZ99A,14.1,AUD
337538,2024-03-05T21:35:41,2024-03-05,60,44,Online,PayPal,COUPONA0--,19.5,AUD
337561,2024-03-05T01:15:23,2024-03-05,227,5,Online,Credit Card,COUPON-0--,6.89,AUD
337643,2024-03-05T23:50:37,2024-03-05,663,17,Online,Credit Card,COUPON--A9,6.38,AUD
337748,2024-03-05T09:52:07,2024-03-05,210,47,Retail,PayPal,COUPONZ99A,1.36,AUD
337823,2024-03-05T23:02:36,2024-03-05,571,24,Retail,PayPal,COUPONZZ90,6.97,AUD
337868,2024-03-05T04:06:02,2024-03-05,474,4,Retail,Credit Card,COUPON-AZ-,17.44,AUD
337902,2024-03-05T22:56:33,2024-03-05,406,47,Online,PayPal,COUPON9-0-,2.9,AUD
338140,2024-03-05T08:48:14,2024-03-05,763,32,Online,Credit Card,COUPON--9-,1.8,AUD
338181,2024-03-05T18:19:36,2024-03-05,645,4,Online,Credit Card,COUPON9-0A,1.22,AUD
338263,2024-03-05T16:55:20,2024-03-05,463,20,Online,Credit Card,COUPON--0-,4.72,AUD
338268,2024-03-05T16:09:55,2024-03-05,256,48,Retail,Afterpay,COUPONZ-90,12.72,AUD
338405,2024-03-05T21:26:39,2024-03-05,673,5,Online,Credit Card,COUPON9-09,1.45,AUD
338426,2024-03-05T14:28:08,2024-03-05,746,8,Retail,PayPal,COUPONZ99-,7.97,AUD
338639,2024-03-05T19:11:29,2024-03-05,523,44,Online,Credit Card,COUPON----,9.52,AUD
338723,2024-03-05T01:07:21,2024-03-05,201,29,Retail,Afterpay,COUPON0-0Z,14.08,AUD
338902,2024-03-05T20:04:57,2024-03-05,279,30,Retail,Credit Card,COUPONZA9-,9.14,AUD
339118,2024-03-05T14:05:07,2024-03-05,728,41,Retail,PayPal,COUPON099-,12.97,AUD
339127,2024-03-05T22:37:31,2024-03-05,698,10,Online,Afterpay,COUPON---0,1.3,AUD
339246,2024-03-05T17:39:17,2024-03-05,444,33,Retail,PayPal,COUPONZ900,7.98,AUD
339380,2024-03-05T04:03:41,2024-03-05,570,7,Online,Afterpay,COUPON-A-A,9.1,AUD
339508,2024-03-05T20:34:10,2024-03-05,301,48,Retail,Afterpay,COUPONAA-9,4.26,AUD
339788,2024-03-05T19:35:04,2024-03-05,366,13,Retail,Credit Card,COUPONZ0AA,2.94,AUD
339924,2024-03-05T01:48:15,2024-03-05,682,46,Retail,Afterpay,COUPONA099,9.52,AUD
339970,2024-03-05T22:53:43,2024-03-05,131,33,Retail,Credit Card,COUPON-0A-,11.83,AUD
339972,2024-03-05T05:35:58,2024-03-05,635,47,Online,Credit Card,COUPONA-99,15.46,AUD
340039,2024-03-05T12:45:03,2024-03-05,673,2,Retail,PayPal,COUPON00-0,2.16,AUD
340090,2024-03-05T22:14:18,2024-03-05,262,16,Online,PayPal,COUPON0-09,5.1,AUD
340110,2024-03-05T16:29:30,2024-03-05,102,5,Online,PayPal,COUPON--9Z,9.05,AUD
340140,2024-03-05T20:35:19,2024-03-05,93,25,Online,Credit Card,COUPON--ZA,1.34,AUD
340168,2024-03-05T11:54:34,2024-03-05,44,7,Retail,PayPal,COUPONA9AZ,13.72,AUD
340203,2024-03-05T03:43:18,2024-03-05,523,29,Online,PayPal,COUPON0AZ-,1.32,AUD
340418,2024-03-05T03:55:18,2024-03-05,497,25,Online,Afterpay,COUPONZA-0,19.46,AUD
340449,2024-03-05T20:14:54,2024-03-05,15,5,Online,Credit Card,COUPON--9-,11.15,AUD
340617,2024-03-05T17:48:53,2024-03-05,135,29,Retail,Afterpay,COUPON9-9-,10.09,AUD
340682,2024-03-05T08:33:37,2024-03-05,183,40,Online,Credit Card,COUPON--0-,10.85,AUD
340711,2024-03-05T05:52:59,2024-03-05,684,9,Retail,Credit Card,COUPON-AAZ,0.3,AUD
340824,2024-03-05T04:09:40,2024-03-05,628,21,Retail,PayPal,COUPONZ-99,6.37,AUD
340834,2024-03-05T06:37:42,2024-03-05,304,10,Retail,PayPal,COUPONA-0-,10.8,AUD
340861,2024-03-05T07:05:38,2024-03-05,249,7,Online,Afterpay,COUPON00-Z,18.64,AUD
341097,2024-03-05T15:01:02,2024-03-05,134,49,Retail,Afterpay,COUPON0ZZ9,7.19,AUD
341145,2024-03-05T04:04:39,2024-03-05,261,18,Retail,Afterpay,COUPON9-90,2.06,AUD
341216,2024-03-05T00:39:07,2024-03-05,205,17,Online,Credit Card,COUPON09-Z,10.88,AUD
341385,2024-03-05T06:53:33,2024-03-05,440,5,Retail,Afterpay,COUPON0-99,19.9,AUD
341435,2024-03-05T13:35:25,2024-03-05,128,30,Retail,PayPal,COUPON9---,0.88,AUD
341453,2024-03-05T19:28:35,2024-03-05,639,12,Retail,Credit Card,COUPON-Z0-,2.23,AUD
341606,2024-03-05T01:00:38,2024-03-05,29,17,Online,Afterpay,COUPONZZ-0,15.91,AUD
341622,2024-03-05T16:38:05,2024-03-05,663,30,Online,Credit Card,COUPON9Z-9,2.72,AUD
341683,2024-03-05T14:37:35,2024-03-05,353,20,Online,Afterpay,COUPON--AA,8.08,AUD
341692,2024-03-05T12:11:14,2024-03-05,406,1,Retail,Credit Card,COUPONAZ9-,3.09,AUD
342030,2024-03-05T03:30:58,2024-03-05,533,32,Online,Afterpay,COUPON9Z0Z,0.7,AUD
342178,2024-03-05T06:06:14,2024-03-05,352,18,Online,Credit Card,COUPON-0-0,0.03,AUD
342245,2024-03-05T03:24:23,2024-03-05,472,45,Retail,Credit Card,COUPON90--,19.83,AUD
342324,2024-03-05T06:55:49,2024-03-05,375,31,Retail,Afterpay,COUPON-0--,1.95,AUD
342334,2024-03-05T21:57:48,2024-03-05,690,21,Retail,Afterpay,COUPON00AZ,11.66,AUD
342353,2024-03-05T22:11:29,2024-03-05,725,33,Online,Credit Card,COUPON-A9-,13.2,AUD
342364,2024-03-05T07:34:19,2024-03-05,231,28,Retail,Afterpay,COUPONZ9Z-,6.29,AUD
342614,2024-03-05T22:18:24,2024-03-05,563,13,Retail,PayPal,COUPON00-A,18.66,AUD
342700,2024-03-05T03:10:22,2024-03-05,656,14,Retail,PayPal,COUPON0-ZZ,0.91,AUD
342785,2024-03-05T06:57:29,2024-03-05,342,46,Online,PayPal,COUPON0Z0-,8.01,AUD
342798,2024-03-05T15:03:16,2024-03-05,552,49,Online,Afterpay,COUPON0--9,2.17,AUD
342810,2024-03-05T22:36:45,2024-03-05,50,25,Online,PayPal,COUPON0-Z0,5.47,AUD
342815,2024-03-05T08:48:22,2024-03-05,596,35,Online,Afterpay,COUPONA00Z,4.88,AUD
342871,2024-03-05T21:19:31,2024-03-05,761,22,Retail,PayPal,COUPONZ--A,13.48,AUD
342903,2024-03-05T19:58:23,2024-03-05,227,44,Retail,PayPal,COUPON---9,17.64,AUD
342917,2024-03-05T00:05:36,2024-03-05,190,26,Retail,PayPal,COUPON0--9,16.09,AUD
343079,2024-03-05T15:50:11,2024-03-05,765,14,Retail,PayPal,COUPON-Z09,18.6,AUD
343084,2024-03-05T00:14:28,2024-03-05,749,27,Retail,Afterpay,COUPON-9AZ,6.38,AUD
343162,2024-03-05T03:55:55,2024-03-05,720,24,Retail,Credit Card,COUPONZ9-A,15.19,AUD
343210,2024-03-05T23:51:49,2024-03-05,715,46,Online,Credit Card,COUPON0--0,11.19,AUD
343405,2024-03-05T01:10:17,2024-03-05,588,2,Retail,PayPal,COUPON-A--,8.61,AUD
343415,2024-03-05T15:51:13,2024-03-05,277,37,Retail,Credit Card,COUPON--0Z,15.0,AUD
343466,2024-03-05T14:54:54,2024-03-05,158,19,Retail,Afterpay,COUPON-09Z,13.9,AUD
343489,2024-03-05T05:41:47,2024-03-05,44,27,Retail,Afterpay,COUPON0AAZ,3.73,AUD
343880,2024-03-05T10:52:20,2024-03-05,652,40,Online,PayPal,COUPONZA0A,2.68,AUD
343907,2024-03-05T23:11:01,2024-03-05,227,15,Online,Credit Card,COUPON0A9-,1.12,AUD
343973,2024-03-05T12:59:22,2024-03-05,108,49,Retail,PayPal,COUPON-0-A,10.73,AUD
344010,2024-03-05T14:32:53,2024-03-05,397,28,Online,PayPal,COUPON9A0-,17.57,AUD
344023,2024-03-05T20:23:31,2024-03-05,685,27,Online,Credit Card,COUPON---A,9.83,AUD
344040,2024-03-05T22:44:07,2024-03-05,345,32,Online,Credit Card,COUPONAZ00,17.49,AUD
344130,2024-03-05T09:23:10,2024-03-05,502,6,Retail,Credit Card,COUPON09-9,17.25,AUD
344165,2024-03-05T16:44:21,2024-03-05,360,21,Retail,PayPal,COUPON0-A-,3.31,AUD
344234,2024-03-05T05:06:27,2024-03-05,3,19,Online,Afterpay,COUPON----,18.04,AUD
344247,2024-03-05T09:40:28,2024-03-05,556,45,Retail,Credit Card,COUPON99-Z,13.8,AUD
344381,2024-03-05T11:39:25,2024-03-05,499,37,Online,PayPal,COUPONA9-Z,15.54,AUD
344474,2024-03-05T03:47:00,2024-03-05,150,46,Online,PayPal,COUPON0-AZ,1.04,AUD
344802,2024-03-05T21:54:12,2024-03-05,91,40,Retail,PayPal,COUPON-AZZ,16.71,AUD
344807,2024-03-05T11:52:11,2024-03-05,489,48,Online,Afterpay,COUPON0Z--,12.93,AUD
344870,2024-03-05T07:41:59,2024-03-05,623,6,Retail,Afterpay,COUPON---0,13.23,AUD
344876,2024-03-05T22:53:08,2024-03-05,60,38,Retail,PayPal,COUPON--99,1.72,AUD
344939,2024-03-05T02:32:44,2024-03-05,86,14,Retail,Credit Card,COUPON0-AZ,6.21,AUD
344962,2024-03-05T08:40:34,2024-03-05,580,19,Online,PayPal,COUPON---A,4.53,AUD
345002,2024-03-05T16:41:04,2024-03-05,746,18,Online,Credit Card,COUPON0--0,5.77,AUD
345005,2024-03-05T22:26:50,2024-03-05,111,34,Retail,PayPal,COUPONA90-,4.83,AUD
345070,2024-03-05T04:33:46,2024-03-05,314,20,Online,PayPal,COUPON--Z-,15.4,AUD
345154,2024-03-05T19:17:52,2024-03-05,755,6,Online,PayPal,COUPONZ-9Z,3.87,AUD
345205,2024-03-05T14:59:36,2024-03-05,649,11,Online,PayPal,COUPONZZZ0,15.32,AUD
345349,2024-03-05T19:44:36,2024-03-05,31,29,Retail,Afterpay,COUPON9A--,13.56,AUD
345511,2024-03-05T08:44:07,2024-03-05,696,20,Retail,Credit Card,COUPONZ9--,0.27,AUD
345527,2024-03-05T01:04:12,2024-03-05,746,47,Online,Credit Card,COUPON0--0,3.1,AUD
345680,2024-03-05T08:22:52,2024-03-05,119,29,Online,PayPal,COUPONAA0Z,3.59,AUD
345907,2024-03-05T06:37:03,2024-03-05,626,41,Retail,Afterpay,COUPON9-A0,15.98,AUD
345911,2024-03-05T15:12:59,2024-03-05,553,8,Retail,Afterpay,COUPON-90Z,19.53,AUD
345944,2024-03-05T16:25:02,2024-03-05,760,41,Retail,Credit Card,COUPON-Z-A,7.13,AUD
345988,2024-03-05T18:34:34,2024-03-05,207,41,Online,PayPal,COUPON9---,13.79,AUD
346050,2024-03-05T11:50:59,2024-03-05,770,25,Retail,Afterpay,COUPON000-,13.18,AUD
346065,2024-03-05T13:53:28,2024-03-05,195,5,Online,Afterpay,COUPONA0Z-,16.08,AUD
346119,2024-03-05T13:52:52,2024-03-05,111,46,Online,PayPal,COUPON9-0Z,11.2,AUD
346139,2024-03-05T10:18:54,2024-03-05,667,8,Retail,Afterpay,COUPON9--A,15.11,AUD
346153,2024-03-05T07:42:18,2024-03-05,602,27,Online,Credit Card,COUPONZ999,4.62,AUD
346197,2024-03-05T15:25:45,2024-03-05,435,16,Online,PayPal,COUPONZZ-A,1.02,AUD
346224,2024-03-05T10:54:14,2024-03-05,126,9,Online,PayPal,COUPON0Z--,0.38,AUD
346225,2024-03-05T01:33:23,2024-03-05,552,41,Retail,Afterpay,COUPON--Z0,0.7,AUD
346454,2024-03-05T15:49:05,2024-03-05,47,18,Online,Afterpay,COUPON9Z-9,6.13,AUD
346852,2024-03-05T09:15:48,2024-03-05,218,17,Retail,Afterpay,COUPON0-99,15.45,AUD
346921,2024-03-05T01:16:52,2024-03-05,615,24,Retail,PayPal,COUPONZA-A,11.82,AUD
347073,2024-03-05T09:40:04,2024-03-05,77,30,Online,Afterpay,COUPON--Z-,4.71,AUD
347095,2024-03-05T23:48:19,2024-03-05,657,33,Online,Afterpay,COUPON0A0-,18.78,AUD
347150,2024-03-05T14:07:12,2024-03-05,788,21,Retail,PayPal,COUPON-Z0Z,11.61,AUD
347194,2024-03-05T04:12:06,2024-03-05,351,30,Online,Afterpay,COUPON0-00,11.01,AUD
347720,2024-03-05T16:42:05,2024-03-05,438,27,Online,PayPal,COUPONZ0Z0,11.74,AUD
347729,2024-03-05T02:58:35,2024-03-05,42,1,Retail,PayPal,COUPON-A9A,10.45,AUD
347748,2024-03-05T03:31:48,2024-03-05,380,9,Online,PayPal,COUPON---A,14.29,AUD
347821,2024-03-05T18:18:02,2024-03-05,417,24,Online,Credit Card,COUPONA9Z0,5.56,AUD
347844,2024-03-05T10:26:25,2024-03-05,671,23,Online,Afterpay,COUPON-9-0,10.05,AUD
347877,2024-03-05T20:07:47,2024-03-05,235,49,Retail,PayPal,COUPON-099,10.18,AUD
348094,2024-03-05T13:54:05,2024-03-05,50,26,Retail,Afterpay,COUPON9Z0Z,14.21,AUD
348290,2024-03-05T13:30:14,2024-03-05,34,34,Online,PayPal,COUPON-AZ-,2.84,AUD
348495,2024-03-05T22:33:53,2024-03-05,93,2,Online,Credit Card,COUPON--0Z,10.19,AUD
348656,2024-03-05T03:29:02,2024-03-05,366,26,Online,PayPal,COUPON--AZ,7.44,AUD
348677,2024-03-05T00:12:24,2024-03-05,4,18,Retail,PayPal,COUPON-Z0Z,10.55,AUD
348730,2024-03-05T00:04:18,2024-03-05,307,7,Online,PayPal,COUPONAZ-0,10.89,AUD
348760,2024-03-05T05:13:52,2024-03-05,209,17,Retail,Afterpay,COUPONA09Z,1.52,AUD
348779,2024-03-05T01:54:35,2024-03-05,465,21,Retail,Afterpay,COUPON----,18.25,AUD
348798,2024-03-05T08:40:04,2024-03-05,430,8,Retail,Afterpay,COUPONZ---,10.45,AUD
348827,2024-03-05T12:34:06,2024-03-05,795,48,Retail,PayPal,COUPONZZ--,19.04,AUD
348877,2024-03-05T08:48:09,2024-03-05,335,12,Retail,PayPal,COUPONZ9-A,6.17,AUD
349006,2024-03-05T22:02:04,2024-03-05,583,45,Retail,Afterpay,COUPONA-Z-,5.0,AUD
349024,2024-03-05T13:45:31,2024-03-05,146,17,Online,Credit Card,COUPONZAAZ,1.16,AUD
349061,2024-03-05T20:53:49,2024-03-05,18,19,Retail,Credit Card,COUPON--0A,7.82,AUD
349095,2024-03-05T09:56:10,2024-03-05,30,4,Online,Afterpay,COUPON-0AA,11.9,AUD
349122,2024-03-05T13:10:43,2024-03-05,1,33,Online,Credit Card,COUPON9999,15.95,AUD
349266,2024-03-05T10:12:29,2024-03-05,773,48,Retail,Credit Card,COUPON0-Z9,0.34,AUD
349276,2024-03-05T07:15:36,2024-03-05,147,7,Online,Credit Card,COUPONZA90,1.75,AUD
349319,2024-03-05T00:04:12,2024-03-05,381,11,Online,Credit Card,COUPON-ZZA,16.05,AUD
349377,2024-03-05T19:36:06,2024-03-05,784,34,Retail,Afterpay,COUPONZ0--,3.91,AUD
349481,2024-03-05T14:14:28,2024-03-05,227,21,Retail,Afterpay,COUPON99-Z,12.09,AUD
349482,2024-03-05T05:02:26,2024-03-05,724,22,Online,Afterpay,COUPON-0ZZ,19.42,AUD
349589,2024-03-05T19:31:47,2024-03-05,220,28,Retail,PayPal,COUPON-09-,17.93,AUD
349733,2024-03-05T11:27:20,2024-03-05,360,46,Online,Credit Card,COUPON0A0-,6.47,AUD
349816,2024-03-05T16:58:06,2024-03-05,371,29,Retail,Credit Card,COUPON-99Z,15.14,AUD
349845,2024-03-05T22:23:45,2024-03-05,275,45,Online,Afterpay,COUPONZA-A,7.58,AUD
349914,2024-03-05T08:48:13,2024-03-05,421,2,Retail,Afterpay,COUPON9--A,19.19,AUD
350130,2024-03-05T11:18:55,2024-03-05,94,16,Online,PayPal,COUPONA90-,1.44,AUD
350139,2024-03-05T19:06:07,2024-03-05,211,10,Online,PayPal,COUPON-A0A,6.97,AUD
350177,2024-03-05T13:04:34,2024-03-05,127,17,Retail,Afterpay,COUPONA-AA,13.64,AUD
350216,2024-03-05T20:47:09,2024-03-05,512,31,Retail,Credit Card,COUPON0AAZ,16.15,AUD
350258,2024-03-05T21:33:23,2024-03-05,729,44,Online,Credit Card,COUPON0AZ9,3.02,AUD
350269,2024-03-05T23:17:52,2024-03-05,161,4,Online,Credit Card,COUPON9-AA,10.33,AUD
350361,2024-03-05T18:32:48,2024-03-05,17,35,Retail,PayPal,COUPONA9Z9,16.02,AUD
350577,2024-03-05T06:40:01,2024-03-05,197,18,Online,PayPal,COUPON-9AA,10.55,AUD
350664,2024-03-05T16:59:47,2024-03-05,663,14,Online,Credit Card,COUPON--Z-,6.33,AUD
350746,2024-03-05T18:18:02,2024-03-05,647,26,Online,Afterpay,COUPONZ-Z9,2.84,AUD
350760,2024-03-05T04:01:42,2024-03-05,32,30,Retail,PayPal,COUPON---9,11.58,AUD
350969,2024-03-05T21:13:59,2024-03-05,281,29,Online,PayPal,COUPONZ-9Z,7.65,AUD
351301,2024-03-05T22:36:20,2024-03-05,435,45,Retail,Afterpay,COUPON0Z9A,11.69,AUD
351358,2024-03-05T04:10:31,2024-03-05,701,38,Retail,Afterpay,COUPON0Z9-,17.52,AUD
351462,2024-03-05T05:09:50,2024-03-05,764,17,Online,PayPal,COUPONZZ--,11.51,AUD
351744,2024-03-05T21:59:19,2024-03-05,544,10,Retail,Afterpay,COUPON-999,12.37,AUD
351891,2024-03-05T07:07:16,2024-03-05,623,32,Online,PayPal,COUPON---A,16.83,AUD
352247,2024-03-05T15:47:17,2024-03-05,218,9,Online,Afterpay,COUPON090-,3.87,AUD
352265,2024-03-05T22:03:43,2024-03-05,207,6,Retail,Afterpay,COUPON9900,14.9,AUD
352281,2024-03-05T13:13:26,2024-03-05,553,48,Retail,Afterpay,COUPON-A-0,9.01,AUD
352304,2024-03-05T23:11:56,2024-03-05,652,41,Online,Credit Card,COUPON00A-,6.72,AUD
352360,2024-03-05T15:24:25,2024-03-05,396,36,Retail,Credit Card,COUPON--0A,7.12,AUD
352381,2024-03-05T14:49:34,2024-03-05,735,45,Retail,Afterpay,COUPONZ00Z,2.68,AUD
352469,2024-03-05T19:03:40,2024-03-05,500,27,Retail,PayPal,COUPONAA-A,17.14,AUD
352970,2024-03-05T08:49:45,2024-03-05,564,36,Online,Credit Card,COUPON-Z09,1.54,AUD
353039,2024-03-05T19:03:32,2024-03-05,338,37,Retail,Afterpay,COUPONZZZ-,14.42,AUD
353089,2024-03-05T02:59:59,2024-03-05,361,43,Retail,PayPal,COUPONA-Z0,18.62,AUD
353107,2024-03-05T14:41:13,2024-03-05,472,18,Online,Credit Card,COUPON00--,6.81,AUD
353217,2024-03-05T11:17:29,2024-03-05,778,29,Online,Afterpay,COUPONZ0ZZ,3.8,AUD
353228,2024-03-05T14:42:00,2024-03-05,172,42,Online,PayPal,COUPON99-9,0.1,AUD
353525,2024-03-05T23:16:38,2024-03-05,513,3,Retail,Credit Card,COUPONA-0-,3.71,AUD
353618,2024-03-05T03:06:02,2024-03-05,37,46,Online,Afterpay,COUPON----,19.23,AUD
353911,2024-03-05T11:46:54,2024-03-05,619,8,Online,PayPal,COUPON-9AA,19.76,AUD
354075,2024-03-05T06:52:12,2024-03-05,32,37,Online,PayPal,COUPONA---,0.34,AUD
354253,2024-03-05T07:56:22,2024-03-05,676,4,Online,Afterpay,COUPON-Z--,18.86,AUD
354545,2024-03-05T10:16:23,2024-03-05,630,27,Online,Afterpay,COUPON9Z-A,12.35,AUD
354563,2024-03-05T03:29:41,2024-03-05,572,42,Retail,Credit Card,COUPON-90-,19.26,AUD
354811,2024-03-05T11:42:11,2024-03-05,294,26,Retail,Afterpay,COUPON--0-,13.9,AUD
354988,2024-03-05T22:38:11,2024-03-05,672,2,Retail,PayPal,COUPONA09-,18.58,AUD
355064,2024-03-05T22:59:48,2024-03-05,451,50,Retail,Afterpay,COUPON0-90,1.44,AUD
355305,2024-03-05T19:14:01,2024-03-05,589,50,Online,PayPal,COUPONA9ZZ,7.15,AUD
355420,2024-03-05T06:03:24,2024-03-05,670,12,Retail,Credit Card,COUPON-90A,12.93,AUD
355427,2024-03-05T08:55:37,2024-03-05,89,27,Online,Afterpay,COUPON--AZ,7.91,AUD
355653,2024-03-05T11:18:59,2024-03-05,375,30,Retail,PayPal,COUPON-A0A,4.58,AUD
355716,2024-03-05T10:31:14,2024-03-05,257,44,Online,Afterpay,COUPONZAZA,13.71,AUD
355820,2024-03-05T09:10:18,2024-03-05,599,19,Online,Afterpay,COUPON--9-,11.52,AUD
356067,2024-03-05T03:16:00,2024-03-05,244,42,Online,Credit Card,COUPONA9-9,12.51,AUD
356182,2024-03-05T21:59:42,2024-03-05,667,43,Online,PayPal,COUPON-A-Z,18.39,AUD
356490,2024-03-05T21:52:39,2024-03-05,216,24,Retail,Credit Card,COUPON0-09,17.63,AUD
356522,2024-03-05T09:38:18,2024-03-05,285,13,Online,Credit Card,COUPON9Z9A,17.65,AUD
356682,2024-03-05T19:02:39,2024-03-05,161,9,Online,Credit Card,COUPON9A0-,13.91,AUD
356742,2024-03-05T14:56:58,2024-03-05,88,20,Retail,PayPal,COUPON0AZ0,13.74,AUD
356819,2024-03-05T04:43:47,2024-03-05,287,5,Retail,PayPal,COUPON9-9A,8.04,AUD
356905,2024-03-05T02:22:58,2024-03-05,344,50,Online,PayPal,COUPON00--,4.39,AUD
357133,2024-03-05T06:45:23,2024-03-05,308,46,Retail,Credit Card,COUPON9---,16.81,AUD
357175,2024-03-05T08:10:07,2024-03-05,483,24,Online,Credit Card,COUPONZZ9Z,9.44,AUD
357189,2024-03-05T17:22:02,2024-03-05,173,7,Online,Credit Card,COUPON0--Z,6.67,AUD
357197,2024-03-05T18:49:53,2024-03-05,75,18,Online,PayPal,COUPONA9A-,19.77,AUD
357221,2024-03-05T02:57:27,2024-03-05,167,21,Online,Afterpay,COUPON0AA0,13.87,AUD
357329,2024-03-05T09:21:17,2024-03-05,446,11,Retail,PayPal,COUPONZA-Z,4.79,AUD
357555,2024-03-05T11:08:11,2024-03-05,596,30,Retail,PayPal,COUPON-A9-,1.32,AUD
357583,2024-03-05T11:54:29,2024-03-05,206,49,Retail,PayPal,COUPON-Z-0,2.72,AUD
357608,2024-03-05T17:35:02,2024-03-05,410,17,Online,Afterpay,COUPON-9A9,9.53,AUD
357628,2024-03-05T19:36:23,2024-03-05,221,29,Online,PayPal,COUPON909-,12.3,AUD
357783,2024-03-05T04:18:42,2024-03-05,58,33,Retail,Afterpay,COUPONZ-ZZ,5.83,AUD
357966,2024-03-05T20:56:22,2024-03-05,131,17,Online,Afterpay,COUPON0Z9Z,18.2,AUD
358128,2024-03-05T22:41:58,2024-03-05,264,39,Online,Credit Card,COUPON--99,1.04,AUD
358253,2024-03-05T03:28:36,2024-03-05,500,4,Online,Credit Card,COUPON9Z-0,13.31,AUD
358269,2024-03-05T07:31:08,2024-03-05,730,36,Online,PayPal,COUPON09-A,15.31,AUD
358279,2024-03-05T11:12:13,2024-03-05,754,27,Retail,Credit Card,COUPON-99A,0.03,AUD
358416,2024-03-05T06:35:36,2024-03-05,331,6,Retail,Afterpay,COUPON9A0-,7.04,AUD
358453,2024-03-05T04:43:06,2024-03-05,546,11,Online,PayPal,COUPONA0ZZ,16.69,AUD
358628,2024-03-05T23:12:44,2024-03-05,643,11,Online,Credit Card,COUPON0---,12.23,AUD
358760,2024-03-05T21:42:11,2024-03-05,503,8,Retail,Afterpay,COUPON9-00,18.4,AUD
359050,2024-03-05T14:03:13,2024-03-05,486,13,Retail,PayPal,COUPONZA9Z,6.66,AUD
359052,2024-03-05T05:49:03,2024-03-05,475,22,Online,Credit Card,COUPON-A--,9.38,AUD
359345,2024-03-05T20:31:32,2024-03-05,1,26,Online,Afterpay,COUPON--9-,11.95,AUD
359354,2024-03-05T22:18:12,2024-03-05,482,9,Retail,PayPal,COUPON-0Z-,4.01,AUD
359367,2024-03-05T05:08:19,2024-03-05,563,26,Retail,Afterpay,COUPON-0-Z,4.47,AUD
359452,2024-03-05T21:14:07,2024-03-05,374,34,Retail,Credit Card,COUPON-9--,13.18,AUD
359540,2024-03-05T08:38:31,2024-03-05,513,10,Online,Credit Card,COUPON0-Z0,18.27,AUD
359556,2024-03-05T21:52:42,2024-03-05,12,25,Retail,Afterpay,COUPONZ---,11.82,AUD
359775,2024-03-05T03:54:49,2024-03-05,127,8,Retail,Afterpay,COUPON0Z--,11.1,AUD
360001,2024-03-05T01:01:31,2024-03-05,680,9,Retail,PayPal,COUPON9000,0.35,AUD
360040,2024-03-05T09:14:18,2024-03-05,245,32,Retail,Credit Card,COUPONZ99Z,4.08,AUD
360093,2024-03-05T21:27:12,2024-03-05,448,38,Retail,Afterpay,COUPONAA--,12.39,AUD
360134,2024-03-05T20:58:39,2024-03-05,790,45,Online,Afterpay,COUPON0-ZZ,11.2,AUD
360334,2024-03-05T02:45:19,2024-03-05,252,10,Online,Afterpay,COUPONZ-ZA,17.15,AUD
360342,2024-03-05T04:58:01,2024-03-05,142,44,Online,Credit Card,COUPON-09Z,12.58,AUD
360387,2024-03-05T07:44:24,2024-03-05,293,17,Retail,PayPal,COUPON9--9,3.15,AUD
360579,2024-03-05T01:13:18,2024-03-05,246,44,Online,Afterpay,COUPON----,17.23,AUD
360665,2024-03-05T17:41:19,2024-03-05,696,24,Online,PayPal,COUPONZ999,0.24,AUD
360721,2024-03-05T10:00:26,2024-03-05,556,35,Retail,Credit Card,COUPONZ9ZA,9.24,AUD
360750,2024-03-05T05:50:57,2024-03-05,407,12,Retail,Credit Card,COUPON09--,4.86,AUD
360989,2024-03-05T12:01:16,2024-03-05,376,48,Retail,Credit Card,COUPON0--A,15.45,AUD
361101,2024-03-05T17:05:15,2024-03-05,334,6,Online,Credit Card,COUPON-A9A,18.15,AUD
361271,2024-03-05T06:52:01,2024-03-05,67,17,Online,Afterpay,COUPONAA0-,12.47,AUD
361303,2024-03-05T13:01:30,2024-03-05,182,44,Online,Afterpay,COUPON-0-A,5.86,AUD
361319,2024-03-05T13:45:58,2024-03-05,542,13,Online,Credit Card,COUPON0A-A,8.34,AUD
361655,2024-03-05T17:24:00,2024-03-05,800,34,Online,Credit Card,COUPON9--0,13.99,AUD
361705,2024-03-05T21:33:51,2024-03-05,513,43,Online,Afterpay,COUPON-ZA-,10.77,AUD
361721,2024-03-05T12:30:13,2024-03-05,528,14,Retail,PayPal,COUPONZ900,10.6,AUD
361796,2024-03-05T11:46:48,2024-03-05,334,2,Online,PayPal,COUPONZ0-0,2.88,AUD
361904,2024-03-05T11:08:48,2024-03-05,6,47,Online,Credit Card,COUPON-000,19.32,AUD
362232,2024-03-05T20:37:48,2024-03-05,417,47,Retail,PayPal,COUPONA--9,3.57,AUD
362304,2024-03-05T06:59:03,2024-03-05,393,9,Retail,Credit Card,COUPON099-,3.06,AUD
362406,2024-03-05T17:19:32,2024-03-05,118,13,Online,PayPal,COUPONZ--0,10.12,AUD
362526,2024-03-05T02:05:52,2024-03-05,730,26,Online,PayPal,COUPON0ZAZ,15.9,AUD
362885,2024-03-05T05:42:57,2024-03-05,690,1,Online,Afterpay,COUPON0A-A,5.66,AUD
363216,2024-03-05T20:39:49,2024-03-05,61,22,Online,Afterpay,COUPON99-A,16.04,AUD
363266,2024-03-05T09:37:12,2024-03-05,381,21,Online,Afterpay,COUPONZ99A,18.21,AUD
363277,2024-03-05T01:05:20,2024-03-05,45,42,Online,PayPal,COUPON00-Z,10.96,AUD
363294,2024-03-05T00:19:42,2024-03-05,420,29,Online,Afterpay,COUPON90Z-,10.57,AUD
363526,2024-03-05T12:18:55,2024-03-05,18,18,Retail,Credit Card,COUPON0Z-Z,15.49,AUD
363545,2024-03-05T04:33:16,2024-03-05,422,36,Retail,Credit Card,COUPONA-9Z,14.47,AUD
363643,2024-03-05T20:20:49,2024-03-05,346,34,Online,PayPal,COUPON00-0,8.58,AUD
363657,2024-03-05T14:51:50,2024-03-05,662,30,Online,PayPal,COUPON-9Z-,19.85,AUD
363688,2024-03-05T09:01:59,2024-03-05,211,21,Retail,Credit Card,COUPONZ--Z,0.55,AUD
363742,2024-03-05T09:13:21,2024-03-05,644,46,Online,Afterpay,COUPON-ZAA,3.54,AUD
363906,2024-03-05T15:44:08,2024-03-05,313,48,Online,PayPal,COUPON0-AA,13.45,AUD
363914,2024-03-05T13:42:49,2024-03-05,188,7,Retail,Credit Card,COUPON9--Z,5.92,AUD
363926,2024-03-05T16:20:51,2024-03-05,705,18,Retail,PayPal,COUPON900-,11.45,AUD
363960,2024-03-05T00:53:20,2024-03-05,244,8,Retail,PayPal,COUPONA-0-,9.52,AUD
363969,2024-03-05T15:16:28,2024-03-05,198,41,Online,PayPal,COUPONZZ09,13.55,AUD
364006,2024-03-05T13:17:26,2024-03-05,75,34,Online,Afterpay,COUPONZA-0,0.1,AUD
364041,2024-03-05T03:20:17,2024-03-05,580,28,Retail,Credit Card,COUPON0A0-,8.72,AUD
364080,2024-03-05T17:15:12,2024-03-05,656,28,Retail,Credit Card,COUPON9-A0,9.09,AUD
364083,2024-03-05T12:42:22,2024-03-05,462,1,Online,PayPal,COUPON-A-0,5.66,AUD
364090,2024-03-05T20:25:11,2024-03-05,717,28,Retail,PayPal,COUPONZ--9,14.75,AUD
364138,2024-03-05T07:32:45,2024-03-05,195,40,Retail,Credit Card,COUPON99Z-,2.46,AUD
364249,2024-03-05T10:32:43,2024-03-05,727,40,Retail,PayPal,COUPONA-Z-,16.6,AUD
364316,2024-03-05T01:21:53,2024-03-05,196,13,Retail,PayPal,COUPONA0-9,11.14,AUD
364318,2024-03-05T02:09:40,2024-03-05,248,2,Retail,Credit Card,COUPONZAZZ,19.32,AUD
364436,2024-03-05T20:40:35,2024-03-05,690,11,Retail,Afterpay,COUPON-Z--,17.25,AUD
364450,2024-03-05T13:59:10,2024-03-05,662,6,Retail,Afterpay,COUPON9--9,5.32,AUD
364491,2024-03-05T10:50:56,2024-03-05,36,4,Online,Afterpay,COUPONZZ--,3.06,AUD
364599,2024-03-05T21:36:48,2024-03-05,311,27,Online,PayPal,COUPON09--,8.36,AUD
364629,2024-03-05T07:48:00,2024-03-05,125,47,Online,PayPal,COUPON0ZA-,11.95,AUD
364632,2024-03-05T19:41:39,2024-03-05,205,7,Retail,Afterpay,COUPONZ-0Z,12.79,AUD
364826,2024-03-05T16:07:50,2024-03-05,575,29,Retail,Credit Card,COUPON9-9Z,18.63,AUD
364886,2024-03-05T18:58:39,2024-03-05,113,29,Retail,Credit Card,COUPON0AAZ,5.01,AUD
364976,2024-03-05T07:46:51,2024-03-05,574,25,Retail,Credit Card,COUPONA---,18.24,AUD
365196,2024-03-05T03:55:24,2024-03-05,132,29,Retail,Afterpay,COUPON-0A-,12.53,AUD
365226,2024-03-05T07:59:01,2024-03-05,140,47,Retail,Afterpay,COUPON9-ZA,3.64,AUD
365263,2024-03-05T03:33:07,2024-03-05,684,28,Online,Afterpay,COUPONA0--,11.11,AUD
365325,2024-03-05T10:18:00,2024-03-05,725,1,Online,PayPal,COUPON99Z0,3.55,AUD
365342,2024-03-05T05:53:13,2024-03-05,559,24,Retail,Afterpay,COUPON--AA,2.96,AUD
365357,2024-03-05T04:04:46,2024-03-05,111,29,Online,Credit Card,COUPON-Z00,13.48,AUD
365443,2024-03-05T20:46:12,2024-03-05,7,1,Retail,Credit Card,COUPONZ0Z-,2.4,AUD
365639,2024-03-05T18:08:38,2024-03-05,496,48,Retail,Afterpay,COUPON0-9-,8.88,AUD
365763,2024-03-05T18:11:58,2024-03-05,793,43,Online,Afterpay,COUPONZ9Z-,9.18,AUD
365780,2024-03-05T00:28:13,2024-03-05,155,17,Online,Credit Card,COUPON-Z00,12.32,AUD
365782,2024-03-05T18:02:31,2024-03-05,198,25,Online,Credit Card,COUPONZA-Z,15.81,AUD
365899,2024-03-05T06:09:47,2024-03-05,674,26,Retail,Afterpay,COUPON9-A9,16.35,AUD
365925,2024-03-05T15:32:45,2024-03-05,650,41,Online,Credit Card,COUPONZ-90,2.16,AUD
365927,2024-03-05T19:24:45,2024-03-05,427,41,Retail,PayPal,COUPONZ0-9,18.2,AUD
365930,2024-03-05T15:10:39,2024-03-05,473,38,Retail,PayPal,COUPON9Z9-,0.3,AUD
366017,2024-03-05T03:35:00,2024-03-05,71,35,Retail,Afterpay,COUPON-AZA,9.43,AUD
366092,2024-03-05T11:04:45,2024-03-05,231,2,Retail,Afterpay,COUPONA99Z,19.53,AUD
366193,2024-03-05T13:02:39,2024-03-05,688,38,Online,Afterpay,COUPON-0--,5.13,AUD
366344,2024-03-05T21:23:42,2024-03-05,302,13,Online,PayPal,COUPON-ZA0,12.45,AUD
366385,2024-03-05T03:36:45,2024-03-05,32,46,Online,Afterpay,COUPON-909,6.4,AUD
366417,2024-03-05T14:14:23,2024-03-05,208,29,Online,Afterpay,COUPON9909,17.45,AUD
366424,2024-03-05T11:21:08,2024-03-05,694,27,Online,PayPal,COUPONZ0Z0,17.29,AUD
366444,2024-03-05T17:50:14,2024-03-05,575,19,Retail,PayPal,COUPON9---,10.23,AUD
366605,2024-03-05T07:24:32,2024-03-05,689,11,Online,Credit Card,COUPON09-A,16.58,AUD
366791,2024-03-05T12:26:17,2024-03-05,784,3,Retail,PayPal,COUPON9-99,4.34,AUD
366917,2024-03-05T01:17:38,2024-03-05,143,7,Retail,Afterpay,COUPONZ0Z0,6.33,AUD
366981,2024-03-05T00:28:14,2024-03-05,4,36,Online,PayPal,COUPON9-ZA,0.29,AUD
367002,2024-03-05T13:58:07,2024-03-05,25,13,Online,Afterpay,COUPON-AA0,16.77,AUD
367071,2024-03-05T02:11:14,2024-03-05,411,8,Retail,Afterpay,COUPON90ZZ,16.72,AUD
367215,2024-03-05T23:03:23,2024-03-05,741,12,Online,Afterpay,COUPON09Z0,3.99,AUD
367251,2024-03-05T18:20:17,2024-03-05,565,22,Retail,Afterpay,COUPONZ90Z,18.69,AUD
367406,2024-03-05T06:03:20,2024-03-05,23,12,Online,PayPal,COUPON9--Z,19.38,AUD
367536,2024-03-05T00:02:44,2024-03-05,385,11,Online,Afterpay,COUPON-0A0,6.18,AUD
367621,2024-03-05T22:01:28,2024-03-05,74,43,Online,Afterpay,COUPON-AZ-,9.77,AUD
367699,2024-03-05T04:27:00,2024-03-05,218,32,Online,PayPal,COUPON----,18.76,AUD
367855,2024-03-05T02:43:01,2024-03-05,370,25,Online,Credit Card,COUPON---9,14.19,AUD
367870,2024-03-05T11:02:35,2024-03-05,458,13,Online,PayPal,COUPON90Z0,15.82,AUD
367972,2024-03-05T14:32:54,2024-03-05,524,2,Online,PayPal,COUPON--AZ,14.54,AUD
368001,2024-03-05T16:44:51,2024-03-05,360,44,Online,Credit Card,COUPON9A0Z,13.35,AUD
368405,2024-03-05T04:07:51,2024-03-05,284,21,Online,Afterpay,COUPONAA-Z,4.59,AUD
368508,2024-03-05T01:07:24,2024-03-05,209,48,Retail,Afterpay,COUPON-000,15.31,AUD
368527,2024-03-05T19:37:47,2024-03-05,487,46,Online,Afterpay,COUPON0-Z0,14.19,AUD
368610,2024-03-05T13:55:18,2024-03-05,527,33,Online,Credit Card,COUPON-0ZZ,2.0,AUD
368638,2024-03-05T15:14:03,2024-03-05,82,48,Retail,Credit Card,COUPON900Z,3.56,AUD
368709,2024-03-05T01:06:52,2024-03-05,309,12,Retail,Afterpay,COUPON--9-,4.42,AUD
368757,2024-03-05T02:38:17,2024-03-05,757,19,Online,Afterpay,COUPON-A9-,17.67,AUD
368789,2024-03-05T06:13:10,2024-03-05,511,50,Online,Afterpay,COUPON9-Z-,8.93,AUD
368964,2024-03-05T23:41:10,2024-03-05,535,24,Retail,Credit Card,COUPONAZZ-,3.83,AUD
368972,2024-03-05T01:44:43,2024-03-05,16,24,Online,Afterpay,COUPONA--Z,0.03,AUD
369346,2024-03-05T21:39:01,2024-03-05,330,16,Retail,PayPal,COUPONA99Z,17.87,AUD
369443,2024-03-05T05:44:22,2024-03-05,471,43,Online,PayPal,COUPONA-A-,7.86,AUD
369457,2024-03-05T09:34:18,2024-03-05,405,6,Online,Credit Card,COUPON-9-A,3.07,AUD
369814,2024-03-05T00:11:43,2024-03-05,216,31,Retail,Afterpay,COUPON9A-A,15.08,AUD
369891,2024-03-05T17:29:53,2024-03-05,261,27,Retail,PayPal,COUPON9A90,16.66,AUD
370112,2024-03-05T18:07:14,2024-03-05,605,34,Retail,Afterpay,COUPONZ0A0,16.29,AUD
370121,2024-03-05T12:49:31,2024-03-05,150,17,Retail,PayPal,COUPON0--A,12.88,AUD
370242,2024-03-05T00:01:12,2024-03-05,410,13,Retail,PayPal,COUPONA-09,7.41,AUD
370266,2024-03-05T15:05:56,2024-03-05,592,39,Online,Credit Card,COUPONA-00,16.0,AUD
370462,2024-03-05T18:35:09,2024-03-05,79,20,Online,PayPal,COUPONZ9--,17.18,AUD
370600,2024-03-05T19:20:43,2024-03-05,405,22,Online,Afterpay,COUPON0Z--,10.85,AUD
370677,2024-03-05T21:04:46,2024-03-05,32,17,Online,Afterpay,COUPON-ZAZ,1.26,AUD
370764,2024-03-05T03:58:13,2024-03-05,537,45,Retail,PayPal,COUPONZ99A,16.86,AUD
370838,2024-03-05T01:22:12,2024-03-05,125,47,Online,Afterpay,COUPON--9-,1.65,AUD
370950,2024-03-05T21:02:22,2024-03-05,639,39,Retail,PayPal,COUPON9--Z,3.63,AUD
371017,2024-03-05T04:53:31,2024-03-05,371,36,Retail,Credit Card,COUPONZAAZ,5.19,AUD
371062,2024-03-05T02:05:00,2024-03-05,298,45,Online,Credit Card,COUPONZ0-A,9.25,AUD
371171,2024-03-05T14:25:44,2024-03-05,379,22,Retail,Credit Card,COUPONZ---,18.91,AUD
371236,2024-03-05T05:33:33,2024-03-05,305,34,Online,Afterpay,COUPON9ZZ-,19.22,AUD
371373,2024-03-05T08:51:13,2024-03-05,446,23,Online,Credit Card,COUPON-0Z0,17.93,AUD
371406,2024-03-05T20:54:09,2024-03-05,603,18,Online,Credit Card,COUPON-Z9A,15.52,AUD
371606,2024-03-05T18:33:22,2024-03-05,701,14,Retail,Afterpay,COUPON--A-,2.65,AUD
371713,2024-03-05T20:29:09,2024-03-05,319,22,Retail,PayPal,COUPONA-A0,12.84,AUD
371811,2024-03-05T12:04:13,2024-03-05,68,37,Retail,Afterpay,COUPONA0Z0,11.53,AUD
371817,2024-03-05T08:06:44,2024-03-05,676,30,Online,Credit Card,COUPONA0-A,8.96,AUD
371876,2024-03-05T05:33:43,2024-03-05,787,34,Online,Credit Card,COUPON0A00,15.67,AUD
371899,2024-03-05T14:25:06,2024-03-05,665,8,Retail,PayPal,COUPON-AZ9,10.62,AUD
372290,2024-03-05T22:03:20,2024-03-05,122,17,Retail,PayPal,COUPON--99,7.15,AUD
372376,2024-03-05T06:58:38,2024-03-05,579,45,Online,Credit Card,COUPONA99-,9.08,AUD
372386,2024-03-05T21:48:35,2024-03-05,737,46,Online,Afterpay,COUPONZA0-,8.98,AUD
372467,2024-03-05T09:15:45,2024-03-05,589,23,Online,Credit Card,COUPON9Z9-,7.75,AUD
372546,2024-03-05T02:09:27,2024-03-05,493,2,Retail,PayPal,COUPONA99Z,13.41,AUD
372562,2024-03-05T18:36:06,2024-03-05,55,29,Retail,Afterpay,COUPON900Z,11.82,AUD
372589,2024-03-05T13:44:55,2024-03-05,462,34,Retail,Credit Card,COUPON00-0,6.54,AUD
372623,2024-03-05T04:43:42,2024-03-05,502,20,Retail,Afterpay,COUPON9AZ9,4.04,AUD
372754,2024-03-05T08:43:14,2024-03-05,319,3,Retail,Credit Card,COUPONZ--A,8.06,AUD
372775,2024-03-05T21:34:47,2024-03-05,514,21,Retail,Afterpay,COUPON-Z--,16.23,AUD
372894,2024-03-05T00:13:17,2024-03-05,470,29,Retail,Afterpay,COUPON-ZZ-,13.06,AUD
372979,2024-03-05T04:55:05,2024-03-05,64,3,Online,Credit Card,COUPON0-Z-,5.68,AUD
373234,2024-03-05T02:03:15,2024-03-05,503,8,Retail,PayPal,COUPON--AA,11.28,AUD
373251,2024-03-05T11:39:46,2024-03-05,467,37,Online,Afterpay,COUPON00A-,15.23,AUD
373395,2024-03-05T08:47:35,2024-03-05,461,39,Retail,Afterpay,COUPONA000,19.44,AUD
373438,2024-03-05T09:49:12,2024-03-05,83,8,Online,Afterpay,COUPONA09-,13.36,AUD
373453,2024-03-05T19:13:13,2024-03-05,358,46,Retail,Afterpay,COUPON-0A-,2.66,AUD
373492,2024-03-05T19:24:03,2024-03-05,729,38,Retail,Credit Card,COUPONAAA-,13.74,AUD
373547,2024-03-05T02:58:58,2024-03-05,368,19,Online,Afterpay,COUPON99-9,2.66,AUD
373774,2024-03-05T20:13:19,2024-03-05,146,33,Online,PayPal,COUPON0---,5.16,AUD
373867,2024-03-05T06:49:19,2024-03-05,593,33,Online,PayPal,COUPONA0-9,17.93,AUD
373904,2024-03-05T16:32:41,2024-03-05,212,22,Retail,Afterpay,COUPONA09-,15.67,AUD
373912,2024-03-05T11:31:00,2024-03-05,137,25,Retail,Credit Card,COUPONA9Z-,18.17,AUD
373944,2024-03-05T03:41:31,2024-03-05,123,23,Online,Credit Card,COUPON00-A,2.19,AUD
373961,2024-03-05T01:39:59,2024-03-05,485,34,Retail,PayPal,COUPON--AA,6.35,AUD
374160,2024-03-05T02:14:10,2024-03-05,757,37,Retail,Afterpay,COUPON--0Z,9.13,AUD
374376,2024-03-05T22:21:28,2024-03-05,354,33,Retail,Credit Card,COUPON0--A,0.03,AUD
374438,2024-03-05T23:36:18,2024-03-05,243,38,Retail,PayPal,COUPONZ9-A,9.47,AUD
374462,2024-03-05T13:13:36,2024-03-05,156,46,Online,PayPal,COUPONZAA-,12.57,AUD
374536,2024-03-05T22:44:39,2024-03-05,445,7,Retail,Credit Card,COUPON9-99,1.47,AUD
374551,2024-03-05T04:27:31,2024-03-05,611,50,Retail,PayPal,COUPON--AA,13.75,AUD
374557,2024-03-05T14:47:16,2024-03-05,673,22,Retail,Afterpay,COUPON90A9,8.54,AUD
374696,2024-03-05T13:34:05,2024-03-05,521,32,Online,PayPal,COUPON009-,15.25,AUD
374817,2024-03-05T00:47:24,2024-03-05,392,46,Online,Afterpay,COUPONAA-9,7.69,AUD
374859,2024-03-05T11:23:52,2024-03-05,10,38,Retail,PayPal,COUPONZ9-Z,14.13,AUD
375056,2024-03-05T00:30:46,2024-03-05,40,27,Online,Credit Card,COUPONZ-AZ,3.68,AUD
375122,2024-03-05T02:39:43,2024-03-05,435,36,Online,PayPal,COUPONA-0A,14.5,AUD
375315,2024-03-05T14:10:55,2024-03-05,420,46,Online,Credit Card,COUPONZ-AZ,6.06,AUD
375365,2024-03-05T11:49:53,2024-03-05,420,1,Retail,Credit Card,COUPON-09A,9.05,AUD
375412,2024-03-05T04:30:00,2024-03-05,481,9,Online,Credit Card,COUPONZ-ZZ,3.66,AUD
375512,2024-03-05T21:03:30,2024-03-05,734,45,Online,PayPal,COUPON---9,4.08,AUD
375651,2024-03-05T14:50:32,2024-03-05,567,33,Online,Afterpay,COUPON90--,3.55,AUD
375688,2024-03-05T06:39:45,2024-03-05,743,48,Retail,Afterpay,COUPON-A9Z,12.17,AUD
375779,2024-03-05T04:57:32,2024-03-05,390,22,Online,PayPal,COUPON-09-,6.57,AUD
375959,2024-03-05T22:46:09,2024-03-05,665,24,Online,PayPal,COUPON9-Z-,11.66,AUD
375977,2024-03-05T00:54:07,2024-03-05,569,11,Online,Credit Card,COUPON0AAZ,2.03,AUD
375994,2024-03-05T22:13:04,2024-03-05,17,39,Online,Afterpay,COUPON-0A0,15.51,AUD
376089,2024-03-05T14:18:04,2024-03-05,689,34,Retail,Afterpay,COUPONZZ-0,7.12,AUD
376265,2024-03-05T22:29:09,2024-03-05,619,3,Online,PayPal,COUPON9Z9-,8.56,AUD
376467,2024-03-05T00:26:06,2024-03-05,402,45,Online,PayPal,COUPON-0Z9,1.32,AUD
376476,2024-03-05T06:37:50,2024-03-05,658,34,Retail,Credit Card,COUPON-99-,12.51,AUD
376665,2024-03-05T20:48:34,2024-03-05,432,38,Online,Credit Card,COUPONAAA-,14.1,AUD
376857,2024-03-05T14:20:20,2024-03-05,663,23,Retail,Afterpay,COUPON-AA-,16.05,AUD
376874,2024-03-05T12:14:44,2024-03-05,338,5,Online,Credit Card,COUPON-00A,0.38,AUD
377245,2024-03-05T17:31:57,2024-03-05,495,22,Online,PayPal,COUPONZ---,12.33,AUD
377259,2024-03-05T04:59:23,2024-03-05,787,2,Online,Credit Card,COUPON--A-,11.22,AUD
377290,2024-03-05T22:48:12,2024-03-05,196,15,Online,Credit Card,COUPON09ZA,2.12,AUD
377465,2024-03-05T11:17:56,2024-03-05,46,46,Retail,Credit Card,COUPON--9-,17.58,AUD
377488,2024-03-05T09:57:38,2024-03-05,442,32,Online,Afterpay,COUPON-9AA,19.05,AUD
377500,2024-03-05T14:52:53,2024-03-05,611,11,Retail,Credit Card,COUPON9---,13.66,AUD
377760,2024-03-05T17:05:38,2024-03-05,27,31,Online,PayPal,COUPON-9-Z,6.57,AUD
377793,2024-03-05T12:11:05,2024-03-05,108,43,Online,Afterpay,COUPONZZ--,2.26,AUD
378019,2024-03-05T09:56:41,2024-03-05,386,42,Online,Credit Card,COUPON-0A9,14.06,AUD
378323,2024-03-05T00:57:22,2024-03-05,413,7,Online,Afterpay,COUPON0-0-,12.58,AUD
378369,2024-03-05T23:52:21,2024-03-05,797,27,Online,Afterpay,COUPON--ZA,9.17,AUD
378442,2024-03-05T10:24:39,2024-03-05,181,19,Retail,Credit Card,COUPON-0-9,18.03,AUD
378479,2024-03-05T01:57:33,2024-03-05,90,29,Retail,Afterpay,COUPON0A9-,6.52,AUD
378676,2024-03-05T01:10:21,2024-03-05,231,43,Online,Credit Card,COUPONA--Z,9.93,AUD
378817,2024-03-05T15:24:16,2024-03-05,523,33,Retail,PayPal,COUPON--Z0,10.37,AUD
378897,2024-03-05T20:51:25,2024-03-05,21,41,Retail,PayPal,COUPON9--0,16.07,AUD
378932,2024-03-05T01:07:16,2024-03-05,391,3,Retail,Credit Card,COUPON-AZZ,14.2,AUD
378952,2024-03-05T10:22:43,2024-03-05,703,11,Retail,PayPal,COUPONZAZ-,7.8,AUD
379161,2024-03-05T04:34:27,2024-03-05,187,37,Online,Credit Card,COUPON90-Z,14.7,AUD
379254,2024-03-05T06:36:19,2024-03-05,709,13,Retail,Credit Card,COUPONA0Z0,0.16,AUD
379359,2024-03-05T14:20:18,2024-03-05,489,41,Retail,PayPal,COUPON-A-Z,2.36,AUD
379847,2024-03-05T07:02:48,2024-03-05,125,47,Online,Afterpay,COUPON9Z09,1.22,AUD
379892,2024-03-05T02:35:25,2024-03-05,726,40,Online,Credit Card,COUPON-A--,3.78,AUD
379959,2024-03-05T21:05:33,2024-03-05,648,4,Retail,Credit Card,COUPON--AA,7.78,AUD
380094,2024-03-05T22:52:29,2024-03-05,672,22,Online,Credit Card,COUPONA00-,5.68,AUD
380142,2024-03-05T00:41:56,2024-03-05,445,2,Online,Afterpay,COUPONAA00,12.62,AUD
380303,2024-03-05T12:25:44,2024-03-05,476,37,Online,Afterpay,COUPONA--A,1.14,AUD
380405,2024-03-05T20:19:43,2024-03-05,740,49,Retail,Afterpay,COUPON-0--,6.91,AUD
380444,2024-03-05T23:27:22,2024-03-05,125,47,Retail,PayPal,COUPON--90,10.0,AUD
380507,2024-03-05T11:41:04,2024-03-05,378,2,Online,Credit Card,COUPON9A9-,4.66,AUD
380603,2024-03-05T04:47:28,2024-03-05,661,48,Online,Credit Card,COUPONZ-9-,10.83,AUD
380803,2024-03-05T03:05:23,2024-03-05,145,21,Online,Afterpay,COUPON909A,6.81,AUD
381005,2024-03-05T18:10:31,2024-03-05,300,42,Retail,Afterpay,COUPONZ-9-,6.14,AUD
381023,2024-03-05T05:20:41,2024-03-05,158,19,Retail,Afterpay,COUPONZZAZ,19.74,AUD
381044,2024-03-05T13:17:46,2024-03-05,580,1,Retail,Credit Card,COUPON0AZ9,6.01,AUD
381055,2024-03-05T13:46:28,2024-03-05,173,25,Online,PayPal,COUPON09-0,19.97,AUD
381094,2024-03-05T22:21:23,2024-03-05,605,12,Online,Credit Card,COUPONZ-9A,9.53,AUD
381172,2024-03-05T04:16:52,2024-03-05,175,42,Retail,Credit Card,COUPON0999,7.18,AUD
381259,2024-03-05T07:21:00,2024-03-05,697,1,Retail,PayPal,COUPON9A0A,15.36,AUD
381286,2024-03-05T02:47:31,2024-03-05,722,33,Online,Credit Card,COUPONZ99-,16.0,AUD
381337,2024-03-05T22:59:53,2024-03-05,43,40,Online,Credit Card,COUPON0000,3.39,AUD
381350,2024-03-05T11:01:29,2024-03-05,264,7,Online,Credit Card,COUPON90--,10.91,AUD
381495,2024-03-05T01:23:18,2024-03-05,734,4,Online,Afterpay,COUPONZ--9,7.72,AUD
381639,2024-03-05T05:44:39,2024-03-05,642,13,Retail,PayPal,COUPON9---,8.27,AUD
381657,2024-03-05T02:51:57,2024-03-05,380,43,Retail,PayPal,COUPON---A,13.71,AUD
381721,2024-03-05T11:26:55,2024-03-05,626,1,Online,Credit Card,COUPON-9A9,17.1,AUD
381745,2024-03-05T06:47:35,2024-03-05,647,43,Online,Afterpay,COUPON9Z--,6.78,AUD
381758,2024-03-05T10:48:41,2024-03-05,405,25,Retail,Afterpay,COUPON-00-,8.26,AUD
381793,2024-03-05T12:38:33,2024-03-05,620,36,Retail,Afterpay,COUPON--00,9.47,AUD
381897,2024-03-05T03:59:06,2024-03-05,161,9,Online,Afterpay,COUPON-A00,9.47,AUD
381965,2024-03-05T12:05:23,2024-03-05,338,5,Online,Credit Card,COUPON-AZ0,7.28,AUD
382044,2024-03-05T18:17:53,2024-03-05,786,31,Online,PayPal,COUPONA099,2.13,AUD
382230,2024-03-05T20:13:44,2024-03-05,761,15,Retail,Credit Card,COUPONA00Z,1.12,AUD
382344,2024-03-05T00:48:15,2024-03-05,49,36,Online,Afterpay,COUPONA--Z,17.39,AUD
382630,2024-03-05T14:26:29,2024-03-05,348,26,Retail,PayPal,COUPON--00,1.22,AUD
382633,2024-03-05T06:30:53,2024-03-05,461,16,Online,Afterpay,COUPONA9AA,5.36,AUD
382737,2024-03-05T21:37:24,2024-03-05,424,6,Online,Afterpay,COUPONA-09,13.31,AUD
382759,2024-03-05T15:26:26,2024-03-05,642,13,Retail,PayPal,COUPONZ-90,3.43,AUD
382765,2024-03-05T01:45:48,2024-03-05,105,44,Online,Afterpay,COUPONA-00,4.27,AUD
382838,2024-03-05T06:00:36,2024-03-05,459,13,Online,PayPal,COUPONZ9A-,3.2,AUD
382952,2024-03-05T03:03:48,2024-03-05,442,7,Online,PayPal,COUPONZ-A9,5.67,AUD
383009,2024-03-05T05:33:40,2024-03-05,410,22,Online,PayPal,COUPON0-A0,15.69,AUD
383142,2024-03-05T00:18:32,2024-03-05,466,46,Retail,Credit Card,COUPON--9-,12.64,AUD
383166,2024-03-05T05:40:34,2024-03-05,450,10,Online,Credit Card,COUPON-AAZ,4.16,AUD
383211,2024-03-05T14:58:09,2024-03-05,287,9,Retail,PayPal,COUPONA-9-,5.54,AUD
383273,2024-03-05T08:11:27,2024-03-05,737,32,Online,Afterpay,COUPON-00-,8.9,AUD
383275,2024-03-05T03:44:28,2024-03-05,754,19,Retail,Afterpay,COUPON90A0,18.86,AUD
383434,2024-03-05T12:10:49,2024-03-05,468,44,Retail,Credit Card,COUPONA--9,2.62,AUD
383548,2024-03-05T13:50:44,2024-03-05,646,18,Retail,Credit Card,COUPONZ009,6.28,AUD
383552,2024-03-05T22:33:09,2024-03-05,693,39,Online,Credit Card,COUPONZ0Z-,1.6,AUD
383637,2024-03-05T12:00:12,2024-03-05,766,10,Retail,Credit Card,COUPON00-Z,1.62,AUD
383729,2024-03-05T09:10:31,2024-03-05,787,21,Retail,PayPal,COUPON--9A,6.58,AUD
383841,2024-03-05T23:58:49,2024-03-05,376,48,Online,Credit Card,COUPON9Z-0,4.34,AUD
383962,2024-03-05T03:53:46,2024-03-05,248,45,Online,Afterpay,COUPONZ--Z,0.03,AUD
383978,2024-03-05T19:13:31,2024-03-05,660,12,Retail,Credit Card,COUPONA-Z0,1.34,AUD
383997,2024-03-05T14:18:20,2024-03-05,709,26,Retail,Credit Card,COUPONZZ0-,17.17,AUD
384249,2024-03-05T11:58:05,2024-03-05,759,12,Online,Credit Card,COUPON----,1.01,AUD
384357,2024-03-05T04:59:52,2024-03-05,96,31,Online,Credit Card,COUPON99-Z,6.4,AUD
384417,2024-03-05T06:59:01,2024-03-05,293,17,Online,Credit Card,COUPONA-9A,10.0,AUD
384420,2024-03-05T22:17:49,2024-03-05,617,27,Online,Afterpay,COUPON--A0,9.42,AUD
384445,2024-03-05T10:32:14,2024-03-05,772,20,Retail,PayPal,COUPON-ZZ-,8.28,AUD
384511,2024-03-05T22:44:30,2024-03-05,400,17,Retail,Afterpay,COUPONA-99,4.57,AUD
384533,2024-03-05T12:24:14,2024-03-05,763,11,Retail,Credit Card,COUPON-AZA,16.48,AUD
384576,2024-03-05T19:48:26,2024-03-05,316,9,Retail,PayPal,COUPON9-A9,18.39,AUD
384609,2024-03-05T08:28:00,2024-03-05,34,34,Retail,Credit Card,COUPON9A--,12.74,AUD
384634,2024-03-05T01:32:35,2024-03-05,351,45,Online,Afterpay,COUPON9A0A,6.23,AUD
384699,2024-03-05T08:46:00,2024-03-05,719,11,Online,PayPal,COUPON0A--,10.57,AUD
384737,2024-03-05T02:02:59,2024-03-05,249,37,Retail,PayPal,COUPON-90-,10.83,AUD
384817,2024-03-05T21:51:00,2024-03-05,273,4,Online,PayPal,COUPONZ-9-,17.15,AUD
384849,2024-03-05T21:34:08,2024-03-05,448,47,Retail,Afterpay,COUPON9-9Z,2.94,AUD
384911,2024-03-05T21:01:48,2024-03-05,524,41,Retail,Credit Card,COUPONZ9A-,15.52,AUD
385087,2024-03-05T05:38:24,2024-03-05,632,14,Online,Credit Card,COUPON-A-Z,17.01,AUD
385092,2024-03-05T07:48:35,2024-03-05,742,19,Online,Credit Card,COUPON0-0A,6.74,AUD
385098,2024-03-05T04:47:01,2024-03-05,205,29,Retail,Credit Card,COUPON-AAZ,0.19,AUD
385174,2024-03-05T09:49:03,2024-03-05,421,50,Online,Credit Card,COUPON-0-9,16.13,AUD
385322,2024-03-05T01:28:31,2024-03-05,31,44,Online,Afterpay,COUPON0909,7.11,AUD
385514,2024-03-05T00:26:26,2024-03-05,63,39,Online,Afterpay,COUPONAZ-9,19.27,AUD
385545,2024-03-05T21:43:14,2024-03-05,478,21,Retail,PayPal,COUPON-9--,17.81,AUD
385832,2024-03-05T14:34:57,2024-03-05,665,1,Online,Credit Card,COUPON00AA,17.35,AUD
386007,2024-03-05T20:14:40,2024-03-05,238,35,Online,Afterpay,COUPONZZ0A,17.92,AUD
386528,2024-03-05T09:35:29,2024-03-05,351,6,Retail,Afterpay,COUPON0099,2.24,AUD
386557,2024-03-05T08:35:29,2024-03-05,20,5,Retail,Afterpay,COUPONAAZ9,1.3,AUD
386570,2024-03-05T08:45:13,2024-03-05,315,23,Retail,PayPal,COUPON90Z-,16.94,AUD
386697,2024-03-05T08:29:45,2024-03-05,608,50,Online,PayPal,COUPON9---,11.35,AUD
386987,2024-03-05T18:23:39,2024-03-05,274,4,Retail,PayPal,COUPON-AZA,6.34,AUD
387106,2024-03-05T05:14:32,2024-03-05,731,44,Online,Credit Card,COUPONZ9AZ,9.75,AUD
387231,2024-03-05T09:21:30,2024-03-05,350,38,Retail,Credit Card,COUPON-9-Z,6.33,AUD
387406,2024-03-05T17:20:49,2024-03-05,144,13,Online,Afterpay,COUPON0Z0-,3.62,AUD
387410,2024-03-05T11:55:26,2024-03-05,85,16,Online,Credit Card,COUPON0---,7.87,AUD
387547,2024-03-05T01:46:23,2024-03-05,54,28,Retail,Afterpay,COUPON00AZ,7.59,AUD
387585,2024-03-05T21:43:25,2024-03-05,696,44,Retail,Afterpay,COUPON-0-Z,10.93,AUD
387616,2024-03-05T11:11:35,2024-03-05,782,37,Retail,PayPal,COUPON--Z-,8.52,AUD
387655,2024-03-05T14:51:22,2024-03-05,331,49,Online,PayPal,COUPONZ99Z,14.71,AUD
387989,2024-03-05T09:23:02,2024-03-05,619,24,Online,Afterpay,COUPON9ZZ9,19.05,AUD
388163,2024-03-05T02:32:11,2024-03-05,624,2,Online,Credit Card,COUPON9---,14.29,AUD
388337,2024-03-05T20:32:04,2024-03-05,268,44,Online,PayPal,COUPONAZ-9,6.12,AUD
388450,2024-03-05T10:43:21,2024-03-05,440,9,Online,Credit Card,COUPON990A,17.4,AUD
388468,2024-03-05T07:18:42,2024-03-05,446,28,Online,PayPal,COUPON9Z99,2.5,AUD
388488,2024-03-05T02:55:14,2024-03-05,55,7,Retail,Afterpay,COUPON-9Z0,10.0,AUD
388638,2024-03-05T22:13:49,2024-03-05,195,35,Online,PayPal,COUPON--9-,4.28,AUD
388668,2024-03-05T09:24:45,2024-03-05,294,18,Online,PayPal,COUPONZ-A9,12.15,AUD
388783,2024-03-05T02:14:46,2024-03-05,162,23,Online,Afterpay,COUPON99-9,5.92,AUD
388814,2024-03-05T08:11:31,2024-03-05,740,48,Online,Afterpay,COUPON99--,0.71,AUD
388859,2024-03-05T01:53:05,2024-03-05,54,47,Retail,PayPal,COUPONZ-Z-,1.98,AUD
388957,2024-03-05T07:22:03,2024-03-05,661,35,Online,Credit Card,COUPON-A9-,7.55,AUD
389008,2024-03-05T04:42:45,2024-03-05,21,10,Retail,Afterpay,COUPONZ0--,2.98,AUD
389020,2024-03-05T02:37:54,2024-03-05,409,28,Online,Credit Card,COUPON0-99,5.69,AUD
389223,2024-03-05T02:24:09,2024-03-05,15,27,Online,PayPal,COUPON0-99,4.35,AUD
389308,2024-03-05T18:10:21,2024-03-05,688,13,Retail,PayPal,COUPON0ZZ-,2.54,AUD
389317,2024-03-05T20:13:37,2024-03-05,330,11,Retail,Credit Card,COUPON9ZA-,6.62,AUD
389335,2024-03-05T21:13:04,2024-03-05,745,39,Online,Afterpay,COUPONA090,6.55,AUD
389372,2024-03-05T04:17:36,2024-03-05,397,38,Online,Afterpay,COUPONA-90,2.19,AUD
389424,2024-03-05T18:13:51,2024-03-05,588,14,Retail,PayPal,COUPONZAZ9,4.91,AUD
389916,2024-03-05T03:16:53,2024-03-05,201,24,Online,PayPal,COUPONZAAZ,6.6,AUD
390017,2024-03-05T09:27:06,2024-03-05,84,9,Retail,Afterpay,COUPON--9-,10.27,AUD
390095,2024-03-05T23:37:53,2024-03-05,260,20,Online,Credit Card,COUPON9-0Z,10.23,AUD
390168,2024-03-05T07:24:24,2024-03-05,520,32,Retail,PayPal,COUPONA09-,6.95,AUD
390219,2024-03-05T05:02:26,2024-03-05,697,28,Online,Afterpay,COUPON-090,1.16,AUD
390394,2024-03-05T03:26:32,2024-03-05,34,2,Online,Credit Card,COUPON9-09,16.01,AUD
390434,2024-03-05T22:59:28,2024-03-05,17,15,Retail,PayPal,COUPON-09A,7.93,AUD
390604,2024-03-05T03:42:45,2024-03-05,351,20,Online,Credit Card,COUPON-09A,4.25,AUD
390688,2024-03-05T13:56:13,2024-03-05,105,30,Online,Afterpay,COUPON09Z0,16.75,AUD
390709,2024-03-05T06:53:45,2024-03-05,166,17,Retail,Afterpay,COUPON99-Z,14.49,AUD
390735,2024-03-05T16:49:32,2024-03-05,433,46,Online,Credit Card,COUPON9ZZ0,9.08,AUD
390748,2024-03-05T19:05:06,2024-03-05,667,48,Retail,Afterpay,COUPON9-0-,5.27,AUD
390762,2024-03-05T04:34:49,2024-03-05,655,10,Retail,PayPal,COUPON-Z-A,2.14,AUD
390824,2024-03-05T13:52:54,2024-03-05,394,23,Retail,Credit Card,COUPONAZ0Z,7.21,AUD
390869,2024-03-05T20:01:20,2024-03-05,736,14,Online,Afterpay,COUPONZ0-9,7.19,AUD
390974,2024-03-05T21:41:48,2024-03-05,506,45,Retail,Credit Card,COUPONZ0--,17.08,AUD
391004,2024-03-05T19:57:37,2024-03-05,758,46,Online,PayPal,COUPON90AA,6.93,AUD
391103,2024-03-05T21:05:07,2024-03-05,697,19,Online,Credit Card,COUPON90A-,3.63,AUD
391164,2024-03-05T00:20:15,2024-03-05,255,39,Retail,Afterpay,COUPON-900,15.47,AUD
391279,2024-03-05T06:55:35,2024-03-05,470,24,Retail,Credit Card,COUPON9A--,11.91,AUD
391317,2024-03-05T01:05:10,2024-03-05,493,19,Retail,PayPal,COUPONAA--,15.42,AUD
391336,2024-03-05T05:07:39,2024-03-05,701,33,Retail,Credit Card,COUPON-9A9,5.08,AUD
391536,2024-03-05T18:32:58,2024-03-05,773,8,Retail,Afterpay,COUPON---Z,15.18,AUD
391542,2024-03-05T19:05:52,2024-03-05,696,47,Retail,PayPal,COUPONA-9Z,14.88,AUD
391664,2024-03-05T10:04:59,2024-03-05,460,41,Retail,Afterpay,COUPONZ99Z,8.46,AUD
391733,2024-03-05T13:48:22,2024-03-05,791,1,Retail,PayPal,COUPONAZ9Z,6.71,AUD
391826,2024-03-05T20:25:06,2024-03-05,42,6,Retail,Afterpay,COUPON-0AZ,8.91,AUD
391882,2024-03-05T02:02:39,2024-03-05,314,43,Online,Credit Card,COUPON-A09,10.22,AUD
392096,2024-03-05T11:27:48,2024-03-05,276,43,Retail,PayPal,COUPON-9ZA,7.89,AUD
392104,2024-03-05T19:57:53,2024-03-05,585,8,Retail,Credit Card,COUPON0--A,3.63,AUD
392219,2024-03-05T08:36:32,2024-03-05,211,46,Online,Credit Card,COUPON-AZA,13.31,AUD
392370,2024-03-05T02:35:14,2024-03-05,332,29,Retail,PayPal,COUPONA-A9,2.26,AUD
392405,2024-03-05T23:03:34,2024-03-05,105,44,Online,Afterpay,COUPON9Z-Z,14.58,AUD
392597,2024-03-05T11:24:37,2024-03-05,728,7,Online,Afterpay,COUPONZ-9Z,0.58,AUD
392601,2024-03-05T14:50:23,2024-03-05,527,45,Online,PayPal,COUPON-A--,17.36,AUD
392738,2024-03-05T07:12:36,2024-03-05,746,34,Online,Afterpay,COUPONA090,1.38,AUD
392739,2024-03-05T15:40:38,2024-03-05,223,18,Online,Afterpay,COUPONZZ--,9.69,AUD
392773,2024-03-05T06:40:21,2024-03-05,644,42,Retail,PayPal,COUPONAZAA,0.23,AUD
393108,2024-03-05T01:22:32,2024-03-05,771,49,Online,Credit Card,COUPON9A-9,2.79,AUD
393126,2024-03-05T18:37:02,2024-03-05,545,40,Retail,Credit Card,COUPON9---,2.44,AUD
393133,2024-03-05T13:50:00,2024-03-05,148,40,Online,Credit Card,COUPON99-9,0.67,AUD
393164,2024-03-05T10:45:54,2024-03-05,539,11,Online,PayPal,COUPON9-00,7.85,AUD
393242,2024-03-05T18:48:11,2024-03-05,114,4,Retail,PayPal,COUPON099-,19.72,AUD
393243,2024-03-05T21:27:46,2024-03-05,177,34,Retail,Afterpay,COUPONA9A-,2.69,AUD
393270,2024-03-05T18:27:04,2024-03-05,189,39,Retail,Afterpay,COUPON----,6.31,AUD
393482,2024-03-05T12:59:12,2024-03-05,733,9,Online,PayPal,COUPON0-9-,18.81,AUD
393544,2024-03-05T10:17:14,2024-03-05,500,13,Online,PayPal,COUPON---0,1.5,AUD
393548,2024-03-05T02:31:23,2024-03-05,395,12,Retail,PayPal,COUPON0-A9,3.02,AUD
393561,2024-03-05T14:41:42,2024-03-05,54,36,Online,PayPal,COUPON99A-,5.58,AUD
393589,2024-03-05T03:50:08,2024-03-05,481,13,Online,Credit Card,COUPONA--Z,14.47,AUD
393934,2024-03-05T09:40:37,2024-03-05,534,30,Retail,PayPal,COUPON0A-Z,17.2,AUD
393952,2024-03-05T03:11:51,2024-03-05,160,12,Retail,Credit Card,COUPON99--,5.26,AUD
394032,2024-03-05T06:35:18,2024-03-05,6,4,Online,Credit Card,COUPON-0AA,6.59,AUD
394050,2024-03-05T18:24:34,2024-03-05,228,28,Retail,Credit Card,COUPONA90Z,14.46,AUD
394346,2024-03-05T20:20:06,2024-03-05,626,20,Online,PayPal,COUPONZ--A,11.95,AUD
394479,2024-03-05T05:20:45,2024-03-05,7,45,Online,Credit Card,COUPONAZAA,4.04,AUD
394655,2024-03-05T08:40:08,2024-03-05,591,19,Online,Credit Card,COUPON9Z-0,3.02,AUD
394656,2024-03-05T20:32:37,2024-03-05,789,16,Online,Credit Card,COUPONA9Z0,8.18,AUD
394700,2024-03-05T20:35:20,2024-03-05,454,41,Online,Afterpay,COUPON-ZZ-,10.54,AUD
394742,2024-03-05T05:58:07,2024-03-05,403,7,Retail,Afterpay,COUPONZ00-,9.14,AUD
394779,2024-03-05T05:39:28,2024-03-05,580,11,Online,PayPal,COUPON0AA-,19.98,AUD
394805,2024-03-05T18:12:02,2024-03-05,591,34,Online,PayPal,COUPON-9A0,1.86,AUD
394809,2024-03-05T18:29:07,2024-03-05,720,46,Retail,PayPal,COUPON-9AZ,5.46,AUD
394938,2024-03-05T10:52:36,2024-03-05,133,3,Retail,PayPal,COUPON9-99,1.96,AUD
394961,2024-03-05T10:32:20,2024-03-05,787,27,Retail,PayPal,COUPONA-9-,2.8,AUD
395155,2024-03-05T10:29:21,2024-03-05,104,8,Retail,PayPal,COUPON--Z9,1.95,AUD
395156,2024-03-05T09:02:45,2024-03-05,129,26,Retail,PayPal,COUPON9-Z-,17.45,AUD
395233,2024-03-05T07:59:29,2024-03-05,193,27,Retail,PayPal,COUPON-0A-,14.0,AUD
395263,2024-03-05T09:31:47,2024-03-05,538,39,Online,PayPal,COUPON--AZ,17.84,AUD
395266,2024-03-05T16:54:21,2024-03-05,472,44,Online,Credit Card,COUPON9-Z9,10.34,AUD
395283,2024-03-05T20:44:52,2024-03-05,401,41,Retail,Afterpay,COUPON9--9,10.1,AUD
395287,2024-03-05T11:44:46,2024-03-05,5,50,Online,Credit Card,COUPONA-Z-,2.43,AUD
395456,2024-03-05T04:22:40,2024-03-05,93,25,Retail,Afterpay,COUPON--ZZ,12.12,AUD
395747,2024-03-05T06:26:48,2024-03-05,540,45,Retail,Afterpay,COUPON999-,17.54,AUD
395824,2024-03-05T22:26:06,2024-03-05,205,44,Online,PayPal,COUPON-0A9,9.86,AUD
395830,2024-03-05T11:05:48,2024-03-05,377,34,Retail,Credit Card,COUPONA-0-,13.18,AUD
395888,2024-03-05T23:01:18,2024-03-05,497,41,Online,Credit Card,COUPONZ-90,5.12,AUD
395917,2024-03-05T21:49:11,2024-03-05,245,1,Online,PayPal,COUPONA0A9,1.56,AUD
395949,2024-03-05T12:47:09,2024-03-05,706,17,Online,PayPal,COUPON-000,4.64,AUD
396336,2024-03-05T11:20:53,2024-03-05,203,36,Retail,Afterpay,COUPONZ00A,4.4,AUD
396429,2024-03-05T13:11:44,2024-03-05,186,5,Retail,PayPal,COUPONZAZ-,13.43,AUD
396482,2024-03-05T17:58:37,2024-03-05,473,2,Retail,Credit Card,COUPON9000,15.28,AUD
396595,2024-03-05T02:53:48,2024-03-05,289,44,Retail,Credit Card,COUPON-0--,15.82,AUD
396678,2024-03-05T19:43:13,2024-03-05,680,6,Retail,PayPal,COUPON-Z-0,14.74,AUD
396709,2024-03-05T08:27:44,2024-03-05,678,46,Online,PayPal,COUPON0-0-,15.01,AUD
396743,2024-03-05T07:42:05,2024-03-05,380,28,Retail,PayPal,COUPON-99-,12.89,AUD
396884,2024-03-05T08:34:30,2024-03-05,125,22,Retail,Credit Card,COUPONZ--0,1.79,AUD
396914,2024-03-05T06:20:23,2024-03-05,485,27,Retail,Credit Card,COUPON99-9,2.31,AUD
396917,2024-03-05T02:33:34,2024-03-05,535,35,Online,Credit Card,COUPON-A-0,9.56,AUD
396937,2024-03-05T22:13:19,2024-03-05,158,7,Online,PayPal,COUPON-A9Z,7.62,AUD
396942,2024-03-05T04:04:23,2024-03-05,571,44,Online,Credit Card,COUPON00--,8.34,AUD
397112,2024-03-05T15:34:17,2024-03-05,302,43,Online,PayPal,COUPONZ0Z0,4.74,AUD
397157,2024-03-05T11:32:37,2024-03-05,593,22,Online,Credit Card,COUPONZ-9-,9.9,AUD
397183,2024-03-05T00:48:40,2024-03-05,113,9,Online,PayPal,COUPON-0Z-,7.37,AUD
397293,2024-03-05T10:14:02,2024-03-05,61,28,Retail,Afterpay,COUPON90-A,2.92,AUD
397482,2024-03-05T21:44:24,2024-03-05,57,33,Online,Credit Card,COUPON--Z9,5.87,AUD
397893,2024-03-05T22:45:08,2024-03-05,641,44,Retail,Credit Card,COUPONZ-Z9,19.51,AUD
397927,2024-03-05T01:19:36,2024-03-05,14,10,Online,Afterpay,COUPONZ-A-,10.81,AUD
397993,2024-03-05T06:14:34,2024-03-05,26,45,Online,Afterpay,COUPON-A--,6.55,AUD
398264,2024-03-05T15:20:15,2024-03-05,365,40,Retail,Afterpay,COUPON0AA9,3.69,AUD
398273,2024-03-05T15:47:41,2024-03-05,20,33,Online,Afterpay,COUPONZ0-Z,5.01,AUD
398324,2024-03-05T06:09:48,2024-03-05,381,27,Online,Credit Card,COUPON---0,9.9,AUD
398426,2024-03-05T18:56:59,2024-03-05,4,43,Retail,Credit Card,COUPONZZ--,12.54,AUD
398455,2024-03-05T10:43:49,2024-03-05,287,11,Retail,PayPal,COUPON----,15.78,AUD
398494,2024-03-05T19:18:23,2024-03-05,236,35,Retail,PayPal,COUPONA9AZ,8.54,AUD
398708,2024-03-05T06:31:38,2024-03-05,602,36,Retail,Credit Card,COUPONZ9AA,3.46,AUD
398819,2024-03-05T00:02:59,2024-03-05,774,35,Retail,Afterpay,COUPONA099,11.66,AUD
398871,2024-03-05T17:03:19,2024-03-05,501,17,Online,PayPal,COUPON-909,3.61,AUD
399017,2024-03-05T00:23:32,2024-03-05,299,20,Retail,Credit Card,COUPON0-Z0,6.77,AUD
399060,2024-03-05T00:14:46,2024-03-05,540,4,Online,PayPal,COUPON0ZA9,11.36,AUD
399158,2024-03-05T01:53:40,2024-03-05,483,37,Online,Credit Card,COUPON9AZ0,14.11,AUD
399237,2024-03-05T09:19:47,2024-03-05,181,9,Online,Afterpay,COUPON90A-,18.6,AUD
399320,2024-03-05T21:27:46,2024-03-05,725,11,Retail,Afterpay,COUPON9-Z0,15.18,AUD
399392,2024-03-05T16:18:48,2024-03-05,262,34,Retail,PayPal,COUPON---0,11.13,AUD
399466,2024-03-05T21:58:55,2024-03-05,775,21,Retail,PayPal,COUPON9-0Z,8.53,AUD
399467,2024-03-05T16:12:12,2024-03-05,573,17,Online,Afterpay,COUPON-09-,6.03,AUD
399470,2024-03-05T06:09:48,2024-03-05,219,9,Retail,Credit Card,COUPONA-0A,19.73,AUD
399587,2024-03-05T11:25:12,2024-03-05,448,3,Retail,PayPal,COUPON-99-,3.66,AUD
399593,2024-03-05T10:52:30,2024-03-05,640,31,Retail,Afterpay,COUPON0A0-,4.96,AUD
399632,2024-03-05T11:00:03,2024-03-05,163,45,Retail,PayPal,COUPON---Z,12.22,AUD
399633,2024-03-05T23:50:37,2024-03-05,142,8,Online,Credit Card,COUPON0Z00,3.0,AUD
399886,2024-03-05T13:41:38,2024-03-05,17,39,Online,Afterpay,COUPON9ZA9,0.54,AUD
399892,2024-03-05T10:04:09,2024-03-05,723,5,Online,PayPal,COUPON0A0A,15.1,AUD
400040,2024-03-05T11:55:04,2024-03-05,323,23,Retail,PayPal,COUPON--0-,15.66,AUD
400102,2024-03-05T06:58:59,2024-03-05,442,12,Retail,Afterpay,COUPON-Z-9,19.65,AUD
400128,2024-03-05T00:10:40,2024-03-05,256,4,Online,PayPal,COUPON0909,10.88,AUD
400135,2024-03-05T06:00:26,2024-03-05,226,50,Online,Credit Card,COUPONAA99,3.99,AUD
400349,2024-03-05T04:45:56,2024-03-05,221,2,Retail,Credit Card,COUPON9Z0-,18.74,AUD
400425,2024-03-05T10:54:54,2024-03-05,595,29,Online,Credit Card,COUPONA-Z-,15.46,AUD
400449,2024-03-05T21:17:24,2024-03-05,17,35,Online,Afterpay,COUPON-ZZA,9.76,AUD
400481,2024-03-05T17:28:16,2024-03-05,323,37,Online,PayPal,COUPON9-00,9.49,AUD
400673,2024-03-05T07:14:22,2024-03-05,257,25,Online,Afterpay,COUPON-99A,0.71,AUD
401082,2024-03-05T02:52:08,2024-03-05,372,39,Online,Credit Card,COUPON-9A-,17.55,AUD
401196,2024-03-05T00:03:15,2024-03-05,105,26,Online,Afterpay,COUPON-0AZ,9.0,AUD
401208,2024-03-05T02:48:32,2024-03-05,5,4,Retail,Afterpay,COUPON9--A,19.05,AUD
401258,2024-03-05T10:28:04,2024-03-05,395,12,Online,PayPal,COUPONZZ-0,1.49,AUD
401348,2024-03-05T13:20:56,2024-03-05,431,12,Online,Credit Card,COUPON0AA0,9.76,AUD
401491,2024-03-05T03:35:22,2024-03-05,135,17,Online,PayPal,COUPONAAZ9,7.5,AUD
401591,2024-03-05T05:34:18,2024-03-05,735,46,Online,PayPal,COUPONA--A,14.45,AUD
401683,2024-03-05T03:08:45,2024-03-05,313,36,Retail,PayPal,COUPON00--,7.25,AUD
401804,2024-03-05T13:03:05,2024-03-05,628,44,Online,PayPal,COUPONA0Z-,1.56,AUD
401941,2024-03-05T02:02:09,2024-03-05,725,34,Retail,Credit Card,COUPON0A0-,15.32,AUD
401976,2024-03-05T13:49:56,2024-03-05,447,29,Retail,Credit Card,COUPONA--0,7.32,AUD
402032,2024-03-05T14:53:14,2024-03-05,793,20,Online,PayPal,COUPON90A-,12.62,AUD
402202,2024-03-05T02:17:59,2024-03-05,516,22,Online,PayPal,COUPONZ-A-,18.91,AUD
402340,2024-03-05T00:48:21,2024-03-05,371,11,Online,Credit Card,COUPONZZ9A,6.73,AUD
402368,2024-03-05T06:19:36,2024-03-05,745,39,Online,Afterpay,COUPON9-ZZ,5.82,AUD
402488,2024-03-05T00:55:44,2024-03-05,237,40,Retail,PayPal,COUPON--A9,8.63,AUD
402550,2024-03-05T05:03:39,2024-03-05,545,44,Retail,PayPal,COUPON--Z-,8.1,AUD
402681,2024-03-05T12:01:12,2024-03-05,361,9,Online,PayPal,COUPON-0--,15.0,AUD
402735,2024-03-05T12:07:08,2024-03-05,147,24,Retail,PayPal,COUPON0Z--,1.79,AUD
402818,2024-03-05T09:51:33,2024-03-05,504,38,Online,Credit Card,COUPON-0Z-,0.15,AUD
402823,2024-03-05T12:25:02,2024-03-05,534,31,Online,Afterpay,COUPON009Z,8.43,AUD
402863,2024-03-05T22:57:21,2024-03-05,73,33,Retail,Credit Card,COUPON0-ZZ,7.33,AUD
402901,2024-03-05T15:07:57,2024-03-05,268,31,Retail,PayPal,COUPON0ZAZ,13.62,AUD
403035,2024-03-05T06:58:26,2024-03-05,420,34,Online,PayPal,COUPONZZ09,18.45,AUD
403091,2024-03-05T09:42:12,2024-03-05,492,42,Online,PayPal,COUPON0A90,11.22,AUD
403164,2024-03-05T18:43:41,2024-03-05,676,24,Retail,Credit Card,COUPON-90Z,11.86,AUD
403436,2024-03-05T04:39:53,2024-03-05,159,31,Online,PayPal,COUPON---Z,15.82,AUD
403652,2024-03-05T22:13:01,2024-03-05,361,13,Retail,Afterpay,COUPON0-99,14.25,AUD
403722,2024-03-05T11:11:06,2024-03-05,218,17,Online,PayPal,COUPON---Z,12.04,AUD
403780,2024-03-05T21:31:59,2024-03-05,277,8,Online,Afterpay,COUPONAAZZ,19.99,AUD
403823,2024-03-05T11:33:25,2024-03-05,240,46,Online,Credit Card,COUPONA---,10.52,AUD
403972,2024-03-05T19:18:43,2024-03-05,62,41,Retail,Credit Card,COUPON9ZA-,18.02,AUD
404120,2024-03-05T15:32:15,2024-03-05,201,17,Online,Afterpay,COUPON-ZA9,9.59,AUD
404181,2024-03-05T20:11:43,2024-03-05,375,24,Retail,Credit Card,COUPONA0AZ,8.23,AUD
404220,2024-03-05T02:05:45,2024-03-05,344,36,Retail,PayPal,COUPONZZ9-,4.6,AUD
404266,2024-03-05T13:35:16,2024-03-05,741,14,Retail,PayPal,COUPONZ-A0,4.74,AUD
404440,2024-03-05T12:46:32,2024-03-05,176,5,Retail,Credit Card,COUPON0A00,12.34,AUD
404459,2024-03-05T17:57:22,2024-03-05,710,4,Online,Credit Card,COUPONZ-09,12.37,AUD
404812,2024-03-05T14:36:08,2024-03-05,94,28,Online,PayPal,COUPON-9ZA,2.07,AUD
404820,2024-03-05T00:10:48,2024-03-05,437,48,Retail,PayPal,COUPON0-9Z,2.29,AUD
404847,2024-03-05T12:17:40,2024-03-05,243,1,Online,Afterpay,COUPON-9ZZ,2.4,AUD
404936,2024-03-05T10:14:14,2024-03-05,620,38,Online,Afterpay,COUPON0A0Z,17.72,AUD
404950,2024-03-05T00:26:28,2024-03-05,699,11,Retail,Afterpay,COUPON0Z99,1.46,AUD
404962,2024-03-05T18:08:27,2024-03-05,340,42,Online,PayPal,COUPONZ-A9,9.79,AUD
404975,2024-03-05T07:53:40,2024-03-05,82,45,Retail,Credit Card,COUPON0ZA0,3.34,AUD
405335,2024-03-05T20:27:39,2024-03-05,95,26,Online,PayPal,COUPONA--A,3.83,AUD
405446,2024-03-05T12:50:12,2024-03-05,133,17,Online,PayPal,COUPON9-AZ,19.67,AUD
405501,2024-03-05T02:47:47,2024-03-05,236,6,Retail,Credit Card,COUPON0-9A,14.01,AUD
405719,2024-03-05T05:18:12,2024-03-05,52,4,Online,Credit Card,COUPONZ--Z,2.86,AUD
405758,2024-03-05T16:33:16,2024-03-05,125,38,Retail,PayPal,COUPON-0A9,1.65,AUD
405847,2024-03-05T13:17:32,2024-03-05,30,42,Retail,Credit Card,COUPONA0A0,9.26,AUD
405883,2024-03-05T02:10:30,2024-03-05,482,34,Online,Credit Card,COUPON0AAZ,1.48,AUD
405892,2024-03-05T23:16:17,2024-03-05,757,6,Online,Afterpay,COUPON-0-Z,9.39,AUD
406426,2024-03-05T20:39:30,2024-03-05,520,17,Online,Afterpay,COUPONZ--Z,0.21,AUD
406593,2024-03-05T14:22:53,2024-03-05,555,14,Online,PayPal,COUPON--09,10.38,AUD
406689,2024-03-05T03:57:47,2024-03-05,165,17,Online,Credit Card,COUPON-9AA,10.41,AUD
406714,2024-03-05T22:54:03,2024-03-05,666,6,Retail,PayPal,COUPON-A-9,15.8,AUD
406799,2024-03-05T07:51:25,2024-03-05,496,29,Retail,Credit Card,COUPON-A00,1.67,AUD
406803,2024-03-05T07:04:19,2024-03-05,779,20,Retail,Afterpay,COUPONZ00A,11.73,AUD
407051,2024-03-05T00:13:51,2024-03-05,106,37,Retail,Afterpay,COUPONA-00,2.75,AUD
407161,2024-03-05T10:05:13,2024-03-05,673,25,Online,Afterpay,COUPONA--Z,7.17,AUD
407162,2024-03-05T22:53:57,2024-03-05,157,14,Online,Credit Card,COUPON-0--,15.95,AUD
407194,2024-03-05T10:37:36,2024-03-05,664,10,Online,PayPal,COUPONZZ--,12.62,AUD
407308,2024-03-05T11:19:30,2024-03-05,554,39,Online,PayPal,COUPONA-A-,2.35,AUD
407383,2024-03-05T15:25:25,2024-03-05,745,21,Retail,PayPal,COUPON9-A-,16.09,AUD
407399,2024-03-05T17:33:33,2024-03-05,215,22,Online,Afterpay,COUPONA909,1.6,AUD
407406,2024-03-05T04:23:38,2024-03-05,259,41,Retail,Afterpay,COUPON-0ZZ,8.79,AUD
407503,2024-03-05T14:24:19,2024-03-05,428,6,Retail,Credit Card,COUPON---Z,4.56,AUD
407665,2024-03-05T23:53:21,2024-03-05,624,38,Retail,Credit Card,COUPONZ99-,14.47,AUD
407702,2024-03-05T13:50:19,2024-03-05,101,29,Online,Afterpay,COUPONZA-A,4.59,AUD
407704,2024-03-05T23:52:21,2024-03-05,442,1,Retail,Afterpay,COUPON-A9A,15.51,AUD
407976,2024-03-05T23:58:38,2024-03-05,750,41,Online,Credit Card,COUPONA99A,1.63,AUD
408031,2024-03-05T11:49:49,2024-03-05,616,11,Retail,Credit Card,COUPON0Z9-,8.25,AUD
408085,2024-03-05T09:30:09,2024-03-05,23,40,Retail,Afterpay,COUPON990A,16.23,AUD
408288,2024-03-05T04:27:14,2024-03-05,352,6,Online,Credit Card,COUPON9-9Z,1.65,AUD
408302,2024-03-05T23:13:25,2024-03-05,107,33,Retail,Afterpay,COUPON--Z-,17.61,AUD
408589,2024-03-05T11:30:56,2024-03-05,679,49,Retail,Credit Card,COUPON9A-A,14.57,AUD
408591,2024-03-05T21:39:37,2024-03-05,693,44,Retail,Afterpay,COUPON-0--,16.03,AUD
408605,2024-03-05T05:31:06,2024-03-05,455,8,Online,Credit Card,COUPON90A9,7.0,AUD
408770,2024-03-05T15:45:40,2024-03-05,421,20,Online,Afterpay,COUPON0A-9,17.86,AUD
409159,2024-03-05T17:09:19,2024-03-05,512,44,Retail,Afterpay,COUPON9ZZA,14.45,AUD
409300,2024-03-05T15:06:25,2024-03-05,436,46,Online,Afterpay,COUPON0Z9-,19.51,AUD
409431,2024-03-05T05:48:03,2024-03-05,200,12,Retail,Afterpay,COUPONZ9-A,4.74,AUD
409677,2024-03-05T18:07:13,2024-03-05,702,23,Retail,PayPal,COUPON9ZZ-,8.33,AUD
409766,2024-03-05T01:21:22,2024-03-05,487,50,Online,Credit Card,COUPONZA-Z,11.9,AUD
409791,2024-03-05T06:34:51,2024-03-05,718,38,Retail,PayPal,COUPON-0AZ,16.68,AUD
410155,2024-03-05T03:08:51,2024-03-05,264,36,Online,Credit Card,COUPON--00,17.69,AUD
410164,2024-03-05T19:38:28,2024-03-05,372,32,Retail,Afterpay,COUPON--Z0,18.88,AUD
410211,2024-03-05T08:14:50,2024-03-05,490,5,Online,Afterpay,COUPON-000,17.63,AUD
410394,2024-03-05T02:06:13,2024-03-05,293,45,Online,Credit Card,COUPONA00Z,14.32,AUD
410422,2024-03-05T14:36:35,2024-03-05,26,46,Retail,PayPal,COUPON9A-9,15.64,AUD
410445,2024-03-05T13:27:11,2024-03-05,205,18,Online,Credit Card,COUPONZ0-0,4.37,AUD
410504,2024-03-05T20:33:28,2024-03-05,721,24,Retail,PayPal,COUPON-AZ-,5.13,AUD
410622,2024-03-05T06:21:10,2024-03-05,617,1,Online,Afterpay,COUPON-990,7.93,AUD
410649,2024-03-05T17:00:54,2024-03-05,109,26,Online,PayPal,COUPONZZAA,10.53,AUD
410778,2024-03-05T12:07:41,2024-03-05,714,31,Retail,Afterpay,COUPONZ-AA,7.44,AUD
410789,2024-03-05T01:30:16,2024-03-05,388,24,Retail,Afterpay,COUPONZ-A0,6.92,AUD
410931,2024-03-05T22:05:43,2024-03-05,747,21,Online,PayPal,COUPON-A9A,7.85,AUD
410932,2024-03-05T02:31:16,2024-03-05,8,9,Retail,PayPal,COUPON-0A-,9.28,AUD
411040,2024-03-05T13:35:54,2024-03-05,770,23,Online,Afterpay,COUPON--9A,5.26,AUD
411049,2024-03-05T07:05:46,2024-03-05,629,40,Retail,Credit Card,COUPON-A90,10.13,AUD
411075,2024-03-05T17:00:36,2024-03-05,547,19,Online,PayPal,COUPONA0Z0,15.33,AUD
411105,2024-03-05T09:36:40,2024-03-05,42,12,Retail,Credit Card,COUPON0-A-,16.51,AUD
411163,2024-03-05T15:04:09,2024-03-05,271,25,Online,PayPal,COUPON-0--,16.79,AUD
411330,2024-03-05T08:37:20,2024-03-05,33,33,Online,PayPal,COUPON-Z09,7.82,AUD
411426,2024-03-05T22:42:27,2024-03-05,769,50,Retail,Afterpay,COUPON0AZZ,15.18,AUD
411516,2024-03-05T12:45:34,2024-03-05,444,39,Retail,Afterpay,COUPON9Z--,15.65,AUD
411602,2024-03-05T01:22:43,2024-03-05,234,21,Online,Afterpay,COUPONZ9AZ,0.71,AUD
411765,2024-03-05T00:39:07,2024-03-05,276,23,Retail,Afterpay,COUPON-AZ-,11.88,AUD
411863,2024-03-05T02:33:05,2024-03-05,792,30,Online,PayPal,COUPON0--9,1.65,AUD
411928,2024-03-05T07:30:49,2024-03-05,405,5,Online,PayPal,COUPON-AZA,19.56,AUD
412032,2024-03-05T06:27:37,2024-03-05,193,9,Retail,Afterpay,COUPON-A-0,7.69,AUD
412042,2024-03-05T01:46:53,2024-03-05,800,20,Online,Credit Card,COUPON-Z-Z,16.01,AUD
412079,2024-03-05T23:33:26,2024-03-05,747,32,Online,Afterpay,COUPON90AZ,11.68,AUD
412235,2024-03-05T01:19:24,2024-03-05,690,49,Retail,PayPal,COUPONA-A0,7.62,AUD
412293,2024-03-05T20:08:54,2024-03-05,587,9,Online,Afterpay,COUPON09-Z,10.74,AUD
412484,2024-03-05T18:38:17,2024-03-05,746,16,Retail,Afterpay,COUPONZ--0,14.06,AUD
412489,2024-03-05T11:29:13,2024-03-05,590,5,Retail,Afterpay,COUPONAAZ-,0.12,AUD
412631,2024-03-05T22:12:44,2024-03-05,276,40,Online,Afterpay,COUPON---0,16.03,AUD
412670,2024-03-05T04:33:42,2024-03-05,367,37,Retail,Afterpay,COUPONZZ-A,3.27,AUD
412694,2024-03-05T02:35:37,2024-03-05,219,27,Online,Afterpay,COUPON--9-,9.19,AUD
412740,2024-03-05T18:28:44,2024-03-05,180,8,Online,Afterpay,COUPONA9A0,18.28,AUD
412925,2024-03-05T16:38:40,2024-03-05,379,12,Online,PayPal,COUPON0AZ0,6.0,AUD
413027,2024-03-05T22:31:19,2024-03-05,606,33,Retail,Credit Card,COUPONZ0A-,17.53,AUD
413146,2024-03-05T15:30:08,2024-03-05,26,45,Online,PayPal,COUPON-99-,19.1,AUD
413198,2024-03-05T12:27:39,2024-03-05,635,46,Online,Credit Card,COUPON0-ZA,17.54,AUD
413238,2024-03-05T14:48:23,2024-03-05,258,33,Online,Credit Card,COUPON-09A,5.52,AUD
413302,2024-03-05T01:50:29,2024-03-05,397,48,Online,PayPal,COUPON-Z--,10.79,AUD
413388,2024-03-05T19:20:28,2024-03-05,760,30,Online,PayPal,COUPON-A-0,3.07,AUD
413482,2024-03-05T15:32:59,2024-03-05,128,4,Retail,Afterpay,COUPON--AZ,5.98,AUD
413615,2024-03-05T05:37:28,2024-03-05,698,24,Retail,PayPal,COUPON-90-,19.68,AUD
413692,2024-03-05T15:58:52,2024-03-05,21,18,Retail,PayPal,COUPON0-A-,2.96,AUD
413763,2024-03-05T10:27:02,2024-03-05,320,34,Online,Afterpay,COUPON9-90,4.76,AUD
414019,2024-03-05T05:51:49,2024-03-05,411,7,Retail,Credit Card,COUPON9AZ9,6.75,AUD
414035,2024-03-05T19:14:14,2024-03-05,476,34,Online,Credit Card,COUPON-ZA-,10.28,AUD
414039,2024-03-05T21:39:28,2024-03-05,603,14,Retail,Credit Card,COUPON0Z00,17.68,AUD
414123,2024-03-05T04:49:03,2024-03-05,159,3,Online,PayPal,COUPONA-09,0.46,AUD
414133,2024-03-05T15:09:00,2024-03-05,342,44,Online,Credit Card,COUPON9-0Z,13.9,AUD
414540,2024-03-05T18:35:12,2024-03-05,539,38,Online,Credit Card,COUPON-999,17.39,AUD
414571,2024-03-05T02:15:09,2024-03-05,282,9,Online,Credit Card,COUPON-ZZ-,18.83,AUD
414782,2024-03-05T18:12:08,2024-03-05,19,34,Online,PayPal,COUPON0A99,9.54,AUD
414836,2024-03-05T22:14:51,2024-03-05,515,45,Online,Credit Card,COUPON-0-9,0.32,AUD
414886,2024-03-05T14:09:26,2024-03-05,698,30,Retail,Credit Card,COUPON--A-,8.43,AUD
415309,2024-03-05T00:52:21,2024-03-05,327,34,Online,Afterpay,COUPON-990,7.22,AUD
415370,2024-03-05T11:57:16,2024-03-05,88,34,Retail,Afterpay,COUPON9-99,12.55,AUD
415451,2024-03-05T14:27:55,2024-03-05,97,26,Online,Afterpay,COUPONZ-ZZ,19.25,AUD
415560,2024-03-05T06:52:05,2024-03-05,400,10,Retail,Afterpay,COUPONZ-A-,4.65,AUD
415579,2024-03-05T12:04:41,2024-03-05,253,33,Retail,Credit Card,COUPONAA-A,11.01,AUD
415777,2024-03-05T08:38:07,2024-03-05,492,26,Online,Afterpay,COUPON09AZ,11.72,AUD
415823,2024-03-05T17:51:21,2024-03-05,138,38,Retail,Afterpay,COUPON0ZZA,2.61,AUD
415861,2024-03-05T04:39:28,2024-03-05,450,48,Retail,Credit Card,COUPONAA9A,8.14,AUD
415966,2024-03-05T16:43:39,2024-03-05,665,32,Retail,Afterpay,COUPON--A9,11.11,AUD
416028,2024-03-05T07:13:02,2024-03-05,99,8,Online,Afterpay,COUPON0Z9A,2.8,AUD
416056,2024-03-05T03:57:43,2024-03-05,427,23,Online,Afterpay,COUPONZ0A9,11.62,AUD
416163,2024-03-05T09:29:48,2024-03-05,524,29,Retail,Credit Card,COUPON-ZZZ,15.14,AUD
416294,2024-03-05T21:49:00,2024-03-05,300,27,Online,Afterpay,COUPONZA0A,9.86,AUD
416353,2024-03-05T07:11:17,2024-03-05,495,37,Retail,Credit Card,COUPONZ-A-,7.64,AUD
416387,2024-03-05T16:05:16,2024-03-05,43,9,Retail,PayPal,COUPONA9A0,18.91,AUD
416568,2024-03-05T02:21:59,2024-03-05,458,16,Online,Credit Card,COUPON0Z0A,12.96,AUD
416676,2024-03-05T00:22:05,2024-03-05,79,43,Online,PayPal,COUPON-AAZ,12.92,AUD
416807,2024-03-05T16:58:31,2024-03-05,339,9,Online,Afterpay,COUPONZZZ-,12.51,AUD
417013,2024-03-05T16:17:31,2024-03-05,32,28,Retail,PayPal,COUPON99Z-,17.22,AUD
417121,2024-03-05T15:28:26,2024-03-05,99,2,Retail,Credit Card,COUPON0-A0,2.88,AUD
417200,2024-03-05T01:31:33,2024-03-05,338,25,Retail,PayPal,COUPONZA-0,14.12,AUD
417239,2024-03-05T11:21:34,2024-03-05,534,37,Retail,Credit Card,COUPON99AA,15.98,AUD
417421,2024-03-05T13:53:13,2024-03-05,477,24,Retail,Credit Card,COUPON90AZ,3.43,AUD
417480,2024-03-05T14:18:26,2024-03-05,408,2,Retail,Afterpay,COUPONZ--Z,8.91,AUD
417489,2024-03-05T00:58:54,2024-03-05,32,50,Online,Afterpay,COUPONZ--A,8.14,AUD
417512,2024-03-05T13:55:17,2024-03-05,408,4,Online,Credit Card,COUPON-AA9,4.66,AUD
417537,2024-03-05T02:54:59,2024-03-05,792,31,Online,PayPal,COUPON9---,0.87,AUD
417682,2024-03-05T08:22:42,2024-03-05,489,19,Online,PayPal,COUPON--9A,1.44,AUD
417710,2024-03-05T08:59:58,2024-03-05,49,19,Online,Afterpay,COUPON9AZ-,12.16,AUD
417732,2024-03-05T16:47:43,2024-03-05,406,31,Online,PayPal,COUPON--ZZ,3.99,AUD
417782,2024-03-05T09:13:27,2024-03-05,793,8,Online,Credit Card,COUPONZA-9,10.22,AUD
417956,2024-03-05T07:32:03,2024-03-05,11,29,Retail,PayPal,COUPONA-Z-,6.63,AUD
418154,2024-03-05T21:06:55,2024-03-05,190,2,Retail,PayPal,COUPON0A99,13.06,AUD
418189,2024-03-05T14:51:08,2024-03-05,239,19,Retail,PayPal,COUPON0--A,8.2,AUD
418223,2024-03-05T08:54:55,2024-03-05,678,49,Retail,PayPal,COUPON-AA-,16.57,AUD
418396,2024-03-05T06:32:01,2024-03-05,263,10,Retail,PayPal,COUPON0--Z,0.13,AUD
418554,2024-03-05T13:38:53,2024-03-05,96,12,Online,PayPal,COUPON--Z-,3.61,AUD
418615,2024-03-05T03:59:17,2024-03-05,771,28,Retail,Afterpay,COUPONZZ--,4.47,AUD
418646,2024-03-05T12:49:32,2024-03-05,286,40,Online,Credit Card,COUPONZ-0-,1.88,AUD
418688,2024-03-05T20:11:45,2024-03-05,510,45,Retail,Credit Card,COUPON9A09,4.35,AUD
418852,2024-03-05T21:43:54,2024-03-05,226,32,Retail,Credit Card,COUPON09Z9,1.84,AUD
418936,2024-03-05T09:55:08,2024-03-05,245,15,Retail,Afterpay,COUPON----,10.6,AUD
418954,2024-03-05T00:21:27,2024-03-05,49,7,Retail,Credit Card,COUPON0Z0A,5.57,AUD
419022,2024-03-05T08:23:53,2024-03-05,777,1,Retail,PayPal,COUPONZ0-Z,19.5,AUD
419074,2024-03-05T04:14:30,2024-03-05,767,16,Retail,PayPal,COUPON0A-A,11.76,AUD
419292,2024-03-05T13:39:56,2024-03-05,426,17,Online,PayPal,COUPONA00Z,19.15,AUD
419379,2024-03-05T02:54:16,2024-03-05,39,36,Online,PayPal,COUPONAA-A,6.92,AUD
419413,2024-03-05T20:32:09,2024-03-05,487,1,Online,Credit Card,COUPON990Z,3.2,AUD
419455,2024-03-05T14:39:40,2024-03-05,415,19,Retail,Afterpay,COUPONAA-A,13.42,AUD
419473,2024-03-05T20:02:36,2024-03-05,12,22,Online,Afterpay,COUPON90AA,3.23,AUD
419553,2024-03-05T23:43:32,2024-03-05,634,12,Online,Credit Card,COUPONZA-Z,7.89,AUD
419598,2024-03-05T19:32:18,2024-03-05,352,10,Retail,PayPal,COUPON0-AA,13.97,AUD
419639,2024-03-05T23:43:55,2024-03-05,156,16,Online,Credit Card,COUPONA9-0,12.05,AUD
419651,2024-03-05T04:40:33,2024-03-05,586,7,Online,Afterpay,COUPONZZ9-,2.4,AUD
419701,2024-03-05T05:28:23,2024-03-05,224,9,Online,Credit Card,COUPONZ9ZA,16.92,AUD
419736,2024-03-05T16:10:35,2024-03-05,399,22,Retail,PayPal,COUPONZZZ-,10.02,AUD
419750,2024-03-05T00:14:15,2024-03-05,672,47,Retail,Afterpay,COUPON-AAA,17.99,AUD
419753,2024-03-05T02:40:16,2024-03-05,555,14,Online,Credit Card,COUPON90-0,0.9,AUD
419755,2024-03-05T15:07:55,2024-03-05,546,33,Retail,PayPal,COUPONZ0Z-,18.36,AUD
420121,2024-03-05T02:06:24,2024-03-05,647,11,Online,PayPal,COUPON9ZZ0,5.57,AUD
420127,2024-03-05T01:57:42,2024-03-05,161,19,Retail,PayPal,COUPON9-0Z,4.05,AUD
420190,2024-03-05T14:36:18,2024-03-05,639,33,Retail,Credit Card,COUPON-0-0,10.82,AUD
420250,2024-03-05T22:26:11,2024-03-05,126,15,Online,Afterpay,COUPONAA99,10.41,AUD
420341,2024-03-05T02:39:30,2024-03-05,555,35,Online,PayPal,COUPONA9--,19.36,AUD
420384,2024-03-05T11:14:06,2024-03-05,448,17,Online,Credit Card,COUPON0A9A,19.81,AUD
420469,2024-03-05T19:38:42,2024-03-05,284,32,Online,Afterpay,COUPON9--9,18.17,AUD
420714,2024-03-05T12:43:16,2024-03-05,741,16,Retail,Afterpay,COUPON-A-A,14.49,AUD
420978,2024-03-05T01:36:21,2024-03-05,27,39,Retail,Afterpay,COUPONA--Z,17.72,AUD
421038,2024-03-05T02:35:53,2024-03-05,500,9,Retail,PayPal,COUPON-9-A,14.81,AUD
421110,2024-03-05T16:28:12,2024-03-05,116,2,Retail,PayPal,COUPON--0A,13.73,AUD
421145,2024-03-05T21:34:49,2024-03-05,459,17,Online,Afterpay,COUPONZA-Z,14.28,AUD
421157,2024-03-05T06:37:12,2024-03-05,426,18,Retail,Credit Card,COUPON-ZZZ,8.09,AUD
421223,2024-03-05T00:43:36,2024-03-05,672,29,Retail,PayPal,COUPON---A,3.86,AUD
421254,2024-03-05T09:48:54,2024-03-05,442,22,Online,PayPal,COUPONAZ0A,4.25,AUD
421349,2024-03-05T02:09:57,2024-03-05,411,17,Retail,PayPal,COUPONAA99,3.29,AUD
421511,2024-03-05T14:24:53,2024-03-05,248,33,Retail,PayPal,COUPONA0--,11.85,AUD
421521,2024-03-05T20:35:19,2024-03-05,650,18,Retail,Credit Card,COUPONA0-Z,1.45,AUD
421704,2024-03-05T08:07:18,2024-03-05,292,48,Online,Credit Card,COUPON--AZ,19.75,AUD
421765,2024-03-05T17:17:38,2024-03-05,581,11,Retail,Afterpay,COUPONAZ0Z,8.32,AUD
422016,2024-03-05T17:23:36,2024-03-05,586,50,Online,Credit Card,COUPON-9--,15.03,AUD
422244,2024-03-05T03:49:15,2024-03-05,657,38,Retail,Afterpay,COUPON-Z90,7.23,AUD
422250,2024-03-05T02:06:41,2024-03-05,373,8,Retail,Credit Card,COUPON00-0,4.98,AUD
422258,2024-03-05T23:49:19,2024-03-05,198,11,Retail,PayPal,COUPONA9--,11.79,AUD
422357,2024-03-05T23:56:14,2024-03-05,430,35,Retail,Afterpay,COUPON09-9,3.56,AUD
422443,2024-03-05T18:58:28,2024-03-05,215,23,Online,Credit Card,COUPONZ--Z,12.1,AUD
422914,2024-03-05T07:39:36,2024-03-05,755,37,Retail,Afterpay,COUPONZ9-9,4.89,AUD
422934,2024-03-05T06:41:03,2024-03-05,7,37,Online,Credit Card,COUPON-A-0,7.14,AUD
422954,2024-03-05T22:40:43,2024-03-05,76,15,Retail,Credit Card,COUPON000A,3.85,AUD
423008,2024-03-05T23:00:48,2024-03-05,433,19,Online,Afterpay,COUPONZ-0-,5.91,AUD
423118,2024-03-05T15:57:25,2024-03-05,451,50,Retail,Afterpay,COUPONZA0-,8.3,AUD
423447,2024-03-05T12:59:41,2024-03-05,185,5,Online,Credit Card,COUPON-Z--,7.93,AUD
423529,2024-03-05T11:26:26,2024-03-05,537,48,Online,Credit Card,COUPON-ZAA,11.93,AUD
423590,2024-03-05T17:05:25,2024-03-05,20,44,Retail,Afterpay,COUPON---A,2.69,AUD
423600,2024-03-05T17:26:23,2024-03-05,732,48,Online,Afterpay,COUPON--Z-,17.06,AUD
423671,2024-03-05T22:08:13,2024-03-05,446,12,Online,PayPal,COUPON-Z-A,0.8,AUD
423681,2024-03-05T07:13:43,2024-03-05,729,27,Retail,Afterpay,COUPONAAZ-,8.91,AUD
423879,2024-03-05T20:59:41,2024-03-05,95,29,Online,Credit Card,COUPON90A-,2.14,AUD
423926,2024-03-05T02:25:07,2024-03-05,41,18,Online,Afterpay,COUPON0A00,8.9,AUD
423981,2024-03-05T15:20:12,2024-03-05,108,42,Retail,Credit Card,COUPON-09-,0.43,AUD
424245,2024-03-05T09:48:17,2024-03-05,430,25,Retail,Afterpay,COUPON--A-,6.87,AUD
424267,2024-03-05T23:50:35,2024-03-05,651,49,Retail,Afterpay,COUPONZZAA,17.27,AUD
424387,2024-03-05T07:50:44,2024-03-05,641,12,Retail,PayPal,COUPONA000,9.53,AUD
424504,2024-03-05T01:36:46,2024-03-05,282,4,Online,PayPal,COUPONA90-,14.53,AUD
424602,2024-03-05T09:40:44,2024-03-05,632,43,Retail,PayPal,COUPON9ZA0,16.05,AUD
424711,2024-03-05T20:54:46,2024-03-05,154,23,Retail,Credit Card,COUPON0A--,16.25,AUD
424865,2024-03-05T08:22:39,2024-03-05,692,18,Online,Credit Card,COUPONA-00,10.24,AUD
424968,2024-03-05T23:51:49,2024-03-05,192,20,Online,PayPal,COUPON-0-9,9.25,AUD
424973,2024-03-05T22:57:53,2024-03-05,152,50,Retail,PayPal,COUPON9ZZ9,4.33,AUD
425058,2024-03-05T09:40:37,2024-03-05,623,3,Retail,Afterpay,COUPON0-A9,17.75,AUD
425075,2024-03-05T20:27:34,2024-03-05,677,45,Retail,Afterpay,COUPON99-0,0.97,AUD
425081,2024-03-05T11:16:46,2024-03-05,203,45,Online,PayPal,COUPONAAAZ,13.7,AUD
425136,2024-03-05T19:32:53,2024-03-05,237,32,Online,Credit Card,COUPONA--A,0.17,AUD
425424,2024-03-05T14:17:21,2024-03-05,549,44,Retail,Afterpay,COUPONZ-A-,11.48,AUD
425447,2024-03-05T02:14:12,2024-03-05,475,42,Retail,PayPal,COUPON-0ZA,15.79,AUD
425463,2024-03-05T10:47:40,2024-03-05,729,47,Online,PayPal,COUPONZ-ZZ,10.3,AUD
425487,2024-03-05T07:45:53,2024-03-05,554,20,Online,Afterpay,COUPONZ-Z-,14.64,AUD
425714,2024-03-05T22:28:11,2024-03-05,549,9,Online,Credit Card,COUPONZ999,16.09,AUD
425756,2024-03-05T07:47:04,2024-03-05,773,14,Online,Credit Card,COUPON-0--,10.48,AUD
425942,2024-03-05T20:32:49,2024-03-05,459,4,Online,Afterpay,COUPON099-,15.04,AUD
425946,2024-03-05T07:02:19,2024-03-05,444,49,Retail,Credit Card,COUPON9A-9,12.38,AUD
426071,2024-03-05T06:09:19,2024-03-05,271,11,Online,Afterpay,COUPONA0Z-,10.47,AUD
426099,2024-03-05T18:10:49,2024-03-05,47,33,Online,Credit Card,COUPON00-0,12.38,AUD
426244,2024-03-05T08:35:35,2024-03-05,798,23,Retail,Afterpay,COUPON009A,4.15,AUD
426313,2024-03-05T00:19:46,2024-03-05,460,18,Online,Credit Card,COUPON9-09,9.38,AUD
426403,2024-03-05T09:02:53,2024-03-05,287,8,Retail,PayPal,COUPON-0ZA,3.55,AUD
426578,2024-03-05T08:18:33,2024-03-05,177,24,Online,PayPal,COUPON99-0,11.38,AUD
426633,2024-03-05T00:17:09,2024-03-05,737,36,Retail,Credit Card,COUPON-9--,15.0,AUD
426698,2024-03-05T01:21:33,2024-03-05,522,8,Online,Credit Card,COUPON990-,6.12,AUD
426711,2024-03-05T09:30:39,2024-03-05,166,17,Retail,Afterpay,COUPON9Z9A,5.83,AUD
426827,2024-03-05T21:40:05,2024-03-05,347,45,Online,PayPal,COUPON---9,16.96,AUD
426862,2024-03-05T04:08:49,2024-03-05,672,33,Retail,PayPal,COUPON-Z-0,12.49,AUD
426870,2024-03-05T11:28:41,2024-03-05,125,20,Online,Afterpay,COUPONZA--,2.86,AUD
427097,2024-03-05T22:10:07,2024-03-05,580,44,Online,Credit Card,COUPON09Z9,5.23,AUD
427234,2024-03-05T02:25:05,2024-03-05,522,38,Online,PayPal,COUPONA9-9,17.38,AUD
427318,2024-03-05T10:54:21,2024-03-05,361,46,Retail,PayPal,COUPONA00-,5.16,AUD
427387,2024-03-05T12:02:07,2024-03-05,52,27,Online,Credit Card,COUPON90-A,12.08,AUD
427537,2024-03-05T07:43:29,2024-03-05,431,17,Online,Credit Card,COUPONZZAA,0.85,AUD
427598,2024-03-05T22:02:35,2024-03-05,232,33,Online,Credit Card,COUPON-ZZ9,1.89,AUD
427624,2024-03-05T09:49:03,2024-03-05,393,41,Online,PayPal,COUPON9AA9,16.79,AUD
427671,2024-03-05T08:26:09,2024-03-05,310,13,Retail,Afterpay,COUPON-A9A,11.91,AUD
427746,2024-03-05T13:58:59,2024-03-05,245,38,Retail,Afterpay,COUPON---A,5.11,AUD
427792,2024-03-05T07:11:59,2024-03-05,241,26,Retail,Credit Card,COUPON9--Z,4.51,AUD
427820,2024-03-05T16:57:47,2024-03-05,102,28,Retail,PayPal,COUPONZ9-0,8.15,AUD
427821,2024-03-05T08:02:29,2024-03-05,555,21,Retail,Afterpay,COUPONA9Z-,0.8,AUD
427859,2024-03-05T08:21:44,2024-03-05,362,43,Online,PayPal,COUPONZ9Z-,17.89,AUD
427908,2024-03-05T05:22:18,2024-03-05,389,18,Retail,Credit Card,COUPON-0-A,16.36,AUD
428047,2024-03-05T09:43:23,2024-03-05,652,35,Retail,PayPal,COUPON--Z9,8.79,AUD
428064,2024-03-05T13:23:30,2024-03-05,462,32,Online,PayPal,COUPONZ-9Z,14.34,AUD
428145,2024-03-05T02:33:10,2024-03-05,254,4,Retail,Afterpay,COUPON-9AZ,13.86,AUD
428208,2024-03-05T17:04:02,2024-03-05,662,23,Online,Credit Card,COUPON0009,8.16,AUD
428222,2024-03-05T09:19:04,2024-03-05,55,11,Online,PayPal,COUPON-09-,7.2,AUD
428254,2024-03-05T17:44:57,2024-03-05,412,6,Retail,Afterpay,COUPONZ0AA,8.46,AUD
428297,2024-03-05T22:03:03,2024-03-05,470,46,Online,Credit Card,COUPON999-,18.94,AUD
428467,2024-03-05T08:03:47,2024-03-05,334,2,Online,PayPal,COUPON09-Z,13.56,AUD
428626,2024-03-05T18:18:52,2024-03-05,85,48,Retail,Credit Card,COUPONZZA-,3.48,AUD
428652,2024-03-05T06:32:59,2024-03-05,405,49,Retail,PayPal,COUPON-0Z-,8.07,AUD
428883,2024-03-05T17:40:27,2024-03-05,582,41,Online,Afterpay,COUPONZ-0A,6.9,AUD
428885,2024-03-05T19:52:30,2024-03-05,246,14,Retail,Credit Card,COUPON9A--,5.61,AUD
428966,2024-03-05T11:46:16,2024-03-05,419,27,Online,Credit Card,COUPON-Z-Z,7.62,AUD
428981,2024-03-05T09:36:32,2024-03-05,165,35,Online,Credit Card,COUPON0A0A,19.8,AUD
429248,2024-03-05T03:29:15,2024-03-05,700,45,Online,PayPal,COUPON00Z-,15.61,AUD
429323,2024-03-05T09:01:30,2024-03-05,75,9,Retail,Afterpay,COUPONZ9-Z,4.58,AUD
429396,2024-03-05T00:26:04,2024-03-05,346,44,Retail,Afterpay,COUPON-9Z0,15.67,AUD
429435,2024-03-05T20:40:36,2024-03-05,300,19,Online,PayPal,COUPON9A--,4.6,AUD
429444,2024-03-05T11:41:23,2024-03-05,105,7,Online,PayPal,COUPONA-A0,2.38,AUD
429470,2024-03-05T00:40:04,2024-03-05,449,16,Online,Afterpay,COUPON-ZAA,8.27,AUD
429498,2024-03-05T06:27:03,2024-03-05,473,40,Online,PayPal,COUPON9Z9A,10.11,AUD
429555,2024-03-05T14:06:09,2024-03-05,360,2,Retail,PayPal,COUPON00Z9,9.29,AUD
429565,2024-03-05T19:20:45,2024-03-05,461,32,Retail,Afterpay,COUPON-Z--,2.92,AUD
429849,2024-03-05T04:11:38,2024-03-05,271,18,Retail,Afterpay,COUPON0A-Z,19.61,AUD
429898,2024-03-05T20:17:21,2024-03-05,586,3,Online,PayPal,COUPON9-Z-,6.19,AUD
429961,2024-03-05T04:14:47,2024-03-05,314,33,Retail,PayPal,COUPONZZ-0,8.34,AUD
429977,2024-03-05T15:49:00,2024-03-05,16,33,Retail,Credit Card,COUPON--0Z,0.19,AUD
430311,2024-03-05T20:17:00,2024-03-05,102,6,Online,Credit Card,COUPON-A90,12.02,AUD
430312,2024-03-05T18:24:57,2024-03-05,650,3,Online,PayPal,COUPON-ZZ0,14.95,AUD
430348,2024-03-05T00:41:49,2024-03-05,728,49,Online,Afterpay,COUPON9---,0.68,AUD
430374,2024-03-05T18:32:02,2024-03-05,264,18,Online,PayPal,COUPON-A-A,13.88,AUD
430446,2024-03-05T15:59:44,2024-03-05,622,23,Online,Credit Card,COUPON0A-9,16.79,AUD
430479,2024-03-05T13:18:54,2024-03-05,623,15,Online,Afterpay,COUPON09-9,17.25,AUD
430491,2024-03-05T01:10:12,2024-03-05,25,48,Online,Credit Card,COUPON-ZAA,14.37,AUD
430503,2024-03-05T22:57:17,2024-03-05,20,22,Online,Credit Card,COUPON-0-Z,0.57,AUD
430508,2024-03-05T16:30:57,2024-03-05,701,33,Retail,PayPal,COUPON990-,9.32,AUD
430516,2024-03-05T07:15:47,2024-03-05,317,34,Retail,PayPal,COUPON099Z,4.79,AUD
430526,2024-03-05T23:58:23,2024-03-05,610,47,Online,Credit Card,COUPON00--,1.61,AUD
430581,2024-03-05T06:36:06,2024-03-05,89,23,Retail,PayPal,COUPON9Z-0,12.61,AUD
430596,2024-03-05T08:25:46,2024-03-05,539,14,Retail,Afterpay,COUPONAZAZ,13.89,AUD
430856,2024-03-05T10:31:30,2024-03-05,209,43,Retail,Afterpay,COUPON900-,16.32,AUD
430877,2024-03-05T05:02:57,2024-03-05,779,10,Online,PayPal,COUPON0--9,4.38,AUD
430880,2024-03-05T12:20:17,2024-03-05,23,6,Online,Credit Card,COUPONZ-0-,0.19,AUD
431045,2024-03-05T22:51:46,2024-03-05,672,50,Online,Credit Card,COUPON-99-,5.64,AUD
431074,2024-03-05T08:19:18,2024-03-05,330,15,Retail,Afterpay,COUPON990Z,10.28,AUD
431096,2024-03-05T23:03:28,2024-03-05,472,23,Retail,Credit Card,COUPONA--9,13.84,AUD
431233,2024-03-05T05:57:51,2024-03-05,399,37,Retail,Credit Card,COUPON--A9,3.78,AUD
431245,2024-03-05T23:53:43,2024-03-05,328,1,Retail,PayPal,COUPONZZ-A,6.21,AUD
431263,2024-03-05T13:05:59,2024-03-05,581,38,Retail,PayPal,COUPONZ---,15.13,AUD
431420,2024-03-05T10:47:50,2024-03-05,796,24,Retail,PayPal,COUPON--ZZ,14.48,AUD
431582,2024-03-05T05:30:04,2024-03-05,285,11,Retail,PayPal,COUPON-9--,14.41,AUD
431622,2024-03-05T15:14:38,2024-03-05,288,11,Retail,Afterpay,COUPONZA--,16.31,AUD
431697,2024-03-05T00:18:15,2024-03-05,24,36,Online,Afterpay,COUPON0090,7.48,AUD
431871,2024-03-05T15:26:13,2024-03-05,60,4,Online,Credit Card,COUPON0-ZZ,14.38,AUD
431961,2024-03-05T22:45:24,2024-03-05,574,31,Retail,Credit Card,COUPON000Z,15.4,AUD
431975,2024-03-05T17:26:09,2024-03-05,797,4,Retail,Afterpay,COUPON---0,1.4,AUD
431993,2024-03-05T17:07:10,2024-03-05,706,39,Retail,Credit Card,COUPONA090,5.44,AUD
432092,2024-03-05T07:55:43,2024-03-05,114,25,Online,PayPal,COUPON-9A-,0.25,AUD
432096,2024-03-05T05:44:11,2024-03-05,486,44,Retail,Afterpay,COUPONAAZA,9.9,AUD
432101,2024-03-05T16:51:31,2024-03-05,338,19,Retail,Credit Card,COUPON9A00,15.91,AUD
432307,2024-03-05T09:58:16,2024-03-05,162,26,Online,PayPal,COUPON-A--,10.85,AUD
432388,2024-03-05T22:21:48,2024-03-05,363,25,Retail,Afterpay,COUPON90-9,3.59,AUD
432458,2024-03-05T18:02:09,2024-03-05,38,11,Retail,PayPal,COUPON-9--,17.03,AUD
432478,2024-03-05T08:00:04,2024-03-05,573,7,Retail,PayPal,COUPONA0-A,15.06,AUD
432479,2024-03-05T12:55:28,2024-03-05,516,5,Retail,PayPal,COUPON-Z09,15.39,AUD
432495,2024-03-05T23:13:48,2024-03-05,445,43,Retail,Credit Card,COUPONZZ-Z,4.14,AUD
432638,2024-03-05T18:31:16,2024-03-05,340,43,Online,PayPal,COUPON0990,13.98,AUD
432647,2024-03-05T14:00:29,2024-03-05,591,1,Online,Credit Card,COUPON-099,15.51,AUD
432956,2024-03-05T20:17:42,2024-03-05,406,15,Retail,PayPal,COUPON9--0,14.27,AUD
433064,2024-03-05T07:37:32,2024-03-05,90,39,Online,Afterpay,COUPONA--A,16.9,AUD
433078,2024-03-05T17:33:31,2024-03-05,609,47,Retail,Credit Card,COUPON--AA,0.73,AUD
433170,2024-03-05T09:45:15,2024-03-05,376,45,Retail,Credit Card,COUPON-0-A,8.05,AUD
433299,2024-03-05T14:26:04,2024-03-05,454,36,Retail,Credit Card,COUPONZ9Z-,6.44,AUD
433356,2024-03-05T02:37:13,2024-03-05,172,10,Retail,Credit Card,COUPON--Z-,1.08,AUD
433427,2024-03-05T21:51:10,2024-03-05,405,17,Online,PayPal,COUPON90AZ,15.57,AUD
433469,2024-03-05T03:52:24,2024-03-05,561,31,Retail,Credit Card,COUPONA-09,18.23,AUD
433492,2024-03-05T04:41:20,2024-03-05,701,35,Online,Afterpay,COUPONA9-A,12.52,AUD
433594,2024-03-05T22:21:33,2024-03-05,697,28,Retail,Afterpay,COUPONZ-00,5.68,AUD
433797,2024-03-05T20:23:32,2024-03-05,483,16,Retail,Credit Card,COUPONA---,9.85,AUD
433806,2024-03-05T11:21:38,2024-03-05,489,45,Online,Afterpay,COUPON9Z0-,3.05,AUD
433910,2024-03-05T03:33:23,2024-03-05,277,16,Retail,Credit Card,COUPONZ9ZZ,9.13,AUD
433924,2024-03-05T02:10:00,2024-03-05,4,24,Online,Afterpay,COUPON0-9Z,6.5,AUD
433939,2024-03-05T16:52:05,2024-03-05,132,14,Retail,Credit Card,COUPON-ZA0,13.2,AUD
433954,2024-03-05T22:51:23,2024-03-05,428,9,Retail,Credit Card,COUPON--9Z,18.37,AUD
434013,2024-03-05T13:22:43,2024-03-05,344,45,Retail,PayPal,COUPONA0--,13.67,AUD
434236,2024-03-05T04:57:13,2024-03-05,784,32,Online,PayPal,COUPON9900,10.49,AUD
434310,2024-03-05T15:56:32,2024-03-05,663,32,Online,Credit Card,COUPONZ-99,11.2,AUD
434340,2024-03-05T04:39:21,2024-03-05,19,27,Retail,PayPal,COUPONZ0A-,17.66,AUD
434637,2024-03-05T23:35:11,2024-03-05,177,18,Retail,Afterpay,COUPON-Z9A,1.12,AUD
434658,2024-03-05T01:48:56,2024-03-05,524,19,Retail,Afterpay,COUPONA-0-,17.08,AUD
434729,2024-03-05T13:54:43,2024-03-05,689,28,Retail,Credit Card,COUPON90-9,10.55,AUD
434756,2024-03-05T08:08:22,2024-03-05,672,50,Online,Afterpay,COUPONZ-A-,19.28,AUD
434867,2024-03-05T09:24:40,2024-03-05,441,4,Online,Credit Card,COUPONA--0,1.29,AUD
434910,2024-03-05T11:32:42,2024-03-05,751,11,Online,Credit Card,COUPON-ZZ-,8.52,AUD
434934,2024-03-05T17:06:24,2024-03-05,34,45,Retail,Credit Card,COUPON-909,15.19,AUD
434936,2024-03-05T05:49:28,2024-03-05,96,12,Online,Afterpay,COUPONA9AZ,11.47,AUD
434949,2024-03-05T19:13:32,2024-03-05,45,23,Online,Afterpay,COUPON--Z9,7.86,AUD
435113,2024-03-05T20:51:16,2024-03-05,65,32,Online,Credit Card,COUPON99Z9,4.03,AUD
435161,2024-03-05T04:54:22,2024-03-05,352,44,Online,Credit Card,COUPONAZZ-,1.43,AUD
435536,2024-03-05T01:57:12,2024-03-05,192,45,Online,Credit Card,COUPON---0,4.92,AUD
435582,2024-03-05T23:53:09,2024-03-05,548,9,Retail,PayPal,COUPON90--,4.77,AUD
435592,2024-03-05T00:27:52,2024-03-05,673,8,Retail,PayPal,COUPON09-A,12.98,AUD
435630,2024-03-05T07:14:23,2024-03-05,677,28,Retail,Afterpay,COUPON-Z-9,10.57,AUD
435671,2024-03-05T10:56:46,2024-03-05,260,18,Online,Credit Card,COUPON999A,0.6,AUD
435800,2024-03-05T05:36:16,2024-03-05,494,29,Online,Afterpay,COUPON0AA0,16.88,AUD
435892,2024-03-05T21:58:33,2024-03-05,104,42,Retail,Afterpay,COUPON0909,13.97,AUD
435907,2024-03-05T14:47:07,2024-03-05,499,19,Retail,Afterpay,COUPONA0A-,13.52,AUD
436031,2024-03-05T08:08:04,2024-03-05,370,48,Online,Credit Card,COUPON-9-0,10.62,AUD
436038,2024-03-05T14:45:03,2024-03-05,752,19,Online,Afterpay,COUPON99A0,5.28,AUD
436074,2024-03-05T13:42:17,2024-03-05,551,16,Retail,Afterpay,COUPONA0--,14.97,AUD
436369,2024-03-05T01:08:07,2024-03-05,330,20,Retail,Credit Card,COUPON0A-0,18.43,AUD
436459,2024-03-05T08:29:58,2024-03-05,513,32,Online,Afterpay,COUPON99ZZ,6.1,AUD
436463,2024-03-05T18:52:28,2024-03-05,28,49,Retail,PayPal,COUPON-Z-A,1.28,AUD
436591,2024-03-05T11:23:26,2024-03-05,745,8,Retail,Afterpay,COUPON009Z,17.41,AUD
436628,2024-03-05T13:09:13,2024-03-05,576,32,Online,Afterpay,COUPON-ZZ-,14.72,AUD
436759,2024-03-05T01:11:22,2024-03-05,514,36,Online,PayPal,COUPONZ-Z-,1.83,AUD
436924,2024-03-05T11:41:52,2024-03-05,518,8,Online,Afterpay,COUPON9909,0.31,AUD
436938,2024-03-05T04:54:30,2024-03-05,742,49,Retail,Credit Card,COUPONAZ9A,17.35,AUD
436967,2024-03-05T18:21:10,2024-03-05,719,1,Online,PayPal,COUPON-A-A,9.13,AUD
437010,2024-03-05T13:01:27,2024-03-05,319,7,Retail,PayPal,COUPON0-A-,0.83,AUD
437028,2024-03-05T18:24:50,2024-03-05,413,19,Retail,Credit Card,COUPONZ-Z-,4.26,AUD
437244,2024-03-05T14:29:44,2024-03-05,728,16,Online,Afterpay,COUPON-A--,1.67,AUD
437406,2024-03-05T09:39:21,2024-03-05,452,15,Retail,PayPal,COUPON99A0,17.59,AUD
437454,2024-03-05T02:28:03,2024-03-05,174,4,Online,Credit Card,COUPON-9Z-,11.53,AUD
437653,2024-03-05T09:01:45,2024-03-05,409,24,Online,Credit Card,COUPON-A-9,13.03,AUD
437664,2024-03-05T12:59:56,2024-03-05,584,8,Retail,Afterpay,COUPONZ-ZA,4.24,AUD
437665,2024-03-05T02:37:48,2024-03-05,484,8,Retail,Credit Card,COUPON-AZ9,18.82,AUD
437837,2024-03-05T19:37:49,2024-03-05,251,40,Retail,Credit Card,COUPON0-0Z,18.81,AUD
437870,2024-03-05T08:57:51,2024-03-05,713,22,Retail,Afterpay,COUPONAZAA,8.37,AUD
437882,2024-03-05T02:29:26,2024-03-05,75,19,Retail,Afterpay,COUPONZ--9,17.36,AUD
437952,2024-03-05T16:09:40,2024-03-05,155,8,Online,Afterpay,COUPONZZZ0,16.67,AUD
438212,2024-03-05T10:40:05,2024-03-05,736,5,Retail,PayPal,COUPONAZA-,18.17,AUD
438226,2024-03-05T00:20:15,2024-03-05,679,14,Online,Credit Card,COUPON9---,8.54,AUD
438297,2024-03-05T09:17:53,2024-03-05,657,34,Online,Credit Card,COUPONZA-Z,7.61,AUD
438375,2024-03-05T16:18:16,2024-03-05,51,8,Online,Credit Card,COUPONZA--,11.66,AUD
438650,2024-03-05T19:57:47,2024-03-05,515,8,Online,Credit Card,COUPON-00-,2.82,AUD
438705,2024-03-05T07:53:45,2024-03-05,516,40,Online,Afterpay,COUPONA---,5.11,AUD
438824,2024-03-05T23:38:20,2024-03-05,679,23,Retail,Credit Card,COUPONZZ90,7.27,AUD
439133,2024-03-05T03:44:49,2024-03-05,393,7,Online,PayPal,COUPON--09,2.74,AUD
439250,2024-03-05T17:17:43,2024-03-05,174,13,Retail,Credit Card,COUPONZ-0-,7.39,AUD
439329,2024-03-05T13:13:52,2024-03-05,270,12,Retail,PayPal,COUPON-A0-,17.42,AUD
439372,2024-03-05T14:05:38,2024-03-05,309,47,Online,Credit Card,COUPON--9A,13.47,AUD
439396,2024-03-05T22:35:18,2024-03-05,470,34,Online,PayPal,COUPON9A9A,9.85,AUD
439587,2024-03-05T15:07:39,2024-03-05,412,10,Online,PayPal,COUPONZAZZ,14.3,AUD
439625,2024-03-05T14:45:48,2024-03-05,253,16,Online,Afterpay,COUPON-0-0,15.61,AUD
439894,2024-03-05T16:03:12,2024-03-05,34,33,Online,Afterpay,COUPONZ9AA,12.51,AUD
440042,2024-03-05T06:31:52,2024-03-05,464,24,Retail,Credit Card,COUPON9A-A,14.28,AUD
440375,2024-03-05T12:42:07,2024-03-05,25,43,Retail,Credit Card,COUPON90Z0,11.72,AUD
440419,2024-03-05T02:22:28,2024-03-05,46,30,Online,Afterpay,COUPON09-A,19.72,AUD
440507,2024-03-05T16:57:30,2024-03-05,524,19,Retail,PayPal,COUPON-AA0,13.09,AUD
440524,2024-03-05T10:07:43,2024-03-05,713,28,Online,PayPal,COUPONZZ-Z,19.99,AUD
440530,2024-03-05T14:53:14,2024-03-05,593,1,Online,Credit Card,COUPON-0--,11.41,AUD
440633,2024-03-05T00:05:24,2024-03-05,130,34,Retail,Afterpay,COUPON--ZZ,6.87,AUD
440716,2024-03-05T11:57:32,2024-03-05,391,4,Retail,Afterpay,COUPON09ZZ,1.36,AUD
440825,2024-03-05T15:02:59,2024-03-05,785,2,Online,PayPal,COUPON90--,8.35,AUD
440962,2024-03-05T12:12:30,2024-03-05,73,40,Online,Credit Card,COUPON--AA,4.95,AUD
440965,2024-03-05T00:05:54,2024-03-05,697,4,Retail,PayPal,COUPON0-0Z,13.95,AUD
441050,2024-03-05T02:18:56,2024-03-05,294,49,Retail,Credit Card,COUPON0-0-,0.44,AUD
441085,2024-03-05T11:55:13,2024-03-05,498,26,Retail,Credit Card,COUPON-A9Z,0.48,AUD
441178,2024-03-05T12:34:53,2024-03-05,753,45,Online,Afterpay,COUPON-Z0A,6.84,AUD
441304,2024-03-05T19:35:58,2024-03-05,224,24,Retail,PayPal,COUPON-Z9-,2.11,AUD
441360,2024-03-05T12:34:15,2024-03-05,784,35,Retail,Afterpay,COUPON9AZ9,13.41,AUD
441392,2024-03-05T10:14:16,2024-03-05,378,35,Online,Credit Card,COUPON0-90,6.51,AUD
441398,2024-03-05T16:58:24,2024-03-05,220,18,Retail,Afterpay,COUPON09A0,13.64,AUD
441430,2024-03-05T04:21:27,2024-03-05,280,47,Online,Credit Card,COUPON0A--,1.24,AUD
441448,2024-03-05T16:04:06,2024-03-05,215,45,Retail,Credit Card,COUPON0-9A,12.24,AUD
441979,2024-03-05T13:13:34,2024-03-05,173,46,Online,Afterpay,COUPONZ--9,8.76,AUD
441997,2024-03-05T06:49:28,2024-03-05,219,26,Online,Afterpay,COUPON-ZZ9,5.96,AUD
442089,2024-03-05T06:18:29,2024-03-05,346,4,Retail,Afterpay,COUPON0-ZZ,15.85,AUD
442159,2024-03-05T22:08:44,2024-03-05,535,45,Online,Afterpay,COUPON9ZZ9,2.33,AUD
442328,2024-03-05T08:59:18,2024-03-05,562,37,Online,Afterpay,COUPON--Z9,16.15,AUD
442382,2024-03-05T04:07:05,2024-03-05,424,42,Retail,Credit Card,COUPON-0--,17.32,AUD
442405,2024-03-05T14:35:16,2024-03-05,671,50,Retail,Credit Card,COUPON---9,11.9,AUD
442441,2024-03-05T08:22:07,2024-03-05,699,12,Online,Credit Card,COUPONZ-0-,1.68,AUD
442496,2024-03-05T17:51:41,2024-03-05,558,1,Online,PayPal,COUPONA0A-,18.19,AUD
442531,2024-03-05T20:02:43,2024-03-05,638,22,Retail,Afterpay,COUPONA99A,13.92,AUD
442560,2024-03-05T21:11:16,2024-03-05,752,28,Online,Credit Card,COUPON0A--,3.61,AUD
442612,2024-03-05T04:21:07,2024-03-05,770,4,Online,Credit Card,COUPON9-Z9,7.45,AUD
442803,2024-03-05T21:02:23,2024-03-05,215,28,Online,PayPal,COUPONZ-9Z,18.72,AUD
442944,2024-03-05T15:51:42,2024-03-05,678,43,Retail,Afterpay,COUPON990-,3.59,AUD
442978,2024-03-05T01:44:08,2024-03-05,576,32,Online,Credit Card,COUPONZ-90,9.65,AUD
443129,2024-03-05T14:10:11,2024-03-05,165,27,Online,PayPal,COUPON---A,2.18,AUD
443148,2024-03-05T03:59:50,2024-03-05,652,37,Online,Afterpay,COUPONZ99-,10.22,AUD
443224,2024-03-05T05:14:37,2024-03-05,50,22,Online,Credit Card,COUPON-AA-,18.81,AUD
443243,2024-03-05T05:03:57,2024-03-05,444,10,Retail,PayPal,COUPON0A-Z,6.53,AUD
443367,2024-03-05T09:55:01,2024-03-05,564,23,Online,Credit Card,COUPON-Z9A,19.29,AUD
443520,2024-03-05T09:25:56,2024-03-05,724,28,Online,PayPal,COUPON-Z--,15.99,AUD
443525,2024-03-05T00:50:27,2024-03-05,454,27,Online,Credit Card,COUPON90-9,6.89,AUD
443788,2024-03-05T11:01:20,2024-03-05,692,17,Online,Credit Card,COUPONZ--A,5.64,AUD
443862,2024-03-05T10:07:13,2024-03-05,374,10,Retail,Afterpay,COUPON9-A0,15.1,AUD
444074,2024-03-05T21:16:03,2024-03-05,682,26,Retail,PayPal,COUPON-09A,11.63,AUD
444363,2024-03-05T02:28:54,2024-03-05,50,12,Retail,PayPal,COUPON--A0,17.65,AUD
444526,2024-03-05T09:30:32,2024-03-05,721,24,Retail,Afterpay,COUPONZ9-A,5.64,AUD
444540,2024-03-05T17:16:31,2024-03-05,122,23,Retail,Afterpay,COUPON--0Z,13.14,AUD
444549,2024-03-05T01:15:22,2024-03-05,410,27,Online,PayPal,COUPON---A,2.79,AUD
444691,2024-03-05T06:28:44,2024-03-05,178,8,Online,Afterpay,COUPON99-A,18.03,AUD
444732,2024-03-05T01:33:52,2024-03-05,682,21,Online,Credit Card,COUPON-9-A,12.58,AUD
444738,2024-03-05T01:52:22,2024-03-05,26,17,Online,Credit Card,COUPON-0A9,18.64,AUD
444764,2024-03-05T07:01:51,2024-03-05,291,50,Online,Afterpay,COUPONZ---,14.75,AUD
444808,2024-03-05T16:47:12,2024-03-05,384,18,Retail,Credit Card,COUPONA-A0,1.29,AUD
445156,2024-03-05T14:25:37,2024-03-05,278,30,Retail,Credit Card,COUPON-0AA,12.51,AUD
445165,2024-03-05T16:11:03,2024-03-05,649,34,Retail,Afterpay,COUPONZ00-,17.89,AUD
445193,2024-03-05T16:10:36,2024-03-05,26,6,Retail,PayPal,COUPON0A-0,6.82,AUD
445411,2024-03-05T02:49:50,2024-03-05,325,5,Online,Afterpay,COUPONA-00,13.05,AUD
445433,2024-03-05T09:58:04,2024-03-05,382,43,Retail,PayPal,COUPONZ0-0,8.27,AUD
445579,2024-03-05T03:31:11,2024-03-05,378,13,Retail,PayPal,COUPON--9Z,0.8,AUD
445611,2024-03-05T20:26:48,2024-03-05,645,35,Online,Credit Card,COUPONZZ-Z,3.46,AUD
445722,2024-03-05T23:55:58,2024-03-05,714,31,Retail,PayPal,COUPONZ-0Z,6.15,AUD
445744,2024-03-05T15:51:32,2024-03-05,556,36,Retail,PayPal,COUPONZ---,6.85,AUD
445891,2024-03-05T06:12:38,2024-03-05,409,38,Retail,Credit Card,COUPON-000,6.03,AUD
446096,2024-03-05T04:09:11,2024-03-05,662,5,Retail,Afterpay,COUPON90AZ,14.41,AUD
446153,2024-03-05T15:20:59,2024-03-05,318,36,Online,Credit Card,COUPONA-9-,2.29,AUD
446186,2024-03-05T09:11:31,2024-03-05,37,12,Online,Afterpay,COUPON-9-0,1.48,AUD
446298,2024-03-05T19:34:29,2024-03-05,481,38,Retail,Afterpay,COUPONAZ--,14.21,AUD
446305,2024-03-05T22:37:16,2024-03-05,410,37,Online,PayPal,COUPON---A,4.5,AUD
446336,2024-03-05T10:09:11,2024-03-05,785,15,Online,PayPal,COUPON--0A,7.22,AUD
446342,2024-03-05T23:01:18,2024-03-05,704,33,Retail,Credit Card,COUPON09-9,17.93,AUD
446404,2024-03-05T13:06:26,2024-03-05,128,30,Online,Afterpay,COUPON-A-0,9.15,AUD
446413,2024-03-05T19:55:23,2024-03-05,253,40,Retail,Afterpay,COUPONA-A0,10.67,AUD
446529,2024-03-05T03:11:25,2024-03-05,110,33,Online,PayPal,COUPONZ-9Z,11.87,AUD
446773,2024-03-05T23:13:37,2024-03-05,331,8,Retail,PayPal,COUPON----,14.34,AUD
447097,2024-03-05T13:48:07,2024-03-05,184,50,Retail,PayPal,COUPON-9ZZ,19.6,AUD
447137,2024-03-05T01:43:45,2024-03-05,487,5,Online,Afterpay,COUPONZZ0-,3.36,AUD
447418,2024-03-05T11:52:51,2024-03-05,25,33,Online,Afterpay,COUPONZ--Z,7.14,AUD
447491,2024-03-05T22:38:24,2024-03-05,576,34,Retail,Credit Card,COUPONZZ-A,3.68,AUD
447567,2024-03-05T23:44:34,2024-03-05,325,40,Retail,Afterpay,COUPONZZ00,8.79,AUD
447615,2024-03-05T19:05:59,2024-03-05,198,6,Online,PayPal,COUPON0-9-,16.65,AUD
447730,2024-03-05T10:06:01,2024-03-05,124,32,Online,Credit Card,COUPON--Z0,19.23,AUD
447744,2024-03-05T00:32:34,2024-03-05,243,38,Online,PayPal,COUPONAZA-,6.28,AUD
447948,2024-03-05T11:03:56,2024-03-05,779,35,Online,Credit Card,COUPONA0AZ,15.56,AUD
448044,2024-03-05T14:35:38,2024-03-05,161,2,Retail,Credit Card,COUPON--A9,8.76,AUD
448178,2024-03-05T07:34:39,2024-03-05,665,29,Retail,Afterpay,COUPON0Z-9,7.07,AUD
448199,2024-03-05T21:45:30,2024-03-05,608,10,Online,Afterpay,COUPONAA00,16.91,AUD
448242,2024-03-05T09:21:19,2024-03-05,119,47,Online,Afterpay,COUPON-0-9,9.37,AUD
448380,2024-03-05T12:42:36,2024-03-05,615,50,Retail,PayPal,COUPON-A--,11.98,AUD
448467,2024-03-05T14:40:11,2024-03-05,83,13,Online,PayPal,COUPONZ-AZ,19.63,AUD
448510,2024-03-05T09:11:14,2024-03-05,599,6,Retail,Credit Card,COUPON999A,11.99,AUD
448584,2024-03-05T06:00:51,2024-03-05,552,37,Retail,Credit Card,COUPON--09,1.11,AUD
448637,2024-03-05T18:46:27,2024-03-05,77,14,Retail,Credit Card,COUPONZ-9A,4.87,AUD
448653,2024-03-05T16:59:55,2024-03-05,600,43,Online,PayPal,COUPONA-Z0,9.76,AUD
448662,2024-03-05T05:34:47,2024-03-05,663,47,Online,Credit Card,COUPONZ0A9,4.5,AUD
448676,2024-03-05T14:34:37,2024-03-05,185,20,Online,PayPal,COUPON9ZA0,14.18,AUD
448891,2024-03-05T09:43:11,2024-03-05,228,35,Retail,Credit Card,COUPON-A-A,17.87,AUD
449130,2024-03-05T21:45:25,2024-03-05,642,37,Online,PayPal,COUPON--A-,15.41,AUD
449242,2024-03-05T08:23:49,2024-03-05,65,35,Online,Afterpay,COUPONZ9Z-,3.48,AUD
449338,2024-03-05T06:26:05,2024-03-05,313,8,Retail,Afterpay,COUPON-ZAZ,13.34,AUD
449350,2024-03-05T14:26:12,2024-03-05,110,41,Online,Credit Card,COUPON-Z0-,14.58,AUD
449404,2024-03-05T10:40:09,2024-03-05,532,9,Retail,Credit Card,COUPONZ00-,8.8,AUD
449774,2024-03-05T06:40:53,2024-03-05,479,23,Online,PayPal,COUPONA-9-,5.21,AUD
449818,2024-03-05T08:37:37,2024-03-05,49,3,Retail,Afterpay,COUPON0-9-,0.53,AUD
449823,2024-03-05T08:47:21,2024-03-05,15,44,Retail,Credit Card,COUPONA000,4.76,AUD
449881,2024-03-05T08:24:26,2024-03-05,267,14,Retail,Afterpay,COUPON-0A9,2.61,AUD
449892,2024-03-05T22:17:37,2024-03-05,6,25,Retail,Afterpay,COUPON--ZZ,15.88,AUD
450154,2024-03-05T13:02:01,2024-03-05,202,29,Retail,PayPal,COUPON0Z9Z,18.68,AUD
450230,2024-03-05T07:11:49,2024-03-05,470,22,Retail,Afterpay,COUPON0-Z-,3.8,AUD
450325,2024-03-05T20:46:34,2024-03-05,740,10,Online,Credit Card,COUPONZZ90,16.71,AUD
450352,2024-03-05T17:30:21,2024-03-05,362,50,Online,Afterpay,COUPONAA9-,15.63,AUD
450365,2024-03-05T13:49:42,2024-03-05,174,46,Retail,Credit Card,COUPON9ZZ0,0.23,AUD
450413,2024-03-05T23:29:53,2024-03-05,414,3,Online,Credit Card,COUPON-9-0,16.32,AUD
450438,2024-03-05T02:29:25,2024-03-05,491,11,Retail,Credit Card,COUPONA-AA,7.6,AUD
450483,2024-03-05T10:54:32,2024-03-05,153,1,Online,PayPal,COUPON9Z9-,16.09,AUD
450517,2024-03-05T11:21:27,2024-03-05,541,15,Retail,Credit Card,COUPONZZ-9,15.63,AUD
450521,2024-03-05T01:20:08,2024-03-05,591,17,Retail,Credit Card,COUPON0-A0,7.61,AUD
450597,2024-03-05T14:27:35,2024-03-05,272,37,Online,Credit Card,COUPONZ9ZA,13.4,AUD
450652,2024-03-05T20:34:40,2024-03-05,584,38,Retail,Afterpay,COUPON-A-9,8.19,AUD
450657,2024-03-05T08:20:42,2024-03-05,400,29,Retail,Afterpay,COUPONAA9Z,17.49,AUD
450678,2024-03-05T23:41:56,2024-03-05,16,11,Online,PayPal,COUPONZZA-,5.95,AUD
450799,2024-03-05T06:57:16,2024-03-05,753,12,Retail,PayPal,COUPON-9AA,15.12,AUD
450803,2024-03-05T19:38:42,2024-03-05,79,39,Retail,Credit Card,COUPON0AAZ,18.68,AUD
450900,2024-03-05T22:40:45,2024-03-05,502,7,Online,Credit Card,COUPON090-,18.11,AUD
450955,2024-03-05T21:28:41,2024-03-05,52,50,Retail,Afterpay,COUPONZ-00,12.65,AUD
450957,2024-03-05T00:25:38,2024-03-05,702,13,Retail,Credit Card,COUPONZ0AA,10.48,AUD
450961,2024-03-05T11:57:03,2024-03-05,498,42,Retail,Credit Card,COUPONZ9A9,0.19,AUD
451010,2024-03-05T18:01:59,2024-03-05,336,39,Online,PayPal,COUPONZ-A-,19.18,AUD
451267,2024-03-05T11:07:16,2024-03-05,717,33,Retail,Afterpay,COUPON0A99,11.27,AUD
451281,2024-03-05T01:34:55,2024-03-05,368,6,Retail,Afterpay,COUPON-9-9,1.14,AUD
451424,2024-03-05T20:07:09,2024-03-05,105,35,Online,Afterpay,COUPONAZA-,16.91,AUD
451444,2024-03-05T09:57:30,2024-03-05,72,20,Retail,Credit Card,COUPONZA-Z,15.72,AUD
451564,2024-03-05T20:46:16,2024-03-05,754,13,Retail,PayPal,COUPON--9A,12.66,AUD
451732,2024-03-05T03:35:21,2024-03-05,153,33,Retail,Credit Card,COUPON-9--,18.36,AUD
451800,2024-03-05T14:57:04,2024-03-05,350,15,Online,Afterpay,COUPON00--,11.48,AUD
451908,2024-03-05T00:11:00,2024-03-05,79,31,Online,Credit Card,COUPON-99A,4.98,AUD
451934,2024-03-05T02:36:14,2024-03-05,268,45,Retail,Afterpay,COUPONA-0-,2.54,AUD
451938,2024-03-05T10:45:16,2024-03-05,547,43,Online,Afterpay,COUPON-9ZA,15.48,AUD
451965,2024-03-05T11:44:55,2024-03-05,218,26,Retail,PayPal,COUPON0AA0,14.62,AUD
452081,2024-03-05T07:37:45,2024-03-05,758,40,Retail,PayPal,COUPON09A-,3.43,AUD
452112,2024-03-05T05:29:59,2024-03-05,419,33,Retail,PayPal,COUPON0A-Z,18.96,AUD
452126,2024-03-05T01:58:35,2024-03-05,657,47,Online,Credit Card,COUPON0A-0,8.14,AUD
452173,2024-03-05T09:20:59,2024-03-05,309,14,Retail,Afterpay,COUPON9AZ-,3.13,AUD
452231,2024-03-05T09:19:12,2024-03-05,235,22,Online,Afterpay,COUPON90A0,1.63,AUD
452274,2024-03-05T13:14:47,2024-03-05,620,42,Retail,Credit Card,COUPON-ZZZ,11.66,AUD
452391,2024-03-05T16:29:19,2024-03-05,441,26,Online,Credit Card,COUPON-9-A,8.63,AUD
452411,2024-03-05T10:38:27,2024-03-05,690,47,Retail,Credit Card,COUPON9999,6.0,AUD
452437,2024-03-05T13:58:41,2024-03-05,553,44,Retail,Credit Card,COUPON0ZA9,17.91,AUD
452712,2024-03-05T17:06:19,2024-03-05,70,22,Retail,Credit Card,COUPON9-Z0,2.29,AUD
452745,2024-03-05T21:36:47,2024-03-05,235,35,Online,Afterpay,COUPONZ090,14.68,AUD
452772,2024-03-05T20:23:05,2024-03-05,160,22,Online,Afterpay,COUPONA--9,13.47,AUD
452797,2024-03-05T16:49:35,2024-03-05,613,10,Online,Credit Card,COUPON--Z0,9.55,AUD
453088,2024-03-05T18:06:23,2024-03-05,470,19,Retail,PayPal,COUPONZZ-9,6.78,AUD
453147,2024-03-05T11:27:20,2024-03-05,128,25,Online,PayPal,COUPON0-Z-,4.84,AUD
453168,2024-03-05T15:01:04,2024-03-05,196,37,Online,PayPal,COUPONAA-A,17.03,AUD
453194,2024-03-05T01:08:19,2024-03-05,303,7,Online,PayPal,COUPON9909,3.58,AUD
453195,2024-03-05T05:59:58,2024-03-05,93,47,Retail,Afterpay,COUPONZ--A,1.92,AUD
453271,2024-03-05T23:07:35,2024-03-05,484,40,Retail,Credit Card,COUPON9A0-,1.19,AUD
453320,2024-03-05T22:51:14,2024-03-05,546,35,Online,Afterpay,COUPON90--,8.58,AUD
453344,2024-03-05T05:46:16,2024-03-05,547,48,Retail,PayPal,COUPON9AA9,8.94,AUD
453515,2024-03-05T00:17:32,2024-03-05,680,20,Retail,Credit Card,COUPONZ-0A,0.92,AUD
453592,2024-03-05T05:16:02,2024-03-05,63,39,Online,Afterpay,COUPONAA9A,6.26,AUD
453810,2024-03-05T17:22:23,2024-03-05,276,15,Online,PayPal,COUPON-A-0,3.81,AUD
453873,2024-03-05T04:56:18,2024-03-05,148,42,Online,Credit Card,COUPON0--A,9.27,AUD
453965,2024-03-05T09:13:50,2024-03-05,354,40,Retail,PayPal,COUPON0A0Z,10.35,AUD
454075,2024-03-05T00:43:24,2024-03-05,161,15,Online,PayPal,COUPON-AAA,13.77,AUD
454105,2024-03-05T14:12:24,2024-03-05,642,39,Retail,Credit Card,COUPONZ-Z-,11.42,AUD
454107,2024-03-05T19:44:16,2024-03-05,366,44,Retail,Credit Card,COUPONZ99-,9.81,AUD
454314,2024-03-05T23:54:18,2024-03-05,229,11,Online,PayPal,COUPONZ099,17.65,AUD
454332,2024-03-05T14:26:14,2024-03-05,686,23,Retail,Afterpay,COUPON0Z90,12.26,AUD
454436,2024-03-05T22:23:13,2024-03-05,176,13,Online,PayPal,COUPON0-9-,1.18,AUD
454473,2024-03-05T20:13:05,2024-03-05,380,7,Online,PayPal,COUPON-9ZA,12.56,AUD
454570,2024-03-05T08:34:18,2024-03-05,638,44,Online,Afterpay,COUPON-9A9,4.85,AUD
454699,2024-03-05T08:25:02,2024-03-05,204,23,Online,Afterpay,COUPONZA-A,12.21,AUD
454775,2024-03-05T22:10:58,2024-03-05,331,38,Online,Credit Card,COUPONZ-A0,16.87,AUD
455127,2024-03-05T20:44:03,2024-03-05,229,49,Retail,Afterpay,COUPON0A90,16.49,AUD
455242,2024-03-05T08:03:50,2024-03-05,181,16,Online,Credit Card,COUPONAZAZ,2.2,AUD
455253,2024-03-05T18:46:54,2024-03-05,228,20,Online,Afterpay,COUPONA--9,18.06,AUD
455395,2024-03-05T06:11:20,2024-03-05,731,25,Online,PayPal,COUPON-A-Z,5.8,AUD
455482,2024-03-05T07:49:17,2024-03-05,656,30,Retail,Afterpay,COUPON-9AZ,18.7,AUD
455627,2024-03-05T09:05:35,2024-03-05,110,38,Online,Credit Card,COUPONA90-,0.39,AUD
455820,2024-03-05T21:36:18,2024-03-05,308,24,Retail,Credit Card,COUPON0-9-,15.32,AUD
455913,2024-03-05T05:54:22,2024-03-05,638,30,Retail,Credit Card,COUPONA9Z-,4.42,AUD
456133,2024-03-05T08:18:40,2024-03-05,605,23,Retail,Afterpay,COUPON9AA-,8.58,AUD
456456,2024-03-05T14:12:35,2024-03-05,727,31,Online,PayPal,COUPON9Z-0,12.08,AUD
456675,2024-03-05T15:02:52,2024-03-05,712,49,Online,Afterpay,COUPON99--,15.12,AUD
456786,2024-03-05T00:36:05,2024-03-05,327,4,Retail,PayPal,COUPON00A-,8.91,AUD
456789,2024-03-05T17:52:15,2024-03-05,777,44,Retail,PayPal,COUPON0-00,0.29,AUD
456833,2024-03-05T01:52:12,2024-03-05,326,41,Online,Afterpay,COUPONZ0A-,3.43,AUD
456848,2024-03-05T02:23:54,2024-03-05,141,47,Retail,Afterpay,COUPON9Z9Z,9.27,AUD
456864,2024-03-05T15:37:41,2024-03-05,769,34,Retail,Afterpay,COUPONA-99,0.04,AUD
456888,2024-03-05T16:51:41,2024-03-05,472,15,Retail,Afterpay,COUPONZZ99,10.27,AUD
457054,2024-03-05T03:44:14,2024-03-05,568,15,Retail,Afterpay,COUPONA---,7.77,AUD
457088,2024-03-05T06:48:44,2024-03-05,428,17,Online,Afterpay,COUPON-Z-A,2.91,AUD
457115,2024-03-05T21:25:58,2024-03-05,330,46,Online,Afterpay,COUPON9-Z-,2.31,AUD
457140,2024-03-05T18:51:31,2024-03-05,158,11,Retail,Afterpay,COUPONA00-,9.23,AUD
457167,2024-03-05T10:06:53,2024-03-05,396,27,Online,Afterpay,COUPON---0,6.23,AUD
457184,2024-03-05T14:02:39,2024-03-05,798,50,Retail,PayPal,COUPON90-Z,5.85,AUD
457228,2024-03-05T01:22:48,2024-03-05,590,7,Online,Credit Card,COUPON9--0,14.95,AUD
457231,2024-03-05T12:22:39,2024-03-05,514,41,Retail,PayPal,COUPON0-0-,4.06,AUD
457296,2024-03-05T10:58:03,2024-03-05,94,42,Online,Afterpay,COUPON-9ZA,0.68,AUD
457366,2024-03-05T06:26:36,2024-03-05,133,17,Online,Credit Card,COUPON-AAZ,3.73,AUD
457470,2024-03-05T20:10:28,2024-03-05,700,26,Retail,Afterpay,COUPONA---,14.68,AUD
457558,2024-03-05T12:16:35,2024-03-05,611,44,Online,PayPal,COUPONZ-Z0,3.75,AUD
457561,2024-03-05T09:39:45,2024-03-05,524,46,Online,Credit Card,COUPONZAAA,8.94,AUD
457702,2024-03-05T09:01:50,2024-03-05,242,15,Retail,PayPal,COUPON---0,2.4,AUD
457801,2024-03-05T03:38:27,2024-03-05,318,9,Retail,Afterpay,COUPONA909,6.43,AUD
457835,2024-03-05T19:07:29,2024-03-05,494,20,Online,Afterpay,COUPON00AA,1.53,AUD
457875,2024-03-05T18:24:30,2024-03-05,256,18,Online,Afterpay,COUPONA90Z,17.75,AUD
458005,2024-03-05T09:11:18,2024-03-05,594,30,Online,PayPal,COUPON-ZA0,1.23,AUD
458017,2024-03-05T10:18:21,2024-03-05,466,4,Online,Credit Card,COUPON--A0,10.14,AUD
458057,2024-03-05T10:54:08,2024-03-05,227,38,Retail,Afterpay,COUPONA9Z9,10.75,AUD
458136,2024-03-05T12:48:38,2024-03-05,449,30,Retail,Credit Card,COUPON9-Z9,15.43,AUD
458214,2024-03-05T23:25:10,2024-03-05,676,29,Retail,PayPal,COUPONA--9,2.53,AUD
458414,2024-03-05T07:29:09,2024-03-05,652,46,Retail,Credit Card,COUPON-0ZZ,4.27,AUD
458458,2024-03-05T04:13:21,2024-03-05,62,42,Retail,Credit Card,COUPON9A-9,11.8,AUD
458478,2024-03-05T22:16:21,2024-03-05,240,40,Online,Afterpay,COUPON9-ZA,5.24,AUD
458497,2024-03-05T20:15:11,2024-03-05,458,12,Retail,PayPal,COUPONZAA-,6.18,AUD
458526,2024-03-05T18:42:56,2024-03-05,78,25,Retail,PayPal,COUPONA-Z9,8.0,AUD
458575,2024-03-05T11:30:05,2024-03-05,38,16,Online,Credit Card,COUPONAAZA,1.45,AUD
458598,2024-03-05T06:59:30,2024-03-05,319,34,Retail,Afterpay,COUPONZA90,19.26,AUD
458603,2024-03-05T05:13:24,2024-03-05,237,21,Retail,Credit Card,COUPON-A0Z,11.67,AUD
458684,2024-03-05T18:46:21,2024-03-05,379,50,Retail,Afterpay,COUPON--0-,10.5,AUD
458702,2024-03-05T13:25:24,2024-03-05,445,5,Retail,PayPal,COUPON-A--,18.96,AUD
458806,2024-03-05T12:17:09,2024-03-05,536,36,Retail,PayPal,COUPON9AA9,10.99,AUD
458961,2024-03-05T07:22:23,2024-03-05,120,44,Online,Afterpay,COUPON--0A,17.61,AUD
459145,2024-03-05T18:13:40,2024-03-05,761,37,Retail,Afterpay,COUPON-0Z-,18.71,AUD
459155,2024-03-05T01:48:34,2024-03-05,346,8,Online,Afterpay,COUPON--ZA,16.65,AUD
459166,2024-03-05T20:40:43,2024-03-05,56,32,Online,Afterpay,COUPONZ0-A,8.38,AUD
459182,2024-03-05T21:46:19,2024-03-05,741,2,Retail,Afterpay,COUPON-A90,5.53,AUD
459224,2024-03-05T10:27:12,2024-03-05,593,20,Retail,PayPal,COUPON-09A,4.31,AUD
459369,2024-03-05T10:43:18,2024-03-05,498,14,Online,Credit Card,COUPON9A-Z,11.71,AUD
459463,2024-03-05T08:07:24,2024-03-05,391,24,Retail,Afterpay,COUPON0A-Z,3.04,AUD
459523,2024-03-05T23:51:45,2024-03-05,679,23,Online,PayPal,COUPONA---,5.52,AUD
459657,2024-03-05T10:58:17,2024-03-05,634,26,Online,Afterpay,COUPONZ--A,3.43,AUD
459774,2024-03-05T21:39:32,2024-03-05,250,10,Online,PayPal,COUPON9-99,4.27,AUD
459886,2024-03-05T08:05:41,2024-03-05,113,47,Online,PayPal,COUPON0-99,11.55,AUD
460155,2024-03-05T14:53:02,2024-03-05,563,29,Retail,Afterpay,COUPONAZ-9,11.61,AUD
460229,2024-03-05T02:05:48,2024-03-05,728,25,Retail,PayPal,COUPONA---,0.76,AUD
460322,2024-03-05T06:01:50,2024-03-05,528,26,Online,Credit Card,COUPON90Z9,14.95,AUD
460496,2024-03-05T00:46:15,2024-03-05,630,24,Online,Afterpay,COUPON-0-9,9.86,AUD
460528,2024-03-05T13:44:53,2024-03-05,72,18,Online,Credit Card,COUPON-Z99,9.27,AUD
460633,2024-03-05T14:18:45,2024-03-05,119,6,Online,Afterpay,COUPON--9A,4.63,AUD
460676,2024-03-05T11:53:01,2024-03-05,141,44,Retail,Afterpay,COUPON-9A-,8.81,AUD
460677,2024-03-05T01:10:30,2024-03-05,794,41,Online,Credit Card,COUPON9-Z9,18.63,AUD
460691,2024-03-05T18:44:12,2024-03-05,252,5,Retail,PayPal,COUPON-9A0,4.5,AUD
460857,2024-03-05T11:33:16,2024-03-05,664,33,Online,PayPal,COUPON00Z9,7.76,AUD
461041,2024-03-05T01:11:00,2024-03-05,474,11,Online,PayPal,COUPONZ9-0,0.66,AUD
461070,2024-03-05T03:30:30,2024-03-05,85,31,Online,Afterpay,COUPON0A9-,5.52,AUD
461075,2024-03-05T05:34:32,2024-03-05,148,16,Retail,Credit Card,COUPON-99-,10.8,AUD
461076,2024-03-05T03:24:41,2024-03-05,372,23,Retail,Credit Card,COUPONAA0Z,18.82,AUD
461147,2024-03-05T06:38:38,2024-03-05,1,25,Retail,Credit Card,COUPON9--A,1.81,AUD
461183,2024-03-05T21:56:09,2024-03-05,427,48,Retail,Afterpay,COUPON--9A,12.74,AUD
461466,2024-03-05T12:05:59,2024-03-05,663,45,Online,PayPal,COUPON-00-,18.03,AUD
461467,2024-03-05T16:43:44,2024-03-05,292,27,Retail,Credit Card,COUPONZAZA,3.78,AUD
461551,2024-03-05T05:13:39,2024-03-05,176,3,Online,PayPal,COUPON-AZ9,5.37,AUD
461588,2024-03-05T09:21:39,2024-03-05,667,16,Retail,PayPal,COUPON--Z0,0.85,AUD
461608,2024-03-05T09:13:48,2024-03-05,604,33,Retail,Credit Card,COUPONA0-0,12.96,AUD
461664,2024-03-05T06:58:47,2024-03-05,188,32,Retail,Afterpay,COUPONZ-09,0.58,AUD
461806,2024-03-05T10:56:42,2024-03-05,90,23,Online,Credit Card,COUPON90ZZ,1.7,AUD
461812,2024-03-05T02:22:26,2024-03-05,520,12,Online,Afterpay,COUPON-99-,9.64,AUD
461957,2024-03-05T12:22:27,2024-03-05,746,20,Retail,PayPal,COUPONZ--Z,6.01,AUD
461965,2024-03-05T08:10:26,2024-03-05,282,4,Retail,Credit Card,COUPON-AA-,9.02,AUD
461989,2024-03-05T22:46:22,2024-03-05,213,45,Online,PayPal,COUPON9Z90,0.09,AUD
462128,2024-03-05T23:27:45,2024-03-05,131,5,Online,PayPal,COUPON-9-0,12.84,AUD
462220,2024-03-05T01:56:55,2024-03-05,226,36,Retail,Credit Card,COUPON-0--,3.18,AUD
462287,2024-03-05T00:03:44,2024-03-05,148,48,Retail,Credit Card,COUPONA-ZZ,11.56,AUD
462329,2024-03-05T06:54:59,2024-03-05,228,2,Retail,PayPal,COUPON09-9,15.37,AUD
462371,2024-03-05T14:24:26,2024-03-05,639,45,Retail,Credit Card,COUPON-00-,0.73,AUD
462416,2024-03-05T14:06:37,2024-03-05,415,39,Retail,Credit Card,COUPONZ-0-,13.85,AUD
462525,2024-03-05T04:10:08,2024-03-05,212,11,Retail,Credit Card,COUPONZ-9-,18.14,AUD
462550,2024-03-05T20:49:56,2024-03-05,183,20,Online,Credit Card,COUPON-0-Z,17.4,AUD
462784,2024-03-05T06:10:08,2024-03-05,571,11,Retail,PayPal,COUPON990A,1.66,AUD
462792,2024-03-05T22:35:28,2024-03-05,583,26,Retail,PayPal,COUPON-99-,8.92,AUD
462825,2024-03-05T03:26:12,2024-03-05,399,46,Retail,Afterpay,COUPON-0-9,10.55,AUD
462879,2024-03-05T18:08:19,2024-03-05,757,29,Online,Afterpay,COUPON-Z9-,2.45,AUD
463080,2024-03-05T01:37:56,2024-03-05,105,22,Online,Credit Card,COUPON-A--,17.31,AUD
463163,2024-03-05T02:26:55,2024-03-05,456,26,Online,Credit Card,COUPON-9ZZ,16.35,AUD
463262,2024-03-05T04:53:09,2024-03-05,659,24,Retail,Afterpay,COUPON0-9-,11.96,AUD
463308,2024-03-05T20:12:52,2024-03-05,199,8,Retail,Afterpay,COUPONZA-A,10.87,AUD
463325,2024-03-05T11:25:09,2024-03-05,326,41,Online,PayPal,COUPONA0AA,13.6,AUD
463333,2024-03-05T23:27:07,2024-03-05,336,47,Retail,Afterpay,COUPON9AAZ,9.35,AUD
463335,2024-03-05T15:05:27,2024-03-05,410,22,Retail,Credit Card,COUPON9ZZZ,5.46,AUD
463474,2024-03-05T13:01:55,2024-03-05,319,16,Retail,Credit Card,COUPON-0-0,10.94,AUD
463496,2024-03-05T22:57:34,2024-03-05,87,6,Online,PayPal,COUPON00Z-,15.69,AUD
463729,2024-03-05T10:36:02,2024-03-05,546,42,Retail,Credit Card,COUPONA9--,6.44,AUD
463735,2024-03-05T07:49:36,2024-03-05,266,16,Online,Credit Card,COUPONZ--9,1.44,AUD
463778,2024-03-05T08:49:17,2024-03-05,781,5,Online,Afterpay,COUPON90-Z,2.7,AUD
463900,2024-03-05T11:46:47,2024-03-05,52,22,Online,Credit Card,COUPON--Z9,3.54,AUD
464055,2024-03-05T20:57:30,2024-03-05,308,1,Online,Afterpay,COUPON-AZ-,3.66,AUD
464146,2024-03-05T08:28:56,2024-03-05,18,40,Online,Credit Card,COUPON0A-Z,15.54,AUD
464231,2024-03-05T17:21:43,2024-03-05,275,2,Online,Afterpay,COUPON99-Z,11.07,AUD
464297,2024-03-05T22:55:18,2024-03-05,185,21,Online,Afterpay,COUPON09ZZ,7.04,AUD
464327,2024-03-05T21:25:39,2024-03-05,94,35,Retail,PayPal,COUPON--9-,14.15,AUD
464357,2024-03-05T03:23:06,2024-03-05,75,8,Online,PayPal,COUPON--9-,11.76,AUD
464383,2024-03-05T15:21:40,2024-03-05,714,33,Retail,Credit Card,COUPON-909,11.22,AUD
464554,2024-03-05T10:07:50,2024-03-05,64,34,Online,Afterpay,COUPON--A0,8.95,AUD
464566,2024-03-05T11:12:38,2024-03-05,212,20,Online,Credit Card,COUPON-A-A,15.64,AUD
464631,2024-03-05T23:19:37,2024-03-05,8,49,Online,Credit Card,COUPONAZ-9,6.88,AUD
464732,2024-03-05T01:28:44,2024-03-05,377,25,Online,Credit Card,COUPON9-00,14.97,AUD
464739,2024-03-05T02:50:32,2024-03-05,78,41,Online,Afterpay,COUPONA-A-,3.85,AUD
465027,2024-03-05T22:06:16,2024-03-05,716,17,Online,Afterpay,COUPON9--Z,5.33,AUD
465121,2024-03-05T08:53:54,2024-03-05,671,19,Retail,Afterpay,COUPON--09,8.27,AUD
465157,2024-03-05T09:16:47,2024-03-05,640,50,Retail,PayPal,COUPONA99Z,3.29,AUD
465284,2024-03-05T04:38:07,2024-03-05,118,4,Online,Afterpay,COUPONZ-9-,2.0,AUD
465328,2024-03-05T19:17:56,2024-03-05,690,43,Retail,PayPal,COUPON-A-Z,17.02,AUD
465339,2024-03-05T08:27:27,2024-03-05,612,12,Online,PayPal,COUPON--Z-,2.85,AUD
465392,2024-03-05T15:48:29,2024-03-05,106,30,Online,Credit Card,COUPON-ZA0,15.23,AUD
465413,2024-03-05T18:31:19,2024-03-05,246,11,Online,Afterpay,COUPON90AA,2.03,AUD
465447,2024-03-05T10:59:08,2024-03-05,241,43,Retail,Afterpay,COUPON-A99,2.98,AUD
465496,2024-03-05T07:07:45,2024-03-05,11,6,Online,Credit Card,COUPONAZ99,9.2,AUD
465721,2024-03-05T23:58:10,2024-03-05,134,25,Retail,PayPal,COUPONZ-Z0,5.77,AUD
465797,2024-03-05T22:25:25,2024-03-05,217,29,Online,Credit Card,COUPON-Z0-,2.89,AUD
465980,2024-03-05T17:59:38,2024-03-05,682,32,Online,PayPal,COUPONA-Z9,18.34,AUD
466073,2024-03-05T09:31:30,2024-03-05,556,26,Online,Credit Card,COUPONZ-Z-,16.18,AUD
466143,2024-03-05T13:59:09,2024-03-05,717,9,Retail,Afterpay,COUPON0ZAZ,1.33,AUD
466185,2024-03-05T23:05:28,2024-03-05,648,35,Retail,Afterpay,COUPON---9,16.21,AUD
466307,2024-03-05T01:13:20,2024-03-05,404,9,Retail,Credit Card,COUPON--ZZ,11.38,AUD
466461,2024-03-05T02:26:26,2024-03-05,360,17,Retail,Afterpay,COUPONZ-0A,18.21,AUD
466532,2024-03-05T16:14:47,2024-03-05,432,44,Retail,PayPal,COUPON99AZ,1.35,AUD
466617,2024-03-05T23:46:03,2024-03-05,633,33,Online,Afterpay,COUPON9A0A,8.36,AUD
466691,2024-03-05T05:25:52,2024-03-05,681,45,Online,Credit Card,COUPONZ909,17.64,AUD
466821,2024-03-05T12:42:46,2024-03-05,729,41,Retail,Credit Card,COUPONZ--Z,0.21,AUD
466822,2024-03-05T21:35:04,2024-03-05,463,38,Retail,PayPal,COUPON-A-0,6.49,AUD
466865,2024-03-05T03:21:20,2024-03-05,281,36,Retail,Afterpay,COUPON9A90,3.66,AUD
467015,2024-03-05T19:52:30,2024-03-05,454,41,Online,PayPal,COUPON--ZA,12.37,AUD
467112,2024-03-05T21:35:43,2024-03-05,190,11,Online,Credit Card,COUPONZ-9-,0.98,AUD
467190,2024-03-05T21:50:49,2024-03-05,216,5,Online,Credit Card,COUPONA00-,0.24,AUD
467292,2024-03-05T02:40:51,2024-03-05,425,36,Retail,Afterpay,COUPON0Z--,8.08,AUD
467376,2024-03-05T09:15:29,2024-03-05,479,10,Online,Credit Card,COUPON-ZA9,17.51,AUD
467397,2024-03-05T05:12:22,2024-03-05,711,46,Retail,PayPal,COUPON----,2.49,AUD
467464,2024-03-05T05:37:51,2024-03-05,496,14,Online,PayPal,COUPONA0Z-,0.82,AUD
467472,2024-03-05T04:47:27,2024-03-05,791,9,Retail,PayPal,COUPON-Z--,18.76,AUD
467500,2024-03-05T02:24:07,2024-03-05,607,3,Retail,Afterpay,COUPON9-99,6.03,AUD
467585,2024-03-05T16:12:27,2024-03-05,338,15,Retail,PayPal,COUPON-9Z9,18.07,AUD
467593,2024-03-05T01:28:51,2024-03-05,328,38,Retail,PayPal,COUPONAZ--,7.97,AUD
467613,2024-03-05T08:13:43,2024-03-05,644,48,Online,Credit Card,COUPON0ZAZ,1.83,AUD
467670,2024-03-05T22:11:21,2024-03-05,714,31,Online,PayPal,COUPON00--,16.85,AUD
467700,2024-03-05T01:19:37,2024-03-05,416,30,Retail,PayPal,COUPON0---,16.66,AUD
467829,2024-03-05T07:30:45,2024-03-05,532,35,Retail,PayPal,COUPON-900,14.23,AUD
467968,2024-03-05T22:12:46,2024-03-05,383,43,Online,Afterpay,COUPON-AZ0,18.74,AUD
468006,2024-03-05T09:38:12,2024-03-05,261,28,Retail,PayPal,COUPON-AA9,8.94,AUD
468442,2024-03-05T12:14:18,2024-03-05,442,38,Online,Afterpay,COUPON0AA0,13.66,AUD
468521,2024-03-05T10:40:41,2024-03-05,525,32,Retail,Afterpay,COUPONAAAZ,1.97,AUD
468630,2024-03-05T13:27:44,2024-03-05,582,47,Online,Credit Card,COUPONZ-Z-,16.74,AUD
468698,2024-03-05T07:37:06,2024-03-05,270,3,Retail,Credit Card,COUPON----,17.05,AUD
468758,2024-03-05T16:36:57,2024-03-05,571,38,Online,Credit Card,COUPONAZ90,7.46,AUD
468805,2024-03-05T06:15:03,2024-03-05,361,40,Online,Credit Card,COUPON0AA-,0.76,AUD
468902,2024-03-05T15:04:54,2024-03-05,127,7,Online,PayPal,COUPON-Z--,10.23,AUD
468992,2024-03-05T06:33:23,2024-03-05,740,35,Online,PayPal,COUPON----,15.81,AUD
469053,2024-03-05T18:07:45,2024-03-05,422,39,Retail,PayPal,COUPON-99-,18.53,AUD
469063,2024-03-05T15:39:00,2024-03-05,177,44,Retail,Afterpay,COUPON-ZAA,12.64,AUD
469330,2024-03-05T16:15:53,2024-03-05,574,28,Online,Credit Card,COUPON0099,2.85,AUD
469484,2024-03-05T01:21:20,2024-03-05,203,21,Retail,PayPal,COUPONA90Z,14.02,AUD
469541,2024-03-05T01:03:14,2024-03-05,323,32,Online,Credit Card,COUPON99-A,6.75,AUD
469545,2024-03-05T20:20:31,2024-03-05,379,12,Retail,PayPal,COUPON-0-0,3.28,AUD
469703,2024-03-05T21:52:55,2024-03-05,390,50,Retail,Credit Card,COUPONA-0-,3.15,AUD
469963,2024-03-05T07:13:20,2024-03-05,32,44,Retail,PayPal,COUPONA-0-,7.97,AUD
470010,2024-03-05T21:19:25,2024-03-05,424,22,Retail,Afterpay,COUPON9-A-,19.66,AUD
470339,2024-03-05T12:34:02,2024-03-05,757,5,Online,Afterpay,COUPONZ099,4.38,AUD
470417,2024-03-05T17:08:06,2024-03-05,598,40,Online,Credit Card,COUPON-009,5.42,AUD
470759,2024-03-05T04:00:18,2024-03-05,268,11,Online,Afterpay,COUPON9A-Z,5.41,AUD
470822,2024-03-05T13:37:19,2024-03-05,526,16,Retail,PayPal,COUPONAA0-,16.18,AUD
471257,2024-03-05T19:25:08,2024-03-05,376,12,Online,PayPal,COUPONAZ0-,19.04,AUD
471282,2024-03-05T15:30:59,2024-03-05,615,30,Online,Credit Card,COUPON--A0,13.99,AUD
471404,2024-03-05T06:48:14,2024-03-05,432,29,Retail,PayPal,COUPONZ-Z9,2.19,AUD
471504,2024-03-05T10:32:02,2024-03-05,329,26,Online,PayPal,COUPON0-9Z,5.28,AUD
471530,2024-03-05T11:17:07,2024-03-05,603,13,Online,Credit Card,COUPON-ZZ-,10.51,AUD
471660,2024-03-05T02:46:25,2024-03-05,707,2,Retail,Credit Card,COUPON00--,4.21,AUD
471723,2024-03-05T02:07:40,2024-03-05,607,37,Retail,Credit Card,COUPONA9-0,18.88,AUD
471733,2024-03-05T12:05:11,2024-03-05,460,2,Online,Afterpay,COUPON-Z--,12.07,AUD
471782,2024-03-05T07:26:27,2024-03-05,536,10,Online,PayPal,COUPON0A-Z,16.33,AUD
471819,2024-03-05T01:39:44,2024-03-05,276,44,Online,Credit Card,COUPONAZA9,9.48,AUD
471873,2024-03-05T19:32:15,2024-03-05,494,42,Online,Credit Card,COUPONZ0-Z,13.06,AUD
471958,2024-03-05T01:43:58,2024-03-05,687,8,Retail,Credit Card,COUPON--9A,0.14,AUD
472060,2024-03-05T09:56:08,2024-03-05,792,49,Online,Afterpay,COUPONZA9A,1.93,AUD
472097,2024-03-05T11:54:25,2024-03-05,333,48,Retail,Afterpay,COUPON0-Z-,19.95,AUD
472104,2024-03-05T23:44:29,2024-03-05,720,41,Online,Afterpay,COUPON9Z-9,3.33,AUD
472158,2024-03-05T09:17:11,2024-03-05,643,26,Retail,Afterpay,COUPONA-09,4.1,AUD
472233,2024-03-05T19:02:46,2024-03-05,397,18,Retail,PayPal,COUPON00-Z,18.63,AUD
472513,2024-03-05T13:27:16,2024-03-05,712,30,Retail,Afterpay,COUPONZA-A,9.88,AUD
472573,2024-03-05T04:23:37,2024-03-05,492,11,Online,Credit Card,COUPON-ZZ-,4.01,AUD
472677,2024-03-05T21:38:15,2024-03-05,488,15,Retail,PayPal,COUPON-9-9,1.18,AUD
472713,2024-03-05T12:13:17,2024-03-05,152,6,Online,PayPal,COUPON-Z0Z,17.35,AUD
472817,2024-03-05T21:06:41,2024-03-05,99,48,Online,PayPal,COUPON-Z-A,18.91,AUD
472868,2024-03-05T20:30:14,2024-03-05,116,2,Online,Credit Card,COUPONZ-A0,19.13,AUD
472917,2024-03-05T00:10:14,2024-03-05,738,7,Online,Credit Card,COUPONZZ-0,5.9,AUD
473040,2024-03-05T13:15:56,2024-03-05,365,5,Online,Afterpay,COUPONA0A-,3.87,AUD
473125,2024-03-05T08:27:02,2024-03-05,170,37,Online,PayPal,COUPON--9-,15.07,AUD
473248,2024-03-05T09:33:54,2024-03-05,337,11,Retail,Credit Card,COUPON--Z9,2.23,AUD
473323,2024-03-05T05:20:29,2024-03-05,629,45,Retail,Credit Card,COUPON--9A,18.72,AUD
473326,2024-03-05T19:17:30,2024-03-05,509,2,Retail,PayPal,COUPONA090,15.88,AUD
473388,2024-03-05T18:51:03,2024-03-05,555,18,Online,Credit Card,COUPONZZA9,15.86,AUD
473536,2024-03-05T23:32:54,2024-03-05,56,11,Online,PayPal,COUPONA9A-,15.41,AUD
473666,2024-03-05T09:33:42,2024-03-05,293,38,Online,PayPal,COUPON--9-,1.86,AUD
473700,2024-03-05T08:52:08,2024-03-05,387,26,Retail,PayPal,COUPONA9--,5.27,AUD
473835,2024-03-05T23:26:55,2024-03-05,185,4,Retail,PayPal,COUPONA9A-,18.96,AUD
473927,2024-03-05T09:47:23,2024-03-05,88,23,Retail,PayPal,COUPON9ZZ0,15.44,AUD
473947,2024-03-05T14:00:46,2024-03-05,487,3,Online,Afterpay,COUPONZ--Z,19.57,AUD
473950,2024-03-05T11:03:36,2024-03-05,76,26,Retail,Credit Card,COUPONZ---,12.98,AUD
474149,2024-03-05T06:31:16,2024-03-05,80,47,Online,Afterpay,COUPONA90-,2.13,AUD
474351,2024-03-05T03:57:03,2024-03-05,12,35,Online,Afterpay,COUPON9099,19.99,AUD
474439,2024-03-05T07:17:00,2024-03-05,220,20,Retail,PayPal,COUPON9-Z-,13.93,AUD
474554,2024-03-05T18:01:18,2024-03-05,53,39,Online,Credit Card,COUPON-ZA-,8.58,AUD
474572,2024-03-05T17:59:14,2024-03-05,380,13,Online,Credit Card,COUPONA0-Z,0.39,AUD
474619,2024-03-05T13:15:22,2024-03-05,51,7,Retail,Credit Card,COUPON9-A0,8.32,AUD
474675,2024-03-05T16:22:18,2024-03-05,586,47,Retail,Credit Card,COUPON9-ZZ,14.64,AUD
474696,2024-03-05T09:59:47,2024-03-05,78,35,Retail,PayPal,COUPONZ--9,3.39,AUD
474823,2024-03-05T21:35:48,2024-03-05,552,30,Retail,Credit Card,COUPON-ZZA,6.5,AUD
474900,2024-03-05T00:38:28,2024-03-05,648,44,Retail,Afterpay,COUPON-ZA-,17.52,AUD
474968,2024-03-05T12:22:02,2024-03-05,738,13,Online,Afterpay,COUPON--Z-,8.1,AUD
475033,2024-03-05T17:23:31,2024-03-05,48,29,Retail,Credit Card,COUPON--Z9,16.17,AUD
475075,2024-03-05T23:41:32,2024-03-05,499,19,Online,PayPal,COUPONAZZZ,3.91,AUD
475083,2024-03-05T00:31:58,2024-03-05,88,35,Online,Afterpay,COUPON-ZZ-,12.29,AUD
475165,2024-03-05T16:30:43,2024-03-05,363,13,Online,Credit Card,COUPON-Z0-,14.86,AUD
475497,2024-03-05T06:57:26,2024-03-05,269,12,Online,Afterpay,COUPONAZ9-,8.41,AUD
475519,2024-03-05T01:16:46,2024-03-05,325,14,Retail,PayPal,COUPON-A-9,5.46,AUD
475526,2024-03-05T16:08:07,2024-03-05,433,50,Retail,PayPal,COUPONZZ90,14.43,AUD
475570,2024-03-05T21:52:02,2024-03-05,185,37,Retail,Credit Card,COUPON9AZA,7.16,AUD
475643,2024-03-05T10:40:47,2024-03-05,225,24,Retail,Afterpay,COUPONA-AZ,4.17,AUD
475665,2024-03-05T19:30:13,2024-03-05,298,48,Retail,Credit Card,COUPON9-A9,19.44,AUD
475824,2024-03-05T04:48:13,2024-03-05,138,44,Retail,PayPal,COUPON-9-0,0.21,AUD
475915,2024-03-05T10:54:36,2024-03-05,602,31,Retail,Credit Card,COUPON-99-,3.59,AUD
475921,2024-03-05T08:51:17,2024-03-05,490,23,Retail,Credit Card,COUPON0-ZZ,0.74,AUD
475964,2024-03-05T13:37:53,2024-03-05,201,41,Online,PayPal,COUPON--A9,6.93,AUD
476064,2024-03-05T16:43:17,2024-03-05,170,21,Online,Credit Card,COUPON--9-,0.62,AUD
476175,2024-03-05T17:14:36,2024-03-05,264,23,Retail,Credit Card,COUPON-0ZZ,12.14,AUD
476183,2024-03-05T05:07:03,2024-03-05,47,17,Retail,PayPal,COUPONA-Z0,0.1,AUD
476310,2024-03-05T07:09:27,2024-03-05,325,50,Retail,PayPal,COUPON9Z-A,16.08,AUD
476388,2024-03-05T04:05:55,2024-03-05,185,17,Retail,Afterpay,COUPON-A99,10.93,AUD
476469,2024-03-05T13:15:29,2024-03-05,373,37,Online,Credit Card,COUPON-00Z,6.19,AUD
476687,2024-03-05T12:38:08,2024-03-05,348,34,Retail,Afterpay,COUPON0-ZA,18.65,AUD
476728,2024-03-05T19:53:13,2024-03-05,190,28,Online,Credit Card,COUPON--0Z,11.84,AUD
476768,2024-03-05T06:25:34,2024-03-05,342,2,Online,PayPal,COUPON--0A,16.92,AUD
476862,2024-03-05T03:45:05,2024-03-05,518,33,Online,PayPal,COUPON0Z-0,1.08,AUD
477511,2024-03-05T10:02:42,2024-03-05,356,49,Online,PayPal,COUPON9Z0A,17.74,AUD
477557,2024-03-05T22:25:40,2024-03-05,762,16,Online,Credit Card,COUPON900-,17.18,AUD
477570,2024-03-05T13:29:26,2024-03-05,259,37,Retail,Credit Card,COUPON-Z9Z,7.86,AUD
477611,2024-03-05T21:24:32,2024-03-05,585,45,Online,PayPal,COUPON0099,11.36,AUD
477653,2024-03-05T01:20:10,2024-03-05,23,19,Online,Credit Card,COUPON9---,18.13,AUD
477655,2024-03-05T05:39:16,2024-03-05,760,18,Online,PayPal,COUPON9AZ-,10.82,AUD
477690,2024-03-05T22:16:40,2024-03-05,368,18,Retail,PayPal,COUPONA09Z,1.37,AUD
477974,2024-03-05T13:44:55,2024-03-05,192,4,Online,Credit Card,COUPON-ZZ0,2.07,AUD
478029,2024-03-05T21:58:22,2024-03-05,260,30,Retail,Credit Card,COUPONZZ0-,17.38,AUD
478034,2024-03-05T15:57:00,2024-03-05,776,35,Retail,PayPal,COUPON--0A,3.35,AUD
478130,2024-03-05T23:49:58,2024-03-05,580,10,Retail,Credit Card,COUPON090-,2.75,AUD
478155,2024-03-05T20:37:18,2024-03-05,73,5,Online,Credit Card,COUPONZ0Z9,4.87,AUD
478164,2024-03-05T15:52:35,2024-03-05,760,46,Online,Afterpay,COUPONA---,1.19,AUD
478171,2024-03-05T05:47:48,2024-03-05,150,29,Retail,PayPal,COUPONAZA9,11.85,AUD
478174,2024-03-05T10:21:44,2024-03-05,582,7,Online,Credit Card,COUPON999Z,19.91,AUD
478224,2024-03-05T02:50:24,2024-03-05,600,28,Retail,PayPal,COUPON0A-9,0.04,AUD
478276,2024-03-05T20:15:16,2024-03-05,717,32,Online,Credit Card,COUPONA-Z-,0.53,AUD
478387,2024-03-05T13:31:17,2024-03-05,761,7,Online,PayPal,COUPON-9--,11.57,AUD
478453,2024-03-05T03:41:21,2024-03-05,232,40,Retail,Afterpay,COUPON9Z0A,2.75,AUD
478468,2024-03-05T02:10:06,2024-03-05,344,48,Retail,PayPal,COUPON-Z--,7.99,AUD
478482,2024-03-05T15:39:02,2024-03-05,504,11,Retail,PayPal,COUPON---0,12.76,AUD
478624,2024-03-05T14:17:41,2024-03-05,177,9,Retail,Credit Card,COUPON0A-9,3.36,AUD
478636,2024-03-05T20:33:27,2024-03-05,147,31,Retail,Afterpay,COUPONA-0-,17.06,AUD
478786,2024-03-05T19:45:14,2024-03-05,410,41,Retail,Afterpay,COUPON---0,3.55,AUD
478857,2024-03-05T07:24:54,2024-03-05,105,13,Online,PayPal,COUPON-Z-A,8.1,AUD
478939,2024-03-05T21:52:33,2024-03-05,492,9,Online,Credit Card,COUPON999Z,9.98,AUD
478954,2024-03-05T11:02:10,2024-03-05,313,21,Retail,Credit Card,COUPONZ0AA,2.03,AUD
479059,2024-03-05T23:02:24,2024-03-05,651,18,Retail,Credit Card,COUPONZZ0-,18.68,AUD
479122,2024-03-05T05:58:11,2024-03-05,503,1,Online,Credit Card,COUPONZ-09,13.6,AUD
479343,2024-03-05T23:34:09,2024-03-05,362,39,Retail,Credit Card,COUPON9--9,3.09,AUD
479406,2024-03-05T17:33:51,2024-03-05,429,48,Online,PayPal,COUPONZ-0Z,11.57,AUD
479479,2024-03-05T01:06:21,2024-03-05,44,17,Online,Credit Card,COUPON---9,15.35,AUD
479580,2024-03-05T10:53:50,2024-03-05,797,23,Online,PayPal,COUPONAA--,6.2,AUD
479607,2024-03-05T23:03:20,2024-03-05,629,3,Online,Afterpay,COUPON9-ZZ,0.59,AUD
479756,2024-03-05T11:03:05,2024-03-05,693,9,Retail,Credit Card,COUPON-A--,4.02,AUD
479765,2024-03-05T06:12:55,2024-03-05,141,4,Online,Credit Card,COUPONZ9A0,0.04,AUD
479892,2024-03-05T09:11:33,2024-03-05,264,27,Online,PayPal,COUPON--0Z,10.55,AUD
479978,2024-03-05T06:03:56,2024-03-05,361,45,Online,PayPal,COUPONA0-A,19.09,AUD
480296,2024-03-05T06:45:54,2024-03-05,740,9,Retail,Afterpay,COUPON--A-,11.7,AUD
480311,2024-03-05T02:33:39,2024-03-05,710,4,Retail,Credit Card,COUPONA0A-,6.6,AUD
480338,2024-03-05T06:23:22,2024-03-05,724,24,Online,Credit Card,COUPON0009,0.02,AUD
480349,2024-03-05T11:17:17,2024-03-05,610,44,Retail,Credit Card,COUPON-09A,14.97,AUD
480463,2024-03-05T00:27:38,2024-03-05,404,44,Retail,PayPal,COUPON99-0,6.72,AUD
480594,2024-03-05T06:40:45,2024-03-05,125,10,Retail,Afterpay,COUPONZAA9,7.75,AUD
480641,2024-03-05T02:12:46,2024-03-05,512,34,Online,PayPal,COUPON-9Z-,2.8,AUD
480687,2024-03-05T18:13:08,2024-03-05,569,23,Online,Credit Card,COUPONAAA-,15.01,AUD
480979,2024-03-05T14:57:00,2024-03-05,287,45,Online,Afterpay,COUPON99A9,9.43,AUD
481092,2024-03-05T18:45:01,2024-03-05,772,18,Retail,Afterpay,COUPONAZ0Z,16.09,AUD
481112,2024-03-05T08:29:18,2024-03-05,680,28,Retail,Afterpay,COUPON-99A,2.81,AUD
481178,2024-03-05T21:43:37,2024-03-05,222,2,Retail,Afterpay,COUPON099A,11.03,AUD
481211,2024-03-05T18:35:21,2024-03-05,364,7,Retail,Afterpay,COUPON---0,17.36,AUD
481343,2024-03-05T07:12:47,2024-03-05,657,28,Online,PayPal,COUPON0A--,2.71,AUD
481440,2024-03-05T13:59:07,2024-03-05,660,16,Retail,PayPal,COUPON---0,16.82,AUD
481502,2024-03-05T13:34:36,2024-03-05,40,48,Online,Credit Card,COUPONZAA-,15.92,AUD
481576,2024-03-05T12:37:16,2024-03-05,732,35,Retail,Credit Card,COUPON0-AA,16.43,AUD
481640,2024-03-05T15:44:15,2024-03-05,80,49,Online,Afterpay,COUPON--90,7.43,AUD
481692,2024-03-05T20:33:37,2024-03-05,516,43,Online,PayPal,COUPON9A--,10.32,AUD
481696,2024-03-05T13:41:17,2024-03-05,723,38,Retail,Credit Card,COUPON-0-A,5.79,AUD
481750,2024-03-05T00:01:47,2024-03-05,246,20,Online,Credit Card,COUPON0-A-,10.72,AUD
481783,2024-03-05T06:55:07,2024-03-05,408,29,Retail,Credit Card,COUPON0-AA,16.92,AUD
481809,2024-03-05T11:39:38,2024-03-05,505,22,Retail,PayPal,COUPONAA-0,13.79,AUD
481816,2024-03-05T00:15:34,2024-03-05,334,44,Online,Afterpay,COUPON0A9-,15.65,AUD
481821,2024-03-05T05:08:10,2024-03-05,105,6,Retail,PayPal,COUPON-9Z-,1.08,AUD
481925,2024-03-05T00:08:50,2024-03-05,557,27,Retail,Afterpay,COUPON-0--,4.77,AUD
482018,2024-03-05T20:57:35,2024-03-05,277,41,Online,Afterpay,COUPONZ0--,6.63,AUD
482206,2024-03-05T11:45:33,2024-03-05,35,29,Retail,PayPal,COUPON--ZZ,1.84,AUD
482234,2024-03-05T11:52:10,2024-03-05,154,34,Retail,Afterpay,COUPONZAZ-,17.86,AUD
482551,2024-03-05T20:55:45,2024-03-05,767,49,Online,PayPal,COUPON0909,7.17,AUD
482644,2024-03-05T14:10:23,2024-03-05,608,41,Retail,Afterpay,COUPONAAA-,19.78,AUD
482838,2024-03-05T04:17:51,2024-03-05,45,49,Retail,Afterpay,COUPON-09A,12.86,AUD
482850,2024-03-05T08:16:09,2024-03-05,144,47,Online,Credit Card,COUPON--Z9,8.09,AUD
482893,2024-03-05T21:40:09,2024-03-05,44,23,Retail,PayPal,COUPON0-A9,4.15,AUD
483045,2024-03-05T11:12:55,2024-03-05,21,2,Retail,Afterpay,COUPONZZ9Z,5.91,AUD
483053,2024-03-05T02:38:06,2024-03-05,782,35,Retail,Afterpay,COUPONA-9-,1.23,AUD
483077,2024-03-05T17:29:05,2024-03-05,171,15,Retail,Credit Card,COUPON---Z,4.72,AUD
483095,2024-03-05T09:05:15,2024-03-05,588,50,Retail,PayPal,COUPON9-AA,2.77,AUD
483426,2024-03-05T03:39:15,2024-03-05,81,28,Online,Credit Card,COUPONZ---,9.87,AUD
483581,2024-03-05T03:19:27,2024-03-05,775,30,Online,PayPal,COUPONAZ-0,18.04,AUD
483628,2024-03-05T18:07:52,2024-03-05,83,48,Retail,Credit Card,COUPONA-90,8.36,AUD
483662,2024-03-05T04:07:44,2024-03-05,145,39,Retail,PayPal,COUPON-Z-9,8.39,AUD
483914,2024-03-05T07:43:00,2024-03-05,195,12,Retail,PayPal,COUPON9-ZZ,9.13,AUD
483953,2024-03-05T12:03:36,2024-03-05,586,46,Retail,Credit Card,COUPON90AA,14.56,AUD
483975,2024-03-05T23:52:04,2024-03-05,228,40,Online,Credit Card,COUPON-9A9,1.3,AUD
484049,2024-03-05T15:21:47,2024-03-05,280,14,Online,Credit Card,COUPONA0A-,7.07,AUD
484174,2024-03-05T19:31:54,2024-03-05,485,36,Online,PayPal,COUPON9-90,19.49,AUD
484288,2024-03-05T03:09:42,2024-03-05,407,32,Retail,PayPal,COUPON090Z,12.75,AUD
484304,2024-03-05T11:32:03,2024-03-05,35,47,Retail,Credit Card,COUPON-99-,5.16,AUD
484308,2024-03-05T09:56:45,2024-03-05,250,30,Online,Afterpay,COUPON-A9Z,12.27,AUD
484313,2024-03-05T14:13:31,2024-03-05,729,23,Online,Afterpay,COUPONA-Z0,0.63,AUD
484319,2024-03-05T08:55:41,2024-03-05,404,15,Retail,Afterpay,COUPON0-AA,8.85,AUD
484445,2024-03-05T20:56:34,2024-03-05,61,21,Online,Credit Card,COUPON-9A9,6.85,AUD
484477,2024-03-05T23:45:58,2024-03-05,28,14,Online,Afterpay,COUPONZ-9-,11.14,AUD
484638,2024-03-05T05:15:29,2024-03-05,407,39,Retail,Afterpay,COUPON--0A,16.36,AUD
484639,2024-03-05T09:04:02,2024-03-05,297,47,Online,Credit Card,COUPON9099,15.17,AUD
484803,2024-03-05T19:06:57,2024-03-05,535,26,Retail,PayPal,COUPON-0A-,9.28,AUD
484863,2024-03-05T23:28:34,2024-03-05,367,48,Retail,Afterpay,COUPONA90-,4.04,AUD
484892,2024-03-05T21:21:23,2024-03-05,691,21,Retail,PayPal,COUPON0A--,6.99,AUD
484956,2024-03-05T13:54:08,2024-03-05,353,30,Retail,PayPal,COUPON-A-Z,4.18,AUD
485043,2024-03-05T12:16:36,2024-03-05,69,21,Retail,PayPal,COUPON000Z,17.6,AUD
485081,2024-03-05T10:24:06,2024-03-05,243,8,Retail,Credit Card,COUPONZ--9,11.01,AUD
485177,2024-03-05T23:08:28,2024-03-05,441,29,Retail,PayPal,COUPONAZ--,10.7,AUD
485365,2024-03-05T21:08:29,2024-03-05,756,8,Online,PayPal,COUPON0A-9,17.42,AUD
485369,2024-03-05T17:16:59,2024-03-05,695,43,Online,Credit Card,COUPON9--Z,12.24,AUD
485459,2024-03-05T15:34:28,2024-03-05,520,31,Online,PayPal,COUPON099-,6.61,AUD
485474,2024-03-05T23:53:06,2024-03-05,11,46,Retail,PayPal,COUPONA0--,12.78,AUD
485527,2024-03-05T14:00:18,2024-03-05,539,48,Retail,Credit Card,COUPON0--0,5.48,AUD
485557,2024-03-05T05:30:29,2024-03-05,743,39,Online,Credit Card,COUPON0--0,8.57,AUD
485570,2024-03-05T15:33:38,2024-03-05,480,5,Online,PayPal,COUPON--AA,9.35,AUD
485620,2024-03-05T05:18:14,2024-03-05,108,38,Retail,Credit Card,COUPON--A-,9.71,AUD
485821,2024-03-05T16:04:39,2024-03-05,146,3,Online,Afterpay,COUPONA--0,4.95,AUD
485975,2024-03-05T00:43:43,2024-03-05,131,30,Retail,Credit Card,COUPON9Z-A,16.91,AUD
486007,2024-03-05T08:34:27,2024-03-05,137,46,Retail,Afterpay,COUPON--Z9,10.72,AUD
486020,2024-03-05T03:52:13,2024-03-05,232,50,Retail,PayPal,COUPON999A,8.61,AUD
486053,2024-03-05T22:15:35,2024-03-05,596,25,Online,Credit Card,COUPON-Z90,15.47,AUD
486101,2024-03-05T16:48:26,2024-03-05,656,37,Online,PayPal,COUPON-AZZ,18.73,AUD
486192,2024-03-05T06:05:29,2024-03-05,7,4,Retail,Afterpay,COUPON9A0-,12.61,AUD
486271,2024-03-05T04:27:51,2024-03-05,741,35,Online,Credit Card,COUPON90ZZ,4.69,AUD
486327,2024-03-05T18:32:45,2024-03-05,493,40,Retail,PayPal,COUPONAA0A,2.19,AUD
486429,2024-03-05T20:06:22,2024-03-05,757,46,Online,PayPal,COUPON0Z-0,17.69,AUD
486594,2024-03-05T16:57:19,2024-03-05,625,13,Retail,Afterpay,COUPON-Z-Z,0.32,AUD
486681,2024-03-05T13:09:52,2024-03-05,132,33,Online,Afterpay,COUPON9A9-,16.24,AUD
486992,2024-03-05T19:43:30,2024-03-05,582,12,Retail,PayPal,COUPONZZ0A,9.58,AUD
487098,2024-03-05T06:21:26,2024-03-05,538,11,Online,Afterpay,COUPON---9,13.67,AUD
487115,2024-03-05T07:14:13,2024-03-05,146,1,Retail,PayPal,COUPONZ9-9,0.07,AUD
487277,2024-03-05T06:35:01,2024-03-05,109,36,Retail,PayPal,COUPONZ--0,19.63,AUD
487294,2024-03-05T23:29:00,2024-03-05,287,37,Online,PayPal,COUPON9---,6.61,AUD
487301,2024-03-05T20:37:08,2024-03-05,789,37,Retail,PayPal,COUPON9--Z,4.37,AUD
487342,2024-03-05T19:41:52,2024-03-05,665,28,Retail,PayPal,COUPONA-9A,1.55,AUD
487469,2024-03-05T23:33:06,2024-03-05,376,22,Online,PayPal,COUPON--ZA,17.56,AUD
487481,2024-03-05T02:22:15,2024-03-05,230,33,Online,PayPal,COUPON9A09,11.86,AUD
487569,2024-03-05T18:09:35,2024-03-05,400,50,Retail,Afterpay,COUPON000Z,6.11,AUD
487606,2024-03-05T22:09:22,2024-03-05,62,48,Retail,Credit Card,COUPON--0Z,7.16,AUD
487729,2024-03-05T11:54:37,2024-03-05,448,15,Retail,PayPal,COUPON-0Z-,5.7,AUD
487939,2024-03-05T05:43:26,2024-03-05,511,45,Online,Afterpay,COUPONZZ9Z,2.19,AUD
487976,2024-03-05T17:32:51,2024-03-05,665,23,Online,Credit Card,COUPON----,18.16,AUD
488141,2024-03-05T11:53:01,2024-03-05,102,15,Retail,Afterpay,COUPONA900,16.56,AUD
488201,2024-03-05T06:45:39,2024-03-05,99,38,Online,Afterpay,COUPON-090,11.66,AUD
488301,2024-03-05T03:34:57,2024-03-05,454,1,Retail,Afterpay,COUPON-9--,10.91,AUD
488444,2024-03-05T19:34:41,2024-03-05,128,38,Retail,Credit Card,COUPONAA0Z,13.23,AUD
488478,2024-03-05T04:05:51,2024-03-05,702,37,Retail,PayPal,COUPONZ999,15.66,AUD
488491,2024-03-05T00:17:24,2024-03-05,338,30,Retail,PayPal,COUPON-0-A,11.71,AUD
488580,2024-03-05T13:40:22,2024-03-05,496,43,Online,Afterpay,COUPONAZ0A,4.3,AUD
488774,2024-03-05T02:04:16,2024-03-05,795,19,Retail,Afterpay,COUPON0-A0,13.87,AUD
488871,2024-03-05T23:51:16,2024-03-05,365,49,Online,PayPal,COUPON----,18.55,AUD
489011,2024-03-05T01:14:18,2024-03-05,684,38,Online,Credit Card,COUPON-A0A,7.84,AUD
489119,2024-03-05T00:56:33,2024-03-05,454,36,Online,Credit Card,COUPONZAA9,16.39,AUD
489157,2024-03-05T03:57:59,2024-03-05,727,7,Online,Afterpay,COUPONA-9-,2.39,AUD
489432,2024-03-05T21:31:22,2024-03-05,44,20,Online,PayPal,COUPON0-09,8.91,AUD
489512,2024-03-05T20:24:44,2024-03-05,479,39,Retail,Afterpay,COUPONA--0,5.88,AUD
489546,2024-03-05T10:29:44,2024-03-05,182,3,Online,Afterpay,COUPON-AZ9,5.98,AUD
489617,2024-03-05T10:30:51,2024-03-05,588,37,Online,PayPal,COUPON-9ZZ,14.95,AUD
489693,2024-03-05T02:12:05,2024-03-05,191,32,Online,Credit Card,COUPON-0--,15.17,AUD
489769,2024-03-05T10:20:48,2024-03-05,131,12,Retail,Afterpay,COUPON-A00,17.55,AUD
490042,2024-03-05T21:08:55,2024-03-05,31,10,Retail,Credit Card,COUPON0Z0A,1.52,AUD
490088,2024-03-05T01:18:49,2024-03-05,564,17,Retail,Credit Card,COUPON-0Z9,4.29,AUD
490211,2024-03-05T03:29:05,2024-03-05,123,19,Online,Credit Card,COUPONZA--,7.4,AUD
490288,2024-03-05T17:50:26,2024-03-05,31,45,Online,Afterpay,COUPONA0Z-,12.76,AUD
490294,2024-03-05T18:40:37,2024-03-05,609,26,Retail,Afterpay,COUPON-9AZ,11.11,AUD
490310,2024-03-05T13:54:40,2024-03-05,167,17,Online,Afterpay,COUPON99AZ,6.11,AUD
490342,2024-03-05T13:44:37,2024-03-05,677,30,Online,Credit Card,COUPON0A00,0.88,AUD
490360,2024-03-05T06:13:51,2024-03-05,385,24,Retail,Credit Card,COUPON---9,10.83,AUD
490539,2024-03-05T17:31:44,2024-03-05,344,42,Retail,PayPal,COUPON0A99,10.32,AUD
490557,2024-03-05T03:11:41,2024-03-05,202,27,Online,Credit Card,COUPON--A9,17.74,AUD
490643,2024-03-05T20:20:49,2024-03-05,664,9,Retail,Credit Card,COUPONZ0AZ,14.47,AUD
491034,2024-03-05T19:52:48,2024-03-05,413,30,Online,Afterpay,COUPONZZ--,13.39,AUD
491110,2024-03-05T10:53:02,2024-03-05,346,43,Online,Credit Card,COUPON-90Z,1.75,AUD
491125,2024-03-05T12:55:28,2024-03-05,133,13,Online,Credit Card,COUPON-Z--,0.41,AUD
491219,2024-03-05T19:36:41,2024-03-05,386,19,Retail,PayPal,COUPON-09A,2.49,AUD
491251,2024-03-05T13:21:41,2024-03-05,159,4,Online,Afterpay,COUPONAZAA,8.57,AUD
491275,2024-03-05T06:00:55,2024-03-05,752,23,Online,Credit Card,COUPON-Z--,15.82,AUD
491340,2024-03-05T23:33:46,2024-03-05,106,12,Online,PayPal,COUPON--9A,9.15,AUD
491498,2024-03-05T08:38:26,2024-03-05,303,27,Online,PayPal,COUPONA9AZ,16.46,AUD
491533,2024-03-05T22:14:24,2024-03-05,719,43,Retail,Credit Card,COUPON0-9Z,16.24,AUD
491585,2024-03-05T06:49:27,2024-03-05,577,36,Online,PayPal,COUPONAZ9A,11.86,AUD
491936,2024-03-05T11:23:32,2024-03-05,574,44,Online,Afterpay,COUPONA-Z-,10.31,AUD
492017,2024-03-05T15:54:15,2024-03-05,593,8,Retail,Credit Card,COUPON--Z-,2.56,AUD
492093,2024-03-05T14:57:05,2024-03-05,551,26,Retail,PayPal,COUPON-90-,6.96,AUD
492134,2024-03-05T14:27:52,2024-03-05,445,10,Online,PayPal,COUPONZ-A-,5.88,AUD
492264,2024-03-05T09:03:25,2024-03-05,458,46,Online,Afterpay,COUPON0ZZA,2.31,AUD
492365,2024-03-05T02:34:34,2024-03-05,357,23,Online,PayPal,COUPON000-,13.14,AUD
492411,2024-03-05T21:31:39,2024-03-05,108,36,Online,Afterpay,COUPON9-Z-,9.4,AUD
492519,2024-03-05T14:58:38,2024-03-05,617,20,Online,Afterpay,COUPON0---,18.21,AUD
492616,2024-03-05T12:00:21,2024-03-05,680,5,Retail,Credit Card,COUPONZ-9A,19.08,AUD
492650,2024-03-05T16:10:16,2024-03-05,492,5,Retail,PayPal,COUPON0A9-,2.13,AUD
492854,2024-03-05T03:33:15,2024-03-05,237,2,Online,Afterpay,COUPON00-A,2.09,AUD
492856,2024-03-05T20:17:06,2024-03-05,267,3,Retail,PayPal,COUPON9AZ0,11.75,AUD
492990,2024-03-05T11:53:51,2024-03-05,706,34,Online,Credit Card,COUPON9-90,6.74,AUD
493011,2024-03-05T06:18:29,2024-03-05,59,49,Online,Afterpay,COUPONAZ--,9.85,AUD
493068,2024-03-05T04:33:21,2024-03-05,527,15,Online,Afterpay,COUPON0--Z,15.31,AUD
493190,2024-03-05T23:42:44,2024-03-05,241,41,Online,Credit Card,COUPON-Z-Z,11.2,AUD
493199,2024-03-05T02:51:33,2024-03-05,296,32,Online,PayPal,COUPONZ---,11.61,AUD
493206,2024-03-05T05:55:29,2024-03-05,315,4,Retail,PayPal,COUPON--ZA,19.6,AUD
493339,2024-03-05T11:50:57,2024-03-05,53,18,Online,Afterpay,COUPON-9A-,1.04,AUD
493386,2024-03-05T08:11:33,2024-03-05,122,1,Online,Credit Card,COUPON9AAA,10.14,AUD
493388,2024-03-05T16:17:38,2024-03-05,566,21,Online,PayPal,COUPONAZ--,17.85,AUD
493438,2024-03-05T02:07:54,2024-03-05,118,3,Retail,Afterpay,COUPONZ9Z9,10.09,AUD
493549,2024-03-05T10:44:50,2024-03-05,683,35,Online,Afterpay,COUPON-99-,13.54,AUD
493573,2024-03-05T12:31:05,2024-03-05,143,11,Online,PayPal,COUPON-0-A,19.66,AUD
493624,2024-03-05T09:26:37,2024-03-05,477,43,Online,Credit Card,COUPON9--9,6.91,AUD
493627,2024-03-05T05:13:38,2024-03-05,5,25,Online,Afterpay,COUPON0--0,15.33,AUD
493725,2024-03-05T23:08:05,2024-03-05,95,38,Retail,Afterpay,COUPON0ZZA,4.64,AUD
493726,2024-03-05T23:26:49,2024-03-05,458,45,Online,Credit Card,COUPONZA0-,4.21,AUD
493731,2024-03-05T21:06:46,2024-03-05,413,9,Online,Afterpay,COUPONA---,4.76,AUD
493865,2024-03-05T11:33:57,2024-03-05,600,34,Retail,Afterpay,COUPONZ0--,5.68,AUD
493899,2024-03-05T12:14:25,2024-03-05,533,47,Retail,Afterpay,COUPON9--9,0.34,AUD
493926,2024-03-05T09:25:21,2024-03-05,193,25,Online,PayPal,COUPON09Z0,10.85,AUD
494036,2024-03-05T07:45:03,2024-03-05,457,23,Online,PayPal,COUPONZ-09,17.48,AUD
494040,2024-03-05T15:25:41,2024-03-05,465,41,Online,Afterpay,COUPONA-9-,2.04,AUD
494090,2024-03-05T10:02:29,2024-03-05,379,19,Online,Afterpay,COUPON-9-0,8.21,AUD
494256,2024-03-05T07:13:03,2024-03-05,629,24,Online,Credit Card,COUPON99Z9,13.5,AUD
494443,2024-03-05T14:54:19,2024-03-05,485,16,Retail,Credit Card,COUPON900A,11.74,AUD
494520,2024-03-05T07:32:57,2024-03-05,626,5,Retail,Credit Card,COUPON--00,15.5,AUD
494522,2024-03-05T07:23:09,2024-03-05,565,12,Online,Credit Card,COUPON--09,9.25,AUD
494546,2024-03-05T22:41:08,2024-03-05,575,35,Retail,PayPal,COUPON00--,2.73,AUD
494560,2024-03-05T21:59:13,2024-03-05,733,48,Online,Credit Card,COUPONZ-A-,0.46,AUD
494607,2024-03-05T02:18:54,2024-03-05,724,48,Retail,PayPal,COUPON990-,8.82,AUD
494630,2024-03-05T08:35:16,2024-03-05,390,32,Online,Credit Card,COUPON9-09,5.71,AUD
494649,2024-03-05T21:01:55,2024-03-05,448,50,Online,PayPal,COUPONZ--0,2.6,AUD
494756,2024-03-05T18:15:33,2024-03-05,630,47,Retail,PayPal,COUPON-09Z,11.74,AUD
494876,2024-03-05T18:09:59,2024-03-05,571,37,Retail,Credit Card,COUPON0000,18.86,AUD
495013,2024-03-05T05:21:21,2024-03-05,405,38,Online,Afterpay,COUPONZ-Z0,17.73,AUD
495124,2024-03-05T14:52:30,2024-03-05,67,41,Online,Credit Card,COUPON9-ZA,6.41,AUD
495183,2024-03-05T01:38:09,2024-03-05,453,47,Retail,PayPal,COUPONA0-9,1.89,AUD
495248,2024-03-05T12:05:36,2024-03-05,432,34,Online,Afterpay,COUPON-90-,15.89,AUD
495319,2024-03-05T06:09:49,2024-03-05,196,43,Retail,Afterpay,COUPONA-90,13.69,AUD
495465,2024-03-05T15:35:52,2024-03-05,377,7,Retail,Credit Card,COUPONZ099,13.84,AUD
495675,2024-03-05T05:22:01,2024-03-05,126,45,Online,PayPal,COUPONZ00A,7.27,AUD
495769,2024-03-05T07:38:26,2024-03-05,10,33,Retail,Afterpay,COUPON-0--,1.58,AUD
495775,2024-03-05T20:29:35,2024-03-05,528,31,Online,Afterpay,COUPONZ90A,4.75,AUD
495778,2024-03-05T17:52:23,2024-03-05,323,3,Online,PayPal,COUPONZ990,9.0,AUD
495945,2024-03-05T01:27:28,2024-03-05,122,42,Online,PayPal,COUPON-Z00,15.42,AUD
496028,2024-03-05T06:10:46,2024-03-05,585,13,Retail,PayPal,COUPON-0Z0,3.63,AUD
496208,2024-03-05T10:38:02,2024-03-05,28,2,Retail,Afterpay,COUPONZ0AA,0.54,AUD
496579,2024-03-05T14:23:06,2024-03-05,306,17,Retail,PayPal,COUPON9-9A,4.79,AUD
496717,2024-03-05T04:42:53,2024-03-05,731,14,Online,Credit Card,COUPON9Z-9,12.02,AUD
496860,2024-03-05T13:23:08,2024-03-05,278,4,Retail,PayPal,COUPON---Z,2.58,AUD
496962,2024-03-05T16:10:03,2024-03-05,456,36,Online,Afterpay,COUPON-Z--,5.2,AUD
497005,2024-03-05T16:01:48,2024-03-05,306,25,Retail,PayPal,COUPON-99Z,16.32,AUD
497030,2024-03-05T12:54:19,2024-03-05,586,47,Retail,Credit Card,COUPON0A--,9.06,AUD
497077,2024-03-05T23:48:20,2024-03-05,71,29,Retail,Afterpay,COUPON-9-A,13.44,AUD
497087,2024-03-05T03:56:08,2024-03-05,130,27,Online,Credit Card,COUPON-Z9-,2.92,AUD
497105,2024-03-05T09:55:05,2024-03-05,716,29,Online,Afterpay,COUPON9Z--,15.81,AUD
497505,2024-03-05T22:32:57,2024-03-05,602,13,Retail,Afterpay,COUPON9-99,6.11,AUD
497802,2024-03-05T09:14:10,2024-03-05,678,32,Online,Afterpay,COUPON9A-A,2.47,AUD
497830,2024-03-05T02:24:23,2024-03-05,689,45,Online,Credit Card,COUPON-99A,3.45,AUD
497965,2024-03-05T07:39:32,2024-03-05,716,24,Online,Afterpay,COUPON--0A,5.71,AUD
498095,2024-03-05T20:52:51,2024-03-05,244,37,Retail,Afterpay,COUPONA--Z,14.42,AUD
498132,2024-03-05T03:01:01,2024-03-05,366,44,Retail,Credit Card,COUPON--AZ,15.39,AUD
498257,2024-03-05T13:04:40,2024-03-05,563,17,Online,Credit Card,COUPON90--,5.22,AUD
498364,2024-03-05T04:44:35,2024-03-05,355,9,Retail,Afterpay,COUPON-9AA,2.37,AUD
498489,2024-03-05T09:17:50,2024-03-05,190,45,Retail,PayPal,COUPONAA9-,3.96,AUD
498658,2024-03-05T17:19:21,2024-03-05,506,10,Retail,Credit Card,COUPON9-ZA,2.25,AUD
498799,2024-03-05T12:59:44,2024-03-05,743,25,Retail,PayPal,COUPON-0Z0,11.12,AUD
498801,2024-03-05T02:58:33,2024-03-05,372,24,Online,PayPal,COUPON-0--,14.33,AUD
498841,2024-03-05T20:15:55,2024-03-05,508,2,Online,Afterpay,COUPON0--A,14.99,AUD
498850,2024-03-05T05:52:25,2024-03-05,762,27,Online,PayPal,COUPON9Z-0,2.36,AUD
498950,2024-03-05T14:36:45,2024-03-05,714,34,Retail,Credit Card,COUPONAA9Z,19.38,AUD
498954,2024-03-05T21:15:51,2024-03-05,401,1,Online,PayPal,COUPONA9-0,17.4,AUD
499071,2024-03-05T11:12:53,2024-03-05,217,20,Online,Afterpay,COUPON9-9-,4.45,AUD
499255,2024-03-05T09:39:31,2024-03-05,550,45,Retail,Credit Card,COUPON--9Z,16.35,AUD
499303,2024-03-05T14:56:27,2024-03-05,503,6,Online,Afterpay,COUPON0Z-Z,7.49,AUD
499446,2024-03-05T05:22:08,2024-03-05,502,11,Online,Credit Card,COUPON9Z0Z,5.13,AUD
499656,2024-03-05T13:39:04,2024-03-05,269,45,Retail,Credit Card,COUPON9--A,13.94,AUD
499700,2024-03-05T17:33:49,2024-03-05,129,39,Retail,Afterpay,COUPONZ9Z9,3.18,AUD
499764,2024-03-05T10:56:55,2024-03-05,132,27,Online,PayPal,COUPON9-A0,18.86,AUD
499876,2024-03-05T14:11:57,2024-03-05,73,35,Retail,Credit Card,COUPON9---,17.88,AUD
499916,2024-03-05T18:02:33,2024-03-05,51,26,Online,Credit Card,COUPON0AZ9,16.59,AUD
499988,2024-03-05T15:54:22,2024-03-05,500,47,Retail,Afterpay,COUPONAAAA,12.75,AUD
500004,2024-03-05T13:29:04,2024-03-05,83,39,Online,Afterpay,COUPON---9,19.19,AUD
500008,2024-03-05T18:20:32,2024-03-05,201,25,Online,Credit Card,COUPON0-99,6.82,AUD
500022,2024-03-05T03:16:28,2024-03-05,148,2,Online,Afterpay,COUPONZ09-,0.1,AUD
500497,2024-03-05T04:25:59,2024-03-05,636,36,Retail,Afterpay,COUPON00A-,15.53,AUD
500671,2024-03-05T20:47:54,2024-03-05,171,35,Online,Credit Card,COUPON0A9A,12.86,AUD
500793,2024-03-05T05:47:31,2024-03-05,422,30,Online,Afterpay,COUPON0999,19.15,AUD
501126,2024-03-05T13:43:20,2024-03-05,722,15,Online,PayPal,COUPONAZZ0,1.48,AUD
501296,2024-03-05T21:05:56,2024-03-05,510,36,Online,Afterpay,COUPON9A99,13.75,AUD
501342,2024-03-05T12:32:11,2024-03-05,663,5,Online,PayPal,COUPON90-0,8.34,AUD
501415,2024-03-05T12:45:09,2024-03-05,669,18,Retail,Afterpay,COUPON---9,5.92,AUD
501568,2024-03-05T22:38:38,2024-03-05,463,29,Retail,Afterpay,COUPONZA-9,19.57,AUD
501600,2024-03-05T14:20:33,2024-03-05,405,9,Online,Afterpay,COUPONAZ0-,13.25,AUD
501669,2024-03-05T06:03:33,2024-03-05,706,12,Online,Afterpay,COUPON9A--,5.19,AUD
501681,2024-03-05T19:57:57,2024-03-05,495,28,Online,Credit Card,COUPON0Z-0,9.57,AUD
501740,2024-03-05T22:04:49,2024-03-05,404,45,Retail,Credit Card,COUPON9--0,18.59,AUD
501862,2024-03-05T14:10:04,2024-03-05,759,35,Retail,Credit Card,COUPONA---,14.19,AUD
501872,2024-03-05T05:13:16,2024-03-05,745,28,Online,PayPal,COUPON9-A0,10.04,AUD
501939,2024-03-05T07:18:12,2024-03-05,764,17,Retail,PayPal,COUPON99--,17.0,AUD
501945,2024-03-05T12:42:51,2024-03-05,296,17,Retail,Credit Card,COUPON--9-,13.38,AUD
502093,2024-03-05T08:11:00,2024-03-05,455,19,Online,Credit Card,COUPON0A90,3.73,AUD
502106,2024-03-05T20:21:20,2024-03-05,145,28,Retail,PayPal,COUPON9-0-,8.39,AUD
502214,2024-03-05T01:15:46,2024-03-05,385,20,Online,Afterpay,COUPONZ-Z0,0.14,AUD
502336,2024-03-05T09:25:31,2024-03-05,365,12,Online,PayPal,COUPON-A-0,11.05,AUD
502381,2024-03-05T20:36:48,2024-03-05,780,8,Online,Afterpay,COUPON-AA0,19.25,AUD
502409,2024-03-05T10:49:01,2024-03-05,404,32,Online,Credit Card,COUPONA-9A,4.38,AUD
502420,2024-03-05T13:50:33,2024-03-05,522,11,Online,Credit Card,COUPON-00-,9.83,AUD
502502,2024-03-05T05:46:18,2024-03-05,644,35,Retail,Credit Card,COUPONAA00,14.73,AUD
502678,2024-03-05T16:32:44,2024-03-05,626,18,Retail,Afterpay,COUPON9Z--,6.38,AUD
502737,2024-03-05T12:58:00,2024-03-05,156,25,Retail,Credit Card,COUPON-AA-,18.78,AUD
503036,2024-03-05T22:15:12,2024-03-05,664,48,Online,Credit Card,COUPON99-9,18.2,AUD
503079,2024-03-05T03:58:41,2024-03-05,346,47,Retail,Afterpay,COUPON-990,3.61,AUD
503166,2024-03-05T01:37:28,2024-03-05,102,13,Retail,Credit Card,COUPON09AA,15.84,AUD
503203,2024-03-05T01:53:17,2024-03-05,626,7,Retail,Afterpay,COUPON00--,10.78,AUD
503206,2024-03-05T12:04:25,2024-03-05,259,44,Online,PayPal,COUPONZ-A9,1.68,AUD
503211,2024-03-05T20:51:05,2024-03-05,178,5,Retail,PayPal,COUPON9---,18.25,AUD
503320,2024-03-05T20:54:05,2024-03-05,447,8,Online,Credit Card,COUPONA9-0,15.17,AUD
503423,2024-03-05T04:28:21,2024-03-05,230,32,Retail,Credit Card,COUPON9-A0,0.14,AUD
503428,2024-03-05T08:44:43,2024-03-05,430,4,Retail,PayPal,COUPONAZ90,17.73,AUD
503503,2024-03-05T23:40:46,2024-03-05,450,20,Online,Afterpay,COUPON09AZ,1.32,AUD
503573,2024-03-05T04:34:30,2024-03-05,568,39,Online,Afterpay,COUPON9A-0,11.91,AUD
503593,2024-03-05T02:51:35,2024-03-05,36,20,Retail,Credit Card,COUPON0---,4.0,AUD
503656,2024-03-05T15:18:19,2024-03-05,321,7,Retail,Afterpay,COUPON-9-Z,19.2,AUD
503790,2024-03-05T14:09:30,2024-03-05,570,24,Retail,PayPal,COUPON-Z-9,13.61,AUD
503933,2024-03-05T23:51:07,2024-03-05,140,31,Online,PayPal,COUPONZ09A,1.86,AUD
504078,2024-03-05T04:19:23,2024-03-05,382,40,Retail,PayPal,COUPONZ-A-,10.54,AUD
504131,2024-03-05T16:16:51,2024-03-05,115,25,Retail,Credit Card,COUPON90--,2.05,AUD
504179,2024-03-05T13:39:35,2024-03-05,716,25,Online,Credit Card,COUPONA99A,2.63,AUD
504227,2024-03-05T09:49:48,2024-03-05,785,17,Online,PayPal,COUPON---A,14.02,AUD
504277,2024-03-05T16:52:54,2024-03-05,586,39,Retail,Credit Card,COUPONZZ0A,10.93,AUD
504571,2024-03-05T06:05:38,2024-03-05,499,45,Retail,Credit Card,COUPON-AAA,10.7,AUD
504869,2024-03-05T22:55:15,2024-03-05,392,25,Retail,PayPal,COUPON9-AA,15.39,AUD
504898,2024-03-05T18:47:22,2024-03-05,177,28,Retail,PayPal,COUPON-90A,19.32,AUD
504986,2024-03-05T17:17:52,2024-03-05,193,50,Retail,Credit Card,COUPON--ZZ,11.64,AUD
504990,2024-03-05T05:47:34,2024-03-05,544,15,Retail,PayPal,COUPON--A0,1.33,AUD
505069,2024-03-05T01:20:59,2024-03-05,426,12,Online,Credit Card,COUPONA090,9.34,AUD
505183,2024-03-05T08:46:30,2024-03-05,456,39,Retail,PayPal,COUPONAA9A,14.95,AUD
505298,2024-03-05T06:29:22,2024-03-05,330,11,Online,Afterpay,COUPONZ0ZZ,14.78,AUD
505356,2024-03-05T19:23:33,2024-03-05,537,11,Online,Afterpay,COUPONZ0Z-,0.03,AUD
505408,2024-03-05T21:31:14,2024-03-05,537,1,Online,Afterpay,COUPONZ-A-,9.23,AUD
505412,2024-03-05T08:05:31,2024-03-05,153,36,Online,Credit Card,COUPONA-A-,7.82,AUD
505446,2024-03-05T18:52:42,2024-03-05,595,8,Online,Credit Card,COUPON99AA,12.12,AUD
505486,2024-03-05T00:02:02,2024-03-05,631,24,Retail,Credit Card,COUPON-Z--,9.16,AUD
505519,2024-03-05T01:08:30,2024-03-05,677,20,Online,Afterpay,COUPONZ-A9,11.11,AUD
505552,2024-03-05T15:09:30,2024-03-05,432,3,Online,Afterpay,COUPON99-A,4.95,AUD
505740,2024-03-05T20:40:40,2024-03-05,387,2,Retail,PayPal,COUPON-9AZ,8.11,AUD
505780,2024-03-05T04:54:18,2024-03-05,666,32,Retail,PayPal,COUPON-A--,4.27,AUD
505942,2024-03-05T18:00:30,2024-03-05,513,16,Retail,Credit Card,COUPON-Z--,17.13,AUD
506196,2024-03-05T01:30:10,2024-03-05,544,26,Online,Afterpay,COUPON-999,0.0,AUD
506240,2024-03-05T00:59:08,2024-03-05,199,26,Online,Afterpay,COUPON--9A,18.09,AUD
506259,2024-03-05T11:14:17,2024-03-05,180,32,Online,Afterpay,COUPON--ZZ,3.95,AUD
506570,2024-03-05T17:42:17,2024-03-05,220,3,Retail,Afterpay,COUPON9-A9,14.64,AUD
506619,2024-03-05T19:12:07,2024-03-05,494,46,Online,Afterpay,COUPON-0-A,11.99,AUD
506628,2024-03-05T18:52:27,2024-03-05,487,42,Retail,Credit Card,COUPON9ZZ-,2.32,AUD
506639,2024-03-05T09:22:37,2024-03-05,392,23,Online,PayPal,COUPON090-,4.04,AUD
506672,2024-03-05T04:45:23,2024-03-05,730,38,Online,Credit Card,COUPON-909,19.96,AUD
506843,2024-03-05T21:50:56,2024-03-05,77,19,Retail,Credit Card,COUPON-A-Z,13.95,AUD
506961,2024-03-05T05:35:05,2024-03-05,441,43,Retail,Credit Card,COUPON---A,18.38,AUD
507443,2024-03-05T11:27:58,2024-03-05,645,22,Retail,PayPal,COUPON-A99,8.05,AUD
507479,2024-03-05T12:15:47,2024-03-05,206,23,Retail,Credit Card,COUPONZ-A9,18.25,AUD
507511,2024-03-05T02:52:52,2024-03-05,127,31,Retail,Credit Card,COUPONA0--,11.33,AUD
507569,2024-03-05T10:32:17,2024-03-05,736,35,Retail,Credit Card,COUPON-ZZ-,14.02,AUD
507582,2024-03-05T15:52:54,2024-03-05,799,34,Retail,PayPal,COUPON9A-A,8.81,AUD
507590,2024-03-05T07:36:51,2024-03-05,754,30,Online,Afterpay,COUPONZ00-,9.28,AUD
507646,2024-03-05T06:06:40,2024-03-05,64,3,Online,Afterpay,COUPON---9,4.44,AUD
507880,2024-03-05T18:19:53,2024-03-05,497,31,Online,Credit Card,COUPONA0A0,0.14,AUD
507892,2024-03-05T23:29:14,2024-03-05,721,13,Online,Credit Card,COUPONZ-9A,1.07,AUD
507902,2024-03-05T08:28:45,2024-03-05,581,40,Online,PayPal,COUPON-0-0,11.3,AUD
507980,2024-03-05T14:39:57,2024-03-05,335,7,Retail,Afterpay,COUPON-90Z,13.71,AUD
507989,2024-03-05T18:16:05,2024-03-05,775,31,Retail,Afterpay,COUPON99-Z,0.58,AUD
508154,2024-03-05T06:23:10,2024-03-05,91,38,Retail,Credit Card,COUPON0A9A,7.19,AUD
508258,2024-03-05T06:54:54,2024-03-05,563,13,Retail,Afterpay,COUPONA-Z-,12.86,AUD
508359,2024-03-05T03:24:29,2024-03-05,506,42,Retail,Credit Card,COUPON---9,13.49,AUD
508392,2024-03-05T01:16:50,2024-03-05,276,44,Online,Credit Card,COUPON09ZA,3.65,AUD
508400,2024-03-05T20:59:52,2024-03-05,776,16,Retail,PayPal,COUPON----,12.05,AUD
508424,2024-03-05T10:52:52,2024-03-05,501,47,Retail,Credit Card,COUPONA--A,18.66,AUD
508427,2024-03-05T03:15:06,2024-03-05,558,9,Retail,Credit Card,COUPON9Z-Z,8.02,AUD
508461,2024-03-05T21:56:37,2024-03-05,743,30,Retail,PayPal,COUPON9A--,6.03,AUD
508467,2024-03-05T05:57:17,2024-03-05,763,15,Online,Credit Card,COUPONZ---,7.79,AUD
508507,2024-03-05T16:39:07,2024-03-05,398,37,Retail,Afterpay,COUPONA--0,16.85,AUD
508665,2024-03-05T09:51:19,2024-03-05,26,2,Online,Credit Card,COUPON00A9,0.46,AUD
508681,2024-03-05T11:56:50,2024-03-05,790,36,Online,Credit Card,COUPONA-9Z,7.47,AUD
508798,2024-03-05T23:05:30,2024-03-05,81,47,Retail,PayPal,COUPONZ--Z,15.84,AUD
508959,2024-03-05T14:04:06,2024-03-05,97,27,Retail,Afterpay,COUPONZAA-,12.86,AUD
509062,2024-03-05T06:58:36,2024-03-05,479,28,Retail,PayPal,COUPON-999,2.51,AUD
509177,2024-03-05T03:10:56,2024-03-05,421,9,Online,PayPal,COUPON-A--,7.47,AUD
509255,2024-03-05T17:59:33,2024-03-05,323,12,Retail,Afterpay,COUPON-9--,4.99,AUD
509315,2024-03-05T01:52:42,2024-03-05,692,46,Online,Afterpay,COUPONZA09,12.53,AUD
509399,2024-03-05T02:19:42,2024-03-05,758,2,Online,Credit Card,COUPON-90A,12.64,AUD
509520,2024-03-05T19:40:02,2024-03-05,575,15,Retail,Afterpay,COUPON9-Z-,19.46,AUD
509542,2024-03-05T18:04:28,2024-03-05,646,44,Retail,Credit Card,COUPON--90,17.08,AUD
509618,2024-03-05T16:06:29,2024-03-05,743,32,Online,Credit Card,COUPON-9-A,5.55,AUD
509620,2024-03-05T15:45:21,2024-03-05,167,35,Online,Credit Card,COUPON-A9A,14.17,AUD
509630,2024-03-05T18:53:07,2024-03-05,57,45,Online,Credit Card,COUPON-9-Z,4.57,AUD
509711,2024-03-05T00:16:04,2024-03-05,794,25,Retail,Credit Card,COUPON0AA-,14.44,AUD
509930,2024-03-05T18:06:59,2024-03-05,170,20,Online,PayPal,COUPONA0A0,1.86,AUD
510012,2024-03-05T17:38:32,2024-03-05,756,25,Retail,Credit Card,COUPONZ9Z-,15.14,AUD
510021,2024-03-05T06:30:09,2024-03-05,576,49,Retail,Credit Card,COUPONA-A0,12.33,AUD
510038,2024-03-05T04:19:17,2024-03-05,741,50,Retail,Credit Card,COUPONZA--,5.85,AUD
510066,2024-03-05T23:40:51,2024-03-05,574,11,Online,Afterpay,COUPONAZZ-,9.02,AUD
510162,2024-03-05T08:26:05,2024-03-05,703,18,Online,PayPal,COUPON-Z-0,5.96,AUD
510206,2024-03-05T13:56:31,2024-03-05,719,16,Online,Credit Card,COUPON9ZZA,13.51,AUD
510275,2024-03-05T08:50:29,2024-03-05,225,25,Retail,Afterpay,COUPONAAA-,13.45,AUD
510277,2024-03-05T16:22:53,2024-03-05,632,46,Online,PayPal,COUPONZA--,18.18,AUD
510449,2024-03-05T04:21:47,2024-03-05,101,42,Retail,Credit Card,COUPONZ909,18.76,AUD
510597,2024-03-05T07:13:48,2024-03-05,321,1,Online,Credit Card,COUPON0--9,12.4,AUD
510752,2024-03-05T18:53:01,2024-03-05,676,36,Online,PayPal,COUPON9--A,6.59,AUD
510783,2024-03-05T05:42:31,2024-03-05,461,21,Online,Credit Card,COUPON-0AA,7.79,AUD
510840,2024-03-05T09:05:08,2024-03-05,454,27,Online,PayPal,COUPONA-90,17.27,AUD
510849,2024-03-05T22:33:08,2024-03-05,200,38,Retail,PayPal,COUPON-ZA9,13.31,AUD
510958,2024-03-05T20:06:28,2024-03-05,179,25,Retail,Afterpay,COUPON999A,19.38,AUD
511001,2024-03-05T13:16:54,2024-03-05,440,39,Retail,Credit Card,COUPONAA0-,18.41,AUD
511067,2024-03-05T16:21:04,2024-03-05,103,17,Retail,Credit Card,COUPONZZ9Z,8.81,AUD
511070,2024-03-05T19:08:47,2024-03-05,408,45,Retail,Afterpay,COUPON909-,17.31,AUD
511075,2024-03-05T23:18:40,2024-03-05,309,45,Retail,Afterpay,COUPON--0-,7.05,AUD
511152,2024-03-05T23:27:44,2024-03-05,104,1,Retail,Afterpay,COUPONZ9Z9,17.93,AUD
511168,2024-03-05T07:26:00,2024-03-05,149,12,Online,Credit Card,COUPONZ990,16.56,AUD
511186,2024-03-05T03:43:34,2024-03-05,217,28,Online,PayPal,COUPON-0-9,16.28,AUD
511383,2024-03-05T21:18:20,2024-03-05,625,23,Online,Credit Card,COUPON-090,6.26,AUD
511440,2024-03-05T11:07:13,2024-03-05,617,15,Retail,Credit Card,COUPONA--Z,7.08,AUD
511475,2024-03-05T09:14:40,2024-03-05,306,29,Online,PayPal,COUPON0ZA-,14.43,AUD
511494,2024-03-05T08:44:35,2024-03-05,19,21,Online,PayPal,COUPONAA-A,6.83,AUD
511586,2024-03-05T03:24:38,2024-03-05,557,22,Retail,PayPal,COUPON0AA0,2.97,AUD
511632,2024-03-05T12:29:55,2024-03-05,452,47,Online,Credit Card,COUPON-0-0,10.67,AUD
511763,2024-03-05T10:21:09,2024-03-05,211,39,Online,PayPal,COUPON---0,5.52,AUD
511769,2024-03-05T08:54:49,2024-03-05,653,32,Retail,PayPal,COUPON9AA-,9.98,AUD
511822,2024-03-05T00:35:27,2024-03-05,424,13,Retail,Afterpay,COUPONA99-,16.28,AUD
511852,2024-03-05T23:54:10,2024-03-05,585,15,Retail,PayPal,COUPON9-0Z,16.86,AUD
511854,2024-03-05T14:35:39,2024-03-05,52,50,Online,Afterpay,COUPONZ--9,12.19,AUD
511880,2024-03-05T01:11:51,2024-03-05,449,15,Retail,Credit Card,COUPONA9A0,15.38,AUD
511939,2024-03-05T13:39:15,2024-03-05,721,35,Retail,PayPal,COUPON0Z09,3.39,AUD
511970,2024-03-05T12:43:50,2024-03-05,541,14,Retail,Afterpay,COUPON-99-,13.64,AUD
512153,2024-03-05T07:28:19,2024-03-05,788,12,Online,Afterpay,COUPONZAZA,4.99,AUD
512159,2024-03-05T20:06:51,2024-03-05,458,47,Retail,Credit Card,COUPONZAZ-,10.91,AUD
512229,2024-03-05T20:01:29,2024-03-05,221,24,Retail,PayPal,COUPON099-,2.02,AUD
512367,2024-03-05T23:02:59,2024-03-05,200,32,Retail,PayPal,COUPON9Z00,6.87,AUD
512373,2024-03-05T13:33:19,2024-03-05,372,46,Retail,PayPal,COUPON-9-Z,0.3,AUD
512377,2024-03-05T15:07:04,2024-03-05,208,9,Online,Credit Card,COUPON--9-,13.95,AUD
512384,2024-03-05T02:12:16,2024-03-05,213,14,Retail,PayPal,COUPON9ZA-,15.42,AUD
512418,2024-03-05T19:26:38,2024-03-05,268,15,Online,Credit Card,COUPON909Z,19.02,AUD
512429,2024-03-05T20:00:00,2024-03-05,35,37,Retail,PayPal,COUPONZ9-9,18.82,AUD
512680,2024-03-05T14:49:08,2024-03-05,72,30,Online,PayPal,COUPONZZA9,2.63,AUD
512688,2024-03-05T11:55:32,2024-03-05,64,33,Retail,Credit Card,COUPON90-9,2.7,AUD
512805,2024-03-05T19:54:02,2024-03-05,475,47,Online,PayPal,COUPON--Z9,0.1,AUD
512866,2024-03-05T00:56:13,2024-03-05,429,3,Retail,PayPal,COUPON--9-,3.37,AUD
512869,2024-03-05T01:00:04,2024-03-05,337,15,Online,Afterpay,COUPONZ09Z,19.63,AUD
512904,2024-03-05T07:07:38,2024-03-05,376,6,Online,Credit Card,COUPON-09-,7.46,AUD
512951,2024-03-05T11:01:52,2024-03-05,43,23,Retail,PayPal,COUPON0-0-,10.92,AUD
513056,2024-03-05T21:56:10,2024-03-05,795,8,Online,Afterpay,COUPON-9Z0,3.81,AUD
513074,2024-03-05T16:32:34,2024-03-05,733,5,Online,Credit Card,COUPON0--0,18.39,AUD
513222,2024-03-05T21:03:39,2024-03-05,543,37,Retail,PayPal,COUPON-9AA,13.86,AUD
513274,2024-03-05T04:19:14,2024-03-05,585,22,Online,PayPal,COUPON-0--,6.89,AUD
513402,2024-03-05T14:14:25,2024-03-05,565,45,Retail,PayPal,COUPON0AA-,10.29,AUD
513428,2024-03-05T09:05:53,2024-03-05,290,32,Retail,Afterpay,COUPONAZZ0,9.81,AUD
513543,2024-03-05T22:43:33,2024-03-05,758,46,Retail,Afterpay,COUPON90-Z,17.84,AUD
513579,2024-03-05T09:20:14,2024-03-05,367,46,Online,PayPal,COUPON9999,15.62,AUD
513629,2024-03-05T14:43:22,2024-03-05,509,24,Online,PayPal,COUPON-ZA9,6.57,AUD
513865,2024-03-05T17:22:15,2024-03-05,222,34,Retail,Credit Card,COUPONA0-0,6.01,AUD
513866,2024-03-05T14:58:47,2024-03-05,334,19,Retail,PayPal,COUPON---A,1.86,AUD
513993,2024-03-05T12:14:01,2024-03-05,584,20,Retail,Afterpay,COUPON0AA-,9.28,AUD
514285,2024-03-05T02:53:13,2024-03-05,656,33,Retail,PayPal,COUPON-0-Z,19.24,AUD
514352,2024-03-05T02:06:43,2024-03-05,56,23,Online,Afterpay,COUPON----,1.93,AUD
514397,2024-03-05T22:04:02,2024-03-05,256,26,Online,Credit Card,COUPON0AAZ,16.05,AUD
514407,2024-03-05T03:21:27,2024-03-05,172,12,Retail,PayPal,COUPON-9-9,9.84,AUD
514423,2024-03-05T01:03:02,2024-03-05,642,15,Retail,Afterpay,COUPON0ZAA,13.68,AUD
514494,2024-03-05T08:41:58,2024-03-05,447,5,Online,Afterpay,COUPON00Z0,18.81,AUD
514608,2024-03-05T17:30:32,2024-03-05,515,32,Retail,Credit Card,COUPON9Z-Z,12.74,AUD
514732,2024-03-05T01:50:32,2024-03-05,459,48,Retail,Afterpay,COUPON9-9-,13.42,AUD
514817,2024-03-05T17:09:52,2024-03-05,576,22,Retail,PayPal,COUPON0--9,3.32,AUD
514878,2024-03-05T03:18:45,2024-03-05,729,50,Retail,Afterpay,COUPON0Z0Z,11.24,AUD
514883,2024-03-05T05:39:36,2024-03-05,75,2,Online,PayPal,COUPONZZ--,16.99,AUD
515023,2024-03-05T04:12:20,2024-03-05,611,44,Online,Credit Card,COUPON----,18.47,AUD
515048,2024-03-05T15:24:35,2024-03-05,135,38,Retail,PayPal,COUPON-AAZ,15.99,AUD
515094,2024-03-05T23:10:53,2024-03-05,136,31,Retail,Afterpay,COUPON-00-,17.64,AUD
515112,2024-03-05T10:25:35,2024-03-05,441,22,Online,PayPal,COUPONA0A-,17.58,AUD
515159,2024-03-05T08:48:53,2024-03-05,367,13,Online,Credit Card,COUPON----,14.31,AUD
515211,2024-03-05T09:31:20,2024-03-05,411,22,Retail,Credit Card,COUPON-99-,18.09,AUD
515299,2024-03-05T21:55:08,2024-03-05,405,47,Retail,Credit Card,COUPON-Z9-,17.84,AUD
515307,2024-03-05T01:46:11,2024-03-05,23,23,Retail,Afterpay,COUPONZ0A0,5.36,AUD
515311,2024-03-05T02:42:26,2024-03-05,758,40,Online,PayPal,COUPON-0AZ,14.23,AUD
515320,2024-03-05T13:05:41,2024-03-05,717,35,Retail,Credit Card,COUPON0-A9,6.56,AUD
515391,2024-03-05T22:18:21,2024-03-05,393,39,Retail,Credit Card,COUPON-ZAA,1.26,AUD
515463,2024-03-05T12:07:42,2024-03-05,352,13,Online,Credit Card,COUPON-9-A,17.31,AUD
515464,2024-03-05T00:25:19,2024-03-05,370,42,Retail,PayPal,COUPON9A0A,5.36,AUD
515501,2024-03-05T17:32:34,2024-03-05,149,13,Online,PayPal,COUPONA-AZ,3.9,AUD
515544,2024-03-05T21:31:26,2024-03-05,257,7,Online,PayPal,COUPONA-9-,0.98,AUD
515574,2024-03-05T06:27:44,2024-03-05,24,32,Online,Afterpay,COUPONZ-90,10.16,AUD
515583,2024-03-05T17:51:39,2024-03-05,231,39,Online,Credit Card,COUPON--9-,8.52,AUD
515637,2024-03-05T13:34:39,2024-03-05,150,13,Online,Afterpay,COUPON9ZA-,12.92,AUD
515872,2024-03-05T05:35:32,2024-03-05,99,11,Online,Afterpay,COUPON0ZA-,18.44,AUD
515917,2024-03-05T17:00:10,2024-03-05,52,16,Retail,PayPal,COUPONA00-,19.97,AUD
515930,2024-03-05T19:47:52,2024-03-05,152,18,Online,Credit Card,COUPON9-09,5.0,AUD
515933,2024-03-05T15:15:56,2024-03-05,781,39,Online,PayPal,COUPON-0ZZ,12.94,AUD
515953,2024-03-05T18:01:58,2024-03-05,747,43,Online,Credit Card,COUPON---Z,12.11,AUD
515999,2024-03-05T22:56:55,2024-03-05,104,46,Retail,PayPal,COUPON9Z-9,6.9,AUD
516058,2024-03-05T07:54:05,2024-03-05,332,49,Online,PayPal,COUPONZA-9,12.96,AUD
516215,2024-03-05T21:14:05,2024-03-05,747,22,Retail,Afterpay,COUPONZZ0A,5.73,AUD
516354,2024-03-05T22:56:07,2024-03-05,237,47,Retail,Afterpay,COUPONAZ--,2.4,AUD
516664,2024-03-05T21:10:17,2024-03-05,451,39,Online,PayPal,COUPONZZA0,18.95,AUD
516675,2024-03-05T02:32:17,2024-03-05,771,5,Online,Credit Card,COUPON9Z9-,16.46,AUD
516678,2024-03-05T19:28:11,2024-03-05,222,48,Online,Afterpay,COUPON9Z0-,13.08,AUD
516725,2024-03-05T04:50:30,2024-03-05,530,41,Online,Credit Card,COUPON00-9,11.47,AUD
516909,2024-03-05T03:04:41,2024-03-05,682,19,Retail,Afterpay,COUPON---0,6.27,AUD
517303,2024-03-05T17:48:27,2024-03-05,394,47,Retail,Credit Card,COUPONA9ZZ,6.58,AUD
517313,2024-03-05T22:40:42,2024-03-05,216,16,Retail,PayPal,COUPON0-0-,13.66,AUD
517341,2024-03-05T10:10:26,2024-03-05,107,44,Online,Credit Card,COUPON0-0Z,11.81,AUD
517394,2024-03-05T15:35:12,2024-03-05,629,4,Online,Credit Card,COUPON-Z00,8.88,AUD
517602,2024-03-05T14:24:47,2024-03-05,637,12,Online,Afterpay,COUPONAZ0A,13.4,AUD
517623,2024-03-05T13:33:22,2024-03-05,747,45,Retail,PayPal,COUPON90Z-,13.54,AUD
517638,2024-03-05T07:46:01,2024-03-05,150,7,Retail,PayPal,COUPON-Z-Z,5.09,AUD
517744,2024-03-05T21:39:51,2024-03-05,234,48,Retail,Credit Card,COUPON0A-0,0.17,AUD
517862,2024-03-05T19:24:30,2024-03-05,796,41,Retail,Credit Card,COUPON-Z-A,4.59,AUD
518033,2024-03-05T11:26:38,2024-03-05,538,37,Retail,Credit Card,COUPONZA00,18.33,AUD
518070,2024-03-05T18:55:44,2024-03-05,795,2,Online,Afterpay,COUPONA--0,2.02,AUD
518178,2024-03-05T04:56:09,2024-03-05,718,42,Online,Credit Card,COUPON0--9,0.95,AUD
518208,2024-03-05T05:06:42,2024-03-05,498,47,Retail,PayPal,COUPON9--Z,19.74,AUD
518299,2024-03-05T05:52:47,2024-03-05,300,7,Online,Afterpay,COUPON-Z9A,7.24,AUD
518326,2024-03-05T13:58:15,2024-03-05,207,32,Retail,Credit Card,COUPONZ09-,15.17,AUD
518335,2024-03-05T20:28:54,2024-03-05,375,17,Online,PayPal,COUPONZ-AZ,19.09,AUD
518505,2024-03-05T15:01:02,2024-03-05,517,2,Online,Credit Card,COUPON-A00,13.43,AUD
518722,2024-03-05T14:07:40,2024-03-05,25,20,Retail,PayPal,COUPONA909,14.79,AUD
518863,2024-03-05T11:08:24,2024-03-05,602,18,Retail,Credit Card,COUPON-Z99,14.22,AUD
518949,2024-03-05T18:19:04,2024-03-05,404,43,Retail,Afterpay,COUPON0A99,17.48,AUD
518966,2024-03-05T20:38:00,2024-03-05,49,46,Online,Credit Card,COUPON--09,7.73,AUD
518983,2024-03-05T11:00:21,2024-03-05,640,11,Online,PayPal,COUPONA90A,12.67,AUD
519027,2024-03-05T17:41:45,2024-03-05,404,27,Online,Afterpay,COUPONZZAA,8.97,AUD
519043,2024-03-05T04:25:49,2024-03-05,5,29,Retail,Credit Card,COUPON-0Z9,5.85,AUD
519100,2024-03-05T19:58:24,2024-03-05,117,26,Online,PayPal,COUPONA-0-,8.48,AUD
519112,2024-03-05T17:57:38,2024-03-05,762,26,Retail,Afterpay,COUPONAZAA,12.31,AUD
519207,2024-03-05T07:05:10,2024-03-05,192,40,Online,Afterpay,COUPONA---,4.8,AUD
519329,2024-03-05T03:53:03,2024-03-05,619,9,Online,PayPal,COUPON-99-,16.93,AUD
519407,2024-03-05T20:28:08,2024-03-05,675,7,Retail,Credit Card,COUPON00-9,10.45,AUD
519421,2024-03-05T05:00:11,2024-03-05,288,6,Online,PayPal,COUPON-Z-9,2.22,AUD
519442,2024-03-05T19:46:57,2024-03-05,675,12,Retail,PayPal,COUPON0-Z-,6.84,AUD
519538,2024-03-05T13:04:32,2024-03-05,5,32,Retail,Credit Card,COUPON9Z-A,10.01,AUD
519546,2024-03-05T18:35:03,2024-03-05,185,12,Retail,PayPal,COUPONZ--0,0.72,AUD
519572,2024-03-05T06:49:52,2024-03-05,433,3,Retail,Credit Card,COUPONAZ0Z,18.98,AUD
519619,2024-03-05T10:17:32,2024-03-05,85,31,Retail,Afterpay,COUPON-A-Z,8.02,AUD
519739,2024-03-05T20:30:30,2024-03-05,206,11,Retail,Afterpay,COUPON09-Z,3.65,AUD
519791,2024-03-05T23:32:55,2024-03-05,658,19,Retail,Afterpay,COUPONA--0,4.62,AUD
519816,2024-03-05T23:41:10,2024-03-05,441,4,Retail,PayPal,COUPON--9Z,8.78,AUD
519882,2024-03-05T13:26:01,2024-03-05,648,34,Online,Credit Card,COUPON9-9-,7.83,AUD
519933,2024-03-05T00:17:17,2024-03-05,184,17,Online,Credit Card,COUPONZ-0-,11.28,AUD
520007,2024-03-05T02:21:02,2024-03-05,274,37,Retail,Afterpay,COUPON9--Z,3.63,AUD
520128,2024-03-05T07:43:53,2024-03-05,418,49,Retail,PayPal,COUPON-Z-A,6.33,AUD
520323,2024-03-05T21:37:16,2024-03-05,25,38,Online,Credit Card,COUPON-Z-A,0.13,AUD
520399,2024-03-05T20:06:18,2024-03-05,727,21,Retail,Credit Card,COUPON9A--,8.81,AUD
520451,2024-03-05T17:59:02,2024-03-05,253,2,Retail,Credit Card,COUPON-Z0-,5.28,AUD
520467,2024-03-05T13:38:28,2024-03-05,330,37,Retail,PayPal,COUPONZA0-,7.36,AUD
520469,2024-03-05T03:07:52,2024-03-05,658,7,Retail,Credit Card,COUPONZ909,0.42,AUD
520557,2024-03-05T17:45:10,2024-03-05,738,13,Retail,PayPal,COUPON0--9,6.76,AUD
520628,2024-03-05T07:30:51,2024-03-05,123,5,Online,Credit Card,COUPONA9--,9.59,AUD
520770,2024-03-05T20:26:53,2024-03-05,144,1,Retail,PayPal,COUPON-A-Z,11.38,AUD
520900,2024-03-05T22:43:34,2024-03-05,719,22,Online,Afterpay,COUPON9ZA9,4.76,AUD
520977,2024-03-05T14:42:26,2024-03-05,552,35,Online,Credit Card,COUPON---A,12.31,AUD
521005,2024-03-05T10:30:31,2024-03-05,435,21,Retail,PayPal,COUPON900A,1.01,AUD
521009,2024-03-05T06:14:26,2024-03-05,528,6,Online,Credit Card,COUPON0AA-,0.64,AUD
521076,2024-03-05T08:27:12,2024-03-05,179,19,Retail,Afterpay,COUPONZA-0,1.69,AUD
521109,2024-03-05T00:35:29,2024-03-05,556,38,Online,PayPal,COUPON-A9A,14.95,AUD
521120,2024-03-05T02:22:40,2024-03-05,77,15,Retail,Credit Card,COUPON9--0,15.58,AUD
521471,2024-03-05T01:33:50,2024-03-05,89,23,Online,PayPal,COUPON-9Z-,6.18,AUD
521516,2024-03-05T09:56:03,2024-03-05,788,34,Online,PayPal,COUPON--A-,10.42,AUD
521532,2024-03-05T11:37:03,2024-03-05,742,5,Retail,Credit Card,COUPON99A0,5.83,AUD
521642,2024-03-05T02:31:44,2024-03-05,643,35,Retail,Credit Card,COUPONZZAA,10.25,AUD
521707,2024-03-05T16:43:58,2024-03-05,640,5,Online,PayPal,COUPON-0-9,15.19,AUD
521788,2024-03-05T07:17:59,2024-03-05,389,25,Retail,Credit Card,COUPON9AA0,8.34,AUD
521851,2024-03-05T01:14:16,2024-03-05,516,18,Retail,Credit Card,COUPON9A-9,15.53,AUD
521923,2024-03-05T19:37:07,2024-03-05,770,25,Online,PayPal,COUPON0-Z-,8.31,AUD
521988,2024-03-05T00:26:16,2024-03-05,682,40,Online,Credit Card,COUPONAAZZ,2.93,AUD
522114,2024-03-05T05:08:54,2024-03-05,472,23,Retail,Afterpay,COUPON0A-A,18.55,AUD
522115,2024-03-05T12:24:29,2024-03-05,140,32,Retail,PayPal,COUPON9A-A,15.68,AUD
522292,2024-03-05T10:43:10,2024-03-05,366,44,Retail,Afterpay,COUPON-ZZZ,14.91,AUD
522395,2024-03-05T01:31:22,2024-03-05,781,29,Online,Credit Card,COUPONAZ9Z,0.94,AUD
522455,2024-03-05T08:49:23,2024-03-05,699,11,Online,Afterpay,COUPONZZ90,18.32,AUD
522660,2024-03-05T08:37:49,2024-03-05,559,11,Online,Credit Card,COUPON0A9A,4.13,AUD
522668,2024-03-05T11:50:30,2024-03-05,470,14,Online,PayPal,COUPON-99Z,6.73,AUD
522749,2024-03-05T14:09:00,2024-03-05,444,12,Online,Afterpay,COUPON9Z09,0.4,AUD
522832,2024-03-05T14:38:12,2024-03-05,723,32,Retail,Afterpay,COUPON9--Z,0.28,AUD
522911,2024-03-05T22:10:48,2024-03-05,468,2,Online,Credit Card,COUPONZ-9-,5.59,AUD
523227,2024-03-05T12:19:06,2024-03-05,155,32,Retail,Afterpay,COUPON-99-,1.53,AUD
523307,2024-03-05T05:43:19,2024-03-05,111,47,Retail,Afterpay,COUPON990A,14.72,AUD
523311,2024-03-05T08:01:58,2024-03-05,39,27,Retail,Credit Card,COUPONA-9-,2.21,AUD
523330,2024-03-05T01:49:40,2024-03-05,212,3,Online,PayPal,COUPON9-00,11.0,AUD
523372,2024-03-05T04:55:48,2024-03-05,693,24,Retail,PayPal,COUPONA-A9,12.74,AUD
523504,2024-03-05T22:20:09,2024-03-05,192,7,Online,Credit Card,COUPON---Z,15.2,AUD
523796,2024-03-05T11:21:28,2024-03-05,231,31,Online,Credit Card,COUPON9A09,7.87,AUD
523810,2024-03-05T22:07:53,2024-03-05,698,37,Retail,Credit Card,COUPONZ-Z0,5.45,AUD
524027,2024-03-05T20:43:41,2024-03-05,128,46,Retail,Credit Card,COUPONZA--,15.48,AUD
524445,2024-03-05T13:44:21,2024-03-05,788,6,Online,Credit Card,COUPONZ0-0,12.0,AUD
524696,2024-03-05T17:58:19,2024-03-05,752,50,Online,PayPal,COUPON--A-,0.24,AUD
524862,2024-03-05T21:20:44,2024-03-05,576,26,Online,PayPal,COUPON9-Z-,1.2,AUD
524930,2024-03-05T05:47:54,2024-03-05,103,3,Retail,PayPal,COUPONZ00A,2.68,AUD
524971,2024-03-05T01:07:54,2024-03-05,228,2,Online,Credit Card,COUPON--90,7.01,AUD
525024,2024-03-05T20:15:37,2024-03-05,442,50,Retail,Credit Card,COUPON9-AA,7.48,AUD
525052,2024-03-05T02:26:52,2024-03-05,441,47,Retail,Afterpay,COUPON9-A-,4.83,AUD
525079,2024-03-05T22:54:55,2024-03-05,469,16,Online,Credit Card,COUPONZ-ZZ,15.6,AUD
525125,2024-03-05T14:22:52,2024-03-05,614,12,Retail,Credit Card,COUPONZ9--,16.75,AUD
525293,2024-03-05T14:53:07,2024-03-05,230,11,Retail,PayPal,COUPON9AA-,13.12,AUD
525304,2024-03-05T01:26:57,2024-03-05,785,37,Retail,Credit Card,COUPONA9-A,19.01,AUD
525310,2024-03-05T10:16:50,2024-03-05,595,47,Retail,Afterpay,COUPON0-Z9,14.42,AUD
525401,2024-03-05T08:58:29,2024-03-05,247,7,Online,PayPal,COUPONZA0Z,15.63,AUD
525533,2024-03-05T14:30:43,2024-03-05,541,16,Online,PayPal,COUPONZZ-A,0.28,AUD
525787,2024-03-05T09:55:01,2024-03-05,587,28,Retail,Credit Card,COUPON0AZ0,13.45,AUD
525864,2024-03-05T10:07:29,2024-03-05,323,34,Online,Afterpay,COUPON9909,10.44,AUD
525867,2024-03-05T20:08:18,2024-03-05,190,17,Retail,Credit Card,COUPON-Z-9,5.66,AUD
525890,2024-03-05T12:13:08,2024-03-05,468,46,Retail,PayPal,COUPON-909,6.03,AUD
526116,2024-03-05T15:53:08,2024-03-05,450,40,Retail,Afterpay,COUPONZ0A-,2.25,AUD
526256,2024-03-05T14:39:07,2024-03-05,763,46,Retail,Afterpay,COUPON0-A0,10.2,AUD
526483,2024-03-05T04:33:04,2024-03-05,183,5,Online,PayPal,COUPON9-9A,16.33,AUD
526491,2024-03-05T06:31:01,2024-03-05,194,12,Online,PayPal,COUPON-9A-,17.4,AUD
526644,2024-03-05T08:53:03,2024-03-05,774,42,Online,Afterpay,COUPONA-AA,15.58,AUD
526826,2024-03-05T07:09:01,2024-03-05,190,41,Retail,Afterpay,COUPON-ZA-,3.1,AUD
526948,2024-03-05T08:50:26,2024-03-05,129,40,Retail,Credit Card,COUPON9Z-0,1.09,AUD
526967,2024-03-05T05:11:40,2024-03-05,256,35,Online,Afterpay,COUPON9-AA,5.51,AUD
527171,2024-03-05T08:54:19,2024-03-05,675,21,Retail,PayPal,COUPON9-Z0,16.01,AUD
527184,2024-03-05T12:40:17,2024-03-05,702,49,Online,PayPal,COUPON-0A0,7.47,AUD
527402,2024-03-05T12:43:19,2024-03-05,271,44,Online,Afterpay,COUPON--9A,7.95,AUD
527431,2024-03-05T14:51:18,2024-03-05,259,21,Online,Afterpay,COUPON-9--,9.85,AUD
527466,2024-03-05T01:24:23,2024-03-05,152,19,Retail,PayPal,COUPON-Z9Z,6.99,AUD
527564,2024-03-05T12:15:03,2024-03-05,22,31,Retail,PayPal,COUPON909Z,19.9,AUD
527632,2024-03-05T08:27:10,2024-03-05,631,22,Online,PayPal,COUPON0ZAZ,16.65,AUD
527694,2024-03-05T04:07:12,2024-03-05,13,1,Retail,Afterpay,COUPONA0Z9,17.61,AUD
528058,2024-03-05T22:09:19,2024-03-05,357,36,Retail,PayPal,COUPON00ZA,11.11,AUD
528172,2024-03-05T06:50:06,2024-03-05,582,47,Online,Afterpay,COUPONAZ-A,13.79,AUD
528196,2024-03-05T15:10:50,2024-03-05,310,2,Online,Afterpay,COUPON0-Z0,7.53,AUD
528220,2024-03-05T04:26:47,2024-03-05,624,41,Retail,Afterpay,COUPON09-Z,5.27,AUD
528264,2024-03-05T20:38:46,2024-03-05,680,20,Retail,Credit Card,COUPON-A9Z,18.76,AUD
528364,2024-03-05T15:45:29,2024-03-05,57,1,Online,Credit Card,COUPONA0--,16.28,AUD
528490,2024-03-05T02:09:02,2024-03-05,524,2,Online,PayPal,COUPON0-90,8.68,AUD
528494,2024-03-05T19:54:53,2024-03-05,605,9,Retail,Afterpay,COUPONAZ0A,8.21,AUD
528573,2024-03-05T19:26:16,2024-03-05,723,9,Online,PayPal,COUPONZ0ZZ,16.55,AUD
528607,2024-03-05T10:02:51,2024-03-05,461,44,Online,PayPal,COUPONZZ-9,9.42,AUD
528707,2024-03-05T01:36:17,2024-03-05,413,43,Online,PayPal,COUPONZA--,2.99,AUD
528726,2024-03-05T08:36:28,2024-03-05,195,1,Online,Afterpay,COUPONZ-AA,0.59,AUD
528863,2024-03-05T12:53:21,2024-03-05,104,5,Retail,Afterpay,COUPONZ-AZ,6.72,AUD
529054,2024-03-05T20:12:49,2024-03-05,796,10,Online,Credit Card,COUPON09Z9,4.64,AUD
529114,2024-03-05T01:54:54,2024-03-05,733,33,Online,PayPal,COUPON--9Z,18.76,AUD
529134,2024-03-05T01:35:17,2024-03-05,111,45,Online,Afterpay,COUPONA9Z0,12.43,AUD
529175,2024-03-05T19:14:43,2024-03-05,210,50,Online,Credit Card,COUPONA0Z9,19.19,AUD
529231,2024-03-05T15:41:08,2024-03-05,294,32,Online,Credit Card,COUPON0A-Z,15.59,AUD
529340,2024-03-05T12:43:25,2024-03-05,507,42,Retail,PayPal,COUPON--0Z,8.43,AUD
529348,2024-03-05T15:55:19,2024-03-05,579,3,Retail,Afterpay,COUPON--99,14.92,AUD
529354,2024-03-05T21:14:41,2024-03-05,165,26,Online,PayPal,COUPONZ9--,9.44,AUD
529357,2024-03-05T18:55:03,2024-03-05,744,28,Online,Credit Card,COUPONZ9AA,15.11,AUD
529382,2024-03-05T10:01:53,2024-03-05,63,3,Online,PayPal,COUPON-0--,7.28,AUD
529431,2024-03-05T08:42:52,2024-03-05,313,6,Retail,Afterpay,COUPON9AZ-,10.44,AUD
529529,2024-03-05T08:43:19,2024-03-05,164,1,Retail,Afterpay,COUPON-9--,1.76,AUD
529605,2024-03-05T20:59:05,2024-03-05,217,35,Retail,Afterpay,COUPON9990,4.43,AUD
530135,2024-03-05T02:46:41,2024-03-05,464,27,Retail,PayPal,COUPON00A-,3.35,AUD
530368,2024-03-05T06:58:07,2024-03-05,333,44,Retail,PayPal,COUPONZ--0,14.07,AUD
530375,2024-03-05T01:31:36,2024-03-05,532,14,Online,Credit Card,COUPON-AA0,0.94,AUD
530407,2024-03-05T14:29:58,2024-03-05,714,26,Online,Credit Card,COUPON9ZA-,7.77,AUD
530423,2024-03-05T01:39:31,2024-03-05,482,4,Retail,PayPal,COUPONAAZ9,3.82,AUD
530448,2024-03-05T17:10:42,2024-03-05,674,20,Retail,Afterpay,COUPON09A0,16.38,AUD
530453,2024-03-05T18:43:56,2024-03-05,478,17,Retail,PayPal,COUPON9AAZ,19.31,AUD
530512,2024-03-05T21:55:55,2024-03-05,614,45,Retail,PayPal,COUPON09-0,14.4,AUD
530523,2024-03-05T23:56:40,2024-03-05,100,2,Retail,Afterpay,COUPON-0Z-,11.63,AUD
530555,2024-03-05T05:28:19,2024-03-05,498,19,Online,PayPal,COUPONA-AA,8.15,AUD
530640,2024-03-05T22:14:07,2024-03-05,761,20,Retail,PayPal,COUPON009-,8.78,AUD
530665,2024-03-05T22:55:30,2024-03-05,267,34,Online,Credit Card,COUPONZZA-,3.05,AUD
530921,2024-03-05T13:59:06,2024-03-05,223,20,Retail,Afterpay,COUPONZ-Z9,4.72,AUD
530959,2024-03-05T16:27:42,2024-03-05,415,37,Online,Afterpay,COUPON99--,11.03,AUD
530966,2024-03-05T17:50:53,2024-03-05,485,13,Online,Credit Card,COUPON-A--,9.1,AUD
530969,2024-03-05T01:06:35,2024-03-05,37,46,Online,Credit Card,COUPON9-Z0,4.62,AUD
531166,2024-03-05T02:02:25,2024-03-05,181,39,Online,PayPal,COUPON999-,4.66,AUD
531176,2024-03-05T14:54:47,2024-03-05,344,5,Online,PayPal,COUPONAZ--,10.56,AUD
531286,2024-03-05T04:36:52,2024-03-05,176,26,Retail,PayPal,COUPON0-9A,11.62,AUD
531476,2024-03-05T03:33:14,2024-03-05,539,14,Online,PayPal,COUPONZ9--,17.53,AUD
531530,2024-03-05T20:25:08,2024-03-05,769,47,Online,PayPal,COUPON-909,10.85,AUD
531563,2024-03-05T21:25:01,2024-03-05,181,9,Retail,Credit Card,COUPONZ--9,0.22,AUD
531590,2024-03-05T02:31:10,2024-03-05,328,44,Retail,Credit Card,COUPON0ZA-,19.94,AUD
531694,2024-03-05T06:37:31,2024-03-05,267,22,Retail,PayPal,COUPON---0,1.06,AUD
531718,2024-03-05T01:03:49,2024-03-05,776,28,Online,PayPal,COUPON-AA0,9.03,AUD
531789,2024-03-05T15:48:44,2024-03-05,763,24,Retail,Afterpay,COUPONA90Z,10.02,AUD
531887,2024-03-05T21:38:41,2024-03-05,265,8,Online,Afterpay,COUPONZZ0A,6.54,AUD
531911,2024-03-05T09:07:13,2024-03-05,441,9,Retail,PayPal,COUPONZZ99,14.16,AUD
531926,2024-03-05T00:15:11,2024-03-05,237,50,Retail,Credit Card,COUPON-9-9,12.85,AUD
531933,2024-03-05T08:51:04,2024-03-05,148,34,Online,PayPal,COUPON-00A,7.25,AUD
532035,2024-03-05T06:31:21,2024-03-05,130,15,Online,Credit Card,COUPON--AA,16.84,AUD
532103,2024-03-05T13:46:02,2024-03-05,78,8,Online,Credit Card,COUPON09-9,5.25,AUD
532448,2024-03-05T17:39:09,2024-03-05,315,45,Online,PayPal,COUPON-9-A,12.77,AUD
532605,2024-03-05T05:46:55,2024-03-05,471,37,Online,Credit Card,COUPON0ZA9,0.96,AUD
532632,2024-03-05T22:39:48,2024-03-05,433,32,Retail,Credit Card,COUPONA99-,9.08,AUD
532950,2024-03-05T00:10:09,2024-03-05,372,30,Online,Credit Card,COUPONA09-,7.26,AUD
532983,2024-03-05T19:17:29,2024-03-05,345,39,Retail,Afterpay,COUPON-Z00,10.48,AUD
533015,2024-03-05T13:00:29,2024-03-05,245,25,Retail,Credit Card,COUPON-A9-,19.48,AUD
533151,2024-03-05T04:36:45,2024-03-05,169,36,Online,Credit Card,COUPON9AAZ,5.49,AUD
533180,2024-03-05T20:52:51,2024-03-05,364,35,Online,PayPal,COUPONZ--9,13.04,AUD
533200,2024-03-05T01:59:50,2024-03-05,372,7,Retail,Credit Card,COUPONA-ZZ,19.38,AUD
533530,2024-03-05T16:25:17,2024-03-05,725,24,Online,PayPal,COUPON---A,6.99,AUD
533566,2024-03-05T06:29:12,2024-03-05,378,27,Online,Credit Card,COUPON-0--,5.7,AUD
533585,2024-03-05T04:10:39,2024-03-05,9,1,Online,Credit Card,COUPON0ZZZ,16.84,AUD
533609,2024-03-05T00:49:49,2024-03-05,178,30,Retail,Afterpay,COUPON0A-A,4.98,AUD
533626,2024-03-05T15:55:50,2024-03-05,307,43,Online,Afterpay,COUPONAZZZ,14.55,AUD
533691,2024-03-05T13:01:33,2024-03-05,331,12,Online,Credit Card,COUPON0-00,4.23,AUD
533724,2024-03-05T06:54:09,2024-03-05,101,7,Online,Credit Card,COUPON-9A-,7.4,AUD
533727,2024-03-05T17:49:55,2024-03-05,581,12,Retail,PayPal,COUPON-0-9,0.97,AUD
533812,2024-03-05T15:10:07,2024-03-05,531,4,Retail,PayPal,COUPON09-A,5.67,AUD
533889,2024-03-05T00:36:58,2024-03-05,540,38,Online,Afterpay,COUPON-AZ-,5.73,AUD
533903,2024-03-05T12:53:56,2024-03-05,123,40,Online,Afterpay,COUPONA0Z0,9.73,AUD
533931,2024-03-05T03:43:03,2024-03-05,622,21,Retail,PayPal,COUPON9-9-,14.29,AUD
534077,2024-03-05T14:32:12,2024-03-05,784,49,Retail,Afterpay,COUPONZ--Z,2.91,AUD
534090,2024-03-05T08:20:38,2024-03-05,109,40,Online,PayPal,COUPON--0A,8.93,AUD
534165,2024-03-05T16:03:26,2024-03-05,253,46,Retail,Credit Card,COUPON900-,14.46,AUD
534180,2024-03-05T01:35:53,2024-03-05,259,21,Online,PayPal,COUPON0Z-Z,8.46,AUD
534336,2024-03-05T19:42:32,2024-03-05,509,25,Retail,Credit Card,COUPON9ZZ-,9.38,AUD
534612,2024-03-05T00:31:47,2024-03-05,361,34,Retail,Afterpay,COUPON-Z-0,17.53,AUD
534677,2024-03-05T05:50:28,2024-03-05,485,19,Retail,PayPal,COUPON0-00,3.42,AUD
534799,2024-03-05T21:43:59,2024-03-05,107,21,Online,Credit Card,COUPON--0-,17.33,AUD
534941,2024-03-05T23:03:53,2024-03-05,382,50,Online,Afterpay,COUPON--0-,0.1,AUD
535014,2024-03-05T04:55:18,2024-03-05,697,27,Online,PayPal,COUPONZ0Z0,12.91,AUD
535108,2024-03-05T08:38:51,2024-03-05,767,22,Online,Credit Card,COUPON0--Z,13.15,AUD
535205,2024-03-05T01:12:42,2024-03-05,371,41,Retail,Credit Card,COUPON-Z-9,0.03,AUD
535267,2024-03-05T03:33:45,2024-03-05,713,10,Retail,Afterpay,COUPON99-Z,3.79,AUD
535285,2024-03-05T03:06:23,2024-03-05,504,28,Online,Credit Card,COUPONZ0A-,16.96,AUD
535322,2024-03-05T15:57:47,2024-03-05,666,9,Online,Afterpay,COUPON-Z90,16.51,AUD
535428,2024-03-05T18:39:43,2024-03-05,168,27,Retail,Afterpay,COUPONA9-A,2.5,AUD
535459,2024-03-05T13:48:33,2024-03-05,524,16,Retail,PayPal,COUPON0-A0,4.12,AUD
535474,2024-03-05T07:34:07,2024-03-05,378,42,Online,PayPal,COUPONZZ0-,8.54,AUD
535480,2024-03-05T03:19:53,2024-03-05,627,8,Online,Afterpay,COUPONZ9--,18.92,AUD
535528,2024-03-05T06:07:34,2024-03-05,351,35,Retail,Afterpay,COUPON9-0A,7.26,AUD
535556,2024-03-05T09:23:50,2024-03-05,717,11,Online,PayPal,COUPON-ZA-,17.85,AUD
535572,2024-03-05T21:10:01,2024-03-05,185,45,Online,Credit Card,COUPONZ-90,7.14,AUD
536057,2024-03-05T06:13:39,2024-03-05,117,11,Online,Afterpay,COUPON0Z-A,0.55,AUD
536109,2024-03-05T14:09:20,2024-03-05,229,23,Retail,PayPal,COUPON-A9-,3.33,AUD
536171,2024-03-05T01:54:12,2024-03-05,416,7,Retail,Afterpay,COUPONZA--,9.37,AUD
536520,2024-03-05T10:02:49,2024-03-05,450,16,Retail,PayPal,COUPON-90Z,13.74,AUD
536588,2024-03-05T11:41:27,2024-03-05,550,50,Retail,Credit Card,COUPONA--A,10.11,AUD
536652,2024-03-05T22:10:30,2024-03-05,142,35,Online,Afterpay,COUPON----,8.08,AUD
536672,2024-03-05T22:24:27,2024-03-05,65,19,Online,Credit Card,COUPONA-A-,1.32,AUD
536765,2024-03-05T08:31:18,2024-03-05,405,32,Retail,Credit Card,COUPONAAAZ,9.36,AUD
537047,2024-03-05T13:58:24,2024-03-05,509,32,Online,Afterpay,COUPON00AZ,1.33,AUD
537075,2024-03-05T13:22:36,2024-03-05,55,10,Retail,PayPal,COUPON0ZZZ,17.15,AUD
537128,2024-03-05T03:06:50,2024-03-05,226,29,Online,Afterpay,COUPONAAA-,0.31,AUD
537141,2024-03-05T10:25:31,2024-03-05,125,16,Retail,Afterpay,COUPONAAZ0,6.88,AUD
537258,2024-03-05T21:33:41,2024-03-05,444,22,Retail,PayPal,COUPON0-9Z,4.09,AUD
537336,2024-03-05T04:58:36,2024-03-05,62,24,Retail,Credit Card,COUPONZ0AA,3.88,AUD
537363,2024-03-05T08:31:46,2024-03-05,453,42,Retail,Afterpay,COUPON---Z,6.08,AUD
537367,2024-03-05T20:36:44,2024-03-05,369,48,Online,PayPal,COUPONZA--,1.64,AUD
537520,2024-03-05T17:46:34,2024-03-05,694,11,Retail,PayPal,COUPON9A00,6.85,AUD
537648,2024-03-05T01:56:57,2024-03-05,195,23,Online,Afterpay,COUPONA0-A,8.99,AUD
537695,2024-03-05T23:50:14,2024-03-05,672,29,Retail,Afterpay,COUPONA-99,19.07,AUD
537732,2024-03-05T16:12:53,2024-03-05,187,11,Online,Afterpay,COUPONAA-9,8.95,AUD
537790,2024-03-05T13:53:08,2024-03-05,559,16,Retail,PayPal,COUPON-Z0-,8.13,AUD
537808,2024-03-05T12:18:44,2024-03-05,262,15,Retail,Credit Card,COUPONAA--,17.09,AUD
538010,2024-03-05T00:40:02,2024-03-05,498,27,Retail,Afterpay,COUPON0A0-,7.89,AUD
538186,2024-03-05T14:06:23,2024-03-05,138,39,Online,Credit Card,COUPON---0,9.31,AUD
538289,2024-03-05T19:05:06,2024-03-05,11,9,Online,Afterpay,COUPON-0-0,1.07,AUD
538304,2024-03-05T14:51:52,2024-03-05,281,5,Online,PayPal,COUPON-9ZZ,14.85,AUD
538398,2024-03-05T11:34:31,2024-03-05,660,21,Retail,Credit Card,COUPONA9-0,10.8,AUD
538439,2024-03-05T23:08:38,2024-03-05,615,39,Retail,Credit Card,COUPONZ9-0,13.91,AUD
538491,2024-03-05T22:05:52,2024-03-05,328,5,Online,Afterpay,COUPON09-A,11.26,AUD
538756,2024-03-05T21:55:14,2024-03-05,480,8,Online,Afterpay,COUPON00ZA,3.46,AUD
538758,2024-03-05T11:53:43,2024-03-05,225,10,Retail,PayPal,COUPON-Z-9,16.71,AUD
538763,2024-03-05T16:54:50,2024-03-05,163,44,Retail,Credit Card,COUPON-0A-,6.64,AUD
538794,2024-03-05T18:43:34,2024-03-05,682,1,Online,Credit Card,COUPON-0-A,11.46,AUD
538903,2024-03-05T16:35:21,2024-03-05,673,7,Retail,PayPal,COUPON---9,11.08,AUD
538905,2024-03-05T08:07:08,2024-03-05,542,10,Retail,Credit Card,COUPONA9--,15.52,AUD
538955,2024-03-05T05:05:00,2024-03-05,719,11,Retail,PayPal,COUPONA9AZ,4.82,AUD
538987,2024-03-05T03:39:51,2024-03-05,221,15,Retail,Credit Card,COUPONZ9Z9,9.23,AUD
539014,2024-03-05T12:33:26,2024-03-05,720,28,Retail,Credit Card,COUPON-AA-,11.8,AUD
539103,2024-03-05T14:06:58,2024-03-05,249,48,Online,PayPal,COUPONZZ90,15.51,AUD
539135,2024-03-05T08:03:40,2024-03-05,336,48,Retail,Afterpay,COUPONA--0,0.09,AUD
539159,2024-03-05T19:29:05,2024-03-05,656,47,Retail,PayPal,COUPON9--A,17.39,AUD
539257,2024-03-05T22:31:58,2024-03-05,535,35,Retail,Credit Card,COUPON--99,17.0,AUD
539534,2024-03-05T17:40:01,2024-03-05,524,2,Online,PayPal,COUPON-Z9Z,2.86,AUD
539681,2024-03-05T23:19:46,2024-03-05,473,1,Retail,Credit Card,COUPONA999,4.32,AUD
539756,2024-03-05T21:09:06,2024-03-05,116,17,Retail,Afterpay,COUPON----,9.9,AUD
539931,2024-03-05T17:32:46,2024-03-05,236,2,Retail,Credit Card,COUPONA--0,18.92,AUD
540062,2024-03-05T09:20:30,2024-03-05,459,18,Online,Afterpay,COUPONZ-A-,4.33,AUD
540254,2024-03-05T14:32:13,2024-03-05,796,16,Online,PayPal,COUPONAZA9,7.95,AUD
540344,2024-03-05T20:31:22,2024-03-05,189,39,Online,Credit Card,COUPON---Z,1.48,AUD
540345,2024-03-05T04:28:30,2024-03-05,84,44,Online,Credit Card,COUPONA9A0,19.42,AUD
540431,2024-03-05T19:16:43,2024-03-05,39,19,Online,Credit Card,COUPON0AAZ,16.23,AUD
540473,2024-03-05T03:55:16,2024-03-05,759,34,Retail,Afterpay,COUPONA0A-,6.58,AUD
540496,2024-03-05T08:44:44,2024-03-05,410,16,Retail,Credit Card,COUPON0ZA-,17.24,AUD
540554,2024-03-05T09:46:37,2024-03-05,53,47,Online,PayPal,COUPON-ZZZ,15.38,AUD
540719,2024-03-05T09:24:22,2024-03-05,630,13,Retail,Afterpay,COUPON90-A,4.0,AUD
540857,2024-03-05T21:26:43,2024-03-05,3,45,Online,PayPal,COUPON9---,15.1,AUD
540933,2024-03-05T00:21:48,2024-03-05,637,20,Retail,PayPal,COUPON9-9A,0.59,AUD
540936,2024-03-05T07:59:14,2024-03-05,78,9,Online,Credit Card,COUPONA-99,5.1,AUD
540987,2024-03-05T21:58:53,2024-03-05,792,4,Online,Credit Card,COUPON09A9,3.61,AUD
541056,2024-03-05T20:10:04,2024-03-05,266,49,Online,Credit Card,COUPONZZ--,8.03,AUD
541110,2024-03-05T05:27:15,2024-03-05,409,7,Online,PayPal,COUPON-0A0,6.38,AUD
541194,2024-03-05T12:40:43,2024-03-05,52,33,Retail,Credit Card,COUPON-Z90,15.67,AUD
541299,2024-03-05T16:16:31,2024-03-05,658,27,Online,Afterpay,COUPONA9AZ,10.2,AUD
541397,2024-03-05T00:16:10,2024-03-05,540,28,Retail,PayPal,COUPON9Z09,1.06,AUD
541750,2024-03-05T22:22:21,2024-03-05,741,15,Online,Afterpay,COUPON-ZA9,12.95,AUD
541855,2024-03-05T12:40:08,2024-03-05,191,47,Online,Afterpay,COUPONZA--,15.92,AUD
542038,2024-03-05T00:32:47,2024-03-05,225,25,Retail,Credit Card,COUPON-Z--,17.22,AUD
542285,2024-03-05T22:52:29,2024-03-05,440,24,Retail,PayPal,COUPON9Z-A,17.52,AUD
542756,2024-03-05T09:27:42,2024-03-05,673,7,Online,Credit Card,COUPON0A0Z,10.8,AUD
542884,2024-03-05T11:28:43,2024-03-05,534,12,Retail,PayPal,COUPONA-AZ,3.03,AUD
543007,2024-03-05T19:53:04,2024-03-05,741,20,Retail,PayPal,COUPON0-9Z,18.59,AUD
543080,2024-03-05T09:00:34,2024-03-05,245,10,Online,Credit Card,COUPON09-Z,16.01,AUD
543116,2024-03-05T15:29:07,2024-03-05,401,11,Online,PayPal,COUPON90AA,8.73,AUD
543212,2024-03-05T05:38:16,2024-03-05,602,12,Retail,PayPal,COUPONZ-0-,15.99,AUD
543308,2024-03-05T14:08:39,2024-03-05,385,22,Retail,Afterpay,COUPON--0Z,8.11,AUD
543334,2024-03-05T08:18:59,2024-03-05,357,27,Online,Afterpay,COUPON9---,9.3,AUD
543356,2024-03-05T06:05:39,2024-03-05,219,6,Retail,Credit Card,COUPONA09-,4.78,AUD
543441,2024-03-05T20:42:15,2024-03-05,533,47,Retail,PayPal,COUPON0ZA9,3.4,AUD
543730,2024-03-05T18:47:31,2024-03-05,755,15,Retail,Afterpay,COUPON9-9Z,14.91,AUD
543789,2024-03-05T03:51:15,2024-03-05,24,2,Retail,Credit Card,COUPON-90-,6.78,AUD
543864,2024-03-05T13:15:31,2024-03-05,717,33,Online,Credit Card,COUPON0A--,3.34,AUD
543958,2024-03-05T08:58:47,2024-03-05,22,20,Retail,Afterpay,COUPONZ9A0,6.21,AUD
543973,2024-03-05T09:25:46,2024-03-05,498,24,Online,Credit Card,COUPONA-AA,18.04,AUD
544146,2024-03-05T15:26:49,2024-03-05,545,46,Retail,PayPal,COUPON000A,10.92,AUD
544392,2024-03-05T15:07:33,2024-03-05,547,21,Online,PayPal,COUPON9A--,13.28,AUD
544425,2024-03-05T01:21:51,2024-03-05,481,4,Retail,Afterpay,COUPON9--0,6.9,AUD
544451,2024-03-05T12:03:30,2024-03-05,654,4,Retail,Afterpay,COUPON-0A9,19.85,AUD
544490,2024-03-05T05:52:05,2024-03-05,781,14,Retail,Credit Card,COUPONA-A9,5.25,AUD
544534,2024-03-05T03:21:29,2024-03-05,141,22,Retail,Credit Card,COUPONA9-9,2.05,AUD
544552,2024-03-05T01:15:22,2024-03-05,670,36,Online,Afterpay,COUPON-0--,3.39,AUD
544674,2024-03-05T02:15:41,2024-03-05,21,8,Online,Afterpay,COUPONA-9-,4.22,AUD
544771,2024-03-05T05:19:31,2024-03-05,497,44,Online,Afterpay,COUPONA-09,9.37,AUD
544847,2024-03-05T16:20:10,2024-03-05,255,40,Retail,Afterpay,COUPONAA0-,17.47,AUD
544960,2024-03-05T20:13:31,2024-03-05,540,3,Online,PayPal,COUPON0-9-,10.2,AUD
544967,2024-03-05T12:05:21,2024-03-05,167,50,Online,Credit Card,COUPON990-,13.4,AUD
545009,2024-03-05T23:40:46,2024-03-05,600,20,Online,PayPal,COUPON---Z,8.2,AUD
545014,2024-03-05T02:48:49,2024-03-05,150,13,Online,Credit Card,COUPON9Z9-,10.71,AUD
545164,2024-03-05T11:21:47,2024-03-05,136,13,Online,PayPal,COUPON0-Z9,3.33,AUD
545201,2024-03-05T07:54:52,2024-03-05,199,22,Online,PayPal,COUPON--9Z,15.79,AUD
545325,2024-03-05T09:49:57,2024-03-05,533,1,Online,Afterpay,COUPONA-A-,6.94,AUD
545345,2024-03-05T22:28:36,2024-03-05,287,44,Online,Afterpay,COUPON9AA-,19.25,AUD
545361,2024-03-05T01:08:31,2024-03-05,154,48,Online,Credit Card,COUPONZZ9-,18.57,AUD
545559,2024-03-05T20:31:35,2024-03-05,587,27,Retail,PayPal,COUPON0Z9A,19.2,AUD
545663,2024-03-05T01:37:55,2024-03-05,446,47,Retail,Credit Card,COUPONA00A,14.74,AUD
545706,2024-03-05T22:32:23,2024-03-05,555,32,Online,Afterpay,COUPON90-Z,1.24,AUD
545863,2024-03-05T19:57:56,2024-03-05,101,36,Online,PayPal,COUPON-A-Z,3.07,AUD
545915,2024-03-05T17:52:11,2024-03-05,650,30,Retail,Afterpay,COUPONAA-A,12.5,AUD
546010,2024-03-05T20:06:52,2024-03-05,582,15,Retail,PayPal,COUPON-0-9,0.35,AUD
546025,2024-03-05T23:28:12,2024-03-05,414,4,Online,Credit Card,COUPON0--A,4.18,AUD
546046,2024-03-05T13:21:46,2024-03-05,371,33,Retail,Credit Card,COUPONZ9A0,16.04,AUD
546064,2024-03-05T17:41:33,2024-03-05,47,7,Online,PayPal,COUPONZZ0-,8.63,AUD
546072,2024-03-05T16:49:05,2024-03-05,231,10,Retail,PayPal,COUPONA-0-,11.55,AUD
546288,2024-03-05T18:50:59,2024-03-05,121,23,Online,Afterpay,COUPONZZ-0,11.93,AUD
546446,2024-03-05T08:39:40,2024-03-05,257,23,Online,Credit Card,COUPON-0-A,3.61,AUD
546507,2024-03-05T08:50:11,2024-03-05,101,26,Retail,Afterpay,COUPON09-0,11.92,AUD
546527,2024-03-05T17:14:47,2024-03-05,744,12,Online,PayPal,COUPON90Z-,13.46,AUD
546602,2024-03-05T19:05:01,2024-03-05,296,48,Retail,Afterpay,COUPON--0-,2.25,AUD
546640,2024-03-05T01:48:42,2024-03-05,652,1,Online,Afterpay,COUPON-A00,11.23,AUD
546703,2024-03-05T12:04:38,2024-03-05,79,33,Retail,Afterpay,COUPONA009,15.96,AUD
546776,2024-03-05T19:46:03,2024-03-05,302,19,Retail,Afterpay,COUPON0---,15.83,AUD
547091,2024-03-05T07:28:30,2024-03-05,670,28,Online,Credit Card,COUPON--9-,18.35,AUD
547142,2024-03-05T05:19:14,2024-03-05,372,35,Retail,Afterpay,COUPON-AZ0,3.22,AUD
547202,2024-03-05T05:58:08,2024-03-05,333,9,Retail,Afterpay,COUPONZ-AZ,6.27,AUD
547482,2024-03-05T08:28:28,2024-03-05,109,4,Retail,Credit Card,COUPON--A-,5.67,AUD
547644,2024-03-05T10:03:43,2024-03-05,211,28,Retail,Afterpay,COUPONZ0A9,4.83,AUD
547671,2024-03-05T18:25:46,2024-03-05,5,38,Retail,PayPal,COUPONAZ9-,5.68,AUD
547751,2024-03-05T01:32:17,2024-03-05,557,6,Retail,Credit Card,COUPONZ9Z-,16.25,AUD
547775,2024-03-05T12:55:31,2024-03-05,232,13,Retail,Afterpay,COUPON009-,17.95,AUD
547838,2024-03-05T14:46:12,2024-03-05,125,1,Retail,PayPal,COUPON99ZZ,11.46,AUD
547966,2024-03-05T17:44:26,2024-03-05,404,47,Retail,Afterpay,COUPON0---,10.53,AUD
548051,2024-03-05T14:04:56,2024-03-05,748,15,Retail,PayPal,COUPON90-9,16.04,AUD
548059,2024-03-05T14:23:51,2024-03-05,357,30,Retail,Afterpay,COUPON----,12.45,AUD
548272,2024-03-05T11:58:41,2024-03-05,253,6,Retail,Credit Card,COUPONZ-A9,11.42,AUD
548287,2024-03-05T03:48:08,2024-03-05,75,17,Retail,PayPal,COUPONA-ZZ,3.77,AUD
548406,2024-03-05T02:00:10,2024-03-05,560,45,Retail,PayPal,COUPON0A0-,11.24,AUD
548777,2024-03-05T06:09:55,2024-03-05,540,32,Retail,Credit Card,COUPONZ-ZZ,12.24,AUD
548820,2024-03-05T18:36:39,2024-03-05,363,14,Retail,PayPal,COUPONA-ZA,18.26,AUD
548869,2024-03-05T13:58:23,2024-03-05,383,19,Retail,PayPal,COUPON-09-,11.27,AUD
548879,2024-03-05T01:33:40,2024-03-05,223,46,Retail,PayPal,COUPON0---,15.8,AUD
548892,2024-03-05T09:35:19,2024-03-05,249,9,Retail,Afterpay,COUPON0A--,16.68,AUD
548972,2024-03-05T07:50:52,2024-03-05,448,6,Retail,PayPal,COUPONA9-9,7.5,AUD
549009,2024-03-05T09:36:21,2024-03-05,471,39,Online,PayPal,COUPON9-Z-,9.5,AUD
549102,2024-03-05T08:54:10,2024-03-05,775,36,Retail,PayPal,COUPON--9-,1.04,AUD
549227,2024-03-05T20:24:47,2024-03-05,270,18,Online,Afterpay,COUPON-Z-A,11.58,AUD
549287,2024-03-05T08:33:21,2024-03-05,505,5,Retail,Afterpay,COUPON99-9,7.4,AUD
549315,2024-03-05T12:39:26,2024-03-05,138,38,Online,PayPal,COUPON0A-9,4.77,AUD
549430,2024-03-05T01:37:34,2024-03-05,314,9,Retail,Afterpay,COUPONA---,15.2,AUD
549470,2024-03-05T20:45:54,2024-03-05,366,28,Online,PayPal,COUPON-0-Z,9.49,AUD
549533,2024-03-05T10:05:38,2024-03-05,628,40,Retail,Credit Card,COUPONA--9,12.37,AUD
549601,2024-03-05T04:57:09,2024-03-05,592,17,Retail,Afterpay,COUPON99ZZ,17.32,AUD
549623,2024-03-05T22:59:19,2024-03-05,443,22,Online,PayPal,COUPONZ9--,16.03,AUD
549667,2024-03-05T08:52:36,2024-03-05,83,9,Online,PayPal,COUPONA-Z-,5.51,AUD
550039,2024-03-05T15:30:55,2024-03-05,216,37,Retail,Credit Card,COUPONZ09-,19.07,AUD
550131,2024-03-05T12:21:02,2024-03-05,392,11,Retail,Afterpay,COUPONZ-A0,17.21,AUD
550193,2024-03-05T02:18:18,2024-03-05,68,7,Online,Credit Card,COUPON-Z--,15.93,AUD
550303,2024-03-05T12:38:08,2024-03-05,488,21,Online,Credit Card,COUPONA00Z,19.35,AUD
550374,2024-03-05T05:12:04,2024-03-05,285,34,Retail,Afterpay,COUPON9--Z,1.51,AUD
550385,2024-03-05T09:18:54,2024-03-05,532,45,Retail,Credit Card,COUPONA--9,9.14,AUD
550506,2024-03-05T06:29:43,2024-03-05,719,40,Retail,Credit Card,COUPON-Z-Z,5.39,AUD
550534,2024-03-05T10:09:53,2024-03-05,507,33,Retail,Afterpay,COUPONAA--,3.36,AUD
550736,2024-03-05T05:32:03,2024-03-05,276,25,Online,PayPal,COUPON0A--,4.94,AUD
551224,2024-03-05T09:37:03,2024-03-05,676,18,Online,Credit Card,COUPONA99A,15.19,AUD
551231,2024-03-05T12:32:28,2024-03-05,782,44,Online,Afterpay,COUPON0--0,9.28,AUD
551329,2024-03-05T12:10:33,2024-03-05,430,23,Online,Credit Card,COUPON0Z--,6.52,AUD
551334,2024-03-05T01:03:51,2024-03-05,330,47,Retail,PayPal,COUPONZ0-A,19.01,AUD
551352,2024-03-05T01:45:49,2024-03-05,309,27,Online,PayPal,COUPON9099,9.42,AUD
551406,2024-03-05T19:53:52,2024-03-05,345,30,Online,Credit Card,COUPON0--A,4.04,AUD
551434,2024-03-05T06:23:30,2024-03-05,419,44,Retail,Afterpay,COUPON99-Z,5.2,AUD
551651,2024-03-05T14:38:09,2024-03-05,483,31,Retail,Afterpay,COUPON-AZ9,7.59,AUD
551669,2024-03-05T09:53:29,2024-03-05,206,32,Online,PayPal,COUPON00A9,7.25,AUD
551681,2024-03-05T05:03:47,2024-03-05,93,43,Retail,Credit Card,COUPON--A0,3.99,AUD
551692,2024-03-05T11:36:24,2024-03-05,368,1,Online,PayPal,COUPON99-9,8.82,AUD
551711,2024-03-05T11:27:32,2024-03-05,711,21,Retail,PayPal,COUPON0-99,1.41,AUD
551741,2024-03-05T15:16:40,2024-03-05,144,12,Retail,Credit Card,COUPON--0Z,2.97,AUD
551827,2024-03-05T01:39:10,2024-03-05,495,18,Online,PayPal,COUPON90-0,4.75,AUD
551841,2024-03-05T05:30:25,2024-03-05,576,7,Retail,Afterpay,COUPON--90,18.94,AUD
551895,2024-03-05T19:01:08,2024-03-05,305,29,Online,Afterpay,COUPONAA0A,4.36,AUD
552001,2024-03-05T15:42:26,2024-03-05,575,42,Retail,PayPal,COUPON9--A,10.48,AUD
552182,2024-03-05T12:39:47,2024-03-05,513,39,Online,Afterpay,COUPON9AAZ,6.97,AUD
552265,2024-03-05T20:36:03,2024-03-05,179,49,Retail,Credit Card,COUPON-A-A,11.07,AUD
552400,2024-03-05T07:34:44,2024-03-05,394,29,Retail,PayPal,COUPONAZ0-,10.66,AUD
552442,2024-03-05T06:08:37,2024-03-05,162,44,Online,Credit Card,COUPONAAA9,4.74,AUD
552448,2024-03-05T03:48:14,2024-03-05,322,4,Online,PayPal,COUPONA--Z,9.77,AUD
552749,2024-03-05T21:42:18,2024-03-05,415,47,Online,Credit Card,COUPONA9A0,15.87,AUD
552795,2024-03-05T14:58:36,2024-03-05,388,5,Retail,Credit Card,COUPON-9-A,19.7,AUD
552879,2024-03-05T05:47:06,2024-03-05,324,43,Online,Credit Card,COUPON0ZA-,16.08,AUD
553339,2024-03-05T11:02:05,2024-03-05,95,26,Retail,Credit Card,COUPON--09,11.17,AUD
553371,2024-03-05T19:01:13,2024-03-05,782,38,Retail,PayPal,COUPON-9-9,5.96,AUD
553609,2024-03-05T07:50:58,2024-03-05,685,34,Retail,PayPal,COUPON-9--,15.3,AUD
553674,2024-03-05T15:44:12,2024-03-05,536,5,Retail,Credit Card,COUPON-9ZZ,19.57,AUD
553952,2024-03-05T23:37:33,2024-03-05,407,20,Retail,Afterpay,COUPON0Z-0,18.72,AUD
553966,2024-03-05T21:11:03,2024-03-05,127,35,Retail,PayPal,COUPON0A--,8.12,AUD
554007,2024-03-05T09:07:36,2024-03-05,141,19,Online,PayPal,COUPONA9Z-,7.75,AUD
554180,2024-03-05T09:41:16,2024-03-05,572,40,Online,Credit Card,COUPONA-99,13.98,AUD
554433,2024-03-05T00:42:30,2024-03-05,676,1,Retail,Credit Card,COUPON9-0-,8.22,AUD
554578,2024-03-05T11:04:17,2024-03-05,231,21,Online,PayPal,COUPON-ZZ-,12.6,AUD
554660,2024-03-05T23:06:58,2024-03-05,61,36,Retail,Credit Card,COUPON9--Z,18.78,AUD
554723,2024-03-05T19:41:21,2024-03-05,299,31,Online,PayPal,COUPON-A09,2.08,AUD
554766,2024-03-05T10:56:20,2024-03-05,400,29,Retail,Credit Card,COUPONZAAA,8.53,AUD
554791,2024-03-05T15:16:19,2024-03-05,632,27,Online,PayPal,COUPONA990,8.25,AUD
554812,2024-03-05T20:15:50,2024-03-05,199,37,Retail,Afterpay,COUPONA-A0,9.03,AUD
554862,2024-03-05T07:43:26,2024-03-05,391,9,Retail,PayPal,COUPON0Z0A,18.85,AUD
554874,2024-03-05T01:09:07,2024-03-05,554,15,Retail,Afterpay,COUPON--Z0,5.78,AUD
555028,2024-03-05T21:00:54,2024-03-05,142,6,Retail,PayPal,COUPON--A9,19.27,AUD
555053,2024-03-05T14:41:20,2024-03-05,530,22,Retail,Credit Card,COUPONZA--,1.45,AUD
555254,2024-03-05T03:06:17,2024-03-05,673,14,Online,Credit Card,COUPON-AZA,19.55,AUD
555322,2024-03-05T13:53:29,2024-03-05,558,40,Online,Afterpay,COUPONZ--A,5.38,AUD
555379,2024-03-05T08:20:12,2024-03-05,582,43,Retail,Credit Card,COUPON-ZAA,13.08,AUD
555439,2024-03-05T18:46:14,2024-03-05,55,45,Retail,Credit Card,COUPON----,18.79,AUD
555487,2024-03-05T06:54:15,2024-03-05,594,7,Online,PayPal,COUPON-00-,9.13,AUD
555711,2024-03-05T08:13:51,2024-03-05,621,28,Retail,PayPal,COUPON00--,4.91,AUD
555729,2024-03-05T10:03:23,2024-03-05,531,15,Online,Credit Card,COUPON0ZZA,7.73,AUD
556164,2024-03-05T07:18:09,2024-03-05,519,40,Online,Credit Card,COUPON0A-9,2.05,AUD
556190,2024-03-05T15:12:27,2024-03-05,647,42,Online,PayPal,COUPONZ-0-,12.94,AUD
556253,2024-03-05T16:19:55,2024-03-05,742,23,Online,Afterpay,COUPONAZ-9,4.08,AUD
556288,2024-03-05T18:53:55,2024-03-05,114,22,Online,PayPal,COUPONA-9-,17.37,AUD
556426,2024-03-05T02:31:18,2024-03-05,80,21,Retail,Afterpay,COUPON-AZ-,8.29,AUD
556497,2024-03-05T06:39:09,2024-03-05,370,35,Retail,Credit Card,COUPON90A0,1.1,AUD
556566,2024-03-05T21:58:00,2024-03-05,251,2,Retail,PayPal,COUPONAZ-9,19.64,AUD
556580,2024-03-05T20:07:44,2024-03-05,558,15,Online,Credit Card,COUPONAZ0-,11.12,AUD
556637,2024-03-05T10:26:38,2024-03-05,661,45,Online,Credit Card,COUPON0A9Z,12.22,AUD
556713,2024-03-05T09:22:04,2024-03-05,648,34,Retail,Afterpay,COUPON-ZA9,7.59,AUD
556724,2024-03-05T19:30:33,2024-03-05,74,17,Retail,PayPal,COUPON-Z-9,2.45,AUD
556753,2024-03-05T14:34:31,2024-03-05,404,4,Online,PayPal,COUPONA09Z,5.54,AUD
556799,2024-03-05T14:04:00,2024-03-05,704,50,Retail,Credit Card,COUPON09-A,18.15,AUD
556931,2024-03-05T13:59:45,2024-03-05,218,35,Online,PayPal,COUPON-0AA,12.02,AUD
557183,2024-03-05T16:58:06,2024-03-05,449,1,Retail,Credit Card,COUPON--A-,19.84,AUD
557217,2024-03-05T06:32:46,2024-03-05,631,16,Retail,PayPal,COUPONA9-0,4.07,AUD
557219,2024-03-05T15:00:04,2024-03-05,367,38,Retail,Afterpay,COUPON--ZZ,3.52,AUD
557489,2024-03-05T17:05:34,2024-03-05,240,27,Online,PayPal,COUPONZZ--,2.95,AUD
557504,2024-03-05T16:52:12,2024-03-05,634,29,Online,PayPal,COUPON0-ZZ,16.66,AUD
557828,2024-03-05T13:23:37,2024-03-05,485,6,Online,PayPal,COUPON00Z9,18.26,AUD
557829,2024-03-05T00:58:08,2024-03-05,289,49,Online,Afterpay,COUPON0-A-,5.85,AUD
557847,2024-03-05T01:51:40,2024-03-05,564,30,Retail,Afterpay,COUPON90--,19.36,AUD
558026,2024-03-05T11:33:40,2024-03-05,189,50,Online,Afterpay,COUPON--9-,15.41,AUD
558051,2024-03-05T17:00:28,2024-03-05,92,17,Retail,Afterpay,COUPONA9-Z,19.94,AUD
558067,2024-03-05T17:51:49,2024-03-05,218,39,Retail,PayPal,COUPONAZ99,16.77,AUD
558151,2024-03-05T19:40:10,2024-03-05,143,31,Retail,Credit Card,COUPON0A-Z,14.42,AUD
558345,2024-03-05T10:21:52,2024-03-05,401,26,Retail,Credit Card,COUPON9A00,1.06,AUD
558415,2024-03-05T23:37:53,2024-03-05,519,19,Online,Credit Card,COUPON-9--,2.15,AUD
558499,2024-03-05T09:01:01,2024-03-05,460,32,Online,Afterpay,COUPONZ---,0.65,AUD
558607,2024-03-05T22:36:45,2024-03-05,245,39,Online,PayPal,COUPONA9A9,0.72,AUD
558750,2024-03-05T08:45:09,2024-03-05,62,41,Online,Afterpay,COUPON-ZZ9,0.61,AUD
558787,2024-03-05T11:58:59,2024-03-05,734,37,Retail,Afterpay,COUPON---0,6.73,AUD
559000,2024-03-05T13:25:57,2024-03-05,170,49,Retail,Credit Card,COUPON-Z-Z,10.12,AUD
559079,2024-03-05T21:48:33,2024-03-05,574,42,Online,Afterpay,COUPONA9--,4.14,AUD
559086,2024-03-05T05:01:24,2024-03-05,358,10,Retail,Afterpay,COUPON0---,1.62,AUD
559527,2024-03-05T21:39:25,2024-03-05,151,48,Online,Afterpay,COUPON--A0,14.58,AUD
559609,2024-03-05T23:52:24,2024-03-05,116,21,Retail,PayPal,COUPON-9-A,11.68,AUD
559703,2024-03-05T12:44:01,2024-03-05,527,33,Retail,Credit Card,COUPONAA0-,2.05,AUD
559951,2024-03-05T19:12:18,2024-03-05,253,50,Retail,Credit Card,COUPON0AZ0,17.63,AUD
560044,2024-03-05T22:51:52,2024-03-05,418,34,Retail,Credit Card,COUPON-AAZ,17.5,AUD
560111,2024-03-05T09:13:46,2024-03-05,134,19,Retail,PayPal,COUPON990-,19.76,AUD
560163,2024-03-05T06:53:31,2024-03-05,625,36,Retail,Credit Card,COUPON-99A,11.9,AUD
560202,2024-03-05T10:34:54,2024-03-05,712,44,Retail,Credit Card,COUPON00-9,19.22,AUD
560319,2024-03-05T14:52:35,2024-03-05,342,3,Online,PayPal,COUPON--A0,16.4,AUD
560331,2024-03-05T21:29:35,2024-03-05,604,26,Retail,Credit Card,COUPON---Z,17.92,AUD
560389,2024-03-05T00:30:16,2024-03-05,315,38,Online,PayPal,COUPONZ-A-,7.97,AUD
560560,2024-03-05T18:13:43,2024-03-05,176,31,Retail,PayPal,COUPON99-0,15.85,AUD
560592,2024-03-05T05:15:20,2024-03-05,112,5,Retail,Afterpay,COUPON-9A0,3.58,AUD
560729,2024-03-05T11:37:34,2024-03-05,9,5,Online,PayPal,COUPON--Z-,12.02,AUD
560745,2024-03-05T20:20:37,2024-03-05,503,15,Online,Credit Card,COUPONZZ-0,11.31,AUD
560747,2024-03-05T12:20:43,2024-03-05,599,30,Retail,PayPal,COUPON0--9,9.12,AUD
560798,2024-03-05T16:59:39,2024-03-05,530,11,Retail,Credit Card,COUPON-0Z-,12.09,AUD
560807,2024-03-05T23:54:06,2024-03-05,301,33,Online,Credit Card,COUPON-A0Z,17.89,AUD
560974,2024-03-05T15:36:35,2024-03-05,362,6,Online,Credit Card,COUPON90ZZ,4.07,AUD
561041,2024-03-05T19:51:05,2024-03-05,652,31,Retail,Credit Card,COUPON-999,2.65,AUD
561175,2024-03-05T12:19:33,2024-03-05,38,48,Retail,PayPal,COUPON0-9A,15.59,AUD
561309,2024-03-05T07:08:28,2024-03-05,223,32,Online,Afterpay,COUPON--00,6.2,AUD
561318,2024-03-05T19:37:22,2024-03-05,64,41,Retail,Credit Card,COUPON99AA,11.17,AUD
561445,2024-03-05T00:57:49,2024-03-05,502,37,Retail,Credit Card,COUPON--90,14.55,AUD
561500,2024-03-05T22:57:12,2024-03-05,707,12,Online,PayPal,COUPON0-Z0,9.75,AUD
561522,2024-03-05T19:46:39,2024-03-05,455,29,Retail,PayPal,COUPONZ---,14.86,AUD
561647,2024-03-05T11:26:46,2024-03-05,119,26,Retail,Credit Card,COUPON0A9Z,6.51,AUD
561749,2024-03-05T12:21:23,2024-03-05,394,23,Online,Afterpay,COUPON-9ZZ,19.24,AUD
561773,2024-03-05T08:17:42,2024-03-05,289,46,Online,Credit Card,COUPON---0,11.79,AUD
561915,2024-03-05T07:22:17,2024-03-05,627,6,Online,Credit Card,COUPON9Z9Z,2.97,AUD
561920,2024-03-05T06:11:29,2024-03-05,220,3,Retail,PayPal,COUPON-AZ-,10.61,AUD
562020,2024-03-05T17:51:45,2024-03-05,402,49,Retail,PayPal,COUPONA9-0,7.33,AUD
562386,2024-03-05T07:21:10,2024-03-05,48,28,Retail,PayPal,COUPONZ--Z,18.42,AUD
562387,2024-03-05T07:17:34,2024-03-05,4,6,Retail,Credit Card,COUPON0-9-,18.51,AUD
562478,2024-03-05T10:47:00,2024-03-05,406,33,Online,PayPal,COUPON0--9,3.52,AUD
562521,2024-03-05T13:16:12,2024-03-05,621,13,Retail,PayPal,COUPON9-00,19.99,AUD
562546,2024-03-05T00:07:22,2024-03-05,86,19,Retail,Credit Card,COUPON---A,7.47,AUD
562658,2024-03-05T19:16:46,2024-03-05,743,9,Online,Afterpay,COUPON-Z-9,3.14,AUD
562735,2024-03-05T10:21:10,2024-03-05,419,17,Online,Credit Card,COUPON-A9A,17.01,AUD
563019,2024-03-05T21:12:20,2024-03-05,3,23,Retail,Afterpay,COUPONZ-ZZ,16.96,AUD
563074,2024-03-05T20:05:48,2024-03-05,532,47,Retail,PayPal,COUPON0ZA9,7.21,AUD
563259,2024-03-05T01:47:18,2024-03-05,38,38,Online,PayPal,COUPON0ZAZ,12.38,AUD
563291,2024-03-05T14:17:43,2024-03-05,494,3,Online,Credit Card,COUPONA-09,11.63,AUD
563384,2024-03-05T06:43:47,2024-03-05,245,3,Online,Credit Card,COUPON-0-0,7.34,AUD
563390,2024-03-05T01:59:49,2024-03-05,220,12,Retail,Afterpay,COUPON--Z-,4.69,AUD
563423,2024-03-05T13:04:06,2024-03-05,98,17,Online,Afterpay,COUPON---Z,3.47,AUD
563452,2024-03-05T09:25:12,2024-03-05,794,49,Retail,PayPal,COUPON-0-9,0.55,AUD
563584,2024-03-05T17:14:59,2024-03-05,90,13,Online,PayPal,COUPON-9-9,17.06,AUD
563593,2024-03-05T17:50:01,2024-03-05,434,49,Online,PayPal,COUPONZ-0A,4.38,AUD
563713,2024-03-05T19:41:41,2024-03-05,217,32,Online,PayPal,COUPON--AZ,1.81,AUD
563720,2024-03-05T04:49:13,2024-03-05,374,37,Online,Credit Card,COUPONAZ90,2.78,AUD
563976,2024-03-05T07:56:43,2024-03-05,490,29,Online,Credit Card,COUPONAA0A,7.44,AUD
564015,2024-03-05T04:38:04,2024-03-05,760,11,Online,PayPal,COUPONZ9-9,3.36,AUD
564131,2024-03-05T15:53:23,2024-03-05,600,22,Retail,Credit Card,COUPON-0-0,12.96,AUD
564258,2024-03-05T14:57:55,2024-03-05,637,39,Online,Afterpay,COUPON---Z,3.53,AUD
564308,2024-03-05T22:14:31,2024-03-05,529,40,Retail,Credit Card,COUPONA-0A,17.33,AUD
564418,2024-03-05T19:37:04,2024-03-05,55,16,Online,Afterpay,COUPONA-Z9,7.28,AUD
564444,2024-03-05T21:09:42,2024-03-05,221,27,Online,Credit Card,COUPON--90,12.86,AUD
564505,2024-03-05T10:48:20,2024-03-05,273,6,Online,PayPal,COUPON99Z0,11.78,AUD
564687,2024-03-05T05:58:07,2024-03-05,412,8,Online,PayPal,COUPONZ99Z,15.81,AUD
564804,2024-03-05T10:33:48,2024-03-05,315,7,Online,Afterpay,COUPON-000,1.55,AUD
564880,2024-03-05T04:54:55,2024-03-05,495,37,Online,PayPal,COUPONA-0-,18.52,AUD
564950,2024-03-05T06:15:04,2024-03-05,19,33,Online,PayPal,COUPON9-0A,0.58,AUD
565022,2024-03-05T07:42:28,2024-03-05,669,12,Retail,Afterpay,COUPON9-AA,6.54,AUD
565030,2024-03-05T03:34:57,2024-03-05,333,5,Online,Afterpay,COUPON9ZA9,15.33,AUD
565044,2024-03-05T18:48:56,2024-03-05,368,1,Retail,Afterpay,COUPONZ9A9,12.32,AUD
565180,2024-03-05T19:02:27,2024-03-05,213,22,Retail,Credit Card,COUPON99AA,9.21,AUD
565311,2024-03-05T08:56:06,2024-03-05,657,36,Online,Afterpay,COUPON---A,17.16,AUD
565343,2024-03-05T13:04:57,2024-03-05,63,37,Retail,PayPal,COUPON----,11.37,AUD
565423,2024-03-05T01:15:30,2024-03-05,795,44,Retail,PayPal,COUPON090-,11.36,AUD
565604,2024-03-05T09:20:05,2024-03-05,32,26,Retail,Afterpay,COUPON---A,10.11,AUD
565623,2024-03-05T21:23:54,2024-03-05,404,11,Retail,Afterpay,COUPON--9-,17.61,AUD
565634,2024-03-05T00:33:35,2024-03-05,80,7,Retail,Credit Card,COUPON99Z-,11.68,AUD
565692,2024-03-05T20:54:39,2024-03-05,354,36,Online,Credit Card,COUPON--A0,17.94,AUD
565710,2024-03-05T05:19:20,2024-03-05,148,7,Online,Credit Card,COUPON---9,15.83,AUD
565869,2024-03-05T15:09:56,2024-03-05,573,7,Retail,Afterpay,COUPONZ9--,10.55,AUD
565901,2024-03-05T06:06:07,2024-03-05,725,43,Online,Afterpay,COUPON9-9-,1.28,AUD
565937,2024-03-05T05:45:59,2024-03-05,719,17,Retail,PayPal,COUPON0-00,15.33,AUD
565953,2024-03-05T00:25:36,2024-03-05,610,35,Retail,PayPal,COUPON0--0,11.33,AUD
566176,2024-03-05T16:56:19,2024-03-05,99,46,Online,Afterpay,COUPON-0-9,6.25,AUD
566227,2024-03-05T15:19:14,2024-03-05,441,14,Retail,Credit Card,COUPON09-0,4.1,AUD
566323,2024-03-05T03:39:43,2024-03-05,615,2,Online,Credit Card,COUPON--9-,15.2,AUD
566381,2024-03-05T19:00:31,2024-03-05,215,1,Online,Afterpay,COUPONA9A0,17.48,AUD
566423,2024-03-05T00:19:54,2024-03-05,396,33,Online,PayPal,COUPON-A0A,11.18,AUD
566475,2024-03-05T03:36:41,2024-03-05,384,28,Online,PayPal,COUPONZ-A-,16.47,AUD
566573,2024-03-05T19:34:58,2024-03-05,330,2,Retail,PayPal,COUPON9A09,0.96,AUD
566635,2024-03-05T23:08:36,2024-03-05,641,48,Retail,PayPal,COUPON-90-,16.75,AUD
566662,2024-03-05T09:39:04,2024-03-05,356,27,Online,Credit Card,COUPONA9Z-,7.47,AUD
566719,2024-03-05T09:23:48,2024-03-05,423,27,Online,PayPal,COUPONA0AZ,3.9,AUD
566738,2024-03-05T00:38:13,2024-03-05,13,35,Online,PayPal,COUPONZZ99,16.57,AUD
566838,2024-03-05T14:40:13,2024-03-05,495,36,Retail,Afterpay,COUPON----,16.58,AUD
567037,2024-03-05T06:56:29,2024-03-05,24,3,Retail,Credit Card,COUPON-AAA,16.38,AUD
567058,2024-03-05T21:22:45,2024-03-05,482,22,Retail,Afterpay,COUPONA0-A,8.15,AUD
567120,2024-03-05T23:18:10,2024-03-05,534,37,Retail,Afterpay,COUPONZZ9Z,15.64,AUD
567143,2024-03-05T01:28:39,2024-03-05,301,29,Online,PayPal,COUPON-A-0,14.8,AUD
567168,2024-03-05T17:21:28,2024-03-05,694,5,Retail,PayPal,COUPON9-99,10.33,AUD
567371,2024-03-05T23:23:48,2024-03-05,301,13,Online,Credit Card,COUPON--0-,17.96,AUD
567374,2024-03-05T04:25:55,2024-03-05,378,13,Online,Credit Card,COUPONZ9-A,9.57,AUD
567544,2024-03-05T20:40:41,2024-03-05,683,45,Retail,Credit Card,COUPON---A,14.73,AUD
567619,2024-03-05T13:47:32,2024-03-05,698,8,Online,Credit Card,COUPON-900,0.34,AUD
567626,2024-03-05T14:50:25,2024-03-05,554,33,Online,Credit Card,COUPON-00A,4.57,AUD
567643,2024-03-05T13:25:56,2024-03-05,726,34,Online,PayPal,COUPON--0A,18.67,AUD
567735,2024-03-05T00:13:56,2024-03-05,592,27,Online,Credit Card,COUPONZZ-0,17.19,AUD
567770,2024-03-05T15:58:26,2024-03-05,219,6,Online,PayPal,COUPONAA9Z,12.21,AUD
567773,2024-03-05T18:41:48,2024-03-05,751,8,Online,Afterpay,COUPON00-A,18.74,AUD
567779,2024-03-05T14:34:30,2024-03-05,90,49,Online,Credit Card,COUPON9A9A,18.78,AUD
568001,2024-03-05T04:47:29,2024-03-05,457,46,Retail,Credit Card,COUPONAA--,13.08,AUD
568027,2024-03-05T03:30:48,2024-03-05,405,37,Online,Credit Card,COUPON9Z-0,9.57,AUD
568040,2024-03-05T23:43:52,2024-03-05,745,13,Retail,Afterpay,COUPON-090,2.57,AUD
568045,2024-03-05T03:35:12,2024-03-05,442,16,Retail,Credit Card,COUPON--Z0,16.06,AUD
568110,2024-03-05T22:49:46,2024-03-05,668,13,Online,Credit Card,COUPON9-0A,17.48,AUD
568179,2024-03-05T00:32:44,2024-03-05,299,4,Retail,PayPal,COUPON0-90,12.33,AUD
568240,2024-03-05T09:29:47,2024-03-05,62,40,Retail,PayPal,COUPONA0A-,4.37,AUD
568373,2024-03-05T20:39:26,2024-03-05,382,43,Online,Credit Card,COUPON0AAA,0.64,AUD
568672,2024-03-05T03:32:17,2024-03-05,158,14,Retail,Credit Card,COUPON0A09,4.05,AUD
568751,2024-03-05T02:45:23,2024-03-05,207,46,Online,Afterpay,COUPONAZ9-,12.68,AUD
568752,2024-03-05T22:01:44,2024-03-05,381,2,Online,PayPal,COUPON9990,9.01,AUD
568807,2024-03-05T01:51:24,2024-03-05,211,13,Retail,PayPal,COUPON0Z-A,8.29,AUD
568898,2024-03-05T21:48:40,2024-03-05,461,8,Online,PayPal,COUPON99A-,15.49,AUD
568995,2024-03-05T18:33:39,2024-03-05,364,32,Online,PayPal,COUPON-Z--,4.9,AUD
569379,2024-03-05T18:58:53,2024-03-05,325,23,Retail,Afterpay,COUPON--90,16.08,AUD
569529,2024-03-05T12:01:33,2024-03-05,609,20,Retail,PayPal,COUPONZ0Z9,9.14,AUD
569598,2024-03-05T17:52:24,2024-03-05,675,44,Retail,PayPal,COUPONZAZA,18.96,AUD
569632,2024-03-05T09:38:07,2024-03-05,719,2,Retail,PayPal,COUPON--Z-,12.48,AUD
569816,2024-03-05T02:26:41,2024-03-05,647,6,Online,Afterpay,COUPON90-0,10.71,AUD
569876,2024-03-05T11:30:52,2024-03-05,86,45,Online,Afterpay,COUPON0Z-Z,7.52,AUD
570167,2024-03-05T23:57:10,2024-03-05,617,26,Online,PayPal,COUPON99--,9.97,AUD
570364,2024-03-05T04:03:59,2024-03-05,400,47,Online,Afterpay,COUPONZZ--,5.72,AUD
570554,2024-03-05T01:03:18,2024-03-05,265,48,Retail,PayPal,COUPON0-A9,5.68,AUD
570694,2024-03-05T01:56:19,2024-03-05,771,37,Online,Credit Card,COUPON9A-9,0.08,AUD
570767,2024-03-05T09:34:41,2024-03-05,139,36,Online,Afterpay,COUPONA9A9,11.97,AUD
570772,2024-03-05T04:38:20,2024-03-05,390,23,Retail,PayPal,COUPONA--Z,17.78,AUD
570801,2024-03-05T15:52:11,2024-03-05,741,41,Online,PayPal,COUPON9Z-0,11.99,AUD
570808,2024-03-05T09:32:42,2024-03-05,477,46,Retail,Credit Card,COUPON99-0,15.33,AUD
570995,2024-03-05T08:05:46,2024-03-05,268,33,Retail,Afterpay,COUPON99--,10.22,AUD
571020,2024-03-05T01:41:06,2024-03-05,659,15,Retail,Afterpay,COUPONZ---,9.05,AUD
571116,2024-03-05T19:15:35,2024-03-05,347,48,Retail,Afterpay,COUPON-AAA,9.25,AUD
571258,2024-03-05T11:06:22,2024-03-05,710,34,Retail,PayPal,COUPON0Z--,12.97,AUD
571651,2024-03-05T03:47:09,2024-03-05,159,42,Retail,PayPal,COUPON0-9-,0.95,AUD
571742,2024-03-05T19:03:52,2024-03-05,74,41,Retail,PayPal,COUPON0A-9,10.68,AUD
571778,2024-03-05T19:55:44,2024-03-05,461,24,Online,PayPal,COUPONZZ-0,10.92,AUD
571790,2024-03-05T03:39:59,2024-03-05,474,41,Online,Credit Card,COUPONZZZA,13.87,AUD
571827,2024-03-05T05:30:46,2024-03-05,355,22,Online,Afterpay,COUPON09Z-,12.43,AUD
571861,2024-03-05T15:59:13,2024-03-05,284,17,Retail,Credit Card,COUPON-Z00,2.29,AUD
571980,2024-03-05T03:18:59,2024-03-05,40,17,Retail,Afterpay,COUPONZ-99,19.2,AUD
572012,2024-03-05T15:43:40,2024-03-05,795,41,Retail,Afterpay,COUPON9--Z,10.29,AUD
572126,2024-03-05T04:57:46,2024-03-05,315,16,Retail,Credit Card,COUPON9---,12.9,AUD
572133,2024-03-05T00:15:20,2024-03-05,84,47,Online,PayPal,COUPON0-00,14.63,AUD
572278,2024-03-05T14:56:03,2024-03-05,223,20,Retail,Afterpay,COUPONAA-Z,9.79,AUD
572286,2024-03-05T20:04:32,2024-03-05,370,32,Retail,Afterpay,COUPON0ZAZ,15.89,AUD
572431,2024-03-05T11:08:31,2024-03-05,368,6,Online,Afterpay,COUPON00A-,10.81,AUD
572449,2024-03-05T03:45:08,2024-03-05,340,28,Online,Afterpay,COUPON0A-9,7.8,AUD
572452,2024-03-05T13:21:03,2024-03-05,229,8,Online,Afterpay,COUPON--9Z,4.96,AUD
572802,2024-03-05T13:53:33,2024-03-05,570,6,Retail,PayPal,COUPON--ZZ,5.54,AUD
572853,2024-03-05T01:44:24,2024-03-05,299,16,Retail,Credit Card,COUPON099Z,7.13,AUD
572935,2024-03-05T12:04:17,2024-03-05,182,9,Online,PayPal,COUPON--0Z,3.35,AUD
573049,2024-03-05T21:23:32,2024-03-05,463,27,Retail,Afterpay,COUPON-9Z-,8.72,AUD
573211,2024-03-05T04:13:50,2024-03-05,156,39,Retail,PayPal,COUPON-9AZ,19.64,AUD
573381,2024-03-05T12:58:31,2024-03-05,43,3,Retail,Afterpay,COUPON--9Z,4.21,AUD
573538,2024-03-05T09:01:39,2024-03-05,773,22,Online,PayPal,COUPONA--0,0.32,AUD
573662,2024-03-05T02:57:39,2024-03-05,73,31,Retail,Credit Card,COUPONZA9Z,4.54,AUD
573663,2024-03-05T21:39:46,2024-03-05,234,15,Retail,Afterpay,COUPON99Z-,18.43,AUD
573668,2024-03-05T11:48:50,2024-03-05,212,17,Retail,Credit Card,COUPON909Z,19.52,AUD
573911,2024-03-05T05:35:20,2024-03-05,331,42,Online,Afterpay,COUPON9Z-9,6.58,AUD
573925,2024-03-05T06:43:18,2024-03-05,764,30,Online,Afterpay,COUPONA-9Z,15.87,AUD
574172,2024-03-05T22:52:17,2024-03-05,769,2,Retail,PayPal,COUPON09AZ,13.75,AUD
574187,2024-03-05T02:04:10,2024-03-05,170,49,Online,Credit Card,COUPON-A0A,5.16,AUD
574267,2024-03-05T10:50:00,2024-03-05,338,8,Retail,Afterpay,COUPON-9-Z,14.17,AUD
574338,2024-03-05T10:45:33,2024-03-05,686,42,Online,Afterpay,COUPONZ-09,2.76,AUD
574373,2024-03-05T22:43:53,2024-03-05,687,19,Retail,Credit Card,COUPON-9-Z,4.32,AUD
574422,2024-03-05T21:39:44,2024-03-05,315,33,Retail,Afterpay,COUPON--AA,7.6,AUD
574740,2024-03-05T21:26:19,2024-03-05,230,25,Retail,PayPal,COUPONA0A-,11.8,AUD
574783,2024-03-05T20:16:41,2024-03-05,482,18,Online,Credit Card,COUPONZA--,4.81,AUD
574840,2024-03-05T16:59:49,2024-03-05,237,36,Online,PayPal,COUPON-9A-,13.34,AUD
574974,2024-03-05T20:21:57,2024-03-05,199,39,Online,PayPal,COUPONZ99Z,17.76,AUD
574997,2024-03-05T14:53:00,2024-03-05,14,38,Retail,Afterpay,COUPONZ0--,18.2,AUD
575093,2024-03-05T17:29:11,2024-03-05,551,12,Retail,PayPal,COUPONA-99,12.16,AUD
575134,2024-03-05T17:14:26,2024-03-05,774,47,Online,Credit Card,COUPONA990,5.39,AUD
575340,2024-03-05T12:30:24,2024-03-05,160,17,Retail,Credit Card,COUPONA0-9,13.19,AUD
575489,2024-03-05T06:15:14,2024-03-05,737,27,Retail,Afterpay,COUPON9Z99,17.47,AUD
575590,2024-03-05T18:01:51,2024-03-05,314,30,Retail,Afterpay,COUPON0-0Z,2.06,AUD
575949,2024-03-05T00:59:09,2024-03-05,145,28,Retail,PayPal,COUPON0AZA,4.84,AUD
576094,2024-03-05T00:01:32,2024-03-05,72,30,Retail,PayPal,COUPON9-0Z,3.4,AUD
576128,2024-03-05T04:46:07,2024-03-05,520,34,Online,PayPal,COUPONA-9-,10.52,AUD
576186,2024-03-05T20:41:33,2024-03-05,44,27,Online,Afterpay,COUPON-90Z,18.6,AUD
576208,2024-03-05T04:19:54,2024-03-05,741,6,Online,PayPal,COUPONZ9Z-,0.6,AUD
576217,2024-03-05T16:59:38,2024-03-05,773,6,Online,Credit Card,COUPONZ9Z-,0.72,AUD
576236,2024-03-05T16:32:09,2024-03-05,443,33,Retail,Afterpay,COUPON-9-Z,15.29,AUD
576540,2024-03-05T05:58:19,2024-03-05,744,31,Retail,Credit Card,COUPON0-A-,2.14,AUD
576651,2024-03-05T04:50:39,2024-03-05,647,20,Online,Afterpay,COUPONA99-,14.82,AUD
576757,2024-03-05T17:30:50,2024-03-05,201,38,Retail,Credit Card,COUPONZAZ9,15.54,AUD
577025,2024-03-05T05:04:45,2024-03-05,251,16,Online,Credit Card,COUPONA9AA,3.19,AUD
577056,2024-03-05T04:25:45,2024-03-05,671,46,Online,PayPal,COUPON-9--,5.29,AUD
577188,2024-03-05T17:57:56,2024-03-05,671,32,Online,Credit Card,COUPONZZA-,17.0,AUD
577226,2024-03-05T10:08:03,2024-03-05,277,33,Online,Afterpay,COUPON9ZZA,13.99,AUD
577228,2024-03-05T04:16:43,2024-03-05,174,36,Online,PayPal,COUPON0AA-,8.33,AUD
577238,2024-03-05T19:27:31,2024-03-05,306,31,Retail,Afterpay,COUPONAZ0Z,17.08,AUD
577343,2024-03-05T04:31:05,2024-03-05,60,36,Retail,Credit Card,COUPONZ-9Z,18.85,AUD
577374,2024-03-05T11:34:12,2024-03-05,777,2,Online,Credit Card,COUPON0--Z,9.09,AUD
577418,2024-03-05T23:58:16,2024-03-05,156,24,Online,Credit Card,COUPONA-09,9.22,AUD
577427,2024-03-05T02:36:01,2024-03-05,504,8,Online,Credit Card,COUPON-A-9,1.15,AUD
577460,2024-03-05T12:58:43,2024-03-05,443,50,Retail,PayPal,COUPONA-0-,14.73,AUD
577463,2024-03-05T02:41:33,2024-03-05,652,31,Online,PayPal,COUPONA-9Z,15.99,AUD
577662,2024-03-05T23:32:16,2024-03-05,120,9,Online,PayPal,COUPON0A-9,12.91,AUD
577691,2024-03-05T08:27:11,2024-03-05,341,19,Retail,PayPal,COUPON90Z-,3.2,AUD
577896,2024-03-05T01:56:44,2024-03-05,111,29,Online,Credit Card,COUPON-Z-9,1.51,AUD
577902,2024-03-05T19:56:56,2024-03-05,742,31,Online,PayPal,COUPON---0,17.09,AUD
577915,2024-03-05T11:13:54,2024-03-05,56,31,Retail,Afterpay,COUPON99AA,10.21,AUD
578007,2024-03-05T07:22:58,2024-03-05,766,36,Retail,Afterpay,COUPONA0-9,17.85,AUD
578123,2024-03-05T12:15:04,2024-03-05,124,8,Online,Credit Card,COUPONA-00,7.29,AUD
578283,2024-03-05T11:17:15,2024-03-05,404,3,Retail,PayPal,COUPON0Z90,14.94,AUD
578394,2024-03-05T10:44:30,2024-03-05,329,36,Retail,PayPal,COUPONZ--A,5.19,AUD
578437,2024-03-05T00:01:48,2024-03-05,536,19,Retail,Credit Card,COUPON-A09,8.06,AUD
578515,2024-03-05T19:05:16,2024-03-05,369,42,Online,Credit Card,COUPON000-,18.99,AUD
578624,2024-03-05T03:41:41,2024-03-05,487,15,Retail,PayPal,COUPONA-00,5.59,AUD
578645,2024-03-05T18:47:47,2024-03-05,175,4,Retail,Credit Card,COUPONA--9,0.82,AUD
578673,2024-03-05T15:25:35,2024-03-05,39,44,Online,PayPal,COUPONZ---,4.37,AUD
578830,2024-03-05T06:40:38,2024-03-05,474,32,Retail,Afterpay,COUPON-Z9Z,12.4,AUD
578850,2024-03-05T14:50:38,2024-03-05,33,25,Retail,PayPal,COUPON9A0Z,5.14,AUD
578956,2024-03-05T14:19:40,2024-03-05,693,8,Online,Afterpay,COUPON00--,15.86,AUD
578969,2024-03-05T12:08:00,2024-03-05,119,26,Online,PayPal,COUPON--A-,4.93,AUD
579032,2024-03-05T21:47:03,2024-03-05,785,37,Online,Credit Card,COUPONAZ-Z,13.84,AUD
579225,2024-03-05T17:59:03,2024-03-05,797,18,Retail,Credit Card,COUPON0AZ-,14.22,AUD
579227,2024-03-05T09:30:01,2024-03-05,395,45,Retail,PayPal,COUPON0A-0,10.79,AUD
579309,2024-03-05T09:11:50,2024-03-05,670,18,Retail,Afterpay,COUPON--9-,10.57,AUD
579420,2024-03-05T20:19:31,2024-03-05,759,40,Online,Credit Card,COUPON--90,6.08,AUD
579425,2024-03-05T23:18:28,2024-03-05,536,17,Online,Afterpay,COUPON-A9-,17.27,AUD
579533,2024-03-05T09:21:32,2024-03-05,410,18,Retail,PayPal,COUPON--00,2.59,AUD
579704,2024-03-05T07:28:56,2024-03-05,217,16,Retail,PayPal,COUPON-Z-0,9.94,AUD
579898,2024-03-05T14:24:25,2024-03-05,775,3,Online,Credit Card,COUPON--9-,7.76,AUD
580003,2024-03-05T02:16:40,2024-03-05,523,8,Retail,Credit Card,COUPONAZ9-,0.28,AUD
580056,2024-03-05T21:40:55,2024-03-05,94,50,Retail,Afterpay,COUPON0A9-,9.03,AUD
580072,2024-03-05T14:58:04,2024-03-05,711,26,Retail,PayPal,COUPON-9Z0,1.09,AUD
580266,2024-03-05T19:59:11,2024-03-05,755,8,Retail,Credit Card,COUPONAA-0,10.7,AUD
580367,2024-03-05T08:31:04,2024-03-05,644,27,Retail,Credit Card,COUPON9-Z-,18.67,AUD
580612,2024-03-05T14:34:46,2024-03-05,468,2,Retail,Credit Card,COUPON-0Z-,16.96,AUD
580648,2024-03-05T17:53:17,2024-03-05,553,7,Retail,Credit Card,COUPON0AZZ,1.93,AUD
580698,2024-03-05T16:05:18,2024-03-05,585,17,Online,PayPal,COUPON9---,9.43,AUD
580892,2024-03-05T06:09:43,2024-03-05,4,17,Online,Afterpay,COUPON0ZAA,2.02,AUD
580909,2024-03-05T02:39:48,2024-03-05,705,13,Online,Afterpay,COUPON-0Z-,14.48,AUD
581070,2024-03-05T17:43:35,2024-03-05,414,33,Retail,Credit Card,COUPON-A0Z,17.56,AUD
581280,2024-03-05T02:59:17,2024-03-05,490,42,Retail,Credit Card,COUPON0ZZ0,19.68,AUD
581417,2024-03-05T15:14:42,2024-03-05,504,4,Retail,Credit Card,COUPONZ-9Z,12.57,AUD
581507,2024-03-05T14:30:38,2024-03-05,3,44,Online,Credit Card,COUPONZ9A0,6.14,AUD
581754,2024-03-05T06:10:25,2024-03-05,702,12,Retail,Credit Card,COUPON-A99,17.64,AUD
581806,2024-03-05T17:39:15,2024-03-05,502,33,Retail,PayPal,COUPON--0A,3.25,AUD
581842,2024-03-05T22:20:20,2024-03-05,137,35,Retail,PayPal,COUPONZ---,0.86,AUD
581902,2024-03-05T13:36:16,2024-03-05,339,47,Online,Credit Card,COUPON-A9A,19.05,AUD
581986,2024-03-05T06:08:28,2024-03-05,592,37,Online,Afterpay,COUPON09--,8.61,AUD
581989,2024-03-05T04:49:09,2024-03-05,118,14,Online,Credit Card,COUPON--A9,10.93,AUD
582035,2024-03-05T12:54:17,2024-03-05,721,38,Online,PayPal,COUPON9000,18.96,AUD
582092,2024-03-05T00:16:36,2024-03-05,418,43,Retail,Credit Card,COUPONAA--,14.93,AUD
582218,2024-03-05T08:46:52,2024-03-05,432,14,Retail,PayPal,COUPONZ-ZZ,7.09,AUD
582456,2024-03-05T22:28:54,2024-03-05,648,38,Retail,PayPal,COUPON-9AA,2.86,AUD
582690,2024-03-05T07:06:18,2024-03-05,491,38,Online,Afterpay,COUPONAA--,11.56,AUD
582702,2024-03-05T05:13:43,2024-03-05,188,3,Online,Afterpay,COUPON-9Z9,10.28,AUD
582722,2024-03-05T04:28:52,2024-03-05,407,8,Retail,PayPal,COUPON-AA9,17.7,AUD
582732,2024-03-05T15:29:28,2024-03-05,456,12,Online,PayPal,COUPONA99A,6.29,AUD
582828,2024-03-05T02:33:05,2024-03-05,148,37,Retail,PayPal,COUPON99Z0,6.09,AUD
582839,2024-03-05T23:51:51,2024-03-05,566,23,Online,Credit Card,COUPON-0-9,6.92,AUD
582979,2024-03-05T07:59:25,2024-03-05,41,25,Online,PayPal,COUPON9ZZZ,10.24,AUD
583046,2024-03-05T08:30:27,2024-03-05,41,13,Online,Credit Card,COUPON-ZZZ,9.82,AUD
583101,2024-03-05T13:57:06,2024-03-05,408,2,Retail,Afterpay,COUPON-0Z0,1.1,AUD
583270,2024-03-05T05:35:47,2024-03-05,504,25,Retail,Afterpay,COUPON-Z00,11.8,AUD
583286,2024-03-05T04:36:32,2024-03-05,479,13,Online,PayPal,COUPON-9-Z,14.79,AUD
583290,2024-03-05T00:08:27,2024-03-05,127,3,Online,Credit Card,COUPON0-ZA,2.28,AUD
583320,2024-03-05T22:19:37,2024-03-05,19,14,Retail,Credit Card,COUPONA90-,15.62,AUD
583445,2024-03-05T11:35:09,2024-03-05,692,14,Online,Credit Card,COUPON00AZ,6.34,AUD
583746,2024-03-05T23:26:42,2024-03-05,39,29,Online,Credit Card,COUPONZ-0A,10.5,AUD
583785,2024-03-05T15:40:57,2024-03-05,670,21,Retail,PayPal,COUPON---0,5.39,AUD
583827,2024-03-05T02:49:32,2024-03-05,29,12,Online,PayPal,COUPON-AA0,14.07,AUD
583894,2024-03-05T05:26:20,2024-03-05,473,3,Retail,PayPal,COUPON9-A0,19.46,AUD
583944,2024-03-05T23:46:53,2024-03-05,251,48,Online,PayPal,COUPON9-Z-,11.22,AUD
583946,2024-03-05T13:33:33,2024-03-05,98,36,Online,Credit Card,COUPON00Z0,9.2,AUD
584106,2024-03-05T18:27:36,2024-03-05,122,31,Retail,PayPal,COUPON9ZAZ,18.16,AUD
584112,2024-03-05T16:08:46,2024-03-05,208,46,Online,PayPal,COUPON9Z00,2.12,AUD
584193,2024-03-05T20:09:27,2024-03-05,662,47,Online,Afterpay,COUPON-A-9,2.81,AUD
584203,2024-03-05T22:07:19,2024-03-05,441,17,Retail,PayPal,COUPON-Z--,17.63,AUD
584219,2024-03-05T18:55:18,2024-03-05,319,33,Online,Afterpay,COUPON9-0A,1.03,AUD
584380,2024-03-05T19:21:30,2024-03-05,689,13,Online,Credit Card,COUPON-9-A,11.82,AUD
584436,2024-03-05T21:21:17,2024-03-05,686,24,Online,Afterpay,COUPON-90Z,16.4,AUD
585025,2024-03-05T12:08:32,2024-03-05,637,31,Retail,PayPal,COUPON9-0-,10.3,AUD
585137,2024-03-05T01:18:11,2024-03-05,627,1,Online,Credit Card,COUPON00-A,12.91,AUD
585232,2024-03-05T22:01:25,2024-03-05,426,9,Retail,Afterpay,COUPON--00,11.02,AUD
585423,2024-03-05T06:44:58,2024-03-05,199,36,Retail,PayPal,COUPONZ-0-,4.22,AUD
585431,2024-03-05T04:30:05,2024-03-05,106,2,Retail,Afterpay,COUPONZAZ0,2.38,AUD
585517,2024-03-05T05:08:04,2024-03-05,394,35,Online,PayPal,COUPON0-9-,12.39,AUD
585531,2024-03-05T06:26:04,2024-03-05,668,46,Online,PayPal,COUPONAA0Z,0.84,AUD
585567,2024-03-05T02:16:19,2024-03-05,237,21,Retail,Credit Card,COUPON0-9-,7.13,AUD
585581,2024-03-05T16:36:38,2024-03-05,141,25,Retail,Credit Card,COUPONA--0,18.21,AUD
585612,2024-03-05T21:10:12,2024-03-05,691,19,Online,Afterpay,COUPON-A0A,10.09,AUD
585793,2024-03-05T18:57:45,2024-03-05,135,20,Online,Credit Card,COUPON90-0,15.24,AUD
585948,2024-03-05T19:15:00,2024-03-05,539,23,Online,Afterpay,COUPON-A-9,13.4,AUD
585972,2024-03-05T14:16:36,2024-03-05,492,43,Online,PayPal,COUPON-9-Z,15.08,AUD
586257,2024-03-05T07:27:57,2024-03-05,493,10,Retail,Credit Card,COUPON9--A,8.35,AUD
586310,2024-03-05T09:54:35,2024-03-05,493,24,Retail,Credit Card,COUPONZ-A0,19.07,AUD
586460,2024-03-05T01:07:38,2024-03-05,712,28,Retail,Credit Card,COUPONA99-,8.35,AUD
586522,2024-03-05T03:09:03,2024-03-05,784,26,Online,Afterpay,COUPONAZ9Z,10.1,AUD
586739,2024-03-05T05:27:23,2024-03-05,273,13,Online,PayPal,COUPONZ0-0,18.36,AUD
586869,2024-03-05T00:36:52,2024-03-05,92,11,Online,PayPal,COUPON9AAA,11.76,AUD
586884,2024-03-05T15:48:12,2024-03-05,60,5,Retail,Afterpay,COUPON0A0Z,3.53,AUD
586908,2024-03-05T09:27:02,2024-03-05,529,26,Online,PayPal,COUPON-09-,17.77,AUD
587000,2024-03-05T02:51:05,2024-03-05,753,32,Online,Credit Card,COUPONZ--0,18.34,AUD
587002,2024-03-05T13:18:35,2024-03-05,93,33,Retail,Credit Card,COUPONAAA-,2.58,AUD
587071,2024-03-05T06:27:09,2024-03-05,547,21,Online,Credit Card,COUPONZA--,18.81,AUD
587138,2024-03-05T21:37:16,2024-03-05,650,10,Online,Credit Card,COUPON0Z-0,8.58,AUD
587191,2024-03-05T20:37:03,2024-03-05,595,48,Retail,PayPal,COUPON9Z90,17.49,AUD
587490,2024-03-05T12:48:33,2024-03-05,199,2,Retail,Afterpay,COUPON90AZ,11.69,AUD
587514,2024-03-05T17:53:49,2024-03-05,673,26,Online,PayPal,COUPON9A9Z,13.8,AUD
587617,2024-03-05T19:14:11,2024-03-05,389,36,Retail,Afterpay,COUPON-9A0,3.13,AUD
587729,2024-03-05T14:47:12,2024-03-05,653,12,Retail,Afterpay,COUPON-A9-,1.27,AUD
587805,2024-03-05T04:41:22,2024-03-05,243,36,Retail,PayPal,COUPON--Z9,3.13,AUD
587897,2024-03-05T17:18:15,2024-03-05,224,6,Retail,PayPal,COUPON9--9,6.6,AUD
588024,2024-03-05T09:36:53,2024-03-05,72,4,Retail,Afterpay,COUPON-9-0,17.8,AUD
588068,2024-03-05T02:16:08,2024-03-05,310,34,Retail,PayPal,COUPON09Z9,18.75,AUD
588219,2024-03-05T04:59:33,2024-03-05,411,35,Online,PayPal,COUPON0-9-,15.18,AUD
588249,2024-03-05T16:22:40,2024-03-05,522,1,Retail,Afterpay,COUPONZ00Z,18.75,AUD
588323,2024-03-05T13:16:48,2024-03-05,245,36,Retail,PayPal,COUPON90A9,2.04,AUD
588360,2024-03-05T01:31:29,2024-03-05,474,18,Retail,Afterpay,COUPONZAZ-,11.49,AUD
588367,2024-03-05T01:04:44,2024-03-05,67,6,Online,Afterpay,COUPONA009,13.29,AUD
588417,2024-03-05T22:07:46,2024-03-05,151,16,Online,PayPal,COUPON-Z99,7.13,AUD
588425,2024-03-05T15:02:26,2024-03-05,431,16,Retail,Afterpay,COUPON9Z-Z,10.86,AUD
588559,2024-03-05T07:20:13,2024-03-05,606,33,Online,Credit Card,COUPON-9A-,15.59,AUD
588710,2024-03-05T13:17:52,2024-03-05,112,21,Online,Afterpay,COUPON9---,17.14,AUD
588790,2024-03-05T07:05:33,2024-03-05,168,23,Online,PayPal,COUPONZ9A-,19.89,AUD
588811,2024-03-05T06:33:16,2024-03-05,158,42,Online,Credit Card,COUPON0-0-,9.24,AUD
588831,2024-03-05T16:56:29,2024-03-05,291,49,Online,Credit Card,COUPONZ9A0,7.97,AUD
588910,2024-03-05T16:38:01,2024-03-05,7,21,Retail,Credit Card,COUPONAZA-,9.83,AUD
589102,2024-03-05T18:34:54,2024-03-05,302,38,Retail,Credit Card,COUPON0-90,14.94,AUD
589144,2024-03-05T20:38:12,2024-03-05,759,12,Retail,Afterpay,COUPON0999,0.94,AUD
589214,2024-03-05T01:48:54,2024-03-05,308,2,Online,Afterpay,COUPON-ZA0,13.86,AUD
589287,2024-03-05T17:41:42,2024-03-05,351,10,Retail,PayPal,COUPON-AZ0,2.64,AUD
589323,2024-03-05T06:51:02,2024-03-05,709,17,Retail,Afterpay,COUPON0Z9-,8.01,AUD
589352,2024-03-05T18:41:16,2024-03-05,349,38,Online,Credit Card,COUPONAZ--,5.37,AUD
589391,2024-03-05T05:09:03,2024-03-05,545,1,Online,PayPal,COUPONZ9Z-,17.12,AUD
589503,2024-03-05T02:57:50,2024-03-05,52,4,Retail,Credit Card,COUPONZA--,18.05,AUD
589507,2024-03-05T20:03:44,2024-03-05,797,46,Retail,Credit Card,COUPON9-A9,10.99,AUD
589594,2024-03-05T05:50:00,2024-03-05,703,8,Online,Credit Card,COUPON00ZA,15.82,AUD
589694,2024-03-05T05:38:34,2024-03-05,90,31,Online,Credit Card,COUPON0Z99,2.69,AUD
589879,2024-03-05T13:00:53,2024-03-05,249,37,Online,Credit Card,COUPONAZ00,8.55,AUD
589944,2024-03-05T12:54:18,2024-03-05,755,18,Retail,PayPal,COUPON9--A,19.93,AUD
590036,2024-03-05T19:51:39,2024-03-05,74,35,Retail,Afterpay,COUPONA--Z,15.55,AUD
590092,2024-03-05T12:24:09,2024-03-05,366,50,Retail,Credit Card,COUPON9A0-,12.43,AUD
590225,2024-03-05T22:54:30,2024-03-05,787,2,Online,Credit Card,COUPONA-A-,17.83,AUD
590382,2024-03-05T14:42:33,2024-03-05,476,24,Online,Afterpay,COUPONAZ9-,8.61,AUD
590492,2024-03-05T15:01:18,2024-03-05,653,4,Online,PayPal,COUPON0-ZZ,16.69,AUD
590521,2024-03-05T06:52:21,2024-03-05,287,6,Online,PayPal,COUPON---9,16.2,AUD
590881,2024-03-05T14:02:10,2024-03-05,643,15,Retail,PayPal,COUPON-AA-,12.85,AUD
590905,2024-03-05T05:38:55,2024-03-05,349,31,Online,Credit Card,COUPONAA-9,16.38,AUD
590918,2024-03-05T12:04:15,2024-03-05,732,25,Retail,PayPal,COUPON09--,2.24,AUD
591049,2024-03-05T08:50:10,2024-03-05,359,37,Online,PayPal,COUPON00-Z,1.48,AUD
591127,2024-03-05T14:39:03,2024-03-05,272,24,Online,Credit Card,COUPON09A-,7.37,AUD
591360,2024-03-05T03:40:16,2024-03-05,429,41,Retail,Credit Card,COUPON-A0A,15.26,AUD
591389,2024-03-05T03:30:44,2024-03-05,702,29,Online,Credit Card,COUPON00-0,8.27,AUD
591446,2024-03-05T18:07:54,2024-03-05,582,37,Retail,Afterpay,COUPONA---,7.37,AUD
591559,2024-03-05T05:13:58,2024-03-05,49,10,Retail,PayPal,COUPONZ-9-,1.22,AUD
591666,2024-03-05T22:36:16,2024-03-05,792,5,Retail,PayPal,COUPON---Z,6.11,AUD
591834,2024-03-05T03:30:43,2024-03-05,659,2,Online,PayPal,COUPON9-0-,15.05,AUD
591944,2024-03-05T17:28:35,2024-03-05,455,15,Retail,Credit Card,COUPONAA-Z,1.2,AUD
591997,2024-03-05T16:13:48,2024-03-05,25,35,Online,Credit Card,COUPONAA90,11.3,AUD
592019,2024-03-05T13:15:11,2024-03-05,360,34,Online,Credit Card,COUPON0-9-,5.71,AUD
592043,2024-03-05T15:59:35,2024-03-05,122,38,Online,Credit Card,COUPON-9Z9,16.15,AUD
592134,2024-03-05T19:00:04,2024-03-05,3,40,Retail,Credit Card,COUPON0--Z,12.27,AUD
592149,2024-03-05T18:32:30,2024-03-05,424,1,Retail,Credit Card,COUPONA-9-,10.52,AUD
592197,2024-03-05T16:59:56,2024-03-05,616,7,Online,Afterpay,COUPONAA0-,13.07,AUD
592223,2024-03-05T19:20:15,2024-03-05,349,11,Retail,Credit Card,COUPON90-Z,1.66,AUD
592258,2024-03-05T06:20:26,2024-03-05,553,35,Online,Credit Card,COUPON9-9Z,15.38,AUD
592286,2024-03-05T12:14:32,2024-03-05,490,43,Retail,Afterpay,COUPON090Z,10.97,AUD
592300,2024-03-05T01:23:50,2024-03-05,30,1,Online,PayPal,COUPONZZAZ,6.47,AUD
592623,2024-03-05T11:32:14,2024-03-05,633,45,Online,Credit Card,COUPON-0Z-,14.36,AUD
592735,2024-03-05T13:57:37,2024-03-05,226,24,Retail,Credit Card,COUPON-A-0,7.91,AUD
592857,2024-03-05T11:36:54,2024-03-05,540,31,Online,Credit Card,COUPONZ-A-,13.54,AUD
593056,2024-03-05T22:44:43,2024-03-05,698,14,Retail,Credit Card,COUPONZ--0,12.19,AUD
593057,2024-03-05T07:36:22,2024-03-05,38,43,Retail,Afterpay,COUPON0Z-0,11.37,AUD
593087,2024-03-05T06:38:37,2024-03-05,440,47,Online,Credit Card,COUPON9-0Z,8.35,AUD
593202,2024-03-05T19:55:38,2024-03-05,1,45,Online,PayPal,COUPON99A0,16.65,AUD
593263,2024-03-05T06:56:45,2024-03-05,381,31,Online,PayPal,COUPON9-9A,3.14,AUD
593403,2024-03-05T05:38:04,2024-03-05,238,46,Retail,Credit Card,COUPON9-0A,4.93,AUD
593410,2024-03-05T23:14:52,2024-03-05,695,9,Retail,PayPal,COUPON09Z-,0.73,AUD
593457,2024-03-05T11:36:24,2024-03-05,356,5,Retail,Credit Card,COUPON-00Z,5.41,AUD
593689,2024-03-05T01:09:05,2024-03-05,312,31,Retail,Afterpay,COUPON-9Z-,16.22,AUD
593751,2024-03-05T13:54:02,2024-03-05,382,28,Online,Credit Card,COUPON--A9,16.86,AUD
593762,2024-03-05T09:05:16,2024-03-05,65,8,Retail,PayPal,COUPON-900,4.13,AUD
594032,2024-03-05T10:54:34,2024-03-05,75,5,Online,Credit Card,COUPONZ--Z,10.24,AUD
594113,2024-03-05T01:56:42,2024-03-05,656,41,Online,Credit Card,COUPONA-A-,10.25,AUD
594114,2024-03-05T01:19:51,2024-03-05,273,12,Retail,PayPal,COUPONZ0A-,9.02,AUD
594338,2024-03-05T06:04:01,2024-03-05,51,20,Retail,Credit Card,COUPON09-9,9.17,AUD
594402,2024-03-05T22:43:47,2024-03-05,570,47,Online,Afterpay,COUPON0-9A,3.69,AUD
594440,2024-03-05T22:04:00,2024-03-05,292,12,Online,Credit Card,COUPON-ZZ-,14.7,AUD
594611,2024-03-05T03:29:44,2024-03-05,184,22,Retail,Afterpay,COUPONZ00Z,8.73,AUD
594731,2024-03-05T23:49:05,2024-03-05,437,2,Online,Credit Card,COUPONAAZ9,9.06,AUD
594790,2024-03-05T13:20:53,2024-03-05,586,26,Retail,Afterpay,COUPONAZ-Z,8.53,AUD
595033,2024-03-05T15:49:21,2024-03-05,167,42,Retail,Afterpay,COUPON9-9Z,0.47,AUD
595142,2024-03-05T00:37:06,2024-03-05,6,47,Retail,Afterpay,COUPON--0-,11.86,AUD
595423,2024-03-05T08:50:28,2024-03-05,209,32,Retail,Afterpay,COUPON0-ZA,3.08,AUD
595654,2024-03-05T10:44:36,2024-03-05,424,17,Online,Credit Card,COUPONZA-A,17.99,AUD
595754,2024-03-05T20:39:13,2024-03-05,399,27,Online,PayPal,COUPON-A0A,4.7,AUD
595801,2024-03-05T15:17:54,2024-03-05,193,40,Online,Credit Card,COUPONZ0-Z,0.26,AUD
595805,2024-03-05T08:20:23,2024-03-05,677,13,Retail,PayPal,COUPON-0Z9,2.21,AUD
596139,2024-03-05T16:51:52,2024-03-05,556,21,Online,PayPal,COUPONZA9Z,15.59,AUD
596363,2024-03-05T12:51:50,2024-03-05,17,32,Retail,PayPal,COUPON0A99,19.86,AUD
596391,2024-03-05T17:56:13,2024-03-05,53,32,Retail,PayPal,COUPON-ZZZ,0.33,AUD
596633,2024-03-05T06:38:57,2024-03-05,493,38,Retail,PayPal,COUPON9--9,10.85,AUD
596723,2024-03-05T19:17:38,2024-03-05,58,47,Online,Afterpay,COUPON9A9-,4.83,AUD
596770,2024-03-05T03:26:19,2024-03-05,472,32,Online,Credit Card,COUPON9A99,1.36,AUD
596778,2024-03-05T00:29:41,2024-03-05,496,9,Online,Afterpay,COUPON9-A0,3.33,AUD
596790,2024-03-05T05:42:09,2024-03-05,676,49,Online,Afterpay,COUPON-00A,11.91,AUD
597169,2024-03-05T06:54:16,2024-03-05,315,38,Retail,Afterpay,COUPON9---,1.38,AUD
597233,2024-03-05T20:56:01,2024-03-05,269,21,Retail,PayPal,COUPON-909,9.75,AUD
597362,2024-03-05T20:29:15,2024-03-05,160,19,Retail,Credit Card,COUPON0AZ0,15.64,AUD
597375,2024-03-05T16:59:54,2024-03-05,518,9,Online,Credit Card,COUPONZAA-,3.68,AUD
597522,2024-03-05T22:26:06,2024-03-05,773,21,Retail,Afterpay,COUPON-Z--,15.85,AUD
597581,2024-03-05T02:47:54,2024-03-05,472,30,Retail,PayPal,COUPON0--Z,9.25,AUD
597667,2024-03-05T13:19:46,2024-03-05,291,12,Retail,Credit Card,COUPON--Z9,7.35,AUD
597747,2024-03-05T13:00:17,2024-03-05,535,24,Online,Afterpay,COUPON0Z-0,0.5,AUD
597913,2024-03-05T12:57:07,2024-03-05,578,32,Online,Afterpay,COUPON-909,3.21,AUD
598064,2024-03-05T11:10:42,2024-03-05,82,38,Retail,Afterpay,COUPONZ9-0,7.89,AUD
598091,2024-03-05T09:56:28,2024-03-05,774,11,Retail,PayPal,COUPONZZ-Z,1.97,AUD
598104,2024-03-05T09:32:55,2024-03-05,800,41,Online,Afterpay,COUPONZZ-Z,14.84,AUD
598226,2024-03-05T14:41:29,2024-03-05,718,24,Online,Credit Card,COUPONA-9-,13.62,AUD
598256,2024-03-05T01:51:03,2024-03-05,738,37,Online,Afterpay,COUPONZA-A,11.36,AUD
598345,2024-03-05T06:16:26,2024-03-05,376,7,Online,Credit Card,COUPON0-Z0,16.48,AUD
598551,2024-03-05T17:45:55,2024-03-05,743,47,Online,Afterpay,COUPON-Z9-,16.75,AUD
598553,2024-03-05T06:54:14,2024-03-05,322,16,Retail,Afterpay,COUPON999Z,17.85,AUD
598574,2024-03-05T00:41:33,2024-03-05,237,41,Retail,Afterpay,COUPON-0Z-,3.38,AUD
599113,2024-03-05T12:21:26,2024-03-05,379,42,Retail,PayPal,COUPON-A9Z,16.21,AUD
599361,2024-03-05T14:29:04,2024-03-05,47,29,Online,PayPal,COUPONZ99A,14.97,AUD
599408,2024-03-05T03:52:50,2024-03-05,795,3,Retail,Credit Card,COUPON000Z,16.26,AUD
599475,2024-03-05T08:37:52,2024-03-05,326,2,Online,Afterpay,COUPON90-A,8.48,AUD
599675,2024-03-05T08:04:38,2024-03-05,570,13,Online,Credit Card,COUPONA-AA,11.81,AUD
599688,2024-03-05T02:11:49,2024-03-05,475,15,Retail,Afterpay,COUPON----,6.24,AUD
599865,2024-03-05T07:20:33,2024-03-05,586,38,Online,Credit Card,COUPONZ9ZA,14.27,AUD
599980,2024-03-05T04:26:11,2024-03-05,599,47,Online,PayPal,COUPONZZ-9,10.72,AUD
600158,2024-03-05T15:04:39,2024-03-05,29,11,Online,PayPal,COUPON-A-Z,19.49,AUD
600414,2024-03-05T23:52:47,2024-03-05,594,29,Retail,PayPal,COUPON-90-,3.42,AUD
600441,2024-03-05T01:34:50,2024-03-05,759,39,Retail,Afterpay,COUPONZAAA,11.56,AUD
600757,2024-03-05T05:12:33,2024-03-05,130,43,Online,PayPal,COUPON9ZZA,12.32,AUD
600858,2024-03-05T22:55:10,2024-03-05,46,7,Online,Credit Card,COUPON0-9-,14.29,AUD
600897,2024-03-05T13:34:42,2024-03-05,770,2,Online,PayPal,COUPONA-9A,6.38,AUD
600908,2024-03-05T08:26:07,2024-03-05,228,6,Retail,Afterpay,COUPON9A-A,0.17,AUD
600913,2024-03-05T05:35:17,2024-03-05,63,24,Retail,PayPal,COUPON9AZ-,6.67,AUD
601051,2024-03-05T00:50:46,2024-03-05,471,3,Retail,Credit Card,COUPON-ZA-,1.55,AUD
601067,2024-03-05T05:11:31,2024-03-05,354,42,Retail,PayPal,COUPON-0--,19.18,AUD
601075,2024-03-05T13:57:57,2024-03-05,78,14,Online,PayPal,COUPON-A9-,17.56,AUD
601117,2024-03-05T08:26:16,2024-03-05,552,6,Retail,Afterpay,COUPONAZZZ,7.38,AUD
601181,2024-03-05T16:23:44,2024-03-05,388,19,Online,PayPal,COUPON---0,3.86,AUD
601195,2024-03-05T08:40:19,2024-03-05,730,35,Online,PayPal,COUPON999-,12.91,AUD
601264,2024-03-05T13:11:22,2024-03-05,329,13,Retail,PayPal,COUPON00ZA,8.04,AUD
601299,2024-03-05T22:49:01,2024-03-05,538,5,Retail,PayPal,COUPONA---,0.73,AUD
601330,2024-03-05T19:51:30,2024-03-05,588,9,Retail,Afterpay,COUPON-A99,2.75,AUD
601403,2024-03-05T22:12:24,2024-03-05,363,40,Retail,Credit Card,COUPON9Z--,11.12,AUD
601476,2024-03-05T04:33:54,2024-03-05,611,27,Online,Afterpay,COUPON-0ZZ,19.69,AUD
601485,2024-03-05T20:00:12,2024-03-05,490,15,Retail,PayPal,COUPONA0Z9,2.89,AUD
601491,2024-03-05T15:16:45,2024-03-05,332,19,Retail,Afterpay,COUPON-00-,13.09,AUD
601524,2024-03-05T00:06:20,2024-03-05,481,48,Retail,Afterpay,COUPONZ9Z9,4.41,AUD
601589,2024-03-05T08:39:21,2024-03-05,419,38,Retail,PayPal,COUPON--9Z,4.47,AUD
601709,2024-03-05T20:15:06,2024-03-05,137,47,Online,Afterpay,COUPON0Z9Z,18.23,AUD
601867,2024-03-05T07:06:14,2024-03-05,579,41,Retail,Credit Card,COUPONZ90A,8.52,AUD
601991,2024-03-05T02:46:42,2024-03-05,298,21,Retail,Afterpay,COUPON---A,10.41,AUD
602007,2024-03-05T20:51:50,2024-03-05,595,19,Retail,Credit Card,COUPONZ9ZA,19.94,AUD
602013,2024-03-05T11:13:26,2024-03-05,380,35,Retail,Afterpay,COUPONZ0--,12.77,AUD
602151,2024-03-05T10:07:21,2024-03-05,652,7,Retail,Credit Card,COUPON9-A-,16.62,AUD
602161,2024-03-05T14:16:15,2024-03-05,106,38,Retail,PayPal,COUPON0-Z-,9.75,AUD
602188,2024-03-05T07:24:40,2024-03-05,684,6,Retail,Afterpay,COUPONZ0--,6.4,AUD
602199,2024-03-05T22:09:22,2024-03-05,98,45,Retail,Afterpay,COUPON0AAZ,13.5,AUD
602280,2024-03-05T03:29:59,2024-03-05,284,28,Retail,Afterpay,COUPON0ZZ0,17.31,AUD
602541,2024-03-05T13:23:01,2024-03-05,744,20,Online,Credit Card,COUPON-9A-,3.93,AUD
602596,2024-03-05T12:43:04,2024-03-05,699,28,Retail,Credit Card,COUPON--Z-,15.7,AUD
602655,2024-03-05T05:10:53,2024-03-05,522,42,Retail,Credit Card,COUPONA-90,19.46,AUD
602771,2024-03-05T20:29:38,2024-03-05,126,23,Retail,PayPal,COUPONZ99-,7.13,AUD
602828,2024-03-05T02:08:07,2024-03-05,229,30,Online,Credit Card,COUPON--09,1.82,AUD
602841,2024-03-05T09:13:57,2024-03-05,723,17,Retail,Afterpay,COUPON--0A,8.71,AUD
602935,2024-03-05T04:28:48,2024-03-05,282,35,Retail,Afterpay,COUPONAZ00,13.76,AUD
603099,2024-03-05T11:11:57,2024-03-05,623,33,Online,Credit Card,COUPON--A-,0.02,AUD
603132,2024-03-05T08:08:20,2024-03-05,257,9,Online,PayPal,COUPON-990,12.19,AUD
603364,2024-03-05T13:19:58,2024-03-05,730,32,Retail,PayPal,COUPONAA-9,19.05,AUD
603479,2024-03-05T00:42:43,2024-03-05,521,32,Retail,Credit Card,COUPON-9A0,1.17,AUD
603507,2024-03-05T17:54:09,2024-03-05,72,23,Online,Credit Card,COUPON09-9,12.46,AUD
603554,2024-03-05T13:40:52,2024-03-05,87,26,Online,PayPal,COUPONA-Z9,1.36,AUD
603607,2024-03-05T06:15:37,2024-03-05,273,9,Retail,Credit Card,COUPON90ZA,15.7,AUD
603700,2024-03-05T13:03:45,2024-03-05,598,13,Retail,Afterpay,COUPONA0-Z,7.43,AUD
603913,2024-03-05T23:55:09,2024-03-05,279,33,Retail,Afterpay,COUPON0ZA9,9.24,AUD
603956,2024-03-05T07:08:39,2024-03-05,651,50,Online,Afterpay,COUPONAAZZ,9.72,AUD
604034,2024-03-05T10:08:22,2024-03-05,360,25,Retail,PayPal,COUPONZZ--,6.15,AUD
604051,2024-03-05T18:20:30,2024-03-05,733,12,Online,Credit Card,COUPONAZ90,17.68,AUD
604322,2024-03-05T07:49:04,2024-03-05,103,32,Online,Afterpay,COUPON--AZ,2.17,AUD
604361,2024-03-05T02:04:48,2024-03-05,85,2,Retail,PayPal,COUPON-AAA,3.75,AUD
604697,2024-03-05T17:33:12,2024-03-05,106,25,Online,PayPal,COUPONZ-9-,1.33,AUD
604793,2024-03-05T18:05:21,2024-03-05,259,27,Retail,Credit Card,COUPON00ZZ,15.34,AUD
604860,2024-03-05T02:26:54,2024-03-05,380,28,Online,Afterpay,COUPON-ZA-,7.24,AUD
604938,2024-03-05T14:53:06,2024-03-05,196,12,Retail,PayPal,COUPON-09-,14.55,AUD
605162,2024-03-05T09:30:41,2024-03-05,176,27,Online,Afterpay,COUPON900-,4.82,AUD
605341,2024-03-05T00:04:01,2024-03-05,219,38,Online,PayPal,COUPONA-9Z,10.91,AUD
605488,2024-03-05T05:39:14,2024-03-05,252,30,Online,Afterpay,COUPON99ZA,10.69,AUD
605753,2024-03-05T06:58:17,2024-03-05,291,44,Online,Afterpay,COUPONAZ--,4.89,AUD
605777,2024-03-05T11:16:57,2024-03-05,664,22,Online,Credit Card,COUPON-Z0Z,7.98,AUD
605827,2024-03-05T00:10:37,2024-03-05,90,7,Online,Afterpay,COUPON00Z0,2.88,AUD
605879,2024-03-05T13:04:08,2024-03-05,299,17,Retail,PayPal,COUPON9--Z,18.42,AUD
605885,2024-03-05T23:51:06,2024-03-05,215,43,Online,Afterpay,COUPON99A-,4.22,AUD
606079,2024-03-05T09:27:28,2024-03-05,62,42,Online,Credit Card,COUPON0AAZ,10.15,AUD
606235,2024-03-05T20:38:08,2024-03-05,54,32,Online,PayPal,COUPONZZA9,4.16,AUD
606256,2024-03-05T02:42:23,2024-03-05,662,48,Retail,Credit Card,COUPON9Z0Z,19.87,AUD
606338,2024-03-05T10:09:35,2024-03-05,220,6,Online,Credit Card,COUPON0-90,10.71,AUD
606650,2024-03-05T20:13:54,2024-03-05,446,25,Retail,PayPal,COUPON--9Z,19.91,AUD
606664,2024-03-05T04:12:55,2024-03-05,631,31,Online,Afterpay,COUPON-0AA,15.22,AUD
606714,2024-03-05T18:57:17,2024-03-05,639,38,Online,Afterpay,COUPONA--0,0.49,AUD
606806,2024-03-05T22:33:20,2024-03-05,569,27,Online,Afterpay,COUPON00-0,16.71,AUD
606872,2024-03-05T09:47:10,2024-03-05,297,37,Online,PayPal,COUPON-099,10.96,AUD
606891,2024-03-05T12:42:20,2024-03-05,446,46,Online,Credit Card,COUPON0Z09,12.35,AUD
606946,2024-03-05T08:05:30,2024-03-05,679,16,Online,Credit Card,COUPON0Z0A,14.77,AUD
607019,2024-03-05T07:01:32,2024-03-05,30,2,Online,PayPal,COUPONAZ0-,7.53,AUD
607132,2024-03-05T00:40:00,2024-03-05,475,14,Online,Credit Card,COUPON9ZZ0,16.93,AUD
607285,2024-03-05T06:25:29,2024-03-05,707,7,Retail,PayPal,COUPONZZ--,18.41,AUD
607417,2024-03-05T00:08:36,2024-03-05,667,4,Online,Credit Card,COUPONZ-A-,6.4,AUD
607692,2024-03-05T04:55:44,2024-03-05,552,46,Online,Afterpay,COUPONAA09,12.49,AUD
607835,2024-03-05T10:07:15,2024-03-05,452,37,Retail,Afterpay,COUPON--ZZ,6.37,AUD
607891,2024-03-05T03:59:29,2024-03-05,268,28,Retail,Credit Card,COUPON-9A-,8.66,AUD
607903,2024-03-05T16:44:29,2024-03-05,31,44,Online,PayPal,COUPON0009,17.69,AUD
608024,2024-03-05T09:09:44,2024-03-05,763,16,Online,Credit Card,COUPON-99A,10.83,AUD
608167,2024-03-05T00:24:18,2024-03-05,574,39,Online,Afterpay,COUPON-ZZ9,17.1,AUD
608187,2024-03-05T10:09:21,2024-03-05,772,41,Online,Afterpay,COUPON-0ZZ,7.68,AUD
608243,2024-03-05T09:05:06,2024-03-05,774,18,Retail,PayPal,COUPON0Z9-,10.5,AUD
608253,2024-03-05T21:41:11,2024-03-05,136,45,Online,Afterpay,COUPON0-Z-,5.02,AUD
608326,2024-03-05T02:38:17,2024-03-05,561,42,Online,PayPal,COUPON90-A,2.2,AUD
608353,2024-03-05T05:16:25,2024-03-05,258,29,Online,Credit Card,COUPONAAZZ,11.05,AUD
608390,2024-03-05T22:23:52,2024-03-05,456,1,Online,Credit Card,COUPON-9A0,18.2,AUD
608402,2024-03-05T09:04:21,2024-03-05,101,17,Online,Credit Card,COUPON-99-,1.69,AUD
608581,2024-03-05T02:19:32,2024-03-05,449,11,Online,PayPal,COUPON0-A-,16.42,AUD
608608,2024-03-05T13:28:48,2024-03-05,345,31,Online,Afterpay,COUPON--00,10.82,AUD
608687,2024-03-05T06:43:52,2024-03-05,751,14,Retail,PayPal,COUPON-09A,4.8,AUD
608812,2024-03-05T03:37:46,2024-03-05,359,16,Online,Afterpay,COUPON9Z-0,0.2,AUD
608850,2024-03-05T22:59:03,2024-03-05,2,15,Online,Credit Card,COUPONA9--,8.18,AUD
608932,2024-03-05T06:47:26,2024-03-05,526,5,Online,PayPal,COUPON-A-Z,6.9,AUD
608937,2024-03-05T09:51:41,2024-03-05,718,11,Retail,Afterpay,COUPON9ZZ9,7.1,AUD
609270,2024-03-05T10:16:09,2024-03-05,3,14,Retail,Credit Card,COUPON-A9A,10.88,AUD
609345,2024-03-05T13:39:15,2024-03-05,755,24,Retail,Afterpay,COUPON----,0.99,AUD
609450,2024-03-05T08:08:28,2024-03-05,340,9,Online,PayPal,COUPON90-Z,18.58,AUD
609486,2024-03-05T14:43:36,2024-03-05,531,50,Online,Credit Card,COUPONAZ--,6.33,AUD
609584,2024-03-05T04:51:59,2024-03-05,17,34,Retail,PayPal,COUPON-ZZZ,16.03,AUD
609731,2024-03-05T12:05:59,2024-03-05,255,23,Online,Credit Card,COUPONA0Z-,8.43,AUD
609803,2024-03-05T13:16:12,2024-03-05,718,23,Retail,Afterpay,COUPON9AZ9,16.9,AUD
610064,2024-03-05T04:11:18,2024-03-05,734,6,Retail,Credit Card,COUPON-9ZZ,1.16,AUD
610182,2024-03-05T01:12:15,2024-03-05,11,7,Online,Credit Card,COUPON99-9,8.01,AUD
610235,2024-03-05T15:24:04,2024-03-05,421,28,Retail,Credit Card,COUPON99--,5.39,AUD
610295,2024-03-05T15:35:43,2024-03-05,634,22,Retail,Credit Card,COUPONZ9Z0,15.65,AUD
610407,2024-03-05T15:32:48,2024-03-05,310,42,Online,Credit Card,COUPON9--0,17.26,AUD
610494,2024-03-05T11:44:33,2024-03-05,528,29,Retail,Afterpay,COUPON9-A-,4.12,AUD
610645,2024-03-05T14:31:30,2024-03-05,421,35,Retail,PayPal,COUPONZA00,5.25,AUD
610926,2024-03-05T10:29:15,2024-03-05,636,14,Retail,PayPal,COUPON--09,4.75,AUD
610990,2024-03-05T11:04:50,2024-03-05,732,31,Online,Credit Card,COUPONA-0Z,17.18,AUD
611074,2024-03-05T00:08:17,2024-03-05,675,24,Retail,PayPal,COUPON-9--,4.96,AUD
611133,2024-03-05T00:04:27,2024-03-05,762,17,Retail,PayPal,COUPON0A--,10.92,AUD
611147,2024-03-05T23:13:28,2024-03-05,387,2,Retail,PayPal,COUPON-A99,8.67,AUD
611150,2024-03-05T13:36:56,2024-03-05,287,42,Online,Credit Card,COUPON90-A,16.65,AUD
611262,2024-03-05T03:54:12,2024-03-05,749,21,Retail,Afterpay,COUPON--A-,5.69,AUD
611273,2024-03-05T15:08:51,2024-03-05,744,5,Retail,PayPal,COUPON--Z-,12.83,AUD
611361,2024-03-05T21:30:02,2024-03-05,356,46,Retail,Credit Card,COUPON-ZZ9,17.8,AUD
611536,2024-03-05T01:26:39,2024-03-05,453,38,Retail,Credit Card,COUPON0-9-,2.98,AUD
611543,2024-03-05T21:22:21,2024-03-05,587,8,Online,Afterpay,COUPONA09Z,12.93,AUD
611788,2024-03-05T20:26:53,2024-03-05,113,24,Retail,Credit Card,COUPON00--,6.8,AUD
612322,2024-03-05T16:07:53,2024-03-05,736,5,Retail,Credit Card,COUPON-Z0A,11.88,AUD
612387,2024-03-05T02:59:51,2024-03-05,377,26,Online,PayPal,COUPONA0ZA,15.24,AUD
612421,2024-03-05T20:30:51,2024-03-05,418,23,Retail,Afterpay,COUPON--09,3.39,AUD
612510,2024-03-05T16:42:04,2024-03-05,516,16,Retail,Credit Card,COUPON-Z0Z,16.3,AUD
612630,2024-03-05T17:22:15,2024-03-05,619,31,Retail,Credit Card,COUPONA9-Z,17.75,AUD
612910,2024-03-05T01:03:46,2024-03-05,47,37,Retail,Afterpay,COUPONA9--,7.1,AUD
612988,2024-03-05T17:16:09,2024-03-05,235,26,Online,PayPal,COUPONZ00Z,3.5,AUD
613400,2024-03-05T09:52:35,2024-03-05,358,42,Retail,Afterpay,COUPONZZ9-,16.28,AUD
613542,2024-03-05T23:28:35,2024-03-05,418,15,Retail,PayPal,COUPON0AA0,5.49,AUD
613564,2024-03-05T12:49:06,2024-03-05,472,46,Retail,Afterpay,COUPON-Z--,7.39,AUD
613589,2024-03-05T20:43:02,2024-03-05,321,13,Online,Credit Card,COUPONZ-0Z,5.11,AUD
613714,2024-03-05T22:12:09,2024-03-05,522,46,Retail,Afterpay,COUPON9-AA,5.92,AUD
613715,2024-03-05T06:44:30,2024-03-05,511,49,Online,Afterpay,COUPONA-ZZ,1.84,AUD
613753,2024-03-05T01:43:58,2024-03-05,93,12,Online,Credit Card,COUPONZ099,6.01,AUD
614102,2024-03-05T10:41:30,2024-03-05,394,11,Online,PayPal,COUPONA-A-,18.73,AUD
614108,2024-03-05T14:33:59,2024-03-05,283,16,Online,Credit Card,COUPONAZ0-,1.15,AUD
614228,2024-03-05T07:20:44,2024-03-05,648,8,Online,PayPal,COUPON000Z,7.34,AUD
614266,2024-03-05T07:19:15,2024-03-05,564,25,Retail,Credit Card,COUPONZ9--,12.58,AUD
614271,2024-03-05T08:50:57,2024-03-05,754,25,Online,PayPal,COUPON-ZZZ,8.71,AUD
614365,2024-03-05T11:58:32,2024-03-05,228,39,Online,Credit Card,COUPON9-A-,14.54,AUD
614561,2024-03-05T12:54:20,2024-03-05,66,39,Online,Credit Card,COUPONA---,10.43,AUD
614599,2024-03-05T12:19:31,2024-03-05,465,43,Retail,Afterpay,COUPON-9Z-,7.59,AUD
614624,2024-03-05T13:37:29,2024-03-05,710,25,Online,Afterpay,COUPON-90A,4.55,AUD
614649,2024-03-05T12:20:11,2024-03-05,276,12,Retail,PayPal,COUPON9ZAA,8.81,AUD
614697,2024-03-05T00:44:05,2024-03-05,505,29,Retail,Credit Card,COUPON-Z9-,4.44,AUD
614723,2024-03-05T16:05:43,2024-03-05,75,47,Retail,Credit Card,COUPONZ-Z-,0.31,AUD
614873,2024-03-05T23:49:10,2024-03-05,627,25,Retail,Afterpay,COUPONZ-0Z,13.5,AUD
614928,2024-03-05T20:00:12,2024-03-05,125,15,Online,Afterpay,COUPON9--A,14.68,AUD
614951,2024-03-05T10:53:18,2024-03-05,297,39,Online,PayPal,COUPONZ-A-,15.78,AUD
614999,2024-03-05T07:36:54,2024-03-05,307,3,Online,Credit Card,COUPON0-09,6.36,AUD
615003,2024-03-05T08:54:50,2024-03-05,374,25,Online,PayPal,COUPON0Z-0,14.86,AUD
615052,2024-03-05T20:44:39,2024-03-05,258,8,Online,Credit Card,COUPON9ZA-,6.17,AUD
615067,2024-03-05T02:22:28,2024-03-05,420,1,Retail,Credit Card,COUPONZ-9-,17.88,AUD
615146,2024-03-05T23:20:55,2024-03-05,780,30,Online,Credit Card,COUPON-0A-,9.27,AUD
615157,2024-03-05T00:23:15,2024-03-05,414,27,Online,Credit Card,COUPON09-Z,6.26,AUD
615169,2024-03-05T21:00:37,2024-03-05,761,18,Retail,PayPal,COUPON09--,14.86,AUD
615176,2024-03-05T20:34:28,2024-03-05,724,37,Online,Credit Card,COUPONZZ-A,16.2,AUD
615182,2024-03-05T11:55:50,2024-03-05,190,39,Online,Credit Card,COUPONZA-9,4.53,AUD
615183,2024-03-05T02:50:00,2024-03-05,491,9,Retail,Credit Card,COUPON0--0,10.66,AUD
615241,2024-03-05T22:33:13,2024-03-05,224,33,Online,Afterpay,COUPONA00-,16.04,AUD
615560,2024-03-05T08:51:50,2024-03-05,364,9,Online,PayPal,COUPON0-9-,16.65,AUD
615777,2024-03-05T13:57:35,2024-03-05,291,33,Online,Credit Card,COUPON-0AA,10.52,AUD
615784,2024-03-05T05:54:13,2024-03-05,573,10,Online,Afterpay,COUPON---0,12.02,AUD
615796,2024-03-05T10:47:58,2024-03-05,463,30,Retail,PayPal,COUPON99A9,5.31,AUD
615913,2024-03-05T14:08:48,2024-03-05,303,16,Online,PayPal,COUPON-90Z,7.97,AUD
615992,2024-03-05T00:45:26,2024-03-05,264,19,Retail,PayPal,COUPON-0Z-,7.25,AUD
616056,2024-03-05T11:59:01,2024-03-05,765,40,Online,PayPal,COUPON-A99,4.85,AUD
616097,2024-03-05T22:53:37,2024-03-05,405,13,Retail,Afterpay,COUPON99A0,14.49,AUD
616168,2024-03-05T22:15:33,2024-03-05,580,50,Retail,Credit Card,COUPONA0Z0,9.33,AUD
616172,2024-03-05T12:13:32,2024-03-05,554,43,Online,Afterpay,COUPON9A-Z,4.42,AUD
616178,2024-03-05T07:44:27,2024-03-05,98,43,Retail,Credit Card,COUPONZAA0,1.14,AUD
616224,2024-03-05T21:48:32,2024-03-05,39,34,Retail,Afterpay,COUPONZZZ9,7.27,AUD
616229,2024-03-05T13:16:57,2024-03-05,535,48,Retail,Credit Card,COUPONA-A9,14.42,AUD
616365,2024-03-05T18:22:57,2024-03-05,491,43,Online,PayPal,COUPON---0,10.89,AUD
616524,2024-03-05T03:43:13,2024-03-05,487,43,Online,PayPal,COUPON09-Z,11.52,AUD
616663,2024-03-05T02:30:30,2024-03-05,81,8,Retail,Afterpay,COUPON-9Z0,1.33,AUD
616794,2024-03-05T04:53:12,2024-03-05,116,16,Online,Afterpay,COUPON9ZZZ,16.78,AUD
616978,2024-03-05T13:03:56,2024-03-05,285,47,Retail,Afterpay,COUPON----,7.03,AUD
617086,2024-03-05T06:51:10,2024-03-05,713,7,Retail,Credit Card,COUPON-A0A,18.79,AUD
617093,2024-03-05T13:09:41,2024-03-05,153,46,Online,Afterpay,COUPON90-0,4.81,AUD
617136,2024-03-05T22:16:00,2024-03-05,796,26,Online,Credit Card,COUPON0-A0,16.98,AUD
617216,2024-03-05T12:37:41,2024-03-05,526,27,Online,Afterpay,COUPON-0--,9.31,AUD
617242,2024-03-05T05:01:02,2024-03-05,535,20,Retail,Afterpay,COUPON-00-,2.76,AUD
617372,2024-03-05T13:08:59,2024-03-05,694,14,Online,Afterpay,COUPON-AZ-,7.39,AUD
617457,2024-03-05T22:05:24,2024-03-05,611,3,Online,Credit Card,COUPONZ9A0,17.87,AUD
617470,2024-03-05T04:03:35,2024-03-05,621,38,Online,Credit Card,COUPON9090,8.79,AUD
617543,2024-03-05T10:13:26,2024-03-05,553,37,Retail,Credit Card,COUPONZ--Z,4.61,AUD
617676,2024-03-05T02:35:48,2024-03-05,581,4,Online,Afterpay,COUPON-ZA9,15.31,AUD
617756,2024-03-05T12:48:41,2024-03-05,308,37,Retail,PayPal,COUPON-Z00,4.4,AUD
617787,2024-03-05T00:27:33,2024-03-05,401,6,Retail,PayPal,COUPON0--A,2.83,AUD
617796,2024-03-05T10:34:06,2024-03-05,253,36,Online,Credit Card,COUPON0-Z9,3.51,AUD
618082,2024-03-05T13:27:34,2024-03-05,537,16,Retail,Afterpay,COUPONZAA9,8.54,AUD
618133,2024-03-05T02:12:02,2024-03-05,264,20,Retail,Credit Card,COUPON-9--,7.0,AUD
618161,2024-03-05T17:33:07,2024-03-05,438,13,Online,PayPal,COUPON--A-,8.63,AUD
618229,2024-03-05T10:15:50,2024-03-05,365,24,Online,Afterpay,COUPON9--A,4.52,AUD
618238,2024-03-05T10:35:31,2024-03-05,252,5,Online,Credit Card,COUPON--0Z,0.34,AUD
618338,2024-03-05T03:50:17,2024-03-05,384,35,Retail,Credit Card,COUPON9009,9.71,AUD
618470,2024-03-05T05:10:30,2024-03-05,76,18,Online,PayPal,COUPONZZ-Z,9.15,AUD
618495,2024-03-05T15:13:55,2024-03-05,142,22,Retail,PayPal,COUPON-09Z,12.08,AUD
618513,2024-03-05T11:47:07,2024-03-05,575,38,Online,PayPal,COUPON-9--,2.89,AUD
618582,2024-03-05T09:30:15,2024-03-05,661,30,Online,PayPal,COUPON0-A-,4.06,AUD
618710,2024-03-05T00:39:04,2024-03-05,15,26,Retail,Afterpay,COUPON---0,3.55,AUD
618717,2024-03-05T12:33:04,2024-03-05,221,15,Online,PayPal,COUPON00A-,11.5,AUD
618896,2024-03-05T16:51:51,2024-03-05,561,6,Online,Credit Card,COUPON9Z0Z,17.8,AUD
619125,2024-03-05T13:23:53,2024-03-05,352,6,Retail,Afterpay,COUPONAA--,0.48,AUD
619376,2024-03-05T16:17:02,2024-03-05,262,27,Retail,Credit Card,COUPON-A09,0.01,AUD
619395,2024-03-05T21:20:13,2024-03-05,329,4,Retail,PayPal,COUPON-A90,17.13,AUD
619471,2024-03-05T04:40:07,2024-03-05,155,14,Online,Credit Card,COUPON0Z9-,0.58,AUD
619478,2024-03-05T06:43:49,2024-03-05,287,1,Retail,Afterpay,COUPON-A-A,9.08,AUD
619531,2024-03-05T03:01:36,2024-03-05,119,4,Online,PayPal,COUPON0Z-Z,17.78,AUD
619558,2024-03-05T07:05:34,2024-03-05,580,9,Retail,Afterpay,COUPON9-0Z,4.04,AUD
619669,2024-03-05T21:52:41,2024-03-05,245,8,Online,Afterpay,COUPONA0-Z,2.07,AUD
619834,2024-03-05T13:08:19,2024-03-05,620,10,Online,Afterpay,COUPONZ-0-,13.23,AUD
619851,2024-03-05T00:20:39,2024-03-05,612,15,Retail,Afterpay,COUPON---9,7.95,AUD
619892,2024-03-05T04:55:33,2024-03-05,752,26,Online,Credit Card,COUPON90ZA,15.12,AUD
619902,2024-03-05T22:30:17,2024-03-05,48,26,Retail,PayPal,COUPONA9-9,13.77,AUD
619979,2024-03-05T17:12:01,2024-03-05,497,47,Online,PayPal,COUPONAZZA,10.88,AUD
620020,2024-03-05T15:52:21,2024-03-05,176,41,Retail,PayPal,COUPON090-,14.26,AUD
620138,2024-03-05T09:10:05,2024-03-05,624,11,Retail,Credit Card,COUPON-0AA,0.14,AUD
620199,2024-03-05T20:13:38,2024-03-05,795,16,Online,Credit Card,COUPON--9-,7.14,AUD
620204,2024-03-05T19:06:50,2024-03-05,718,30,Online,Afterpay,COUPONA09-,2.19,AUD
620300,2024-03-05T06:45:40,2024-03-05,470,33,Retail,Afterpay,COUPON--9-,10.82,AUD
620341,2024-03-05T18:30:27,2024-03-05,20,21,Retail,PayPal,COUPONA9Z-,13.83,AUD
620389,2024-03-05T21:40:49,2024-03-05,718,25,Retail,Credit Card,COUPONAZ90,10.46,AUD
620499,2024-03-05T16:16:59,2024-03-05,555,18,Retail,Credit Card,COUPONZZ--,10.42,AUD
620633,2024-03-05T22:54:34,2024-03-05,412,43,Retail,PayPal,COUPONA909,11.25,AUD
620700,2024-03-05T14:14:35,2024-03-05,227,30,Retail,Credit Card,COUPONZ9Z-,15.55,AUD
620724,2024-03-05T19:09:26,2024-03-05,405,49,Online,Afterpay,COUPON0AAA,1.46,AUD
620777,2024-03-05T07:11:55,2024-03-05,25,1,Online,PayPal,COUPONZA9-,1.19,AUD
620786,2024-03-05T08:58:35,2024-03-05,162,40,Retail,PayPal,COUPONZ-A-,0.23,AUD
620975,2024-03-05T20:30:35,2024-03-05,6,20,Retail,PayPal,COUPONAA-A,12.19,AUD
621015,2024-03-05T03:31:39,2024-03-05,267,47,Retail,Afterpay,COUPONA99Z,3.86,AUD
621182,2024-03-05T19:30:01,2024-03-05,705,21,Retail,Afterpay,COUPON9---,7.9,AUD
621234,2024-03-05T00:43:30,2024-03-05,523,30,Online,PayPal,COUPONA90-,9.26,AUD
621240,2024-03-05T10:43:06,2024-03-05,161,40,Online,Afterpay,COUPON9Z9-,14.21,AUD
621244,2024-03-05T18:03:38,2024-03-05,699,19,Retail,Afterpay,COUPON-Z09,11.43,AUD
621249,2024-03-05T12:13:18,2024-03-05,277,32,Retail,Afterpay,COUPON-A--,8.18,AUD
621334,2024-03-05T12:17:28,2024-03-05,523,36,Online,Credit Card,COUPON--AZ,16.34,AUD
621372,2024-03-05T07:02:27,2024-03-05,144,13,Retail,Credit Card,COUPON-99Z,10.4,AUD
621383,2024-03-05T22:39:41,2024-03-05,625,19,Retail,Afterpay,COUPONZ9Z-,9.86,AUD
621430,2024-03-05T17:42:03,2024-03-05,510,29,Retail,Credit Card,COUPON99ZA,8.56,AUD
621545,2024-03-05T08:51:45,2024-03-05,578,47,Online,Afterpay,COUPON--90,3.22,AUD
621552,2024-03-05T22:03:06,2024-03-05,618,31,Retail,Afterpay,COUPON-Z09,17.67,AUD
621611,2024-03-05T12:19:03,2024-03-05,759,14,Online,Credit Card,COUPON-Z0Z,14.58,AUD
621636,2024-03-05T19:53:43,2024-03-05,680,2,Retail,Afterpay,COUPON-Z9A,8.82,AUD
621645,2024-03-05T16:59:23,2024-03-05,518,36,Retail,Afterpay,COUPONZAAZ,6.07,AUD
621705,2024-03-05T13:16:37,2024-03-05,33,13,Online,Credit Card,COUPON--ZA,4.43,AUD
621730,2024-03-05T19:16:05,2024-03-05,229,25,Online,Credit Card,COUPON-Z-0,8.68,AUD
621735,2024-03-05T13:33:19,2024-03-05,351,33,Online,Afterpay,COUPONAZ09,5.65,AUD
621764,2024-03-05T08:38:06,2024-03-05,781,50,Online,Credit Card,COUPONA-A-,8.7,AUD
621835,2024-03-05T00:29:05,2024-03-05,682,41,Online,Credit Card,COUPONAA0-,7.56,AUD
621929,2024-03-05T20:07:43,2024-03-05,136,40,Retail,Credit Card,COUPONZ-90,16.44,AUD
621960,2024-03-05T05:45:51,2024-03-05,186,11,Retail,Credit Card,COUPONZ---,5.99,AUD
621980,2024-03-05T02:16:53,2024-03-05,299,7,Retail,PayPal,COUPON-9-A,10.09,AUD
621999,2024-03-05T16:11:08,2024-03-05,750,22,Online,Credit Card,COUPONA0--,5.68,AUD
622008,2024-03-05T10:59:45,2024-03-05,683,11,Retail,Credit Card,COUPONA---,11.7,AUD
622137,2024-03-05T18:55:18,2024-03-05,168,9,Retail,Credit Card,COUPONZA--,3.37,AUD
622204,2024-03-05T04:53:59,2024-03-05,690,42,Retail,PayPal,COUPON00-9,1.69,AUD
622283,2024-03-05T11:22:47,2024-03-05,276,23,Online,Credit Card,COUPONA-AA,16.67,AUD
622721,2024-03-05T11:35:30,2024-03-05,502,2,Online,PayPal,COUPON-9A-,17.29,AUD
622771,2024-03-05T04:15:18,2024-03-05,435,13,Online,PayPal,COUPON9-9Z,5.52,AUD
623019,2024-03-05T03:16:34,2024-03-05,564,8,Retail,Afterpay,COUPON-AA0,17.21,AUD
623163,2024-03-05T23:52:57,2024-03-05,303,19,Online,Credit Card,COUPON-9-9,0.0,AUD
623229,2024-03-05T17:27:17,2024-03-05,742,44,Retail,Credit Card,COUPON09--,13.46,AUD
623242,2024-03-05T06:50:10,2024-03-05,84,41,Retail,Credit Card,COUPON-0-9,2.47,AUD
623347,2024-03-05T14:49:27,2024-03-05,550,10,Online,Afterpay,COUPON0ZZ-,17.14,AUD
623492,2024-03-05T12:08:49,2024-03-05,441,5,Retail,PayPal,COUPON0Z9A,11.99,AUD
623498,2024-03-05T02:03:56,2024-03-05,126,8,Retail,Afterpay,COUPONZ--0,6.79,AUD
623536,2024-03-05T04:20:44,2024-03-05,277,15,Online,PayPal,COUPON0Z0Z,4.14,AUD
623610,2024-03-05T05:48:10,2024-03-05,562,10,Retail,PayPal,COUPON09-0,6.95,AUD
623628,2024-03-05T09:37:30,2024-03-05,243,23,Retail,Afterpay,COUPON999-,8.02,AUD
623632,2024-03-05T18:28:19,2024-03-05,538,35,Online,Credit Card,COUPON9ZA-,14.29,AUD
623754,2024-03-05T01:47:29,2024-03-05,572,2,Online,PayPal,COUPON00Z-,14.2,AUD
623790,2024-03-05T17:18:58,2024-03-05,758,33,Online,Credit Card,COUPON0909,3.89,AUD
623938,2024-03-05T05:39:15,2024-03-05,720,25,Online,Afterpay,COUPON--AA,11.01,AUD
623988,2024-03-05T20:36:04,2024-03-05,739,39,Retail,Credit Card,COUPON--09,10.78,AUD
624031,2024-03-05T01:20:51,2024-03-05,393,18,Retail,Credit Card,COUPONAZ9A,1.69,AUD
624126,2024-03-05T22:41:59,2024-03-05,641,50,Online,Credit Card,COUPON0-Z-,2.65,AUD
624190,2024-03-05T13:08:19,2024-03-05,119,24,Online,Credit Card,COUPONZAAA,0.52,AUD
624244,2024-03-05T03:22:48,2024-03-05,308,26,Online,Credit Card,COUPON0-A-,5.01,AUD
624386,2024-03-05T23:28:11,2024-03-05,538,40,Online,PayPal,COUPONZ-0A,8.54,AUD
624860,2024-03-05T02:23:39,2024-03-05,607,3,Online,PayPal,COUPON-9A0,3.89,AUD
624885,2024-03-05T04:57:37,2024-03-05,175,23,Online,PayPal,COUPON00A-,15.08,AUD
624895,2024-03-05T10:18:16,2024-03-05,714,23,Online,Credit Card,COUPON9090,11.68,AUD
624924,2024-03-05T09:37:13,2024-03-05,753,42,Online,Afterpay,COUPONZ-Z9,18.67,AUD
624941,2024-03-05T06:55:45,2024-03-05,588,19,Retail,Credit Card,COUPON-90-,2.05,AUD
625187,2024-03-05T20:26:22,2024-03-05,370,36,Retail,Afterpay,COUPONA09-,5.71,AUD
625242,2024-03-05T22:27:19,2024-03-05,184,1,Online,Afterpay,COUPON--9Z,15.31,AUD
625273,2024-03-05T23:08:57,2024-03-05,409,42,Retail,Credit Card,COUPONZ9--,7.73,AUD
625291,2024-03-05T13:57:45,2024-03-05,82,2,Retail,PayPal,COUPON00AZ,10.94,AUD
625401,2024-03-05T07:25:21,2024-03-05,300,25,Online,Credit Card,COUPON--0-,7.67,AUD
625436,2024-03-05T05:26:58,2024-03-05,399,17,Online,Afterpay,COUPONZZZ-,2.82,AUD
625442,2024-03-05T11:41:30,2024-03-05,204,40,Retail,Credit Card,COUPONA90-,2.01,AUD
625522,2024-03-05T01:52:41,2024-03-05,535,46,Online,Credit Card,COUPON-Z-A,19.23,AUD
625592,2024-03-05T02:03:07,2024-03-05,533,46,Online,Credit Card,COUPON---A,10.82,AUD
625630,2024-03-05T14:02:24,2024-03-05,217,15,Retail,Afterpay,COUPON-ZZ0,15.19,AUD
625655,2024-03-05T14:40:03,2024-03-05,367,26,Online,PayPal,COUPON0---,10.48,AUD
626042,2024-03-05T20:51:35,2024-03-05,591,42,Retail,Credit Card,COUPON9A0-,4.19,AUD
626183,2024-03-05T21:01:54,2024-03-05,470,50,Retail,Afterpay,COUPONZ99A,2.75,AUD
626203,2024-03-05T16:19:02,2024-03-05,186,32,Online,Afterpay,COUPON90-A,5.03,AUD
626499,2024-03-05T22:00:06,2024-03-05,785,33,Online,Credit Card,COUPON9A--,14.13,AUD
626512,2024-03-05T10:52:24,2024-03-05,390,31,Online,Credit Card,COUPON-Z9-,7.73,AUD
626603,2024-03-05T04:42:35,2024-03-05,159,46,Retail,PayPal,COUPON-0ZA,14.45,AUD
626615,2024-03-05T05:06:55,2024-03-05,629,38,Online,Credit Card,COUPON-900,15.22,AUD
626642,2024-03-05T21:15:21,2024-03-05,630,20,Online,Credit Card,COUPON9Z-0,7.47,AUD
626807,2024-03-05T19:47:20,2024-03-05,708,40,Retail,Afterpay,COUPONA9ZZ,15.6,AUD
626855,2024-03-05T10:28:36,2024-03-05,471,45,Retail,PayPal,COUPONA09A,0.38,AUD
626861,2024-03-05T08:50:52,2024-03-05,82,12,Online,Credit Card,COUPON9-90,19.83,AUD
626940,2024-03-05T17:36:25,2024-03-05,509,16,Retail,PayPal,COUPONZ0--,11.74,AUD
627040,2024-03-05T01:13:36,2024-03-05,354,44,Online,Credit Card,COUPON9-AA,11.92,AUD
627085,2024-03-05T02:16:08,2024-03-05,157,24,Retail,Credit Card,COUPON-0ZZ,18.81,AUD
627136,2024-03-05T04:48:43,2024-03-05,338,50,Retail,Credit Card,COUPON-A-Z,6.3,AUD
627220,2024-03-05T02:01:43,2024-03-05,92,8,Retail,Afterpay,COUPON---9,14.24,AUD
627700,2024-03-05T22:44:36,2024-03-05,447,27,Online,PayPal,COUPON0-AA,8.4,AUD
627723,2024-03-05T11:30:27,2024-03-05,433,50,Retail,PayPal,COUPON9Z99,13.67,AUD
627743,2024-03-05T20:53:13,2024-03-05,217,50,Online,Afterpay,COUPONA-AZ,12.23,AUD
627753,2024-03-05T04:46:37,2024-03-05,126,27,Online,Afterpay,COUPONAZ0-,17.6,AUD
627833,2024-03-05T03:53:53,2024-03-05,464,16,Online,Credit Card,COUPONA-0-,15.91,AUD
627977,2024-03-05T07:08:00,2024-03-05,632,17,Retail,PayPal,COUPON-0Z9,5.5,AUD
628025,2024-03-05T20:05:33,2024-03-05,580,31,Online,Credit Card,COUPON--Z-,2.51,AUD
628086,2024-03-05T15:32:09,2024-03-05,559,22,Retail,Credit Card,COUPON09-A,6.68,AUD
628141,2024-03-05T07:15:38,2024-03-05,375,40,Online,Afterpay,COUPON0-Z0,13.81,AUD
628180,2024-03-05T03:36:05,2024-03-05,796,45,Online,PayPal,COUPON90-0,6.98,AUD
628226,2024-03-05T22:05:00,2024-03-05,542,50,Online,Credit Card,COUPONZ0Z-,15.37,AUD
628291,2024-03-05T01:52:26,2024-03-05,379,45,Retail,Afterpay,COUPONZ099,2.64,AUD
628377,2024-03-05T04:39:14,2024-03-05,41,1,Online,PayPal,COUPONA-A-,7.05,AUD
628675,2024-03-05T04:25:41,2024-03-05,347,11,Retail,Credit Card,COUPON-ZA-,15.98,AUD
628712,2024-03-05T18:53:30,2024-03-05,403,17,Online,Afterpay,COUPON-9ZA,2.83,AUD
628761,2024-03-05T10:24:04,2024-03-05,562,49,Retail,Afterpay,COUPON990-,2.81,AUD
628903,2024-03-05T01:11:03,2024-03-05,11,24,Online,PayPal,COUPONA-99,19.26,AUD
629259,2024-03-05T21:42:14,2024-03-05,727,14,Retail,Afterpay,COUPON000Z,14.37,AUD
629460,2024-03-05T21:24:54,2024-03-05,8,15,Online,Credit Card,COUPONA--0,13.12,AUD
629688,2024-03-05T18:57:49,2024-03-05,113,45,Retail,PayPal,COUPON-9--,18.62,AUD
629694,2024-03-05T23:29:04,2024-03-05,754,11,Retail,PayPal,COUPON909-,14.77,AUD
629710,2024-03-05T19:09:03,2024-03-05,320,26,Online,Credit Card,COUPON9A-9,5.5,AUD
629724,2024-03-05T07:46:29,2024-03-05,318,12,Online,Afterpay,COUPONZAAZ,16.32,AUD
629738,2024-03-05T07:02:05,2024-03-05,143,13,Retail,Credit Card,COUPON09AA,2.15,AUD
629846,2024-03-05T00:23:16,2024-03-05,690,49,Online,Credit Card,COUPON0---,4.49,AUD
629847,2024-03-05T14:38:16,2024-03-05,400,39,Retail,Afterpay,COUPON0Z0-,0.69,AUD
629884,2024-03-05T03:21:10,2024-03-05,351,6,Retail,PayPal,COUPON-9Z9,3.53,AUD
629902,2024-03-05T18:41:02,2024-03-05,573,48,Retail,Afterpay,COUPON---9,17.3,AUD
630226,2024-03-05T20:42:55,2024-03-05,150,42,Retail,PayPal,COUPONA9A0,11.58,AUD
630256,2024-03-05T12:49:26,2024-03-05,140,27,Online,PayPal,COUPON99-A,2.6,AUD
630294,2024-03-05T19:44:07,2024-03-05,763,3,Online,Credit Card,COUPONA990,3.75,AUD
630623,2024-03-05T23:51:34,2024-03-05,630,17,Online,PayPal,COUPONAZZZ,3.88,AUD
630726,2024-03-05T18:28:26,2024-03-05,702,41,Retail,Afterpay,COUPON----,19.9,AUD
630793,2024-03-05T13:30:48,2024-03-05,782,48,Retail,Afterpay,COUPON-9--,0.65,AUD
630828,2024-03-05T00:05:19,2024-03-05,112,39,Retail,Credit Card,COUPON9---,3.57,AUD
630873,2024-03-05T21:12:45,2024-03-05,685,12,Retail,Afterpay,COUPON--9Z,5.62,AUD
631014,2024-03-05T06:56:06,2024-03-05,559,48,Online,Credit Card,COUPON0--9,9.84,AUD
631023,2024-03-05T01:48:45,2024-03-05,194,13,Online,Afterpay,COUPONZZ--,14.03,AUD
631085,2024-03-05T02:04:41,2024-03-05,43,22,Retail,Afterpay,COUPON0A-0,6.36,AUD
631161,2024-03-05T10:02:13,2024-03-05,631,35,Retail,PayPal,COUPONAZ--,17.23,AUD
631206,2024-03-05T12:02:00,2024-03-05,668,34,Online,Credit Card,COUPONA---,5.68,AUD
631229,2024-03-05T08:07:55,2024-03-05,360,29,Retail,PayPal,COUPON-0-0,14.67,AUD
631271,2024-03-05T07:41:48,2024-03-05,364,9,Online,Afterpay,COUPON0-A9,4.82,AUD
631322,2024-03-05T23:19:13,2024-03-05,727,17,Online,Credit Card,COUPON9---,1.57,AUD
631349,2024-03-05T10:05:17,2024-03-05,473,23,Retail,PayPal,COUPON0-A-,13.72,AUD
631426,2024-03-05T06:52:51,2024-03-05,14,33,Online,Afterpay,COUPON-9-9,10.0,AUD
631513,2024-03-05T02:54:36,2024-03-05,469,20,Retail,PayPal,COUPONA---,10.23,AUD
631553,2024-03-05T10:55:20,2024-03-05,566,11,Retail,Afterpay,COUPON--ZA,7.87,AUD
631558,2024-03-05T01:17:17,2024-03-05,764,50,Online,Afterpay,COUPON----,4.22,AUD
631573,2024-03-05T06:41:54,2024-03-05,502,38,Online,Afterpay,COUPONZ9-A,16.18,AUD
631641,2024-03-05T12:41:50,2024-03-05,518,49,Online,PayPal,COUPON--9-,18.05,AUD
631680,2024-03-05T12:54:06,2024-03-05,162,2,Online,PayPal,COUPONZ--0,5.42,AUD
631690,2024-03-05T03:25:55,2024-03-05,381,6,Retail,Credit Card,COUPONA---,1.28,AUD
631746,2024-03-05T21:02:44,2024-03-05,302,42,Retail,PayPal,COUPON--9A,6.72,AUD
631861,2024-03-05T19:50:27,2024-03-05,352,42,Retail,PayPal,COUPON0A9-,7.73,AUD
631879,2024-03-05T19:19:43,2024-03-05,683,33,Retail,Credit Card,COUPON--90,13.93,AUD
631980,2024-03-05T01:06:08,2024-03-05,360,23,Retail,Afterpay,COUPON--0A,12.55,AUD
632004,2024-03-05T13:26:10,2024-03-05,39,22,Online,Afterpay,COUPON9Z--,11.48,AUD
632123,2024-03-05T14:47:51,2024-03-05,6,8,Online,Afterpay,COUPON-A9A,7.28,AUD
632163,2024-03-05T09:32:02,2024-03-05,160,41,Online,Afterpay,COUPONZ-00,19.16,AUD
632267,2024-03-05T16:58:06,2024-03-05,145,47,Retail,PayPal,COUPON----,14.91,AUD
632303,2024-03-05T15:15:59,2024-03-05,717,31,Online,Afterpay,COUPON-909,0.21,AUD
632477,2024-03-05T01:51:19,2024-03-05,434,22,Retail,PayPal,COUPON-9-9,16.89,AUD
632505,2024-03-05T13:35:18,2024-03-05,117,3,Online,Afterpay,COUPONZZ-0,3.28,AUD
632530,2024-03-05T07:06:32,2024-03-05,596,41,Online,Afterpay,COUPON99-9,16.79,AUD
632546,2024-03-05T02:32:24,2024-03-05,788,12,Online,PayPal,COUPONZ-90,11.46,AUD
632636,2024-03-05T16:10:15,2024-03-05,362,45,Retail,Afterpay,COUPON-A-A,3.52,AUD
632637,2024-03-05T21:33:01,2024-03-05,52,8,Retail,Credit Card,COUPON09ZZ,18.0,AUD
632690,2024-03-05T19:30:45,2024-03-05,170,4,Online,PayPal,COUPON--0-,17.04,AUD
632862,2024-03-05T23:42:02,2024-03-05,167,49,Online,PayPal,COUPON-AA-,15.94,AUD
632864,2024-03-05T09:45:42,2024-03-05,190,24,Online,Credit Card,COUPON--0Z,5.0,AUD
632916,2024-03-05T13:53:08,2024-03-05,788,23,Online,Afterpay,COUPON0Z00,2.1,AUD
633061,2024-03-05T14:13:03,2024-03-05,369,23,Retail,Afterpay,COUPON90AA,17.89,AUD
633090,2024-03-05T20:12:17,2024-03-05,71,45,Online,Afterpay,COUPON--Z9,5.18,AUD
633160,2024-03-05T08:32:46,2024-03-05,584,8,Online,Afterpay,COUPON0000,7.98,AUD
633251,2024-03-05T01:23:22,2024-03-05,119,13,Online,Credit Card,COUPON--09,2.86,AUD
633350,2024-03-05T08:27:28,2024-03-05,359,12,Online,PayPal,COUPON---9,1.78,AUD
633363,2024-03-05T15:57:01,2024-03-05,777,31,Retail,Afterpay,COUPON9ZZ0,3.44,AUD
633416,2024-03-05T13:34:05,2024-03-05,791,25,Online,Afterpay,COUPON-09A,6.5,AUD
633729,2024-03-05T18:27:29,2024-03-05,96,19,Retail,Credit Card,COUPON0A0Z,18.27,AUD
633734,2024-03-05T14:27:21,2024-03-05,495,17,Online,Afterpay,COUPON9-0A,9.64,AUD
633917,2024-03-05T04:02:47,2024-03-05,686,37,Online,PayPal,COUPON0ZA9,3.0,AUD
634252,2024-03-05T12:04:56,2024-03-05,617,47,Online,Credit Card,COUPONZZ90,7.54,AUD
634388,2024-03-05T18:06:29,2024-03-05,619,9,Online,PayPal,COUPON90-0,2.32,AUD
634400,2024-03-05T00:41:37,2024-03-05,339,42,Online,PayPal,COUPONA99-,13.1,AUD
634700,2024-03-05T11:51:22,2024-03-05,396,22,Online,PayPal,COUPON0-Z0,18.53,AUD
634913,2024-03-05T01:13:33,2024-03-05,799,3,Online,Credit Card,COUPON99-A,17.54,AUD
634927,2024-03-05T15:30:04,2024-03-05,335,46,Retail,Credit Card,COUPON9Z-0,18.4,AUD
634965,2024-03-05T18:15:20,2024-03-05,184,12,Online,PayPal,COUPON--9A,5.19,AUD
635081,2024-03-05T06:06:45,2024-03-05,336,36,Retail,Credit Card,COUPON-90-,2.54,AUD
635194,2024-03-05T06:07:37,2024-03-05,192,6,Online,Credit Card,COUPONZA9-,6.26,AUD
635532,2024-03-05T17:14:54,2024-03-05,668,34,Online,Afterpay,COUPONAZA9,15.86,AUD
635635,2024-03-05T03:08:55,2024-03-05,591,17,Online,Afterpay,COUPONA9A9,15.99,AUD
635866,2024-03-05T14:03:46,2024-03-05,742,27,Online,Afterpay,COUPONZ--0,17.18,AUD
635897,2024-03-05T05:41:47,2024-03-05,26,7,Retail,Afterpay,COUPONA---,4.31,AUD
635991,2024-03-05T00:37:41,2024-03-05,590,49,Retail,Credit Card,COUPON---9,10.67,AUD
636046,2024-03-05T00:41:55,2024-03-05,13,44,Retail,Afterpay,COUPON--0-,3.17,AUD
636309,2024-03-05T03:23:29,2024-03-05,240,42,Retail,PayPal,COUPONA---,15.81,AUD
636320,2024-03-05T16:49:29,2024-03-05,87,35,Online,PayPal,COUPON-9Z0,17.32,AUD
636342,2024-03-05T00:34:22,2024-03-05,262,2,Online,PayPal,COUPONZ0-9,10.71,AUD
636454,2024-03-05T21:13:22,2024-03-05,50,25,Online,Afterpay,COUPON-00Z,17.07,AUD
636638,2024-03-05T19:07:00,2024-03-05,683,6,Online,PayPal,COUPON9-90,5.96,AUD
636667,2024-03-05T08:17:33,2024-03-05,593,32,Online,Afterpay,COUPONAZ0-,15.97,AUD
636912,2024-03-05T23:04:47,2024-03-05,35,28,Online,PayPal,COUPONZZ0-,4.54,AUD
637020,2024-03-05T20:27:46,2024-03-05,719,30,Retail,Afterpay,COUPON00-0,5.98,AUD
637104,2024-03-05T14:03:10,2024-03-05,118,27,Online,Credit Card,COUPONA--Z,11.88,AUD
637217,2024-03-05T21:44:47,2024-03-05,53,32,Online,PayPal,COUPON9-Z9,7.72,AUD
637221,2024-03-05T06:40:00,2024-03-05,327,7,Retail,PayPal,COUPON00--,6.14,AUD
637377,2024-03-05T18:43:12,2024-03-05,114,39,Retail,Afterpay,COUPON900Z,3.48,AUD
637416,2024-03-05T22:38:29,2024-03-05,127,3,Retail,Afterpay,COUPON-AA0,7.7,AUD
637455,2024-03-05T22:21:09,2024-03-05,91,17,Retail,Afterpay,COUPON---A,4.37,AUD
637456,2024-03-05T09:09:20,2024-03-05,747,23,Retail,Afterpay,COUPONZ-0-,7.64,AUD
637523,2024-03-05T07:09:03,2024-03-05,562,14,Online,PayPal,COUPON-9-0,9.21,AUD
637533,2024-03-05T12:06:11,2024-03-05,384,42,Retail,PayPal,COUPON9AA0,14.34,AUD
637622,2024-03-05T22:50:46,2024-03-05,614,33,Online,Credit Card,COUPON9ZA9,5.37,AUD
637641,2024-03-05T03:28:41,2024-03-05,796,48,Retail,Afterpay,COUPONZZ99,9.09,AUD
637660,2024-03-05T11:48:49,2024-03-05,772,35,Retail,Credit Card,COUPONA-0A,1.42,AUD
637691,2024-03-05T20:34:34,2024-03-05,150,36,Online,Afterpay,COUPON00Z0,13.38,AUD
637872,2024-03-05T05:06:46,2024-03-05,407,32,Online,Credit Card,COUPON09ZA,15.61,AUD
637908,2024-03-05T00:16:41,2024-03-05,525,44,Retail,Afterpay,COUPON0--A,13.18,AUD
638021,2024-03-05T03:36:49,2024-03-05,636,47,Online,PayPal,COUPON0Z--,13.24,AUD
638234,2024-03-05T23:22:58,2024-03-05,567,45,Online,Afterpay,COUPONA---,4.91,AUD
638305,2024-03-05T06:53:37,2024-03-05,661,29,Online,Credit Card,COUPONAZ-0,10.9,AUD
638595,2024-03-05T20:09:42,2024-03-05,520,35,Online,Afterpay,COUPON-9AZ,19.95,AUD
638631,2024-03-05T23:28:52,2024-03-05,268,48,Online,Afterpay,COUPONAAA-,10.79,AUD
638730,2024-03-05T02:23:17,2024-03-05,545,47,Retail,PayPal,COUPON0-9-,17.58,AUD
638855,2024-03-05T22:46:08,2024-03-05,68,37,Online,PayPal,COUPON--AA,11.66,AUD
638868,2024-03-05T13:38:54,2024-03-05,739,30,Retail,Afterpay,COUPON--0A,18.8,AUD
639010,2024-03-05T06:10:58,2024-03-05,138,5,Retail,Afterpay,COUPON0---,0.29,AUD
639110,2024-03-05T10:01:29,2024-03-05,484,44,Online,Afterpay,COUPON-Z-Z,5.17,AUD
639221,2024-03-05T07:35:47,2024-03-05,454,33,Retail,Credit Card,COUPON--9-,5.14,AUD
639236,2024-03-05T05:32:39,2024-03-05,479,14,Online,Credit Card,COUPON9--Z,14.29,AUD
639307,2024-03-05T14:32:57,2024-03-05,596,36,Online,PayPal,COUPON-A-9,1.12,AUD
639490,2024-03-05T05:52:24,2024-03-05,611,47,Retail,Afterpay,COUPONA00-,8.78,AUD
639523,2024-03-05T09:50:00,2024-03-05,390,25,Online,Credit Card,COUPON-Z-0,6.39,AUD
639818,2024-03-05T07:02:09,2024-03-05,446,24,Online,Credit Card,COUPONZ99Z,1.39,AUD
639936,2024-03-05T04:25:18,2024-03-05,721,30,Retail,Credit Card,COUPON9Z00,19.08,AUD
640017,2024-03-05T17:44:25,2024-03-05,693,5,Online,Afterpay,COUPON-900,13.71,AUD
640104,2024-03-05T14:08:23,2024-03-05,77,16,Online,PayPal,COUPON----,18.22,AUD
640179,2024-03-05T12:21:52,2024-03-05,626,28,Online,Afterpay,COUPONZA-0,19.44,AUD
640201,2024-03-05T03:40:19,2024-03-05,704,4,Online,Afterpay,COUPONA9ZZ,9.3,AUD
640226,2024-03-05T11:12:32,2024-03-05,153,11,Online,PayPal,COUPON-A99,6.41,AUD
640228,2024-03-05T11:32:56,2024-03-05,704,48,Retail,Afterpay,COUPON-0AZ,0.67,AUD
640284,2024-03-05T22:18:35,2024-03-05,620,3,Retail,Afterpay,COUPON90ZZ,17.21,AUD
640309,2024-03-05T08:09:06,2024-03-05,676,40,Retail,PayPal,COUPON--A-,5.82,AUD
640400,2024-03-05T10:44:38,2024-03-05,1,12,Online,Credit Card,COUPONZZ-9,18.16,AUD
640599,2024-03-05T15:47:00,2024-03-05,333,4,Online,Afterpay,COUPON-90A,6.93,AUD
640651,2024-03-05T01:42:45,2024-03-05,186,4,Online,Afterpay,COUPON9A-0,9.51,AUD
640678,2024-03-05T07:18:59,2024-03-05,750,10,Retail,PayPal,COUPON-A-A,3.79,AUD
640690,2024-03-05T15:57:26,2024-03-05,695,21,Online,Afterpay,COUPONZ0Z-,14.81,AUD
640709,2024-03-05T16:29:35,2024-03-05,690,46,Retail,Afterpay,COUPON90-9,10.93,AUD
640764,2024-03-05T02:37:09,2024-03-05,207,38,Online,PayPal,COUPON99--,16.86,AUD
640928,2024-03-05T11:03:08,2024-03-05,632,2,Online,PayPal,COUPON9009,9.35,AUD
641075,2024-03-05T21:46:16,2024-03-05,194,50,Online,PayPal,COUPON099A,0.66,AUD
641156,2024-03-05T08:14:53,2024-03-05,737,30,Online,Afterpay,COUPON-09A,7.36,AUD
641238,2024-03-05T01:34:09,2024-03-05,325,1,Online,Credit Card,COUPON-9A0,11.18,AUD
641341,2024-03-05T12:22:59,2024-03-05,82,25,Online,Credit Card,COUPON0-AA,13.34,AUD
641417,2024-03-05T04:52:58,2024-03-05,763,12,Online,Credit Card,COUPONAAZ-,5.65,AUD
641460,2024-03-05T11:52:49,2024-03-05,411,44,Retail,PayPal,COUPON99Z-,10.39,AUD
641479,2024-03-05T07:53:23,2024-03-05,770,28,Online,Credit Card,COUPON-990,15.2,AUD
641544,2024-03-05T00:37:17,2024-03-05,199,42,Online,Credit Card,COUPONA9-Z,14.8,AUD
641695,2024-03-05T19:22:17,2024-03-05,509,6,Retail,PayPal,COUPONAZ0Z,11.47,AUD
641823,2024-03-05T08:35:13,2024-03-05,380,5,Retail,PayPal,COUPON--0A,10.63,AUD
641875,2024-03-05T19:54:34,2024-03-05,529,2,Online,Afterpay,COUPON0-99,17.63,AUD
641883,2024-03-05T20:46:05,2024-03-05,213,46,Online,PayPal,COUPON9-0-,6.33,AUD
641885,2024-03-05T05:24:12,2024-03-05,248,37,Retail,PayPal,COUPONZA0-,18.49,AUD
641916,2024-03-05T01:11:20,2024-03-05,582,46,Online,Credit Card,COUPON0-A-,11.78,AUD
641955,2024-03-05T01:40:28,2024-03-05,34,3,Online,PayPal,COUPONZ9A9,19.72,AUD
642073,2024-03-05T14:02:43,2024-03-05,385,28,Retail,Credit Card,COUPON09AZ,16.02,AUD
642392,2024-03-05T03:47:29,2024-03-05,471,30,Online,Credit Card,COUPON-A-Z,14.53,AUD
642494,2024-03-05T12:52:12,2024-03-05,759,17,Retail,Afterpay,COUPONZ999,5.1,AUD
642503,2024-03-05T10:14:57,2024-03-05,735,4,Online,PayPal,COUPON0AA9,6.19,AUD
642562,2024-03-05T16:51:22,2024-03-05,367,4,Retail,Afterpay,COUPONAZA9,18.56,AUD
642776,2024-03-05T03:06:42,2024-03-05,569,25,Online,Credit Card,COUPON-Z--,3.19,AUD
642791,2024-03-05T00:27:05,2024-03-05,49,2,Online,PayPal,COUPONZ--Z,2.51,AUD
642815,2024-03-05T00:36:55,2024-03-05,259,2,Retail,Credit Card,COUPONZ---,15.18,AUD
642828,2024-03-05T22:06:29,2024-03-05,480,46,Retail,Credit Card,COUPON--Z0,16.81,AUD
642831,2024-03-05T11:44:05,2024-03-05,641,24,Retail,Afterpay,COUPONA9-A,11.87,AUD
642840,2024-03-05T10:40:57,2024-03-05,319,47,Retail,Credit Card,COUPON00Z-,7.76,AUD
642874,2024-03-05T01:48:51,2024-03-05,628,17,Online,Afterpay,COUPON0-A9,8.85,AUD
643081,2024-03-05T11:17:06,2024-03-05,331,36,Retail,Credit Card,COUPONA990,12.63,AUD
643173,2024-03-05T11:38:03,2024-03-05,78,47,Retail,PayPal,COUPON----,16.56,AUD
643315,2024-03-05T22:59:32,2024-03-05,355,18,Retail,PayPal,COUPON99A0,1.03,AUD
643462,2024-03-05T12:48:45,2024-03-05,730,5,Online,Afterpay,COUPON0Z90,7.6,AUD
643543,2024-03-05T22:50:11,2024-03-05,626,17,Retail,PayPal,COUPON9900,1.66,AUD
643693,2024-03-05T06:11:52,2024-03-05,2,21,Retail,Credit Card,COUPON-A9-,5.45,AUD
643702,2024-03-05T18:17:22,2024-03-05,612,49,Retail,Afterpay,COUPON0A-Z,12.93,AUD
643818,2024-03-05T18:42:13,2024-03-05,440,2,Retail,PayPal,COUPONZ-A-,2.06,AUD
643826,2024-03-05T04:13:15,2024-03-05,667,32,Online,PayPal,COUPON-9-Z,0.51,AUD
643978,2024-03-05T09:30:28,2024-03-05,570,7,Retail,Credit Card,COUPON-009,8.8,AUD
644011,2024-03-05T01:44:47,2024-03-05,679,4,Retail,Credit Card,COUPONA-AZ,4.04,AUD
644022,2024-03-05T03:41:53,2024-03-05,59,34,Online,Credit Card,COUPONAZ-Z,7.49,AUD
644111,2024-03-05T23:03:50,2024-03-05,572,15,Online,Credit Card,COUPONZA99,17.38,AUD
644127,2024-03-05T13:10:43,2024-03-05,13,39,Online,PayPal,COUPON--09,1.99,AUD
644301,2024-03-05T11:41:50,2024-03-05,664,49,Retail,Afterpay,COUPON99--,3.77,AUD
644303,2024-03-05T10:49:11,2024-03-05,1,22,Online,Afterpay,COUPON-9-A,2.42,AUD
644413,2024-03-05T04:38:48,2024-03-05,8,22,Online,Afterpay,COUPON9-A9,1.82,AUD
644447,2024-03-05T13:14:08,2024-03-05,92,20,Online,Credit Card,COUPON09--,7.14,AUD
644645,2024-03-05T05:50:16,2024-03-05,661,30,Online,Credit Card,COUPONZ---,13.61,AUD
644689,2024-03-05T13:52:43,2024-03-05,527,1,Retail,PayPal,COUPON9-0A,8.98,AUD
644698,2024-03-05T11:51:08,2024-03-05,6,3,Online,PayPal,COUPON90-9,5.12,AUD
644911,2024-03-05T18:20:40,2024-03-05,47,16,Online,PayPal,COUPON0-Z-,7.48,AUD
644912,2024-03-05T12:55:12,2024-03-05,332,26,Online,Credit Card,COUPON----,12.03,AUD
645312,2024-03-05T08:58:52,2024-03-05,691,33,Retail,Credit Card,COUPON00AA,16.22,AUD
645343,2024-03-05T16:42:24,2024-03-05,602,47,Retail,PayPal,COUPON00--,9.42,AUD
645723,2024-03-05T04:17:04,2024-03-05,348,27,Online,Afterpay,COUPON99Z9,2.45,AUD
645801,2024-03-05T17:04:27,2024-03-05,774,16,Online,Credit Card,COUPON-099,17.75,AUD
645806,2024-03-05T22:05:26,2024-03-05,733,11,Online,PayPal,COUPON9AZA,11.63,AUD
645914,2024-03-05T13:57:35,2024-03-05,493,37,Retail,Credit Card,COUPON-A--,9.73,AUD
646188,2024-03-05T12:08:44,2024-03-05,244,50,Online,Afterpay,COUPON----,3.86,AUD
646231,2024-03-05T01:51:28,2024-03-05,757,8,Retail,PayPal,COUPONA-0-,16.42,AUD
646243,2024-03-05T04:24:06,2024-03-05,391,42,Online,Credit Card,COUPON-999,19.4,AUD
646309,2024-03-05T11:19:35,2024-03-05,261,44,Online,PayPal,COUPONAZ0Z,17.46,AUD
646538,2024-03-05T02:33:21,2024-03-05,580,7,Online,Credit Card,COUPONZ---,18.51,AUD
646648,2024-03-05T00:49:33,2024-03-05,139,14,Retail,Credit Card,COUPONZAZA,14.41,AUD
646691,2024-03-05T15:25:16,2024-03-05,123,31,Retail,Credit Card,COUPON90A0,13.11,AUD
646723,2024-03-05T14:54:21,2024-03-05,159,40,Online,Afterpay,COUPONZZ0-,17.06,AUD
646807,2024-03-05T20:59:22,2024-03-05,496,35,Retail,PayPal,COUPONZ--0,4.59,AUD
646818,2024-03-05T15:38:27,2024-03-05,116,10,Retail,Afterpay,COUPON9A0-,19.36,AUD
647020,2024-03-05T02:09:00,2024-03-05,267,19,Online,Afterpay,COUPON-0-9,2.49,AUD
647025,2024-03-05T23:48:48,2024-03-05,590,1,Retail,Afterpay,COUPON-9-0,7.62,AUD
647635,2024-03-05T00:40:09,2024-03-05,501,37,Online,Afterpay,COUPONA-9-,16.51,AUD
647816,2024-03-05T18:06:22,2024-03-05,572,41,Online,Credit Card,COUPON0--0,6.7,AUD
647969,2024-03-05T22:41:35,2024-03-05,735,16,Retail,PayPal,COUPONAZ-Z,2.43,AUD
648171,2024-03-05T19:41:53,2024-03-05,84,6,Retail,Afterpay,COUPON-0Z-,14.03,AUD
648221,2024-03-05T04:42:58,2024-03-05,669,16,Retail,PayPal,COUPON0AZ9,10.24,AUD
648402,2024-03-05T10:50:02,2024-03-05,108,27,Online,PayPal,COUPONA-AZ,8.26,AUD
648448,2024-03-05T07:32:10,2024-03-05,616,16,Online,PayPal,COUPONZ-9-,3.04,AUD
648463,2024-03-05T05:51:06,2024-03-05,481,31,Retail,PayPal,COUPONZ0-A,7.43,AUD
648518,2024-03-05T12:12:39,2024-03-05,21,24,Retail,Afterpay,COUPON0A-A,9.68,AUD
648626,2024-03-05T18:59:31,2024-03-05,604,44,Online,Afterpay,COUPON0-AZ,15.82,AUD
648700,2024-03-05T08:15:18,2024-03-05,489,32,Online,Credit Card,COUPON--0Z,0.18,AUD
648730,2024-03-05T09:21:07,2024-03-05,121,48,Online,PayPal,COUPONZ9AZ,1.72,AUD
648782,2024-03-05T20:58:10,2024-03-05,330,11,Online,PayPal,COUPON9-9-,16.91,AUD
648940,2024-03-05T05:56:29,2024-03-05,152,34,Retail,Credit Card,COUPON09A-,14.55,AUD
649028,2024-03-05T11:51:36,2024-03-05,748,34,Retail,Afterpay,COUPON--0A,10.55,AUD
649090,2024-03-05T13:14:10,2024-03-05,356,12,Online,Afterpay,COUPON9Z-A,15.65,AUD
649246,2024-03-05T11:52:35,2024-03-05,108,20,Retail,PayPal,COUPON--9-,19.25,AUD
649326,2024-03-05T19:35:48,2024-03-05,173,13,Retail,PayPal,COUPONZ0ZA,1.38,AUD
649348,2024-03-05T04:23:29,2024-03-05,761,35,Online,Credit Card,COUPON9A0Z,10.48,AUD
649535,2024-03-05T22:26:18,2024-03-05,764,42,Retail,Credit Card,COUPON0---,18.8,AUD
649624,2024-03-05T14:57:12,2024-03-05,323,11,Online,Credit Card,COUPON9AZZ,5.14,AUD
649664,2024-03-05T07:48:27,2024-03-05,176,11,Retail,Credit Card,COUPON90-A,6.12,AUD
649720,2024-03-05T05:29:19,2024-03-05,225,37,Online,PayPal,COUPON--0-,19.01,AUD
649768,2024-03-05T17:50:51,2024-03-05,120,23,Retail,PayPal,COUPON9-Z0,19.47,AUD
649882,2024-03-05T00:50:55,2024-03-05,90,32,Online,Afterpay,COUPON0ZA0,18.91,AUD
649916,2024-03-05T18:26:13,2024-03-05,278,18,Retail,PayPal,COUPONZ-0-,10.35,AUD
649935,2024-03-05T22:40:58,2024-03-05,586,21,Online,PayPal,COUPON----,16.02,AUD
649950,2024-03-05T00:12:09,2024-03-05,224,6,Online,Afterpay,COUPON----,13.18,AUD
650098,2024-03-05T09:57:36,2024-03-05,10,32,Online,PayPal,COUPONZ--A,6.25,AUD
650161,2024-03-05T12:25:47,2024-03-05,611,34,Online,PayPal,COUPONZ-AA,0.07,AUD
650181,2024-03-05T01:46:46,2024-03-05,411,26,Online,Afterpay,COUPON090A,12.44,AUD
650182,2024-03-05T01:23:17,2024-03-05,781,1,Retail,PayPal,COUPONZAA-,19.15,AUD
650207,2024-03-05T10:24:36,2024-03-05,246,48,Online,Credit Card,COUPON9A0-,15.19,AUD
650241,2024-03-05T09:09:51,2024-03-05,777,30,Retail,Afterpay,COUPONZ-0-,14.12,AUD
650306,2024-03-05T12:07:10,2024-03-05,615,46,Retail,PayPal,COUPON-0--,10.49,AUD
650324,2024-03-05T12:16:19,2024-03-05,375,10,Online,Credit Card,COUPONA0-0,16.03,AUD
650346,2024-03-05T06:13:42,2024-03-05,151,36,Online,Credit Card,COUPONZZ00,15.96,AUD
650433,2024-03-05T19:01:39,2024-03-05,670,33,Online,Afterpay,COUPONZ0--,18.68,AUD
650596,2024-03-05T13:33:16,2024-03-05,484,15,Retail,Afterpay,COUPONZA00,15.42,AUD
650653,2024-03-05T17:41:50,2024-03-05,476,38,Online,Credit Card,COUPON0--0,16.4,AUD
650808,2024-03-05T18:24:22,2024-03-05,148,11,Retail,Credit Card,COUPON9-Z-,5.89,AUD
650839,2024-03-05T15:22:40,2024-03-05,553,25,Online,Afterpay,COUPON-ZZZ,11.81,AUD
650991,2024-03-05T15:54:48,2024-03-05,88,7,Retail,PayPal,COUPON09-A,6.77,AUD
651070,2024-03-05T12:17:57,2024-03-05,113,5,Online,Afterpay,COUPONZA90,8.22,AUD
651200,2024-03-05T01:22:40,2024-03-05,370,18,Online,Afterpay,COUPON9-09,18.05,AUD
651318,2024-03-05T05:32:26,2024-03-05,773,46,Retail,Afterpay,COUPON9-9A,6.87,AUD
651331,2024-03-05T23:40:09,2024-03-05,471,10,Online,Afterpay,COUPON00Z0,2.46,AUD
651352,2024-03-05T10:18:09,2024-03-05,550,46,Retail,Credit Card,COUPON999-,17.25,AUD
651378,2024-03-05T01:02:56,2024-03-05,370,45,Online,Credit Card,COUPON90Z0,8.34,AUD
651539,2024-03-05T11:16:53,2024-03-05,766,3,Retail,Credit Card,COUPON9A00,4.28,AUD
651618,2024-03-05T02:36:43,2024-03-05,273,45,Online,PayPal,COUPONAAAA,11.45,AUD
651819,2024-03-05T11:09:55,2024-03-05,384,42,Retail,Afterpay,COUPON9--Z,13.97,AUD
652002,2024-03-05T11:21:13,2024-03-05,163,23,Retail,Afterpay,COUPONA999,7.57,AUD
652015,2024-03-05T20:45:04,2024-03-05,3,12,Retail,PayPal,COUPON---A,2.49,AUD
652404,2024-03-05T00:29:39,2024-03-05,207,14,Retail,PayPal,COUPON--9Z,7.98,AUD
652450,2024-03-05T21:41:31,2024-03-05,491,34,Retail,Credit Card,COUPONZ0-9,1.35,AUD
652462,2024-03-05T23:31:12,2024-03-05,796,23,Online,PayPal,COUPON--ZA,13.41,AUD
652478,2024-03-05T21:19:06,2024-03-05,175,50,Online,Credit Card,COUPON-909,1.74,AUD
652553,2024-03-05T13:08:13,2024-03-05,93,28,Online,Credit Card,COUPON9---,16.02,AUD
652560,2024-03-05T17:31:51,2024-03-05,81,26,Online,Afterpay,COUPON-Z0-,9.31,AUD
652578,2024-03-05T07:21:05,2024-03-05,577,24,Retail,Afterpay,COUPON-AAZ,8.52,AUD
652579,2024-03-05T02:46:36,2024-03-05,407,11,Online,Credit Card,COUPON9A0A,19.19,AUD
652615,2024-03-05T19:20:00,2024-03-05,529,21,Online,Afterpay,COUPON9Z--,8.83,AUD
652657,2024-03-05T16:54:40,2024-03-05,97,25,Online,Afterpay,COUPON90Z-,9.62,AUD
652738,2024-03-05T06:50:50,2024-03-05,604,29,Online,Afterpay,COUPONA-Z-,3.23,AUD
652797,2024-03-05T09:28:28,2024-03-05,788,33,Online,Credit Card,COUPON9---,9.02,AUD
652834,2024-03-05T14:06:07,2024-03-05,606,23,Retail,Afterpay,COUPONA0-0,15.98,AUD
652840,2024-03-05T17:10:12,2024-03-05,310,5,Online,PayPal,COUPON0Z9-,4.02,AUD
653244,2024-03-05T04:01:39,2024-03-05,591,6,Online,Afterpay,COUPONZ9--,9.42,AUD
653425,2024-03-05T19:37:20,2024-03-05,458,30,Retail,Afterpay,COUPONAA0-,12.26,AUD
653443,2024-03-05T15:38:44,2024-03-05,639,20,Online,PayPal,COUPON-AA9,1.07,AUD
653448,2024-03-05T21:00:40,2024-03-05,72,16,Retail,Credit Card,COUPONZAA-,12.32,AUD
653507,2024-03-05T18:16:11,2024-03-05,132,33,Retail,Afterpay,COUPON99Z0,9.87,AUD
653528,2024-03-05T16:51:33,2024-03-05,221,28,Online,Credit Card,COUPON9A09,0.27,AUD
653629,2024-03-05T00:22:45,2024-03-05,370,34,Retail,PayPal,COUPONZ-A9,19.49,AUD
653748,2024-03-05T05:57:11,2024-03-05,282,39,Online,PayPal,COUPON9ZZ0,19.55,AUD
653791,2024-03-05T07:13:41,2024-03-05,239,14,Retail,Afterpay,COUPON-99A,8.87,AUD
653896,2024-03-05T11:47:27,2024-03-05,407,41,Online,PayPal,COUPON09ZA,8.71,AUD
653900,2024-03-05T17:12:14,2024-03-05,412,11,Retail,PayPal,COUPON0ZA-,6.9,AUD
653981,2024-03-05T16:25:30,2024-03-05,704,32,Online,PayPal,COUPONA0-0,8.51,AUD
653987,2024-03-05T04:40:50,2024-03-05,158,22,Retail,Credit Card,COUPONZ9AA,7.67,AUD
654405,2024-03-05T17:21:28,2024-03-05,25,20,Online,PayPal,COUPON-Z-Z,19.59,AUD
654422,2024-03-05T00:42:30,2024-03-05,709,39,Retail,Credit Card,COUPON00-A,1.13,AUD
654585,2024-03-05T07:57:11,2024-03-05,454,28,Online,Afterpay,COUPON9Z9Z,10.78,AUD
654601,2024-03-05T06:15:21,2024-03-05,323,1,Online,Credit Card,COUPON-A--,6.56,AUD
654652,2024-03-05T06:26:02,2024-03-05,471,29,Online,PayPal,COUPON99-9,19.31,AUD
654718,2024-03-05T19:34:41,2024-03-05,135,4,Online,PayPal,COUPONA00-,0.15,AUD
654797,2024-03-05T02:00:58,2024-03-05,463,49,Retail,Afterpay,COUPON0-9-,0.42,AUD
654811,2024-03-05T11:35:42,2024-03-05,663,28,Retail,PayPal,COUPON99Z-,18.12,AUD
654835,2024-03-05T15:22:41,2024-03-05,265,26,Online,Afterpay,COUPONA-ZZ,15.4,AUD
654902,2024-03-05T13:01:37,2024-03-05,368,13,Online,PayPal,COUPON0--0,6.8,AUD
654946,2024-03-05T21:15:50,2024-03-05,132,35,Retail,PayPal,COUPONA99A,10.9,AUD
655053,2024-03-05T06:27:42,2024-03-05,223,14,Retail,Afterpay,COUPON00ZZ,17.8,AUD
655189,2024-03-05T14:39:12,2024-03-05,318,44,Online,Afterpay,COUPON--AA,18.73,AUD
655253,2024-03-05T06:20:55,2024-03-05,588,25,Retail,Afterpay,COUPONA0--,15.05,AUD
655558,2024-03-05T21:09:26,2024-03-05,414,29,Retail,PayPal,COUPONZAA-,12.46,AUD
655564,2024-03-05T17:09:36,2024-03-05,680,50,Retail,Credit Card,COUPON--A-,8.38,AUD
655567,2024-03-05T19:59:08,2024-03-05,493,49,Retail,PayPal,COUPON009A,14.78,AUD
655642,2024-03-05T22:27:27,2024-03-05,440,39,Retail,Afterpay,COUPON9-9Z,2.21,AUD
655654,2024-03-05T17:38:29,2024-03-05,353,13,Retail,PayPal,COUPONZ09Z,1.92,AUD
655841,2024-03-05T23:32:20,2024-03-05,325,7,Online,PayPal,COUPONZAZZ,10.31,AUD
655866,2024-03-05T09:16:01,2024-03-05,785,22,Online,Credit Card,COUPONZ0A0,16.91,AUD
655938,2024-03-05T11:23:24,2024-03-05,465,12,Retail,Credit Card,COUPONZ909,6.45,AUD
655953,2024-03-05T07:59:18,2024-03-05,452,42,Online,Credit Card,COUPONAA-9,17.3,AUD
655958,2024-03-05T10:01:44,2024-03-05,638,48,Online,PayPal,COUPON0--Z,17.97,AUD
656016,2024-03-05T11:10:43,2024-03-05,154,43,Online,Credit Card,COUPONZ00Z,11.34,AUD
656072,2024-03-05T14:09:34,2024-03-05,224,36,Online,Afterpay,COUPON09--,12.13,AUD
656090,2024-03-05T16:39:16,2024-03-05,194,27,Online,PayPal,COUPONZZ--,3.72,AUD
656097,2024-03-05T22:10:12,2024-03-05,490,10,Retail,PayPal,COUPON-0A-,7.96,AUD
656160,2024-03-05T07:51:44,2024-03-05,598,2,Retail,Credit Card,COUPON0--A,18.62,AUD
656256,2024-03-05T20:06:51,2024-03-05,258,31,Retail,PayPal,COUPON--0Z,13.24,AUD
656272,2024-03-05T17:49:38,2024-03-05,792,15,Retail,Credit Card,COUPON-A99,5.31,AUD
656319,2024-03-05T00:49:52,2024-03-05,319,26,Online,Afterpay,COUPON0A-9,1.41,AUD
656482,2024-03-05T17:29:58,2024-03-05,770,30,Online,Credit Card,COUPON0A-9,9.86,AUD
656503,2024-03-05T07:54:07,2024-03-05,49,3,Retail,Credit Card,COUPON----,11.52,AUD
656614,2024-03-05T20:14:50,2024-03-05,42,45,Online,PayPal,COUPONZA--,13.78,AUD
656751,2024-03-05T08:28:41,2024-03-05,415,38,Online,PayPal,COUPONA99-,1.38,AUD
656881,2024-03-05T23:41:23,2024-03-05,230,49,Online,PayPal,COUPON0-AA,0.54,AUD
657060,2024-03-05T20:45:20,2024-03-05,143,19,Online,Credit Card,COUPONA9ZZ,5.01,AUD
657149,2024-03-05T13:18:22,2024-03-05,278,45,Online,Afterpay,COUPON9Z9A,11.76,AUD
657165,2024-03-05T13:55:20,2024-03-05,191,10,Retail,PayPal,COUPON9AZZ,13.16,AUD
657205,2024-03-05T20:52:52,2024-03-05,485,47,Retail,Credit Card,COUPONA-ZZ,2.38,AUD
657662,2024-03-05T09:19:10,2024-03-05,535,29,Retail,Afterpay,COUPONZ--9,1.67,AUD
657919,2024-03-05T02:06:24,2024-03-05,248,31,Online,Credit Card,COUPON9ZZ-,0.4,AUD
657999,2024-03-05T21:57:20,2024-03-05,367,22,Retail,Credit Card,COUPON-ZAZ,16.86,AUD
658153,2024-03-05T00:32:08,2024-03-05,582,11,Online,Afterpay,COUPON--0A,4.21,AUD
658192,2024-03-05T14:22:56,2024-03-05,301,49,Online,Credit Card,COUPONA-90,9.26,AUD
658304,2024-03-05T13:23:22,2024-03-05,712,46,Online,Credit Card,COUPON0AZ-,16.42,AUD
658376,2024-03-05T04:13:11,2024-03-05,39,37,Retail,PayPal,COUPON-A99,9.34,AUD
658429,2024-03-05T04:51:53,2024-03-05,496,2,Online,PayPal,COUPONAZ9Z,18.81,AUD
658496,2024-03-05T00:20:24,2024-03-05,66,38,Online,Afterpay,COUPON09ZA,8.03,AUD
658641,2024-03-05T11:17:06,2024-03-05,389,12,Online,Afterpay,COUPON-000,1.46,AUD
658797,2024-03-05T17:10:15,2024-03-05,357,19,Retail,Afterpay,COUPON09-0,15.08,AUD
658808,2024-03-05T11:31:52,2024-03-05,575,46,Online,Afterpay,COUPON-AZ0,15.6,AUD
658856,2024-03-05T04:23:26,2024-03-05,345,38,Online,PayPal,COUPONAZ99,19.43,AUD
659111,2024-03-05T13:57:12,2024-03-05,701,12,Online,Afterpay,COUPON0AZA,9.01,AUD
659134,2024-03-05T07:52:15,2024-03-05,169,9,Online,PayPal,COUPON0-A0,8.56,AUD
659161,2024-03-05T02:56:57,2024-03-05,593,7,Online,PayPal,COUPONZ--0,2.45,AUD
659201,2024-03-05T06:51:06,2024-03-05,209,48,Online,Afterpay,COUPON--AA,7.37,AUD
659298,2024-03-05T19:44:30,2024-03-05,465,36,Retail,Credit Card,COUPON-Z00,8.25,AUD
659554,2024-03-05T07:11:39,2024-03-05,516,17,Retail,PayPal,COUPONZZ0A,19.57,AUD
659706,2024-03-05T14:04:59,2024-03-05,441,40,Online,Afterpay,COUPON0--Z,7.68,AUD
659910,2024-03-05T02:34:32,2024-03-05,408,27,Online,PayPal,COUPON0-09,10.83,AUD
659911,2024-03-05T12:02:02,2024-03-05,352,6,Retail,Credit Card,COUPONA9Z-,16.29,AUD
659912,2024-03-05T17:50:21,2024-03-05,77,35,Retail,Afterpay,COUPON0AZ-,9.33,AUD
659923,2024-03-05T20:10:58,2024-03-05,151,21,Retail,PayPal,COUPON--9-,15.21,AUD
660070,2024-03-05T15:01:45,2024-03-05,35,13,Retail,Credit Card,COUPON09A0,17.7,AUD
660110,2024-03-05T13:34:50,2024-03-05,405,14,Retail,PayPal,COUPONZ0-Z,16.09,AUD
660205,2024-03-05T12:29:15,2024-03-05,239,42,Online,Credit Card,COUPONZ0Z-,9.75,AUD
660387,2024-03-05T08:44:51,2024-03-05,549,3,Retail,Credit Card,COUPON-9Z-,4.16,AUD
660388,2024-03-05T19:09:08,2024-03-05,755,6,Online,PayPal,COUPONZ9-9,1.13,AUD
660457,2024-03-05T09:04:19,2024-03-05,532,20,Retail,Credit Card,COUPONZZZ9,14.91,AUD
660901,2024-03-05T23:06:58,2024-03-05,771,41,Retail,PayPal,COUPONZA--,1.87,AUD
660982,2024-03-05T18:19:03,2024-03-05,463,47,Online,PayPal,COUPONA---,16.25,AUD
661189,2024-03-05T05:00:45,2024-03-05,753,47,Retail,PayPal,COUPON99-9,2.01,AUD
661276,2024-03-05T13:01:47,2024-03-05,154,31,Online,Credit Card,COUPONAA-Z,3.53,AUD
661455,2024-03-05T04:22:37,2024-03-05,679,29,Online,PayPal,COUPON--0-,4.86,AUD
661479,2024-03-05T01:21:44,2024-03-05,190,23,Retail,PayPal,COUPONZ99A,13.3,AUD
661698,2024-03-05T23:29:06,2024-03-05,295,29,Retail,Credit Card,COUPON-Z-Z,13.96,AUD
661723,2024-03-05T00:38:27,2024-03-05,574,12,Retail,PayPal,COUPON9Z-A,13.72,AUD
661849,2024-03-05T23:54:33,2024-03-05,356,36,Online,Afterpay,COUPON-0ZA,15.62,AUD
661864,2024-03-05T17:51:20,2024-03-05,508,43,Retail,Credit Card,COUPONZ---,16.44,AUD
661948,2024-03-05T16:42:25,2024-03-05,477,18,Retail,Credit Card,COUPON--ZZ,10.87,AUD
662049,2024-03-05T22:38:46,2024-03-05,169,11,Retail,Afterpay,COUPON----,15.72,AUD
662065,2024-03-05T06:49:26,2024-03-05,118,21,Retail,Credit Card,COUPON-A-A,8.21,AUD
662247,2024-03-05T09:50:20,2024-03-05,76,3,Online,Afterpay,COUPONA-0-,14.1,AUD
662369,2024-03-05T21:46:01,2024-03-05,179,40,Retail,Afterpay,COUPON-A0-,5.48,AUD
662448,2024-03-05T15:17:50,2024-03-05,284,36,Online,Credit Card,COUPON--90,15.4,AUD
662476,2024-03-05T10:12:54,2024-03-05,651,6,Retail,PayPal,COUPONZAAA,3.47,AUD
662505,2024-03-05T05:07:39,2024-03-05,140,32,Online,Credit Card,COUPON0A--,16.09,AUD
662602,2024-03-05T18:40:44,2024-03-05,695,25,Online,Afterpay,COUPON0-AZ,11.04,AUD
662771,2024-03-05T19:20:56,2024-03-05,600,28,Retail,Credit Card,COUPON-Z-Z,5.48,AUD
662859,2024-03-05T07:05:35,2024-03-05,79,22,Retail,PayPal,COUPON0-99,9.44,AUD
662945,2024-03-05T22:49:13,2024-03-05,724,31,Retail,PayPal,COUPONA09A,11.68,AUD
663139,2024-03-05T02:41:11,2024-03-05,571,1,Online,Afterpay,COUPON-ZA-,15.64,AUD
663162,2024-03-05T03:14:37,2024-03-05,411,16,Online,PayPal,COUPON--ZA,14.93,AUD
663177,2024-03-05T11:38:45,2024-03-05,767,35,Retail,Credit Card,COUPONAA-A,5.26,AUD
663414,2024-03-05T19:30:11,2024-03-05,362,12,Online,PayPal,COUPON--A9,9.11,AUD
663426,2024-03-05T10:19:42,2024-03-05,783,3,Retail,PayPal,COUPONA9Z-,13.32,AUD
663438,2024-03-05T17:29:41,2024-03-05,745,15,Retail,Credit Card,COUPON0---,0.33,AUD
663450,2024-03-05T23:23:37,2024-03-05,672,38,Online,Afterpay,COUPON990-,19.87,AUD
663552,2024-03-05T07:42:19,2024-03-05,588,29,Online,PayPal,COUPON-0--,12.75,AUD
663697,2024-03-05T06:06:48,2024-03-05,183,16,Retail,PayPal,COUPON9Z-9,16.63,AUD
663722,2024-03-05T12:46:49,2024-03-05,502,45,Online,PayPal,COUPON0A-9,2.95,AUD
663862,2024-03-05T17:56:55,2024-03-05,41,25,Online,Afterpay,COUPONZA99,17.58,AUD
663863,2024-03-05T07:58:16,2024-03-05,409,8,Retail,PayPal,COUPON--9Z,16.86,AUD
664008,2024-03-05T01:04:02,2024-03-05,657,9,Online,PayPal,COUPONZZ90,15.72,AUD
664053,2024-03-05T04:38:59,2024-03-05,282,3,Retail,PayPal,COUPONZ-Z-,8.9,AUD
664168,2024-03-05T09:24:52,2024-03-05,449,13,Online,PayPal,COUPON-0-0,12.99,AUD
664476,2024-03-05T15:10:45,2024-03-05,424,40,Retail,Afterpay,COUPONZ909,4.94,AUD
664507,2024-03-05T04:14:53,2024-03-05,451,36,Online,Credit Card,COUPON9--9,13.14,AUD
664533,2024-03-05T10:39:59,2024-03-05,629,17,Online,Credit Card,COUPON99--,19.62,AUD
664593,2024-03-05T18:52:31,2024-03-05,526,16,Retail,Credit Card,COUPON99--,5.93,AUD
664642,2024-03-05T05:42:07,2024-03-05,411,21,Online,Afterpay,COUPON-AAZ,12.78,AUD
664655,2024-03-05T08:17:43,2024-03-05,185,37,Online,Credit Card,COUPONZAA-,12.07,AUD
664757,2024-03-05T04:57:06,2024-03-05,104,3,Online,PayPal,COUPON0A0-,3.62,AUD
664848,2024-03-05T22:21:20,2024-03-05,302,37,Retail,Credit Card,COUPON9-A9,14.81,AUD
664852,2024-03-05T19:20:20,2024-03-05,2,43,Retail,Credit Card,COUPON009Z,1.51,AUD
664904,2024-03-05T18:57:08,2024-03-05,264,16,Online,Credit Card,COUPON--99,15.36,AUD
664914,2024-03-05T10:03:49,2024-03-05,271,32,Online,PayPal,COUPONA90-,6.75,AUD
664965,2024-03-05T11:55:40,2024-03-05,526,36,Retail,Credit Card,COUPON----,11.21,AUD
665048,2024-03-05T12:33:50,2024-03-05,683,19,Online,Afterpay,COUPONA-ZZ,16.28,AUD
665116,2024-03-05T07:49:38,2024-03-05,719,24,Retail,Afterpay,COUPON9A--,14.38,AUD
665156,2024-03-05T02:19:59,2024-03-05,529,22,Retail,PayPal,COUPON-9A9,8.71,AUD
665239,2024-03-05T23:20:07,2024-03-05,409,28,Online,PayPal,COUPONA0-A,7.4,AUD
665296,2024-03-05T14:32:38,2024-03-05,397,22,Online,Afterpay,COUPON0-Z-,14.39,AUD
665352,2024-03-05T13:56:21,2024-03-05,774,41,Online,Afterpay,COUPON-A9A,10.16,AUD
665529,2024-03-05T04:12:02,2024-03-05,210,14,Online,Credit Card,COUPON9Z-0,16.55,AUD
665555,2024-03-05T00:24:01,2024-03-05,373,21,Retail,Afterpay,COUPONZA--,3.64,AUD
665603,2024-03-05T10:45:11,2024-03-05,587,21,Retail,Afterpay,COUPON9ZZZ,5.21,AUD
665676,2024-03-05T20:51:49,2024-03-05,97,18,Retail,PayPal,COUPONAAA0,10.62,AUD
665690,2024-03-05T05:15:20,2024-03-05,668,15,Online,Afterpay,COUPONAA9A,5.52,AUD
665711,2024-03-05T22:26:06,2024-03-05,269,21,Online,Afterpay,COUPONZ-0Z,8.23,AUD
665771,2024-03-05T18:22:29,2024-03-05,487,45,Retail,Afterpay,COUPONA9-0,7.35,AUD
665911,2024-03-05T05:08:53,2024-03-05,337,31,Retail,PayPal,COUPON90--,7.48,AUD
666044,2024-03-05T16:32:01,2024-03-05,352,43,Retail,Credit Card,COUPONZ-Z-,5.92,AUD
666045,2024-03-05T18:27:26,2024-03-05,405,7,Retail,PayPal,COUPONZZ9-,14.51,AUD
666201,2024-03-05T08:36:13,2024-03-05,60,3,Retail,Afterpay,COUPON-AZZ,15.52,AUD
666361,2024-03-05T04:06:35,2024-03-05,306,30,Online,PayPal,COUPON-0AZ,8.82,AUD
666545,2024-03-05T12:05:21,2024-03-05,4,24,Online,Afterpay,COUPON9--Z,11.09,AUD
666679,2024-03-05T06:49:08,2024-03-05,96,26,Online,PayPal,COUPON-A--,13.57,AUD
666704,2024-03-05T22:30:27,2024-03-05,526,29,Online,Afterpay,COUPON90Z-,2.28,AUD
666744,2024-03-05T18:14:52,2024-03-05,787,34,Retail,Credit Card,COUPONZ-ZA,0.74,AUD
666750,2024-03-05T17:53:58,2024-03-05,554,30,Retail,Afterpay,COUPON--0-,19.99,AUD
666865,2024-03-05T20:35:16,2024-03-05,383,48,Online,Afterpay,COUPON-Z--,2.07,AUD
666910,2024-03-05T20:05:52,2024-03-05,297,12,Retail,Afterpay,COUPONA9A0,15.06,AUD
667041,2024-03-05T23:22:20,2024-03-05,126,48,Online,Credit Card,COUPON--A9,3.04,AUD
667173,2024-03-05T18:41:22,2024-03-05,595,17,Online,Afterpay,COUPON9Z--,14.0,AUD
667304,2024-03-05T12:39:11,2024-03-05,582,42,Retail,PayPal,COUPON----,3.34,AUD
667339,2024-03-05T05:20:32,2024-03-05,72,39,Retail,Credit Card,COUPONZ0Z-,5.43,AUD
667361,2024-03-05T01:56:45,2024-03-05,706,16,Online,PayPal,COUPON---9,10.62,AUD
667376,2024-03-05T23:38:34,2024-03-05,656,15,Online,Afterpay,COUPONZA9A,6.66,AUD
667436,2024-03-05T16:03:50,2024-03-05,505,5,Retail,Afterpay,COUPON0AA0,14.36,AUD
667567,2024-03-05T01:07:22,2024-03-05,779,19,Retail,Credit Card,COUPONZ9-9,9.54,AUD
667639,2024-03-05T21:11:39,2024-03-05,423,13,Retail,PayPal,COUPON---Z,18.96,AUD
667877,2024-03-05T23:18:15,2024-03-05,503,15,Online,Afterpay,COUPONA990,4.08,AUD
667901,2024-03-05T17:09:08,2024-03-05,452,28,Online,Afterpay,COUPON--ZA,5.76,AUD
667919,2024-03-05T21:13:19,2024-03-05,782,35,Online,Credit Card,COUPONA9ZZ,19.15,AUD
668003,2024-03-05T08:48:26,2024-03-05,584,34,Online,PayPal,COUPON-0-A,7.64,AUD
668058,2024-03-05T11:02:56,2024-03-05,514,31,Retail,Afterpay,COUPONZAAZ,12.21,AUD
668090,2024-03-05T18:56:31,2024-03-05,712,34,Retail,Credit Card,COUPONA---,9.55,AUD
668111,2024-03-05T08:54:31,2024-03-05,35,46,Online,Afterpay,COUPON000A,6.76,AUD
668127,2024-03-05T06:15:18,2024-03-05,49,24,Retail,Credit Card,COUPON-9Z-,3.1,AUD
668143,2024-03-05T12:51:40,2024-03-05,202,13,Online,Afterpay,COUPON-9AA,6.4,AUD
668155,2024-03-05T03:50:18,2024-03-05,705,24,Retail,PayPal,COUPON--09,3.56,AUD
668339,2024-03-05T13:03:18,2024-03-05,573,6,Retail,Credit Card,COUPON0Z--,20.0,AUD
668369,2024-03-05T00:17:26,2024-03-05,113,6,Retail,Credit Card,COUPONZZAA,17.4,AUD
668429,2024-03-05T04:11:07,2024-03-05,520,14,Retail,Credit Card,COUPON99AZ,17.9,AUD
668546,2024-03-05T10:30:32,2024-03-05,450,21,Online,Afterpay,COUPON-0-9,4.7,AUD
668549,2024-03-05T11:26:49,2024-03-05,785,3,Online,Credit Card,COUPON0A-0,1.37,AUD
668598,2024-03-05T10:45:23,2024-03-05,148,26,Online,PayPal,COUPONZZ9Z,12.81,AUD
668820,2024-03-05T17:24:38,2024-03-05,231,37,Retail,Afterpay,COUPON-99-,0.74,AUD
669071,2024-03-05T06:36:16,2024-03-05,674,19,Retail,Credit Card,COUPON0ZZA,2.97,AUD
669107,2024-03-05T23:33:08,2024-03-05,614,31,Online,PayPal,COUPON9-9-,1.37,AUD
669138,2024-03-05T02:38:40,2024-03-05,489,2,Online,Credit Card,COUPON--09,14.84,AUD
669241,2024-03-05T02:00:11,2024-03-05,404,43,Online,PayPal,COUPON--0Z,11.09,AUD
669290,2024-03-05T01:02:06,2024-03-05,723,2,Online,Credit Card,COUPONZ99-,1.94,AUD
669428,2024-03-05T18:54:50,2024-03-05,662,18,Retail,Credit Card,COUPON-9-9,10.22,AUD
669489,2024-03-05T03:40:13,2024-03-05,320,14,Retail,Credit Card,COUPON--AZ,9.96,AUD
669709,2024-03-05T21:38:41,2024-03-05,371,9,Retail,Afterpay,COUPON0Z00,14.09,AUD
669750,2024-03-05T00:32:12,2024-03-05,259,15,Retail,Afterpay,COUPON--09,17.62,AUD
669938,2024-03-05T22:01:39,2024-03-05,476,39,Online,Afterpay,COUPON9A-A,19.25,AUD
670032,2024-03-05T14:19:08,2024-03-05,535,47,Online,Credit Card,COUPON--ZZ,10.64,AUD
670171,2024-03-05T22:16:04,2024-03-05,686,42,Online,PayPal,COUPONAZZA,9.56,AUD
670285,2024-03-05T02:36:22,2024-03-05,675,29,Retail,PayPal,COUPON0---,3.85,AUD
670318,2024-03-05T22:18:06,2024-03-05,27,8,Retail,Credit Card,COUPON-A9-,10.2,AUD
670349,2024-03-05T13:21:47,2024-03-05,579,48,Retail,Credit Card,COUPON-9-Z,18.83,AUD
670409,2024-03-05T04:08:20,2024-03-05,2,44,Retail,PayPal,COUPONZ000,13.95,AUD
670412,2024-03-05T19:09:56,2024-03-05,568,7,Retail,PayPal,COUPON0Z-0,11.67,AUD
670726,2024-03-05T20:14:48,2024-03-05,370,27,Online,PayPal,COUPON0-9A,8.57,AUD
670840,2024-03-05T12:48:56,2024-03-05,179,27,Retail,Credit Card,COUPON0Z-0,18.95,AUD
671053,2024-03-05T11:24:04,2024-03-05,520,3,Retail,Credit Card,COUPONA-A-,16.52,AUD
671179,2024-03-05T16:03:48,2024-03-05,651,6,Online,PayPal,COUPONA--Z,4.72,AUD
671522,2024-03-05T20:18:30,2024-03-05,668,18,Online,PayPal,COUPONA0A9,15.71,AUD
671584,2024-03-05T07:42:41,2024-03-05,30,50,Online,PayPal,COUPONA-90,16.25,AUD
671633,2024-03-05T08:28:14,2024-03-05,157,40,Online,Credit Card,COUPON-A-Z,14.43,AUD
671738,2024-03-05T21:28:06,2024-03-05,546,32,Online,PayPal,COUPON0A9A,7.72,AUD
671816,2024-03-05T04:31:27,2024-03-05,480,13,Retail,Afterpay,COUPONA---,6.65,AUD
671863,2024-03-05T03:56:47,2024-03-05,636,4,Online,PayPal,COUPON9--Z,17.73,AUD
671891,2024-03-05T06:25:06,2024-03-05,213,41,Online,PayPal,COUPON--A-,11.0,AUD
671898,2024-03-05T17:50:14,2024-03-05,82,31,Retail,Credit Card,COUPON90--,3.33,AUD
672044,2024-03-05T06:56:43,2024-03-05,465,11,Online,PayPal,COUPON--ZA,17.97,AUD
672127,2024-03-05T08:35:53,2024-03-05,236,3,Online,Afterpay,COUPONA---,0.75,AUD
672289,2024-03-05T11:59:41,2024-03-05,776,1,Online,Credit Card,COUPON0---,14.1,AUD
672421,2024-03-05T20:42:28,2024-03-05,671,3,Online,PayPal,COUPON-A00,5.39,AUD
672467,2024-03-05T13:06:34,2024-03-05,482,33,Retail,Afterpay,COUPONA9AZ,6.34,AUD
672544,2024-03-05T10:42:04,2024-03-05,495,9,Retail,Afterpay,COUPON9A-0,13.06,AUD
672942,2024-03-05T20:55:49,2024-03-05,146,39,Retail,Credit Card,COUPONAZ0-,5.19,AUD
673223,2024-03-05T05:39:44,2024-03-05,290,43,Retail,PayPal,COUPON-AZ-,11.84,AUD
673242,2024-03-05T01:16:57,2024-03-05,466,27,Retail,Credit Card,COUPON-009,19.75,AUD
673352,2024-03-05T16:21:08,2024-03-05,327,5,Retail,Afterpay,COUPON090-,17.15,AUD
673370,2024-03-05T19:11:44,2024-03-05,399,20,Retail,Afterpay,COUPON9AZZ,14.79,AUD
673562,2024-03-05T09:31:49,2024-03-05,714,7,Online,PayPal,COUPONA9-0,17.56,AUD
673691,2024-03-05T08:10:49,2024-03-05,738,5,Online,Credit Card,COUPON0-9-,10.15,AUD
673795,2024-03-05T14:57:07,2024-03-05,364,35,Retail,PayPal,COUPON0-9A,13.85,AUD
673887,2024-03-05T02:38:39,2024-03-05,24,36,Retail,PayPal,COUPONAA-9,17.94,AUD
673902,2024-03-05T16:48:40,2024-03-05,167,18,Retail,Afterpay,COUPON-Z09,17.4,AUD
673993,2024-03-05T17:03:32,2024-03-05,639,35,Retail,Afterpay,COUPON-9A9,3.06,AUD
674087,2024-03-05T04:07:34,2024-03-05,399,44,Retail,PayPal,COUPONZA00,19.6,AUD
674093,2024-03-05T13:58:46,2024-03-05,133,30,Online,PayPal,COUPONZ-AZ,14.84,AUD
674176,2024-03-05T12:43:37,2024-03-05,365,20,Online,PayPal,COUPONA-99,7.45,AUD
674247,2024-03-05T02:29:08,2024-03-05,478,14,Retail,Credit Card,COUPON9AA-,5.59,AUD
674289,2024-03-05T04:08:15,2024-03-05,85,19,Retail,Credit Card,COUPON---Z,7.79,AUD
674371,2024-03-05T00:40:11,2024-03-05,568,26,Online,Afterpay,COUPON90Z9,11.6,AUD
674486,2024-03-05T23:41:47,2024-03-05,375,16,Online,Credit Card,COUPONA0-0,0.59,AUD
674514,2024-03-05T18:22:30,2024-03-05,539,49,Retail,PayPal,COUPONZ--A,4.55,AUD
674520,2024-03-05T07:50:51,2024-03-05,700,7,Retail,Afterpay,COUPON-A9-,8.37,AUD
674524,2024-03-05T11:08:59,2024-03-05,760,37,Online,Credit Card,COUPONZ0-0,4.37,AUD
674547,2024-03-05T09:56:42,2024-03-05,289,34,Online,Afterpay,COUPON0Z9Z,17.2,AUD
674553,2024-03-05T18:52:47,2024-03-05,713,20,Retail,Afterpay,COUPON---0,6.09,AUD
674554,2024-03-05T14:42:23,2024-03-05,605,30,Retail,Afterpay,COUPON-00-,0.76,AUD
674885,2024-03-05T04:57:59,2024-03-05,413,39,Retail,PayPal,COUPON-A9Z,3.01,AUD
675028,2024-03-05T05:17:30,2024-03-05,465,8,Online,PayPal,COUPONAZAA,8.52,AUD
675047,2024-03-05T23:55:41,2024-03-05,785,11,Retail,Afterpay,COUPONA000,12.19,AUD
675071,2024-03-05T20:33:15,2024-03-05,488,3,Online,Afterpay,COUPONA-AA,7.91,AUD
675127,2024-03-05T08:06:26,2024-03-05,643,25,Online,Credit Card,COUPON0Z0-,7.45,AUD
675176,2024-03-05T07:48:28,2024-03-05,438,36,Retail,Afterpay,COUPONZA-0,0.6,AUD
675267,2024-03-05T06:52:38,2024-03-05,174,42,Online,Afterpay,COUPON-0Z0,8.66,AUD
675421,2024-03-05T08:33:57,2024-03-05,324,28,Online,Afterpay,COUPON-99-,3.31,AUD
675637,2024-03-05T10:52:54,2024-03-05,379,37,Online,Afterpay,COUPON90-0,2.34,AUD
675717,2024-03-05T12:01:25,2024-03-05,555,21,Online,Afterpay,COUPON9--Z,3.11,AUD
675723,2024-03-05T13:29:15,2024-03-05,674,20,Retail,Afterpay,COUPONA-AZ,0.36,AUD
676033,2024-03-05T15:22:08,2024-03-05,359,5,Retail,PayPal,COUPON-ZZ0,14.65,AUD
676038,2024-03-05T21:22:39,2024-03-05,180,48,Retail,PayPal,COUPON0Z99,19.02,AUD
676087,2024-03-05T09:01:16,2024-03-05,208,5,Retail,PayPal,COUPON--90,12.84,AUD
676113,2024-03-05T16:16:07,2024-03-05,277,17,Online,Credit Card,COUPON09-A,10.53,AUD
676206,2024-03-05T11:23:33,2024-03-05,527,12,Retail,PayPal,COUPONAA00,6.99,AUD
676239,2024-03-05T04:55:32,2024-03-05,180,40,Retail,Afterpay,COUPON-9ZZ,6.43,AUD
676288,2024-03-05T16:29:07,2024-03-05,301,35,Online,Afterpay,COUPON--09,13.41,AUD
676292,2024-03-05T15:05:43,2024-03-05,59,21,Retail,Afterpay,COUPON--0A,11.27,AUD
676303,2024-03-05T05:56:49,2024-03-05,178,35,Retail,Afterpay,COUPON0-A0,6.46,AUD
676308,2024-03-05T05:58:07,2024-03-05,688,35,Retail,Credit Card,COUPONA999,19.96,AUD
676329,2024-03-05T00:54:07,2024-03-05,68,34,Online,Credit Card,COUPON-A9A,14.27,AUD
676422,2024-03-05T01:18:52,2024-03-05,538,39,Online,Credit Card,COUPON0Z00,1.8,AUD
676498,2024-03-05T18:07:44,2024-03-05,782,14,Online,PayPal,COUPON--9Z,19.69,AUD
676762,2024-03-05T19:52:33,2024-03-05,150,25,Retail,PayPal,COUPON--0-,13.42,AUD
676871,2024-03-05T06:18:58,2024-03-05,485,29,Online,Afterpay,COUPONZ9-0,19.89,AUD
676900,2024-03-05T09:17:57,2024-03-05,559,42,Retail,Credit Card,COUPON-A-0,12.88,AUD
677106,2024-03-05T14:38:08,2024-03-05,364,28,Retail,PayPal,COUPON90Z9,3.78,AUD
677142,2024-03-05T05:25:49,2024-03-05,732,33,Retail,Afterpay,COUPON09Z-,3.23,AUD
677221,2024-03-05T11:57:16,2024-03-05,64,19,Online,PayPal,COUPONA--A,7.24,AUD
677283,2024-03-05T05:13:38,2024-03-05,474,31,Online,Credit Card,COUPONZ99-,10.73,AUD
677321,2024-03-05T03:58:16,2024-03-05,213,28,Retail,Afterpay,COUPON--AZ,2.48,AUD
677378,2024-03-05T14:18:36,2024-03-05,327,4,Online,PayPal,COUPON9A-9,7.92,AUD
677379,2024-03-05T10:09:55,2024-03-05,303,49,Online,Credit Card,COUPONA-0-,7.86,AUD
677465,2024-03-05T05:23:43,2024-03-05,595,11,Retail,PayPal,COUPONZA00,13.25,AUD
677538,2024-03-05T14:56:30,2024-03-05,704,3,Online,Credit Card,COUPONZZ0Z,7.82,AUD
677620,2024-03-05T11:16:51,2024-03-05,249,7,Online,Afterpay,COUPONA-Z-,18.15,AUD
677623,2024-03-05T10:23:56,2024-03-05,9,28,Online,PayPal,COUPON0A-0,8.55,AUD
677674,2024-03-05T23:09:06,2024-03-05,30,43,Retail,Credit Card,COUPON--A-,19.79,AUD
677678,2024-03-05T19:03:30,2024-03-05,563,3,Online,PayPal,COUPON-Z9-,13.39,AUD
677848,2024-03-05T15:25:33,2024-03-05,481,1,Retail,PayPal,COUPON---9,10.24,AUD
677868,2024-03-05T23:02:25,2024-03-05,544,18,Online,Afterpay,COUPONA-90,8.82,AUD
677927,2024-03-05T23:56:37,2024-03-05,482,19,Online,Afterpay,COUPON-99A,7.59,AUD
677960,2024-03-05T07:26:37,2024-03-05,788,12,Retail,Afterpay,COUPON9-9Z,1.97,AUD
678237,2024-03-05T13:37:51,2024-03-05,425,36,Online,Afterpay,COUPONZ-AZ,2.28,AUD
678289,2024-03-05T10:50:07,2024-03-05,466,38,Retail,PayPal,COUPONA-Z0,8.94,AUD
678466,2024-03-05T22:36:41,2024-03-05,199,16,Retail,Afterpay,COUPON999Z,2.07,AUD
678638,2024-03-05T08:26:04,2024-03-05,689,42,Online,PayPal,COUPONAA0-,5.64,AUD
679073,2024-03-05T03:11:19,2024-03-05,159,1,Retail,PayPal,COUPONA-A-,8.99,AUD
679184,2024-03-05T17:33:56,2024-03-05,478,16,Retail,PayPal,COUPON-99-,18.48,AUD
679244,2024-03-05T20:54:06,2024-03-05,603,28,Online,Credit Card,COUPON--Z9,16.39,AUD
679464,2024-03-05T01:04:19,2024-03-05,128,43,Retail,Afterpay,COUPON0--A,14.87,AUD
679507,2024-03-05T11:16:00,2024-03-05,34,15,Online,Credit Card,COUPON-9Z0,18.35,AUD
679541,2024-03-05T12:21:50,2024-03-05,234,19,Online,Credit Card,COUPON99--,0.45,AUD
679638,2024-03-05T03:50:30,2024-03-05,587,1,Online,Credit Card,COUPON---A,5.95,AUD
679659,2024-03-05T17:50:38,2024-03-05,75,30,Retail,PayPal,COUPON-9ZA,8.54,AUD
679677,2024-03-05T12:59:45,2024-03-05,388,32,Online,Afterpay,COUPONAA0A,5.78,AUD
679833,2024-03-05T09:16:30,2024-03-05,572,16,Retail,Afterpay,COUPON-ZZ-,3.52,AUD
680049,2024-03-05T07:04:21,2024-03-05,7,13,Retail,Afterpay,COUPONZ-Z-,3.62,AUD
680092,2024-03-05T13:06:51,2024-03-05,435,40,Online,Credit Card,COUPON---A,13.29,AUD
680096,2024-03-05T03:54:44,2024-03-05,582,2,Online,Afterpay,COUPON0--0,6.63,AUD
680099,2024-03-05T02:59:08,2024-03-05,26,27,Online,Afterpay,COUPON-9-Z,11.86,AUD
680464,2024-03-05T09:12:41,2024-03-05,256,21,Online,Afterpay,COUPON-9ZZ,2.8,AUD
680732,2024-03-05T00:50:44,2024-03-05,243,3,Retail,PayPal,COUPON900A,19.69,AUD
680816,2024-03-05T13:03:24,2024-03-05,281,1,Online,Credit Card,COUPONZ-0Z,8.39,AUD
680993,2024-03-05T23:18:26,2024-03-05,38,27,Online,PayPal,COUPON9ZZ-,4.03,AUD
681097,2024-03-05T18:25:37,2024-03-05,329,25,Online,Afterpay,COUPON-A--,1.39,AUD
681107,2024-03-05T20:40:57,2024-03-05,17,27,Online,Credit Card,COUPONA0-A,8.85,AUD
681391,2024-03-05T20:19:03,2024-03-05,440,25,Online,PayPal,COUPON-AAZ,0.89,AUD
681420,2024-03-05T10:28:08,2024-03-05,318,49,Retail,PayPal,COUPONA0Z0,10.89,AUD
681522,2024-03-05T16:18:44,2024-03-05,432,36,Online,PayPal,COUPONZ0-0,13.16,AUD
681719,2024-03-05T12:17:45,2024-03-05,57,41,Online,PayPal,COUPON09--,3.22,AUD
681747,2024-03-05T21:21:57,2024-03-05,192,30,Retail,Afterpay,COUPON9Z9-,0.68,AUD
681812,2024-03-05T21:26:27,2024-03-05,351,46,Retail,Credit Card,COUPONZ9-Z,1.09,AUD
682126,2024-03-05T10:06:23,2024-03-05,731,26,Retail,PayPal,COUPON0-Z9,0.4,AUD
682279,2024-03-05T01:42:23,2024-03-05,91,27,Online,PayPal,COUPON9ZA-,12.78,AUD
682394,2024-03-05T19:15:01,2024-03-05,674,5,Online,PayPal,COUPON-0--,6.0,AUD
682399,2024-03-05T17:00:08,2024-03-05,758,9,Online,Afterpay,COUPONAZ--,9.5,AUD
682470,2024-03-05T12:57:32,2024-03-05,158,47,Retail,Credit Card,COUPONA9-Z,12.91,AUD
682490,2024-03-05T05:49:14,2024-03-05,223,46,Retail,Afterpay,COUPON9-Z-,17.98,AUD
682566,2024-03-05T11:07:00,2024-03-05,365,16,Retail,Afterpay,COUPON--99,4.97,AUD
682665,2024-03-05T21:52:36,2024-03-05,799,36,Retail,PayPal,COUPON-AZZ,15.52,AUD
682807,2024-03-05T07:37:34,2024-03-05,249,44,Retail,PayPal,COUPON0---,13.56,AUD
682907,2024-03-05T18:46:08,2024-03-05,191,41,Retail,Afterpay,COUPON9-A9,18.95,AUD
682932,2024-03-05T01:18:00,2024-03-05,76,44,Online,PayPal,COUPON009-,3.11,AUD
682978,2024-03-05T12:13:34,2024-03-05,266,5,Retail,PayPal,COUPON00--,2.73,AUD
683102,2024-03-05T20:05:10,2024-03-05,648,2,Online,Credit Card,COUPON--9-,15.59,AUD
683116,2024-03-05T15:02:46,2024-03-05,667,16,Online,PayPal,COUPONA-00,6.63,AUD
683194,2024-03-05T15:06:50,2024-03-05,539,8,Retail,PayPal,COUPONZ-09,3.58,AUD
683200,2024-03-05T01:47:46,2024-03-05,71,46,Retail,Credit Card,COUPONZ0Z-,15.29,AUD
683232,2024-03-05T20:54:24,2024-03-05,168,14,Online,Credit Card,COUPON-Z09,11.11,AUD
683426,2024-03-05T10:34:33,2024-03-05,588,50,Retail,Credit Card,COUPONZ--0,13.31,AUD
683611,2024-03-05T21:03:44,2024-03-05,304,3,Online,Afterpay,COUPONZZA9,11.18,AUD
683635,2024-03-05T09:22:56,2024-03-05,372,3,Online,PayPal,COUPONAA--,17.62,AUD
683694,2024-03-05T13:45:50,2024-03-05,454,26,Retail,Credit Card,COUPON-ZAA,7.14,AUD
683835,2024-03-05T07:50:30,2024-03-05,576,26,Retail,Credit Card,COUPONAZ--,9.51,AUD
683983,2024-03-05T15:32:41,2024-03-05,654,4,Online,Afterpay,COUPONAZAA,6.09,AUD
683992,2024-03-05T20:41:36,2024-03-05,312,39,Online,Afterpay,COUPONAA-A,13.47,AUD
684094,2024-03-05T10:42:20,2024-03-05,765,31,Online,PayPal,COUPONAZ9-,18.42,AUD
684128,2024-03-05T21:29:21,2024-03-05,186,14,Retail,Afterpay,COUPON0-AA,15.43,AUD
684141,2024-03-05T06:58:36,2024-03-05,555,26,Online,PayPal,COUPON--A9,9.53,AUD
684235,2024-03-05T02:48:25,2024-03-05,614,47,Online,Credit Card,COUPON---0,0.52,AUD
684343,2024-03-05T05:33:53,2024-03-05,281,1,Retail,PayPal,COUPON0Z-0,14.61,AUD
684360,2024-03-05T17:51:16,2024-03-05,635,22,Retail,PayPal,COUPON9A90,6.23,AUD
684377,2024-03-05T23:21:23,2024-03-05,226,18,Retail,PayPal,COUPONA---,14.07,AUD
684461,2024-03-05T08:23:09,2024-03-05,400,7,Online,Credit Card,COUPONA-A-,18.8,AUD
684543,2024-03-05T21:20:42,2024-03-05,257,19,Retail,Afterpay,COUPON00--,13.55,AUD
684563,2024-03-05T04:49:40,2024-03-05,709,21,Online,Afterpay,COUPON0ZA-,14.41,AUD
684759,2024-03-05T10:55:29,2024-03-05,25,16,Retail,PayPal,COUPON0--Z,17.08,AUD
684774,2024-03-05T10:51:55,2024-03-05,514,5,Online,Afterpay,COUPON09A-,9.1,AUD
684777,2024-03-05T04:11:34,2024-03-05,792,17,Retail,PayPal,COUPONA0Z-,2.85,AUD
684807,2024-03-05T02:36:48,2024-03-05,156,15,Online,Afterpay,COUPON00ZA,2.38,AUD
684886,2024-03-05T02:27:50,2024-03-05,242,29,Online,PayPal,COUPON-09Z,3.72,AUD
684936,2024-03-05T02:47:05,2024-03-05,725,21,Retail,Credit Card,COUPONZ9AZ,9.43,AUD
684973,2024-03-05T16:06:12,2024-03-05,459,45,Online,PayPal,COUPONA-Z-,15.0,AUD
685241,2024-03-05T00:22:15,2024-03-05,239,6,Retail,PayPal,COUPON-AA9,7.89,AUD
685390,2024-03-05T13:05:48,2024-03-05,718,7,Retail,PayPal,COUPONA00Z,10.16,AUD
685403,2024-03-05T00:13:38,2024-03-05,552,5,Online,Credit Card,COUPON---Z,19.57,AUD
685617,2024-03-05T15:11:37,2024-03-05,350,11,Retail,Credit Card,COUPONA---,9.7,AUD
685830,2024-03-05T02:11:32,2024-03-05,779,24,Retail,Afterpay,COUPON9-9-,15.56,AUD
685955,2024-03-05T07:14:05,2024-03-05,216,29,Retail,Credit Card,COUPONZ---,8.21,AUD
686063,2024-03-05T16:09:14,2024-03-05,314,49,Online,PayPal,COUPON-Z--,4.8,AUD
686197,2024-03-05T22:16:25,2024-03-05,145,28,Retail,PayPal,COUPON--AZ,5.52,AUD
686403,2024-03-05T19:54:56,2024-03-05,683,45,Online,PayPal,COUPONZZ90,0.51,AUD
686440,2024-03-05T16:31:14,2024-03-05,675,25,Online,Credit Card,COUPON9-0-,13.58,AUD
686474,2024-03-05T03:32:48,2024-03-05,148,18,Online,Credit Card,COUPONAZ--,11.24,AUD
686563,2024-03-05T04:02:58,2024-03-05,605,33,Retail,PayPal,COUPON99--,10.53,AUD
686573,2024-03-05T11:20:13,2024-03-05,609,42,Retail,Afterpay,COUPONA9-A,16.06,AUD
686591,2024-03-05T21:37:54,2024-03-05,636,41,Online,Credit Card,COUPON-9-9,19.42,AUD
686594,2024-03-05T23:09:44,2024-03-05,600,18,Retail,PayPal,COUPON9-99,9.26,AUD
686638,2024-03-05T22:42:47,2024-03-05,109,12,Online,PayPal,COUPON9---,14.78,AUD
686692,2024-03-05T21:38:11,2024-03-05,645,3,Online,Afterpay,COUPON---9,1.8,AUD
686754,2024-03-05T16:27:59,2024-03-05,178,27,Online,Credit Card,COUPONA-9-,10.7,AUD
686790,2024-03-05T17:12:09,2024-03-05,760,5,Retail,PayPal,COUPON-Z-A,14.39,AUD
686796,2024-03-05T19:00:25,2024-03-05,494,23,Online,Afterpay,COUPONZ0-Z,4.36,AUD
686800,2024-03-05T05:11:44,2024-03-05,263,13,Online,PayPal,COUPON9A--,7.0,AUD
686807,2024-03-05T19:30:47,2024-03-05,531,22,Retail,Afterpay,COUPON00A0,4.26,AUD
686864,2024-03-05T09:19:33,2024-03-05,789,16,Retail,Afterpay,COUPONA-AA,0.22,AUD
686924,2024-03-05T06:50:50,2024-03-05,607,6,Retail,Afterpay,COUPON-9-A,7.78,AUD
686939,2024-03-05T13:21:58,2024-03-05,554,23,Online,Afterpay,COUPON0A9A,18.7,AUD
687054,2024-03-05T02:30:13,2024-03-05,38,10,Retail,Afterpay,COUPON0A9-,12.51,AUD
687384,2024-03-05T11:35:00,2024-03-05,302,45,Retail,PayPal,COUPON9-Z0,0.16,AUD
687559,2024-03-05T20:09:29,2024-03-05,634,36,Retail,Afterpay,COUPON-ZA-,10.11,AUD
687582,2024-03-05T12:05:36,2024-03-05,626,41,Online,Afterpay,COUPONA-ZZ,16.77,AUD
687592,2024-03-05T10:11:58,2024-03-05,514,40,Online,Afterpay,COUPON-ZAZ,1.33,AUD
687701,2024-03-05T21:43:41,2024-03-05,241,17,Retail,Credit Card,COUPONZ9-0,19.07,AUD
687821,2024-03-05T11:04:30,2024-03-05,384,2,Online,PayPal,COUPONAZ0A,6.37,AUD
687901,2024-03-05T14:21:50,2024-03-05,259,5,Retail,Credit Card,COUPON09--,0.46,AUD
688215,2024-03-05T20:29:42,2024-03-05,673,38,Online,Credit Card,COUPONAA-9,18.62,AUD
688603,2024-03-05T16:42:35,2024-03-05,174,13,Retail,Credit Card,COUPON009Z,12.35,AUD
688763,2024-03-05T11:03:43,2024-03-05,617,23,Retail,Credit Card,COUPON99ZA,6.46,AUD
688863,2024-03-05T14:37:00,2024-03-05,707,6,Retail,Afterpay,COUPON--0-,11.57,AUD
688899,2024-03-05T07:13:38,2024-03-05,506,6,Online,PayPal,COUPON0---,5.94,AUD
688926,2024-03-05T21:15:34,2024-03-05,737,4,Retail,PayPal,COUPON99--,4.91,AUD
688967,2024-03-05T09:21:36,2024-03-05,189,26,Retail,PayPal,COUPON-9ZZ,13.17,AUD
688983,2024-03-05T16:03:07,2024-03-05,516,7,Online,Credit Card,COUPON-9ZA,7.59,AUD
689019,2024-03-05T09:58:57,2024-03-05,728,17,Online,Afterpay,COUPONAZ--,17.24,AUD
689085,2024-03-05T04:18:36,2024-03-05,280,27,Online,PayPal,COUPONZ90-,0.74,AUD
689332,2024-03-05T19:08:11,2024-03-05,777,7,Online,Afterpay,COUPON--9A,10.9,AUD
689393,2024-03-05T07:29:12,2024-03-05,259,47,Online,Credit Card,COUPON0-ZZ,4.44,AUD
689421,2024-03-05T12:02:45,2024-03-05,748,17,Online,Credit Card,COUPON-Z-Z,16.55,AUD
689485,2024-03-05T21:17:50,2024-03-05,590,45,Retail,PayPal,COUPON0-ZZ,14.9,AUD
689564,2024-03-05T23:06:53,2024-03-05,380,21,Retail,Credit Card,COUPON9ZA-,9.83,AUD
689712,2024-03-05T00:08:27,2024-03-05,95,25,Online,PayPal,COUPON0--Z,17.93,AUD
689953,2024-03-05T19:13:54,2024-03-05,41,47,Online,Credit Card,COUPONA9Z-,14.23,AUD
690082,2024-03-05T20:26:35,2024-03-05,146,4,Retail,Credit Card,COUPON0Z-9,1.57,AUD
690102,2024-03-05T07:35:55,2024-03-05,718,21,Online,PayPal,COUPON0A--,11.2,AUD
690194,2024-03-05T07:09:38,2024-03-05,163,5,Retail,Afterpay,COUPON-A09,12.66,AUD
690219,2024-03-05T20:39:23,2024-03-05,698,46,Online,Afterpay,COUPON9-A-,10.64,AUD
690375,2024-03-05T16:43:46,2024-03-05,661,40,Retail,Credit Card,COUPON--A0,3.4,AUD
690683,2024-03-05T04:43:17,2024-03-05,423,9,Online,PayPal,COUPON99-A,11.4,AUD
690734,2024-03-05T23:39:40,2024-03-05,125,11,Retail,Credit Card,COUPON-009,6.94,AUD
690816,2024-03-05T09:13:52,2024-03-05,571,36,Online,Afterpay,COUPONA-90,7.96,AUD
690824,2024-03-05T05:38:24,2024-03-05,366,15,Retail,Afterpay,COUPON9-9A,13.19,AUD
690998,2024-03-05T10:40:26,2024-03-05,434,43,Retail,Credit Card,COUPON-A9Z,3.14,AUD
691094,2024-03-05T21:28:16,2024-03-05,597,47,Retail,PayPal,COUPON-ZZA,14.22,AUD
691276,2024-03-05T05:37:00,2024-03-05,78,37,Retail,PayPal,COUPON0Z-A,11.91,AUD
691310,2024-03-05T22:00:44,2024-03-05,379,24,Retail,Credit Card,COUPON9-9-,10.53,AUD
691372,2024-03-05T01:20:44,2024-03-05,79,30,Retail,PayPal,COUPON9-AA,6.87,AUD
691395,2024-03-05T03:48:10,2024-03-05,48,33,Retail,Credit Card,COUPONA9--,4.31,AUD
691522,2024-03-05T11:21:26,2024-03-05,744,3,Online,Credit Card,COUPON0Z-9,17.07,AUD
691536,2024-03-05T11:20:17,2024-03-05,672,40,Retail,Afterpay,COUPONZA-0,2.66,AUD
691558,2024-03-05T18:23:56,2024-03-05,453,36,Online,Afterpay,COUPONA09-,13.89,AUD
691787,2024-03-05T14:11:59,2024-03-05,591,38,Retail,Credit Card,COUPONA0-0,7.76,AUD
691804,2024-03-05T20:37:39,2024-03-05,488,19,Retail,Credit Card,COUPON0AZ9,14.22,AUD
691818,2024-03-05T05:23:23,2024-03-05,716,37,Online,Credit Card,COUPONAZ-A,14.49,AUD
692068,2024-03-05T13:52:39,2024-03-05,622,4,Retail,Credit Card,COUPONZ-A-,3.6,AUD
692118,2024-03-05T12:10:33,2024-03-05,534,44,Online,PayPal,COUPON--AA,11.97,AUD
692183,2024-03-05T10:17:54,2024-03-05,725,49,Retail,Afterpay,COUPON09--,6.07,AUD
692218,2024-03-05T04:05:58,2024-03-05,627,50,Online,PayPal,COUPONA-9-,15.11,AUD
692221,2024-03-05T07:46:07,2024-03-05,95,2,Online,PayPal,COUPON-ZAA,3.98,AUD
692332,2024-03-05T22:14:10,2024-03-05,783,34,Online,Afterpay,COUPON---9,12.68,AUD
692339,2024-03-05T23:53:51,2024-03-05,194,24,Retail,PayPal,COUPON09A-,1.95,AUD
692353,2024-03-05T10:42:46,2024-03-05,81,18,Retail,Afterpay,COUPONZAZ-,12.28,AUD
692468,2024-03-05T22:17:01,2024-03-05,685,17,Retail,Afterpay,COUPON090-,2.07,AUD
692508,2024-03-05T13:20:48,2024-03-05,86,1,Online,PayPal,COUPON-A--,18.93,AUD
692958,2024-03-05T15:53:50,2024-03-05,246,45,Retail,Afterpay,COUPON---9,5.49,AUD
693101,2024-03-05T08:11:05,2024-03-05,648,13,Retail,PayPal,COUPONAZ0A,7.88,AUD
693107,2024-03-05T01:48:52,2024-03-05,244,23,Retail,Credit Card,COUPONAAA-,4.74,AUD
693143,2024-03-05T00:06:39,2024-03-05,60,47,Online,Afterpay,COUPON---Z,7.69,AUD
693328,2024-03-05T07:38:51,2024-03-05,448,7,Retail,Afterpay,COUPON--ZZ,5.81,AUD
693552,2024-03-05T12:37:16,2024-03-05,537,9,Online,PayPal,COUPON-9-0,8.57,AUD
693654,2024-03-05T15:18:11,2024-03-05,496,16,Retail,Credit Card,COUPONA--0,15.61,AUD
693676,2024-03-05T02:50:24,2024-03-05,552,34,Retail,Credit Card,COUPON0Z-9,5.06,AUD
693708,2024-03-05T17:43:59,2024-03-05,618,43,Retail,Credit Card,COUPON--0Z,13.38,AUD
693719,2024-03-05T18:00:48,2024-03-05,171,17,Online,PayPal,COUPON--09,7.62,AUD
693838,2024-03-05T03:29:16,2024-03-05,208,7,Retail,Afterpay,COUPONAZA9,6.2,AUD
693893,2024-03-05T21:28:59,2024-03-05,399,37,Online,Credit Card,COUPONA-9A,4.25,AUD
693921,2024-03-05T12:50:27,2024-03-05,438,29,Retail,PayPal,COUPON-Z00,19.07,AUD
693931,2024-03-05T02:56:28,2024-03-05,500,18,Retail,Afterpay,COUPONA-Z0,1.34,AUD
693932,2024-03-05T10:48:39,2024-03-05,577,44,Online,Afterpay,COUPONZ-A-,16.36,AUD
693972,2024-03-05T16:43:59,2024-03-05,281,35,Online,PayPal,COUPONZ-00,14.4,AUD
694010,2024-03-05T00:26:12,2024-03-05,314,14,Retail,PayPal,COUPON0A9-,19.46,AUD
694046,2024-03-05T22:25:26,2024-03-05,503,48,Retail,PayPal,COUPON9Z0-,4.57,AUD
694093,2024-03-05T02:52:19,2024-03-05,518,36,Online,Credit Card,COUPONA-A9,9.23,AUD
694131,2024-03-05T23:56:14,2024-03-05,238,20,Online,Afterpay,COUPONA--0,11.73,AUD
694281,2024-03-05T03:56:00,2024-03-05,25,13,Online,PayPal,COUPON9AZ0,3.92,AUD
694319,2024-03-05T23:29:51,2024-03-05,597,2,Online,Credit Card,COUPON--Z-,12.21,AUD
694672,2024-03-05T00:35:32,2024-03-05,608,26,Retail,PayPal,COUPON----,0.53,AUD
694686,2024-03-05T10:36:32,2024-03-05,164,31,Online,Afterpay,COUPON9AZ-,9.36,AUD
694764,2024-03-05T01:58:39,2024-03-05,194,13,Online,Afterpay,COUPONA0-A,10.4,AUD
694802,2024-03-05T22:25:09,2024-03-05,87,1,Online,PayPal,COUPONA0-Z,15.82,AUD
694807,2024-03-05T11:15:13,2024-03-05,475,30,Online,Credit Card,COUPONA0-0,12.81,AUD
694909,2024-03-05T15:58:39,2024-03-05,600,12,Online,Afterpay,COUPON--9Z,13.55,AUD
694916,2024-03-05T22:05:40,2024-03-05,766,35,Online,Credit Card,COUPONZAZ9,14.34,AUD
695040,2024-03-05T15:37:07,2024-03-05,538,42,Retail,Credit Card,COUPON-9A0,11.02,AUD
695078,2024-03-05T01:35:27,2024-03-05,33,5,Online,PayPal,COUPON00A-,3.71,AUD
695136,2024-03-05T07:36:53,2024-03-05,440,28,Online,PayPal,COUPONA-0-,5.44,AUD
695192,2024-03-05T17:44:17,2024-03-05,609,14,Online,Afterpay,COUPON0--Z,14.31,AUD
695270,2024-03-05T17:08:32,2024-03-05,574,20,Online,Afterpay,COUPON099A,8.6,AUD
695300,2024-03-05T12:47:37,2024-03-05,459,27,Online,Afterpay,COUPONZAZ9,11.85,AUD
695336,2024-03-05T07:04:24,2024-03-05,443,28,Retail,Credit Card,COUPON9990,17.54,AUD
695459,2024-03-05T14:17:23,2024-03-05,613,39,Retail,Afterpay,COUPONZ9-A,5.81,AUD
695471,2024-03-05T17:03:12,2024-03-05,587,29,Online,PayPal,COUPON9-AA,11.29,AUD
695480,2024-03-05T02:40:32,2024-03-05,484,34,Retail,Afterpay,COUPON--ZA,7.58,AUD
695488,2024-03-05T20:39:16,2024-03-05,117,6,Retail,Afterpay,COUPONZ0--,14.22,AUD
695641,2024-03-05T06:31:16,2024-03-05,375,1,Retail,Afterpay,COUPONA-9-,7.76,AUD
695762,2024-03-05T20:41:14,2024-03-05,300,18,Online,Afterpay,COUPONZ990,18.61,AUD
695851,2024-03-05T13:14:21,2024-03-05,634,21,Online,Credit Card,COUPON0-0Z,7.98,AUD
695874,2024-03-05T06:11:36,2024-03-05,45,20,Retail,Credit Card,COUPONZ0--,1.09,AUD
696046,2024-03-05T14:42:25,2024-03-05,755,3,Online,Afterpay,COUPON---Z,4.03,AUD
696158,2024-03-05T23:47:00,2024-03-05,527,11,Retail,PayPal,COUPON-99A,17.5,AUD
696338,2024-03-05T09:07:31,2024-03-05,319,37,Online,PayPal,COUPON-9A-,17.89,AUD
696449,2024-03-05T13:54:27,2024-03-05,798,26,Online,PayPal,COUPON99-0,18.18,AUD
696602,2024-03-05T18:46:15,2024-03-05,6,1,Online,Credit Card,COUPONA009,0.2,AUD
696656,2024-03-05T01:08:10,2024-03-05,757,36,Retail,PayPal,COUPON09-A,11.1,AUD
696856,2024-03-05T09:43:19,2024-03-05,472,41,Retail,Credit Card,COUPON-9Z0,6.93,AUD
696862,2024-03-05T09:22:28,2024-03-05,477,7,Retail,Credit Card,COUPON--9-,0.31,AUD
696925,2024-03-05T06:21:55,2024-03-05,63,49,Retail,Afterpay,COUPON-09Z,14.89,AUD
697117,2024-03-05T11:22:44,2024-03-05,789,44,Retail,Afterpay,COUPON-Z9Z,17.64,AUD
697156,2024-03-05T13:06:33,2024-03-05,567,25,Retail,PayPal,COUPON9-A9,8.66,AUD
697164,2024-03-05T16:30:54,2024-03-05,558,12,Online,Credit Card,COUPONAZ9-,2.87,AUD
697231,2024-03-05T13:28:37,2024-03-05,573,12,Online,Credit Card,COUPONA-9A,12.81,AUD
697388,2024-03-05T14:38:49,2024-03-05,267,2,Online,Afterpay,COUPONA-ZA,4.26,AUD
697390,2024-03-05T00:22:18,2024-03-05,484,45,Retail,Afterpay,COUPONZ0Z0,6.71,AUD
697439,2024-03-05T11:19:24,2024-03-05,136,46,Online,Afterpay,COUPON9-99,17.78,AUD
697616,2024-03-05T14:19:02,2024-03-05,214,17,Online,Afterpay,COUPONZ--A,13.96,AUD
697639,2024-03-05T05:07:32,2024-03-05,629,24,Retail,Credit Card,COUPON-ZAZ,2.43,AUD
697644,2024-03-05T17:13:13,2024-03-05,701,3,Online,Credit Card,COUPON999Z,9.44,AUD
697677,2024-03-05T17:35:54,2024-03-05,503,21,Retail,PayPal,COUPON-00A,13.17,AUD
697777,2024-03-05T08:28:46,2024-03-05,331,1,Retail,Credit Card,COUPON00A9,2.03,AUD
697885,2024-03-05T09:45:20,2024-03-05,678,9,Online,PayPal,COUPON-A90,11.11,AUD
697961,2024-03-05T18:34:05,2024-03-05,474,40,Retail,Credit Card,COUPONA0A-,12.67,AUD
698095,2024-03-05T06:11:46,2024-03-05,65,50,Online,PayPal,COUPONAZ--,2.04,AUD
698172,2024-03-05T13:15:37,2024-03-05,682,29,Retail,PayPal,COUPON--ZA,4.47,AUD
698222,2024-03-05T02:40:51,2024-03-05,56,30,Retail,Credit Card,COUPON9A-A,2.92,AUD
698236,2024-03-05T07:47:03,2024-03-05,114,33,Online,Afterpay,COUPONZA--,0.45,AUD
698669,2024-03-05T04:51:20,2024-03-05,477,27,Retail,PayPal,COUPON---Z,2.54,AUD
698713,2024-03-05T22:11:51,2024-03-05,546,17,Online,Credit Card,COUPONAZ-A,5.37,AUD
698789,2024-03-05T12:03:49,2024-03-05,158,47,Online,Credit Card,COUPON-9AA,7.02,AUD
698816,2024-03-05T22:15:36,2024-03-05,492,13,Online,PayPal,COUPON09Z-,1.4,AUD
699082,2024-03-05T23:00:49,2024-03-05,474,39,Retail,Afterpay,COUPON009Z,15.11,AUD
699385,2024-03-05T06:56:56,2024-03-05,289,8,Online,PayPal,COUPON-A--,7.25,AUD
699486,2024-03-05T11:18:02,2024-03-05,504,21,Retail,Credit Card,COUPON-Z99,19.51,AUD
699522,2024-03-05T23:40:48,2024-03-05,721,22,Retail,Credit Card,COUPON-ZAA,16.51,AUD
699574,2024-03-05T15:50:30,2024-03-05,574,31,Online,Credit Card,COUPON9-9-,7.35,AUD
699694,2024-03-05T23:51:44,2024-03-05,131,12,Retail,Credit Card,COUPON9-A-,1.09,AUD
699906,2024-03-05T22:05:59,2024-03-05,692,3,Retail,Afterpay,COUPONAA90,2.54,AUD
700154,2024-03-05T09:07:49,2024-03-05,379,10,Retail,Credit Card,COUPON0--0,1.1,AUD
700254,2024-03-05T11:52:58,2024-03-05,116,50,Online,Afterpay,COUPON-9A0,3.72,AUD
700305,2024-03-05T15:18:04,2024-03-05,116,10,Retail,Afterpay,COUPONZA-A,19.25,AUD
700323,2024-03-05T08:39:16,2024-03-05,629,43,Online,Credit Card,COUPON-ZZ-,12.11,AUD
700479,2024-03-05T00:45:57,2024-03-05,708,40,Online,Afterpay,COUPON0A0A,17.54,AUD
700570,2024-03-05T03:20:15,2024-03-05,221,6,Retail,PayPal,COUPON0Z--,1.17,AUD
700607,2024-03-05T00:12:39,2024-03-05,125,5,Retail,Credit Card,COUPON-A0Z,9.47,AUD
701011,2024-03-05T10:35:54,2024-03-05,527,2,Online,Afterpay,COUPON09A0,16.44,AUD
701128,2024-03-05T04:12:28,2024-03-05,305,33,Online,Afterpay,COUPON----,5.37,AUD
701190,2024-03-05T10:10:26,2024-03-05,636,36,Online,Afterpay,COUPON-AA9,3.5,AUD
701222,2024-03-05T09:09:17,2024-03-05,647,1,Online,Credit Card,COUPON0AZ-,2.38,AUD
701277,2024-03-05T12:12:38,2024-03-05,555,16,Retail,Credit Card,COUPONZ---,17.22,AUD
701375,2024-03-05T14:14:40,2024-03-05,215,18,Retail,PayPal,COUPONA0-A,7.25,AUD
701391,2024-03-05T10:33:05,2024-03-05,673,49,Online,PayPal,COUPON00-0,16.79,AUD
701485,2024-03-05T10:42:24,2024-03-05,507,44,Online,Credit Card,COUPON0-A-,6.65,AUD
701580,2024-03-05T11:58:16,2024-03-05,649,14,Retail,Credit Card,COUPON0--0,8.76,AUD
701675,2024-03-05T18:47:38,2024-03-05,360,36,Retail,Credit Card,COUPONZ0--,2.25,AUD
701741,2024-03-05T20:31:14,2024-03-05,659,7,Retail,PayPal,COUPON--ZZ,12.58,AUD
701799,2024-03-05T18:25:05,2024-03-05,235,31,Online,Afterpay,COUPON-0AZ,9.88,AUD
701933,2024-03-05T08:13:50,2024-03-05,230,47,Retail,Credit Card,COUPON9-Z9,19.61,AUD
701958,2024-03-05T13:58:41,2024-03-05,162,26,Online,Afterpay,COUPON--99,17.02,AUD
702130,2024-03-05T18:15:24,2024-03-05,799,39,Online,Afterpay,COUPONA9-Z,8.11,AUD
702142,2024-03-05T14:05:10,2024-03-05,749,13,Online,PayPal,COUPONZ9-9,4.74,AUD
702281,2024-03-05T16:34:43,2024-03-05,423,19,Retail,Credit Card,COUPON-A-A,6.99,AUD
702309,2024-03-05T22:14:02,2024-03-05,462,1,Retail,Afterpay,COUPON-0-0,19.2,AUD
702314,2024-03-05T17:22:57,2024-03-05,601,22,Retail,Credit Card,COUPON-Z00,4.18,AUD
702315,2024-03-05T18:27:39,2024-03-05,478,48,Online,Afterpay,COUPON-AA-,0.8,AUD
702321,2024-03-05T01:22:43,2024-03-05,166,18,Retail,PayPal,COUPON9-ZZ,19.46,AUD
702451,2024-03-05T02:34:37,2024-03-05,647,31,Retail,Credit Card,COUPON-Z-Z,15.49,AUD
702481,2024-03-05T05:10:26,2024-03-05,534,6,Retail,Credit Card,COUPON-Z99,15.03,AUD
702523,2024-03-05T19:15:47,2024-03-05,251,11,Retail,Afterpay,COUPONAA9A,4.26,AUD
702597,2024-03-05T07:40:01,2024-03-05,69,27,Retail,PayPal,COUPON----,9.24,AUD
702598,2024-03-05T01:41:39,2024-03-05,312,23,Retail,Afterpay,COUPON----,10.79,AUD
702866,2024-03-05T15:38:55,2024-03-05,786,38,Online,Credit Card,COUPON---9,13.19,AUD
703077,2024-03-05T04:52:11,2024-03-05,116,50,Online,Credit Card,COUPON9-A-,18.99,AUD
703217,2024-03-05T04:52:16,2024-03-05,562,45,Online,PayPal,COUPON-ZAZ,12.91,AUD
703237,2024-03-05T03:49:26,2024-03-05,572,34,Online,Afterpay,COUPON-0-A,7.15,AUD
703253,2024-03-05T21:36:58,2024-03-05,785,1,Retail,Credit Card,COUPON---0,12.44,AUD
703315,2024-03-05T03:23:43,2024-03-05,332,1,Retail,PayPal,COUPON-A90,0.07,AUD
703341,2024-03-05T09:58:24,2024-03-05,117,32,Retail,PayPal,COUPONZ0-Z,1.74,AUD
703365,2024-03-05T16:10:27,2024-03-05,214,32,Retail,PayPal,COUPONAZ--,18.71,AUD
703367,2024-03-05T00:42:14,2024-03-05,758,20,Retail,PayPal,COUPONA0Z0,10.79,AUD
703400,2024-03-05T13:09:22,2024-03-05,788,19,Retail,Credit Card,COUPON0090,16.34,AUD
703481,2024-03-05T09:22:36,2024-03-05,122,2,Retail,PayPal,COUPON--99,2.0,AUD
703582,2024-03-05T17:00:01,2024-03-05,602,8,Online,Afterpay,COUPON-9Z-,11.41,AUD
703690,2024-03-05T06:49:31,2024-03-05,12,7,Online,PayPal,COUPON-99A,9.29,AUD
703935,2024-03-05T01:46:21,2024-03-05,426,20,Retail,Afterpay,COUPON9AZA,19.2,AUD
704030,2024-03-05T15:17:45,2024-03-05,749,32,Retail,PayPal,COUPONZZ-A,2.02,AUD
704196,2024-03-05T09:55:06,2024-03-05,786,2,Retail,PayPal,COUPON0009,10.8,AUD
704233,2024-03-05T23:37:40,2024-03-05,784,11,Retail,Credit Card,COUPON9---,9.16,AUD
704445,2024-03-05T21:59:09,2024-03-05,260,32,Online,Afterpay,COUPON--A9,0.35,AUD
704480,2024-03-05T22:07:57,2024-03-05,182,10,Online,Afterpay,COUPONA90A,19.56,AUD
704609,2024-03-05T07:24:02,2024-03-05,230,39,Online,PayPal,COUPON9--Z,11.46,AUD
704637,2024-03-05T04:37:20,2024-03-05,792,43,Retail,PayPal,COUPONZZZ-,10.95,AUD
705146,2024-03-05T11:36:26,2024-03-05,313,35,Retail,Afterpay,COUPON--9-,7.44,AUD
705236,2024-03-05T12:55:45,2024-03-05,714,42,Online,Afterpay,COUPON0Z99,19.05,AUD
705251,2024-03-05T07:56:41,2024-03-05,77,34,Online,PayPal,COUPON99-0,18.11,AUD
705254,2024-03-05T08:33:20,2024-03-05,484,4,Retail,Credit Card,COUPONZAA9,6.7,AUD
705312,2024-03-05T19:18:48,2024-03-05,39,47,Retail,Credit Card,COUPON0-ZZ,3.28,AUD
705332,2024-03-05T10:26:40,2024-03-05,545,37,Online,PayPal,COUPON-09A,15.0,AUD
705338,2024-03-05T23:52:38,2024-03-05,627,23,Online,Credit Card,COUPON99AA,0.9,AUD
705354,2024-03-05T07:39:36,2024-03-05,498,7,Online,Afterpay,COUPON9000,19.62,AUD
705357,2024-03-05T17:22:16,2024-03-05,275,41,Online,Credit Card,COUPONAAA-,17.41,AUD
705370,2024-03-05T18:36:22,2024-03-05,250,36,Online,PayPal,COUPON---9,17.41,AUD
705517,2024-03-05T05:50:36,2024-03-05,596,1,Retail,Credit Card,COUPONZ--0,9.23,AUD
705554,2024-03-05T02:01:24,2024-03-05,64,36,Online,PayPal,COUPONAAAA,7.88,AUD
705791,2024-03-05T19:40:45,2024-03-05,485,36,Retail,Afterpay,COUPON009-,5.77,AUD
705831,2024-03-05T09:53:53,2024-03-05,285,9,Retail,Credit Card,COUPON--0Z,0.62,AUD
705834,2024-03-05T18:14:09,2024-03-05,690,17,Online,Credit Card,COUPON9ZAA,6.07,AUD
705993,2024-03-05T14:36:08,2024-03-05,422,16,Online,Afterpay,COUPON--0-,11.97,AUD
706087,2024-03-05T11:36:38,2024-03-05,371,15,Retail,Afterpay,COUPON0A--,15.78,AUD
706302,2024-03-05T23:33:53,2024-03-05,118,23,Retail,Credit Card,COUPON099A,18.87,AUD
706305,2024-03-05T02:06:05,2024-03-05,311,17,Retail,Credit Card,COUPON--AA,5.75,AUD
706317,2024-03-05T00:31:29,2024-03-05,2,1,Online,PayPal,COUPONAZ-Z,15.55,AUD
706374,2024-03-05T10:59:27,2024-03-05,109,14,Retail,PayPal,COUPONZ--Z,1.65,AUD
706399,2024-03-05T04:48:55,2024-03-05,557,1,Retail,Afterpay,COUPONA0-0,6.65,AUD
706508,2024-03-05T00:50:24,2024-03-05,423,7,Retail,PayPal,COUPON9A--,11.73,AUD
706586,2024-03-05T15:37:57,2024-03-05,785,4,Online,Credit Card,COUPON---A,7.72,AUD
706631,2024-03-05T16:01:03,2024-03-05,653,8,Online,Afterpay,COUPONZA99,11.14,AUD
706639,2024-03-05T12:10:32,2024-03-05,557,24,Online,Credit Card,COUPON--9A,3.63,AUD
706751,2024-03-05T02:38:41,2024-03-05,367,44,Online,Afterpay,COUPON0-Z-,3.4,AUD
706763,2024-03-05T18:16:42,2024-03-05,224,1,Online,PayPal,COUPONZ9-Z,16.67,AUD
706779,2024-03-05T18:23:03,2024-03-05,204,4,Online,Afterpay,COUPON-A--,9.83,AUD
706967,2024-03-05T09:30:12,2024-03-05,151,5,Retail,Credit Card,COUPON9990,1.44,AUD
706991,2024-03-05T11:42:03,2024-03-05,783,26,Online,Afterpay,COUPONA9--,14.91,AUD
707156,2024-03-05T04:39:15,2024-03-05,27,2,Online,PayPal,COUPON-Z0-,1.75,AUD
707253,2024-03-05T15:19:32,2024-03-05,310,50,Online,Credit Card,COUPONZ---,12.21,AUD
707261,2024-03-05T21:29:37,2024-03-05,136,12,Retail,PayPal,COUPON0-A9,10.22,AUD
707283,2024-03-05T14:30:14,2024-03-05,538,27,Online,PayPal,COUPON-Z-9,19.98,AUD
707442,2024-03-05T17:08:13,2024-03-05,290,22,Retail,Credit Card,COUPON-A9Z,6.1,AUD
707684,2024-03-05T10:49:13,2024-03-05,336,32,Online,Afterpay,COUPONA9-Z,3.24,AUD
707706,2024-03-05T20:59:52,2024-03-05,699,50,Retail,PayPal,COUPON00--,15.21,AUD
707731,2024-03-05T01:51:46,2024-03-05,548,21,Retail,PayPal,COUPON9Z9A,14.78,AUD
707906,2024-03-05T21:56:19,2024-03-05,275,7,Online,PayPal,COUPON----,7.21,AUD
707941,2024-03-05T17:47:57,2024-03-05,800,1,Retail,Credit Card,COUPON099A,5.31,AUD
707970,2024-03-05T16:54:50,2024-03-05,226,50,Retail,PayPal,COUPON-99A,0.28,AUD
707972,2024-03-05T01:30:10,2024-03-05,51,10,Retail,PayPal,COUPONA00-,0.8,AUD
708007,2024-03-05T06:57:23,2024-03-05,301,22,Online,PayPal,COUPONZZ00,1.42,AUD
708571,2024-03-05T02:46:25,2024-03-05,226,46,Retail,Credit Card,COUPON--0-,12.88,AUD
708963,2024-03-05T02:11:33,2024-03-05,185,32,Retail,Credit Card,COUPON9Z0Z,5.86,AUD
708986,2024-03-05T09:11:46,2024-03-05,557,36,Online,Afterpay,COUPONZ-A0,7.51,AUD
709146,2024-03-05T17:42:21,2024-03-05,246,23,Retail,Afterpay,COUPON0A--,10.9,AUD
709213,2024-03-05T01:44:08,2024-03-05,631,50,Online,Afterpay,COUPON0-A-,17.11,AUD
709278,2024-03-05T22:40:33,2024-03-05,574,12,Online,Afterpay,COUPON9--Z,2.56,AUD
709500,2024-03-05T06:08:43,2024-03-05,678,35,Online,Credit Card,COUPON-9ZZ,13.84,AUD
709521,2024-03-05T07:36:56,2024-03-05,492,41,Online,PayPal,COUPON-A09,12.26,AUD
709692,2024-03-05T16:03:19,2024-03-05,667,47,Online,Afterpay,COUPON---9,0.64,AUD
709703,2024-03-05T21:31:04,2024-03-05,594,47,Retail,Credit Card,COUPON00-0,18.17,AUD
709763,2024-03-05T14:17:53,2024-03-05,135,4,Online,Afterpay,COUPON-AA0,17.2,AUD
709788,2024-03-05T18:29:05,2024-03-05,441,45,Online,Afterpay,COUPON-A9-,15.74,AUD
709869,2024-03-05T23:05:08,2024-03-05,498,50,Online,Afterpay,COUPON9-9-,7.48,AUD
709911,2024-03-05T11:48:55,2024-03-05,189,1,Retail,PayPal,COUPONZ-A0,9.59,AUD
709976,2024-03-05T02:13:01,2024-03-05,65,20,Retail,Credit Card,COUPONZZAA,18.18,AUD
710077,2024-03-05T04:48:06,2024-03-05,347,12,Online,Credit Card,COUPON--99,14.11,AUD
710215,2024-03-05T03:12:58,2024-03-05,565,13,Online,PayPal,COUPON90AZ,16.35,AUD
710261,2024-03-05T19:02:36,2024-03-05,220,15,Retail,Afterpay,COUPON09--,3.26,AUD
710282,2024-03-05T11:46:06,2024-03-05,245,32,Online,PayPal,COUPON-9--,15.04,AUD
710287,2024-03-05T05:35:41,2024-03-05,779,46,Online,Credit Card,COUPONAA-0,5.66,AUD
710290,2024-03-05T17:14:00,2024-03-05,5,50,Online,Afterpay,COUPON-A0A,6.31,AUD
710368,2024-03-05T09:07:04,2024-03-05,254,15,Online,Afterpay,COUPON909A,13.48,AUD
710401,2024-03-05T17:07:45,2024-03-05,228,43,Retail,Credit Card,COUPON-Z--,17.39,AUD
710515,2024-03-05T16:55:20,2024-03-05,782,44,Online,Credit Card,COUPON-9-9,6.33,AUD
710684,2024-03-05T23:20:48,2024-03-05,669,32,Retail,Credit Card,COUPONAZZ0,17.4,AUD
710686,2024-03-05T20:03:21,2024-03-05,663,21,Online,PayPal,COUPON9-A-,5.68,AUD
710693,2024-03-05T15:09:07,2024-03-05,105,27,Online,Credit Card,COUPONZ0A9,0.95,AUD
710700,2024-03-05T01:52:25,2024-03-05,615,50,Online,Afterpay,COUPONA9-A,2.92,AUD
710715,2024-03-05T19:31:18,2024-03-05,11,25,Online,Credit Card,COUPON0ZZ9,10.27,AUD
710808,2024-03-05T18:35:31,2024-03-05,31,49,Retail,Credit Card,COUPON-A9-,19.88,AUD
710869,2024-03-05T14:32:42,2024-03-05,109,22,Retail,Credit Card,COUPONZ-AA,13.6,AUD
711016,2024-03-05T12:00:46,2024-03-05,568,25,Retail,PayPal,COUPONZA--,16.56,AUD
711023,2024-03-05T18:13:28,2024-03-05,268,38,Retail,Afterpay,COUPON-A9-,9.52,AUD
711196,2024-03-05T10:14:33,2024-03-05,202,30,Retail,Afterpay,COUPONZ-00,12.49,AUD
711289,2024-03-05T21:06:55,2024-03-05,78,9,Online,Afterpay,COUPON-Z00,11.42,AUD
711428,2024-03-05T07:03:11,2024-03-05,621,27,Retail,Credit Card,COUPON9AAZ,4.65,AUD
711498,2024-03-05T17:33:18,2024-03-05,302,35,Online,Afterpay,COUPON90AA,12.18,AUD
711525,2024-03-05T01:10:57,2024-03-05,798,34,Online,Credit Card,COUPON9--9,18.51,AUD
711599,2024-03-05T17:59:39,2024-03-05,322,12,Retail,PayPal,COUPON0AZZ,9.53,AUD
711614,2024-03-05T00:31:28,2024-03-05,548,50,Online,Afterpay,COUPONA0ZA,0.03,AUD
711644,2024-03-05T12:30:45,2024-03-05,593,13,Online,Afterpay,COUPON-0A0,9.68,AUD
711762,2024-03-05T01:01:26,2024-03-05,282,5,Online,PayPal,COUPONZ-A-,11.24,AUD
711809,2024-03-05T19:49:42,2024-03-05,229,44,Online,Credit Card,COUPON99A9,16.81,AUD
711825,2024-03-05T19:13:44,2024-03-05,194,35,Retail,PayPal,COUPON-Z9A,2.11,AUD
711898,2024-03-05T21:03:45,2024-03-05,752,24,Retail,Afterpay,COUPON0AZ9,4.79,AUD
711914,2024-03-05T13:15:03,2024-03-05,677,18,Retail,Afterpay,COUPON9ZAA,13.79,AUD
711928,2024-03-05T21:16:20,2024-03-05,94,7,Retail,Credit Card,COUPON0---,12.79,AUD
711960,2024-03-05T02:32:39,2024-03-05,639,36,Retail,Credit Card,COUPON-9--,4.0,AUD
712106,2024-03-05T22:46:37,2024-03-05,413,32,Online,PayPal,COUPON0-0Z,18.35,AUD
712133,2024-03-05T21:08:20,2024-03-05,704,15,Retail,Afterpay,COUPON0A0A,4.74,AUD
712138,2024-03-05T14:01:33,2024-03-05,612,6,Retail,Credit Card,COUPON-A0-,15.47,AUD
712234,2024-03-05T16:38:19,2024-03-05,32,44,Retail,Afterpay,COUPON90A9,3.69,AUD
712355,2024-03-05T15:53:50,2024-03-05,180,47,Retail,PayPal,COUPON-ZZZ,13.21,AUD
712505,2024-03-05T07:08:31,2024-03-05,690,37,Retail,Credit Card,COUPON9A--,11.7,AUD
712510,2024-03-05T18:00:00,2024-03-05,526,17,Retail,Afterpay,COUPON-A00,8.14,AUD
712783,2024-03-05T18:32:29,2024-03-05,491,36,Online,Credit Card,COUPONA--A,19.56,AUD
712801,2024-03-05T01:52:06,2024-03-05,497,33,Online,PayPal,COUPONA-0Z,3.11,AUD
712877,2024-03-05T10:26:10,2024-03-05,439,1,Retail,Afterpay,COUPON9ZA-,18.37,AUD
712975,2024-03-05T04:09:13,2024-03-05,159,35,Retail,PayPal,COUPON0A-9,17.72,AUD
713097,2024-03-05T09:20:35,2024-03-05,460,3,Retail,Credit Card,COUPONZ9-A,9.41,AUD
713437,2024-03-05T01:34:03,2024-03-05,589,50,Online,Afterpay,COUPONZ0--,0.81,AUD
713663,2024-03-05T13:38:07,2024-03-05,565,2,Retail,Credit Card,COUPONA9Z9,1.33,AUD
713764,2024-03-05T15:16:09,2024-03-05,19,21,Retail,PayPal,COUPONA---,5.71,AUD
713896,2024-03-05T11:22:40,2024-03-05,83,50,Online,Credit Card,COUPON090-,5.17,AUD
713963,2024-03-05T08:09:44,2024-03-05,576,13,Retail,Afterpay,COUPONZZZZ,9.73,AUD
713977,2024-03-05T12:03:50,2024-03-05,650,49,Online,Afterpay,COUPON0ZA-,2.27,AUD
714004,2024-03-05T17:53:26,2024-03-05,216,22,Online,Afterpay,COUPON00A-,16.02,AUD
714054,2024-03-05T07:32:53,2024-03-05,265,30,Retail,Credit Card,COUPONAZ-9,3.82,AUD
714245,2024-03-05T06:56:53,2024-03-05,332,17,Online,Afterpay,COUPON0-AZ,10.51,AUD
714442,2024-03-05T02:55:09,2024-03-05,483,6,Online,Credit Card,COUPON9Z-0,14.26,AUD
714462,2024-03-05T03:59:17,2024-03-05,305,2,Online,Afterpay,COUPON9A09,15.81,AUD
714693,2024-03-05T17:02:17,2024-03-05,726,16,Retail,Credit Card,COUPON00-A,5.35,AUD
714787,2024-03-05T22:37:49,2024-03-05,30,34,Online,PayPal,COUPON-99Z,2.68,AUD
714849,2024-03-05T18:18:24,2024-03-05,630,36,Online,Afterpay,COUPON-00-,16.44,AUD
715198,2024-03-05T09:56:09,2024-03-05,105,43,Online,Afterpay,COUPON--A9,19.0,AUD
715242,2024-03-05T15:00:40,2024-03-05,361,5,Retail,Afterpay,COUPONZ9--,1.88,AUD
715340,2024-03-05T06:26:21,2024-03-05,315,11,Retail,PayPal,COUPONZ--A,7.25,AUD
715443,2024-03-05T07:51:53,2024-03-05,62,3,Retail,Afterpay,COUPON--00,0.64,AUD
715448,2024-03-05T13:49:44,2024-03-05,391,17,Online,Afterpay,COUPON0AZZ,10.15,AUD
715513,2024-03-05T01:42:22,2024-03-05,321,42,Retail,Credit Card,COUPON--A-,19.33,AUD
715691,2024-03-05T00:54:49,2024-03-05,761,1,Online,Afterpay,COUPON00ZZ,19.75,AUD
715773,2024-03-05T01:43:23,2024-03-05,300,28,Retail,Credit Card,COUPON0AZZ,13.07,AUD
715817,2024-03-05T15:09:33,2024-03-05,655,40,Online,Credit Card,COUPON0--9,4.33,AUD
715943,2024-03-05T08:01:32,2024-03-05,473,41,Online,Afterpay,COUPON-09-,17.55,AUD
716012,2024-03-05T01:06:37,2024-03-05,11,27,Retail,Credit Card,COUPON9-90,14.95,AUD
716018,2024-03-05T22:06:43,2024-03-05,401,37,Online,Credit Card,COUPON00Z9,6.06,AUD
716397,2024-03-05T20:13:12,2024-03-05,35,5,Online,PayPal,COUPON9A9-,0.06,AUD
716403,2024-03-05T03:58:07,2024-03-05,556,30,Retail,Afterpay,COUPON-Z-9,9.86,AUD
716459,2024-03-05T18:27:52,2024-03-05,473,40,Retail,Afterpay,COUPON--00,3.31,AUD
716477,2024-03-05T14:33:46,2024-03-05,723,11,Retail,PayPal,COUPON0-Z9,10.23,AUD
716785,2024-03-05T18:34:17,2024-03-05,738,10,Retail,PayPal,COUPON-099,7.27,AUD
716852,2024-03-05T02:53:57,2024-03-05,26,5,Retail,PayPal,COUPONA0A-,14.06,AUD
716917,2024-03-05T17:16:04,2024-03-05,117,10,Online,Credit Card,COUPON-0-0,18.68,AUD
717007,2024-03-05T03:39:43,2024-03-05,108,47,Online,Credit Card,COUPONAZ9Z,17.1,AUD
717031,2024-03-05T00:25:29,2024-03-05,552,41,Retail,PayPal,COUPON-ZA-,7.16,AUD
717264,2024-03-05T01:56:43,2024-03-05,591,22,Online,PayPal,COUPON---0,2.64,AUD
717272,2024-03-05T09:53:34,2024-03-05,450,9,Online,Credit Card,COUPON--A-,6.63,AUD
717332,2024-03-05T04:52:47,2024-03-05,656,23,Retail,Afterpay,COUPONZ0-9,13.88,AUD
717431,2024-03-05T19:52:31,2024-03-05,432,22,Online,Credit Card,COUPONAZZA,13.06,AUD
717619,2024-03-05T09:12:51,2024-03-05,44,46,Retail,PayPal,COUPON-9A0,7.53,AUD
717859,2024-03-05T16:40:05,2024-03-05,675,20,Retail,Credit Card,COUPON-9AZ,7.67,AUD
717924,2024-03-05T15:14:42,2024-03-05,284,17,Online,PayPal,COUPON--ZZ,16.13,AUD
717978,2024-03-05T16:02:21,2024-03-05,760,19,Online,Afterpay,COUPON0AZ-,5.04,AUD
718195,2024-03-05T00:02:11,2024-03-05,517,11,Retail,Credit Card,COUPON9-0-,14.52,AUD
718307,2024-03-05T09:07:28,2024-03-05,487,49,Online,PayPal,COUPONZ-99,8.58,AUD
718409,2024-03-05T19:50:50,2024-03-05,334,1,Retail,PayPal,COUPON09ZA,12.64,AUD
718487,2024-03-05T21:56:40,2024-03-05,492,8,Retail,PayPal,COUPON9-9-,15.0,AUD
718508,2024-03-05T09:46:36,2024-03-05,638,11,Online,PayPal,COUPONZ-00,6.83,AUD
718612,2024-03-05T13:57:22,2024-03-05,428,40,Retail,PayPal,COUPONZ99-,17.54,AUD
718630,2024-03-05T18:47:20,2024-03-05,509,1,Online,PayPal,COUPON----,12.8,AUD
718700,2024-03-05T13:21:11,2024-03-05,445,40,Online,Credit Card,COUPONZAZ9,18.44,AUD
718730,2024-03-05T11:16:44,2024-03-05,400,13,Online,PayPal,COUPON-A0Z,19.88,AUD
718749,2024-03-05T12:15:39,2024-03-05,196,13,Retail,Afterpay,COUPON-9-Z,15.14,AUD
718762,2024-03-05T06:49:50,2024-03-05,586,35,Online,Credit Card,COUPONZ---,11.21,AUD
718767,2024-03-05T00:34:16,2024-03-05,657,18,Online,Afterpay,COUPON-ZZ9,0.56,AUD
718793,2024-03-05T02:20:39,2024-03-05,36,26,Retail,PayPal,COUPON00-Z,15.79,AUD
718815,2024-03-05T04:47:55,2024-03-05,386,10,Retail,Afterpay,COUPON09-A,11.31,AUD
719107,2024-03-05T12:15:53,2024-03-05,18,38,Retail,Afterpay,COUPON9-Z-,14.23,AUD
719417,2024-03-05T04:03:04,2024-03-05,400,24,Retail,PayPal,COUPON-ZA0,17.69,AUD
719601,2024-03-05T06:01:22,2024-03-05,481,45,Retail,Afterpay,COUPON0AA-,19.17,AUD
719733,2024-03-05T22:41:24,2024-03-05,74,12,Online,Afterpay,COUPON9Z09,4.07,AUD
719822,2024-03-05T01:32:23,2024-03-05,293,50,Retail,Afterpay,COUPON9AZ-,8.19,AUD
720006,2024-03-05T15:04:09,2024-03-05,257,40,Retail,PayPal,COUPONA-0A,18.65,AUD
720095,2024-03-05T02:10:55,2024-03-05,310,38,Online,Afterpay,COUPONA0Z-,16.23,AUD
720249,2024-03-05T10:08:30,2024-03-05,349,18,Retail,PayPal,COUPONAAZZ,14.28,AUD
720289,2024-03-05T21:23:01,2024-03-05,308,18,Online,PayPal,COUPONA09-,19.67,AUD
720328,2024-03-05T10:53:24,2024-03-05,366,3,Online,Credit Card,COUPONZZ00,18.14,AUD
720352,2024-03-05T11:30:01,2024-03-05,344,34,Online,PayPal,COUPONA0A9,8.54,AUD
720373,2024-03-05T07:21:35,2024-03-05,136,10,Retail,PayPal,COUPON-A-A,18.29,AUD
720375,2024-03-05T02:05:08,2024-03-05,570,32,Retail,Afterpay,COUPON0-90,5.77,AUD
720387,2024-03-05T01:09:35,2024-03-05,797,34,Online,Afterpay,COUPON-999,13.73,AUD
720430,2024-03-05T21:45:07,2024-03-05,369,28,Retail,PayPal,COUPON00--,18.29,AUD
720576,2024-03-05T22:41:55,2024-03-05,768,42,Online,PayPal,COUPON09--,19.94,AUD
720612,2024-03-05T15:16:57,2024-03-05,237,28,Retail,Afterpay,COUPON90--,3.79,AUD
720864,2024-03-05T02:52:25,2024-03-05,81,31,Retail,Afterpay,COUPONA900,15.57,AUD
720879,2024-03-05T23:08:44,2024-03-05,595,12,Online,Afterpay,COUPONZ9A-,6.2,AUD
720884,2024-03-05T06:28:56,2024-03-05,45,9,Retail,Afterpay,COUPON---A,15.63,AUD
720887,2024-03-05T03:38:48,2024-03-05,529,32,Online,PayPal,COUPON----,19.05,AUD
720899,2024-03-05T09:51:10,2024-03-05,633,24,Retail,Credit Card,COUPON9-0-,6.68,AUD
720960,2024-03-05T05:46:55,2024-03-05,420,45,Online,Credit Card,COUPON0909,3.14,AUD
721107,2024-03-05T12:36:08,2024-03-05,450,17,Online,Afterpay,COUPON-09Z,14.22,AUD
721175,2024-03-05T21:24:48,2024-03-05,567,13,Retail,PayPal,COUPONZ0ZA,1.47,AUD
721203,2024-03-05T11:24:19,2024-03-05,440,49,Online,Afterpay,COUPON--0A,3.56,AUD
721283,2024-03-05T19:22:08,2024-03-05,60,5,Retail,PayPal,COUPON0Z9Z,19.13,AUD
721383,2024-03-05T04:08:15,2024-03-05,290,17,Retail,Afterpay,COUPON-0Z0,4.14,AUD
721676,2024-03-05T05:29:49,2024-03-05,187,9,Retail,PayPal,COUPON-Z--,11.24,AUD
721689,2024-03-05T09:39:42,2024-03-05,719,13,Online,Afterpay,COUPON0AA-,11.78,AUD
721757,2024-03-05T01:44:19,2024-03-05,658,30,Retail,Credit Card,COUPON--Z0,0.95,AUD
721784,2024-03-05T22:20:36,2024-03-05,800,21,Retail,PayPal,COUPONZZAA,5.55,AUD
721848,2024-03-05T00:41:02,2024-03-05,16,13,Retail,Afterpay,COUPONZ-0-,19.64,AUD
721867,2024-03-05T20:16:57,2024-03-05,486,11,Retail,Credit Card,COUPON--AZ,5.48,AUD
722044,2024-03-05T11:19:42,2024-03-05,715,22,Retail,Credit Card,COUPON9AA9,9.49,AUD
722116,2024-03-05T04:09:34,2024-03-05,323,29,Online,Afterpay,COUPON0990,12.52,AUD
722318,2024-03-05T03:05:40,2024-03-05,708,26,Online,Afterpay,COUPONA099,11.84,AUD
722412,2024-03-05T00:25:47,2024-03-05,101,24,Online,Afterpay,COUPON-0ZZ,5.97,AUD
722489,2024-03-05T02:22:22,2024-03-05,455,31,Retail,Credit Card,COUPONAZZ-,13.55,AUD
722604,2024-03-05T14:43:17,2024-03-05,424,23,Online,Credit Card,COUPONZ--A,11.92,AUD
722642,2024-03-05T12:16:56,2024-03-05,606,37,Retail,Credit Card,COUPONZA9-,13.6,AUD
722710,2024-03-05T05:01:40,2024-03-05,475,17,Online,PayPal,COUPON-AZA,3.76,AUD
722738,2024-03-05T22:43:14,2024-03-05,370,28,Retail,PayPal,COUPONZ-90,2.2,AUD
722925,2024-03-05T00:39:39,2024-03-05,10,43,Retail,Afterpay,COUPON0-Z-,0.66,AUD
723122,2024-03-05T08:52:26,2024-03-05,427,14,Retail,Afterpay,COUPON900A,3.95,AUD
723237,2024-03-05T18:38:22,2024-03-05,509,48,Retail,Credit Card,COUPONAZ--,10.9,AUD
723249,2024-03-05T07:21:57,2024-03-05,198,17,Online,PayPal,COUPON--Z9,0.89,AUD
723301,2024-03-05T20:06:11,2024-03-05,169,4,Online,Afterpay,COUPON-9Z0,4.85,AUD
723321,2024-03-05T06:56:06,2024-03-05,148,26,Online,PayPal,COUPON09AZ,12.48,AUD
723403,2024-03-05T03:40:58,2024-03-05,462,13,Retail,PayPal,COUPON0---,19.38,AUD
723459,2024-03-05T07:09:46,2024-03-05,440,47,Online,PayPal,COUPONZ099,2.67,AUD
723464,2024-03-05T23:14:54,2024-03-05,490,29,Retail,Credit Card,COUPON9AZ0,4.5,AUD
723524,2024-03-05T18:57:23,2024-03-05,92,34,Retail,Afterpay,COUPONZ-A-,10.29,AUD
723614,2024-03-05T04:05:55,2024-03-05,788,5,Online,Afterpay,COUPON0---,16.36,AUD
723830,2024-03-05T02:46:42,2024-03-05,80,29,Retail,PayPal,COUPON-0-A,10.95,AUD
724135,2024-03-05T09:25:15,2024-03-05,312,36,Retail,Afterpay,COUPON0A--,18.54,AUD
724309,2024-03-05T04:46:54,2024-03-05,551,6,Online,Afterpay,COUPON99-0,9.73,AUD
724313,2024-03-05T21:23:24,2024-03-05,86,19,Retail,Credit Card,COUPONZ0-Z,0.77,AUD
724385,2024-03-05T03:43:46,2024-03-05,693,43,Online,Credit Card,COUPONA---,12.64,AUD
724792,2024-03-05T01:28:12,2024-03-05,322,5,Online,Credit Card,COUPONA0AA,3.31,AUD
724972,2024-03-05T15:17:42,2024-03-05,276,40,Online,Afterpay,COUPONZZZ-,4.56,AUD
724983,2024-03-05T00:22:32,2024-03-05,140,31,Retail,PayPal,COUPON000A,1.55,AUD
725172,2024-03-05T02:07:33,2024-03-05,631,32,Retail,Credit Card,COUPON-0Z-,0.41,AUD
725298,2024-03-05T18:43:00,2024-03-05,738,47,Online,Credit Card,COUPON99Z0,7.18,AUD
725321,2024-03-05T17:15:18,2024-03-05,151,11,Online,PayPal,COUPONZ90Z,2.21,AUD
725617,2024-03-05T14:51:27,2024-03-05,652,9,Online,Afterpay,COUPON99-9,7.21,AUD
725672,2024-03-05T14:01:00,2024-03-05,404,13,Retail,PayPal,COUPON9900,15.84,AUD
725811,2024-03-05T23:05:59,2024-03-05,42,11,Retail,PayPal,COUPON-Z90,7.94,AUD
725880,2024-03-05T08:47:25,2024-03-05,124,40,Online,PayPal,COUPON9---,5.93,AUD
725951,2024-03-05T23:02:31,2024-03-05,484,43,Online,PayPal,COUPON--09,15.3,AUD
726073,2024-03-05T14:00:28,2024-03-05,154,9,Online,PayPal,COUPON--AA,19.59,AUD
726369,2024-03-05T20:23:19,2024-03-05,90,42,Online,Afterpay,COUPONZ-90,1.7,AUD
726395,2024-03-05T11:56:49,2024-03-05,45,27,Online,Credit Card,COUPON9--A,4.05,AUD
726446,2024-03-05T11:21:47,2024-03-05,51,46,Online,Credit Card,COUPONA--A,19.36,AUD
726487,2024-03-05T23:22:24,2024-03-05,659,20,Retail,PayPal,COUPON-9Z-,16.62,AUD
726551,2024-03-05T15:13:34,2024-03-05,71,37,Retail,Afterpay,COUPONZ90Z,14.16,AUD
726713,2024-03-05T09:40:34,2024-03-05,554,9,Online,Afterpay,COUPON9ZZZ,3.57,AUD
726787,2024-03-05T04:08:20,2024-03-05,538,15,Retail,PayPal,COUPON---0,12.12,AUD
726854,2024-03-05T04:59:12,2024-03-05,660,10,Retail,Credit Card,COUPONAA--,14.29,AUD
726929,2024-03-05T22:36:43,2024-03-05,130,20,Online,Afterpay,COUPON-AA-,3.47,AUD
727047,2024-03-05T16:07:56,2024-03-05,776,1,Retail,Afterpay,COUPON9999,3.0,AUD
727081,2024-03-05T18:03:59,2024-03-05,364,27,Retail,Afterpay,COUPON-ZZZ,6.32,AUD
727088,2024-03-05T12:44:30,2024-03-05,541,7,Online,Afterpay,COUPONZ-ZA,18.72,AUD
727130,2024-03-05T03:41:46,2024-03-05,23,41,Online,Credit Card,COUPONAZZ-,16.76,AUD
727522,2024-03-05T15:13:16,2024-03-05,53,48,Retail,Afterpay,COUPON0-9A,14.31,AUD
727552,2024-03-05T08:05:00,2024-03-05,581,34,Retail,Afterpay,COUPONZ-0-,17.87,AUD
727618,2024-03-05T17:41:11,2024-03-05,616,36,Retail,PayPal,COUPONZ0Z0,17.35,AUD
727628,2024-03-05T10:36:18,2024-03-05,221,23,Retail,PayPal,COUPONA-09,5.04,AUD
727653,2024-03-05T02:12:47,2024-03-05,699,45,Online,Credit Card,COUPON-A-0,7.56,AUD
727683,2024-03-05T10:44:27,2024-03-05,8,6,Retail,PayPal,COUPON0--A,0.57,AUD
727687,2024-03-05T07:35:57,2024-03-05,409,25,Online,PayPal,COUPON90-0,7.84,AUD
727711,2024-03-05T19:25:04,2024-03-05,202,6,Online,PayPal,COUPONA-AA,9.45,AUD
727717,2024-03-05T03:01:52,2024-03-05,712,25,Online,Afterpay,COUPONAZA0,8.18,AUD
727767,2024-03-05T00:08:12,2024-03-05,621,49,Retail,Credit Card,COUPONAZ--,15.76,AUD
727809,2024-03-05T23:45:27,2024-03-05,63,41,Online,Afterpay,COUPONZ---,11.56,AUD
727816,2024-03-05T18:32:55,2024-03-05,104,10,Retail,Afterpay,COUPON-ZZ0,16.29,AUD
727892,2024-03-05T19:58:03,2024-03-05,761,41,Online,Credit Card,COUPONZA-A,10.18,AUD
727925,2024-03-05T10:42:14,2024-03-05,541,45,Retail,Credit Card,COUPON---A,8.81,AUD
728053,2024-03-05T17:38:20,2024-03-05,519,2,Retail,Credit Card,COUPON09AZ,3.53,AUD
728104,2024-03-05T05:32:31,2024-03-05,217,5,Online,Credit Card,COUPON-090,2.42,AUD
728234,2024-03-05T06:40:26,2024-03-05,727,42,Retail,Credit Card,COUPON9A0-,1.39,AUD
728620,2024-03-05T12:42:21,2024-03-05,74,43,Online,Credit Card,COUPON00Z0,10.62,AUD
728621,2024-03-05T23:32:35,2024-03-05,648,9,Online,Afterpay,COUPON--00,1.5,AUD
728659,2024-03-05T04:27:15,2024-03-05,346,7,Retail,Afterpay,COUPON-A90,0.97,AUD
728672,2024-03-05T06:40:21,2024-03-05,362,15,Retail,Afterpay,COUPON9A-0,12.43,AUD
728764,2024-03-05T20:20:08,2024-03-05,194,48,Online,Afterpay,COUPON-ZZ0,10.95,AUD
728890,2024-03-05T00:40:13,2024-03-05,266,50,Online,Credit Card,COUPON-A-Z,11.59,AUD
728928,2024-03-05T03:46:24,2024-03-05,779,18,Online,Afterpay,COUPON-90Z,7.62,AUD
728932,2024-03-05T20:23:21,2024-03-05,688,12,Online,PayPal,COUPON0Z0Z,16.15,AUD
728940,2024-03-05T12:53:58,2024-03-05,709,21,Retail,Credit Card,COUPON0-ZA,6.71,AUD
729044,2024-03-05T22:05:07,2024-03-05,246,37,Online,PayPal,COUPONA--Z,6.08,AUD
729051,2024-03-05T02:34:43,2024-03-05,58,37,Online,PayPal,COUPONA999,11.53,AUD
729339,2024-03-05T04:46:34,2024-03-05,794,6,Retail,Afterpay,COUPON0-0Z,12.45,AUD
729398,2024-03-05T09:55:06,2024-03-05,328,15,Retail,Afterpay,COUPON0AAZ,12.57,AUD
729668,2024-03-05T20:15:11,2024-03-05,701,13,Retail,Afterpay,COUPON-0-Z,13.05,AUD
729805,2024-03-05T07:09:35,2024-03-05,224,32,Online,Credit Card,COUPON-AZ0,5.85,AUD
729846,2024-03-05T01:36:20,2024-03-05,339,48,Retail,Afterpay,COUPON0Z99,4.88,AUD
730413,2024-03-05T23:16:35,2024-03-05,436,7,Online,Afterpay,COUPON---A,13.09,AUD
730546,2024-03-05T08:10:19,2024-03-05,76,39,Online,Afterpay,COUPON0Z0-,11.91,AUD
730743,2024-03-05T06:59:31,2024-03-05,119,39,Retail,PayPal,COUPON999Z,2.67,AUD
730922,2024-03-05T16:43:39,2024-03-05,634,24,Online,Afterpay,COUPON--ZZ,11.22,AUD
731018,2024-03-05T07:07:55,2024-03-05,659,41,Retail,Afterpay,COUPON00-9,17.57,AUD
731067,2024-03-05T15:47:56,2024-03-05,628,34,Retail,Afterpay,COUPONA--Z,8.33,AUD
731121,2024-03-05T00:52:35,2024-03-05,139,48,Online,PayPal,COUPONZ0ZZ,1.76,AUD
731141,2024-03-05T17:41:58,2024-03-05,530,16,Retail,Credit Card,COUPON0Z09,4.91,AUD
731468,2024-03-05T12:15:22,2024-03-05,785,36,Retail,Afterpay,COUPON----,3.77,AUD
731589,2024-03-05T11:07:05,2024-03-05,362,45,Online,Credit Card,COUPONZA0-,5.83,AUD
731765,2024-03-05T04:23:43,2024-03-05,460,40,Retail,PayPal,COUPON0A90,6.32,AUD
731874,2024-03-05T02:20:22,2024-03-05,338,38,Online,PayPal,COUPON000-,6.52,AUD
732173,2024-03-05T07:55:11,2024-03-05,217,3,Online,PayPal,COUPONZ0AA,11.28,AUD
732330,2024-03-05T21:43:51,2024-03-05,647,40,Online,Afterpay,COUPONZA--,5.16,AUD
732381,2024-03-05T13:53:56,2024-03-05,18,47,Online,Credit Card,COUPON09Z9,8.11,AUD
732423,2024-03-05T16:38:06,2024-03-05,709,9,Retail,PayPal,COUPON9Z0-,13.31,AUD
732443,2024-03-05T23:57:25,2024-03-05,107,20,Retail,Credit Card,COUPONZ99-,7.12,AUD
732449,2024-03-05T12:58:50,2024-03-05,308,27,Retail,Afterpay,COUPON009A,15.55,AUD
732461,2024-03-05T20:28:38,2024-03-05,717,12,Retail,Afterpay,COUPON-ZA9,4.1,AUD
732468,2024-03-05T22:39:43,2024-03-05,255,40,Retail,Afterpay,COUPON0999,11.35,AUD
732522,2024-03-05T23:12:07,2024-03-05,21,43,Retail,Credit Card,COUPONZA--,6.21,AUD
732674,2024-03-05T20:53:29,2024-03-05,479,44,Retail,Credit Card,COUPONZ-AA,4.42,AUD
732728,2024-03-05T11:00:36,2024-03-05,43,6,Online,Credit Card,COUPONZ0Z-,12.42,AUD
732905,2024-03-05T07:49:08,2024-03-05,398,24,Retail,PayPal,COUPONZ9-9,9.83,AUD
732981,2024-03-05T07:30:41,2024-03-05,383,28,Online,PayPal,COUPONAA0-,7.19,AUD
733054,2024-03-05T21:39:52,2024-03-05,216,19,Retail,Credit Card,COUPON-9ZZ,8.45,AUD
733123,2024-03-05T13:56:26,2024-03-05,741,1,Retail,PayPal,COUPONZ0Z9,3.3,AUD
733187,2024-03-05T04:10:17,2024-03-05,653,8,Retail,Afterpay,COUPONA-AZ,18.9,AUD
733239,2024-03-05T22:44:24,2024-03-05,785,5,Retail,Afterpay,COUPON99--,18.04,AUD
733340,2024-03-05T20:23:26,2024-03-05,320,42,Online,Credit Card,COUPONZ0-Z,10.52,AUD
733460,2024-03-05T00:56:09,2024-03-05,331,44,Retail,PayPal,COUPON-9--,16.23,AUD
733487,2024-03-05T03:39:08,2024-03-05,513,8,Online,PayPal,COUPON-Z99,8.37,AUD
733758,2024-03-05T03:56:43,2024-03-05,307,14,Retail,Credit Card,COUPONZ9Z0,1.16,AUD
733888,2024-03-05T13:47:05,2024-03-05,140,12,Retail,PayPal,COUPONAZZ-,19.1,AUD
733915,2024-03-05T14:13:43,2024-03-05,397,38,Online,PayPal,COUPON999-,13.04,AUD
734077,2024-03-05T05:33:51,2024-03-05,757,16,Retail,PayPal,COUPON00-A,2.9,AUD
734100,2024-03-05T22:18:17,2024-03-05,555,43,Online,Credit Card,COUPON---A,1.26,AUD
734120,2024-03-05T12:17:00,2024-03-05,108,9,Online,PayPal,COUPON00AZ,1.52,AUD
734133,2024-03-05T17:09:17,2024-03-05,771,14,Retail,Credit Card,COUPONA---,15.47,AUD
734213,2024-03-05T23:45:59,2024-03-05,571,23,Online,Credit Card,COUPON-AAZ,17.18,AUD
734280,2024-03-05T05:14:09,2024-03-05,425,48,Retail,Afterpay,COUPONA0-0,19.05,AUD
734357,2024-03-05T02:54:52,2024-03-05,651,13,Retail,PayPal,COUPON0900,1.89,AUD
734365,2024-03-05T03:26:52,2024-03-05,672,42,Online,PayPal,COUPONA9-0,9.72,AUD
734372,2024-03-05T05:38:28,2024-03-05,50,38,Retail,Afterpay,COUPON---0,3.1,AUD
734464,2024-03-05T22:31:03,2024-03-05,394,20,Online,Credit Card,COUPON909Z,5.89,AUD
734474,2024-03-05T02:37:47,2024-03-05,85,40,Online,Afterpay,COUPON-Z-A,7.33,AUD
734582,2024-03-05T15:02:17,2024-03-05,277,20,Online,Credit Card,COUPON9---,2.42,AUD
734685,2024-03-05T21:42:06,2024-03-05,715,6,Online,PayPal,COUPON0-09,10.17,AUD
734689,2024-03-05T17:49:52,2024-03-05,175,43,Online,Credit Card,COUPON9-ZA,7.43,AUD
734694,2024-03-05T23:40:48,2024-03-05,114,29,Retail,Credit Card,COUPON9AZZ,6.16,AUD
734706,2024-03-05T10:26:12,2024-03-05,637,19,Retail,PayPal,COUPONA-A-,19.19,AUD
734736,2024-03-05T21:53:09,2024-03-05,223,49,Retail,Credit Card,COUPONA-AZ,14.49,AUD
734889,2024-03-05T06:05:30,2024-03-05,82,20,Online,Afterpay,COUPON0AZ-,1.26,AUD
734972,2024-03-05T13:54:07,2024-03-05,210,31,Retail,Afterpay,COUPONA0-9,8.37,AUD
734981,2024-03-05T22:06:31,2024-03-05,760,47,Retail,Afterpay,COUPON9--Z,18.35,AUD
735165,2024-03-05T01:17:35,2024-03-05,508,46,Retail,PayPal,COUPON---9,3.42,AUD
735394,2024-03-05T04:43:36,2024-03-05,96,26,Online,PayPal,COUPONZA-0,10.64,AUD
735606,2024-03-05T23:33:07,2024-03-05,726,46,Retail,Credit Card,COUPON---0,10.92,AUD
735629,2024-03-05T11:41:54,2024-03-05,781,41,Retail,Afterpay,COUPON-AA-,14.98,AUD
735902,2024-03-05T19:14:45,2024-03-05,534,18,Online,Afterpay,COUPONAZ--,11.65,AUD
736169,2024-03-05T00:46:13,2024-03-05,637,21,Retail,PayPal,COUPON-AZA,13.98,AUD
736197,2024-03-05T16:29:59,2024-03-05,318,29,Retail,Afterpay,COUPON99-9,9.07,AUD
736365,2024-03-05T01:57:11,2024-03-05,548,41,Online,PayPal,COUPONA-0Z,3.23,AUD
736392,2024-03-05T06:15:43,2024-03-05,118,16,Online,Credit Card,COUPONZ9-9,14.93,AUD
736540,2024-03-05T14:39:15,2024-03-05,282,45,Online,Afterpay,COUPONZAA-,9.48,AUD
736757,2024-03-05T11:08:39,2024-03-05,158,12,Online,Credit Card,COUPONZ0Z-,5.75,AUD
736936,2024-03-05T10:47:55,2024-03-05,785,6,Retail,PayPal,COUPON-A-9,19.9,AUD
737087,2024-03-05T17:23:20,2024-03-05,411,14,Retail,Credit Card,COUPON---Z,1.9,AUD
737298,2024-03-05T17:20:02,2024-03-05,303,18,Retail,Credit Card,COUPON-AZ-,5.03,AUD
737395,2024-03-05T14:08:13,2024-03-05,771,34,Retail,PayPal,COUPON-99Z,0.86,AUD
737526,2024-03-05T02:35:29,2024-03-05,458,38,Online,Credit Card,COUPONZZZ-,19.9,AUD
737612,2024-03-05T23:55:17,2024-03-05,522,37,Retail,Credit Card,COUPONZA--,16.68,AUD
737622,2024-03-05T21:37:11,2024-03-05,553,33,Online,Credit Card,COUPON--0A,3.94,AUD
737748,2024-03-05T06:43:12,2024-03-05,179,40,Retail,Afterpay,COUPON0--A,16.18,AUD
737807,2024-03-05T14:52:48,2024-03-05,334,38,Retail,Credit Card,COUPON---A,4.31,AUD
737845,2024-03-05T07:21:09,2024-03-05,229,30,Online,Afterpay,COUPONA999,1.88,AUD
737864,2024-03-05T13:53:39,2024-03-05,275,5,Online,Credit Card,COUPON009-,13.37,AUD
737881,2024-03-05T23:03:35,2024-03-05,656,31,Online,Afterpay,COUPONA-AA,15.63,AUD
737950,2024-03-05T10:04:27,2024-03-05,708,10,Retail,PayPal,COUPON9AZA,18.49,AUD
738119,2024-03-05T13:24:42,2024-03-05,186,46,Retail,Credit Card,COUPON00-0,8.78,AUD
738224,2024-03-05T07:17:52,2024-03-05,765,14,Retail,PayPal,COUPON90A9,1.53,AUD
738399,2024-03-05T21:16:35,2024-03-05,512,12,Retail,Credit Card,COUPON099-,10.5,AUD
738579,2024-03-05T07:05:41,2024-03-05,15,21,Online,PayPal,COUPON0Z--,15.66,AUD
738738,2024-03-05T18:00:41,2024-03-05,342,40,Online,PayPal,COUPON0ZA-,9.18,AUD
738754,2024-03-05T09:08:25,2024-03-05,361,9,Retail,Afterpay,COUPON000A,12.85,AUD
738935,2024-03-05T07:32:18,2024-03-05,409,22,Retail,Credit Card,COUPON00--,14.48,AUD
739023,2024-03-05T16:01:05,2024-03-05,114,12,Retail,PayPal,COUPONZ0A9,19.04,AUD
739120,2024-03-05T15:53:27,2024-03-05,661,28,Online,Credit Card,COUPONA-9A,5.31,AUD
739272,2024-03-05T10:36:19,2024-03-05,400,45,Retail,Credit Card,COUPON0ZA0,16.91,AUD
739285,2024-03-05T15:12:07,2024-03-05,497,38,Online,Credit Card,COUPONZ9AZ,16.15,AUD
739515,2024-03-05T06:28:58,2024-03-05,99,13,Online,Credit Card,COUPON9Z-A,19.36,AUD
739558,2024-03-05T08:58:14,2024-03-05,170,8,Online,Afterpay,COUPON0--0,6.07,AUD
739631,2024-03-05T07:47:02,2024-03-05,535,12,Retail,Credit Card,COUPON9Z-0,1.87,AUD
739859,2024-03-05T10:16:25,2024-03-05,448,39,Online,PayPal,COUPON-99Z,17.99,AUD
739958,2024-03-05T14:41:50,2024-03-05,709,36,Retail,PayPal,COUPON-9Z0,2.56,AUD
740137,2024-03-05T01:56:42,2024-03-05,770,6,Retail,Credit Card,COUPON9-00,6.31,AUD
740157,2024-03-05T17:14:59,2024-03-05,365,47,Retail,Afterpay,COUPON09A9,9.24,AUD
740266,2024-03-05T08:23:03,2024-03-05,30,22,Retail,Afterpay,COUPON--0-,5.1,AUD
740419,2024-03-05T17:43:10,2024-03-05,167,9,Online,Afterpay,COUPON0Z-9,14.63,AUD
740448,2024-03-05T00:23:08,2024-03-05,219,19,Online,Afterpay,COUPON-0A-,3.57,AUD
740586,2024-03-05T04:55:22,2024-03-05,659,24,Online,PayPal,COUPON-9-Z,12.8,AUD
740707,2024-03-05T23:25:39,2024-03-05,103,39,Retail,Credit Card,COUPONA0Z-,16.72,AUD
740759,2024-03-05T05:12:13,2024-03-05,181,49,Retail,PayPal,COUPON00A0,9.76,AUD
740817,2024-03-05T15:24:58,2024-03-05,209,5,Online,Afterpay,COUPON9-Z9,10.23,AUD
741104,2024-03-05T04:56:39,2024-03-05,633,27,Retail,PayPal,COUPON-Z9-,17.84,AUD
741212,2024-03-05T00:14:27,2024-03-05,98,29,Online,PayPal,COUPONAZA-,11.19,AUD
741338,2024-03-05T15:04:46,2024-03-05,771,7,Online,Credit Card,COUPON0--0,3.61,AUD
741356,2024-03-05T10:14:33,2024-03-05,582,18,Online,Credit Card,COUPON-09-,6.82,AUD
741533,2024-03-05T22:51:59,2024-03-05,552,29,Retail,Afterpay,COUPON0-ZZ,1.45,AUD
741693,2024-03-05T03:46:50,2024-03-05,707,8,Retail,PayPal,COUPONA-Z0,8.49,AUD
741731,2024-03-05T13:27:33,2024-03-05,231,22,Online,Afterpay,COUPON0---,6.08,AUD
741738,2024-03-05T20:46:24,2024-03-05,698,3,Retail,Afterpay,COUPON-Z-A,15.13,AUD
741787,2024-03-05T06:15:09,2024-03-05,386,42,Online,Afterpay,COUPONZZ-A,15.48,AUD
741807,2024-03-05T17:59:17,2024-03-05,582,36,Retail,Credit Card,COUPON09-9,8.22,AUD
741958,2024-03-05T04:51:39,2024-03-05,574,49,Online,Credit Card,COUPON----,19.28,AUD
742141,2024-03-05T18:03:17,2024-03-05,413,26,Retail,PayPal,COUPONZ0-A,7.44,AUD
742164,2024-03-05T20:34:22,2024-03-05,186,10,Retail,PayPal,COUPONA9-Z,18.87,AUD
742185,2024-03-05T07:15:12,2024-03-05,470,49,Retail,Credit Card,COUPONZ0-Z,10.03,AUD
742246,2024-03-05T01:34:12,2024-03-05,104,40,Retail,Credit Card,COUPONZ9--,13.7,AUD
742299,2024-03-05T11:44:01,2024-03-05,437,25,Retail,Credit Card,COUPON-AZ-,16.52,AUD
742551,2024-03-05T13:20:07,2024-03-05,694,28,Online,Afterpay,COUPON---A,1.28,AUD
742674,2024-03-05T08:36:20,2024-03-05,633,25,Retail,Afterpay,COUPON9-9A,19.85,AUD
742718,2024-03-05T16:50:14,2024-03-05,733,40,Retail,Afterpay,COUPON9---,17.79,AUD
742752,2024-03-05T10:08:50,2024-03-05,506,7,Retail,Afterpay,COUPONZ99A,9.9,AUD
742918,2024-03-05T10:18:01,2024-03-05,439,15,Retail,Credit Card,COUPONZ--0,18.35,AUD
742999,2024-03-05T23:43:57,2024-03-05,389,43,Online,Afterpay,COUPONZ9Z-,9.58,AUD
743135,2024-03-05T18:50:19,2024-03-05,656,3,Retail,PayPal,COUPON0Z-Z,9.95,AUD
743154,2024-03-05T15:43:37,2024-03-05,796,22,Online,Credit Card,COUPON---0,13.79,AUD
743277,2024-03-05T00:24:07,2024-03-05,213,48,Retail,Credit Card,COUPON9-A-,16.65,AUD
743526,2024-03-05T14:51:03,2024-03-05,196,2,Online,PayPal,COUPON99--,3.56,AUD
743639,2024-03-05T07:48:41,2024-03-05,652,4,Online,Credit Card,COUPON-A9Z,18.86,AUD
743827,2024-03-05T14:34:09,2024-03-05,538,46,Online,Afterpay,COUPON0AAZ,11.78,AUD
743833,2024-03-05T03:51:29,2024-03-05,484,49,Retail,Credit Card,COUPON09--,16.06,AUD
744102,2024-03-05T20:13:00,2024-03-05,776,14,Retail,PayPal,COUPONZAZ9,14.2,AUD
744111,2024-03-05T03:42:06,2024-03-05,582,2,Online,Credit Card,COUPONZ9A9,6.35,AUD
744137,2024-03-05T20:11:56,2024-03-05,599,46,Retail,PayPal,COUPON9---,18.3,AUD
744151,2024-03-05T05:06:30,2024-03-05,124,20,Online,Credit Card,COUPON-0A0,0.54,AUD
744392,2024-03-05T02:25:26,2024-03-05,735,1,Online,Credit Card,COUPON-Z99,0.63,AUD
744543,2024-03-05T13:08:33,2024-03-05,298,28,Retail,PayPal,COUPON99Z-,14.34,AUD
744593,2024-03-05T10:19:25,2024-03-05,522,21,Online,PayPal,COUPON0-0-,19.33,AUD
744765,2024-03-05T07:59:32,2024-03-05,398,6,Online,PayPal,COUPON0---,18.44,AUD
744787,2024-03-05T01:01:00,2024-03-05,704,40,Retail,PayPal,COUPON0Z0-,16.07,AUD
744805,2024-03-05T02:15:51,2024-03-05,393,19,Online,Afterpay,COUPONZ--Z,8.83,AUD
744896,2024-03-05T13:06:19,2024-03-05,736,37,Online,Credit Card,COUPON9--A,1.81,AUD
745007,2024-03-05T04:10:37,2024-03-05,464,22,Retail,Afterpay,COUPONZZ-0,14.04,AUD
745049,2024-03-05T11:38:54,2024-03-05,42,43,Retail,Credit Card,COUPON00--,16.05,AUD
745147,2024-03-05T19:11:49,2024-03-05,665,32,Retail,Afterpay,COUPON99AA,11.46,AUD
745165,2024-03-05T20:18:15,2024-03-05,302,8,Online,Credit Card,COUPON--0Z,17.34,AUD
745185,2024-03-05T09:06:44,2024-03-05,734,32,Online,Credit Card,COUPON-9AZ,18.67,AUD
745288,2024-03-05T15:08:21,2024-03-05,694,30,Retail,Afterpay,COUPON-90-,17.53,AUD
745318,2024-03-05T16:49:24,2024-03-05,245,24,Retail,PayPal,COUPONZ00-,17.79,AUD
745337,2024-03-05T17:10:28,2024-03-05,172,47,Online,Afterpay,COUPON90A-,8.01,AUD
745380,2024-03-05T01:00:34,2024-03-05,772,49,Online,Afterpay,COUPON0AAA,15.68,AUD
745389,2024-03-05T01:09:54,2024-03-05,79,47,Online,Credit Card,COUPON9AAZ,13.49,AUD
745499,2024-03-05T03:48:57,2024-03-05,103,38,Online,Afterpay,COUPONZ-0Z,4.71,AUD
745538,2024-03-05T23:55:19,2024-03-05,160,39,Retail,Credit Card,COUPONZAZ9,10.91,AUD
745593,2024-03-05T08:27:31,2024-03-05,448,24,Online,Credit Card,COUPONZ--Z,3.35,AUD
745671,2024-03-05T04:44:27,2024-03-05,516,1,Retail,Credit Card,COUPONZZZ0,18.91,AUD
745705,2024-03-05T09:13:40,2024-03-05,21,37,Online,Credit Card,COUPON-0-A,11.47,AUD
745789,2024-03-05T16:12:13,2024-03-05,672,9,Retail,Afterpay,COUPONZZA-,0.24,AUD
745811,2024-03-05T20:48:15,2024-03-05,282,47,Online,PayPal,COUPON--9A,5.65,AUD
745842,2024-03-05T23:39:31,2024-03-05,410,28,Retail,PayPal,COUPON-Z--,3.0,AUD
745969,2024-03-05T00:38:26,2024-03-05,69,37,Online,PayPal,COUPON9-00,15.81,AUD
746204,2024-03-05T11:30:43,2024-03-05,445,44,Online,Credit Card,COUPON9A9-,8.65,AUD
746259,2024-03-05T08:03:09,2024-03-05,750,2,Retail,PayPal,COUPON0-AA,5.12,AUD
746377,2024-03-05T09:39:16,2024-03-05,664,29,Retail,PayPal,COUPONA0-9,2.56,AUD
746447,2024-03-05T14:59:53,2024-03-05,462,26,Online,Credit Card,COUPON0-A-,13.86,AUD
746460,2024-03-05T20:23:37,2024-03-05,155,10,Retail,PayPal,COUPONZA09,10.38,AUD
746693,2024-03-05T21:48:05,2024-03-05,363,13,Retail,PayPal,COUPONZAZ9,2.01,AUD
746752,2024-03-05T15:56:36,2024-03-05,727,30,Online,Credit Card,COUPON9-Z0,12.94,AUD
746784,2024-03-05T00:03:54,2024-03-05,293,28,Online,PayPal,COUPONZ0--,18.89,AUD
746821,2024-03-05T02:25:44,2024-03-05,553,31,Online,Afterpay,COUPON0Z0-,8.31,AUD
746882,2024-03-05T22:24:06,2024-03-05,173,40,Retail,Credit Card,COUPON9Z9-,6.54,AUD
746930,2024-03-05T10:37:22,2024-03-05,659,2,Retail,Afterpay,COUPON0Z-Z,1.7,AUD
747101,2024-03-05T00:13:58,2024-03-05,350,39,Online,Credit Card,COUPONAAAZ,4.34,AUD
747156,2024-03-05T18:17:56,2024-03-05,347,2,Retail,Credit Card,COUPON--A9,18.63,AUD
747185,2024-03-05T20:32:03,2024-03-05,717,17,Retail,Credit Card,COUPONZ9-Z,13.69,AUD
747310,2024-03-05T08:43:12,2024-03-05,743,41,Retail,PayPal,COUPONA0Z-,9.46,AUD
747347,2024-03-05T22:13:42,2024-03-05,470,29,Online,Credit Card,COUPON9A9A,13.77,AUD
747539,2024-03-05T00:53:37,2024-03-05,712,45,Retail,Afterpay,COUPON-Z00,11.35,AUD
747582,2024-03-05T15:12:14,2024-03-05,795,41,Retail,Credit Card,COUPON0-90,11.29,AUD
747617,2024-03-05T19:01:20,2024-03-05,541,23,Online,Afterpay,COUPONZ0ZZ,5.78,AUD
747722,2024-03-05T12:58:14,2024-03-05,24,17,Retail,PayPal,COUPONZ-99,17.5,AUD
747820,2024-03-05T05:02:55,2024-03-05,345,30,Retail,PayPal,COUPON0Z0A,7.65,AUD
747830,2024-03-05T03:00:27,2024-03-05,334,11,Retail,PayPal,COUPON-Z9-,16.24,AUD
747930,2024-03-05T14:49:10,2024-03-05,452,50,Retail,Afterpay,COUPON9Z-Z,15.45,AUD
748018,2024-03-05T14:40:14,2024-03-05,89,39,Retail,Credit Card,COUPON9-AA,15.28,AUD
748125,2024-03-05T07:40:33,2024-03-05,615,9,Online,Afterpay,COUPON-9A-,8.74,AUD
748137,2024-03-05T08:55:52,2024-03-05,106,14,Retail,Afterpay,COUPON9--9,15.12,AUD
748194,2024-03-05T07:04:34,2024-03-05,373,31,Online,Afterpay,COUPON-Z--,11.93,AUD
748196,2024-03-05T02:44:51,2024-03-05,288,47,Retail,Credit Card,COUPONZ--0,18.64,AUD
748264,2024-03-05T04:26:47,2024-03-05,632,12,Online,Credit Card,COUPONAZA9,6.64,AUD
748328,2024-03-05T21:20:20,2024-03-05,255,34,Retail,Credit Card,COUPON---9,9.09,AUD
748344,2024-03-05T06:34:34,2024-03-05,56,42,Online,Afterpay,COUPON99ZZ,0.14,AUD
748399,2024-03-05T03:55:10,2024-03-05,329,41,Online,PayPal,COUPON0-0A,19.18,AUD
748539,2024-03-05T18:55:36,2024-03-05,677,41,Retail,Afterpay,COUPONA0Z0,12.6,AUD
748608,2024-03-05T21:45:24,2024-03-05,408,1,Retail,Credit Card,COUPONA99-,3.72,AUD
748744,2024-03-05T03:08:19,2024-03-05,347,28,Retail,Afterpay,COUPON-9--,17.64,AUD
748752,2024-03-05T22:48:19,2024-03-05,618,33,Online,PayPal,COUPONA9A9,9.43,AUD
748756,2024-03-05T06:56:55,2024-03-05,618,34,Retail,Afterpay,COUPON-9--,7.49,AUD
748789,2024-03-05T02:32:23,2024-03-05,305,27,Online,Credit Card,COUPONA---,10.68,AUD
748897,2024-03-05T23:16:31,2024-03-05,527,2,Retail,Credit Card,COUPON9-0-,14.03,AUD
749014,2024-03-05T16:30:19,2024-03-05,344,28,Online,Credit Card,COUPONZ-Z-,2.93,AUD
749022,2024-03-05T16:54:37,2024-03-05,614,33,Retail,Afterpay,COUPON09--,11.79,AUD
749113,2024-03-05T15:08:36,2024-03-05,28,21,Retail,Credit Card,COUPON-99A,19.95,AUD
749332,2024-03-05T11:21:54,2024-03-05,586,14,Online,PayPal,COUPON000Z,17.33,AUD
749403,2024-03-05T18:04:39,2024-03-05,217,7,Retail,Credit Card,COUPON-A0-,0.47,AUD
749462,2024-03-05T03:25:21,2024-03-05,709,36,Retail,PayPal,COUPON-00Z,10.03,AUD
749758,2024-03-05T01:48:57,2024-03-05,517,3,Online,Credit Card,COUPON-A-Z,6.21,AUD
750129,2024-03-05T13:11:35,2024-03-05,423,14,Retail,PayPal,COUPON-A--,15.1,AUD
750299,2024-03-05T14:00:18,2024-03-05,28,31,Retail,Afterpay,COUPON0AA-,2.26,AUD
750625,2024-03-05T02:31:02,2024-03-05,496,26,Online,Afterpay,COUPON99AZ,1.66,AUD
750936,2024-03-05T20:13:10,2024-03-05,20,43,Retail,PayPal,COUPON9A-A,10.84,AUD
750983,2024-03-05T12:52:24,2024-03-05,708,6,Retail,Credit Card,COUPONZ0A-,17.77,AUD
751005,2024-03-05T00:30:02,2024-03-05,328,17,Retail,PayPal,COUPON9A--,18.98,AUD
751170,2024-03-05T17:09:02,2024-03-05,693,31,Online,Afterpay,COUPON-ZA-,9.4,AUD
751261,2024-03-05T00:15:31,2024-03-05,183,27,Online,Afterpay,COUPON-0-Z,13.9,AUD
751347,2024-03-05T18:05:48,2024-03-05,100,29,Online,Credit Card,COUPON-AZ-,8.09,AUD
751392,2024-03-05T13:16:22,2024-03-05,281,20,Online,Credit Card,COUPON9Z-0,11.29,AUD
751490,2024-03-05T21:22:32,2024-03-05,555,45,Online,Credit Card,COUPON09-9,18.19,AUD
751493,2024-03-05T20:04:58,2024-03-05,179,46,Retail,Afterpay,COUPON99-Z,17.74,AUD
751508,2024-03-05T08:52:45,2024-03-05,695,42,Online,PayPal,COUPON099-,7.16,AUD
751509,2024-03-05T03:30:27,2024-03-05,322,42,Retail,PayPal,COUPONA90A,11.81,AUD
751639,2024-03-05T08:14:09,2024-03-05,691,12,Retail,PayPal,COUPON009-,13.33,AUD
751852,2024-03-05T15:26:02,2024-03-05,474,48,Online,Credit Card,COUPON90--,4.85,AUD
751873,2024-03-05T19:37:51,2024-03-05,516,2,Retail,Credit Card,COUPON09A0,14.16,AUD
752166,2024-03-05T13:20:20,2024-03-05,324,2,Retail,PayPal,COUPON-A0Z,6.35,AUD
752592,2024-03-05T08:38:54,2024-03-05,84,28,Online,Credit Card,COUPONA---,12.94,AUD
752649,2024-03-05T09:28:37,2024-03-05,495,3,Retail,Credit Card,COUPONZA0-,13.33,AUD
752810,2024-03-05T15:44:09,2024-03-05,315,30,Online,Afterpay,COUPON----,7.01,AUD
752855,2024-03-05T15:39:46,2024-03-05,688,6,Online,Afterpay,COUPONA-ZZ,15.11,AUD
752874,2024-03-05T04:23:54,2024-03-05,187,27,Online,PayPal,COUPON0A0Z,0.61,AUD
753023,2024-03-05T13:26:13,2024-03-05,351,31,Online,Afterpay,COUPON-Z-A,3.26,AUD
753065,2024-03-05T22:02:38,2024-03-05,305,21,Online,Afterpay,COUPON--Z9,0.18,AUD
753242,2024-03-05T17:54:06,2024-03-05,245,30,Online,Afterpay,COUPON0-Z0,5.84,AUD
753334,2024-03-05T00:08:00,2024-03-05,40,29,Online,Afterpay,COUPON-0A0,0.28,AUD
753492,2024-03-05T23:20:38,2024-03-05,708,24,Retail,Afterpay,COUPON0A-9,17.49,AUD
753507,2024-03-05T11:35:18,2024-03-05,61,16,Online,Credit Card,COUPON-ZA-,11.83,AUD
753723,2024-03-05T10:23:37,2024-03-05,493,31,Retail,PayPal,COUPON00Z9,17.26,AUD
753917,2024-03-05T10:49:28,2024-03-05,551,45,Retail,PayPal,COUPONA0-A,4.5,AUD
754064,2024-03-05T19:03:35,2024-03-05,531,47,Retail,Afterpay,COUPON-0A-,6.36,AUD
754110,2024-03-05T07:49:13,2024-03-05,305,19,Online,Afterpay,COUPONAA-0,2.93,AUD
754393,2024-03-05T09:33:54,2024-03-05,161,30,Retail,PayPal,COUPON--90,9.77,AUD
754437,2024-03-05T19:14:41,2024-03-05,404,46,Retail,PayPal,COUPON0-9Z,15.81,AUD
754459,2024-03-05T01:04:01,2024-03-05,395,38,Retail,Afterpay,COUPON0A00,14.65,AUD
754474,2024-03-05T05:01:20,2024-03-05,471,24,Online,PayPal,COUPON9AA-,1.5,AUD
754530,2024-03-05T20:44:40,2024-03-05,58,38,Retail,Credit Card,COUPON-9--,18.76,AUD
754666,2024-03-05T23:54:48,2024-03-05,321,24,Retail,Credit Card,COUPONA-99,1.52,AUD
754721,2024-03-05T17:15:51,2024-03-05,33,6,Online,PayPal,COUPON--Z-,15.45,AUD
754769,2024-03-05T09:38:57,2024-03-05,449,3,Retail,Afterpay,COUPONZ--9,18.21,AUD
754851,2024-03-05T20:44:25,2024-03-05,654,48,Online,Credit Card,COUPON00A0,16.02,AUD
755008,2024-03-05T00:52:41,2024-03-05,226,28,Retail,PayPal,COUPON-Z90,8.46,AUD
755028,2024-03-05T21:12:35,2024-03-05,172,47,Retail,Credit Card,COUPON-9AZ,9.23,AUD
755034,2024-03-05T22:01:10,2024-03-05,107,25,Online,PayPal,COUPON9Z0A,13.3,AUD
755052,2024-03-05T04:55:00,2024-03-05,287,29,Online,Credit Card,COUPON09Z9,15.59,AUD
755123,2024-03-05T22:24:06,2024-03-05,719,38,Online,PayPal,COUPON-ZA-,19.47,AUD
755272,2024-03-05T03:19:27,2024-03-05,222,44,Retail,Afterpay,COUPON9--0,0.68,AUD
755332,2024-03-05T20:51:11,2024-03-05,169,3,Online,PayPal,COUPON-A90,12.02,AUD
755387,2024-03-05T06:36:55,2024-03-05,124,29,Retail,Afterpay,COUPON--9-,5.13,AUD
755460,2024-03-05T01:59:00,2024-03-05,380,36,Retail,Afterpay,COUPON00--,16.42,AUD
755495,2024-03-05T19:02:48,2024-03-05,479,41,Retail,Credit Card,COUPON-990,11.65,AUD
755517,2024-03-05T07:55:23,2024-03-05,455,22,Retail,PayPal,COUPON--AZ,14.15,AUD
755532,2024-03-05T07:42:49,2024-03-05,81,35,Online,Credit Card,COUPONAA--,16.58,AUD
755753,2024-03-05T16:23:57,2024-03-05,326,42,Retail,Credit Card,COUPON--0Z,18.67,AUD
755801,2024-03-05T04:38:12,2024-03-05,47,34,Retail,Credit Card,COUPONZZA0,7.56,AUD
755804,2024-03-05T04:02:05,2024-03-05,509,20,Online,Afterpay,COUPON090-,14.93,AUD
755873,2024-03-05T03:27:33,2024-03-05,382,49,Online,Credit Card,COUPON-A0-,8.8,AUD
756056,2024-03-05T09:25:50,2024-03-05,580,42,Online,Credit Card,COUPON9ZZA,13.22,AUD
756528,2024-03-05T09:40:46,2024-03-05,101,28,Online,Afterpay,COUPONZ---,5.92,AUD
756543,2024-03-05T06:38:41,2024-03-05,606,47,Online,Credit Card,COUPONZ---,19.32,AUD
756564,2024-03-05T14:33:48,2024-03-05,168,16,Online,Afterpay,COUPON9--9,14.14,AUD
756607,2024-03-05T09:01:14,2024-03-05,503,18,Online,Credit Card,COUPONAZ9-,1.2,AUD
756735,2024-03-05T13:22:02,2024-03-05,489,47,Retail,Credit Card,COUPON---9,0.66,AUD
756770,2024-03-05T15:04:04,2024-03-05,690,44,Retail,Credit Card,COUPON-AZ9,9.07,AUD
756822,2024-03-05T11:14:13,2024-03-05,683,33,Online,Afterpay,COUPON0AAZ,1.72,AUD
756861,2024-03-05T17:10:06,2024-03-05,789,48,Retail,PayPal,COUPON990-,7.56,AUD
756962,2024-03-05T13:24:38,2024-03-05,586,48,Online,Afterpay,COUPON-Z00,0.37,AUD
757368,2024-03-05T23:57:52,2024-03-05,466,19,Retail,Credit Card,COUPONAZ-A,7.15,AUD
757531,2024-03-05T20:56:55,2024-03-05,240,10,Retail,PayPal,COUPON---Z,9.88,AUD
757560,2024-03-05T09:13:01,2024-03-05,122,24,Online,PayPal,COUPON00Z0,10.07,AUD
757583,2024-03-05T04:55:59,2024-03-05,735,46,Retail,Afterpay,COUPON0--9,4.26,AUD
757785,2024-03-05T15:55:42,2024-03-05,7,2,Online,Credit Card,COUPON---A,1.35,AUD
757864,2024-03-05T22:47:46,2024-03-05,321,50,Retail,Afterpay,COUPONZ9A9,9.83,AUD
757884,2024-03-05T00:08:41,2024-03-05,108,22,Online,Credit Card,COUPON9-00,9.46,AUD
757916,2024-03-05T21:51:40,2024-03-05,694,10,Online,Credit Card,COUPON--9-,19.8,AUD
757993,2024-03-05T22:35:18,2024-03-05,682,35,Retail,Credit Card,COUPON-99-,13.91,AUD
758027,2024-03-05T01:33:08,2024-03-05,747,2,Online,PayPal,COUPONAZ00,8.56,AUD
758052,2024-03-05T15:00:39,2024-03-05,685,9,Retail,PayPal,COUPON-ZAA,8.39,AUD
758608,2024-03-05T22:54:25,2024-03-05,277,29,Online,Credit Card,COUPON--Z9,15.28,AUD
758615,2024-03-05T16:56:48,2024-03-05,33,2,Retail,Afterpay,COUPONA9Z0,15.8,AUD
758625,2024-03-05T07:08:11,2024-03-05,361,16,Retail,Afterpay,COUPONA-AA,3.36,AUD
758721,2024-03-05T17:21:52,2024-03-05,441,2,Online,PayPal,COUPON-A-9,13.53,AUD
758736,2024-03-05T21:38:14,2024-03-05,118,12,Retail,Afterpay,COUPON9--0,1.14,AUD
759004,2024-03-05T05:13:55,2024-03-05,437,37,Retail,PayPal,COUPON0-90,11.12,AUD
759060,2024-03-05T11:18:06,2024-03-05,645,14,Retail,PayPal,COUPON9Z90,4.67,AUD
759081,2024-03-05T21:25:44,2024-03-05,272,24,Retail,PayPal,COUPON0Z-9,13.67,AUD
759095,2024-03-05T14:18:37,2024-03-05,141,23,Online,PayPal,COUPON9-9-,5.61,AUD
759811,2024-03-05T12:38:53,2024-03-05,623,26,Retail,PayPal,COUPON-Z--,13.01,AUD
759859,2024-03-05T07:05:05,2024-03-05,242,44,Online,PayPal,COUPON--99,15.01,AUD
760053,2024-03-05T10:00:53,2024-03-05,366,33,Online,Afterpay,COUPON0ZZ-,5.49,AUD
760156,2024-03-05T08:20:34,2024-03-05,362,18,Online,PayPal,COUPON9-00,6.32,AUD
760201,2024-03-05T21:33:17,2024-03-05,345,22,Online,Afterpay,COUPON0---,19.42,AUD
760207,2024-03-05T05:05:30,2024-03-05,39,26,Retail,Afterpay,COUPON--Z0,14.97,AUD
760229,2024-03-05T03:10:39,2024-03-05,348,31,Retail,PayPal,COUPONA--9,14.76,AUD
760259,2024-03-05T03:12:25,2024-03-05,132,43,Online,Credit Card,COUPON999-,12.69,AUD
760309,2024-03-05T15:55:54,2024-03-05,630,14,Online,Credit Card,COUPON-AA0,3.38,AUD
760341,2024-03-05T10:25:49,2024-03-05,615,41,Online,Credit Card,COUPON-9-9,0.7,AUD
760360,2024-03-05T09:16:49,2024-03-05,506,7,Online,Afterpay,COUPON-ZZ-,0.59,AUD
760417,2024-03-05T17:21:05,2024-03-05,262,7,Retail,Credit Card,COUPON-0-Z,3.63,AUD
760472,2024-03-05T16:05:26,2024-03-05,756,9,Retail,PayPal,COUPON-Z-0,15.02,AUD
760598,2024-03-05T12:36:36,2024-03-05,688,4,Online,Credit Card,COUPON--Z0,0.66,AUD
760923,2024-03-05T10:32:20,2024-03-05,620,16,Retail,Credit Card,COUPON--A-,19.14,AUD
760952,2024-03-05T06:29:26,2024-03-05,517,17,Online,Credit Card,COUPON09-0,15.18,AUD
761063,2024-03-05T09:02:29,2024-03-05,788,33,Online,Afterpay,COUPONZZ99,15.96,AUD
761149,2024-03-05T10:45:55,2024-03-05,602,28,Online,Credit Card,COUPONAZAA,4.42,AUD
761212,2024-03-05T01:49:40,2024-03-05,379,8,Retail,Afterpay,COUPONZ-0-,7.96,AUD
761316,2024-03-05T21:32:40,2024-03-05,346,24,Online,Credit Card,COUPON-9A-,17.01,AUD
761434,2024-03-05T18:18:12,2024-03-05,514,17,Retail,PayPal,COUPONA-90,3.65,AUD
761438,2024-03-05T18:16:14,2024-03-05,285,24,Retail,PayPal,COUPON-0--,0.99,AUD
761763,2024-03-05T20:12:40,2024-03-05,771,18,Retail,Credit Card,COUPON9ZAZ,19.63,AUD
761787,2024-03-05T02:49:22,2024-03-05,41,40,Online,Credit Card,COUPON009-,4.4,AUD
761791,2024-03-05T19:08:05,2024-03-05,443,38,Retail,PayPal,COUPON-Z00,16.42,AUD
762067,2024-03-05T04:50:34,2024-03-05,169,21,Retail,Afterpay,COUPON0--Z,12.55,AUD
762322,2024-03-05T20:56:52,2024-03-05,615,14,Retail,Credit Card,COUPONZZ09,12.05,AUD
762384,2024-03-05T16:06:23,2024-03-05,548,48,Retail,PayPal,COUPONA-Z-,2.56,AUD
762551,2024-03-05T20:31:48,2024-03-05,10,44,Retail,PayPal,COUPON0-9-,3.88,AUD
762556,2024-03-05T04:54:49,2024-03-05,65,33,Online,PayPal,COUPON-A-0,19.47,AUD
762613,2024-03-05T04:13:03,2024-03-05,415,34,Retail,Credit Card,COUPON9ZAA,0.68,AUD
762730,2024-03-05T18:35:46,2024-03-05,432,8,Online,PayPal,COUPONZ-ZZ,12.63,AUD
762760,2024-03-05T03:25:10,2024-03-05,779,41,Retail,Afterpay,COUPONZZ-9,18.35,AUD
762938,2024-03-05T18:57:33,2024-03-05,190,8,Retail,PayPal,COUPON99-A,8.45,AUD
763204,2024-03-05T18:21:33,2024-03-05,209,25,Online,PayPal,COUPON---Z,9.51,AUD
763239,2024-03-05T20:34:29,2024-03-05,384,6,Retail,Afterpay,COUPONZZ-0,15.76,AUD
763277,2024-03-05T16:00:05,2024-03-05,429,6,Online,PayPal,COUPON0AAA,15.11,AUD
763351,2024-03-05T05:40:24,2024-03-05,398,26,Retail,PayPal,COUPON--09,1.11,AUD
763406,2024-03-05T00:40:27,2024-03-05,303,31,Retail,Afterpay,COUPON0-9A,16.61,AUD
763427,2024-03-05T08:54:46,2024-03-05,599,42,Online,Credit Card,COUPONZ0-Z,0.98,AUD
763444,2024-03-05T08:35:21,2024-03-05,417,7,Retail,PayPal,COUPON-9Z-,18.86,AUD
763458,2024-03-05T02:51:17,2024-03-05,565,28,Retail,Afterpay,COUPON0A-Z,13.71,AUD
763612,2024-03-05T13:00:04,2024-03-05,43,34,Online,Credit Card,COUPON-A--,15.37,AUD
763627,2024-03-05T18:27:09,2024-03-05,167,7,Retail,Afterpay,COUPONZ-0-,2.93,AUD
763740,2024-03-05T00:05:54,2024-03-05,103,21,Retail,Afterpay,COUPON---A,18.72,AUD
763757,2024-03-05T01:02:12,2024-03-05,707,28,Retail,Afterpay,COUPONZZ9Z,13.42,AUD
763759,2024-03-05T00:36:24,2024-03-05,706,21,Retail,Credit Card,COUPONZ---,4.13,AUD
763915,2024-03-05T01:49:20,2024-03-05,100,17,Online,Credit Card,COUPONA-Z9,6.75,AUD
764193,2024-03-05T00:10:22,2024-03-05,589,49,Retail,PayPal,COUPONA009,1.56,AUD
764248,2024-03-05T11:19:53,2024-03-05,659,31,Online,Credit Card,COUPON-099,6.8,AUD
764332,2024-03-05T23:04:29,2024-03-05,602,37,Online,Credit Card,COUPONZ-A-,18.59,AUD
764596,2024-03-05T20:22:20,2024-03-05,640,5,Online,Afterpay,COUPON--ZA,14.44,AUD
764694,2024-03-05T10:07:01,2024-03-05,401,31,Online,Credit Card,COUPON-9A-,17.6,AUD
764753,2024-03-05T22:32:40,2024-03-05,176,16,Retail,Afterpay,COUPON-Z--,13.4,AUD
764815,2024-03-05T01:45:42,2024-03-05,2,3,Online,PayPal,COUPON9ZA0,1.57,AUD
765078,2024-03-05T07:30:17,2024-03-05,228,46,Online,Afterpay,COUPON09A0,5.14,AUD
765087,2024-03-05T13:46:31,2024-03-05,507,17,Online,Credit Card,COUPON--A0,8.46,AUD
765098,2024-03-05T16:47:42,2024-03-05,605,38,Online,Afterpay,COUPON---9,0.2,AUD
765587,2024-03-05T05:46:33,2024-03-05,153,48,Online,PayPal,COUPONZZZ-,3.62,AUD
765732,2024-03-05T13:18:00,2024-03-05,460,2,Retail,Credit Card,COUPONAZ99,6.66,AUD
765810,2024-03-05T01:25:38,2024-03-05,681,21,Online,PayPal,COUPON09A-,1.13,AUD
765952,2024-03-05T04:55:32,2024-03-05,614,9,Online,Credit Card,COUPON-Z-0,6.1,AUD
765987,2024-03-05T01:45:09,2024-03-05,689,17,Retail,PayPal,COUPON09-Z,4.24,AUD
766007,2024-03-05T04:05:57,2024-03-05,629,4,Online,Credit Card,COUPON-9Z-,0.99,AUD
766179,2024-03-05T09:50:49,2024-03-05,547,8,Retail,Credit Card,COUPON--9-,3.71,AUD
766226,2024-03-05T16:51:58,2024-03-05,393,7,Online,PayPal,COUPONA-9-,8.49,AUD
766305,2024-03-05T06:27:54,2024-03-05,10,44,Retail,Credit Card,COUPON----,16.63,AUD
766393,2024-03-05T09:34:58,2024-03-05,587,48,Online,Afterpay,COUPON-0Z-,3.92,AUD
766425,2024-03-05T15:31:58,2024-03-05,568,35,Online,Afterpay,COUPON-90-,14.25,AUD
766487,2024-03-05T13:16:59,2024-03-05,588,47,Retail,Afterpay,COUPONZ-Z-,6.89,AUD
766628,2024-03-05T04:16:37,2024-03-05,591,4,Online,Afterpay,COUPON9A--,19.32,AUD
766641,2024-03-05T17:52:15,2024-03-05,99,41,Retail,PayPal,COUPONA9Z9,18.49,AUD
766704,2024-03-05T10:09:34,2024-03-05,607,25,Online,PayPal,COUPON9A0Z,14.47,AUD
766820,2024-03-05T01:34:32,2024-03-05,260,8,Retail,Afterpay,COUPON-ZA0,5.28,AUD
766832,2024-03-05T07:20:46,2024-03-05,171,47,Retail,PayPal,COUPON9-Z9,0.63,AUD
766908,2024-03-05T01:42:00,2024-03-05,231,15,Online,PayPal,COUPONZ---,7.84,AUD
767090,2024-03-05T15:06:48,2024-03-05,148,21,Online,Credit Card,COUPONA---,3.6,AUD
767104,2024-03-05T20:57:19,2024-03-05,356,10,Retail,PayPal,COUPON9A--,2.55,AUD
767262,2024-03-05T23:15:43,2024-03-05,451,14,Online,Afterpay,COUPON-A9A,9.59,AUD
767322,2024-03-05T20:45:42,2024-03-05,84,19,Online,Credit Card,COUPONAZZ-,16.5,AUD
767372,2024-03-05T02:21:06,2024-03-05,43,42,Online,Credit Card,COUPON---9,17.76,AUD
767428,2024-03-05T19:03:33,2024-03-05,592,23,Retail,Credit Card,COUPON0-0-,15.08,AUD
767435,2024-03-05T04:28:13,2024-03-05,642,26,Online,Credit Card,COUPON900-,11.28,AUD
767555,2024-03-05T10:12:10,2024-03-05,574,47,Online,Afterpay,COUPON90A0,3.04,AUD
767658,2024-03-05T02:09:28,2024-03-05,348,37,Retail,Afterpay,COUPON0AZ-,3.56,AUD
767664,2024-03-05T15:53:50,2024-03-05,280,5,Online,Credit Card,COUPONZ-09,9.57,AUD
767690,2024-03-05T18:26:06,2024-03-05,446,48,Online,Credit Card,COUPONAZZ-,13.97,AUD
767829,2024-03-05T07:13:54,2024-03-05,570,40,Online,PayPal,COUPONZZ00,5.39,AUD
767914,2024-03-05T19:02:34,2024-03-05,714,32,Retail,Credit Card,COUPON-Z09,7.71,AUD
768113,2024-03-05T11:10:23,2024-03-05,355,1,Online,Credit Card,COUPONZ-00,3.69,AUD
768146,2024-03-05T17:56:18,2024-03-05,27,5,Retail,PayPal,COUPON0-AZ,7.23,AUD
768285,2024-03-05T08:00:47,2024-03-05,52,41,Online,Afterpay,COUPON00A-,16.95,AUD
768408,2024-03-05T12:01:02,2024-03-05,270,8,Online,Afterpay,COUPON-Z0-,7.54,AUD
768474,2024-03-05T08:17:51,2024-03-05,372,46,Online,Credit Card,COUPON9-AA,6.1,AUD
768477,2024-03-05T21:23:19,2024-03-05,787,19,Online,Credit Card,COUPON--9A,3.55,AUD
768592,2024-03-05T07:49:35,2024-03-05,156,37,Retail,Credit Card,COUPON-A09,17.21,AUD
768630,2024-03-05T07:47:46,2024-03-05,586,15,Retail,Credit Card,COUPONZAZ-,6.24,AUD
768641,2024-03-05T11:31:44,2024-03-05,41,11,Online,PayPal,COUPONZ0-9,9.29,AUD
768654,2024-03-05T18:48:50,2024-03-05,585,8,Online,PayPal,COUPONA909,17.78,AUD
768677,2024-03-05T23:38:10,2024-03-05,576,29,Online,Afterpay,COUPON-0A-,9.77,AUD
768919,2024-03-05T16:59:48,2024-03-05,529,19,Online,Afterpay,COUPON-A9-,0.66,AUD
769210,2024-03-05T02:55:39,2024-03-05,359,24,Retail,PayPal,COUPONA0--,16.19,AUD
769226,2024-03-05T15:55:31,2024-03-05,315,13,Retail,PayPal,COUPON0A9-,4.47,AUD
769306,2024-03-05T03:06:11,2024-03-05,31,49,Online,PayPal,COUPONAZA-,11.34,AUD
769359,2024-03-05T15:32:48,2024-03-05,178,3,Retail,Credit Card,COUPON0-Z-,13.68,AUD
769372,2024-03-05T03:47:50,2024-03-05,765,17,Online,PayPal,COUPONZZ--,3.56,AUD
769650,2024-03-05T13:52:26,2024-03-05,427,37,Retail,Afterpay,COUPONA-AZ,12.58,AUD
769734,2024-03-05T03:23:22,2024-03-05,248,14,Retail,PayPal,COUPON0990,0.72,AUD
769829,2024-03-05T01:44:33,2024-03-05,332,4,Retail,Credit Card,COUPONAA9-,16.23,AUD
769960,2024-03-05T03:39:53,2024-03-05,149,19,Retail,PayPal,COUPONZ-09,13.49,AUD
769998,2024-03-05T12:58:45,2024-03-05,91,12,Online,Afterpay,COUPON-A--,5.33,AUD
770092,2024-03-05T10:00:44,2024-03-05,675,18,Online,Afterpay,COUPONA9-9,6.88,AUD
770129,2024-03-05T16:13:57,2024-03-05,97,46,Retail,Afterpay,COUPONZ--Z,2.61,AUD
770185,2024-03-05T22:35:03,2024-03-05,89,46,Retail,Afterpay,COUPON90--,13.47,AUD
770289,2024-03-05T10:33:56,2024-03-05,743,3,Online,Afterpay,COUPON9A--,13.9,AUD
770534,2024-03-05T01:15:53,2024-03-05,383,41,Retail,Credit Card,COUPON90-0,8.02,AUD
770546,2024-03-05T01:53:01,2024-03-05,760,17,Retail,Afterpay,COUPONA-9Z,18.97,AUD
770651,2024-03-05T00:59:11,2024-03-05,620,47,Online,Credit Card,COUPONZ09Z,6.27,AUD
770799,2024-03-05T09:23:18,2024-03-05,547,31,Retail,Afterpay,COUPONZZ9Z,17.69,AUD
770835,2024-03-05T06:39:09,2024-03-05,200,7,Online,Afterpay,COUPON90-0,10.11,AUD
770922,2024-03-05T13:36:11,2024-03-05,5,4,Retail,Credit Card,COUPONZ-ZZ,11.24,AUD
770923,2024-03-05T05:52:45,2024-03-05,731,32,Online,Credit Card,COUPON9-9A,7.45,AUD
770972,2024-03-05T00:38:46,2024-03-05,496,1,Retail,Credit Card,COUPON9-0Z,5.05,AUD
771163,2024-03-05T08:10:45,2024-03-05,275,30,Retail,Afterpay,COUPONZZ9Z,16.48,AUD
771175,2024-03-05T14:41:40,2024-03-05,710,38,Online,PayPal,COUPON0A00,19.06,AUD
771197,2024-03-05T17:24:33,2024-03-05,777,3,Online,Afterpay,COUPONA-AA,0.99,AUD
771351,2024-03-05T17:13:36,2024-03-05,680,8,Retail,Afterpay,COUPON90A-,18.46,AUD
771384,2024-03-05T13:55:51,2024-03-05,423,31,Online,Afterpay,COUPON0--A,14.97,AUD
771441,2024-03-05T00:30:29,2024-03-05,137,16,Online,Credit Card,COUPON-9-9,16.57,AUD
771559,2024-03-05T22:19:06,2024-03-05,161,47,Online,Afterpay,COUPONZ0Z-,16.95,AUD
771826,2024-03-05T14:36:57,2024-03-05,32,2,Online,PayPal,COUPONA-0-,4.26,AUD
771968,2024-03-05T02:59:52,2024-03-05,674,13,Retail,Credit Card,COUPON-Z-A,0.26,AUD
771987,2024-03-05T20:46:06,2024-03-05,779,30,Retail,Credit Card,COUPONZ0ZZ,6.63,AUD
771990,2024-03-05T08:19:06,2024-03-05,344,47,Online,Credit Card,COUPONZ--Z,4.47,AUD
772008,2024-03-05T01:34:34,2024-03-05,82,39,Retail,PayPal,COUPON00A9,4.56,AUD
772081,2024-03-05T05:59:58,2024-03-05,671,50,Retail,PayPal,COUPON-099,11.47,AUD
772193,2024-03-05T22:13:35,2024-03-05,448,7,Online,PayPal,COUPONA9A-,13.63,AUD
772202,2024-03-05T21:48:54,2024-03-05,591,36,Online,Credit Card,COUPONA00-,2.75,AUD
772350,2024-03-05T21:11:02,2024-03-05,747,44,Retail,PayPal,COUPON90AZ,19.48,AUD
772616,2024-03-05T02:56:02,2024-03-05,256,5,Online,Credit Card,COUPONZ---,9.01,AUD
772674,2024-03-05T21:45:12,2024-03-05,275,24,Retail,Afterpay,COUPON9-A-,8.23,AUD
772790,2024-03-05T22:40:45,2024-03-05,576,28,Online,Credit Card,COUPON-90-,15.15,AUD
772836,2024-03-05T10:19:24,2024-03-05,797,29,Retail,Afterpay,COUPONZ-Z9,17.47,AUD
772847,2024-03-05T00:56:52,2024-03-05,174,9,Online,Afterpay,COUPON---0,9.99,AUD
772875,2024-03-05T23:30:19,2024-03-05,412,5,Online,PayPal,COUPON--A-,4.55,AUD
772996,2024-03-05T07:26:31,2024-03-05,4,23,Online,Credit Card,COUPON-Z-Z,6.29,AUD
773067,2024-03-05T03:24:56,2024-03-05,679,16,Online,Credit Card,COUPONZ--9,7.32,AUD
773074,2024-03-05T22:33:30,2024-03-05,324,42,Online,PayPal,COUPONAZ0-,14.51,AUD
773083,2024-03-05T02:47:53,2024-03-05,103,34,Online,PayPal,COUPON0-A-,10.41,AUD
773244,2024-03-05T21:24:44,2024-03-05,279,17,Retail,Credit Card,COUPON-9-9,4.6,AUD
773399,2024-03-05T16:29:27,2024-03-05,502,27,Retail,Credit Card,COUPON--9A,12.82,AUD
773467,2024-03-05T09:04:32,2024-03-05,231,11,Online,Afterpay,COUPON0-Z-,10.86,AUD
773496,2024-03-05T11:52:58,2024-03-05,482,26,Online,Credit Card,COUPONAA-A,6.71,AUD
773536,2024-03-05T13:22:53,2024-03-05,643,12,Online,Afterpay,COUPON099A,16.03,AUD
773670,2024-03-05T02:51:20,2024-03-05,512,38,Online,PayPal,COUPON0A0A,9.36,AUD
773728,2024-03-05T12:50:27,2024-03-05,717,42,Retail,Credit Card,COUPON-9--,14.89,AUD
773744,2024-03-05T23:29:31,2024-03-05,394,25,Online,Afterpay,COUPON-ZZA,11.41,AUD
773880,2024-03-05T23:01:56,2024-03-05,48,5,Online,PayPal,COUPONAZ-A,6.11,AUD
773931,2024-03-05T13:30:58,2024-03-05,562,29,Retail,Credit Card,COUPONZ--Z,5.73,AUD
774075,2024-03-05T09:42:00,2024-03-05,741,12,Online,PayPal,COUPON99Z-,3.83,AUD
774102,2024-03-05T18:12:31,2024-03-05,401,29,Online,Credit Card,COUPONZ0A-,8.57,AUD
774129,2024-03-05T23:56:14,2024-03-05,421,50,Retail,Credit Card,COUPON0-A0,10.44,AUD
774290,2024-03-05T06:20:07,2024-03-05,8,30,Retail,PayPal,COUPONAA-A,4.12,AUD
774345,2024-03-05T23:41:23,2024-03-05,736,24,Online,PayPal,COUPON99AA,11.39,AUD
774457,2024-03-05T15:18:30,2024-03-05,179,48,Online,Credit Card,COUPON9AZ0,3.78,AUD
774571,2024-03-05T21:26:31,2024-03-05,248,15,Retail,PayPal,COUPON-9Z9,1.79,AUD
774851,2024-03-05T13:36:50,2024-03-05,512,6,Retail,Afterpay,COUPONA90-,7.16,AUD
775077,2024-03-05T21:23:44,2024-03-05,754,3,Online,Credit Card,COUPON0-ZZ,11.88,AUD
775111,2024-03-05T23:11:59,2024-03-05,665,24,Retail,Credit Card,COUPON-0-A,16.11,AUD
775117,2024-03-05T20:26:16,2024-03-05,313,36,Online,PayPal,COUPONZ-ZA,13.02,AUD
775146,2024-03-05T11:21:11,2024-03-05,590,23,Retail,Credit Card,COUPONZ-Z-,7.59,AUD
775201,2024-03-05T07:29:20,2024-03-05,33,20,Retail,Afterpay,COUPON--A9,14.99,AUD
775239,2024-03-05T17:57:29,2024-03-05,40,32,Online,Credit Card,COUPONA9AA,7.84,AUD
775284,2024-03-05T20:21:24,2024-03-05,173,31,Online,Credit Card,COUPON--9Z,7.32,AUD
775337,2024-03-05T21:10:50,2024-03-05,575,47,Retail,Credit Card,COUPONZ-0A,1.8,AUD
775561,2024-03-05T13:08:36,2024-03-05,542,34,Online,PayPal,COUPON-0-9,2.51,AUD
775590,2024-03-05T05:24:11,2024-03-05,39,17,Online,Credit Card,COUPON90Z9,15.76,AUD
775609,2024-03-05T22:54:25,2024-03-05,36,6,Online,Afterpay,COUPON--9-,5.94,AUD
775818,2024-03-05T11:17:10,2024-03-05,733,42,Retail,Credit Card,COUPONZ--0,1.48,AUD
775881,2024-03-05T10:12:14,2024-03-05,315,42,Online,PayPal,COUPON9ZA-,18.24,AUD
775920,2024-03-05T09:42:38,2024-03-05,67,12,Online,Afterpay,COUPON0-Z9,17.61,AUD
776105,2024-03-05T23:33:33,2024-03-05,39,28,Online,Afterpay,COUPON9-A9,3.58,AUD
776170,2024-03-05T03:55:58,2024-03-05,9,49,Retail,PayPal,COUPONZ-A0,4.22,AUD
776294,2024-03-05T03:49:55,2024-03-05,535,24,Online,PayPal,COUPON9A-Z,17.35,AUD
776393,2024-03-05T15:10:24,2024-03-05,672,22,Retail,PayPal,COUPONA-Z-,14.77,AUD
776419,2024-03-05T04:01:49,2024-03-05,424,2,Retail,PayPal,COUPON90AZ,14.21,AUD
776439,2024-03-05T22:56:16,2024-03-05,520,6,Retail,PayPal,COUPON-Z-0,4.24,AUD
776532,2024-03-05T17:20:35,2024-03-05,190,29,Online,PayPal,COUPON-0AA,19.59,AUD
776600,2024-03-05T07:02:43,2024-03-05,396,25,Online,Credit Card,COUPON-Z0A,12.01,AUD
776724,2024-03-05T15:53:47,2024-03-05,433,11,Online,PayPal,COUPON99Z0,11.48,AUD
776753,2024-03-05T07:53:23,2024-03-05,30,40,Online,PayPal,COUPON0--0,16.63,AUD
776764,2024-03-05T02:12:46,2024-03-05,21,47,Retail,PayPal,COUPONA---,19.4,AUD
776817,2024-03-05T13:30:36,2024-03-05,600,36,Retail,PayPal,COUPONA9-9,14.3,AUD
776945,2024-03-05T03:54:02,2024-03-05,209,26,Retail,PayPal,COUPON--Z-,9.41,AUD
777198,2024-03-05T04:35:17,2024-03-05,505,37,Online,Credit Card,COUPONA---,9.64,AUD
777214,2024-03-05T09:55:51,2024-03-05,352,33,Online,Afterpay,COUPONZZZ-,15.98,AUD
777221,2024-03-05T04:33:20,2024-03-05,81,1,Retail,Credit Card,COUPON--A0,13.12,AUD
777479,2024-03-05T11:41:00,2024-03-05,679,18,Online,Credit Card,COUPON0Z-9,10.96,AUD
777561,2024-03-05T12:12:24,2024-03-05,684,28,Online,PayPal,COUPONA--Z,19.37,AUD
777728,2024-03-05T02:43:10,2024-03-05,341,42,Retail,Afterpay,COUPON-0-0,0.35,AUD
777748,2024-03-05T04:47:39,2024-03-05,469,26,Online,Credit Card,COUPON9Z--,13.68,AUD
777806,2024-03-05T05:16:24,2024-03-05,375,11,Online,Credit Card,COUPON--0-,3.7,AUD
777918,2024-03-05T04:23:33,2024-03-05,125,21,Retail,Afterpay,COUPONA9AA,18.01,AUD
777927,2024-03-05T14:36:15,2024-03-05,88,40,Online,Afterpay,COUPON9Z--,7.73,AUD
778076,2024-03-05T20:50:22,2024-03-05,501,28,Online,PayPal,COUPON-ZZ9,7.62,AUD
778086,2024-03-05T01:33:16,2024-03-05,418,6,Online,Afterpay,COUPONZ99-,7.13,AUD
778131,2024-03-05T01:29:54,2024-03-05,75,14,Online,Afterpay,COUPON-0-9,2.5,AUD
778132,2024-03-05T02:04:24,2024-03-05,169,27,Retail,Credit Card,COUPONZ--Z,4.56,AUD
778166,2024-03-05T01:36:45,2024-03-05,773,31,Online,Credit Card,COUPONA9--,3.96,AUD
778251,2024-03-05T11:56:56,2024-03-05,752,11,Online,Afterpay,COUPON0ZAA,5.23,AUD
778256,2024-03-05T12:21:02,2024-03-05,574,4,Retail,Afterpay,COUPON-99A,19.41,AUD
778262,2024-03-05T04:08:48,2024-03-05,505,20,Online,PayPal,COUPON00ZA,11.19,AUD
778268,2024-03-05T08:47:47,2024-03-05,178,44,Retail,Credit Card,COUPONZ---,3.82,AUD
778293,2024-03-05T11:07:11,2024-03-05,592,49,Retail,PayPal,COUPONZ--0,10.76,AUD
778444,2024-03-05T09:17:47,2024-03-05,542,23,Retail,Afterpay,COUPON-0--,11.97,AUD
778695,2024-03-05T02:32:29,2024-03-05,418,33,Online,Afterpay,COUPONZ-AA,18.02,AUD
778928,2024-03-05T05:04:23,2024-03-05,535,30,Retail,Credit Card,COUPONA0Z9,19.76,AUD
778962,2024-03-05T19:01:38,2024-03-05,681,19,Retail,PayPal,COUPONAZ0-,3.69,AUD
779003,2024-03-05T18:04:27,2024-03-05,379,37,Online,PayPal,COUPONZ--9,11.04,AUD
779025,2024-03-05T01:32:16,2024-03-05,275,1,Retail,PayPal,COUPON00--,10.67,AUD
779074,2024-03-05T11:51:29,2024-03-05,395,37,Online,Credit Card,COUPONAZ9-,8.26,AUD
779218,2024-03-05T07:07:26,2024-03-05,367,19,Retail,PayPal,COUPONZ-A0,15.17,AUD
779361,2024-03-05T08:09:08,2024-03-05,350,6,Online,Afterpay,COUPON-09A,13.54,AUD
779471,2024-03-05T21:43:18,2024-03-05,138,33,Online,PayPal,COUPON9AZZ,15.89,AUD
779542,2024-03-05T23:43:37,2024-03-05,562,10,Online,PayPal,COUPON0-9-,12.24,AUD
779558,2024-03-05T06:35:01,2024-03-05,472,47,Online,Credit Card,COUPON9--9,12.7,AUD
779623,2024-03-05T06:05:31,2024-03-05,364,12,Online,Afterpay,COUPON0ZA-,15.76,AUD
779809,2024-03-05T13:22:47,2024-03-05,598,48,Retail,Credit Card,COUPONZAZ9,2.43,AUD
779827,2024-03-05T20:26:58,2024-03-05,447,31,Retail,Afterpay,COUPONZ9Z-,17.31,AUD
779842,2024-03-05T13:15:36,2024-03-05,260,40,Online,Credit Card,COUPON--A9,6.73,AUD
779927,2024-03-05T13:54:44,2024-03-05,186,47,Online,Credit Card,COUPON--A-,13.89,AUD
779964,2024-03-05T20:36:44,2024-03-05,612,49,Online,Afterpay,COUPON0AZ0,4.0,AUD
780012,2024-03-05T04:39:38,2024-03-05,478,32,Retail,PayPal,COUPON9A00,3.82,AUD
780062,2024-03-05T22:23:41,2024-03-05,277,3,Retail,Credit Card,COUPON999A,0.86,AUD
780109,2024-03-05T07:14:46,2024-03-05,259,19,Retail,Afterpay,COUPONA0--,11.11,AUD
780360,2024-03-05T16:38:33,2024-03-05,597,20,Online,Afterpay,COUPON---A,0.11,AUD
780392,2024-03-05T12:57:32,2024-03-05,37,17,Online,Afterpay,COUPONZA0-,1.92,AUD
780447,2024-03-05T15:26:49,2024-03-05,495,43,Online,Afterpay,COUPON-AA0,1.76,AUD
780467,2024-03-05T23:39:21,2024-03-05,316,49,Retail,Credit Card,COUPON00-A,2.29,AUD
780638,2024-03-05T02:50:23,2024-03-05,246,5,Online,Credit Card,COUPON0A0-,10.28,AUD
780746,2024-03-05T11:54:03,2024-03-05,119,30,Retail,Afterpay,COUPON-ZZ-,2.36,AUD
780777,2024-03-05T18:14:53,2024-03-05,721,13,Retail,Credit Card,COUPON--09,1.43,AUD
780780,2024-03-05T07:03:22,2024-03-05,302,18,Online,PayPal,COUPONZ9Z-,19.04,AUD
780813,2024-03-05T20:11:23,2024-03-05,588,15,Retail,PayPal,COUPON-9A-,2.52,AUD
780868,2024-03-05T20:40:22,2024-03-05,475,13,Retail,Afterpay,COUPONZ-0A,7.65,AUD
780874,2024-03-05T16:46:41,2024-03-05,98,48,Online,Afterpay,COUPON9-A0,13.25,AUD
781214,2024-03-05T12:31:48,2024-03-05,403,50,Online,Afterpay,COUPON-ZA-,4.92,AUD
781560,2024-03-05T08:09:34,2024-03-05,541,30,Retail,Afterpay,COUPON-Z-A,9.96,AUD
781650,2024-03-05T02:20:32,2024-03-05,777,16,Online,Afterpay,COUPON9-0-,13.97,AUD
781764,2024-03-05T23:58:27,2024-03-05,276,31,Online,Afterpay,COUPON90-0,18.77,AUD
781789,2024-03-05T06:22:42,2024-03-05,712,36,Retail,Afterpay,COUPONA-99,3.28,AUD
781827,2024-03-05T02:59:34,2024-03-05,325,44,Online,Credit Card,COUPON0-AA,11.08,AUD
781865,2024-03-05T22:07:55,2024-03-05,284,23,Online,PayPal,COUPONZ--0,2.97,AUD
781987,2024-03-05T01:01:12,2024-03-05,42,38,Online,PayPal,COUPON0A--,4.42,AUD
782035,2024-03-05T17:49:38,2024-03-05,102,38,Online,PayPal,COUPON0---,11.99,AUD
782040,2024-03-05T10:03:28,2024-03-05,388,43,Retail,Afterpay,COUPONZA0Z,10.61,AUD
782083,2024-03-05T10:00:43,2024-03-05,540,46,Retail,PayPal,COUPON0A--,7.31,AUD
782088,2024-03-05T02:39:42,2024-03-05,233,22,Online,PayPal,COUPON99Z-,6.92,AUD
782170,2024-03-05T05:32:05,2024-03-05,219,30,Online,Afterpay,COUPON-0-0,13.76,AUD
782221,2024-03-05T19:21:44,2024-03-05,484,48,Online,Afterpay,COUPON9A90,11.13,AUD
782269,2024-03-05T19:11:18,2024-03-05,62,35,Online,Afterpay,COUPONA09-,10.89,AUD
782347,2024-03-05T04:51:31,2024-03-05,622,47,Online,PayPal,COUPON0---,9.87,AUD
782449,2024-03-05T23:25:09,2024-03-05,80,43,Retail,PayPal,COUPON-ZAZ,8.34,AUD
782556,2024-03-05T22:21:35,2024-03-05,13,50,Retail,PayPal,COUPON-Z-0,1.75,AUD
782606,2024-03-05T13:57:31,2024-03-05,144,7,Online,PayPal,COUPON-AZ0,10.24,AUD
782660,2024-03-05T13:57:01,2024-03-05,348,32,Online,Credit Card,COUPON0---,2.08,AUD
782741,2024-03-05T01:52:41,2024-03-05,263,45,Online,PayPal,COUPONZAAA,14.52,AUD
782796,2024-03-05T04:51:06,2024-03-05,301,20,Retail,Afterpay,COUPON9-90,18.38,AUD
782981,2024-03-05T09:32:00,2024-03-05,83,43,Online,PayPal,COUPON9Z-0,8.65,AUD
783010,2024-03-05T22:04:49,2024-03-05,516,7,Retail,Afterpay,COUPONZ-ZZ,3.65,AUD
783184,2024-03-05T05:46:31,2024-03-05,561,16,Retail,PayPal,COUPONAA0-,19.68,AUD
783219,2024-03-05T13:50:25,2024-03-05,280,27,Retail,PayPal,COUPON--ZA,15.24,AUD
783268,2024-03-05T02:04:14,2024-03-05,614,13,Online,Afterpay,COUPON0AA-,17.48,AUD
783530,2024-03-05T02:41:57,2024-03-05,783,43,Online,Afterpay,COUPONZA9-,17.28,AUD
783574,2024-03-05T06:36:47,2024-03-05,345,41,Online,PayPal,COUPON9-ZA,18.64,AUD
783617,2024-03-05T00:39:31,2024-03-05,1,11,Online,Credit Card,COUPON-9Z0,8.58,AUD
783634,2024-03-05T22:57:18,2024-03-05,443,45,Online,Afterpay,COUPONAZ--,3.96,AUD
783715,2024-03-05T18:18:47,2024-03-05,602,42,Online,Credit Card,COUPONZ990,12.57,AUD
783820,2024-03-05T17:18:04,2024-03-05,423,3,Retail,PayPal,COUPONZ-9A,11.24,AUD
783949,2024-03-05T09:45:14,2024-03-05,410,29,Retail,Afterpay,COUPON9-0-,16.12,AUD
784035,2024-03-05T20:09:29,2024-03-05,730,48,Retail,Credit Card,COUPON-0ZA,0.42,AUD
784139,2024-03-05T04:01:16,2024-03-05,573,44,Retail,Afterpay,COUPON--00,6.51,AUD
784148,2024-03-05T02:27:36,2024-03-05,124,22,Retail,Afterpay,COUPON9--A,16.75,AUD
784226,2024-03-05T10:00:05,2024-03-05,90,29,Retail,Credit Card,COUPONZ-A-,7.94,AUD
784238,2024-03-05T09:06:46,2024-03-05,152,26,Retail,Credit Card,COUPON---0,13.69,AUD
784291,2024-03-05T03:32:07,2024-03-05,5,19,Retail,Credit Card,COUPONZ-0-,17.03,AUD
784329,2024-03-05T13:43:34,2024-03-05,229,46,Retail,Credit Card,COUPON9A-Z,19.64,AUD
784377,2024-03-05T06:19:00,2024-03-05,84,35,Online,PayPal,COUPON-9A-,10.22,AUD
784455,2024-03-05T12:48:49,2024-03-05,99,34,Online,Afterpay,COUPON-Z90,0.93,AUD
784618,2024-03-05T07:24:49,2024-03-05,386,12,Retail,PayPal,COUPON--99,4.48,AUD
784875,2024-03-05T04:28:26,2024-03-05,310,30,Retail,Credit Card,COUPON9Z-9,15.76,AUD
784958,2024-03-05T14:18:39,2024-03-05,359,31,Online,Credit Card,COUPON0Z0A,14.96,AUD
785031,2024-03-05T20:09:17,2024-03-05,525,5,Retail,PayPal,COUPON--A-,11.5,AUD
785053,2024-03-05T16:26:35,2024-03-05,607,23,Retail,Credit Card,COUPON009Z,11.54,AUD
785120,2024-03-05T20:17:39,2024-03-05,246,37,Online,Credit Card,COUPON-Z9-,1.04,AUD
785141,2024-03-05T10:18:12,2024-03-05,224,7,Retail,PayPal,COUPONZ---,1.52,AUD
785307,2024-03-05T01:29:18,2024-03-05,63,1,Retail,Credit Card,COUPONAA00,11.29,AUD
785403,2024-03-05T00:26:12,2024-03-05,353,4,Online,Credit Card,COUPON-9AZ,0.84,AUD
785656,2024-03-05T04:56:20,2024-03-05,661,7,Online,PayPal,COUPONAZ9-,0.75,AUD
785703,2024-03-05T15:33:59,2024-03-05,390,24,Online,PayPal,COUPON9-9A,13.8,AUD
785745,2024-03-05T00:33:55,2024-03-05,136,7,Online,Credit Card,COUPON-9-0,1.85,AUD
785807,2024-03-05T19:19:57,2024-03-05,714,12,Retail,PayPal,COUPON----,14.13,AUD
785855,2024-03-05T15:52:34,2024-03-05,576,17,Online,PayPal,COUPON00-0,10.04,AUD
785879,2024-03-05T03:35:16,2024-03-05,165,43,Online,PayPal,COUPON-Z-9,11.2,AUD
785936,2024-03-05T14:20:13,2024-03-05,755,6,Online,Credit Card,COUPON9---,15.26,AUD
786082,2024-03-05T02:59:18,2024-03-05,590,21,Online,Credit Card,COUPON9AZ-,17.76,AUD
786171,2024-03-05T09:26:05,2024-03-05,268,28,Retail,PayPal,COUPON99AA,10.37,AUD
786199,2024-03-05T09:05:18,2024-03-05,461,14,Online,Afterpay,COUPON-A-0,9.06,AUD
786365,2024-03-05T16:46:17,2024-03-05,272,26,Retail,Credit Card,COUPON-A0Z,18.75,AUD
786577,2024-03-05T12:42:56,2024-03-05,560,10,Online,Afterpay,COUPON9909,18.5,AUD
786600,2024-03-05T11:32:59,2024-03-05,636,17,Retail,Afterpay,COUPON0AZ0,9.4,AUD
786718,2024-03-05T20:23:05,2024-03-05,683,40,Online,PayPal,COUPON0-AA,7.0,AUD
786753,2024-03-05T10:09:23,2024-03-05,391,27,Retail,PayPal,COUPONA09A,0.01,AUD
786797,2024-03-05T12:53:32,2024-03-05,291,7,Online,PayPal,COUPON-990,10.61,AUD
786943,2024-03-05T11:29:03,2024-03-05,662,44,Retail,PayPal,COUPONZAZ0,2.45,AUD
787051,2024-03-05T21:00:36,2024-03-05,16,48,Retail,PayPal,COUPON-Z-0,19.4,AUD
787073,2024-03-05T14:15:06,2024-03-05,443,30,Retail,Credit Card,COUPON0A90,17.8,AUD
787175,2024-03-05T08:20:49,2024-03-05,359,45,Online,Credit Card,COUPONAZ9-,7.55,AUD
787210,2024-03-05T16:33:51,2024-03-05,315,11,Retail,Afterpay,COUPON9ZA-,3.55,AUD
787214,2024-03-05T15:53:28,2024-03-05,444,42,Retail,PayPal,COUPON0Z-Z,6.94,AUD
787225,2024-03-05T16:44:27,2024-03-05,226,48,Online,PayPal,COUPONZA-9,18.46,AUD
787249,2024-03-05T07:02:57,2024-03-05,161,28,Retail,Credit Card,COUPON-99Z,11.39,AUD
787381,2024-03-05T15:35:13,2024-03-05,464,11,Online,Afterpay,COUPON-09Z,6.67,AUD
787417,2024-03-05T13:51:08,2024-03-05,528,40,Online,Credit Card,COUPON--AZ,1.54,AUD
787510,2024-03-05T01:55:06,2024-03-05,100,41,Retail,Credit Card,COUPON-A9A,18.05,AUD
787716,2024-03-05T13:16:02,2024-03-05,599,38,Online,Credit Card,COUPON--0Z,15.13,AUD
787809,2024-03-05T09:43:14,2024-03-05,685,21,Retail,PayPal,COUPON-ZAA,3.63,AUD
787895,2024-03-05T06:13:31,2024-03-05,267,6,Online,PayPal,COUPON0-A-,17.12,AUD
787915,2024-03-05T18:37:05,2024-03-05,61,17,Retail,Afterpay,COUPON--9-,8.66,AUD
787950,2024-03-05T13:41:22,2024-03-05,745,50,Online,PayPal,COUPON---9,0.49,AUD
788098,2024-03-05T06:50:50,2024-03-05,396,38,Online,Credit Card,COUPON09--,18.12,AUD
788226,2024-03-05T14:45:45,2024-03-05,225,1,Online,Afterpay,COUPON-Z--,8.6,AUD
788230,2024-03-05T14:19:28,2024-03-05,605,7,Online,PayPal,COUPON9-AZ,3.9,AUD
788346,2024-03-05T10:04:59,2024-03-05,195,14,Retail,PayPal,COUPON-AA9,17.37,AUD
788369,2024-03-05T19:13:50,2024-03-05,547,29,Retail,Credit Card,COUPONA--9,17.06,AUD
788376,2024-03-05T05:41:16,2024-03-05,632,8,Retail,PayPal,COUPONZ9Z0,11.61,AUD
788398,2024-03-05T18:42:06,2024-03-05,145,19,Retail,Credit Card,COUPON9Z0-,9.82,AUD
788649,2024-03-05T16:44:27,2024-03-05,139,13,Online,Afterpay,COUPON-0ZZ,6.84,AUD
788704,2024-03-05T06:03:14,2024-03-05,764,37,Online,Afterpay,COUPON-009,12.15,AUD
788860,2024-03-05T01:37:17,2024-03-05,742,2,Online,Afterpay,COUPON9--9,9.94,AUD
788897,2024-03-05T10:06:22,2024-03-05,469,46,Retail,PayPal,COUPONZ-Z0,4.58,AUD
789095,2024-03-05T21:53:08,2024-03-05,663,20,Retail,PayPal,COUPON-A-Z,11.03,AUD
789131,2024-03-05T04:47:18,2024-03-05,16,23,Retail,Afterpay,COUPONZ-99,1.13,AUD
789155,2024-03-05T22:12:49,2024-03-05,451,18,Retail,Afterpay,COUPONZ-AZ,16.3,AUD
789401,2024-03-05T04:46:09,2024-03-05,584,18,Retail,Afterpay,COUPON009-,14.2,AUD
789431,2024-03-05T13:32:20,2024-03-05,778,19,Retail,PayPal,COUPONA---,5.55,AUD
789446,2024-03-05T00:36:39,2024-03-05,631,16,Retail,Afterpay,COUPON9ZA9,8.72,AUD
789489,2024-03-05T00:57:16,2024-03-05,144,32,Online,Credit Card,COUPONA-ZZ,0.41,AUD
789496,2024-03-05T18:07:24,2024-03-05,83,4,Online,Credit Card,COUPON-AZ-,18.57,AUD
789539,2024-03-05T08:35:50,2024-03-05,415,27,Online,Credit Card,COUPON-9A-,1.3,AUD
789579,2024-03-05T20:27:49,2024-03-05,503,37,Retail,Afterpay,COUPON00-Z,5.05,AUD
789633,2024-03-05T12:44:56,2024-03-05,634,31,Retail,PayPal,COUPONA00Z,15.23,AUD
789726,2024-03-05T03:36:33,2024-03-05,245,29,Online,PayPal,COUPONAAZZ,5.67,AUD
789763,2024-03-05T22:08:45,2024-03-05,706,18,Online,PayPal,COUPON-0ZA,10.41,AUD
789878,2024-03-05T17:51:10,2024-03-05,274,15,Retail,Afterpay,COUPON-Z--,7.09,AUD
789989,2024-03-05T11:07:53,2024-03-05,753,33,Retail,PayPal,COUPONZ90-,10.31,AUD
789999,2024-03-05T02:14:50,2024-03-05,424,42,Online,Afterpay,COUPONA090,5.14,AUD
790088,2024-03-05T04:33:56,2024-03-05,340,14,Online,PayPal,COUPONA--A,0.92,AUD
790164,2024-03-05T20:12:14,2024-03-05,222,7,Retail,PayPal,COUPONA-A0,0.48,AUD
790171,2024-03-05T21:34:42,2024-03-05,749,49,Online,PayPal,COUPON909Z,13.98,AUD
790461,2024-03-05T06:18:21,2024-03-05,362,5,Online,Afterpay,COUPONZZ9Z,15.72,AUD
790538,2024-03-05T10:41:11,2024-03-05,775,5,Online,Afterpay,COUPON009Z,2.26,AUD
790626,2024-03-05T02:25:34,2024-03-05,358,28,Online,Credit Card,COUPONAZ90,3.55,AUD
790730,2024-03-05T04:24:57,2024-03-05,105,6,Online,PayPal,COUPON99ZZ,4.74,AUD
790766,2024-03-05T00:49:51,2024-03-05,147,23,Online,Afterpay,COUPON--99,10.49,AUD
790861,2024-03-05T02:42:06,2024-03-05,124,49,Online,PayPal,COUPONAZ-9,3.52,AUD
790991,2024-03-05T07:25:27,2024-03-05,429,38,Online,Afterpay,COUPON--9Z,5.92,AUD
791029,2024-03-05T03:37:39,2024-03-05,582,25,Retail,PayPal,COUPON-A0-,8.18,AUD
791088,2024-03-05T14:44:49,2024-03-05,791,2,Online,Credit Card,COUPON990Z,4.65,AUD
791314,2024-03-05T21:05:14,2024-03-05,82,29,Online,PayPal,COUPON-0--,5.5,AUD
791382,2024-03-05T14:01:07,2024-03-05,177,31,Retail,Afterpay,COUPON----,19.69,AUD
791561,2024-03-05T01:18:28,2024-03-05,126,39,Retail,PayPal,COUPONAAZ0,13.71,AUD
791837,2024-03-05T20:15:15,2024-03-05,358,25,Online,Credit Card,COUPON09A-,19.54,AUD
791879,2024-03-05T04:45:09,2024-03-05,633,29,Online,PayPal,COUPON-9ZZ,12.53,AUD
792004,2024-03-05T01:13:29,2024-03-05,249,31,Online,PayPal,COUPONZ09Z,6.9,AUD
792025,2024-03-05T20:27:03,2024-03-05,597,29,Online,Credit Card,COUPON9AA0,3.51,AUD
792128,2024-03-05T06:29:02,2024-03-05,274,36,Retail,Credit Card,COUPON-090,9.8,AUD
792247,2024-03-05T12:40:09,2024-03-05,285,26,Retail,Afterpay,COUPON90-9,19.92,AUD
792251,2024-03-05T22:56:34,2024-03-05,433,18,Online,Credit Card,COUPONZ-A9,15.3,AUD
792314,2024-03-05T08:31:48,2024-03-05,404,3,Online,Credit Card,COUPON-09-,19.05,AUD
792475,2024-03-05T10:38:20,2024-03-05,189,29,Retail,Credit Card,COUPON-A--,4.76,AUD
792476,2024-03-05T02:29:27,2024-03-05,709,1,Retail,PayPal,COUPON0--9,6.75,AUD
792579,2024-03-05T13:40:42,2024-03-05,312,24,Retail,PayPal,COUPON--0A,14.57,AUD
792580,2024-03-05T18:38:32,2024-03-05,2,46,Online,Afterpay,COUPON-9-9,9.14,AUD
792701,2024-03-05T05:41:08,2024-03-05,130,8,Retail,Afterpay,COUPONA00A,18.81,AUD
792722,2024-03-05T05:12:53,2024-03-05,235,48,Online,Afterpay,COUPONAZAA,14.32,AUD
792845,2024-03-05T11:43:20,2024-03-05,239,7,Retail,Credit Card,COUPON-Z-A,11.76,AUD
792932,2024-03-05T15:35:56,2024-03-05,233,6,Online,PayPal,COUPON90A9,13.84,AUD
793031,2024-03-05T04:09:28,2024-03-05,34,26,Online,Credit Card,COUPON-9-Z,5.61,AUD
793125,2024-03-05T13:46:02,2024-03-05,258,43,Online,Credit Card,COUPON0Z--,12.74,AUD
793127,2024-03-05T03:07:28,2024-03-05,722,6,Online,PayPal,COUPON9-Z-,6.74,AUD
793128,2024-03-05T17:15:11,2024-03-05,252,40,Online,Afterpay,COUPON9---,18.18,AUD
793172,2024-03-05T22:57:48,2024-03-05,307,26,Online,Afterpay,COUPON-Z0-,3.92,AUD
793176,2024-03-05T20:57:31,2024-03-05,234,17,Retail,Credit Card,COUPON9-90,9.26,AUD
793190,2024-03-05T11:48:38,2024-03-05,314,45,Retail,PayPal,COUPON090-,18.15,AUD
793288,2024-03-05T14:38:11,2024-03-05,353,40,Online,Credit Card,COUPON90ZZ,13.9,AUD
793357,2024-03-05T20:05:25,2024-03-05,67,20,Retail,Afterpay,COUPONA---,0.79,AUD
793459,2024-03-05T11:48:50,2024-03-05,447,21,Retail,PayPal,COUPONZZ-A,3.13,AUD
793477,2024-03-05T21:23:24,2024-03-05,728,45,Online,Credit Card,COUPON9--Z,2.0,AUD
793551,2024-03-05T02:38:19,2024-03-05,494,29,Retail,Credit Card,COUPON-09A,8.21,AUD
793742,2024-03-05T08:51:15,2024-03-05,640,45,Retail,Afterpay,COUPON---A,7.97,AUD
793876,2024-03-05T02:25:54,2024-03-05,755,30,Retail,PayPal,COUPONAA--,8.42,AUD
793901,2024-03-05T21:44:30,2024-03-05,798,3,Retail,Credit Card,COUPON99-A,14.28,AUD
793919,2024-03-05T15:07:06,2024-03-05,434,33,Online,Afterpay,COUPON9ZAZ,17.7,AUD
793964,2024-03-05T22:10:13,2024-03-05,215,14,Retail,PayPal,COUPON0--9,8.85,AUD
794090,2024-03-05T05:28:41,2024-03-05,314,11,Retail,Credit Card,COUPON0A-A,10.58,AUD
794164,2024-03-05T14:02:40,2024-03-05,623,34,Retail,PayPal,COUPON-90-,7.46,AUD
794216,2024-03-05T11:41:03,2024-03-05,67,44,Online,Credit Card,COUPONZZ-9,4.81,AUD
794239,2024-03-05T06:50:48,2024-03-05,493,32,Online,Afterpay,COUPON-9--,11.41,AUD
794273,2024-03-05T08:07:53,2024-03-05,53,41,Online,Afterpay,COUPONZ9--,14.35,AUD
794308,2024-03-05T03:47:23,2024-03-05,607,27,Online,Credit Card,COUPON--00,4.3,AUD
794523,2024-03-05T06:42:28,2024-03-05,86,4,Online,Credit Card,COUPON--AZ,16.04,AUD
794641,2024-03-05T02:03:27,2024-03-05,76,17,Online,Afterpay,COUPON-09-,9.03,AUD
794808,2024-03-05T21:40:40,2024-03-05,584,13,Retail,PayPal,COUPON---Z,8.99,AUD
794907,2024-03-05T16:27:26,2024-03-05,275,31,Retail,PayPal,COUPON9Z0-,10.98,AUD
794961,2024-03-05T20:17:51,2024-03-05,592,22,Retail,PayPal,COUPONZZZ-,1.53,AUD
795342,2024-03-05T05:51:14,2024-03-05,305,18,Retail,Credit Card,COUPONA-9A,5.59,AUD
795510,2024-03-05T18:27:11,2024-03-05,11,15,Retail,PayPal,COUPON--ZA,8.45,AUD
795537,2024-03-05T16:35:18,2024-03-05,576,16,Online,Afterpay,COUPON-9Z0,1.56,AUD
795584,2024-03-05T10:46:03,2024-03-05,512,13,Online,Afterpay,COUPON-9AZ,6.39,AUD
795609,2024-03-05T10:16:03,2024-03-05,479,22,Retail,PayPal,COUPON---0,2.48,AUD
795627,2024-03-05T05:44:10,2024-03-05,28,19,Retail,PayPal,COUPON00Z-,7.63,AUD
795636,2024-03-05T19:52:44,2024-03-05,601,9,Online,PayPal,COUPON0AAZ,17.31,AUD
795912,2024-03-05T15:08:13,2024-03-05,537,49,Retail,Credit Card,COUPONA-0-,0.85,AUD
795952,2024-03-05T09:36:05,2024-03-05,731,16,Online,PayPal,COUPONA-9A,16.96,AUD
795981,2024-03-05T15:12:35,2024-03-05,470,49,Retail,Afterpay,COUPONZA--,3.48,AUD
795998,2024-03-05T20:41:43,2024-03-05,123,18,Online,Afterpay,COUPON----,0.17,AUD
796046,2024-03-05T04:31:10,2024-03-05,447,9,Retail,Credit Card,COUPON9090,15.16,AUD
796051,2024-03-05T05:49:41,2024-03-05,253,34,Online,Credit Card,COUPON-00A,5.34,AUD
796060,2024-03-05T02:06:35,2024-03-05,159,39,Online,Afterpay,COUPON9Z99,17.68,AUD
796103,2024-03-05T19:51:38,2024-03-05,556,22,Online,Credit Card,COUPONA---,11.35,AUD
796105,2024-03-05T17:28:20,2024-03-05,199,2,Retail,PayPal,COUPONZ-A9,10.76,AUD
796200,2024-03-05T02:11:57,2024-03-05,288,17,Online,Credit Card,COUPONZZZ0,19.8,AUD
796546,2024-03-05T08:57:56,2024-03-05,257,2,Online,Credit Card,COUPON0090,17.18,AUD
796701,2024-03-05T00:16:59,2024-03-05,238,44,Retail,Credit Card,COUPONA00-,10.6,AUD
796890,2024-03-05T04:36:33,2024-03-05,695,31,Retail,Afterpay,COUPON0009,14.02,AUD
797099,2024-03-05T13:31:58,2024-03-05,169,24,Retail,Credit Card,COUPON--Z-,11.73,AUD
797133,2024-03-05T04:42:39,2024-03-05,762,31,Retail,Afterpay,COUPON--Z0,12.17,AUD
797155,2024-03-05T22:37:45,2024-03-05,16,26,Online,PayPal,COUPONAA9-,8.31,AUD
797234,2024-03-05T05:36:41,2024-03-05,320,12,Online,Afterpay,COUPON-Z--,3.72,AUD
797315,2024-03-05T07:38:29,2024-03-05,135,14,Online,Afterpay,COUPON-9Z-,14.22,AUD
797349,2024-03-05T02:14:02,2024-03-05,103,25,Retail,Afterpay,COUPONZAZZ,14.39,AUD
797430,2024-03-05T20:55:42,2024-03-05,75,32,Online,PayPal,COUPON99Z9,15.1,AUD
797546,2024-03-05T16:29:53,2024-03-05,764,38,Online,Afterpay,COUPONA990,2.41,AUD
797579,2024-03-05T17:10:55,2024-03-05,297,22,Retail,Credit Card,COUPON0Z0Z,10.83,AUD
797793,2024-03-05T17:42:05,2024-03-05,56,1,Retail,Credit Card,COUPONAZ9-,12.21,AUD
797925,2024-03-05T14:15:29,2024-03-05,399,42,Retail,PayPal,COUPON90-9,19.49,AUD
798139,2024-03-05T14:58:53,2024-03-05,355,30,Retail,PayPal,COUPON0Z9A,4.59,AUD
798162,2024-03-05T04:16:01,2024-03-05,530,19,Retail,PayPal,COUPON0Z--,7.87,AUD
798584,2024-03-05T09:13:50,2024-03-05,77,47,Retail,Credit Card,COUPON0Z9-,3.36,AUD
798593,2024-03-05T23:29:13,2024-03-05,576,23,Retail,Afterpay,COUPON0-99,16.58,AUD
798665,2024-03-05T23:01:07,2024-03-05,685,14,Retail,Afterpay,COUPON0---,18.38,AUD
798770,2024-03-05T09:37:37,2024-03-05,620,39,Retail,Credit Card,COUPONA--0,13.39,AUD
798785,2024-03-05T22:16:44,2024-03-05,495,28,Online,Credit Card,COUPON999-,5.95,AUD
798840,2024-03-05T11:02:13,2024-03-05,599,21,Retail,Credit Card,COUPON9-A0,6.45,AUD
798942,2024-03-05T21:01:26,2024-03-05,582,5,Retail,Credit Card,COUPONZ--9,12.96,AUD
799276,2024-03-05T05:52:50,2024-03-05,553,47,Retail,Afterpay,COUPONZA0Z,18.75,AUD
799298,2024-03-05T22:56:25,2024-03-05,158,12,Retail,Afterpay,COUPON-AZZ,4.0,AUD
799344,2024-03-05T14:10:46,2024-03-05,277,32,Online,Afterpay,COUPON0AA-,16.92,AUD
799418,2024-03-05T08:42:29,2024-03-05,586,35,Retail,Credit Card,COUPONA-99,0.6,AUD
799502,2024-03-05T18:35:40,2024-03-05,410,44,Online,Afterpay,COUPON-0ZZ,4.24,AUD
799817,2024-03-05T10:25:57,2024-03-05,491,26,Retail,Afterpay,COUPON-900,0.72,AUD
800078,2024-03-05T03:00:13,2024-03-05,433,27,Online,PayPal,COUPON---A,3.94,AUD
800094,2024-03-05T08:02:44,2024-03-05,483,24,Retail,Afterpay,COUPONZ-ZA,18.63,AUD
800125,2024-03-05T16:40:06,2024-03-05,745,38,Online,Afterpay,COUPONZA--,10.45,AUD
800130,2024-03-05T22:38:38,2024-03-05,388,10,Online,PayPal,COUPON-099,9.8,AUD
800423,2024-03-05T04:56:40,2024-03-05,620,16,Retail,PayPal,COUPON-9A0,7.51,AUD
800520,2024-03-05T08:56:21,2024-03-05,608,13,Retail,PayPal,COUPON009A,1.02,AUD
800534,2024-03-05T11:26:50,2024-03-05,86,4,Retail,PayPal,COUPON-0ZZ,9.86,AUD
800563,2024-03-05T18:39:13,2024-03-05,685,5,Retail,PayPal,COUPON-A-Z,14.66,AUD
800705,2024-03-05T11:37:54,2024-03-05,4,3,Retail,Credit Card,COUPONZZ-0,12.06,AUD
800747,2024-03-05T10:15:09,2024-03-05,606,18,Online,PayPal,COUPON-Z-Z,16.13,AUD
800779,2024-03-05T23:39:05,2024-03-05,123,34,Retail,Afterpay,COUPON909A,17.41,AUD
800876,2024-03-05T06:29:40,2024-03-05,419,47,Online,Afterpay,COUPON0Z0-,8.47,AUD
801000,2024-03-05T22:33:13,2024-03-05,709,22,Retail,PayPal,COUPON-0-9,13.14,AUD
801050,2024-03-05T10:13:09,2024-03-05,669,26,Online,Credit Card,COUPONA-ZZ,0.15,AUD
801265,2024-03-05T05:37:34,2024-03-05,406,48,Online,Afterpay,COUPONZAZ-,8.54,AUD
801389,2024-03-05T17:40:47,2024-03-05,647,26,Retail,PayPal,COUPON-9--,16.19,AUD
801454,2024-03-05T21:11:17,2024-03-05,260,49,Retail,Afterpay,COUPONA00-,5.29,AUD
801489,2024-03-05T19:01:26,2024-03-05,597,41,Retail,Credit Card,COUPON0-90,17.04,AUD
801519,2024-03-05T14:51:16,2024-03-05,483,17,Online,PayPal,COUPONA-9Z,5.51,AUD
801539,2024-03-05T19:04:34,2024-03-05,198,43,Online,PayPal,COUPON-99Z,6.88,AUD
801639,2024-03-05T11:56:59,2024-03-05,519,20,Retail,Afterpay,COUPONAZ0Z,10.91,AUD
801695,2024-03-05T02:13:13,2024-03-05,274,7,Online,PayPal,COUPON99A-,8.1,AUD
801735,2024-03-05T14:08:36,2024-03-05,524,21,Retail,PayPal,COUPON99--,12.78,AUD
801786,2024-03-05T00:54:50,2024-03-05,237,3,Online,Afterpay,COUPONZ-Z0,2.1,AUD
801808,2024-03-05T04:26:45,2024-03-05,701,13,Retail,Credit Card,COUPONA0ZA,13.66,AUD
801878,2024-03-05T13:52:15,2024-03-05,30,16,Online,Credit Card,COUPONZA9Z,11.63,AUD
801911,2024-03-05T22:54:54,2024-03-05,170,35,Retail,Afterpay,COUPON9---,12.91,AUD
801956,2024-03-05T02:05:01,2024-03-05,98,31,Retail,Afterpay,COUPONA-Z-,10.91,AUD
801979,2024-03-05T15:47:48,2024-03-05,753,4,Retail,Afterpay,COUPON-99A,16.2,AUD
802132,2024-03-05T04:24:40,2024-03-05,607,38,Retail,Credit Card,COUPONA0ZZ,4.81,AUD
802271,2024-03-05T03:58:14,2024-03-05,311,46,Online,Afterpay,COUPON9---,1.8,AUD
802309,2024-03-05T01:44:03,2024-03-05,753,31,Online,Credit Card,COUPON-00Z,0.3,AUD
802415,2024-03-05T09:47:09,2024-03-05,497,49,Online,PayPal,COUPONZ999,18.84,AUD
802786,2024-03-05T16:53:03,2024-03-05,154,8,Online,PayPal,COUPON90A-,13.15,AUD
802908,2024-03-05T17:15:53,2024-03-05,459,21,Retail,Afterpay,COUPON9Z9-,6.89,AUD
802913,2024-03-05T17:41:13,2024-03-05,436,37,Retail,PayPal,COUPON9-0-,9.27,AUD
803124,2024-03-05T23:31:06,2024-03-05,414,29,Retail,Credit Card,COUPON--AZ,12.4,AUD
803265,2024-03-05T15:20:14,2024-03-05,741,30,Online,Credit Card,COUPON000A,16.77,AUD
803304,2024-03-05T23:51:37,2024-03-05,610,26,Online,Afterpay,COUPON-009,16.65,AUD
803350,2024-03-05T19:09:33,2024-03-05,498,27,Online,Afterpay,COUPON-Z9-,13.31,AUD
803434,2024-03-05T23:54:27,2024-03-05,112,3,Retail,Afterpay,COUPON-ZZ0,4.73,AUD
803464,2024-03-05T12:12:08,2024-03-05,302,48,Retail,Credit Card,COUPONZZA9,9.84,AUD
803668,2024-03-05T16:23:54,2024-03-05,163,49,Retail,Afterpay,COUPONA--9,15.43,AUD
803684,2024-03-05T23:41:07,2024-03-05,335,15,Online,Afterpay,COUPON0Z-9,7.57,AUD
803719,2024-03-05T00:40:58,2024-03-05,673,46,Retail,Credit Card,COUPON999-,7.73,AUD
803740,2024-03-05T14:28:44,2024-03-05,390,41,Online,Afterpay,COUPONZ09Z,16.81,AUD
803966,2024-03-05T08:55:48,2024-03-05,320,45,Retail,Credit Card,COUPON99--,6.85,AUD
804016,2024-03-05T19:38:52,2024-03-05,208,15,Retail,Credit Card,COUPONA--Z,13.21,AUD
804210,2024-03-05T23:46:16,2024-03-05,99,40,Retail,PayPal,COUPON-ZZ-,5.21,AUD
804231,2024-03-05T10:40:54,2024-03-05,715,36,Retail,PayPal,COUPON-9--,4.58,AUD
804388,2024-03-05T18:39:12,2024-03-05,619,49,Retail,PayPal,COUPON-A-9,0.03,AUD
804577,2024-03-05T21:13:08,2024-03-05,601,27,Online,Afterpay,COUPON-AA-,4.33,AUD
804685,2024-03-05T13:59:09,2024-03-05,68,28,Retail,PayPal,COUPON9--Z,1.94,AUD
804773,2024-03-05T17:38:29,2024-03-05,353,16,Online,PayPal,COUPONZ-90,1.51,AUD
805254,2024-03-05T15:25:46,2024-03-05,799,40,Online,Afterpay,COUPON0-09,18.24,AUD
805313,2024-03-05T05:13:24,2024-03-05,566,50,Online,PayPal,COUPON--9A,17.68,AUD
805341,2024-03-05T21:51:14,2024-03-05,52,16,Retail,PayPal,COUPONZZ-A,16.75,AUD
805415,2024-03-05T05:48:59,2024-03-05,370,25,Online,PayPal,COUPONAA-Z,10.26,AUD
805551,2024-03-05T22:13:18,2024-03-05,791,2,Online,Afterpay,COUPON---A,9.26,AUD
805835,2024-03-05T14:07:26,2024-03-05,696,17,Retail,PayPal,COUPON09A-,4.53,AUD
805893,2024-03-05T10:01:24,2024-03-05,537,47,Retail,Credit Card,COUPONA00-,3.11,AUD
805912,2024-03-05T16:08:36,2024-03-05,489,33,Online,PayPal,COUPONZ0A-,15.26,AUD
806197,2024-03-05T16:03:37,2024-03-05,166,20,Retail,Afterpay,COUPON9ZZA,0.09,AUD
806213,2024-03-05T06:51:04,2024-03-05,135,4,Retail,Credit Card,COUPONA-A-,4.82,AUD
806256,2024-03-05T01:48:57,2024-03-05,699,47,Online,PayPal,COUPONA9-0,1.59,AUD
806325,2024-03-05T08:10:03,2024-03-05,612,3,Retail,Credit Card,COUPON0-9Z,11.96,AUD
806368,2024-03-05T19:43:40,2024-03-05,342,8,Online,PayPal,COUPON--9A,11.49,AUD
806621,2024-03-05T22:19:24,2024-03-05,800,37,Online,Credit Card,COUPONA0A-,12.35,AUD
806639,2024-03-05T03:07:28,2024-03-05,138,1,Online,Afterpay,COUPON-9--,4.99,AUD
806730,2024-03-05T06:16:10,2024-03-05,152,48,Online,Credit Card,COUPONA-9Z,1.03,AUD
806878,2024-03-05T03:19:15,2024-03-05,489,44,Retail,Credit Card,COUPONA0Z0,17.88,AUD
806910,2024-03-05T17:53:46,2024-03-05,483,10,Online,Credit Card,COUPON00--,19.71,AUD
806917,2024-03-05T07:09:27,2024-03-05,655,9,Retail,PayPal,COUPONA0Z0,2.03,AUD
806953,2024-03-05T09:16:55,2024-03-05,23,11,Online,PayPal,COUPON--90,7.61,AUD
807011,2024-03-05T08:44:27,2024-03-05,26,40,Retail,PayPal,COUPONZZ-A,5.7,AUD
807012,2024-03-05T16:36:55,2024-03-05,33,35,Online,Credit Card,COUPONZ0ZZ,17.98,AUD
807294,2024-03-05T13:02:22,2024-03-05,227,24,Retail,Credit Card,COUPON-09Z,17.04,AUD
807515,2024-03-05T13:25:36,2024-03-05,363,17,Retail,Credit Card,COUPON09Z9,11.3,AUD
807574,2024-03-05T06:56:34,2024-03-05,28,27,Online,Credit Card,COUPON0-9Z,15.29,AUD
807588,2024-03-05T18:34:20,2024-03-05,155,11,Online,Afterpay,COUPONZZ--,17.28,AUD
807591,2024-03-05T04:31:07,2024-03-05,14,45,Online,Credit Card,COUPON-A0Z,17.36,AUD
807647,2024-03-05T18:40:55,2024-03-05,15,47,Retail,Afterpay,COUPONZ--0,17.29,AUD
807882,2024-03-05T17:30:49,2024-03-05,81,11,Online,Credit Card,COUPONZ00-,18.1,AUD
808057,2024-03-05T19:07:30,2024-03-05,297,9,Retail,Afterpay,COUPON-A-Z,18.1,AUD
808065,2024-03-05T15:40:25,2024-03-05,343,9,Retail,Credit Card,COUPON9-9Z,9.21,AUD
808083,2024-03-05T23:07:18,2024-03-05,385,22,Retail,Credit Card,COUPON-Z09,12.14,AUD
808169,2024-03-05T04:47:54,2024-03-05,719,31,Retail,PayPal,COUPON-A-9,12.16,AUD
808281,2024-03-05T18:59:28,2024-03-05,307,16,Online,PayPal,COUPON99-9,11.33,AUD
808461,2024-03-05T20:02:28,2024-03-05,711,14,Retail,PayPal,COUPON--Z-,2.78,AUD
808477,2024-03-05T10:44:55,2024-03-05,269,24,Online,PayPal,COUPON-9AZ,4.78,AUD
808583,2024-03-05T20:19:58,2024-03-05,329,36,Online,Afterpay,COUPON9--Z,17.02,AUD
808638,2024-03-05T17:56:46,2024-03-05,742,50,Online,Credit Card,COUPONAZ9-,0.97,AUD
808652,2024-03-05T06:14:22,2024-03-05,666,43,Retail,PayPal,COUPONA---,4.8,AUD
808717,2024-03-05T12:12:40,2024-03-05,19,30,Retail,Afterpay,COUPON0-AZ,5.3,AUD
808783,2024-03-05T14:17:55,2024-03-05,710,25,Online,Afterpay,COUPONZ-99,3.04,AUD
809123,2024-03-05T20:52:42,2024-03-05,216,12,Retail,Afterpay,COUPON-0--,6.44,AUD
809374,2024-03-05T08:41:11,2024-03-05,564,37,Retail,Afterpay,COUPONA-0-,1.43,AUD
809384,2024-03-05T10:58:08,2024-03-05,463,31,Online,Afterpay,COUPONAZ90,5.81,AUD
809407,2024-03-05T21:38:59,2024-03-05,303,22,Retail,Afterpay,COUPON0A9-,10.98,AUD
809789,2024-03-05T01:59:14,2024-03-05,47,7,Online,PayPal,COUPON--ZZ,8.98,AUD
809834,2024-03-05T19:32:38,2024-03-05,720,9,Online,Credit Card,COUPON---0,11.4,AUD
809860,2024-03-05T13:42:33,2024-03-05,448,6,Retail,Credit Card,COUPON-090,10.38,AUD
809942,2024-03-05T23:01:53,2024-03-05,623,29,Online,PayPal,COUPON09-9,0.05,AUD
809988,2024-03-05T06:19:09,2024-03-05,165,3,Retail,PayPal,COUPON-0A9,10.82,AUD
810113,2024-03-05T10:18:47,2024-03-05,477,49,Retail,Afterpay,COUPONA-AA,16.06,AUD
810156,2024-03-05T07:39:05,2024-03-05,605,21,Online,Afterpay,COUPON-Z-Z,6.2,AUD
810178,2024-03-05T02:38:38,2024-03-05,364,20,Online,Credit Card,COUPON-Z9Z,10.76,AUD
810181,2024-03-05T23:18:20,2024-03-05,260,7,Online,Afterpay,COUPONZ900,14.11,AUD
810209,2024-03-05T21:59:50,2024-03-05,289,13,Online,PayPal,COUPON---9,19.21,AUD
810242,2024-03-05T03:17:06,2024-03-05,464,32,Retail,Credit Card,COUPON--0A,0.18,AUD
810261,2024-03-05T08:30:24,2024-03-05,700,46,Retail,Credit Card,COUPONZ9-A,4.69,AUD
810414,2024-03-05T17:28:07,2024-03-05,645,24,Retail,Credit Card,COUPONA-90,14.94,AUD
810485,2024-03-05T01:07:36,2024-03-05,4,21,Retail,PayPal,COUPON-9AZ,11.33,AUD
810580,2024-03-05T12:49:45,2024-03-05,467,2,Retail,Afterpay,COUPON-9-9,3.32,AUD
810620,2024-03-05T14:43:43,2024-03-05,641,9,Retail,Afterpay,COUPON9--9,14.07,AUD
810762,2024-03-05T12:04:51,2024-03-05,673,27,Retail,Afterpay,COUPON09-9,13.99,AUD
810790,2024-03-05T19:43:20,2024-03-05,135,27,Retail,Credit Card,COUPONAZ0-,9.7,AUD
810888,2024-03-05T02:35:02,2024-03-05,692,15,Retail,PayPal,COUPONA---,0.77,AUD
811063,2024-03-05T16:43:49,2024-03-05,400,28,Retail,PayPal,COUPON9A0Z,17.26,AUD
811133,2024-03-05T06:56:24,2024-03-05,577,29,Online,Afterpay,COUPON00Z0,5.88,AUD
811269,2024-03-05T14:14:52,2024-03-05,90,17,Retail,Afterpay,COUPON0Z-9,11.8,AUD
811366,2024-03-05T15:57:02,2024-03-05,442,28,Retail,Afterpay,COUPONZAZ9,5.09,AUD
811413,2024-03-05T06:11:12,2024-03-05,341,37,Retail,PayPal,COUPON9-A9,11.38,AUD
811573,2024-03-05T22:56:09,2024-03-05,167,24,Retail,Credit Card,COUPON--9A,17.02,AUD
811608,2024-03-05T04:03:30,2024-03-05,358,11,Retail,PayPal,COUPON---0,7.93,AUD
811628,2024-03-05T15:26:40,2024-03-05,652,16,Retail,PayPal,COUPON-Z--,1.33,AUD
811709,2024-03-05T02:03:54,2024-03-05,489,31,Online,Afterpay,COUPONZ09-,15.08,AUD
811741,2024-03-05T11:46:09,2024-03-05,387,35,Retail,Afterpay,COUPON0A0-,4.65,AUD
811907,2024-03-05T16:12:05,2024-03-05,283,38,Retail,PayPal,COUPON0-09,14.77,AUD
812004,2024-03-05T12:08:09,2024-03-05,757,15,Retail,PayPal,COUPON9-9Z,5.74,AUD
812241,2024-03-05T06:33:49,2024-03-05,706,35,Retail,PayPal,COUPON-ZZ-,13.08,AUD
812412,2024-03-05T20:03:42,2024-03-05,340,38,Online,Afterpay,COUPON9Z-0,10.88,AUD
812612,2024-03-05T08:13:41,2024-03-05,770,41,Retail,Credit Card,COUPON9--9,4.75,AUD
812705,2024-03-05T16:25:46,2024-03-05,759,11,Online,Credit Card,COUPONA0Z9,0.04,AUD
812769,2024-03-05T07:25:13,2024-03-05,435,7,Online,Credit Card,COUPON9---,0.62,AUD
812774,2024-03-05T05:58:22,2024-03-05,378,48,Retail,Credit Card,COUPONAZ9-,1.9,AUD
812779,2024-03-05T21:33:14,2024-03-05,332,30,Retail,Afterpay,COUPONA99-,6.2,AUD
812802,2024-03-05T18:27:27,2024-03-05,674,46,Online,PayPal,COUPON9-A9,2.8,AUD
812852,2024-03-05T07:25:31,2024-03-05,442,2,Retail,Credit Card,COUPONZA0A,19.04,AUD
812856,2024-03-05T02:57:45,2024-03-05,161,41,Retail,Afterpay,COUPON---0,12.47,AUD
812938,2024-03-05T18:08:03,2024-03-05,109,31,Retail,Afterpay,COUPONA-A0,0.93,AUD
813044,2024-03-05T16:09:12,2024-03-05,135,1,Online,Afterpay,COUPON9AA-,13.32,AUD
813099,2024-03-05T00:28:05,2024-03-05,352,31,Online,Afterpay,COUPON-AZ-,14.57,AUD
813103,2024-03-05T22:30:41,2024-03-05,70,26,Retail,PayPal,COUPONZ09-,9.27,AUD
813284,2024-03-05T15:26:36,2024-03-05,14,20,Retail,Credit Card,COUPON0Z99,3.32,AUD
813454,2024-03-05T05:41:11,2024-03-05,174,23,Online,Afterpay,COUPON-ZAZ,15.72,AUD
813490,2024-03-05T21:44:18,2024-03-05,521,40,Online,Afterpay,COUPON--90,18.2,AUD
813642,2024-03-05T18:25:47,2024-03-05,77,39,Online,Credit Card,COUPON-ZA-,2.4,AUD
813877,2024-03-05T06:33:52,2024-03-05,39,14,Online,PayPal,COUPONA099,15.34,AUD
814210,2024-03-05T21:48:36,2024-03-05,203,27,Retail,Afterpay,COUPON9ZAZ,14.11,AUD
814222,2024-03-05T14:23:02,2024-03-05,62,35,Retail,PayPal,COUPONZA90,10.4,AUD
814275,2024-03-05T21:24:36,2024-03-05,452,28,Online,Credit Card,COUPON-99A,14.1,AUD
814290,2024-03-05T00:22:15,2024-03-05,791,32,Online,Afterpay,COUPON9-Z0,12.54,AUD
814438,2024-03-05T23:32:05,2024-03-05,771,27,Online,PayPal,COUPONZ00Z,13.53,AUD
814758,2024-03-05T03:45:56,2024-03-05,542,39,Retail,PayPal,COUPONA00A,1.08,AUD
814772,2024-03-05T19:15:30,2024-03-05,631,4,Online,PayPal,COUPON90--,3.04,AUD
814787,2024-03-05T16:50:53,2024-03-05,82,11,Retail,Credit Card,COUPONZ000,15.27,AUD
814862,2024-03-05T10:15:44,2024-03-05,512,6,Online,Credit Card,COUPONA9-9,5.57,AUD
814947,2024-03-05T13:52:35,2024-03-05,761,1,Retail,PayPal,COUPON--00,17.99,AUD
814982,2024-03-05T00:21:30,2024-03-05,246,3,Online,PayPal,COUPONA--9,16.54,AUD
815071,2024-03-05T17:58:03,2024-03-05,483,38,Retail,Afterpay,COUPON9900,9.91,AUD
815192,2024-03-05T21:55:10,2024-03-05,395,47,Online,Credit Card,COUPONZ-09,16.31,AUD
815265,2024-03-05T21:24:05,2024-03-05,20,18,Online,PayPal,COUPON09Z-,17.75,AUD
815319,2024-03-05T20:44:27,2024-03-05,501,42,Retail,PayPal,COUPON0A-Z,0.62,AUD
815371,2024-03-05T06:12:14,2024-03-05,706,8,Online,PayPal,COUPON9-9-,17.81,AUD
815409,2024-03-05T21:14:52,2024-03-05,448,29,Retail,PayPal,COUPON9---,8.26,AUD
815530,2024-03-05T04:04:34,2024-03-05,223,27,Online,Afterpay,COUPONA-0-,5.3,AUD
815639,2024-03-05T08:26:08,2024-03-05,581,16,Retail,Afterpay,COUPON09-0,1.64,AUD
815808,2024-03-05T06:53:48,2024-03-05,768,17,Retail,PayPal,COUPON9AAZ,18.84,AUD
815969,2024-03-05T06:27:04,2024-03-05,404,32,Retail,Afterpay,COUPON-ZAZ,5.59,AUD
815983,2024-03-05T21:12:36,2024-03-05,619,11,Retail,Afterpay,COUPON--00,9.84,AUD
816060,2024-03-05T16:49:02,2024-03-05,539,5,Online,Afterpay,COUPONZZA0,4.21,AUD
816072,2024-03-05T00:15:36,2024-03-05,124,35,Retail,Afterpay,COUPON----,4.88,AUD
816389,2024-03-05T17:24:28,2024-03-05,175,29,Retail,Credit Card,COUPONAAZ-,8.53,AUD
816536,2024-03-05T16:30:07,2024-03-05,92,8,Retail,PayPal,COUPON0AA0,15.87,AUD
816580,2024-03-05T21:08:18,2024-03-05,598,19,Online,PayPal,COUPONA0A-,3.92,AUD
816615,2024-03-05T23:06:54,2024-03-05,80,47,Retail,PayPal,COUPON0A9-,17.52,AUD
816707,2024-03-05T05:44:33,2024-03-05,784,21,Retail,PayPal,COUPON-Z-A,0.63,AUD
816729,2024-03-05T04:41:03,2024-03-05,275,24,Retail,PayPal,COUPON-0Z-,12.86,AUD
817227,2024-03-05T02:27:57,2024-03-05,710,39,Online,Credit Card,COUPON9-A-,11.53,AUD
817385,2024-03-05T01:50:24,2024-03-05,268,22,Retail,Afterpay,COUPONZZZ-,12.36,AUD
817410,2024-03-05T14:32:47,2024-03-05,618,19,Retail,Credit Card,COUPON-0Z-,13.64,AUD
817430,2024-03-05T14:03:27,2024-03-05,510,2,Online,Credit Card,COUPON0ZZ-,3.25,AUD
817526,2024-03-05T05:36:37,2024-03-05,433,17,Online,Afterpay,COUPON--A-,11.66,AUD
817656,2024-03-05T06:36:17,2024-03-05,129,34,Online,Afterpay,COUPONA-0A,13.33,AUD
817687,2024-03-05T10:02:27,2024-03-05,283,15,Retail,PayPal,COUPON-0-A,6.87,AUD
817710,2024-03-05T05:52:20,2024-03-05,247,29,Online,Credit Card,COUPONZ-Z-,14.89,AUD
818048,2024-03-05T06:14:44,2024-03-05,55,36,Retail,PayPal,COUPON-ZAA,0.16,AUD
818106,2024-03-05T21:49:40,2024-03-05,241,18,Online,PayPal,COUPON-0Z-,17.36,AUD
818159,2024-03-05T14:23:35,2024-03-05,182,33,Online,Afterpay,COUPON--09,9.76,AUD
818219,2024-03-05T10:55:52,2024-03-05,456,24,Online,Credit Card,COUPON0ZZ-,5.0,AUD
818269,2024-03-05T13:25:02,2024-03-05,236,16,Retail,Afterpay,COUPONZ-00,3.48,AUD
818384,2024-03-05T05:35:36,2024-03-05,55,31,Online,Credit Card,COUPON-0ZZ,3.95,AUD
818391,2024-03-05T03:57:29,2024-03-05,723,29,Online,Credit Card,COUPON0Z-Z,3.99,AUD
818402,2024-03-05T21:38:56,2024-03-05,237,12,Retail,Afterpay,COUPON---A,4.61,AUD
818605,2024-03-05T04:42:39,2024-03-05,141,12,Retail,PayPal,COUPONAA-Z,15.06,AUD
818631,2024-03-05T16:16:10,2024-03-05,737,7,Retail,Afterpay,COUPONAZZ-,15.55,AUD
818641,2024-03-05T08:12:06,2024-03-05,578,19,Retail,PayPal,COUPONZ9Z0,7.31,AUD
818663,2024-03-05T00:04:08,2024-03-05,121,27,Retail,Credit Card,COUPONZ--9,0.84,AUD
818721,2024-03-05T21:29:41,2024-03-05,227,3,Online,Afterpay,COUPON-090,0.71,AUD
818800,2024-03-05T05:10:52,2024-03-05,360,47,Retail,Credit Card,COUPONAA0-,11.19,AUD
818874,2024-03-05T23:33:50,2024-03-05,37,24,Retail,Credit Card,COUPON-0Z9,14.53,AUD
818898,2024-03-05T20:18:02,2024-03-05,566,7,Retail,Afterpay,COUPONZ--0,4.53,AUD
819481,2024-03-05T02:03:35,2024-03-05,306,6,Online,Afterpay,COUPONZZA-,1.72,AUD
819518,2024-03-05T08:38:43,2024-03-05,52,36,Retail,Afterpay,COUPON0Z-Z,6.11,AUD
819713,2024-03-05T16:29:53,2024-03-05,614,43,Online,Afterpay,COUPONZ99-,3.34,AUD
819839,2024-03-05T06:46:45,2024-03-05,590,25,Online,PayPal,COUPON--A-,3.66,AUD
819942,2024-03-05T05:27:06,2024-03-05,256,46,Retail,PayPal,COUPON-A-A,14.72,AUD
819966,2024-03-05T23:08:05,2024-03-05,142,14,Online,Credit Card,COUPONAZ0-,12.39,AUD
819995,2024-03-05T07:35:26,2024-03-05,363,28,Online,PayPal,COUPON9-0A,13.55,AUD
820016,2024-03-05T20:11:07,2024-03-05,307,7,Retail,PayPal,COUPON-00Z,15.93,AUD
820048,2024-03-05T06:53:53,2024-03-05,525,43,Online,Afterpay,COUPON9-A-,11.99,AUD
820137,2024-03-05T11:23:09,2024-03-05,574,31,Retail,Afterpay,COUPONAAA-,16.0,AUD
820170,2024-03-05T01:02:01,2024-03-05,293,32,Retail,Credit Card,COUPON9-Z0,17.72,AUD
820185,2024-03-05T16:46:24,2024-03-05,729,22,Online,PayPal,COUPON0-0A,17.36,AUD
820327,2024-03-05T01:01:08,2024-03-05,446,29,Retail,Afterpay,COUPON0-99,4.96,AUD
820659,2024-03-05T20:57:15,2024-03-05,18,22,Retail,Credit Card,COUPONA-9-,7.54,AUD
820926,2024-03-05T22:01:44,2024-03-05,21,22,Online,Afterpay,COUPON-A0A,4.52,AUD
821020,2024-03-05T20:00:56,2024-03-05,261,34,Online,Credit Card,COUPON0-00,18.1,AUD
821101,2024-03-05T16:32:50,2024-03-05,292,37,Retail,PayPal,COUPON---Z,14.2,AUD
821155,2024-03-05T04:17:20,2024-03-05,135,30,Retail,Afterpay,COUPON-0Z-,8.84,AUD
821179,2024-03-05T01:43:11,2024-03-05,548,14,Retail,Credit Card,COUPONA-Z9,6.05,AUD
821279,2024-03-05T12:13:56,2024-03-05,118,36,Online,Afterpay,COUPONZ---,5.54,AUD
821369,2024-03-05T00:58:19,2024-03-05,366,16,Retail,Afterpay,COUPONA0-9,9.64,AUD
821386,2024-03-05T03:42:06,2024-03-05,800,29,Retail,Afterpay,COUPON---0,6.94,AUD
821391,2024-03-05T02:16:16,2024-03-05,414,36,Retail,Afterpay,COUPONZ0AA,13.67,AUD
821492,2024-03-05T06:40:10,2024-03-05,249,25,Retail,Afterpay,COUPONZZZ-,5.95,AUD
821539,2024-03-05T13:32:03,2024-03-05,558,15,Online,Afterpay,COUPONA99-,13.73,AUD
821732,2024-03-05T18:33:36,2024-03-05,555,29,Online,PayPal,COUPONZ0-0,18.87,AUD
821936,2024-03-05T01:25:11,2024-03-05,191,7,Retail,PayPal,COUPON0A0-,8.33,AUD
821970,2024-03-05T00:52:14,2024-03-05,53,10,Retail,Afterpay,COUPON0ZZ9,5.91,AUD
822004,2024-03-05T04:41:56,2024-03-05,715,47,Retail,PayPal,COUPONA--Z,4.86,AUD
822071,2024-03-05T04:17:16,2024-03-05,567,25,Retail,Credit Card,COUPONZ0-9,13.08,AUD
822099,2024-03-05T18:35:57,2024-03-05,719,34,Retail,Afterpay,COUPONA-A-,14.74,AUD
822128,2024-03-05T09:02:17,2024-03-05,593,22,Online,Credit Card,COUPON---A,1.18,AUD
822199,2024-03-05T10:42:22,2024-03-05,663,14,Online,Afterpay,COUPON---Z,16.31,AUD
822219,2024-03-05T16:33:33,2024-03-05,717,25,Online,PayPal,COUPON-9-0,10.62,AUD
822307,2024-03-05T17:32:19,2024-03-05,431,50,Retail,Credit Card,COUPON900-,16.56,AUD
822323,2024-03-05T16:28:53,2024-03-05,501,16,Retail,Afterpay,COUPON--ZZ,12.98,AUD
822328,2024-03-05T17:57:50,2024-03-05,321,12,Retail,Afterpay,COUPONZZA-,8.85,AUD
822335,2024-03-05T22:27:51,2024-03-05,257,5,Retail,PayPal,COUPON-09-,4.15,AUD
822369,2024-03-05T14:29:39,2024-03-05,605,39,Online,Credit Card,COUPONAZZ-,15.74,AUD
822374,2024-03-05T00:49:53,2024-03-05,111,38,Online,Afterpay,COUPON00--,5.49,AUD
822628,2024-03-05T17:18:16,2024-03-05,522,25,Retail,Credit Card,COUPON-9-A,11.06,AUD
822896,2024-03-05T10:50:28,2024-03-05,490,39,Online,Afterpay,COUPON9999,11.0,AUD
822978,2024-03-05T16:45:57,2024-03-05,162,22,Online,PayPal,COUPON9AAA,3.58,AUD
823024,2024-03-05T17:09:02,2024-03-05,241,11,Retail,Afterpay,COUPON9ZZZ,4.71,AUD
823068,2024-03-05T08:36:08,2024-03-05,799,2,Retail,PayPal,COUPON0ZZ-,2.26,AUD
823349,2024-03-05T04:12:09,2024-03-05,316,15,Online,Afterpay,COUPONA--A,16.87,AUD
823559,2024-03-05T13:36:48,2024-03-05,713,38,Retail,Credit Card,COUPONA-9A,16.2,AUD
823564,2024-03-05T06:49:48,2024-03-05,114,35,Online,PayPal,COUPON9-Z-,8.54,AUD
823597,2024-03-05T20:53:45,2024-03-05,608,17,Retail,PayPal,COUPONA--A,16.78,AUD
823867,2024-03-05T12:05:23,2024-03-05,86,44,Retail,Afterpay,COUPONA00-,14.88,AUD
823892,2024-03-05T13:41:42,2024-03-05,508,7,Online,Credit Card,COUPONA-09,14.41,AUD
823897,2024-03-05T23:28:08,2024-03-05,297,32,Retail,PayPal,COUPON0Z-A,7.12,AUD
823981,2024-03-05T03:17:01,2024-03-05,52,6,Online,PayPal,COUPON--9A,10.91,AUD
824024,2024-03-05T03:30:15,2024-03-05,709,25,Online,PayPal,COUPONZ---,7.4,AUD
824038,2024-03-05T03:26:19,2024-03-05,61,46,Retail,Afterpay,COUPON00-0,17.64,AUD
824072,2024-03-05T07:13:04,2024-03-05,557,15,Retail,Credit Card,COUPONA-AA,13.34,AUD
824275,2024-03-05T18:41:17,2024-03-05,612,40,Online,PayPal,COUPON0-A0,9.57,AUD
824345,2024-03-05T17:43:11,2024-03-05,648,12,Retail,Afterpay,COUPON-AZZ,0.87,AUD
824359,2024-03-05T17:24:24,2024-03-05,402,35,Retail,Afterpay,COUPON9A0-,16.0,AUD
824456,2024-03-05T07:11:59,2024-03-05,654,15,Retail,Credit Card,COUPON9-9-,16.44,AUD
824458,2024-03-05T04:17:45,2024-03-05,223,37,Retail,PayPal,COUPON90AA,19.3,AUD
824467,2024-03-05T18:16:04,2024-03-05,537,7,Online,PayPal,COUPON90A-,6.01,AUD
824575,2024-03-05T03:28:12,2024-03-05,800,23,Online,Credit Card,COUPON0-9-,11.95,AUD
824584,2024-03-05T09:11:41,2024-03-05,147,25,Retail,Afterpay,COUPON-09Z,13.89,AUD
824683,2024-03-05T01:39:54,2024-03-05,66,27,Online,PayPal,COUPON0A-0,13.8,AUD
824766,2024-03-05T11:27:32,2024-03-05,735,36,Online,Afterpay,COUPON9A-9,7.6,AUD
824789,2024-03-05T20:41:45,2024-03-05,104,11,Online,Credit Card,COUPON00-Z,14.25,AUD
824836,2024-03-05T17:30:45,2024-03-05,87,5,Retail,Afterpay,COUPONAZ--,6.52,AUD
824870,2024-03-05T13:00:58,2024-03-05,795,5,Online,Credit Card,COUPONZAA9,13.39,AUD
824989,2024-03-05T12:49:32,2024-03-05,311,20,Retail,Afterpay,COUPONAA--,18.76,AUD
825030,2024-03-05T04:58:54,2024-03-05,174,29,Online,PayPal,COUPON0Z00,10.31,AUD
825090,2024-03-05T08:52:32,2024-03-05,20,12,Online,Credit Card,COUPONZ-0-,18.19,AUD
825310,2024-03-05T05:21:55,2024-03-05,142,16,Retail,Credit Card,COUPONZA0A,18.38,AUD
825404,2024-03-05T18:30:13,2024-03-05,316,26,Online,Credit Card,COUPONZ-9-,16.17,AUD
825536,2024-03-05T23:07:29,2024-03-05,670,9,Retail,PayPal,COUPON-ZZZ,14.03,AUD
825584,2024-03-05T07:46:00,2024-03-05,356,35,Online,PayPal,COUPON-ZAZ,17.95,AUD
825645,2024-03-05T18:32:17,2024-03-05,555,49,Online,Credit Card,COUPON-999,1.66,AUD
825679,2024-03-05T07:06:01,2024-03-05,50,32,Online,Afterpay,COUPONZA0Z,16.78,AUD
825723,2024-03-05T17:22:33,2024-03-05,381,45,Retail,Afterpay,COUPONA--0,16.12,AUD
825888,2024-03-05T14:03:00,2024-03-05,732,11,Retail,Credit Card,COUPON-9-A,10.02,AUD
825919,2024-03-05T22:05:10,2024-03-05,712,13,Online,Afterpay,COUPONZ-Z9,8.06,AUD
826027,2024-03-05T02:20:25,2024-03-05,637,19,Online,Credit Card,COUPON9-90,7.95,AUD
826087,2024-03-05T03:15:54,2024-03-05,301,7,Online,Afterpay,COUPONZA-Z,5.59,AUD
826123,2024-03-05T16:08:28,2024-03-05,399,2,Retail,Credit Card,COUPONA-9-,10.14,AUD
826363,2024-03-05T01:52:02,2024-03-05,6,18,Retail,PayPal,COUPONA9-A,2.69,AUD
826444,2024-03-05T01:31:28,2024-03-05,207,8,Retail,Credit Card,COUPONZ-Z-,13.73,AUD
826468,2024-03-05T17:07:37,2024-03-05,513,49,Online,Afterpay,COUPON0--A,7.81,AUD
826689,2024-03-05T07:20:00,2024-03-05,313,48,Retail,Afterpay,COUPONZ--A,8.66,AUD
826792,2024-03-05T15:47:18,2024-03-05,205,27,Online,PayPal,COUPON-000,1.17,AUD
826874,2024-03-05T03:29:50,2024-03-05,148,11,Online,Credit Card,COUPON-A9-,1.83,AUD
827027,2024-03-05T08:36:20,2024-03-05,739,50,Retail,PayPal,COUPON9A-0,13.25,AUD
827045,2024-03-05T17:37:44,2024-03-05,37,25,Retail,Credit Card,COUPON-00-,14.19,AUD
827089,2024-03-05T02:28:00,2024-03-05,701,50,Online,PayPal,COUPON00A0,15.01,AUD
827158,2024-03-05T08:16:49,2024-03-05,706,9,Retail,PayPal,COUPON0-00,4.58,AUD
827184,2024-03-05T20:58:08,2024-03-05,583,33,Retail,PayPal,COUPON-Z-Z,1.8,AUD
827215,2024-03-05T15:06:01,2024-03-05,705,13,Online,Afterpay,COUPON-A-Z,18.27,AUD
827698,2024-03-05T00:26:37,2024-03-05,193,21,Online,Credit Card,COUPON--ZA,7.0,AUD
827776,2024-03-05T18:14:35,2024-03-05,663,14,Retail,Credit Card,COUPON9-ZA,14.55,AUD
827813,2024-03-05T14:24:40,2024-03-05,534,4,Online,Afterpay,COUPONA9--,18.83,AUD
827893,2024-03-05T17:12:13,2024-03-05,26,47,Online,PayPal,COUPON0-9Z,6.9,AUD
827921,2024-03-05T08:18:56,2024-03-05,645,16,Online,Afterpay,COUPONAA-A,16.71,AUD
828074,2024-03-05T14:00:55,2024-03-05,10,1,Retail,Credit Card,COUPON-90Z,15.99,AUD
828134,2024-03-05T16:50:50,2024-03-05,192,32,Retail,PayPal,COUPON0--0,15.52,AUD
828285,2024-03-05T16:19:11,2024-03-05,401,44,Online,Afterpay,COUPON9ZZ0,17.24,AUD
828296,2024-03-05T13:08:27,2024-03-05,552,40,Online,Credit Card,COUPON9---,18.05,AUD
828310,2024-03-05T02:32:41,2024-03-05,401,23,Online,Credit Card,COUPONAZ9Z,0.52,AUD
828447,2024-03-05T19:33:22,2024-03-05,435,30,Retail,Credit Card,COUPON--0-,0.2,AUD
828448,2024-03-05T06:02:08,2024-03-05,188,48,Retail,Afterpay,COUPON--Z-,19.03,AUD
828479,2024-03-05T19:07:29,2024-03-05,556,49,Retail,Afterpay,COUPON09--,4.2,AUD
828595,2024-03-05T02:15:45,2024-03-05,441,1,Online,PayPal,COUPON-9A0,5.21,AUD
828807,2024-03-05T10:49:03,2024-03-05,272,13,Retail,PayPal,COUPONA00Z,3.85,AUD
829010,2024-03-05T11:25:35,2024-03-05,51,44,Online,Afterpay,COUPON--0A,2.69,AUD
829021,2024-03-05T22:41:26,2024-03-05,600,1,Online,Credit Card,COUPON99AA,1.37,AUD
829077,2024-03-05T07:29:03,2024-03-05,503,33,Online,Afterpay,COUPON0AA0,8.95,AUD
829151,2024-03-05T15:44:08,2024-03-05,722,31,Retail,Afterpay,COUPON--9A,19.84,AUD
829385,2024-03-05T03:29:27,2024-03-05,183,9,Online,PayPal,COUPONZ-Z0,0.25,AUD
829391,2024-03-05T02:25:01,2024-03-05,190,15,Online,Afterpay,COUPONA-A-,5.27,AUD
829439,2024-03-05T07:28:35,2024-03-05,402,13,Online,Afterpay,COUPON-00-,5.74,AUD
829894,2024-03-05T11:44:23,2024-03-05,652,40,Retail,Afterpay,COUPONZ9Z0,14.95,AUD
829920,2024-03-05T09:30:22,2024-03-05,322,35,Retail,PayPal,COUPONAZZA,15.2,AUD
829944,2024-03-05T22:39:43,2024-03-05,593,22,Online,PayPal,COUPON-AZ9,13.05,AUD
829956,2024-03-05T15:05:54,2024-03-05,659,16,Online,PayPal,COUPON0AA-,1.46,AUD
830156,2024-03-05T04:35:12,2024-03-05,700,50,Online,Credit Card,COUPON--0Z,2.95,AUD
830198,2024-03-05T16:16:20,2024-03-05,722,32,Retail,PayPal,COUPON-A9-,16.92,AUD
830283,2024-03-05T21:47:03,2024-03-05,298,12,Retail,Afterpay,COUPON090Z,2.52,AUD
830285,2024-03-05T12:07:07,2024-03-05,594,46,Retail,Afterpay,COUPONA-0-,5.67,AUD
830290,2024-03-05T12:05:10,2024-03-05,537,2,Online,PayPal,COUPONZ--9,12.78,AUD
830338,2024-03-05T00:37:33,2024-03-05,555,35,Online,Credit Card,COUPON9--Z,13.18,AUD
830394,2024-03-05T02:32:15,2024-03-05,71,46,Retail,Afterpay,COUPONZ-A-,14.84,AUD
830479,2024-03-05T21:06:47,2024-03-05,158,23,Retail,PayPal,COUPON9AZ9,2.02,AUD
830493,2024-03-05T19:49:55,2024-03-05,788,34,Retail,Afterpay,COUPON9AA-,18.54,AUD
830676,2024-03-05T21:16:42,2024-03-05,114,20,Retail,Credit Card,COUPON-ZZ-,6.21,AUD
830770,2024-03-05T16:38:35,2024-03-05,519,12,Retail,PayPal,COUPON-Z9A,9.63,AUD
830782,2024-03-05T17:53:56,2024-03-05,228,11,Online,Credit Card,COUPON0Z-0,6.83,AUD
830852,2024-03-05T19:34:41,2024-03-05,62,19,Retail,PayPal,COUPON09-A,15.41,AUD
830896,2024-03-05T05:28:28,2024-03-05,663,30,Retail,Afterpay,COUPONZZ99,18.3,AUD
830969,2024-03-05T23:13:45,2024-03-05,687,48,Retail,Afterpay,COUPONA-9Z,13.26,AUD
831061,2024-03-05T23:13:04,2024-03-05,415,4,Retail,PayPal,COUPON-A99,6.18,AUD
831126,2024-03-05T20:17:33,2024-03-05,651,19,Online,PayPal,COUPON09-0,2.34,AUD
831175,2024-03-05T10:33:27,2024-03-05,391,11,Retail,PayPal,COUPON-9--,14.99,AUD
831236,2024-03-05T01:17:01,2024-03-05,188,34,Retail,PayPal,COUPONAZ9-,8.66,AUD
831257,2024-03-05T10:14:39,2024-03-05,559,37,Online,Afterpay,COUPONA900,2.56,AUD
831477,2024-03-05T11:05:57,2024-03-05,375,13,Retail,Credit Card,COUPON-AZZ,11.65,AUD
831548,2024-03-05T22:07:50,2024-03-05,409,50,Retail,Afterpay,COUPON9AAA,0.56,AUD
831558,2024-03-05T23:31:01,2024-03-05,737,31,Retail,Credit Card,COUPON--A-,13.62,AUD
831640,2024-03-05T15:10:20,2024-03-05,498,8,Retail,Credit Card,COUPONA--Z,13.15,AUD
831643,2024-03-05T17:59:56,2024-03-05,151,37,Retail,Credit Card,COUPONZ900,15.04,AUD
831685,2024-03-05T18:39:24,2024-03-05,317,14,Retail,Credit Card,COUPON9--A,13.5,AUD
831693,2024-03-05T13:00:53,2024-03-05,423,14,Retail,Credit Card,COUPON-9A-,16.95,AUD
831944,2024-03-05T04:37:10,2024-03-05,364,37,Retail,Credit Card,COUPONAA9-,2.02,AUD
831976,2024-03-05T22:41:43,2024-03-05,85,4,Online,Credit Card,COUPONAZ9Z,1.07,AUD
832072,2024-03-05T20:39:23,2024-03-05,354,25,Retail,Credit Card,COUPON----,7.73,AUD
832187,2024-03-05T12:30:58,2024-03-05,718,42,Online,Afterpay,COUPON----,12.93,AUD
832209,2024-03-05T23:28:42,2024-03-05,743,47,Retail,PayPal,COUPON999Z,2.33,AUD
832336,2024-03-05T20:12:46,2024-03-05,214,12,Online,Afterpay,COUPON-A-0,15.45,AUD
832349,2024-03-05T14:22:05,2024-03-05,604,20,Retail,PayPal,COUPON9ZA-,16.42,AUD
832640,2024-03-05T10:13:29,2024-03-05,644,50,Online,Afterpay,COUPONA-Z-,3.47,AUD
832676,2024-03-05T07:00:48,2024-03-05,798,17,Retail,PayPal,COUPON-9-0,11.64,AUD
832850,2024-03-05T20:16:14,2024-03-05,172,45,Online,Afterpay,COUPON-0-0,8.82,AUD
832858,2024-03-05T21:34:59,2024-03-05,487,4,Online,PayPal,COUPON-Z00,1.08,AUD
833085,2024-03-05T15:54:12,2024-03-05,12,46,Retail,PayPal,COUPONAA9-,4.89,AUD
833102,2024-03-05T02:14:33,2024-03-05,102,50,Online,PayPal,COUPONA-90,15.07,AUD
833119,2024-03-05T17:51:36,2024-03-05,269,3,Online,PayPal,COUPONAZAA,2.28,AUD
833265,2024-03-05T10:41:41,2024-03-05,105,8,Online,Afterpay,COUPON-0-A,15.01,AUD
833275,2024-03-05T10:42:56,2024-03-05,537,11,Online,Afterpay,COUPONZA-0,19.65,AUD
833367,2024-03-05T01:46:08,2024-03-05,208,1,Online,Afterpay,COUPON-0A-,0.73,AUD
833491,2024-03-05T17:52:44,2024-03-05,676,34,Online,Afterpay,COUPON0--9,12.75,AUD
833541,2024-03-05T18:34:32,2024-03-05,705,5,Retail,Afterpay,COUPON-090,7.45,AUD
833587,2024-03-05T21:04:32,2024-03-05,143,15,Online,Afterpay,COUPON99A-,7.91,AUD
833657,2024-03-05T09:35:34,2024-03-05,781,4,Online,PayPal,COUPON099Z,19.54,AUD
833685,2024-03-05T13:45:22,2024-03-05,283,2,Retail,Afterpay,COUPONA---,8.69,AUD
833696,2024-03-05T22:27:58,2024-03-05,702,18,Online,Afterpay,COUPONA-9-,4.07,AUD
833707,2024-03-05T12:54:13,2024-03-05,727,5,Retail,Credit Card,COUPONZ-Z9,19.5,AUD
833725,2024-03-05T16:20:36,2024-03-05,30,28,Retail,Credit Card,COUPONA9A-,7.36,AUD
833863,2024-03-05T02:41:36,2024-03-05,409,39,Retail,PayPal,COUPONZZAZ,1.45,AUD
833903,2024-03-05T20:12:04,2024-03-05,735,10,Retail,Credit Card,COUPON-A99,8.63,AUD
834055,2024-03-05T12:57:28,2024-03-05,3,3,Online,Afterpay,COUPON--A9,0.21,AUD
834182,2024-03-05T05:55:52,2024-03-05,66,13,Retail,PayPal,COUPON0--Z,4.54,AUD
834349,2024-03-05T17:54:31,2024-03-05,639,33,Retail,PayPal,COUPONZ-9Z,9.09,AUD
834370,2024-03-05T18:06:44,2024-03-05,565,49,Online,Afterpay,COUPONA0A9,2.76,AUD
834430,2024-03-05T08:01:28,2024-03-05,636,18,Retail,Credit Card,COUPON---0,7.21,AUD
834731,2024-03-05T08:27:10,2024-03-05,562,11,Online,PayPal,COUPONAZZA,2.84,AUD
834851,2024-03-05T15:25:54,2024-03-05,757,6,Online,PayPal,COUPON9---,8.03,AUD
835130,2024-03-05T09:30:55,2024-03-05,219,42,Retail,Credit Card,COUPON9909,6.11,AUD
835232,2024-03-05T05:10:03,2024-03-05,580,3,Retail,Credit Card,COUPON0900,0.61,AUD
835564,2024-03-05T13:43:48,2024-03-05,321,26,Online,Credit Card,COUPON-9Z-,13.75,AUD
835618,2024-03-05T23:05:40,2024-03-05,254,41,Online,Afterpay,COUPON--A9,16.96,AUD
835632,2024-03-05T03:03:55,2024-03-05,626,6,Retail,Credit Card,COUPONA9AA,12.41,AUD
835882,2024-03-05T14:54:31,2024-03-05,36,5,Online,Credit Card,COUPON0ZA9,11.29,AUD
835889,2024-03-05T16:44:54,2024-03-05,559,25,Online,Afterpay,COUPON-A--,14.24,AUD
836078,2024-03-05T17:21:19,2024-03-05,693,36,Retail,Afterpay,COUPON-0Z-,5.65,AUD
836168,2024-03-05T07:39:10,2024-03-05,657,15,Retail,Afterpay,COUPONZ-90,7.88,AUD
836183,2024-03-05T02:59:42,2024-03-05,204,16,Retail,Credit Card,COUPONA-0-,4.11,AUD
836233,2024-03-05T18:01:38,2024-03-05,694,14,Retail,PayPal,COUPONA0-9,18.23,AUD
836396,2024-03-05T20:53:00,2024-03-05,256,5,Retail,Afterpay,COUPONA--0,2.91,AUD
836398,2024-03-05T03:56:53,2024-03-05,513,17,Online,Credit Card,COUPON-Z-A,1.45,AUD
836456,2024-03-05T02:42:56,2024-03-05,388,47,Online,Afterpay,COUPON9-9-,4.74,AUD
836516,2024-03-05T14:42:56,2024-03-05,377,44,Retail,Credit Card,COUPON0--9,2.06,AUD
836538,2024-03-05T15:41:55,2024-03-05,247,7,Online,Credit Card,COUPON9AZ9,6.07,AUD
836564,2024-03-05T01:51:27,2024-03-05,640,25,Retail,PayPal,COUPON-9-9,0.77,AUD
836739,2024-03-05T05:35:40,2024-03-05,358,23,Online,Afterpay,COUPON0Z0-,17.51,AUD
836834,2024-03-05T00:17:02,2024-03-05,49,48,Retail,Credit Card,COUPON9-AA,10.06,AUD
836954,2024-03-05T21:49:14,2024-03-05,604,3,Online,Afterpay,COUPON-ZA-,5.11,AUD
837067,2024-03-05T09:41:25,2024-03-05,748,17,Retail,Credit Card,COUPON00A-,7.56,AUD
837209,2024-03-05T09:30:22,2024-03-05,489,25,Online,Afterpay,COUPON-AA-,7.39,AUD
837340,2024-03-05T14:30:41,2024-03-05,159,30,Online,Afterpay,COUPONA09A,3.16,AUD
837491,2024-03-05T18:56:58,2024-03-05,628,27,Online,PayPal,COUPONZZA9,6.9,AUD
837540,2024-03-05T05:34:14,2024-03-05,359,42,Retail,Credit Card,COUPON-AA9,14.72,AUD
837672,2024-03-05T05:15:37,2024-03-05,71,47,Online,PayPal,COUPONA-9-,17.61,AUD
837704,2024-03-05T20:52:33,2024-03-05,581,26,Retail,Afterpay,COUPON-0ZZ,2.5,AUD
837891,2024-03-05T03:11:20,2024-03-05,41,46,Online,Afterpay,COUPON--0Z,8.85,AUD
837897,2024-03-05T13:56:38,2024-03-05,709,16,Online,Afterpay,COUPON09A-,17.02,AUD
838035,2024-03-05T13:46:48,2024-03-05,336,9,Retail,Credit Card,COUPON0-0A,3.68,AUD
838086,2024-03-05T18:13:25,2024-03-05,95,13,Retail,PayPal,COUPONZ-0-,13.09,AUD
838123,2024-03-05T11:49:38,2024-03-05,13,47,Retail,Afterpay,COUPON00--,13.36,AUD
838327,2024-03-05T17:38:10,2024-03-05,753,7,Retail,PayPal,COUPONZZ9A,3.47,AUD
838382,2024-03-05T21:55:31,2024-03-05,471,13,Retail,Afterpay,COUPONZ--0,11.59,AUD
838445,2024-03-05T16:11:49,2024-03-05,609,37,Online,PayPal,COUPON9Z-A,12.96,AUD
838461,2024-03-05T16:45:26,2024-03-05,112,13,Retail,Credit Card,COUPONAZ-9,5.88,AUD
838725,2024-03-05T18:12:23,2024-03-05,326,20,Online,Afterpay,COUPON9ZA-,12.54,AUD
838916,2024-03-05T00:50:06,2024-03-05,17,31,Retail,PayPal,COUPON9AZA,16.03,AUD
839108,2024-03-05T04:22:02,2024-03-05,573,7,Online,Afterpay,COUPON00--,13.33,AUD
839126,2024-03-05T10:57:20,2024-03-05,421,49,Online,Afterpay,COUPON0--9,12.28,AUD
839135,2024-03-05T13:03:06,2024-03-05,362,32,Retail,PayPal,COUPON0---,3.64,AUD
839270,2024-03-05T11:12:14,2024-03-05,645,29,Retail,PayPal,COUPONA0--,6.63,AUD
839315,2024-03-05T18:53:05,2024-03-05,620,11,Online,Credit Card,COUPON-AZ9,7.0,AUD
839336,2024-03-05T18:40:25,2024-03-05,551,40,Online,PayPal,COUPON-Z99,13.77,AUD
839374,2024-03-05T12:44:26,2024-03-05,620,48,Online,Afterpay,COUPON--ZA,4.06,AUD
839410,2024-03-05T08:52:44,2024-03-05,206,20,Retail,Afterpay,COUPON----,6.45,AUD
839574,2024-03-05T08:14:56,2024-03-05,125,38,Retail,Credit Card,COUPON0A-Z,9.1,AUD
839636,2024-03-05T07:23:31,2024-03-05,562,30,Online,PayPal,COUPONA0--,3.12,AUD
839691,2024-03-05T04:03:24,2024-03-05,200,30,Online,Afterpay,COUPONAZ--,5.01,AUD
839708,2024-03-05T11:21:49,2024-03-05,202,47,Online,Credit Card,COUPON0909,8.37,AUD
839710,2024-03-05T08:48:55,2024-03-05,233,5,Online,Afterpay,COUPONZ000,6.64,AUD
839982,2024-03-05T10:42:18,2024-03-05,101,41,Online,Credit Card,COUPON--90,0.8,AUD
840263,2024-03-05T16:37:48,2024-03-05,239,29,Online,Credit Card,COUPON--ZA,16.86,AUD
840414,2024-03-05T14:20:23,2024-03-05,726,23,Online,Afterpay,COUPON--AA,2.49,AUD
840653,2024-03-05T15:09:31,2024-03-05,248,37,Online,PayPal,COUPONZ9ZZ,12.91,AUD
840664,2024-03-05T20:23:35,2024-03-05,478,21,Online,Afterpay,COUPON-Z0-,14.65,AUD
840713,2024-03-05T16:54:03,2024-03-05,333,16,Online,PayPal,COUPON0Z90,16.13,AUD
840715,2024-03-05T18:40:07,2024-03-05,195,40,Online,Credit Card,COUPON--9Z,14.58,AUD
840842,2024-03-05T00:31:10,2024-03-05,133,21,Retail,Afterpay,COUPON-Z-9,5.74,AUD
840889,2024-03-05T07:43:27,2024-03-05,182,29,Online,PayPal,COUPONZ--9,9.01,AUD
840964,2024-03-05T17:10:18,2024-03-05,63,46,Retail,Credit Card,COUPONZ---,6.55,AUD
840982,2024-03-05T01:51:16,2024-03-05,588,45,Retail,Credit Card,COUPON9-0-,15.36,AUD
840986,2024-03-05T10:07:10,2024-03-05,406,48,Retail,Afterpay,COUPON-A09,1.18,AUD
841023,2024-03-05T17:44:17,2024-03-05,39,3,Retail,PayPal,COUPON9A00,10.95,AUD
841173,2024-03-05T19:35:54,2024-03-05,773,25,Retail,Afterpay,COUPON09--,11.71,AUD
841248,2024-03-05T23:26:16,2024-03-05,440,13,Retail,Credit Card,COUPONZA--,6.78,AUD
841272,2024-03-05T21:19:07,2024-03-05,728,41,Retail,PayPal,COUPON--9Z,6.39,AUD
841285,2024-03-05T12:45:58,2024-03-05,408,41,Online,PayPal,COUPON-990,19.74,AUD
841383,2024-03-05T07:39:50,2024-03-05,530,31,Retail,Afterpay,COUPON--A0,15.9,AUD
841512,2024-03-05T18:08:01,2024-03-05,361,38,Retail,PayPal,COUPON900-,17.61,AUD
841596,2024-03-05T23:04:50,2024-03-05,684,50,Retail,Afterpay,COUPON-9--,10.64,AUD
841621,2024-03-05T19:15:09,2024-03-05,387,47,Retail,Afterpay,COUPON--A0,2.53,AUD
841628,2024-03-05T05:35:45,2024-03-05,397,32,Online,Credit Card,COUPON090-,5.25,AUD
841645,2024-03-05T00:02:09,2024-03-05,657,30,Online,Credit Card,COUPON---Z,0.29,AUD
841697,2024-03-05T05:11:47,2024-03-05,488,40,Online,PayPal,COUPON00Z0,8.47,AUD
841730,2024-03-05T05:40:15,2024-03-05,305,18,Retail,Credit Card,COUPON-00-,8.19,AUD
841742,2024-03-05T11:27:27,2024-03-05,286,37,Retail,PayPal,COUPON0A9-,4.09,AUD
841783,2024-03-05T08:19:36,2024-03-05,570,32,Online,PayPal,COUPON0-A-,3.7,AUD
841810,2024-03-05T08:05:55,2024-03-05,256,2,Retail,Credit Card,COUPONZ0Z9,12.67,AUD
841957,2024-03-05T06:21:27,2024-03-05,551,15,Retail,Credit Card,COUPON--09,9.54,AUD
841965,2024-03-05T22:02:00,2024-03-05,265,34,Retail,Afterpay,COUPONZ0AA,7.29,AUD
841986,2024-03-05T20:02:30,2024-03-05,543,37,Retail,Credit Card,COUPON9A9Z,11.24,AUD
842156,2024-03-05T13:32:35,2024-03-05,23,39,Retail,PayPal,COUPON9-Z9,9.63,AUD
842238,2024-03-05T03:56:55,2024-03-05,44,29,Retail,PayPal,COUPON---A,9.13,AUD
842301,2024-03-05T00:48:04,2024-03-05,184,18,Online,PayPal,COUPONZ0-9,10.66,AUD
842319,2024-03-05T12:46:21,2024-03-05,165,11,Online,Credit Card,COUPONZAA-,19.07,AUD
842391,2024-03-05T21:38:38,2024-03-05,469,49,Online,Credit Card,COUPON9--9,2.41,AUD
842418,2024-03-05T19:48:42,2024-03-05,95,46,Retail,PayPal,COUPON9-90,4.84,AUD
842521,2024-03-05T05:39:15,2024-03-05,118,13,Online,Credit Card,COUPON9-99,12.31,AUD
842614,2024-03-05T06:08:00,2024-03-05,507,36,Online,Afterpay,COUPON0-00,17.33,AUD
842731,2024-03-05T20:38:17,2024-03-05,252,39,Online,Credit Card,COUPONZ0Z-,3.57,AUD
842742,2024-03-05T19:36:37,2024-03-05,469,44,Retail,PayPal,COUPON0-0-,14.61,AUD
842893,2024-03-05T02:16:44,2024-03-05,126,43,Retail,PayPal,COUPONA--Z,1.67,AUD
842896,2024-03-05T20:14:57,2024-03-05,780,30,Online,PayPal,COUPON-ZA0,15.36,AUD
842945,2024-03-05T11:19:35,2024-03-05,106,22,Online,Afterpay,COUPON---0,17.0,AUD
842955,2024-03-05T17:46:49,2024-03-05,663,32,Online,PayPal,COUPON099-,7.18,AUD
843002,2024-03-05T14:14:44,2024-03-05,304,18,Online,PayPal,COUPON9--9,4.59,AUD
843061,2024-03-05T14:51:43,2024-03-05,412,23,Online,Credit Card,COUPONAZAA,14.63,AUD
843071,2024-03-05T19:47:26,2024-03-05,400,19,Online,Credit Card,COUPON-A-Z,11.97,AUD
843152,2024-03-05T21:53:58,2024-03-05,222,5,Retail,Credit Card,COUPONA0-Z,13.45,AUD
843457,2024-03-05T04:22:11,2024-03-05,713,26,Online,PayPal,COUPON0Z--,14.78,AUD
843458,2024-03-05T21:30:58,2024-03-05,206,29,Online,Afterpay,COUPONZ-09,15.06,AUD
843525,2024-03-05T22:53:39,2024-03-05,38,8,Online,PayPal,COUPON0Z--,13.88,AUD
843593,2024-03-05T04:00:05,2024-03-05,331,24,Retail,Afterpay,COUPONZZ--,8.15,AUD
843632,2024-03-05T15:48:42,2024-03-05,785,41,Retail,PayPal,COUPON-Z-0,0.76,AUD
843636,2024-03-05T03:12:52,2024-03-05,110,25,Online,Credit Card,COUPON----,10.27,AUD
843684,2024-03-05T09:39:44,2024-03-05,375,43,Retail,Credit Card,COUPON--09,0.07,AUD
843747,2024-03-05T15:27:39,2024-03-05,385,24,Online,Credit Card,COUPON09--,16.12,AUD
843759,2024-03-05T07:37:00,2024-03-05,242,11,Online,Afterpay,COUPONZ0--,18.65,AUD
843817,2024-03-05T18:28:28,2024-03-05,159,44,Online,PayPal,COUPON9ZA-,8.81,AUD
843821,2024-03-05T22:00:21,2024-03-05,461,11,Online,Credit Card,COUPONZZ90,2.3,AUD
844079,2024-03-05T10:26:46,2024-03-05,690,38,Online,Credit Card,COUPON9-AA,11.48,AUD
844085,2024-03-05T07:47:40,2024-03-05,158,30,Online,PayPal,COUPON-A0Z,9.42,AUD
844148,2024-03-05T02:53:50,2024-03-05,19,43,Retail,PayPal,COUPON9A0Z,18.67,AUD
844227,2024-03-05T18:09:35,2024-03-05,207,30,Retail,Afterpay,COUPONA9--,11.8,AUD
844234,2024-03-05T12:30:48,2024-03-05,399,12,Retail,Afterpay,COUPONZ-0A,8.66,AUD
844346,2024-03-05T01:54:29,2024-03-05,333,43,Online,PayPal,COUPON9--Z,4.27,AUD
844375,2024-03-05T22:52:26,2024-03-05,708,30,Online,Afterpay,COUPON90ZA,19.34,AUD
844381,2024-03-05T01:32:49,2024-03-05,530,10,Retail,PayPal,COUPON9A90,1.4,AUD
844406,2024-03-05T06:28:20,2024-03-05,632,31,Online,Credit Card,COUPONAZ9-,15.15,AUD
844460,2024-03-05T22:36:11,2024-03-05,553,19,Online,PayPal,COUPON-A00,18.37,AUD
844718,2024-03-05T22:00:07,2024-03-05,561,25,Online,Afterpay,COUPON----,13.63,AUD
844848,2024-03-05T04:59:03,2024-03-05,7,24,Online,Afterpay,COUPONAA-9,4.91,AUD
844912,2024-03-05T00:18:23,2024-03-05,276,45,Retail,Credit Card,COUPONA9A0,17.88,AUD
844977,2024-03-05T11:23:42,2024-03-05,692,39,Retail,Credit Card,COUPONAA-A,11.25,AUD
845062,2024-03-05T20:11:51,2024-03-05,650,3,Online,Afterpay,COUPON9-9-,9.8,AUD
845064,2024-03-05T06:45:13,2024-03-05,715,8,Retail,Afterpay,COUPON0-A-,15.13,AUD
845188,2024-03-05T23:28:19,2024-03-05,551,18,Retail,Credit Card,COUPON9--9,17.02,AUD
845250,2024-03-05T11:17:02,2024-03-05,373,25,Online,Credit Card,COUPON0--A,8.19,AUD
845384,2024-03-05T01:39:52,2024-03-05,735,7,Online,Credit Card,COUPONZZ0-,4.64,AUD
845537,2024-03-05T18:42:44,2024-03-05,145,24,Online,PayPal,COUPONZ--9,1.95,AUD
845544,2024-03-05T16:27:25,2024-03-05,543,28,Retail,Credit Card,COUPONA0-Z,11.55,AUD
845569,2024-03-05T02:01:45,2024-03-05,474,34,Retail,Credit Card,COUPON--AA,8.28,AUD
845628,2024-03-05T08:18:08,2024-03-05,85,30,Retail,Afterpay,COUPON--0-,3.23,AUD
845650,2024-03-05T09:30:32,2024-03-05,584,13,Retail,Credit Card,COUPONZA9A,8.16,AUD
845737,2024-03-05T04:37:44,2024-03-05,371,33,Online,PayPal,COUPONZ-00,16.53,AUD
845754,2024-03-05T18:01:38,2024-03-05,736,14,Retail,PayPal,COUPON99A0,15.6,AUD
845969,2024-03-05T23:34:23,2024-03-05,313,34,Retail,Afterpay,COUPONA---,13.73,AUD
845988,2024-03-05T11:45:10,2024-03-05,162,46,Retail,PayPal,COUPON-0A-,16.51,AUD
846075,2024-03-05T17:18:09,2024-03-05,263,35,Online,Afterpay,COUPONZA9A,4.86,AUD
846266,2024-03-05T04:11:05,2024-03-05,607,2,Retail,Afterpay,COUPON--9-,14.98,AUD
846289,2024-03-05T02:00:45,2024-03-05,569,27,Online,Afterpay,COUPON-90A,0.6,AUD
846322,2024-03-05T10:25:49,2024-03-05,259,8,Retail,Afterpay,COUPON00Z9,11.87,AUD
846332,2024-03-05T22:00:37,2024-03-05,383,41,Retail,Afterpay,COUPON-Z-9,18.61,AUD
846406,2024-03-05T14:33:44,2024-03-05,573,46,Online,Credit Card,COUPON---Z,5.64,AUD
846576,2024-03-05T15:43:12,2024-03-05,766,12,Online,PayPal,COUPON09-Z,14.66,AUD
846693,2024-03-05T14:57:39,2024-03-05,269,26,Online,Credit Card,COUPONA--0,18.83,AUD
846760,2024-03-05T16:39:52,2024-03-05,185,29,Retail,PayPal,COUPON9-Z-,0.24,AUD
846876,2024-03-05T17:08:17,2024-03-05,560,37,Retail,Credit Card,COUPONAZ--,2.38,AUD
846891,2024-03-05T21:49:40,2024-03-05,620,48,Online,Credit Card,COUPONA9ZA,17.99,AUD
846973,2024-03-05T12:01:34,2024-03-05,728,47,Retail,PayPal,COUPONZA9-,18.34,AUD
846974,2024-03-05T12:25:28,2024-03-05,351,7,Online,Credit Card,COUPON0A90,9.86,AUD
847062,2024-03-05T05:30:10,2024-03-05,465,9,Retail,Afterpay,COUPON-ZA-,12.9,AUD
847082,2024-03-05T20:42:51,2024-03-05,29,33,Retail,Afterpay,COUPON-000,15.74,AUD
847181,2024-03-05T22:39:01,2024-03-05,507,21,Retail,Credit Card,COUPONZZ-9,19.84,AUD
847339,2024-03-05T00:21:14,2024-03-05,420,42,Retail,PayPal,COUPONZ--9,17.64,AUD
847398,2024-03-05T11:06:58,2024-03-05,309,9,Retail,PayPal,COUPON00A9,14.98,AUD
847416,2024-03-05T02:45:48,2024-03-05,421,15,Retail,Credit Card,COUPON-Z9-,5.73,AUD
847806,2024-03-05T11:16:36,2024-03-05,150,27,Retail,PayPal,COUPON-09A,5.01,AUD
848022,2024-03-05T06:39:29,2024-03-05,676,12,Online,Credit Card,COUPONZ9Z0,2.64,AUD
848091,2024-03-05T18:19:50,2024-03-05,765,18,Online,PayPal,COUPONZ-Z0,18.55,AUD
848094,2024-03-05T06:23:53,2024-03-05,740,45,Online,Credit Card,COUPON-Z-0,5.33,AUD
848096,2024-03-05T17:31:21,2024-03-05,85,41,Online,Afterpay,COUPONAA90,11.45,AUD
848130,2024-03-05T10:22:39,2024-03-05,270,47,Online,Credit Card,COUPON-A--,16.82,AUD
848350,2024-03-05T09:06:36,2024-03-05,287,29,Retail,PayPal,COUPON0-Z-,18.71,AUD
848389,2024-03-05T23:27:34,2024-03-05,243,11,Retail,Afterpay,COUPON0Z--,13.17,AUD
848447,2024-03-05T07:57:04,2024-03-05,589,37,Retail,PayPal,COUPON-9-9,19.48,AUD
848487,2024-03-05T22:07:12,2024-03-05,254,46,Retail,Afterpay,COUPON9909,15.42,AUD
848560,2024-03-05T00:22:48,2024-03-05,455,14,Online,Credit Card,COUPONZZZ-,12.1,AUD
848581,2024-03-05T00:16:26,2024-03-05,103,46,Retail,PayPal,COUPON9Z-0,5.44,AUD
848751,2024-03-05T15:43:10,2024-03-05,125,1,Online,Afterpay,COUPON0A-9,19.13,AUD
848762,2024-03-05T08:19:25,2024-03-05,546,37,Retail,Afterpay,COUPON---Z,3.59,AUD
848776,2024-03-05T01:49:57,2024-03-05,788,21,Retail,PayPal,COUPON-A90,12.25,AUD
848851,2024-03-05T17:08:51,2024-03-05,564,16,Retail,PayPal,COUPONA0Z-,12.15,AUD
848883,2024-03-05T20:13:22,2024-03-05,129,36,Online,Credit Card,COUPON-AA-,8.95,AUD
848884,2024-03-05T11:34:47,2024-03-05,733,22,Online,PayPal,COUPONZ9ZZ,9.76,AUD
848890,2024-03-05T19:55:56,2024-03-05,702,24,Retail,Credit Card,COUPON-000,13.01,AUD
848972,2024-03-05T18:46:39,2024-03-05,351,11,Retail,Credit Card,COUPON-0Z9,6.51,AUD
848987,2024-03-05T21:57:36,2024-03-05,447,10,Retail,Afterpay,COUPONZAA0,12.64,AUD
849077,2024-03-05T19:07:18,2024-03-05,100,41,Online,Afterpay,COUPONA90-,9.4,AUD
849290,2024-03-05T04:13:56,2024-03-05,637,13,Online,Afterpay,COUPON9Z-A,3.76,AUD
849448,2024-03-05T07:07:44,2024-03-05,190,42,Online,Credit Card,COUPONZA-0,9.35,AUD
849467,2024-03-05T01:09:37,2024-03-05,56,31,Retail,Afterpay,COUPONZ990,15.79,AUD
849475,2024-03-05T15:33:24,2024-03-05,462,12,Online,PayPal,COUPONZZ9A,12.14,AUD
849780,2024-03-05T21:32:40,2024-03-05,268,36,Online,Credit Card,COUPON-AAA,2.12,AUD
849828,2024-03-05T13:33:00,2024-03-05,86,48,Online,Afterpay,COUPON000A,7.84,AUD
850008,2024-03-05T06:21:37,2024-03-05,671,34,Online,Afterpay,COUPON9-A-,11.34,AUD
850083,2024-03-05T11:38:08,2024-03-05,692,45,Retail,PayPal,COUPON-Z-A,12.54,AUD
850102,2024-03-05T22:41:41,2024-03-05,165,42,Retail,Afterpay,COUPON0-0-,9.1,AUD
850167,2024-03-05T06:51:37,2024-03-05,509,43,Online,Afterpay,COUPONAAZ-,11.63,AUD
850203,2024-03-05T21:12:01,2024-03-05,763,30,Online,Credit Card,COUPON-9-9,10.69,AUD
850271,2024-03-05T16:46:03,2024-03-05,449,43,Retail,PayPal,COUPON--99,9.51,AUD
850332,2024-03-05T01:51:55,2024-03-05,258,13,Online,Afterpay,COUPON9Z--,1.7,AUD
850335,2024-03-05T22:55:01,2024-03-05,684,11,Online,Credit Card,COUPON---9,5.43,AUD
850352,2024-03-05T06:00:24,2024-03-05,57,13,Retail,Credit Card,COUPON0Z-Z,13.1,AUD
850400,2024-03-05T00:28:37,2024-03-05,592,21,Retail,PayPal,COUPON009Z,11.27,AUD
850407,2024-03-05T11:11:31,2024-03-05,697,49,Retail,Credit Card,COUPONZAZZ,2.88,AUD
850427,2024-03-05T07:16:47,2024-03-05,331,26,Online,PayPal,COUPON09-Z,16.42,AUD
850495,2024-03-05T21:07:28,2024-03-05,278,43,Retail,Credit Card,COUPON0-9-,13.62,AUD
850872,2024-03-05T23:53:55,2024-03-05,724,8,Retail,PayPal,COUPON0A0-,10.41,AUD
850893,2024-03-05T20:39:17,2024-03-05,549,33,Online,Afterpay,COUPONZ-90,7.9,AUD
850998,2024-03-05T13:16:39,2024-03-05,308,9,Online,PayPal,COUPONZ--A,5.69,AUD
851471,2024-03-05T21:22:32,2024-03-05,621,11,Online,Afterpay,COUPON----,16.1,AUD
851542,2024-03-05T20:25:04,2024-03-05,371,44,Retail,Afterpay,COUPON-Z90,16.06,AUD
851669,2024-03-05T23:07:25,2024-03-05,542,5,Retail,Afterpay,COUPON---0,11.16,AUD
851683,2024-03-05T22:52:30,2024-03-05,375,17,Retail,Afterpay,COUPONZZ--,6.02,AUD
851797,2024-03-05T12:25:23,2024-03-05,408,50,Retail,Afterpay,COUPON9Z0Z,2.31,AUD
851826,2024-03-05T13:43:26,2024-03-05,137,50,Retail,Afterpay,COUPON9-90,16.48,AUD
851967,2024-03-05T18:32:22,2024-03-05,425,16,Online,Afterpay,COUPON-A99,2.27,AUD
852018,2024-03-05T21:18:07,2024-03-05,280,3,Retail,Credit Card,COUPONAA-A,19.29,AUD
852185,2024-03-05T02:54:22,2024-03-05,743,32,Retail,Credit Card,COUPON--AA,13.48,AUD
852213,2024-03-05T12:48:44,2024-03-05,534,5,Retail,Credit Card,COUPON--ZZ,5.67,AUD
852227,2024-03-05T20:56:01,2024-03-05,199,13,Online,PayPal,COUPON--AA,0.63,AUD
852346,2024-03-05T20:12:56,2024-03-05,508,7,Retail,Credit Card,COUPON00--,14.84,AUD
852458,2024-03-05T16:27:55,2024-03-05,293,35,Retail,Afterpay,COUPON9AA0,8.53,AUD
852546,2024-03-05T04:21:37,2024-03-05,664,49,Retail,PayPal,COUPONA09-,14.67,AUD
852583,2024-03-05T15:12:13,2024-03-05,351,16,Retail,Afterpay,COUPON-9AZ,19.76,AUD
852756,2024-03-05T06:36:09,2024-03-05,486,12,Online,Credit Card,COUPON-Z90,3.78,AUD
852760,2024-03-05T06:24:55,2024-03-05,313,3,Retail,Afterpay,COUPON9A--,2.85,AUD
852794,2024-03-05T17:01:55,2024-03-05,727,31,Retail,Credit Card,COUPON900-,16.12,AUD
852815,2024-03-05T09:02:39,2024-03-05,308,27,Online,PayPal,COUPON---0,1.65,AUD
852895,2024-03-05T18:36:54,2024-03-05,720,22,Retail,Credit Card,COUPONZ-9-,1.62,AUD
852896,2024-03-05T23:20:52,2024-03-05,201,13,Retail,Afterpay,COUPON-Z9Z,18.78,AUD
853010,2024-03-05T15:17:39,2024-03-05,591,23,Retail,PayPal,COUPON----,9.14,AUD
853018,2024-03-05T11:19:13,2024-03-05,741,24,Retail,Credit Card,COUPONZ-A0,11.49,AUD
853144,2024-03-05T21:10:12,2024-03-05,387,40,Retail,PayPal,COUPON--0-,18.64,AUD
853188,2024-03-05T14:23:26,2024-03-05,775,5,Online,PayPal,COUPONZ9--,10.31,AUD
853351,2024-03-05T05:23:08,2024-03-05,232,6,Online,Afterpay,COUPON-Z9A,19.07,AUD
853362,2024-03-05T08:48:51,2024-03-05,168,18,Retail,PayPal,COUPON9Z-Z,12.73,AUD
853476,2024-03-05T01:43:40,2024-03-05,396,31,Retail,Credit Card,COUPON-AA0,0.84,AUD
853515,2024-03-05T16:07:33,2024-03-05,89,38,Online,Credit Card,COUPON----,12.47,AUD
853583,2024-03-05T20:28:15,2024-03-05,783,47,Online,Afterpay,COUPONZA00,17.3,AUD
853911,2024-03-05T14:14:30,2024-03-05,306,38,Retail,Credit Card,COUPON--AZ,15.89,AUD
853914,2024-03-05T00:52:32,2024-03-05,496,30,Retail,PayPal,COUPONZZ-0,2.23,AUD
853966,2024-03-05T12:30:28,2024-03-05,67,31,Retail,PayPal,COUPON0-9A,17.54,AUD
854006,2024-03-05T10:46:36,2024-03-05,388,38,Retail,PayPal,COUPON9A00,7.99,AUD
854127,2024-03-05T21:07:23,2024-03-05,260,19,Online,Credit Card,COUPONAA-0,6.68,AUD
854170,2024-03-05T15:23:56,2024-03-05,198,11,Retail,Credit Card,COUPONZ-99,14.2,AUD
854242,2024-03-05T02:11:24,2024-03-05,252,26,Online,Afterpay,COUPONA90-,9.89,AUD
854355,2024-03-05T12:15:58,2024-03-05,294,17,Online,Credit Card,COUPONZA9A,16.59,AUD
854481,2024-03-05T08:56:59,2024-03-05,350,25,Online,PayPal,COUPON----,7.52,AUD
854649,2024-03-05T17:04:47,2024-03-05,723,48,Retail,Credit Card,COUPON9---,3.92,AUD
854779,2024-03-05T18:21:41,2024-03-05,402,13,Retail,Credit Card,COUPONAZZZ,7.11,AUD
854780,2024-03-05T06:17:20,2024-03-05,224,4,Retail,Afterpay,COUPON9AAA,15.19,AUD
854956,2024-03-05T12:08:24,2024-03-05,703,33,Retail,Credit Card,COUPONZ-0-,2.93,AUD
854958,2024-03-05T17:43:00,2024-03-05,521,30,Retail,Afterpay,COUPON-9AZ,19.18,AUD
855035,2024-03-05T06:28:52,2024-03-05,726,28,Online,Credit Card,COUPON-0A-,7.71,AUD
855055,2024-03-05T22:49:49,2024-03-05,414,13,Retail,Credit Card,COUPON----,10.85,AUD
855158,2024-03-05T12:26:19,2024-03-05,508,34,Online,Afterpay,COUPON-A-9,2.02,AUD
855214,2024-03-05T05:34:53,2024-03-05,173,15,Online,PayPal,COUPONAA-9,6.88,AUD
855300,2024-03-05T02:15:12,2024-03-05,785,42,Retail,Credit Card,COUPON-Z--,9.89,AUD
855343,2024-03-05T16:13:47,2024-03-05,92,18,Online,Credit Card,COUPON9Z9-,19.67,AUD
855408,2024-03-05T20:57:54,2024-03-05,687,4,Online,Credit Card,COUPON-Z00,7.26,AUD
855618,2024-03-05T20:00:24,2024-03-05,730,29,Online,Afterpay,COUPON-Z00,11.5,AUD
855647,2024-03-05T00:19:37,2024-03-05,525,8,Retail,PayPal,COUPONZ09Z,15.69,AUD
855727,2024-03-05T16:24:02,2024-03-05,360,32,Online,Credit Card,COUPON--9-,10.58,AUD
855962,2024-03-05T11:07:35,2024-03-05,550,45,Online,Credit Card,COUPONZ--Z,19.23,AUD
855981,2024-03-05T20:27:34,2024-03-05,423,6,Retail,PayPal,COUPON----,2.78,AUD
856055,2024-03-05T02:26:40,2024-03-05,110,4,Online,PayPal,COUPONZZ--,11.09,AUD
856145,2024-03-05T00:52:24,2024-03-05,97,6,Online,Afterpay,COUPONA0AA,17.6,AUD
856165,2024-03-05T02:47:16,2024-03-05,674,17,Online,PayPal,COUPONA0-0,6.0,AUD
856185,2024-03-05T02:54:56,2024-03-05,618,9,Online,PayPal,COUPON-Z-A,15.3,AUD
856219,2024-03-05T05:10:23,2024-03-05,333,18,Retail,Afterpay,COUPON0ZZ0,3.33,AUD
856345,2024-03-05T14:48:10,2024-03-05,25,7,Retail,PayPal,COUPONA--9,9.83,AUD
856479,2024-03-05T13:58:17,2024-03-05,160,14,Retail,Credit Card,COUPON00A-,9.77,AUD
856528,2024-03-05T06:41:51,2024-03-05,92,39,Online,Afterpay,COUPON-0Z-,14.57,AUD
856605,2024-03-05T05:08:59,2024-03-05,20,42,Retail,Afterpay,COUPONZZZA,19.62,AUD
856673,2024-03-05T11:24:27,2024-03-05,295,3,Online,PayPal,COUPON-9-9,14.02,AUD
856681,2024-03-05T21:29:35,2024-03-05,550,15,Retail,Credit Card,COUPONZ900,19.59,AUD
856702,2024-03-05T14:34:22,2024-03-05,381,30,Retail,Credit Card,COUPON-0--,10.94,AUD
856707,2024-03-05T11:24:55,2024-03-05,193,4,Retail,PayPal,COUPON-Z0-,10.28,AUD
856767,2024-03-05T09:05:27,2024-03-05,261,42,Retail,PayPal,COUPON--Z0,14.17,AUD
856837,2024-03-05T20:56:52,2024-03-05,438,12,Retail,Afterpay,COUPON9---,13.77,AUD
856911,2024-03-05T11:19:31,2024-03-05,427,38,Online,Credit Card,COUPONZZZ-,2.61,AUD
857060,2024-03-05T05:42:14,2024-03-05,196,45,Online,Credit Card,COUPONZZ9-,18.21,AUD
857398,2024-03-05T19:37:31,2024-03-05,436,7,Online,PayPal,COUPON0A--,12.0,AUD
857454,2024-03-05T22:21:18,2024-03-05,590,15,Online,Afterpay,COUPON--Z-,10.31,AUD
857719,2024-03-05T20:34:22,2024-03-05,369,2,Online,Credit Card,COUPONZZA-,17.17,AUD
857756,2024-03-05T23:33:39,2024-03-05,545,8,Retail,Afterpay,COUPON-A90,2.92,AUD
857795,2024-03-05T06:08:50,2024-03-05,294,40,Online,PayPal,COUPONA9A-,15.93,AUD
857798,2024-03-05T16:37:58,2024-03-05,594,2,Online,Afterpay,COUPON0A9A,1.05,AUD
857844,2024-03-05T14:41:58,2024-03-05,614,12,Online,PayPal,COUPON0---,1.78,AUD
857929,2024-03-05T01:36:37,2024-03-05,296,4,Retail,PayPal,COUPON-0-Z,12.09,AUD
858020,2024-03-05T22:51:05,2024-03-05,596,26,Online,Afterpay,COUPONA00Z,13.49,AUD
858040,2024-03-05T11:15:47,2024-03-05,212,36,Retail,Afterpay,COUPON99A0,19.46,AUD
858128,2024-03-05T20:53:05,2024-03-05,19,2,Retail,Afterpay,COUPON--A-,13.45,AUD
858312,2024-03-05T20:16:49,2024-03-05,280,4,Online,Afterpay,COUPONZ-Z0,5.09,AUD
858366,2024-03-05T06:26:28,2024-03-05,631,33,Retail,Credit Card,COUPONZ9-A,15.9,AUD
858458,2024-03-05T00:12:26,2024-03-05,493,36,Retail,Credit Card,COUPONZ9AZ,12.63,AUD
858689,2024-03-05T08:50:25,2024-03-05,25,25,Retail,PayPal,COUPON-9Z9,2.74,AUD
858765,2024-03-05T07:21:01,2024-03-05,586,10,Online,PayPal,COUPON----,12.4,AUD
858766,2024-03-05T11:43:01,2024-03-05,649,4,Retail,Afterpay,COUPON0-0A,3.15,AUD
858788,2024-03-05T07:11:04,2024-03-05,681,27,Online,Credit Card,COUPON90AA,2.75,AUD
858817,2024-03-05T05:13:00,2024-03-05,590,37,Retail,Credit Card,COUPON-099,2.42,AUD
858843,2024-03-05T10:47:36,2024-03-05,599,39,Online,Afterpay,COUPONA-9-,17.63,AUD
858868,2024-03-05T18:12:25,2024-03-05,228,40,Retail,PayPal,COUPON9A00,19.58,AUD
858906,2024-03-05T04:42:27,2024-03-05,442,9,Online,Afterpay,COUPONA9--,13.12,AUD
859051,2024-03-05T16:02:45,2024-03-05,206,43,Online,Afterpay,COUPON-AZ0,2.23,AUD
859080,2024-03-05T09:36:00,2024-03-05,577,49,Retail,Credit Card,COUPON-090,12.85,AUD
859094,2024-03-05T11:35:52,2024-03-05,3,49,Online,Credit Card,COUPONA90Z,10.06,AUD
859113,2024-03-05T21:17:14,2024-03-05,507,34,Online,PayPal,COUPON--0-,14.17,AUD
859290,2024-03-05T13:13:29,2024-03-05,71,26,Online,PayPal,COUPONA-0-,14.1,AUD
859430,2024-03-05T01:37:46,2024-03-05,280,5,Retail,Afterpay,COUPON09-Z,13.01,AUD
859546,2024-03-05T03:30:55,2024-03-05,56,20,Retail,Credit Card,COUPONZ---,17.97,AUD
859605,2024-03-05T18:16:29,2024-03-05,457,48,Retail,Credit Card,COUPONZ---,5.81,AUD
859803,2024-03-05T18:24:54,2024-03-05,425,38,Online,Afterpay,COUPON-A00,19.8,AUD
859832,2024-03-05T18:09:38,2024-03-05,593,29,Online,Credit Card,COUPONA009,9.62,AUD
859870,2024-03-05T08:45:56,2024-03-05,141,10,Retail,PayPal,COUPON-00-,1.31,AUD
859883,2024-03-05T12:20:43,2024-03-05,762,30,Online,Afterpay,COUPON9Z-Z,4.77,AUD
859919,2024-03-05T22:09:33,2024-03-05,384,13,Retail,Afterpay,COUPON--9A,2.95,AUD
859921,2024-03-05T11:36:33,2024-03-05,687,2,Retail,Afterpay,COUPON--Z-,11.11,AUD
860020,2024-03-05T12:34:04,2024-03-05,516,9,Online,PayPal,COUPON0AA9,14.39,AUD
860024,2024-03-05T10:00:25,2024-03-05,525,43,Retail,PayPal,COUPON090Z,19.13,AUD
860071,2024-03-05T15:14:59,2024-03-05,7,43,Retail,Credit Card,COUPON0-A0,1.42,AUD
860143,2024-03-05T14:37:23,2024-03-05,166,7,Retail,PayPal,COUPON-Z9A,0.27,AUD
860190,2024-03-05T19:49:51,2024-03-05,671,37,Online,PayPal,COUPON-0-9,7.75,AUD
860445,2024-03-05T18:40:35,2024-03-05,248,17,Retail,Credit Card,COUPONZAA-,5.51,AUD
860474,2024-03-05T20:39:17,2024-03-05,496,6,Online,Afterpay,COUPON-AZ-,8.59,AUD
860478,2024-03-05T10:29:44,2024-03-05,141,34,Online,PayPal,COUPON0-9A,5.74,AUD
860565,2024-03-05T07:02:57,2024-03-05,525,28,Retail,PayPal,COUPONZ0-Z,0.51,AUD
860577,2024-03-05T07:57:47,2024-03-05,6,50,Online,Credit Card,COUPONZ909,2.78,AUD
860602,2024-03-05T09:11:08,2024-03-05,514,44,Online,PayPal,COUPONZ-A9,10.68,AUD
860616,2024-03-05T19:24:04,2024-03-05,615,7,Retail,Afterpay,COUPON-0A-,3.34,AUD
860653,2024-03-05T11:15:23,2024-03-05,137,39,Online,PayPal,COUPON90Z-,13.56,AUD
860846,2024-03-05T10:07:30,2024-03-05,686,23,Online,PayPal,COUPONZ0-9,12.5,AUD
860875,2024-03-05T10:40:15,2024-03-05,57,5,Online,Afterpay,COUPON-A--,17.91,AUD
860877,2024-03-05T07:26:17,2024-03-05,473,14,Online,Credit Card,COUPONAA-Z,16.32,AUD
860934,2024-03-05T17:56:28,2024-03-05,274,31,Retail,PayPal,COUPON0---,18.61,AUD
861173,2024-03-05T01:51:09,2024-03-05,310,29,Retail,Credit Card,COUPON-A--,0.91,AUD
861288,2024-03-05T21:04:14,2024-03-05,366,26,Online,PayPal,COUPONA9ZA,18.59,AUD
861306,2024-03-05T17:49:30,2024-03-05,752,47,Retail,Afterpay,COUPON-ZZA,10.0,AUD
861356,2024-03-05T06:22:46,2024-03-05,374,35,Online,PayPal,COUPON--9A,6.06,AUD
861516,2024-03-05T06:55:12,2024-03-05,493,48,Online,Afterpay,COUPON0A-A,7.3,AUD
861558,2024-03-05T08:54:28,2024-03-05,593,7,Online,Afterpay,COUPON9Z0-,17.92,AUD
861600,2024-03-05T00:25:58,2024-03-05,461,9,Online,PayPal,COUPONZ--A,5.83,AUD
861628,2024-03-05T11:11:48,2024-03-05,486,24,Online,Afterpay,COUPONZ-A-,11.25,AUD
861773,2024-03-05T04:25:57,2024-03-05,791,40,Online,Afterpay,COUPONA00Z,5.45,AUD
861779,2024-03-05T15:20:44,2024-03-05,395,40,Online,Afterpay,COUPON9-Z0,17.78,AUD
861799,2024-03-05T12:47:50,2024-03-05,533,34,Retail,Credit Card,COUPON-0-Z,18.63,AUD
862005,2024-03-05T01:19:27,2024-03-05,178,8,Retail,Credit Card,COUPON-9A0,13.33,AUD
862137,2024-03-05T18:05:40,2024-03-05,386,21,Online,Credit Card,COUPONZZ9A,17.74,AUD
862490,2024-03-05T05:53:42,2024-03-05,11,33,Online,Credit Card,COUPON-A-0,12.84,AUD
862584,2024-03-05T19:20:57,2024-03-05,296,19,Retail,Afterpay,COUPON-A99,17.27,AUD
862618,2024-03-05T11:25:09,2024-03-05,743,37,Retail,PayPal,COUPON9--9,8.23,AUD
862629,2024-03-05T10:54:55,2024-03-05,420,43,Retail,Afterpay,COUPONAA0Z,19.53,AUD
862652,2024-03-05T13:06:29,2024-03-05,611,42,Online,Afterpay,COUPONA-AA,16.9,AUD
862977,2024-03-05T16:41:30,2024-03-05,786,40,Online,Credit Card,COUPON0-Z-,13.45,AUD
863030,2024-03-05T02:49:50,2024-03-05,633,38,Retail,Afterpay,COUPON-090,0.41,AUD
863259,2024-03-05T09:04:12,2024-03-05,11,24,Online,Afterpay,COUPON--09,7.89,AUD
863290,2024-03-05T22:44:54,2024-03-05,712,45,Online,Afterpay,COUPON--A-,15.0,AUD
863349,2024-03-05T02:27:40,2024-03-05,743,42,Retail,Afterpay,COUPON--AZ,8.28,AUD
863366,2024-03-05T16:31:24,2024-03-05,573,45,Online,PayPal,COUPONZA0-,3.16,AUD
863376,2024-03-05T14:33:51,2024-03-05,113,1,Online,PayPal,COUPONA-00,11.11,AUD
863656,2024-03-05T04:18:31,2024-03-05,328,37,Online,Afterpay,COUPON9Z90,13.83,AUD
863721,2024-03-05T21:26:24,2024-03-05,97,27,Retail,PayPal,COUPON9--A,12.5,AUD
863744,2024-03-05T12:09:42,2024-03-05,284,14,Online,PayPal,COUPON0-Z-,13.8,AUD
863769,2024-03-05T10:14:14,2024-03-05,208,11,Online,Credit Card,COUPONZ---,3.13,AUD
863999,2024-03-05T23:20:34,2024-03-05,119,27,Retail,Afterpay,COUPON0AA0,7.78,AUD
864076,2024-03-05T09:11:55,2024-03-05,368,11,Online,PayPal,COUPONAA90,4.13,AUD
864121,2024-03-05T21:14:35,2024-03-05,235,30,Retail,Credit Card,COUPON0AZ-,4.79,AUD
864212,2024-03-05T21:01:37,2024-03-05,304,11,Retail,Credit Card,COUPON0A9A,13.56,AUD
864277,2024-03-05T08:01:37,2024-03-05,150,30,Retail,Credit Card,COUPON-AA-,5.32,AUD
864310,2024-03-05T08:07:08,2024-03-05,542,25,Retail,PayPal,COUPON90-9,12.33,AUD
864390,2024-03-05T22:39:57,2024-03-05,699,36,Retail,Afterpay,COUPONZ-0-,15.88,AUD
864392,2024-03-05T23:07:34,2024-03-05,276,23,Retail,PayPal,COUPON--00,18.93,AUD
864534,2024-03-05T09:33:52,2024-03-05,423,17,Retail,Afterpay,COUPON-AA-,18.16,AUD
864548,2024-03-05T06:12:53,2024-03-05,636,5,Online,PayPal,COUPON-Z0A,8.78,AUD
864714,2024-03-05T04:54:08,2024-03-05,383,46,Online,Afterpay,COUPONAA0A,16.55,AUD
864719,2024-03-05T14:21:28,2024-03-05,542,45,Retail,PayPal,COUPON-0-9,7.82,AUD
865087,2024-03-05T06:23:48,2024-03-05,159,24,Online,Credit Card,COUPON0AA-,11.6,AUD
865121,2024-03-05T16:07:19,2024-03-05,380,5,Retail,Credit Card,COUPON9AA9,13.57,AUD
865139,2024-03-05T18:16:34,2024-03-05,145,29,Online,PayPal,COUPONZAA0,9.23,AUD
865314,2024-03-05T13:35:17,2024-03-05,293,15,Retail,PayPal,COUPONA-ZA,15.39,AUD
865629,2024-03-05T03:31:05,2024-03-05,94,48,Online,Afterpay,COUPON--09,1.3,AUD
865651,2024-03-05T04:09:26,2024-03-05,505,34,Online,PayPal,COUPON----,3.43,AUD
865661,2024-03-05T00:15:11,2024-03-05,599,36,Retail,Credit Card,COUPON0---,10.78,AUD
865814,2024-03-05T11:00:28,2024-03-05,258,42,Retail,Afterpay,COUPONA-90,5.54,AUD
865887,2024-03-05T01:56:00,2024-03-05,225,38,Retail,PayPal,COUPON-A-0,7.03,AUD
865983,2024-03-05T09:02:59,2024-03-05,367,47,Retail,Credit Card,COUPONA---,4.57,AUD
866103,2024-03-05T14:21:22,2024-03-05,182,21,Online,Credit Card,COUPONA9Z9,4.15,AUD
866228,2024-03-05T15:08:56,2024-03-05,613,25,Retail,Afterpay,COUPON-A00,15.74,AUD
866358,2024-03-05T14:34:43,2024-03-05,20,31,Retail,PayPal,COUPON-0AZ,13.85,AUD
866429,2024-03-05T04:25:19,2024-03-05,39,9,Online,PayPal,COUPONA-A-,15.35,AUD
866573,2024-03-05T06:56:35,2024-03-05,705,11,Retail,PayPal,COUPON-A-Z,3.31,AUD
866588,2024-03-05T10:16:21,2024-03-05,782,18,Online,PayPal,COUPON-0-9,1.46,AUD
866601,2024-03-05T12:32:50,2024-03-05,35,14,Retail,PayPal,COUPONA99A,2.22,AUD
866634,2024-03-05T20:06:56,2024-03-05,519,36,Retail,PayPal,COUPON-ZA0,9.06,AUD
866805,2024-03-05T03:33:41,2024-03-05,687,15,Online,Afterpay,COUPON-0Z0,0.45,AUD
866904,2024-03-05T06:06:24,2024-03-05,683,18,Online,Credit Card,COUPONA09Z,0.15,AUD
867261,2024-03-05T23:16:58,2024-03-05,243,47,Online,Credit Card,COUPONZ9A9,4.82,AUD
867362,2024-03-05T03:56:10,2024-03-05,66,48,Online,Credit Card,COUPONA9-0,14.42,AUD
867579,2024-03-05T04:31:57,2024-03-05,687,35,Retail,Credit Card,COUPON0A-Z,1.08,AUD
867731,2024-03-05T07:34:16,2024-03-05,16,18,Online,PayPal,COUPON0--Z,2.3,AUD
867823,2024-03-05T04:18:25,2024-03-05,434,44,Online,PayPal,COUPON-Z-Z,19.45,AUD
867897,2024-03-05T09:56:11,2024-03-05,364,32,Retail,Credit Card,COUPON--9-,0.17,AUD
867909,2024-03-05T12:23:35,2024-03-05,135,11,Retail,Credit Card,COUPON--ZZ,10.36,AUD
867948,2024-03-05T11:29:19,2024-03-05,709,8,Retail,Afterpay,COUPON0ZZZ,13.59,AUD
868022,2024-03-05T09:21:10,2024-03-05,177,8,Retail,Credit Card,COUPON90Z-,14.64,AUD
868109,2024-03-05T11:14:24,2024-03-05,579,11,Online,Credit Card,COUPON--00,11.04,AUD
868119,2024-03-05T09:51:37,2024-03-05,120,25,Retail,PayPal,COUPON-ZAZ,19.05,AUD
868357,2024-03-05T13:46:42,2024-03-05,287,29,Retail,Credit Card,COUPON9990,15.25,AUD
868525,2024-03-05T06:53:12,2024-03-05,676,1,Online,Credit Card,COUPON99AA,9.82,AUD
868571,2024-03-05T07:56:30,2024-03-05,756,28,Online,Afterpay,COUPON-9-A,0.41,AUD
868634,2024-03-05T08:47:33,2024-03-05,505,41,Retail,Afterpay,COUPON--0Z,17.19,AUD
868642,2024-03-05T09:16:32,2024-03-05,154,1,Online,PayPal,COUPON--A-,17.96,AUD
868680,2024-03-05T16:01:22,2024-03-05,642,50,Retail,PayPal,COUPONZ99-,4.42,AUD
868733,2024-03-05T20:07:10,2024-03-05,41,30,Retail,Afterpay,COUPON90A0,8.62,AUD
869000,2024-03-05T13:58:20,2024-03-05,155,16,Online,PayPal,COUPONA000,8.17,AUD
869026,2024-03-05T05:29:57,2024-03-05,577,39,Retail,Credit Card,COUPON-0--,10.4,AUD
869120,2024-03-05T06:24:05,2024-03-05,725,5,Retail,PayPal,COUPON9-9A,11.69,AUD
869122,2024-03-05T19:39:43,2024-03-05,312,34,Online,Afterpay,COUPON-A-9,11.9,AUD
869198,2024-03-05T03:25:01,2024-03-05,383,4,Online,Credit Card,COUPONA--0,7.52,AUD
869300,2024-03-05T06:28:49,2024-03-05,591,9,Retail,PayPal,COUPON000-,18.29,AUD
869426,2024-03-05T21:29:52,2024-03-05,152,24,Retail,PayPal,COUPON0-0A,12.58,AUD
869490,2024-03-05T12:27:17,2024-03-05,191,41,Online,Afterpay,COUPON009-,8.33,AUD
869557,2024-03-05T14:37:30,2024-03-05,127,38,Online,Afterpay,COUPONA0Z0,5.15,AUD
869567,2024-03-05T12:44:40,2024-03-05,642,29,Online,PayPal,COUPON-A--,11.7,AUD
869649,2024-03-05T06:18:40,2024-03-05,44,4,Retail,PayPal,COUPONZ9--,11.53,AUD
869768,2024-03-05T04:44:05,2024-03-05,101,11,Online,Credit Card,COUPONA-9A,15.03,AUD
869829,2024-03-05T08:36:46,2024-03-05,546,11,Online,Afterpay,COUPON90Z9,14.32,AUD
869948,2024-03-05T01:47:54,2024-03-05,516,49,Online,PayPal,COUPON9-9-,6.93,AUD
869974,2024-03-05T16:12:43,2024-03-05,346,28,Online,Afterpay,COUPON--A-,5.44,AUD
870226,2024-03-05T13:40:07,2024-03-05,531,26,Online,Credit Card,COUPONZ9A-,9.07,AUD
870280,2024-03-05T13:26:14,2024-03-05,154,42,Online,PayPal,COUPONA0A-,17.73,AUD
870282,2024-03-05T12:40:23,2024-03-05,195,50,Retail,PayPal,COUPON0--Z,0.98,AUD
870302,2024-03-05T23:14:13,2024-03-05,120,10,Online,PayPal,COUPON-A0Z,15.15,AUD
870390,2024-03-05T09:34:56,2024-03-05,587,33,Online,Afterpay,COUPON-9A-,17.41,AUD
870464,2024-03-05T14:17:19,2024-03-05,201,20,Retail,Credit Card,COUPON---A,15.54,AUD
870485,2024-03-05T16:37:13,2024-03-05,103,5,Retail,PayPal,COUPONA900,1.11,AUD
870489,2024-03-05T00:51:10,2024-03-05,25,49,Retail,PayPal,COUPONZ900,4.86,AUD
870610,2024-03-05T10:33:52,2024-03-05,641,19,Online,Afterpay,COUPON9-A0,0.55,AUD
870712,2024-03-05T10:26:43,2024-03-05,15,1,Online,Afterpay,COUPON----,0.59,AUD
870760,2024-03-05T10:21:30,2024-03-05,520,43,Online,Afterpay,COUPON-0-A,8.6,AUD
870763,2024-03-05T19:38:16,2024-03-05,228,34,Retail,Credit Card,COUPON909-,8.1,AUD
870903,2024-03-05T18:42:01,2024-03-05,296,2,Online,Credit Card,COUPONZZ-A,14.89,AUD
870911,2024-03-05T07:34:25,2024-03-05,114,2,Online,PayPal,COUPON--ZA,7.35,AUD
870936,2024-03-05T04:05:09,2024-03-05,54,33,Online,Credit Card,COUPONA-90,1.11,AUD
870969,2024-03-05T16:32:49,2024-03-05,724,10,Retail,PayPal,COUPON-AZA,15.95,AUD
871015,2024-03-05T10:53:10,2024-03-05,250,20,Retail,Afterpay,COUPON9A-A,9.18,AUD
871053,2024-03-05T14:09:55,2024-03-05,462,26,Retail,Afterpay,COUPON90-9,8.17,AUD
871099,2024-03-05T03:29:56,2024-03-05,323,10,Retail,Afterpay,COUPONZ-0-,2.57,AUD
871114,2024-03-05T02:44:38,2024-03-05,425,10,Online,Credit Card,COUPON0900,14.51,AUD
871162,2024-03-05T12:54:22,2024-03-05,134,19,Online,Afterpay,COUPONZ-9-,1.36,AUD
871212,2024-03-05T13:50:21,2024-03-05,89,15,Retail,Afterpay,COUPON-99-,6.29,AUD
871507,2024-03-05T09:09:51,2024-03-05,384,19,Online,PayPal,COUPONA-00,18.43,AUD
871569,2024-03-05T05:45:53,2024-03-05,20,36,Retail,PayPal,COUPON9909,7.9,AUD
871600,2024-03-05T19:05:13,2024-03-05,627,2,Retail,Afterpay,COUPONZ-9-,2.4,AUD
871661,2024-03-05T23:04:24,2024-03-05,344,13,Retail,PayPal,COUPON-0-Z,4.91,AUD
871706,2024-03-05T00:21:25,2024-03-05,800,29,Retail,Afterpay,COUPON--A-,16.54,AUD
871799,2024-03-05T09:45:05,2024-03-05,373,48,Online,Credit Card,COUPONA0Z-,13.7,AUD
871881,2024-03-05T00:03:19,2024-03-05,319,4,Retail,Afterpay,COUPONZAA-,14.89,AUD
871893,2024-03-05T03:28:26,2024-03-05,282,12,Online,Afterpay,COUPON000-,1.16,AUD
871931,2024-03-05T09:45:00,2024-03-05,350,49,Retail,Credit Card,COUPON-ZA-,16.07,AUD
872066,2024-03-05T16:08:07,2024-03-05,468,7,Retail,Credit Card,COUPON99-Z,16.96,AUD
872137,2024-03-05T10:09:29,2024-03-05,516,20,Retail,PayPal,COUPON----,12.89,AUD
872185,2024-03-05T11:38:19,2024-03-05,768,21,Retail,PayPal,COUPONAZ-9,11.13,AUD
872204,2024-03-05T15:30:13,2024-03-05,122,39,Online,PayPal,COUPONZ909,16.42,AUD
872302,2024-03-05T13:56:51,2024-03-05,289,9,Retail,Credit Card,COUPON--A0,9.86,AUD
872438,2024-03-05T05:18:58,2024-03-05,589,49,Retail,Afterpay,COUPON0A09,12.16,AUD
872449,2024-03-05T07:48:51,2024-03-05,145,50,Online,Afterpay,COUPONZAAA,17.06,AUD
872475,2024-03-05T09:26:43,2024-03-05,58,12,Retail,PayPal,COUPON-A--,0.91,AUD
872567,2024-03-05T03:11:00,2024-03-05,476,21,Retail,PayPal,COUPON9-A0,2.99,AUD
872705,2024-03-05T13:14:42,2024-03-05,429,6,Online,Credit Card,COUPONAZ99,8.46,AUD
872863,2024-03-05T17:47:20,2024-03-05,16,20,Online,PayPal,COUPON--99,0.95,AUD
872898,2024-03-05T14:14:26,2024-03-05,650,15,Online,Credit Card,COUPON9-A-,7.46,AUD
873097,2024-03-05T18:52:29,2024-03-05,390,43,Retail,Credit Card,COUPON-9Z9,6.69,AUD
873267,2024-03-05T08:21:25,2024-03-05,717,16,Online,PayPal,COUPON90AZ,11.94,AUD
873564,2024-03-05T02:04:54,2024-03-05,649,47,Retail,Credit Card,COUPON9Z--,0.11,AUD
873949,2024-03-05T22:49:50,2024-03-05,315,46,Retail,Credit Card,COUPON-9--,5.84,AUD
874206,2024-03-05T08:36:12,2024-03-05,20,20,Retail,Credit Card,COUPON0-Z9,13.57,AUD
874239,2024-03-05T02:51:54,2024-03-05,259,28,Retail,PayPal,COUPON00ZA,3.67,AUD
874284,2024-03-05T02:03:29,2024-03-05,395,3,Online,PayPal,COUPON90--,17.25,AUD
874330,2024-03-05T17:32:53,2024-03-05,708,35,Retail,Credit Card,COUPONA---,13.05,AUD
874436,2024-03-05T18:58:37,2024-03-05,667,47,Online,PayPal,COUPONZ-0A,9.5,AUD
874575,2024-03-05T02:07:01,2024-03-05,461,46,Retail,PayPal,COUPON---A,3.84,AUD
874595,2024-03-05T14:42:21,2024-03-05,436,34,Online,PayPal,COUPON--0-,16.51,AUD
874640,2024-03-05T13:58:24,2024-03-05,448,35,Retail,Afterpay,COUPON-ZA-,13.15,AUD
874652,2024-03-05T18:55:00,2024-03-05,667,38,Online,PayPal,COUPON0-A-,3.96,AUD
874794,2024-03-05T07:05:46,2024-03-05,787,6,Online,PayPal,COUPON0-A-,0.16,AUD
874891,2024-03-05T20:14:10,2024-03-05,770,27,Online,PayPal,COUPONA9-9,17.59,AUD
875014,2024-03-05T04:54:33,2024-03-05,785,5,Retail,Afterpay,COUPON-ZZ-,11.52,AUD
875021,2024-03-05T05:26:25,2024-03-05,344,2,Online,PayPal,COUPON9-Z0,3.26,AUD
875057,2024-03-05T14:36:21,2024-03-05,721,47,Online,Afterpay,COUPONAA00,7.74,AUD
875151,2024-03-05T06:50:25,2024-03-05,317,23,Retail,PayPal,COUPON-A-A,4.34,AUD
875171,2024-03-05T01:12:33,2024-03-05,79,35,Online,Afterpay,COUPON--Z9,4.07,AUD
875240,2024-03-05T18:11:30,2024-03-05,518,37,Retail,Afterpay,COUPON-ZZ-,0.51,AUD
875260,2024-03-05T16:55:37,2024-03-05,254,8,Retail,PayPal,COUPONA90-,19.04,AUD
875354,2024-03-05T01:16:45,2024-03-05,306,30,Online,PayPal,COUPON9-90,16.03,AUD
875550,2024-03-05T04:35:56,2024-03-05,356,31,Retail,Credit Card,COUPON-AZ-,5.42,AUD
875763,2024-03-05T00:29:55,2024-03-05,50,29,Online,PayPal,COUPON--9A,0.08,AUD
875888,2024-03-05T22:57:06,2024-03-05,101,39,Retail,Credit Card,COUPON0-0Z,7.35,AUD
875898,2024-03-05T15:56:06,2024-03-05,641,45,Retail,Credit Card,COUPON--A0,8.99,AUD
876094,2024-03-05T07:38:00,2024-03-05,493,39,Online,Credit Card,COUPON-0A0,19.47,AUD
876481,2024-03-05T23:49:35,2024-03-05,477,23,Retail,PayPal,COUPON0--Z,12.98,AUD
876484,2024-03-05T05:27:54,2024-03-05,137,39,Retail,PayPal,COUPON-ZZ-,14.87,AUD
876517,2024-03-05T14:51:53,2024-03-05,490,16,Online,Afterpay,COUPON-Z--,17.43,AUD
876533,2024-03-05T02:12:49,2024-03-05,467,19,Retail,Afterpay,COUPONA-90,14.09,AUD
876828,2024-03-05T02:44:40,2024-03-05,346,9,Online,Afterpay,COUPON0Z0-,7.09,AUD
876829,2024-03-05T04:00:00,2024-03-05,191,19,Retail,Credit Card,COUPONZ-ZA,13.74,AUD
877213,2024-03-05T22:49:07,2024-03-05,637,39,Retail,PayPal,COUPON--A9,13.46,AUD
877912,2024-03-05T01:33:55,2024-03-05,740,45,Online,Credit Card,COUPON-00A,1.69,AUD
878017,2024-03-05T20:36:05,2024-03-05,705,45,Online,Credit Card,COUPON--9Z,7.54,AUD
878037,2024-03-05T04:37:05,2024-03-05,62,35,Online,Credit Card,COUPONA9-0,13.14,AUD
878085,2024-03-05T21:51:48,2024-03-05,487,44,Retail,PayPal,COUPON-Z00,10.49,AUD
878161,2024-03-05T02:25:40,2024-03-05,225,16,Retail,Credit Card,COUPONZ000,11.25,AUD
878231,2024-03-05T14:06:59,2024-03-05,336,37,Retail,Afterpay,COUPON-090,18.23,AUD
878275,2024-03-05T05:31:55,2024-03-05,554,27,Online,PayPal,COUPON-90-,12.65,AUD
878456,2024-03-05T09:39:46,2024-03-05,750,50,Online,PayPal,COUPONZ9Z-,0.45,AUD
878469,2024-03-05T08:46:54,2024-03-05,375,49,Online,PayPal,COUPON0--0,4.86,AUD
878518,2024-03-05T11:21:48,2024-03-05,103,46,Online,Credit Card,COUPON-0Z0,19.99,AUD
878572,2024-03-05T04:52:42,2024-03-05,702,1,Online,Credit Card,COUPON--0A,18.38,AUD
878980,2024-03-05T13:39:07,2024-03-05,80,29,Retail,PayPal,COUPON-A9-,13.46,AUD
879030,2024-03-05T09:14:37,2024-03-05,741,44,Retail,PayPal,COUPON---0,7.42,AUD
879042,2024-03-05T03:43:05,2024-03-05,226,10,Retail,PayPal,COUPONAZZ-,4.84,AUD
879101,2024-03-05T14:55:28,2024-03-05,640,38,Online,Credit Card,COUPON-A9-,11.87,AUD
879162,2024-03-05T11:18:55,2024-03-05,233,21,Online,PayPal,COUPON909Z,2.4,AUD
879223,2024-03-05T17:58:00,2024-03-05,454,46,Online,PayPal,COUPON-Z09,16.4,AUD
879316,2024-03-05T10:07:18,2024-03-05,267,16,Online,Credit Card,COUPON9990,10.78,AUD
879345,2024-03-05T00:23:48,2024-03-05,581,14,Online,Credit Card,COUPON9---,17.95,AUD
879394,2024-03-05T16:27:44,2024-03-05,8,34,Online,Afterpay,COUPON--Z0,1.23,AUD
879562,2024-03-05T12:54:46,2024-03-05,155,10,Online,PayPal,COUPON-09-,7.17,AUD
879570,2024-03-05T11:04:01,2024-03-05,709,23,Online,Afterpay,COUPON0ZZA,8.07,AUD
879810,2024-03-05T15:04:16,2024-03-05,653,12,Online,Credit Card,COUPON0ZZ9,10.8,AUD
879942,2024-03-05T02:23:02,2024-03-05,440,34,Retail,Credit Card,COUPON-00A,19.48,AUD
880078,2024-03-05T09:49:30,2024-03-05,341,29,Retail,PayPal,COUPON--0-,12.25,AUD
880156,2024-03-05T00:20:29,2024-03-05,297,7,Online,Credit Card,COUPON-0Z0,10.48,AUD
880226,2024-03-05T04:39:00,2024-03-05,617,50,Online,PayPal,COUPONAAAZ,14.84,AUD
880337,2024-03-05T22:07:17,2024-03-05,666,27,Retail,Credit Card,COUPONZ90A,11.6,AUD
880357,2024-03-05T06:37:25,2024-03-05,273,16,Retail,Credit Card,COUPON00-0,13.18,AUD
880509,2024-03-05T01:17:18,2024-03-05,595,15,Online,Credit Card,COUPONZ9-A,19.35,AUD
880766,2024-03-05T13:48:41,2024-03-05,243,5,Online,Credit Card,COUPON09Z9,17.32,AUD
881139,2024-03-05T13:42:42,2024-03-05,161,25,Online,Afterpay,COUPON00ZZ,9.91,AUD
881200,2024-03-05T19:33:20,2024-03-05,191,29,Retail,PayPal,COUPON9--Z,5.43,AUD
881280,2024-03-05T04:40:06,2024-03-05,194,29,Online,PayPal,COUPON-AZZ,2.52,AUD
881325,2024-03-05T17:04:45,2024-03-05,22,28,Retail,Afterpay,COUPONZ0--,9.91,AUD
881375,2024-03-05T13:25:56,2024-03-05,518,8,Retail,Credit Card,COUPONZZ0-,11.72,AUD
881407,2024-03-05T03:53:29,2024-03-05,570,44,Online,Credit Card,COUPON--Z9,12.46,AUD
881557,2024-03-05T03:39:11,2024-03-05,540,14,Retail,Credit Card,COUPON00--,6.72,AUD
881791,2024-03-05T02:01:27,2024-03-05,32,46,Retail,Afterpay,COUPON-00-,15.17,AUD
881794,2024-03-05T07:39:43,2024-03-05,170,41,Retail,PayPal,COUPON-0A-,11.13,AUD
881808,2024-03-05T05:36:22,2024-03-05,451,29,Online,Credit Card,COUPON--Z9,6.43,AUD
881823,2024-03-05T09:44:11,2024-03-05,510,47,Online,Credit Card,COUPON99A9,18.88,AUD
882048,2024-03-05T01:59:50,2024-03-05,457,35,Online,Credit Card,COUPONZ--A,0.18,AUD
882122,2024-03-05T07:24:21,2024-03-05,421,39,Online,PayPal,COUPONA0-0,3.59,AUD
882260,2024-03-05T21:39:20,2024-03-05,331,32,Retail,Credit Card,COUPON90ZZ,7.07,AUD
882365,2024-03-05T14:27:57,2024-03-05,299,35,Retail,PayPal,COUPON9Z9-,11.29,AUD
882435,2024-03-05T09:58:24,2024-03-05,688,48,Retail,Afterpay,COUPONZ0-Z,3.64,AUD
882590,2024-03-05T03:54:03,2024-03-05,362,35,Retail,PayPal,COUPON-Z00,5.53,AUD
882790,2024-03-05T05:28:17,2024-03-05,590,46,Retail,Afterpay,COUPONAA0Z,13.41,AUD
882851,2024-03-05T06:52:13,2024-03-05,526,4,Online,Afterpay,COUPON--09,16.08,AUD
882903,2024-03-05T02:32:10,2024-03-05,482,6,Online,PayPal,COUPON-0A9,6.3,AUD
882992,2024-03-05T13:11:23,2024-03-05,264,45,Retail,Credit Card,COUPON-9Z-,16.82,AUD
883080,2024-03-05T12:44:06,2024-03-05,486,45,Online,Credit Card,COUPON0--Z,16.44,AUD
883175,2024-03-05T12:10:49,2024-03-05,347,3,Online,PayPal,COUPON0ZZ-,19.2,AUD
883206,2024-03-05T17:39:59,2024-03-05,727,16,Retail,PayPal,COUPON990Z,11.81,AUD
883233,2024-03-05T20:55:48,2024-03-05,540,21,Online,Credit Card,COUPON0Z-9,17.41,AUD
883348,2024-03-05T14:05:15,2024-03-05,479,2,Online,PayPal,COUPON-0--,13.47,AUD
883404,2024-03-05T02:52:28,2024-03-05,410,8,Retail,PayPal,COUPONZZ-Z,19.54,AUD
883418,2024-03-05T22:15:17,2024-03-05,42,12,Online,Credit Card,COUPON0ZA-,9.19,AUD
883463,2024-03-05T12:44:31,2024-03-05,312,19,Retail,Credit Card,COUPONA-A9,7.27,AUD
883570,2024-03-05T22:35:54,2024-03-05,25,11,Online,PayPal,COUPONZZ--,2.89,AUD
883773,2024-03-05T21:40:00,2024-03-05,189,5,Online,PayPal,COUPONZ00Z,10.4,AUD
883786,2024-03-05T17:49:51,2024-03-05,330,49,Retail,Credit Card,COUPON9--Z,6.6,AUD
883818,2024-03-05T18:46:46,2024-03-05,50,5,Retail,Afterpay,COUPONZ9ZA,3.67,AUD
883822,2024-03-05T08:38:07,2024-03-05,641,35,Online,PayPal,COUPON990-,3.36,AUD
884050,2024-03-05T12:13:55,2024-03-05,419,38,Online,Credit Card,COUPONAZ0A,0.04,AUD
884093,2024-03-05T09:31:53,2024-03-05,410,46,Retail,PayPal,COUPON-090,1.16,AUD
884156,2024-03-05T22:42:17,2024-03-05,408,28,Online,Afterpay,COUPONA0-A,12.96,AUD
884163,2024-03-05T23:06:50,2024-03-05,487,47,Online,Afterpay,COUPON9-Z-,18.72,AUD
884287,2024-03-05T04:02:01,2024-03-05,523,2,Online,Afterpay,COUPON0-9-,1.81,AUD
884304,2024-03-05T17:40:35,2024-03-05,44,3,Online,Credit Card,COUPONZ9--,4.59,AUD
884394,2024-03-05T05:48:56,2024-03-05,51,28,Retail,Credit Card,COUPON009A,12.37,AUD
884448,2024-03-05T17:17:48,2024-03-05,174,2,Retail,Afterpay,COUPON-A9-,7.29,AUD
884477,2024-03-05T16:29:28,2024-03-05,295,22,Online,PayPal,COUPON9Z9-,8.08,AUD
884558,2024-03-05T08:15:17,2024-03-05,513,44,Retail,PayPal,COUPONZZ-9,13.41,AUD
884572,2024-03-05T15:40:30,2024-03-05,711,2,Retail,Afterpay,COUPON0ZAA,2.86,AUD
884607,2024-03-05T14:46:15,2024-03-05,260,23,Retail,Credit Card,COUPONZA9-,5.59,AUD
884698,2024-03-05T23:11:13,2024-03-05,279,45,Retail,Afterpay,COUPONZ-A0,13.07,AUD
884828,2024-03-05T14:26:36,2024-03-05,392,41,Retail,Credit Card,COUPONAA0A,10.61,AUD
884875,2024-03-05T00:24:28,2024-03-05,439,37,Retail,Credit Card,COUPONAZ9-,10.9,AUD
884908,2024-03-05T07:18:29,2024-03-05,278,49,Online,Credit Card,COUPON--AZ,14.33,AUD
885014,2024-03-05T14:35:21,2024-03-05,299,19,Online,PayPal,COUPONAA9Z,13.49,AUD
885120,2024-03-05T04:17:59,2024-03-05,551,6,Retail,PayPal,COUPON-909,12.37,AUD
885175,2024-03-05T18:09:06,2024-03-05,659,24,Online,Credit Card,COUPON-9ZA,1.27,AUD
885237,2024-03-05T21:31:37,2024-03-05,455,13,Online,Credit Card,COUPON000A,1.5,AUD
885244,2024-03-05T23:47:33,2024-03-05,773,11,Retail,Afterpay,COUPON-09-,5.6,AUD
885261,2024-03-05T08:29:27,2024-03-05,640,2,Online,Credit Card,COUPON-900,17.04,AUD
885358,2024-03-05T07:56:18,2024-03-05,515,7,Retail,PayPal,COUPON--AA,2.75,AUD
885415,2024-03-05T04:28:32,2024-03-05,235,8,Retail,Afterpay,COUPON--09,8.78,AUD
885569,2024-03-05T14:38:41,2024-03-05,244,45,Retail,Credit Card,COUPON-A9-,11.29,AUD
885608,2024-03-05T09:39:24,2024-03-05,319,20,Online,Credit Card,COUPON-Z0-,1.76,AUD
885634,2024-03-05T14:35:01,2024-03-05,354,36,Online,Afterpay,COUPON9Z-0,6.2,AUD
885654,2024-03-05T14:38:12,2024-03-05,532,34,Online,Afterpay,COUPON-AA9,0.02,AUD
885728,2024-03-05T01:13:30,2024-03-05,592,22,Retail,Credit Card,COUPON9---,15.94,AUD
885816,2024-03-05T09:49:34,2024-03-05,578,9,Online,Afterpay,COUPON--A-,4.89,AUD
885883,2024-03-05T04:31:10,2024-03-05,15,16,Retail,Afterpay,COUPON-00-,17.23,AUD
886033,2024-03-05T10:42:42,2024-03-05,44,22,Retail,PayPal,COUPON9-0-,12.31,AUD
886184,2024-03-05T15:05:00,2024-03-05,716,8,Online,Afterpay,COUPONAZ-A,3.25,AUD
886466,2024-03-05T08:37:30,2024-03-05,460,20,Online,Credit Card,COUPON---Z,10.35,AUD
886815,2024-03-05T12:58:36,2024-03-05,132,32,Retail,PayPal,COUPONA9Z-,11.06,AUD
887325,2024-03-05T00:45:44,2024-03-05,455,45,Retail,Credit Card,COUPON-0Z-,9.02,AUD
887334,2024-03-05T06:08:01,2024-03-05,65,9,Online,Credit Card,COUPONA9--,16.92,AUD
887348,2024-03-05T17:16:16,2024-03-05,364,14,Retail,PayPal,COUPON0A90,10.37,AUD
887563,2024-03-05T16:50:49,2024-03-05,629,42,Retail,Credit Card,COUPON0ZZ0,17.79,AUD
887652,2024-03-05T01:59:27,2024-03-05,374,49,Online,Credit Card,COUPON9-A0,14.88,AUD
887681,2024-03-05T00:38:59,2024-03-05,733,31,Online,PayPal,COUPON-9-9,6.99,AUD
887769,2024-03-05T14:11:00,2024-03-05,716,17,Online,Afterpay,COUPON-AA0,17.19,AUD
887872,2024-03-05T03:33:48,2024-03-05,555,30,Retail,PayPal,COUPON9--Z,2.35,AUD
887877,2024-03-05T03:48:45,2024-03-05,728,11,Retail,Afterpay,COUPON-A-9,4.16,AUD
887952,2024-03-05T00:02:08,2024-03-05,179,31,Retail,PayPal,COUPONA000,19.2,AUD
887967,2024-03-05T21:23:16,2024-03-05,151,43,Retail,Credit Card,COUPONA-ZZ,0.72,AUD
888006,2024-03-05T18:51:35,2024-03-05,446,5,Online,PayPal,COUPONZA-0,7.67,AUD
888083,2024-03-05T02:47:25,2024-03-05,440,9,Online,Afterpay,COUPON0-09,12.58,AUD
888085,2024-03-05T18:03:46,2024-03-05,366,35,Online,Afterpay,COUPON-0-0,5.99,AUD
888089,2024-03-05T00:30:06,2024-03-05,501,39,Retail,PayPal,COUPONAZ9Z,14.43,AUD
888090,2024-03-05T12:57:31,2024-03-05,455,25,Online,PayPal,COUPON0-A0,13.64,AUD
888117,2024-03-05T12:32:27,2024-03-05,470,7,Online,Afterpay,COUPON99A0,9.6,AUD
888385,2024-03-05T21:50:16,2024-03-05,371,5,Online,Afterpay,COUPONA-ZA,2.6,AUD
888494,2024-03-05T13:01:29,2024-03-05,517,5,Online,Afterpay,COUPON90--,14.02,AUD
888525,2024-03-05T00:07:07,2024-03-05,375,17,Retail,Credit Card,COUPONZ99Z,11.69,AUD
888623,2024-03-05T09:02:07,2024-03-05,661,8,Retail,PayPal,COUPONA-99,18.79,AUD
888866,2024-03-05T21:38:38,2024-03-05,518,11,Online,Credit Card,COUPONZZZZ,1.12,AUD
888993,2024-03-05T20:24:31,2024-03-05,518,48,Online,Credit Card,COUPONZAZ-,16.86,AUD
889032,2024-03-05T08:24:36,2024-03-05,760,22,Retail,PayPal,COUPON9A-0,2.89,AUD
889288,2024-03-05T11:06:21,2024-03-05,526,38,Retail,Credit Card,COUPONAZ-0,6.56,AUD
889424,2024-03-05T14:26:11,2024-03-05,563,39,Retail,Afterpay,COUPON09-9,15.32,AUD
889642,2024-03-05T14:28:18,2024-03-05,81,47,Online,Credit Card,COUPON0ZA-,11.81,AUD
889683,2024-03-05T18:42:01,2024-03-05,109,35,Retail,PayPal,COUPONZZ9-,16.48,AUD
889743,2024-03-05T12:28:58,2024-03-05,84,20,Online,PayPal,COUPONZAZA,10.1,AUD
889785,2024-03-05T10:18:35,2024-03-05,698,24,Online,Credit Card,COUPON-A99,18.28,AUD
889794,2024-03-05T05:03:46,2024-03-05,712,20,Online,Afterpay,COUPONA990,3.25,AUD
889971,2024-03-05T18:41:34,2024-03-05,177,35,Retail,PayPal,COUPON9909,18.39,AUD
889987,2024-03-05T14:18:04,2024-03-05,506,13,Online,Afterpay,COUPONZ9Z-,3.64,AUD
890127,2024-03-05T02:53:04,2024-03-05,535,22,Online,Afterpay,COUPON-0Z-,12.67,AUD
890182,2024-03-05T00:49:54,2024-03-05,681,30,Retail,Afterpay,COUPON-Z-A,19.09,AUD
890205,2024-03-05T19:05:50,2024-03-05,424,29,Retail,Afterpay,COUPONZ0--,14.09,AUD
890332,2024-03-05T17:11:36,2024-03-05,629,35,Online,Credit Card,COUPONAZ9-,16.32,AUD
890335,2024-03-05T04:04:27,2024-03-05,239,28,Online,Credit Card,COUPON09-9,12.03,AUD
890340,2024-03-05T11:01:27,2024-03-05,364,45,Retail,PayPal,COUPON---9,0.95,AUD
890472,2024-03-05T17:12:57,2024-03-05,781,11,Retail,Credit Card,COUPONZ0A-,8.38,AUD
890509,2024-03-05T11:28:13,2024-03-05,336,15,Online,Credit Card,COUPONA-Z-,10.24,AUD
890555,2024-03-05T02:33:38,2024-03-05,435,34,Retail,Credit Card,COUPON-ZZA,10.6,AUD
890591,2024-03-05T21:51:52,2024-03-05,703,47,Online,Afterpay,COUPON0AAA,2.52,AUD
890664,2024-03-05T03:18:03,2024-03-05,677,22,Retail,Afterpay,COUPONAZ-Z,17.64,AUD
890688,2024-03-05T21:24:13,2024-03-05,55,37,Online,PayPal,COUPON--A-,11.35,AUD
890705,2024-03-05T05:13:15,2024-03-05,451,44,Retail,Afterpay,COUPON909A,17.13,AUD
890727,2024-03-05T14:32:58,2024-03-05,761,20,Retail,Credit Card,COUPONZ-A0,8.28,AUD
890870,2024-03-05T12:30:09,2024-03-05,235,23,Online,PayPal,COUPON9AZ0,1.27,AUD
890964,2024-03-05T19:49:12,2024-03-05,623,47,Online,Afterpay,COUPONA-Z0,2.35,AUD
891088,2024-03-05T10:01:24,2024-03-05,458,14,Online,Afterpay,COUPONZZ--,6.98,AUD
891107,2024-03-05T01:40:14,2024-03-05,245,37,Online,Afterpay,COUPON9-0-,3.45,AUD
891160,2024-03-05T15:44:00,2024-03-05,620,48,Retail,PayPal,COUPON-99-,1.03,AUD
891191,2024-03-05T00:33:52,2024-03-05,292,18,Online,Afterpay,COUPON09A-,4.13,AUD
891220,2024-03-05T13:32:30,2024-03-05,622,46,Retail,Afterpay,COUPONA9-0,14.56,AUD
891254,2024-03-05T18:45:40,2024-03-05,662,40,Retail,Credit Card,COUPONZ--0,15.44,AUD
891344,2024-03-05T06:48:01,2024-03-05,148,29,Online,Credit Card,COUPON9-Z-,7.61,AUD
891503,2024-03-05T00:10:50,2024-03-05,709,48,Retail,Afterpay,COUPONAA0A,11.85,AUD
891566,2024-03-05T18:57:10,2024-03-05,685,8,Online,Afterpay,COUPON-0--,10.73,AUD
891605,2024-03-05T17:32:24,2024-03-05,734,11,Online,Afterpay,COUPON9Z-0,16.75,AUD
891652,2024-03-05T23:04:07,2024-03-05,47,41,Online,Credit Card,COUPONA09A,18.72,AUD
891726,2024-03-05T02:33:27,2024-03-05,37,48,Retail,PayPal,COUPON9A-9,0.56,AUD
891740,2024-03-05T08:11:26,2024-03-05,114,9,Retail,PayPal,COUPONAZA-,18.0,AUD
891746,2024-03-05T07:13:59,2024-03-05,141,23,Retail,Afterpay,COUPON--ZA,9.45,AUD
891758,2024-03-05T12:58:15,2024-03-05,33,31,Retail,Credit Card,COUPON-Z-0,7.33,AUD
891788,2024-03-05T17:19:08,2024-03-05,391,4,Retail,Credit Card,COUPONA0-Z,16.77,AUD
891789,2024-03-05T06:12:27,2024-03-05,425,31,Online,PayPal,COUPON0Z0-,13.3,AUD
891881,2024-03-05T11:25:59,2024-03-05,9,12,Retail,Afterpay,COUPONAAAA,8.08,AUD
891952,2024-03-05T18:23:06,2024-03-05,446,28,Online,PayPal,COUPONZ---,11.08,AUD
891985,2024-03-05T19:24:19,2024-03-05,220,39,Retail,Credit Card,COUPON09A-,14.38,AUD
892099,2024-03-05T18:29:09,2024-03-05,399,41,Retail,PayPal,COUPON--Z0,0.63,AUD
892154,2024-03-05T00:17:56,2024-03-05,259,10,Retail,Credit Card,COUPON0-ZZ,15.8,AUD
892570,2024-03-05T05:16:41,2024-03-05,277,27,Online,Credit Card,COUPONZ0Z0,3.41,AUD
892611,2024-03-05T23:00:50,2024-03-05,331,21,Retail,PayPal,COUPON-9-0,4.63,AUD
892677,2024-03-05T01:22:13,2024-03-05,288,15,Online,PayPal,COUPONZZ99,14.19,AUD
892860,2024-03-05T06:47:05,2024-03-05,792,16,Online,PayPal,COUPONZA-Z,2.47,AUD
893290,2024-03-05T16:17:59,2024-03-05,194,11,Retail,Afterpay,COUPONA--Z,14.1,AUD
893332,2024-03-05T10:57:49,2024-03-05,707,50,Retail,Credit Card,COUPON--Z-,16.89,AUD
893368,2024-03-05T23:16:41,2024-03-05,794,20,Online,Afterpay,COUPON-00A,19.45,AUD
893451,2024-03-05T23:54:56,2024-03-05,721,15,Online,PayPal,COUPONZ-0-,18.22,AUD
893517,2024-03-05T08:36:10,2024-03-05,705,23,Retail,Credit Card,COUPONZA-9,8.69,AUD
893584,2024-03-05T17:46:35,2024-03-05,565,12,Retail,PayPal,COUPON0AZ9,7.31,AUD
893842,2024-03-05T12:31:02,2024-03-05,639,50,Online,Afterpay,COUPON0-0A,0.54,AUD
893904,2024-03-05T09:26:02,2024-03-05,455,19,Online,Afterpay,COUPON-0A-,12.08,AUD
893959,2024-03-05T22:10:02,2024-03-05,366,49,Retail,Credit Card,COUPON9---,3.69,AUD
893976,2024-03-05T01:04:19,2024-03-05,385,42,Retail,Credit Card,COUPON--AZ,17.08,AUD
894007,2024-03-05T22:08:48,2024-03-05,596,34,Online,Credit Card,COUPON-Z-Z,3.02,AUD
894052,2024-03-05T13:30:26,2024-03-05,399,32,Retail,PayPal,COUPON0Z0Z,14.0,AUD
894413,2024-03-05T02:21:41,2024-03-05,674,28,Retail,Credit Card,COUPONZ90-,6.1,AUD
894508,2024-03-05T17:35:45,2024-03-05,173,3,Retail,Afterpay,COUPON--Z0,10.86,AUD
894544,2024-03-05T17:10:17,2024-03-05,207,50,Retail,Credit Card,COUPONA-Z9,18.09,AUD
894590,2024-03-05T17:59:54,2024-03-05,549,16,Online,PayPal,COUPONZ9ZZ,4.38,AUD
894598,2024-03-05T11:39:04,2024-03-05,406,9,Retail,Afterpay,COUPON0A0-,5.24,AUD
894662,2024-03-05T04:37:38,2024-03-05,30,28,Online,Afterpay,COUPONA00Z,5.5,AUD
895017,2024-03-05T11:25:14,2024-03-05,726,44,Retail,PayPal,COUPON-000,1.27,AUD
895051,2024-03-05T18:40:48,2024-03-05,175,27,Retail,Credit Card,COUPONAZ9-,16.28,AUD
895178,2024-03-05T11:26:03,2024-03-05,87,24,Online,Afterpay,COUPON0ZZ-,16.42,AUD
895206,2024-03-05T18:49:28,2024-03-05,368,19,Online,PayPal,COUPON0--Z,19.36,AUD
895657,2024-03-05T22:30:06,2024-03-05,28,48,Online,PayPal,COUPON-Z-0,7.0,AUD
895705,2024-03-05T05:55:04,2024-03-05,150,38,Retail,PayPal,COUPON---0,5.37,AUD
895730,2024-03-05T22:38:19,2024-03-05,26,37,Retail,PayPal,COUPONZZ-9,7.13,AUD
895802,2024-03-05T18:40:27,2024-03-05,714,36,Online,Credit Card,COUPON--0A,19.93,AUD
895904,2024-03-05T09:51:11,2024-03-05,499,40,Retail,PayPal,COUPONZ0-Z,15.44,AUD
895925,2024-03-05T11:46:13,2024-03-05,214,29,Online,PayPal,COUPONZ0Z-,5.98,AUD
895958,2024-03-05T09:21:46,2024-03-05,148,11,Online,Afterpay,COUPON0A99,11.02,AUD
896017,2024-03-05T15:20:09,2024-03-05,88,12,Retail,PayPal,COUPON----,16.23,AUD
896113,2024-03-05T21:05:14,2024-03-05,492,10,Online,PayPal,COUPON9---,10.08,AUD
896293,2024-03-05T03:34:48,2024-03-05,435,20,Retail,Afterpay,COUPON9Z0-,4.64,AUD
896300,2024-03-05T13:43:22,2024-03-05,88,38,Retail,Credit Card,COUPON09A-,7.55,AUD
896473,2024-03-05T09:42:42,2024-03-05,103,4,Retail,Afterpay,COUPON0ZZ0,8.61,AUD
896489,2024-03-05T04:44:08,2024-03-05,761,32,Retail,Afterpay,COUPON--ZA,14.25,AUD
896670,2024-03-05T13:26:50,2024-03-05,440,25,Retail,Credit Card,COUPONAAZ0,8.63,AUD
896825,2024-03-05T12:44:33,2024-03-05,427,10,Retail,PayPal,COUPONA---,18.5,AUD
896848,2024-03-05T22:33:07,2024-03-05,43,5,Online,PayPal,COUPON-ZA0,2.39,AUD
896972,2024-03-05T02:40:41,2024-03-05,462,4,Retail,PayPal,COUPONZ-ZA,15.5,AUD
896995,2024-03-05T18:03:06,2024-03-05,240,37,Online,Credit Card,COUPON-0--,2.59,AUD
897081,2024-03-05T00:28:38,2024-03-05,92,33,Online,Credit Card,COUPON--A-,19.44,AUD
897099,2024-03-05T17:46:36,2024-03-05,274,9,Retail,Credit Card,COUPON099-,18.97,AUD
897191,2024-03-05T17:45:25,2024-03-05,736,44,Online,Afterpay,COUPON0-A0,13.43,AUD
897200,2024-03-05T07:00:58,2024-03-05,681,42,Retail,Credit Card,COUPON-0--,5.17,AUD
897242,2024-03-05T20:39:18,2024-03-05,800,14,Online,Credit Card,COUPON0ZZ-,1.04,AUD
897301,2024-03-05T15:32:47,2024-03-05,258,41,Retail,Afterpay,COUPON---0,19.37,AUD
897559,2024-03-05T08:38:30,2024-03-05,66,22,Online,PayPal,COUPON-9A0,15.47,AUD
897674,2024-03-05T14:07:01,2024-03-05,403,16,Retail,Afterpay,COUPONA0Z-,4.86,AUD
897708,2024-03-05T18:50:17,2024-03-05,67,18,Online,PayPal,COUPON-Z-A,13.77,AUD
897867,2024-03-05T03:42:13,2024-03-05,520,3,Online,PayPal,COUPONA9Z-,14.63,AUD
897948,2024-03-05T06:45:20,2024-03-05,693,29,Online,Credit Card,COUPONA--A,12.36,AUD
898172,2024-03-05T21:15:07,2024-03-05,303,46,Online,PayPal,COUPON--0A,9.93,AUD
898385,2024-03-05T05:41:25,2024-03-05,781,28,Online,Afterpay,COUPONA9-Z,17.97,AUD
898490,2024-03-05T22:33:52,2024-03-05,699,50,Retail,Afterpay,COUPON0-90,9.25,AUD
898535,2024-03-05T22:52:48,2024-03-05,431,42,Online,Credit Card,COUPON9090,6.17,AUD
898656,2024-03-05T12:28:46,2024-03-05,445,9,Online,PayPal,COUPONZ9AZ,1.13,AUD
898699,2024-03-05T19:23:52,2024-03-05,118,16,Retail,Credit Card,COUPON0AAZ,12.59,AUD
898720,2024-03-05T22:54:15,2024-03-05,45,5,Retail,PayPal,COUPON9-Z9,4.55,AUD
898730,2024-03-05T09:15:49,2024-03-05,459,24,Online,PayPal,COUPON-Z09,7.33,AUD
898796,2024-03-05T19:13:52,2024-03-05,507,44,Retail,Credit Card,COUPON0AZ0,2.74,AUD
898811,2024-03-05T17:56:40,2024-03-05,292,42,Retail,PayPal,COUPON-9--,19.96,AUD
899134,2024-03-05T01:23:10,2024-03-05,98,41,Retail,Afterpay,COUPONZ0ZA,16.34,AUD
899195,2024-03-05T09:28:04,2024-03-05,267,30,Retail,Credit Card,COUPON-09A,0.34,AUD
899215,2024-03-05T05:24:46,2024-03-05,140,18,Online,PayPal,COUPONZA--,12.47,AUD
899267,2024-03-05T03:30:27,2024-03-05,385,18,Retail,Credit Card,COUPON-0ZA,1.99,AUD
899453,2024-03-05T08:55:57,2024-03-05,780,19,Retail,Afterpay,COUPON099Z,18.77,AUD
899475,2024-03-05T18:24:59,2024-03-05,477,23,Retail,PayPal,COUPONZ0-A,6.71,AUD
899492,2024-03-05T23:43:57,2024-03-05,261,30,Online,Credit Card,COUPON-0-A,11.61,AUD
899690,2024-03-05T17:07:43,2024-03-05,575,7,Retail,PayPal,COUPONZ9ZA,4.48,AUD
899748,2024-03-05T00:07:47,2024-03-05,379,12,Online,Credit Card,COUPON-A--,15.16,AUD
899756,2024-03-05T00:43:33,2024-03-05,259,3,Retail,PayPal,COUPON09-0,16.4,AUD
899879,2024-03-05T09:29:00,2024-03-05,466,10,Retail,Credit Card,COUPON-9A-,11.83,AUD
899913,2024-03-05T17:42:16,2024-03-05,660,18,Retail,Afterpay,COUPONAZ-0,16.56,AUD
899941,2024-03-05T08:36:46,2024-03-05,775,16,Online,PayPal,COUPON0-0-,0.27,AUD
899987,2024-03-05T16:35:14,2024-03-05,30,13,Online,PayPal,COUPON-A--,3.22,AUD
900063,2024-03-05T23:07:29,2024-03-05,117,48,Retail,Afterpay,COUPON0-Z-,12.86,AUD
900088,2024-03-05T06:08:38,2024-03-05,765,49,Retail,Afterpay,COUPONZ9--,0.93,AUD
900089,2024-03-05T16:13:47,2024-03-05,598,34,Online,PayPal,COUPONZ-Z0,2.09,AUD
900173,2024-03-05T10:16:37,2024-03-05,591,7,Online,Credit Card,COUPON---A,5.99,AUD
900278,2024-03-05T01:34:51,2024-03-05,173,29,Online,PayPal,COUPONZ---,5.4,AUD
900327,2024-03-05T10:39:48,2024-03-05,463,47,Retail,Credit Card,COUPONAZ--,13.74,AUD
900330,2024-03-05T07:45:06,2024-03-05,282,4,Online,Credit Card,COUPON-90A,4.58,AUD
900355,2024-03-05T20:05:21,2024-03-05,236,16,Online,Credit Card,COUPONA9A-,9.55,AUD
900430,2024-03-05T21:58:22,2024-03-05,558,4,Online,Afterpay,COUPONZA--,8.43,AUD
900460,2024-03-05T15:56:50,2024-03-05,358,49,Online,PayPal,COUPON-9-A,17.21,AUD
900619,2024-03-05T13:11:40,2024-03-05,246,38,Online,Credit Card,COUPON-ZZA,0.22,AUD
900779,2024-03-05T02:14:36,2024-03-05,301,43,Online,PayPal,COUPONZ90A,19.27,AUD
900980,2024-03-05T03:22:01,2024-03-05,365,49,Online,Credit Card,COUPON9Z99,13.62,AUD
901023,2024-03-05T03:58:21,2024-03-05,129,30,Online,Afterpay,COUPON-ZAZ,11.09,AUD
901073,2024-03-05T17:53:21,2024-03-05,363,23,Online,Credit Card,COUPON-9Z-,1.61,AUD
901125,2024-03-05T05:16:51,2024-03-05,317,3,Retail,Credit Card,COUPON-ZZ-,0.32,AUD
901331,2024-03-05T15:15:13,2024-03-05,385,4,Online,PayPal,COUPONZ-9-,6.75,AUD
901413,2024-03-05T17:08:50,2024-03-05,31,4,Online,PayPal,COUPON9--9,13.16,AUD
901501,2024-03-05T22:48:42,2024-03-05,26,30,Retail,Afterpay,COUPONA0Z-,15.4,AUD
901629,2024-03-05T21:39:23,2024-03-05,113,22,Online,Afterpay,COUPON0Z99,2.09,AUD
901983,2024-03-05T20:19:21,2024-03-05,147,20,Online,Afterpay,COUPON-Z-9,15.73,AUD
902004,2024-03-05T09:15:01,2024-03-05,210,36,Retail,PayPal,COUPON-A--,16.9,AUD
902068,2024-03-05T19:42:54,2024-03-05,748,30,Retail,PayPal,COUPON0Z-9,2.66,AUD
902176,2024-03-05T10:18:47,2024-03-05,3,3,Retail,Credit Card,COUPONZ--A,17.3,AUD
902187,2024-03-05T06:44:52,2024-03-05,647,28,Retail,Credit Card,COUPON9Z-Z,6.15,AUD
902219,2024-03-05T05:09:57,2024-03-05,465,42,Retail,Afterpay,COUPONZZ-9,1.72,AUD
902254,2024-03-05T13:36:10,2024-03-05,38,31,Retail,Afterpay,COUPONZZ09,6.56,AUD
902320,2024-03-05T04:15:45,2024-03-05,148,19,Online,Credit Card,COUPON-0A9,0.7,AUD
902460,2024-03-05T08:49:38,2024-03-05,208,16,Retail,Credit Card,COUPON--ZZ,9.37,AUD
902921,2024-03-05T15:43:45,2024-03-05,192,12,Online,Afterpay,COUPONZ9A0,0.45,AUD
903026,2024-03-05T19:51:38,2024-03-05,690,10,Retail,PayPal,COUPON--0-,14.66,AUD
903062,2024-03-05T13:57:01,2024-03-05,109,17,Online,Credit Card,COUPON--AZ,10.93,AUD
903084,2024-03-05T21:23:16,2024-03-05,546,13,Retail,Credit Card,COUPON-0--,11.54,AUD
903268,2024-03-05T12:10:50,2024-03-05,250,4,Retail,Credit Card,COUPON--9-,5.95,AUD
903320,2024-03-05T23:35:03,2024-03-05,315,29,Retail,PayPal,COUPONZ-0-,7.01,AUD
903343,2024-03-05T08:47:43,2024-03-05,432,44,Online,PayPal,COUPONA-9A,0.88,AUD
903352,2024-03-05T19:36:55,2024-03-05,641,17,Online,Afterpay,COUPON9Z-Z,4.64,AUD
903475,2024-03-05T22:38:00,2024-03-05,153,48,Online,Credit Card,COUPON-0AA,4.5,AUD
903483,2024-03-05T00:50:51,2024-03-05,15,17,Retail,Afterpay,COUPON0---,13.74,AUD
903497,2024-03-05T01:40:27,2024-03-05,377,32,Online,Afterpay,COUPON90-9,3.19,AUD
903524,2024-03-05T10:29:28,2024-03-05,561,2,Online,Afterpay,COUPON9-90,8.74,AUD
903652,2024-03-05T18:25:13,2024-03-05,731,50,Online,Credit Card,COUPON-9-Z,12.17,AUD
903693,2024-03-05T15:00:34,2024-03-05,386,1,Online,PayPal,COUPONAZA-,9.67,AUD
903862,2024-03-05T06:20:27,2024-03-05,721,10,Retail,Afterpay,COUPON0--9,0.37,AUD
903903,2024-03-05T15:53:04,2024-03-05,724,10,Retail,Credit Card,COUPON-Z--,11.89,AUD
904050,2024-03-05T16:00:28,2024-03-05,713,13,Retail,Credit Card,COUPON9ZA9,14.97,AUD
904569,2024-03-05T09:59:56,2024-03-05,352,38,Online,PayPal,COUPON--0A,4.47,AUD
904678,2024-03-05T06:17:45,2024-03-05,713,25,Retail,Afterpay,COUPON9---,1.84,AUD
904718,2024-03-05T06:32:25,2024-03-05,389,18,Online,PayPal,COUPON09ZZ,10.69,AUD
904774,2024-03-05T01:11:12,2024-03-05,133,14,Online,PayPal,COUPON9-A9,5.23,AUD
904817,2024-03-05T10:29:13,2024-03-05,15,41,Online,PayPal,COUPON0-Z-,12.46,AUD
904974,2024-03-05T14:54:53,2024-03-05,528,38,Online,Credit Card,COUPON-9-9,12.11,AUD
904976,2024-03-05T10:31:44,2024-03-05,44,34,Retail,Credit Card,COUPON-9Z-,2.88,AUD
905071,2024-03-05T12:15:44,2024-03-05,699,11,Online,Afterpay,COUPON9A0-,1.28,AUD
905114,2024-03-05T01:33:49,2024-03-05,718,40,Online,PayPal,COUPON-Z0-,9.83,AUD
905172,2024-03-05T08:15:52,2024-03-05,89,20,Online,Credit Card,COUPONZA9A,13.87,AUD
905277,2024-03-05T09:17:02,2024-03-05,44,12,Online,PayPal,COUPONZA-Z,1.05,AUD
905322,2024-03-05T18:47:47,2024-03-05,11,37,Retail,Credit Card,COUPONAA00,14.12,AUD
905396,2024-03-05T01:55:06,2024-03-05,477,9,Online,PayPal,COUPON---0,4.86,AUD
905428,2024-03-05T02:30:23,2024-03-05,5,41,Retail,Credit Card,COUPON9Z-0,9.77,AUD
905592,2024-03-05T10:05:39,2024-03-05,520,11,Retail,Afterpay,COUPONZ0A9,16.05,AUD
905610,2024-03-05T05:28:02,2024-03-05,437,4,Retail,PayPal,COUPON-09Z,6.44,AUD
905737,2024-03-05T00:35:26,2024-03-05,303,18,Retail,Credit Card,COUPON-099,4.4,AUD
905857,2024-03-05T09:51:43,2024-03-05,305,49,Retail,PayPal,COUPON9000,5.79,AUD
905948,2024-03-05T05:19:04,2024-03-05,747,47,Retail,PayPal,COUPONA--9,9.42,AUD
906098,2024-03-05T12:04:05,2024-03-05,252,30,Online,Credit Card,COUPON9--Z,19.79,AUD
906102,2024-03-05T22:19:21,2024-03-05,380,4,Retail,Credit Card,COUPON9-00,5.17,AUD
906130,2024-03-05T17:09:39,2024-03-05,438,13,Online,PayPal,COUPON9AZ-,0.45,AUD
906226,2024-03-05T02:53:28,2024-03-05,402,11,Online,PayPal,COUPON9-0Z,8.91,AUD
906234,2024-03-05T00:19:06,2024-03-05,619,5,Retail,PayPal,COUPON--0-,18.48,AUD
906382,2024-03-05T06:39:32,2024-03-05,410,4,Retail,Credit Card,COUPON-AA-,2.77,AUD
906589,2024-03-05T08:38:48,2024-03-05,719,34,Retail,Credit Card,COUPON---0,13.33,AUD
906599,2024-03-05T08:07:08,2024-03-05,513,40,Retail,PayPal,COUPON0Z-0,19.44,AUD
906612,2024-03-05T08:12:51,2024-03-05,775,50,Retail,Credit Card,COUPON-ZA9,13.22,AUD
906662,2024-03-05T03:42:58,2024-03-05,102,24,Online,Credit Card,COUPON-AA-,17.32,AUD
906696,2024-03-05T02:47:21,2024-03-05,246,20,Online,Afterpay,COUPON-A9-,17.7,AUD
906732,2024-03-05T08:08:15,2024-03-05,465,9,Retail,Credit Card,COUPON--0A,14.04,AUD
906963,2024-03-05T11:28:39,2024-03-05,602,20,Online,PayPal,COUPONA0-0,14.24,AUD
906977,2024-03-05T19:34:54,2024-03-05,577,15,Retail,PayPal,COUPON-90-,2.64,AUD
907109,2024-03-05T13:02:50,2024-03-05,418,42,Online,Afterpay,COUPON0AZA,18.98,AUD
907318,2024-03-05T20:47:01,2024-03-05,758,39,Retail,PayPal,COUPONAZZ-,3.95,AUD
907324,2024-03-05T16:14:22,2024-03-05,424,7,Online,Afterpay,COUPON-AZ-,18.79,AUD
907343,2024-03-05T10:25:12,2024-03-05,301,22,Online,PayPal,COUPON-ZZ9,13.9,AUD
907371,2024-03-05T22:49:03,2024-03-05,109,42,Online,PayPal,COUPONA0--,12.56,AUD
907464,2024-03-05T07:52:17,2024-03-05,380,29,Online,PayPal,COUPONZ0ZZ,11.08,AUD
907551,2024-03-05T11:25:26,2024-03-05,53,7,Retail,Afterpay,COUPONAA0-,11.93,AUD
907582,2024-03-05T22:13:55,2024-03-05,408,36,Retail,PayPal,COUPON00Z0,18.93,AUD
907822,2024-03-05T01:22:30,2024-03-05,257,9,Retail,Afterpay,COUPON---0,3.66,AUD
907910,2024-03-05T07:30:50,2024-03-05,764,48,Retail,PayPal,COUPONA--A,16.93,AUD
907931,2024-03-05T05:46:39,2024-03-05,199,40,Retail,Credit Card,COUPON-A-0,18.36,AUD
907946,2024-03-05T20:14:11,2024-03-05,143,17,Retail,Credit Card,COUPON-90Z,16.85,AUD
908003,2024-03-05T03:59:26,2024-03-05,499,21,Retail,Credit Card,COUPON0--0,0.63,AUD
908094,2024-03-05T17:55:44,2024-03-05,382,11,Online,Credit Card,COUPON-A--,11.06,AUD
908544,2024-03-05T18:21:55,2024-03-05,750,30,Online,Credit Card,COUPON0ZZ-,8.94,AUD
908550,2024-03-05T07:54:15,2024-03-05,747,47,Retail,Credit Card,COUPONZZ-9,11.23,AUD
908576,2024-03-05T19:06:14,2024-03-05,719,22,Online,Afterpay,COUPONZ9ZA,16.56,AUD
908599,2024-03-05T23:58:19,2024-03-05,56,35,Online,PayPal,COUPON9A-9,17.6,AUD
908699,2024-03-05T04:21:56,2024-03-05,396,13,Retail,Credit Card,COUPON-0AZ,4.92,AUD
908803,2024-03-05T10:54:55,2024-03-05,571,38,Retail,Afterpay,COUPON-A--,1.02,AUD
908924,2024-03-05T01:24:26,2024-03-05,746,1,Online,Credit Card,COUPONZ-99,3.49,AUD
909020,2024-03-05T09:18:26,2024-03-05,86,5,Online,Credit Card,COUPONZ9AA,0.61,AUD
909121,2024-03-05T08:07:49,2024-03-05,318,39,Online,Credit Card,COUPON0A09,3.68,AUD
909407,2024-03-05T23:22:27,2024-03-05,150,7,Online,PayPal,COUPON-AZ9,11.08,AUD
909513,2024-03-05T21:52:08,2024-03-05,690,42,Retail,PayPal,COUPON9A--,14.87,AUD
909806,2024-03-05T13:23:27,2024-03-05,439,41,Retail,Afterpay,COUPON-A9Z,5.89,AUD
909892,2024-03-05T00:41:43,2024-03-05,479,1,Retail,Afterpay,COUPON9-90,8.46,AUD
909942,2024-03-05T17:23:37,2024-03-05,723,26,Retail,PayPal,COUPON--9A,17.98,AUD
910361,2024-03-05T10:19:08,2024-03-05,286,43,Online,PayPal,COUPONA0A-,5.88,AUD
910465,2024-03-05T15:53:58,2024-03-05,443,33,Online,PayPal,COUPONZ9A-,5.69,AUD
910545,2024-03-05T03:42:08,2024-03-05,636,47,Retail,Credit Card,COUPON9-00,11.61,AUD
910680,2024-03-05T09:59:05,2024-03-05,314,12,Online,PayPal,COUPON---A,14.61,AUD
910928,2024-03-05T10:26:12,2024-03-05,683,22,Retail,PayPal,COUPONZ0-Z,9.52,AUD
910997,2024-03-05T13:32:54,2024-03-05,221,35,Online,PayPal,COUPON9--Z,14.01,AUD
911207,2024-03-05T21:07:16,2024-03-05,488,32,Online,PayPal,COUPON9---,10.4,AUD
911350,2024-03-05T16:37:45,2024-03-05,713,26,Retail,Afterpay,COUPON9-0Z,10.47,AUD
911367,2024-03-05T23:17:22,2024-03-05,206,35,Retail,Afterpay,COUPON0-Z-,15.42,AUD
911881,2024-03-05T16:28:03,2024-03-05,201,17,Retail,Afterpay,COUPON-A99,6.85,AUD
911901,2024-03-05T17:54:39,2024-03-05,527,45,Retail,PayPal,COUPON0A9A,10.31,AUD
911902,2024-03-05T17:13:24,2024-03-05,477,45,Online,Afterpay,COUPON0Z99,4.88,AUD
911947,2024-03-05T22:44:44,2024-03-05,772,10,Retail,Afterpay,COUPON-A90,13.38,AUD
911963,2024-03-05T10:40:28,2024-03-05,211,36,Retail,Credit Card,COUPON0---,19.39,AUD
911986,2024-03-05T09:43:32,2024-03-05,58,28,Retail,PayPal,COUPON0AZA,13.16,AUD
912071,2024-03-05T07:43:51,2024-03-05,256,27,Retail,Afterpay,COUPONZ-AZ,12.96,AUD
912162,2024-03-05T19:27:11,2024-03-05,605,33,Online,PayPal,COUPONAZ99,18.67,AUD
912202,2024-03-05T11:44:18,2024-03-05,53,9,Retail,Afterpay,COUPONZZ--,5.71,AUD
912373,2024-03-05T09:53:41,2024-03-05,459,50,Retail,Afterpay,COUPON9Z-9,2.02,AUD
912386,2024-03-05T22:28:27,2024-03-05,269,16,Retail,Afterpay,COUPONZ-0A,3.14,AUD
912444,2024-03-05T22:29:20,2024-03-05,734,16,Retail,PayPal,COUPON-90A,19.27,AUD
912542,2024-03-05T11:17:04,2024-03-05,602,35,Online,Afterpay,COUPON909Z,2.8,AUD
912921,2024-03-05T11:14:59,2024-03-05,82,2,Online,Afterpay,COUPON0ZA-,14.91,AUD
912999,2024-03-05T19:00:52,2024-03-05,575,14,Online,Credit Card,COUPON09Z-,16.24,AUD
913211,2024-03-05T05:45:52,2024-03-05,325,32,Online,Credit Card,COUPONAA--,9.26,AUD
913282,2024-03-05T18:36:43,2024-03-05,452,24,Retail,PayPal,COUPON9-Z0,0.48,AUD
913317,2024-03-05T03:42:13,2024-03-05,463,17,Online,Afterpay,COUPON-A0-,1.65,AUD
913408,2024-03-05T07:05:53,2024-03-05,497,47,Online,PayPal,COUPON9A9-,16.91,AUD
913479,2024-03-05T14:18:41,2024-03-05,16,37,Online,Afterpay,COUPONZ-9Z,3.08,AUD
913492,2024-03-05T12:01:02,2024-03-05,622,34,Retail,Credit Card,COUPON-Z-Z,15.03,AUD
913508,2024-03-05T21:03:24,2024-03-05,403,21,Retail,PayPal,COUPON-0-0,5.7,AUD
913652,2024-03-05T03:22:27,2024-03-05,66,45,Retail,Afterpay,COUPON-Z-Z,16.86,AUD
913839,2024-03-05T11:37:01,2024-03-05,336,13,Online,Afterpay,COUPON--A-,10.08,AUD
914095,2024-03-05T20:25:45,2024-03-05,536,12,Retail,Credit Card,COUPON-A--,9.39,AUD
914237,2024-03-05T06:13:00,2024-03-05,454,37,Online,Afterpay,COUPON---9,16.87,AUD
914286,2024-03-05T16:38:46,2024-03-05,748,20,Online,PayPal,COUPON99-Z,8.19,AUD
914440,2024-03-05T18:11:43,2024-03-05,536,23,Online,Afterpay,COUPON0Z09,3.42,AUD
914514,2024-03-05T18:56:15,2024-03-05,290,27,Online,Afterpay,COUPON-ZZ-,4.48,AUD
914618,2024-03-05T11:34:47,2024-03-05,352,7,Online,PayPal,COUPON-A-A,16.07,AUD
914636,2024-03-05T03:02:31,2024-03-05,599,23,Retail,Credit Card,COUPONZ---,6.58,AUD
914731,2024-03-05T01:56:06,2024-03-05,540,21,Online,PayPal,COUPON-9-9,16.7,AUD
914803,2024-03-05T01:57:33,2024-03-05,677,28,Online,Credit Card,COUPON0-9Z,19.64,AUD
914836,2024-03-05T09:56:47,2024-03-05,501,29,Retail,Afterpay,COUPON0Z--,2.56,AUD
914841,2024-03-05T10:24:38,2024-03-05,339,50,Online,Afterpay,COUPON0-A9,11.32,AUD
914844,2024-03-05T02:23:39,2024-03-05,293,48,Online,Credit Card,COUPON--AA,13.47,AUD
914976,2024-03-05T01:12:18,2024-03-05,760,27,Retail,Credit Card,COUPONZ90-,6.01,AUD
915017,2024-03-05T12:54:10,2024-03-05,572,20,Online,PayPal,COUPON-9Z0,7.72,AUD
915037,2024-03-05T05:16:55,2024-03-05,668,39,Retail,PayPal,COUPON-A--,9.34,AUD
915064,2024-03-05T01:58:08,2024-03-05,160,12,Retail,Credit Card,COUPON-ZA0,14.97,AUD
915111,2024-03-05T07:13:50,2024-03-05,770,19,Online,PayPal,COUPON9A-0,19.13,AUD
915189,2024-03-05T23:08:09,2024-03-05,320,26,Online,Credit Card,COUPONZ---,9.64,AUD
915272,2024-03-05T16:53:40,2024-03-05,426,30,Online,Afterpay,COUPON009-,16.76,AUD
915365,2024-03-05T23:30:36,2024-03-05,364,45,Online,Credit Card,COUPONZ-9Z,5.18,AUD
915376,2024-03-05T23:28:41,2024-03-05,420,24,Retail,Afterpay,COUPONA90-,6.66,AUD
915594,2024-03-05T06:20:12,2024-03-05,778,18,Online,Credit Card,COUPON-0A0,3.13,AUD
915881,2024-03-05T16:34:24,2024-03-05,493,31,Online,Afterpay,COUPONZ-0-,6.63,AUD
916115,2024-03-05T19:30:40,2024-03-05,325,14,Retail,Afterpay,COUPON-AAA,4.92,AUD
916118,2024-03-05T18:04:17,2024-03-05,34,40,Online,PayPal,COUPON90A0,3.86,AUD
916130,2024-03-05T04:56:09,2024-03-05,181,33,Online,PayPal,COUPON-Z-9,8.48,AUD
916206,2024-03-05T22:00:43,2024-03-05,76,33,Online,Afterpay,COUPONZ---,14.86,AUD
916233,2024-03-05T13:50:53,2024-03-05,27,8,Online,PayPal,COUPON0A90,2.82,AUD
916353,2024-03-05T00:53:54,2024-03-05,773,6,Online,Afterpay,COUPON----,19.66,AUD
916402,2024-03-05T08:07:09,2024-03-05,106,46,Retail,Afterpay,COUPON-Z00,14.25,AUD
916415,2024-03-05T17:26:43,2024-03-05,80,7,Retail,Credit Card,COUPON90--,6.55,AUD
916584,2024-03-05T14:50:04,2024-03-05,221,25,Online,PayPal,COUPONA0Z-,14.0,AUD
916716,2024-03-05T03:33:44,2024-03-05,209,41,Online,Credit Card,COUPON0999,15.32,AUD
916728,2024-03-05T21:22:27,2024-03-05,394,48,Retail,PayPal,COUPON--ZA,12.32,AUD
916890,2024-03-05T23:52:33,2024-03-05,409,45,Retail,Credit Card,COUPONA-0Z,8.93,AUD
916992,2024-03-05T01:45:02,2024-03-05,720,3,Retail,PayPal,COUPON00Z9,13.34,AUD
916993,2024-03-05T12:35:14,2024-03-05,639,46,Retail,PayPal,COUPON---0,0.38,AUD
917133,2024-03-05T11:09:59,2024-03-05,799,9,Online,Afterpay,COUPON--Z0,1.74,AUD
917204,2024-03-05T05:27:12,2024-03-05,500,47,Online,Afterpay,COUPON90A9,16.8,AUD
917226,2024-03-05T01:11:25,2024-03-05,606,29,Online,Credit Card,COUPON-909,10.25,AUD
917323,2024-03-05T14:53:30,2024-03-05,182,43,Retail,Credit Card,COUPON----,1.12,AUD
917494,2024-03-05T11:32:29,2024-03-05,392,41,Retail,Afterpay,COUPON-A-Z,12.48,AUD
917495,2024-03-05T03:21:20,2024-03-05,623,23,Retail,PayPal,COUPON9Z-0,17.11,AUD
917677,2024-03-05T15:48:14,2024-03-05,166,30,Online,PayPal,COUPONAAA0,6.26,AUD
917795,2024-03-05T20:31:37,2024-03-05,460,38,Online,PayPal,COUPON-Z--,1.68,AUD
917828,2024-03-05T13:06:50,2024-03-05,152,49,Online,Credit Card,COUPON09AA,17.62,AUD
917834,2024-03-05T22:52:55,2024-03-05,42,11,Retail,PayPal,COUPONAAAZ,17.52,AUD
917866,2024-03-05T21:15:28,2024-03-05,163,35,Retail,Afterpay,COUPON90A0,17.41,AUD
917909,2024-03-05T00:38:34,2024-03-05,347,28,Retail,Afterpay,COUPONZ-ZZ,4.55,AUD
918120,2024-03-05T04:22:51,2024-03-05,500,39,Retail,Afterpay,COUPONA9-9,18.05,AUD
918190,2024-03-05T12:19:00,2024-03-05,264,48,Online,Afterpay,COUPON-A9A,10.7,AUD
918193,2024-03-05T08:57:46,2024-03-05,729,36,Online,PayPal,COUPON-A-0,14.02,AUD
918250,2024-03-05T20:55:08,2024-03-05,389,21,Retail,Credit Card,COUPONA--Z,8.25,AUD
918358,2024-03-05T15:50:25,2024-03-05,298,12,Retail,Afterpay,COUPON----,17.43,AUD
918576,2024-03-05T09:12:13,2024-03-05,708,9,Retail,PayPal,COUPON-Z9A,2.37,AUD
918690,2024-03-05T13:38:35,2024-03-05,304,43,Retail,PayPal,COUPONZZ90,13.88,AUD
918691,2024-03-05T08:38:25,2024-03-05,527,1,Retail,PayPal,COUPON00--,0.89,AUD
918779,2024-03-05T01:17:34,2024-03-05,638,25,Online,Credit Card,COUPONZA--,11.75,AUD
919091,2024-03-05T23:01:37,2024-03-05,505,12,Retail,Afterpay,COUPONZA09,10.46,AUD
919138,2024-03-05T12:55:37,2024-03-05,248,25,Retail,Credit Card,COUPON9A00,7.73,AUD
919203,2024-03-05T09:04:08,2024-03-05,242,1,Retail,PayPal,COUPONZ-9A,19.8,AUD
919274,2024-03-05T15:45:26,2024-03-05,79,25,Retail,PayPal,COUPONZ0A-,6.5,AUD
919375,2024-03-05T16:14:48,2024-03-05,572,6,Online,Credit Card,COUPON-A--,17.9,AUD
919501,2024-03-05T00:31:27,2024-03-05,534,44,Online,PayPal,COUPON-Z-0,14.42,AUD
919563,2024-03-05T23:04:50,2024-03-05,199,16,Online,PayPal,COUPON--0Z,6.39,AUD
919593,2024-03-05T08:08:25,2024-03-05,709,30,Retail,PayPal,COUPONAZ9Z,13.4,AUD
919726,2024-03-05T22:49:37,2024-03-05,494,31,Online,PayPal,COUPONA---,17.89,AUD
919847,2024-03-05T06:34:39,2024-03-05,91,44,Online,Credit Card,COUPONZ0-0,13.78,AUD
919852,2024-03-05T11:17:49,2024-03-05,41,48,Online,PayPal,COUPON0-A9,18.46,AUD
919963,2024-03-05T05:49:48,2024-03-05,12,30,Online,Credit Card,COUPONZ0--,17.72,AUD
920039,2024-03-05T19:07:21,2024-03-05,30,9,Online,Afterpay,COUPONZ0-Z,9.77,AUD
920132,2024-03-05T17:51:48,2024-03-05,607,50,Online,PayPal,COUPONA--0,10.81,AUD
920277,2024-03-05T22:38:47,2024-03-05,204,26,Online,Afterpay,COUPONZ-A0,19.58,AUD
920837,2024-03-05T10:56:08,2024-03-05,641,20,Retail,Credit Card,COUPON---A,15.24,AUD
920965,2024-03-05T19:12:01,2024-03-05,261,20,Online,PayPal,COUPON0---,10.93,AUD
920969,2024-03-05T00:36:08,2024-03-05,547,48,Retail,Credit Card,COUPON900A,0.4,AUD
920988,2024-03-05T17:59:40,2024-03-05,298,38,Online,Afterpay,COUPONAZ0-,12.8,AUD
921039,2024-03-05T23:36:23,2024-03-05,281,42,Online,PayPal,COUPON--AA,16.59,AUD
921061,2024-03-05T22:49:29,2024-03-05,140,22,Online,Afterpay,COUPON-0--,18.46,AUD
921205,2024-03-05T22:27:44,2024-03-05,421,15,Online,Credit Card,COUPON--A0,3.02,AUD
921207,2024-03-05T03:49:19,2024-03-05,748,23,Online,PayPal,COUPON-Z99,12.02,AUD
921267,2024-03-05T04:10:03,2024-03-05,176,11,Online,Afterpay,COUPON-000,14.14,AUD
921640,2024-03-05T23:53:41,2024-03-05,449,20,Online,Afterpay,COUPONZ90-,8.63,AUD
921727,2024-03-05T19:54:26,2024-03-05,698,26,Online,Credit Card,COUPON0---,18.46,AUD
921770,2024-03-05T07:04:22,2024-03-05,693,23,Online,PayPal,COUPON9Z9Z,2.17,AUD
921948,2024-03-05T22:49:30,2024-03-05,481,17,Online,Credit Card,COUPON----,7.26,AUD
922468,2024-03-05T10:05:46,2024-03-05,527,25,Online,Afterpay,COUPON-AA0,3.22,AUD
922650,2024-03-05T12:13:20,2024-03-05,588,13,Online,Afterpay,COUPONAZA-,7.9,AUD
922689,2024-03-05T21:42:34,2024-03-05,577,45,Retail,Afterpay,COUPONAZAA,17.1,AUD
922757,2024-03-05T06:21:13,2024-03-05,134,18,Retail,Afterpay,COUPON0A-Z,5.58,AUD
922840,2024-03-05T10:45:55,2024-03-05,780,5,Retail,PayPal,COUPONA0ZZ,4.27,AUD
922887,2024-03-05T03:08:10,2024-03-05,24,28,Retail,PayPal,COUPON-9--,11.79,AUD
923198,2024-03-05T13:15:29,2024-03-05,495,17,Retail,Credit Card,COUPONA99A,14.44,AUD
923297,2024-03-05T19:39:05,2024-03-05,647,35,Online,Credit Card,COUPON-A0-,9.9,AUD
923408,2024-03-05T14:55:22,2024-03-05,481,40,Online,Afterpay,COUPON---0,13.75,AUD
923459,2024-03-05T04:06:14,2024-03-05,631,12,Online,Credit Card,COUPON-Z-9,7.71,AUD
923463,2024-03-05T19:50:16,2024-03-05,32,7,Retail,Credit Card,COUPONAZ-A,17.4,AUD
923602,2024-03-05T12:04:44,2024-03-05,261,32,Online,Afterpay,COUPON---0,1.13,AUD
923754,2024-03-05T20:46:34,2024-03-05,70,33,Retail,PayPal,COUPON0009,8.35,AUD
923815,2024-03-05T13:32:12,2024-03-05,555,48,Retail,Credit Card,COUPON0000,8.91,AUD
923829,2024-03-05T15:08:47,2024-03-05,257,34,Online,Afterpay,COUPON90-0,15.92,AUD
923960,2024-03-05T17:19:23,2024-03-05,490,34,Online,Afterpay,COUPONA090,5.02,AUD
924220,2024-03-05T13:31:43,2024-03-05,279,44,Retail,Credit Card,COUPON0--A,19.76,AUD
924332,2024-03-05T23:54:58,2024-03-05,535,35,Retail,Credit Card,COUPON90-Z,8.74,AUD
924349,2024-03-05T15:31:47,2024-03-05,60,15,Retail,Afterpay,COUPON--Z-,19.84,AUD
924425,2024-03-05T04:48:25,2024-03-05,760,13,Retail,Credit Card,COUPON-Z--,19.16,AUD
924482,2024-03-05T23:50:57,2024-03-05,760,47,Retail,Afterpay,COUPON--Z-,19.74,AUD
924554,2024-03-05T00:36:57,2024-03-05,774,8,Online,Afterpay,COUPONAZ-Z,0.95,AUD
924569,2024-03-05T00:41:23,2024-03-05,753,10,Retail,Afterpay,COUPONZ-ZZ,0.09,AUD
924630,2024-03-05T11:32:25,2024-03-05,799,36,Retail,PayPal,COUPONZ--A,17.95,AUD
924644,2024-03-05T02:51:29,2024-03-05,454,37,Retail,Afterpay,COUPONAZ00,16.41,AUD
924733,2024-03-05T08:12:48,2024-03-05,742,19,Retail,Afterpay,COUPONA-09,4.37,AUD
924770,2024-03-05T18:00:13,2024-03-05,104,10,Online,Credit Card,COUPON9Z-0,15.67,AUD
924792,2024-03-05T10:10:20,2024-03-05,110,22,Online,Credit Card,COUPON-0A0,4.28,AUD
924983,2024-03-05T14:30:53,2024-03-05,86,3,Online,Credit Card,COUPON-00-,15.34,AUD
925184,2024-03-05T05:11:42,2024-03-05,196,8,Retail,Afterpay,COUPON-Z9Z,12.15,AUD
925508,2024-03-05T00:37:12,2024-03-05,193,22,Retail,Afterpay,COUPON---A,15.35,AUD
925574,2024-03-05T09:21:30,2024-03-05,726,33,Online,Afterpay,COUPON---A,15.81,AUD
925676,2024-03-05T23:38:29,2024-03-05,666,39,Online,Credit Card,COUPONZ9AZ,18.62,AUD
925721,2024-03-05T09:27:39,2024-03-05,781,4,Retail,PayPal,COUPON-0--,15.75,AUD
925735,2024-03-05T11:15:41,2024-03-05,50,2,Online,PayPal,COUPONA0A0,12.6,AUD
925765,2024-03-05T08:15:31,2024-03-05,202,34,Online,PayPal,COUPON90--,18.37,AUD
925882,2024-03-05T23:41:12,2024-03-05,158,19,Online,PayPal,COUPONZ0-A,17.98,AUD
925904,2024-03-05T03:37:51,2024-03-05,393,2,Online,Credit Card,COUPON9-0-,3.0,AUD
925940,2024-03-05T18:55:35,2024-03-05,40,4,Online,PayPal,COUPON0A--,8.29,AUD
925951,2024-03-05T12:13:01,2024-03-05,71,42,Retail,PayPal,COUPON09-9,1.05,AUD
925957,2024-03-05T03:56:23,2024-03-05,269,21,Online,Credit Card,COUPON0-9-,6.0,AUD
925990,2024-03-05T20:39:36,2024-03-05,253,20,Online,PayPal,COUPONZ-Z0,13.46,AUD
926177,2024-03-05T18:36:45,2024-03-05,397,8,Online,Credit Card,COUPONZ--0,4.32,AUD
926199,2024-03-05T09:50:21,2024-03-05,106,33,Online,PayPal,COUPON--99,10.04,AUD
926257,2024-03-05T04:38:36,2024-03-05,314,43,Online,PayPal,COUPON----,3.24,AUD
926329,2024-03-05T06:30:35,2024-03-05,231,26,Retail,PayPal,COUPON--00,6.78,AUD
926349,2024-03-05T09:59:26,2024-03-05,58,5,Online,Credit Card,COUPON-90Z,12.35,AUD
926423,2024-03-05T02:28:57,2024-03-05,507,39,Online,PayPal,COUPONA-A0,11.97,AUD
926482,2024-03-05T00:57:20,2024-03-05,792,29,Online,Afterpay,COUPON0-Z-,11.74,AUD
926571,2024-03-05T02:40:28,2024-03-05,130,27,Online,PayPal,COUPON9-Z-,3.75,AUD
926609,2024-03-05T22:01:01,2024-03-05,202,25,Online,Afterpay,COUPON9ZZA,6.77,AUD
926636,2024-03-05T20:57:17,2024-03-05,401,46,Online,Afterpay,COUPONZA-0,1.0,AUD
926663,2024-03-05T07:23:23,2024-03-05,455,44,Retail,Credit Card,COUPON999-,10.77,AUD
926800,2024-03-05T09:22:28,2024-03-05,370,20,Online,PayPal,COUPON-00Z,2.22,AUD
926866,2024-03-05T22:04:06,2024-03-05,550,36,Retail,PayPal,COUPONZ-9A,5.44,AUD
926878,2024-03-05T13:22:16,2024-03-05,221,39,Retail,Credit Card,COUPON-0A0,17.15,AUD
926989,2024-03-05T05:05:39,2024-03-05,161,1,Online,Credit Card,COUPON9Z0-,18.69,AUD
927056,2024-03-05T21:13:09,2024-03-05,131,27,Retail,PayPal,COUPON909A,10.79,AUD
927263,2024-03-05T10:53:11,2024-03-05,257,14,Online,Afterpay,COUPON0Z--,5.49,AUD
927304,2024-03-05T06:10:47,2024-03-05,247,41,Retail,Afterpay,COUPON-ZAA,16.08,AUD
927364,2024-03-05T16:10:01,2024-03-05,118,27,Retail,Credit Card,COUPON-A-Z,9.75,AUD
927458,2024-03-05T22:07:22,2024-03-05,486,26,Online,Afterpay,COUPON---9,7.19,AUD
927476,2024-03-05T12:23:21,2024-03-05,738,33,Retail,PayPal,COUPON9A9Z,6.46,AUD
927755,2024-03-05T01:41:47,2024-03-05,294,18,Retail,Afterpay,COUPON0A9A,0.43,AUD
927773,2024-03-05T13:21:39,2024-03-05,347,9,Online,Afterpay,COUPON9AA-,4.55,AUD
927802,2024-03-05T11:30:44,2024-03-05,728,2,Retail,PayPal,COUPON999A,6.39,AUD
927931,2024-03-05T06:25:42,2024-03-05,182,9,Online,Afterpay,COUPONA-Z-,9.07,AUD
927991,2024-03-05T15:45:20,2024-03-05,507,9,Online,Credit Card,COUPONZ0-Z,10.29,AUD
928154,2024-03-05T04:43:04,2024-03-05,157,25,Retail,Credit Card,COUPON-9Z-,12.5,AUD
928259,2024-03-05T15:41:55,2024-03-05,701,42,Retail,Afterpay,COUPON----,4.92,AUD
928260,2024-03-05T18:33:16,2024-03-05,536,39,Online,PayPal,COUPON-000,11.5,AUD
928261,2024-03-05T06:33:19,2024-03-05,586,35,Retail,Afterpay,COUPON0A--,19.65,AUD
928281,2024-03-05T04:53:35,2024-03-05,70,47,Online,Credit Card,COUPON09A-,18.64,AUD
928569,2024-03-05T00:00:04,2024-03-05,250,37,Online,PayPal,COUPONZ009,6.68,AUD
928592,2024-03-05T20:15:42,2024-03-05,214,9,Retail,PayPal,COUPON-AZ-,17.11,AUD
928729,2024-03-05T06:48:54,2024-03-05,781,23,Retail,Afterpay,COUPON-Z99,10.34,AUD
928753,2024-03-05T14:08:19,2024-03-05,436,25,Online,Credit Card,COUPON0-09,16.11,AUD
928757,2024-03-05T23:18:23,2024-03-05,637,46,Retail,PayPal,COUPON-A-Z,12.43,AUD
928785,2024-03-05T12:22:13,2024-03-05,231,14,Retail,Credit Card,COUPONA9-A,6.46,AUD
928797,2024-03-05T08:35:45,2024-03-05,300,28,Online,PayPal,COUPON0Z-0,19.37,AUD
928808,2024-03-05T23:05:14,2024-03-05,279,23,Online,PayPal,COUPON0ZA9,17.44,AUD
928819,2024-03-05T19:57:01,2024-03-05,14,1,Online,Credit Card,COUPONAZA0,9.17,AUD
928867,2024-03-05T21:50:49,2024-03-05,485,25,Online,Credit Card,COUPON-9--,7.77,AUD
928871,2024-03-05T22:20:55,2024-03-05,236,27,Online,Afterpay,COUPONA0Z-,6.63,AUD
928956,2024-03-05T20:39:33,2024-03-05,624,17,Online,PayPal,COUPONZ-90,6.81,AUD
928986,2024-03-05T11:27:52,2024-03-05,351,28,Retail,PayPal,COUPON90A0,2.85,AUD
928992,2024-03-05T13:40:20,2024-03-05,691,36,Retail,Afterpay,COUPON9Z-A,11.3,AUD
929054,2024-03-05T08:10:25,2024-03-05,161,10,Online,PayPal,COUPON0AA0,4.26,AUD
929062,2024-03-05T01:47:20,2024-03-05,131,18,Retail,Credit Card,COUPON-A--,12.16,AUD
929111,2024-03-05T04:35:00,2024-03-05,48,26,Retail,Credit Card,COUPONA90A,7.81,AUD
929179,2024-03-05T14:05:30,2024-03-05,772,40,Retail,Credit Card,COUPON0Z0A,14.49,AUD
929264,2024-03-05T20:20:02,2024-03-05,404,25,Online,PayPal,COUPONZ9A9,1.64,AUD
929281,2024-03-05T14:37:01,2024-03-05,453,12,Online,PayPal,COUPON0-AZ,1.78,AUD
929323,2024-03-05T02:12:49,2024-03-05,290,44,Retail,PayPal,COUPON09-0,11.95,AUD
929352,2024-03-05T04:06:02,2024-03-05,65,16,Online,Credit Card,COUPONA-Z-,0.29,AUD
929376,2024-03-05T10:36:11,2024-03-05,236,5,Online,Afterpay,COUPONZA-Z,17.72,AUD
929473,2024-03-05T18:34:23,2024-03-05,693,45,Retail,Credit Card,COUPON-ZZ-,14.24,AUD
929697,2024-03-05T15:58:21,2024-03-05,614,37,Online,PayPal,COUPON9A0Z,14.97,AUD
929794,2024-03-05T15:16:36,2024-03-05,475,3,Retail,Credit Card,COUPON--Z-,2.55,AUD
929821,2024-03-05T11:54:20,2024-03-05,527,37,Online,Afterpay,COUPON--ZZ,10.1,AUD
930048,2024-03-05T00:42:16,2024-03-05,44,42,Retail,Credit Card,COUPON9A-A,7.27,AUD
930049,2024-03-05T18:57:00,2024-03-05,1,22,Retail,Credit Card,COUPON0090,5.92,AUD
930161,2024-03-05T09:28:19,2024-03-05,31,12,Retail,Afterpay,COUPON9A-9,3.61,AUD
930202,2024-03-05T14:10:47,2024-03-05,473,36,Retail,Afterpay,COUPONZ-A9,1.75,AUD
930251,2024-03-05T03:29:58,2024-03-05,548,18,Online,PayPal,COUPON-9--,16.8,AUD
930321,2024-03-05T02:37:45,2024-03-05,639,1,Retail,Afterpay,COUPON00-9,14.67,AUD
930439,2024-03-05T12:41:29,2024-03-05,774,45,Retail,Afterpay,COUPONAA-9,16.53,AUD
930537,2024-03-05T03:47:37,2024-03-05,736,33,Online,PayPal,COUPON-00-,13.26,AUD
930602,2024-03-05T03:50:02,2024-03-05,770,13,Retail,PayPal,COUPONZ9-9,19.36,AUD
930864,2024-03-05T13:25:27,2024-03-05,101,9,Online,Credit Card,COUPONAZA0,14.06,AUD
930886,2024-03-05T03:40:27,2024-03-05,572,1,Online,Afterpay,COUPON-AZ0,16.74,AUD
930995,2024-03-05T06:42:23,2024-03-05,514,35,Retail,Afterpay,COUPON0A00,10.34,AUD
931127,2024-03-05T07:08:07,2024-03-05,94,31,Retail,Credit Card,COUPONZA0Z,17.04,AUD
931248,2024-03-05T02:25:49,2024-03-05,248,37,Online,Credit Card,COUPON9---,7.15,AUD
931345,2024-03-05T09:08:42,2024-03-05,592,32,Online,Afterpay,COUPON-0-9,10.67,AUD
931387,2024-03-05T10:09:35,2024-03-05,103,15,Online,PayPal,COUPONA-9-,0.39,AUD
931701,2024-03-05T07:20:28,2024-03-05,480,32,Online,Credit Card,COUPONZ-0-,13.07,AUD
931936,2024-03-05T07:43:46,2024-03-05,192,49,Retail,Afterpay,COUPON----,8.84,AUD
931937,2024-03-05T23:17:51,2024-03-05,538,46,Online,Credit Card,COUPONA9--,19.28,AUD
931949,2024-03-05T04:53:18,2024-03-05,454,16,Online,PayPal,COUPON0Z-A,2.64,AUD
932546,2024-03-05T13:54:01,2024-03-05,643,42,Online,Afterpay,COUPON--99,10.63,AUD
932662,2024-03-05T16:18:09,2024-03-05,287,37,Retail,Afterpay,COUPON9-0-,6.81,AUD
932670,2024-03-05T05:59:36,2024-03-05,491,1,Online,PayPal,COUPONAA-A,9.38,AUD
932811,2024-03-05T02:43:28,2024-03-05,192,32,Retail,Credit Card,COUPON09--,15.47,AUD
932891,2024-03-05T16:16:07,2024-03-05,310,48,Online,Afterpay,COUPONZ00A,9.52,AUD
932937,2024-03-05T21:37:29,2024-03-05,404,49,Online,PayPal,COUPON09--,13.94,AUD
932989,2024-03-05T13:11:44,2024-03-05,430,10,Online,Credit Card,COUPONAZ9-,14.65,AUD
933085,2024-03-05T13:24:57,2024-03-05,799,2,Online,PayPal,COUPONAZ--,18.24,AUD
933139,2024-03-05T01:53:33,2024-03-05,180,34,Retail,PayPal,COUPON--9A,2.6,AUD
933241,2024-03-05T12:48:18,2024-03-05,608,31,Retail,PayPal,COUPON90Z-,15.27,AUD
933361,2024-03-05T19:26:54,2024-03-05,85,47,Online,Credit Card,COUPON9Z0Z,16.89,AUD
933362,2024-03-05T09:38:53,2024-03-05,381,5,Retail,Credit Card,COUPON-00-,5.74,AUD
933568,2024-03-05T17:59:06,2024-03-05,634,49,Retail,Afterpay,COUPON-09-,17.09,AUD
933793,2024-03-05T20:12:19,2024-03-05,665,20,Retail,Afterpay,COUPON909-,7.82,AUD
933967,2024-03-05T01:43:48,2024-03-05,794,34,Online,PayPal,COUPONA0-9,9.75,AUD
934019,2024-03-05T11:55:42,2024-03-05,211,50,Retail,PayPal,COUPONZ-0-,1.54,AUD
934209,2024-03-05T06:21:56,2024-03-05,8,42,Retail,PayPal,COUPON9AA9,15.36,AUD
934416,2024-03-05T08:55:30,2024-03-05,163,33,Online,PayPal,COUPONZ---,12.81,AUD
934509,2024-03-05T12:54:32,2024-03-05,763,2,Retail,PayPal,COUPONA99A,2.4,AUD
934519,2024-03-05T05:55:52,2024-03-05,534,6,Retail,Afterpay,COUPON--ZZ,18.39,AUD
934642,2024-03-05T15:53:34,2024-03-05,450,44,Online,Credit Card,COUPON0Z0-,11.09,AUD
934849,2024-03-05T11:21:14,2024-03-05,389,11,Retail,PayPal,COUPON-AZ0,12.27,AUD
934929,2024-03-05T17:02:36,2024-03-05,2,45,Online,Afterpay,COUPON0Z-9,9.61,AUD
934943,2024-03-05T16:34:45,2024-03-05,631,45,Online,PayPal,COUPON-Z-Z,9.29,AUD
934965,2024-03-05T01:46:10,2024-03-05,687,18,Retail,PayPal,COUPONA9ZA,16.28,AUD
935096,2024-03-05T10:06:20,2024-03-05,265,11,Online,Credit Card,COUPON--A-,17.42,AUD
935293,2024-03-05T16:06:52,2024-03-05,421,49,Retail,PayPal,COUPON0-Z0,16.93,AUD
935366,2024-03-05T18:16:53,2024-03-05,621,12,Retail,Credit Card,COUPON-0ZZ,5.3,AUD
935477,2024-03-05T05:32:36,2024-03-05,456,36,Online,PayPal,COUPON-90Z,6.68,AUD
935811,2024-03-05T17:06:26,2024-03-05,255,30,Online,Credit Card,COUPON00--,4.72,AUD
935817,2024-03-05T13:55:10,2024-03-05,759,36,Online,Afterpay,COUPONZ-9A,11.81,AUD
936053,2024-03-05T18:01:28,2024-03-05,676,50,Online,Afterpay,COUPON0A-9,11.07,AUD
936165,2024-03-05T23:46:48,2024-03-05,595,3,Online,PayPal,COUPON09Z-,7.12,AUD
936172,2024-03-05T07:39:20,2024-03-05,620,26,Online,Credit Card,COUPON90-9,8.08,AUD
936258,2024-03-05T15:03:22,2024-03-05,556,22,Online,Afterpay,COUPON---A,16.9,AUD
936327,2024-03-05T06:42:10,2024-03-05,4,38,Retail,Afterpay,COUPON0-00,13.76,AUD
936373,2024-03-05T10:09:20,2024-03-05,423,25,Online,Credit Card,COUPON9A-9,0.6,AUD
936446,2024-03-05T11:45:15,2024-03-05,441,41,Online,PayPal,COUPONA990,5.75,AUD
936531,2024-03-05T22:55:25,2024-03-05,519,17,Online,PayPal,COUPON-AA-,11.18,AUD
936601,2024-03-05T12:58:52,2024-03-05,537,17,Online,Credit Card,COUPON--Z-,0.96,AUD
936627,2024-03-05T03:53:39,2024-03-05,288,37,Retail,Credit Card,COUPONZA-9,0.79,AUD
936648,2024-03-05T11:30:29,2024-03-05,58,38,Online,Afterpay,COUPONZ-Z9,14.34,AUD
936726,2024-03-05T10:08:52,2024-03-05,151,33,Retail,Credit Card,COUPON-A0-,2.77,AUD
936796,2024-03-05T08:07:05,2024-03-05,38,35,Online,Afterpay,COUPON90-A,14.37,AUD
936855,2024-03-05T23:48:36,2024-03-05,426,39,Online,Credit Card,COUPON0-ZZ,4.17,AUD
937083,2024-03-05T07:01:58,2024-03-05,652,44,Online,PayPal,COUPON0-Z-,18.35,AUD
937240,2024-03-05T12:28:12,2024-03-05,285,4,Retail,PayPal,COUPONZ0A-,17.07,AUD
937250,2024-03-05T03:43:12,2024-03-05,639,4,Online,Afterpay,COUPON-09Z,9.58,AUD
937301,2024-03-05T17:42:21,2024-03-05,625,11,Retail,Afterpay,COUPON9-0A,17.91,AUD
937356,2024-03-05T05:08:09,2024-03-05,418,15,Online,Credit Card,COUPON-ZA9,9.47,AUD
937392,2024-03-05T07:36:12,2024-03-05,595,10,Retail,Credit Card,COUPONZ0AZ,3.16,AUD
937473,2024-03-05T06:40:27,2024-03-05,12,26,Online,PayPal,COUPON--9A,12.87,AUD
937495,2024-03-05T01:36:24,2024-03-05,204,28,Online,PayPal,COUPON9A9A,2.39,AUD
937687,2024-03-05T11:31:54,2024-03-05,23,16,Online,PayPal,COUPON9---,16.65,AUD
937785,2024-03-05T04:44:57,2024-03-05,434,1,Retail,Afterpay,COUPONA---,0.92,AUD
937801,2024-03-05T05:25:48,2024-03-05,780,1,Online,PayPal,COUPONA9AA,12.96,AUD
937837,2024-03-05T02:36:23,2024-03-05,499,40,Retail,Afterpay,COUPON9-0Z,14.65,AUD
937882,2024-03-05T06:00:18,2024-03-05,189,32,Retail,PayPal,COUPONAAAZ,16.01,AUD
938043,2024-03-05T13:52:15,2024-03-05,276,18,Retail,PayPal,COUPON90-9,12.54,AUD
938047,2024-03-05T09:27:28,2024-03-05,135,31,Retail,Afterpay,COUPONZZ-A,7.73,AUD
938102,2024-03-05T06:33:24,2024-03-05,552,5,Retail,PayPal,COUPON--Z9,7.34,AUD
938188,2024-03-05T01:35:21,2024-03-05,278,35,Online,Afterpay,COUPONA0A-,19.95,AUD
938274,2024-03-05T06:33:47,2024-03-05,208,38,Retail,PayPal,COUPON-AZ0,19.02,AUD
938277,2024-03-05T22:35:52,2024-03-05,799,30,Retail,Afterpay,COUPONAA9-,17.15,AUD
938385,2024-03-05T06:17:39,2024-03-05,377,26,Retail,PayPal,COUPON-Z--,15.72,AUD
938432,2024-03-05T00:50:03,2024-03-05,179,5,Retail,Credit Card,COUPON---9,9.21,AUD
938462,2024-03-05T02:34:07,2024-03-05,733,20,Retail,Afterpay,COUPONAA--,2.19,AUD
938468,2024-03-05T11:05:46,2024-03-05,375,40,Retail,Afterpay,COUPON90-0,15.09,AUD
938485,2024-03-05T13:28:02,2024-03-05,590,17,Online,PayPal,COUPON9-Z9,12.04,AUD
938529,2024-03-05T10:34:45,2024-03-05,91,30,Online,Credit Card,COUPON-99A,0.32,AUD
938618,2024-03-05T07:38:31,2024-03-05,176,40,Online,PayPal,COUPON--A0,11.9,AUD
938636,2024-03-05T17:08:17,2024-03-05,62,1,Online,PayPal,COUPON9--Z,16.65,AUD
938904,2024-03-05T16:05:15,2024-03-05,466,39,Online,PayPal,COUPON9000,13.0,AUD
939029,2024-03-05T21:16:41,2024-03-05,240,27,Online,PayPal,COUPON-9--,13.13,AUD
939114,2024-03-05T18:10:21,2024-03-05,319,28,Online,PayPal,COUPON90-Z,18.79,AUD
939303,2024-03-05T12:21:11,2024-03-05,683,33,Retail,Credit Card,COUPONZAZ-,0.82,AUD
939339,2024-03-05T00:12:52,2024-03-05,382,32,Retail,PayPal,COUPONA99Z,1.35,AUD
939347,2024-03-05T12:11:12,2024-03-05,420,23,Online,Credit Card,COUPONAAAA,15.86,AUD
939360,2024-03-05T06:28:47,2024-03-05,755,18,Retail,Afterpay,COUPONAA--,9.1,AUD
939369,2024-03-05T13:38:08,2024-03-05,89,46,Online,Afterpay,COUPON00Z-,19.11,AUD
939596,2024-03-05T21:16:25,2024-03-05,589,30,Online,Credit Card,COUPON009-,3.98,AUD
939702,2024-03-05T08:40:24,2024-03-05,649,7,Retail,Afterpay,COUPON-A-A,13.84,AUD
939853,2024-03-05T18:09:11,2024-03-05,674,25,Online,Afterpay,COUPON-09-,3.24,AUD
939909,2024-03-05T16:12:33,2024-03-05,4,9,Retail,Credit Card,COUPONA099,10.97,AUD
939996,2024-03-05T21:45:43,2024-03-05,275,20,Retail,Credit Card,COUPON--90,2.91,AUD
940129,2024-03-05T11:30:19,2024-03-05,318,15,Online,Credit Card,COUPONAZ-Z,16.68,AUD
940150,2024-03-05T23:18:35,2024-03-05,311,24,Online,PayPal,COUPONZ-9-,18.44,AUD
940153,2024-03-05T17:24:25,2024-03-05,689,39,Online,PayPal,COUPON9A90,6.38,AUD
940268,2024-03-05T08:26:02,2024-03-05,517,33,Retail,Afterpay,COUPON9--A,12.65,AUD
940592,2024-03-05T00:02:03,2024-03-05,212,11,Online,Afterpay,COUPONZAZ9,2.79,AUD
940602,2024-03-05T11:11:08,2024-03-05,127,38,Retail,Credit Card,COUPON9---,7.49,AUD
940770,2024-03-05T09:03:43,2024-03-05,356,48,Online,Afterpay,COUPON-A-Z,7.72,AUD
940774,2024-03-05T21:12:05,2024-03-05,126,27,Online,PayPal,COUPONA00-,19.29,AUD
940789,2024-03-05T15:17:31,2024-03-05,470,8,Online,Afterpay,COUPONA-0A,18.75,AUD
940883,2024-03-05T20:00:56,2024-03-05,250,12,Online,Afterpay,COUPON---Z,6.65,AUD
940984,2024-03-05T11:27:00,2024-03-05,425,7,Retail,Credit Card,COUPON-AAA,13.49,AUD
941254,2024-03-05T21:54:42,2024-03-05,90,11,Retail,Afterpay,COUPON-09A,8.34,AUD
941446,2024-03-05T09:42:13,2024-03-05,538,46,Retail,Credit Card,COUPONZ-A9,9.63,AUD
941861,2024-03-05T10:56:52,2024-03-05,609,26,Online,PayPal,COUPON0A-Z,5.56,AUD
941962,2024-03-05T10:37:13,2024-03-05,591,2,Retail,Afterpay,COUPONA-0-,19.55,AUD
941965,2024-03-05T18:47:02,2024-03-05,72,35,Retail,PayPal,COUPON9A9-,9.69,AUD
942014,2024-03-05T12:32:44,2024-03-05,552,7,Online,PayPal,COUPON9A-Z,10.69,AUD
942286,2024-03-05T12:41:17,2024-03-05,147,11,Online,Credit Card,COUPON-Z99,5.07,AUD
942298,2024-03-05T14:35:07,2024-03-05,402,15,Retail,Afterpay,COUPON9-9Z,15.96,AUD
942436,2024-03-05T17:49:01,2024-03-05,576,6,Retail,PayPal,COUPON-Z--,13.04,AUD
942520,2024-03-05T04:41:01,2024-03-05,382,8,Retail,PayPal,COUPONA-09,11.41,AUD
942624,2024-03-05T14:29:10,2024-03-05,672,2,Retail,Credit Card,COUPON09AZ,9.13,AUD
943069,2024-03-05T16:06:52,2024-03-05,145,18,Online,Afterpay,COUPON--0Z,4.04,AUD
943468,2024-03-05T19:01:49,2024-03-05,661,40,Online,Afterpay,COUPON-Z--,2.61,AUD
943477,2024-03-05T04:31:31,2024-03-05,427,46,Online,Credit Card,COUPON-ZZZ,7.92,AUD
943519,2024-03-05T17:21:10,2024-03-05,465,4,Retail,PayPal,COUPONZZ09,17.37,AUD
943546,2024-03-05T07:53:05,2024-03-05,430,50,Online,PayPal,COUPON-9-9,17.62,AUD
943592,2024-03-05T23:19:33,2024-03-05,156,4,Online,PayPal,COUPON9A00,12.07,AUD
943600,2024-03-05T16:57:46,2024-03-05,236,32,Retail,PayPal,COUPON0990,16.1,AUD
943666,2024-03-05T22:32:46,2024-03-05,41,32,Retail,Credit Card,COUPON00--,0.31,AUD
943744,2024-03-05T22:00:54,2024-03-05,703,25,Online,PayPal,COUPONA0--,18.56,AUD
943773,2024-03-05T22:48:22,2024-03-05,365,29,Retail,Credit Card,COUPONZA9A,1.26,AUD
943975,2024-03-05T07:33:26,2024-03-05,263,27,Online,PayPal,COUPONA0--,1.53,AUD
944017,2024-03-05T00:55:25,2024-03-05,633,26,Online,Afterpay,COUPONZ--Z,6.13,AUD
944029,2024-03-05T11:45:05,2024-03-05,628,43,Online,Afterpay,COUPON9Z99,18.1,AUD
944091,2024-03-05T05:14:52,2024-03-05,425,15,Retail,Afterpay,COUPON-ZA0,6.17,AUD
944285,2024-03-05T20:20:18,2024-03-05,622,36,Retail,PayPal,COUPONAZZ-,18.4,AUD
944506,2024-03-05T10:19:04,2024-03-05,154,36,Online,Credit Card,COUPON-ZZZ,1.25,AUD
944743,2024-03-05T17:13:19,2024-03-05,464,49,Online,PayPal,COUPONA-A-,6.53,AUD
944770,2024-03-05T02:53:21,2024-03-05,211,45,Online,Afterpay,COUPONAA9-,7.73,AUD
944791,2024-03-05T16:16:54,2024-03-05,654,50,Online,Afterpay,COUPON99-A,2.57,AUD
944883,2024-03-05T03:48:17,2024-03-05,241,4,Online,Afterpay,COUPONA-00,2.69,AUD
945182,2024-03-05T19:28:50,2024-03-05,536,32,Online,Credit Card,COUPON99-0,14.4,AUD
945226,2024-03-05T15:25:10,2024-03-05,242,9,Online,PayPal,COUPONA0Z-,7.49,AUD
945230,2024-03-05T17:33:48,2024-03-05,630,9,Online,PayPal,COUPONA-99,8.36,AUD
945239,2024-03-05T05:59:43,2024-03-05,35,32,Online,PayPal,COUPON-A0-,4.04,AUD
945353,2024-03-05T17:06:57,2024-03-05,103,45,Retail,PayPal,COUPON9Z-Z,17.85,AUD
945526,2024-03-05T00:18:27,2024-03-05,168,25,Online,Credit Card,COUPON099-,15.19,AUD
945537,2024-03-05T03:17:54,2024-03-05,447,36,Online,Credit Card,COUPON-A0-,15.03,AUD
945678,2024-03-05T15:25:26,2024-03-05,2,41,Online,PayPal,COUPON-Z00,13.9,AUD
945910,2024-03-05T07:30:12,2024-03-05,784,43,Retail,Afterpay,COUPONAAA0,13.46,AUD
945982,2024-03-05T08:20:15,2024-03-05,492,35,Online,Credit Card,COUPON-0-0,1.73,AUD
946083,2024-03-05T10:37:28,2024-03-05,85,39,Retail,Credit Card,COUPON00--,15.73,AUD
946137,2024-03-05T03:46:20,2024-03-05,305,41,Retail,PayPal,COUPONA9--,10.95,AUD
946144,2024-03-05T04:54:30,2024-03-05,255,11,Retail,PayPal,COUPON0000,11.9,AUD
946187,2024-03-05T16:25:35,2024-03-05,741,9,Retail,Credit Card,COUPON-Z00,13.48,AUD
946286,2024-03-05T06:31:17,2024-03-05,244,4,Retail,Credit Card,COUPONAZ-Z,18.16,AUD
946318,2024-03-05T18:43:06,2024-03-05,527,15,Online,PayPal,COUPON---A,3.35,AUD
946438,2024-03-05T22:18:29,2024-03-05,508,45,Online,Afterpay,COUPONA0A9,2.04,AUD
946636,2024-03-05T10:25:53,2024-03-05,91,28,Retail,PayPal,COUPON0--0,0.38,AUD
946844,2024-03-05T19:52:41,2024-03-05,472,6,Online,PayPal,COUPON--9-,17.65,AUD
946848,2024-03-05T22:21:32,2024-03-05,331,14,Retail,PayPal,COUPON09-Z,4.12,AUD
946958,2024-03-05T14:54:51,2024-03-05,85,20,Retail,PayPal,COUPON0ZA0,15.68,AUD
946970,2024-03-05T15:30:23,2024-03-05,91,45,Online,Credit Card,COUPON-9-0,4.98,AUD
947053,2024-03-05T11:46:13,2024-03-05,164,8,Online,PayPal,COUPON9Z-0,18.14,AUD
947226,2024-03-05T08:49:00,2024-03-05,212,48,Online,Credit Card,COUPONAZZ0,8.61,AUD
947479,2024-03-05T05:02:21,2024-03-05,400,27,Retail,Credit Card,COUPON-Z-9,7.48,AUD
947500,2024-03-05T18:09:05,2024-03-05,16,23,Online,Credit Card,COUPONZ-99,13.5,AUD
947566,2024-03-05T03:12:56,2024-03-05,667,40,Online,Afterpay,COUPONA-Z9,8.39,AUD
947652,2024-03-05T12:54:54,2024-03-05,352,30,Retail,Afterpay,COUPON9-9-,5.18,AUD
947748,2024-03-05T04:03:57,2024-03-05,10,26,Online,Credit Card,COUPON0A--,8.24,AUD
947759,2024-03-05T16:51:43,2024-03-05,121,15,Online,Credit Card,COUPONAA--,6.45,AUD
947786,2024-03-05T15:57:15,2024-03-05,356,10,Online,PayPal,COUPONZZ0-,6.6,AUD
947822,2024-03-05T14:03:39,2024-03-05,300,21,Retail,PayPal,COUPONZ-09,6.18,AUD
947841,2024-03-05T22:36:33,2024-03-05,556,6,Online,Credit Card,COUPON-099,15.85,AUD
947898,2024-03-05T11:57:54,2024-03-05,274,13,Retail,PayPal,COUPON-0-9,13.37,AUD
947915,2024-03-05T01:38:34,2024-03-05,170,39,Retail,PayPal,COUPONZ-Z-,0.47,AUD
947947,2024-03-05T19:10:15,2024-03-05,238,34,Online,Credit Card,COUPON9--Z,12.01,AUD
947959,2024-03-05T14:28:57,2024-03-05,545,35,Retail,Afterpay,COUPON-0AZ,14.89,AUD
947981,2024-03-05T15:37:59,2024-03-05,382,17,Retail,Afterpay,COUPON9Z-9,9.11,AUD
948019,2024-03-05T17:43:25,2024-03-05,24,35,Online,PayPal,COUPONZA0Z,2.67,AUD
948073,2024-03-05T16:59:32,2024-03-05,404,13,Online,Afterpay,COUPON0A-A,17.42,AUD
948159,2024-03-05T09:29:54,2024-03-05,658,32,Retail,Credit Card,COUPONZAA-,19.57,AUD
948304,2024-03-05T19:51:22,2024-03-05,206,5,Online,Afterpay,COUPONA90-,17.68,AUD
948348,2024-03-05T16:38:27,2024-03-05,339,50,Online,Afterpay,COUPON-Z-Z,14.9,AUD
948404,2024-03-05T19:20:22,2024-03-05,10,46,Retail,PayPal,COUPONZ-90,11.06,AUD
948524,2024-03-05T17:32:49,2024-03-05,19,40,Online,Credit Card,COUPONZA--,6.74,AUD
948572,2024-03-05T09:21:20,2024-03-05,361,37,Retail,Afterpay,COUPON-ZA9,19.1,AUD
949020,2024-03-05T14:55:31,2024-03-05,133,4,Retail,Afterpay,COUPON9A-9,13.3,AUD
949053,2024-03-05T19:39:10,2024-03-05,509,46,Retail,Credit Card,COUPONZ-0A,10.42,AUD
949200,2024-03-05T14:03:26,2024-03-05,554,27,Retail,Credit Card,COUPONZ09A,8.46,AUD
949221,2024-03-05T19:19:34,2024-03-05,9,28,Online,PayPal,COUPON--00,10.48,AUD
949266,2024-03-05T21:36:36,2024-03-05,653,49,Online,Afterpay,COUPONAAZ-,10.8,AUD
949312,2024-03-05T08:08:25,2024-03-05,59,33,Online,PayPal,COUPON9AA-,0.46,AUD
949384,2024-03-05T08:52:24,2024-03-05,282,19,Retail,Credit Card,COUPON--99,3.46,AUD
949385,2024-03-05T23:02:03,2024-03-05,792,15,Online,Credit Card,COUPON9-9-,0.04,AUD
949400,2024-03-05T16:03:31,2024-03-05,526,2,Retail,PayPal,COUPON-Z-9,13.36,AUD
949437,2024-03-05T12:45:25,2024-03-05,190,33,Retail,Afterpay,COUPONZZ9A,5.87,AUD
949449,2024-03-05T06:08:45,2024-03-05,239,19,Online,Credit Card,COUPON-Z0-,12.83,AUD
949510,2024-03-05T23:51:06,2024-03-05,218,11,Retail,Credit Card,COUPON-0-0,14.52,AUD
949513,2024-03-05T17:44:01,2024-03-05,556,35,Retail,Credit Card,COUPON000Z,19.24,AUD
949523,2024-03-05T10:08:50,2024-03-05,189,28,Retail,Credit Card,COUPON---9,0.18,AUD
949626,2024-03-05T06:45:58,2024-03-05,180,50,Retail,PayPal,COUPON-A-Z,3.61,AUD
949636,2024-03-05T06:30:08,2024-03-05,513,5,Online,Afterpay,COUPON--0-,12.59,AUD
949664,2024-03-05T00:18:28,2024-03-05,382,25,Online,PayPal,COUPON0A9-,8.71,AUD
949700,2024-03-05T07:16:18,2024-03-05,399,2,Online,PayPal,COUPONA-AA,11.07,AUD
949707,2024-03-05T10:11:11,2024-03-05,428,30,Online,PayPal,COUPON-A00,19.21,AUD
949792,2024-03-05T06:11:56,2024-03-05,7,39,Retail,Afterpay,COUPON0-0Z,10.31,AUD
949988,2024-03-05T19:18:23,2024-03-05,794,9,Online,Afterpay,COUPON-A-Z,12.85,AUD
950008,2024-03-05T07:29:42,2024-03-05,50,26,Retail,Afterpay,COUPONZA0Z,11.28,AUD
950226,2024-03-05T05:26:36,2024-03-05,707,2,Online,Afterpay,COUPON-9Z-,15.74,AUD
950270,2024-03-05T11:52:19,2024-03-05,338,36,Retail,Afterpay,COUPON-AZA,6.1,AUD
950377,2024-03-05T18:13:10,2024-03-05,60,30,Retail,Afterpay,COUPON0Z-9,15.13,AUD
950391,2024-03-05T05:06:12,2024-03-05,339,3,Online,PayPal,COUPON-9--,15.39,AUD
950406,2024-03-05T04:54:21,2024-03-05,131,21,Retail,PayPal,COUPONA-0-,4.35,AUD
950526,2024-03-05T10:17:37,2024-03-05,232,28,Online,Credit Card,COUPON9ZZA,9.76,AUD
950650,2024-03-05T10:56:39,2024-03-05,51,47,Online,PayPal,COUPONZZAZ,12.34,AUD
950950,2024-03-05T09:54:12,2024-03-05,28,6,Retail,Credit Card,COUPONA-9-,17.47,AUD
951063,2024-03-05T14:33:49,2024-03-05,309,49,Retail,Credit Card,COUPON--A9,9.92,AUD
951162,2024-03-05T23:59:44,2024-03-05,698,10,Online,PayPal,COUPONA--Z,0.51,AUD
951276,2024-03-05T01:39:51,2024-03-05,408,30,Retail,PayPal,COUPONA-0A,5.28,AUD
951305,2024-03-05T05:13:15,2024-03-05,549,11,Online,PayPal,COUPON--A-,0.45,AUD
951425,2024-03-05T23:59:04,2024-03-05,148,23,Online,PayPal,COUPONAZA0,0.73,AUD
951431,2024-03-05T19:58:55,2024-03-05,545,16,Online,Afterpay,COUPON90--,8.0,AUD
951603,2024-03-05T02:47:45,2024-03-05,364,25,Online,PayPal,COUPON0-ZZ,7.5,AUD
951963,2024-03-05T12:59:18,2024-03-05,639,47,Retail,PayPal,COUPONZ0AZ,10.38,AUD
952003,2024-03-05T14:35:58,2024-03-05,608,43,Online,Afterpay,COUPONA-9Z,17.53,AUD
952022,2024-03-05T09:17:25,2024-03-05,782,44,Online,Afterpay,COUPON----,14.43,AUD
952191,2024-03-05T02:05:54,2024-03-05,566,47,Online,Afterpay,COUPON9-Z-,6.4,AUD
952206,2024-03-05T19:01:31,2024-03-05,782,7,Online,Afterpay,COUPON0A-0,8.46,AUD
952212,2024-03-05T12:23:04,2024-03-05,644,8,Online,PayPal,COUPON--0-,19.16,AUD
952532,2024-03-05T00:08:48,2024-03-05,607,13,Online,Afterpay,COUPON9Z--,11.44,AUD
952546,2024-03-05T18:56:53,2024-03-05,537,28,Retail,PayPal,COUPON-ZA9,6.26,AUD
952608,2024-03-05T15:53:25,2024-03-05,508,35,Online,Afterpay,COUPONA0--,15.9,AUD
952622,2024-03-05T20:54:57,2024-03-05,666,13,Retail,Credit Card,COUPONA--9,14.11,AUD
952729,2024-03-05T21:47:40,2024-03-05,780,23,Retail,Credit Card,COUPON9AAZ,0.17,AUD
952813,2024-03-05T14:13:32,2024-03-05,721,8,Retail,Afterpay,COUPON0-00,9.05,AUD
952866,2024-03-05T08:23:43,2024-03-05,262,49,Retail,Credit Card,COUPON9ZZ0,16.27,AUD
952942,2024-03-05T17:00:09,2024-03-05,768,11,Retail,Afterpay,COUPON-9-9,6.24,AUD
952971,2024-03-05T23:18:43,2024-03-05,314,37,Online,PayPal,COUPON9--9,5.01,AUD
953230,2024-03-05T01:30:31,2024-03-05,292,40,Online,Credit Card,COUPONA09-,15.27,AUD
953281,2024-03-05T03:43:39,2024-03-05,20,43,Retail,Afterpay,COUPON-9--,6.45,AUD
953344,2024-03-05T09:28:01,2024-03-05,731,30,Online,PayPal,COUPON9ZZZ,3.41,AUD
953445,2024-03-05T06:59:12,2024-03-05,99,12,Retail,Afterpay,COUPON-AA-,1.71,AUD
953515,2024-03-05T22:17:07,2024-03-05,260,33,Online,Credit Card,COUPONZZ--,4.51,AUD
953557,2024-03-05T13:17:43,2024-03-05,244,47,Online,Credit Card,COUPON-AA9,8.65,AUD
953896,2024-03-05T14:45:47,2024-03-05,568,18,Retail,Afterpay,COUPON-ZAZ,18.69,AUD
953947,2024-03-05T08:17:05,2024-03-05,601,43,Retail,PayPal,COUPON----,0.22,AUD
954025,2024-03-05T11:33:47,2024-03-05,54,6,Retail,PayPal,COUPONZ0ZA,14.07,AUD
954161,2024-03-05T21:58:07,2024-03-05,591,41,Online,Credit Card,COUPON9AZ-,6.18,AUD
954177,2024-03-05T00:47:18,2024-03-05,244,20,Online,Credit Card,COUPON-A-A,4.49,AUD
954294,2024-03-05T10:17:58,2024-03-05,227,29,Online,Credit Card,COUPONZAA-,16.28,AUD
954441,2024-03-05T01:45:47,2024-03-05,582,7,Online,Credit Card,COUPON00ZZ,16.39,AUD
954542,2024-03-05T09:08:28,2024-03-05,529,1,Online,PayPal,COUPONZ-AA,15.4,AUD
954581,2024-03-05T00:24:49,2024-03-05,88,39,Online,Afterpay,COUPONZZ9Z,7.07,AUD
954656,2024-03-05T23:18:27,2024-03-05,512,16,Retail,Afterpay,COUPONZ-9-,9.57,AUD
954809,2024-03-05T06:20:03,2024-03-05,105,24,Online,Credit Card,COUPON--9-,15.06,AUD
954853,2024-03-05T10:19:03,2024-03-05,70,33,Retail,Credit Card,COUPONAZZZ,15.64,AUD
954930,2024-03-05T14:41:55,2024-03-05,576,42,Online,Afterpay,COUPON-Z-0,8.58,AUD
955045,2024-03-05T10:09:19,2024-03-05,538,15,Online,Credit Card,COUPON-AA9,9.32,AUD
955244,2024-03-05T04:12:42,2024-03-05,29,35,Retail,PayPal,COUPON9--0,16.15,AUD
955330,2024-03-05T12:59:50,2024-03-05,756,25,Retail,Credit Card,COUPONA-9A,17.63,AUD
955350,2024-03-05T08:56:18,2024-03-05,90,36,Retail,Credit Card,COUPONZZ-A,6.07,AUD
955382,2024-03-05T07:02:09,2024-03-05,108,22,Online,Afterpay,COUPON--9A,7.64,AUD
955408,2024-03-05T19:01:09,2024-03-05,575,25,Retail,Afterpay,COUPONA-9A,7.42,AUD
955434,2024-03-05T23:24:17,2024-03-05,25,34,Retail,Credit Card,COUPONZ0-A,3.2,AUD
955442,2024-03-05T03:26:27,2024-03-05,322,27,Retail,Afterpay,COUPON9-Z9,16.91,AUD
955629,2024-03-05T13:37:28,2024-03-05,576,4,Online,Credit Card,COUPONZ---,1.16,AUD
955687,2024-03-05T13:11:11,2024-03-05,387,25,Retail,Afterpay,COUPON-Z0-,9.35,AUD
955742,2024-03-05T11:46:12,2024-03-05,309,26,Online,PayPal,COUPON9A9-,6.72,AUD
956039,2024-03-05T08:06:16,2024-03-05,3,1,Online,Credit Card,COUPON---0,13.41,AUD
956120,2024-03-05T12:14:55,2024-03-05,645,22,Retail,Afterpay,COUPONAA9-,13.01,AUD
956198,2024-03-05T18:33:24,2024-03-05,428,4,Retail,PayPal,COUPON0A9-,7.11,AUD
956242,2024-03-05T14:45:11,2024-03-05,652,11,Online,Afterpay,COUPON0-AA,2.23,AUD
956344,2024-03-05T15:12:48,2024-03-05,649,21,Retail,Afterpay,COUPON0000,10.2,AUD
956450,2024-03-05T12:10:59,2024-03-05,314,44,Retail,Credit Card,COUPONZ--Z,6.16,AUD
956513,2024-03-05T11:43:38,2024-03-05,587,47,Retail,PayPal,COUPON9A9Z,8.16,AUD
956547,2024-03-05T00:57:53,2024-03-05,12,22,Retail,Afterpay,COUPONA-A9,15.82,AUD
956639,2024-03-05T18:45:58,2024-03-05,580,26,Retail,PayPal,COUPONZ0-9,3.9,AUD
956751,2024-03-05T06:36:53,2024-03-05,137,47,Retail,Afterpay,COUPONZZ-Z,6.44,AUD
957090,2024-03-05T01:13:04,2024-03-05,196,40,Online,PayPal,COUPON0-ZA,12.96,AUD
957094,2024-03-05T22:07:44,2024-03-05,180,38,Online,Credit Card,COUPON0AZ0,13.97,AUD
957121,2024-03-05T11:06:23,2024-03-05,85,13,Retail,Afterpay,COUPON--0-,10.89,AUD
957181,2024-03-05T09:46:42,2024-03-05,170,6,Online,Credit Card,COUPONAZ-0,0.96,AUD
957231,2024-03-05T16:23:20,2024-03-05,154,47,Online,PayPal,COUPON9Z-Z,9.21,AUD
957240,2024-03-05T00:00:23,2024-03-05,512,31,Retail,Credit Card,COUPON009-,3.23,AUD
957241,2024-03-05T22:49:35,2024-03-05,590,35,Online,PayPal,COUPON0-ZZ,7.54,AUD
957271,2024-03-05T00:35:27,2024-03-05,639,9,Online,Afterpay,COUPONZ-0Z,6.59,AUD
957339,2024-03-05T14:49:39,2024-03-05,152,33,Online,Afterpay,COUPONZAZA,7.4,AUD
957342,2024-03-05T17:00:33,2024-03-05,68,48,Online,Afterpay,COUPON9A9Z,7.4,AUD
957359,2024-03-05T10:12:48,2024-03-05,93,41,Online,Afterpay,COUPON9009,8.35,AUD
957373,2024-03-05T02:42:38,2024-03-05,532,27,Online,Credit Card,COUPON-AA-,10.31,AUD
957488,2024-03-05T07:29:13,2024-03-05,649,32,Retail,Afterpay,COUPON-A9-,9.6,AUD
957501,2024-03-05T02:47:30,2024-03-05,597,19,Retail,PayPal,COUPON-99-,0.93,AUD
957519,2024-03-05T21:30:56,2024-03-05,416,22,Online,Afterpay,COUPON0-Z9,10.33,AUD
957916,2024-03-05T17:10:16,2024-03-05,598,30,Retail,PayPal,COUPON-Z-9,8.74,AUD
958048,2024-03-05T03:50:57,2024-03-05,225,19,Retail,PayPal,COUPON0---,9.66,AUD
958317,2024-03-05T11:36:19,2024-03-05,329,46,Online,Afterpay,COUPON00-9,5.29,AUD
958345,2024-03-05T01:15:05,2024-03-05,154,37,Retail,Afterpay,COUPON0AZ0,10.96,AUD
958725,2024-03-05T15:26:41,2024-03-05,587,19,Retail,Credit Card,COUPON-0Z-,11.3,AUD
958883,2024-03-05T18:38:42,2024-03-05,469,25,Online,Afterpay,COUPON9A-9,9.6,AUD
958924,2024-03-05T10:17:34,2024-03-05,241,50,Retail,PayPal,COUPONA-9-,7.46,AUD
959013,2024-03-05T18:20:34,2024-03-05,267,35,Retail,Credit Card,COUPON---A,14.14,AUD
959024,2024-03-05T04:14:19,2024-03-05,461,18,Online,Afterpay,COUPON-0--,3.13,AUD
959064,2024-03-05T22:34:15,2024-03-05,454,13,Online,Afterpay,COUPON--99,17.45,AUD
959178,2024-03-05T14:56:51,2024-03-05,101,24,Online,Credit Card,COUPON-9A9,16.34,AUD
959234,2024-03-05T03:48:38,2024-03-05,46,23,Retail,Afterpay,COUPONZ-A9,8.82,AUD
959277,2024-03-05T15:49:36,2024-03-05,688,3,Online,PayPal,COUPON-9-0,6.1,AUD
959384,2024-03-05T19:58:25,2024-03-05,427,19,Online,Credit Card,COUPONZ99-,18.45,AUD
959419,2024-03-05T06:01:58,2024-03-05,444,46,Online,PayPal,COUPONZ9ZZ,6.23,AUD
959492,2024-03-05T21:59:58,2024-03-05,332,1,Online,Credit Card,COUPON90A-,4.39,AUD
959532,2024-03-05T08:33:42,2024-03-05,726,18,Retail,Credit Card,COUPON----,11.27,AUD
959665,2024-03-05T05:19:25,2024-03-05,338,5,Retail,Credit Card,COUPONZZZ9,7.41,AUD
959957,2024-03-05T00:46:53,2024-03-05,30,26,Retail,Afterpay,COUPON9-9A,5.69,AUD
959992,2024-03-05T09:14:08,2024-03-05,681,36,Retail,PayPal,COUPONA-9A,10.45,AUD
960107,2024-03-05T06:39:13,2024-03-05,47,32,Online,PayPal,COUPON--A9,8.15,AUD
960845,2024-03-05T09:48:44,2024-03-05,35,16,Retail,Afterpay,COUPONZ---,3.92,AUD
961149,2024-03-05T03:28:38,2024-03-05,134,37,Retail,Credit Card,COUPONA-Z9,4.53,AUD
961410,2024-03-05T12:33:50,2024-03-05,29,50,Online,Afterpay,COUPON0-9-,18.47,AUD
961690,2024-03-05T23:51:03,2024-03-05,252,50,Online,Credit Card,COUPON-A00,8.24,AUD
961704,2024-03-05T06:13:50,2024-03-05,376,1,Retail,Afterpay,COUPON909-,19.57,AUD
961949,2024-03-05T21:13:21,2024-03-05,577,1,Online,PayPal,COUPON--9-,9.15,AUD
961977,2024-03-05T00:54:00,2024-03-05,17,47,Retail,Afterpay,COUPON00Z9,9.73,AUD
962108,2024-03-05T15:16:52,2024-03-05,517,26,Retail,PayPal,COUPON9---,18.29,AUD
962184,2024-03-05T10:29:08,2024-03-05,717,15,Online,Afterpay,COUPON00Z-,14.09,AUD
962259,2024-03-05T00:41:36,2024-03-05,407,33,Online,Credit Card,COUPON99-Z,10.07,AUD
962369,2024-03-05T05:50:33,2024-03-05,1,6,Retail,PayPal,COUPON-ZA-,5.08,AUD
962483,2024-03-05T15:43:46,2024-03-05,170,7,Retail,Afterpay,COUPONA-9Z,0.74,AUD
962488,2024-03-05T05:58:10,2024-03-05,32,8,Retail,Afterpay,COUPONA-00,14.19,AUD
962498,2024-03-05T08:17:28,2024-03-05,342,1,Retail,Credit Card,COUPONZ-A9,12.31,AUD
962571,2024-03-05T14:53:21,2024-03-05,214,4,Retail,Afterpay,COUPON----,15.43,AUD
962928,2024-03-05T15:01:27,2024-03-05,227,21,Retail,Credit Card,COUPONAZ-Z,14.2,AUD
962959,2024-03-05T11:58:51,2024-03-05,182,2,Retail,PayPal,COUPON9AZ-,7.94,AUD
963017,2024-03-05T05:00:40,2024-03-05,458,29,Online,Credit Card,COUPONZ-9A,3.63,AUD
963137,2024-03-05T19:20:17,2024-03-05,654,14,Retail,Credit Card,COUPON900A,8.41,AUD
963464,2024-03-05T03:25:50,2024-03-05,413,49,Retail,Afterpay,COUPON--Z0,8.33,AUD
963518,2024-03-05T12:26:56,2024-03-05,626,27,Retail,Afterpay,COUPON90A-,19.47,AUD
963519,2024-03-05T19:42:42,2024-03-05,512,44,Retail,Credit Card,COUPON0--0,7.91,AUD
963531,2024-03-05T00:06:43,2024-03-05,310,8,Online,PayPal,COUPONZ-0A,15.46,AUD
963547,2024-03-05T15:58:46,2024-03-05,168,48,Online,PayPal,COUPON09Z0,3.86,AUD
963606,2024-03-05T20:16:01,2024-03-05,490,37,Online,PayPal,COUPON-AA9,14.8,AUD
963728,2024-03-05T20:16:56,2024-03-05,783,7,Retail,Afterpay,COUPON99AA,12.01,AUD
963777,2024-03-05T05:20:28,2024-03-05,10,12,Retail,PayPal,COUPONZ0Z0,14.39,AUD
963890,2024-03-05T01:27:47,2024-03-05,175,27,Retail,Credit Card,COUPON-AA-,10.82,AUD
963951,2024-03-05T08:30:36,2024-03-05,535,30,Online,Credit Card,COUPON---Z,10.67,AUD
963954,2024-03-05T12:46:08,2024-03-05,425,28,Retail,Credit Card,COUPON9990,15.99,AUD
963973,2024-03-05T23:38:26,2024-03-05,578,24,Retail,Credit Card,COUPON----,14.13,AUD
964155,2024-03-05T11:58:37,2024-03-05,791,1,Retail,Afterpay,COUPON9-Z9,18.77,AUD
964386,2024-03-05T05:38:10,2024-03-05,411,35,Retail,Credit Card,COUPONA-99,7.37,AUD
964427,2024-03-05T01:02:08,2024-03-05,90,45,Retail,Afterpay,COUPON9A99,10.8,AUD
964487,2024-03-05T20:42:57,2024-03-05,609,50,Retail,Afterpay,COUPON--9Z,10.85,AUD
964516,2024-03-05T16:33:01,2024-03-05,521,2,Retail,PayPal,COUPON--A9,1.53,AUD
964743,2024-03-05T23:18:39,2024-03-05,648,24,Online,PayPal,COUPON0A-A,14.51,AUD
964780,2024-03-05T08:31:32,2024-03-05,401,49,Online,Afterpay,COUPONZ---,14.83,AUD
964826,2024-03-05T16:35:26,2024-03-05,569,32,Retail,Credit Card,COUPON9900,7.48,AUD
964937,2024-03-05T23:13:38,2024-03-05,681,15,Online,Credit Card,COUPONA0A-,15.1,AUD
964989,2024-03-05T13:51:27,2024-03-05,573,37,Online,PayPal,COUPONAAZA,1.21,AUD
965107,2024-03-05T15:54:37,2024-03-05,296,1,Retail,Credit Card,COUPONA-00,11.26,AUD
965202,2024-03-05T01:45:11,2024-03-05,236,18,Retail,Credit Card,COUPONZ000,4.76,AUD
965209,2024-03-05T16:11:56,2024-03-05,431,49,Online,Afterpay,COUPONAA0-,4.53,AUD
965211,2024-03-05T14:37:00,2024-03-05,110,24,Online,PayPal,COUPONZ-9Z,2.18,AUD
965244,2024-03-05T11:14:29,2024-03-05,25,7,Retail,PayPal,COUPON-9Z0,17.45,AUD
965350,2024-03-05T09:58:32,2024-03-05,264,46,Online,Credit Card,COUPONZA-9,19.31,AUD
965468,2024-03-05T23:58:36,2024-03-05,141,27,Retail,Credit Card,COUPON9Z00,19.59,AUD
965783,2024-03-05T00:25:27,2024-03-05,764,11,Retail,PayPal,COUPON-ZA-,9.07,AUD
965803,2024-03-05T08:46:12,2024-03-05,268,26,Online,Credit Card,COUPON9-9A,10.16,AUD
965829,2024-03-05T01:36:45,2024-03-05,514,49,Online,PayPal,COUPON0-9-,7.01,AUD
965876,2024-03-05T10:37:14,2024-03-05,754,45,Retail,Credit Card,COUPONZ---,9.76,AUD
965944,2024-03-05T08:05:37,2024-03-05,374,38,Retail,Credit Card,COUPON----,13.57,AUD
965947,2024-03-05T17:35:32,2024-03-05,278,7,Retail,Credit Card,COUPON9ZZZ,17.43,AUD
965968,2024-03-05T07:17:18,2024-03-05,180,48,Retail,PayPal,COUPON9Z99,5.49,AUD
965969,2024-03-05T12:00:22,2024-03-05,639,36,Online,Credit Card,COUPON-9A9,5.8,AUD
966023,2024-03-05T05:12:23,2024-03-05,249,49,Retail,Afterpay,COUPON-0-A,7.31,AUD
966099,2024-03-05T00:24:47,2024-03-05,168,44,Online,Credit Card,COUPONA90-,11.14,AUD
966109,2024-03-05T15:30:59,2024-03-05,605,6,Online,Afterpay,COUPONZZA9,8.45,AUD
966112,2024-03-05T02:57:46,2024-03-05,179,21,Retail,Afterpay,COUPONZ-Z0,7.13,AUD
966134,2024-03-05T10:33:37,2024-03-05,477,28,Online,PayPal,COUPON0-A9,1.73,AUD
966160,2024-03-05T10:57:35,2024-03-05,195,25,Online,PayPal,COUPON0-AA,19.79,AUD
966207,2024-03-05T13:16:57,2024-03-05,595,11,Retail,Credit Card,COUPON9AA0,3.57,AUD
966213,2024-03-05T16:07:36,2024-03-05,139,10,Online,Credit Card,COUPON09-A,17.26,AUD
966273,2024-03-05T23:46:25,2024-03-05,498,20,Retail,Credit Card,COUPON9Z--,6.06,AUD
966601,2024-03-05T10:12:13,2024-03-05,685,15,Online,PayPal,COUPON0AZA,9.73,AUD
966727,2024-03-05T07:17:48,2024-03-05,12,5,Online,Credit Card,COUPON-09A,3.15,AUD
966728,2024-03-05T00:01:44,2024-03-05,275,34,Retail,Credit Card,COUPON-A-0,4.02,AUD
966766,2024-03-05T00:05:39,2024-03-05,222,14,Online,Afterpay,COUPONAZ0-,9.65,AUD
966822,2024-03-05T02:46:12,2024-03-05,670,21,Online,PayPal,COUPONZ--0,15.41,AUD
966824,2024-03-05T16:08:40,2024-03-05,56,32,Retail,PayPal,COUPON--90,19.68,AUD
966970,2024-03-05T01:18:51,2024-03-05,118,22,Online,Afterpay,COUPONA0-Z,3.33,AUD
966971,2024-03-05T07:39:23,2024-03-05,374,9,Online,PayPal,COUPON9A0-,2.76,AUD
967358,2024-03-05T22:04:39,2024-03-05,292,13,Online,Afterpay,COUPONZA-A,0.38,AUD
967425,2024-03-05T14:44:07,2024-03-05,795,12,Retail,Afterpay,COUPONA-AZ,18.32,AUD
967487,2024-03-05T04:16:58,2024-03-05,655,19,Online,Credit Card,COUPONZA0A,3.65,AUD
967730,2024-03-05T21:22:24,2024-03-05,251,4,Retail,Credit Card,COUPON----,7.85,AUD
967810,2024-03-05T10:07:25,2024-03-05,179,40,Online,Credit Card,COUPONA-A0,4.94,AUD
967856,2024-03-05T21:15:40,2024-03-05,244,45,Retail,PayPal,COUPONZ990,9.7,AUD
967908,2024-03-05T06:32:42,2024-03-05,144,11,Online,PayPal,COUPON-900,15.09,AUD
967940,2024-03-05T03:21:13,2024-03-05,310,11,Online,PayPal,COUPONZ-Z-,13.56,AUD
968111,2024-03-05T14:31:07,2024-03-05,125,17,Retail,Afterpay,COUPON-ZZZ,19.73,AUD
968130,2024-03-05T07:19:09,2024-03-05,375,47,Online,Credit Card,COUPON-A-Z,3.47,AUD
968187,2024-03-05T05:17:54,2024-03-05,735,15,Retail,Afterpay,COUPONZ-00,0.78,AUD
968405,2024-03-05T07:07:06,2024-03-05,517,43,Retail,Afterpay,COUPONA0-9,13.0,AUD
968412,2024-03-05T18:57:19,2024-03-05,48,42,Online,PayPal,COUPON-0--,6.45,AUD
968484,2024-03-05T03:47:03,2024-03-05,489,5,Retail,PayPal,COUPONAZA9,7.77,AUD
968787,2024-03-05T12:20:41,2024-03-05,737,44,Retail,Credit Card,COUPONZ0Z9,1.72,AUD
968802,2024-03-05T07:26:57,2024-03-05,671,5,Retail,PayPal,COUPON0-A0,12.45,AUD
969252,2024-03-05T14:01:32,2024-03-05,530,2,Retail,Credit Card,COUPON--0-,13.22,AUD
969255,2024-03-05T08:59:12,2024-03-05,270,41,Retail,Afterpay,COUPON99-9,5.01,AUD
969630,2024-03-05T14:30:14,2024-03-05,685,2,Retail,PayPal,COUPON9ZZ-,2.76,AUD
969720,2024-03-05T02:45:40,2024-03-05,134,38,Retail,Credit Card,COUPON-0--,17.44,AUD
969778,2024-03-05T22:26:37,2024-03-05,195,44,Online,PayPal,COUPON99-9,17.17,AUD
969779,2024-03-05T02:58:04,2024-03-05,647,9,Retail,Afterpay,COUPONAZ0-,13.45,AUD
969908,2024-03-05T02:01:48,2024-03-05,480,41,Online,Afterpay,COUPON9A-9,4.02,AUD
969961,2024-03-05T09:05:23,2024-03-05,53,48,Online,Credit Card,COUPON-A0-,7.9,AUD
970132,2024-03-05T10:18:21,2024-03-05,452,34,Retail,PayPal,COUPONZAZ-,1.81,AUD
970162,2024-03-05T17:38:45,2024-03-05,724,35,Retail,Credit Card,COUPON9Z-A,14.05,AUD
970404,2024-03-05T13:21:21,2024-03-05,287,6,Online,Afterpay,COUPON0--0,17.53,AUD
970422,2024-03-05T14:33:44,2024-03-05,308,41,Retail,Credit Card,COUPONA-99,1.67,AUD
970840,2024-03-05T18:39:15,2024-03-05,32,35,Online,PayPal,COUPON--99,12.16,AUD
971119,2024-03-05T13:48:58,2024-03-05,186,9,Online,PayPal,COUPON-AZ-,10.19,AUD
971123,2024-03-05T09:42:42,2024-03-05,13,11,Online,Credit Card,COUPONZ-09,1.92,AUD
971317,2024-03-05T14:06:45,2024-03-05,21,4,Retail,PayPal,COUPON--Z-,1.04,AUD
971359,2024-03-05T11:33:35,2024-03-05,233,44,Online,Afterpay,COUPON---9,1.07,AUD
971536,2024-03-05T23:11:08,2024-03-05,119,43,Retail,Afterpay,COUPON--90,7.9,AUD
971622,2024-03-05T20:27:14,2024-03-05,45,31,Retail,PayPal,COUPON--0-,13.71,AUD
971868,2024-03-05T17:58:14,2024-03-05,615,25,Retail,Credit Card,COUPONA-90,13.46,AUD
971995,2024-03-05T07:30:52,2024-03-05,493,31,Online,PayPal,COUPON-AA9,4.59,AUD
972020,2024-03-05T10:15:44,2024-03-05,98,1,Online,Afterpay,COUPON09--,17.22,AUD
972061,2024-03-05T04:58:56,2024-03-05,670,44,Online,Credit Card,COUPON-90-,1.61,AUD
972174,2024-03-05T16:11:28,2024-03-05,494,4,Online,Afterpay,COUPON0AA-,0.65,AUD
972325,2024-03-05T20:14:18,2024-03-05,3,12,Retail,PayPal,COUPON0Z-A,16.86,AUD
972339,2024-03-05T06:42:24,2024-03-05,32,2,Online,Afterpay,COUPONAZZ0,17.55,AUD
972390,2024-03-05T19:34:43,2024-03-05,279,8,Online,Afterpay,COUPONZ-ZZ,2.36,AUD
972404,2024-03-05T19:25:33,2024-03-05,662,43,Online,Afterpay,COUPON9--0,10.92,AUD
972412,2024-03-05T10:55:57,2024-03-05,454,9,Retail,Credit Card,COUPON-Z-0,19.32,AUD
972462,2024-03-05T18:47:30,2024-03-05,145,18,Retail,Credit Card,COUPON9--9,15.95,AUD
972465,2024-03-05T11:06:02,2024-03-05,223,48,Retail,Afterpay,COUPON-A--,13.87,AUD
972474,2024-03-05T04:44:29,2024-03-05,79,33,Retail,PayPal,COUPON9A9A,19.18,AUD
973018,2024-03-05T09:04:07,2024-03-05,365,49,Online,Afterpay,COUPON9AA-,14.32,AUD
973027,2024-03-05T03:37:17,2024-03-05,500,24,Online,Credit Card,COUPONZA-Z,9.13,AUD
973114,2024-03-05T11:47:19,2024-03-05,581,41,Retail,PayPal,COUPON--Z-,3.29,AUD
973115,2024-03-05T01:36:55,2024-03-05,725,19,Retail,Afterpay,COUPON--9A,0.3,AUD
973210,2024-03-05T15:31:19,2024-03-05,188,48,Retail,PayPal,COUPON9A-Z,11.65,AUD
973227,2024-03-05T11:27:46,2024-03-05,751,22,Online,Afterpay,COUPON-Z-0,7.01,AUD
973269,2024-03-05T20:52:44,2024-03-05,545,20,Online,Afterpay,COUPONZ9-9,15.48,AUD
973352,2024-03-05T17:50:16,2024-03-05,454,15,Retail,Afterpay,COUPON9-09,7.97,AUD
973364,2024-03-05T00:41:34,2024-03-05,122,6,Online,Credit Card,COUPON0-9A,11.59,AUD
973481,2024-03-05T05:40:29,2024-03-05,36,32,Retail,PayPal,COUPON-099,5.69,AUD
973490,2024-03-05T03:48:37,2024-03-05,122,17,Retail,PayPal,COUPON-A0A,1.45,AUD
973563,2024-03-05T12:23:12,2024-03-05,37,28,Online,Afterpay,COUPON9Z9A,7.25,AUD
973583,2024-03-05T01:10:55,2024-03-05,547,23,Retail,Afterpay,COUPON--9-,15.42,AUD
973616,2024-03-05T16:50:29,2024-03-05,457,21,Online,Afterpay,COUPON9--9,12.08,AUD
973626,2024-03-05T07:02:59,2024-03-05,66,24,Online,Credit Card,COUPONZ-A-,13.56,AUD
973749,2024-03-05T12:00:44,2024-03-05,445,19,Online,Afterpay,COUPON---Z,15.04,AUD
973804,2024-03-05T09:17:28,2024-03-05,637,2,Retail,Afterpay,COUPONA-0-,15.08,AUD
973809,2024-03-05T19:48:52,2024-03-05,19,2,Online,Afterpay,COUPON-900,10.63,AUD
973950,2024-03-05T03:38:00,2024-03-05,139,45,Online,Afterpay,COUPONAAZ0,3.71,AUD
973954,2024-03-05T04:21:36,2024-03-05,624,17,Online,Credit Card,COUPON0Z-A,5.49,AUD
974025,2024-03-05T18:46:23,2024-03-05,6,26,Retail,Credit Card,COUPONZ-0-,12.11,AUD
974140,2024-03-05T22:13:42,2024-03-05,485,19,Online,PayPal,COUPON-AZ0,18.76,AUD
974231,2024-03-05T19:30:37,2024-03-05,109,14,Online,Credit Card,COUPONA---,13.96,AUD
974253,2024-03-05T08:01:44,2024-03-05,121,13,Online,PayPal,COUPONA-ZA,14.63,AUD
974263,2024-03-05T08:17:43,2024-03-05,392,9,Retail,PayPal,COUPON0AA-,2.04,AUD
974292,2024-03-05T17:25:24,2024-03-05,616,41,Retail,Afterpay,COUPONZ-A9,9.38,AUD
974296,2024-03-05T19:53:30,2024-03-05,259,34,Online,Afterpay,COUPON---Z,13.87,AUD
974329,2024-03-05T07:26:38,2024-03-05,358,50,Retail,Afterpay,COUPON--09,8.52,AUD
974331,2024-03-05T04:14:47,2024-03-05,438,47,Online,Credit Card,COUPON9-0A,15.94,AUD
974540,2024-03-05T10:03:40,2024-03-05,251,29,Retail,Credit Card,COUPON-0A-,0.02,AUD
974573,2024-03-05T10:11:22,2024-03-05,479,29,Online,Credit Card,COUPON999-,2.95,AUD
974640,2024-03-05T17:48:03,2024-03-05,658,28,Online,PayPal,COUPON--00,5.15,AUD
974799,2024-03-05T05:54:18,2024-03-05,185,36,Retail,PayPal,COUPON-Z09,2.45,AUD
974858,2024-03-05T13:09:06,2024-03-05,139,43,Retail,PayPal,COUPONZ9Z0,10.22,AUD
974882,2024-03-05T23:32:29,2024-03-05,285,12,Online,Afterpay,COUPON0--9,5.5,AUD
974943,2024-03-05T21:38:55,2024-03-05,459,6,Online,PayPal,COUPONAA-0,1.5,AUD
974992,2024-03-05T15:15:41,2024-03-05,402,11,Online,PayPal,COUPONA0AZ,15.22,AUD
975061,2024-03-05T09:17:58,2024-03-05,454,26,Retail,PayPal,COUPONZ0Z0,18.11,AUD
975089,2024-03-05T05:26:22,2024-03-05,134,14,Online,PayPal,COUPON--99,3.27,AUD
975163,2024-03-05T08:51:17,2024-03-05,12,50,Retail,Afterpay,COUPON--9Z,16.8,AUD
975218,2024-03-05T04:54:18,2024-03-05,585,9,Retail,Afterpay,COUPONA-9A,2.71,AUD
975233,2024-03-05T21:35:43,2024-03-05,651,27,Retail,PayPal,COUPON-ZAZ,5.13,AUD
975236,2024-03-05T19:12:35,2024-03-05,284,40,Retail,PayPal,COUPON0-9Z,6.1,AUD
975286,2024-03-05T23:17:18,2024-03-05,60,41,Online,PayPal,COUPON99--,19.1,AUD
975350,2024-03-05T09:36:23,2024-03-05,130,3,Online,Afterpay,COUPON---Z,15.85,AUD
975578,2024-03-05T11:48:45,2024-03-05,99,41,Retail,PayPal,COUPONAAAZ,4.45,AUD
975754,2024-03-05T07:45:24,2024-03-05,62,38,Online,PayPal,COUPON9990,3.11,AUD
975792,2024-03-05T19:58:46,2024-03-05,474,1,Online,PayPal,COUPONA--0,18.27,AUD
975804,2024-03-05T22:54:31,2024-03-05,322,27,Online,Afterpay,COUPON--A-,7.86,AUD
975969,2024-03-05T23:08:13,2024-03-05,751,1,Online,Credit Card,COUPONA-0-,16.95,AUD
976110,2024-03-05T11:33:05,2024-03-05,323,30,Online,PayPal,COUPONZA--,17.31,AUD
976188,2024-03-05T15:18:56,2024-03-05,720,4,Online,PayPal,COUPON----,11.79,AUD
976191,2024-03-05T21:32:28,2024-03-05,421,45,Retail,PayPal,COUPON--0-,7.59,AUD
976274,2024-03-05T06:46:43,2024-03-05,289,8,Retail,Afterpay,COUPON-A-Z,4.32,AUD
976277,2024-03-05T07:27:38,2024-03-05,783,13,Online,Credit Card,COUPON--Z0,1.48,AUD
976444,2024-03-05T14:02:25,2024-03-05,753,40,Online,Credit Card,COUPONA--A,17.07,AUD
976504,2024-03-05T22:06:08,2024-03-05,412,46,Retail,Credit Card,COUPON099-,17.01,AUD
976578,2024-03-05T18:11:48,2024-03-05,328,44,Retail,PayPal,COUPON---A,2.35,AUD
976630,2024-03-05T04:12:23,2024-03-05,633,32,Retail,Afterpay,COUPON--ZZ,4.24,AUD
976742,2024-03-05T06:31:10,2024-03-05,453,48,Retail,Credit Card,COUPON9ZZ-,10.61,AUD
976757,2024-03-05T00:35:50,2024-03-05,648,48,Retail,PayPal,COUPON9-Z0,4.35,AUD
976957,2024-03-05T15:31:21,2024-03-05,79,9,Online,PayPal,COUPON9Z-A,5.91,AUD
977119,2024-03-05T03:59:03,2024-03-05,202,15,Retail,Afterpay,COUPON-00Z,4.85,AUD
977258,2024-03-05T16:07:43,2024-03-05,727,31,Retail,Afterpay,COUPON-0ZZ,13.1,AUD
977475,2024-03-05T09:26:54,2024-03-05,727,40,Online,Credit Card,COUPON9ZZ-,11.73,AUD
977524,2024-03-05T05:58:07,2024-03-05,366,40,Online,Credit Card,COUPONZZ-9,15.53,AUD
977534,2024-03-05T10:41:50,2024-03-05,581,33,Retail,Credit Card,COUPON-9A0,19.86,AUD
977598,2024-03-05T05:47:22,2024-03-05,792,10,Retail,PayPal,COUPON0--9,11.88,AUD
977761,2024-03-05T08:03:16,2024-03-05,770,26,Retail,PayPal,COUPONZ009,15.99,AUD
977792,2024-03-05T23:55:41,2024-03-05,797,20,Retail,PayPal,COUPON--Z-,4.02,AUD
977867,2024-03-05T12:45:54,2024-03-05,310,33,Online,Afterpay,COUPONA9A-,2.08,AUD
977980,2024-03-05T21:01:29,2024-03-05,42,22,Online,PayPal,COUPON---0,16.69,AUD
978349,2024-03-05T05:23:27,2024-03-05,773,13,Online,Afterpay,COUPON--00,7.4,AUD
978365,2024-03-05T04:31:50,2024-03-05,137,18,Online,PayPal,COUPON-0ZZ,8.03,AUD
978584,2024-03-05T18:27:27,2024-03-05,131,23,Retail,Credit Card,COUPON9Z9Z,13.07,AUD
978599,2024-03-05T14:47:13,2024-03-05,238,17,Retail,Afterpay,COUPON99AZ,10.94,AUD
978650,2024-03-05T20:20:09,2024-03-05,33,46,Retail,Credit Card,COUPON0---,13.79,AUD
978957,2024-03-05T11:11:31,2024-03-05,145,13,Online,Afterpay,COUPONZZ09,15.76,AUD
979197,2024-03-05T07:25:34,2024-03-05,550,43,Retail,PayPal,COUPONAA09,6.01,AUD
979394,2024-03-05T18:48:48,2024-03-05,22,22,Online,Credit Card,COUPON-0-9,2.88,AUD
979454,2024-03-05T04:07:54,2024-03-05,185,13,Retail,Afterpay,COUPON----,10.48,AUD
979530,2024-03-05T09:17:20,2024-03-05,138,33,Retail,Afterpay,COUPONZ99-,18.56,AUD
979606,2024-03-05T05:30:30,2024-03-05,8,9,Online,PayPal,COUPON-A9-,0.66,AUD
979767,2024-03-05T06:22:18,2024-03-05,740,23,Retail,PayPal,COUPON-A-Z,1.82,AUD
979771,2024-03-05T10:52:12,2024-03-05,111,27,Online,PayPal,COUPON0AZA,1.35,AUD
979843,2024-03-05T00:18:28,2024-03-05,308,3,Online,Credit Card,COUPON----,7.69,AUD
979889,2024-03-05T13:28:03,2024-03-05,524,33,Retail,Credit Card,COUPON----,15.99,AUD
979983,2024-03-05T14:42:36,2024-03-05,436,49,Online,Afterpay,COUPON-Z9A,13.72,AUD
980132,2024-03-05T19:26:52,2024-03-05,577,6,Online,Credit Card,COUPON-0AA,7.41,AUD
980205,2024-03-05T15:49:53,2024-03-05,413,30,Retail,PayPal,COUPONAZ-A,18.5,AUD
980214,2024-03-05T09:00:12,2024-03-05,322,40,Retail,Afterpay,COUPON-ZA9,3.62,AUD
980248,2024-03-05T01:03:23,2024-03-05,505,35,Retail,Afterpay,COUPON-AA9,8.63,AUD
980378,2024-03-05T01:54:11,2024-03-05,658,5,Online,PayPal,COUPON-99Z,11.35,AUD
980400,2024-03-05T07:48:38,2024-03-05,403,22,Retail,PayPal,COUPON00-A,17.09,AUD
980409,2024-03-05T02:03:45,2024-03-05,226,30,Retail,Afterpay,COUPONAAA0,19.06,AUD
980457,2024-03-05T19:34:33,2024-03-05,740,40,Online,Afterpay,COUPON09ZA,6.21,AUD
980532,2024-03-05T22:29:48,2024-03-05,463,27,Retail,Afterpay,COUPONZ-Z9,12.58,AUD
980571,2024-03-05T00:23:42,2024-03-05,412,12,Retail,Credit Card,COUPON0AZ0,15.63,AUD
980711,2024-03-05T21:13:24,2024-03-05,424,19,Retail,Afterpay,COUPON0--Z,17.96,AUD
980755,2024-03-05T01:55:13,2024-03-05,507,48,Online,Afterpay,COUPONZ0--,11.68,AUD
980832,2024-03-05T14:12:51,2024-03-05,765,9,Online,PayPal,COUPON99-0,2.88,AUD
980906,2024-03-05T15:57:23,2024-03-05,781,24,Retail,Credit Card,COUPON--ZZ,16.29,AUD
980975,2024-03-05T02:07:46,2024-03-05,258,27,Retail,Credit Card,COUPON-ZAZ,3.21,AUD
981152,2024-03-05T22:21:47,2024-03-05,338,18,Retail,Credit Card,COUPON-0-A,4.03,AUD
981314,2024-03-05T05:29:31,2024-03-05,579,19,Retail,Credit Card,COUPONA9--,9.91,AUD
981376,2024-03-05T01:05:26,2024-03-05,698,2,Online,Afterpay,COUPON9-09,19.59,AUD
981495,2024-03-05T20:28:31,2024-03-05,222,23,Retail,Credit Card,COUPON0-9A,13.99,AUD
981563,2024-03-05T22:40:14,2024-03-05,732,7,Online,PayPal,COUPONZA--,3.01,AUD
981732,2024-03-05T06:56:03,2024-03-05,553,16,Online,Afterpay,COUPONAAA9,18.71,AUD
981747,2024-03-05T12:54:57,2024-03-05,323,27,Retail,Afterpay,COUPON9-ZZ,18.46,AUD
981758,2024-03-05T05:03:19,2024-03-05,163,6,Retail,PayPal,COUPON-9-0,2.08,AUD
981965,2024-03-05T22:01:54,2024-03-05,57,29,Online,Afterpay,COUPONAZ00,10.32,AUD
982111,2024-03-05T12:30:57,2024-03-05,538,34,Online,Credit Card,COUPON99-0,18.23,AUD
982123,2024-03-05T19:00:33,2024-03-05,550,13,Online,Afterpay,COUPON-AZZ,13.32,AUD
982187,2024-03-05T13:23:24,2024-03-05,443,8,Retail,PayPal,COUPON-A-0,16.73,AUD
982258,2024-03-05T12:18:40,2024-03-05,398,19,Online,Afterpay,COUPONA-9-,0.27,AUD
982401,2024-03-05T01:53:17,2024-03-05,174,27,Retail,Afterpay,COUPON0-90,5.93,AUD
982505,2024-03-05T00:47:13,2024-03-05,459,40,Retail,Credit Card,COUPON-A9Z,17.57,AUD
982560,2024-03-05T06:07:10,2024-03-05,384,22,Online,Credit Card,COUPONZ999,14.12,AUD
982756,2024-03-05T22:59:42,2024-03-05,536,46,Online,Credit Card,COUPON-0AA,4.74,AUD
982961,2024-03-05T03:13:35,2024-03-05,154,42,Online,Afterpay,COUPON--ZZ,3.01,AUD
982965,2024-03-05T22:02:56,2024-03-05,523,47,Online,Credit Card,COUPON--Z-,16.19,AUD
983028,2024-03-05T20:58:54,2024-03-05,17,43,Retail,PayPal,COUPON0ZZ-,2.29,AUD
983054,2024-03-05T07:05:33,2024-03-05,656,41,Retail,PayPal,COUPON0-A-,14.13,AUD
983176,2024-03-05T04:29:37,2024-03-05,235,38,Online,Afterpay,COUPON00Z-,4.07,AUD
983256,2024-03-05T06:50:01,2024-03-05,128,8,Retail,Credit Card,COUPON0A-A,8.27,AUD
983275,2024-03-05T14:23:07,2024-03-05,623,49,Online,PayPal,COUPON0AA-,5.92,AUD
983387,2024-03-05T20:11:42,2024-03-05,176,4,Retail,Credit Card,COUPON-Z--,13.05,AUD
983434,2024-03-05T12:34:50,2024-03-05,183,12,Retail,Afterpay,COUPON-ZZ-,17.76,AUD
983438,2024-03-05T21:01:12,2024-03-05,457,39,Online,Afterpay,COUPON---9,4.75,AUD
983439,2024-03-05T23:47:48,2024-03-05,30,15,Online,Afterpay,COUPON--09,1.8,AUD
983444,2024-03-05T03:58:26,2024-03-05,687,39,Retail,Credit Card,COUPONZ900,14.69,AUD
983454,2024-03-05T15:42:05,2024-03-05,246,49,Online,PayPal,COUPONA--9,19.41,AUD
983489,2024-03-05T13:20:48,2024-03-05,701,6,Retail,Afterpay,COUPON-9A-,15.47,AUD
983520,2024-03-05T13:06:31,2024-03-05,690,18,Retail,Credit Card,COUPONZ90Z,4.57,AUD
983744,2024-03-05T15:22:08,2024-03-05,513,44,Online,PayPal,COUPON---9,6.08,AUD
983792,2024-03-05T05:12:25,2024-03-05,726,12,Retail,PayPal,COUPONZ0--,14.51,AUD
983923,2024-03-05T07:52:25,2024-03-05,348,16,Retail,PayPal,COUPONAA0A,5.69,AUD
984042,2024-03-05T06:26:05,2024-03-05,79,37,Retail,PayPal,COUPONA009,12.51,AUD
984426,2024-03-05T02:06:33,2024-03-05,173,31,Retail,PayPal,COUPON9A0Z,10.59,AUD
984537,2024-03-05T06:16:58,2024-03-05,429,41,Retail,Afterpay,COUPON-09-,19.56,AUD
984709,2024-03-05T17:42:20,2024-03-05,529,31,Retail,PayPal,COUPON09AA,14.3,AUD
985002,2024-03-05T03:26:31,2024-03-05,151,22,Retail,PayPal,COUPONAZ0A,4.81,AUD
985104,2024-03-05T18:36:23,2024-03-05,73,37,Retail,PayPal,COUPON0ZA-,8.2,AUD
985118,2024-03-05T20:38:28,2024-03-05,58,45,Online,PayPal,COUPONZ00Z,5.83,AUD
985155,2024-03-05T11:17:50,2024-03-05,415,15,Online,PayPal,COUPON9999,8.98,AUD
985269,2024-03-05T06:01:30,2024-03-05,406,31,Online,Afterpay,COUPON-A-9,9.26,AUD
985474,2024-03-05T01:31:07,2024-03-05,634,17,Online,Afterpay,COUPON-00A,10.1,AUD
985553,2024-03-05T14:54:08,2024-03-05,158,49,Retail,PayPal,COUPON-9--,4.22,AUD
985747,2024-03-05T00:15:21,2024-03-05,306,45,Online,Credit Card,COUPON--ZA,14.15,AUD
985753,2024-03-05T20:49:51,2024-03-05,699,35,Online,PayPal,COUPONZ-A-,11.52,AUD
985937,2024-03-05T03:12:32,2024-03-05,547,37,Retail,PayPal,COUPON--9A,2.44,AUD
985951,2024-03-05T16:08:11,2024-03-05,156,23,Retail,PayPal,COUPONA9AA,10.04,AUD
985999,2024-03-05T05:57:31,2024-03-05,289,14,Retail,PayPal,COUPON-9-0,14.14,AUD
986072,2024-03-05T19:38:33,2024-03-05,553,22,Retail,Afterpay,COUPON0A--,14.4,AUD
986073,2024-03-05T21:58:01,2024-03-05,68,36,Retail,PayPal,COUPON0Z-0,12.24,AUD
986208,2024-03-05T02:51:24,2024-03-05,632,11,Online,PayPal,COUPON--ZA,2.02,AUD
986261,2024-03-05T03:51:17,2024-03-05,718,4,Online,Afterpay,COUPONA-9-,9.8,AUD
986265,2024-03-05T15:47:05,2024-03-05,477,23,Online,Afterpay,COUPONAZA-,2.35,AUD
986380,2024-03-05T01:37:35,2024-03-05,704,17,Retail,Credit Card,COUPON--ZA,8.15,AUD
986502,2024-03-05T19:25:00,2024-03-05,617,49,Retail,PayPal,COUPONAZ--,18.5,AUD
986591,2024-03-05T04:11:24,2024-03-05,115,38,Retail,PayPal,COUPON0-0-,9.81,AUD
986597,2024-03-05T14:58:38,2024-03-05,348,1,Retail,PayPal,COUPON90-0,17.52,AUD
986708,2024-03-05T22:47:37,2024-03-05,220,10,Retail,Afterpay,COUPONZ9AA,7.88,AUD
987189,2024-03-05T21:23:47,2024-03-05,372,31,Retail,Afterpay,COUPONA000,16.6,AUD
987221,2024-03-05T19:47:18,2024-03-05,757,34,Online,Credit Card,COUPON-ZA0,7.27,AUD
987515,2024-03-05T04:20:39,2024-03-05,623,23,Retail,Credit Card,COUPON0--Z,17.56,AUD
987644,2024-03-05T14:42:14,2024-03-05,428,37,Retail,Afterpay,COUPON0AZ-,19.64,AUD
987693,2024-03-05T20:51:29,2024-03-05,351,1,Online,Credit Card,COUPONAA0A,5.85,AUD
987710,2024-03-05T07:56:13,2024-03-05,586,45,Retail,Afterpay,COUPON9Z9A,3.94,AUD
987797,2024-03-05T09:45:30,2024-03-05,179,46,Online,Credit Card,COUPONZ-ZZ,1.75,AUD
987924,2024-03-05T17:30:21,2024-03-05,735,18,Online,Credit Card,COUPON00--,13.88,AUD
988045,2024-03-05T15:21:10,2024-03-05,311,19,Retail,Credit Card,COUPON-Z0-,18.19,AUD
988046,2024-03-05T06:15:37,2024-03-05,145,33,Online,Afterpay,COUPON-09-,6.05,AUD
988063,2024-03-05T07:12:43,2024-03-05,620,16,Online,Afterpay,COUPON-90-,1.5,AUD
988132,2024-03-05T08:58:18,2024-03-05,52,40,Retail,Credit Card,COUPON0-Z-,13.17,AUD
988209,2024-03-05T08:22:02,2024-03-05,413,47,Retail,PayPal,COUPON0--Z,5.79,AUD
988361,2024-03-05T23:59:39,2024-03-05,196,37,Online,PayPal,COUPONZZ0-,17.84,AUD
988421,2024-03-05T12:18:05,2024-03-05,469,33,Online,Afterpay,COUPONZ900,19.29,AUD
988429,2024-03-05T09:58:10,2024-03-05,575,2,Online,PayPal,COUPONAZA9,5.08,AUD
988472,2024-03-05T04:29:46,2024-03-05,608,15,Retail,Afterpay,COUPON---9,4.96,AUD
988637,2024-03-05T15:07:00,2024-03-05,665,18,Retail,Afterpay,COUPON0AAA,19.03,AUD
988863,2024-03-05T00:43:14,2024-03-05,406,15,Retail,PayPal,COUPON-A-Z,7.04,AUD
988982,2024-03-05T10:47:37,2024-03-05,385,20,Retail,Afterpay,COUPONAA9Z,19.71,AUD
988991,2024-03-05T07:15:58,2024-03-05,379,30,Online,Afterpay,COUPON-Z9-,9.37,AUD
988997,2024-03-05T11:21:31,2024-03-05,381,18,Retail,Credit Card,COUPONAZZZ,9.87,AUD
989092,2024-03-05T07:57:58,2024-03-05,384,16,Retail,Credit Card,COUPONA--A,18.99,AUD
989217,2024-03-05T13:58:05,2024-03-05,214,38,Retail,PayPal,COUPONAZAA,4.78,AUD
989254,2024-03-05T12:48:27,2024-03-05,665,19,Online,Afterpay,COUPON-A-A,12.71,AUD
989283,2024-03-05T20:02:17,2024-03-05,92,5,Retail,Afterpay,COUPON9-AA,13.86,AUD
989335,2024-03-05T17:36:18,2024-03-05,521,40,Online,Credit Card,COUPONA-ZA,8.28,AUD
989550,2024-03-05T03:02:30,2024-03-05,643,34,Online,PayPal,COUPON0-A-,9.1,AUD
989615,2024-03-05T14:26:06,2024-03-05,92,9,Online,PayPal,COUPON0--Z,17.86,AUD
989656,2024-03-05T07:30:29,2024-03-05,48,8,Online,Credit Card,COUPON0Z99,15.59,AUD
989812,2024-03-05T00:36:00,2024-03-05,747,39,Retail,PayPal,COUPON--9-,11.76,AUD
989967,2024-03-05T18:45:54,2024-03-05,115,26,Retail,Credit Card,COUPON99A-,15.77,AUD
990121,2024-03-05T07:43:31,2024-03-05,50,31,Retail,Credit Card,COUPON0-9-,7.88,AUD
990324,2024-03-05T11:26:22,2024-03-05,87,36,Online,PayPal,COUPON--09,16.87,AUD
990433,2024-03-05T11:22:41,2024-03-05,492,40,Retail,Credit Card,COUPONZZ09,4.0,AUD
990466,2024-03-05T21:08:45,2024-03-05,630,3,Online,Credit Card,COUPONZA--,9.54,AUD
990516,2024-03-05T13:56:21,2024-03-05,763,47,Online,Afterpay,COUPONZ0-Z,5.68,AUD
990560,2024-03-05T06:52:49,2024-03-05,108,42,Online,Credit Card,COUPON0A-9,0.14,AUD
990561,2024-03-05T06:23:14,2024-03-05,687,5,Online,PayPal,COUPONA0Z9,15.75,AUD
990986,2024-03-05T12:15:37,2024-03-05,716,14,Online,PayPal,COUPONZZ09,17.79,AUD
991168,2024-03-05T16:16:51,2024-03-05,313,13,Online,Credit Card,COUPON00A-,14.94,AUD
991251,2024-03-05T08:12:06,2024-03-05,127,48,Online,Credit Card,COUPON--ZZ,8.68,AUD
991268,2024-03-05T03:07:51,2024-03-05,468,44,Online,PayPal,COUPON0A9A,2.33,AUD
991432,2024-03-05T13:41:14,2024-03-05,147,24,Retail,Credit Card,COUPON--Z-,17.04,AUD
991437,2024-03-05T00:57:19,2024-03-05,98,14,Retail,Afterpay,COUPONZ--Z,16.06,AUD
991472,2024-03-05T05:46:41,2024-03-05,700,3,Retail,PayPal,COUPONAZ-Z,13.65,AUD
991689,2024-03-05T18:46:08,2024-03-05,453,2,Retail,Afterpay,COUPON-A-Z,15.67,AUD
991859,2024-03-05T18:15:47,2024-03-05,228,40,Retail,Credit Card,COUPON--Z-,3.93,AUD
991880,2024-03-05T05:27:08,2024-03-05,268,37,Retail,Credit Card,COUPON9ZZ0,11.55,AUD
991938,2024-03-05T03:34:58,2024-03-05,247,31,Online,Credit Card,COUPONA0Z9,5.16,AUD
992024,2024-03-05T02:35:05,2024-03-05,537,15,Retail,Credit Card,COUPONZ---,6.38,AUD
992044,2024-03-05T00:44:38,2024-03-05,379,23,Online,PayPal,COUPONZZ0Z,7.07,AUD
992186,2024-03-05T12:51:04,2024-03-05,559,21,Online,PayPal,COUPON-99Z,14.02,AUD
992261,2024-03-05T06:19:02,2024-03-05,271,24,Online,Credit Card,COUPON-9--,13.84,AUD
992341,2024-03-05T22:17:54,2024-03-05,410,18,Online,PayPal,COUPONZ--0,3.0,AUD
992381,2024-03-05T19:22:53,2024-03-05,390,13,Retail,Afterpay,COUPONZZ-Z,12.97,AUD
992417,2024-03-05T03:39:14,2024-03-05,23,13,Online,Credit Card,COUPONA09-,0.44,AUD
992665,2024-03-05T02:53:41,2024-03-05,424,44,Online,Credit Card,COUPON-A90,4.66,AUD
992679,2024-03-05T09:56:45,2024-03-05,23,31,Retail,PayPal,COUPONZZ9-,16.41,AUD
992681,2024-03-05T05:46:46,2024-03-05,171,46,Retail,PayPal,COUPON9-Z-,3.99,AUD
992693,2024-03-05T21:12:00,2024-03-05,115,11,Online,PayPal,COUPON9AZ9,3.14,AUD
992697,2024-03-05T18:01:29,2024-03-05,710,4,Online,Afterpay,COUPONA-0-,1.27,AUD
992751,2024-03-05T20:56:39,2024-03-05,9,16,Online,Credit Card,COUPON000-,6.34,AUD
992762,2024-03-05T12:43:26,2024-03-05,221,39,Retail,PayPal,COUPONA---,15.41,AUD
992763,2024-03-05T22:24:38,2024-03-05,660,43,Online,Afterpay,COUPON0-ZZ,15.99,AUD
992788,2024-03-05T18:06:11,2024-03-05,122,21,Online,PayPal,COUPON9-99,1.22,AUD
992794,2024-03-05T21:24:33,2024-03-05,749,11,Retail,Credit Card,COUPON--9-,17.95,AUD
992809,2024-03-05T16:15:14,2024-03-05,454,43,Retail,Credit Card,COUPON-0--,1.1,AUD
992969,2024-03-05T23:20:16,2024-03-05,528,23,Online,Afterpay,COUPONZZ9Z,11.39,AUD
993006,2024-03-05T22:01:10,2024-03-05,394,27,Retail,Credit Card,COUPON0-AZ,16.94,AUD
993150,2024-03-05T05:58:28,2024-03-05,315,45,Retail,PayPal,COUPONA---,19.87,AUD
993156,2024-03-05T10:40:53,2024-03-05,720,31,Online,PayPal,COUPON00ZA,0.99,AUD
993180,2024-03-05T04:38:23,2024-03-05,190,15,Online,Afterpay,COUPONZZ-9,2.31,AUD
993283,2024-03-05T15:47:47,2024-03-05,706,13,Online,Credit Card,COUPON-ZA9,17.38,AUD
993342,2024-03-05T11:38:16,2024-03-05,348,34,Retail,Afterpay,COUPON09--,2.64,AUD
993550,2024-03-05T03:29:30,2024-03-05,563,39,Online,Afterpay,COUPON09Z9,17.07,AUD
993618,2024-03-05T11:01:04,2024-03-05,724,11,Online,Credit Card,COUPONZAZA,8.92,AUD
993662,2024-03-05T15:46:25,2024-03-05,794,12,Online,PayPal,COUPON0--9,3.03,AUD
993665,2024-03-05T13:53:24,2024-03-05,619,20,Retail,Credit Card,COUPON9--A,3.42,AUD
993693,2024-03-05T18:30:02,2024-03-05,132,12,Retail,Afterpay,COUPON--A-,7.41,AUD
993924,2024-03-05T03:24:48,2024-03-05,342,6,Online,Afterpay,COUPON--Z-,5.75,AUD
994103,2024-03-05T01:52:11,2024-03-05,328,1,Retail,Credit Card,COUPON900A,11.64,AUD
994278,2024-03-05T08:41:33,2024-03-05,726,34,Retail,Credit Card,COUPON--99,4.97,AUD
994444,2024-03-05T01:33:01,2024-03-05,690,32,Retail,Credit Card,COUPON---0,17.51,AUD
994445,2024-03-05T19:50:35,2024-03-05,234,47,Online,PayPal,COUPON9990,2.79,AUD
994688,2024-03-05T21:23:28,2024-03-05,336,14,Retail,PayPal,COUPON0-0A,19.83,AUD
994734,2024-03-05T19:21:16,2024-03-05,137,39,Retail,PayPal,COUPON-9ZZ,19.73,AUD
994748,2024-03-05T15:20:00,2024-03-05,636,21,Retail,Afterpay,COUPON0AZ-,12.65,AUD
994925,2024-03-05T01:31:38,2024-03-05,118,22,Retail,Afterpay,COUPON90--,4.31,AUD
994957,2024-03-05T12:13:57,2024-03-05,607,49,Online,Afterpay,COUPON---A,13.71,AUD
994962,2024-03-05T16:26:11,2024-03-05,655,42,Online,PayPal,COUPON--A0,8.8,AUD
995173,2024-03-05T08:26:34,2024-03-05,734,10,Online,Credit Card,COUPONAA-0,10.71,AUD
995178,2024-03-05T23:23:34,2024-03-05,122,35,Online,PayPal,COUPONA0Z-,16.46,AUD
995238,2024-03-05T03:43:02,2024-03-05,146,45,Retail,PayPal,COUPONAAA-,9.78,AUD
995303,2024-03-05T09:33:01,2024-03-05,544,32,Online,PayPal,COUPON-ZA-,4.74,AUD
995378,2024-03-05T11:05:29,2024-03-05,405,5,Online,Credit Card,COUPON9909,18.36,AUD
995587,2024-03-05T05:59:37,2024-03-05,609,11,Online,Afterpay,COUPONAAA9,6.67,AUD
995592,2024-03-05T20:19:56,2024-03-05,659,5,Retail,PayPal,COUPONZ9Z-,19.94,AUD
995722,2024-03-05T17:54:07,2024-03-05,169,13,Retail,Afterpay,COUPONA000,1.82,AUD
995781,2024-03-05T12:19:29,2024-03-05,50,7,Online,Credit Card,COUPON--9-,9.4,AUD
995794,2024-03-05T01:04:01,2024-03-05,795,15,Online,Afterpay,COUPON09A-,10.28,AUD
995886,2024-03-05T10:49:17,2024-03-05,67,32,Retail,Afterpay,COUPON0009,18.06,AUD
995892,2024-03-05T10:38:35,2024-03-05,692,1,Online,PayPal,COUPON-9--,14.39,AUD
995962,2024-03-05T15:07:49,2024-03-05,448,39,Online,Credit Card,COUPON--9-,3.03,AUD
995977,2024-03-05T21:16:43,2024-03-05,624,36,Online,PayPal,COUPON99--,15.9,AUD
996219,2024-03-05T06:14:53,2024-03-05,748,48,Retail,Afterpay,COUPON9---,12.88,AUD
996291,2024-03-05T01:31:22,2024-03-05,490,5,Online,PayPal,COUPONA99-,3.64,AUD
996351,2024-03-05T12:58:41,2024-03-05,93,21,Online,Credit Card,COUPONA-ZA,16.22,AUD
996486,2024-03-05T17:59:43,2024-03-05,63,44,Retail,Credit Card,COUPON9ZZ9,9.24,AUD
996548,2024-03-05T22:32:49,2024-03-05,49,14,Retail,PayPal,COUPONZ--Z,4.81,AUD
996856,2024-03-05T23:24:09,2024-03-05,613,46,Online,Credit Card,COUPONZ9Z-,10.56,AUD
996997,2024-03-05T10:26:34,2024-03-05,509,31,Retail,Credit Card,COUPON-99Z,2.77,AUD
997129,2024-03-05T18:29:14,2024-03-05,312,25,Retail,Afterpay,COUPON0A-Z,15.74,AUD
997349,2024-03-05T00:54:39,2024-03-05,544,42,Retail,PayPal,COUPON9---,17.97,AUD
997661,2024-03-05T00:42:26,2024-03-05,416,5,Retail,PayPal,COUPONAZZZ,1.36,AUD
997674,2024-03-05T09:17:05,2024-03-05,372,27,Online,PayPal,COUPON9-ZZ,7.5,AUD
997688,2024-03-05T04:41:48,2024-03-05,139,42,Online,PayPal,COUPON9AA0,17.67,AUD
997730,2024-03-05T17:51:25,2024-03-05,574,15,Online,Credit Card,COUPON--9-,13.24,AUD
997750,2024-03-05T17:11:31,2024-03-05,725,50,Online,Credit Card,COUPON-A0Z,9.14,AUD
997754,2024-03-05T19:41:35,2024-03-05,287,43,Online,PayPal,COUPON0---,8.77,AUD
997852,2024-03-05T21:28:59,2024-03-05,327,44,Online,PayPal,COUPONA9A0,2.72,AUD
998031,2024-03-05T03:19:56,2024-03-05,516,40,Retail,PayPal,COUPON9Z90,19.95,AUD
998035,2024-03-05T22:55:17,2024-03-05,343,35,Retail,Credit Card,COUPON099-,11.37,AUD
998345,2024-03-05T20:37:37,2024-03-05,142,10,Retail,Afterpay,COUPON9---,16.72,AUD
998346,2024-03-05T01:41:21,2024-03-05,455,46,Retail,Afterpay,COUPON9--A,14.86,AUD
998375,2024-03-05T12:00:12,2024-03-05,798,7,Online,Credit Card,COUPONZAA9,17.77,AUD
998457,2024-03-05T19:03:56,2024-03-05,363,45,Retail,Afterpay,COUPON-9Z-,8.66,AUD
998459,2024-03-05T01:43:39,2024-03-05,354,13,Retail,Credit Card,COUPON-09A,18.38,AUD
998482,2024-03-05T23:24:06,2024-03-05,315,26,Online,Credit Card,COUPON-A--,13.1,AUD
998489,2024-03-05T15:26:00,2024-03-05,338,41,Retail,PayPal,COUPON-ZZA,8.19,AUD
998490,2024-03-05T22:54:15,2024-03-05,243,7,Retail,Credit Card,COUPONA--A,17.62,AUD
998650,2024-03-05T16:32:46,2024-03-05,167,38,Retail,Afterpay,COUPON-Z90,14.12,AUD
998673,2024-03-05T16:17:59,2024-03-05,249,6,Online,PayPal,COUPON----,17.19,AUD
998678,2024-03-05T13:14:47,2024-03-05,338,34,Online,Credit Card,COUPONAA-0,1.14,AUD
998784,2024-03-05T08:25:41,2024-03-05,587,23,Online,Afterpay,COUPON-90A,18.65,AUD
999048,2024-03-05T03:15:10,2024-03-05,487,20,Retail,PayPal,COUPON--AZ,15.56,AUD
999112,2024-03-05T11:04:31,2024-03-05,330,31,Retail,PayPal,COUPONA099,12.51,AUD
999139,2024-03-05T21:28:55,2024-03-05,227,38,Online,Afterpay,COUPON-0-Z,5.46,AUD
999300,2024-03-05T13:51:49,2024-03-05,711,5,Retail,Credit Card,COUPONAZ-Z,1.25,AUD
999337,2024-03-05T05:32:27,2024-03-05,626,14,Retail,Credit Card,COUPONZ9-Z,4.19,AUD
999391,2024-03-05T10:32:21,2024-03-05,576,50,Retail,Credit Card,COUPON0Z0Z,12.27,AUD
999607,2024-03-05T01:47:04,2024-03-05,663,25,Retail,Afterpay,COUPON-0AZ,1.83,AUD
999666,2024-03-05T08:23:09,2024-03-05,400,7,Online,Credit Card,COUPONA-A-,18.8,AUD
999755,2024-03-05T06:16:08,2024-03-05,70,47,Online,PayPal,COUPON0099,8.37,AUD
999824,2024-03-05T14:53:02,2024-03-05,563,29,Retail,Afterpay,COUPONAZ-9,11.61,AUD
999904,2024-03-05T19:34:41,2024-03-05,128,38,Retail,Credit Card,COUPONAA0Z,13.23,AUD
